setting,delta,valid_cov,mu1,mu2,cov11,cov12,cov22,pval,pval_base,ks_p_prop,ks_p_base,cvm_p_prop,cvm_p_base,ad_p_prop,ad_p_base,ks_u_stat_prop,ks_u_stat_base,ks_u_p_prop,ks_u_p_base,mmd_u_prop,mmd_u_base,wass_u_prop,wass_u_base,ks_p_prop_mean,ks_p_base_mean,ks_p_prop_std,ks_p_base_std,cvm_p_prop_mean,cvm_p_base_mean,cvm_p_prop_std,cvm_p_base_std,ad_p_prop_mean,ad_p_base_mean,ad_p_prop_std,ad_p_base_std,ks_u_stat_prop_mean,ks_u_stat_base_mean,ks_u_stat_prop_std,ks_u_stat_base_std,mmd_u_prop_mean,mmd_u_base_mean,mmd_u_prop_std,mmd_u_base_std,wass_u_prop_mean,wass_u_base_mean,wass_u_prop_std,wass_u_base_std
df1,0.0,1.0,0.0,0.0,1.0,0.0,1.0,"[0.74453538 0.3490397  0.39108739 0.3490397  0.98957839 0.21173982
 0.31007573 0.74453538 0.27423335 0.8633028  0.63886042 0.24148215
 0.74453538 0.81875363 0.91946676 0.96996014 0.58582128 0.90235528
 0.61225166 0.27423335 0.91946676 0.39108739 0.16077182 0.93482727
 0.77002924 0.01346465 0.99328163 0.22624166 0.91946676 0.84163603
 0.96007647 0.02410401 0.53390728 0.94837208 0.48382277 0.93482727
 0.00652148 0.63886042 0.69212796 0.1200888  0.53390728 0.63886042
 0.16077182 0.04953464 0.77002924 0.8633028  0.50859953 0.69212796
 0.77002924 0.25747545]","[0.90235528 0.99328163 0.16077182 0.29176485 0.69212796 0.69212796
 0.17249627 0.25747545 0.07520917 0.74453538 0.88359176 0.29176485
 0.39108739 0.39108739 0.19796045 0.77002924 0.19796045 0.81875363
 0.79482654 0.58582128 0.43609338 0.77002924 0.08825991 0.21173982
 0.96007647 0.00167865 0.139232   0.50859953 0.22624166 0.69212796
 0.99328163 0.90235528 0.66552932 0.41323244 0.96996014 0.88359176
 0.00167865 0.10315938 0.69212796 0.27423335 0.77002924 0.3490397
 0.43609338 0.79482654 0.61225166 0.74453538 0.3490397  0.11135888
 0.74453538 0.31007573]","[0.74453538 0.3490397  0.39108739 0.3490397  0.98957839 0.21173982
 0.31007573 0.74453538 0.27423335 0.8633028  0.63886042 0.24148215
 0.74453538 0.81875363 0.91946676 0.96996014 0.58582128 0.90235528
 0.61225166 0.27423335 0.91946676 0.39108739 0.16077182 0.93482727
 0.77002924 0.01346465 0.99328163 0.22624166 0.91946676 0.84163603
 0.96007647 0.02410401 0.53390728 0.94837208 0.48382277 0.93482727
 0.00652148 0.63886042 0.69212796 0.1200888  0.53390728 0.63886042
 0.16077182 0.04953464 0.77002924 0.8633028  0.50859953 0.69212796
 0.77002924 0.25747545]","[0.90235528 0.99328163 0.16077182 0.29176485 0.69212796 0.69212796
 0.17249627 0.25747545 0.07520917 0.74453538 0.88359176 0.29176485
 0.39108739 0.39108739 0.19796045 0.77002924 0.19796045 0.81875363
 0.79482654 0.58582128 0.43609338 0.77002924 0.08825991 0.21173982
 0.96007647 0.00167865 0.139232   0.50859953 0.22624166 0.69212796
 0.99328163 0.90235528 0.66552932 0.41323244 0.96996014 0.88359176
 0.00167865 0.10315938 0.69212796 0.27423335 0.77002924 0.3490397
 0.43609338 0.79482654 0.61225166 0.74453538 0.3490397  0.11135888
 0.74453538 0.31007573]","[0.84342699 0.36803329 0.28218382 0.32836751 0.98543832 0.3427381
 0.2095131  0.66086329 0.2909621  0.94818649 0.64320025 0.08361265
 0.71677792 0.85998992 0.95316498 0.91657007 0.40201109 0.85610154
 0.73237468 0.52004929 0.92094887 0.28582481 0.23228125 0.97167182
 0.84234896 0.0157299  0.98181469 0.25657838 0.75269821 0.74460982
 0.95747954 0.04823163 0.59141326 0.93503094 0.35693721 0.91686331
 0.0041008  0.59245389 0.70212729 0.05340331 0.65556652 0.78698051
 0.14605172 0.11208285 0.7001184  0.93070424 0.35496473 0.61933442
 0.75043235 0.29811072]","[0.85403109 0.97802288 0.34929375 0.29864961 0.6245545  0.80230952
 0.05985809 0.20749043 0.06419824 0.59939776 0.85203097 0.26056607
 0.30174886 0.52462369 0.44510487 0.67574249 0.16011684 0.74889153
 0.78066304 0.71849101 0.3355843  0.59878424 0.05720594 0.2124814
 0.95497935 0.00841868 0.21396334 0.70822172 0.52144106 0.59923952
 0.98624381 0.66092993 0.6751972  0.41846059 0.96655225 0.84096177
 0.0033134  0.10633213 0.57666364 0.21918888 0.54173383 0.50793952
 0.38216376 0.72968982 0.42186515 0.66082164 0.32816    0.09930726
 0.76443876 0.37698764]","[2.50000000e-03 2.50000000e-03 2.27698098e-03 2.50000000e-03
 2.50000000e-03 2.50000000e-03 1.29975927e-03 2.50000000e-03
 2.50000000e-03 2.50000000e-03 2.50000000e-03 8.02987749e-04
 2.50000000e-03 2.50000000e-03 2.50000000e-03 2.50000000e-03
 2.50000000e-03 2.50000000e-03 2.50000000e-03 2.50000000e-03
 2.50000000e-03 2.50000000e-03 2.05438366e-03 2.50000000e-03
 2.50000000e-03 1.73245505e-04 2.50000000e-03 2.50000000e-03
 2.50000000e-03 2.50000000e-03 2.50000000e-03 5.22387483e-04
 2.50000000e-03 2.50000000e-03 2.50000000e-03 2.50000000e-03
 6.23081580e-05 2.50000000e-03 2.50000000e-03 7.66434540e-04
 2.50000000e-03 2.50000000e-03 1.45298530e-03 1.12786429e-03
 2.50000000e-03 2.50000000e-03 2.50000000e-03 2.50000000e-03
 2.50000000e-03 2.50000000e-03]","[2.50000000e-03 2.50000000e-03 2.50000000e-03 2.50000000e-03
 2.50000000e-03 2.50000000e-03 4.76624153e-04 2.34020282e-03
 6.24593756e-04 2.50000000e-03 2.50000000e-03 1.87684932e-03
 1.92809352e-03 2.50000000e-03 2.50000000e-03 2.50000000e-03
 1.25532088e-03 2.50000000e-03 2.50000000e-03 2.50000000e-03
 2.50000000e-03 2.50000000e-03 5.33182977e-04 2.50000000e-03
 2.50000000e-03 8.72096507e-05 2.50000000e-03 2.50000000e-03
 2.50000000e-03 2.50000000e-03 2.50000000e-03 2.50000000e-03
 2.50000000e-03 2.50000000e-03 2.50000000e-03 2.50000000e-03
 6.86465233e-05 1.52483544e-03 2.50000000e-03 2.50000000e-03
 2.50000000e-03 2.50000000e-03 2.50000000e-03 2.50000000e-03
 2.50000000e-03 2.50000000e-03 2.50000000e-03 1.37823662e-03
 2.50000000e-03 2.50000000e-03]","[0.03727798 0.03802716 0.04246625 0.04092835 0.04291573 0.03783483
 0.04036726 0.03551203 0.0361374  0.04067226 0.03576166 0.04458614
 0.03932148 0.03899291 0.0411286  0.03543062 0.03835032 0.03300155
 0.03781677 0.03624502 0.04169581 0.04695491 0.03215022 0.03904045
 0.03568759 0.03438751 0.03036062 0.04458127 0.0400804  0.03504512
 0.03885189 0.04093625 0.03722974 0.03658644 0.04525802 0.03966228
 0.03461374 0.03357414 0.03197746 0.0511571  0.04027789 0.04093582
 0.0354502  0.04089853 0.03435377 0.03637864 0.04082031 0.04108295
 0.03443047 0.03907799]","[0.07278763 0.05034407 0.06084845 0.0635014  0.06429841 0.06108073
 0.06923504 0.05441477 0.0541964  0.05655391 0.05971837 0.07316322
 0.05730497 0.05912313 0.05795561 0.04180967 0.05222289 0.04607248
 0.05897785 0.0412799  0.0485438  0.05783381 0.04465193 0.0709034
 0.06190659 0.03577247 0.02844237 0.05992561 0.05814381 0.05054163
 0.04198014 0.04167378 0.06152948 0.05401598 0.05004643 0.06135543
 0.03613769 0.05072543 0.03768116 0.07345496 0.0561187  0.05580233
 0.04383941 0.0433683  0.05079646 0.04035897 0.05952239 0.04993769
 0.05992266 0.04461309]","[7.51087007e-03 5.98983096e-03 1.42897530e-03 2.39009372e-03
 1.22512180e-03 6.35082501e-03 2.86990117e-03 1.25779862e-02
 1.05088706e-02 2.59904954e-03 1.17116245e-02 6.81698461e-04
 4.00892463e-03 4.44477347e-03 2.23765951e-03 1.28727906e-02
 5.42526537e-03 2.50760821e-02 6.38573801e-03 1.01855926e-02
 1.85338284e-03 2.85697452e-04 3.13251536e-02 4.37911814e-03
 1.19628988e-02 1.72402779e-02 4.90690510e-02 6.82887599e-04
 3.14821134e-03 1.43549505e-02 4.64484633e-03 2.38390196e-03
 7.61992658e-03 9.21870287e-03 5.35119810e-04 3.59866415e-03
 1.61938678e-02 2.15202195e-02 3.27488358e-02 5.46745043e-05
 2.95406889e-03 2.38424392e-03 1.28013269e-02 2.41359808e-03
 1.74014550e-02 9.79674528e-03 2.47627465e-03 2.27159666e-03
 1.70370225e-02 4.32791692e-03]","[1.16531752e-09 7.61252129e-05 7.02824132e-07 1.87097204e-07
 1.24333388e-07 6.27340979e-07 8.82759570e-09 1.37631543e-05
 1.51367299e-05 5.31140394e-06 1.21401192e-06 9.35170420e-10
 3.76911047e-06 1.61235929e-06 2.78994139e-06 1.78404255e-03
 3.51451357e-05 3.97090560e-04 1.72723868e-06 2.12850914e-03
 1.55458340e-04 2.95231957e-06 6.65835661e-04 3.45428925e-09
 4.17386585e-07 1.16753655e-02 7.71525609e-02 1.09906614e-06
 2.55582490e-06 7.02766564e-05 1.68470761e-03 1.86708776e-03
 5.03085502e-07 1.63696894e-05 8.58171863e-05 5.48156310e-07
 1.05079851e-02 6.52215012e-05 6.65341221e-03 7.87642295e-10
 6.46593541e-06 7.45269359e-06 8.88386176e-04 1.04752116e-03
 6.33622803e-05 2.87761794e-03 1.33332341e-06 8.96421467e-05
 1.10062967e-06 6.75159014e-04]","[ 3.83973122e-04  7.49826431e-05  5.83171844e-04  1.04069710e-04
  1.64508820e-04 -9.05990601e-06  7.23123550e-04  5.04136086e-04
  2.57730484e-04  1.54495239e-04  7.47442245e-05  2.00664997e-03
  2.35676765e-04  1.68681145e-04  4.75406647e-04 -1.02877617e-04
  2.79664993e-04  3.43441963e-04  2.42710114e-04 -1.00970268e-04
  6.04987144e-04  9.73701477e-04  8.51154327e-05  2.06232071e-04
  7.64250755e-04 -8.08238983e-05  5.51939011e-05  7.96318054e-04
  5.56707382e-04  1.10745430e-04  1.78337097e-04 -4.47034836e-05
  4.52637672e-04 -1.94311142e-05  8.95261765e-05 -5.73396683e-05
 -4.27961349e-05  4.29153442e-05 -4.27961349e-05  1.26254559e-03
  5.92350960e-04  5.22851944e-04 -8.69035721e-05  2.95162201e-04
  9.01222229e-05  3.41653824e-04 -7.59363174e-05  5.19037247e-04
  4.91380692e-04  3.56435776e-05]","[ 0.00323057  0.00153124  0.00203896  0.00155437  0.00218093  0.00160778
  0.00396311  0.00207293  0.00193071  0.00103402  0.00180137  0.00473499
  0.0017463   0.0024488   0.00216663  0.000301    0.00196016  0.00113797
  0.00143552  0.00049281  0.00173497  0.00258577  0.00081503  0.00232065
  0.00252306  0.00042355  0.00097919  0.00231051  0.00191367  0.00034976
  0.00172555  0.0006727   0.00236428  0.00101018  0.00107992  0.00131047
  0.00068367  0.00111568  0.0006249   0.00364017  0.00241172  0.0022887
  0.0011065   0.00139749  0.00183201 -0.00010312  0.00156856  0.00151396
  0.00228298  0.00099051]","[0.02202522 0.01571596 0.02319373 0.01638461 0.017758   0.01388891
 0.02523328 0.02325863 0.01930826 0.01703147 0.01521906 0.0372029
 0.01874897 0.0175896  0.02277134 0.01191784 0.01959562 0.02064495
 0.01930688 0.0087716  0.02415656 0.02662043 0.01183245 0.01752915
 0.02425773 0.00880509 0.01533961 0.02575141 0.02360387 0.01412672
 0.0168916  0.01550829 0.02251309 0.01305854 0.01391169 0.0131137
 0.01425551 0.01251759 0.01382896 0.03204808 0.02450926 0.02353452
 0.01264455 0.02010752 0.01629419 0.01996285 0.01220099 0.02369396
 0.02229609 0.01425393]","[0.04674663 0.03402663 0.03724676 0.03539981 0.03983537 0.0348572
 0.05066685 0.03913973 0.03553135 0.02433624 0.03465365 0.05546625
 0.03540237 0.03998836 0.04043175 0.01834232 0.03640327 0.0291895
 0.03355068 0.02107536 0.0362845  0.04185094 0.02215651 0.03800415
 0.03735047 0.02127922 0.02872452 0.0389246  0.03850869 0.01693582
 0.03458136 0.02377486 0.04112481 0.02783421 0.02968971 0.03073844
 0.02355447 0.02859705 0.02320011 0.04780689 0.04028455 0.04026204
 0.02824859 0.03315453 0.03581507 0.00921945 0.03519743 0.0341619
 0.04132206 0.02822176]",0.5738501565665722,0.5092008568448685,0.31041835551226915,0.30530725869725933,0.5692091947273175,0.4956611160674451,0.3148952502061445,0.28415362018124896,0.0022107867386221888,0.002191875913465759,0.0006645214471389816,0.0006845978408658478,0.038526236879825586,0.053688695485591895,0.004049740828409645,0.010366130340370422,0.0003036189079284668,0.0016968631744384765,0.00039208371667698473,0.000943945712567889,0.018694695156163836,0.03358197571935675,0.005733278446561666,0.008840190279081148
df1,0.04,1.0,0.0,0.0,0.96,0.0,1.0,"[0.3490397  0.22624166 0.96007647 0.93482727 0.09546732 0.79482654
 0.69212796 0.58582128 0.93482727 0.32916807 0.31007573 0.99589898
 0.08151459 0.16077182 0.74453538 0.88359176 0.79482654 0.77002924
 0.48382277 0.50859953 0.24148215 0.32916807 0.88359176 0.48382277
 0.84163603 0.55967522 0.29176485 0.3490397  0.77002924 0.3490397
 0.90235528 0.31007573 0.77002924 0.24148215 0.43609338 0.32916807
 0.27423335 0.00212592 0.71851426 0.25747545 0.21173982 0.3490397
 0.98457739 0.41323244 0.74453538 0.69212796 0.41323244 0.32916807
 0.8633028  0.77002924]","[0.91946676 0.16077182 0.93482727 0.63886042 0.14969106 0.71851426
 0.81875363 0.81875363 0.29176485 0.21173982 0.66552932 0.0416213
 0.41323244 0.50859953 0.61225166 0.50859953 0.69212796 0.8633028
 0.22624166 0.1200888  0.61225166 0.77002924 0.55967522 0.41323244
 0.45963725 0.90235528 0.53390728 0.91946676 0.91946676 0.98457739
 0.139232   0.07520917 0.21173982 0.10315938 0.61225166 0.8633028
 0.32916807 0.00585634 0.79482654 0.61225166 0.03181713 0.61225166
 0.61225166 0.29176485 0.66552932 0.18488568 0.39108739 0.50859953
 0.90235528 0.27423335]","[0.3490397  0.22624166 0.96007647 0.93482727 0.09546732 0.79482654
 0.69212796 0.58582128 0.93482727 0.32916807 0.31007573 0.99589898
 0.08151459 0.16077182 0.74453538 0.88359176 0.79482654 0.77002924
 0.48382277 0.50859953 0.24148215 0.32916807 0.88359176 0.48382277
 0.84163603 0.55967522 0.29176485 0.3490397  0.77002924 0.3490397
 0.90235528 0.31007573 0.77002924 0.24148215 0.43609338 0.32916807
 0.27423335 0.00212592 0.71851426 0.25747545 0.21173982 0.3490397
 0.98457739 0.41323244 0.74453538 0.69212796 0.41323244 0.32916807
 0.8633028  0.77002924]","[0.91946676 0.16077182 0.93482727 0.63886042 0.14969106 0.71851426
 0.81875363 0.81875363 0.29176485 0.21173982 0.66552932 0.0416213
 0.41323244 0.50859953 0.61225166 0.50859953 0.69212796 0.8633028
 0.22624166 0.1200888  0.61225166 0.77002924 0.55967522 0.41323244
 0.45963725 0.90235528 0.53390728 0.91946676 0.91946676 0.98457739
 0.139232   0.07520917 0.21173982 0.10315938 0.61225166 0.8633028
 0.32916807 0.00585634 0.79482654 0.61225166 0.03181713 0.61225166
 0.61225166 0.29176485 0.66552932 0.18488568 0.39108739 0.50859953
 0.90235528 0.27423335]","[0.71697427 0.26441038 0.97476669 0.94886068 0.09886401 0.72006235
 0.68604651 0.41547581 0.8381656  0.25595175 0.66470116 0.98623376
 0.07524495 0.1055968  0.78611844 0.91240421 0.70735811 0.60294218
 0.37531245 0.42608728 0.30567733 0.22589752 0.95799507 0.56401982
 0.70817125 0.56472353 0.19520684 0.35439679 0.69552474 0.39233238
 0.82222674 0.13479302 0.92204753 0.32414695 0.50798996 0.62039383
 0.30107204 0.00199007 0.82834806 0.45302596 0.10078241 0.38178268
 0.97610274 0.33088257 0.79380078 0.65113945 0.42039791 0.5653975
 0.91683289 0.75081267]","[0.93704745 0.25311923 0.9376499  0.57270009 0.07607747 0.83611753
 0.6082882  0.6792662  0.42179115 0.25534883 0.67771163 0.03836137
 0.31880248 0.4032123  0.47819124 0.69510797 0.78700713 0.80937093
 0.23651816 0.15028604 0.69160888 0.60643388 0.51705228 0.46393313
 0.48693586 0.84780127 0.51080697 0.87385958 0.84289216 0.98690419
 0.13128152 0.10447444 0.32387377 0.10406609 0.60106653 0.83427451
 0.24914003 0.00365933 0.6836266  0.7492308  0.04013997 0.65232117
 0.73721795 0.28918063 0.6334715  0.52446636 0.68659516 0.3272118
 0.91934213 0.57980992]","[2.50000000e-03 2.18290751e-03 2.50000000e-03 2.50000000e-03
 1.17674475e-03 2.50000000e-03 2.50000000e-03 2.50000000e-03
 2.50000000e-03 2.20259754e-03 2.50000000e-03 2.50000000e-03
 8.11190346e-04 8.42716974e-04 2.50000000e-03 2.50000000e-03
 2.50000000e-03 2.50000000e-03 2.50000000e-03 2.50000000e-03
 2.50000000e-03 2.50000000e-03 2.50000000e-03 2.50000000e-03
 2.50000000e-03 2.50000000e-03 2.04412641e-03 2.50000000e-03
 2.50000000e-03 2.50000000e-03 2.50000000e-03 1.66128235e-03
 2.50000000e-03 2.50000000e-03 2.50000000e-03 2.50000000e-03
 2.36369800e-03 3.13127459e-05 2.50000000e-03 2.50000000e-03
 9.64436855e-04 2.50000000e-03 2.50000000e-03 2.50000000e-03
 2.50000000e-03 2.50000000e-03 2.50000000e-03 2.50000000e-03
 2.50000000e-03 2.50000000e-03]","[2.50000000e-03 2.35747694e-03 2.50000000e-03 2.50000000e-03
 7.19975037e-04 2.50000000e-03 2.50000000e-03 2.50000000e-03
 2.50000000e-03 1.49042834e-03 2.50000000e-03 4.89959102e-04
 2.50000000e-03 2.50000000e-03 2.50000000e-03 2.50000000e-03
 2.50000000e-03 2.50000000e-03 2.50000000e-03 2.02328440e-03
 2.50000000e-03 2.50000000e-03 2.50000000e-03 2.50000000e-03
 2.50000000e-03 2.50000000e-03 2.50000000e-03 2.50000000e-03
 2.50000000e-03 2.50000000e-03 1.20612907e-03 1.28579414e-03
 2.50000000e-03 1.59417152e-03 2.50000000e-03 2.50000000e-03
 2.50000000e-03 5.83580421e-05 2.50000000e-03 2.50000000e-03
 1.97136384e-04 2.50000000e-03 2.50000000e-03 2.50000000e-03
 2.50000000e-03 2.50000000e-03 2.50000000e-03 2.50000000e-03
 2.50000000e-03 2.50000000e-03]","[0.04421236 0.03851898 0.03973763 0.04688237 0.03380912 0.03786684
 0.03873096 0.04279738 0.04192481 0.04738106 0.03935304 0.0411197
 0.0485725  0.03969622 0.04338785 0.04237236 0.04103273 0.04004353
 0.04121419 0.03973198 0.03778081 0.04175265 0.03514858 0.04022145
 0.04108514 0.04088184 0.03684929 0.04103436 0.03968323 0.03959357
 0.04581441 0.04510274 0.03577122 0.03892308 0.03712696 0.03613136
 0.03107031 0.04105175 0.03600664 0.04393024 0.05146624 0.04214049
 0.03830059 0.04482497 0.04036225 0.03961793 0.03776021 0.0386149
 0.04102139 0.03415474]","[0.0687507  0.05151574 0.06394657 0.0650023  0.0657884  0.05353702
 0.04474449 0.06736496 0.05296321 0.05217299 0.04430869 0.03490921
 0.05636295 0.0479663  0.04481468 0.07415767 0.06017872 0.06954228
 0.04372931 0.05636002 0.06407334 0.06176937 0.0457287  0.05575245
 0.0519481  0.07010737 0.06802777 0.05241264 0.05575944 0.04660378
 0.05837853 0.05586304 0.0559492  0.06678912 0.06639036 0.05930022
 0.04998205 0.03885996 0.05644449 0.05696603 0.08797288 0.04531306
 0.05411649 0.07598221 0.04751229 0.05094226 0.05340957 0.06452954
 0.05015167 0.05429996]","[7.78762296e-04 5.15036548e-03 3.51333349e-03 2.93604498e-04
 2.01958455e-02 6.28939913e-03 4.82295037e-03 1.27599211e-03
 1.71637253e-03 2.43155935e-04 3.96920015e-03 2.24423901e-03
 1.53730137e-04 3.55999824e-03 1.04042076e-03 1.47536025e-03
 2.30948118e-03 3.18573691e-03 2.17529636e-03 3.51967250e-03
 6.45573781e-03 1.81845807e-03 1.39428009e-02 3.00839636e-03
 2.26995723e-03 2.42684596e-03 8.53189604e-03 2.30823860e-03
 3.57475119e-03 3.67812362e-03 4.36709260e-04 5.66097839e-04
 1.16795470e-02 4.54282633e-03 7.85712161e-03 1.05272857e-02
 4.11950387e-02 2.29506161e-03 1.09141379e-02 8.60432360e-04
 4.81422481e-05 1.59599308e-03 5.50884411e-03 6.25746725e-04
 2.87456305e-03 3.64977429e-03 6.49615576e-03 4.99977178e-03
 2.31811232e-03 1.83797479e-02]","[1.15429399e-08 4.71679015e-05 1.49008207e-07 8.62976913e-08
 5.71272706e-08 2.01266901e-05 6.44101490e-04 2.46052703e-08
 2.57171623e-05 3.58871639e-05 7.52579589e-04 1.49129725e-02
 5.79123167e-06 1.94398137e-04 6.28067018e-04 5.19410316e-10
 9.72889424e-07 7.43933264e-09 9.23410647e-04 5.79890876e-06
 1.39614808e-07 4.46794179e-07 4.50671275e-04 7.62090715e-06
 3.94208472e-05 5.41996852e-09 1.71648498e-08 3.24550118e-05
 7.59711195e-06 3.25932336e-04 2.29025447e-06 7.25275007e-06
 6.97785285e-06 3.35467006e-08 4.15137767e-08 1.48226399e-06
 8.80626671e-05 4.63316839e-03 5.58145275e-06 4.40260187e-06
 6.44712596e-14 5.24527588e-04 1.56714225e-05 1.72965419e-10
 2.31310493e-04 5.97025414e-05 2.12576761e-05 1.10332675e-07
 8.22636151e-05 1.44696690e-05]","[ 2.76803970e-04  1.01244450e-03  1.60479546e-03  7.88092613e-04
  2.59637833e-04  7.53641129e-04  7.29203224e-04  1.28149986e-03
  5.04970551e-04  3.21865082e-05  1.10268593e-04  4.58121300e-04
  6.55651093e-05  2.33650208e-05  4.08887863e-04  6.64472580e-04
  3.34978104e-05  7.47442245e-05  4.28915024e-04  3.03387642e-04
  1.01625919e-03  1.47926807e-03  1.79886818e-04  6.52670860e-04
  5.53131104e-05  2.54392624e-04  7.38978386e-04  2.13980675e-04
  1.25169754e-04  3.71098518e-04  5.71489334e-04 -1.04904175e-04
  2.70843506e-04 -1.75237656e-05  2.66671181e-04  1.37805939e-04
  3.46660614e-04  5.84244728e-04  5.36322594e-04  3.96132469e-04
  2.47216225e-03  5.47409058e-04  2.14338303e-04  4.76360321e-04
  1.49965286e-04 -8.24928284e-05  2.62260437e-05  3.20672989e-04
 -1.08480453e-05 -1.19209290e-07]","[ 2.83360481e-03  2.34460831e-03  3.93188000e-03  2.98154354e-03
  1.94966793e-03  2.98190117e-03  1.83653831e-03  4.56225872e-03
  2.46930122e-03  8.79883766e-04  4.43458557e-05  3.61204147e-05
  1.72019005e-03  9.32455063e-04  1.98006630e-03  3.85189056e-03
  1.11293793e-03  2.25031376e-03  2.27236748e-03  1.98137760e-03
  3.13746929e-03  3.06749344e-03  1.20556355e-03  2.36773491e-03
  2.23517418e-04  2.18796730e-03  2.80427933e-03  1.24919415e-03
  1.16980076e-03  1.71792507e-03  1.53350830e-03  9.01460648e-04
  1.98376179e-03  1.62208080e-03  1.89340115e-03  1.84309483e-03
  1.84977055e-03 -7.85589218e-05  1.68800354e-03  1.92403793e-03
  6.57021999e-03  2.05481052e-03  9.75131989e-04  2.43258476e-03
  1.40559673e-03  1.14786625e-03  3.32117081e-04  2.31957436e-03
  1.18815899e-03  1.07204914e-03]","[0.01963565 0.02743452 0.03318943 0.02785779 0.01801026 0.02408015
 0.02507879 0.03324744 0.02189154 0.01265904 0.01462661 0.0201169
 0.0148497  0.01394399 0.02142633 0.02520735 0.01351714 0.01612226
 0.0225492  0.01999547 0.02820193 0.03365879 0.01699468 0.02433216
 0.01275921 0.01908864 0.02717359 0.01490975 0.01464722 0.01941741
 0.02164766 0.01075699 0.01993309 0.01278494 0.018425   0.01687412
 0.01795084 0.02252364 0.02004597 0.02233453 0.04053726 0.02370785
 0.01469074 0.02384265 0.01711546 0.01274352 0.01400561 0.02015536
 0.01328951 0.0123813 ]","[0.04140813 0.03773443 0.04792595 0.04542336 0.03533048 0.04313818
 0.03638845 0.05565604 0.04239602 0.02814981 0.01161665 0.01072337
 0.03597489 0.02967622 0.03792046 0.04699235 0.03004011 0.03829396
 0.04064331 0.03638814 0.04738645 0.04475761 0.03014142 0.03821801
 0.01610578 0.03872087 0.04248148 0.02874976 0.02957633 0.03523883
 0.02902535 0.02675351 0.03846437 0.03315671 0.0349705  0.03555689
 0.03126077 0.00846653 0.0312925  0.03401901 0.06224107 0.03561647
 0.0266296  0.03875908 0.03190217 0.02984451 0.01935976 0.03888717
 0.03110558 0.0282052 ]",0.5349575486430379,0.5122222209227922,0.2813338104911581,0.29255759913515555,0.5465897679342927,0.5234930747427888,0.2840551195190265,0.27819391977320285,0.002285620269526538,0.0022284542594545264,0.0005462852129959965,0.0006392346144726269,0.04043217851161957,0.05678904187917709,0.003852641090617294,0.010222812979447323,0.00044005870819091797,0.0019348573684692383,0.0004847916293917241,0.0011919347206976758,0.02024738029531306,0.03457427171302945,0.006453037855348587,0.010214764479256297
df1,0.08,1.0,0.0,0.0,0.92,0.0,1.0,"[3.10075730e-01 4.95346404e-02 2.11739817e-01 5.33907283e-01
 7.52091658e-02 1.49691056e-01 6.12251659e-01 4.36093382e-01
 9.54673207e-02 7.44535382e-01 7.44535382e-01 1.72496272e-01
 1.97960446e-01 6.92127962e-01 5.85821277e-01 7.70029237e-01
 1.97960446e-01 1.72496272e-01 2.57475452e-01 3.29168072e-01
 5.08599525e-01 3.29168072e-01 1.39231997e-01 3.10075730e-01
 8.63302804e-01 3.69683622e-01 9.84577388e-01 3.91087390e-01
 4.36093382e-01 6.12251659e-01 7.70029237e-01 1.03159376e-01
 7.52091658e-02 7.18514257e-01 7.52091658e-02 4.85152370e-04
 6.12251659e-01 5.59675216e-01 2.91764847e-01 4.59637254e-01
 1.84885683e-01 5.59675216e-01 8.15145929e-02 5.59675216e-01
 5.33907283e-01 2.11739817e-01 4.13232440e-01 5.33907283e-01
 7.94826541e-01 5.39576008e-02]","[0.39108739 0.02410401 0.24148215 0.79482654 0.1200888  0.17249627
 0.50859953 0.55967522 0.03181713 0.81875363 0.3490397  0.39108739
 0.06932183 0.27423335 0.69212796 0.93482727 0.25747545 0.03181713
 0.31007573 0.63886042 0.50859953 0.93482727 0.25747545 0.25747545
 0.45963725 0.84163603 0.79482654 0.71851426 0.61225166 0.22624166
 0.31007573 0.61225166 0.58582128 0.98957839 0.39108739 0.66552932
 0.43609338 0.71851426 0.58582128 0.01641475 0.43609338 0.48382277
 0.55967522 0.63886042 0.45963725 0.18488568 0.84163603 0.98957839
 0.99589898 0.10315938]","[3.10075730e-01 4.95346404e-02 2.11739817e-01 5.33907283e-01
 7.52091658e-02 1.49691056e-01 6.12251659e-01 4.36093382e-01
 9.54673207e-02 7.44535382e-01 7.44535382e-01 1.72496272e-01
 1.97960446e-01 6.92127962e-01 5.85821277e-01 7.70029237e-01
 1.97960446e-01 1.72496272e-01 2.57475452e-01 3.29168072e-01
 5.08599525e-01 3.29168072e-01 1.39231997e-01 3.10075730e-01
 8.63302804e-01 3.69683622e-01 9.84577388e-01 3.91087390e-01
 4.36093382e-01 6.12251659e-01 7.70029237e-01 1.03159376e-01
 7.52091658e-02 7.18514257e-01 7.52091658e-02 4.85152370e-04
 6.12251659e-01 5.59675216e-01 2.91764847e-01 4.59637254e-01
 1.84885683e-01 5.59675216e-01 8.15145929e-02 5.59675216e-01
 5.33907283e-01 2.11739817e-01 4.13232440e-01 5.33907283e-01
 7.94826541e-01 5.39576008e-02]","[0.39108739 0.02410401 0.24148215 0.79482654 0.1200888  0.17249627
 0.50859953 0.55967522 0.03181713 0.81875363 0.3490397  0.39108739
 0.06932183 0.27423335 0.69212796 0.93482727 0.25747545 0.03181713
 0.31007573 0.63886042 0.50859953 0.93482727 0.25747545 0.25747545
 0.45963725 0.84163603 0.79482654 0.71851426 0.61225166 0.22624166
 0.31007573 0.61225166 0.58582128 0.98957839 0.39108739 0.66552932
 0.43609338 0.71851426 0.58582128 0.01641475 0.43609338 0.48382277
 0.55967522 0.63886042 0.45963725 0.18488568 0.84163603 0.98957839
 0.99589898 0.10315938]","[0.514794   0.02385554 0.16515941 0.39094133 0.12586011 0.14420214
 0.48252198 0.33326931 0.13398691 0.7171197  0.64094571 0.12969749
 0.15037086 0.51392605 0.67184493 0.46250892 0.07653217 0.22726749
 0.23470951 0.46185881 0.28139766 0.27865969 0.08218421 0.19730298
 0.86733492 0.38866404 0.9740068  0.41070452 0.26439569 0.34826233
 0.74682951 0.06117444 0.09752518 0.57567867 0.05737975 0.00542932
 0.41819203 0.48836512 0.31038447 0.20223923 0.32184255 0.3857157
 0.04936489 0.39555472 0.30476154 0.13102956 0.30288262 0.62104193
 0.89965034 0.08421342]","[0.36669059 0.02328835 0.35826885 0.75375457 0.16959055 0.22942803
 0.45529607 0.40355814 0.0492092  0.55546926 0.45736814 0.36593015
 0.07702853 0.24744761 0.51750873 0.85036862 0.1740061  0.0520008
 0.47659882 0.41382869 0.49169814 0.83958193 0.14095282 0.35385301
 0.41879066 0.79138991 0.68486251 0.71537636 0.46202778 0.22789896
 0.48330332 0.42019399 0.6509095  0.88881837 0.26059577 0.45141909
 0.44880874 0.69891152 0.45213282 0.03550705 0.18604197 0.40226362
 0.43355688 0.4506216  0.38454636 0.21348409 0.81270836 0.9682703
 0.99374239 0.06321741]","[2.50000000e-03 3.42526750e-04 1.29922900e-03 2.50000000e-03
 9.45513181e-04 2.22431945e-03 2.50000000e-03 1.50891438e-03
 3.71677292e-04 2.50000000e-03 2.50000000e-03 1.02712199e-03
 9.03743036e-04 2.50000000e-03 2.50000000e-03 2.50000000e-03
 7.24272909e-04 1.91010165e-03 2.18568986e-03 2.50000000e-03
 1.94121197e-03 2.50000000e-03 3.13364993e-04 9.93166895e-04
 2.50000000e-03 2.50000000e-03 2.50000000e-03 2.50000000e-03
 2.13061778e-03 2.50000000e-03 2.50000000e-03 2.82288147e-04
 7.57414301e-04 2.50000000e-03 3.91735960e-04 4.64725441e-05
 1.60351081e-03 2.50000000e-03 2.50000000e-03 6.68988974e-04
 1.17797540e-03 2.50000000e-03 1.87003314e-04 2.50000000e-03
 2.20173593e-03 8.34176689e-04 2.50000000e-03 2.50000000e-03
 2.50000000e-03 7.18954046e-04]","[0.00183701 0.00035201 0.0025     0.0025     0.00182074 0.0025
 0.0025     0.00234458 0.00014206 0.0025     0.0025     0.0025
 0.00065696 0.00217615 0.0025     0.0025     0.00155985 0.00063924
 0.0025     0.0025     0.0025     0.0025     0.00131684 0.0025
 0.0025     0.0025     0.0025     0.0025     0.0025     0.00181887
 0.0025     0.0025     0.0025     0.0025     0.0025     0.0025
 0.0025     0.0025     0.0025     0.00028964 0.00073241 0.0025
 0.0025     0.0025     0.0025     0.00167954 0.0025     0.0025
 0.0025     0.00064519]","[0.04342887 0.04482497 0.04070602 0.0432405  0.04757046 0.04295852
 0.04874034 0.04725811 0.04828236 0.04224122 0.0449194  0.04635391
 0.05150065 0.04086807 0.04207253 0.03850378 0.0516555  0.04416732
 0.0427679  0.03733632 0.05033981 0.03925557 0.05645075 0.04698889
 0.03897806 0.04382501 0.05187716 0.03929895 0.04163901 0.04975586
 0.0424934  0.04742409 0.04818527 0.04582261 0.04526948 0.05153947
 0.04398299 0.0520079  0.04330721 0.04559143 0.04424144 0.04547214
 0.05068623 0.04144137 0.04588314 0.04776988 0.03962835 0.04249874
 0.03650104 0.03777999]","[0.06478329 0.02932758 0.07051922 0.05152589 0.04634499 0.05448202
 0.05004761 0.05133035 0.07101581 0.0340352  0.05758702 0.05466801
 0.07767082 0.05933749 0.0608449  0.05570076 0.06846054 0.06993692
 0.06133578 0.04947654 0.06326735 0.05119937 0.06601626 0.07600988
 0.04627169 0.05017203 0.05852722 0.05582972 0.04813582 0.06903677
 0.04218902 0.06419423 0.04772063 0.04521645 0.06380394 0.07051185
 0.0465117  0.0603057  0.04934886 0.06182861 0.06396795 0.05698657
 0.06265272 0.05555198 0.05909074 0.05049211 0.05479436 0.04439099
 0.045727   0.04881961]","[1.02566472e-03 6.25746456e-04 2.57057104e-03 1.09507124e-03
 2.26235625e-04 1.20719743e-03 1.43982635e-04 2.54772234e-04
 1.72070576e-04 1.54250329e-03 6.04837041e-04 3.57753050e-04
 4.74628187e-05 2.43783427e-03 1.63305030e-03 5.17459700e-03
 4.45173893e-05 7.91294639e-04 1.28896390e-03 7.38085566e-03
 7.62561219e-05 4.09306834e-03 5.56565616e-06 2.82063488e-04
 4.46545973e-03 8.92897738e-04 4.06028085e-05 4.03750767e-03
 1.88890458e-03 9.64020073e-05 1.41581511e-03 2.39209901e-04
 1.78657116e-04 4.35395527e-04 5.32898276e-04 4.67074695e-05
 8.44577334e-04 3.84501101e-05 1.07000372e-03 4.73907267e-04
 7.70768656e-04 4.95010672e-04 6.62698449e-05 2.01748521e-03
 4.25810456e-04 2.09626211e-04 3.63770512e-03 1.41324001e-03
 9.45240144e-03 6.45734892e-03]","[9.67228254e-08 6.28412489e-02 4.29591242e-09 4.69703596e-05
 3.58941356e-04 1.33647047e-05 8.57764639e-05 5.09164304e-05
 3.24006104e-09 1.89906786e-02 3.30968655e-06 1.23196058e-05
 6.10384710e-11 1.45620551e-06 7.04040798e-07 7.79905063e-06
 1.35425707e-08 5.96486675e-09 5.53484322e-07 1.07737239e-04
 2.10748462e-07 5.37339580e-05 5.06417456e-08 1.70069772e-10
 3.68848459e-04 8.15923925e-05 2.13600224e-06 7.36185261e-06
 1.82102279e-04 9.85419836e-09 1.57000942e-03 1.31193653e-07
 2.13617358e-04 5.43253319e-04 1.60308969e-07 4.31385421e-09
 3.37335187e-04 9.14972985e-07 1.13329643e-04 4.33862030e-07
 1.47381736e-07 4.36146349e-06 2.87483323e-07 8.33441131e-06
 1.63731536e-06 7.17011467e-05 1.16547950e-05 7.30865180e-04
 4.50951851e-04 1.39585456e-04]","[ 9.81092453e-04 -5.93662262e-05  3.26275826e-04  1.12414360e-04
  1.00529194e-03  3.36289406e-04  6.70075417e-04  3.38673592e-04
  2.71320343e-04  2.13861465e-04  8.68439674e-04  2.80857086e-04
  1.11794472e-03  1.14679337e-04  8.50558281e-04  3.50832939e-04
  6.65307045e-04  7.32064247e-04  3.26871872e-04 -1.18374825e-04
  1.91688538e-04  4.24385071e-05  7.29680061e-04  1.13379955e-03
  8.91327858e-04  9.01222229e-05  4.24385071e-04  8.95261765e-04
  3.20196152e-04  5.67913055e-04  4.80532646e-04  9.80734825e-04
  3.22222710e-04 -9.26256180e-05  5.36799431e-04  5.50746918e-04
  2.58326530e-04  7.80701637e-04  1.49726868e-04  4.38928604e-04
  3.23414803e-04  2.54750252e-04  4.20928001e-04  1.69992447e-04
  8.08238983e-04  5.90085983e-05  4.79698181e-04  4.41789627e-04
  1.54972076e-05  1.98125839e-04]","[0.00291705 0.00031328 0.00178349 0.00097072 0.00173044 0.00183737
 0.00203884 0.00103748 0.00196075 0.00058651 0.00214243 0.00137544
 0.004498   0.00133014 0.00214386 0.00181639 0.00143588 0.00307786
 0.0010314  0.00058198 0.00174069 0.00119042 0.00218952 0.00421524
 0.00230467 0.0005039  0.00213802 0.00240922 0.00112748 0.0018146
 0.00108588 0.00237703 0.0011704  0.00084436 0.00156105 0.00146925
 0.00108278 0.00201368 0.00051308 0.00157237 0.00245285 0.00179577
 0.00096714 0.00174177 0.00188279 0.00020456 0.00151563 0.00203073
 0.00107419 0.00127316]","[0.030775   0.00960166 0.01719715 0.01283674 0.02423934 0.02020387
 0.02576609 0.01722339 0.018605   0.01848838 0.02151744 0.01967096
 0.02981256 0.01241664 0.02673521 0.02025281 0.0235916  0.02360133
 0.018023   0.00927359 0.0161434  0.01384036 0.02418002 0.02950015
 0.02748473 0.01291049 0.02107269 0.02820898 0.01813424 0.02425964
 0.02000282 0.02740087 0.01803485 0.01199799 0.01887062 0.0228021
 0.0152616  0.02359961 0.01379072 0.01768581 0.0181758  0.01865564
 0.01821706 0.01688492 0.020653   0.01141161 0.0191458  0.02138172
 0.01350866 0.01766373]","[0.04416983 0.02072111 0.03160123 0.02651032 0.02925213 0.03359172
 0.03919082 0.02592181 0.03535714 0.02241022 0.03471971 0.03022925
 0.0530126  0.02802689 0.03528082 0.03233488 0.0272905  0.04364303
 0.02772671 0.02222229 0.03531206 0.03102595 0.03860576 0.0525079
 0.03983086 0.02085446 0.03968699 0.04075255 0.0278454  0.03598972
 0.02642606 0.03781934 0.02740331 0.02654554 0.02968245 0.0310478
 0.02695373 0.03716509 0.02016852 0.02752819 0.03917037 0.03538787
 0.02504716 0.03449194 0.03617419 0.01755358 0.03080608 0.03884163
 0.02929573 0.02696105]",0.397518096519582,0.48455433821500526,0.25639724702315103,0.28392111332395775,0.34307080417961494,0.4364425009597277,0.24180836318740798,0.2556990633075397,0.0017538345448194995,0.0021102217102642613,0.0008781973621508124,0.0007190957919221315,0.044906639571785936,0.05634003733634949,0.00445690007997052,0.010192001196019257,0.0004449892044067383,0.0016574311256408692,0.00033147315851173926,0.000850721505004624,0.01961422812485268,0.03220188553925503,0.005337889164347906,0.007619984449029067
df1,0.12,1.0,0.0,0.0,0.88,0.0,1.0,"[0.39108739 0.53390728 0.36968362 0.45963725 0.36968362 0.18488568
 0.09546732 0.1200888  0.66552932 0.29176485 0.55967522 0.18488568
 0.3490397  0.27423335 0.22624166 0.91946676 0.1200888  0.43609338
 0.29176485 0.04542867 0.43609338 0.24148215 0.53390728 0.16077182
 0.71851426 0.01993114 0.16077182 0.61225166 0.16077182 0.18488568
 0.74453538 0.02192948 0.04542867 0.74453538 0.91946676 0.11135888
 0.09546732 0.8633028  0.41323244 0.71851426 0.0416213  0.50859953
 0.61225166 0.18488568 0.66552932 0.41323244 0.36968362 0.36968362
 0.139232   0.71851426]","[0.09546732 0.1200888  0.48382277 0.69212796 0.17249627 0.66552932
 0.3490397  0.61225166 0.84163603 0.3490397  0.39108739 0.41323244
 0.36968362 0.14969106 0.18488568 0.88359176 0.16077182 0.25747545
 0.53390728 0.50859953 0.53390728 0.36968362 0.36968362 0.39108739
 0.22624166 0.01346465 0.45963725 0.63886042 0.12937218 0.19796045
 0.69212796 0.09546732 0.27423335 0.3490397  0.36968362 0.16077182
 0.10315938 0.45963725 0.96007647 0.96996014 0.61225166 0.48382277
 0.77002924 0.71851426 0.24148215 0.61225166 0.29176485 0.08151459
 0.74453538 0.48382277]","[0.39108739 0.53390728 0.36968362 0.45963725 0.36968362 0.18488568
 0.09546732 0.1200888  0.66552932 0.29176485 0.55967522 0.18488568
 0.3490397  0.27423335 0.22624166 0.91946676 0.1200888  0.43609338
 0.29176485 0.04542867 0.43609338 0.24148215 0.53390728 0.16077182
 0.71851426 0.01993114 0.16077182 0.61225166 0.16077182 0.18488568
 0.74453538 0.02192948 0.04542867 0.74453538 0.91946676 0.11135888
 0.09546732 0.8633028  0.41323244 0.71851426 0.0416213  0.50859953
 0.61225166 0.18488568 0.66552932 0.41323244 0.36968362 0.36968362
 0.139232   0.71851426]","[0.09546732 0.1200888  0.48382277 0.69212796 0.17249627 0.66552932
 0.3490397  0.61225166 0.84163603 0.3490397  0.39108739 0.41323244
 0.36968362 0.14969106 0.18488568 0.88359176 0.16077182 0.25747545
 0.53390728 0.50859953 0.53390728 0.36968362 0.36968362 0.39108739
 0.22624166 0.01346465 0.45963725 0.63886042 0.12937218 0.19796045
 0.69212796 0.09546732 0.27423335 0.3490397  0.36968362 0.16077182
 0.10315938 0.45963725 0.96007647 0.96996014 0.61225166 0.48382277
 0.77002924 0.71851426 0.24148215 0.61225166 0.29176485 0.08151459
 0.74453538 0.48382277]","[0.28879036 0.32327854 0.36456137 0.21090331 0.26988862 0.18193695
 0.16205967 0.13639129 0.70971333 0.25761863 0.76925768 0.19104914
 0.40449795 0.28535281 0.10592709 0.90056236 0.09749425 0.32617837
 0.33340466 0.09372465 0.22893948 0.3688443  0.4798562  0.10043195
 0.69178202 0.01648061 0.16648824 0.48171658 0.27572566 0.26457263
 0.51740378 0.05226672 0.0825463  0.72257346 0.84806701 0.11577123
 0.08277987 0.74969811 0.29456567 0.61151703 0.09062863 0.27470883
 0.49966531 0.14423464 0.50980296 0.47326484 0.30103618 0.45798575
 0.12170573 0.74454267]","[0.12035449 0.08949977 0.55578665 0.67790094 0.34101678 0.69611684
 0.25124098 0.50309124 0.80595229 0.18321108 0.30015223 0.60355894
 0.31455241 0.15729097 0.30132724 0.7893795  0.06703811 0.26961316
 0.530581   0.37695854 0.68965375 0.58481309 0.32159937 0.29212575
 0.28090566 0.04905801 0.49886101 0.58421682 0.17951559 0.22473662
 0.81213225 0.13664376 0.2326284  0.49485708 0.26714712 0.29800236
 0.17942771 0.21064983 0.9735391  0.97910821 0.46833784 0.40750252
 0.6054444  0.4170113  0.39894095 0.53370048 0.39486248 0.24255173
 0.65960246 0.2734462 ]","[1.46855851e-03 2.01751334e-03 2.14095250e-03 1.07223900e-03
 2.17884949e-03 1.22546675e-03 8.91418469e-04 7.56555833e-04
 2.50000000e-03 2.50000000e-03 2.50000000e-03 2.50000000e-03
 2.50000000e-03 2.50000000e-03 3.79137139e-04 2.50000000e-03
 2.04294612e-04 2.38210918e-03 2.50000000e-03 8.30219514e-04
 1.35648337e-03 2.50000000e-03 2.50000000e-03 5.06151117e-04
 2.50000000e-03 5.78273270e-05 9.97348910e-04 2.50000000e-03
 1.06420812e-03 1.28788035e-03 2.50000000e-03 3.01038010e-04
 4.59102316e-04 2.50000000e-03 2.50000000e-03 7.99110343e-04
 6.61918120e-04 2.50000000e-03 1.50432368e-03 2.50000000e-03
 3.19152180e-04 1.78127947e-03 2.50000000e-03 8.39184856e-04
 2.44764538e-03 2.50000000e-03 2.39535058e-03 2.50000000e-03
 8.76039181e-04 2.50000000e-03]","[0.00067533 0.00052179 0.0025     0.0025     0.0025     0.0025
 0.00188138 0.0025     0.0025     0.00179697 0.0025     0.0025
 0.00230219 0.00206893 0.00153916 0.0025     0.00028011 0.0021747
 0.0025     0.0024375  0.0025     0.0025     0.00238077 0.00189913
 0.0025     0.00024758 0.0025     0.0025     0.00075066 0.00121014
 0.0025     0.00057734 0.00187954 0.0025     0.00229618 0.0025
 0.0016213  0.00182553 0.0025     0.0025     0.0025     0.0025
 0.0025     0.0025     0.00193681 0.0025     0.0025     0.0025
 0.0025     0.0025    ]","[0.0472528  0.04326283 0.04935007 0.05292337 0.04347423 0.04497158
 0.04428779 0.04877619 0.04286753 0.04262363 0.03622496 0.04521834
 0.04118251 0.04645458 0.05318566 0.04782678 0.04813137 0.04341359
 0.040473   0.04957529 0.04450614 0.04273329 0.04024016 0.04461156
 0.04738662 0.04398158 0.03995996 0.04493288 0.04736255 0.04627879
 0.0447737  0.04894677 0.05069517 0.04167386 0.03994118 0.0420441
 0.04954217 0.0457061  0.04339643 0.05167323 0.04892887 0.04055446
 0.04681104 0.04882386 0.04435216 0.04967263 0.04999962 0.04598907
 0.05194571 0.04222996]","[0.07024538 0.0450435  0.05386748 0.06045756 0.0508692  0.0684467
 0.049094   0.05990535 0.0488059  0.0434711  0.04279491 0.04492484
 0.05520091 0.04841655 0.05740535 0.04867478 0.05151337 0.07189895
 0.04973067 0.05432907 0.04677368 0.0610888  0.05794519 0.0656676
 0.05717176 0.04448173 0.05029303 0.06022659 0.0701566  0.05148533
 0.06560739 0.06870456 0.0628942  0.05621779 0.05645422 0.05645849
 0.05143441 0.05164943 0.04696248 0.06098775 0.05971026 0.05375472
 0.04914039 0.05019989 0.04995708 0.0561309  0.06940278 0.05563847
 0.04641408 0.0492591 ]","[2.55285562e-04 1.08661870e-03 1.13275182e-04 2.61558967e-05
 1.00957644e-03 5.93565534e-04 7.58188645e-04 1.41978144e-04
 1.24560585e-03 1.35425156e-03 1.02451532e-02 5.42881963e-04
 2.19818671e-03 3.44595471e-04 2.33933064e-05 2.05102808e-04
 1.82415475e-04 1.03113740e-03 2.77318110e-03 1.03592408e-04
 7.01466134e-04 1.30435271e-03 2.99028953e-03 6.75528518e-04
 2.42642940e-04 8.44997784e-04 3.27232169e-03 6.01905676e-04
 2.44872184e-04 3.67877364e-04 6.37382494e-04 1.32796331e-04
 6.60292032e-05 1.86703918e-03 3.29207546e-03 1.64878496e-03
 1.04965115e-04 4.54421100e-04 1.03731757e-03 4.41914618e-05
 1.33732672e-04 2.70073223e-03 3.01580560e-04 1.39353314e-04
 7.41035898e-04 9.96553437e-05 8.74443250e-05 4.09509388e-04
 3.94601158e-05 1.54839764e-03]","[5.01461323e-09 5.78353089e-04 1.74561253e-05 8.50078128e-07
 6.15105981e-05 1.36459456e-08 1.25326797e-04 1.10982444e-06
 1.40336862e-04 1.01068049e-03 1.27707093e-03 6.03651575e-04
 9.74107351e-06 1.63344184e-04 3.59897539e-06 1.47718334e-04
 4.72140713e-05 1.95238998e-09 9.73759453e-05 1.42873499e-05
 3.05839110e-04 6.24864800e-07 2.80348834e-06 6.08856674e-08
 4.00685517e-06 7.07604762e-04 7.77096164e-05 9.50650177e-07
 5.27184721e-09 4.77641084e-05 6.28475504e-08 1.18404838e-08
 2.54559890e-07 6.18356826e-06 5.55693059e-06 5.54617791e-06
 4.87786501e-05 4.46294544e-05 2.84884753e-04 6.56563858e-07
 1.21873751e-06 1.83268188e-05 1.23056816e-04 8.06823918e-05
 8.89483759e-05 6.43051013e-06 8.04109776e-09 8.01904369e-06
 3.49832837e-04 1.17424910e-04]","[6.21080399e-04 4.01616096e-04 6.64830208e-04 7.70330429e-04
 3.41892242e-04 1.09243393e-03 3.11493874e-04 1.43432617e-03
 6.24656677e-05 3.51309776e-04 4.71472740e-04 8.52227211e-04
 1.63555145e-03 1.25169754e-05 9.03606415e-04 8.31842422e-04
 4.95791435e-04 1.16837025e-03 7.71284103e-05 8.32438469e-04
 2.11596489e-04 1.07228756e-03 1.65700912e-04 1.38282776e-04
 1.28304958e-03 1.09231472e-03 7.18832016e-05 4.07457352e-04
 1.04141235e-03 5.40375710e-04 8.07166100e-04 9.54508781e-04
 9.63568687e-04 7.39097595e-05 3.74078751e-04 6.73532486e-05
 4.20689583e-04 2.84075737e-04 5.10215759e-04 8.61644745e-04
 8.58426094e-04 7.79151917e-04 1.34468079e-04 9.81092453e-04
 6.69360161e-04 1.20043755e-04 9.10878181e-04 4.16636467e-04
 2.04443932e-04 4.72307205e-04]","[0.0019865  0.00134051 0.00205004 0.00188029 0.00124848 0.00310481
 0.00144351 0.00235224 0.00083423 0.00156558 0.00160396 0.00117791
 0.00423503 0.00054467 0.00155652 0.00186276 0.00049174 0.00276577
 0.00099289 0.00198972 0.00124288 0.00292468 0.0009675  0.00120616
 0.00343132 0.00056994 0.00045335 0.00225461 0.0040673  0.00103295
 0.00244176 0.00270534 0.00281239 0.00087953 0.00166178 0.00113809
 0.00187814 0.00135493 0.00253379 0.00195205 0.00257623 0.00240874
 0.00052607 0.00139201 0.00139618 0.00101376 0.00220358 0.00088453
 0.00102615 0.00138736]","[0.02267472 0.01822346 0.02226591 0.02483615 0.01723413 0.02892574
 0.01786189 0.03168989 0.01203717 0.02049117 0.0225315  0.02311811
 0.03473035 0.01111978 0.02378375 0.02629391 0.01976017 0.0248848
 0.01182435 0.02118504 0.01478081 0.02876494 0.01425295 0.01334303
 0.03118661 0.02595116 0.01282111 0.02134251 0.02888853 0.01948754
 0.02475591 0.02806283 0.02782278 0.01466697 0.01977481 0.01516882
 0.01882814 0.01582462 0.02151163 0.02867972 0.02315474 0.02217816
 0.01650938 0.02596103 0.02390235 0.01483243 0.02295211 0.01796579
 0.01498993 0.0211659 ]","[0.0356887  0.02805552 0.03369818 0.0346767  0.02768621 0.04277343
 0.03150001 0.03725032 0.02470198 0.03503113 0.0339261  0.02768041
 0.0511175  0.02323395 0.03071363 0.03577804 0.01864806 0.03612129
 0.02810869 0.03465335 0.0311957  0.04431602 0.02597008 0.02845796
 0.04645486 0.01829925 0.01859109 0.03811375 0.04876687 0.0249964
 0.03747824 0.04160128 0.03972077 0.02542557 0.03293703 0.03032846
 0.03247466 0.02838481 0.03967451 0.03682025 0.03917606 0.03833629
 0.02160975 0.03050342 0.02910704 0.0250668  0.03763865 0.0242296
 0.02737902 0.03220404]",0.3763807807095267,0.42076940861781265,0.2554490352597891,0.24822434670387625,0.34364386833142146,0.41251290022906967,0.23454598055591447,0.2326007820399674,0.001714027152970597,0.0020960604207389674,0.0008628738823983144,0.0006698628217182789,0.04562339462637901,0.05514728509664536,0.0037974657531450193,0.007830432938189164,0.0006044220924377442,0.0017470049858093262,0.0004024164014136059,0.0008934147766636859,0.021299984977615555,0.032526029875157424,0.005749731566435721,0.007545242672374644
df1,0.16,1.0,0.0,0.0,0.84,0.0,1.0,"[0.61225166 0.24148215 0.02646763 0.1200888  0.84163603 0.03809482
 0.04953464 0.69212796 0.07520917 0.45963725 0.02410401 0.07520917
 0.41323244 0.0416213  0.18488568 0.08825991 0.18488568 0.11135888
 0.41323244 0.27423335 0.93482727 0.74453538 0.27423335 0.05871658
 0.24148215 0.14969106 0.03809482 0.24148215 0.06932183 0.00103409
 0.16077182 0.24148215 0.43609338 0.11135888 0.39108739 0.139232
 0.48382277 0.24148215 0.45963725 0.08151459 0.14969106 0.04542867
 0.03809482 0.17249627 0.31007573 0.27423335 0.22624166 0.09546732
 0.01100057 0.25747545]","[0.90235528 0.08825991 0.25747545 0.06383124 0.48382277 0.16077182
 0.41323244 0.63886042 0.17249627 0.24148215 0.00212592 0.139232
 0.43609338 0.14969106 0.09546732 0.139232   0.01487416 0.50859953
 0.29176485 0.29176485 0.79482654 0.22624166 0.25747545 0.08825991
 0.61225166 0.55967522 0.11135888 0.36968362 0.48382277 0.01346465
 0.88359176 0.22624166 0.77002924 0.02192948 0.55967522 0.00377043
 0.39108739 0.1200888  0.3490397  0.03483221 0.19796045 0.04953464
 0.10315938 0.01100057 0.91946676 0.21173982 0.17249627 0.04953464
 0.25747545 0.39108739]","[0.61225166 0.24148215 0.02646763 0.1200888  0.84163603 0.03809482
 0.04953464 0.69212796 0.07520917 0.45963725 0.02410401 0.07520917
 0.41323244 0.0416213  0.18488568 0.08825991 0.18488568 0.11135888
 0.41323244 0.27423335 0.93482727 0.74453538 0.27423335 0.05871658
 0.24148215 0.14969106 0.03809482 0.24148215 0.06932183 0.00103409
 0.16077182 0.24148215 0.43609338 0.11135888 0.39108739 0.139232
 0.48382277 0.24148215 0.45963725 0.08151459 0.14969106 0.04542867
 0.03809482 0.17249627 0.31007573 0.27423335 0.22624166 0.09546732
 0.01100057 0.25747545]","[0.90235528 0.08825991 0.25747545 0.06383124 0.48382277 0.16077182
 0.41323244 0.63886042 0.17249627 0.24148215 0.00212592 0.139232
 0.43609338 0.14969106 0.09546732 0.139232   0.01487416 0.50859953
 0.29176485 0.29176485 0.79482654 0.22624166 0.25747545 0.08825991
 0.61225166 0.55967522 0.11135888 0.36968362 0.48382277 0.01346465
 0.88359176 0.22624166 0.77002924 0.02192948 0.55967522 0.00377043
 0.39108739 0.1200888  0.3490397  0.03483221 0.19796045 0.04953464
 0.10315938 0.01100057 0.91946676 0.21173982 0.17249627 0.04953464
 0.25747545 0.39108739]","[0.43273864 0.15745825 0.00971012 0.05203562 0.85342432 0.0150933
 0.01851087 0.54282848 0.04053737 0.26782755 0.01860807 0.10781964
 0.31419772 0.05800745 0.05780792 0.03648105 0.05629102 0.06027894
 0.18976269 0.19864905 0.97338951 0.58069831 0.26158577 0.09294797
 0.19593749 0.07494093 0.03106305 0.09558304 0.09136066 0.00890149
 0.16150461 0.14841311 0.30256785 0.08543298 0.32343121 0.12516758
 0.28316025 0.21490639 0.41876178 0.05283508 0.14290995 0.0731824
 0.04989145 0.19198444 0.4011404  0.16902693 0.12932853 0.04850485
 0.02386619 0.4123593 ]","[0.82106731 0.08599628 0.22348281 0.07562295 0.61759569 0.16743853
 0.19199698 0.8163869  0.1422133  0.24133727 0.00927031 0.10962894
 0.25330934 0.17221332 0.25354382 0.14078054 0.01118416 0.33057129
 0.34602464 0.32683412 0.74031332 0.2738267  0.41415806 0.11272747
 0.67623323 0.45064407 0.06306003 0.38917878 0.33487081 0.02616886
 0.73423685 0.10965999 0.70311881 0.07005    0.39643337 0.01482402
 0.31057966 0.08670336 0.51577085 0.07547023 0.19329965 0.09818335
 0.06782597 0.02126742 0.7877657  0.24375804 0.13314162 0.15714789
 0.21718106 0.35409457]","[2.50000000e-03 9.29307890e-04 6.07577487e-05 3.47712160e-04
 2.50000000e-03 3.96290889e-05 7.60322155e-05 2.50000000e-03
 2.29471075e-04 1.65622922e-03 5.57682700e-05 3.69761631e-04
 2.20142596e-03 2.07596926e-04 1.08861125e-04 1.88655060e-04
 4.20671058e-04 1.46753564e-04 7.76072110e-04 9.67859706e-04
 2.50000000e-03 2.50000000e-03 1.94942021e-03 3.42713226e-04
 1.26391607e-03 3.48971823e-04 1.91526181e-04 2.79508770e-04
 4.06466111e-04 1.61480464e-05 7.83921240e-04 7.83710636e-04
 1.16321632e-03 3.35879874e-04 1.80953946e-03 5.70919232e-04
 1.18009694e-03 1.10695536e-03 1.62620481e-03 1.98192721e-04
 5.45789750e-04 2.55378813e-04 6.64141315e-05 5.26032933e-04
 2.15143707e-03 5.47786470e-04 5.86627766e-04 2.66519672e-04
 7.59200469e-05 2.50000000e-03]","[2.50000000e-03 8.67587180e-04 1.95544833e-03 9.72376853e-04
 2.50000000e-03 6.87063362e-04 1.29259934e-03 2.50000000e-03
 8.87221977e-04 1.64388111e-03 1.86672446e-05 4.31046222e-04
 2.01230679e-03 1.01275586e-03 2.73395482e-04 1.42156583e-03
 7.84819372e-05 1.68987468e-03 2.00886553e-03 2.30184374e-03
 2.50000000e-03 2.50000000e-03 2.50000000e-03 7.75373628e-04
 2.50000000e-03 2.13696688e-03 3.09334790e-04 2.50000000e-03
 2.07185282e-03 8.68757494e-05 2.50000000e-03 6.87402744e-04
 2.50000000e-03 2.23298972e-04 2.50000000e-03 1.24237558e-04
 1.46712243e-03 6.89802387e-04 2.50000000e-03 4.64737431e-04
 5.41517616e-04 2.45308210e-04 1.82248853e-04 7.29367217e-05
 2.50000000e-03 8.78406596e-04 1.29042208e-03 1.27800102e-03
 9.61147342e-04 2.23401075e-03]","[0.04292326 0.04611746 0.05358276 0.04880598 0.04754258 0.05136672
 0.05654214 0.04003667 0.05609833 0.04980589 0.04722247 0.04456256
 0.04558402 0.04835038 0.04468868 0.04599725 0.0492473  0.05257245
 0.04802633 0.04572691 0.04919131 0.04503751 0.04406701 0.04861081
 0.05110075 0.04533581 0.04582207 0.04970495 0.05123992 0.04450489
 0.04605615 0.04660989 0.04977652 0.04717151 0.05297061 0.04408929
 0.04717371 0.04936475 0.05406028 0.0455531  0.04625031 0.04621584
 0.04885657 0.05343408 0.04863081 0.05415462 0.04798994 0.05136949
 0.04617943 0.05184997]","[0.04971616 0.05969872 0.06595788 0.04315042 0.0646518  0.06534366
 0.07066306 0.04283726 0.05650749 0.06431942 0.05268484 0.05191167
 0.05873511 0.06858081 0.05176603 0.04625094 0.07639845 0.05903188
 0.05404331 0.04911647 0.05410194 0.04131725 0.05841808 0.07150615
 0.05854752 0.05016015 0.05529068 0.06539114 0.06066995 0.06408255
 0.04976531 0.07446346 0.05699252 0.05350326 0.05574791 0.04483061
 0.0553402  0.05071065 0.05337823 0.05478988 0.04933707 0.05182782
 0.05981981 0.05110943 0.05890959 0.05616238 0.04793425 0.06036168
 0.04909066 0.07122024]","[1.22194765e-03 3.90542086e-04 1.97350680e-05 1.40332262e-04
 2.28654309e-04 5.01592730e-05 5.33983417e-06 3.19276418e-03
 6.52549932e-06 9.44953814e-05 2.58236191e-04 6.87471736e-04
 4.75193204e-04 1.67593232e-04 6.57126691e-04 4.08275645e-04
 1.17973763e-04 3.03428163e-05 1.89956782e-04 4.50965811e-04
 1.20610531e-04 5.79606035e-04 8.19886896e-04 1.51451423e-04
 5.59528021e-05 5.20207210e-04 4.35481334e-04 9.83799011e-05
 5.28462415e-05 7.01780050e-04 3.99493666e-04 3.25187691e-04
 9.56103197e-05 2.63267045e-04 2.56364145e-05 8.13453307e-04
 2.63048029e-04 1.12619056e-04 1.60583434e-05 4.80593880e-04
 3.71786361e-04 3.76569521e-04 1.37579006e-04 2.10355631e-05
 1.50274696e-04 1.54140698e-05 1.92637198e-04 5.01019908e-05
 3.81685301e-04 4.10646959e-05]","[9.79409335e-05 1.22549080e-06 5.22317887e-08 1.12978682e-03
 1.03557971e-07 7.21883614e-08 3.95968278e-09 1.25863343e-03
 5.42439777e-06 1.22992522e-07 2.89367367e-05 4.00237413e-05
 1.93700925e-06 1.26758565e-08 4.25224875e-05 3.71699220e-04
 1.34085437e-10 1.68362434e-06 1.61769324e-05 1.24222431e-04
 1.57706815e-05 2.10233517e-03 2.24820091e-06 2.44763905e-09
 2.11573314e-06 8.19831824e-05 9.36112797e-06 7.04127199e-08
 7.66720363e-07 1.38955364e-07 9.60389315e-05 4.32800808e-10
 4.34961279e-06 2.04205922e-05 7.63639426e-06 6.24480500e-04
 9.15765855e-06 6.56150249e-05 2.15449398e-05 1.16777536e-05
 1.13859822e-04 4.14446364e-05 1.15636935e-06 5.57542231e-05
 1.78390418e-06 6.33996702e-06 1.96808961e-04 8.90512803e-07
 1.25491446e-04 2.88319125e-09]","[0.00030756 0.00061822 0.00122809 0.00052261 0.00060809 0.00039077
 0.00248373 0.00026667 0.00143266 0.00092363 0.0007143  0.00093329
 0.0004344  0.00068581 0.00113583 0.00021207 0.00152004 0.00157404
 0.00093126 0.00032938 0.00042939 0.00037956 0.00029969 0.00031269
 0.00068796 0.00026488 0.00028324 0.000422   0.00059021 0.00076473
 0.00070441 0.00117779 0.00085688 0.00107622 0.0006032  0.00045621
 0.00083351 0.00077462 0.00071788 0.00038874 0.00069487 0.00164187
 0.00050449 0.00036967 0.00050592 0.00047731 0.00029004 0.00057602
 0.00045216 0.00066066]","[0.00059974 0.00071752 0.00236893 0.00056934 0.00217199 0.0017457
 0.00436902 0.00071836 0.00240898 0.00204837 0.00103283 0.0011884
 0.00128651 0.00259137 0.00068986 0.00099373 0.00345635 0.0026108
 0.00126469 0.00117207 0.00248277 0.0006572  0.00098562 0.00081158
 0.00089383 0.00075173 0.00092995 0.00161195 0.00154328 0.00162768
 0.00098908 0.00295794 0.0030576  0.00194979 0.00165176 0.00062311
 0.00200593 0.00156665 0.00148737 0.00089943 0.00208569 0.00258482
 0.00131583 0.00072122 0.00162292 0.00089192 0.00075436 0.00107479
 0.00130653 0.00239611]","[0.01568181 0.02080722 0.03031472 0.01814027 0.02205624 0.02053388
 0.03807902 0.01449889 0.02838736 0.02419764 0.02093432 0.02291846
 0.01815299 0.02427133 0.02576623 0.01475515 0.03274864 0.03048908
 0.02476425 0.01978461 0.02306267 0.01823073 0.01624109 0.01625044
 0.02120324 0.01492174 0.01527959 0.01732906 0.0188124  0.02077038
 0.02134773 0.02965175 0.02689151 0.02468345 0.01904983 0.01829777
 0.02417831 0.02460841 0.02323036 0.01836468 0.02336034 0.0294436
 0.02045583 0.01804348 0.02151656 0.01774133 0.01720511 0.02113136
 0.01864205 0.02007078]","[0.02057558 0.01892423 0.03792534 0.01927412 0.03549644 0.0341482
 0.05043377 0.02281741 0.03631332 0.03287309 0.02394845 0.02641377
 0.02777538 0.0417302  0.02015754 0.02841658 0.04391046 0.03867735
 0.02724176 0.02924863 0.03957978 0.0240832  0.02526927 0.02114015
 0.02600915 0.02412219 0.02367033 0.02990035 0.03076885 0.02841751
 0.024179   0.03913989 0.04346877 0.03250521 0.03377014 0.01922969
 0.03270773 0.03198968 0.03145595 0.02398784 0.03453281 0.03605847
 0.02685981 0.0203966  0.03040398 0.02406854 0.02223341 0.02399157
 0.02804398 0.03553498]",0.24095317878371808,0.2946446882595465,0.22324793397080592,0.25633652837361426,0.19305703120006293,0.28216384456525806,0.20650621884735218,0.23647375024493128,0.0008632355698986986,0.0013755197207610953,0.0008373265305945198,0.0009111179943886486,0.04834344084143639,0.05672291536808014,0.0035143892866027556,0.008326094878471335,0.0007089853286743164,0.0015648603439331055,0.00044269201548697293,0.0008481885968577765,0.02174595392805412,0.029676408905073805,0.005062137666729383,0.007352489713686467
df1,0.2,1.0,0.0,0.0,0.8,0.0,1.0,"[0.12937218 0.02646763 0.17249627 0.3490397  0.00725489 0.1200888
 0.01809676 0.03809482 0.08825991 0.03483221 0.31007573 0.14969106
 0.02903392 0.02903392 0.48382277 0.07520917 0.02192948 0.22624166
 0.00806269 0.00895146 0.14969106 0.0539576  0.02646763 0.02903392
 0.02903392 0.02192948 0.17249627 0.07520917 0.03809482 0.11135888
 0.1200888  0.14969106 0.03181713 0.25747545 0.08151459 0.11135888
 0.00806269 0.09546732 0.01993114 0.21173982 0.02903392 0.21173982
 0.02410401 0.06932183 0.06383124 0.00421554 0.50859953 0.06932183
 0.48382277 0.11135888]","[0.18488568 0.01641475 0.55967522 0.32916807 0.04953464 0.1200888
 0.08151459 0.17249627 0.01809676 0.04542867 0.18488568 0.21173982
 0.06383124 0.24148215 0.25747545 0.04953464 0.02192948 0.139232
 0.00525377 0.06932183 0.06383124 0.04542867 0.06932183 0.00992823
 0.17249627 0.45963725 0.12937218 0.3490397  0.18488568 0.41323244
 0.22624166 0.08825991 0.00652148 0.08825991 0.24148215 0.00895146
 0.61225166 0.66552932 0.53390728 0.27423335 0.02646763 0.8633028
 0.00992823 0.22624166 0.00652148 0.21173982 0.41323244 0.29176485
 0.79482654 0.0539576 ]","[0.12937218 0.02646763 0.17249627 0.3490397  0.00725489 0.1200888
 0.01809676 0.03809482 0.08825991 0.03483221 0.31007573 0.14969106
 0.02903392 0.02903392 0.48382277 0.07520917 0.02192948 0.22624166
 0.00806269 0.00895146 0.14969106 0.0539576  0.02646763 0.02903392
 0.02903392 0.02192948 0.17249627 0.07520917 0.03809482 0.11135888
 0.1200888  0.14969106 0.03181713 0.25747545 0.08151459 0.11135888
 0.00806269 0.09546732 0.01993114 0.21173982 0.02903392 0.21173982
 0.02410401 0.06932183 0.06383124 0.00421554 0.50859953 0.06932183
 0.48382277 0.11135888]","[0.18488568 0.01641475 0.55967522 0.32916807 0.04953464 0.1200888
 0.08151459 0.17249627 0.01809676 0.04542867 0.18488568 0.21173982
 0.06383124 0.24148215 0.25747545 0.04953464 0.02192948 0.139232
 0.00525377 0.06932183 0.06383124 0.04542867 0.06932183 0.00992823
 0.17249627 0.45963725 0.12937218 0.3490397  0.18488568 0.41323244
 0.22624166 0.08825991 0.00652148 0.08825991 0.24148215 0.00895146
 0.61225166 0.66552932 0.53390728 0.27423335 0.02646763 0.8633028
 0.00992823 0.22624166 0.00652148 0.21173982 0.41323244 0.29176485
 0.79482654 0.0539576 ]","[0.09679763 0.03602392 0.08510889 0.26293185 0.00656588 0.27089448
 0.01892015 0.08865226 0.20412168 0.03129666 0.15717514 0.07756349
 0.05128849 0.02405786 0.28017341 0.11031074 0.06572556 0.27714993
 0.05350717 0.01872807 0.05589527 0.03288075 0.01540694 0.03528843
 0.05059215 0.06029521 0.07411959 0.09586506 0.0513625  0.0908614
 0.05025474 0.10553975 0.01516743 0.08902683 0.0318575  0.0801593
 0.00959291 0.05331928 0.02840435 0.14428443 0.04714962 0.13325499
 0.06719723 0.06838155 0.01026313 0.00650237 0.58186421 0.13110054
 0.51197547 0.0765916 ]","[0.20149646 0.00711849 0.38842653 0.23463675 0.02651508 0.21691823
 0.11457436 0.06471523 0.01317276 0.04725528 0.12254968 0.10747972
 0.11830878 0.16010169 0.15603284 0.07841033 0.01648777 0.09352624
 0.00959936 0.07252382 0.0762712  0.05325078 0.03201572 0.0132868
 0.11944457 0.50855883 0.05078856 0.2247906  0.04798262 0.52537881
 0.30630965 0.06351628 0.00676112 0.13551227 0.33616253 0.01299763
 0.54139341 0.55699061 0.58038581 0.14638498 0.05216261 0.70077582
 0.0253012  0.14872959 0.01092201 0.13085188 0.42926849 0.19372143
 0.63346783 0.05397148]","[2.36023529e-04 1.00954187e-04 4.19132531e-04 2.06081207e-03
 1.00000000e-05 2.16488347e-03 4.47835810e-05 2.14934866e-04
 1.52794502e-03 2.61971559e-05 8.93604939e-04 3.05480017e-04
 1.32023408e-04 7.17075848e-05 8.71029978e-04 3.14158365e-04
 9.54785906e-05 1.37892324e-03 1.00370135e-04 3.03632269e-05
 7.26222496e-05 9.14236043e-05 3.34235754e-05 6.94545966e-05
 2.45694132e-04 2.99640941e-04 2.07716824e-04 3.93202003e-04
 1.22365276e-04 3.13908479e-04 1.34479896e-04 2.49560461e-04
 8.62344719e-05 2.50268617e-04 5.20493797e-05 5.10933550e-04
 1.33098905e-05 1.51200109e-04 8.98768305e-05 6.60074502e-04
 7.45379161e-05 3.79572997e-04 1.74881193e-04 1.80451498e-04
 1.00000000e-05 1.00000000e-05 2.50000000e-03 3.41523870e-04
 2.50000000e-03 1.54662375e-04]","[6.09748213e-04 3.60924829e-05 2.17079838e-03 1.89286342e-03
 3.99881854e-05 1.90985192e-03 3.70543367e-04 2.27123027e-04
 1.47377829e-04 9.17696843e-05 5.55779167e-04 3.72469343e-04
 7.16711594e-04 7.27747058e-04 5.97089127e-04 2.12424878e-04
 5.52386819e-05 7.04562647e-04 2.34515836e-05 2.97600988e-04
 2.05164805e-04 1.74159082e-04 1.14122785e-04 5.31153884e-05
 1.25943290e-03 2.50000000e-03 1.08362828e-04 1.31165988e-03
 1.65486691e-04 2.50000000e-03 9.31234999e-04 2.75184546e-04
 4.28165619e-05 5.03591207e-04 1.49708700e-03 1.31455269e-04
 2.32835533e-03 2.50000000e-03 2.50000000e-03 1.13777703e-03
 1.43710399e-04 2.50000000e-03 7.36841121e-05 4.61518842e-04
 1.75088695e-05 2.89514544e-04 2.50000000e-03 1.10235486e-03
 2.50000000e-03 2.04623316e-04]","[0.05447015 0.05043083 0.05071353 0.05039001 0.05204863 0.05088996
 0.05627638 0.04860456 0.04829505 0.05302543 0.0480537  0.04680664
 0.05325808 0.05498423 0.05073226 0.05304399 0.05054818 0.04455557
 0.05514137 0.05178731 0.04776209 0.05250029 0.05361643 0.04954402
 0.05566771 0.05264432 0.04377961 0.04670963 0.05144504 0.05395298
 0.05370607 0.04998223 0.04705153 0.0536762  0.05372493 0.048464
 0.05864149 0.05711958 0.05196957 0.05271093 0.05069678 0.05161941
 0.04761496 0.05279542 0.05414759 0.05984405 0.04986017 0.05315338
 0.05640258 0.05132501]","[0.06502249 0.04923924 0.06656023 0.07451353 0.05399571 0.0766261
 0.06952162 0.04556699 0.03851219 0.05696813 0.05950642 0.05947165
 0.05762877 0.06426174 0.05762312 0.06270482 0.06356267 0.05551887
 0.05892216 0.05988292 0.05065355 0.06530033 0.05863707 0.05907537
 0.07214082 0.06105322 0.06241752 0.05319266 0.0544276  0.06753403
 0.0608267  0.05060593 0.04898792 0.05876017 0.04680825 0.0519742
 0.06211267 0.05901101 0.05736534 0.05475007 0.05901686 0.05320469
 0.04570705 0.06678463 0.06431241 0.06049553 0.0608256  0.04018393
 0.05357776 0.05086131]","[1.34342418e-05 7.35018127e-05 6.55382159e-05 7.47251040e-05
 3.78020927e-05 6.09915806e-05 6.02224094e-06 1.51821161e-04
 1.71226826e-04 2.50457935e-05 1.87963752e-04 3.02079492e-04
 2.26810287e-05 1.07200539e-05 6.50405525e-05 2.48488494e-05
 7.00903954e-05 6.89191261e-04 1.00011857e-05 4.21483584e-05
 2.10252261e-04 3.12797008e-05 1.94514103e-05 1.04888287e-04
 7.91502768e-06 2.94363916e-05 9.07253367e-04 3.13273428e-04
 4.85653193e-05 1.68224429e-05 1.87151533e-05 8.80562067e-05
 2.75478337e-04 1.89574608e-05 1.85636656e-05 1.60360210e-04
 2.02430211e-06 4.10385722e-06 3.90696880e-05 2.86193690e-05
 6.59861987e-05 4.51879118e-05 2.22425129e-04 2.76142012e-05
 1.54611964e-05 1.14299241e-06 9.24670307e-05 2.37175525e-05
 5.68835721e-06 5.10285138e-05]","[8.53934510e-08 1.18349854e-04 3.79172754e-08 4.20032604e-10
 1.65140649e-05 1.16586662e-10 7.52557105e-09 4.78160112e-04
 5.16117459e-03 4.39838771e-06 1.34352985e-06 1.36600708e-06
 3.24642641e-06 1.26707325e-07 3.25492093e-06 2.80048394e-07
 1.81342967e-07 8.45825713e-06 1.77333883e-06 1.12184982e-06
 6.71558704e-05 7.38467934e-08 2.02852107e-06 1.64928435e-06
 1.69762216e-09 6.35853452e-07 3.23494415e-07 2.33234943e-05
 1.36862437e-05 2.24533783e-08 7.10324794e-07 6.84672335e-05
 1.30667179e-04 1.91426746e-06 3.01897172e-04 3.89942991e-05
 3.76712686e-07 1.70034597e-06 3.66588080e-06 1.18838208e-05
 1.69564386e-06 2.32040873e-05 4.54262007e-04 3.36275217e-08
 1.23438225e-07 8.34559269e-07 7.10705910e-07 3.04501664e-03
 1.97775390e-05 6.17087895e-05]","[5.77569008e-04 7.34448433e-04 1.72948837e-03 1.04951859e-03
 9.42587852e-04 1.09958649e-03 2.17556953e-03 8.92996788e-04
 1.18637085e-03 8.01205635e-04 3.44753265e-04 8.78691673e-04
 1.33848190e-03 1.15060806e-03 1.38950348e-03 1.16741657e-03
 6.09993935e-04 1.07288361e-05 1.38652325e-03 1.12199783e-03
 1.40964985e-03 1.27851963e-03 3.15093994e-03 1.76584721e-03
 1.51872635e-03 1.68371201e-03 8.46982002e-04 9.81330872e-04
 1.18017197e-03 7.48634338e-04 1.56414509e-03 2.68459320e-04
 8.81791115e-04 1.00338459e-03 1.04475021e-03 9.73224640e-04
 2.07698345e-03 1.76978111e-03 6.74962997e-04 7.70092010e-04
 1.36530399e-03 4.85062599e-04 6.57439232e-04 2.10547447e-03
 1.34837627e-03 1.78992748e-03 7.31945038e-04 1.71065331e-04
 7.56978989e-04 1.04975700e-03]","[0.00183928 0.00117385 0.00262702 0.00292873 0.00097787 0.00235939
 0.00308633 0.00156927 0.0017246  0.00133967 0.00200856 0.00159609
 0.00178707 0.00060952 0.00179315 0.002563   0.00086761 0.00043452
 0.00191641 0.00129938 0.00133848 0.00283682 0.00314689 0.00310349
 0.00306225 0.00253236 0.00130546 0.00208628 0.00110602 0.00114095
 0.00354242 0.00055826 0.00096595 0.00196171 0.00133634 0.00148547
 0.00331986 0.00243533 0.00112617 0.00141811 0.00227976 0.00072014
 0.00122726 0.00335717 0.00173187 0.00260603 0.0028348  0.00063741
 0.00145447 0.00133252]","[0.01969546 0.0216225  0.03353282 0.02746601 0.0241025  0.02739677
 0.0348743  0.02341713 0.02706299 0.02251417 0.01952251 0.02395086
 0.02834825 0.0259537  0.02911091 0.02781112 0.02010255 0.01301026
 0.02894603 0.02490207 0.0274516  0.0260606  0.04415744 0.03203344
 0.03313256 0.03183032 0.02216573 0.02303613 0.02549486 0.02053222
 0.02942012 0.01552714 0.02238951 0.02432848 0.02433331 0.02463245
 0.03583523 0.03236461 0.02220743 0.02395224 0.02953017 0.01839874
 0.01984758 0.03099253 0.02503071 0.03172226 0.02732916 0.01348966
 0.02119468 0.02531621]","[0.03022492 0.02671781 0.03980848 0.04067255 0.02458663 0.03538559
 0.04230452 0.03158907 0.03265718 0.02642224 0.03378971 0.0295805
 0.03282586 0.01836698 0.03001483 0.03630882 0.02140376 0.01831105
 0.03181417 0.02693783 0.0261053  0.03814606 0.04336456 0.04063815
 0.04064278 0.03929153 0.0238902  0.03676955 0.02408815 0.02622328
 0.04599459 0.01990773 0.0233808  0.03132082 0.02842625 0.027711
 0.04366746 0.0391398  0.03071936 0.02933626 0.03554133 0.02131589
 0.02777458 0.0404858  0.03173242 0.03838689 0.04255427 0.02459262
 0.02880145 0.02709382]",0.11391647953390022,0.20725568458714005,0.1259560057642565,0.21334694478389454,0.10042895555366861,0.17934409037890184,0.11608529775992162,0.19070049800833358,0.0004274375026541948,0.0008358230564349232,0.000644166781054113,0.0008924244615844808,0.05172367707431316,0.05812427183866501,0.003358136437623038,0.007958540968895058,0.0011328291893005372,0.001849827766418457,0.0005685239693618349,0.0008438095887024773,0.02574160138771835,0.03173530407474226,0.005802302456911018,0.00728702831729072
df1,0.24,1.0,0.0,0.0,0.76,0.0,1.0,"[4.54286666e-02 1.29372179e-01 3.48322136e-02 2.64676308e-02
 4.95346404e-02 8.95145539e-03 7.52091658e-02 2.19294824e-02
 3.10075730e-01 4.59637254e-01 1.21765095e-02 2.38884447e-03
 1.29372179e-01 5.87165796e-02 9.92823487e-03 2.87103585e-04
 2.12592488e-03 5.25376643e-03 9.92823487e-03 2.64676308e-02
 4.36093382e-01 4.16212987e-02 5.87165796e-02 8.95145539e-03
 1.39231997e-01 1.72496272e-01 3.48322136e-02 2.41040115e-02
 5.85633896e-03 1.10005675e-02 1.03159376e-01 8.95145539e-03
 5.87165796e-02 5.85633896e-03 4.54286666e-02 6.52148041e-03
 4.16212987e-02 2.64676308e-02 3.80948244e-02 1.20088801e-01
 4.70847031e-03 1.89004559e-03 8.95145539e-03 2.26241661e-01
 4.26159664e-04 9.54673207e-02 1.60771824e-01 2.90339156e-02
 4.70847031e-03 4.54286666e-02]","[9.54673207e-02 1.72496272e-01 1.29372179e-01 5.25376643e-03
 1.39231997e-01 5.87165796e-02 4.95346404e-02 2.41040115e-02
 1.29372179e-01 7.44535382e-01 4.16212987e-02 2.90339156e-02
 5.08599525e-01 8.15145929e-02 1.64147482e-02 3.27832948e-04
 4.70847031e-03 1.20088801e-01 1.34646549e-02 8.15145929e-02
 2.11739817e-01 6.38312357e-02 1.84885683e-01 4.95346404e-02
 3.80948244e-02 3.49039701e-01 2.19294824e-02 2.41482152e-01
 7.52091658e-02 1.39231997e-01 1.10005675e-02 3.80948244e-02
 1.29372179e-01 2.64676308e-02 3.80948244e-02 1.89004559e-03
 1.72496272e-01 4.16212987e-02 3.10075730e-01 8.82599083e-02
 4.16212987e-02 1.21765095e-02 2.19294824e-02 2.91764847e-01
 6.24445815e-05 1.03159376e-01 1.84885683e-01 8.82599083e-02
 1.03159376e-01 4.13232440e-01]","[4.54286666e-02 1.29372179e-01 3.48322136e-02 2.64676308e-02
 4.95346404e-02 8.95145539e-03 7.52091658e-02 2.19294824e-02
 3.10075730e-01 4.59637254e-01 1.21765095e-02 2.38884447e-03
 1.29372179e-01 5.87165796e-02 9.92823487e-03 2.87103585e-04
 2.12592488e-03 5.25376643e-03 9.92823487e-03 2.64676308e-02
 4.36093382e-01 4.16212987e-02 5.87165796e-02 8.95145539e-03
 1.39231997e-01 1.72496272e-01 3.48322136e-02 2.41040115e-02
 5.85633896e-03 1.10005675e-02 1.03159376e-01 8.95145539e-03
 5.87165796e-02 5.85633896e-03 4.54286666e-02 6.52148041e-03
 4.16212987e-02 2.64676308e-02 3.80948244e-02 1.20088801e-01
 4.70847031e-03 1.89004559e-03 8.95145539e-03 2.26241661e-01
 4.26159664e-04 9.54673207e-02 1.60771824e-01 2.90339156e-02
 4.70847031e-03 4.54286666e-02]","[9.54673207e-02 1.72496272e-01 1.29372179e-01 5.25376643e-03
 1.39231997e-01 5.87165796e-02 4.95346404e-02 2.41040115e-02
 1.29372179e-01 7.44535382e-01 4.16212987e-02 2.90339156e-02
 5.08599525e-01 8.15145929e-02 1.64147482e-02 3.27832948e-04
 4.70847031e-03 1.20088801e-01 1.34646549e-02 8.15145929e-02
 2.11739817e-01 6.38312357e-02 1.84885683e-01 4.95346404e-02
 3.80948244e-02 3.49039701e-01 2.19294824e-02 2.41482152e-01
 7.52091658e-02 1.39231997e-01 1.10005675e-02 3.80948244e-02
 1.29372179e-01 2.64676308e-02 3.80948244e-02 1.89004559e-03
 1.72496272e-01 4.16212987e-02 3.10075730e-01 8.82599083e-02
 4.16212987e-02 1.21765095e-02 2.19294824e-02 2.91764847e-01
 6.24445815e-05 1.03159376e-01 1.84885683e-01 8.82599083e-02
 1.03159376e-01 4.13232440e-01]","[1.42557136e-02 7.24550219e-02 4.76327187e-02 1.57016648e-02
 5.25668500e-02 3.51674936e-03 2.34037600e-02 1.30532722e-02
 1.89528268e-01 3.03994684e-01 5.70254479e-03 2.93931715e-04
 1.17326809e-01 9.60443865e-02 1.39174796e-02 6.46662917e-04
 2.16782929e-03 7.13035941e-03 8.14257884e-03 1.62830708e-02
 2.38484529e-01 3.15964022e-02 3.95540928e-02 2.11734378e-03
 1.13016203e-01 1.03727951e-01 3.87845186e-02 9.27580104e-03
 3.41276555e-03 1.76470297e-02 5.26327941e-02 2.22518530e-02
 3.96696279e-02 1.22758680e-02 3.81150605e-02 3.49055807e-03
 8.00543675e-03 1.13349124e-02 2.52200425e-02 7.33787465e-02
 4.62717935e-03 1.08033213e-03 8.64151245e-03 1.26531590e-01
 1.01515321e-04 4.39423538e-02 8.80118297e-02 2.47605048e-02
 1.12331581e-03 3.25855493e-02]","[5.76894499e-02 1.37325344e-01 1.10400106e-01 5.46426078e-03
 7.85759429e-02 2.68963119e-02 7.91745247e-02 3.08278585e-02
 2.78825318e-01 6.73285425e-01 9.85068865e-03 3.08294820e-02
 3.06772786e-01 5.68133751e-02 1.57911708e-02 3.04100386e-04
 6.41830182e-03 4.98604821e-02 1.51025169e-02 1.98763290e-02
 1.61721912e-01 6.24166382e-02 7.64909968e-02 5.79622620e-02
 4.39546413e-02 2.56357943e-01 2.84289789e-02 1.46004049e-01
 9.48026875e-02 1.07594819e-01 1.28716757e-02 4.74745331e-02
 5.41330582e-02 5.26167836e-02 7.66257806e-02 4.28876919e-03
 8.30426541e-02 6.52821804e-02 1.84161620e-01 5.57007306e-02
 1.74544914e-02 2.33226853e-02 1.96915965e-02 1.83704667e-01
 3.00629930e-05 4.92719342e-02 1.51870747e-01 7.91499614e-02
 5.49059856e-02 1.88066773e-01]","[2.48157920e-05 1.43763642e-04 7.65163196e-05 1.00000000e-05
 8.89911299e-05 1.17342766e-05 3.04514005e-05 1.00000000e-05
 5.85043600e-04 1.78302299e-03 1.00000000e-05 1.00000000e-05
 5.97974192e-04 5.97813475e-05 2.06697200e-05 1.00000000e-05
 1.00000000e-05 1.00000000e-05 1.00000000e-05 1.80568257e-05
 1.37198793e-03 3.21627125e-05 7.44002298e-05 1.00000000e-05
 2.28434636e-04 1.00551160e-04 6.27095980e-05 2.02731893e-05
 1.00000000e-05 1.76083209e-05 1.42604355e-04 2.18497554e-05
 8.77543735e-05 1.00000000e-05 2.39955381e-05 1.00000000e-05
 1.00000000e-05 1.44862030e-05 9.81539000e-05 2.06276726e-04
 1.00000000e-05 1.00000000e-05 1.00000000e-05 9.86285051e-04
 1.00000000e-05 5.64002032e-05 1.32186358e-04 5.34825500e-05
 1.00000000e-05 2.01727897e-05]","[1.65981884e-04 6.76649022e-04 3.23474456e-04 1.00000000e-05
 3.05327645e-04 1.72225170e-04 3.11533240e-04 3.16592667e-05
 9.30259745e-04 2.50000000e-03 1.00000000e-05 3.25393868e-05
 1.99538284e-03 7.37854457e-05 2.81838235e-05 1.00000000e-05
 1.00000000e-05 8.75719011e-05 2.21672760e-05 4.89653072e-05
 1.08765302e-03 1.83085900e-04 2.96663083e-04 1.45030903e-04
 1.77877504e-04 6.05254055e-04 6.43990017e-05 6.15542421e-04
 3.20443150e-04 1.54089509e-04 5.11168890e-05 7.68069674e-05
 2.11743508e-04 1.09067003e-04 1.40559447e-04 1.00000000e-05
 2.81726654e-04 2.17466523e-04 9.92565737e-04 2.39146847e-04
 3.39275723e-05 2.67013316e-05 5.04749370e-05 1.15528164e-03
 1.00000000e-05 1.19246268e-04 3.49361112e-04 2.37817619e-04
 4.74569345e-05 8.86843802e-04]","[0.05408017 0.05844357 0.0527557  0.05224126 0.05607008 0.05188125
 0.05618614 0.05825362 0.04857086 0.05337153 0.05485234 0.05433476
 0.05126834 0.05478496 0.05508893 0.05098447 0.05901954 0.05912551
 0.057806   0.05494499 0.0534876  0.05290204 0.05068522 0.057934
 0.05918729 0.05405417 0.05443529 0.04963668 0.06084658 0.05261035
 0.05107608 0.04803172 0.05379054 0.05387593 0.0574202  0.04597527
 0.06060724 0.05064276 0.04756365 0.04512381 0.06160652 0.05885705
 0.05934634 0.04741291 0.05475992 0.05239606 0.05509036 0.05255575
 0.06375885 0.05900497]","[0.05662072 0.05856288 0.06999241 0.05951053 0.06803479 0.04908596
 0.06360308 0.06683456 0.05936947 0.0408451  0.06795602 0.04959809
 0.06276873 0.06293389 0.0508764  0.04790204 0.05152661 0.06595618
 0.04926014 0.04804482 0.06626263 0.05809977 0.05508267 0.05931425
 0.07644988 0.05767654 0.05633276 0.05412449 0.08067024 0.0544891
 0.04046093 0.06784113 0.05635067 0.06668797 0.05605743 0.04641816
 0.0563858  0.05442042 0.05537857 0.04738612 0.07427632 0.06928058
 0.05475635 0.05293049 0.04258736 0.06210854 0.06401359 0.07251903
 0.05729445 0.06323382]","[1.59203949e-05 2.22150627e-06 2.80825298e-05 3.48757356e-05
 6.60895386e-06 4.05338036e-05 6.27244576e-06 2.42807783e-06
 1.53828097e-04 2.16068687e-05 1.13613835e-05 1.42519469e-05
 5.22322760e-05 1.17030705e-05 1.02357907e-05 5.86810957e-05
 1.69349073e-06 1.61054222e-06 2.99065841e-06 1.09071192e-05
 2.05582289e-05 2.63938727e-05 6.62969333e-05 2.81811429e-06
 1.56400498e-06 1.61009605e-05 1.36403716e-05 1.01092404e-04
 7.03464102e-07 2.98615034e-05 5.65213910e-05 1.89563006e-04
 1.80457647e-05 1.73924698e-05 3.57444593e-06 4.11599830e-04
 7.90472153e-07 6.74509348e-05 2.26824410e-04 5.61796465e-04
 4.84298833e-07 1.82873933e-06 1.45008101e-06 2.40229945e-04
 1.18325306e-05 3.26819493e-05 1.02292889e-05 3.05572591e-05
 1.64051410e-07 1.70521269e-06]","[5.15271831e-06 2.10051506e-06 5.78186597e-09 1.34089434e-06
 1.70992353e-08 1.25724110e-04 1.77642839e-07 3.27391533e-08
 1.43420005e-06 2.45625244e-03 1.78502102e-08 1.02657038e-04
 2.71182094e-07 2.49509879e-07 6.13301637e-05 1.99261256e-04
 4.69563671e-05 5.22787792e-08 1.17376429e-04 1.88608509e-04
 4.44342758e-08 2.60884135e-06 1.02641108e-05 1.47240395e-06
 1.29920105e-10 3.17549602e-06 5.87080319e-06 1.56171039e-05
 9.06711697e-12 1.33234225e-05 2.78406623e-03 1.90035074e-08
 5.82348796e-06 3.54140751e-08 6.64666470e-06 3.49302011e-04
 5.73171441e-06 1.37292301e-05 9.00296235e-06 2.42688945e-04
 4.83960968e-10 8.60694200e-09 1.18510789e-05 2.60770337e-05
 1.37114181e-03 3.77488005e-07 1.43968421e-07 1.36293190e-09
 3.78737186e-06 2.14365669e-07]","[0.00092638 0.00162446 0.00087631 0.00079739 0.0012176  0.0010649
 0.00182748 0.00213206 0.00045967 0.00071847 0.00098944 0.00126624
 0.0025996  0.00109982 0.00141239 0.00150061 0.00182247 0.00115764
 0.00156236 0.00123346 0.00083303 0.00129211 0.00147808 0.00300193
 0.00082743 0.00109494 0.00142443 0.00151134 0.001333   0.00126731
 0.00085282 0.0016681  0.00102603 0.00126755 0.00059426 0.00100565
 0.0019803  0.00103748 0.00065613 0.00061226 0.00208783 0.00266039
 0.00200045 0.00102329 0.00093722 0.00161719 0.0009414  0.00091863
 0.00217354 0.0006218 ]","[0.00074852 0.0023104  0.00224137 0.00096309 0.00234187 0.00131834
 0.00267267 0.00261927 0.0013566  0.00061917 0.00213468 0.00093269
 0.00284433 0.00134599 0.00198483 0.00138128 0.00216222 0.00156367
 0.00106275 0.00088203 0.00154161 0.00151515 0.00147831 0.0030278
 0.00250423 0.0025413  0.00189078 0.00179946 0.00203025 0.00151622
 0.00083089 0.00262606 0.00106609 0.00261724 0.00089896 0.00141048
 0.00211608 0.00088274 0.00043547 0.00076294 0.00279582 0.00338495
 0.00228941 0.00131941 0.00059795 0.00242341 0.00225198 0.00240219
 0.0021013  0.00087416]","[0.0233466  0.0300844  0.02417203 0.02371584 0.02528573 0.02507353
 0.03524871 0.03416468 0.01819822 0.02036814 0.02297749 0.026625
 0.03608882 0.02502709 0.02684955 0.02784518 0.03037583 0.02490717
 0.02901915 0.02625789 0.02234147 0.02721997 0.02836485 0.03773187
 0.02468353 0.02751307 0.0278902  0.03021507 0.02672958 0.02649996
 0.021932   0.02917632 0.02467608 0.02616773 0.01916239 0.0234973
 0.03251713 0.02474917 0.01963391 0.01986231 0.0354958  0.03702735
 0.03047881 0.02352768 0.02270233 0.03011389 0.02301156 0.02523892
 0.03313803 0.01960455]","[0.02067703 0.03511534 0.03515504 0.02475473 0.03435467 0.02777021
 0.04105313 0.03698767 0.02970399 0.01881116 0.0324246  0.02137769
 0.03643662 0.02627971 0.0298218  0.02713505 0.03288021 0.02940197
 0.02554167 0.02223656 0.02791931 0.02638665 0.02732224 0.03875448
 0.03683487 0.04018951 0.03222244 0.03217112 0.03218729 0.02980492
 0.02072659 0.03692    0.02373874 0.03796438 0.02406169 0.02932478
 0.03536954 0.02175573 0.01790204 0.02100647 0.036707   0.04219368
 0.03229846 0.02721577 0.02014574 0.03676204 0.03714092 0.03961429
 0.03312163 0.02486748]",0.06767043966612167,0.11875952208454404,0.10095751369582766,0.14334688710073132,0.044383231499108694,0.08858970788407533,0.06225724058258711,0.11119626403112254,0.00014745193615146946,0.0003328611150048628,0.00034606232681625343,0.0004988607458688843,0.05437478306531906,0.05856345002174377,0.004197672426529436,0.00908543588807945,0.0013206934928894044,0.001748368740081787,0.0005648913769825232,0.0007499693121205504,0.02673067808016313,0.03021097321619739,0.004850149876985851,0.0065609200313301915
df1,0.28,1.0,0.0,0.0,0.72,0.0,1.0,"[2.68158880e-03 6.52148041e-03 1.67865304e-03 1.26822204e-04
 5.25376643e-03 9.92823487e-03 5.39576008e-02 3.27832948e-04
 4.70847031e-03 1.64147482e-02 3.73964604e-04 2.19294824e-02
 7.11507895e-04 2.68158880e-03 1.34646549e-02 9.92823487e-03
 2.22014992e-05 1.64147482e-02 1.48940867e-03 2.19294824e-02
 2.41040115e-02 8.06268875e-03 3.77043497e-03 2.41040115e-02
 5.25376643e-03 8.06755085e-04 1.48741570e-02 2.19294824e-02
 1.48741570e-02 7.52091658e-02 2.38884447e-03 9.92823487e-03
 2.19534247e-04 1.21765095e-02 1.48741570e-02 7.25488863e-03
 3.18171260e-02 1.03408932e-03 1.34646549e-02 4.95346404e-02
 2.38884447e-03 2.41482152e-01 1.10005675e-02 3.00718998e-03
 5.25376643e-03 6.38312357e-02 5.87165796e-02 3.00718998e-03
 3.36894521e-03 1.80967606e-02]","[2.19294824e-02 8.82599083e-02 1.99311438e-02 1.48940867e-03
 2.38884447e-03 3.00718998e-03 3.80948244e-02 3.73964604e-04
 1.89004559e-03 2.41482152e-01 8.15145929e-02 3.80948244e-02
 5.25376643e-03 5.25376643e-03 2.51182002e-04 4.70847031e-03
 1.20088801e-01 2.41482152e-01 1.20088801e-01 7.25488863e-03
 2.12592488e-03 3.36894521e-03 7.11507895e-04 1.34646549e-02
 1.89004559e-03 3.36894521e-03 2.19294824e-02 9.92823487e-03
 8.06268875e-03 3.91087390e-01 4.26159664e-04 7.52091658e-02
 5.87165796e-02 2.51182002e-04 2.41482152e-01 1.29372179e-01
 1.84885683e-01 1.99311438e-02 4.16212987e-02 3.80948244e-02
 5.85633896e-03 8.82599083e-02 5.25376643e-03 2.38884447e-03
 1.39231997e-01 1.29372179e-01 1.39231997e-01 6.24445815e-05
 7.52091658e-02 9.54673207e-02]","[2.68158880e-03 6.52148041e-03 1.67865304e-03 1.26822204e-04
 5.25376643e-03 9.92823487e-03 5.39576008e-02 3.27832948e-04
 4.70847031e-03 1.64147482e-02 3.73964604e-04 2.19294824e-02
 7.11507895e-04 2.68158880e-03 1.34646549e-02 9.92823487e-03
 2.22014992e-05 1.64147482e-02 1.48940867e-03 2.19294824e-02
 2.41040115e-02 8.06268875e-03 3.77043497e-03 2.41040115e-02
 5.25376643e-03 8.06755085e-04 1.48741570e-02 2.19294824e-02
 1.48741570e-02 7.52091658e-02 2.38884447e-03 9.92823487e-03
 2.19534247e-04 1.21765095e-02 1.48741570e-02 7.25488863e-03
 3.18171260e-02 1.03408932e-03 1.34646549e-02 4.95346404e-02
 2.38884447e-03 2.41482152e-01 1.10005675e-02 3.00718998e-03
 5.25376643e-03 6.38312357e-02 5.87165796e-02 3.00718998e-03
 3.36894521e-03 1.80967606e-02]","[2.19294824e-02 8.82599083e-02 1.99311438e-02 1.48940867e-03
 2.38884447e-03 3.00718998e-03 3.80948244e-02 3.73964604e-04
 1.89004559e-03 2.41482152e-01 8.15145929e-02 3.80948244e-02
 5.25376643e-03 5.25376643e-03 2.51182002e-04 4.70847031e-03
 1.20088801e-01 2.41482152e-01 1.20088801e-01 7.25488863e-03
 2.12592488e-03 3.36894521e-03 7.11507895e-04 1.34646549e-02
 1.89004559e-03 3.36894521e-03 2.19294824e-02 9.92823487e-03
 8.06268875e-03 3.91087390e-01 4.26159664e-04 7.52091658e-02
 5.87165796e-02 2.51182002e-04 2.41482152e-01 1.29372179e-01
 1.84885683e-01 1.99311438e-02 4.16212987e-02 3.80948244e-02
 5.85633896e-03 8.82599083e-02 5.25376643e-03 2.38884447e-03
 1.39231997e-01 1.29372179e-01 1.39231997e-01 6.24445815e-05
 7.52091658e-02 9.54673207e-02]","[8.55047853e-03 3.51475950e-03 3.68800535e-03 2.55494902e-04
 5.74933825e-03 8.13628353e-03 3.54440852e-02 4.22832174e-05
 5.33967174e-03 3.18976421e-03 3.40033135e-04 2.68679629e-03
 4.19822772e-04 2.12659059e-03 1.01624978e-02 5.11066511e-03
 7.98922675e-05 1.91798660e-02 5.13727865e-04 8.84778285e-03
 5.83871118e-03 3.05915317e-03 5.01396931e-03 1.85845470e-02
 5.46167757e-04 6.11111566e-04 1.54500314e-03 6.46226875e-03
 4.81729991e-03 2.33784193e-02 1.97582735e-03 2.65680024e-03
 4.86204937e-04 4.12305758e-03 1.32101341e-02 1.20683367e-02
 1.73730305e-02 1.35187684e-03 5.86033894e-03 4.72509541e-02
 4.91994408e-04 1.47711461e-01 2.13596323e-03 3.97968840e-03
 4.55040765e-03 1.38702166e-02 2.47642296e-02 6.81524008e-03
 1.19614852e-03 1.02506361e-02]","[0.0106376  0.10051119 0.00941854 0.0014656  0.00977167 0.00258334
 0.03929122 0.00193946 0.01135367 0.05183518 0.05421912 0.01985173
 0.00153292 0.00666424 0.00054542 0.01082626 0.04228963 0.11290902
 0.04158548 0.02689704 0.00909156 0.0028998  0.00147548 0.01283171
 0.00193403 0.00384669 0.01306935 0.00359562 0.00683395 0.29298487
 0.00079231 0.04903059 0.03321166 0.00263484 0.1011232  0.04676392
 0.14010745 0.00446672 0.0284235  0.02986627 0.01016563 0.0900432
 0.00964134 0.00303941 0.07017446 0.10231889 0.05415617 0.00042976
 0.06444102 0.08355551]","[1.91881710e-05 1.00000000e-05 1.00000000e-05 1.00000000e-05
 1.00000000e-05 1.00000000e-05 1.01435943e-05 1.00000000e-05
 1.00000000e-05 1.00000000e-05 1.00000000e-05 1.00000000e-05
 1.00000000e-05 1.00000000e-05 1.00000000e-05 1.00000000e-05
 1.00000000e-05 1.94341108e-05 1.00000000e-05 1.00000000e-05
 1.00000000e-05 1.00000000e-05 1.00000000e-05 1.43802658e-05
 1.00000000e-05 1.00000000e-05 1.00000000e-05 1.00000000e-05
 1.00000000e-05 6.52619568e-05 1.00000000e-05 1.00000000e-05
 1.00000000e-05 1.00000000e-05 1.24001154e-05 1.00000000e-05
 1.24570056e-05 1.00000000e-05 1.43870733e-05 4.51569509e-05
 1.00000000e-05 2.25918620e-04 1.00000000e-05 1.00000000e-05
 1.00000000e-05 1.74095593e-05 2.45061745e-05 1.00000000e-05
 1.00000000e-05 1.00000000e-05]","[6.00604207e-05 8.74978601e-05 2.02526169e-05 1.00000000e-05
 1.64343013e-05 1.00000000e-05 1.60155474e-05 1.00000000e-05
 1.75491715e-05 1.33071313e-04 1.32423398e-04 2.82227256e-05
 1.00000000e-05 1.00000000e-05 1.00000000e-05 1.00000000e-05
 1.08398595e-04 4.24126355e-04 8.42672081e-05 8.17865921e-05
 1.00000000e-05 1.00000000e-05 1.00000000e-05 2.74889367e-05
 1.00000000e-05 1.00000000e-05 1.05546093e-05 1.00000000e-05
 1.00000000e-05 1.53483115e-03 1.00000000e-05 1.26949629e-04
 4.42758967e-05 1.00000000e-05 1.91125107e-04 8.21757213e-05
 3.88241976e-04 1.19730733e-05 8.17015568e-05 6.63440605e-05
 1.00000000e-05 3.19298373e-04 6.31505868e-05 1.00000000e-05
 9.41355836e-05 4.30605351e-04 1.39570459e-04 1.00000000e-05
 7.35681424e-05 1.25197735e-04]","[0.05327104 0.05926928 0.06278142 0.06159197 0.06013183 0.06139907
 0.05788089 0.07109399 0.06454118 0.05964859 0.06714443 0.06945116
 0.06273773 0.06283248 0.05810159 0.06145402 0.07406001 0.06015264
 0.0560534  0.05880996 0.05898423 0.05577765 0.05597631 0.05212718
 0.05975837 0.05782585 0.05159395 0.058752   0.05821253 0.05825197
 0.06021328 0.06186802 0.06685534 0.06408261 0.06193664 0.06599335
 0.05619406 0.05414601 0.05865377 0.06018968 0.05560896 0.05413889
 0.06459057 0.05594151 0.05815127 0.05916625 0.05711917 0.05686454
 0.05988601 0.06349414]","[0.05048781 0.04791503 0.07860797 0.04898575 0.05281777 0.04764003
 0.0555575  0.07003318 0.06011005 0.06362809 0.06610855 0.06391737
 0.06871063 0.07396477 0.04926561 0.0729086  0.0760481  0.05032783
 0.05747171 0.05058056 0.06062351 0.05815701 0.06284141 0.05904912
 0.05621656 0.05867594 0.06471242 0.06445234 0.05799201 0.07207795
 0.06664429 0.06168428 0.06181736 0.0679512  0.05342245 0.06965935
 0.05502701 0.05955368 0.05721433 0.07385954 0.06279888 0.05791117
 0.05793574 0.06774143 0.07118031 0.07564456 0.06326028 0.05411435
 0.0567815  0.05994567]","[2.25558324e-05 1.50423867e-06 2.69454858e-07 4.87794765e-07
 9.95157473e-07 5.36501723e-07 2.88850324e-06 3.09876047e-09
 1.09669505e-07 1.25526098e-06 2.77153734e-08 7.82720076e-09
 2.75448190e-07 2.62609134e-07 2.60663052e-06 5.22167294e-07
 5.50484137e-10 9.85215099e-07 6.65872279e-06 1.86983729e-06
 1.72203667e-06 7.53547278e-06 6.89342845e-06 3.65815075e-05
 1.19095940e-06 2.96324129e-06 4.56667284e-05 1.92165086e-06
 2.47514065e-06 2.42995194e-06 9.56785474e-07 4.25457595e-07
 3.23763396e-08 1.38950713e-07 4.11202564e-07 5.12601003e-08
 6.25010118e-06 1.54718402e-05 2.01263796e-06 9.67752233e-07
 8.12534020e-06 1.55197092e-05 1.06898819e-07 7.00195966e-06
 2.54693753e-06 1.57970269e-06 4.10463934e-06 4.61142616e-06
 1.12018617e-06 1.87790400e-07]","[7.18262934e-05 1.98268858e-04 3.39033542e-11 1.30778329e-04
 2.73540011e-05 2.20304573e-04 8.31392832e-06 5.65088975e-09
 1.00566646e-06 1.75389305e-07 4.82237385e-08 1.51256766e-07
 1.18009544e-08 5.82532265e-10 1.17122966e-04 1.08573141e-09
 1.66148495e-10 7.66258884e-05 3.49058740e-06 6.91757446e-05
 7.84242973e-07 2.54012632e-06 2.61429883e-07 1.66993120e-06
 6.18701132e-06 1.99174591e-06 1.00350387e-07 1.14830054e-07
 2.74310806e-06 1.76053685e-09 3.62515022e-08 4.66025145e-07
 4.36288480e-07 1.78971991e-08 2.11406692e-05 6.96837243e-09
 1.05195641e-05 1.31353918e-06 3.92935836e-06 6.20062949e-10
 2.67094361e-07 2.84816830e-06 2.81583021e-06 2.00626965e-08
 2.94974716e-09 2.12429370e-10 2.11506008e-07 1.56859704e-05
 4.78934245e-06 1.08851805e-06]","[0.00059831 0.00091147 0.00251389 0.00116873 0.00128794 0.00156796
 0.0016433  0.00208533 0.00198221 0.00136292 0.00235963 0.00172365
 0.00134742 0.00150883 0.00094378 0.00154161 0.00351489 0.00182056
 0.00150049 0.00159991 0.00172591 0.00129843 0.00187337 0.00129354
 0.00154996 0.00101888 0.00093925 0.00265396 0.00199378 0.00263345
 0.00129616 0.00137854 0.00200057 0.00206888 0.00118732 0.00229371
 0.00065732 0.0011977  0.00128305 0.00256252 0.00183117 0.00079918
 0.00235355 0.00193596 0.00116026 0.0019089  0.00087416 0.00129724
 0.00178206 0.00162554]","[0.00053656 0.00046396 0.00289655 0.00054789 0.00134563 0.00122356
 0.00178599 0.00153828 0.0022862  0.00107872 0.0017755  0.0017941
 0.00145006 0.00198543 0.00102592 0.00161409 0.00329244 0.00126255
 0.00084257 0.00183213 0.00217843 0.00113416 0.00181055 0.00108266
 0.00143242 0.00132823 0.00082314 0.00261772 0.00159395 0.00474727
 0.00115812 0.00175071 0.00167704 0.00263417 0.001755   0.0034461
 0.00037742 0.00191605 0.00117326 0.0049156  0.00143754 0.00059378
 0.00224459 0.00302708 0.00246954 0.00261104 0.00112689 0.00103211
 0.00112081 0.00125265]","[0.02007466 0.02490709 0.03501661 0.02532178 0.02694178 0.02867914
 0.03160408 0.03255963 0.03137101 0.0270807  0.03364742 0.03067873
 0.0273395  0.02708597 0.02409416 0.02863842 0.04258009 0.0324738
 0.02904206 0.02823539 0.03070745 0.02629681 0.03158385 0.02616363
 0.02882882 0.02367369 0.02430042 0.03581901 0.03196288 0.03607847
 0.02693535 0.02725947 0.03187179 0.03021424 0.02525216 0.03522533
 0.02118882 0.02612512 0.02773582 0.03640481 0.03149386 0.02210287
 0.03391193 0.03325469 0.02581285 0.03281598 0.02331961 0.02648387
 0.03105826 0.02886677]","[0.01992254 0.01934254 0.03600952 0.0201936  0.02823823 0.02596186
 0.03238612 0.0294781  0.03264506 0.02338401 0.02877814 0.02929893
 0.02730823 0.03032135 0.02334851 0.02825046 0.04156746 0.02842196
 0.02089674 0.03143144 0.03524178 0.02361696 0.03161984 0.02339231
 0.02700821 0.02771703 0.02000626 0.034329   0.02936629 0.05318267
 0.0249835  0.03061207 0.02932045 0.03503174 0.03199028 0.04134196
 0.01680115 0.03306457 0.02439221 0.04804879 0.02704054 0.01864808
 0.0339182  0.03781995 0.03568444 0.03699593 0.02545991 0.02267305
 0.02423754 0.02605509]",0.018727580259162237,0.05938200715686317,0.03662774628939227,0.08346888303906806,0.010307140733127948,0.03658154532872944,0.02191613133847003,0.05145787792563918,1.721287196217386e-05,0.00010422588101334989,3.1557681680780525e-05,0.00023182472209225794,0.060095215926170356,0.06148065141916275,0.004619441719282895,0.008057729270927093,0.0016291427612304687,0.0017409229278564453,0.000585041245666098,0.0009641573336130198,0.029202412771950337,0.02933569214448552,0.004447479906227417,0.007295015673349543
df1,0.32,1.0,0.0,0.0,0.6799999999999999,0.0,1.0,"[1.10005675e-02 1.03408932e-03 6.52148041e-03 4.85152370e-04
 4.21554189e-03 3.77043497e-03 6.26876255e-04 2.19534247e-04
 1.91681353e-04 2.38884447e-03 2.22014992e-05 1.72496272e-01
 4.26159664e-04 3.36269816e-06 5.25376643e-03 1.34646549e-02
 7.11507895e-04 1.16899447e-03 1.48940867e-03 2.58137431e-05
 6.26876255e-04 1.99311438e-02 4.67045972e-05 2.22014992e-05
 5.25376643e-03 1.10005675e-02 2.51182002e-04 5.46398884e-06
 3.36894521e-03 3.00718998e-03 1.99311438e-02 1.80967606e-02
 1.40396435e-05 1.48741570e-02 7.52091658e-02 3.27832948e-04
 8.31541824e-05 2.38884447e-03 1.10287908e-04 1.99311438e-02
 3.00718998e-03 7.20954134e-05 1.32017364e-03 2.68158880e-03
 2.41040115e-02 4.26159664e-04 4.70847031e-03 1.89004559e-03
 5.51757155e-04 1.03408932e-03]","[1.29372179e-01 2.19294824e-02 2.64676308e-02 4.85152370e-04
 8.06268875e-03 4.70847031e-03 4.85152370e-04 3.73964604e-04
 1.16899447e-03 2.68158880e-03 1.48741570e-02 1.49691056e-01
 1.64147482e-02 3.00718998e-03 1.48741570e-02 1.80967606e-02
 9.54673207e-02 1.48741570e-02 3.48322136e-02 1.91681353e-04
 4.54286666e-02 3.29168072e-01 2.68158880e-03 1.67865304e-03
 6.52148041e-03 1.48741570e-02 5.51757155e-04 2.87103585e-04
 9.92823487e-03 1.21765095e-02 5.87165796e-02 1.99311438e-02
 9.54673207e-02 3.80948244e-02 1.03159376e-01 7.25488863e-03
 5.25376643e-03 1.80967606e-02 1.64147482e-02 3.10075730e-01
 9.92823487e-03 1.39231997e-01 2.12592488e-03 7.52091658e-02
 5.39576008e-02 5.25376643e-03 3.29168072e-01 3.48322136e-02
 1.67865304e-03 1.10005675e-02]","[1.10005675e-02 1.03408932e-03 6.52148041e-03 4.85152370e-04
 4.21554189e-03 3.77043497e-03 6.26876255e-04 2.19534247e-04
 1.91681353e-04 2.38884447e-03 2.22014992e-05 1.72496272e-01
 4.26159664e-04 3.36269816e-06 5.25376643e-03 1.34646549e-02
 7.11507895e-04 1.16899447e-03 1.48940867e-03 2.58137431e-05
 6.26876255e-04 1.99311438e-02 4.67045972e-05 2.22014992e-05
 5.25376643e-03 1.10005675e-02 2.51182002e-04 5.46398884e-06
 3.36894521e-03 3.00718998e-03 1.99311438e-02 1.80967606e-02
 1.40396435e-05 1.48741570e-02 7.52091658e-02 3.27832948e-04
 8.31541824e-05 2.38884447e-03 1.10287908e-04 1.99311438e-02
 3.00718998e-03 7.20954134e-05 1.32017364e-03 2.68158880e-03
 2.41040115e-02 4.26159664e-04 4.70847031e-03 1.89004559e-03
 5.51757155e-04 1.03408932e-03]","[1.29372179e-01 2.19294824e-02 2.64676308e-02 4.85152370e-04
 8.06268875e-03 4.70847031e-03 4.85152370e-04 3.73964604e-04
 1.16899447e-03 2.68158880e-03 1.48741570e-02 1.49691056e-01
 1.64147482e-02 3.00718998e-03 1.48741570e-02 1.80967606e-02
 9.54673207e-02 1.48741570e-02 3.48322136e-02 1.91681353e-04
 4.54286666e-02 3.29168072e-01 2.68158880e-03 1.67865304e-03
 6.52148041e-03 1.48741570e-02 5.51757155e-04 2.87103585e-04
 9.92823487e-03 1.21765095e-02 5.87165796e-02 1.99311438e-02
 9.54673207e-02 3.80948244e-02 1.03159376e-01 7.25488863e-03
 5.25376643e-03 1.80967606e-02 1.64147482e-02 3.10075730e-01
 9.92823487e-03 1.39231997e-01 2.12592488e-03 7.52091658e-02
 5.39576008e-02 5.25376643e-03 3.29168072e-01 3.48322136e-02
 1.67865304e-03 1.10005675e-02]","[8.67114504e-03 3.95009717e-04 3.22447590e-03 1.84356758e-03
 4.74336462e-03 3.37415109e-04 1.62783941e-03 8.02192834e-05
 2.05711775e-04 7.66041097e-04 3.72902629e-05 3.74926411e-02
 6.46527567e-05 2.01457118e-05 2.01714799e-03 1.27326755e-02
 1.57178625e-03 2.81535124e-04 8.73559123e-04 3.65934821e-06
 3.04746320e-04 1.76559416e-02 3.97406170e-05 6.07009053e-04
 1.90403017e-03 1.07658877e-02 4.00366676e-04 6.48620599e-05
 2.49441835e-03 3.62571178e-04 1.77273546e-02 3.15827330e-03
 1.60145976e-05 2.66899618e-03 1.09384627e-02 6.08054479e-05
 1.25159613e-04 1.62467017e-04 2.91207418e-04 1.81552008e-02
 2.53999481e-03 1.13419129e-04 1.92962811e-04 4.32170886e-04
 3.40416920e-02 3.02857462e-04 2.93770062e-03 6.87807523e-04
 2.43455166e-04 1.99631534e-04]","[9.17351781e-02 4.12658903e-03 6.52661055e-02 1.55994178e-04
 2.04431478e-02 8.47526069e-03 4.69051405e-03 2.87595664e-04
 1.58596165e-03 5.64237724e-03 8.80934270e-03 6.69374896e-02
 1.79522236e-02 3.89773147e-03 3.14798993e-03 2.03201911e-02
 2.18756549e-02 3.02948971e-02 2.17942057e-02 6.19035231e-04
 1.55115774e-02 1.40135303e-01 3.07433876e-04 2.57186336e-03
 6.31194702e-03 7.24030610e-03 1.40677014e-03 2.86087552e-04
 1.92685748e-02 8.51193750e-03 1.26342057e-01 1.28857843e-02
 2.81945855e-02 6.36159809e-02 5.95906078e-02 5.36937117e-03
 6.85190108e-03 1.71008292e-02 4.30318876e-02 2.78459871e-01
 7.68605588e-03 9.02877279e-02 9.97575220e-03 2.80603104e-02
 6.40041598e-02 8.45265314e-03 8.77604360e-02 1.80249656e-02
 1.62192657e-03 1.41539557e-02]","[1.00000000e-05 1.00000000e-05 1.00000000e-05 1.00000000e-05
 1.00000000e-05 1.00000000e-05 1.00000000e-05 1.00000000e-05
 1.00000000e-05 1.00000000e-05 1.00000000e-05 5.45475921e-05
 1.00000000e-05 1.00000000e-05 1.00000000e-05 1.00000000e-05
 1.00000000e-05 1.00000000e-05 1.00000000e-05 1.00000000e-05
 1.00000000e-05 1.94347173e-05 1.00000000e-05 1.00000000e-05
 1.00000000e-05 1.00000000e-05 1.00000000e-05 1.00000000e-05
 1.00000000e-05 1.00000000e-05 1.19413488e-05 1.00000000e-05
 1.00000000e-05 1.00000000e-05 1.18204699e-05 1.00000000e-05
 1.00000000e-05 1.00000000e-05 1.00000000e-05 1.98473885e-05
 1.00000000e-05 1.00000000e-05 1.00000000e-05 1.00000000e-05
 1.00000000e-05 1.00000000e-05 1.00000000e-05 1.00000000e-05
 1.00000000e-05 1.00000000e-05]","[8.98257865e-05 1.00000000e-05 5.30960912e-05 1.00000000e-05
 2.36356744e-05 1.68667770e-05 1.00000000e-05 1.00000000e-05
 1.00000000e-05 1.00000000e-05 1.00000000e-05 3.24117429e-04
 1.00000000e-05 1.00000000e-05 1.00000000e-05 2.79537044e-05
 2.87905276e-05 3.02178480e-05 2.95254636e-05 1.00000000e-05
 2.40742505e-05 6.23412841e-04 1.00000000e-05 1.00000000e-05
 1.42509756e-05 2.30531185e-05 1.00000000e-05 1.00000000e-05
 3.91779283e-05 1.00000000e-05 1.13670305e-04 1.24177185e-05
 4.46031387e-05 4.51752383e-05 1.79100101e-04 1.00000000e-05
 1.00000000e-05 1.26836459e-05 6.46428989e-05 6.99459547e-04
 1.65276420e-05 1.09659544e-04 1.00000000e-05 4.82403061e-05
 7.28928911e-05 1.00000000e-05 2.28083441e-04 1.62008511e-05
 1.00000000e-05 2.13614281e-05]","[0.06384951 0.07098184 0.06350631 0.0657669  0.06134665 0.0645659
 0.06638922 0.05865356 0.06463981 0.0822886  0.07443245 0.06628589
 0.06072591 0.06853802 0.05791996 0.06405042 0.06967702 0.07408916
 0.06735752 0.06637168 0.07665259 0.05824463 0.06132377 0.06339026
 0.06250062 0.0551343  0.06084441 0.05963966 0.06275687 0.06693405
 0.06133598 0.05838633 0.0724076  0.07203941 0.054402   0.06694638
 0.07352345 0.06626943 0.07010229 0.06631863 0.06069966 0.07472385
 0.05937991 0.06080273 0.06341181 0.06628794 0.05748492 0.06426216
 0.05937077 0.05987173]","[0.05847287 0.07022969 0.06420168 0.05419725 0.07356434 0.06008101
 0.06679714 0.06094934 0.06856486 0.0767009  0.07777584 0.0607231
 0.06706104 0.07170881 0.04737777 0.05584664 0.07088519 0.08092935
 0.06640097 0.08284541 0.08368163 0.05248969 0.05535672 0.05943597
 0.06141903 0.05615609 0.06850446 0.05285474 0.06414131 0.05883689
 0.05479446 0.06940769 0.07005864 0.06351424 0.06759166 0.05815715
 0.06356726 0.05972689 0.07760787 0.06425022 0.06100514 0.06568065
 0.06023309 0.05887107 0.06057318 0.08013642 0.05489867 0.05919043
 0.05044826 0.06724763]","[1.56610893e-07 3.30339415e-09 1.86629312e-07 5.77793024e-08
 5.50530752e-07 1.08274555e-07 4.15391380e-08 2.01283746e-06
 1.04204108e-07 3.14450376e-12 4.40896121e-10 4.38880595e-08
 7.46108304e-07 1.29778469e-08 2.83654964e-06 1.41269734e-07
 6.89987971e-09 5.41024440e-10 2.47044346e-08 4.19290086e-08
 1.14701543e-10 2.43830667e-06 5.56764864e-07 1.97987646e-07
 3.10298766e-07 1.00325210e-05 7.04211855e-07 1.26063300e-06
 2.72806835e-07 3.10368310e-08 5.53431316e-07 2.28190119e-06
 1.45420086e-09 1.80022472e-09 1.38400778e-05 3.08318183e-08
 7.56452372e-10 4.42738867e-08 5.43548048e-09 4.31302208e-08
 7.55707860e-07 3.70311015e-10 1.42708074e-06 7.18682926e-07
 1.95829868e-07 4.38403211e-08 3.46939736e-06 1.26679919e-07
 1.43330664e-06 1.12789820e-06]","[2.19117836e-06 5.05916521e-09 1.30691270e-07 1.51310849e-05
 7.38412360e-10 1.01984580e-06 3.34026792e-08 6.69017152e-07
 1.27875990e-08 1.11340197e-10 5.71660312e-11 7.47129385e-07
 2.89883220e-08 2.17850607e-09 2.43460686e-04 7.30625400e-06
 3.49027596e-09 7.66393577e-12 4.12799179e-08 2.17365001e-12
 1.24255437e-12 3.14196855e-05 9.09072929e-06 1.38945601e-06
 5.31251260e-07 6.35797016e-06 1.32195810e-08 2.69286866e-05
 1.34817237e-07 1.84622911e-06 1.16543101e-05 8.01912947e-09
 5.57059373e-09 1.85877009e-07 2.17626251e-08 2.53995820e-06
 1.80919707e-07 1.20906330e-06 6.34811943e-11 1.27462063e-07
 6.50998833e-07 6.04683315e-08 9.47669071e-07 1.81666406e-06
 8.03669276e-07 1.27985922e-11 1.11320012e-05 1.56167473e-06
 7.29854170e-05 2.62151309e-08]","[0.00100648 0.00225079 0.00105202 0.00199056 0.00147676 0.00314486
 0.00155783 0.0019201  0.00225365 0.0022229  0.00416076 0.00206041
 0.00277889 0.00242865 0.00321794 0.00162613 0.00236869 0.00339615
 0.00318289 0.00188565 0.00404942 0.00173795 0.0023582  0.00221109
 0.00204074 0.00134385 0.00138855 0.00238621 0.00221694 0.00272918
 0.00193787 0.00240695 0.00379097 0.00303471 0.00205123 0.00308406
 0.00190401 0.00297236 0.00259721 0.00209761 0.001966   0.00512433
 0.00362635 0.00241506 0.00182796 0.00329757 0.00208139 0.00198007
 0.00261092 0.00221622]","[0.00110161 0.00261354 0.00132239 0.00104749 0.0021981  0.00201046
 0.00112879 0.00145292 0.00271833 0.0024308  0.00449657 0.00130451
 0.00350869 0.00181174 0.00204599 0.00125146 0.0022769  0.00380373
 0.00396705 0.00167263 0.00545526 0.00069869 0.00159824 0.00160718
 0.00199962 0.00158024 0.00165224 0.00090003 0.00195134 0.00169849
 0.00182557 0.0020858  0.00328815 0.00284719 0.00156724 0.00284612
 0.00220871 0.00321794 0.0025177  0.00204802 0.00219309 0.00449204
 0.00236797 0.00213766 0.00224483 0.00485671 0.00144231 0.00122821
 0.00223017 0.00318956]","[0.02364949 0.03620215 0.02572204 0.03231655 0.02848671 0.04082262
 0.02833029 0.03232708 0.03365264 0.03327096 0.04561169 0.03335379
 0.03654321 0.03428331 0.04044577 0.03040895 0.03412712 0.04169987
 0.04113426 0.03161086 0.04304906 0.0305546  0.03471183 0.03288551
 0.03250029 0.02656418 0.02714754 0.03525363 0.03343298 0.03703165
 0.03206224 0.03546191 0.0417687  0.03908297 0.03309641 0.03918981
 0.03029403 0.03691298 0.03648002 0.03164946 0.03137253 0.04755283
 0.04295101 0.03305199 0.03072082 0.04094322 0.03273426 0.032187
 0.03560581 0.03275607]","[0.02701503 0.03860334 0.02750304 0.02306434 0.03426964 0.03232929
 0.02482169 0.02701087 0.03592757 0.03507716 0.04815405 0.02513668
 0.04339189 0.02977924 0.03217604 0.02700791 0.03209218 0.04556206
 0.04664492 0.0275945  0.05049396 0.02005175 0.02809104 0.02812884
 0.03116737 0.02900442 0.03039315 0.02208969 0.03121616 0.02901517
 0.03059335 0.03179273 0.03866159 0.03576149 0.02536128 0.03869751
 0.03300054 0.03902644 0.03548888 0.03230247 0.03467198 0.04606271
 0.03444612 0.03398609 0.03347627 0.05014264 0.0277162  0.02560892
 0.03147188 0.04026467]",0.009195849942264219,0.04632412603587026,0.02639629616179107,0.08021761904279312,0.004131701802700547,0.03142160208841799,0.008119653791449225,0.04891948068737382,1.135183033149574e-05,6.485434227388525e-05,6.524965551611068e-06,0.00013694269338205542,0.06493768908262253,0.06430300770282746,0.005883061329355188,0.008636678009187883,0.002429342269897461,0.0022828006744384766,0.0008188862639304548,0.00105857493679995,0.03466009336628917,0.03322693549584446,0.005132206798085968,0.007293357626569957
df1,0.36,1.0,0.0,0.0,0.64,0.0,1.0,"[1.02917236e-05 4.21554189e-03 8.31541824e-05 1.03408932e-03
 5.40313022e-05 6.24445815e-05 1.32017364e-03 2.05084189e-06
 7.20954134e-05 9.13835051e-04 1.10287908e-04 1.63732496e-05
 1.45688880e-04 4.21554189e-03 1.26822204e-04 1.10287908e-04
 1.45688880e-04 1.26822204e-04 1.03408932e-03 9.13835051e-04
 2.22014992e-05 3.73964604e-04 8.06755085e-04 5.25376643e-03
 8.06755085e-04 1.45688880e-04 2.22014992e-05 1.90755446e-05
 5.40313022e-05 2.38884447e-03 2.38884447e-03 1.48940867e-03
 6.26876255e-04 3.69535722e-07 7.20954134e-05 2.42077577e-06
 1.16899447e-03 2.87103585e-04 4.70847031e-03 2.87103585e-04
 2.58137431e-05 2.16691945e-07 9.58129418e-05 7.11507895e-04
 2.22014992e-05 2.51182002e-04 8.31541824e-05 4.21554189e-03
 4.03308445e-05 2.12592488e-03]","[5.24820678e-07 9.13835051e-04 1.45688880e-04 1.48940867e-03
 9.13835051e-04 1.03408932e-03 2.87103585e-04 2.51182002e-04
 1.16899447e-03 3.80948244e-02 2.58137431e-05 2.19534247e-04
 6.26876255e-04 9.58129418e-05 9.13835051e-04 1.72496272e-01
 8.06268875e-03 1.21765095e-02 3.36894521e-03 4.70847031e-03
 4.21554189e-03 2.87103585e-04 2.90339156e-02 1.48741570e-02
 2.19294824e-02 8.31541824e-05 7.11507895e-04 7.11507895e-04
 9.92823487e-03 1.99311438e-02 4.54286666e-02 2.90339156e-02
 1.67194217e-04 2.38884447e-03 1.20265345e-05 3.36894521e-03
 8.15145929e-02 8.95145539e-03 4.95346404e-02 5.40313022e-05
 3.80948244e-02 1.45688880e-04 3.47919250e-05 3.48322136e-02
 4.03308445e-05 2.41040115e-02 5.87165796e-02 8.06268875e-03
 4.70847031e-03 1.16899447e-03]","[1.02917236e-05 4.21554189e-03 8.31541824e-05 1.03408932e-03
 5.40313022e-05 6.24445815e-05 1.32017364e-03 2.05084189e-06
 7.20954134e-05 9.13835051e-04 1.10287908e-04 1.63732496e-05
 1.45688880e-04 4.21554189e-03 1.26822204e-04 1.10287908e-04
 1.45688880e-04 1.26822204e-04 1.03408932e-03 9.13835051e-04
 2.22014992e-05 3.73964604e-04 8.06755085e-04 5.25376643e-03
 8.06755085e-04 1.45688880e-04 2.22014992e-05 1.90755446e-05
 5.40313022e-05 2.38884447e-03 2.38884447e-03 1.48940867e-03
 6.26876255e-04 3.69535722e-07 7.20954134e-05 2.42077577e-06
 1.16899447e-03 2.87103585e-04 4.70847031e-03 2.87103585e-04
 2.58137431e-05 2.16691945e-07 9.58129418e-05 7.11507895e-04
 2.22014992e-05 2.51182002e-04 8.31541824e-05 4.21554189e-03
 4.03308445e-05 2.12592488e-03]","[5.24820678e-07 9.13835051e-04 1.45688880e-04 1.48940867e-03
 9.13835051e-04 1.03408932e-03 2.87103585e-04 2.51182002e-04
 1.16899447e-03 3.80948244e-02 2.58137431e-05 2.19534247e-04
 6.26876255e-04 9.58129418e-05 9.13835051e-04 1.72496272e-01
 8.06268875e-03 1.21765095e-02 3.36894521e-03 4.70847031e-03
 4.21554189e-03 2.87103585e-04 2.90339156e-02 1.48741570e-02
 2.19294824e-02 8.31541824e-05 7.11507895e-04 7.11507895e-04
 9.92823487e-03 1.99311438e-02 4.54286666e-02 2.90339156e-02
 1.67194217e-04 2.38884447e-03 1.20265345e-05 3.36894521e-03
 8.15145929e-02 8.95145539e-03 4.95346404e-02 5.40313022e-05
 3.80948244e-02 1.45688880e-04 3.47919250e-05 3.48322136e-02
 4.03308445e-05 2.41040115e-02 5.87165796e-02 8.06268875e-03
 4.70847031e-03 1.16899447e-03]","[5.12211375e-06 8.37221055e-04 2.38516377e-05 1.96990061e-04
 8.08897700e-05 2.46620748e-05 2.76679667e-04 1.68271140e-05
 8.41884341e-05 2.34653827e-04 3.61399155e-04 1.58007604e-05
 8.62318817e-05 4.83384782e-03 7.12737338e-05 4.03051280e-04
 6.31888175e-05 2.84239149e-04 2.63030708e-04 3.82969485e-04
 3.05844262e-05 4.80060753e-04 4.54903475e-04 1.15194611e-03
 1.99176641e-03 2.74765943e-04 1.24189159e-05 4.01962329e-05
 1.89874737e-04 6.86897843e-04 1.77396500e-04 3.43476279e-05
 8.47352220e-04 4.46397221e-06 7.02199965e-05 1.01612355e-06
 5.59158316e-04 1.63682049e-04 1.89484360e-03 2.47794884e-05
 3.14632911e-05 6.51514781e-07 1.98332653e-05 1.93431666e-04
 9.17438539e-05 1.24984265e-04 2.45798064e-04 6.60554516e-03
 1.01971104e-05 9.68352899e-05]","[9.37006870e-06 5.22041243e-03 6.67230496e-04 5.31794760e-04
 9.35786700e-04 1.27384697e-03 8.24141699e-04 6.28970617e-05
 5.69281040e-04 5.08485182e-02 2.97914786e-04 1.18564315e-04
 2.18780975e-03 1.24101275e-04 6.88152260e-03 1.09274950e-01
 1.53475773e-02 2.38439869e-03 3.33267814e-03 1.05294631e-03
 4.30549355e-03 4.59857464e-04 2.08583111e-02 8.86224946e-03
 2.06959334e-02 9.20570407e-05 2.21168022e-04 5.98626017e-04
 3.40182588e-02 5.84748310e-02 2.82006638e-02 9.82037626e-03
 1.56619620e-03 1.26374529e-03 1.59082570e-04 2.88708303e-04
 4.36362807e-02 5.73081855e-03 7.33177189e-02 6.82676669e-05
 1.06663213e-02 1.11349575e-04 7.66379581e-04 3.01684461e-02
 1.14679425e-04 1.38603724e-02 3.23515368e-02 4.28221988e-03
 3.17185745e-03 3.55428195e-03]","[1.e-05 1.e-05 1.e-05 1.e-05 1.e-05 1.e-05 1.e-05 1.e-05 1.e-05 1.e-05
 1.e-05 1.e-05 1.e-05 1.e-05 1.e-05 1.e-05 1.e-05 1.e-05 1.e-05 1.e-05
 1.e-05 1.e-05 1.e-05 1.e-05 1.e-05 1.e-05 1.e-05 1.e-05 1.e-05 1.e-05
 1.e-05 1.e-05 1.e-05 1.e-05 1.e-05 1.e-05 1.e-05 1.e-05 1.e-05 1.e-05
 1.e-05 1.e-05 1.e-05 1.e-05 1.e-05 1.e-05 1.e-05 1.e-05 1.e-05 1.e-05]","[1.00000000e-05 1.00000000e-05 1.00000000e-05 1.00000000e-05
 1.00000000e-05 1.00000000e-05 1.00000000e-05 1.00000000e-05
 1.00000000e-05 1.19977340e-05 1.00000000e-05 1.00000000e-05
 1.00000000e-05 1.00000000e-05 1.00000000e-05 2.22028044e-04
 1.00000000e-05 1.00000000e-05 1.00000000e-05 1.00000000e-05
 1.00000000e-05 1.00000000e-05 1.15812950e-05 1.00000000e-05
 2.61857179e-05 1.00000000e-05 1.00000000e-05 1.00000000e-05
 1.00000000e-05 3.13133005e-05 3.53638065e-05 1.00000000e-05
 1.00000000e-05 1.00000000e-05 1.00000000e-05 1.00000000e-05
 3.09489220e-05 1.00000000e-05 6.00167880e-05 1.00000000e-05
 1.00000000e-05 1.00000000e-05 1.00000000e-05 3.26592000e-05
 1.00000000e-05 1.84221745e-05 3.50220917e-05 1.00000000e-05
 1.00000000e-05 1.00000000e-05]","[0.07200431 0.06928512 0.07474433 0.0702667  0.07293608 0.06893425
 0.06155292 0.07166668 0.06617432 0.0642726  0.06365379 0.07863813
 0.06653067 0.06997252 0.07262412 0.07332963 0.06973463 0.0652763
 0.06229932 0.06048573 0.07077068 0.0687763  0.06632712 0.0657535
 0.06756725 0.06539163 0.07658556 0.08285392 0.07182094 0.0719256
 0.06578008 0.07371318 0.06149558 0.08275901 0.06911899 0.08481687
 0.06408664 0.07651637 0.0704722  0.06958219 0.07418938 0.07389811
 0.06948303 0.07183133 0.06032512 0.06277205 0.06588808 0.06501288
 0.07011243 0.07102158]","[0.07267808 0.06142669 0.07049354 0.06263814 0.0641696  0.06579304
 0.05805374 0.06146023 0.06191568 0.0610442  0.05186068 0.07641439
 0.0654294  0.05747116 0.06976537 0.07329389 0.07103185 0.06509242
 0.06707429 0.04653521 0.07818663 0.06727884 0.06240395 0.07823453
 0.05796431 0.06140133 0.07261991 0.07629349 0.06125023 0.0626539
 0.06522422 0.07251865 0.05427162 0.09059918 0.06488462 0.0898928
 0.06128425 0.07394029 0.07194856 0.06334639 0.07398219 0.07433022
 0.07112696 0.07838822 0.05760572 0.06437596 0.06805    0.0569119
 0.07987121 0.06081363]","[1.83712666e-09 8.58528031e-09 3.65788312e-10 4.95468652e-09
 1.06840815e-09 1.04297191e-08 4.97296651e-07 2.23197244e-09
 4.65693126e-08 1.25999927e-07 1.73102704e-07 3.32639478e-11
 3.85205975e-08 5.84683270e-09 1.28200116e-09 8.48001116e-10
 6.68100903e-09 7.47822609e-08 3.43202785e-07 8.38536435e-07
 3.72503333e-09 1.13810110e-08 4.29356584e-08 5.81891868e-08
 2.20526347e-08 7.03944719e-08 1.19530060e-10 2.16138446e-12
 2.04223906e-09 1.92258515e-09 5.73786670e-08 6.76217764e-10
 5.11572917e-07 2.30221273e-12 9.41512409e-09 5.76327006e-13
 1.38663553e-07 1.24722317e-10 4.41174021e-09 7.27540785e-09
 5.09694678e-10 6.06041515e-10 7.68935759e-09 2.03004670e-09
 9.06416374e-07 2.70729313e-07 5.41964730e-08 8.58227780e-08
 5.40456823e-09 3.22943204e-09]","[1.24228748e-09 5.29249700e-07 4.35879660e-09 2.89597228e-07
 1.32868068e-07 5.69875659e-08 2.66539860e-06 5.20571377e-07
 4.15507952e-07 6.38667491e-07 4.08821678e-05 1.32780591e-10
 6.90125904e-08 3.49148444e-06 6.56701980e-09 8.66029624e-10
 3.21057442e-09 8.23324588e-08 2.87824433e-08 3.34387761e-04
 4.42009121e-11 2.57772294e-08 3.25700264e-07 4.28910878e-11
 2.77867737e-06 5.35904897e-07 1.28514784e-09 1.42995908e-10
 5.77267175e-07 2.87312416e-07 7.68494862e-08 1.36323874e-09
 1.46493446e-05 9.79657877e-15 9.17558615e-08 1.63511652e-14
 5.67693056e-07 5.91059143e-10 1.89725721e-09 2.02453938e-07
 5.76536034e-10 4.68649242e-10 3.04099869e-09 3.89401101e-11
 3.28121246e-06 1.19453568e-07 1.69577426e-08 4.51282572e-06
 1.51760518e-11 7.14868508e-07]","[0.00328887 0.00216103 0.00394392 0.0030905  0.00262499 0.00398993
 0.00218308 0.00253153 0.00215638 0.00295448 0.00264108 0.00370181
 0.00326335 0.00181794 0.00361836 0.00367248 0.00402582 0.00235808
 0.00312603 0.00273001 0.00301969 0.00301564 0.0023917  0.00167167
 0.00354671 0.00160062 0.00360596 0.00404084 0.00337017 0.00247848
 0.00325084 0.00307071 0.0021652  0.00347877 0.00344849 0.00538492
 0.00330353 0.00364649 0.00299013 0.00344086 0.00258315 0.00292957
 0.00224173 0.00296664 0.00295579 0.0035876  0.00191796 0.00178695
 0.00318778 0.00226974]","[0.00249267 0.00159287 0.003497   0.00248635 0.00145948 0.0030874
 0.00126827 0.00165188 0.00157416 0.00235057 0.00225258 0.00270081
 0.00262058 0.00155723 0.00285423 0.00305128 0.00327253 0.00199938
 0.00319731 0.00172472 0.00263691 0.00178409 0.00212252 0.00156713
 0.00266385 0.0011518  0.00248289 0.00303817 0.00240254 0.00174665
 0.0024184  0.00226533 0.00134981 0.0043956  0.00302839 0.00480843
 0.00212443 0.00297344 0.00340915 0.00224304 0.002702   0.00194311
 0.00138569 0.00301898 0.00172889 0.0037595  0.00199413 0.00100124
 0.00291741 0.00105834]","[0.04021694 0.03323106 0.04367239 0.03940522 0.03563873 0.04406185
 0.03446672 0.03406096 0.03309508 0.03863544 0.03647911 0.04303097
 0.04009413 0.03050421 0.04245167 0.0408066  0.04376094 0.03493995
 0.03939562 0.03778312 0.03825616 0.03955223 0.03418604 0.02970642
 0.04139408 0.02877912 0.04160933 0.04404045 0.03984284 0.03521526
 0.03964783 0.03933797 0.03330736 0.03894593 0.0403839  0.0501629
 0.04145567 0.04224875 0.03711629 0.04164064 0.03602225 0.03918929
 0.03446736 0.03723962 0.03975668 0.04221565 0.03271394 0.03054685
 0.03895531 0.03447853]","[0.03591343 0.02833693 0.03939015 0.03453863 0.02626497 0.03871133
 0.02642326 0.03028482 0.02816502 0.03319507 0.03590971 0.03669645
 0.03753916 0.02765009 0.03766275 0.03898371 0.0403152  0.03120307
 0.04101549 0.03044574 0.03602762 0.02953823 0.03225242 0.02777406
 0.03623956 0.02437676 0.03367536 0.03856112 0.03528819 0.03287556
 0.03302459 0.03447612 0.02805992 0.04733077 0.03820617 0.04698134
 0.03464313 0.0373647  0.04156038 0.03276023 0.03761427 0.02872977
 0.02687286 0.04146112 0.03002584 0.04497908 0.03299053 0.02351495
 0.03625195 0.02363574]",0.0008641960693924389,0.014781257997918669,0.0013817194004343935,0.02909528278106094,0.0005011455353057381,0.012272636615586108,0.0011699584449032076,0.021845076487297017,1e-05,1.811078147549299e-05,0.0,3.103116099651217e-05,0.06970059454560279,0.0671059066414833,0.005601296622469582,0.008781850649635792,0.0029845595359802245,0.00237626314163208,0.0007426338024766418,0.0008312918942820142,0.03816290747358278,0.03411474640348275,0.004332677128904441,0.005766021043900572
df1,0.4,1.0,0.0,0.0,0.6,0.0,1.0,"[4.99357648e-08 1.81007354e-07 2.87103585e-04 8.79830246e-06
 4.70847031e-03 4.40608072e-07 7.11507895e-04 1.02917236e-05
 7.51402754e-06 1.26822204e-04 4.85152370e-04 8.31541824e-05
 2.19534247e-04 2.87103585e-04 3.95729931e-06 8.31541824e-05
 2.87103585e-04 1.02917236e-05 5.46398884e-06 2.19534247e-04
 8.79830246e-06 3.27832948e-04 1.63732496e-05 6.24445815e-05
 2.87103585e-04 4.65235514e-06 2.42077577e-06 1.89004559e-03
 2.85456402e-06 5.51757155e-04 1.45688880e-04 4.26159664e-04
 5.51757155e-04 3.69535722e-07 1.67865304e-03 2.51182002e-04
 2.99835482e-05 1.40396435e-05 1.45688880e-04 5.46398884e-06
 4.03308445e-05 2.18488808e-09 4.67045972e-05 2.12592488e-03
 6.26876255e-04 4.26159664e-04 1.90755446e-05 9.58129418e-05
 1.91681353e-04 1.73569175e-06]","[8.31541824e-05 4.70847031e-03 2.51182002e-04 5.46398884e-06
 7.25488863e-03 6.26876255e-04 2.68158880e-03 1.45688880e-04
 2.90339156e-02 2.51182002e-04 8.06268875e-03 9.13835051e-04
 4.26159664e-04 4.03308445e-05 5.39576008e-02 2.19534247e-04
 4.21554189e-03 5.46398884e-06 1.20265345e-05 7.11507895e-04
 4.54286666e-02 2.68158880e-03 1.10287908e-04 5.51757155e-04
 1.67194217e-04 9.58129418e-05 7.42361542e-07 4.70847031e-03
 2.12592488e-03 2.90339156e-02 3.47919250e-05 2.38884447e-03
 8.06755085e-04 8.79830246e-06 1.48940867e-03 3.77043497e-03
 6.52148041e-03 1.91681353e-04 9.92823487e-03 3.36269816e-06
 3.73964604e-04 1.73569175e-06 1.32017364e-03 6.52148041e-03
 1.89004559e-03 1.91681353e-04 1.32017364e-03 1.10287908e-04
 6.24445815e-05 3.36894521e-03]","[4.99357648e-08 1.81007354e-07 2.87103585e-04 8.79830246e-06
 4.70847031e-03 4.40608072e-07 7.11507895e-04 1.02917236e-05
 7.51402754e-06 1.26822204e-04 4.85152370e-04 8.31541824e-05
 2.19534247e-04 2.87103585e-04 3.95729931e-06 8.31541824e-05
 2.87103585e-04 1.02917236e-05 5.46398884e-06 2.19534247e-04
 8.79830246e-06 3.27832948e-04 1.63732496e-05 6.24445815e-05
 2.87103585e-04 4.65235514e-06 2.42077577e-06 1.89004559e-03
 2.85456402e-06 5.51757155e-04 1.45688880e-04 4.26159664e-04
 5.51757155e-04 3.69535722e-07 1.67865304e-03 2.51182002e-04
 2.99835482e-05 1.40396435e-05 1.45688880e-04 5.46398884e-06
 4.03308445e-05 2.18488808e-09 4.67045972e-05 2.12592488e-03
 6.26876255e-04 4.26159664e-04 1.90755446e-05 9.58129418e-05
 1.91681353e-04 1.73569175e-06]","[8.31541824e-05 4.70847031e-03 2.51182002e-04 5.46398884e-06
 7.25488863e-03 6.26876255e-04 2.68158880e-03 1.45688880e-04
 2.90339156e-02 2.51182002e-04 8.06268875e-03 9.13835051e-04
 4.26159664e-04 4.03308445e-05 5.39576008e-02 2.19534247e-04
 4.21554189e-03 5.46398884e-06 1.20265345e-05 7.11507895e-04
 4.54286666e-02 2.68158880e-03 1.10287908e-04 5.51757155e-04
 1.67194217e-04 9.58129418e-05 7.42361542e-07 4.70847031e-03
 2.12592488e-03 2.90339156e-02 3.47919250e-05 2.38884447e-03
 8.06755085e-04 8.79830246e-06 1.48940867e-03 3.77043497e-03
 6.52148041e-03 1.91681353e-04 9.92823487e-03 3.36269816e-06
 3.73964604e-04 1.73569175e-06 1.32017364e-03 6.52148041e-03
 1.89004559e-03 1.91681353e-04 1.32017364e-03 1.10287908e-04
 6.24445815e-05 3.36894521e-03]","[1.12932403e-07 3.03673029e-07 4.37102891e-05 1.59581787e-05
 6.42953624e-04 1.86318594e-06 6.71703530e-05 2.86391320e-06
 1.16267898e-05 5.75197667e-05 9.61710361e-05 1.15333259e-05
 1.87938819e-03 8.82505062e-05 3.22685027e-06 1.66947801e-05
 3.90425841e-05 1.05854716e-06 4.92901502e-06 5.65399797e-06
 3.16935904e-05 1.92203784e-05 1.32497641e-05 3.32795829e-06
 2.29954846e-04 8.08106872e-07 1.43025532e-06 9.15414813e-04
 1.94468130e-06 1.61828120e-05 1.95419753e-05 2.62285209e-05
 1.19639156e-05 3.10626744e-08 1.63619033e-03 2.68049756e-05
 2.41258449e-05 2.51170372e-04 1.47601047e-05 1.04357041e-05
 7.02854107e-05 5.02729453e-08 7.94311750e-05 3.90134671e-04
 5.20498795e-05 7.79106350e-05 2.61944074e-06 9.65091789e-05
 3.03708508e-06 4.60270147e-06]","[2.23926379e-04 1.21127612e-03 3.26702309e-04 3.74134978e-05
 1.06154012e-02 6.82231278e-04 3.67753498e-03 2.67265187e-04
 9.52585548e-03 4.05185986e-04 1.29162029e-03 6.71541465e-04
 8.07194220e-04 4.57635356e-05 1.18511504e-02 8.68582418e-05
 1.90454989e-03 1.73965842e-05 1.48934862e-05 4.13390876e-03
 3.00188738e-02 3.97131349e-03 1.97766593e-04 4.10147984e-03
 1.37289917e-03 4.51577556e-05 1.27545584e-05 4.02659808e-03
 5.06178611e-03 1.30155214e-02 1.30243218e-04 3.88764850e-03
 2.11579985e-03 3.68282124e-05 2.58748261e-03 4.76953781e-03
 1.92978398e-03 1.06219678e-03 5.90864082e-03 2.09873642e-05
 3.51281735e-04 6.88520745e-06 1.41004223e-03 1.88176251e-03
 6.14817817e-04 4.32343481e-04 5.28172009e-04 1.90279675e-04
 2.56788957e-04 7.17114859e-04]","[1.e-05 1.e-05 1.e-05 1.e-05 1.e-05 1.e-05 1.e-05 1.e-05 1.e-05 1.e-05
 1.e-05 1.e-05 1.e-05 1.e-05 1.e-05 1.e-05 1.e-05 1.e-05 1.e-05 1.e-05
 1.e-05 1.e-05 1.e-05 1.e-05 1.e-05 1.e-05 1.e-05 1.e-05 1.e-05 1.e-05
 1.e-05 1.e-05 1.e-05 1.e-05 1.e-05 1.e-05 1.e-05 1.e-05 1.e-05 1.e-05
 1.e-05 1.e-05 1.e-05 1.e-05 1.e-05 1.e-05 1.e-05 1.e-05 1.e-05 1.e-05]","[1.00000000e-05 1.00000000e-05 1.00000000e-05 1.00000000e-05
 1.32456673e-05 1.00000000e-05 1.00000000e-05 1.00000000e-05
 1.00000000e-05 1.00000000e-05 1.00000000e-05 1.00000000e-05
 1.00000000e-05 1.00000000e-05 1.00000000e-05 1.00000000e-05
 1.00000000e-05 1.00000000e-05 1.00000000e-05 1.00000000e-05
 1.00000000e-05 1.00000000e-05 1.00000000e-05 1.00000000e-05
 1.00000000e-05 1.00000000e-05 1.00000000e-05 1.00000000e-05
 1.00000000e-05 1.00000000e-05 1.00000000e-05 1.00000000e-05
 1.00000000e-05 1.00000000e-05 1.00000000e-05 1.00000000e-05
 1.00000000e-05 1.00000000e-05 1.00000000e-05 1.00000000e-05
 1.00000000e-05 1.00000000e-05 1.00000000e-05 1.00000000e-05
 1.00000000e-05 1.00000000e-05 1.00000000e-05 1.00000000e-05
 1.00000000e-05 1.00000000e-05]","[0.07986395 0.08143893 0.07212916 0.07093376 0.06954549 0.07395334
 0.07759677 0.07892386 0.07298077 0.07443792 0.07176219 0.07452172
 0.06860622 0.07718978 0.08056877 0.07336015 0.07401765 0.07858045
 0.0659069  0.07236589 0.0775804  0.07029153 0.06913485 0.07405626
 0.06995303 0.08145954 0.07990845 0.07779975 0.07258394 0.08138312
 0.06852749 0.08391974 0.08336741 0.08277748 0.08230396 0.07257511
 0.06729809 0.07031003 0.07433447 0.07448011 0.07209608 0.06874248
 0.07862224 0.07560243 0.07376087 0.07123457 0.0824456  0.07376326
 0.06948393 0.0790768 ]","[0.08423673 0.07488209 0.06817025 0.07402059 0.05437465 0.06930371
 0.09163573 0.0717606  0.06187141 0.06749379 0.06938346 0.06378066
 0.06110762 0.06235903 0.07059813 0.0708445  0.08251151 0.0613028
 0.05658585 0.07161515 0.08401256 0.0633996  0.0625444  0.06568148
 0.06343018 0.08347889 0.07562472 0.06545891 0.0682207  0.07200547
 0.06827317 0.07718879 0.07762504 0.07706984 0.07130264 0.06419204
 0.06052611 0.07583588 0.07463326 0.06873554 0.06845436 0.06274529
 0.0686847  0.08456448 0.07990008 0.06422255 0.08009401 0.06775665
 0.06935472 0.07279801]","[1.52469349e-11 5.49747678e-12 1.70911783e-09 3.39511339e-09
 7.42600814e-09 5.86497775e-10 6.39216682e-11 2.77634560e-11
 1.04080257e-09 4.39458553e-10 2.11256967e-09 4.17980925e-10
 1.24997663e-08 8.23159913e-11 9.68278662e-12 8.32898536e-10
 5.64517449e-10 3.44973921e-11 5.36599028e-08 1.48987495e-09
 6.45768604e-11 4.88577816e-09 9.33262952e-09 5.51713240e-10
 5.91115933e-09 5.42383894e-12 1.48178335e-11 5.63188789e-11
 1.31237285e-09 5.70178470e-12 1.30532446e-08 1.05855148e-12
 1.53414922e-12 2.27411155e-12 3.11274094e-12 1.31914476e-09
 2.55105734e-08 4.83503344e-09 4.67461628e-10 4.28514211e-10
 1.74216028e-09 1.15954146e-08 3.35992910e-11 2.17932586e-10
 6.57394489e-10 2.85966662e-09 2.83430815e-12 6.56463633e-10
 7.68547355e-09 2.51963717e-11]","[8.54548206e-13 3.36743423e-10 1.58790056e-08 5.63532638e-10
 1.40061981e-05 8.49695248e-09 4.58612080e-15 2.11450903e-09
 4.24742627e-07 2.29483364e-08 8.12808004e-09 1.62231085e-07
 6.19126263e-07 3.33104990e-07 4.10814459e-09 3.57198577e-09
 2.71320596e-12 5.62538524e-07 5.23497565e-06 2.29909669e-09
 9.94314255e-13 1.97049910e-07 3.03557478e-07 6.04417990e-08
 1.94007445e-07 1.42372663e-12 2.15004152e-10 6.79514543e-08
 1.54464888e-08 1.83589673e-09 1.50089721e-08 8.23667091e-11
 6.28056647e-11 8.86627757e-11 2.75045825e-09 1.31341538e-07
 8.22260532e-07 1.89099332e-10 3.90979871e-10 1.16398793e-08
 1.35886527e-08 2.74401439e-07 1.19708731e-08 6.84289025e-13
 1.48976581e-11 1.29292950e-07 1.31525822e-11 1.98973656e-08
 8.25916115e-09 1.15826896e-09]","[0.00437534 0.00437963 0.00275004 0.00457871 0.00335312 0.00463295
 0.00433254 0.00432718 0.00421667 0.00334918 0.00274265 0.00335646
 0.00282943 0.0022999  0.00371122 0.00467086 0.003021   0.00438237
 0.00339806 0.0043025  0.00346565 0.00364816 0.00336277 0.00417721
 0.00313771 0.00490761 0.00449371 0.00252974 0.00437737 0.00363421
 0.0020833  0.00504315 0.0038321  0.00457549 0.00464725 0.00203264
 0.00297475 0.00339198 0.00452828 0.00424933 0.00269592 0.00431919
 0.00431061 0.0031811  0.00362611 0.00317943 0.00410497 0.00275254
 0.00289643 0.00478828]","[0.00332177 0.00318766 0.00203693 0.00307059 0.00174129 0.00359833
 0.00418198 0.00257814 0.00312364 0.00273812 0.00187337 0.00145447
 0.0019865  0.0013361  0.00156844 0.00270677 0.00359404 0.0020684
 0.00146389 0.00318849 0.00292897 0.00195098 0.00281966 0.00287795
 0.00199449 0.00402713 0.00283098 0.00135398 0.00181973 0.00278687
 0.00138915 0.00334716 0.00286746 0.0036968  0.00416446 0.00088799
 0.00164306 0.0045228  0.00407946 0.00319219 0.00184834 0.00213587
 0.00292909 0.00316405 0.00223804 0.00194597 0.00289416 0.00158358
 0.00246918 0.0033896 ]","[0.04651743 0.04496977 0.03717333 0.04820024 0.04142322 0.04780148
 0.04606694 0.04389373 0.04489697 0.04058232 0.0381596  0.04134479
 0.03786479 0.03397654 0.04395419 0.04756248 0.0388596  0.04655119
 0.0416524  0.04386869 0.03979553 0.04163637 0.0398433  0.04500124
 0.03869409 0.04899896 0.04730107 0.0345293  0.04699769 0.04116098
 0.03257866 0.04855044 0.04292131 0.04678269 0.04603527 0.03210373
 0.03744376 0.04113242 0.04624182 0.04532609 0.03581991 0.04654021
 0.04504817 0.03902206 0.04228452 0.03935477 0.0438878  0.03706223
 0.03791422 0.04790333]","[0.03901312 0.03759607 0.03203695 0.03819271 0.02961156 0.04243552
 0.04561138 0.03463051 0.03947187 0.03609877 0.02955254 0.02810829
 0.03207718 0.02585515 0.02861791 0.03575216 0.0411669  0.03274959
 0.02742379 0.04003046 0.03748603 0.03223433 0.0378729  0.03939675
 0.0301698  0.04277243 0.036743   0.02571436 0.0300675  0.03517109
 0.02705936 0.0401453  0.03846921 0.04325595 0.04436654 0.02247738
 0.02827911 0.04491048 0.0451755  0.03922718 0.02963237 0.03249575
 0.0361482  0.03962517 0.03229319 0.03073346 0.03371126 0.02719175
 0.0358564  0.04083542]",0.0003504640483162825,0.004776323728890391,0.0007794524631183435,0.011016356258636402,0.00014042284006673622,0.002769209154867558,0.0003726917291493185,0.005035835255465372,1e-05,1.0064913345093081e-05,0.0,4.5900666504818866e-07,0.07495113398194313,0.07051304616689683,0.004790497287872678,0.007918398408452189,0.003719136714935303,0.002611961364746094,0.0007973235432845987,0.0008851274727893991,0.04226463244576077,0.035110992092944916,0.004493663282130054,0.005880596068965314
df1,0.44,1.0,0.0,0.0,0.56,0.0,1.0,"[3.69535722e-07 1.40396435e-05 7.42361542e-07 4.40608072e-07
 2.18488808e-09 4.03308445e-05 2.16691945e-07 7.25098046e-08
 8.72433497e-08 6.24445815e-05 1.40396435e-05 4.65235514e-06
 3.95729931e-06 4.67045972e-05 2.85456402e-06 7.42361542e-07
 1.63732496e-05 1.63732496e-05 8.31541824e-05 1.63732496e-05
 8.81579698e-07 3.42511079e-08 2.83236331e-08 3.95729931e-06
 1.40396435e-05 7.28113471e-09 3.27832948e-04 1.02917236e-05
 2.85456402e-06 1.23948622e-06 2.05084189e-06 7.28113471e-09
 4.13773042e-08 7.20954134e-05 8.81579698e-07 3.73964604e-04
 2.99835482e-05 1.40396435e-05 6.24499263e-07 8.86732425e-09
 1.04585220e-06 7.11507895e-04 1.40396435e-05 3.27832948e-04
 1.23948622e-06 8.31541824e-05 1.63732496e-05 1.63732496e-05
 5.46398884e-06 5.46398884e-06]","[2.87103585e-04 6.02037032e-08 1.02917236e-05 3.00718998e-03
 4.40608072e-07 1.89004559e-03 3.47919250e-05 1.59199965e-08
 1.90755446e-05 1.34646549e-02 4.67045972e-05 3.27832948e-04
 1.63732496e-05 4.85152370e-04 3.27832948e-04 1.67194217e-04
 7.51402754e-06 2.22014992e-05 8.06755085e-04 2.87103585e-04
 6.24445815e-05 7.25098046e-08 2.22014992e-05 5.24820678e-07
 1.89004559e-03 1.18065325e-09 3.00718998e-03 1.91681353e-04
 1.67194217e-04 8.06268875e-03 2.19534247e-04 4.65235514e-06
 1.40396435e-05 1.91681353e-04 9.58129418e-05 7.11507895e-04
 1.45688880e-04 8.31541824e-05 4.03308445e-05 4.99357648e-08
 4.21554189e-03 1.89004559e-03 1.73569175e-06 3.77043497e-03
 7.51402754e-06 4.03308445e-05 2.99835482e-05 3.73964604e-04
 9.58129418e-05 5.40313022e-05]","[3.69535722e-07 1.40396435e-05 7.42361542e-07 4.40608072e-07
 2.18488808e-09 4.03308445e-05 2.16691945e-07 7.25098046e-08
 8.72433497e-08 6.24445815e-05 1.40396435e-05 4.65235514e-06
 3.95729931e-06 4.67045972e-05 2.85456402e-06 7.42361542e-07
 1.63732496e-05 1.63732496e-05 8.31541824e-05 1.63732496e-05
 8.81579698e-07 3.42511079e-08 2.83236331e-08 3.95729931e-06
 1.40396435e-05 7.28113471e-09 3.27832948e-04 1.02917236e-05
 2.85456402e-06 1.23948622e-06 2.05084189e-06 7.28113471e-09
 4.13773042e-08 7.20954134e-05 8.81579698e-07 3.73964604e-04
 2.99835482e-05 1.40396435e-05 6.24499263e-07 8.86732425e-09
 1.04585220e-06 7.11507895e-04 1.40396435e-05 3.27832948e-04
 1.23948622e-06 8.31541824e-05 1.63732496e-05 1.63732496e-05
 5.46398884e-06 5.46398884e-06]","[2.87103585e-04 6.02037032e-08 1.02917236e-05 3.00718998e-03
 4.40608072e-07 1.89004559e-03 3.47919250e-05 1.59199965e-08
 1.90755446e-05 1.34646549e-02 4.67045972e-05 3.27832948e-04
 1.63732496e-05 4.85152370e-04 3.27832948e-04 1.67194217e-04
 7.51402754e-06 2.22014992e-05 8.06755085e-04 2.87103585e-04
 6.24445815e-05 7.25098046e-08 2.22014992e-05 5.24820678e-07
 1.89004559e-03 1.18065325e-09 3.00718998e-03 1.91681353e-04
 1.67194217e-04 8.06268875e-03 2.19534247e-04 4.65235514e-06
 1.40396435e-05 1.91681353e-04 9.58129418e-05 7.11507895e-04
 1.45688880e-04 8.31541824e-05 4.03308445e-05 4.99357648e-08
 4.21554189e-03 1.89004559e-03 1.73569175e-06 3.77043497e-03
 7.51402754e-06 4.03308445e-05 2.99835482e-05 3.73964604e-04
 9.58129418e-05 5.40313022e-05]","[1.34098088e-06 3.59495498e-06 4.69512503e-07 8.48291415e-09
 5.24377874e-09 1.98203992e-05 2.94225078e-06 5.60569833e-08
 5.81956145e-08 2.85108666e-06 3.23134241e-06 4.82304702e-06
 5.21482702e-07 1.13642206e-05 1.07953201e-06 7.99469780e-07
 8.57897787e-07 1.14740640e-06 1.40363347e-05 1.00580904e-06
 1.18491304e-06 4.86773457e-08 6.32920679e-08 2.96550261e-06
 3.82257455e-05 6.42896458e-09 2.26649647e-05 8.90962973e-06
 1.09626516e-06 7.49804382e-07 9.87241301e-07 1.39264633e-06
 4.58712025e-08 5.97660749e-05 3.52321069e-07 3.00321500e-05
 1.28909483e-06 2.28266501e-06 1.70412280e-06 1.23731853e-07
 1.67002881e-07 3.17529685e-04 4.58487002e-06 4.23560489e-05
 6.34547585e-07 1.61865471e-05 1.42340751e-06 2.64103197e-05
 7.19099342e-07 7.86549770e-07]","[1.17639964e-03 8.37390750e-07 8.42002820e-05 7.16278775e-04
 3.20835370e-07 2.58415895e-03 2.32107430e-05 1.06077316e-08
 1.91944644e-05 1.60061381e-03 1.14217108e-04 1.96688318e-04
 1.20807313e-04 1.33721797e-03 2.92824148e-04 4.15350884e-04
 2.31388228e-05 8.58367866e-06 8.02524306e-04 5.02642844e-04
 1.08236953e-04 6.20694297e-06 4.38469778e-04 2.15145544e-05
 3.91076347e-03 1.35945311e-09 1.83311312e-03 2.81280926e-04
 1.63638682e-04 1.16728087e-03 3.19155503e-05 1.39751821e-04
 8.63529371e-05 4.24542150e-04 1.63404603e-04 2.86487723e-03
 4.74189117e-05 4.77984451e-04 4.17309497e-05 6.43857403e-07
 3.66643812e-04 1.71809749e-03 2.97832899e-05 3.20533488e-03
 6.06584921e-06 1.85252727e-05 1.10235081e-04 8.45809580e-04
 5.51521013e-05 5.39617209e-05]","[1.e-05 1.e-05 1.e-05 1.e-05 1.e-05 1.e-05 1.e-05 1.e-05 1.e-05 1.e-05
 1.e-05 1.e-05 1.e-05 1.e-05 1.e-05 1.e-05 1.e-05 1.e-05 1.e-05 1.e-05
 1.e-05 1.e-05 1.e-05 1.e-05 1.e-05 1.e-05 1.e-05 1.e-05 1.e-05 1.e-05
 1.e-05 1.e-05 1.e-05 1.e-05 1.e-05 1.e-05 1.e-05 1.e-05 1.e-05 1.e-05
 1.e-05 1.e-05 1.e-05 1.e-05 1.e-05 1.e-05 1.e-05 1.e-05 1.e-05 1.e-05]","[1.e-05 1.e-05 1.e-05 1.e-05 1.e-05 1.e-05 1.e-05 1.e-05 1.e-05 1.e-05
 1.e-05 1.e-05 1.e-05 1.e-05 1.e-05 1.e-05 1.e-05 1.e-05 1.e-05 1.e-05
 1.e-05 1.e-05 1.e-05 1.e-05 1.e-05 1.e-05 1.e-05 1.e-05 1.e-05 1.e-05
 1.e-05 1.e-05 1.e-05 1.e-05 1.e-05 1.e-05 1.e-05 1.e-05 1.e-05 1.e-05
 1.e-05 1.e-05 1.e-05 1.e-05 1.e-05 1.e-05 1.e-05 1.e-05 1.e-05 1.e-05]","[0.08453642 0.06999238 0.08107801 0.08767249 0.08130079 0.07733066
 0.08159495 0.08724223 0.08437379 0.08864327 0.07901171 0.08474121
 0.08488896 0.07154913 0.07717878 0.07359797 0.07743528 0.08842027
 0.07702915 0.07207441 0.07517549 0.08763214 0.07991203 0.07940169
 0.07150972 0.08275105 0.09042635 0.08107897 0.0855266  0.08480677
 0.0891527  0.07683122 0.07867595 0.07072534 0.07903024 0.07055634
 0.08435009 0.08113179 0.07466852 0.07763325 0.07665594 0.08053948
 0.07342522 0.07975153 0.08256454 0.07721354 0.07582762 0.0737309
 0.0811861  0.08774723]","[0.06564197 0.05609316 0.05762562 0.07678712 0.07400065 0.07725948
 0.06954    0.07609496 0.07943102 0.08103374 0.06175233 0.08083756
 0.07302155 0.05808377 0.06206482 0.06451708 0.06319873 0.0802354
 0.06974707 0.05986101 0.0786531  0.08112001 0.0708781  0.07220664
 0.06851746 0.08382399 0.07721315 0.06094059 0.07205062 0.08732165
 0.08483891 0.0575655  0.05684822 0.06804672 0.06400401 0.06488744
 0.06651352 0.0717084  0.06994311 0.08024332 0.07159759 0.07380013
 0.07186094 0.06025417 0.07484837 0.06612713 0.06629583 0.07092968
 0.06608721 0.07626619]","[6.97452743e-13 5.78197225e-09 6.95749788e-12 7.96922684e-14
 6.01681570e-12 7.54276028e-11 4.96368311e-12 1.07822867e-13
 7.78804837e-13 4.00674136e-14 2.62592728e-11 6.06802681e-13
 5.48694280e-13 2.38798635e-09 8.28790257e-11 7.23887177e-10
 7.06805629e-11 4.69550449e-14 9.09230905e-11 1.76414039e-09
 2.82193485e-10 8.19890195e-14 1.47838227e-11 2.04908335e-11
 2.44263683e-09 2.31442549e-12 1.11089089e-14 6.95314970e-12
 3.54636278e-13 5.80308418e-13 2.78458411e-14 1.02746942e-10
 3.24787354e-11 3.82220254e-09 2.59522356e-11 4.20655349e-09
 7.91413755e-13 6.71797699e-12 3.82804336e-10 6.24851596e-11
 1.14465192e-10 9.86801802e-12 8.01572081e-10 1.63859926e-11
 2.61949265e-12 8.11127385e-11 1.90052258e-10 6.69162738e-10
 6.48433155e-12 7.56034605e-14]","[6.17132124e-08 6.54067795e-06 3.25116997e-06 1.05579809e-10
 5.70249415e-10 7.88341907e-11 7.44880758e-09 1.61460276e-10
 2.01110729e-11 7.16091483e-12 4.50582361e-07 8.13476267e-12
 1.01622900e-09 2.62837195e-06 3.85800777e-07 1.11047036e-07
 2.18214609e-07 1.20082943e-11 6.63466795e-09 1.13372073e-06
 3.29509715e-11 6.76972009e-12 3.50438385e-09 1.63410905e-09
 1.31254127e-08 1.12907771e-12 8.11322831e-11 6.71884702e-07
 1.78858667e-09 1.01982593e-13 5.67738604e-13 3.34274848e-06
 4.64588813e-06 1.69881362e-08 1.44678107e-07 9.16210354e-08
 3.88750217e-08 2.17902004e-09 5.94417292e-09 1.19472082e-11
 2.32241641e-09 6.42286569e-10 1.99567206e-09 9.38061851e-07
 3.43635724e-10 4.77506399e-08 4.36565302e-08 3.40299561e-09
 4.87727300e-08 1.45406757e-10]","[0.00383008 0.00317085 0.00481272 0.00637209 0.00422931 0.00287867
 0.00397468 0.00521302 0.00630617 0.00421846 0.00489283 0.00517404
 0.00568616 0.00441456 0.00442481 0.00375426 0.00411355 0.00349462
 0.00594461 0.00450718 0.00611746 0.0066247  0.00386989 0.00365531
 0.00491941 0.00487769 0.00680232 0.00457203 0.00445294 0.0044446
 0.00467432 0.00337422 0.0044266  0.00243914 0.00500405 0.00324166
 0.00434184 0.00425541 0.00372839 0.00492871 0.00491071 0.00404382
 0.00410485 0.00392401 0.00408745 0.00405872 0.00454497 0.00412905
 0.0032649  0.00436914]","[0.00215697 0.00159323 0.00200927 0.00364435 0.00281703 0.0021764
 0.00235593 0.00285733 0.00492227 0.00253856 0.00265479 0.00360072
 0.00309289 0.00204134 0.0021925  0.0018127  0.00224006 0.00278962
 0.00337136 0.00305319 0.00533557 0.00489914 0.0022397  0.00256932
 0.00372124 0.00282371 0.00406849 0.00265479 0.00295556 0.00323582
 0.00260949 0.0017066  0.00243163 0.00117159 0.00277257 0.00172162
 0.00182116 0.00194621 0.00279069 0.00408447 0.00335789 0.00294793
 0.0035795  0.00169468 0.002478   0.00232697 0.00286222 0.0033257
 0.00185919 0.00290513]","[0.04292771 0.03913213 0.04864075 0.05466939 0.04568621 0.03756684
 0.04513532 0.05039318 0.05413429 0.04555695 0.04725664 0.04965415
 0.05069197 0.04686359 0.04615677 0.04391448 0.04545918 0.03988097
 0.05426391 0.04711744 0.05375051 0.05455323 0.0428212  0.0408272
 0.0485575  0.0483202  0.05664893 0.04664409 0.04507449 0.04578975
 0.04806918 0.04077235 0.04651815 0.03463822 0.04894364 0.03966807
 0.04610965 0.04547401 0.04209182 0.04904438 0.04728126 0.04431215
 0.04478733 0.0443246  0.04329024 0.04308452 0.04726643 0.04370389
 0.04017065 0.04439806]","[0.03285115 0.02841747 0.03191444 0.0416789  0.03745242 0.03487786
 0.03456992 0.03743423 0.04681972 0.03504196 0.03460938 0.04211837
 0.03822194 0.03162409 0.03258295 0.03084385 0.03356475 0.03629691
 0.03971353 0.03930235 0.04868907 0.04653436 0.03311017 0.03409253
 0.04185643 0.03648833 0.04216226 0.03519915 0.0384386  0.03817857
 0.03472346 0.02943678 0.0343831  0.02345612 0.03672516 0.02994159
 0.02983636 0.03217431 0.035649   0.04358912 0.03932426 0.03767395
 0.04093612 0.02850616 0.03345531 0.03389521 0.03608632 0.04047361
 0.03064199 0.0368885 ]",4.722660393410038e-05,0.0009319645338755903,0.00012614618882954312,0.00232913575398547,1.3094058540259468e-05,0.0005727591816577538,4.570828863495642e-05,0.0009130531735597656,1e-05,1e-05,0.0,0.0,0.07998620338797569,0.07044437497496606,0.005520803210375057,0.008074384900851436,0.0044720196723937984,0.002776341438293457,0.0009419139051981304,0.0008782639275977089,0.04604075180763619,0.03604964133108741,0.004617949139134075,0.005048692771198997
df1,0.48,1.0,0.0,0.0,0.52,0.0,1.0,"[2.33983459e-08 3.09615598e-07 1.04864874e-07 7.51402754e-06
 4.40608072e-07 2.33983459e-08 6.41076366e-06 2.59150246e-07
 6.24499263e-07 8.79830246e-06 6.02037032e-08 6.24499263e-07
 1.04864874e-07 1.73569175e-06 3.47919250e-05 1.46749215e-06
 1.02917236e-05 5.24820678e-07 2.22014992e-05 1.04585220e-06
 1.90755446e-05 1.51046944e-07 2.16691945e-07 1.18065325e-09
 8.79830246e-06 2.59150246e-07 1.20265345e-05 2.71047184e-10
 1.91681353e-04 6.02037032e-08 8.79830246e-06 3.36269816e-06
 2.85456402e-06 8.81579698e-07 1.93100400e-08 1.46749215e-06
 6.24499263e-07 5.46398884e-06 1.25918603e-07 8.72433497e-08
 1.93100400e-08 5.46398884e-06 7.42361542e-07 8.72433497e-08
 1.81007354e-07 8.81579698e-07 1.54554888e-11 2.16691945e-07
 4.99357648e-08 1.02917236e-05]","[2.99835482e-05 1.20265345e-05 1.21765095e-02 4.85152370e-04
 1.02917236e-05 2.16691945e-07 6.26876255e-04 7.20954134e-05
 4.40608072e-07 7.51402754e-06 1.10287908e-04 3.00718998e-03
 5.40313022e-05 1.32017364e-03 8.31541824e-05 8.06755085e-04
 1.26822204e-04 2.38884447e-03 7.20954134e-05 4.67045972e-05
 2.58137431e-05 1.40396435e-05 4.65235514e-06 4.65235514e-06
 6.52148041e-03 7.11507895e-04 4.67045972e-05 7.28113471e-09
 1.48940867e-03 1.23948622e-06 8.31541824e-05 1.91681353e-04
 2.12592488e-03 2.22014992e-05 1.02917236e-05 2.42077577e-06
 9.58129418e-05 2.22014992e-05 2.05084189e-06 1.46749215e-06
 1.81007354e-07 1.90755446e-05 6.24445815e-05 2.87103585e-04
 5.51757155e-04 6.24445815e-05 7.28113471e-09 3.36269816e-06
 1.02917236e-05 1.20265345e-05]","[2.33983459e-08 3.09615598e-07 1.04864874e-07 7.51402754e-06
 4.40608072e-07 2.33983459e-08 6.41076366e-06 2.59150246e-07
 6.24499263e-07 8.79830246e-06 6.02037032e-08 6.24499263e-07
 1.04864874e-07 1.73569175e-06 3.47919250e-05 1.46749215e-06
 1.02917236e-05 5.24820678e-07 2.22014992e-05 1.04585220e-06
 1.90755446e-05 1.51046944e-07 2.16691945e-07 1.18065325e-09
 8.79830246e-06 2.59150246e-07 1.20265345e-05 2.71047184e-10
 1.91681353e-04 6.02037032e-08 8.79830246e-06 3.36269816e-06
 2.85456402e-06 8.81579698e-07 1.93100400e-08 1.46749215e-06
 6.24499263e-07 5.46398884e-06 1.25918603e-07 8.72433497e-08
 1.93100400e-08 5.46398884e-06 7.42361542e-07 8.72433497e-08
 1.81007354e-07 8.81579698e-07 1.54554888e-11 2.16691945e-07
 4.99357648e-08 1.02917236e-05]","[2.99835482e-05 1.20265345e-05 1.21765095e-02 4.85152370e-04
 1.02917236e-05 2.16691945e-07 6.26876255e-04 7.20954134e-05
 4.40608072e-07 7.51402754e-06 1.10287908e-04 3.00718998e-03
 5.40313022e-05 1.32017364e-03 8.31541824e-05 8.06755085e-04
 1.26822204e-04 2.38884447e-03 7.20954134e-05 4.67045972e-05
 2.58137431e-05 1.40396435e-05 4.65235514e-06 4.65235514e-06
 6.52148041e-03 7.11507895e-04 4.67045972e-05 7.28113471e-09
 1.48940867e-03 1.23948622e-06 8.31541824e-05 1.91681353e-04
 2.12592488e-03 2.22014992e-05 1.02917236e-05 2.42077577e-06
 9.58129418e-05 2.22014992e-05 2.05084189e-06 1.46749215e-06
 1.81007354e-07 1.90755446e-05 6.24445815e-05 2.87103585e-04
 5.51757155e-04 6.24445815e-05 7.28113471e-09 3.36269816e-06
 1.02917236e-05 1.20265345e-05]","[1.73994453e-08 5.27894405e-08 3.87685224e-07 2.37469896e-06
 1.72984663e-08 4.18088263e-08 1.29432216e-07 7.91600122e-08
 1.70904655e-07 3.92975464e-07 1.92195572e-08 9.40011651e-08
 1.98366802e-08 9.75524478e-08 1.04229039e-05 6.22230730e-08
 1.21019035e-07 3.57332224e-06 1.32127201e-06 1.38153189e-06
 8.23119127e-07 1.53092896e-07 1.05407353e-07 5.78161243e-08
 1.02827164e-07 9.33491576e-07 7.31288527e-07 5.55250157e-09
 1.64033869e-04 9.11809073e-10 5.53106174e-07 3.34247762e-07
 6.71083392e-07 3.41975706e-08 8.07996559e-10 3.98509143e-07
 6.16182949e-09 2.92832448e-06 6.29208103e-08 8.57289906e-10
 5.06187940e-08 1.17227762e-05 1.06444797e-08 6.45267977e-08
 9.95616133e-07 5.53537566e-08 4.53214133e-11 1.05885328e-08
 8.82686392e-07 7.59282045e-07]","[4.40478762e-04 4.74172144e-05 4.01844520e-03 1.38073032e-04
 2.20475951e-06 1.72671672e-06 5.58710882e-04 1.76147547e-04
 2.21532746e-06 6.69789498e-05 1.09747285e-04 1.78263119e-03
 3.91812180e-05 3.32347272e-04 1.34587426e-04 3.80194161e-04
 8.70160644e-05 1.83338409e-03 8.21230099e-04 1.97923899e-05
 9.73572188e-05 8.39921850e-05 1.53620021e-05 1.22610533e-07
 9.37330162e-04 4.04248657e-04 5.69810292e-05 1.14234741e-07
 6.40554339e-04 7.89551062e-06 9.99002937e-05 4.31731997e-04
 1.39222914e-03 1.05433653e-05 3.99952506e-06 1.46079839e-05
 6.08808484e-05 2.56451078e-05 1.74568047e-04 2.75952730e-05
 1.33362988e-07 6.67668928e-06 2.55266496e-04 2.37050324e-04
 9.81886575e-04 2.32599232e-04 1.43690615e-08 1.48121165e-05
 1.05038318e-04 7.86977669e-05]","[1.e-05 1.e-05 1.e-05 1.e-05 1.e-05 1.e-05 1.e-05 1.e-05 1.e-05 1.e-05
 1.e-05 1.e-05 1.e-05 1.e-05 1.e-05 1.e-05 1.e-05 1.e-05 1.e-05 1.e-05
 1.e-05 1.e-05 1.e-05 1.e-05 1.e-05 1.e-05 1.e-05 1.e-05 1.e-05 1.e-05
 1.e-05 1.e-05 1.e-05 1.e-05 1.e-05 1.e-05 1.e-05 1.e-05 1.e-05 1.e-05
 1.e-05 1.e-05 1.e-05 1.e-05 1.e-05 1.e-05 1.e-05 1.e-05 1.e-05 1.e-05]","[1.e-05 1.e-05 1.e-05 1.e-05 1.e-05 1.e-05 1.e-05 1.e-05 1.e-05 1.e-05
 1.e-05 1.e-05 1.e-05 1.e-05 1.e-05 1.e-05 1.e-05 1.e-05 1.e-05 1.e-05
 1.e-05 1.e-05 1.e-05 1.e-05 1.e-05 1.e-05 1.e-05 1.e-05 1.e-05 1.e-05
 1.e-05 1.e-05 1.e-05 1.e-05 1.e-05 1.e-05 1.e-05 1.e-05 1.e-05 1.e-05
 1.e-05 1.e-05 1.e-05 1.e-05 1.e-05 1.e-05 1.e-05 1.e-05 1.e-05 1.e-05]","[0.08345708 0.08145097 0.09907597 0.07881815 0.08953632 0.08848568
 0.08920653 0.08706771 0.09033122 0.08141253 0.08815581 0.07981487
 0.08825865 0.08408899 0.0740689  0.08241489 0.08770819 0.09017625
 0.08383576 0.08749408 0.09012633 0.09227527 0.07939906 0.08703703
 0.08625251 0.09553533 0.0699608  0.0838561  0.09277033 0.10916586
 0.08793607 0.08251874 0.08124147 0.07916567 0.10040512 0.08763641
 0.10186429 0.07732464 0.08926695 0.09071095 0.09073699 0.08651075
 0.08438781 0.09050123 0.08421464 0.0876081  0.09759428 0.10312873
 0.08394619 0.09004116]","[0.07118543 0.07305532 0.08207349 0.057855   0.08774061 0.07889662
 0.07779887 0.08169199 0.07706976 0.07386072 0.07808763 0.06297378
 0.07790628 0.07618496 0.05559251 0.0703303  0.08504428 0.0865581
 0.07165334 0.08230755 0.07832284 0.07996136 0.07638553 0.07202821
 0.07800461 0.06869318 0.05382877 0.06607096 0.07721002 0.09508871
 0.08437161 0.06938998 0.07924249 0.0639328  0.09478835 0.07444691
 0.08810357 0.0670652  0.07658474 0.07642746 0.07429967 0.07407661
 0.07459144 0.07050375 0.07276294 0.06695466 0.08051012 0.08081477
 0.07200856 0.07567539]","[1.44469275e-12 5.45433967e-12 1.52949591e-17 2.96859452e-11
 2.11423152e-14 4.48219357e-14 2.67920359e-14 1.21837811e-13
 1.19034729e-14 5.59319427e-12 5.66438386e-14 1.57343407e-11
 5.26622932e-14 9.44307242e-13 5.47582364e-10 2.89250569e-12
 7.77129929e-14 1.33194500e-14 1.12016442e-12 9.03519102e-14
 1.38099535e-14 2.85880550e-15 2.05252616e-11 1.24479913e-13
 2.14912664e-13 2.44075030e-16 5.88544066e-09 1.10492469e-12
 1.97837880e-15 3.26719137e-21 6.61701004e-14 2.70024558e-12
 6.25434052e-12 2.38132725e-11 5.26699704e-18 8.17428111e-14
 1.60739603e-18 7.57098941e-11 2.56562296e-14 9.03054372e-15
 8.86068991e-15 1.79652740e-13 7.71441557e-13 1.05203449e-14
 8.67418847e-13 8.33884130e-14 4.93555750e-17 5.66765072e-19
 1.03984085e-12 1.46881206e-14]","[2.94111985e-09 9.96301857e-10 3.62419346e-12 2.92343133e-06
 7.59570916e-14 2.82468556e-11 5.63497126e-11 4.65767643e-12
 8.86674587e-11 6.19630042e-10 4.70336504e-11 2.44532220e-07
 5.26904822e-11 1.52817137e-10 8.18516108e-06 4.78003744e-09
 4.93502881e-13 1.73835702e-13 2.24916382e-09 3.10536355e-12
 4.05753890e-11 1.43230306e-11 1.35151937e-10 1.81192031e-09
 4.95453155e-11 1.19150266e-08 1.77504510e-05 4.91947304e-08
 8.12899116e-11 3.43666418e-16 7.79954424e-13 8.09859013e-09
 2.26777330e-11 1.50064574e-07 4.32204088e-16 4.37102822e-10
 5.87784160e-14 2.89235391e-08 1.19589947e-10 1.31720373e-10
 4.77267465e-10 5.45075322e-10 4.00898264e-10 4.33367127e-09
 1.18224621e-09 3.06950841e-08 1.00571767e-11 8.25597810e-12
 1.83262311e-09 2.08488134e-10]","[0.00566483 0.00580156 0.00482535 0.00346065 0.00563776 0.00696337
 0.00559878 0.00442636 0.00529766 0.0048213  0.00588489 0.00354815
 0.00522137 0.00480199 0.0050447  0.00616193 0.00491035 0.00591099
 0.0046047  0.00583541 0.00602961 0.00672185 0.0055151  0.00513554
 0.00528324 0.00593591 0.00387239 0.00592339 0.00599563 0.00655162
 0.00534701 0.00507069 0.00673866 0.00392926 0.00809705 0.00397921
 0.00572467 0.00434613 0.00602078 0.00644147 0.0071522  0.00421405
 0.00544286 0.00719321 0.00455165 0.00564742 0.00685    0.00867486
 0.00768042 0.00571322]","[0.0031786  0.00371301 0.00255573 0.00121486 0.00378823 0.00515866
 0.00369477 0.00270772 0.00315332 0.00330091 0.00435221 0.00139618
 0.0033735  0.00297093 0.00305939 0.00338924 0.0040164  0.00447178
 0.00295568 0.00412738 0.00436509 0.00457847 0.00408578 0.0027715
 0.0029068  0.00324214 0.00172305 0.0040158  0.0039506  0.00357091
 0.00333273 0.00218999 0.00453866 0.00204217 0.00500166 0.00188148
 0.00389326 0.00284529 0.00316644 0.00346172 0.00403726 0.00326753
 0.00337398 0.0037235  0.00232852 0.00277686 0.00400984 0.00501788
 0.00507236 0.00273037]","[0.05118054 0.05254803 0.04712449 0.04133266 0.05168339 0.05784063
 0.05025699 0.04629405 0.05138946 0.04770191 0.05242738 0.0409665
 0.05006019 0.04789677 0.04928276 0.0548321  0.04880314 0.05323491
 0.04864128 0.05100624 0.0522163  0.05662012 0.05134569 0.04935955
 0.05010789 0.05285643 0.04376128 0.05384107 0.05292379 0.05325971
 0.05063719 0.04997809 0.05681619 0.04389386 0.06203503 0.04388044
 0.0519011  0.04628764 0.05352485 0.05602638 0.05920172 0.04487433
 0.05103916 0.05604311 0.04643355 0.05230815 0.05646266 0.06147325
 0.05957685 0.05270657]","[0.03986677 0.04215252 0.03666865 0.02520769 0.04180382 0.04957427
 0.04119351 0.0373626  0.0397702  0.04209965 0.04605206 0.02855987
 0.04069107 0.03682653 0.03959434 0.04165086 0.0430933  0.04446866
 0.03956106 0.04323218 0.04594226 0.0464721  0.04385837 0.03567226
 0.03713782 0.04064629 0.02989226 0.04374713 0.04199609 0.03911885
 0.03883239 0.03252829 0.04684517 0.03132454 0.04748418 0.03016625
 0.04271933 0.03775079 0.0389883  0.04095278 0.04411897 0.03888217
 0.04073208 0.04036759 0.03328837 0.03736479 0.0428795  0.04803589
 0.04970872 0.0365851 ]",7.424938682480623e-06,0.0006764514744700031,2.7416124921142844e-05,0.001986885108007999,4.145335304486242e-06,0.00034780688759856294,2.318098197395978e-05,0.0006846814260450758,1e-05,1e-05,0.0,0.0,0.08755954765677451,0.07540023520708085,0.0073170972511604915,0.00849859274984728,0.005604023933410644,0.003409602642059326,0.0011214128656515973,0.00092972882881126,0.05131790762850608,0.040069364804775125,0.004789211738943249,0.005344594604622472
df1,0.52,1.0,0.0,0.0,0.48,0.0,1.0,"[3.95729931e-06 4.99357648e-08 2.18772050e-10 8.86732425e-09
 1.90755446e-05 8.86732425e-09 2.67703473e-09 3.42511079e-08
 3.42511079e-08 7.28113471e-09 4.99357648e-08 1.59199965e-08
 4.13773042e-08 5.92172623e-11 1.19798113e-12 2.16691945e-07
 8.86732425e-09 5.92172623e-11 6.32216726e-10 1.04585220e-06
 1.54554888e-11 6.02037032e-08 2.20772463e-13 3.42511079e-08
 1.59199965e-08 2.59150246e-07 2.05084189e-06 3.09615598e-07
 5.97265054e-09 8.81579698e-07 1.04864874e-07 9.59715417e-10
 8.72433497e-08 7.25098046e-08 1.45098666e-09 9.59715417e-10
 1.81007354e-07 8.86732425e-09 1.42091476e-10 2.59150246e-07
 1.93100400e-08 2.83236331e-08 9.19151252e-11 2.16691945e-07
 8.72433497e-08 1.14339735e-10 1.20265345e-05 1.04585220e-06
 3.35473948e-10 1.25918603e-07]","[3.73964604e-04 1.67194217e-04 3.69535722e-07 1.45098666e-09
 1.03408932e-03 1.04864874e-07 8.86732425e-09 3.69535722e-07
 8.79830246e-06 1.02917236e-05 5.40313022e-05 1.23948622e-06
 4.26159664e-04 8.81579698e-07 1.51046944e-07 8.06755085e-04
 1.02917236e-05 8.72433497e-08 7.25098046e-08 8.81579698e-07
 4.00670801e-09 5.24820678e-07 1.46749215e-06 4.03308445e-05
 1.02917236e-05 1.40396435e-05 3.42511079e-08 1.63732496e-05
 2.59150246e-07 1.46749215e-06 3.09615598e-07 3.47919250e-05
 5.46398884e-06 4.67045972e-05 7.28113471e-09 4.14795066e-10
 2.99835482e-05 5.40313022e-05 8.06755085e-04 1.04585220e-06
 4.13773042e-08 1.26822204e-04 1.04864874e-07 2.05084189e-06
 8.06755085e-04 4.03308445e-05 1.26822204e-04 5.40313022e-05
 1.81007354e-07 3.09615598e-07]","[3.95729931e-06 4.99357648e-08 2.18772050e-10 8.86732425e-09
 1.90755446e-05 8.86732425e-09 2.67703473e-09 3.42511079e-08
 3.42511079e-08 7.28113471e-09 4.99357648e-08 1.59199965e-08
 4.13773042e-08 5.92172623e-11 1.19798113e-12 2.16691945e-07
 8.86732425e-09 5.92172623e-11 6.32216726e-10 1.04585220e-06
 1.54554888e-11 6.02037032e-08 2.20772463e-13 3.42511079e-08
 1.59199965e-08 2.59150246e-07 2.05084189e-06 3.09615598e-07
 5.97265054e-09 8.81579698e-07 1.04864874e-07 9.59715417e-10
 8.72433497e-08 7.25098046e-08 1.45098666e-09 9.59715417e-10
 1.81007354e-07 8.86732425e-09 1.42091476e-10 2.59150246e-07
 1.93100400e-08 2.83236331e-08 9.19151252e-11 2.16691945e-07
 8.72433497e-08 1.14339735e-10 1.20265345e-05 1.04585220e-06
 3.35473948e-10 1.25918603e-07]","[3.73964604e-04 1.67194217e-04 3.69535722e-07 1.45098666e-09
 1.03408932e-03 1.04864874e-07 8.86732425e-09 3.69535722e-07
 8.79830246e-06 1.02917236e-05 5.40313022e-05 1.23948622e-06
 4.26159664e-04 8.81579698e-07 1.51046944e-07 8.06755085e-04
 1.02917236e-05 8.72433497e-08 7.25098046e-08 8.81579698e-07
 4.00670801e-09 5.24820678e-07 1.46749215e-06 4.03308445e-05
 1.02917236e-05 1.40396435e-05 3.42511079e-08 1.63732496e-05
 2.59150246e-07 1.46749215e-06 3.09615598e-07 3.47919250e-05
 5.46398884e-06 4.67045972e-05 7.28113471e-09 4.14795066e-10
 2.99835482e-05 5.40313022e-05 8.06755085e-04 1.04585220e-06
 4.13773042e-08 1.26822204e-04 1.04864874e-07 2.05084189e-06
 8.06755085e-04 4.03308445e-05 1.26822204e-04 5.40313022e-05
 1.81007354e-07 3.09615598e-07]","[4.76295532e-07 4.59894300e-09 2.25539032e-10 1.16386012e-10
 4.13520117e-07 2.24857355e-10 1.55922600e-08 7.55281115e-09
 4.25178093e-09 1.78474568e-10 4.99275732e-09 1.49529322e-09
 2.96458302e-10 1.40233714e-10 2.91480173e-11 5.23952678e-08
 7.15788540e-10 3.81016330e-11 9.54633039e-11 5.18153682e-08
 2.44982479e-10 1.54838742e-08 2.58356447e-10 2.43936227e-09
 2.28341479e-09 1.20399885e-08 3.38534037e-08 1.17141170e-08
 9.33692235e-10 2.09616180e-08 2.22056173e-08 1.13025589e-10
 3.38313874e-07 3.46004370e-09 5.75026604e-09 8.91971719e-10
 1.67398595e-09 3.14247406e-10 1.49391832e-10 4.90796948e-09
 1.29848086e-08 2.56542232e-10 2.78790113e-09 1.16693188e-09
 1.17746946e-07 4.89731589e-11 6.35881136e-07 5.75042730e-07
 8.50064463e-10 8.83425666e-10]","[7.93113784e-04 2.22433050e-04 1.66772647e-07 1.11899056e-08
 8.25343688e-04 5.14877024e-07 9.65220468e-07 1.11871708e-06
 1.19307026e-05 1.57280041e-06 1.09259054e-04 3.25474426e-06
 1.14015407e-04 1.00788282e-07 8.23385914e-08 1.94510859e-04
 4.69529924e-05 5.30738771e-07 1.74894448e-07 1.63060441e-05
 8.19418533e-09 2.81371329e-05 4.95163710e-07 3.65130154e-06
 8.98255522e-06 5.60616783e-06 6.20932285e-07 6.03540297e-05
 1.55654934e-07 1.67933870e-06 1.32931947e-06 2.75379979e-05
 1.27836291e-05 4.53280785e-05 1.69029177e-07 7.09718440e-09
 2.57019870e-05 4.31824045e-05 7.23958812e-05 8.36802229e-06
 6.00226461e-07 1.01152447e-04 7.83440929e-07 1.07072373e-05
 1.27334365e-03 6.76166091e-06 5.27584756e-05 2.00128941e-04
 3.21828639e-06 5.63576598e-07]","[1.e-05 1.e-05 1.e-05 1.e-05 1.e-05 1.e-05 1.e-05 1.e-05 1.e-05 1.e-05
 1.e-05 1.e-05 1.e-05 1.e-05 1.e-05 1.e-05 1.e-05 1.e-05 1.e-05 1.e-05
 1.e-05 1.e-05 1.e-05 1.e-05 1.e-05 1.e-05 1.e-05 1.e-05 1.e-05 1.e-05
 1.e-05 1.e-05 1.e-05 1.e-05 1.e-05 1.e-05 1.e-05 1.e-05 1.e-05 1.e-05
 1.e-05 1.e-05 1.e-05 1.e-05 1.e-05 1.e-05 1.e-05 1.e-05 1.e-05 1.e-05]","[1.e-05 1.e-05 1.e-05 1.e-05 1.e-05 1.e-05 1.e-05 1.e-05 1.e-05 1.e-05
 1.e-05 1.e-05 1.e-05 1.e-05 1.e-05 1.e-05 1.e-05 1.e-05 1.e-05 1.e-05
 1.e-05 1.e-05 1.e-05 1.e-05 1.e-05 1.e-05 1.e-05 1.e-05 1.e-05 1.e-05
 1.e-05 1.e-05 1.e-05 1.e-05 1.e-05 1.e-05 1.e-05 1.e-05 1.e-05 1.e-05
 1.e-05 1.e-05 1.e-05 1.e-05 1.e-05 1.e-05 1.e-05 1.e-05 1.e-05 1.e-05]","[0.09684335 0.0925132  0.0930895  0.10404032 0.08686746 0.10112825
 0.0968681  0.09595838 0.10136454 0.1068445  0.091665   0.08809866
 0.09904998 0.09317109 0.0957989  0.08714675 0.09870327 0.10470267
 0.08804209 0.10037411 0.0897226  0.09189464 0.09111225 0.09784685
 0.10505631 0.08693363 0.09596373 0.09524224 0.09349643 0.09272563
 0.08948401 0.10858722 0.08326608 0.09295953 0.08674958 0.09001097
 0.09866076 0.09951613 0.09946452 0.10096571 0.09399788 0.09349839
 0.09031354 0.09783236 0.09689189 0.09563308 0.09705912 0.08654544
 0.09034391 0.09222544]","[0.07752097 0.07951327 0.08221015 0.08546329 0.07414516 0.08312531
 0.07128115 0.07747016 0.08327265 0.09085688 0.07436612 0.0666429
 0.08611644 0.07794008 0.07664544 0.06623497 0.07969957 0.08117752
 0.07138838 0.08547733 0.07020741 0.07507719 0.0742925  0.08710837
 0.08570419 0.0766173  0.08279725 0.08383218 0.07942862 0.07352598
 0.08316177 0.09122627 0.06702685 0.08294579 0.07603376 0.07484123
 0.08921454 0.08537421 0.08604257 0.07613577 0.07627113 0.07879585
 0.08637914 0.07532127 0.07495082 0.08611715 0.08828971 0.07417352
 0.06518973 0.08335157]","[8.87659506e-17 2.39582659e-15 1.55875697e-15 2.65170842e-19
 1.40134806e-13 2.93129610e-18 8.70716061e-17 1.76241516e-16
 2.41823530e-18 2.45697339e-20 4.48830212e-15 5.89831719e-14
 1.56148340e-17 1.46640261e-15 1.99293431e-16 1.15281403e-13
 2.05709334e-17 1.52055308e-19 6.13921651e-14 5.40051459e-18
 1.84879134e-14 3.78898909e-15 6.73577118e-15 4.04720010e-17
 1.12827602e-19 1.33807576e-13 1.75516196e-16 3.05582937e-16
 1.14883873e-15 2.04539743e-15 2.19530325e-14 5.42462481e-21
 1.64178335e-12 1.71783380e-15 1.52142105e-13 1.50125146e-14
 2.12765911e-17 1.07625654e-17 1.12162132e-17 3.34521307e-18
 7.87340023e-16 1.14715374e-15 1.20572437e-14 4.09360748e-17
 8.54727719e-17 2.26414882e-16 7.50244389e-17 1.75372578e-13
 1.17943256e-14 2.96639893e-15]","[6.70113823e-11 1.90827511e-11 3.31174361e-12 3.70396691e-13
 5.23293445e-10 1.80371670e-12 2.78448026e-09 6.91637077e-11
 1.63458188e-12 8.11854314e-15 4.58714601e-10 3.62783823e-08
 2.36144719e-13 5.15878325e-11 1.15207099e-10 4.50926235e-08
 1.69402429e-11 6.52072273e-12 2.61866019e-09 3.66843264e-13
 5.12309783e-09 2.99429813e-10 4.79314097e-10 1.18420621e-13
 3.13863495e-13 1.17219547e-10 2.24441963e-12 1.12286711e-12
 2.01419150e-11 7.55325451e-10 1.76032900e-12 6.19596032e-15
 2.95265079e-08 2.03312314e-12 1.67609725e-10 3.45114873e-10
 2.66387422e-14 3.93744451e-13 2.48520728e-13 1.57483506e-10
 1.44967582e-10 3.01076571e-11 1.96846560e-13 2.58403695e-10
 3.23106587e-10 2.36028598e-13 5.15150138e-14 5.14533684e-10
 7.82491917e-08 1.55049883e-12]","[0.00836968 0.00656044 0.00837147 0.00729215 0.00723624 0.00706196
 0.00566185 0.00712895 0.00695717 0.00777912 0.00729442 0.00648236
 0.00742197 0.00710738 0.00723827 0.00443077 0.00719225 0.00824428
 0.00877988 0.00728607 0.0068121  0.00671911 0.00796342 0.00686979
 0.00716257 0.00481701 0.00648201 0.00666952 0.00605524 0.00591612
 0.00624013 0.00852752 0.00502706 0.00797153 0.00693524 0.00619519
 0.00690246 0.00723958 0.00780952 0.00659001 0.00595462 0.00670362
 0.00609279 0.00755477 0.00624442 0.00592589 0.00666595 0.00657225
 0.00572503 0.00652802]","[0.00481272 0.00312364 0.00500762 0.00472391 0.00406575 0.00516641
 0.00275946 0.0033108  0.00368059 0.00576353 0.00407934 0.00336337
 0.00463808 0.00398064 0.00321686 0.00182748 0.00377011 0.00446653
 0.00421798 0.00466394 0.00384045 0.00385773 0.00484169 0.00428295
 0.00367057 0.00215685 0.00430679 0.00398719 0.00288463 0.00341427
 0.00407076 0.0042969  0.00257921 0.00466621 0.00462043 0.00354469
 0.00400233 0.00389433 0.00489616 0.00385833 0.00293052 0.00386107
 0.00368619 0.00474417 0.003124   0.0031724  0.00429666 0.0038116
 0.00255382 0.00348127]","[0.06156206 0.0548574  0.06329801 0.05831932 0.05779755 0.0573852
 0.05121371 0.05710623 0.05804052 0.05964748 0.05859502 0.05676518
 0.05823057 0.05652599 0.05911146 0.04606981 0.0580562  0.06157493
 0.0646083  0.05751042 0.05738352 0.05643448 0.06058928 0.05604026
 0.05797281 0.04859318 0.05588468 0.05526476 0.05355529 0.0521964
 0.05469659 0.06320927 0.04919882 0.06171887 0.05724409 0.05396687
 0.05668605 0.0567719  0.05997306 0.0551773  0.05280468 0.0553471
 0.05426681 0.0585159  0.05359831 0.05296158 0.05650414 0.05734393
 0.05224129 0.0562911 ]","[0.04796415 0.04044431 0.04830043 0.04832427 0.04401266 0.04980647
 0.03692899 0.03982856 0.04167075 0.05209838 0.04425102 0.04099249
 0.04629017 0.04210926 0.03947049 0.03085146 0.0416252  0.04503185
 0.04500016 0.04673598 0.04248289 0.04358116 0.04772774 0.04375424
 0.04184902 0.03286489 0.04544559 0.04470643 0.03643888 0.04133185
 0.04425273 0.04433171 0.03558187 0.04851867 0.04692081 0.04101327
 0.04323906 0.04219845 0.04700904 0.04309865 0.03662331 0.0428686
 0.04178769 0.04836659 0.04034047 0.03939285 0.0455661  0.04251625
 0.03598738 0.04160563]",8.488742387360115e-07,0.0001023415854462917,3.180731706100209e-06,0.00024315113188010012,5.7204264858334854e-08,8.67774104423824e-05,1.5025432390355296e-07,0.00023641036875057152,1e-05,1e-05,0.0,0.0,0.0949253996348381,0.07919962783813476,0.005761162201367949,0.006591508266726828,0.006855382919311524,0.0038794589042663572,0.0009177053705709868,0.0008017650675256908,0.056574153349599705,0.04286277679270123,0.00368035967849177,0.004339951696800141
df1,0.56,1.0,0.0,0.0,0.43999999999999995,0.0,1.0,"[1.76400398e-10 1.45098666e-09 2.18488808e-09 1.59199965e-08
 3.42511079e-08 3.79972059e-11 2.67703473e-09 7.25098046e-08
 2.33983459e-08 2.18488808e-09 4.14795066e-10 1.93824891e-11
 7.28113471e-09 1.18065325e-09 5.97265054e-09 1.31118659e-08
 7.38137688e-11 1.42091476e-10 2.43574207e-12 1.25918603e-07
 4.89436847e-09 3.88941584e-12 6.24499263e-07 1.78141737e-09
 7.78867068e-12 1.31118659e-08 5.97265054e-09 9.59715417e-10
 2.33983459e-08 1.51920849e-12 1.42091476e-10 6.32216726e-10
 1.78141737e-09 1.14339735e-10 1.93824891e-11 1.76400398e-10
 9.19151252e-11 3.79972059e-11 5.92172623e-11 3.27672622e-09
 1.42091476e-10 3.79972059e-11 3.35473948e-10 7.28113471e-09
 4.00670801e-09 9.59715417e-10 6.39848579e-14 4.74591296e-11
 3.35473948e-10 4.97944383e-14]","[1.25918603e-07 3.42511079e-08 3.42511079e-08 1.04585220e-06
 4.03308445e-05 2.18488808e-09 1.07881685e-08 2.33983459e-08
 4.89436847e-09 1.04864874e-07 1.04864874e-07 1.31118659e-08
 3.69535722e-07 3.35473948e-10 2.42077577e-06 1.04864874e-07
 1.25918603e-07 3.27672622e-09 3.79972059e-11 2.05084189e-06
 3.09615598e-07 1.04864874e-07 4.03308445e-05 4.40608072e-07
 1.59199965e-08 1.73569175e-06 7.51402754e-06 3.09615598e-07
 3.69535722e-07 9.43717929e-13 1.45098666e-09 1.90755446e-05
 1.23948622e-06 2.16691945e-07 8.79830246e-06 1.20265345e-05
 4.00670801e-09 2.59150246e-07 5.12353012e-10 2.42077577e-06
 1.81007354e-07 1.93824891e-11 4.00670801e-09 2.33983459e-08
 1.07881685e-08 2.58137431e-05 7.42361542e-07 4.00670801e-09
 5.97265054e-09 2.42826791e-11]","[1.76400398e-10 1.45098666e-09 2.18488808e-09 1.59199965e-08
 3.42511079e-08 3.79972059e-11 2.67703473e-09 7.25098046e-08
 2.33983459e-08 2.18488808e-09 4.14795066e-10 1.93824891e-11
 7.28113471e-09 1.18065325e-09 5.97265054e-09 1.31118659e-08
 7.38137688e-11 1.42091476e-10 2.43574207e-12 1.25918603e-07
 4.89436847e-09 3.88941584e-12 6.24499263e-07 1.78141737e-09
 7.78867068e-12 1.31118659e-08 5.97265054e-09 9.59715417e-10
 2.33983459e-08 1.51920849e-12 1.42091476e-10 6.32216726e-10
 1.78141737e-09 1.14339735e-10 1.93824891e-11 1.76400398e-10
 9.19151252e-11 3.79972059e-11 5.92172623e-11 3.27672622e-09
 1.42091476e-10 3.79972059e-11 3.35473948e-10 7.28113471e-09
 4.00670801e-09 9.59715417e-10 6.39848579e-14 4.74591296e-11
 3.35473948e-10 4.97944383e-14]","[1.25918603e-07 3.42511079e-08 3.42511079e-08 1.04585220e-06
 4.03308445e-05 2.18488808e-09 1.07881685e-08 2.33983459e-08
 4.89436847e-09 1.04864874e-07 1.04864874e-07 1.31118659e-08
 3.69535722e-07 3.35473948e-10 2.42077577e-06 1.04864874e-07
 1.25918603e-07 3.27672622e-09 3.79972059e-11 2.05084189e-06
 3.09615598e-07 1.04864874e-07 4.03308445e-05 4.40608072e-07
 1.59199965e-08 1.73569175e-06 7.51402754e-06 3.09615598e-07
 3.69535722e-07 9.43717929e-13 1.45098666e-09 1.90755446e-05
 1.23948622e-06 2.16691945e-07 8.79830246e-06 1.20265345e-05
 4.00670801e-09 2.59150246e-07 5.12353012e-10 2.42077577e-06
 1.81007354e-07 1.93824891e-11 4.00670801e-09 2.33983459e-08
 1.07881685e-08 2.58137431e-05 7.42361542e-07 4.00670801e-09
 5.97265054e-09 2.42826791e-11]","[3.13400417e-11 3.87194721e-11 6.92479074e-10 2.27525920e-09
 1.67327863e-09 7.39488470e-11 4.57385740e-09 6.41956877e-09
 6.44220255e-09 1.66052727e-10 3.35202976e-11 4.17161861e-11
 2.02031614e-10 2.74241740e-11 3.23145954e-11 8.20535639e-10
 9.53008783e-11 3.48609586e-10 3.12190496e-10 1.50030743e-09
 1.17823695e-09 3.02332048e-10 5.02895348e-09 2.74512635e-11
 3.02712300e-11 1.24025457e-10 1.22538169e-09 1.42672985e-10
 2.92093238e-10 6.71135370e-11 2.71809464e-10 2.57491806e-11
 8.66329231e-11 6.13913365e-11 2.56105137e-11 5.46638290e-11
 2.88437052e-11 2.56398236e-11 2.13556806e-09 7.12830572e-10
 3.42003093e-11 2.13957407e-10 1.62522840e-09 6.93993418e-10
 2.66673350e-11 6.53652688e-11 4.89839280e-11 2.61720756e-10
 7.84306287e-10 1.02160946e-10]","[1.06170612e-08 1.73565769e-07 5.67774638e-09 4.36463643e-06
 7.40575568e-05 5.83728296e-08 2.73356404e-07 2.80839659e-06
 1.34674526e-07 3.13585249e-08 1.17442851e-06 1.46882134e-07
 1.76174597e-06 9.53503276e-10 1.52280359e-06 9.20102189e-07
 2.36887922e-07 3.31457672e-09 2.32288944e-09 9.72710624e-06
 2.03648314e-05 1.19624943e-08 1.47122187e-04 5.91581607e-07
 7.62564145e-09 9.84422723e-06 2.59670554e-06 6.78049751e-07
 1.47824511e-06 2.56771271e-11 4.82389801e-08 1.74630875e-05
 3.63916265e-07 8.09975546e-07 8.32202700e-06 1.96474452e-05
 3.36718294e-08 5.97982880e-07 3.00086468e-08 1.43601670e-06
 1.72206323e-07 7.85353893e-10 9.87802771e-08 9.22669618e-08
 5.20975276e-07 1.67671030e-05 1.50803577e-06 1.60296562e-08
 3.43990847e-09 1.70857106e-10]","[1.e-05 1.e-05 1.e-05 1.e-05 1.e-05 1.e-05 1.e-05 1.e-05 1.e-05 1.e-05
 1.e-05 1.e-05 1.e-05 1.e-05 1.e-05 1.e-05 1.e-05 1.e-05 1.e-05 1.e-05
 1.e-05 1.e-05 1.e-05 1.e-05 1.e-05 1.e-05 1.e-05 1.e-05 1.e-05 1.e-05
 1.e-05 1.e-05 1.e-05 1.e-05 1.e-05 1.e-05 1.e-05 1.e-05 1.e-05 1.e-05
 1.e-05 1.e-05 1.e-05 1.e-05 1.e-05 1.e-05 1.e-05 1.e-05 1.e-05 1.e-05]","[1.e-05 1.e-05 1.e-05 1.e-05 1.e-05 1.e-05 1.e-05 1.e-05 1.e-05 1.e-05
 1.e-05 1.e-05 1.e-05 1.e-05 1.e-05 1.e-05 1.e-05 1.e-05 1.e-05 1.e-05
 1.e-05 1.e-05 1.e-05 1.e-05 1.e-05 1.e-05 1.e-05 1.e-05 1.e-05 1.e-05
 1.e-05 1.e-05 1.e-05 1.e-05 1.e-05 1.e-05 1.e-05 1.e-05 1.e-05 1.e-05
 1.e-05 1.e-05 1.e-05 1.e-05 1.e-05 1.e-05 1.e-05 1.e-05 1.e-05 1.e-05]","[0.09916719 0.10297263 0.1008655  0.10282987 0.09704541 0.0935212
 0.09307364 0.10262245 0.0950315  0.09993309 0.10586276 0.09049579
 0.10886918 0.1054679  0.10931268 0.10241248 0.10245859 0.09255685
 0.11121416 0.10641116 0.09919842 0.10625845 0.1035345  0.1031144
 0.10355925 0.10908021 0.10525566 0.10002691 0.096345   0.09411342
 0.10091901 0.1094164  0.09896261 0.11129619 0.10876365 0.10296373
 0.10319    0.09507326 0.09748378 0.10219491 0.09434037 0.09070262
 0.08931446 0.10122597 0.10339612 0.10755853 0.09398816 0.10451578
 0.0948641  0.09837546]","[0.08008708 0.07577099 0.08142096 0.09043849 0.07522179 0.07572911
 0.0760285  0.08102207 0.07444235 0.07388134 0.09020489 0.06404193
 0.09161483 0.08127697 0.09502873 0.07275776 0.08288718 0.08294229
 0.08425958 0.08706479 0.08683816 0.08800433 0.09002054 0.08765286
 0.08182592 0.07747495 0.0891606  0.07338594 0.08572631 0.07760722
 0.08127093 0.08095271 0.08553779 0.08453709 0.09143685 0.08041036
 0.08999995 0.07957774 0.07407304 0.08918004 0.0636056  0.08008568
 0.06689977 0.08482045 0.07591916 0.09220957 0.07811593 0.0760902
 0.07352266 0.08621995]","[1.42223424e-17 6.45056263e-19 3.62865567e-18 7.25963933e-19
 7.58315217e-17 1.12765251e-15 1.57735872e-15 8.61686751e-19
 3.59023738e-16 7.70364282e-18 5.69180650e-20 1.05620262e-14
 4.23856837e-21 7.96229703e-20 2.87154507e-21 1.02456817e-18
 9.86373859e-19 2.31928789e-15 5.31151489e-22 3.56339663e-20
 1.38724572e-17 4.06077007e-20 4.04509691e-19 5.73542665e-19
 3.96256017e-19 3.52241989e-21 9.53172856e-20 7.14394749e-18
 1.30713238e-16 7.21483497e-16 3.47448172e-18 2.62100553e-21
 1.67396885e-17 4.93529559e-22 4.64895557e-21 6.49833216e-19
 5.38671104e-19 3.47748359e-16 5.38235840e-17 1.22543575e-18
 6.07540541e-16 9.08555930e-15 2.47963970e-14 2.70724138e-18
 4.53885993e-19 1.32710991e-20 7.93141985e-16 1.77953836e-19
 4.07954555e-16 2.66720289e-17]","[1.32113363e-11 1.96716854e-10 5.56243437e-12 1.10113052e-14
 2.74413839e-10 2.01791144e-10 1.68148190e-10 7.21547727e-12
 4.38295299e-10 6.12099665e-10 1.30458521e-14 1.41886932e-07
 4.65724865e-15 6.11110621e-12 3.59785208e-16 1.18582953e-09
 2.11405455e-12 2.03787762e-12 8.41435713e-13 1.22087288e-13
 1.43029054e-13 6.30535122e-14 1.49089120e-14 8.08018450e-14
 4.26556509e-12 6.89582239e-11 2.76885651e-14 8.20343795e-10
 3.09118964e-13 6.35070032e-11 6.13524251e-12 7.54843581e-12
 3.51920345e-13 6.97133884e-13 5.30864153e-15 1.07267687e-11
 1.51326101e-14 1.83127938e-11 5.46234926e-10 2.73056517e-14
 1.77414228e-07 1.32232601e-11 3.16134959e-08 5.74923635e-13
 1.79744649e-10 3.00149279e-15 4.62061280e-11 1.61930860e-10
 7.56807184e-10 2.19815612e-13]","[0.00685453 0.00941694 0.0072912  0.00647187 0.00810504 0.00571012
 0.00816476 0.00799131 0.00761151 0.00652599 0.00860536 0.00702083
 0.00814533 0.008237   0.00813496 0.00933611 0.00688624 0.0054028
 0.0089016  0.00893378 0.00652707 0.00919712 0.00738084 0.00724256
 0.00742948 0.00828683 0.00832558 0.00789475 0.00722182 0.00870693
 0.00899696 0.00865209 0.00973034 0.00839412 0.00853121 0.00804019
 0.00863266 0.0073272  0.0086621  0.00816262 0.00730968 0.00661349
 0.00405478 0.00809884 0.01003873 0.00923121 0.00808525 0.00881684
 0.00764441 0.00789118]","[0.00345552 0.00443125 0.00364351 0.00373924 0.00467968 0.00289237
 0.00437582 0.00480795 0.00435948 0.00279474 0.00471413 0.0025456
 0.00488698 0.00471854 0.00431991 0.00483263 0.00369775 0.0031023
 0.00440037 0.00477159 0.00376928 0.00461423 0.00361598 0.00429082
 0.00346899 0.0035919  0.00490046 0.00379634 0.00400507 0.00465214
 0.00497532 0.00411725 0.00653112 0.00431216 0.00502372 0.0039047
 0.00492442 0.00453913 0.00473261 0.00488675 0.00258064 0.00392735
 0.00150836 0.00477886 0.00556719 0.00605845 0.00405192 0.00389159
 0.00439513 0.00536692]","[0.05731108 0.06615074 0.05772726 0.05530471 0.06171723 0.05288099
 0.06293692 0.06071756 0.05966513 0.05616964 0.06385519 0.05816645
 0.06068904 0.05996273 0.06180285 0.06661271 0.05694913 0.05057595
 0.06395273 0.06498679 0.05523055 0.06566246 0.05853407 0.05772732
 0.05920487 0.06164772 0.06220762 0.06048247 0.05881761 0.0647565
 0.06535417 0.06424087 0.06693953 0.06269077 0.06347253 0.06120668
 0.06303483 0.05820835 0.0640376  0.06242018 0.05951762 0.05672294
 0.04541055 0.06227714 0.06828545 0.06462468 0.06182314 0.06384798
 0.06057038 0.06210462]","[0.04034649 0.0462196  0.04188467 0.04255822 0.0471672  0.0373525
 0.04650255 0.04784709 0.04659402 0.03669238 0.04724442 0.03502607
 0.04692044 0.04662433 0.04692346 0.04814289 0.04365383 0.03849532
 0.04592787 0.04826707 0.04156283 0.04703303 0.04249242 0.04524799
 0.0402693  0.04168278 0.04800464 0.04274096 0.04387297 0.0477231
 0.04866535 0.04441729 0.05369151 0.04626561 0.04861787 0.04247445
 0.04866713 0.04531293 0.04704893 0.04916641 0.03683118 0.04319129
 0.02908292 0.0477672  0.05202447 0.05424555 0.04303112 0.04383596
 0.04526052 0.05168898]",2.0060351415270322e-08,3.3773864144951993e-06,8.968362563390419e-08,9.051504546548181e-06,8.300902587521364e-10,6.960847310135687e-06,1.553796671298699e-09,2.3213626493473482e-05,1e-05,1e-05,0.0,0.0,0.10102310751199722,0.08136567897081376,0.005751334253081278,0.007283462961636933,0.007897484302520751,0.0042389631271362305,0.0011332853326743047,0.0008945869522627388,0.060783920346061455,0.0448461423792045,0.0043096178777313815,0.00474378101364256
df1,0.6,1.0,0.0,0.0,0.4,0.0,1.0,"[3.07948375e-12 1.23116467e-11 2.33262567e-14 6.32216726e-10
 7.78867068e-12 4.90739183e-12 2.42826791e-11 8.93744884e-17
 1.78141737e-09 6.18553174e-12 7.42666811e-13 4.90739183e-12
 3.59754634e-13 7.84899525e-16 2.26988766e-15 1.72684385e-13
 2.81965513e-13 7.79334122e-10 3.79972059e-11 6.00359848e-16
 3.07948375e-12 2.18772050e-10 3.07948375e-12 3.79972059e-11
 7.38137688e-11 1.78141737e-09 9.43717929e-13 7.38137688e-11
 4.98033280e-15 9.43717929e-13 1.76400398e-10 1.92461767e-12
 2.81965513e-13 4.90739183e-12 4.90739183e-12 1.42091476e-10
 1.18065325e-09 4.74591296e-11 4.90739183e-12 3.87118023e-14
 3.50171296e-16 2.43574207e-12 3.03909276e-11 1.17682447e-16
 1.14339735e-10 5.92172623e-11 1.76400398e-10 2.18488808e-09
 1.05328756e-13 1.19798113e-12]","[4.14795066e-10 2.71047184e-10 1.81007354e-07 1.04864874e-07
 2.67703473e-09 1.51046944e-07 2.33983459e-08 7.42666811e-13
 1.46749215e-06 8.72433497e-08 2.71047184e-10 2.67703473e-09
 1.93100400e-08 1.39985076e-14 5.92172623e-11 3.88941584e-12
 2.81965513e-13 2.59150246e-07 2.59150246e-07 2.20772463e-13
 3.42511079e-08 3.35473948e-10 5.40313022e-05 7.25098046e-08
 3.35473948e-10 2.16691945e-07 8.86732425e-09 1.45098666e-09
 1.45098666e-09 1.51920849e-12 4.13773042e-08 1.07881685e-08
 1.14339735e-10 1.76400398e-10 1.25918603e-07 1.42091476e-10
 1.81007354e-07 1.07881685e-08 8.72433497e-08 1.45098666e-09
 4.90739183e-12 2.59150246e-07 8.72433497e-08 1.04585220e-06
 1.18065325e-09 5.24820678e-07 7.25098046e-08 1.59199965e-08
 2.67703473e-09 7.25098046e-08]","[3.07948375e-12 1.23116467e-11 2.33262567e-14 6.32216726e-10
 7.78867068e-12 4.90739183e-12 2.42826791e-11 8.93744884e-17
 1.78141737e-09 6.18553174e-12 7.42666811e-13 4.90739183e-12
 3.59754634e-13 7.84899525e-16 2.26988766e-15 1.72684385e-13
 2.81965513e-13 7.79334122e-10 3.79972059e-11 6.00359848e-16
 3.07948375e-12 2.18772050e-10 3.07948375e-12 3.79972059e-11
 7.38137688e-11 1.78141737e-09 9.43717929e-13 7.38137688e-11
 4.98033280e-15 9.43717929e-13 1.76400398e-10 1.92461767e-12
 2.81965513e-13 4.90739183e-12 4.90739183e-12 1.42091476e-10
 1.18065325e-09 4.74591296e-11 4.90739183e-12 3.87118023e-14
 3.50171296e-16 2.43574207e-12 3.03909276e-11 1.17682447e-16
 1.14339735e-10 5.92172623e-11 1.76400398e-10 2.18488808e-09
 1.05328756e-13 1.19798113e-12]","[4.14795066e-10 2.71047184e-10 1.81007354e-07 1.04864874e-07
 2.67703473e-09 1.51046944e-07 2.33983459e-08 7.42666811e-13
 1.46749215e-06 8.72433497e-08 2.71047184e-10 2.67703473e-09
 1.93100400e-08 1.39985076e-14 5.92172623e-11 3.88941584e-12
 2.81965513e-13 2.59150246e-07 2.59150246e-07 2.20772463e-13
 3.42511079e-08 3.35473948e-10 5.40313022e-05 7.25098046e-08
 3.35473948e-10 2.16691945e-07 8.86732425e-09 1.45098666e-09
 1.45098666e-09 1.51920849e-12 4.13773042e-08 1.07881685e-08
 1.14339735e-10 1.76400398e-10 1.25918603e-07 1.42091476e-10
 1.81007354e-07 1.07881685e-08 8.72433497e-08 1.45098666e-09
 4.90739183e-12 2.59150246e-07 8.72433497e-08 1.04585220e-06
 1.18065325e-09 5.24820678e-07 7.25098046e-08 1.59199965e-08
 2.67703473e-09 7.25098046e-08]","[3.24046678e-10 4.40888104e-10 1.46962886e-10 3.77610165e-11
 8.86102303e-12 8.11870460e-10 7.10831394e-12 1.06899378e-10
 3.81030207e-10 3.93714394e-10 8.21556490e-10 5.37447864e-12
 6.40234532e-11 4.40592007e-12 7.71760433e-12 4.41268133e-11
 4.00623978e-12 4.64677186e-11 3.41572992e-10 3.59479113e-11
 6.75248524e-10 1.16645915e-10 7.51498863e-12 9.76188019e-11
 5.79388759e-11 1.20499355e-09 5.92208504e-11 3.86735088e-12
 1.13845600e-11 2.79714030e-11 2.92394997e-11 1.34261491e-10
 2.62738720e-11 9.42482759e-11 6.24005181e-10 4.38473702e-11
 2.70027334e-11 2.35833575e-10 4.49997706e-10 2.87932234e-10
 6.73116451e-10 3.36079053e-10 2.60330646e-11 9.53903623e-11
 1.31086031e-10 5.98627148e-10 3.02036174e-11 4.22561985e-11
 2.11044404e-10 3.95062982e-10]","[1.66087082e-08 7.39725192e-09 3.30376930e-07 2.49969369e-08
 3.82850884e-09 1.03098868e-06 5.15194881e-08 2.85255153e-11
 4.65404468e-06 2.52370854e-08 2.80650148e-09 7.31679517e-09
 2.98713998e-08 4.54867255e-11 1.05361286e-09 5.59324809e-11
 2.57137645e-11 1.77144930e-06 1.26234184e-05 3.53083118e-10
 4.82354390e-09 4.26700497e-09 9.01941422e-06 2.71414434e-08
 1.90551208e-07 1.92817382e-07 2.71174627e-09 8.33056490e-09
 1.78240182e-08 4.96653829e-11 1.12090377e-07 4.97636954e-09
 3.19214322e-10 6.58361682e-08 8.48498569e-08 1.88416016e-09
 1.28824058e-07 2.12557122e-08 2.71176139e-07 2.59870570e-10
 2.98303604e-10 1.08308540e-06 4.76610442e-08 5.56213414e-07
 2.17364848e-09 6.31315666e-07 2.80875868e-06 2.14844415e-07
 2.31161001e-09 1.50130768e-08]","[1.e-05 1.e-05 1.e-05 1.e-05 1.e-05 1.e-05 1.e-05 1.e-05 1.e-05 1.e-05
 1.e-05 1.e-05 1.e-05 1.e-05 1.e-05 1.e-05 1.e-05 1.e-05 1.e-05 1.e-05
 1.e-05 1.e-05 1.e-05 1.e-05 1.e-05 1.e-05 1.e-05 1.e-05 1.e-05 1.e-05
 1.e-05 1.e-05 1.e-05 1.e-05 1.e-05 1.e-05 1.e-05 1.e-05 1.e-05 1.e-05
 1.e-05 1.e-05 1.e-05 1.e-05 1.e-05 1.e-05 1.e-05 1.e-05 1.e-05 1.e-05]","[1.e-05 1.e-05 1.e-05 1.e-05 1.e-05 1.e-05 1.e-05 1.e-05 1.e-05 1.e-05
 1.e-05 1.e-05 1.e-05 1.e-05 1.e-05 1.e-05 1.e-05 1.e-05 1.e-05 1.e-05
 1.e-05 1.e-05 1.e-05 1.e-05 1.e-05 1.e-05 1.e-05 1.e-05 1.e-05 1.e-05
 1.e-05 1.e-05 1.e-05 1.e-05 1.e-05 1.e-05 1.e-05 1.e-05 1.e-05 1.e-05
 1.e-05 1.e-05 1.e-05 1.e-05 1.e-05 1.e-05 1.e-05 1.e-05 1.e-05 1.e-05]","[0.12521827 0.10733321 0.1282715  0.10409475 0.11727344 0.11032913
 0.1204481  0.11540001 0.11327127 0.11401465 0.10419875 0.11270762
 0.10517774 0.11116017 0.10966062 0.11445353 0.11357681 0.10443173
 0.11080077 0.1146678  0.11894555 0.11307574 0.10814699 0.10440356
 0.1153623  0.10823026 0.11874555 0.11174949 0.12215151 0.1072276
 0.12297371 0.10940475 0.10986795 0.10271864 0.11649581 0.10405271
 0.10687433 0.11424458 0.12432431 0.1092773  0.11695954 0.11592502
 0.11197762 0.11962624 0.12542522 0.11814377 0.11362499 0.1104162
 0.10835705 0.12179857]","[0.09285242 0.08638862 0.10567466 0.07145094 0.09359322 0.0877604
 0.09360633 0.08895358 0.08789946 0.09677559 0.08780602 0.09189977
 0.08402114 0.08256533 0.08164718 0.08035011 0.08614325 0.07349622
 0.07872737 0.07778995 0.08909265 0.08883902 0.09548737 0.07941689
 0.08827929 0.08337903 0.09839156 0.08340877 0.0882134  0.08329815
 0.08753279 0.07460474 0.09039973 0.08144823 0.09285634 0.08684974
 0.08426992 0.08924659 0.09561854 0.08487017 0.08437524 0.09125049
 0.08392354 0.09900075 0.09069865 0.09351339 0.08708205 0.07872977
 0.0810109  0.09360065]","[8.58344113e-28 1.61254462e-20 3.79032057e-29 2.53359604e-19
 2.01619728e-24 1.16930949e-21 9.64722745e-26 1.16637074e-23
 8.27858502e-23 4.19329196e-23 2.32217679e-19 1.38240042e-22
 1.01815666e-19 5.57447495e-22 2.11330429e-21 2.80050568e-23
 6.26296451e-23 1.90979035e-19 7.68494561e-22 2.29825617e-23
 4.10829619e-25 9.89301238e-23 7.96346876e-21 1.95552791e-19
 1.20795408e-23 7.40656281e-21 4.97529910e-25 3.28535021e-22
 1.82536447e-26 1.76645979e-20 8.10338342e-27 2.64802877e-21
 1.75961108e-21 7.95880627e-19 4.19236911e-24 2.62435217e-19
 2.39475687e-20 3.39463264e-23 2.10924397e-27 2.96232592e-21
 2.71098612e-24 7.15251934e-24 2.67523529e-22 2.13590056e-25
 6.96407402e-28 8.83428646e-25 5.99295275e-23 1.08226973e-21
 6.63176689e-21 2.58229249e-26]","[1.86086223e-15 1.95555886e-13 6.67989815e-20 2.52642222e-09
 1.06820708e-15 7.49045255e-14 1.05772459e-15 3.21098478e-14
 6.79037755e-14 9.35727417e-17 7.25329083e-14 3.77463935e-15
 9.88569314e-13 2.61811111e-12 4.79659984e-12 1.11521847e-11
 2.31803860e-13 7.68706241e-10 3.14403457e-11 5.66646648e-11
 2.90692855e-14 3.48476536e-14 2.53230615e-16 2.02931948e-11
 5.18972259e-14 1.52225454e-12 2.63343491e-17 1.49222662e-12
 5.43789574e-14 1.60693927e-12 8.79260526e-14 3.97715940e-10
 1.13257923e-14 5.46413716e-12 1.85543148e-15 1.41878075e-13
 8.35568103e-13 2.60335523e-14 2.28959454e-16 5.55769166e-13
 7.78041403e-13 6.08688531e-15 1.05583969e-12 1.62392021e-17
 9.11184318e-15 1.13429015e-15 1.20621508e-13 3.13926723e-11
 7.26809766e-12 1.06225218e-15]","[0.01006401 0.01089275 0.01124823 0.01016641 0.0095762  0.00995779
 0.01171827 0.01087272 0.00823748 0.0106945  0.01000774 0.01225746
 0.00850999 0.01059139 0.01114643 0.00979936 0.01059091 0.00789404
 0.01002419 0.0102638  0.01093888 0.0094583  0.0098443  0.00803566
 0.01032317 0.01091754 0.01202631 0.00973666 0.01274478 0.00910676
 0.01198351 0.01171482 0.01118553 0.00962687 0.00960934 0.00850379
 0.00973403 0.00972569 0.01092565 0.00929987 0.01330054 0.01049662
 0.0086931  0.01312089 0.00970137 0.0122062  0.00752008 0.01175129
 0.00972366 0.01293492]","[0.00527489 0.00586271 0.00565159 0.00450087 0.00520217 0.00456345
 0.00548697 0.00579453 0.00462759 0.0053426  0.00495899 0.00674772
 0.00410211 0.00573575 0.00617468 0.00441766 0.00669944 0.00299406
 0.00447619 0.00440907 0.00536203 0.00508177 0.00530255 0.0042491
 0.00483894 0.0057019  0.00679314 0.00473869 0.00634587 0.00564027
 0.00605929 0.00538599 0.00522733 0.00493157 0.00497746 0.00496829
 0.0052048  0.0055176  0.00608909 0.00434482 0.00680578 0.00505054
 0.00399065 0.00838363 0.00482559 0.00744224 0.00287783 0.0059911
 0.00477707 0.00739336]","[0.06817705 0.07193297 0.07201549 0.06861006 0.06610793 0.0683146
 0.07430946 0.0712137  0.06209766 0.07021074 0.06748116 0.07580413
 0.06336908 0.07025887 0.07249208 0.06766672 0.06998414 0.06084489
 0.06803498 0.06926741 0.0705395  0.06667024 0.06731551 0.06148232
 0.06988953 0.07158257 0.07439197 0.06749279 0.07519079 0.06507352
 0.07481333 0.07392901 0.07208167 0.06697604 0.06625351 0.06387557
 0.06770296 0.06706624 0.07156094 0.06644823 0.07843359 0.06912034
 0.0642952  0.07545854 0.06642355 0.07345292 0.06037985 0.07479963
 0.06685932 0.07666396]","[0.04913172 0.05249769 0.04966457 0.04630435 0.04896986 0.04567546
 0.05039488 0.05250109 0.04646233 0.04932876 0.0459943  0.05707999
 0.04405822 0.05251965 0.05338888 0.04616489 0.05586333 0.03779209
 0.0468099  0.04600881 0.04926777 0.04868132 0.04869173 0.04575639
 0.04725382 0.05157308 0.05577249 0.04752527 0.05326824 0.05121871
 0.05466121 0.05039567 0.04917137 0.04916358 0.04783564 0.04848635
 0.04866735 0.05055075 0.05384425 0.0454449  0.05670873 0.04821443
 0.04374355 0.06228038 0.04698015 0.05756612 0.03806508 0.05416679
 0.04631306 0.05866995]",1.9244851099176634e-10,1.1893422227718885e-06,4.914501820901362e-10,7.629941399951589e-06,2.1576576303417027e-10,7.220500200899593e-07,2.71876604156804e-10,2.2615524278602763e-06,1e-05,1e-05,0.0,0.0,0.11334033401966095,0.08716179853200913,0.006361278577106478,0.006833807307568502,0.010388076305389404,0.0053464269638061526,0.0013738281749891823,0.0010455720787013608,0.06928832549151928,0.04973097769197041,0.004295242011184559,0.004747444437284043
df1,0.64,1.0,0.0,0.0,0.36,0.0,1.0,"[7.42666811e-13 2.33262567e-14 1.05328756e-13 5.83855471e-13
 8.21358136e-14 3.89102510e-17 8.93744884e-17 3.83661921e-15
 9.43717929e-13 9.43717929e-13 6.00359848e-16 3.89102510e-17
 8.21358136e-14 7.42666811e-13 1.33749750e-15 1.05328756e-13
 2.33262567e-14 1.26570821e-17 1.72684385e-13 1.74328977e-15
 2.20772463e-13 7.17482117e-18 2.33262567e-14 3.59754634e-13
 3.88941584e-12 7.84899525e-16 1.19798113e-12 6.39848579e-14
 7.11203305e-19 1.34933703e-13 4.58740572e-16 1.72684385e-13
 2.43574207e-12 2.27745029e-18 3.87118023e-14 2.03413945e-16
 9.43717929e-13 1.93824891e-11 1.34933703e-13 2.43574207e-12
 1.74328977e-15 2.20772463e-13 4.98033280e-15 2.22374207e-17
 1.33749750e-15 2.33262567e-14 3.87118023e-14 6.18553174e-12
 4.97944383e-14 7.84899525e-16]","[9.19151252e-11 1.14339735e-10 7.38137688e-11 3.27672622e-09
 6.32216726e-10 4.14795066e-10 9.43717929e-13 7.38137688e-11
 2.83236331e-08 2.71047184e-10 9.19151252e-11 2.95255083e-15
 2.71047184e-10 1.08277464e-14 4.74591296e-11 4.99357648e-08
 1.07881685e-08 7.38137688e-11 1.18065325e-09 3.35473948e-10
 4.99357648e-08 1.72684385e-13 6.32216726e-10 7.38137688e-11
 2.18488808e-09 1.19798113e-12 3.35473948e-10 3.59754634e-13
 1.05328756e-13 1.14339735e-10 1.02511949e-15 1.45098666e-09
 8.86732425e-09 6.24499263e-07 1.59199965e-08 5.12353012e-10
 5.12353012e-10 2.16691945e-07 1.45098666e-09 1.14339735e-10
 1.23116467e-11 6.02037032e-08 8.72433497e-08 9.79737413e-12
 1.54554888e-11 1.18065325e-09 2.18772050e-10 2.83236331e-08
 2.67703473e-09 1.19798113e-12]","[7.42666811e-13 2.33262567e-14 1.05328756e-13 5.83855471e-13
 8.21358136e-14 3.89102510e-17 8.93744884e-17 3.83661921e-15
 9.43717929e-13 9.43717929e-13 6.00359848e-16 3.89102510e-17
 8.21358136e-14 7.42666811e-13 1.33749750e-15 1.05328756e-13
 2.33262567e-14 1.26570821e-17 1.72684385e-13 1.74328977e-15
 2.20772463e-13 7.17482117e-18 2.33262567e-14 3.59754634e-13
 3.88941584e-12 7.84899525e-16 1.19798113e-12 6.39848579e-14
 7.11203305e-19 1.34933703e-13 4.58740572e-16 1.72684385e-13
 2.43574207e-12 2.27745029e-18 3.87118023e-14 2.03413945e-16
 9.43717929e-13 1.93824891e-11 1.34933703e-13 2.43574207e-12
 1.74328977e-15 2.20772463e-13 4.98033280e-15 2.22374207e-17
 1.33749750e-15 2.33262567e-14 3.87118023e-14 6.18553174e-12
 4.97944383e-14 7.84899525e-16]","[9.19151252e-11 1.14339735e-10 7.38137688e-11 3.27672622e-09
 6.32216726e-10 4.14795066e-10 9.43717929e-13 7.38137688e-11
 2.83236331e-08 2.71047184e-10 9.19151252e-11 2.95255083e-15
 2.71047184e-10 1.08277464e-14 4.74591296e-11 4.99357648e-08
 1.07881685e-08 7.38137688e-11 1.18065325e-09 3.35473948e-10
 4.99357648e-08 1.72684385e-13 6.32216726e-10 7.38137688e-11
 2.18488808e-09 1.19798113e-12 3.35473948e-10 3.59754634e-13
 1.05328756e-13 1.14339735e-10 1.02511949e-15 1.45098666e-09
 8.86732425e-09 6.24499263e-07 1.59199965e-08 5.12353012e-10
 5.12353012e-10 2.16691945e-07 1.45098666e-09 1.14339735e-10
 1.23116467e-11 6.02037032e-08 8.72433497e-08 9.79737413e-12
 1.54554888e-11 1.18065325e-09 2.18772050e-10 2.83236331e-08
 2.67703473e-09 1.19798113e-12]","[4.27378133e-11 1.40749634e-11 2.24472663e-11 8.82072193e-12
 1.40314094e-10 8.33282332e-10 3.48946427e-11 5.57894508e-10
 5.78816994e-10 5.87836446e-11 1.02388098e-11 9.04018527e-10
 6.35134167e-11 8.25817192e-12 7.02761960e-10 1.01063824e-10
 1.28095079e-09 1.89063210e-11 2.50688359e-11 2.25300889e-11
 7.24841298e-11 4.82691442e-10 7.12884862e-10 4.84110307e-10
 2.73541190e-11 1.61651359e-10 2.37530329e-10 2.58515431e-11
 4.50741000e-10 5.47144552e-11 1.89890770e-10 5.61878322e-11
 1.04514175e-11 3.28782557e-11 3.81122467e-10 7.55493446e-10
 8.52462545e-12 1.14113163e-11 3.34584582e-11 8.38477066e-11
 1.23623112e-10 2.82329715e-11 5.57143220e-12 3.36995432e-10
 3.52367802e-10 1.78519421e-11 2.71809242e-11 5.43907142e-11
 8.09141643e-11 1.51040958e-10]","[2.11527962e-09 2.48930321e-10 3.47847839e-09 6.44858378e-09
 7.09271752e-10 3.82390419e-09 4.05642187e-11 7.51665175e-10
 1.10422760e-07 2.51088761e-09 1.93923988e-10 1.05979003e-10
 7.78937947e-09 3.35448336e-11 2.73862488e-10 7.15591553e-09
 4.49543623e-08 9.04457731e-10 2.79083754e-08 1.28618438e-09
 1.29817813e-08 2.57189825e-11 1.47854557e-08 3.93861610e-11
 3.29990257e-09 1.48405621e-10 2.37399789e-09 1.36974432e-10
 2.70573564e-11 3.16537230e-09 1.35310096e-10 9.59959001e-10
 5.17055037e-08 2.61146349e-09 3.20849403e-09 1.71433734e-09
 1.02473873e-08 2.43203688e-08 4.25794899e-09 7.14423742e-10
 2.23603958e-09 4.66051698e-07 1.78724655e-07 1.16002208e-10
 7.49895812e-10 3.21969540e-09 2.61945465e-10 4.68780113e-07
 8.64120020e-09 3.26921823e-11]","[1.e-05 1.e-05 1.e-05 1.e-05 1.e-05 1.e-05 1.e-05 1.e-05 1.e-05 1.e-05
 1.e-05 1.e-05 1.e-05 1.e-05 1.e-05 1.e-05 1.e-05 1.e-05 1.e-05 1.e-05
 1.e-05 1.e-05 1.e-05 1.e-05 1.e-05 1.e-05 1.e-05 1.e-05 1.e-05 1.e-05
 1.e-05 1.e-05 1.e-05 1.e-05 1.e-05 1.e-05 1.e-05 1.e-05 1.e-05 1.e-05
 1.e-05 1.e-05 1.e-05 1.e-05 1.e-05 1.e-05 1.e-05 1.e-05 1.e-05 1.e-05]","[1.e-05 1.e-05 1.e-05 1.e-05 1.e-05 1.e-05 1.e-05 1.e-05 1.e-05 1.e-05
 1.e-05 1.e-05 1.e-05 1.e-05 1.e-05 1.e-05 1.e-05 1.e-05 1.e-05 1.e-05
 1.e-05 1.e-05 1.e-05 1.e-05 1.e-05 1.e-05 1.e-05 1.e-05 1.e-05 1.e-05
 1.e-05 1.e-05 1.e-05 1.e-05 1.e-05 1.e-05 1.e-05 1.e-05 1.e-05 1.e-05
 1.e-05 1.e-05 1.e-05 1.e-05 1.e-05 1.e-05 1.e-05 1.e-05 1.e-05 1.e-05]","[0.12174789 0.12732532 0.11680612 0.11790739 0.12277784 0.12630103
 0.11660597 0.12278709 0.12871715 0.11622683 0.11568972 0.12305264
 0.12446588 0.11610552 0.12810072 0.11519737 0.11921123 0.12404667
 0.11725433 0.13135683 0.12390771 0.12290709 0.12258214 0.11899839
 0.11914731 0.12153604 0.12229161 0.1192627  0.11582087 0.12339121
 0.12749696 0.12934905 0.11647491 0.13095074 0.13053448 0.12821057
 0.11566398 0.12231741 0.11472358 0.10918597 0.11615367 0.12105506
 0.1203681  0.11700409 0.13059293 0.11908473 0.11500388 0.11840934
 0.12716439 0.11831212]","[0.08622277 0.09705194 0.08122374 0.07548409 0.09707948 0.09298707
 0.09458877 0.0926261  0.09828624 0.09049607 0.090899   0.08497696
 0.09011536 0.0881434  0.09485844 0.09221395 0.09236224 0.09332646
 0.07895792 0.1019215  0.10450242 0.08803097 0.08724273 0.0950793
 0.09282685 0.09042934 0.09911774 0.08708196 0.08878384 0.09631047
 0.0886467  0.09449429 0.091258   0.09683398 0.08689054 0.09337812
 0.0810408  0.09562297 0.07947275 0.07681298 0.08394447 0.087814
 0.09089296 0.08476983 0.1009447  0.0896304  0.08238081 0.08382998
 0.10539608 0.0882761 ]","[2.71395879e-26 1.00488909e-28 3.13220934e-24 1.10602678e-24
 9.83792554e-27 2.86373818e-28 3.78053078e-24 9.74826079e-27
 2.38856810e-29 5.39427267e-24 8.90765226e-24 7.49345859e-27
 1.83011667e-27 6.04254728e-24 4.52213290e-29 1.40781988e-23
 3.18402159e-25 2.78493192e-27 2.05291881e-24 1.49903384e-30
 3.19977822e-27 8.65630740e-27 1.19379198e-26 3.90541803e-25
 3.38554363e-25 3.34029363e-26 1.59008458e-26 3.03043685e-25
 7.88259255e-24 5.35380734e-27 8.42446390e-29 1.23757202e-29
 4.27537582e-24 2.30353007e-30 3.57299029e-30 4.03681444e-29
 9.12385650e-24 1.55016806e-26 2.18285682e-23 3.20997737e-21
 5.77645244e-24 5.34492820e-26 1.04257429e-25 2.59954784e-24
 3.35969064e-30 3.59509485e-25 1.68434608e-23 6.85943945e-25
 1.18528825e-28 7.52565703e-25]","[2.19387678e-13 7.54463202e-17 6.32711775e-12 2.34149217e-10
 7.38417481e-17 1.68283710e-15 5.03106958e-16 2.20280696e-15
 2.86214154e-17 1.05598792e-14 7.87263722e-15 5.16722384e-13
 1.39201334e-14 5.71439452e-14 4.09719869e-16 2.99177245e-15
 2.68016599e-15 1.30521060e-15 2.71704435e-11 1.53377347e-18
 1.79962978e-19 6.18766584e-14 1.07784882e-13 3.46146749e-16
 1.89671083e-15 1.10847410e-14 1.47941810e-17 1.20629556e-13
 3.62471737e-14 1.34255566e-16 3.99694785e-14 5.40557959e-16
 6.05345999e-15 8.94156726e-17 1.37895287e-13 1.25558578e-15
 7.12807830e-12 2.28180913e-16 1.95827799e-11 1.03909273e-10
 1.04104638e-12 7.21258704e-14 7.90741539e-15 5.95092577e-13
 3.40279194e-18 1.97579735e-14 2.95848530e-12 1.12453435e-12
 8.46241455e-20 5.20145009e-14]","[0.01103652 0.01216543 0.01169932 0.00965106 0.01216078 0.01551998
 0.01226854 0.01232719 0.01183808 0.01122475 0.01018941 0.01104355
 0.0130558  0.01128232 0.01327789 0.01199651 0.01371622 0.01157737
 0.00889409 0.01460767 0.01234341 0.01115739 0.01420093 0.0115099
 0.01027942 0.011011   0.01090646 0.00997102 0.01181817 0.01173091
 0.01253092 0.01158416 0.01177764 0.01276445 0.01180243 0.01306117
 0.01056528 0.01077509 0.00983322 0.0127089  0.01146054 0.01167214
 0.01119483 0.01171505 0.01265323 0.01189876 0.00870609 0.01251721
 0.01226151 0.01292014]","[0.00530088 0.0063628  0.00570095 0.00417697 0.00603116 0.0081954
 0.0063318  0.00600314 0.00558174 0.006078   0.004866   0.00465584
 0.00598395 0.00618863 0.00624382 0.0062716  0.00727332 0.00585866
 0.0037086  0.00749826 0.00690269 0.00484121 0.00619042 0.00647616
 0.00489187 0.00604725 0.00571465 0.00559688 0.00573599 0.0053587
 0.00679302 0.00573611 0.00583267 0.00646412 0.00477159 0.00611496
 0.00432837 0.00514805 0.00451982 0.00653744 0.00534761 0.0050863
 0.00587177 0.00609171 0.00637126 0.00629735 0.00423038 0.0052495
 0.00657547 0.00653541]","[0.07128428 0.07505375 0.07470697 0.06730316 0.07447024 0.08486325
 0.0755323  0.07623494 0.07335687 0.07234803 0.0690964  0.07145145
 0.07824844 0.07173319 0.07923973 0.0744958  0.07976762 0.0735645
 0.06447054 0.083361   0.07597505 0.07266845 0.0816121  0.07290437
 0.06892507 0.07161209 0.07141385 0.06907081 0.0744381  0.07411237
 0.07615389 0.07418891 0.07380926 0.07649574 0.07418235 0.0774832
 0.0706846  0.07151545 0.06761538 0.07702197 0.0729382  0.07499735
 0.07122548 0.07410497 0.07648038 0.07402967 0.06395658 0.07727751
 0.07494252 0.07712212]","[0.04957632 0.05464066 0.05327145 0.04447406 0.05149795 0.06128669
 0.05464171 0.05296072 0.05061744 0.05284322 0.04783074 0.04635953
 0.05331088 0.05303334 0.05407554 0.05319673 0.05808789 0.05351129
 0.04183384 0.05991512 0.05651725 0.04794904 0.05316728 0.05601094
 0.04754109 0.05248698 0.05096027 0.05238275 0.05206239 0.04989871
 0.05575585 0.05205496 0.05222699 0.05485555 0.04796298 0.0536102
 0.0461457  0.04928719 0.04627499 0.05596339 0.05034041 0.04946131
 0.05197846 0.0536951  0.05349054 0.05403389 0.04526335 0.04951823
 0.05420371 0.0560135 ]",8.504248134689331e-13,2.3983626877279632e-08,2.8950880406284835e-12,9.329584816279107e-08,2.176165403433572e-10,2.973658992377892e-08,2.959098408469738e-10,9.516793810154847e-08,1e-05,1e-05,0.0,0.0,0.12139169128179551,0.09051115183353424,0.00524670745859554,0.006754669329285427,0.011777276992797852,0.005799405574798584,0.0013109307669812726,0.0008828941434697621,0.07399080441993226,0.05196156208999253,0.004119967173635276,0.0038687916481028885
df1,0.68,1.0,0.0,0.0,0.31999999999999995,0.0,1.0,"[1.54798729e-16 2.27745029e-18 1.20365650e-19 7.11203305e-19
 3.89102510e-17 6.78067547e-17 1.96348850e-20 2.95255083e-15
 3.87118023e-14 2.67024896e-16 6.60370667e-20 2.94303610e-17
 6.39848579e-14 3.00652497e-14 2.67024896e-16 4.05057199e-18
 5.39368124e-18 1.20730402e-21 6.60370667e-20 6.45842239e-15
 2.27745029e-18 2.26988766e-15 2.95255083e-15 4.58740572e-16
 5.39368124e-18 2.95255083e-15 5.39368124e-18 5.13913233e-17
 1.96348850e-20 1.34933703e-13 5.30299497e-19 1.65262693e-21
 6.00359848e-16 2.25989398e-21 3.60824945e-20 3.89102510e-17
 9.53441021e-18 3.89102510e-17 1.08277464e-14 9.53441021e-18
 1.02511949e-15 3.89102510e-17 9.52846065e-19 1.44619791e-20
 1.65262693e-21 1.33749750e-15 4.98033280e-15 7.84899525e-16
 3.89102510e-17 6.60370667e-20]","[3.59754634e-13 6.02037032e-08 9.43717929e-13 9.79737413e-12
 1.54554888e-11 7.28113471e-09 6.78067547e-17 8.86732425e-09
 1.93824891e-11 9.19151252e-11 3.50171296e-16 1.74328977e-15
 1.14339735e-10 7.42666811e-13 2.81965513e-13 2.43574207e-12
 1.42091476e-10 6.18553174e-12 1.23116467e-11 1.19798113e-12
 3.07948375e-12 1.76400398e-10 1.92461767e-12 6.18553174e-12
 1.05328756e-13 2.18488808e-09 1.72684385e-13 1.92461767e-12
 3.83661921e-15 7.42666811e-13 2.71047184e-10 9.19151252e-11
 5.97265054e-09 1.80794013e-14 2.33262567e-14 1.74328977e-15
 1.92461767e-12 3.88941584e-12 1.34933703e-13 1.08277464e-14
 1.92461767e-12 1.92461767e-12 1.31118659e-08 1.76400398e-10
 1.05328756e-13 3.07948375e-12 1.78141737e-09 2.20772463e-13
 5.83855471e-13 4.90739183e-12]","[1.54798729e-16 2.27745029e-18 1.20365650e-19 7.11203305e-19
 3.89102510e-17 6.78067547e-17 1.96348850e-20 2.95255083e-15
 3.87118023e-14 2.67024896e-16 6.60370667e-20 2.94303610e-17
 6.39848579e-14 3.00652497e-14 2.67024896e-16 4.05057199e-18
 5.39368124e-18 1.20730402e-21 6.60370667e-20 6.45842239e-15
 2.27745029e-18 2.26988766e-15 2.95255083e-15 4.58740572e-16
 5.39368124e-18 2.95255083e-15 5.39368124e-18 5.13913233e-17
 1.96348850e-20 1.34933703e-13 5.30299497e-19 1.65262693e-21
 6.00359848e-16 2.25989398e-21 3.60824945e-20 3.89102510e-17
 9.53441021e-18 3.89102510e-17 1.08277464e-14 9.53441021e-18
 1.02511949e-15 3.89102510e-17 9.52846065e-19 1.44619791e-20
 1.65262693e-21 1.33749750e-15 4.98033280e-15 7.84899525e-16
 3.89102510e-17 6.60370667e-20]","[3.59754634e-13 6.02037032e-08 9.43717929e-13 9.79737413e-12
 1.54554888e-11 7.28113471e-09 6.78067547e-17 8.86732425e-09
 1.93824891e-11 9.19151252e-11 3.50171296e-16 1.74328977e-15
 1.14339735e-10 7.42666811e-13 2.81965513e-13 2.43574207e-12
 1.42091476e-10 6.18553174e-12 1.23116467e-11 1.19798113e-12
 3.07948375e-12 1.76400398e-10 1.92461767e-12 6.18553174e-12
 1.05328756e-13 2.18488808e-09 1.72684385e-13 1.92461767e-12
 3.83661921e-15 7.42666811e-13 2.71047184e-10 9.19151252e-11
 5.97265054e-09 1.80794013e-14 2.33262567e-14 1.74328977e-15
 1.92461767e-12 3.88941584e-12 1.34933703e-13 1.08277464e-14
 1.92461767e-12 1.92461767e-12 1.31118659e-08 1.76400398e-10
 1.05328756e-13 3.07948375e-12 1.78141737e-09 2.20772463e-13
 5.83855471e-13 4.90739183e-12]","[3.33225669e-11 1.59756763e-10 3.46764839e-11 1.69599668e-10
 1.29529987e-09 1.37637335e-09 2.46807352e-10 1.31255318e-09
 6.14583939e-11 7.02764624e-10 1.34625888e-09 2.72205369e-10
 2.81993429e-10 2.44657405e-10 2.37585507e-11 5.78995740e-11
 1.15876531e-10 9.99330507e-10 7.13342163e-10 2.15285567e-11
 4.95258279e-11 9.65552083e-11 1.06367681e-09 5.21755972e-11
 4.36253478e-10 1.00802744e-09 4.25303459e-10 9.40644673e-10
 1.74732229e-09 3.28465033e-11 1.98217776e-10 2.74305889e-09
 2.63737920e-11 7.43979323e-11 4.52568316e-10 3.72505360e-10
 9.55868718e-11 1.38845901e-09 9.19158305e-10 2.95360403e-11
 1.08368381e-09 2.79277712e-11 2.76482170e-10 5.46923173e-10
 2.46079823e-10 8.16569035e-11 4.43871273e-10 3.28258531e-11
 1.15391141e-10 1.83619342e-10]","[2.74202661e-10 6.68163880e-09 4.28876934e-11 8.16542611e-10
 7.26796401e-11 2.47321060e-08 8.01743116e-11 8.72388140e-09
 2.54523624e-10 1.10914453e-08 3.81215060e-11 5.27981769e-10
 5.36458367e-09 3.17799120e-11 7.39509565e-11 5.03477260e-11
 9.25667543e-10 3.50949270e-11 3.27021743e-11 5.83142423e-11
 3.11609627e-11 2.22031171e-09 4.63407090e-11 2.56129562e-11
 3.38998829e-11 8.17241452e-09 8.51223536e-11 6.84176049e-11
 4.27380353e-12 5.37236922e-11 6.26402019e-09 4.46269688e-11
 1.02157283e-09 5.59763347e-12 7.05215886e-11 4.32361924e-11
 4.30061542e-11 3.45233842e-11 8.45030712e-11 5.15099075e-12
 8.80378215e-10 7.19874160e-11 3.87599175e-09 8.19194379e-10
 2.56753507e-11 7.75630893e-10 1.36924694e-10 2.76720868e-11
 2.62435629e-10 1.00987851e-09]","[1.e-05 1.e-05 1.e-05 1.e-05 1.e-05 1.e-05 1.e-05 1.e-05 1.e-05 1.e-05
 1.e-05 1.e-05 1.e-05 1.e-05 1.e-05 1.e-05 1.e-05 1.e-05 1.e-05 1.e-05
 1.e-05 1.e-05 1.e-05 1.e-05 1.e-05 1.e-05 1.e-05 1.e-05 1.e-05 1.e-05
 1.e-05 1.e-05 1.e-05 1.e-05 1.e-05 1.e-05 1.e-05 1.e-05 1.e-05 1.e-05
 1.e-05 1.e-05 1.e-05 1.e-05 1.e-05 1.e-05 1.e-05 1.e-05 1.e-05 1.e-05]","[1.e-05 1.e-05 1.e-05 1.e-05 1.e-05 1.e-05 1.e-05 1.e-05 1.e-05 1.e-05
 1.e-05 1.e-05 1.e-05 1.e-05 1.e-05 1.e-05 1.e-05 1.e-05 1.e-05 1.e-05
 1.e-05 1.e-05 1.e-05 1.e-05 1.e-05 1.e-05 1.e-05 1.e-05 1.e-05 1.e-05
 1.e-05 1.e-05 1.e-05 1.e-05 1.e-05 1.e-05 1.e-05 1.e-05 1.e-05 1.e-05
 1.e-05 1.e-05 1.e-05 1.e-05 1.e-05 1.e-05 1.e-05 1.e-05 1.e-05 1.e-05]","[0.13153199 0.14857237 0.128321   0.1293474  0.12278728 0.13125037
 0.12089802 0.13222804 0.1248046  0.13550571 0.13751746 0.14757696
 0.12088521 0.13012924 0.14351415 0.12140212 0.13911637 0.14382082
 0.14017459 0.13576588 0.14356185 0.14094115 0.13357273 0.13532015
 0.13591582 0.12906466 0.13891679 0.12966277 0.14446687 0.12552989
 0.1328437  0.14734591 0.1332531  0.12791441 0.13056439 0.12928338
 0.12881611 0.13880976 0.1301192  0.12819835 0.12890205 0.12836882
 0.12849979 0.13252628 0.139272   0.13071158 0.13479739 0.13306088
 0.11867081 0.14248389]","[0.08677907 0.09425842 0.09580146 0.09517783 0.08620863 0.08966813
 0.08705559 0.08916639 0.08299994 0.09124529 0.0990416  0.10453662
 0.08149258 0.08862893 0.10114989 0.08451852 0.09219534 0.09608427
 0.08563622 0.09427203 0.10109474 0.09560508 0.08921508 0.09518962
 0.08738346 0.09046644 0.09948953 0.09147494 0.10801856 0.09981612
 0.09794786 0.09546209 0.10467794 0.09736856 0.09329798 0.1014543
 0.09477994 0.09575016 0.08996451 0.09390552 0.09089794 0.09091689
 0.08258311 0.09305232 0.09219676 0.09462028 0.09441394 0.09136871
 0.08219416 0.09963083]","[1.24495359e-30 5.31682851e-39 3.60110911e-29 1.23971440e-29
 9.74640961e-27 1.67796638e-30 6.22904631e-26 5.93688103e-31
 1.30224996e-27 1.72184725e-32 1.87644820e-33 1.75012917e-38
 6.30723145e-26 5.47064999e-30 2.08061390e-36 3.80812952e-26
 3.14734102e-34 1.45751115e-36 9.54428827e-35 1.29512597e-32
 1.96865041e-36 3.99827957e-35 1.40406790e-31 2.10894692e-32
 1.09880412e-32 1.66443105e-29 3.93755641e-34 8.91807753e-30
 6.86869022e-37 6.26445148e-28 3.07374186e-31 2.30498355e-38
 1.98065829e-31 5.48097227e-29 3.46222491e-30 1.32530769e-29
 2.15530639e-29 4.43954076e-34 5.52859540e-30 4.08813722e-29
 1.97117591e-29 3.42723068e-29 2.99251219e-29 4.31750187e-31
 2.64229835e-34 2.96484092e-30 3.72827998e-32 2.43496828e-31
 5.34387628e-25 6.83955930e-36]","[1.49045678e-13 6.46475058e-16 1.98900935e-16 3.21025622e-16
 2.21545810e-13 1.92282008e-14 1.22875314e-13 2.75739110e-14
 1.96107050e-12 6.11013124e-15 1.57194535e-17 1.74861575e-19
 5.30785954e-12 4.04785543e-14 2.88014723e-18 7.05981227e-13
 3.03331236e-15 1.59921087e-16 3.28893935e-13 6.39842301e-16
 3.01228191e-18 2.31340819e-16 2.66284229e-14 3.18141512e-16
 9.76530424e-14 1.07898463e-14 1.09940127e-17 5.16210731e-15
 8.90463205e-21 8.46247216e-18 3.73787560e-17 2.58192543e-16
 1.55255358e-19 5.89073571e-17 1.33339716e-15 2.24752697e-18
 4.34979901e-16 2.06914024e-16 1.55253957e-14 8.44214764e-16
 7.87872096e-15 7.77042079e-15 2.58742630e-12 1.60271517e-15
 3.03011253e-15 4.91195709e-16 5.74560039e-16 5.58112309e-15
 3.34688960e-12 9.81810008e-18]","[0.0161382  0.01451814 0.01484811 0.01529777 0.01411974 0.01283836
 0.01571023 0.01719773 0.01381469 0.01061606 0.01316929 0.01834309
 0.01221299 0.01496637 0.01686764 0.01472938 0.01589704 0.01722717
 0.01765728 0.01412368 0.01586735 0.01519036 0.01543546 0.01396585
 0.01560235 0.01554585 0.01643169 0.01268101 0.01707935 0.01186514
 0.01561022 0.01565039 0.01399219 0.01365519 0.01355529 0.01365662
 0.01510859 0.01369679 0.01288748 0.01591039 0.0150857  0.01465511
 0.01527905 0.0140146  0.01684761 0.01686382 0.01657236 0.01510346
 0.01302862 0.01400471]","[0.00714481 0.00572693 0.00727022 0.00677073 0.00653028 0.00639117
 0.00704587 0.008461   0.00529039 0.00356591 0.00650895 0.00941336
 0.0051434  0.00677896 0.00769055 0.00602674 0.00700724 0.00723851
 0.007393   0.00649917 0.0070653  0.00639343 0.00732005 0.00688696
 0.00800335 0.00681841 0.00820673 0.00555694 0.00872564 0.00648665
 0.00657642 0.00600374 0.00697303 0.00652277 0.0056175  0.0073477
 0.00731242 0.00643539 0.0064255  0.00890172 0.00619066 0.00624323
 0.00639868 0.00582767 0.00794387 0.00936532 0.00800574 0.00666177
 0.00640512 0.00618649]","[0.08675801 0.08140111 0.08336706 0.08429755 0.08107646 0.0773555
 0.08662035 0.08881018 0.08056865 0.07067326 0.07803995 0.0912144
 0.07702833 0.08334529 0.08866948 0.08321224 0.08681529 0.08886608
 0.09014885 0.08149402 0.08561347 0.08391449 0.08482135 0.08032875
 0.08438097 0.08571607 0.08720514 0.07720607 0.08863    0.07407978
 0.08680358 0.08395738 0.08032757 0.07886755 0.08070816 0.07815143
 0.08359619 0.07880375 0.0774047  0.08618973 0.08452621 0.08234434
 0.08394008 0.08100756 0.08908317 0.08808748 0.08750525 0.08446259
 0.07773166 0.08067351]","[0.05878987 0.05171012 0.05944609 0.05556475 0.05527831 0.05568996
 0.05759921 0.06301711 0.0500818  0.04080409 0.05534949 0.06640165
 0.0499341  0.05591606 0.05945136 0.05250272 0.05811302 0.05798061
 0.05845488 0.05530205 0.05815104 0.05497141 0.05918461 0.05739689
 0.06126065 0.05720167 0.06182076 0.05097852 0.06292089 0.05489278
 0.05557687 0.05225391 0.05752869 0.05548668 0.05145124 0.05786892
 0.05854523 0.0547802  0.05552673 0.06473012 0.05415222 0.053547
 0.0542511  0.05210195 0.06080099 0.06554145 0.06109392 0.05460738
 0.05502317 0.05448095]",6.127495281949253e-15,2.011381555972946e-09,2.168684752909803e-14,8.77098080435629e-09,4.932023611736725e-10,1.7230486526464971e-09,5.772989208393331e-10,4.2087791786150284e-09,1e-05,1e-05,0.0,0.0,0.13333088110208513,0.09320308238267899,0.0073157966903998565,0.006055443856132208,0.014902710914611816,0.00685410737991333,0.0016051343103310322,0.0010812676190344824,0.08311660119376947,0.056510302793661704,0.00443623559011896,0.004475539306444435
df1,0.72,1.0,0.0,0.0,0.28,0.0,1.0,"[4.67812431e-22 4.94023307e-23 2.22374207e-17 1.96348850e-20
 1.06757971e-26 3.95007214e-19 5.30299497e-19 3.37322101e-25
 4.88387176e-20 1.82433512e-24 3.55797286e-24 7.82155399e-21
 1.62253462e-19 7.11203305e-19 9.53441021e-18 4.05057199e-18
 1.30270202e-22 2.47371214e-22 1.70487812e-25 1.06410050e-20
 4.30155538e-26 4.96114708e-24 4.30155538e-26 8.81076169e-22
 4.96114708e-24 7.82155399e-21 8.92004797e-20 2.54904105e-24
 9.31581113e-25 6.42340318e-22 2.14737506e-26 2.66308246e-20
 2.94303610e-17 2.66308246e-20 6.60370667e-20 5.28569498e-27
 5.39368124e-18 2.47371214e-22 8.92004797e-20 8.81076169e-22
 9.43897459e-23 2.54904105e-24 4.30155538e-26 5.30299497e-19
 9.43897459e-23 4.94023307e-23 7.82155399e-21 2.18494984e-19
 2.27745029e-18 1.44619791e-20]","[3.35473948e-10 6.39848579e-14 6.39848579e-14 1.05328756e-13
 9.79737413e-12 2.43574207e-12 4.90739183e-12 9.53441021e-18
 1.33749750e-15 3.83661921e-15 4.97944383e-14 8.93744884e-17
 7.38137688e-11 1.93824891e-11 2.42826791e-11 6.18553174e-12
 7.78867068e-12 7.42666811e-13 1.65262693e-21 7.84899525e-16
 1.33749750e-15 9.52846065e-19 3.00652497e-14 4.13773042e-08
 1.44619791e-20 3.59754634e-13 4.58538879e-13 1.74328977e-15
 2.26988766e-15 6.78067547e-17 2.71047184e-10 9.53441021e-18
 9.43717929e-13 1.34933703e-13 8.21358136e-14 5.39368124e-18
 7.42666811e-13 3.87118023e-14 1.19798113e-12 3.88941584e-12
 3.89102510e-17 7.17482117e-18 9.61617488e-24 4.90739183e-12
 1.05328756e-13 2.67703473e-09 8.93744884e-17 2.43574207e-12
 8.21358136e-14 1.39985076e-14]","[4.67812431e-22 4.94023307e-23 2.22374207e-17 1.96348850e-20
 1.06757971e-26 3.95007214e-19 5.30299497e-19 3.37322101e-25
 4.88387176e-20 1.82433512e-24 3.55797286e-24 7.82155399e-21
 1.62253462e-19 7.11203305e-19 9.53441021e-18 4.05057199e-18
 1.30270202e-22 2.47371214e-22 1.70487812e-25 1.06410050e-20
 4.30155538e-26 4.96114708e-24 4.30155538e-26 8.81076169e-22
 4.96114708e-24 7.82155399e-21 8.92004797e-20 2.54904105e-24
 9.31581113e-25 6.42340318e-22 2.14737506e-26 2.66308246e-20
 2.94303610e-17 2.66308246e-20 6.60370667e-20 5.28569498e-27
 5.39368124e-18 2.47371214e-22 8.92004797e-20 8.81076169e-22
 9.43897459e-23 2.54904105e-24 4.30155538e-26 5.30299497e-19
 9.43897459e-23 4.94023307e-23 7.82155399e-21 2.18494984e-19
 2.27745029e-18 1.44619791e-20]","[3.35473948e-10 6.39848579e-14 6.39848579e-14 1.05328756e-13
 9.79737413e-12 2.43574207e-12 4.90739183e-12 9.53441021e-18
 1.33749750e-15 3.83661921e-15 4.97944383e-14 8.93744884e-17
 7.38137688e-11 1.93824891e-11 2.42826791e-11 6.18553174e-12
 7.78867068e-12 7.42666811e-13 1.65262693e-21 7.84899525e-16
 1.33749750e-15 9.52846065e-19 3.00652497e-14 4.13773042e-08
 1.44619791e-20 3.59754634e-13 4.58538879e-13 1.74328977e-15
 2.26988766e-15 6.78067547e-17 2.71047184e-10 9.53441021e-18
 9.43717929e-13 1.34933703e-13 8.21358136e-14 5.39368124e-18
 7.42666811e-13 3.87118023e-14 1.19798113e-12 3.88941584e-12
 3.89102510e-17 7.17482117e-18 9.61617488e-24 4.90739183e-12
 1.05328756e-13 2.67703473e-09 8.93744884e-17 2.43574207e-12
 8.21358136e-14 1.39985076e-14]","[9.97978367e-11 1.60978231e-10 8.59839977e-11 9.09642583e-10
 6.32852770e-10 1.07119202e-09 1.51090429e-09 4.54838722e-10
 2.25148011e-10 1.30876310e-09 1.09970366e-10 1.35957279e-09
 1.54829538e-09 9.33640498e-10 7.12926385e-11 6.37642938e-10
 1.52157398e-10 2.53298382e-10 3.46043083e-10 2.14747420e-09
 1.87159510e-10 2.23231023e-09 1.68231229e-09 1.23782473e-09
 1.59446389e-09 7.29684091e-11 1.58353997e-10 2.27124652e-10
 1.81838655e-09 2.32775887e-09 2.24077135e-09 9.56702384e-10
 5.24740029e-10 8.52211857e-10 7.43037853e-11 1.05011821e-09
 8.60990168e-11 1.52330881e-09 1.88564919e-09 8.02833355e-11
 9.21627663e-10 2.04770867e-10 4.33238889e-10 9.11057896e-11
 8.15155166e-10 7.76515519e-11 9.03700559e-10 2.57133226e-09
 1.28534572e-09 5.28599275e-10]","[1.97060146e-10 1.27007738e-10 3.80893539e-10 3.69310138e-11
 6.31360519e-10 6.74243994e-11 8.03337397e-11 1.04974918e-11
 5.21438448e-12 2.61862199e-10 1.46963886e-10 6.11960482e-11
 6.43990417e-11 5.70395953e-11 8.29928348e-10 1.47740598e-10
 1.29982580e-10 4.72744066e-12 5.79103432e-11 5.03197484e-12
 2.28549402e-11 4.74779105e-11 4.80360196e-12 9.03998210e-10
 6.98312741e-10 3.71023212e-11 9.19369025e-11 3.62192387e-10
 7.16740667e-10 5.02651254e-11 1.71211489e-10 2.45701237e-11
 6.78272771e-10 1.49049439e-10 4.69884132e-11 6.45563603e-11
 3.32295302e-11 5.03513453e-10 2.47278642e-10 6.70764555e-11
 4.08696410e-11 6.25166585e-12 5.29511990e-11 4.89331908e-11
 3.59557939e-11 2.34853215e-09 1.55801705e-10 5.16049425e-11
 7.51533280e-11 7.93114574e-10]","[1.e-05 1.e-05 1.e-05 1.e-05 1.e-05 1.e-05 1.e-05 1.e-05 1.e-05 1.e-05
 1.e-05 1.e-05 1.e-05 1.e-05 1.e-05 1.e-05 1.e-05 1.e-05 1.e-05 1.e-05
 1.e-05 1.e-05 1.e-05 1.e-05 1.e-05 1.e-05 1.e-05 1.e-05 1.e-05 1.e-05
 1.e-05 1.e-05 1.e-05 1.e-05 1.e-05 1.e-05 1.e-05 1.e-05 1.e-05 1.e-05
 1.e-05 1.e-05 1.e-05 1.e-05 1.e-05 1.e-05 1.e-05 1.e-05 1.e-05 1.e-05]","[1.e-05 1.e-05 1.e-05 1.e-05 1.e-05 1.e-05 1.e-05 1.e-05 1.e-05 1.e-05
 1.e-05 1.e-05 1.e-05 1.e-05 1.e-05 1.e-05 1.e-05 1.e-05 1.e-05 1.e-05
 1.e-05 1.e-05 1.e-05 1.e-05 1.e-05 1.e-05 1.e-05 1.e-05 1.e-05 1.e-05
 1.e-05 1.e-05 1.e-05 1.e-05 1.e-05 1.e-05 1.e-05 1.e-05 1.e-05 1.e-05
 1.e-05 1.e-05 1.e-05 1.e-05 1.e-05 1.e-05 1.e-05 1.e-05 1.e-05 1.e-05]","[0.14779461 0.14010356 0.14436258 0.15350322 0.15298863 0.14713082
 0.14579785 0.15536559 0.14674241 0.15340865 0.14161676 0.13482907
 0.14467012 0.14388106 0.13784174 0.13682446 0.1539321  0.14649892
 0.15605691 0.14318782 0.13976828 0.15503448 0.14927659 0.15323528
 0.14267054 0.14967629 0.14286794 0.13851047 0.14342129 0.15039061
 0.15509954 0.14101073 0.14810683 0.14023967 0.14796705 0.13992437
 0.1323151  0.14181427 0.14294927 0.1535406  0.14515808 0.1415523
 0.1563159  0.146301   0.14135236 0.14028501 0.1436455  0.15139527
 0.15051556 0.14987214]","[0.09710311 0.09784431 0.10317305 0.1044681  0.11174746 0.09027239
 0.09555236 0.11275763 0.10832431 0.11594819 0.09893742 0.10481324
 0.09171558 0.10093131 0.09496438 0.09945059 0.10105385 0.10581247
 0.11097453 0.09666462 0.09568728 0.1009745  0.10426853 0.10414818
 0.10474845 0.09487096 0.09992795 0.09842655 0.10121908 0.10056109
 0.10466985 0.10123319 0.09545696 0.09171032 0.10185555 0.09647529
 0.09596523 0.09363277 0.09619556 0.10529098 0.09905615 0.09832727
 0.10552456 0.09572492 0.09367756 0.09287362 0.09380266 0.09521201
 0.10051398 0.09293292]","[1.34970426e-38 1.03431063e-34 7.75742228e-37 1.28899829e-41
 2.43933660e-41 2.97731836e-38 1.44222783e-37 1.25817853e-42
 4.72219290e-38 1.44954680e-41 1.84967325e-35 3.60198374e-32
 5.41718725e-37 1.35896369e-36 1.30861572e-33 4.04182347e-33
 7.56219472e-42 6.30147408e-38 5.26582408e-43 3.03602253e-36
 1.51070719e-34 1.90682216e-42 2.27749440e-39 1.79726736e-41
 5.51664389e-36 1.40503367e-39 4.39346940e-36 6.20650292e-34
 2.31702185e-36 5.90701356e-40 1.75736331e-42 3.69376580e-35
 9.29143776e-39 8.86631459e-35 1.09830835e-38 1.26657675e-34
 5.41018176e-31 1.47542113e-35 3.99975228e-36 1.23053324e-41
 3.05946371e-37 1.99115627e-35 3.79589980e-43 7.96407380e-38
 2.50208014e-35 8.42249360e-35 1.78658512e-36 1.73381740e-40
 5.07404941e-40 1.10837612e-39]","[7.24925514e-17 4.05529122e-17 5.46303947e-19 1.85231361e-19
 3.29135840e-22 1.24226496e-14 2.40904532e-16 1.32105857e-22
 6.82376581e-21 6.99948170e-24 1.70785472e-17 1.38526571e-19
 4.32410157e-15 3.43995835e-18 3.77905976e-16 1.13419069e-17
 3.11407728e-18 5.94087083e-20 6.58085830e-22 1.02005654e-16
 2.17171588e-16 3.32142356e-18 2.19019405e-19 2.42269539e-19
 1.46302391e-19 4.05823872e-16 7.73552468e-18 2.56154065e-17
 2.72246437e-18 4.64326692e-18 1.56316596e-19 2.69136235e-18
 2.59210828e-16 4.34090623e-15 1.61895057e-18 1.18157926e-16
 1.75313140e-16 1.03688191e-15 1.46739909e-16 9.25076069e-20
 1.55383367e-17 2.77081194e-17 7.58840817e-20 2.10973095e-16
 1.00251166e-15 1.83164535e-15 9.12331929e-16 3.12736659e-16
 4.82356277e-18 1.75231793e-15]","[0.01859069 0.01602483 0.01683438 0.02097178 0.01474702 0.01863432
 0.01845336 0.01740479 0.0158633  0.01702416 0.01803374 0.01887548
 0.01760972 0.01921821 0.01622844 0.01929128 0.01908767 0.01936245
 0.01835155 0.01808965 0.01976192 0.01921606 0.01822937 0.02006865
 0.02028584 0.01676619 0.01618004 0.01646912 0.016868   0.01590228
 0.01729083 0.01736426 0.01775336 0.01484585 0.01874673 0.01764905
 0.01343298 0.01745331 0.01850247 0.0142802  0.01929092 0.01699305
 0.01843655 0.01633883 0.01741529 0.01946759 0.01630628 0.01894271
 0.01987016 0.01819003]","[0.0079459  0.00692976 0.00873089 0.01046646 0.0075345  0.00775373
 0.0079881  0.00785983 0.00841796 0.00840712 0.00875437 0.00934672
 0.00662839 0.00844729 0.00808084 0.00999188 0.00779772 0.0104636
 0.00957572 0.00863254 0.0084672  0.00913143 0.00767052 0.00842118
 0.01026618 0.00677681 0.00685859 0.00686181 0.00855696 0.0075177
 0.00670922 0.00838482 0.00768018 0.0057503  0.00836968 0.00751734
 0.00580895 0.00757849 0.00880861 0.00663114 0.00874865 0.00677168
 0.00866401 0.00599027 0.00795949 0.00936902 0.00650191 0.00732446
 0.00851691 0.00720322]","[0.09230747 0.08563998 0.08819046 0.0978479  0.08282807 0.0924376
 0.09325383 0.08942441 0.08497587 0.08838479 0.09188438 0.09414199
 0.09192072 0.09444617 0.08627642 0.09518355 0.09394211 0.0934746
 0.09213732 0.09176738 0.09628553 0.0939052  0.09137881 0.09646965
 0.09729706 0.08803029 0.08710917 0.08820941 0.08820513 0.08494334
 0.09012018 0.08992358 0.09026853 0.08314318 0.0944276  0.09113117
 0.07915481 0.08924566 0.09251954 0.08110138 0.09454168 0.08855279
 0.09118436 0.08774646 0.09033524 0.09474332 0.08614021 0.09357833
 0.09630245 0.09189705]","[0.06120994 0.05649268 0.06332267 0.06958716 0.05938147 0.06066178
 0.06085118 0.06043935 0.06288295 0.06198692 0.06385437 0.06540101
 0.05616027 0.06273324 0.06192488 0.06839413 0.05916925 0.07024766
 0.0666426  0.06389494 0.06366881 0.06587955 0.05925947 0.06301403
 0.06874577 0.05634085 0.05714817 0.05692103 0.06293154 0.05895527
 0.05584286 0.06205195 0.05993798 0.05227403 0.06331096 0.05900333
 0.05255213 0.059708   0.06313639 0.05509443 0.06368446 0.05631188
 0.06298757 0.05296796 0.06235861 0.06643164 0.05481126 0.05824264
 0.06225407 0.05835571]",1.517800023822257e-18,8.965182727112926e-10,5.322990534976037e-18,5.854098975509254e-09,8.532973616581785e-10,2.366820939236902e-10,7.341501971620173e-10,3.946485864292643e-10,1e-05,1e-05,0.0,0.0,0.14601498418331146,0.09994945647478103,0.006013296543909948,0.0058176459674630894,0.017740294933319092,0.008011400699615479,0.0016147988709223366,0.0011452366383365544,0.0905671225999207,0.06098841592048339,0.004237861602224979,0.0043212600144966334
df1,0.76,1.0,0.0,0.0,0.24,0.0,1.0,"[4.30155538e-26 3.56853685e-23 2.54904105e-24 2.14737506e-26
 1.21017203e-25 4.96114708e-24 1.21132482e-30 6.83217462e-23
 5.69539852e-31 6.07873598e-26 1.27976799e-27 1.13678721e-29
 6.25831333e-28 7.51579753e-27 8.95402666e-28 8.95402666e-28
 7.84752977e-30 3.43417798e-29 8.95402666e-28 1.07520219e-34
 3.71348188e-27 1.33672873e-23 1.20730402e-21 3.55797286e-24
 1.30270202e-22 3.55797286e-24 1.85625733e-23 4.94023307e-23
 3.43417798e-29 4.36966274e-28 4.73751051e-25 2.25989398e-21
 7.13959478e-29 1.82433512e-24 1.85625733e-23 3.56853685e-23
 1.47818613e-28 4.30155538e-26 3.04081795e-26 1.44619791e-20
 1.82198508e-31 1.27976799e-27 1.30432533e-24 2.67038982e-32
 1.21017203e-25 2.57505865e-23 1.30270202e-22 3.56853685e-23
 1.76381982e-30 1.47818613e-28]","[9.52846065e-19 4.58740572e-16 7.11203305e-19 8.93744884e-17
 4.88387176e-20 1.70510155e-18 1.44619791e-20 2.25989398e-21
 9.53441021e-18 2.03413945e-16 1.17682447e-16 1.06757971e-26
 1.20365650e-19 7.11203305e-19 2.18494984e-19 6.78067547e-17
 1.67853513e-17 9.53441021e-18 1.65262693e-21 9.53441021e-18
 6.00359848e-16 1.05328756e-13 2.81965513e-13 1.72684385e-13
 1.74328977e-15 3.50171296e-16 4.97944383e-14 3.03881495e-18
 3.71348188e-27 5.39368124e-18 2.18494984e-19 7.11203305e-19
 2.22374207e-17 2.66308246e-20 4.97944383e-14 1.08277464e-14
 2.66308246e-20 5.83855471e-13 9.43897459e-23 6.39848579e-14
 6.60370667e-20 2.27745029e-18 8.81076169e-22 3.08714081e-21
 4.98033280e-15 3.00652497e-14 3.50171296e-16 2.26988766e-15
 1.33672873e-23 3.89102510e-17]","[4.30155538e-26 3.56853685e-23 2.54904105e-24 2.14737506e-26
 1.21017203e-25 4.96114708e-24 1.21132482e-30 6.83217462e-23
 5.69539852e-31 6.07873598e-26 1.27976799e-27 1.13678721e-29
 6.25831333e-28 7.51579753e-27 8.95402666e-28 8.95402666e-28
 7.84752977e-30 3.43417798e-29 8.95402666e-28 1.07520219e-34
 3.71348188e-27 1.33672873e-23 1.20730402e-21 3.55797286e-24
 1.30270202e-22 3.55797286e-24 1.85625733e-23 4.94023307e-23
 3.43417798e-29 4.36966274e-28 4.73751051e-25 2.25989398e-21
 7.13959478e-29 1.82433512e-24 1.85625733e-23 3.56853685e-23
 1.47818613e-28 4.30155538e-26 3.04081795e-26 1.44619791e-20
 1.82198508e-31 1.27976799e-27 1.30432533e-24 2.67038982e-32
 1.21017203e-25 2.57505865e-23 1.30270202e-22 3.56853685e-23
 1.76381982e-30 1.47818613e-28]","[9.52846065e-19 4.58740572e-16 7.11203305e-19 8.93744884e-17
 4.88387176e-20 1.70510155e-18 1.44619791e-20 2.25989398e-21
 9.53441021e-18 2.03413945e-16 1.17682447e-16 1.06757971e-26
 1.20365650e-19 7.11203305e-19 2.18494984e-19 6.78067547e-17
 1.67853513e-17 9.53441021e-18 1.65262693e-21 9.53441021e-18
 6.00359848e-16 1.05328756e-13 2.81965513e-13 1.72684385e-13
 1.74328977e-15 3.50171296e-16 4.97944383e-14 3.03881495e-18
 3.71348188e-27 5.39368124e-18 2.18494984e-19 7.11203305e-19
 2.22374207e-17 2.66308246e-20 4.97944383e-14 1.08277464e-14
 2.66308246e-20 5.83855471e-13 9.43897459e-23 6.39848579e-14
 6.60370667e-20 2.27745029e-18 8.81076169e-22 3.08714081e-21
 4.98033280e-15 3.00652497e-14 3.50171296e-16 2.26988766e-15
 1.33672873e-23 3.89102510e-17]","[1.00699871e-09 2.17854401e-10 7.78827891e-10 6.69604150e-10
 1.11268184e-09 2.63533817e-09 2.16069052e-10 4.66026273e-09
 2.08555417e-09 2.39661957e-10 3.66906616e-10 3.92231359e-10
 1.08916520e-09 1.85714011e-09 4.32854808e-09 7.08521686e-10
 2.00771733e-09 4.50895155e-09 2.00147943e-09 9.62098401e-10
 4.54363214e-10 1.01383180e-09 4.63500904e-10 1.42385892e-09
 1.01297970e-10 1.37892775e-09 2.85459767e-10 2.37983899e-09
 1.20272881e-09 2.35235798e-09 1.39001943e-09 7.67090835e-11
 1.64847247e-10 2.68134936e-09 3.07561543e-09 4.66183536e-10
 1.18740040e-09 1.89993821e-09 1.10494247e-09 1.76819415e-09
 1.64059655e-10 2.28927988e-10 1.31284872e-10 3.59394847e-10
 1.59784053e-09 1.04050324e-09 1.62012448e-09 8.66773542e-10
 2.41664333e-09 3.49856955e-09]","[1.06247566e-10 1.86390903e-10 1.40781053e-10 5.61358737e-11
 3.34580363e-10 4.77655693e-11 2.22143415e-11 1.30916256e-09
 2.40215625e-11 2.00187644e-11 4.02183842e-11 3.54538177e-10
 1.00592201e-10 3.32928130e-11 6.90870139e-10 2.30881203e-10
 5.26597099e-10 4.09120515e-11 1.26735566e-09 1.12203025e-10
 4.83102447e-11 2.58178257e-10 1.03477005e-10 4.76775286e-11
 8.16746670e-12 1.60010893e-11 7.03552439e-10 1.85068627e-11
 7.86097965e-10 2.18325913e-10 5.91024119e-10 6.62591093e-11
 3.69134390e-10 1.16622489e-10 5.15032461e-12 6.54917454e-10
 7.41537942e-11 2.59738897e-11 5.82127679e-11 1.24758093e-10
 1.09474563e-09 4.49588144e-11 2.82130985e-10 1.51591717e-09
 3.89044796e-10 3.89066557e-12 1.50749080e-10 5.86344195e-10
 3.82113008e-10 2.03177475e-11]","[1.e-05 1.e-05 1.e-05 1.e-05 1.e-05 1.e-05 1.e-05 1.e-05 1.e-05 1.e-05
 1.e-05 1.e-05 1.e-05 1.e-05 1.e-05 1.e-05 1.e-05 1.e-05 1.e-05 1.e-05
 1.e-05 1.e-05 1.e-05 1.e-05 1.e-05 1.e-05 1.e-05 1.e-05 1.e-05 1.e-05
 1.e-05 1.e-05 1.e-05 1.e-05 1.e-05 1.e-05 1.e-05 1.e-05 1.e-05 1.e-05
 1.e-05 1.e-05 1.e-05 1.e-05 1.e-05 1.e-05 1.e-05 1.e-05 1.e-05 1.e-05]","[1.e-05 1.e-05 1.e-05 1.e-05 1.e-05 1.e-05 1.e-05 1.e-05 1.e-05 1.e-05
 1.e-05 1.e-05 1.e-05 1.e-05 1.e-05 1.e-05 1.e-05 1.e-05 1.e-05 1.e-05
 1.e-05 1.e-05 1.e-05 1.e-05 1.e-05 1.e-05 1.e-05 1.e-05 1.e-05 1.e-05
 1.e-05 1.e-05 1.e-05 1.e-05 1.e-05 1.e-05 1.e-05 1.e-05 1.e-05 1.e-05
 1.e-05 1.e-05 1.e-05 1.e-05 1.e-05 1.e-05 1.e-05 1.e-05 1.e-05 1.e-05]","[0.1458172  0.14995744 0.16569419 0.15343989 0.15060741 0.16589623
 0.16460964 0.167143   0.15619677 0.16344707 0.16703156 0.16615943
 0.1545051  0.15354672 0.15748672 0.15599895 0.17468479 0.1550134
 0.15353801 0.15988547 0.15890961 0.15513974 0.15918473 0.14761419
 0.15998569 0.16171426 0.15240126 0.15525826 0.1554874  0.1602417
 0.15378522 0.15721978 0.16196066 0.14966338 0.17277592 0.15816113
 0.16178739 0.16842803 0.15793191 0.15349092 0.16267898 0.15862033
 0.15845761 0.16164026 0.16101266 0.15942536 0.15082465 0.16293342
 0.15993366 0.16369607]","[0.09696784 0.10612335 0.11241991 0.10131265 0.10973983 0.11086193
 0.10709343 0.11226016 0.10947829 0.10645143 0.10813252 0.11591335
 0.11178246 0.10649548 0.11604682 0.10509028 0.119329   0.10251693
 0.10807289 0.1130546  0.10925193 0.10412798 0.10230168 0.10185314
 0.10317038 0.10597597 0.09676168 0.10869804 0.11215628 0.10464768
 0.11110191 0.11952062 0.10818195 0.1206552  0.11554709 0.10775807
 0.1122774  0.10224126 0.12303779 0.11061367 0.10825629 0.10516162
 0.11489067 0.1109755  0.10858149 0.11006321 0.10835039 0.10577193
 0.11183901 0.10329215]","[1.40970415e-37 9.99513619e-40 1.85883433e-48 1.39441819e-41
 4.53722882e-40 1.41697162e-48 7.93440139e-48 2.63427341e-49
 4.41294725e-43 3.71894464e-47 3.06338582e-49 9.94422803e-49
 3.69987103e-42 1.22121155e-41 8.58348221e-44 5.66561231e-43
 7.60199286e-54 1.95789627e-42 1.23450108e-41 3.93995573e-45
 1.38797489e-44 1.67090196e-42 9.73975187e-45 1.67410940e-38
 3.46043155e-45 3.64227875e-46 5.03857134e-41 1.43984981e-42
 1.07947961e-42 2.48313512e-45 9.07905246e-42 1.20587008e-43
 2.63709135e-46 1.42715268e-39 1.12047661e-52 3.62682829e-44
 3.30958162e-46 4.58851889e-50 4.86266428e-44 1.30883884e-41
 1.02567308e-46 2.01298709e-44 2.48046306e-44 4.01283066e-46
 9.11015540e-46 7.14121412e-45 3.48188654e-40 7.33321975e-47
 3.70163207e-45 2.67386008e-47]","[8.05608847e-17 4.55763405e-20 1.79417666e-22 2.52270855e-18
 1.97056113e-21 7.27689604e-22 1.98311743e-20 2.07304948e-22
 2.48194595e-21 3.44262004e-20 8.06433654e-21 7.23089046e-24
 3.18931046e-22 3.31512508e-20 6.38337890e-24 1.09633672e-19
 2.84336318e-25 9.40058332e-19 8.49372035e-21 1.00852304e-22
 3.02915457e-21 2.46403975e-19 1.12242267e-18 1.62215054e-18
 5.47513761e-19 5.16834520e-20 9.45906078e-17 4.92368871e-21
 2.27699632e-22 1.59261810e-19 5.87271224e-22 2.36467046e-25
 7.72474223e-21 7.88939290e-26 1.01726836e-23 1.11643440e-20
 2.04100685e-22 1.17961813e-18 7.60465243e-27 9.07923224e-22
 7.24053384e-21 1.03214066e-19 1.87041516e-23 6.57516833e-22
 5.45184188e-21 1.48033584e-21 6.67039867e-21 6.14942356e-20
 3.03104208e-22 4.94862058e-19]","[0.0184263  0.02089882 0.02212977 0.0212239  0.02315915 0.02108872
 0.02276337 0.02159929 0.02104175 0.02153218 0.02153039 0.02097487
 0.02023029 0.02239799 0.0227958  0.01993775 0.02527738 0.02435577
 0.02144003 0.0222466  0.0204891  0.02018714 0.02431405 0.01927137
 0.02001679 0.02068937 0.02096283 0.02204251 0.0185554  0.02239108
 0.02251458 0.0217644  0.0215677  0.01844859 0.02000022 0.02184665
 0.02248859 0.02266371 0.01892507 0.01865232 0.02434874 0.02043378
 0.02169549 0.02089012 0.02097452 0.02178776 0.01937115 0.0200932
 0.02468681 0.02267969]","[0.007061   0.00962639 0.01036143 0.00837922 0.00942457 0.00917757
 0.01039708 0.00941372 0.00950813 0.00896358 0.0094614  0.00951755
 0.00813091 0.01018071 0.00960648 0.00808418 0.01267827 0.0109328
 0.00955427 0.00898457 0.01037955 0.00882304 0.01023626 0.00833106
 0.00889552 0.00944471 0.00829828 0.00925446 0.00820327 0.0089227
 0.01019919 0.00985742 0.00923097 0.00897074 0.00805771 0.00961494
 0.01068187 0.01005244 0.00980616 0.00788987 0.01089835 0.00931096
 0.01048911 0.00871718 0.00918305 0.00857341 0.00830507 0.00785911
 0.01190507 0.00959027]","[0.09303142 0.09872143 0.10123074 0.09958149 0.10496836 0.09915168
 0.10164621 0.09992384 0.09902113 0.09984722 0.09937672 0.09921396
 0.09743167 0.10189261 0.10299389 0.09696381 0.10835183 0.10583108
 0.09920848 0.10171789 0.09660458 0.09753495 0.10655874 0.09451656
 0.096092   0.09766445 0.0994388  0.10199364 0.09308363 0.10265771
 0.1022032  0.10078012 0.10008574 0.09203596 0.0962544  0.10072746
 0.10257757 0.1013228  0.09402549 0.09195933 0.10545513 0.09653631
 0.10083513 0.09995555 0.09880662 0.09994319 0.09587436 0.09646946
 0.10641745 0.10265861]","[0.05769283 0.06631955 0.06864331 0.06276513 0.06526165 0.06487396
 0.06925946 0.06640219 0.06546143 0.0641576  0.06641055 0.06621654
 0.0617956  0.06807162 0.06610835 0.0618971  0.07738342 0.07150698
 0.06640015 0.06431228 0.06991352 0.0642899  0.06914095 0.06272914
 0.06481    0.0660633  0.06242966 0.06584922 0.06160942 0.06468456
 0.06817288 0.0658965  0.0648177  0.06497644 0.06026163 0.06687742
 0.0701075  0.06755713 0.06735253 0.06007065 0.07198521 0.06466803
 0.06893812 0.06377835 0.0649217  0.06260194 0.0623488  0.0607933
 0.07367364 0.06721843]",3.7018855982591807e-22,2.719309744424752e-14,2.064807284965384e-21,9.416016023174986e-14,1.3728220049635808e-09,2.881898519824233e-10,1.172162319503084e-09,3.713220286254422e-10,1e-05,1e-05,0.0,0.0,0.15882046328783037,0.10892410265684128,0.006131684481803812,0.005610677489324288,0.02139605760574341,0.009388511180877685,0.0016335236736782896,0.0010523294165455629,0.09962348837808706,0.06578954496816732,0.003766176153287557,0.003609581460929513
df1,0.8,1.0,0.0,0.0,0.19999999999999996,0.0,1.0,"[1.82198508e-31 1.24351631e-31 1.02784044e-28 1.07520219e-34
 3.71348188e-27 1.24351631e-31 4.30155538e-26 1.24351631e-31
 1.70487812e-25 8.95402666e-28 5.28569498e-27 2.57596005e-33
 8.33270257e-33 4.19874897e-36 8.47828272e-32 3.53047956e-37
 1.02784044e-28 1.22979552e-32 3.72814291e-30 4.95418960e-29
 6.32047121e-36 1.17161696e-33 2.22993385e-39 3.89924968e-31
 3.56590826e-34 3.72814291e-30 4.95418960e-29 3.81363460e-33
 1.24351631e-31 1.81313081e-32 1.42774613e-35 3.98638164e-40
 3.72814291e-30 4.95418960e-29 1.21132482e-30 1.81313081e-32
 5.28569498e-27 2.56565447e-30 2.67038982e-32 1.81313081e-32
 8.31031105e-31 5.30672790e-34 2.39365688e-34 1.17161696e-33
 2.66678482e-31 1.24351631e-31 4.80962056e-35 1.64503886e-29
 2.32827146e-37 7.13959478e-29]","[2.93930826e-19 6.64674147e-25 1.08277464e-14 1.06410050e-20
 4.21288896e-21 5.39368124e-18 2.26988766e-15 4.88387176e-20
 2.57505865e-23 1.27528784e-18 1.26570821e-17 3.59754634e-13
 2.95255083e-15 4.73751051e-25 1.70510155e-18 4.36966274e-28
 9.43897459e-23 3.83661921e-15 5.13913233e-17 6.78067547e-17
 3.40355762e-22 7.11203305e-19 9.43897459e-23 1.85625733e-23
 1.30432533e-24 1.44619791e-20 9.53441021e-18 4.96114708e-24
 9.43897459e-23 1.65262693e-21 8.58131384e-26 1.06757971e-26
 1.26570821e-17 1.20365650e-19 3.95007214e-19 1.65262693e-21
 6.00359848e-16 3.89102510e-17 1.20365650e-19 8.58131384e-26
 1.79605588e-22 4.30155538e-26 4.67812431e-22 8.92004797e-20
 1.27528784e-18 8.92004797e-20 4.67812431e-22 1.65262693e-21
 3.60824945e-20 4.88387176e-20]","[1.82198508e-31 1.24351631e-31 1.02784044e-28 1.07520219e-34
 3.71348188e-27 1.24351631e-31 4.30155538e-26 1.24351631e-31
 1.70487812e-25 8.95402666e-28 5.28569498e-27 2.57596005e-33
 8.33270257e-33 4.19874897e-36 8.47828272e-32 3.53047956e-37
 1.02784044e-28 1.22979552e-32 3.72814291e-30 4.95418960e-29
 6.32047121e-36 1.17161696e-33 2.22993385e-39 3.89924968e-31
 3.56590826e-34 3.72814291e-30 4.95418960e-29 3.81363460e-33
 1.24351631e-31 1.81313081e-32 1.42774613e-35 3.98638164e-40
 3.72814291e-30 4.95418960e-29 1.21132482e-30 1.81313081e-32
 5.28569498e-27 2.56565447e-30 2.67038982e-32 1.81313081e-32
 8.31031105e-31 5.30672790e-34 2.39365688e-34 1.17161696e-33
 2.66678482e-31 1.24351631e-31 4.80962056e-35 1.64503886e-29
 2.32827146e-37 7.13959478e-29]","[2.93930826e-19 6.64674147e-25 1.08277464e-14 1.06410050e-20
 4.21288896e-21 5.39368124e-18 2.26988766e-15 4.88387176e-20
 2.57505865e-23 1.27528784e-18 1.26570821e-17 3.59754634e-13
 2.95255083e-15 4.73751051e-25 1.70510155e-18 4.36966274e-28
 9.43897459e-23 3.83661921e-15 5.13913233e-17 6.78067547e-17
 3.40355762e-22 7.11203305e-19 9.43897459e-23 1.85625733e-23
 1.30432533e-24 1.44619791e-20 9.53441021e-18 4.96114708e-24
 9.43897459e-23 1.65262693e-21 8.58131384e-26 1.06757971e-26
 1.26570821e-17 1.20365650e-19 3.95007214e-19 1.65262693e-21
 6.00359848e-16 3.89102510e-17 1.20365650e-19 8.58131384e-26
 1.79605588e-22 4.30155538e-26 4.67812431e-22 8.92004797e-20
 1.27528784e-18 8.92004797e-20 4.67812431e-22 1.65262693e-21
 3.60824945e-20 4.88387176e-20]","[1.11362852e-09 3.10282910e-10 3.14752779e-10 4.42084591e-10
 9.88151116e-10 6.66300737e-09 4.48761717e-09 8.62599547e-10
 2.54653465e-09 5.29142175e-10 4.32143654e-10 2.36927333e-09
 2.38313491e-09 4.78009854e-10 3.73022113e-09 6.04712613e-10
 8.69918138e-10 4.47585657e-09 2.66626687e-09 3.87918542e-09
 1.01069375e-09 5.48197043e-10 4.39429215e-09 4.03409772e-09
 1.45302770e-09 8.14221801e-10 5.93777250e-10 3.13071002e-09
 2.87900714e-09 2.09147555e-09 6.24677676e-09 5.90582327e-09
 5.43099232e-10 1.05676501e-09 3.54753449e-10 6.54666432e-10
 7.33791139e-10 5.54127411e-10 1.57855573e-09 5.18221466e-10
 3.88314580e-09 6.28676000e-10 6.89180268e-10 5.18634802e-10
 2.83029156e-10 2.58210942e-09 2.39539755e-09 3.35599548e-10
 4.33209657e-09 1.79932780e-09]","[2.05260253e-11 1.97880379e-10 1.50035651e-10 8.78428663e-10
 1.55770064e-10 9.20702403e-10 8.88600304e-12 3.67416320e-10
 1.12742260e-10 3.96430666e-11 2.29256392e-10 4.77956230e-10
 3.45253826e-11 4.13454271e-10 5.54151169e-11 1.14123266e-10
 3.23663318e-11 1.90749638e-11 5.63386449e-10 6.74560408e-12
 1.21007870e-10 5.09089437e-11 3.68224784e-10 2.74740786e-10
 7.53834328e-10 1.01494280e-09 4.99915664e-11 4.19350221e-10
 1.25683919e-09 3.56972230e-11 2.12771023e-10 3.06614023e-09
 1.81457072e-11 6.63619493e-10 1.51687685e-09 2.26076935e-11
 1.09151577e-11 2.88020718e-11 1.43236312e-09 1.31719602e-09
 2.32747155e-11 1.14879828e-09 4.06257694e-10 8.81331119e-10
 4.40085746e-11 1.88677962e-11 4.23790336e-10 3.49675400e-10
 5.80898996e-10 6.24806540e-10]","[1.e-05 1.e-05 1.e-05 1.e-05 1.e-05 1.e-05 1.e-05 1.e-05 1.e-05 1.e-05
 1.e-05 1.e-05 1.e-05 1.e-05 1.e-05 1.e-05 1.e-05 1.e-05 1.e-05 1.e-05
 1.e-05 1.e-05 1.e-05 1.e-05 1.e-05 1.e-05 1.e-05 1.e-05 1.e-05 1.e-05
 1.e-05 1.e-05 1.e-05 1.e-05 1.e-05 1.e-05 1.e-05 1.e-05 1.e-05 1.e-05
 1.e-05 1.e-05 1.e-05 1.e-05 1.e-05 1.e-05 1.e-05 1.e-05 1.e-05 1.e-05]","[1.e-05 1.e-05 1.e-05 1.e-05 1.e-05 1.e-05 1.e-05 1.e-05 1.e-05 1.e-05
 1.e-05 1.e-05 1.e-05 1.e-05 1.e-05 1.e-05 1.e-05 1.e-05 1.e-05 1.e-05
 1.e-05 1.e-05 1.e-05 1.e-05 1.e-05 1.e-05 1.e-05 1.e-05 1.e-05 1.e-05
 1.e-05 1.e-05 1.e-05 1.e-05 1.e-05 1.e-05 1.e-05 1.e-05 1.e-05 1.e-05
 1.e-05 1.e-05 1.e-05 1.e-05 1.e-05 1.e-05 1.e-05 1.e-05 1.e-05 1.e-05]","[0.17591463 0.16830903 0.16927969 0.17455476 0.17178874 0.1864947
 0.16756207 0.17203166 0.16548214 0.1804602  0.17552556 0.17332961
 0.17134121 0.17396027 0.17422122 0.17765789 0.17028395 0.17246056
 0.17504038 0.17143017 0.17666614 0.17049024 0.17468568 0.17316524
 0.17316861 0.16816493 0.17848546 0.18029672 0.17284716 0.17503837
 0.1790244  0.17536208 0.17450059 0.17720714 0.17110301 0.16533768
 0.17391207 0.18340421 0.17297895 0.18663749 0.16987821 0.171689
 0.16697478 0.17252764 0.16890988 0.16854916 0.16815526 0.16763031
 0.17163247 0.17369636]","[0.11117803 0.12293856 0.11341232 0.11244317 0.11861642 0.11940263
 0.11411166 0.11159747 0.11835662 0.10974846 0.11032256 0.11308032
 0.11493407 0.11447418 0.11383024 0.13042202 0.12469522 0.10957885
 0.10859384 0.1178418  0.11549355 0.11537548 0.11567417 0.12387086
 0.12194868 0.11819772 0.11420521 0.13048646 0.12127314 0.11634977
 0.1211752  0.12787963 0.11968202 0.11759071 0.11643745 0.1169759
 0.119607   0.11415849 0.11185428 0.12594357 0.11714867 0.12731819
 0.11702985 0.11447927 0.11554631 0.11229473 0.11463273 0.12086345
 0.11576997 0.12111534]","[1.32167381e-54 5.39767920e-50 1.43009515e-50 9.13995356e-54
 4.45149871e-52 2.27989750e-61 1.49209928e-49 3.17256480e-52
 2.47060964e-48 1.84175831e-57 2.30187917e-54 5.15028558e-53
 8.29755394e-52 2.11825517e-53 1.46523030e-53 1.08324709e-55
 3.58893327e-51 1.74250977e-52 4.58994693e-54 7.33248181e-52
 4.50954391e-55 2.69891400e-51 7.59246512e-54 6.48866964e-53
 6.45805835e-53 6.56980048e-50 3.27436671e-56 2.34014908e-57
 1.01398211e-52 4.60301289e-54 1.49766000e-56 2.90516467e-54
 9.86862056e-54 2.07343522e-55 1.15503605e-51 2.99839330e-48
 2.26735204e-53 2.37432410e-59 8.42840784e-53 1.83591725e-61
 6.28028007e-51 5.11501087e-52 3.30810764e-49 1.58640501e-52
 2.37428746e-50 3.88886409e-50 6.65700909e-50 1.36000872e-49
 5.53378716e-52 3.07340174e-53]","[5.48612727e-22 8.39062768e-27 7.27871541e-23 1.75679110e-22
 5.62900489e-25 2.64902672e-25 3.83585560e-23 3.76644107e-22
 7.21312129e-25 1.95559768e-21 1.17615287e-21 9.85185146e-23
 1.79679524e-23 2.74770957e-23 4.96611381e-23 4.02192376e-30
 1.45365683e-27 2.27140419e-21 5.39330850e-21 1.17709740e-24
 1.06922019e-23 1.19325896e-23 9.03759674e-24 3.31972502e-27
 2.22835716e-26 8.39208514e-25 3.51977434e-23 3.75825991e-30
 4.31995247e-26 4.80760765e-24 4.75363727e-26 5.68115507e-29
 2.02410024e-25 1.49350499e-24 4.42826488e-24 2.66951636e-24
 2.17588145e-25 3.67428625e-23 2.98965378e-22 4.11887127e-28
 2.26823887e-24 1.01226750e-28 2.53720147e-24 2.73485937e-23
 1.01801224e-23 2.00926949e-22 2.37387657e-23 6.44235075e-26
 8.26576116e-24 5.03966104e-26]","[0.03120363 0.0246104  0.02419448 0.0231477  0.02756369 0.02888608
 0.02663636 0.02477682 0.02466381 0.02677953 0.0268476  0.0245924
 0.02647388 0.02715838 0.0262109  0.02636325 0.02534008 0.0237335
 0.02608812 0.02801967 0.02661717 0.02464306 0.02821183 0.02437544
 0.02567005 0.02265263 0.02657509 0.02465343 0.02461457 0.02758062
 0.0271889  0.02191567 0.02417541 0.02866781 0.02330744 0.02166653
 0.02532518 0.0281657  0.02471054 0.02961111 0.02245939 0.02468753
 0.02567673 0.02545917 0.02576137 0.02440417 0.02539361 0.02196622
 0.02923512 0.02421963]","[0.01359928 0.01004457 0.01018035 0.00816691 0.01233888 0.0121367
 0.01249349 0.00994706 0.01186728 0.00947571 0.01119447 0.00966835
 0.01034439 0.01090348 0.00984132 0.01248062 0.01051378 0.00920117
 0.00999129 0.01163769 0.01156998 0.01083124 0.01264715 0.01030624
 0.01062441 0.01000524 0.01089907 0.01047063 0.01015759 0.0113368
 0.01195383 0.008973   0.0098784  0.01116395 0.00966048 0.00955665
 0.01032233 0.01178443 0.00945973 0.01199353 0.00883138 0.0115037
 0.01174164 0.01030421 0.01076746 0.00888979 0.01080477 0.00962651
 0.01394522 0.01041281]","[0.12077857 0.10677939 0.10604928 0.10241639 0.11450106 0.11603078
 0.11198315 0.107096   0.10645323 0.1113435  0.11175068 0.10789631
 0.11266812 0.11187123 0.11100308 0.11134028 0.10954225 0.1061696
 0.11042658 0.11460854 0.11111607 0.10825256 0.11491326 0.10674369
 0.10968072 0.10269275 0.11187771 0.10678216 0.10703161 0.11351285
 0.11270278 0.10209384 0.10678727 0.11568295 0.10374414 0.09991607
 0.10770394 0.11478988 0.10744374 0.11631107 0.1021555  0.10641786
 0.10864841 0.10886772 0.10980663 0.10680926 0.10896179 0.10149118
 0.11686139 0.10695155]","[0.07970424 0.06785995 0.06777442 0.06108599 0.07618996 0.07538376
 0.07650699 0.06706137 0.07401048 0.06515385 0.07216412 0.06813291
 0.06914299 0.07019043 0.06769887 0.07637681 0.0696243  0.06532726
 0.06844174 0.07265797 0.07312541 0.07176974 0.07648333 0.06880721
 0.07050125 0.06820132 0.07105264 0.06900538 0.06819047 0.07358858
 0.07394029 0.06487771 0.06756483 0.07126483 0.0672721  0.06657584
 0.06861713 0.07411057 0.06608741 0.07455913 0.0636644  0.07283857
 0.07405958 0.06909869 0.06961474 0.06343604 0.07025298 0.06714621
 0.07999264 0.06891226]",4.582862591896956e-27,7.608927859664099e-15,2.4717507242986123e-26,5.08448634141017e-14,1.9337960055487714e-09,4.387003871286765e-10,1.7461221817878752e-09,5.692188905230911e-10,1e-05,1e-05,0.0,0.0,0.17338495373725896,0.11739912420272829,0.004749131911877985,0.005289339606122088,0.02565762758255005,0.010728979110717773,0.002086379476215675,0.001234900876504501,0.10934916758678556,0.07030199399281928,0.004499508743459698,0.0041459153335853165
df2,0.0,1.0,0.0,0.0,1.0,0.0,1.0,"[0.74453538 0.3490397  0.39108739 0.3490397  0.98957839 0.21173982
 0.31007573 0.74453538 0.27423335 0.8633028  0.63886042 0.24148215
 0.74453538 0.81875363 0.91946676 0.96996014 0.58582128 0.90235528
 0.61225166 0.27423335 0.91946676 0.39108739 0.16077182 0.93482727
 0.77002924 0.01346465 0.99328163 0.22624166 0.91946676 0.84163603
 0.96007647 0.02410401 0.53390728 0.94837208 0.48382277 0.93482727
 0.00652148 0.63886042 0.69212796 0.1200888  0.53390728 0.63886042
 0.16077182 0.04953464 0.77002924 0.8633028  0.50859953 0.69212796
 0.77002924 0.25747545]","[0.90235528 0.99328163 0.16077182 0.29176485 0.69212796 0.69212796
 0.17249627 0.25747545 0.07520917 0.74453538 0.88359176 0.29176485
 0.39108739 0.39108739 0.19796045 0.77002924 0.19796045 0.81875363
 0.79482654 0.58582128 0.43609338 0.77002924 0.08825991 0.21173982
 0.96007647 0.00167865 0.139232   0.50859953 0.22624166 0.69212796
 0.99328163 0.90235528 0.66552932 0.41323244 0.96996014 0.88359176
 0.00167865 0.10315938 0.69212796 0.27423335 0.77002924 0.3490397
 0.43609338 0.79482654 0.61225166 0.74453538 0.3490397  0.11135888
 0.74453538 0.31007573]","[0.74453538 0.3490397  0.39108739 0.3490397  0.98957839 0.21173982
 0.31007573 0.74453538 0.27423335 0.8633028  0.63886042 0.24148215
 0.74453538 0.81875363 0.91946676 0.96996014 0.58582128 0.90235528
 0.61225166 0.27423335 0.91946676 0.39108739 0.16077182 0.93482727
 0.77002924 0.01346465 0.99328163 0.22624166 0.91946676 0.84163603
 0.96007647 0.02410401 0.53390728 0.94837208 0.48382277 0.93482727
 0.00652148 0.63886042 0.69212796 0.1200888  0.53390728 0.63886042
 0.16077182 0.04953464 0.77002924 0.8633028  0.50859953 0.69212796
 0.77002924 0.25747545]","[0.90235528 0.99328163 0.16077182 0.29176485 0.69212796 0.69212796
 0.17249627 0.25747545 0.07520917 0.74453538 0.88359176 0.29176485
 0.39108739 0.39108739 0.19796045 0.77002924 0.19796045 0.81875363
 0.79482654 0.58582128 0.43609338 0.77002924 0.08825991 0.21173982
 0.96007647 0.00167865 0.139232   0.50859953 0.22624166 0.69212796
 0.99328163 0.90235528 0.66552932 0.41323244 0.96996014 0.88359176
 0.00167865 0.10315938 0.69212796 0.27423335 0.77002924 0.3490397
 0.43609338 0.79482654 0.61225166 0.74453538 0.3490397  0.11135888
 0.74453538 0.31007573]","[0.84342699 0.36803329 0.28218382 0.32836751 0.98543832 0.3427381
 0.2095131  0.66086329 0.2909621  0.94818649 0.64320025 0.08361265
 0.71677792 0.85998992 0.95316498 0.91657007 0.40201109 0.85610154
 0.73237468 0.52004929 0.92094887 0.28582481 0.23228125 0.97167182
 0.84234896 0.0157299  0.98181469 0.25657838 0.75269821 0.74460982
 0.95747954 0.04823163 0.59141326 0.93503094 0.35693721 0.91686331
 0.0041008  0.59245389 0.70212729 0.05340331 0.65556652 0.78698051
 0.14605172 0.11208285 0.7001184  0.93070424 0.35496473 0.61933442
 0.75043235 0.29811072]","[0.85403109 0.97802288 0.34929375 0.29864961 0.6245545  0.80230952
 0.05985809 0.20749043 0.06419824 0.59939776 0.85203097 0.26056607
 0.30174886 0.52462369 0.44510487 0.67574249 0.16011684 0.74889153
 0.78066304 0.71849101 0.3355843  0.59878424 0.05720594 0.2124814
 0.95497935 0.00841868 0.21396334 0.70822172 0.52144106 0.59923952
 0.98624381 0.66092993 0.6751972  0.41846059 0.96655225 0.84096177
 0.0033134  0.10633213 0.57666364 0.21918888 0.54173383 0.50793952
 0.38216376 0.72968982 0.42186515 0.66082164 0.32816    0.09930726
 0.76443876 0.37698764]","[2.50000000e-03 2.50000000e-03 2.27698098e-03 2.50000000e-03
 2.50000000e-03 2.50000000e-03 1.29975927e-03 2.50000000e-03
 2.50000000e-03 2.50000000e-03 2.50000000e-03 8.02987749e-04
 2.50000000e-03 2.50000000e-03 2.50000000e-03 2.50000000e-03
 2.50000000e-03 2.50000000e-03 2.50000000e-03 2.50000000e-03
 2.50000000e-03 2.50000000e-03 2.05438366e-03 2.50000000e-03
 2.50000000e-03 1.73245505e-04 2.50000000e-03 2.50000000e-03
 2.50000000e-03 2.50000000e-03 2.50000000e-03 5.22387483e-04
 2.50000000e-03 2.50000000e-03 2.50000000e-03 2.50000000e-03
 6.23081580e-05 2.50000000e-03 2.50000000e-03 7.66434540e-04
 2.50000000e-03 2.50000000e-03 1.45298530e-03 1.12786429e-03
 2.50000000e-03 2.50000000e-03 2.50000000e-03 2.50000000e-03
 2.50000000e-03 2.50000000e-03]","[2.50000000e-03 2.50000000e-03 2.50000000e-03 2.50000000e-03
 2.50000000e-03 2.50000000e-03 4.76624153e-04 2.34020282e-03
 6.24593756e-04 2.50000000e-03 2.50000000e-03 1.87684932e-03
 1.92809352e-03 2.50000000e-03 2.50000000e-03 2.50000000e-03
 1.25532088e-03 2.50000000e-03 2.50000000e-03 2.50000000e-03
 2.50000000e-03 2.50000000e-03 5.33182977e-04 2.50000000e-03
 2.50000000e-03 8.72096507e-05 2.50000000e-03 2.50000000e-03
 2.50000000e-03 2.50000000e-03 2.50000000e-03 2.50000000e-03
 2.50000000e-03 2.50000000e-03 2.50000000e-03 2.50000000e-03
 6.86465233e-05 1.52483544e-03 2.50000000e-03 2.50000000e-03
 2.50000000e-03 2.50000000e-03 2.50000000e-03 2.50000000e-03
 2.50000000e-03 2.50000000e-03 2.50000000e-03 1.37823662e-03
 2.50000000e-03 2.50000000e-03]","[0.03727798 0.03802716 0.04246625 0.04092835 0.04291573 0.03783483
 0.04036726 0.03551203 0.0361374  0.04067226 0.03576166 0.04458614
 0.03932148 0.03899291 0.0411286  0.03543062 0.03835032 0.03300155
 0.03781677 0.03624502 0.04169581 0.04695491 0.03215022 0.03904045
 0.03568759 0.03438751 0.03036062 0.04458127 0.0400804  0.03504512
 0.03885189 0.04093625 0.03722974 0.03658644 0.04525802 0.03966228
 0.03461374 0.03357414 0.03197746 0.0511571  0.04027789 0.04093582
 0.0354502  0.04089853 0.03435377 0.03637864 0.04082031 0.04108295
 0.03443047 0.03907799]","[0.07278763 0.05034407 0.06084845 0.0635014  0.06429841 0.06108073
 0.06923504 0.05441477 0.0541964  0.05655391 0.05971837 0.07316322
 0.05730497 0.05912313 0.05795561 0.04180967 0.05222289 0.04607248
 0.05897785 0.0412799  0.0485438  0.05783381 0.04465193 0.0709034
 0.06190659 0.03577247 0.02844237 0.05992561 0.05814381 0.05054163
 0.04198014 0.04167378 0.06152948 0.05401598 0.05004643 0.06135543
 0.03613769 0.05072543 0.03768116 0.07345496 0.0561187  0.05580233
 0.04383941 0.0433683  0.05079646 0.04035897 0.05952239 0.04993769
 0.05992266 0.04461309]","[7.51087007e-03 5.98983096e-03 1.42897530e-03 2.39009372e-03
 1.22512180e-03 6.35082501e-03 2.86990117e-03 1.25779862e-02
 1.05088706e-02 2.59904954e-03 1.17116245e-02 6.81698461e-04
 4.00892463e-03 4.44477347e-03 2.23765951e-03 1.28727906e-02
 5.42526537e-03 2.50760821e-02 6.38573801e-03 1.01855926e-02
 1.85338284e-03 2.85697452e-04 3.13251536e-02 4.37911814e-03
 1.19628988e-02 1.72402779e-02 4.90690510e-02 6.82887599e-04
 3.14821134e-03 1.43549505e-02 4.64484633e-03 2.38390196e-03
 7.61992658e-03 9.21870287e-03 5.35119810e-04 3.59866415e-03
 1.61938678e-02 2.15202195e-02 3.27488358e-02 5.46745043e-05
 2.95406889e-03 2.38424392e-03 1.28013269e-02 2.41359808e-03
 1.74014550e-02 9.79674528e-03 2.47627465e-03 2.27159666e-03
 1.70370225e-02 4.32791692e-03]","[1.16531752e-09 7.61252129e-05 7.02824132e-07 1.87097204e-07
 1.24333388e-07 6.27340979e-07 8.82759570e-09 1.37631543e-05
 1.51367299e-05 5.31140394e-06 1.21401192e-06 9.35170420e-10
 3.76911047e-06 1.61235929e-06 2.78994139e-06 1.78404255e-03
 3.51451357e-05 3.97090560e-04 1.72723868e-06 2.12850914e-03
 1.55458340e-04 2.95231957e-06 6.65835661e-04 3.45428925e-09
 4.17386585e-07 1.16753655e-02 7.71525609e-02 1.09906614e-06
 2.55582490e-06 7.02766564e-05 1.68470761e-03 1.86708776e-03
 5.03085502e-07 1.63696894e-05 8.58171863e-05 5.48156310e-07
 1.05079851e-02 6.52215012e-05 6.65341221e-03 7.87642295e-10
 6.46593541e-06 7.45269359e-06 8.88386176e-04 1.04752116e-03
 6.33622803e-05 2.87761794e-03 1.33332341e-06 8.96421467e-05
 1.10062967e-06 6.75159014e-04]","[ 3.83973122e-04  7.49826431e-05  5.83171844e-04  1.04069710e-04
  1.64508820e-04 -9.05990601e-06  7.23123550e-04  5.04136086e-04
  2.57730484e-04  1.54495239e-04  7.47442245e-05  2.00664997e-03
  2.35676765e-04  1.68681145e-04  4.75406647e-04 -1.02877617e-04
  2.79664993e-04  3.43441963e-04  2.42710114e-04 -1.00970268e-04
  6.04987144e-04  9.73701477e-04  8.51154327e-05  2.06232071e-04
  7.64250755e-04 -8.08238983e-05  5.51939011e-05  7.96318054e-04
  5.56707382e-04  1.10745430e-04  1.78337097e-04 -4.47034836e-05
  4.52637672e-04 -1.94311142e-05  8.95261765e-05 -5.73396683e-05
 -4.27961349e-05  4.29153442e-05 -4.27961349e-05  1.26254559e-03
  5.92350960e-04  5.22851944e-04 -8.69035721e-05  2.95162201e-04
  9.01222229e-05  3.41653824e-04 -7.59363174e-05  5.19037247e-04
  4.91380692e-04  3.56435776e-05]","[ 0.00323057  0.00153124  0.00203896  0.00155437  0.00218093  0.00160778
  0.00396311  0.00207293  0.00193071  0.00103402  0.00180137  0.00473499
  0.0017463   0.0024488   0.00216663  0.000301    0.00196016  0.00113797
  0.00143552  0.00049281  0.00173497  0.00258577  0.00081503  0.00232065
  0.00252306  0.00042355  0.00097919  0.00231051  0.00191367  0.00034976
  0.00172555  0.0006727   0.00236428  0.00101018  0.00107992  0.00131047
  0.00068367  0.00111568  0.0006249   0.00364017  0.00241172  0.0022887
  0.0011065   0.00139749  0.00183201 -0.00010312  0.00156856  0.00151396
  0.00228298  0.00099051]","[0.02202522 0.01571596 0.02319373 0.01638461 0.017758   0.01388891
 0.02523328 0.02325863 0.01930826 0.01703147 0.01521906 0.0372029
 0.01874897 0.0175896  0.02277134 0.01191784 0.01959562 0.02064495
 0.01930688 0.0087716  0.02415656 0.02662043 0.01183245 0.01752915
 0.02425773 0.00880509 0.01533961 0.02575141 0.02360387 0.01412672
 0.0168916  0.01550829 0.02251309 0.01305854 0.01391169 0.0131137
 0.01425551 0.01251759 0.01382896 0.03204808 0.02450926 0.02353452
 0.01264455 0.02010752 0.01629419 0.01996285 0.01220099 0.02369396
 0.02229609 0.01425393]","[0.04674663 0.03402663 0.03724676 0.03539981 0.03983537 0.0348572
 0.05066685 0.03913973 0.03553135 0.02433624 0.03465365 0.05546625
 0.03540237 0.03998836 0.04043175 0.01834232 0.03640327 0.0291895
 0.03355068 0.02107536 0.0362845  0.04185094 0.02215651 0.03800415
 0.03735047 0.02127922 0.02872452 0.0389246  0.03850869 0.01693582
 0.03458136 0.02377486 0.04112481 0.02783421 0.02968971 0.03073844
 0.02355447 0.02859705 0.02320011 0.04780689 0.04028455 0.04026204
 0.02824859 0.03315453 0.03581507 0.00921945 0.03519743 0.0341619
 0.04132206 0.02822176]",0.5738501565665722,0.5092008568448685,0.31041835551226915,0.30530725869725933,0.5692091947273175,0.4956611160674451,0.3148952502061445,0.28415362018124896,0.0022107867386221888,0.002191875913465759,0.0006645214471389816,0.0006845978408658478,0.038526236879825586,0.053688695485591895,0.004049740828409645,0.010366130340370422,0.0003036189079284668,0.0016968631744384765,0.00039208371667698473,0.000943945712567889,0.018694695156163836,0.03358197571935675,0.005733278446561666,0.008840190279081148
df2,0.04,1.0,0.0,0.0,1.04,0.0,1.0,"[0.29176485 0.07520917 0.50859953 0.12937218 0.0539576  0.61225166
 0.31007573 0.00585634 0.1200888  0.21173982 0.58582128 0.36968362
 0.71851426 0.41323244 0.58582128 0.31007573 0.29176485 0.36968362
 0.77002924 0.77002924 0.32916807 0.79482654 0.53390728 0.81875363
 0.69212796 0.8633028  0.39108739 0.02646763 0.25747545 0.16077182
 0.22624166 0.03181713 0.99328163 0.00212592 0.71851426 0.81875363
 0.139232   0.01217651 0.77002924 0.39108739 0.43609338 0.32916807
 0.61225166 0.77002924 0.36968362 0.48382277 0.48382277 0.69212796
 0.21173982 0.74453538]","[0.74453538 0.55967522 0.69212796 0.66552932 0.19796045 0.96996014
 0.48382277 0.74453538 0.03483221 0.48382277 0.71851426 0.10315938
 0.53390728 0.58582128 0.41323244 0.43609338 0.81875363 0.90235528
 0.48382277 0.02646763 0.55967522 0.24148215 0.77002924 0.66552932
 0.81875363 0.69212796 0.58582128 0.53390728 0.55967522 0.45963725
 0.24148215 0.02410401 0.27423335 0.07520917 0.74453538 0.88359176
 0.29176485 0.01217651 0.48382277 0.96007647 0.08825991 0.41323244
 0.19796045 0.39108739 0.8633028  0.10315938 0.3490397  0.55967522
 0.1200888  0.36968362]","[0.29176485 0.07520917 0.50859953 0.12937218 0.0539576  0.61225166
 0.31007573 0.00585634 0.1200888  0.21173982 0.58582128 0.36968362
 0.71851426 0.41323244 0.58582128 0.31007573 0.29176485 0.36968362
 0.77002924 0.77002924 0.32916807 0.79482654 0.53390728 0.81875363
 0.69212796 0.8633028  0.39108739 0.02646763 0.25747545 0.16077182
 0.22624166 0.03181713 0.99328163 0.00212592 0.71851426 0.81875363
 0.139232   0.01217651 0.77002924 0.39108739 0.43609338 0.32916807
 0.61225166 0.77002924 0.36968362 0.48382277 0.48382277 0.69212796
 0.21173982 0.74453538]","[0.74453538 0.55967522 0.69212796 0.66552932 0.19796045 0.96996014
 0.48382277 0.74453538 0.03483221 0.48382277 0.71851426 0.10315938
 0.53390728 0.58582128 0.41323244 0.43609338 0.81875363 0.90235528
 0.48382277 0.02646763 0.55967522 0.24148215 0.77002924 0.66552932
 0.81875363 0.69212796 0.58582128 0.53390728 0.55967522 0.45963725
 0.24148215 0.02410401 0.27423335 0.07520917 0.74453538 0.88359176
 0.29176485 0.01217651 0.48382277 0.96007647 0.08825991 0.41323244
 0.19796045 0.39108739 0.8633028  0.10315938 0.3490397  0.55967522
 0.1200888  0.36968362]","[0.3545001  0.11333801 0.40545518 0.44072908 0.05497547 0.4946893
 0.29722719 0.0562822  0.18421478 0.31006174 0.77104475 0.16741916
 0.45265714 0.21849814 0.59677135 0.31511608 0.31405043 0.23780415
 0.65553173 0.66552235 0.15210582 0.71605942 0.67838099 0.60119939
 0.76796659 0.84677265 0.34544759 0.02014857 0.54481423 0.21125118
 0.23163746 0.01158799 0.97373639 0.00428402 0.71529765 0.86453452
 0.28387416 0.00234167 0.73986171 0.50362965 0.20720181 0.22636739
 0.5012095  0.73510211 0.41257315 0.49012605 0.37697959 0.81533621
 0.23017345 0.80993945]","[0.82097045 0.52520438 0.49915771 0.67135845 0.09398499 0.96418718
 0.43022802 0.82936617 0.11269921 0.60992281 0.72149532 0.03019831
 0.51058185 0.41992388 0.50310829 0.38047554 0.9372402  0.7323743
 0.5122393  0.082287   0.39664586 0.43829296 0.73813104 0.60614313
 0.72962693 0.76502336 0.57594471 0.37465604 0.62248583 0.65259583
 0.26116969 0.03575788 0.29252992 0.02930308 0.77037181 0.92198142
 0.28987239 0.00687856 0.66447717 0.9543404  0.04241527 0.60936196
 0.23437224 0.31484146 0.70555659 0.39532355 0.50986832 0.50856485
 0.23869181 0.45183018]","[2.50000000e-03 8.11160607e-04 2.50000000e-03 2.50000000e-03
 7.56266636e-04 2.50000000e-03 2.50000000e-03 9.67553644e-04
 1.00234110e-03 2.50000000e-03 2.50000000e-03 1.12235968e-03
 2.50000000e-03 1.87167581e-03 2.50000000e-03 2.43167494e-03
 2.50000000e-03 1.91399281e-03 2.50000000e-03 2.50000000e-03
 1.36406652e-03 2.50000000e-03 2.50000000e-03 2.50000000e-03
 2.50000000e-03 2.50000000e-03 2.50000000e-03 2.17882928e-04
 2.50000000e-03 2.50000000e-03 2.27823909e-03 1.00534568e-04
 2.50000000e-03 5.19777311e-05 2.50000000e-03 2.50000000e-03
 2.50000000e-03 2.82917276e-05 2.50000000e-03 2.50000000e-03
 1.63161252e-03 2.50000000e-03 2.50000000e-03 2.50000000e-03
 2.50000000e-03 2.50000000e-03 2.50000000e-03 2.50000000e-03
 1.81581806e-03 2.50000000e-03]","[2.50000000e-03 2.50000000e-03 2.50000000e-03 2.50000000e-03
 1.23005106e-03 2.50000000e-03 2.50000000e-03 2.50000000e-03
 6.45804953e-04 2.50000000e-03 2.50000000e-03 2.47736013e-04
 2.50000000e-03 2.50000000e-03 2.50000000e-03 2.50000000e-03
 2.50000000e-03 2.50000000e-03 2.50000000e-03 1.10632784e-03
 2.50000000e-03 2.50000000e-03 2.50000000e-03 2.50000000e-03
 2.50000000e-03 2.50000000e-03 2.50000000e-03 2.25177457e-03
 2.50000000e-03 2.50000000e-03 2.50000000e-03 3.07811426e-04
 2.50000000e-03 3.43052854e-04 2.50000000e-03 2.50000000e-03
 2.50000000e-03 8.60649748e-05 2.50000000e-03 2.50000000e-03
 1.82307981e-04 2.50000000e-03 1.75167580e-03 2.50000000e-03
 2.50000000e-03 2.50000000e-03 2.50000000e-03 2.50000000e-03
 2.00704361e-03 2.50000000e-03]","[0.04094383 0.0376556  0.0390647  0.03556571 0.03668569 0.03440647
 0.03381281 0.03596991 0.03395438 0.03803186 0.02935768 0.03359579
 0.0371695  0.03610806 0.03407539 0.04422721 0.0409089  0.05730865
 0.03817736 0.0386594  0.04029899 0.0349618  0.03026454 0.03921467
 0.03723368 0.0371043  0.03892857 0.03836727 0.03313904 0.03599479
 0.03768644 0.03657915 0.03086892 0.05597306 0.03278797 0.03613311
 0.03572496 0.03633908 0.03744886 0.03848694 0.04692609 0.03340517
 0.03599057 0.03310248 0.0330718  0.03839673 0.03764484 0.03763236
 0.03983098 0.04238796]","[0.06724687 0.05398413 0.06696297 0.06480755 0.06201607 0.0512629
 0.04284848 0.06366187 0.05914175 0.05209025 0.04597878 0.0313548
 0.05437328 0.05166555 0.04508594 0.07654087 0.05974038 0.06701765
 0.0467507  0.0627888  0.06366739 0.05758598 0.04910542 0.05725581
 0.04937724 0.07174682 0.06640581 0.05393625 0.06376465 0.05168411
 0.05633567 0.06285823 0.05678296 0.06861458 0.06190827 0.05831389
 0.04899459 0.03634195 0.05499968 0.05227691 0.08678177 0.04314588
 0.05581082 0.07437121 0.04794537 0.0525405  0.05469131 0.06178233
 0.05926586 0.06258736]","[2.37797977e-03 6.70501296e-03 4.34598083e-03 1.23869440e-02
 8.95367513e-03 1.71503211e-02 2.01755980e-02 1.10305002e-02
 1.94139163e-02 5.98125808e-03 6.23975795e-02 2.13950606e-02
 7.75814166e-03 1.05986031e-02 1.87832724e-02 7.74669035e-04
 2.40540414e-03 3.76272879e-06 5.72107577e-03 4.93128528e-03
 2.93399446e-03 1.46947720e-02 5.02292123e-02 4.14608999e-03
 7.61095410e-03 7.91031513e-03 4.53504250e-03 5.39705125e-03
 2.41777866e-02 1.09515554e-02 6.64280892e-03 9.23844672e-03
 4.33091465e-02 6.90351130e-06 2.65301732e-02 1.05219384e-02
 1.18355237e-02 9.91044562e-03 7.13585701e-03 5.20158676e-03
 2.88815521e-04 2.25197699e-02 1.09649019e-02 2.44138345e-02
 2.46134321e-02 5.34831178e-03 6.72682067e-03 6.75221909e-03
 3.41021225e-03 1.46755716e-03]","[2.62258796e-08 1.65971174e-05 3.05582935e-08 9.55102350e-08
 3.95277640e-07 5.23492788e-05 1.25378740e-03 1.72389805e-07
 1.59817550e-06 3.71506065e-05 4.11067235e-04 3.83621188e-02
 1.40145350e-05 4.43324205e-05 5.69547893e-04 1.22858958e-10
 1.20127173e-06 2.96730602e-08 3.08486965e-04 2.68454564e-07
 1.71904318e-07 3.31127346e-06 1.24764322e-04 3.85522403e-06
 1.12063038e-04 2.13135529e-09 4.11735694e-08 1.69446711e-05
 1.63565345e-07 4.39926045e-05 5.86311271e-06 2.59221919e-07
 4.78614301e-06 1.24423710e-08 4.17039385e-07 2.36060888e-06
 1.30325022e-04 9.90215325e-03 1.06472124e-05 3.43584054e-05
 1.48765596e-13 1.13156241e-03 7.42441778e-06 4.57320543e-10
 1.95969044e-04 3.07542805e-05 1.21943245e-05 4.43932496e-07
 1.50669100e-06 2.97080831e-07]","[ 4.88758087e-04  4.19974327e-04  1.35481358e-03  3.89933586e-04
  3.31282616e-04  1.05512142e-03  3.38196754e-04  7.90953636e-04
  4.93526459e-04  1.97291374e-04  1.46150589e-04  7.86542892e-04
  3.12209129e-04  3.31401825e-05  3.68714333e-04  6.40869141e-04
  9.05990601e-05  8.57830048e-04  4.60267067e-04  1.61409378e-04
  1.18207932e-03  2.52127647e-04 -1.71661377e-05  6.44564629e-04
 -1.22308731e-04  7.40289688e-05  5.66363335e-04  4.80175018e-04
 -1.16229057e-04  4.23669815e-04  2.16603279e-04 -6.75916672e-05
  5.60164452e-04  7.32541084e-04  2.36153603e-04  4.79936600e-04
  5.09023666e-04  4.85897064e-04  3.48091125e-05  1.24812126e-04
  1.92248821e-03  3.83973122e-04 -6.50882721e-05 -3.06367874e-05
 -1.27077103e-04  4.18424606e-05 -3.54051590e-05  5.57780266e-04
  3.63945961e-04  1.26123428e-04]","[ 2.94911861e-03  2.26306915e-03  4.20045853e-03  2.97260284e-03
  1.87301636e-03  2.89118290e-03  1.78372860e-03  4.33540344e-03
  2.82323360e-03  1.17099285e-03  4.83989716e-05 -7.25984573e-05
  1.89507008e-03  9.36746597e-04  2.04372406e-03  4.08959389e-03
  1.29103661e-03  2.64549255e-03  2.47776508e-03  2.13348866e-03
  3.47638130e-03  3.01659107e-03  1.26099586e-03  2.41422653e-03
  2.57015228e-04  2.27749348e-03  2.75778770e-03  1.38378143e-03
  1.30486488e-03  1.95538998e-03  1.38163567e-03  1.11877918e-03
  2.23064423e-03  2.12132931e-03  2.02059746e-03  2.01332569e-03
  1.89626217e-03 -1.62005424e-04  1.55186653e-03  1.79708004e-03
  6.45256042e-03  2.18558311e-03  1.11687183e-03  2.22659111e-03
  1.42133236e-03  1.24585629e-03  6.34074211e-04  2.40731239e-03
  1.72114372e-03  1.34491920e-03]","[0.02364916 0.02227969 0.03176302 0.02202841 0.0197719  0.0289926
 0.02010552 0.026024   0.02330258 0.01624055 0.01570475 0.02620037
 0.02045056 0.01371749 0.0223038  0.02414331 0.01524927 0.02603715
 0.02324639 0.01773137 0.03202279 0.01885906 0.01254885 0.02498205
 0.00893805 0.01492013 0.02334275 0.02180965 0.01000044 0.02096183
 0.0151968  0.01363576 0.02474701 0.02341242 0.01804751 0.02244618
 0.01951189 0.02127546 0.0123461  0.01739569 0.03637333 0.02079272
 0.01177745 0.01259966 0.00941176 0.01460148 0.01263139 0.02384349
 0.01991166 0.01614634]","[0.04444991 0.03939649 0.05008653 0.04488625 0.0347019  0.04391539
 0.03638822 0.05335746 0.04476433 0.03187223 0.01386376 0.0081996
 0.03808208 0.02984466 0.03879067 0.04898589 0.03256351 0.04184555
 0.04274813 0.03772539 0.05066517 0.04476918 0.03062355 0.0404662
 0.01812557 0.03898779 0.04177794 0.03169106 0.03156547 0.03660791
 0.02978237 0.02777966 0.04031551 0.03778464 0.03560642 0.03742796
 0.03469263 0.00631032 0.03255455 0.03437924 0.06350329 0.03607229
 0.02928964 0.03706883 0.03181466 0.03124931 0.02406424 0.04083555
 0.03658097 0.0306594 ]",0.43215987641829295,0.47864107167470393,0.27408643884351613,0.27524195595781986,0.4225165740402532,0.4904811530092937,0.26646368952690347,0.2679911383656579,0.0020673089676018037,0.0021531930215723484,0.0007745072290650462,0.0007501506248727663,0.03755208012461662,0.05732396456718445,0.005130697913590099,0.010102526960380992,0.0003907036781311035,0.0020316362380981444,0.0004028395298028244,0.0011774791401422684,0.019868631834910347,0.03599038527155049,0.006021921697203072,0.010304060891346025
df2,0.08,1.0,0.0,0.0,1.08,0.0,1.0,"[0.27423335 0.12937218 0.45963725 0.53390728 0.27423335 0.06932183
 0.16077182 0.41323244 0.58582128 0.07520917 0.11135888 0.58582128
 0.03483221 0.81875363 0.00895146 0.32916807 0.8633028  0.16077182
 0.1200888  0.66552932 0.36968362 0.45963725 0.04953464 0.43609338
 0.55967522 0.74453538 0.03483221 0.53390728 0.55967522 0.58582128
 0.06932183 0.79482654 0.61225166 0.27423335 0.8633028  0.11135888
 0.14969106 0.45963725 0.69212796 0.3490397  0.01487416 0.18488568
 0.53390728 0.39108739 0.45963725 0.07520917 0.43609338 0.71851426
 0.53390728 0.00895146]","[0.84163603 0.04953464 0.91946676 0.50859953 0.79482654 0.04953464
 0.31007573 0.94837208 0.41323244 0.50859953 0.53390728 0.88359176
 0.1200888  0.84163603 0.74453538 0.29176485 0.74453538 0.02903392
 0.41323244 0.93482727 0.39108739 0.61225166 0.08151459 0.27423335
 0.61225166 0.39108739 0.06932183 0.58582128 0.77002924 0.58582128
 0.10315938 0.50859953 0.71851426 0.18488568 0.58582128 0.88359176
 0.55967522 0.27423335 0.96996014 0.32916807 0.3490397  0.45963725
 0.79482654 0.63886042 0.19796045 0.63886042 0.48382277 0.69212796
 0.3490397  0.08825991]","[0.27423335 0.12937218 0.45963725 0.53390728 0.27423335 0.06932183
 0.16077182 0.41323244 0.58582128 0.07520917 0.11135888 0.58582128
 0.03483221 0.81875363 0.00895146 0.32916807 0.8633028  0.16077182
 0.1200888  0.66552932 0.36968362 0.45963725 0.04953464 0.43609338
 0.55967522 0.74453538 0.03483221 0.53390728 0.55967522 0.58582128
 0.06932183 0.79482654 0.61225166 0.27423335 0.8633028  0.11135888
 0.14969106 0.45963725 0.69212796 0.3490397  0.01487416 0.18488568
 0.53390728 0.39108739 0.45963725 0.07520917 0.43609338 0.71851426
 0.53390728 0.00895146]","[0.84163603 0.04953464 0.91946676 0.50859953 0.79482654 0.04953464
 0.31007573 0.94837208 0.41323244 0.50859953 0.53390728 0.88359176
 0.1200888  0.84163603 0.74453538 0.29176485 0.74453538 0.02903392
 0.41323244 0.93482727 0.39108739 0.61225166 0.08151459 0.27423335
 0.61225166 0.39108739 0.06932183 0.58582128 0.77002924 0.58582128
 0.10315938 0.50859953 0.71851426 0.18488568 0.58582128 0.88359176
 0.55967522 0.27423335 0.96996014 0.32916807 0.3490397  0.45963725
 0.79482654 0.63886042 0.19796045 0.63886042 0.48382277 0.69212796
 0.3490397  0.08825991]","[0.26407228 0.07567907 0.25045531 0.44790929 0.21271466 0.03319823
 0.10859226 0.50432292 0.78855701 0.06925965 0.25536338 0.68376259
 0.0139106  0.94100664 0.04475701 0.20285423 0.86522193 0.08675732
 0.06768454 0.56838143 0.2236834  0.45159535 0.14597038 0.38441758
 0.53887204 0.82494303 0.08484263 0.47553819 0.45168817 0.60871209
 0.04857922 0.61628556 0.67490842 0.29819305 0.73473201 0.15228087
 0.11950679 0.39064155 0.57521111 0.21424934 0.0518008  0.14384217
 0.40862568 0.19172982 0.43843807 0.11832351 0.33194296 0.51339175
 0.33997815 0.02188795]","[0.78630594 0.0195803  0.84728177 0.4744297  0.71161445 0.02427908
 0.30899907 0.98442342 0.51418708 0.39690776 0.62159528 0.85034447
 0.04409555 0.8901772  0.4811224  0.4997707  0.64262321 0.02165019
 0.63783738 0.87901495 0.41262438 0.45077388 0.05040095 0.17677537
 0.57239708 0.33028142 0.11500075 0.42375947 0.62485604 0.51942366
 0.11579219 0.38875541 0.60544472 0.31176775 0.39665773 0.77127793
 0.49158443 0.42849007 0.95369627 0.3553747  0.21265272 0.40057498
 0.85228119 0.48177725 0.22862294 0.51982293 0.51309814 0.67752131
 0.33505679 0.11877549]","[0.0025     0.00056966 0.0025     0.0025     0.0025     0.00019045
 0.00080063 0.0025     0.0025     0.00089366 0.0025     0.0025
 0.00011476 0.0025     0.00048713 0.00210269 0.0025     0.00109361
 0.00062967 0.0025     0.00222727 0.0025     0.00056037 0.0025
 0.0025     0.0025     0.00031723 0.0025     0.0025     0.0025
 0.00039727 0.0025     0.0025     0.00201035 0.0025     0.00168175
 0.00112892 0.00138074 0.0025     0.0022827  0.00075825 0.0017148
 0.0025     0.00107814 0.0025     0.00080612 0.00146227 0.0025
 0.00201676 0.00012653]","[0.0025     0.00012187 0.0025     0.0025     0.0025     0.00011128
 0.0025     0.0025     0.0025     0.0025     0.0025     0.0025
 0.00031855 0.0025     0.0025     0.0025     0.0025     0.00030432
 0.0025     0.0025     0.0025     0.00241145 0.00046349 0.0019153
 0.0025     0.0025     0.00084464 0.0025     0.0025     0.0025
 0.00140944 0.0025     0.0025     0.00217842 0.0025     0.0025
 0.0025     0.0025     0.0025     0.0025     0.0025     0.0025
 0.0025     0.0025     0.0025     0.0025     0.00167605 0.0025
 0.00235211 0.00125789]","[0.03999126 0.03198799 0.05284635 0.03577399 0.03601372 0.03657207
 0.03787393 0.03962857 0.03584524 0.0336592  0.05175845 0.04288742
 0.05483123 0.0376113  0.03007512 0.03623463 0.03329402 0.05263421
 0.03845153 0.03180519 0.04059876 0.0355096  0.03341514 0.06097559
 0.03026967 0.03913086 0.04601156 0.03528572 0.03503187 0.03594294
 0.04800039 0.04582301 0.03195269 0.03804821 0.03616614 0.03242239
 0.04937877 0.03776367 0.03588886 0.04018275 0.05721991 0.03854669
 0.03379567 0.04459074 0.04118738 0.03469374 0.0360144  0.03397641
 0.03601509 0.02787087]","[0.06171775 0.04713644 0.06919249 0.05515736 0.04979861 0.05742986
 0.05455133 0.04553012 0.07092746 0.03029064 0.06107679 0.05591821
 0.08349709 0.05759815 0.05353132 0.05248048 0.06381008 0.06811664
 0.05763475 0.05021815 0.06005977 0.05632829 0.07124423 0.08266432
 0.04560107 0.05990975 0.06860207 0.06123761 0.05062842 0.06005154
 0.05161126 0.06760648 0.04428817 0.04914622 0.05839467 0.06955368
 0.04897042 0.05546582 0.05358865 0.05834924 0.06408868 0.05781062
 0.06245867 0.06204376 0.06060091 0.04357761 0.05581762 0.05328413
 0.05175302 0.04800319]","[3.23963434e-03 3.26604560e-02 2.70246599e-05 1.16702675e-02
 1.08918435e-02 9.25766439e-03 6.27588060e-03 3.63744932e-03
 1.14338092e-02 2.10321248e-02 4.26565649e-05 1.23711446e-03
 1.14673844e-05 6.79527656e-03 5.25861459e-02 1.02164114e-02
 2.31995297e-02 2.95623126e-05 5.25873030e-03 3.42246775e-02
 2.66207116e-03 1.25867077e-02 2.24596574e-02 6.60481046e-07
 5.01666624e-02 4.25674055e-03 4.06125616e-04 1.34128931e-02
 1.44085209e-02 1.11166455e-02 1.91864145e-04 4.35331318e-04
 3.29575345e-02 5.95149162e-03 1.04216436e-02 2.91926859e-02
 1.11995511e-04 6.48935384e-03 1.12912139e-02 3.04617707e-03
 3.91930903e-06 5.10643166e-03 2.02696375e-02 6.80579019e-04
 2.19465404e-03 1.58376448e-02 1.08896948e-02 1.92977044e-02
 1.08875232e-02 8.77859389e-02]","[4.58368427e-07 2.66782246e-04 9.03873584e-09 9.93068471e-06
 9.47704260e-05 3.55857315e-06 1.29656896e-05 4.84645716e-04
 3.40731297e-09 4.99118117e-02 6.28551485e-07 7.07556974e-06
 1.40645386e-12 3.29270679e-06 2.01760673e-05 3.15418015e-05
 1.59805825e-07 1.63514110e-08 3.23747246e-06 8.00911676e-05
 1.03034194e-06 5.88267793e-06 2.84390975e-09 2.45168498e-12
 4.72238459e-04 1.10747957e-06 1.25283862e-08 5.80858833e-07
 6.78448802e-05 1.03443216e-06 4.53406056e-05 2.15884075e-08
 7.58087223e-04 1.22774381e-04 2.27300150e-06 7.39214560e-09
 1.31568639e-04 8.66040045e-06 1.96851453e-05 2.32188059e-06
 1.38518031e-07 2.98425549e-06 3.16892889e-07 3.89867619e-07
 7.92911250e-07 9.73789904e-04 7.40185266e-06 2.24299785e-05
 4.27527970e-05 1.91657375e-04]","[ 2.81691551e-04 -8.67843628e-05  4.96029854e-04 -3.65972519e-05
  8.32676888e-04  5.20706177e-04  2.66432762e-04  4.86373901e-05
  1.52349472e-04 -1.01447105e-04  6.47187233e-04  3.20792198e-04
  2.21025944e-03 -3.14712524e-05 -2.22921371e-05  3.82184982e-04
 -1.25408173e-04  1.29210949e-03 -1.16944313e-04  1.65224075e-04
  5.17964363e-04 -1.75237656e-05 -4.52995300e-05  1.69682503e-03
  3.44038010e-04 -9.89437103e-05  5.11765480e-04  5.96404076e-04
 -4.41074371e-05  1.43170357e-04  2.87532806e-04  5.48243523e-04
 -1.23262405e-04  3.20315361e-04 -4.13656235e-05 -8.98838043e-05
  4.31776047e-04  2.24471092e-04 -9.02414322e-05 -1.07288361e-05
  1.25741959e-03  3.01241875e-04 -7.48634338e-05  5.00321388e-04
  2.33530998e-04  2.25424767e-04  4.26769257e-05  3.43084335e-04
  1.55329704e-04 -7.37905502e-05]","[0.00307345 0.00070977 0.00220215 0.00126874 0.00156856 0.00246572
 0.00244141 0.00106549 0.00206411 0.00041711 0.00219524 0.00184321
 0.00509703 0.0014323  0.00217879 0.00184846 0.00130153 0.0036974
 0.00096774 0.0011096  0.00216341 0.00138509 0.00237358 0.00489748
 0.00260091 0.00072992 0.00275731 0.00257552 0.00110698 0.00185275
 0.0013051  0.00249493 0.00125992 0.00121284 0.00161731 0.00141323
 0.00130928 0.0020951  0.00068498 0.00133991 0.00287318 0.0019387
 0.00096262 0.002424   0.00205171 0.00037253 0.00157106 0.00232697
 0.00165749 0.00119281]","[0.02040716 0.0104838  0.02286848 0.01310869 0.02601089 0.02015437
 0.01853048 0.01488886 0.01789968 0.01046789 0.02517087 0.01959242
 0.03899606 0.0124156  0.01296079 0.02032761 0.00977146 0.03113291
 0.01152525 0.01668073 0.0233027  0.01234022 0.01199204 0.03551801
 0.02046057 0.01140612 0.02297387 0.02487718 0.01349629 0.01699738
 0.01952523 0.02260352 0.01179399 0.01774728 0.01334156 0.01036221
 0.02048045 0.01888291 0.01082272 0.01289333 0.03149288 0.01970726
 0.01273828 0.02132728 0.019295   0.01711936 0.01462777 0.02097023
 0.01597293 0.01121118]","[0.04623011 0.02390352 0.03928411 0.03133761 0.03263305 0.03844038
 0.04229485 0.02902559 0.03828317 0.02147975 0.04001682 0.03291369
 0.05764913 0.03214419 0.0367877  0.03319561 0.02966374 0.04931628
 0.02866008 0.02683443 0.0396663  0.0330707  0.04106864 0.05768687
 0.04301937 0.02447594 0.04497833 0.04365471 0.03014865 0.03672286
 0.03063287 0.04039912 0.0297072  0.02863477 0.03465061 0.03206167
 0.03241554 0.03975249 0.02480601 0.02881701 0.04434542 0.03709895
 0.02817083 0.0389544  0.0409629  0.02012021 0.03525496 0.04189318
 0.03438024 0.02711563]",0.3748114410484194,0.5012898889407476,0.2581016992053152,0.2786010936873919,0.3411854400590997,0.46943115734948476,0.25399563123656294,0.26298068744791026,0.0017866346294258659,0.00215729571148024,0.0008696158858873435,0.0007262231744481131,0.03922969772994518,0.05756707127094269,0.007445733494824928,0.009648270930177545,0.00030133724212646487,0.0018698883056640625,0.00047385531416511045,0.0009603788934459952,0.018193475110653244,0.03549520281203688,0.00662926647415379,0.008128032156965895
df2,0.12,1.0,0.0,0.0,1.12,0.0,1.0,"[0.81875363 0.55967522 0.11135888 0.11135888 0.77002924 0.39108739
 0.22624166 0.3490397  0.24148215 0.66552932 0.21173982 0.1200888
 0.96996014 0.18488568 0.17249627 0.06383124 0.81875363 0.11135888
 0.36968362 0.3490397  0.61225166 0.63886042 0.22624166 0.58582128
 0.55967522 0.27423335 0.07520917 0.24148215 0.48382277 0.55967522
 0.17249627 0.53390728 0.53390728 0.43609338 0.48382277 0.45963725
 0.22624166 0.58582128 0.04953464 0.19796045 0.41323244 0.31007573
 0.11135888 0.29176485 0.27423335 0.79482654 0.139232   0.43609338
 0.21173982 0.01346465]","[0.41323244 0.94837208 0.10315938 0.17249627 0.77002924 0.39108739
 0.07520917 0.79482654 0.29176485 0.139232   0.14969106 0.09546732
 0.24148215 0.39108739 0.08151459 0.25747545 0.45963725 0.36968362
 0.53390728 0.74453538 0.55967522 0.45963725 0.74453538 0.139232
 0.41323244 0.45963725 0.10315938 0.81875363 0.43609338 0.58582128
 0.36968362 0.45963725 0.55967522 0.1200888  0.84163603 0.63886042
 0.24148215 0.79482654 0.0539576  0.66552932 0.41323244 0.16077182
 0.61225166 0.94837208 0.61225166 0.94837208 0.11135888 0.63886042
 0.25747545 0.04542867]","[0.81875363 0.55967522 0.11135888 0.11135888 0.77002924 0.39108739
 0.22624166 0.3490397  0.24148215 0.66552932 0.21173982 0.1200888
 0.96996014 0.18488568 0.17249627 0.06383124 0.81875363 0.11135888
 0.36968362 0.3490397  0.61225166 0.63886042 0.22624166 0.58582128
 0.55967522 0.27423335 0.07520917 0.24148215 0.48382277 0.55967522
 0.17249627 0.53390728 0.53390728 0.43609338 0.48382277 0.45963725
 0.22624166 0.58582128 0.04953464 0.19796045 0.41323244 0.31007573
 0.11135888 0.29176485 0.27423335 0.79482654 0.139232   0.43609338
 0.21173982 0.01346465]","[0.41323244 0.94837208 0.10315938 0.17249627 0.77002924 0.39108739
 0.07520917 0.79482654 0.29176485 0.139232   0.14969106 0.09546732
 0.24148215 0.39108739 0.08151459 0.25747545 0.45963725 0.36968362
 0.53390728 0.74453538 0.55967522 0.45963725 0.74453538 0.139232
 0.41323244 0.45963725 0.10315938 0.81875363 0.43609338 0.58582128
 0.36968362 0.45963725 0.55967522 0.1200888  0.84163603 0.63886042
 0.24148215 0.79482654 0.0539576  0.66552932 0.41323244 0.16077182
 0.61225166 0.94837208 0.61225166 0.94837208 0.11135888 0.63886042
 0.25747545 0.04542867]","[0.72353781 0.50475623 0.0687187  0.12451205 0.71406733 0.61133133
 0.16506547 0.17407739 0.20343409 0.56968396 0.23224142 0.11504095
 0.92576702 0.19237751 0.17746649 0.0678877  0.88838079 0.22838981
 0.23886987 0.19962568 0.54025799 0.53367475 0.17299815 0.34741962
 0.46169084 0.29356138 0.10768047 0.38756056 0.31700337 0.44054772
 0.12000549 0.55705247 0.43722974 0.15875993 0.28840709 0.67636155
 0.35829364 0.49434937 0.11613267 0.12115811 0.29648376 0.16455213
 0.09467917 0.38579851 0.15220943 0.5440871  0.12349944 0.29396672
 0.11924631 0.02545766]","[0.20663955 0.80074559 0.13196363 0.14722828 0.5910508  0.34418004
 0.10838124 0.78348123 0.23383841 0.1078016  0.20944825 0.18944953
 0.22653723 0.22958473 0.36458194 0.31089274 0.5554901  0.17552717
 0.41441427 0.78948728 0.41907009 0.38101132 0.67754829 0.17512293
 0.49836279 0.51803034 0.16012302 0.72396434 0.17957418 0.70777785
 0.27373581 0.25567446 0.57285345 0.1076429  0.75910624 0.3867932
 0.38713591 0.8977809  0.13059452 0.42310326 0.33813549 0.11765787
 0.47378085 0.88033668 0.7378825  0.7902826  0.10549803 0.48530211
 0.34882674 0.1382126 ]","[0.0025     0.0025     0.00038942 0.00050784 0.0025     0.0025
 0.00111254 0.00158341 0.00168558 0.0025     0.00169625 0.00044722
 0.0025     0.0010656  0.00085831 0.00060744 0.0025     0.00154197
 0.00089753 0.0013155  0.0025     0.0025     0.00133085 0.0025
 0.0025     0.00162947 0.00050739 0.00216181 0.0025     0.0025
 0.00066258 0.0025     0.0025     0.00118408 0.00226711 0.0025
 0.00182997 0.0025     0.00051538 0.00097249 0.00219353 0.00119317
 0.00075509 0.0025     0.0018561  0.0025     0.00029629 0.00189797
 0.00065572 0.00016171]","[0.00199084 0.0025     0.00098905 0.00083615 0.0025     0.0025
 0.00106723 0.0025     0.00136827 0.00036602 0.00116628 0.0010113
 0.0025     0.00166338 0.0017119  0.0025     0.0025     0.00100201
 0.0020508  0.0025     0.0025     0.0025     0.0025     0.0024053
 0.0025     0.0025     0.00101523 0.0025     0.00220943 0.0025
 0.00206948 0.0025     0.0025     0.00065485 0.0025     0.0025
 0.0025     0.0025     0.00055835 0.0025     0.00215278 0.00098719
 0.0025     0.0025     0.0025     0.0025     0.00025415 0.0025
 0.0025     0.00082131]","[0.04409455 0.03750668 0.03791683 0.04683975 0.03635839 0.04965849
 0.04165749 0.03140672 0.0364588  0.03714287 0.03338989 0.03597956
 0.03313209 0.03843485 0.03435455 0.03925419 0.03265567 0.0467978
 0.04470609 0.03545427 0.04272833 0.04094812 0.03625826 0.04959777
 0.03935807 0.04139991 0.05025187 0.04689632 0.04433558 0.03351151
 0.04948946 0.03337405 0.04620616 0.04722165 0.03427691 0.02858115
 0.05407188 0.03100363 0.04860257 0.03595937 0.05567439 0.0520415
 0.03778321 0.03770843 0.03016986 0.04305504 0.04048614 0.04108726
 0.0412684  0.03078806]","[0.07194184 0.04482056 0.05195059 0.06487235 0.05334021 0.07586891
 0.06788544 0.06169325 0.05159479 0.05431228 0.05212009 0.04736438
 0.05922404 0.05381963 0.04629285 0.0473415  0.05409621 0.07086054
 0.05254002 0.04577389 0.05890718 0.05958478 0.04924811 0.07420787
 0.05716508 0.05266385 0.0498825  0.07432976 0.07465033 0.04918318
 0.06809832 0.06551831 0.06492624 0.06501118 0.05379015 0.04887695
 0.05831175 0.05512075 0.05938989 0.0539505  0.06134367 0.06188246
 0.05276439 0.04665425 0.05030741 0.05883464 0.06234055 0.05913131
 0.06105082 0.05078308]","[8.11941398e-04 7.01289478e-03 6.19456166e-03 2.98346920e-04
 9.85480140e-03 1.00218070e-04 1.87727766e-03 3.78638776e-02
 9.56996883e-03 7.81995867e-03 2.26121230e-02 1.09998150e-02
 2.42225063e-02 5.28585022e-03 1.73976812e-02 4.09484108e-03
 2.74678512e-02 3.03084263e-04 6.53037443e-04 1.27865244e-02
 1.30657517e-03 2.37462621e-03 1.01464429e-02 1.02670179e-04
 3.96289554e-03 2.04546900e-03 7.90101701e-05 2.92068927e-04
 7.45419782e-04 2.18859979e-02 1.07185774e-04 2.27082845e-02
 3.77922719e-04 2.58316205e-04 1.77735515e-02 7.47413414e-02
 1.59777449e-05 4.18848198e-02 1.51939094e-04 1.10640760e-02
 7.89144989e-06 3.79147038e-05 6.45105340e-03 6.59878298e-03
 5.13956908e-02 1.16766341e-03 2.76137206e-03 2.26836813e-03
 2.13663389e-03 4.41841198e-02]","[1.90464308e-09 6.26740142e-04 3.93799989e-05 9.23438719e-08
 2.18983992e-05 1.85333396e-10 1.85503633e-08 4.63961214e-07
 4.56508168e-05 1.43922498e-05 3.66900778e-05 2.44702515e-04
 1.53693405e-06 1.78206496e-05 3.65962633e-04 2.46838544e-04
 1.58099644e-05 3.53955193e-09 3.07605884e-05 4.43258794e-04
 1.78593633e-06 1.29416340e-06 1.17935741e-04 5.04113206e-10
 4.01915667e-06 2.91945683e-05 9.16447910e-05 4.68775872e-10
 3.87000902e-10 1.20998145e-04 1.65159306e-08 6.58628589e-08
 8.97881140e-08 8.58989246e-08 1.80488128e-05 1.36484001e-04
 2.36297317e-06 1.00928130e-05 1.42031401e-06 1.68405297e-05
 5.51340485e-07 4.22418830e-07 2.79793521e-05 3.19837278e-04
 7.72600124e-05 1.84818604e-06 3.36199492e-07 1.60611460e-06
 6.36600423e-07 6.37086633e-05]","[ 4.29987907e-04  1.48534775e-04  4.46557999e-04  6.03199005e-05
  6.54459000e-05  6.08921051e-04  2.50339508e-04 -1.07288361e-04
  2.32934952e-04  4.07457352e-04  6.93798065e-05 -1.88350677e-05
  1.02233887e-03  3.47852707e-04  3.00407410e-04  4.50849533e-04
 -1.28030777e-04  3.52025032e-04  2.54631042e-04  6.15239143e-04
  3.17931175e-04  1.16932392e-03  1.56402588e-04  1.62363052e-04
  1.15835667e-03 -7.55786896e-05  5.55157661e-04  3.73959541e-04
  1.46436691e-03  9.53674316e-06  2.71320343e-04  3.01480293e-04
  6.16431236e-04  1.27792358e-04  1.35540962e-04  4.85181808e-05
  6.43968582e-04  9.98973846e-05  1.23488903e-03 -8.59498978e-05
  1.19245052e-03  8.23140144e-04  4.48226929e-04 -3.26633453e-05
 -1.41501427e-04 -2.00271606e-05  3.45468521e-04 -8.51154327e-05
 -1.06096268e-05  1.29938126e-04]","[0.00241327 0.00168371 0.00226259 0.00221753 0.00136089 0.00361741
 0.00212193 0.00233769 0.00137436 0.00247359 0.00209439 0.00151539
 0.00488687 0.00123978 0.00171661 0.00250494 0.00051224 0.00269175
 0.00154305 0.00213659 0.00184548 0.00357318 0.00110877 0.00176299
 0.00375628 0.00046873 0.00114739 0.00274885 0.00449991 0.00090492
 0.00272143 0.00312018 0.00332403 0.00144994 0.00181246 0.00153136
 0.00222397 0.00162232 0.0035969  0.00201726 0.0030309  0.00295472
 0.00115693 0.00133014 0.00151432 0.00135219 0.00222003 0.00085151
 0.00154686 0.0018245 ]","[0.02211509 0.01676384 0.02168732 0.01397206 0.01559994 0.02389921
 0.01813409 0.0102683  0.01751931 0.02028257 0.01469236 0.01308341
 0.02900404 0.01949877 0.01836704 0.01983898 0.01131555 0.0204061
 0.01523974 0.02353993 0.01879685 0.02941663 0.01744833 0.01621138
 0.03072944 0.01191491 0.0213223  0.01924877 0.03377153 0.01431676
 0.01891028 0.01933845 0.02299115 0.01602315 0.01650343 0.0135506
 0.02372384 0.01618991 0.02766072 0.01203267 0.03054259 0.02735134
 0.01983883 0.0124133  0.01083548 0.01388086 0.02126371 0.01122991
 0.01212203 0.01577971]","[0.04229282 0.03394266 0.03978494 0.03936557 0.03296072 0.04832286
 0.03669162 0.03952068 0.03032331 0.0410353  0.03711961 0.03162547
 0.05640644 0.03007702 0.03653561 0.04043063 0.02264983 0.04057758
 0.03386186 0.03968548 0.03710881 0.0489592  0.03107286 0.03357369
 0.05019929 0.02290124 0.02675957 0.0429098  0.05343847 0.02759626
 0.04256965 0.04589217 0.04589668 0.02875933 0.03737591 0.03212636
 0.03948662 0.03299793 0.0466001  0.0376653  0.04628913 0.0462877
 0.02638805 0.03303434 0.03263795 0.03015279 0.04179413 0.02775144
 0.03253093 0.0367871 ]",0.3709822126641364,0.4327484037719555,0.23608088685620593,0.270845163754332,0.32510713429642846,0.39943289749595323,0.22272355619669415,0.24349783642497425,0.0016655859482519416,0.001967025932935815,0.000815211557228982,0.0007379753460890051,0.0403466881752014,0.05771245251655579,0.006759635527693332,0.008449619717228463,0.00034288167953491213,0.0021144604682922364,0.00039674560893697587,0.0009651929441527664,0.01881172976479635,0.0374150557598402,0.005789516196435282,0.00770326772792683
df2,0.16,1.0,0.0,0.0,1.16,0.0,1.0,"[0.06383124 0.71851426 0.00377043 0.12937218 0.27423335 0.0416213
 0.31007573 0.01346465 0.08825991 0.05871658 0.07520917 0.12937218
 0.66552932 0.06932183 0.17249627 0.43609338 0.12937218 0.21173982
 0.36968362 0.53390728 0.0539576  0.27423335 0.32916807 0.00895146
 0.10315938 0.41323244 0.01487416 0.29176485 0.08151459 0.3490397
 0.45963725 0.36968362 0.02903392 0.77002924 0.24148215 0.01487416
 0.32916807 0.41323244 0.21173982 0.139232   0.139232   0.19796045
 0.63886042 0.11135888 0.11135888 0.29176485 0.84163603 0.22624166
 0.63886042 0.04953464]","[0.10315938 0.29176485 0.08151459 0.06932183 0.58582128 0.24148215
 0.27423335 0.29176485 0.139232   0.04953464 0.27423335 0.61225166
 0.71851426 0.05871658 0.08151459 0.08825991 0.02903392 0.18488568
 0.55967522 0.63886042 0.03181713 0.12937218 0.21173982 0.27423335
 0.07520917 0.24148215 0.22624166 0.66552932 0.09546732 0.93482727
 0.48382277 0.06932183 0.17249627 0.39108739 0.05871658 0.29176485
 0.63886042 0.48382277 0.3490397  0.53390728 0.29176485 0.45963725
 0.74453538 0.36968362 0.32916807 0.53390728 0.39108739 0.74453538
 0.55967522 0.14969106]","[0.06383124 0.71851426 0.00377043 0.12937218 0.27423335 0.0416213
 0.31007573 0.01346465 0.08825991 0.05871658 0.07520917 0.12937218
 0.66552932 0.06932183 0.17249627 0.43609338 0.12937218 0.21173982
 0.36968362 0.53390728 0.0539576  0.27423335 0.32916807 0.00895146
 0.10315938 0.41323244 0.01487416 0.29176485 0.08151459 0.3490397
 0.45963725 0.36968362 0.02903392 0.77002924 0.24148215 0.01487416
 0.32916807 0.41323244 0.21173982 0.139232   0.139232   0.19796045
 0.63886042 0.11135888 0.11135888 0.29176485 0.84163603 0.22624166
 0.63886042 0.04953464]","[0.10315938 0.29176485 0.08151459 0.06932183 0.58582128 0.24148215
 0.27423335 0.29176485 0.139232   0.04953464 0.27423335 0.61225166
 0.71851426 0.05871658 0.08151459 0.08825991 0.02903392 0.18488568
 0.55967522 0.63886042 0.03181713 0.12937218 0.21173982 0.27423335
 0.07520917 0.24148215 0.22624166 0.66552932 0.09546732 0.93482727
 0.48382277 0.06932183 0.17249627 0.39108739 0.05871658 0.29176485
 0.63886042 0.48382277 0.3490397  0.53390728 0.29176485 0.45963725
 0.74453538 0.36968362 0.32916807 0.53390728 0.39108739 0.74453538
 0.55967522 0.14969106]","[0.1005082  0.50080828 0.03472752 0.12221167 0.20243229 0.03921035
 0.30588547 0.0225776  0.05268524 0.05557402 0.03958421 0.06308373
 0.42496217 0.08627612 0.21156788 0.37894053 0.31147338 0.09829853
 0.36452481 0.40532949 0.021407   0.27141671 0.22181428 0.02642552
 0.05099403 0.30315979 0.08570401 0.41713269 0.05794261 0.23148595
 0.57711015 0.45667659 0.019737   0.60704102 0.19434621 0.01682843
 0.28493921 0.43022351 0.12116833 0.30085334 0.07895793 0.16416362
 0.84058771 0.13798255 0.11571583 0.29481806 0.89522245 0.15134265
 0.54334554 0.04762308]","[0.09792075 0.33120578 0.06828245 0.08952338 0.47084892 0.19071685
 0.2735417  0.17075631 0.40810876 0.03665563 0.21480204 0.59315537
 0.639597   0.02584251 0.1560171  0.11069848 0.00848925 0.25683353
 0.4123436  0.3860808  0.03405256 0.11311802 0.16267996 0.20574817
 0.14986465 0.15572176 0.32770774 0.59011585 0.14427198 0.87810685
 0.38000351 0.09443363 0.08145144 0.50050915 0.05538978 0.11894947
 0.55328314 0.60875527 0.26745989 0.61240329 0.27546915 0.6716832
 0.78646879 0.44195323 0.25881988 0.57065556 0.43590478 0.52831225
 0.50146483 0.16325296]","[5.13658934e-04 2.50000000e-03 3.41505533e-04 7.42413497e-04
 8.36541458e-04 6.85226206e-04 2.34519861e-03 1.14205516e-04
 2.30252522e-04 5.12021336e-04 1.40489958e-04 3.22672809e-04
 2.50000000e-03 2.19306419e-04 1.64158624e-03 1.68818150e-03
 1.07547736e-03 6.28930273e-04 2.50000000e-03 2.50000000e-03
 6.35284397e-05 1.34245805e-03 1.56250713e-03 9.10973583e-05
 1.20228235e-04 2.50000000e-03 1.70580062e-04 2.50000000e-03
 3.65353809e-04 2.26482309e-03 2.50000000e-03 2.50000000e-03
 1.03961180e-04 2.50000000e-03 6.70106871e-04 6.56723264e-05
 2.50000000e-03 2.50000000e-03 7.81429011e-04 1.89426002e-03
 1.93889033e-04 1.04262106e-03 2.50000000e-03 1.54281910e-03
 6.50545057e-04 2.03532780e-03 2.50000000e-03 7.74222417e-04
 2.50000000e-03 1.23377726e-04]","[7.39950167e-04 2.50000000e-03 5.52997766e-04 4.61633792e-04
 2.50000000e-03 2.50000000e-03 1.92246826e-03 8.84228999e-04
 2.50000000e-03 2.45368683e-04 1.43522919e-03 2.50000000e-03
 2.50000000e-03 8.05243310e-05 1.53835910e-03 5.03240958e-04
 4.84252766e-05 1.50672866e-03 2.50000000e-03 2.50000000e-03
 2.31375492e-04 5.48737690e-04 1.09784210e-03 9.97134145e-04
 3.94821308e-04 1.66345615e-03 1.32121097e-03 2.50000000e-03
 9.84442202e-04 2.50000000e-03 1.86410407e-03 1.03417972e-03
 6.18094340e-04 2.50000000e-03 3.29722329e-04 8.92438462e-04
 2.50000000e-03 2.50000000e-03 1.95603801e-03 2.50000000e-03
 1.31794442e-03 2.50000000e-03 2.50000000e-03 2.50000000e-03
 1.99001069e-03 2.50000000e-03 2.50000000e-03 2.50000000e-03
 2.50000000e-03 1.13685800e-03]","[0.04530555 0.03448785 0.04581847 0.03268885 0.03584669 0.03548228
 0.05908951 0.04355971 0.04032124 0.04700503 0.03668808 0.05021249
 0.0318618  0.04722973 0.04296123 0.03499361 0.03489586 0.04247803
 0.03603137 0.03507057 0.05476435 0.02765788 0.04385756 0.0456445
 0.05782015 0.05050886 0.04007862 0.04750133 0.04860112 0.05020716
 0.0299535  0.03556201 0.05284214 0.03459035 0.04374544 0.02990596
 0.03391658 0.02945679 0.03970416 0.03838897 0.04072717 0.02711011
 0.03851814 0.03284042 0.02941328 0.03760441 0.0356446  0.04854324
 0.04358984 0.05613889]","[0.06158183 0.04726665 0.06770716 0.03313529 0.0736894  0.05616961
 0.07208177 0.05219888 0.05926526 0.05978248 0.05415723 0.05714588
 0.05211873 0.07157789 0.05732894 0.04959236 0.07953622 0.05696269
 0.04563075 0.06282291 0.07647236 0.05067654 0.06591007 0.06216923
 0.06739708 0.06073116 0.04907465 0.06735934 0.07029807 0.06010977
 0.0529243  0.07786936 0.06968712 0.0612742  0.0619492  0.04858937
 0.05991256 0.04828944 0.05254631 0.05158469 0.05541642 0.05382289
 0.05942244 0.04228361 0.06510005 0.06080372 0.05378391 0.06299115
 0.05435038 0.06985658]","[5.25961786e-04 1.67689089e-02 4.36058548e-04 2.72299734e-02
 1.14290556e-02 1.26850171e-02 1.63826871e-06 9.79899863e-04
 2.91296023e-03 2.80352391e-04 8.94737683e-03 8.02740801e-05
 3.37333767e-02 2.57527560e-04 1.20606951e-03 1.45642006e-02
 1.49688311e-02 1.42325004e-03 1.08364244e-02 1.42525539e-02
 1.18095228e-05 9.20517295e-02 8.82735274e-04 4.64792552e-04
 2.97109454e-06 7.12163810e-05 3.15001314e-03 2.32278682e-04
 1.52024699e-04 8.04464975e-05 5.41492080e-02 1.24000589e-02
 2.70729810e-05 1.62993198e-02 9.18200535e-04 5.47709802e-02
 1.96147602e-02 6.09551764e-02 3.55100328e-03 5.36110133e-03
 2.55287564e-03 1.03824445e-01 5.15169385e-03 2.61662884e-02
 6.15848386e-02 6.80940943e-03 1.21109546e-02 1.55492129e-04
 9.69633008e-04 6.40741290e-06]","[4.90244309e-07 2.53948992e-04 2.04399322e-08 2.42019125e-02
 6.85799442e-10 6.31935982e-06 1.75665106e-09 3.55003612e-05
 1.50712063e-06 1.17726941e-06 1.53965960e-05 4.05468639e-06
 3.67110396e-05 2.34885149e-09 3.72779689e-06 1.02891255e-04
 1.88051222e-11 4.40932645e-06 4.67137714e-04 2.63878879e-07
 1.28139702e-10 6.65314004e-05 5.35699130e-08 3.66236750e-07
 2.41815544e-08 7.44199988e-07 1.26285413e-04 2.46801515e-08
 4.86778055e-09 1.00580233e-06 2.61455856e-05 5.39211609e-11
 6.86101276e-09 5.70505742e-07 4.08644086e-07 1.52723065e-04
 1.10598421e-06 1.71598830e-04 3.06791003e-05 4.58421011e-05
 8.85276939e-06 1.77955654e-05 1.39845134e-06 1.52049668e-03
 8.20048060e-08 7.18335106e-07 1.80975108e-05 2.42395932e-07
 1.41552239e-05 6.23984378e-09]","[ 7.80820847e-05 -8.53538513e-05  5.08308411e-04 -4.29153442e-05
  1.74760818e-04  3.88860703e-04  1.98221207e-03  2.45213509e-04
  5.15818596e-04  6.67572021e-04 -4.22000885e-05  2.10165977e-04
 -1.27911568e-04  7.17401505e-04 -6.12735748e-05  2.87175179e-04
  4.33206558e-04  5.89251518e-04  1.31130219e-04  2.30669975e-04
  1.35886669e-03 -1.20759010e-04  9.32216644e-05  1.45316124e-04
  2.46763229e-04  2.63214111e-04  5.22375107e-04  2.97546387e-04
  2.83360481e-04  6.53624535e-04 -1.33156776e-04  2.70009041e-04
  2.40862370e-03 -2.13384628e-05  1.53779984e-04  1.23262405e-04
 -6.52074814e-05  3.21865082e-06  1.89423561e-04  2.54988670e-04
  4.53948975e-04  2.62022018e-04  4.39882278e-05 -1.20997429e-04
 -3.40938568e-05  3.69548798e-06 -4.76837158e-06  8.95261765e-05
  3.35454941e-04  6.02722168e-04]","[0.00101972 0.00027049 0.00272477 0.00057364 0.00261605 0.00217509
 0.00550342 0.00116432 0.00272024 0.00232923 0.00100052 0.00121582
 0.00140882 0.00340414 0.00058162 0.00173032 0.0034554  0.00303733
 0.00134647 0.00218892 0.00392294 0.00089002 0.00162017 0.00112677
 0.00153518 0.00143862 0.0015502  0.00184572 0.00233459 0.0013963
 0.000875   0.00355029 0.00457895 0.00172162 0.00194454 0.00031102
 0.00241911 0.00168061 0.00174773 0.00136828 0.00268126 0.00264966
 0.00151789 0.00060296 0.00199175 0.00113952 0.0010016  0.00143731
 0.00193155 0.00253177]","[0.01599298 0.01187074 0.02129523 0.0137641  0.01529452 0.01956188
 0.03821281 0.01733914 0.02175314 0.02475335 0.01276466 0.01882309
 0.00994307 0.02435239 0.01226425 0.01819968 0.02249039 0.02275125
 0.01610363 0.0177482  0.02846876 0.01043756 0.01448447 0.01568696
 0.01593601 0.01774653 0.0212147  0.01773796 0.01697097 0.02506794
 0.01088867 0.01803217 0.03492386 0.01366176 0.01556552 0.01496138
 0.01201379 0.01371319 0.01685597 0.01692927 0.02042508 0.01870254
 0.01471995 0.00986966 0.01355885 0.0145543  0.01374759 0.01510501
 0.01862656 0.02361557]","[0.0269349  0.01858595 0.04372869 0.02363547 0.04054058 0.03882605
 0.06181323 0.02969099 0.04220394 0.04050823 0.02487841 0.02784031
 0.03354951 0.04876644 0.02378332 0.03497364 0.04835401 0.04666365
 0.03296189 0.03607047 0.0472512  0.02664689 0.03318683 0.02930035
 0.03417584 0.03259856 0.03061618 0.03443677 0.03968728 0.03371024
 0.02680321 0.04526668 0.05105731 0.03589054 0.03781907 0.01891985
 0.03698183 0.03679872 0.03746464 0.03134507 0.04037934 0.0421318
 0.03293199 0.02144337 0.03503209 0.02999845 0.02778884 0.03175665
 0.03626765 0.04047861]",0.2527880228213034,0.3261243838963041,0.22001818672718063,0.23367230684568205,0.2357365458849374,0.31218861895849787,0.2111435411482356,0.22255391743407804,0.0012579295189831896,0.0016159513054284425,0.0009740462269434044,0.0008816420757473796,0.040737309530973445,0.05924815756797791,0.008190015023452022,0.009538315963099741,0.00030717611312866213,0.001916184425354004,0.00048255050954966667,0.0010721190916364077,0.017790021179587393,0.035249510230958736,0.00573287268593085,0.008593811438612632
df2,0.2,1.0,0.0,0.0,1.2,0.0,1.0,"[1.84885683e-01 8.82599083e-02 5.85821277e-01 6.93218252e-02
 5.85821277e-01 1.29372179e-01 2.74233349e-01 2.68158880e-03
 4.54286666e-02 2.11739817e-01 2.64676308e-02 4.16212987e-02
 8.82599083e-02 1.21765095e-02 1.72496272e-01 1.72496272e-01
 4.36093382e-01 4.36093382e-01 2.57475452e-01 4.13232440e-01
 9.54673207e-02 3.91087390e-01 1.72496272e-01 5.59675216e-01
 9.54673207e-02 2.57475452e-01 1.29372179e-01 1.48741570e-02
 5.08599525e-01 1.03159376e-01 9.92823487e-03 3.29168072e-01
 2.87103585e-04 2.57475452e-01 5.39576008e-02 1.99311438e-02
 2.11739817e-01 4.36093382e-01 6.38860419e-01 5.59675216e-01
 2.74233349e-01 1.60771824e-01 8.82599083e-02 3.10075730e-01
 2.91764847e-01 1.11358879e-01 2.26241661e-01 1.20088801e-01
 8.15145929e-02 1.84885683e-01]","[2.26241661e-01 7.52091658e-02 4.36093382e-01 2.91764847e-01
 7.18514257e-01 1.48741570e-02 8.82599083e-02 1.72496272e-01
 4.16212987e-02 7.18514257e-01 2.11739817e-01 2.90339156e-02
 1.49691056e-01 8.15145929e-02 2.91764847e-01 1.72496272e-01
 6.12251659e-01 7.44535382e-01 2.26241661e-01 5.08599525e-01
 9.19466758e-01 9.19466758e-01 7.18514257e-01 4.83822766e-01
 2.19294824e-02 1.10005675e-02 8.63302804e-01 9.13835051e-04
 4.83822766e-01 9.54673207e-02 8.82599083e-02 4.36093382e-01
 1.39231997e-01 1.39231997e-01 2.41482152e-01 8.15145929e-02
 1.29372179e-01 8.82599083e-02 2.64676308e-02 6.38860419e-01
 9.78089566e-01 6.93218252e-02 4.59637254e-01 5.85821277e-01
 7.18514257e-01 3.48322136e-02 3.10075730e-01 3.91087390e-01
 1.11358879e-01 3.69683622e-01]","[1.84885683e-01 8.82599083e-02 5.85821277e-01 6.93218252e-02
 5.85821277e-01 1.29372179e-01 2.74233349e-01 2.68158880e-03
 4.54286666e-02 2.11739817e-01 2.64676308e-02 4.16212987e-02
 8.82599083e-02 1.21765095e-02 1.72496272e-01 1.72496272e-01
 4.36093382e-01 4.36093382e-01 2.57475452e-01 4.13232440e-01
 9.54673207e-02 3.91087390e-01 1.72496272e-01 5.59675216e-01
 9.54673207e-02 2.57475452e-01 1.29372179e-01 1.48741570e-02
 5.08599525e-01 1.03159376e-01 9.92823487e-03 3.29168072e-01
 2.87103585e-04 2.57475452e-01 5.39576008e-02 1.99311438e-02
 2.11739817e-01 4.36093382e-01 6.38860419e-01 5.59675216e-01
 2.74233349e-01 1.60771824e-01 8.82599083e-02 3.10075730e-01
 2.91764847e-01 1.11358879e-01 2.26241661e-01 1.20088801e-01
 8.15145929e-02 1.84885683e-01]","[2.26241661e-01 7.52091658e-02 4.36093382e-01 2.91764847e-01
 7.18514257e-01 1.48741570e-02 8.82599083e-02 1.72496272e-01
 4.16212987e-02 7.18514257e-01 2.11739817e-01 2.90339156e-02
 1.49691056e-01 8.15145929e-02 2.91764847e-01 1.72496272e-01
 6.12251659e-01 7.44535382e-01 2.26241661e-01 5.08599525e-01
 9.19466758e-01 9.19466758e-01 7.18514257e-01 4.83822766e-01
 2.19294824e-02 1.10005675e-02 8.63302804e-01 9.13835051e-04
 4.83822766e-01 9.54673207e-02 8.82599083e-02 4.36093382e-01
 1.39231997e-01 1.39231997e-01 2.41482152e-01 8.15145929e-02
 1.29372179e-01 8.82599083e-02 2.64676308e-02 6.38860419e-01
 9.78089566e-01 6.93218252e-02 4.59637254e-01 5.85821277e-01
 7.18514257e-01 3.48322136e-02 3.10075730e-01 3.91087390e-01
 1.11358879e-01 3.69683622e-01]","[0.08975238 0.0485317  0.4143166  0.1696932  0.62252183 0.1011188
 0.27140599 0.00766475 0.04738685 0.26750906 0.03119619 0.05770455
 0.08237447 0.02315849 0.11562244 0.09715239 0.27220855 0.15674353
 0.16541669 0.26713539 0.12772857 0.4235715  0.12325692 0.54028717
 0.23713772 0.29398191 0.15386647 0.0252705  0.28187175 0.12005077
 0.03053075 0.17008018 0.00179867 0.21383055 0.01082373 0.01230508
 0.32158849 0.15746145 0.44570008 0.33846889 0.27854794 0.1341344
 0.08231265 0.15811735 0.35934554 0.11736217 0.12910055 0.10741747
 0.04730594 0.08253221]","[0.36555796 0.14309097 0.27878193 0.20998764 0.78956958 0.01076367
 0.12253653 0.11589385 0.02895675 0.70884241 0.18084393 0.0438923
 0.35109276 0.17182312 0.29037848 0.14906233 0.48050068 0.40652542
 0.34682387 0.35785243 0.69246119 0.95609663 0.54067594 0.38233129
 0.00737687 0.06988098 0.80642219 0.00673953 0.38141245 0.12144503
 0.0785043  0.27769701 0.13567261 0.22204885 0.10859244 0.04291487
 0.10267631 0.14340028 0.07014029 0.53873889 0.93949722 0.0670409
 0.35902612 0.43224677 0.70943216 0.02673044 0.25138668 0.24504488
 0.03061785 0.44085107]","[2.74551711e-04 2.89284414e-04 2.06179930e-03 7.83280035e-04
 2.50000000e-03 2.91103218e-04 2.50000000e-03 1.55509803e-05
 5.88838291e-05 2.12345999e-03 1.02833200e-04 2.60263689e-04
 1.37407831e-04 1.02184507e-04 5.47598775e-04 4.16635081e-04
 1.77433350e-03 1.00714430e-03 8.81125635e-04 1.85009141e-03
 1.30751129e-03 2.50000000e-03 6.52932203e-04 2.50000000e-03
 8.29212148e-04 9.22775312e-04 1.08841504e-03 9.57298015e-05
 1.38906533e-03 1.25834206e-04 8.05933915e-05 7.31964619e-04
 1.00000000e-05 2.02481094e-03 3.30303225e-05 1.84468023e-05
 1.02985602e-03 5.67565889e-04 2.10153263e-03 1.23867130e-03
 2.50000000e-03 4.59582999e-04 6.10396924e-04 7.66306761e-04
 2.50000000e-03 6.74628517e-04 5.01728786e-04 7.22576237e-04
 1.34101809e-04 1.76342327e-04]","[2.50000000e-03 1.47447808e-03 1.38637311e-03 1.46166392e-03
 2.50000000e-03 3.44459583e-05 1.01122797e-03 7.69719828e-04
 6.42321623e-05 2.50000000e-03 1.33221044e-03 4.76543903e-04
 5.44241143e-04 8.90114679e-04 1.69074681e-03 1.51262237e-03
 2.50000000e-03 2.50000000e-03 2.50000000e-03 2.50000000e-03
 2.50000000e-03 2.50000000e-03 2.50000000e-03 2.50000000e-03
 4.55771556e-05 2.67887721e-04 2.50000000e-03 2.51924202e-05
 2.50000000e-03 3.18827822e-04 4.91614193e-04 1.68378620e-03
 5.70354764e-04 2.50000000e-03 5.18910369e-04 9.42570299e-05
 3.83538660e-04 5.41070632e-04 4.96963981e-04 2.15711826e-03
 2.50000000e-03 3.27886233e-04 2.31285674e-03 2.50000000e-03
 2.50000000e-03 2.30725253e-04 9.35818492e-04 1.69679789e-03
 1.54002508e-04 1.79312606e-03]","[0.0442747  0.0305382  0.03647428 0.05104457 0.04268083 0.04487154
 0.04841552 0.0477131  0.03282807 0.03429293 0.04338518 0.04818765
 0.04092694 0.05343742 0.03495451 0.05606133 0.03926475 0.04091274
 0.04272957 0.03763556 0.03800565 0.03296954 0.025382   0.03617683
 0.03537891 0.03805214 0.04136744 0.05345544 0.03214888 0.04578977
 0.05774347 0.033674   0.03717148 0.05097812 0.05240036 0.03435043
 0.04175832 0.04038607 0.0392875  0.02998826 0.04208988 0.03906431
 0.04066119 0.0481369  0.0463199  0.039958   0.04532705 0.0345573
 0.04036596 0.04547711]","[0.05682799 0.04560948 0.06520442 0.07475248 0.0561405  0.07234477
 0.0677311  0.05902425 0.04527169 0.05160647 0.06253461 0.06442025
 0.05604261 0.05818618 0.05325796 0.07567947 0.05335416 0.05080602
 0.05757511 0.0652966  0.05207609 0.05012686 0.04824789 0.05905725
 0.08310449 0.06520425 0.05072381 0.07135883 0.04775729 0.0633777
 0.08129433 0.0553795  0.05690189 0.07069127 0.06093517 0.05175121
 0.06848786 0.0627572  0.07463607 0.04606463 0.05971481 0.04913328
 0.05817518 0.06272065 0.06430646 0.07062439 0.07360594 0.05339747
 0.06174067 0.05151724]","[7.61722305e-04 4.69855531e-02 9.52674752e-03 5.72556284e-05
 1.32800558e-03 6.15351348e-04 1.63409504e-04 2.14233830e-04
 2.62515634e-02 1.76954388e-02 1.04138592e-03 1.78492402e-04
 2.39120316e-03 2.10054408e-05 1.47248292e-02 6.63503345e-06
 4.08125636e-03 2.40237681e-03 1.30601924e-03 6.74570809e-03
 6.02926061e-03 2.52893612e-02 1.49380569e-01 1.03893546e-02
 1.30632486e-02 5.94435084e-03 2.06763418e-03 2.08437803e-05
 3.13360003e-02 4.40680311e-04 3.07860601e-06 2.09481990e-02
 7.75355599e-03 5.88338988e-05 3.26229660e-05 1.74174556e-02
 1.81500922e-03 2.85247064e-03 4.05209749e-03 5.36985052e-02
 1.62351270e-03 4.34652116e-03 2.60844927e-03 1.82026305e-04
 3.62303973e-04 3.27437142e-03 5.21867924e-04 1.64494613e-02
 2.87111251e-03 4.94113961e-04]","[4.68893195e-06 4.70788210e-04 7.76499492e-08 3.64005530e-10
 6.40277607e-06 1.50826531e-09 2.01757111e-08 1.68971994e-06
 5.32471875e-04 4.54307177e-05 3.05052881e-07 1.16751001e-07
 6.69109823e-06 2.50578253e-06 2.26822041e-05 2.07971467e-10
 2.17681462e-05 6.31158253e-05 3.32794658e-06 7.39911310e-08
 3.73710477e-05 8.30882948e-05 1.74381858e-04 1.66350902e-06
 1.82896135e-12 7.76568465e-08 6.52646471e-05 2.66338131e-09
 2.10639854e-04 1.99257416e-07 6.04226286e-12 8.99922222e-06
 4.53348902e-06 3.89682013e-09 6.73668942e-07 4.27848624e-05
 1.33407859e-08 2.72761019e-07 3.90322094e-10 3.98244753e-04
 1.21608202e-06 1.23402118e-04 2.51867927e-06 2.77826437e-07
 1.23817980e-07 4.04746090e-09 7.20486423e-10 2.13681433e-05
 4.53194384e-07 4.71386821e-05]","[ 3.88979912e-04  1.90377235e-04  3.50475311e-04  4.13179398e-04
 -4.86373901e-05  1.70946121e-04  8.12292099e-04  7.97033310e-04
  5.50985336e-04  3.33189964e-04  8.18133354e-04  3.07559967e-04
  5.73754311e-04  4.08887863e-05  2.16722488e-04  5.58257103e-04
 -5.20944595e-05  4.24742699e-04  1.08599663e-04 -1.74045563e-05
 -1.16705894e-04  3.18408012e-04  3.29613686e-04  8.90016556e-04
  1.01804733e-04  6.84261322e-05 -3.69548798e-05  9.54389572e-04
 -1.01327896e-04  1.05977058e-04  1.47664547e-03  1.74164772e-04
 -2.67028809e-05  3.16858292e-04  5.53369522e-04  1.12056732e-05
  5.30362129e-04  5.48481941e-04  1.15513802e-04  1.03712082e-05
  5.10215759e-04  2.15172768e-04  1.69873238e-04  1.06513500e-03
  3.27825546e-04  1.76906586e-04  6.41703606e-04  3.88860703e-04
 -4.82797623e-05  5.92470169e-04]","[0.00197887 0.00158525 0.00305271 0.00372577 0.00094235 0.00313067
 0.00363338 0.00247264 0.00239027 0.00213337 0.00305581 0.00208759
 0.0024482  0.00042295 0.00193083 0.00372565 0.00075269 0.00108612
 0.00153279 0.00135076 0.00075889 0.00231087 0.0036552  0.00340116
 0.00346506 0.00257206 0.00105584 0.00291872 0.00065541 0.00156546
 0.00509894 0.00097561 0.00108719 0.00242996 0.00195265 0.00147259
 0.00389504 0.00318456 0.00206923 0.00156379 0.00245702 0.00108933
 0.00189805 0.00343025 0.0021739  0.00293219 0.00413251 0.00163507
 0.00160205 0.00187349]","[0.01785247 0.01643001 0.01970743 0.02179485 0.01209379 0.01476232
 0.02632297 0.02300365 0.0221418  0.0174495  0.02282364 0.0183413
 0.01951775 0.01489882 0.01824403 0.02112322 0.01242617 0.01976356
 0.01519435 0.01381257 0.01139179 0.02037618 0.01848986 0.02626915
 0.01609607 0.01577021 0.01237262 0.0254345  0.01050724 0.01435747
 0.02981074 0.01588644 0.01340643 0.02007321 0.02099828 0.01311474
 0.02176535 0.02124237 0.01518127 0.01332261 0.02197607 0.01692906
 0.01630553 0.02804146 0.01675954 0.01865489 0.02173018 0.01844387
 0.01250156 0.01941293]","[0.03577168 0.03407789 0.04618155 0.04937477 0.02679905 0.04394577
 0.04997646 0.03954098 0.03857147 0.03588158 0.04223344 0.0374192
 0.04235679 0.02070721 0.03777723 0.04747279 0.02602479 0.02558016
 0.03305855 0.03207665 0.0252018  0.04096906 0.0497171  0.04694578
 0.04565256 0.04465381 0.02978888 0.04374274 0.02627367 0.03423133
 0.05625348 0.02488645 0.02887909 0.03971341 0.03408148 0.0331255
 0.05177781 0.04594558 0.03765971 0.03427203 0.04025317 0.02652972
 0.03607043 0.04716636 0.03979468 0.04255086 0.04946537 0.0310097
 0.03579708 0.035889  ]",0.21855928087362095,0.32732722847657825,0.179625910807751,0.2882944270737709,0.1766880237993501,0.29479757295242087,0.14395996336462025,0.25508457483059477,0.0009254228602289149,0.0014038986548302733,0.00083890172631527,0.0009635578651478225,0.04138103219211102,0.06033071554183961,0.007153972906127376,0.009504951218248521,0.0003440356254577637,0.0022550153732299803,0.0003397619106069132,0.0010577663494417261,0.018286516900937667,0.03806251337349963,0.004486049806209228,0.008319308503080863
df2,0.24,1.0,0.0,0.0,1.24,0.0,1.0,"[2.57475452e-01 1.29372179e-01 2.41040115e-02 4.95346404e-02
 2.90339156e-02 4.16212987e-02 5.33907283e-01 3.91087390e-01
 1.11358879e-01 7.25488863e-03 3.69683622e-01 2.57475452e-01
 5.87165796e-02 8.95145539e-03 1.60771824e-01 1.11358879e-01
 1.11358879e-01 1.29372179e-01 5.87165796e-02 5.25376643e-03
 3.18171260e-02 9.54673207e-02 9.54673207e-02 1.39231997e-01
 3.18171260e-02 5.39576008e-02 2.90339156e-02 3.10075730e-01
 3.80948244e-02 1.60771824e-01 3.77043497e-03 2.41040115e-02
 2.41482152e-01 3.36894521e-03 2.90339156e-02 8.15145929e-02
 1.60771824e-01 5.59675216e-01 5.39576008e-02 1.97960446e-01
 6.92127962e-01 1.84885683e-01 3.49039701e-01 1.48741570e-02
 5.51757155e-04 9.54673207e-02 9.54673207e-02 2.57475452e-01
 9.54673207e-02 2.74233349e-01]","[0.24148215 0.17249627 0.09546732 0.39108739 0.08825991 0.21173982
 0.3490397  0.41323244 0.06383124 0.05871658 0.58582128 0.55967522
 0.02646763 0.18488568 0.79482654 0.29176485 0.36968362 0.12937218
 0.139232   0.18488568 0.01487416 0.48382277 0.24148215 0.3490397
 0.09546732 0.14969106 0.41323244 0.32916807 0.00725489 0.50859953
 0.14969106 0.18488568 0.32916807 0.0539576  0.01641475 0.48382277
 0.1200888  0.3490397  0.21173982 0.55967522 0.07520917 0.0539576
 0.43609338 0.12937218 0.00470847 0.27423335 0.11135888 0.16077182
 0.43609338 0.12937218]","[2.57475452e-01 1.29372179e-01 2.41040115e-02 4.95346404e-02
 2.90339156e-02 4.16212987e-02 5.33907283e-01 3.91087390e-01
 1.11358879e-01 7.25488863e-03 3.69683622e-01 2.57475452e-01
 5.87165796e-02 8.95145539e-03 1.60771824e-01 1.11358879e-01
 1.11358879e-01 1.29372179e-01 5.87165796e-02 5.25376643e-03
 3.18171260e-02 9.54673207e-02 9.54673207e-02 1.39231997e-01
 3.18171260e-02 5.39576008e-02 2.90339156e-02 3.10075730e-01
 3.80948244e-02 1.60771824e-01 3.77043497e-03 2.41040115e-02
 2.41482152e-01 3.36894521e-03 2.90339156e-02 8.15145929e-02
 1.60771824e-01 5.59675216e-01 5.39576008e-02 1.97960446e-01
 6.92127962e-01 1.84885683e-01 3.49039701e-01 1.48741570e-02
 5.51757155e-04 9.54673207e-02 9.54673207e-02 2.57475452e-01
 9.54673207e-02 2.74233349e-01]","[0.24148215 0.17249627 0.09546732 0.39108739 0.08825991 0.21173982
 0.3490397  0.41323244 0.06383124 0.05871658 0.58582128 0.55967522
 0.02646763 0.18488568 0.79482654 0.29176485 0.36968362 0.12937218
 0.139232   0.18488568 0.01487416 0.48382277 0.24148215 0.3490397
 0.09546732 0.14969106 0.41323244 0.32916807 0.00725489 0.50859953
 0.14969106 0.18488568 0.32916807 0.0539576  0.01641475 0.48382277
 0.1200888  0.3490397  0.21173982 0.55967522 0.07520917 0.0539576
 0.43609338 0.12937218 0.00470847 0.27423335 0.11135888 0.16077182
 0.43609338 0.12937218]","[1.12655404e-01 1.43428406e-01 5.38150379e-02 6.71716102e-02
 2.70245379e-02 2.78892806e-02 2.92211886e-01 2.37446485e-01
 4.35854321e-02 5.64236372e-03 2.55702234e-01 1.44321726e-01
 3.66049932e-02 4.56642491e-03 1.13857681e-01 1.07234357e-01
 7.55507580e-02 9.16604109e-02 6.84673301e-02 1.65793778e-02
 6.53928511e-02 5.61297590e-02 6.59865387e-02 5.79858246e-02
 3.80305605e-02 6.40217573e-02 1.16054595e-02 2.28588974e-01
 1.11624411e-02 2.36843786e-01 1.76833894e-03 4.60323113e-02
 1.30616347e-01 3.11678625e-03 2.47385128e-02 1.38493270e-01
 4.68306891e-02 2.41828480e-01 3.56795301e-02 1.76577184e-01
 3.78268909e-01 1.73198038e-01 2.41768021e-01 2.44582936e-02
 5.18833811e-05 8.80577275e-02 9.01676824e-02 1.49727957e-01
 1.37553430e-01 9.78349205e-02]","[0.23030439 0.18218935 0.15100964 0.41132056 0.0452524  0.16128551
 0.33506107 0.37856406 0.06899627 0.0404883  0.59057151 0.39062722
 0.0130622  0.11660393 0.72737165 0.17197024 0.37047031 0.07320828
 0.11829826 0.14525864 0.05986294 0.21926369 0.22637137 0.19314451
 0.0237672  0.09729822 0.2229622  0.22755273 0.00485756 0.32445735
 0.13151341 0.13761113 0.24237105 0.03256929 0.02279618 0.34321162
 0.15400195 0.34215481 0.09597159 0.35746595 0.14907801 0.04290614
 0.65308233 0.07508453 0.00633274 0.37482669 0.05637357 0.06216638
 0.27101056 0.12397649]","[2.46163347e-04 5.21223986e-04 4.61089845e-04 3.28555255e-04
 9.42442921e-05 3.07057575e-05 9.99744143e-04 2.05706290e-03
 1.10261396e-04 1.00000000e-05 1.90873092e-03 8.27692646e-04
 4.96740612e-05 1.00000000e-05 4.18673957e-04 6.93654104e-04
 1.61225446e-04 2.54559188e-04 1.82918591e-04 1.03087541e-04
 7.26803481e-05 2.78571318e-04 2.75619983e-04 2.11565418e-04
 1.32937317e-04 2.05462109e-04 2.39912318e-05 5.04426368e-04
 2.29005681e-05 1.09908612e-03 1.00000000e-05 1.67068025e-04
 8.69987942e-04 1.00000000e-05 1.04294003e-04 3.32467464e-04
 1.09296057e-04 7.66530947e-04 4.41229927e-05 6.02012139e-04
 2.09004544e-03 4.60394376e-04 1.26550106e-03 3.70894558e-05
 1.00000000e-05 2.56659318e-04 2.45615284e-04 4.33665683e-04
 7.57386071e-04 2.89752675e-04]","[8.36721305e-04 8.19693415e-04 1.45661902e-03 2.50000000e-03
 3.42106862e-04 4.21176552e-04 1.35189636e-03 2.50000000e-03
 3.60540858e-04 3.77565250e-05 2.50000000e-03 2.50000000e-03
 4.63061126e-05 3.28297256e-04 2.50000000e-03 1.31601222e-03
 1.37834225e-03 4.81275418e-04 8.32130330e-04 1.34202026e-03
 9.93047476e-05 1.33110091e-03 1.23613342e-03 9.51746850e-04
 1.26135184e-04 4.48280985e-04 1.08569245e-03 8.20673744e-04
 1.17687826e-05 2.35878784e-03 7.62942187e-04 5.53295746e-04
 1.68893219e-03 1.15479845e-04 1.67766240e-04 1.61698680e-03
 7.14508292e-04 1.70816642e-03 2.14047017e-04 1.97125710e-03
 1.11651762e-03 1.51688149e-04 2.50000000e-03 1.41933832e-04
 4.92188486e-05 1.83447321e-03 3.39564553e-04 2.51049333e-04
 2.17074538e-03 2.78465496e-04]","[0.04109411 0.04432418 0.05504498 0.03256124 0.05427909 0.04788989
 0.03922322 0.04472788 0.04680542 0.03638256 0.04465727 0.0359945
 0.05259191 0.05564377 0.04991116 0.04932091 0.04635123 0.05144108
 0.05341439 0.0353445  0.04397207 0.04378054 0.04423967 0.04569052
 0.06072692 0.04380095 0.05671472 0.03847988 0.04774858 0.03218705
 0.03251768 0.05911722 0.03625578 0.07405637 0.05614381 0.04754426
 0.03858644 0.0449355  0.04040988 0.0381389  0.04338652 0.05623761
 0.03331816 0.0287521  0.0327008  0.04617797 0.05340245 0.05334777
 0.05771605 0.05095136]","[0.05341516 0.06748534 0.06975842 0.05757416 0.06760531 0.05126862
 0.06466239 0.06452316 0.0789171  0.0516128  0.05184145 0.04792188
 0.06156942 0.06555105 0.05454573 0.05226843 0.05628891 0.07212749
 0.05608496 0.04254503 0.06921828 0.05794572 0.0500411  0.06241741
 0.07000312 0.06521072 0.06272452 0.05274473 0.07378288 0.04597543
 0.04471876 0.07389826 0.05411682 0.0745604  0.0695965  0.05934073
 0.05958019 0.06025015 0.06230603 0.04652629 0.07250769 0.06860863
 0.04787712 0.05747044 0.04205737 0.05962831 0.07764661 0.07719199
 0.05815029 0.067387  ]","[2.26325366e-03 7.48445439e-04 1.04364538e-05 2.81548972e-02
 1.46017729e-05 2.00193536e-04 4.13495375e-03 6.47951952e-04
 3.02218089e-04 9.78554785e-03 6.64563884e-04 1.09524551e-02
 3.00947733e-05 8.00010027e-06 9.05996070e-05 1.14590074e-04
 3.58110354e-04 4.86446865e-05 2.12138413e-05 1.31913823e-02
 8.47836780e-04 9.06956166e-04 7.71252871e-04 4.57023011e-04
 7.45742168e-07 9.00479156e-04 4.93717988e-06 5.21292768e-03
 2.11343343e-04 3.10288391e-02 2.84768695e-02 1.61688167e-06
 1.01537717e-02 5.51677465e-10 6.39323610e-06 2.28508437e-04
 5.04403016e-03 6.01338646e-04 2.83054766e-03 5.78881516e-03
 1.04090044e-03 6.12853385e-06 2.30503665e-02 7.18594184e-02
 2.71447462e-02 3.81891629e-04 2.13225814e-05 2.18277495e-05
 3.11794267e-06 5.94809858e-05]","[2.12067775e-05 2.30536441e-08 6.59262680e-09 3.32940039e-06
 2.16020844e-08 5.22262114e-05 1.02990725e-07 1.10697869e-07
 2.78826800e-11 4.53117034e-05 4.12103988e-05 1.97747296e-04
 4.93259359e-07 6.47385859e-08 1.29975224e-05 3.44807461e-05
 5.98827615e-06 1.71077256e-09 6.56486232e-06 1.39110032e-03
 8.91017871e-09 2.80279924e-06 8.60009977e-05 3.23510909e-07
 5.74716925e-09 7.73943761e-08 2.77285615e-07 2.82131666e-05
 6.48881914e-10 4.11576018e-04 6.50075180e-04 6.05984902e-10
 1.56691892e-05 4.08417961e-10 7.21747413e-09 1.45395819e-06
 1.29700406e-06 9.39887540e-07 3.42052538e-07 3.35502907e-04
 1.37196037e-09 1.24832365e-08 2.01177788e-04 3.49263335e-06
 1.64142191e-03 1.26750063e-06 6.19668416e-11 8.22033500e-11
 2.54810893e-06 2.43137983e-08]","[ 3.57389450e-04  3.80516052e-04  1.11126900e-03  3.00884247e-04
  4.41908836e-04  1.01506710e-03  5.67197800e-04  4.28438187e-04
  2.49385834e-04  2.57134438e-04  4.94837761e-04  1.40666962e-05
  2.49147415e-05  2.18272209e-04  7.17282295e-04  8.15510750e-04
  6.15715981e-04  3.77774239e-04  1.43766403e-04  1.13248825e-04
  3.89814377e-05  1.78217888e-04  2.97546387e-04  5.67674637e-04
  1.22201443e-03  8.15987587e-04  5.96165657e-04  3.91125679e-04
  3.00526619e-04  1.81555748e-04  7.84397125e-05  7.45892525e-04
  2.72989273e-05  1.49440765e-03  7.59959221e-04  1.13463402e-03
  6.34670258e-04  1.70469284e-04  5.16414642e-04  1.66773796e-04
  3.30328941e-04  1.47759914e-03  1.71661377e-05 -5.18560410e-05
  2.20060349e-04  5.51462173e-04  3.65853310e-04  1.00219250e-03
  1.24919415e-03  5.39422035e-04]","[0.00111043 0.00278807 0.00347292 0.00163209 0.00218594 0.001863
 0.00331283 0.00266755 0.0023185  0.00084376 0.00216627 0.00067604
 0.00191891 0.00126266 0.00203943 0.00198722 0.00228024 0.00202656
 0.00147414 0.00048077 0.00174379 0.00150681 0.00159359 0.00296998
 0.00327802 0.00344908 0.00230789 0.0021615  0.002509   0.00189257
 0.00061262 0.00320852 0.00078797 0.00362062 0.00202835 0.00287724
 0.00310671 0.00114715 0.00113928 0.00116467 0.00260746 0.00403655
 0.00165641 0.00149059 0.00085366 0.00325549 0.0028348  0.00400567
 0.00284326 0.00189257]","[0.01819306 0.02039436 0.02669708 0.01764401 0.0211348  0.02407116
 0.02148164 0.02049554 0.01731665 0.0175919  0.01915949 0.01248857
 0.01523168 0.01645073 0.02271534 0.02347896 0.02189705 0.01885075
 0.01590774 0.01581969 0.0129793  0.01375328 0.01842719 0.02258882
 0.02579241 0.02372509 0.02103795 0.01988572 0.01662383 0.01649764
 0.01410931 0.02376451 0.01413127 0.02822781 0.02321122 0.02507889
 0.02130859 0.01539422 0.02156886 0.01596667 0.01872987 0.032799
 0.01382786 0.01195439 0.01636765 0.01975017 0.01912467 0.02698891
 0.02687807 0.02069277]","[0.02793291 0.04400038 0.04545785 0.03219637 0.0409192  0.0372468
 0.04835564 0.04268596 0.03861481 0.02431827 0.03790582 0.02511624
 0.03856967 0.03175196 0.03806728 0.03713772 0.03994413 0.03744382
 0.03176257 0.02114965 0.0364402  0.03394402 0.03448211 0.04494434
 0.04496745 0.04728668 0.03925406 0.03775303 0.04170358 0.03680858
 0.02326195 0.04556397 0.02536993 0.04764036 0.03400376 0.04225581
 0.04511079 0.03009422 0.02668691 0.02821551 0.0427159  0.05410598
 0.03585788 0.03259749 0.02308516 0.0461013  0.04255699 0.04996188
 0.04209389 0.03435608]",0.14494746201181352,0.24428506882233667,0.15547849947118994,0.1835293508099995,0.09975864001530306,0.19991911951823338,0.08803242089964002,0.16679000819023257,0.00042316794191077036,0.00101335115809135,0.0005116392796261003,0.0008280898577940476,0.04596081626772881,0.060621006612777716,0.009115925198501414,0.009787343609660921,0.0004932951927185059,0.0021417832374572756,0.0003932782173556112,0.0009233628531608049,0.019764122292074544,0.03739593748665292,0.004546304936104027,0.007816104608350867
df2,0.28,1.0,0.0,0.0,1.28,0.0,1.0,"[1.48940867e-03 2.90339156e-02 2.90339156e-02 4.13232440e-01
 9.54673207e-02 1.39231997e-01 1.80967606e-02 6.12251659e-01
 2.41040115e-02 1.39231997e-01 3.77043497e-03 2.91764847e-01
 5.59675216e-01 1.03159376e-01 6.38312357e-02 1.97960446e-01
 1.49691056e-01 4.26159664e-04 1.49691056e-01 5.87165796e-02
 2.41482152e-01 6.38312357e-02 8.95145539e-03 3.80948244e-02
 2.91764847e-01 3.10075730e-01 2.11739817e-01 8.15145929e-02
 2.90339156e-02 2.38884447e-03 7.52091658e-02 3.49039701e-01
 1.10005675e-02 1.03159376e-01 2.26241661e-01 1.48741570e-02
 1.97960446e-01 9.54673207e-02 5.87165796e-02 3.48322136e-02
 1.20088801e-01 8.95145539e-03 4.95346404e-02 6.12251659e-01
 2.74233349e-01 1.39231997e-01 4.36093382e-01 1.20088801e-01
 2.90339156e-02 5.87165796e-02]","[9.92823487e-03 1.84885683e-01 1.39231997e-01 2.74233349e-01
 2.57475452e-01 5.85821277e-01 1.97960446e-01 5.33907283e-01
 3.69683622e-01 1.97960446e-01 1.64147482e-02 3.91087390e-01
 3.29168072e-01 5.59675216e-01 7.70029237e-01 3.49039701e-01
 1.72496272e-01 5.39576008e-02 1.03159376e-01 5.39576008e-02
 5.85821277e-01 5.08599525e-01 9.54673207e-02 3.49039701e-01
 8.63302804e-01 4.59637254e-01 1.20088801e-01 3.49039701e-01
 3.29168072e-01 1.67194217e-04 6.92127962e-01 8.15145929e-02
 1.29372179e-01 7.18514257e-01 1.49691056e-01 1.10005675e-02
 1.20088801e-01 2.11739817e-01 5.87165796e-02 2.74233349e-01
 4.83822766e-01 1.84885683e-01 1.29372179e-01 4.36093382e-01
 9.54673207e-02 5.39576008e-02 3.10075730e-01 1.72496272e-01
 6.93218252e-02 1.97960446e-01]","[1.48940867e-03 2.90339156e-02 2.90339156e-02 4.13232440e-01
 9.54673207e-02 1.39231997e-01 1.80967606e-02 6.12251659e-01
 2.41040115e-02 1.39231997e-01 3.77043497e-03 2.91764847e-01
 5.59675216e-01 1.03159376e-01 6.38312357e-02 1.97960446e-01
 1.49691056e-01 4.26159664e-04 1.49691056e-01 5.87165796e-02
 2.41482152e-01 6.38312357e-02 8.95145539e-03 3.80948244e-02
 2.91764847e-01 3.10075730e-01 2.11739817e-01 8.15145929e-02
 2.90339156e-02 2.38884447e-03 7.52091658e-02 3.49039701e-01
 1.10005675e-02 1.03159376e-01 2.26241661e-01 1.48741570e-02
 1.97960446e-01 9.54673207e-02 5.87165796e-02 3.48322136e-02
 1.20088801e-01 8.95145539e-03 4.95346404e-02 6.12251659e-01
 2.74233349e-01 1.39231997e-01 4.36093382e-01 1.20088801e-01
 2.90339156e-02 5.87165796e-02]","[9.92823487e-03 1.84885683e-01 1.39231997e-01 2.74233349e-01
 2.57475452e-01 5.85821277e-01 1.97960446e-01 5.33907283e-01
 3.69683622e-01 1.97960446e-01 1.64147482e-02 3.91087390e-01
 3.29168072e-01 5.59675216e-01 7.70029237e-01 3.49039701e-01
 1.72496272e-01 5.39576008e-02 1.03159376e-01 5.39576008e-02
 5.85821277e-01 5.08599525e-01 9.54673207e-02 3.49039701e-01
 8.63302804e-01 4.59637254e-01 1.20088801e-01 3.49039701e-01
 3.29168072e-01 1.67194217e-04 6.92127962e-01 8.15145929e-02
 1.29372179e-01 7.18514257e-01 1.49691056e-01 1.10005675e-02
 1.20088801e-01 2.11739817e-01 5.87165796e-02 2.74233349e-01
 4.83822766e-01 1.84885683e-01 1.29372179e-01 4.36093382e-01
 9.54673207e-02 5.39576008e-02 3.10075730e-01 1.72496272e-01
 6.93218252e-02 1.97960446e-01]","[0.00961655 0.03934896 0.01492788 0.25180184 0.06280768 0.06688543
 0.01971259 0.38395835 0.02169153 0.07824296 0.00270214 0.3529711
 0.43016084 0.06912141 0.06211676 0.10946947 0.12447758 0.00683038
 0.05618562 0.03478447 0.15911429 0.09870902 0.00493951 0.04942548
 0.22372288 0.29336924 0.14634612 0.12317671 0.0262749  0.00400581
 0.09874621 0.1977463  0.02375459 0.16888165 0.10307373 0.01541747
 0.13638459 0.03529444 0.01314384 0.0127034  0.04449388 0.00795056
 0.02059684 0.41750373 0.25719181 0.14243477 0.23356621 0.04261839
 0.01779272 0.05070656]","[0.016782   0.09740088 0.04314302 0.11696756 0.23852183 0.53473729
 0.11067867 0.46674658 0.34771032 0.0791933  0.01306087 0.35156007
 0.28461292 0.37991407 0.70002348 0.19322858 0.10371315 0.04821248
 0.11192229 0.03017589 0.34745461 0.39394073 0.11354627 0.35664623
 0.88914261 0.44859924 0.06743233 0.40866422 0.36202828 0.00165194
 0.63883499 0.11488531 0.07407395 0.64087663 0.11856262 0.01007208
 0.06329881 0.09283544 0.09714472 0.13557578 0.28162358 0.12481836
 0.06622478 0.35512204 0.05656831 0.04834456 0.31496592 0.14825108
 0.03929118 0.14449869]","[1.00000000e-05 1.64730462e-04 3.83035361e-05 9.24546790e-04
 1.08361229e-04 3.29402239e-04 1.00897901e-04 1.87437628e-03
 5.46976026e-05 1.94647316e-04 1.00000000e-05 1.45062753e-03
 2.50000000e-03 2.03779910e-04 5.11123336e-04 4.91391604e-04
 4.85628329e-04 1.00000000e-05 3.98347035e-04 1.30604096e-04
 7.52783395e-04 3.83979875e-04 1.31045985e-05 2.88319048e-04
 1.11160449e-03 2.50000000e-03 5.29050881e-04 5.06504145e-04
 6.19711519e-05 1.00000000e-05 4.30472399e-04 3.10764686e-04
 3.46022899e-05 3.50734743e-04 4.19749769e-04 4.18172049e-05
 4.88914278e-04 9.16404891e-05 2.67280351e-05 1.86968099e-05
 1.18465397e-04 1.10259766e-05 3.89153521e-05 2.03317650e-03
 7.45424505e-04 2.99488641e-04 1.06956597e-03 1.17680198e-04
 2.31631715e-05 3.25126088e-04]","[1.94093567e-05 6.73896311e-04 1.70478560e-04 5.07618857e-04
 1.00737650e-03 2.50000000e-03 1.02368591e-03 2.50000000e-03
 1.02110783e-03 4.69466475e-04 2.83846105e-05 1.50368571e-03
 2.50000000e-03 2.50000000e-03 2.50000000e-03 1.30523539e-03
 3.51754301e-04 8.65637792e-05 6.42559207e-04 1.06456476e-04
 2.50000000e-03 1.91544342e-03 4.00234491e-04 2.50000000e-03
 2.50000000e-03 2.50000000e-03 4.76189201e-04 2.50000000e-03
 1.30728192e-03 1.00000000e-05 2.50000000e-03 3.38381043e-04
 3.38889936e-04 2.50000000e-03 6.68487750e-04 4.24877882e-05
 2.48836591e-04 3.35687098e-04 4.22572895e-04 3.26626128e-04
 1.45200672e-03 2.98711724e-04 1.29430629e-04 2.50000000e-03
 2.53956990e-04 8.36956708e-05 1.57376920e-03 4.68496600e-04
 9.50640097e-05 9.35080158e-04]","[0.03543331 0.05137155 0.05265014 0.04445072 0.05011633 0.02358732
 0.04334641 0.05145985 0.05838379 0.04643201 0.04852973 0.0410451
 0.04242208 0.04529157 0.03120652 0.05728811 0.0550278  0.03794472
 0.05289223 0.04598093 0.04528248 0.05259733 0.03569928 0.03625597
 0.04266004 0.05472464 0.0538133  0.03833328 0.04792663 0.06841307
 0.05084826 0.04688634 0.04991252 0.04980627 0.03892334 0.05570849
 0.04545865 0.06860464 0.0409477  0.05200674 0.0454506  0.04342701
 0.06036276 0.04379122 0.06184034 0.04604511 0.02972918 0.03702284
 0.05062269 0.03567098]","[0.05718189 0.04860955 0.07476118 0.06172093 0.05934462 0.0438277
 0.0622606  0.07206299 0.06583216 0.06385313 0.06011115 0.05901446
 0.06216715 0.063182   0.04087876 0.0741036  0.07492014 0.06508118
 0.06107403 0.06529522 0.06305417 0.05354289 0.04990406 0.05157916
 0.05473684 0.06991408 0.06447799 0.05038055 0.0516959  0.0987677
 0.06162641 0.06593282 0.0569455  0.0701413  0.068831   0.0752657
 0.07003859 0.06728709 0.05972486 0.06368229 0.05831512 0.04913998
 0.07040022 0.06797161 0.07155781 0.06844017 0.05835705 0.04725482
 0.05664092 0.05235692]","[1.28629339e-02 5.00595910e-05 2.93640500e-05 7.15475527e-04
 8.34407814e-05 2.12406618e-01 1.05552524e-03 4.82693833e-05
 2.28461648e-06 3.47505678e-04 1.56312382e-04 2.30008878e-03
 1.45062528e-03 5.28639688e-04 3.98167025e-02 3.79842495e-06
 1.05158957e-05 6.14221503e-03 2.65039413e-05 4.10741329e-04
 5.30388306e-04 3.00260503e-05 1.19229285e-02 1.01532141e-02
 1.33749044e-03 1.20172612e-05 1.78694076e-05 5.45377857e-03
 1.97386818e-04 1.39003049e-08 6.20382094e-05 2.93166828e-04
 9.05501536e-05 9.44808620e-05 4.54246340e-03 7.77214175e-06
 4.97451317e-04 1.25106929e-08 2.37495873e-03 3.84688150e-05
 4.98913052e-04 1.02632898e-03 8.90047032e-07 9.03562322e-04
 4.31342769e-07 4.01126617e-04 5.71373424e-02 8.10422702e-03
 6.80029756e-05 1.20199126e-02]","[3.98829064e-06 1.51525865e-04 3.62109974e-10 4.57647115e-07
 1.45127215e-06 8.92054350e-04 3.49908022e-07 1.77584170e-09
 5.58220646e-08 1.56320988e-07 1.00513132e-06 1.69757018e-06
 3.66616707e-07 2.20073846e-07 2.42930578e-03 5.36396381e-10
 3.29125149e-10 8.28168756e-08 6.29401483e-07 7.40446506e-08
 2.34792870e-07 2.00760550e-05 9.08573173e-05 4.59470663e-05
 1.19530846e-05 6.04182143e-09 1.13316331e-07 7.50114327e-05
 4.37780474e-05 1.95451076e-17 4.79559004e-07 5.29291810e-08
 4.44410546e-06 5.31744286e-09 1.10423737e-08 2.67232105e-10
 5.63375086e-09 2.56625699e-08 1.21024289e-06 1.70600872e-07
 2.35924561e-06 1.23076766e-04 4.59496895e-09 1.76991080e-08
 2.37611445e-09 1.36949558e-08 2.31340451e-06 2.55090628e-04
 5.10565806e-06 3.32238548e-05]","[ 8.18371773e-04  8.28862190e-04  9.01341438e-04  7.39693642e-04
  4.92095947e-04 -2.88486481e-05  5.44905663e-04  2.98142433e-04
  6.09040260e-04  5.11407852e-04  6.21318817e-04 -8.15391541e-05
  2.12669373e-04  7.85589218e-04  1.76191330e-04  3.85880470e-04
  1.61981583e-03  5.46813011e-04  1.41382217e-04  6.56485558e-04
  1.16610527e-03  3.72052193e-04 -7.18832016e-05  2.77161598e-04
  2.26259232e-04  7.39932060e-04  2.72393227e-04  1.64508820e-05
  1.69873238e-04  2.72440910e-03  1.85728073e-04  6.36696815e-04
  4.34637070e-04  4.38213348e-04  4.96268272e-04  1.34634972e-03
  3.88979912e-04  1.62029266e-03  1.68085098e-04  2.26187706e-03
  4.61220741e-04  5.61475754e-04  1.08110905e-03  4.83036041e-04
  9.01818275e-04  6.04987144e-04  2.57849693e-04  1.31964684e-04
  6.81757927e-04  3.24726105e-04]","[0.00232601 0.0010004  0.00345016 0.00213325 0.00141048 0.00035059
 0.00262344 0.00162506 0.00226569 0.00185716 0.00216317 0.00100195
 0.00173485 0.00232708 0.00076461 0.00205791 0.00438082 0.00238228
 0.00075424 0.00319803 0.00348949 0.00095296 0.0010196  0.00122821
 0.00111926 0.00223947 0.00140333 0.00152254 0.00094318 0.00707543
 0.00093794 0.00274777 0.00200903 0.00288093 0.00296867 0.00481462
 0.00139868 0.00354922 0.00113761 0.00524473 0.0013237  0.0006876
 0.00345218 0.00329304 0.00337338 0.00373197 0.00185573 0.00077295
 0.0014528  0.00168538]","[0.02295748 0.0238909  0.02454634 0.0208821  0.01954638 0.01260606
 0.02221767 0.01970082 0.02082717 0.0189604  0.02199981 0.01150779
 0.01652864 0.02148753 0.01694162 0.01823879 0.02985563 0.02196351
 0.01668625 0.02214102 0.02690752 0.01852381 0.01323919 0.01706941
 0.01663365 0.02244977 0.01614346 0.01472832 0.01523984 0.04083176
 0.01642827 0.02287121 0.01866253 0.0185861  0.02061717 0.02669377
 0.01934115 0.02854049 0.01704207 0.03845381 0.01988313 0.02140696
 0.02634684 0.02106849 0.02484534 0.02042419 0.01676384 0.01562996
 0.02205407 0.01850343]","[0.03551529 0.02310524 0.04757329 0.03156816 0.02960276 0.0170487
 0.04036633 0.03383092 0.04066492 0.03457901 0.04015548 0.02891795
 0.03486897 0.0397503  0.02484218 0.03835635 0.05479759 0.03772565
 0.02416214 0.04223198 0.04585133 0.02681097 0.02764731 0.02985028
 0.02916174 0.0355782  0.03022865 0.03513479 0.0273764  0.06699652
 0.02645708 0.04119568 0.03619006 0.04408553 0.04167028 0.05590088
 0.02663935 0.04648146 0.03023967 0.05858149 0.03010231 0.0220066
 0.04778482 0.04572361 0.04683001 0.04903637 0.03487018 0.02466684
 0.03155402 0.03467324]",0.14746926025990942,0.2758171403461878,0.1593804535677781,0.21856126403135906,0.10733798365569887,0.22446561085609912,0.1146934056685328,0.2063416913132148,0.00046289870570088645,0.0010707801850491294,0.0006207228703130424,0.0009612682213645308,0.046872638416290295,0.062064918661117546,0.009164122487988868,0.009958894441064911,0.0006027889251708985,0.0022023725509643555,0.0005474905280269309,0.001337773301188141,0.020788309250441242,0.03657977766559213,0.005554652534230856,0.010260899496357462
df2,0.32,1.0,0.0,0.0,1.32,0.0,1.0,"[7.20954134e-05 2.64676308e-02 3.18171260e-02 3.73964604e-04
 1.21765095e-02 1.32017364e-03 1.80967606e-02 3.48322136e-02
 3.18171260e-02 1.80967606e-02 3.36894521e-03 2.90339156e-02
 8.31541824e-05 1.03159376e-01 2.68158880e-03 3.18171260e-02
 1.48940867e-03 5.39576008e-02 8.82599083e-02 2.64676308e-02
 6.24445815e-05 2.41040115e-02 8.95145539e-03 1.99311438e-02
 8.06268875e-03 3.80948244e-02 3.48322136e-02 1.21765095e-02
 4.54286666e-02 1.60771824e-01 1.21765095e-02 2.64676308e-02
 1.67865304e-03 4.21554189e-03 1.72496272e-01 2.11739817e-01
 4.54286666e-02 2.41040115e-02 1.64147482e-02 1.10005675e-02
 3.48322136e-02 1.89004559e-03 1.72496272e-01 1.20088801e-01
 4.70847031e-03 6.52148041e-03 2.51182002e-04 8.06268875e-03
 7.52091658e-02 3.18171260e-02]","[1.34646549e-02 6.93218252e-02 1.80967606e-02 1.21765095e-02
 1.80967606e-02 2.57475452e-01 5.08599525e-01 1.49691056e-01
 1.60771824e-01 5.39576008e-02 5.87165796e-02 6.38312357e-02
 4.03308445e-05 1.60771824e-01 2.91764847e-01 1.60771824e-01
 2.64676308e-02 1.64147482e-02 1.20088801e-01 1.49691056e-01
 6.26876255e-04 3.18171260e-02 2.90339156e-02 2.11739817e-01
 7.52091658e-02 6.93218252e-02 3.10075730e-01 1.34646549e-02
 8.15145929e-02 1.49691056e-01 9.92823487e-03 1.11358879e-01
 5.25376643e-03 1.21765095e-02 8.15145929e-02 1.29372179e-01
 2.51182002e-04 4.36093382e-01 1.67865304e-03 5.85633896e-03
 1.39231997e-01 1.26822204e-04 1.03159376e-01 2.64676308e-02
 2.64676308e-02 5.25376643e-03 7.25488863e-03 2.41040115e-02
 2.26241661e-01 8.95145539e-03]","[7.20954134e-05 2.64676308e-02 3.18171260e-02 3.73964604e-04
 1.21765095e-02 1.32017364e-03 1.80967606e-02 3.48322136e-02
 3.18171260e-02 1.80967606e-02 3.36894521e-03 2.90339156e-02
 8.31541824e-05 1.03159376e-01 2.68158880e-03 3.18171260e-02
 1.48940867e-03 5.39576008e-02 8.82599083e-02 2.64676308e-02
 6.24445815e-05 2.41040115e-02 8.95145539e-03 1.99311438e-02
 8.06268875e-03 3.80948244e-02 3.48322136e-02 1.21765095e-02
 4.54286666e-02 1.60771824e-01 1.21765095e-02 2.64676308e-02
 1.67865304e-03 4.21554189e-03 1.72496272e-01 2.11739817e-01
 4.54286666e-02 2.41040115e-02 1.64147482e-02 1.10005675e-02
 3.48322136e-02 1.89004559e-03 1.72496272e-01 1.20088801e-01
 4.70847031e-03 6.52148041e-03 2.51182002e-04 8.06268875e-03
 7.52091658e-02 3.18171260e-02]","[1.34646549e-02 6.93218252e-02 1.80967606e-02 1.21765095e-02
 1.80967606e-02 2.57475452e-01 5.08599525e-01 1.49691056e-01
 1.60771824e-01 5.39576008e-02 5.87165796e-02 6.38312357e-02
 4.03308445e-05 1.60771824e-01 2.91764847e-01 1.60771824e-01
 2.64676308e-02 1.64147482e-02 1.20088801e-01 1.49691056e-01
 6.26876255e-04 3.18171260e-02 2.90339156e-02 2.11739817e-01
 7.52091658e-02 6.93218252e-02 3.10075730e-01 1.34646549e-02
 8.15145929e-02 1.49691056e-01 9.92823487e-03 1.11358879e-01
 5.25376643e-03 1.21765095e-02 8.15145929e-02 1.29372179e-01
 2.51182002e-04 4.36093382e-01 1.67865304e-03 5.85633896e-03
 1.39231997e-01 1.26822204e-04 1.03159376e-01 2.64676308e-02
 2.64676308e-02 5.25376643e-03 7.25488863e-03 2.41040115e-02
 2.26241661e-01 8.95145539e-03]","[0.00065321 0.01087672 0.02518793 0.00018973 0.02045756 0.00926777
 0.00842041 0.01434499 0.02890546 0.01141559 0.00361581 0.01170985
 0.00021646 0.04026984 0.00743331 0.01923492 0.00545887 0.0463298
 0.06620423 0.01741563 0.00018544 0.01139224 0.00465753 0.01115657
 0.00293817 0.04576441 0.04902478 0.00591268 0.01946135 0.09720707
 0.004363   0.03119665 0.00213915 0.00731882 0.04065081 0.07053431
 0.02438096 0.0383079  0.03347309 0.00515868 0.06569114 0.00307569
 0.08574409 0.05397509 0.00243767 0.00337042 0.00041129 0.00748176
 0.03123211 0.06332783]","[0.01172842 0.08617204 0.02017833 0.00875053 0.01342492 0.1091283
 0.22294854 0.09383566 0.07114204 0.09332386 0.02298518 0.02205781
 0.0002517  0.11141637 0.09499701 0.08320313 0.03182562 0.01240853
 0.091584   0.03797026 0.00062107 0.01981597 0.01254547 0.10590643
 0.05703858 0.06567194 0.24925188 0.01151961 0.05786439 0.14724542
 0.00203854 0.05845939 0.00457346 0.01608384 0.06640742 0.05538689
 0.00050172 0.15511518 0.00357681 0.00559872 0.09799943 0.00025914
 0.1704946  0.04997262 0.01682896 0.00365058 0.00305426 0.03648344
 0.18092863 0.06051665]","[1.00000000e-05 1.00000000e-05 4.85820940e-05 1.00000000e-05
 3.10099806e-05 1.67341429e-05 2.28471420e-05 4.29327894e-05
 7.59836748e-05 1.14058263e-05 1.00000000e-05 1.60843483e-05
 1.00000000e-05 6.03692464e-05 1.04191211e-05 2.62897637e-05
 1.00000000e-05 6.02716563e-05 2.07206069e-04 8.75189389e-05
 1.00000000e-05 1.04951062e-05 1.00000000e-05 1.46902159e-05
 1.00000000e-05 1.13503327e-04 8.87789343e-05 1.00000000e-05
 2.56017965e-05 3.40816608e-04 1.00000000e-05 4.78645576e-05
 1.00000000e-05 1.00000000e-05 7.46678547e-05 2.18252756e-04
 9.23160211e-05 6.27131380e-05 3.14726609e-05 1.00000000e-05
 7.30586535e-05 1.00000000e-05 4.11961627e-04 6.56117912e-05
 1.00000000e-05 1.00000000e-05 1.00000000e-05 1.00000000e-05
 6.50362702e-05 1.13802320e-04]","[3.65901642e-05 2.00382258e-04 9.38437570e-05 1.21333725e-05
 4.12439721e-05 3.56002854e-04 1.19656157e-03 2.96134537e-04
 3.07483473e-04 2.64812262e-04 1.15532196e-04 2.74347455e-05
 1.00000000e-05 4.18764908e-04 3.88181631e-04 3.24867476e-04
 7.23039511e-05 2.68390129e-05 2.22092534e-04 2.05414816e-04
 1.00000000e-05 2.16617836e-05 2.14954332e-05 2.43384075e-04
 8.42974731e-05 1.17020628e-04 1.46836045e-03 1.99239887e-05
 1.58983475e-04 9.67491143e-04 1.00000000e-05 2.58009376e-04
 1.11849582e-05 5.15451430e-05 1.40434066e-04 2.65290219e-04
 1.00000000e-05 5.17771161e-04 1.00000000e-05 1.00000000e-05
 1.78958638e-04 1.00000000e-05 9.71628888e-04 7.75955702e-05
 6.19226478e-05 1.83626664e-05 1.00000000e-05 9.65475819e-05
 4.87257065e-04 8.63791752e-05]","[0.06954434 0.07154987 0.05395154 0.04265447 0.06240896 0.03934313
 0.04576724 0.05462792 0.05401693 0.0612854  0.06781193 0.03481578
 0.07057351 0.063633   0.03835313 0.04212022 0.05769792 0.06119114
 0.05586437 0.05564935 0.08392943 0.03590935 0.06230453 0.06232463
 0.05779756 0.04486443 0.05558475 0.03967685 0.05274267 0.04890844
 0.0475183  0.06222293 0.06491912 0.05920978 0.05123239 0.05946652
 0.06479421 0.0516705  0.04675084 0.0546612  0.04865933 0.05952438
 0.04519026 0.04866892 0.06471954 0.05883807 0.06058202 0.05947838
 0.04231107 0.06370158]","[0.08425454 0.08641376 0.07043886 0.0584874  0.08254716 0.05038192
 0.05064862 0.05888621 0.06491594 0.0718516  0.08327431 0.05971159
 0.09348856 0.07143267 0.05059609 0.06025897 0.07217676 0.08078578
 0.07247047 0.05693373 0.08590537 0.05948346 0.06672745 0.07415515
 0.0590373  0.06930466 0.06187381 0.05614043 0.0640934  0.0618962
 0.06567063 0.07240056 0.08150158 0.07549644 0.06342187 0.07476002
 0.0881731  0.06161843 0.0690081  0.06440417 0.06660404 0.08037044
 0.06051649 0.06986702 0.07230506 0.08020256 0.06774779 0.06990709
 0.05336079 0.07028578]","[7.43075739e-09 2.38696819e-09 1.68329343e-05 1.34004213e-03
 3.24883961e-07 3.98162598e-03 4.44341249e-04 1.25380394e-05
 1.63629397e-05 5.67371963e-07 1.93079842e-08 1.53077839e-02
 4.16585430e-09 1.74950552e-07 5.42057462e-03 1.60695893e-03
 3.14423251e-06 5.94268351e-07 7.24844425e-06 7.98019915e-06
 1.05165266e-12 1.12247603e-02 3.42309480e-07 3.38887657e-07
 3.00238703e-06 6.16928402e-04 8.21354465e-06 3.58201241e-03
 2.82376924e-05 1.34808908e-04 2.30780858e-04 3.56552471e-07
 9.01218793e-08 1.54738100e-06 5.30100370e-05 1.36935576e-06
 9.61751551e-08 4.42416057e-05 3.08471189e-04 1.23564740e-05
 1.48612090e-04 1.33205701e-06 5.48436334e-04 1.48056553e-04
 9.99803707e-08 1.84519662e-06 8.00223971e-07 1.36163139e-06
 1.50639415e-03 1.68927182e-07]","[8.44313799e-13 1.92173296e-13 4.49568586e-09 2.17629817e-06
 2.64984660e-12 7.49701029e-05 6.72906711e-05 1.80372213e-06
 9.02711835e-08 2.00645759e-09 1.63276713e-12 1.21795893e-06
 1.15565796e-15 2.55302075e-09 6.87413641e-05 9.35890432e-07
 1.66264847e-09 8.41275053e-12 1.40199808e-09 4.46805605e-06
 2.73221801e-13 1.35832968e-06 3.46734957e-08 5.20189695e-10
 1.67930358e-06 8.49248748e-09 4.24238214e-07 6.40296858e-06
 1.38182219e-07 4.19545997e-07 6.07883722e-08 1.46016439e-09
 5.27667084e-12 2.32403174e-10 1.94829205e-07 3.62361316e-10
 5.59541943e-14 4.81454488e-07 1.00119519e-08 1.17725287e-07
 3.70400293e-08 1.10068191e-11 8.26107892e-07 6.20341768e-09
 1.54343888e-09 1.22650689e-11 1.99934926e-08 6.06555513e-09
 2.17063812e-05 4.90165928e-09]","[ 1.94633007e-03  2.11536884e-03  1.23524666e-03  7.72595406e-04
  9.03487206e-04  6.08682632e-04  1.04880333e-03  5.51700592e-04
  7.05718994e-04  8.44001770e-04  1.98543072e-03  1.04904175e-05
  2.86817551e-03  4.06622887e-04  8.54730606e-05  6.58631325e-04
  3.58462334e-04  1.97243690e-03  1.43945217e-03  9.84430313e-04
  2.42424011e-03  4.19616699e-04  9.99093056e-04  9.58323479e-04
  1.41775608e-03  5.65409660e-04  1.54471397e-03  3.26037407e-04
  8.38518143e-04  1.00731850e-04  4.84108925e-04  9.73939896e-05
  1.38247013e-03  6.72817230e-04  1.53660774e-04  1.75964832e-03
  1.18100643e-03  8.80360603e-04  1.35540962e-04  8.24809074e-04
  4.78267670e-04  1.23679638e-03 -5.35249710e-05  8.25405121e-04
  3.99470329e-04  2.43830681e-03  8.31961632e-04  7.37905502e-04
  4.12702560e-04  1.27124786e-03]","[0.00358653 0.00502527 0.00291896 0.00163782 0.00353312 0.00197089
 0.00098705 0.0011971  0.00286794 0.00279546 0.00580275 0.00071204
 0.00655043 0.00173581 0.00130713 0.00251949 0.00219643 0.00579655
 0.00552654 0.00181663 0.00561714 0.00075173 0.00167024 0.0025146
 0.00268352 0.00299621 0.0028125  0.00085485 0.00270867 0.00103498
 0.00239789 0.00156963 0.00459731 0.00336325 0.00163198 0.00495613
 0.00380266 0.00341332 0.0026741  0.002918   0.0025717  0.00529194
 0.0009464  0.00323546 0.00228512 0.00679839 0.00212693 0.00161397
 0.00211799 0.00339389]","[0.03088471 0.03343089 0.02797375 0.02263653 0.02454349 0.02330654
 0.02652257 0.02025485 0.02256273 0.02261335 0.03272001 0.01450457
 0.04017748 0.01788753 0.01697424 0.02063475 0.01738106 0.03075508
 0.02798614 0.02334299 0.04068388 0.01863468 0.0241343  0.02254091
 0.02908532 0.02104428 0.02806982 0.01723852 0.02345866 0.01620959
 0.01908374 0.01376461 0.02794838 0.0215353  0.01408657 0.03005762
 0.02471912 0.02413385 0.01462834 0.02316598 0.0195661  0.02829284
 0.01274411 0.02145769 0.0190354  0.03436596 0.02148308 0.02282078
 0.01945728 0.02813948]","[0.04192852 0.05202471 0.03835507 0.03091972 0.04414781 0.0347865
 0.02464069 0.02830699 0.04600705 0.04269996 0.06160922 0.02381016
 0.06357176 0.03578847 0.03124538 0.03807336 0.03996217 0.05978307
 0.05988532 0.03601605 0.06156284 0.02097767 0.0325121  0.03961695
 0.03962981 0.0419397  0.03997808 0.02361883 0.04039454 0.02808548
 0.03845424 0.03364304 0.05494848 0.04883257 0.03452007 0.05410702
 0.04828956 0.04752011 0.04335992 0.0430116  0.04071541 0.05920281
 0.02807795 0.04428029 0.03739025 0.06331916 0.03573516 0.03068549
 0.03786808 0.04748023]",0.0369880932145695,0.09286897123674068,0.05005911709499988,0.1129378012086725,0.023391575846929344,0.05909486587658994,0.024487935681881175,0.06048935613374636,5.51659686405776e-05,0.00022024250193550666,8.130565138771332e-05,0.00031455877804098173,0.055220442898273464,0.0689238833808899,0.01026662535241463,0.010477610219099048,0.0009449267387390137,0.0029166889190673827,0.0006858591864258698,0.0015900193072284246,0.02357358889262157,0.041466388410447044,0.0063766072082503695,0.011096862877539155
df2,0.36,1.0,0.0,0.0,1.3599999999999999,0.0,1.0,"[1.39231997e-01 8.15145929e-02 3.18171260e-02 2.26241661e-01
 2.57475452e-01 8.82599083e-02 8.95145539e-03 7.11507895e-04
 1.03408932e-03 1.34646549e-02 4.70847031e-03 1.03159376e-01
 5.39576008e-02 2.90339156e-02 7.25488863e-03 4.03308445e-05
 6.38312357e-02 6.93218252e-02 3.80948244e-02 2.90339156e-02
 2.19294824e-02 4.16212987e-02 2.19294824e-02 1.48741570e-02
 1.67865304e-03 2.26241661e-01 1.20088801e-01 4.95346404e-02
 1.45688880e-04 2.64676308e-02 1.48741570e-02 3.47919250e-05
 2.90339156e-02 3.27832948e-04 1.11358879e-01 1.67865304e-03
 2.41040115e-02 1.64147482e-02 5.51757155e-04 8.82599083e-02
 6.52148041e-03 3.80948244e-02 5.85633896e-03 3.95729931e-06
 7.25488863e-03 4.21554189e-03 4.95346404e-02 2.38884447e-03
 1.64147482e-02 1.48741570e-02]","[6.92127962e-01 2.57475452e-01 2.11739817e-01 6.92127962e-01
 4.83822766e-01 1.97960446e-01 2.57475452e-01 5.39576008e-02
 1.10005675e-02 3.00718998e-03 7.52091658e-02 3.49039701e-01
 1.39231997e-01 4.70847031e-03 3.36894521e-03 4.65235514e-06
 3.48322136e-02 1.60771824e-01 4.54286666e-02 3.48322136e-02
 8.15145929e-02 1.03159376e-01 1.64147482e-02 3.77043497e-03
 9.92823487e-03 6.38860419e-01 4.83822766e-01 2.11739817e-01
 8.06755085e-04 3.36894521e-03 7.11507895e-04 1.26822204e-04
 2.11739817e-01 1.03408932e-03 4.13232440e-01 1.64147482e-02
 1.89004559e-03 5.87165796e-02 1.32017364e-03 6.92127962e-01
 3.77043497e-03 1.84885683e-01 4.16212987e-02 2.05084189e-06
 9.54673207e-02 2.68158880e-03 9.13835051e-04 4.95346404e-02
 1.99311438e-02 1.29372179e-01]","[1.39231997e-01 8.15145929e-02 3.18171260e-02 2.26241661e-01
 2.57475452e-01 8.82599083e-02 8.95145539e-03 7.11507895e-04
 1.03408932e-03 1.34646549e-02 4.70847031e-03 1.03159376e-01
 5.39576008e-02 2.90339156e-02 7.25488863e-03 4.03308445e-05
 6.38312357e-02 6.93218252e-02 3.80948244e-02 2.90339156e-02
 2.19294824e-02 4.16212987e-02 2.19294824e-02 1.48741570e-02
 1.67865304e-03 2.26241661e-01 1.20088801e-01 4.95346404e-02
 1.45688880e-04 2.64676308e-02 1.48741570e-02 3.47919250e-05
 2.90339156e-02 3.27832948e-04 1.11358879e-01 1.67865304e-03
 2.41040115e-02 1.64147482e-02 5.51757155e-04 8.82599083e-02
 6.52148041e-03 3.80948244e-02 5.85633896e-03 3.95729931e-06
 7.25488863e-03 4.21554189e-03 4.95346404e-02 2.38884447e-03
 1.64147482e-02 1.48741570e-02]","[6.92127962e-01 2.57475452e-01 2.11739817e-01 6.92127962e-01
 4.83822766e-01 1.97960446e-01 2.57475452e-01 5.39576008e-02
 1.10005675e-02 3.00718998e-03 7.52091658e-02 3.49039701e-01
 1.39231997e-01 4.70847031e-03 3.36894521e-03 4.65235514e-06
 3.48322136e-02 1.60771824e-01 4.54286666e-02 3.48322136e-02
 8.15145929e-02 1.03159376e-01 1.64147482e-02 3.77043497e-03
 9.92823487e-03 6.38860419e-01 4.83822766e-01 2.11739817e-01
 8.06755085e-04 3.36894521e-03 7.11507895e-04 1.26822204e-04
 2.11739817e-01 1.03408932e-03 4.13232440e-01 1.64147482e-02
 1.89004559e-03 5.87165796e-02 1.32017364e-03 6.92127962e-01
 3.77043497e-03 1.84885683e-01 4.16212987e-02 2.05084189e-06
 9.54673207e-02 2.68158880e-03 9.13835051e-04 4.95346404e-02
 1.99311438e-02 1.29372179e-01]","[9.54054359e-02 2.53149155e-02 1.92617569e-02 1.12492863e-01
 1.50288204e-01 7.13306310e-02 1.05570957e-02 2.20579988e-03
 2.02930504e-03 1.96220864e-02 4.26596668e-03 3.78428550e-02
 1.90883654e-02 1.90822617e-02 2.49313255e-03 1.85947671e-04
 3.05684610e-02 3.17287797e-02 3.16492448e-02 8.60037219e-03
 1.41771355e-02 1.44696874e-02 2.01915004e-02 3.92418599e-02
 3.03227032e-03 1.06582304e-01 4.50157760e-02 3.10720074e-02
 1.00953607e-03 1.01763469e-02 6.51753622e-03 5.13268179e-04
 1.23451515e-02 6.48925088e-04 6.83818638e-02 4.17284733e-03
 4.92177059e-03 8.21263353e-03 7.70510574e-04 1.06986071e-01
 4.32416898e-03 2.68017886e-02 4.61818944e-03 3.65426397e-05
 3.72259300e-03 8.54827180e-03 2.55806109e-02 1.88276194e-03
 2.95858134e-02 2.56314030e-02]","[7.07424375e-01 7.00422660e-02 8.36780506e-02 4.69206589e-01
 3.04743697e-01 2.21187829e-01 1.42480255e-01 1.11936446e-01
 2.21448543e-02 3.78885285e-03 1.30441037e-01 2.81251933e-01
 4.95098555e-02 1.89964566e-02 4.63776524e-03 1.58732258e-05
 1.33577215e-02 9.17736558e-02 8.30950641e-02 1.27403435e-02
 7.51239385e-02 1.17388362e-01 2.20984045e-02 1.12100670e-03
 9.44071488e-03 4.30191531e-01 5.15031904e-01 1.46180299e-01
 2.03878947e-03 3.79527434e-03 8.64263554e-03 2.58408912e-04
 5.99260097e-02 1.86816206e-04 3.47489282e-01 7.08775251e-03
 5.86505327e-03 6.90976133e-02 5.51347322e-04 5.13091790e-01
 1.56573004e-03 1.16596356e-01 5.84373028e-02 3.30635876e-06
 9.01835875e-02 6.46082456e-03 6.51426726e-03 1.76721769e-02
 1.75622420e-02 7.87560821e-02]","[4.26861278e-04 5.30502387e-05 3.86273338e-05 2.64395529e-04
 3.97272006e-04 9.94541365e-05 1.13385685e-05 1.00000000e-05
 1.00000000e-05 1.14936845e-05 1.00000000e-05 7.83594736e-05
 1.79295038e-05 3.80651356e-05 1.00000000e-05 1.00000000e-05
 5.45874866e-05 9.22634953e-05 5.13630634e-05 1.00000000e-05
 1.37492264e-05 2.79765785e-05 2.20545058e-05 5.10619540e-05
 1.00000000e-05 3.11942625e-04 9.16021096e-05 6.46713750e-05
 1.00000000e-05 1.00000000e-05 1.00000000e-05 1.00000000e-05
 1.28876897e-05 1.00000000e-05 6.80092625e-05 1.00000000e-05
 1.00000000e-05 1.00000000e-05 1.00000000e-05 3.86635102e-04
 1.00000000e-05 5.09981415e-05 1.00000000e-05 1.00000000e-05
 1.00000000e-05 1.00000000e-05 5.88479993e-05 1.00000000e-05
 4.47696809e-05 5.08088902e-05]","[2.50000000e-03 2.38008122e-04 3.43942563e-04 2.41499212e-03
 1.54836906e-03 5.86927225e-04 4.10141670e-04 2.66211410e-04
 2.67194400e-05 1.00000000e-05 3.82916348e-04 1.26223398e-03
 1.07897686e-04 5.27218929e-05 1.13274621e-05 1.00000000e-05
 4.56835364e-05 2.88756023e-04 1.60220022e-04 1.25470687e-05
 3.07238510e-04 3.80960373e-04 5.90589648e-05 1.00000000e-05
 1.00000000e-05 2.05749284e-03 2.11474590e-03 6.94452567e-04
 1.00000000e-05 1.00000000e-05 1.00000000e-05 1.00000000e-05
 1.12369388e-04 1.00000000e-05 9.37772970e-04 3.53404480e-05
 1.00000000e-05 1.42176435e-04 1.00000000e-05 2.50000000e-03
 1.00000000e-05 5.98171105e-04 1.65203080e-04 1.00000000e-05
 1.27392754e-04 1.00000000e-05 1.57837394e-05 1.26497639e-05
 4.61455771e-05 2.37700858e-04]","[0.05782653 0.05307164 0.06681281 0.03996051 0.03919449 0.05506245
 0.04524643 0.05429044 0.04299171 0.05747276 0.04855977 0.04671981
 0.0501729  0.03919113 0.06059834 0.07229628 0.05463065 0.04720806
 0.05527472 0.04162336 0.06565917 0.06137836 0.05509618 0.05830861
 0.05242708 0.03261667 0.04608086 0.06117189 0.06390541 0.06244988
 0.04656002 0.0753184  0.05799408 0.07587455 0.04246074 0.06401445
 0.05170093 0.05377769 0.06414896 0.04125172 0.07122654 0.05863564
 0.06154357 0.08224376 0.06713715 0.07463184 0.04848479 0.04891803
 0.06297768 0.04506934]","[0.06381417 0.0682275  0.07079036 0.05010519 0.05613626 0.06957422
 0.05779479 0.06286475 0.06086328 0.07215524 0.06412829 0.07415481
 0.07104092 0.05473487 0.07245032 0.08877072 0.07408195 0.05485601
 0.07446695 0.05715033 0.07462312 0.06439015 0.07226349 0.08278822
 0.07030958 0.04550898 0.05889924 0.07328426 0.0762273  0.08378654
 0.06143633 0.0887257  0.06732502 0.0883814  0.05596239 0.07352015
 0.07189168 0.06030427 0.08360961 0.05580895 0.08071104 0.07292041
 0.06531589 0.09443344 0.06235032 0.09497897 0.07522603 0.06390542
 0.07369473 0.06922443]","[2.96230947e-06 2.45581314e-05 3.31232876e-08 3.27174455e-03
 4.17248622e-03 1.03562459e-05 5.37376240e-04 1.45298370e-05
 1.19346605e-03 3.48890043e-06 1.54494071e-04 3.12079608e-04
 8.15636104e-05 4.17690652e-03 7.93902893e-07 1.55132235e-09
 1.25230827e-05 2.59649964e-04 9.42762487e-06 1.89880166e-03
 6.11566696e-08 5.42003212e-07 1.02030299e-05 2.36644721e-06
 3.22585338e-05 2.77497268e-02 3.95862551e-04 5.99908797e-07
 1.52187073e-07 3.18291254e-07 3.31304293e-04 2.58852619e-10
 2.74045844e-06 1.84698518e-10 1.43165890e-03 1.43904698e-07
 4.36869592e-05 1.81460788e-05 1.34288045e-07 2.14845709e-03
 2.87282233e-09 2.02988457e-06 4.99596788e-07 3.23906082e-12
 2.78243401e-08 3.91313275e-10 1.59069676e-04 1.34302771e-04
 2.44051507e-07 5.72976512e-04]","[1.59471324e-07 1.53891576e-08 3.68363184e-09 8.38154718e-05
 6.41501678e-06 7.30784669e-09 3.00624697e-06 2.58369742e-07
 6.97751718e-07 1.68350259e-09 1.35723699e-07 5.20295432e-10
 3.19401175e-09 1.19634451e-05 1.41852461e-09 3.65879526e-14
 5.43347610e-10 1.13430242e-05 4.31896887e-10 4.04641838e-06
 3.93362912e-10 1.18581297e-07 1.58111733e-09 2.25793998e-12
 4.83627043e-09 4.88399903e-04 1.79265159e-06 8.70949331e-10
 1.48909550e-10 1.15790717e-12 5.26740513e-07 3.77815628e-14
 2.51422353e-08 4.82693480e-14 6.93666518e-06 7.57927999e-10
 1.96059041e-09 9.15606383e-07 1.30416217e-12 7.43062972e-06
 8.83054246e-12 1.07824970e-09 7.32469593e-08 5.66118147e-16
 3.34559510e-07 3.73719131e-16 2.73712147e-10 1.52186366e-07
 6.83639284e-10 8.87981653e-09]","[7.99775124e-04 5.31077385e-04 1.33764744e-03 1.40666962e-05
 2.87294388e-04 4.87685204e-04 8.97645950e-04 1.51443481e-03
 7.20024109e-04 7.54833221e-04 6.98804855e-04 3.83615494e-04
 5.54800034e-04 2.74300575e-04 8.92519951e-04 1.06132030e-03
 5.57184219e-04 4.16994095e-04 1.33144855e-03 2.58922577e-04
 1.16503239e-03 6.53505325e-04 7.82966614e-04 4.25934792e-04
 3.94105911e-04 4.75168228e-04 1.72853470e-04 3.67760658e-04
 1.39284134e-03 8.06331635e-04 4.82559204e-04 1.33144855e-03
 9.31024551e-04 2.79998779e-03 4.74572182e-04 1.13809109e-03
 1.07109547e-03 1.02913380e-03 1.64365768e-03 5.67436218e-05
 1.55603886e-03 6.36339188e-04 1.78837776e-03 2.63893604e-03
 8.74996185e-04 2.25961208e-03 1.10411644e-03 6.98804855e-04
 7.57694244e-04 7.83085823e-04]","[0.00221753 0.00195956 0.00336027 0.00102472 0.00054121 0.00282919
 0.00098121 0.00341523 0.00246835 0.00246644 0.00258672 0.00289524
 0.00229728 0.00143135 0.00312722 0.00404298 0.00378859 0.00135791
 0.00470924 0.00145578 0.00317466 0.00059152 0.00332832 0.00235343
 0.00240195 0.00126791 0.00196564 0.00204682 0.00385737 0.00341952
 0.00198793 0.00367737 0.00259209 0.00673735 0.00256228 0.00403512
 0.00323856 0.00297523 0.00491679 0.00087845 0.00387776 0.00204563
 0.00264299 0.00631368 0.00145435 0.00631559 0.0031172  0.00182533
 0.00278056 0.00213432]","[0.02350317 0.02037878 0.0271895  0.01405693 0.01739594 0.01979751
 0.02302807 0.02726473 0.02087284 0.02320365 0.02220191 0.01842552
 0.02061129 0.01686771 0.02458144 0.02353098 0.02034919 0.01994555
 0.02762271 0.01755149 0.02574835 0.02376381 0.02153183 0.01921011
 0.01882606 0.01967681 0.01545567 0.01821112 0.02682159 0.02289111
 0.01796035 0.02495098 0.02238641 0.03484543 0.01835608 0.02832466
 0.02459262 0.02433821 0.0303485  0.01397434 0.02786777 0.02031766
 0.02927287 0.03535533 0.02318749 0.03402688 0.02566133 0.02084769
 0.02122256 0.02283575]","[0.03817489 0.03454952 0.04777292 0.02941681 0.02094429 0.04276431
 0.02323978 0.04385225 0.03855717 0.04098709 0.03763703 0.04468975
 0.03686992 0.03092048 0.04439677 0.05191054 0.048529   0.03225431
 0.05354244 0.02914593 0.0440331  0.02097231 0.04310101 0.03736558
 0.04054616 0.02706784 0.0368546  0.03803085 0.04706817 0.04300502
 0.03871051 0.04682866 0.03606089 0.06460127 0.04242553 0.05265039
 0.04393179 0.04606291 0.05461797 0.02604136 0.04816236 0.03726882
 0.03824352 0.05817513 0.03094021 0.06217407 0.04225082 0.03221134
 0.04368192 0.03375365]",0.044068967990770896,0.1437400703094786,0.060516780797997036,0.2032260261064096,0.026463692499653337,0.11101623460233398,0.03423225053983817,0.16427521060654912,6.222152146418223e-05,0.00042688541776883716,0.00010438731313972596,0.0007149852307392408,0.055625375461578364,0.06959936033725739,0.011084980628790318,0.011190150114191747,0.0008893442153930664,0.002789435386657715,0.0005985007984095975,0.001380210657246725,0.022823764947185302,0.04053985950481311,0.004884793728248886,0.009695200162383047
df2,0.4,1.0,0.0,0.0,1.4,0.0,1.0,"[1.34646549e-02 1.48741570e-02 4.16212987e-02 1.20088801e-01
 6.52148041e-03 5.85633896e-03 3.80948244e-02 1.10005675e-02
 7.25488863e-03 2.41040115e-02 6.52148041e-03 2.87103585e-04
 8.06268875e-03 3.00718998e-03 1.64147482e-02 2.68158880e-03
 1.64147482e-02 2.19534247e-04 5.25376643e-03 8.06268875e-03
 8.95145539e-03 3.77043497e-03 4.21554189e-03 2.38884447e-03
 3.36894521e-03 3.18171260e-02 4.16212987e-02 2.51182002e-04
 1.03408932e-03 3.36894521e-03 9.54673207e-02 1.80967606e-02
 3.77043497e-03 2.57475452e-01 2.38884447e-03 1.67865304e-03
 2.38884447e-03 7.52091658e-02 3.27832948e-04 4.70847031e-03
 1.21765095e-02 8.95145539e-03 1.80967606e-02 3.77043497e-03
 1.48741570e-02 8.15145929e-02 9.54673207e-02 1.29372179e-01
 1.72496272e-01 2.38884447e-03]","[2.12592488e-03 3.18171260e-02 4.83822766e-01 5.59675216e-01
 1.48741570e-02 2.19294824e-02 9.92823487e-03 6.93218252e-02
 7.25488863e-03 4.95346404e-02 1.60771824e-01 1.80967606e-02
 1.34646549e-02 2.11739817e-01 2.68158880e-03 4.54286666e-02
 2.41040115e-02 2.41040115e-02 3.48322136e-02 5.85633896e-03
 1.89004559e-03 2.68158880e-03 6.93218252e-02 1.03408932e-03
 3.48322136e-02 4.21554189e-03 1.20088801e-01 1.21765095e-02
 2.68158880e-03 1.67865304e-03 3.48322136e-02 1.99311438e-02
 7.25488863e-03 2.41482152e-01 8.06268875e-03 2.41040115e-02
 4.21554189e-03 1.21765095e-02 4.65235514e-06 2.11739817e-01
 1.29372179e-01 1.20088801e-01 2.41040115e-02 1.48741570e-02
 1.39231997e-01 7.52091658e-02 2.64676308e-02 1.84885683e-01
 1.29372179e-01 2.41040115e-02]","[1.34646549e-02 1.48741570e-02 4.16212987e-02 1.20088801e-01
 6.52148041e-03 5.85633896e-03 3.80948244e-02 1.10005675e-02
 7.25488863e-03 2.41040115e-02 6.52148041e-03 2.87103585e-04
 8.06268875e-03 3.00718998e-03 1.64147482e-02 2.68158880e-03
 1.64147482e-02 2.19534247e-04 5.25376643e-03 8.06268875e-03
 8.95145539e-03 3.77043497e-03 4.21554189e-03 2.38884447e-03
 3.36894521e-03 3.18171260e-02 4.16212987e-02 2.51182002e-04
 1.03408932e-03 3.36894521e-03 9.54673207e-02 1.80967606e-02
 3.77043497e-03 2.57475452e-01 2.38884447e-03 1.67865304e-03
 2.38884447e-03 7.52091658e-02 3.27832948e-04 4.70847031e-03
 1.21765095e-02 8.95145539e-03 1.80967606e-02 3.77043497e-03
 1.48741570e-02 8.15145929e-02 9.54673207e-02 1.29372179e-01
 1.72496272e-01 2.38884447e-03]","[2.12592488e-03 3.18171260e-02 4.83822766e-01 5.59675216e-01
 1.48741570e-02 2.19294824e-02 9.92823487e-03 6.93218252e-02
 7.25488863e-03 4.95346404e-02 1.60771824e-01 1.80967606e-02
 1.34646549e-02 2.11739817e-01 2.68158880e-03 4.54286666e-02
 2.41040115e-02 2.41040115e-02 3.48322136e-02 5.85633896e-03
 1.89004559e-03 2.68158880e-03 6.93218252e-02 1.03408932e-03
 3.48322136e-02 4.21554189e-03 1.20088801e-01 1.21765095e-02
 2.68158880e-03 1.67865304e-03 3.48322136e-02 1.99311438e-02
 7.25488863e-03 2.41482152e-01 8.06268875e-03 2.41040115e-02
 4.21554189e-03 1.21765095e-02 4.65235514e-06 2.11739817e-01
 1.29372179e-01 1.20088801e-01 2.41040115e-02 1.48741570e-02
 1.39231997e-01 7.52091658e-02 2.64676308e-02 1.84885683e-01
 1.29372179e-01 2.41040115e-02]","[0.01258331 0.0088777  0.03536313 0.0434171  0.00321462 0.00558258
 0.02556828 0.00422989 0.01224311 0.01361244 0.00934069 0.00047063
 0.00625238 0.00399002 0.01462147 0.00247726 0.01891316 0.00025735
 0.00184093 0.0059855  0.01306032 0.00073915 0.00182309 0.00785582
 0.00142252 0.02262994 0.0238714  0.00023092 0.00157165 0.00512754
 0.02301291 0.00965735 0.00418653 0.14757966 0.00079886 0.00464505
 0.0009941  0.02069837 0.00072136 0.00291163 0.01494237 0.00329403
 0.02417174 0.01110801 0.01044215 0.05184826 0.02659493 0.06515672
 0.06527696 0.00560398]","[1.94654259e-02 5.63971987e-02 2.50064802e-01 4.05604725e-01
 1.83689555e-02 3.39982554e-02 1.09520198e-02 5.48458874e-02
 6.83871644e-03 7.54893269e-02 1.14694604e-01 1.88352252e-02
 1.37777242e-02 1.21381728e-01 7.17899691e-03 6.84165285e-02
 5.41140233e-02 1.20420456e-02 1.35609975e-02 7.98603973e-03
 1.55732154e-03 5.28406330e-03 2.84738497e-02 3.61655261e-03
 4.22413329e-02 3.50992574e-04 1.34525546e-01 1.39062521e-02
 3.12374319e-03 3.17592673e-03 1.40536086e-01 2.55311658e-02
 9.64973631e-03 1.40550921e-01 1.19873162e-02 1.13279669e-02
 2.21824785e-02 8.04379552e-03 1.84338220e-05 2.03002251e-01
 4.65693250e-02 3.43916872e-02 3.82013041e-02 2.08767456e-02
 1.46702864e-01 1.24005135e-01 5.96367041e-02 1.35680971e-01
 9.67528665e-02 3.19097993e-02]","[1.31363632e-05 1.79392956e-05 5.63042423e-05 1.02925323e-04
 1.00000000e-05 1.00000000e-05 5.51108786e-05 1.00000000e-05
 1.00000000e-05 2.90360384e-05 1.00000000e-05 1.00000000e-05
 1.00000000e-05 1.00000000e-05 1.39329529e-05 1.00000000e-05
 2.96890471e-05 1.00000000e-05 1.00000000e-05 1.00000000e-05
 1.13329279e-05 1.00000000e-05 1.00000000e-05 1.00000000e-05
 1.00000000e-05 4.62976083e-05 4.69062915e-05 1.00000000e-05
 1.00000000e-05 1.00000000e-05 2.12774137e-05 1.08220999e-05
 1.00000000e-05 2.94173012e-04 1.00000000e-05 1.00000000e-05
 1.00000000e-05 2.62893895e-05 1.00000000e-05 1.00000000e-05
 1.92879741e-05 1.00000000e-05 1.78565303e-05 1.30172141e-05
 1.20151495e-05 4.67427115e-05 1.00000000e-05 1.58935436e-04
 2.56515860e-04 1.00000000e-05]","[2.32705208e-05 1.14712319e-04 1.06338438e-03 2.22137964e-03
 1.29886019e-05 6.71945121e-05 3.71542834e-05 1.23916022e-04
 1.00000000e-05 2.45625350e-04 2.36697263e-04 3.31497321e-05
 1.12287523e-05 5.85332566e-04 1.07090700e-05 9.08060718e-05
 1.19483568e-04 1.43310549e-05 1.55348706e-05 2.84522882e-05
 1.00000000e-05 1.00000000e-05 2.92631433e-05 1.00000000e-05
 7.52790258e-05 1.00000000e-05 7.33394707e-04 1.15252327e-05
 1.00000000e-05 1.00000000e-05 2.54795635e-04 5.31910623e-05
 3.59997582e-05 7.34893722e-04 2.84186981e-05 1.00000000e-05
 2.33197211e-05 3.64707654e-05 1.00000000e-05 3.92725187e-04
 1.01725657e-04 3.69191678e-05 7.60846134e-05 4.37991550e-05
 2.64559574e-04 2.44632773e-04 5.57772980e-05 6.21277314e-04
 7.10593583e-04 1.02567450e-04]","[0.07598322 0.05868004 0.04327516 0.04744706 0.04185194 0.05603645
 0.0606141  0.06479386 0.05225702 0.05151773 0.05268496 0.04765575
 0.05350078 0.04801944 0.0616877  0.06567336 0.06300168 0.05158924
 0.05527758 0.06477751 0.05421067 0.0682881  0.05482266 0.06686368
 0.0567912  0.05925342 0.05690521 0.05343173 0.08296644 0.0755229
 0.04512601 0.05628599 0.06976395 0.06140088 0.0560786  0.05476081
 0.05801665 0.07284048 0.07505441 0.0564524  0.05077132 0.06093
 0.04286674 0.05653694 0.04864307 0.04587802 0.05377453 0.04387712
 0.04842723 0.06309359]","[0.08366442 0.07190998 0.05509209 0.05591995 0.05914216 0.06441186
 0.07955611 0.07944749 0.06578717 0.06682112 0.06365127 0.05679639
 0.05826514 0.05772172 0.07338672 0.0643405  0.07365261 0.0682695
 0.05321404 0.08444491 0.07929617 0.06947573 0.06366805 0.08375908
 0.06935973 0.0757843  0.06088875 0.07153019 0.08863195 0.08595051
 0.06010683 0.07080049 0.08161874 0.07156243 0.07188939 0.0611397
 0.0602008  0.09211669 0.0926031  0.06383689 0.0702953  0.07848562
 0.07122161 0.06698533 0.06071787 0.0652261  0.07148826 0.06153307
 0.0660954  0.06927787]","[1.72859316e-10 1.98791349e-06 1.08198041e-03 2.37128716e-04
 1.75891280e-03 6.70965437e-06 7.87839770e-07 9.61925628e-08
 3.46460882e-05 4.71291063e-05 2.89353226e-05 2.18985160e-04
 2.04422722e-05 1.90461309e-04 4.65238431e-07 6.07010889e-08
 2.41109227e-07 4.57557708e-05 9.41568192e-06 9.70137773e-08
 1.50430512e-05 1.48866170e-08 1.15107052e-05 3.22317398e-08
 4.76821894e-06 1.51562702e-06 4.52663568e-06 2.10567358e-05
 2.00535180e-12 2.28705814e-10 5.61350082e-04 5.99616978e-06
 6.57224609e-09 5.36023562e-07 6.58366543e-06 1.18279276e-05
 2.71183588e-06 1.12986699e-09 3.03568152e-10 5.56151001e-06
 6.40146113e-05 6.75372820e-07 1.24594508e-03 5.35244079e-06
 1.49557763e-04 4.26612453e-04 1.81708581e-05 8.76681157e-04
 1.62667967e-04 2.30154778e-07]","[1.25700830e-12 1.93999705e-09 1.02215066e-05 7.07002187e-06
 1.59786890e-06 1.17258531e-07 1.85676555e-11 1.99009063e-11
 5.71641913e-08 3.29759993e-08 1.73325613e-07 4.75696340e-06
 2.41504777e-06 3.10977190e-06 8.19968781e-10 1.21661475e-07
 7.00884067e-10 1.50391811e-08 2.31116628e-05 7.42143972e-13
 2.19158838e-11 7.72071230e-09 1.71845994e-07 1.17950151e-12
 8.23616949e-09 1.95129440e-10 6.89124557e-07 2.41409548e-09
 4.03915717e-14 2.64840250e-13 1.00722787e-06 3.66247515e-09
 4.88687733e-12 2.36980552e-09 1.96318919e-09 6.09460177e-07
 9.62569407e-07 3.21525185e-15 2.24084120e-15 1.57626765e-07
 4.87538760e-09 3.66231770e-11 2.88093612e-09 3.01932269e-08
 7.49036737e-07 7.67740024e-08 2.47289838e-09 5.02193254e-07
 4.85611238e-08 8.61994096e-09]","[2.18391418e-03 1.03378296e-03 2.80499458e-04 6.71148300e-05
 4.07457352e-04 3.90172005e-04 1.32346153e-03 1.59835815e-03
 9.69409943e-04 1.37329102e-03 7.43031502e-04 1.21152401e-03
 2.75135040e-04 1.22404099e-03 7.32541084e-04 7.01904297e-04
 1.74736977e-03 9.32335854e-04 1.22737885e-03 1.16217136e-03
 7.48038292e-04 1.20532513e-03 1.21152401e-03 4.82439995e-04
 1.12116337e-03 1.00624561e-03 2.18868256e-04 1.38390064e-03
 9.52601433e-04 1.12950802e-03 9.40442085e-04 2.94685364e-04
 1.76644325e-03 1.23691559e-03 1.41549110e-03 1.68097019e-03
 1.80613995e-03 2.80320644e-03 1.79100037e-03 9.93013382e-04
 1.21557713e-03 6.69479370e-04 1.16229057e-04 7.44938850e-04
 5.42283058e-04 2.18153000e-04 6.10828400e-04 2.61545181e-04
 5.13553619e-04 2.53081322e-04]","[0.00411689 0.0028162  0.00097609 0.0007664  0.001477   0.00210488
 0.00510252 0.00439441 0.00342345 0.00328207 0.00208378 0.00089586
 0.00114012 0.00109756 0.00178623 0.00147736 0.00417423 0.00161576
 0.00118339 0.00400209 0.00377393 0.00124788 0.00359464 0.00277591
 0.00261045 0.00474107 0.00063586 0.00231981 0.00202787 0.00343251
 0.00197148 0.00250757 0.00426233 0.00384212 0.00456989 0.00236273
 0.00203085 0.00675941 0.00545573 0.00321066 0.00344634 0.00186706
 0.00248575 0.00300658 0.00141525 0.00136614 0.00221741 0.00105107
 0.00195169 0.00112224]","[0.03445652 0.02617364 0.01711392 0.01452839 0.01896254 0.01931119
 0.02744839 0.02799197 0.02511513 0.02829299 0.02102002 0.0260014
 0.01680331 0.02830115 0.02173589 0.02145292 0.03108379 0.02479302
 0.0269883  0.02594876 0.02177901 0.0274401  0.02442937 0.01947468
 0.0248302  0.02528905 0.01797859 0.02729439 0.02355368 0.02385191
 0.0247739  0.01649461 0.03072343 0.02801279 0.02793733 0.03011308
 0.03021553 0.03739107 0.03027312 0.0252728  0.02582313 0.02107201
 0.01484675 0.02106786 0.01994644 0.01605991 0.018054   0.01684526
 0.02075925 0.01628687]","[0.0514444  0.04400767 0.0251911  0.02588021 0.03077798 0.0380948
 0.05684084 0.05176675 0.04417249 0.04560875 0.03594892 0.02343678
 0.02739732 0.02423902 0.03195142 0.03467688 0.05257117 0.0309151
 0.02516654 0.04945944 0.04882535 0.02653822 0.04693246 0.04095289
 0.04012823 0.05531526 0.02275966 0.03379348 0.03420921 0.04728988
 0.03193251 0.04163623 0.05019366 0.05080133 0.05448601 0.03369989
 0.03303692 0.06288823 0.05680577 0.04515481 0.04353265 0.03517088
 0.0407488  0.04392415 0.03208095 0.03030244 0.040169   0.02546083
 0.03452335 0.02890791]",0.029024294592713527,0.06946956882115957,0.050477350011394716,0.11305358309733238,0.01601637657011309,0.0581565271641511,0.024564868868624763,0.07640915836852996,3.15908752190036e-05,0.00019625128217670934,5.689879071472385e-05,0.0003786135732642721,0.057319186501502986,0.06982082236289978,0.009411837706219813,0.009887564934791265,0.0009783697128295898,0.0026395702362060547,0.0005787521685145902,0.0013951545429670004,0.023828267577235357,0.039234970458331055,0.005268985549846046,0.010492477146205905
df2,0.44,1.0,0.0,0.0,1.44,0.0,1.0,"[0.00189005 0.00992823 0.00300719 0.00091384 0.03483221 0.00025118
 0.00167865 0.04953464 0.02903392 0.00132017 0.00062688 0.00091384
 0.00300719 0.0002871  0.00652148 0.00895146 0.10315938 0.02410401
 0.00091384 0.00652148 0.01809676 0.02903392 0.00167865 0.00806269
 0.00042616 0.00806269 0.00103409 0.00421554 0.00116899 0.00167865
 0.04542867 0.00025118 0.0416213  0.00189005 0.00167865 0.03181713
 0.00132017 0.00421554 0.00421554 0.03483221 0.04542867 0.00336895
 0.01993114 0.00016719 0.03181713 0.00377043 0.00895146 0.00268159
 0.01993114 0.01487416]","[1.48741570e-02 5.87165796e-02 2.41040115e-02 8.06755085e-04
 6.93218252e-02 1.10287908e-04 9.92823487e-03 5.87165796e-02
 6.38312357e-02 4.26159664e-04 1.21765095e-02 1.10005675e-02
 9.92823487e-03 4.21554189e-03 3.18171260e-02 1.48741570e-02
 1.39231997e-01 1.97960446e-01 1.80967606e-02 2.19294824e-02
 1.34646549e-02 1.11358879e-01 2.90339156e-02 5.08599525e-01
 8.06755085e-04 3.80948244e-02 7.25488863e-03 3.48322136e-02
 4.16212987e-02 2.68158880e-03 1.29372179e-01 1.80967606e-02
 2.41040115e-02 5.39576008e-02 1.20088801e-01 3.48322136e-02
 3.80948244e-02 1.21765095e-02 1.80967606e-02 3.91087390e-01
 2.41040115e-02 1.34646549e-02 1.84885683e-01 2.12592488e-03
 6.38312357e-02 1.29372179e-01 2.90339156e-02 4.16212987e-02
 2.90339156e-02 6.52148041e-03]","[0.00189005 0.00992823 0.00300719 0.00091384 0.03483221 0.00025118
 0.00167865 0.04953464 0.02903392 0.00132017 0.00062688 0.00091384
 0.00300719 0.0002871  0.00652148 0.00895146 0.10315938 0.02410401
 0.00091384 0.00652148 0.01809676 0.02903392 0.00167865 0.00806269
 0.00042616 0.00806269 0.00103409 0.00421554 0.00116899 0.00167865
 0.04542867 0.00025118 0.0416213  0.00189005 0.00167865 0.03181713
 0.00132017 0.00421554 0.00421554 0.03483221 0.04542867 0.00336895
 0.01993114 0.00016719 0.03181713 0.00377043 0.00895146 0.00268159
 0.01993114 0.01487416]","[1.48741570e-02 5.87165796e-02 2.41040115e-02 8.06755085e-04
 6.93218252e-02 1.10287908e-04 9.92823487e-03 5.87165796e-02
 6.38312357e-02 4.26159664e-04 1.21765095e-02 1.10005675e-02
 9.92823487e-03 4.21554189e-03 3.18171260e-02 1.48741570e-02
 1.39231997e-01 1.97960446e-01 1.80967606e-02 2.19294824e-02
 1.34646549e-02 1.11358879e-01 2.90339156e-02 5.08599525e-01
 8.06755085e-04 3.80948244e-02 7.25488863e-03 3.48322136e-02
 4.16212987e-02 2.68158880e-03 1.29372179e-01 1.80967606e-02
 2.41040115e-02 5.39576008e-02 1.20088801e-01 3.48322136e-02
 3.80948244e-02 1.21765095e-02 1.80967606e-02 3.91087390e-01
 2.41040115e-02 1.34646549e-02 1.84885683e-01 2.12592488e-03
 6.38312357e-02 1.29372179e-01 2.90339156e-02 4.16212987e-02
 2.90339156e-02 6.52148041e-03]","[0.00120084 0.01196057 0.00199305 0.00096621 0.06784396 0.0008368
 0.00487651 0.00846126 0.00475724 0.00413431 0.00097676 0.00160027
 0.00065346 0.00023667 0.00273708 0.00373628 0.05100528 0.01716967
 0.00069433 0.01075122 0.01366149 0.01539532 0.00024744 0.00715614
 0.00018869 0.00366569 0.0013757  0.00103092 0.0008202  0.02388463
 0.02529885 0.00026345 0.00893039 0.0014423  0.00096147 0.01008927
 0.00034824 0.00106725 0.00551982 0.03131144 0.0259125  0.0008847
 0.01272339 0.00017396 0.02151917 0.00457122 0.00573483 0.00355989
 0.0196199  0.00654978]","[0.00533527 0.09048184 0.01166376 0.00298706 0.2036748  0.00037347
 0.007586   0.02015272 0.06180238 0.00444264 0.00429016 0.01157849
 0.02521532 0.00433362 0.01042002 0.00763035 0.1851039  0.29918636
 0.00832659 0.01377855 0.02402927 0.11503166 0.00669278 0.26630572
 0.00211806 0.02207817 0.01093117 0.02117568 0.03023899 0.00800141
 0.14710879 0.0208981  0.03154132 0.02200065 0.05486526 0.01261526
 0.02099878 0.01217971 0.03489692 0.33471365 0.01774644 0.01197557
 0.09576059 0.00382635 0.03204517 0.11373724 0.05126057 0.01487101
 0.04994628 0.0263752 ]","[1.00000000e-05 1.40498670e-05 1.00000000e-05 1.00000000e-05
 3.46573046e-05 1.00000000e-05 1.00000000e-05 1.07308651e-05
 1.00000000e-05 1.00000000e-05 1.00000000e-05 1.00000000e-05
 1.00000000e-05 1.00000000e-05 1.00000000e-05 1.00000000e-05
 5.12948982e-05 2.22335148e-05 1.00000000e-05 1.61582186e-05
 2.02376852e-05 1.84935180e-05 1.00000000e-05 1.00000000e-05
 1.00000000e-05 1.00000000e-05 1.00000000e-05 1.00000000e-05
 1.00000000e-05 1.67127052e-05 3.44915660e-05 1.00000000e-05
 1.00000000e-05 1.00000000e-05 1.00000000e-05 1.00000000e-05
 1.00000000e-05 1.00000000e-05 1.00000000e-05 3.09260934e-05
 2.16588247e-05 1.00000000e-05 1.08285938e-05 1.00000000e-05
 1.69986560e-05 1.00000000e-05 1.00000000e-05 1.00000000e-05
 1.56867913e-05 1.00000000e-05]","[1.00000000e-05 1.82138783e-04 1.29310119e-05 1.00000000e-05
 2.58966483e-04 1.00000000e-05 1.00000000e-05 7.78035806e-05
 1.46285986e-04 1.00000000e-05 1.00000000e-05 1.09177295e-05
 2.72954468e-05 1.00000000e-05 1.00000000e-05 1.00000000e-05
 4.92959267e-04 6.68944982e-04 1.00000000e-05 2.88480990e-05
 6.16603662e-05 2.30451105e-04 1.00000000e-05 6.90101013e-04
 1.00000000e-05 4.52478408e-05 1.30499561e-05 2.59049635e-05
 4.17688751e-05 1.10168450e-05 6.27444098e-04 2.38210500e-05
 3.29339588e-05 3.21698227e-05 1.83419800e-04 2.26727641e-05
 4.78242511e-05 1.06966257e-05 4.06975731e-05 9.40770346e-04
 3.82211441e-05 1.62243403e-05 1.84152851e-04 1.00000000e-05
 4.28430032e-05 2.77028271e-04 4.06673750e-05 1.76139360e-05
 9.11100696e-05 1.97680584e-05]","[0.06399818 0.04209436 0.06146955 0.07430199 0.05838864 0.07093594
 0.06671843 0.05709499 0.06954082 0.05657936 0.04913512 0.06244382
 0.06727094 0.06514516 0.04531702 0.06989397 0.04233229 0.04217038
 0.0683114  0.0554713  0.06695929 0.06309121 0.07477505 0.04213984
 0.07176986 0.06298467 0.05642261 0.04788368 0.06278123 0.04936021
 0.04742308 0.05941618 0.06863771 0.04421775 0.04988434 0.05801941
 0.04956316 0.06433763 0.06696831 0.06607526 0.05421517 0.06019915
 0.05089876 0.06675742 0.04396751 0.04351207 0.05154518 0.06042494
 0.06059243 0.0657951 ]","[0.08488689 0.06109124 0.05879656 0.08195341 0.06099199 0.08948294
 0.0691103  0.07036698 0.07421756 0.07485066 0.06030169 0.08167047
 0.0763398  0.07686955 0.06464004 0.08231233 0.05556486 0.06321668
 0.07745605 0.06471839 0.07797463 0.06759976 0.08037221 0.06131016
 0.08491175 0.07118349 0.07945637 0.05966723 0.07300889 0.07521299
 0.06929112 0.07695326 0.06866165 0.06504657 0.05530327 0.07927489
 0.06109948 0.07454815 0.06780452 0.08013219 0.07542232 0.07575734
 0.06474177 0.0797025  0.05615379 0.06392641 0.06370547 0.071734
 0.07520856 0.08518859]","[1.45111967e-07 1.62106020e-03 5.18183995e-07 4.76609046e-10
 2.27943631e-06 3.39089661e-09 3.48413370e-08 4.15035234e-06
 7.44537285e-09 5.25041023e-06 1.23313027e-04 3.19260195e-07
 2.58873552e-08 8.00940570e-08 5.23774224e-04 6.11036895e-09
 1.49558371e-03 1.57994324e-03 1.46977311e-08 8.63930146e-06
 3.06187671e-08 2.30432461e-07 3.59106874e-10 1.59634290e-03
 2.10326036e-09 2.43190882e-07 5.63702140e-06 2.00671272e-04
 2.69479681e-07 1.12821443e-04 2.39302512e-04 1.40262767e-06
 1.22848790e-08 7.77275515e-04 9.15774609e-05 2.70835381e-06
 1.04093033e-04 1.21842210e-07 3.04706721e-08 4.90826742e-08
 1.50136691e-05 9.63337198e-07 6.07728679e-05 3.41213750e-08
 8.49202564e-04 9.96337476e-04 4.65973729e-05 8.63629386e-07
 7.96187241e-07 5.69254119e-08]","[5.49469695e-13 6.24117065e-07 1.88169543e-06 3.92248998e-12
 6.55204158e-07 2.19698066e-14 9.46059240e-09 4.68204893e-09
 5.01212559e-10 3.43163702e-10 9.16749871e-07 4.72390715e-12
 1.38994832e-10 1.00345213e-10 1.04191828e-07 3.09556404e-12
 8.28671246e-06 2.16236998e-07 6.97736393e-11 1.00039760e-07
 5.04842073e-11 2.16672039e-08 1.09942452e-11 5.60506116e-07
 5.40233437e-13 2.94438179e-09 1.97885469e-11 1.24410870e-06
 1.02379507e-09 2.75876830e-10 8.55667738e-09 9.52900666e-11
 1.21238762e-08 8.43269954e-08 9.30900979e-06 2.22148568e-11
 6.21600149e-07 4.11423173e-10 1.93859396e-08 1.28334587e-11
 2.43077071e-10 1.98356473e-10 9.88324022e-08 1.69085269e-11
 6.36455993e-06 1.50557219e-07 1.68591531e-07 2.14714766e-09
 2.76616280e-10 4.47135704e-13]","[0.00208795 0.00107288 0.00155938 0.00203359 0.0007453  0.00173342
 0.00076473 0.00080419 0.00205553 0.00093973 0.00098228 0.0008297
 0.00136292 0.00095093 0.00087035 0.00116181 0.00037885 0.00089383
 0.00057638 0.00097823 0.00193965 0.00122786 0.00187218 0.00064921
 0.00174344 0.00090492 0.00019097 0.00090539 0.00108397 0.00018501
 0.0004003  0.00149655 0.00136006 0.00131059 0.00105274 0.0008074
 0.0016458  0.00123787 0.00198531 0.00127554 0.00076067 0.00048745
 0.00184333 0.0011524  0.00081229 0.00108385 0.00082755 0.00094831
 0.00126314 0.001863  ]","[0.00506961 0.00172698 0.00081766 0.00429738 0.00147319 0.00407231
 0.00222373 0.00150371 0.00465572 0.00276589 0.00213218 0.00352454
 0.00365424 0.00157082 0.00148332 0.00240469 0.00086403 0.0023073
 0.00233316 0.00277817 0.00494027 0.0040375  0.00330317 0.00225174
 0.00440264 0.00232327 0.0027293  0.00132227 0.00303268 0.00253642
 0.0014621  0.00272703 0.00254536 0.00215614 0.00179338 0.00287545
 0.00178123 0.00247693 0.00437236 0.00367522 0.00308394 0.00169849
 0.00486147 0.0020746  0.00201392 0.00343072 0.00223982 0.00341725
 0.00300586 0.00487244]","[0.0313467  0.02609898 0.03051655 0.03301696 0.02182348 0.03042942
 0.02113846 0.02184539 0.03345389 0.02360698 0.02475274 0.02389653
 0.02541088 0.02457407 0.02379657 0.02619081 0.01799742 0.02285016
 0.02063594 0.02463596 0.03675048 0.02717316 0.03012215 0.02173514
 0.03149035 0.02376991 0.01612676 0.02462281 0.02518312 0.01594753
 0.01767157 0.02900993 0.02651862 0.02803569 0.02562922 0.02218035
 0.03021676 0.02664078 0.02934831 0.02727308 0.02260599 0.01920231
 0.02858091 0.02485184 0.02260231 0.02465117 0.02254245 0.02285387
 0.02426154 0.02741295]","[0.05024617 0.02843932 0.02023725 0.05071605 0.03209879 0.04567145
 0.03554061 0.03199974 0.05581035 0.04035815 0.03599551 0.04730406
 0.04674732 0.02840288 0.02955125 0.03605325 0.02304198 0.03727646
 0.04044828 0.03974275 0.05721823 0.05282352 0.04292096 0.0377222
 0.05179238 0.0382946  0.04439729 0.02868025 0.0432867  0.04143298
 0.03064848 0.03615244 0.03862026 0.03144955 0.03409924 0.03931311
 0.03097362 0.03592849 0.05003142 0.04846547 0.04296807 0.03415524
 0.05243335 0.03173788 0.03605593 0.04448149 0.03812682 0.04587738
 0.03973955 0.05346535]",0.013580943427575442,0.058274330858611105,0.01937829927901904,0.094191429046861,0.009009996081439771,0.05188658204342156,0.013215383721372164,0.07845029110212211,1.3703182038189336e-05,0.00011692743344542806,8.21866435539275e-06,0.0002080111264558443,0.058384636793136595,0.07138383448600769,0.00963540840027706,0.00882835375227019,0.001141974925994873,0.0027820324897766114,0.000499199666529665,0.0011264110637170652,0.025260579336674492,0.0397794779117412,0.004405153795579752,0.008595596371393321
df2,0.48,1.0,0.0,0.0,1.48,0.0,1.0,"[1.32017364e-03 6.52148041e-03 4.67045972e-05 3.73964604e-04
 4.54286666e-02 3.00718998e-03 7.11507895e-04 3.77043497e-03
 2.51182002e-04 4.26159664e-04 1.80967606e-02 8.06755085e-04
 7.25488863e-03 1.26822204e-04 1.21765095e-02 3.36894521e-03
 8.06268875e-03 1.67865304e-03 7.11507895e-04 3.77043497e-03
 5.85633896e-03 7.25488863e-03 2.38884447e-03 2.59150246e-07
 2.87103585e-04 9.13835051e-04 4.54286666e-02 1.99311438e-02
 1.67865304e-03 3.77043497e-03 2.38884447e-03 2.22014992e-05
 2.59150246e-07 3.48322136e-02 2.19294824e-02 3.27832948e-04
 6.93218252e-02 1.21765095e-02 3.27832948e-04 2.90339156e-02
 1.67194217e-04 2.12592488e-03 1.99311438e-02 2.87103585e-04
 8.95145539e-03 1.67865304e-03 9.58129418e-05 1.03408932e-03
 4.03308445e-05 6.24445815e-05]","[6.26876255e-04 1.20088801e-01 1.02917236e-05 1.80967606e-02
 7.52091658e-02 5.39576008e-02 9.13835051e-04 2.19534247e-04
 2.11739817e-01 1.16899447e-03 1.48741570e-02 5.51757155e-04
 1.10005675e-02 1.32017364e-03 2.19294824e-02 1.16899447e-03
 2.41040115e-02 4.85152370e-04 4.26159664e-04 5.87165796e-02
 1.10005675e-02 9.92823487e-03 1.80967606e-02 7.25488863e-03
 1.67194217e-04 4.21554189e-03 2.26241661e-01 6.93218252e-02
 9.92823487e-03 2.90339156e-02 8.06268875e-03 7.25488863e-03
 6.24499263e-07 2.41040115e-02 2.90339156e-02 3.48322136e-02
 5.25376643e-03 1.49691056e-01 2.19294824e-02 1.80967606e-02
 5.39576008e-02 4.16212987e-02 1.21765095e-02 8.06268875e-03
 1.89004559e-03 4.70847031e-03 1.20088801e-01 1.80967606e-02
 4.21554189e-03 1.32017364e-03]","[1.32017364e-03 6.52148041e-03 4.67045972e-05 3.73964604e-04
 4.54286666e-02 3.00718998e-03 7.11507895e-04 3.77043497e-03
 2.51182002e-04 4.26159664e-04 1.80967606e-02 8.06755085e-04
 7.25488863e-03 1.26822204e-04 1.21765095e-02 3.36894521e-03
 8.06268875e-03 1.67865304e-03 7.11507895e-04 3.77043497e-03
 5.85633896e-03 7.25488863e-03 2.38884447e-03 2.59150246e-07
 2.87103585e-04 9.13835051e-04 4.54286666e-02 1.99311438e-02
 1.67865304e-03 3.77043497e-03 2.38884447e-03 2.22014992e-05
 2.59150246e-07 3.48322136e-02 2.19294824e-02 3.27832948e-04
 6.93218252e-02 1.21765095e-02 3.27832948e-04 2.90339156e-02
 1.67194217e-04 2.12592488e-03 1.99311438e-02 2.87103585e-04
 8.95145539e-03 1.67865304e-03 9.58129418e-05 1.03408932e-03
 4.03308445e-05 6.24445815e-05]","[6.26876255e-04 1.20088801e-01 1.02917236e-05 1.80967606e-02
 7.52091658e-02 5.39576008e-02 9.13835051e-04 2.19534247e-04
 2.11739817e-01 1.16899447e-03 1.48741570e-02 5.51757155e-04
 1.10005675e-02 1.32017364e-03 2.19294824e-02 1.16899447e-03
 2.41040115e-02 4.85152370e-04 4.26159664e-04 5.87165796e-02
 1.10005675e-02 9.92823487e-03 1.80967606e-02 7.25488863e-03
 1.67194217e-04 4.21554189e-03 2.26241661e-01 6.93218252e-02
 9.92823487e-03 2.90339156e-02 8.06268875e-03 7.25488863e-03
 6.24499263e-07 2.41040115e-02 2.90339156e-02 3.48322136e-02
 5.25376643e-03 1.49691056e-01 2.19294824e-02 1.80967606e-02
 5.39576008e-02 4.16212987e-02 1.21765095e-02 8.06268875e-03
 1.89004559e-03 4.70847031e-03 1.20088801e-01 1.80967606e-02
 4.21554189e-03 1.32017364e-03]","[7.03357801e-04 1.14794880e-02 7.39455847e-05 7.20106392e-05
 2.20201034e-02 9.77858667e-04 2.69035312e-03 2.79238317e-03
 2.54447838e-03 3.22233888e-04 1.32210190e-02 4.57123288e-04
 8.12310511e-03 9.25430790e-04 2.88598009e-03 2.25515290e-03
 4.43387443e-03 3.53004514e-04 9.37985202e-04 3.22337810e-03
 5.18605660e-04 1.41727369e-03 8.46148514e-04 1.33990301e-06
 5.02575966e-04 3.08708560e-04 4.71676090e-02 3.56685571e-03
 2.45814316e-04 3.12456842e-03 4.79741768e-04 2.16809424e-04
 1.88598674e-05 1.59835710e-02 5.52968222e-03 1.71299186e-04
 2.79569873e-02 1.65251810e-03 1.95028711e-04 6.82229027e-03
 5.15416313e-04 2.04352241e-03 1.48185080e-02 6.01614238e-03
 2.29535138e-03 2.71532815e-04 1.80816705e-04 5.06090360e-04
 2.15145544e-05 1.01046928e-04]","[4.09365647e-04 4.55174524e-02 6.76658763e-05 3.36857550e-03
 6.13742066e-02 4.51204255e-02 3.97286409e-03 3.13736869e-03
 1.60759112e-01 1.82971768e-03 2.61794686e-02 4.33429220e-04
 5.77870184e-03 1.53014850e-03 1.11577778e-02 5.31146365e-03
 1.00767767e-02 3.89629840e-04 9.95574581e-04 3.14102911e-02
 4.73685069e-03 1.01748636e-02 3.27628624e-02 2.67292723e-03
 8.00909906e-04 3.12755802e-03 1.01223210e-01 3.01710663e-02
 8.05281786e-03 2.43086342e-02 1.24284959e-02 4.43075127e-03
 6.52534146e-05 2.55519356e-02 7.11959784e-02 1.87218013e-02
 1.03569457e-02 6.42070383e-02 5.46330371e-03 2.68916450e-02
 4.71832907e-02 1.53029985e-02 5.79618218e-03 1.16165726e-02
 3.71566052e-03 1.62726407e-03 5.54088019e-02 2.74670154e-02
 1.92878583e-03 3.27379642e-03]","[1.00000000e-05 1.00000000e-05 1.00000000e-05 1.00000000e-05
 1.70387039e-05 1.00000000e-05 1.00000000e-05 1.00000000e-05
 1.00000000e-05 1.00000000e-05 1.17422531e-05 1.00000000e-05
 1.00000000e-05 1.00000000e-05 1.00000000e-05 1.00000000e-05
 1.00000000e-05 1.00000000e-05 1.00000000e-05 1.00000000e-05
 1.00000000e-05 1.00000000e-05 1.00000000e-05 1.00000000e-05
 1.00000000e-05 1.00000000e-05 6.31170816e-05 1.00000000e-05
 1.00000000e-05 1.00000000e-05 1.00000000e-05 1.00000000e-05
 1.00000000e-05 1.51670031e-05 1.00000000e-05 1.00000000e-05
 4.14201339e-05 1.00000000e-05 1.00000000e-05 1.00000000e-05
 1.00000000e-05 1.00000000e-05 1.11839200e-05 1.00000000e-05
 1.00000000e-05 1.00000000e-05 1.00000000e-05 1.00000000e-05
 1.00000000e-05 1.00000000e-05]","[1.00000000e-05 3.52805481e-05 1.00000000e-05 1.00000000e-05
 1.24800263e-04 4.54429253e-05 1.00000000e-05 1.00000000e-05
 3.92168197e-04 1.00000000e-05 4.57785195e-05 1.00000000e-05
 1.00000000e-05 1.00000000e-05 1.11886517e-05 1.00000000e-05
 1.59433269e-05 1.00000000e-05 1.00000000e-05 4.67406064e-05
 1.00000000e-05 1.76113613e-05 7.46411600e-05 1.00000000e-05
 1.00000000e-05 1.00000000e-05 1.53972791e-04 3.73408446e-05
 1.00000000e-05 4.01521172e-05 1.06019770e-05 1.00000000e-05
 1.00000000e-05 3.52064075e-05 1.45981187e-04 1.67791625e-05
 1.61160051e-05 1.06798285e-04 1.00000000e-05 1.80219088e-05
 4.05287343e-05 1.61182644e-05 1.00000000e-05 1.00000000e-05
 1.00000000e-05 1.00000000e-05 1.23193197e-04 4.93824646e-05
 1.00000000e-05 1.00000000e-05]","[0.07641639 0.0518923  0.06821796 0.06366825 0.05307352 0.06681998
 0.06510141 0.07448285 0.04378707 0.07380918 0.05406067 0.07356721
 0.06245619 0.05736675 0.05483008 0.06620663 0.06043738 0.0769604
 0.06869022 0.05792972 0.0603155  0.0743879  0.07333596 0.04862209
 0.06810717 0.05987593 0.04155748 0.06461462 0.04766709 0.06476148
 0.07366236 0.07637179 0.08679486 0.06016619 0.07075351 0.05587009
 0.06556109 0.05582109 0.07069982 0.06067835 0.0561446  0.04587615
 0.06715612 0.05476329 0.04951509 0.07015038 0.04860294 0.05957906
 0.08075217 0.06725149]","[0.08645794 0.05144413 0.09055832 0.06818638 0.0698505  0.0632913
 0.0759796  0.09221158 0.05551648 0.09788661 0.0683606  0.08636883
 0.07805195 0.08241019 0.06790578 0.08556132 0.07471673 0.08260221
 0.08819328 0.07299894 0.08308705 0.07572577 0.07309574 0.05167314
 0.08512967 0.07281666 0.06267929 0.0673801  0.06335637 0.08830707
 0.08183952 0.0816926  0.10039946 0.08007847 0.07492104 0.0655019
 0.08320759 0.06564466 0.07427687 0.07734231 0.0687352  0.06472031
 0.07555249 0.07588229 0.06980326 0.08148066 0.0613797  0.07929261
 0.08316426 0.08332043]","[1.32617863e-10 4.03476801e-05 1.54697560e-08 1.71829124e-07
 2.45384319e-05 3.29961915e-08 8.19464758e-08 4.27811191e-10
 9.04878476e-04 6.38849322e-10 1.60556464e-05 7.37161030e-10
 3.17287855e-07 3.66351318e-06 1.14731751e-05 4.57769668e-08
 8.58437344e-07 9.48709000e-11 1.19344905e-08 2.82371920e-06
 9.10643696e-07 4.52785562e-10 8.44846805e-10 1.50787118e-04
 1.64363201e-08 1.12562600e-06 1.94099739e-03 1.05574168e-07
 2.18037874e-04 9.78251615e-08 6.96855472e-10 1.36295540e-10
 1.47414414e-13 9.78792324e-07 3.76154515e-09 7.22988719e-06
 6.43976294e-08 7.39035020e-06 3.87795051e-09 7.63593398e-07
 6.39095309e-06 4.26906521e-04 2.75413477e-08 1.18150161e-05
 1.06100454e-04 5.29035331e-09 1.51917346e-04 1.29770401e-06
 8.59818760e-12 2.61606368e-08]","[1.86366801e-13 4.85836005e-05 1.00923250e-14 1.57394715e-08
 6.26115496e-09 2.08200581e-07 1.73241021e-10 2.99702176e-15
 8.46728643e-06 3.92252620e-17 1.43064704e-08 1.98260401e-13
 4.80974748e-11 2.90152666e-12 1.83458989e-08 3.46275368e-13
 3.71896108e-10 2.55484354e-12 5.51601374e-14 1.02978403e-09
 1.85037587e-12 2.02201046e-10 9.72960094e-10 4.41931290e-05
 4.65524748e-13 1.14571381e-09 2.83668615e-07 2.44046627e-08
 2.01429893e-07 5.08844508e-14 4.22760766e-12 4.65580985e-12
 5.29111618e-18 1.32846913e-11 3.28947830e-10 6.64335548e-08
 1.70725884e-12 6.16259867e-08 4.83802474e-10 7.48841227e-11
 1.16420748e-08 9.99404423e-08 2.24638155e-10 1.83829367e-10
 6.42912221e-09 5.34939992e-12 5.41646443e-07 2.19656463e-11
 1.75740763e-12 1.58316338e-12]","[0.00232756 0.00045609 0.00177765 0.00263476 0.00041735 0.00137329
 0.00127256 0.00171244 0.0007652  0.00211489 0.00021982 0.00271916
 0.00081217 0.00072885 0.0003767  0.00166631 0.0009321  0.00140965
 0.00173843 0.00042951 0.00155175 0.00128925 0.00233781 0.00061584
 0.00201845 0.00086451 0.00047839 0.00233984 0.00012946 0.00143528
 0.00174403 0.00131679 0.00215137 0.00149035 0.0010221  0.00163555
 0.00144494 0.00152874 0.00157249 0.00148463 0.00091338 0.00049746
 0.00098741 0.00084746 0.00130558 0.00170386 0.00120187 0.00123537
 0.00191665 0.00119209]","[0.00461173 0.00133741 0.00385714 0.00220048 0.00203621 0.00286746
 0.00358999 0.00443459 0.0013423  0.0050807  0.00158203 0.00456655
 0.00294924 0.00327659 0.00208127 0.00437772 0.00301981 0.00414765
 0.00560725 0.00201774 0.00512767 0.00351751 0.00393808 0.00138557
 0.00442159 0.0025624  0.00167406 0.00402284 0.00133336 0.0047574
 0.00396419 0.00203955 0.00562    0.00364959 0.00262785 0.00164366
 0.00416994 0.00299585 0.00290596 0.00349605 0.00261891 0.00232148
 0.00293529 0.00361145 0.00277781 0.00363696 0.00279748 0.00524032
 0.00506842 0.00210106]","[0.03023853 0.01969618 0.03041454 0.03649115 0.01832218 0.02777997
 0.02728277 0.03061195 0.02110762 0.03149196 0.01626205 0.03547822
 0.02201827 0.02062714 0.01781593 0.03099644 0.02240379 0.02701716
 0.03048317 0.0180216  0.02772297 0.02787052 0.03414775 0.02080525
 0.02994982 0.02327937 0.01975189 0.03496058 0.01617219 0.02701383
 0.02908796 0.0279613  0.03241051 0.02737367 0.02430307 0.02977668
 0.02765884 0.02864474 0.02840155 0.02851527 0.02369616 0.02093063
 0.02547054 0.02294804 0.02761132 0.0301046  0.02762631 0.02532129
 0.03188514 0.02550177]","[0.04951613 0.03095072 0.0435837  0.03318315 0.03783249 0.04417744
 0.04733767 0.04868029 0.0283841  0.04989114 0.03386117 0.04287286
 0.0415278  0.04535933 0.03488601 0.04847672 0.04503386 0.05016072
 0.05344846 0.03799825 0.05553229 0.04647614 0.04759266 0.02972821
 0.04895931 0.03771446 0.03003403 0.0495303  0.03283204 0.05409525
 0.04951999 0.03186879 0.05811716 0.04294408 0.04464004 0.02701409
 0.05110371 0.04054455 0.03984803 0.04463043 0.04147513 0.03685044
 0.0420759  0.05001248 0.03784552 0.04461122 0.04257689 0.05725206
 0.05460051 0.0347806 ]",0.00820313336583137,0.031323896705767046,0.014246337274597053,0.05093986056774804,0.004479769909670366,0.020989704652210096,0.008519409464128512,0.030114117794677892,1.1993381912365812e-05,3.759577810084776e-05,8.678673119644993e-06,6.329649930143197e-05,0.06298379620075226,0.07580078308105467,0.010226439383406512,0.010836634165340336,0.0013227438926696777,0.0032789230346679686,0.0006379243961626637,0.0012216706634496069,0.026429283531592827,0.04303936583177712,0.0050897835692355585,0.007993088078821691
df2,0.52,1.0,0.0,0.0,1.52,0.0,1.0,"[7.11507895e-04 1.03408932e-03 1.32017364e-03 3.00718998e-03
 8.31541824e-05 8.82599083e-02 4.21554189e-03 4.70847031e-03
 8.06755085e-04 6.93218252e-02 4.70847031e-03 1.64147482e-02
 4.21554189e-03 3.80948244e-02 6.52148041e-03 3.36894521e-03
 3.00718998e-03 2.38884447e-03 3.36894521e-03 1.64147482e-02
 9.13835051e-04 5.85633896e-03 2.87103585e-04 7.11507895e-04
 1.26822204e-04 1.26822204e-04 2.68158880e-03 1.67865304e-03
 3.00718998e-03 1.03408932e-03 1.67865304e-03 2.51182002e-04
 1.91681353e-04 9.13835051e-04 4.54286666e-02 4.85152370e-04
 1.48741570e-02 7.11507895e-04 5.40313022e-05 3.77043497e-03
 6.26876255e-04 5.85633896e-03 3.73964604e-04 2.51182002e-04
 1.02917236e-05 1.90755446e-05 2.51182002e-04 1.16899447e-03
 8.31541824e-05 1.34646549e-02]","[1.89004559e-03 6.26876255e-04 4.70847031e-03 6.38312357e-02
 2.58137431e-05 5.87165796e-02 4.16212987e-02 1.11358879e-01
 2.19294824e-02 5.39576008e-02 1.67865304e-03 2.64676308e-02
 4.03308445e-05 1.48741570e-02 1.48741570e-02 2.38884447e-03
 8.06268875e-03 1.80967606e-02 1.34646549e-02 1.21765095e-02
 8.06268875e-03 2.19294824e-02 9.13835051e-04 1.67865304e-03
 4.70847031e-03 1.16899447e-03 1.11358879e-01 2.12592488e-03
 4.16212987e-02 7.25488863e-03 5.85633896e-03 1.32017364e-03
 8.95145539e-03 3.73964604e-04 8.82599083e-02 6.93218252e-02
 1.89004559e-03 1.21765095e-02 3.47919250e-05 3.18171260e-02
 5.87165796e-02 4.85152370e-04 9.92823487e-03 4.85152370e-04
 2.99835482e-05 5.40313022e-05 4.21554189e-03 6.24445815e-05
 4.70847031e-03 5.87165796e-02]","[7.11507895e-04 1.03408932e-03 1.32017364e-03 3.00718998e-03
 8.31541824e-05 8.82599083e-02 4.21554189e-03 4.70847031e-03
 8.06755085e-04 6.93218252e-02 4.70847031e-03 1.64147482e-02
 4.21554189e-03 3.80948244e-02 6.52148041e-03 3.36894521e-03
 3.00718998e-03 2.38884447e-03 3.36894521e-03 1.64147482e-02
 9.13835051e-04 5.85633896e-03 2.87103585e-04 7.11507895e-04
 1.26822204e-04 1.26822204e-04 2.68158880e-03 1.67865304e-03
 3.00718998e-03 1.03408932e-03 1.67865304e-03 2.51182002e-04
 1.91681353e-04 9.13835051e-04 4.54286666e-02 4.85152370e-04
 1.48741570e-02 7.11507895e-04 5.40313022e-05 3.77043497e-03
 6.26876255e-04 5.85633896e-03 3.73964604e-04 2.51182002e-04
 1.02917236e-05 1.90755446e-05 2.51182002e-04 1.16899447e-03
 8.31541824e-05 1.34646549e-02]","[1.89004559e-03 6.26876255e-04 4.70847031e-03 6.38312357e-02
 2.58137431e-05 5.87165796e-02 4.16212987e-02 1.11358879e-01
 2.19294824e-02 5.39576008e-02 1.67865304e-03 2.64676308e-02
 4.03308445e-05 1.48741570e-02 1.48741570e-02 2.38884447e-03
 8.06268875e-03 1.80967606e-02 1.34646549e-02 1.21765095e-02
 8.06268875e-03 2.19294824e-02 9.13835051e-04 1.67865304e-03
 4.70847031e-03 1.16899447e-03 1.11358879e-01 2.12592488e-03
 4.16212987e-02 7.25488863e-03 5.85633896e-03 1.32017364e-03
 8.95145539e-03 3.73964604e-04 8.82599083e-02 6.93218252e-02
 1.89004559e-03 1.21765095e-02 3.47919250e-05 3.18171260e-02
 5.87165796e-02 4.85152370e-04 9.92823487e-03 4.85152370e-04
 2.99835482e-05 5.40313022e-05 4.21554189e-03 6.24445815e-05
 4.70847031e-03 5.87165796e-02]","[3.91592859e-04 6.04373939e-04 8.26151312e-04 4.26664070e-03
 2.58265794e-05 4.27332818e-02 1.00344212e-03 9.68339828e-04
 5.19482297e-04 3.34767262e-02 1.01986788e-03 8.34090123e-03
 8.62351268e-03 7.91089572e-03 1.26898788e-03 9.32851659e-04
 1.67316669e-03 1.48951598e-03 7.12205831e-04 3.14425732e-03
 2.21786359e-04 6.98701442e-04 1.40219705e-04 1.30502659e-03
 2.77972615e-04 4.97309030e-04 1.25935919e-03 2.27702352e-03
 9.71301704e-04 1.86436125e-03 7.81768602e-04 8.60007962e-04
 3.85464115e-04 1.03775806e-03 1.37496477e-02 4.04802420e-04
 5.09464723e-03 2.83791115e-03 4.94193011e-05 8.36982641e-04
 6.97893535e-04 3.80042570e-03 6.91884921e-04 6.35384126e-04
 5.85840998e-05 4.72424176e-04 8.03644182e-04 2.43573153e-04
 5.96386985e-05 6.59946726e-03]","[3.76108961e-04 3.39943198e-04 2.91623024e-03 6.55798293e-02
 1.99797679e-04 3.03678742e-02 1.70946105e-02 3.89743439e-02
 1.00503939e-02 3.18635339e-02 1.49121454e-03 1.66716424e-02
 6.19774818e-04 4.11848376e-02 9.60152665e-03 2.24505729e-03
 1.09420844e-02 2.01130663e-02 2.81356655e-03 7.73905458e-03
 6.97398775e-03 3.99324654e-03 1.73485613e-03 1.22530520e-02
 7.86680216e-03 3.68677816e-03 3.14154173e-02 1.25329814e-03
 5.84261106e-02 2.08193498e-02 5.48057971e-03 2.65773728e-03
 5.99962757e-03 1.32036787e-03 3.93563478e-02 4.01657477e-02
 7.64470366e-03 1.84446836e-02 9.23592336e-05 7.13307091e-03
 1.73032696e-02 9.58660058e-04 2.25890176e-02 5.78877723e-04
 7.70665884e-05 1.36082884e-03 1.91812687e-03 1.42343642e-04
 2.37411668e-03 5.58770091e-02]","[1.00000000e-05 1.00000000e-05 1.00000000e-05 1.00000000e-05
 1.00000000e-05 4.77585780e-05 1.00000000e-05 1.00000000e-05
 1.00000000e-05 2.82393249e-05 1.00000000e-05 1.00000000e-05
 1.00000000e-05 1.00000000e-05 1.00000000e-05 1.00000000e-05
 1.00000000e-05 1.00000000e-05 1.00000000e-05 1.00000000e-05
 1.00000000e-05 1.00000000e-05 1.00000000e-05 1.00000000e-05
 1.00000000e-05 1.00000000e-05 1.00000000e-05 1.00000000e-05
 1.00000000e-05 1.00000000e-05 1.00000000e-05 1.00000000e-05
 1.00000000e-05 1.00000000e-05 1.20561898e-05 1.00000000e-05
 1.00000000e-05 1.00000000e-05 1.00000000e-05 1.00000000e-05
 1.00000000e-05 1.00000000e-05 1.00000000e-05 1.00000000e-05
 1.00000000e-05 1.00000000e-05 1.00000000e-05 1.00000000e-05
 1.00000000e-05 1.00000000e-05]","[1.00000000e-05 1.00000000e-05 1.00000000e-05 9.10188418e-05
 1.00000000e-05 1.17096871e-04 1.00000000e-05 4.14642392e-05
 2.63012364e-05 8.93662943e-05 1.00000000e-05 1.07803531e-05
 1.00000000e-05 2.86888371e-05 1.00000000e-05 1.00000000e-05
 1.00000000e-05 1.73612989e-05 1.00000000e-05 2.91573219e-05
 1.00000000e-05 1.00000000e-05 1.00000000e-05 2.03768244e-05
 1.80888887e-05 1.00000000e-05 4.09408813e-05 1.00000000e-05
 7.45387747e-05 1.48081070e-05 1.00000000e-05 1.00000000e-05
 1.00000000e-05 1.00000000e-05 5.93562279e-05 5.20289473e-05
 1.00000000e-05 1.28200769e-05 1.00000000e-05 1.00000000e-05
 3.19034047e-05 1.00000000e-05 1.00000000e-05 1.00000000e-05
 1.00000000e-05 1.00000000e-05 1.00000000e-05 1.00000000e-05
 1.00000000e-05 1.17066878e-04]","[0.05820588 0.07632459 0.06888784 0.06633574 0.06383673 0.05968851
 0.06517645 0.05187902 0.0594198  0.05874795 0.0647969  0.05371615
 0.06138174 0.05108365 0.07232061 0.05377017 0.05693753 0.07088534
 0.06689799 0.05502655 0.06439894 0.05534435 0.06386818 0.07670522
 0.06618067 0.07196686 0.06349639 0.07440503 0.04660032 0.0445312
 0.0737187  0.08126711 0.05639168 0.07876987 0.05619183 0.05593142
 0.06174912 0.06052374 0.0818325  0.06053992 0.05452588 0.07087546
 0.0590712  0.07492569 0.07823805 0.07482887 0.06352544 0.07955507
 0.0660947  0.05469647]","[0.08764418 0.09544787 0.07789803 0.07344778 0.07574672 0.08214959
 0.08664684 0.06973412 0.07091533 0.08222822 0.07987459 0.07094465
 0.08824675 0.0821536  0.07723421 0.06947062 0.06828322 0.07925096
 0.07126772 0.07740387 0.07258712 0.06751062 0.07364541 0.08624547
 0.08411275 0.08529639 0.07302614 0.09062935 0.07154458 0.06614638
 0.08671062 0.08445037 0.07262554 0.08266076 0.06472363 0.07036112
 0.0786937  0.06770352 0.10154831 0.08063639 0.07619794 0.08513639
 0.07217833 0.10050518 0.10387412 0.08237614 0.07166501 0.09930413
 0.08153949 0.06041357]","[2.48283575e-06 1.40296532e-10 1.07008963e-08 4.27391037e-08
 1.57639933e-07 1.23149861e-06 7.87946660e-08 4.05712979e-05
 1.40020917e-06 1.92532007e-06 9.60408365e-08 1.86340501e-05
 5.41100659e-07 5.63464869e-05 1.52956763e-09 1.82050358e-05
 4.46030292e-06 3.48997249e-09 3.16435616e-08 1.05217277e-05
 1.18044157e-07 9.14082327e-06 1.55120061e-07 1.11044581e-10
 4.64124765e-08 1.87731670e-09 1.87575380e-07 4.48177730e-10
 3.26354147e-04 6.95217801e-04 6.74011396e-10 6.15057398e-12
 5.71646626e-06 3.06066868e-11 6.25639156e-06 7.03375764e-06
 4.51300844e-07 8.23206784e-07 4.24714899e-12 8.16762424e-07
 1.31108566e-05 3.50963811e-09 1.65254965e-06 3.28028857e-10
 4.27963677e-11 3.47685589e-10 1.84818838e-07 1.85799900e-11
 4.85792552e-08 1.21667514e-05]","[8.12969402e-14 2.61025836e-16 5.29632013e-11 7.90983538e-10
 1.99642295e-10 3.44679787e-12 1.63427346e-13 6.68292563e-09
 3.43091220e-09 3.27246381e-12 1.51432717e-11 3.37412493e-09
 5.31085208e-14 3.43769113e-12 8.00797367e-11 7.74274949e-09
 1.49265371e-08 2.25558645e-11 2.80595970e-09 7.20743277e-11
 1.30994551e-09 2.27400244e-08 7.03874648e-10 2.15963458e-13
 9.29274862e-13 4.15319884e-13 1.01349407e-09 9.58376985e-15
 2.39423677e-09 4.72651770e-08 1.56328655e-13 7.39400259e-13
 1.28094076e-09 2.45747727e-12 9.97680836e-08 4.69758342e-09
 3.21165999e-11 2.04804167e-08 2.08150057e-18 9.26814399e-12
 1.51609254e-10 4.63392093e-13 1.66113428e-09 4.85799441e-18
 3.04709192e-19 2.96764314e-12 2.23411488e-09 1.27500840e-17
 5.14731779e-12 8.68404252e-07]","[0.00114655 0.00129342 0.00134218 0.00093961 0.00107586 0.00133562
 0.00147951 0.00119972 0.00134492 0.00114667 0.00148761 0.00059426
 0.00138152 0.00107205 0.00172639 0.00177729 0.00108123 0.00148463
 0.00092888 0.0009706  0.00211132 0.00070453 0.00091171 0.00198781
 0.00150812 0.0020473  0.00079322 0.00101352 0.00130057 0.00092316
 0.0019995  0.00210488 0.00101268 0.00081217 0.00098825 0.00090694
 0.00162554 0.00100577 0.0027796  0.00109029 0.00121522 0.00164795
 0.00093675 0.00189531 0.00202811 0.00192726 0.00061584 0.00091624
 0.00285184 0.0010699 ]","[0.00594461 0.00368047 0.00308883 0.00233376 0.0029093  0.00495207
 0.00334108 0.00306082 0.00112081 0.00444996 0.00390625 0.00158966
 0.00493407 0.00381625 0.00241411 0.00270355 0.00276089 0.00336838
 0.00224233 0.00417686 0.0035392  0.00152016 0.0025655  0.00459909
 0.00303686 0.00263608 0.00206709 0.00429618 0.00272071 0.00150418
 0.00444388 0.00383484 0.00280631 0.00224042 0.00288665 0.00250447
 0.0042187  0.00263071 0.00611985 0.00255072 0.00237095 0.00429034
 0.0023526  0.00575936 0.00506246 0.00298572 0.00240052 0.00397491
 0.00479555 0.00206697]","[0.02606788 0.02753646 0.02657849 0.02398701 0.02514401 0.02850885
 0.02817199 0.02615901 0.02932918 0.02592345 0.02942213 0.02093178
 0.02807425 0.02455644 0.02885655 0.03157754 0.02527531 0.02708754
 0.02341305 0.0246346  0.03186915 0.02214521 0.02271393 0.03057863
 0.02908168 0.03216235 0.02219323 0.02282917 0.02722764 0.02412754
 0.03203972 0.03027546 0.02389314 0.0232467  0.02456333 0.02294771
 0.02930634 0.0229305  0.03695913 0.02514482 0.02663365 0.0265856
 0.02552632 0.02906626 0.03119768 0.03047707 0.02175167 0.02333482
 0.03679346 0.02565082]","[0.06012984 0.04361748 0.04402905 0.03602939 0.04121873 0.05435728
 0.04096495 0.04144564 0.02400902 0.05269073 0.04696583 0.02921051
 0.05621095 0.04912901 0.0370635  0.03543642 0.0414336  0.04720201
 0.03728139 0.04870124 0.04425753 0.03033649 0.04057784 0.05284159
 0.0423475  0.03628905 0.03567628 0.05108957 0.03801779 0.02994481
 0.0510385  0.04864679 0.0380873  0.03777247 0.04381582 0.03779403
 0.049043   0.04030301 0.05906473 0.03858072 0.03439371 0.05026188
 0.03874746 0.05702702 0.05080975 0.03895233 0.03934487 0.04735
 0.04819623 0.03356601]",0.007577226431266074,0.020580361877176344,0.017181391342377197,0.029082272265237435,0.0033909282201156567,0.013821638627691993,0.007718988741294377,0.016923060233967543,1.116108185574492e-05,2.406328611187135e-05,5.881839140070825e-06,2.782713348538138e-05,0.06412138086080552,0.0792007461643219,0.009302640173460518,0.00992115271940432,0.0013507962226867675,0.0033115005493164064,0.0005139756544335311,0.0011892105141837006,0.026889765199911687,0.04302601277590137,0.0036700436907236666,0.008108141760378081
df2,0.56,1.0,0.0,0.0,1.56,0.0,1.0,"[4.21554189e-03 1.67865304e-03 6.41076366e-06 2.99835482e-05
 1.67865304e-03 1.64147482e-02 1.02917236e-05 8.06268875e-03
 4.65235514e-06 4.85152370e-04 3.00718998e-03 2.87103585e-04
 3.77043497e-03 5.87165796e-02 1.16899447e-03 1.32017364e-03
 1.89004559e-03 1.21765095e-02 3.27832948e-04 4.70847031e-03
 5.51757155e-04 1.16899447e-03 5.40313022e-05 1.03408932e-03
 1.26822204e-04 2.51182002e-04 3.36894521e-03 1.67865304e-03
 1.45688880e-04 2.68158880e-03 2.19534247e-04 1.32017364e-03
 3.00718998e-03 3.77043497e-03 1.32017364e-03 1.32017364e-03
 1.67194217e-04 1.48940867e-03 6.24445815e-05 8.06755085e-04
 4.85152370e-04 5.85633896e-03 4.85152370e-04 3.73964604e-04
 2.90339156e-02 2.42077577e-06 1.80967606e-02 3.36894521e-03
 8.06755085e-04 3.18171260e-02]","[1.99311438e-02 1.64147482e-02 8.15145929e-02 1.03408932e-03
 4.67045972e-05 8.82599083e-02 5.85633896e-03 1.48741570e-02
 1.10005675e-02 2.90339156e-02 2.12592488e-03 1.89004559e-03
 1.03408932e-03 1.84885683e-01 4.21554189e-03 4.21554189e-03
 4.21554189e-03 6.38312357e-02 1.60771824e-01 1.32017364e-03
 2.38884447e-03 3.00718998e-03 1.10287908e-04 3.36894521e-03
 5.85633896e-03 1.67865304e-03 1.99311438e-02 9.92823487e-03
 2.68158880e-03 1.99311438e-02 2.64676308e-02 8.06755085e-04
 3.36894521e-03 5.85633896e-03 4.26159664e-04 3.36894521e-03
 1.34646549e-02 3.27832948e-04 1.21765095e-02 2.12592488e-03
 9.13835051e-04 1.11358879e-01 9.92823487e-03 1.48940867e-03
 6.38312357e-02 1.20265345e-05 5.85633896e-03 4.21554189e-03
 4.95346404e-02 1.72496272e-01]","[4.21554189e-03 1.67865304e-03 6.41076366e-06 2.99835482e-05
 1.67865304e-03 1.64147482e-02 1.02917236e-05 8.06268875e-03
 4.65235514e-06 4.85152370e-04 3.00718998e-03 2.87103585e-04
 3.77043497e-03 5.87165796e-02 1.16899447e-03 1.32017364e-03
 1.89004559e-03 1.21765095e-02 3.27832948e-04 4.70847031e-03
 5.51757155e-04 1.16899447e-03 5.40313022e-05 1.03408932e-03
 1.26822204e-04 2.51182002e-04 3.36894521e-03 1.67865304e-03
 1.45688880e-04 2.68158880e-03 2.19534247e-04 1.32017364e-03
 3.00718998e-03 3.77043497e-03 1.32017364e-03 1.32017364e-03
 1.67194217e-04 1.48940867e-03 6.24445815e-05 8.06755085e-04
 4.85152370e-04 5.85633896e-03 4.85152370e-04 3.73964604e-04
 2.90339156e-02 2.42077577e-06 1.80967606e-02 3.36894521e-03
 8.06755085e-04 3.18171260e-02]","[1.99311438e-02 1.64147482e-02 8.15145929e-02 1.03408932e-03
 4.67045972e-05 8.82599083e-02 5.85633896e-03 1.48741570e-02
 1.10005675e-02 2.90339156e-02 2.12592488e-03 1.89004559e-03
 1.03408932e-03 1.84885683e-01 4.21554189e-03 4.21554189e-03
 4.21554189e-03 6.38312357e-02 1.60771824e-01 1.32017364e-03
 2.38884447e-03 3.00718998e-03 1.10287908e-04 3.36894521e-03
 5.85633896e-03 1.67865304e-03 1.99311438e-02 9.92823487e-03
 2.68158880e-03 1.99311438e-02 2.64676308e-02 8.06755085e-04
 3.36894521e-03 5.85633896e-03 4.26159664e-04 3.36894521e-03
 1.34646549e-02 3.27832948e-04 1.21765095e-02 2.12592488e-03
 9.13835051e-04 1.11358879e-01 9.92823487e-03 1.48940867e-03
 6.38312357e-02 1.20265345e-05 5.85633896e-03 4.21554189e-03
 4.95346404e-02 1.72496272e-01]","[2.00611919e-03 2.06576626e-04 6.77043883e-05 1.18094268e-04
 4.25044736e-04 7.86191783e-03 9.38673777e-06 1.87095200e-03
 2.08005924e-05 1.61401368e-04 1.45176942e-03 2.83211146e-05
 4.18274982e-03 1.72670459e-02 2.26301513e-04 3.15206524e-04
 5.63028749e-04 1.81939601e-03 1.19946318e-03 1.12801626e-03
 1.69290839e-04 6.36485437e-04 1.34694512e-05 1.35898635e-03
 1.14877010e-04 4.07262158e-05 4.87113316e-03 1.27992389e-03
 1.89403375e-04 4.14169037e-04 2.95916786e-04 3.68810170e-04
 4.26652303e-03 4.94793260e-04 1.67761372e-03 6.40658061e-04
 2.21099409e-04 1.10750425e-03 4.54830488e-05 6.56937308e-05
 1.47207829e-05 1.52857763e-03 8.43434096e-06 7.81859992e-05
 3.60505845e-03 3.60551544e-06 3.39094859e-03 1.83430879e-03
 1.18594154e-04 2.68822366e-02]","[2.37351314e-02 1.01004579e-02 2.92728821e-02 5.25125805e-04
 1.16986960e-04 1.61219155e-02 1.79447503e-03 7.40230901e-03
 4.93157704e-03 8.99450312e-03 8.95125940e-03 5.32320560e-04
 1.24314448e-03 1.17752572e-01 2.97113456e-03 4.05230601e-03
 9.46574918e-03 2.79595577e-02 1.41119352e-01 4.65824353e-04
 2.11394038e-03 1.05853080e-02 7.11734701e-05 4.54719929e-03
 8.81408081e-03 9.92969377e-04 1.65260852e-02 1.23603182e-02
 2.31330494e-03 1.98434007e-02 1.10225867e-02 4.11328299e-04
 1.13365932e-02 5.89208601e-03 6.66114124e-04 1.63357081e-03
 1.59587418e-02 1.60613283e-03 9.96000986e-03 1.18108032e-03
 3.43613290e-03 6.73516177e-02 2.87611944e-03 6.49761066e-03
 1.29972695e-02 1.71563299e-05 4.25588671e-03 1.22960422e-02
 1.54776763e-02 1.20165778e-01]","[1.00000000e-05 1.00000000e-05 1.00000000e-05 1.00000000e-05
 1.00000000e-05 1.00000000e-05 1.00000000e-05 1.00000000e-05
 1.00000000e-05 1.00000000e-05 1.00000000e-05 1.00000000e-05
 1.00000000e-05 1.95086952e-05 1.00000000e-05 1.00000000e-05
 1.00000000e-05 1.00000000e-05 1.00000000e-05 1.00000000e-05
 1.00000000e-05 1.00000000e-05 1.00000000e-05 1.00000000e-05
 1.00000000e-05 1.00000000e-05 1.00000000e-05 1.00000000e-05
 1.00000000e-05 1.00000000e-05 1.00000000e-05 1.00000000e-05
 1.00000000e-05 1.00000000e-05 1.00000000e-05 1.00000000e-05
 1.00000000e-05 1.00000000e-05 1.00000000e-05 1.00000000e-05
 1.00000000e-05 1.00000000e-05 1.00000000e-05 1.00000000e-05
 1.00000000e-05 1.00000000e-05 1.00000000e-05 1.00000000e-05
 1.00000000e-05 2.88819230e-05]","[2.35012981e-05 1.00000000e-05 6.35591938e-05 1.00000000e-05
 1.00000000e-05 1.73177541e-05 1.00000000e-05 2.05655848e-05
 1.00000000e-05 1.28269111e-05 1.28189895e-05 1.00000000e-05
 1.00000000e-05 4.32485289e-04 1.00000000e-05 1.00000000e-05
 2.01832974e-05 2.17690936e-05 3.60873301e-04 1.00000000e-05
 1.00000000e-05 1.00000000e-05 1.00000000e-05 1.00000000e-05
 1.00000000e-05 1.00000000e-05 2.90082599e-05 1.26532870e-05
 1.00000000e-05 1.09775778e-05 1.22419123e-05 1.00000000e-05
 1.00000000e-05 1.00000000e-05 1.00000000e-05 1.00000000e-05
 2.10997003e-05 1.00000000e-05 1.00000000e-05 1.00000000e-05
 1.00000000e-05 1.28825513e-04 1.00000000e-05 1.00000000e-05
 1.59222213e-05 1.00000000e-05 1.00000000e-05 1.00000000e-05
 1.00000000e-05 3.65655194e-04]","[0.05816358 0.06931044 0.05602678 0.07173263 0.06595963 0.05581871
 0.06324134 0.0578238  0.06896459 0.05095342 0.0702076  0.06746676
 0.0674312  0.05496231 0.07370943 0.06231764 0.07167677 0.04344704
 0.05240168 0.06366745 0.06996311 0.06608439 0.07300677 0.06581756
 0.06060338 0.0744089  0.05580431 0.06764566 0.07992894 0.05672366
 0.04902473 0.07104939 0.05183878 0.06367449 0.07750207 0.0707127
 0.08173713 0.07782841 0.06290813 0.07346529 0.06807756 0.05655048
 0.06897744 0.0671774  0.05289565 0.08427983 0.07233703 0.06797619
 0.05838884 0.05321745]","[0.0680545  0.08600581 0.06810158 0.08150311 0.0883396  0.06601194
 0.07579165 0.07998029 0.08026345 0.06675025 0.08588688 0.07458166
 0.09784144 0.06505719 0.08494506 0.0795407  0.07720414 0.06499741
 0.0693235  0.08818114 0.07773168 0.07963077 0.09214291 0.07240237
 0.07316528 0.08321023 0.06661493 0.06528342 0.08787811 0.06241053
 0.05922315 0.08503661 0.06528353 0.08051533 0.0849914  0.08835596
 0.08513666 0.08299409 0.0762434  0.08611807 0.08412859 0.07732904
 0.0782959  0.07392181 0.0691014  0.09282672 0.07945375 0.08902458
 0.06791199 0.0515825 ]","[2.53235711e-06 8.46522332e-09 6.73890266e-06 2.14883611e-09
 5.21834957e-08 7.39821616e-06 2.13549134e-07 2.96606993e-06
 1.02560703e-08 5.94308126e-05 5.12254758e-09 2.32867467e-08
 2.37392697e-08 1.08241445e-05 6.77718536e-10 3.40073351e-07
 2.21905096e-09 1.01919374e-03 3.26048259e-05 1.71898916e-07
 5.87780111e-09 4.88456669e-08 1.02506673e-09 5.62542717e-08
 7.91957159e-07 4.47144158e-10 7.44608166e-06 2.11341492e-08
 1.46242932e-11 4.91712664e-06 1.28790044e-04 3.17862522e-09
 4.12562011e-05 1.71281582e-07 6.78043027e-11 3.84972339e-09
 4.52171106e-12 5.53191871e-11 2.52775776e-07 7.82859656e-10
 1.67043949e-08 5.31967588e-06 1.01833887e-08 2.72273068e-08
 2.64654570e-05 8.29985610e-13 1.51505445e-09 1.76548915e-08
 2.27921382e-06 2.30780785e-05]","[1.69161112e-08 2.54914714e-13 1.64866021e-08 5.27139015e-12
 4.97232744e-14 5.07578216e-08 1.94258962e-10 1.41499921e-11
 1.17931651e-11 3.42526465e-08 2.76730592e-13 4.03251374e-10
 4.06445437e-17 8.38608812e-08 5.28092606e-13 1.87513658e-11
 8.15863761e-11 8.65182085e-08 8.40392441e-09 5.56365166e-14
 5.87642971e-11 1.77024920e-11 3.15343890e-15 1.45862835e-09
 9.34039571e-10 1.70425221e-12 3.68250214e-08 7.45038787e-08
 6.89349654e-14 3.24628836e-07 1.53758675e-06 4.96095277e-13
 7.44993564e-08 1.00233378e-11 5.11653130e-13 4.91490677e-14
 4.63305814e-13 1.96873032e-12 1.47449408e-10 2.35877905e-13
 9.19380130e-13 7.55035455e-11 4.12686530e-11 5.97577462e-10
 9.50741845e-09 1.89689100e-15 1.98216206e-11 3.05203148e-14
 1.82839338e-08 4.58836451e-05]","[0.00166595 0.00285661 0.00170147 0.00170648 0.00136721 0.00155246
 0.00145102 0.00102687 0.00134087 0.00156975 0.00207806 0.00179362
 0.00162673 0.00130916 0.00199223 0.00068784 0.00196588 0.00148082
 0.00132561 0.00062275 0.00260305 0.00153828 0.00191629 0.00132406
 0.00186408 0.0020051  0.00046432 0.00171125 0.00251877 0.00152969
 0.00077009 0.00133955 0.000929   0.00128996 0.00166309 0.0014112
 0.00317037 0.0030129  0.00086164 0.00133359 0.00209391 0.0009985
 0.00421762 0.00172627 0.00064468 0.00268197 0.00169659 0.00235403
 0.00124204 0.00066781]","[0.00216246 0.00614715 0.00384402 0.00388372 0.00458634 0.00241411
 0.00127172 0.00441182 0.00260651 0.00211644 0.00450265 0.00235462
 0.00633705 0.00355184 0.00361788 0.00327742 0.00343609 0.0021956
 0.00314999 0.00334477 0.0044198  0.00317979 0.00416851 0.00235975
 0.00232291 0.00413585 0.00188267 0.00221562 0.00500667 0.00105131
 0.00093973 0.0025152  0.00338888 0.00355244 0.00388229 0.00424683
 0.00548291 0.00538242 0.00241423 0.00291479 0.00239921 0.00258923
 0.00494587 0.00289726 0.00320959 0.00551534 0.00274944 0.00583208
 0.00254774 0.00107956]","[0.02904318 0.03671246 0.03015489 0.02963905 0.02834334 0.02800782
 0.02926382 0.02375372 0.02764289 0.03155378 0.03192995 0.03076353
 0.02744654 0.02489811 0.03107419 0.02072218 0.03173979 0.02889392
 0.02802557 0.0205574  0.03552213 0.0283013  0.03154775 0.0259296
 0.03071668 0.0312696  0.01800805 0.02926171 0.03449977 0.03025485
 0.02186492 0.02694761 0.02375581 0.02581156 0.02814144 0.02777802
 0.03719233 0.03552924 0.02221017 0.02676809 0.03467858 0.02467954
 0.04414402 0.0302012  0.02098492 0.03792525 0.02942668 0.03341194
 0.02434035 0.02089525]","[0.0317619  0.05641855 0.04456108 0.04706232 0.05003138 0.03205369
 0.0255532  0.04942873 0.03827042 0.02979219 0.05169494 0.03165172
 0.06251945 0.04443163 0.04343106 0.04483817 0.04089355 0.03145513
 0.04223269 0.04399559 0.04833988 0.04271306 0.04502584 0.03568819
 0.03463428 0.04724881 0.03582135 0.03475774 0.05135785 0.02374276
 0.02407721 0.03818836 0.04809849 0.04422847 0.04816856 0.04872606
 0.05483572 0.05491217 0.03887733 0.04104725 0.03387349 0.0374321
 0.04878259 0.04055221 0.04323869 0.05843927 0.03907628 0.055557
 0.03855441 0.02765448]",0.004696637538551103,0.025067604966998728,0.010290392107714149,0.04516749484342092,0.0019333305447485083,0.016014317965553953,0.004542042294524918,0.03036673404541411,1.0567812364398013e-05,3.804568757112913e-05,2.965178032370516e-06,9.112615132092612e-05,0.0648977697134018,0.07732612022399903,0.00910113361103699,0.009836095540940594,0.0016540217399597169,0.003368802070617676,0.000722440685047389,0.0013326365359795159,0.02884328963246265,0.042114546165836604,0.0051291930058905665,0.00909592728402747
df2,0.6,1.0,0.0,0.0,1.6,0.0,1.0,"[1.67865304e-03 7.25488863e-03 1.45688880e-04 4.26159664e-04
 2.68158880e-03 7.20954134e-05 1.10287908e-04 2.19534247e-04
 1.03408932e-03 1.16899447e-03 8.06268875e-03 4.85152370e-04
 3.00718998e-03 2.87103585e-04 1.10287908e-04 2.38884447e-03
 5.85633896e-03 5.51757155e-04 6.24499263e-07 3.36269816e-06
 4.85152370e-04 2.68158880e-03 2.99835482e-05 1.32017364e-03
 4.26159664e-04 3.36269816e-06 3.27832948e-04 2.12592488e-03
 1.10287908e-04 2.12592488e-03 1.26822204e-04 8.31541824e-05
 2.87103585e-04 5.25376643e-03 1.03408932e-03 6.93218252e-02
 9.58129418e-05 5.46398884e-06 1.32017364e-03 7.20954134e-05
 8.79830246e-06 5.46398884e-06 3.73964604e-04 8.79830246e-06
 5.25376643e-03 2.05084189e-06 4.03308445e-05 1.16899447e-03
 1.89004559e-03 1.48940867e-03]","[5.87165796e-02 2.12592488e-03 1.10287908e-04 1.21765095e-02
 2.38884447e-03 1.67865304e-03 5.25376643e-03 5.87165796e-02
 3.36894521e-03 8.95145539e-03 5.25376643e-03 5.85633896e-03
 1.67865304e-03 3.80948244e-02 9.92823487e-03 6.52148041e-03
 8.15145929e-02 9.13835051e-04 7.51402754e-06 3.18171260e-02
 8.06268875e-03 6.52148041e-03 1.46749215e-06 1.99311438e-02
 1.45688880e-04 2.38884447e-03 3.00718998e-03 1.10005675e-02
 5.25376643e-03 2.19294824e-02 1.90755446e-05 1.99311438e-02
 4.70847031e-03 7.25488863e-03 4.85152370e-04 7.52091658e-02
 1.32017364e-03 1.45688880e-04 6.26876255e-04 1.89004559e-03
 1.10005675e-02 6.41076366e-06 2.68158880e-03 4.65235514e-06
 5.25376643e-03 6.24445815e-05 1.26822204e-04 9.92823487e-03
 3.36894521e-03 6.26876255e-04]","[1.67865304e-03 7.25488863e-03 1.45688880e-04 4.26159664e-04
 2.68158880e-03 7.20954134e-05 1.10287908e-04 2.19534247e-04
 1.03408932e-03 1.16899447e-03 8.06268875e-03 4.85152370e-04
 3.00718998e-03 2.87103585e-04 1.10287908e-04 2.38884447e-03
 5.85633896e-03 5.51757155e-04 6.24499263e-07 3.36269816e-06
 4.85152370e-04 2.68158880e-03 2.99835482e-05 1.32017364e-03
 4.26159664e-04 3.36269816e-06 3.27832948e-04 2.12592488e-03
 1.10287908e-04 2.12592488e-03 1.26822204e-04 8.31541824e-05
 2.87103585e-04 5.25376643e-03 1.03408932e-03 6.93218252e-02
 9.58129418e-05 5.46398884e-06 1.32017364e-03 7.20954134e-05
 8.79830246e-06 5.46398884e-06 3.73964604e-04 8.79830246e-06
 5.25376643e-03 2.05084189e-06 4.03308445e-05 1.16899447e-03
 1.89004559e-03 1.48940867e-03]","[5.87165796e-02 2.12592488e-03 1.10287908e-04 1.21765095e-02
 2.38884447e-03 1.67865304e-03 5.25376643e-03 5.87165796e-02
 3.36894521e-03 8.95145539e-03 5.25376643e-03 5.85633896e-03
 1.67865304e-03 3.80948244e-02 9.92823487e-03 6.52148041e-03
 8.15145929e-02 9.13835051e-04 7.51402754e-06 3.18171260e-02
 8.06268875e-03 6.52148041e-03 1.46749215e-06 1.99311438e-02
 1.45688880e-04 2.38884447e-03 3.00718998e-03 1.10005675e-02
 5.25376643e-03 2.19294824e-02 1.90755446e-05 1.99311438e-02
 4.70847031e-03 7.25488863e-03 4.85152370e-04 7.52091658e-02
 1.32017364e-03 1.45688880e-04 6.26876255e-04 1.89004559e-03
 1.10005675e-02 6.41076366e-06 2.68158880e-03 4.65235514e-06
 5.25376643e-03 6.24445815e-05 1.26822204e-04 9.92823487e-03
 3.36894521e-03 6.26876255e-04]","[1.66540376e-03 1.37101216e-03 2.23020200e-04 1.98725998e-04
 1.26481210e-03 1.56047373e-04 4.21843546e-04 7.34401364e-04
 8.17777945e-05 9.16402852e-04 3.05670287e-03 3.51199573e-04
 1.07677932e-03 1.31555790e-04 2.86304165e-05 9.96038008e-04
 2.52540544e-03 7.90374801e-05 1.07048514e-06 3.27193838e-05
 3.63513260e-04 7.59099413e-04 1.39231359e-05 3.11613616e-03
 4.90113343e-05 1.42485123e-06 1.32822415e-03 4.82013928e-04
 1.10005733e-04 4.22653288e-04 3.69483662e-06 2.72300916e-05
 2.26467922e-04 6.38808921e-04 2.14782493e-03 1.44092942e-02
 6.40907431e-05 3.80984341e-05 2.44998849e-03 1.35876425e-04
 1.59833417e-05 5.96670655e-06 6.84974991e-05 3.03712271e-05
 7.65128020e-04 1.33101044e-05 8.15460145e-06 2.89052900e-05
 3.11210541e-04 3.68032276e-04]","[1.15577466e-02 1.57782039e-02 6.29157082e-04 1.95048430e-03
 1.11338486e-02 1.06217233e-03 4.70933550e-03 4.95373441e-02
 1.44892658e-03 7.14122646e-03 1.77897721e-02 6.98587241e-03
 2.73499181e-03 2.82989780e-02 6.36264239e-03 3.60355999e-02
 7.35643719e-02 5.39418103e-04 1.82336745e-05 6.12473848e-03
 3.10171048e-03 1.27035016e-02 2.05264241e-05 2.54027176e-02
 1.56902840e-04 7.11837844e-04 2.21185298e-03 8.06409574e-03
 3.40162297e-03 3.17851378e-02 4.07749739e-04 3.32646215e-03
 5.62175679e-03 5.39702719e-03 1.68825598e-03 3.41998136e-02
 2.23447377e-03 1.03591249e-03 1.45360303e-03 2.20944416e-03
 6.43085302e-03 6.89003160e-05 2.54059930e-03 2.20846477e-06
 1.03112921e-02 3.76120001e-05 5.21894152e-05 1.57084071e-03
 3.20968053e-03 5.07281451e-03]","[1.00000000e-05 1.00000000e-05 1.00000000e-05 1.00000000e-05
 1.00000000e-05 1.00000000e-05 1.00000000e-05 1.00000000e-05
 1.00000000e-05 1.00000000e-05 1.00000000e-05 1.00000000e-05
 1.00000000e-05 1.00000000e-05 1.00000000e-05 1.00000000e-05
 1.00000000e-05 1.00000000e-05 1.00000000e-05 1.00000000e-05
 1.00000000e-05 1.00000000e-05 1.00000000e-05 1.00000000e-05
 1.00000000e-05 1.00000000e-05 1.00000000e-05 1.00000000e-05
 1.00000000e-05 1.00000000e-05 1.00000000e-05 1.00000000e-05
 1.00000000e-05 1.00000000e-05 1.00000000e-05 1.02460398e-05
 1.00000000e-05 1.00000000e-05 1.00000000e-05 1.00000000e-05
 1.00000000e-05 1.00000000e-05 1.00000000e-05 1.00000000e-05
 1.00000000e-05 1.00000000e-05 1.00000000e-05 1.00000000e-05
 1.00000000e-05 1.00000000e-05]","[1.42275252e-05 1.53477882e-05 1.00000000e-05 1.00000000e-05
 1.00000000e-05 1.00000000e-05 1.00000000e-05 7.88222038e-05
 1.00000000e-05 1.00000000e-05 1.00000000e-05 1.00000000e-05
 1.00000000e-05 1.98511383e-05 1.00000000e-05 1.72110834e-05
 5.01064413e-05 1.00000000e-05 1.00000000e-05 1.00000000e-05
 1.00000000e-05 1.00000000e-05 1.00000000e-05 1.68881559e-05
 1.00000000e-05 1.00000000e-05 1.00000000e-05 1.22146895e-05
 1.00000000e-05 1.27688965e-05 1.00000000e-05 1.00000000e-05
 1.00000000e-05 1.00000000e-05 1.00000000e-05 5.62069437e-05
 1.00000000e-05 1.00000000e-05 1.00000000e-05 1.00000000e-05
 1.00000000e-05 1.00000000e-05 1.00000000e-05 1.00000000e-05
 1.04547848e-05 1.00000000e-05 1.00000000e-05 1.00000000e-05
 1.00000000e-05 1.00000000e-05]","[0.05874453 0.05302452 0.07840083 0.05870638 0.06098914 0.07373734
 0.070273   0.06568025 0.05616401 0.06715893 0.06409898 0.0777069
 0.07299591 0.06661752 0.07885013 0.0614172  0.06273756 0.06443311
 0.08830611 0.05950381 0.05739707 0.06013751 0.0724847  0.05710455
 0.0808998  0.0685483  0.07086275 0.06763174 0.07461915 0.04901595
 0.07305191 0.06109061 0.07511292 0.06672053 0.06392751 0.062932
 0.06480255 0.08492299 0.06707168 0.06622004 0.07403924 0.091492
 0.06547031 0.07808564 0.0667891  0.0899192  0.07606135 0.0700419
 0.06837067 0.07019759]","[0.07839967 0.05963096 0.0840159  0.07449486 0.07763251 0.08461416
 0.09052076 0.07736688 0.06742443 0.0900001  0.08432542 0.08010513
 0.08861728 0.07473144 0.07883003 0.076635   0.068842   0.08315689
 0.09417623 0.07344285 0.07677457 0.07786339 0.09034104 0.06766934
 0.09562792 0.08287409 0.08337877 0.07969218 0.0900332  0.06524616
 0.09463977 0.07376433 0.08885347 0.08140043 0.07933749 0.08660995
 0.07952606 0.08734646 0.08775183 0.08580466 0.07891658 0.10273512
 0.08190262 0.10057321 0.08892289 0.09327683 0.09767009 0.0798124
 0.07962039 0.08214592]","[1.92842670e-06 2.50554852e-05 3.86323955e-11 1.96340470e-06
 6.56119201e-07 6.66616001e-10 4.93712599e-09 6.04808591e-08
 6.33531311e-06 2.74997117e-08 1.37786153e-07 5.96800371e-11
 1.03161595e-09 3.67741496e-08 2.90909599e-11 5.31731458e-07
 2.75471778e-07 1.15977556e-07 5.09191168e-14 1.34520144e-06
 3.61272040e-06 9.92434960e-07 1.39043815e-09 4.13222438e-06
 7.81251193e-12 1.29046681e-08 3.53511296e-09 2.12944879e-08
 3.94297662e-10 1.29235611e-04 9.98300483e-10 6.24309791e-07
 2.93048523e-10 3.48021749e-08 1.50471990e-07 2.49747903e-07
 9.57589488e-08 5.36104648e-13 2.88229146e-08 4.54518278e-08
 5.57321638e-10 5.09773280e-15 6.75455619e-08 4.70921489e-11
 3.35470007e-08 1.60422535e-14 1.64809954e-10 5.62327252e-09
 1.42275772e-08 5.15153350e-09]","[3.86604001e-11 1.26589227e-06 9.92071188e-13 4.24750175e-10
 6.25138839e-11 6.61573239e-13 1.03719272e-14 7.37499846e-11
 2.38264962e-08 1.51309873e-14 8.04749658e-13 1.30588382e-11
 4.08157745e-14 3.68629140e-10 2.94634133e-11 1.15949791e-10
 1.09754735e-08 1.76607283e-12 6.87991286e-16 7.93284656e-10
 1.06399873e-10 5.41230427e-11 1.18189432e-14 2.08642430e-08
 2.27314620e-16 2.13256395e-12 1.52251657e-12 1.70205218e-11
 1.47730369e-14 7.59719595e-08 4.83965188e-16 6.56048285e-10
 3.44900717e-14 5.63761320e-12 2.13467109e-11 1.67677808e-13
 1.89275758e-11 1.00222145e-13 7.53586519e-14 2.92874830e-13
 2.78919071e-11 7.85119185e-19 4.05579859e-12 4.59798856e-18
 3.28218301e-14 1.35471008e-15 4.65042032e-17 1.57592633e-11
 1.78203565e-11 3.45517168e-12]","[0.00112689 0.00099742 0.00261462 0.00109589 0.00161111 0.00243294
 0.00126231 0.00152123 0.00155818 0.00180697 0.00212586 0.00232065
 0.00198233 0.00194108 0.00251472 0.00161016 0.00084865 0.00237608
 0.00358582 0.00150788 0.0017947  0.0010823  0.00269842 0.00106442
 0.0014478  0.00129867 0.00143015 0.00147271 0.00163782 0.00094855
 0.00160003 0.00099277 0.00229418 0.00156271 0.00211179 0.00081217
 0.00135589 0.00259054 0.00078773 0.00172472 0.00109851 0.00373101
 0.00197446 0.00276589 0.00126481 0.00447369 0.00256073 0.00103533
 0.00218725 0.0018127 ]","[0.00357592 0.00200796 0.0047543  0.00264454 0.00430405 0.00468874
 0.00337529 0.00271952 0.00151646 0.00468218 0.00510323 0.00454438
 0.0044322  0.00390244 0.00434005 0.00299704 0.00126612 0.00392008
 0.0056802  0.00238121 0.00422645 0.0017283  0.00555122 0.0015974
 0.00332463 0.00293648 0.00450754 0.00308883 0.00530624 0.00134945
 0.00398993 0.00192904 0.00476873 0.00379372 0.00554335 0.00360119
 0.0036236  0.00517201 0.00373721 0.00296843 0.00274849 0.00662136
 0.00394309 0.00875771 0.00407588 0.00823176 0.004197   0.00346816
 0.00454652 0.00510633]","[0.02487636 0.02398395 0.03490885 0.02532015 0.0284262  0.03271363
 0.02732882 0.02882095 0.03013151 0.03026596 0.03055949 0.03468949
 0.03074933 0.03061424 0.03371335 0.02916017 0.0235948  0.03468966
 0.03957691 0.02808901 0.03043367 0.02487623 0.03628223 0.02571972
 0.02810306 0.02631434 0.0269318  0.02768184 0.02801914 0.02506764
 0.0294442  0.02449356 0.03431141 0.0291744  0.03225533 0.02165439
 0.02735702 0.03278062 0.0212354  0.02990524 0.02445599 0.04195525
 0.03142859 0.03832883 0.0269347  0.04545885 0.03507339 0.02518273
 0.03140551 0.03031431]","[0.04499371 0.03448528 0.05572884 0.0386577  0.0493533  0.04959714
 0.04372443 0.04075854 0.02795063 0.05172184 0.05467938 0.05333237
 0.04707857 0.04744504 0.05219214 0.04150426 0.02863229 0.04259126
 0.05438495 0.03581887 0.04910034 0.03001675 0.0580062  0.02949786
 0.04082084 0.04138532 0.05279437 0.0385869  0.05725716 0.02915651
 0.04764608 0.03465342 0.05268374 0.04469627 0.05561306 0.04606222
 0.04645483 0.05435739 0.04823342 0.04084636 0.04106986 0.06024016
 0.04418206 0.07405031 0.04739518 0.0699738  0.0438125  0.04523783
 0.05106897 0.05783519]",0.002660473020594029,0.011159344438685805,0.009810021263944894,0.019066802357981878,0.0008743105157890407,0.00915668919646296,0.002118391664297775,0.014406434496726534,1.0004920796565853e-05,1.3881993013461613e-05,3.479528620553686e-08,1.2763429222967166e-05,0.06869134827852248,0.08254147330284117,0.009202396118099074,0.00898440705267806,0.001809065341949463,0.003945519924163818,0.0007783715350584435,0.0015461298669820387,0.02989584436581433,0.04654730815080249,0.00500525414197155,0.009834078478362611
df2,0.64,1.0,0.0,0.0,1.6400000000000001,0.0,1.0,"[2.51182002e-04 8.31541824e-05 1.67194217e-04 3.77043497e-03
 2.99835482e-05 1.32017364e-03 4.26159664e-04 1.23948622e-06
 1.91681353e-04 7.11507895e-04 1.16899447e-03 1.45688880e-04
 7.25488863e-03 1.99311438e-02 1.20265345e-05 1.45688880e-04
 2.87103585e-04 1.02917236e-05 4.03308445e-05 5.40313022e-05
 1.67194217e-04 2.38884447e-03 5.40313022e-05 5.51757155e-04
 1.91681353e-04 2.87103585e-04 1.89004559e-03 2.12592488e-03
 7.11507895e-04 3.36894521e-03 8.31541824e-05 8.95145539e-03
 1.90755446e-05 2.22014992e-05 9.13835051e-04 3.00718998e-03
 5.46398884e-06 3.00718998e-03 1.26822204e-04 4.85152370e-04
 1.91681353e-04 2.19534247e-04 5.46398884e-06 2.38884447e-03
 1.73569175e-06 6.26876255e-04 4.21554189e-03 1.63732496e-05
 1.45688880e-04 2.68158880e-03]","[3.00718998e-03 1.26822204e-04 1.80967606e-02 1.67865304e-03
 2.51182002e-04 3.00718998e-03 1.34646549e-02 1.90755446e-05
 4.26159664e-04 3.00718998e-03 2.12592488e-03 3.77043497e-03
 1.80967606e-02 2.64676308e-02 1.48741570e-02 1.10005675e-02
 8.06755085e-04 2.19294824e-02 1.32017364e-03 3.27832948e-04
 4.26159664e-04 5.25376643e-03 4.85152370e-04 8.31541824e-05
 3.27832948e-04 2.90339156e-02 1.67865304e-03 1.49691056e-01
 9.92823487e-03 4.21554189e-03 3.80948244e-02 2.90339156e-02
 7.25488863e-03 5.40313022e-05 2.38884447e-03 1.67865304e-03
 3.73964604e-04 1.89004559e-03 8.06268875e-03 1.21765095e-02
 7.11507895e-04 1.10287908e-04 2.22014992e-05 1.21765095e-02
 5.51757155e-04 1.10005675e-02 3.00718998e-03 1.10287908e-04
 9.58129418e-05 1.48940867e-03]","[2.51182002e-04 8.31541824e-05 1.67194217e-04 3.77043497e-03
 2.99835482e-05 1.32017364e-03 4.26159664e-04 1.23948622e-06
 1.91681353e-04 7.11507895e-04 1.16899447e-03 1.45688880e-04
 7.25488863e-03 1.99311438e-02 1.20265345e-05 1.45688880e-04
 2.87103585e-04 1.02917236e-05 4.03308445e-05 5.40313022e-05
 1.67194217e-04 2.38884447e-03 5.40313022e-05 5.51757155e-04
 1.91681353e-04 2.87103585e-04 1.89004559e-03 2.12592488e-03
 7.11507895e-04 3.36894521e-03 8.31541824e-05 8.95145539e-03
 1.90755446e-05 2.22014992e-05 9.13835051e-04 3.00718998e-03
 5.46398884e-06 3.00718998e-03 1.26822204e-04 4.85152370e-04
 1.91681353e-04 2.19534247e-04 5.46398884e-06 2.38884447e-03
 1.73569175e-06 6.26876255e-04 4.21554189e-03 1.63732496e-05
 1.45688880e-04 2.68158880e-03]","[3.00718998e-03 1.26822204e-04 1.80967606e-02 1.67865304e-03
 2.51182002e-04 3.00718998e-03 1.34646549e-02 1.90755446e-05
 4.26159664e-04 3.00718998e-03 2.12592488e-03 3.77043497e-03
 1.80967606e-02 2.64676308e-02 1.48741570e-02 1.10005675e-02
 8.06755085e-04 2.19294824e-02 1.32017364e-03 3.27832948e-04
 4.26159664e-04 5.25376643e-03 4.85152370e-04 8.31541824e-05
 3.27832948e-04 2.90339156e-02 1.67865304e-03 1.49691056e-01
 9.92823487e-03 4.21554189e-03 3.80948244e-02 2.90339156e-02
 7.25488863e-03 5.40313022e-05 2.38884447e-03 1.67865304e-03
 3.73964604e-04 1.89004559e-03 8.06268875e-03 1.21765095e-02
 7.11507895e-04 1.10287908e-04 2.22014992e-05 1.21765095e-02
 5.51757155e-04 1.10005675e-02 3.00718998e-03 1.10287908e-04
 9.58129418e-05 1.48940867e-03]","[5.65292813e-05 1.54612893e-05 3.87397007e-04 1.45624922e-04
 4.24894174e-05 4.66004462e-05 4.46443346e-05 1.64319795e-05
 2.96624735e-05 1.10598637e-03 1.36397571e-04 2.25865684e-04
 3.72171096e-04 3.46647321e-03 9.54604483e-05 1.80073703e-05
 3.37177491e-04 2.32571681e-05 6.07170223e-05 1.23347424e-05
 7.79173004e-04 5.36255254e-04 5.22457566e-05 4.90346236e-04
 5.98086790e-05 1.33237590e-04 4.60805288e-03 1.18491505e-03
 1.50634832e-04 4.10012626e-04 6.01824608e-04 1.95753328e-03
 7.27421100e-05 3.49197033e-05 1.02349628e-03 1.51426567e-04
 6.54600756e-06 8.12463759e-04 3.44485793e-04 4.35156648e-05
 1.55814472e-04 1.75532187e-05 6.51399481e-07 8.46739725e-04
 4.98633095e-06 4.78016650e-05 1.06529104e-03 4.48038668e-06
 7.11506309e-05 5.80110852e-04]","[3.70500455e-03 9.08800983e-04 2.72350901e-03 1.29242694e-03
 3.40821183e-03 1.60253696e-03 7.03711047e-03 2.33273023e-04
 5.66413023e-04 4.70924715e-03 7.33774534e-04 5.84909001e-03
 2.80591246e-03 2.48647097e-02 9.49249240e-03 6.22356410e-03
 5.17879500e-04 4.36553878e-03 3.65027802e-04 3.64345604e-04
 8.37712582e-04 7.13310036e-03 8.26511979e-04 2.84545091e-03
 3.39112144e-04 1.95024200e-02 1.66337568e-03 6.61247745e-02
 1.12335959e-02 1.99693999e-03 2.09391661e-02 1.87419537e-02
 3.65575624e-03 1.80128118e-05 3.19596092e-03 1.89364992e-03
 1.20287556e-03 1.65395396e-03 6.77732593e-03 6.50387858e-03
 6.97744996e-04 1.29241633e-04 2.30579447e-05 8.43702316e-03
 1.12131959e-03 2.56044125e-03 1.40886028e-03 1.29638311e-04
 1.03086440e-04 7.34594223e-03]","[1.e-05 1.e-05 1.e-05 1.e-05 1.e-05 1.e-05 1.e-05 1.e-05 1.e-05 1.e-05
 1.e-05 1.e-05 1.e-05 1.e-05 1.e-05 1.e-05 1.e-05 1.e-05 1.e-05 1.e-05
 1.e-05 1.e-05 1.e-05 1.e-05 1.e-05 1.e-05 1.e-05 1.e-05 1.e-05 1.e-05
 1.e-05 1.e-05 1.e-05 1.e-05 1.e-05 1.e-05 1.e-05 1.e-05 1.e-05 1.e-05
 1.e-05 1.e-05 1.e-05 1.e-05 1.e-05 1.e-05 1.e-05 1.e-05 1.e-05 1.e-05]","[1.00000000e-05 1.00000000e-05 1.00000000e-05 1.00000000e-05
 1.00000000e-05 1.00000000e-05 1.00000000e-05 1.00000000e-05
 1.00000000e-05 1.00000000e-05 1.00000000e-05 1.00000000e-05
 1.00000000e-05 4.10479685e-05 1.26202977e-05 1.00000000e-05
 1.00000000e-05 1.00000000e-05 1.00000000e-05 1.00000000e-05
 1.00000000e-05 1.00000000e-05 1.00000000e-05 1.00000000e-05
 1.00000000e-05 3.54982628e-05 1.00000000e-05 1.69225033e-04
 1.00000000e-05 1.00000000e-05 2.53504022e-05 2.36052773e-05
 1.00000000e-05 1.00000000e-05 1.00000000e-05 1.00000000e-05
 1.00000000e-05 1.00000000e-05 1.00000000e-05 1.00000000e-05
 1.00000000e-05 1.00000000e-05 1.00000000e-05 1.00000000e-05
 1.00000000e-05 1.00000000e-05 1.00000000e-05 1.00000000e-05
 1.00000000e-05 1.00000000e-05]","[0.06079603 0.08099739 0.05920604 0.05645502 0.07505255 0.07396449
 0.08448708 0.09279479 0.07259949 0.06860998 0.06260654 0.07817248
 0.06348948 0.05292202 0.06603494 0.05892265 0.0784381  0.07323137
 0.06834971 0.08284699 0.07915568 0.06582131 0.07094012 0.06876578
 0.08195977 0.05071211 0.07702023 0.06844973 0.0884095  0.06895011
 0.06092385 0.0518065  0.05870277 0.06572497 0.06648909 0.06931186
 0.0762196  0.06082755 0.05379297 0.05599308 0.07026725 0.07817047
 0.10604067 0.06392154 0.08787359 0.0777661  0.073034   0.06664256
 0.08836683 0.06698341]","[0.07424714 0.09746678 0.07998164 0.07349422 0.08877244 0.07673244
 0.08441192 0.10107782 0.09007498 0.07325677 0.08487237 0.08971225
 0.07877865 0.07164532 0.07928192 0.07157172 0.08365764 0.07976043
 0.08393529 0.08436309 0.0913931  0.08549002 0.09002047 0.08435701
 0.09861564 0.06261135 0.0925872  0.07388348 0.08848535 0.08347023
 0.07134629 0.06924282 0.06790458 0.08294625 0.08589609 0.07999772
 0.08539681 0.08133751 0.06741322 0.06866407 0.08523169 0.08916691
 0.1047958  0.07360574 0.08702086 0.08441465 0.08340217 0.07267695
 0.09946602 0.08363685]","[7.21034001e-07 7.33224813e-12 1.55013973e-06 5.55490345e-06
 3.03909372e-10 5.82628180e-10 7.21208468e-13 1.94261094e-15
 1.30053520e-09 1.24739282e-08 2.94232130e-07 4.45954768e-11
 1.88236738e-07 2.61709184e-05 5.01429340e-08 1.77292975e-06
 3.77361717e-11 8.98460340e-10 1.43921575e-08 2.17136650e-12
 2.39649402e-11 5.61429078e-08 3.38283586e-09 1.14472957e-08
 3.90610235e-12 6.55760087e-05 9.14259350e-11 1.36232647e-08
 4.73154065e-14 1.03386319e-08 6.77406202e-07 4.18136467e-05
 1.96674511e-06 5.90716598e-08 3.93851385e-08 8.45850531e-09
 1.49612848e-10 7.10030287e-07 1.80268466e-05 6.84171748e-06
 4.95314911e-09 4.46518119e-11 4.89085813e-20 1.50933406e-07
 6.91553021e-14 5.75148335e-11 1.00883584e-09 3.62850672e-08
 4.87710875e-14 3.02244248e-08]","[4.92454999e-10 5.45453698e-17 1.41377118e-11 7.69614570e-10
 3.65431691e-14 1.09198280e-10 7.58934092e-13 3.05398507e-18
 1.43330895e-14 8.85142670e-10 5.54937072e-13 1.86264130e-14
 3.04371130e-11 2.25956423e-09 2.21156528e-11 2.35720177e-09
 1.26275572e-12 1.62928113e-11 1.04750728e-12 7.84474024e-13
 5.48204580e-15 3.63662057e-13 1.49097129e-14 7.87713526e-13
 2.20518637e-17 2.93522744e-07 2.26751242e-15 6.11322807e-10
 4.48326989e-14 1.43201778e-12 2.68256871e-09 8.78953831e-09
 1.83579262e-08 2.03251176e-12 2.74977752e-13 1.39924284e-11
 3.87686651e-13 5.87424671e-12 2.39713857e-08 1.21077446e-08
 4.34136554e-13 2.75636143e-14 1.40578332e-19 7.20570469e-10
 1.25895685e-13 7.57530841e-13 1.49884347e-12 1.24310713e-09
 1.12027592e-17 1.28051377e-12]","[0.00217938 0.00279844 0.00170851 0.00230944 0.00352383 0.00120127
 0.00232017 0.00368536 0.00207901 0.00131619 0.00194609 0.00248897
 0.00120974 0.00123882 0.00152409 0.00160837 0.00152266 0.0019753
 0.00284445 0.00240099 0.00113142 0.00251293 0.00163054 0.00190198
 0.00348747 0.00139058 0.00177884 0.00157917 0.00213492 0.00156951
 0.00092494 0.00117826 0.00142777 0.00171971 0.00135052 0.0016979
 0.00294423 0.0012095  0.00203359 0.00114036 0.00200701 0.00207531
 0.00523365 0.0011729  0.00226033 0.00315082 0.00213146 0.00217402
 0.00261164 0.00116646]","[0.00311792 0.00587928 0.00463617 0.00260627 0.00587618 0.00142789
 0.00406063 0.00694656 0.00376773 0.0025084  0.0040307  0.00422585
 0.00248039 0.00363553 0.00187635 0.00331807 0.00453579 0.00358653
 0.00345719 0.00456047 0.00354409 0.00414145 0.00162184 0.00396788
 0.00633872 0.00201273 0.0049324  0.00219834 0.00304639 0.00316381
 0.00208783 0.00300121 0.0029366  0.00431418 0.00331616 0.00400543
 0.00383008 0.00265074 0.00300574 0.00417864 0.00397158 0.00325227
 0.00866365 0.00186431 0.00353754 0.00636232 0.00339794 0.0026716
 0.00555384 0.00172913]","[0.03301002 0.03697604 0.03097473 0.03504537 0.04061661 0.02653884
 0.03376076 0.04255248 0.03169489 0.02622137 0.03165918 0.03552293
 0.02668831 0.02469232 0.02796948 0.02887346 0.02738898 0.03102343
 0.03705314 0.03478108 0.02471402 0.03462611 0.02926942 0.03119806
 0.03833739 0.02840109 0.02838549 0.0281219  0.03167712 0.02905419
 0.02217266 0.02573428 0.02871034 0.02915485 0.0261697  0.02913423
 0.03586899 0.02572481 0.03165229 0.02698153 0.03179638 0.03262062
 0.04705809 0.02735374 0.03209108 0.0381024  0.03253336 0.0324612
 0.0338587  0.02528765]","[0.03926907 0.05842434 0.04908682 0.03416074 0.05816336 0.03029118
 0.04704873 0.06055024 0.0454612  0.03745283 0.04440219 0.04464298
 0.03563945 0.04436823 0.03129977 0.04473392 0.0524384  0.04451331
 0.04064192 0.05241285 0.04778384 0.0456465  0.02799735 0.04701596
 0.05756861 0.03134567 0.05370393 0.03439597 0.04142885 0.0412397
 0.03398226 0.03989691 0.04175914 0.05051562 0.04220655 0.04810662
 0.042973   0.03607759 0.03847324 0.04918887 0.04482322 0.03997323
 0.0682326  0.03169875 0.04459936 0.05860399 0.03984403 0.03653063
 0.05832824 0.03167375]",0.0014970960850228204,0.009504239219559325,0.0032346457565692074,0.022198676208818584,0.00045773809456100433,0.005616215047065061,0.0008516634718229854,0.01043261700719383,1e-05,1.4946944830523633e-05,0.0,2.31105330271043e-05,0.07058040328741073,0.08243143268108369,0.011451010266681265,0.009358746684111463,0.002012176513671875,0.0037166476249694824,0.0008204851635019881,0.0014630875644857453,0.031225902113179053,0.04401231040432265,0.004955953676843283,0.009021867892433482
df2,0.68,1.0,0.0,0.0,1.6800000000000002,0.0,1.0,"[1.67194217e-04 1.40396435e-05 1.10287908e-04 1.32017364e-03
 6.24445815e-05 6.26876255e-04 1.20265345e-05 6.24499263e-07
 1.02917236e-05 6.41076366e-06 1.67865304e-03 1.48940867e-03
 2.58137431e-05 1.10287908e-04 2.19534247e-04 3.27832948e-04
 1.26822204e-04 9.13835051e-04 6.24445815e-05 4.85152370e-04
 1.16899447e-03 2.85456402e-06 1.40396435e-05 6.26876255e-04
 3.73964604e-04 7.20954134e-05 1.10287908e-04 1.03408932e-03
 1.91681353e-04 2.12592488e-03 1.23948622e-06 2.05084189e-06
 2.85456402e-06 6.52148041e-03 1.45688880e-04 1.02917236e-05
 5.51757155e-04 2.42077577e-06 8.06755085e-04 5.25376643e-03
 5.46398884e-06 5.46398884e-06 2.58137431e-05 1.67194217e-04
 2.12592488e-03 2.22014992e-05 2.19534247e-04 1.03408932e-03
 5.51757155e-04 1.89004559e-03]","[9.58129418e-05 1.46749215e-06 2.68158880e-03 1.26822204e-04
 3.27832948e-04 4.67045972e-05 4.21554189e-03 1.63732496e-05
 2.51182002e-04 1.40396435e-05 1.10005675e-02 3.36894521e-03
 5.25376643e-03 3.00718998e-03 9.13835051e-04 1.91681353e-04
 4.26159664e-04 2.38884447e-03 3.36894521e-03 6.26876255e-04
 2.12592488e-03 1.26822204e-04 2.19534247e-04 2.68158880e-03
 1.16899447e-03 1.90755446e-05 1.16899447e-03 6.26876255e-04
 2.12592488e-03 1.64147482e-02 1.10287908e-04 1.63732496e-05
 2.05084189e-06 2.26241661e-01 3.00718998e-03 6.52148041e-03
 7.25488863e-03 6.41076366e-06 1.67865304e-03 1.99311438e-02
 3.27832948e-04 4.85152370e-04 1.26822204e-04 8.06755085e-04
 5.51757155e-04 4.67045972e-05 1.16899447e-03 5.85633896e-03
 4.26159664e-04 1.32017364e-03]","[1.67194217e-04 1.40396435e-05 1.10287908e-04 1.32017364e-03
 6.24445815e-05 6.26876255e-04 1.20265345e-05 6.24499263e-07
 1.02917236e-05 6.41076366e-06 1.67865304e-03 1.48940867e-03
 2.58137431e-05 1.10287908e-04 2.19534247e-04 3.27832948e-04
 1.26822204e-04 9.13835051e-04 6.24445815e-05 4.85152370e-04
 1.16899447e-03 2.85456402e-06 1.40396435e-05 6.26876255e-04
 3.73964604e-04 7.20954134e-05 1.10287908e-04 1.03408932e-03
 1.91681353e-04 2.12592488e-03 1.23948622e-06 2.05084189e-06
 2.85456402e-06 6.52148041e-03 1.45688880e-04 1.02917236e-05
 5.51757155e-04 2.42077577e-06 8.06755085e-04 5.25376643e-03
 5.46398884e-06 5.46398884e-06 2.58137431e-05 1.67194217e-04
 2.12592488e-03 2.22014992e-05 2.19534247e-04 1.03408932e-03
 5.51757155e-04 1.89004559e-03]","[9.58129418e-05 1.46749215e-06 2.68158880e-03 1.26822204e-04
 3.27832948e-04 4.67045972e-05 4.21554189e-03 1.63732496e-05
 2.51182002e-04 1.40396435e-05 1.10005675e-02 3.36894521e-03
 5.25376643e-03 3.00718998e-03 9.13835051e-04 1.91681353e-04
 4.26159664e-04 2.38884447e-03 3.36894521e-03 6.26876255e-04
 2.12592488e-03 1.26822204e-04 2.19534247e-04 2.68158880e-03
 1.16899447e-03 1.90755446e-05 1.16899447e-03 6.26876255e-04
 2.12592488e-03 1.64147482e-02 1.10287908e-04 1.63732496e-05
 2.05084189e-06 2.26241661e-01 3.00718998e-03 6.52148041e-03
 7.25488863e-03 6.41076366e-06 1.67865304e-03 1.99311438e-02
 3.27832948e-04 4.85152370e-04 1.26822204e-04 8.06755085e-04
 5.51757155e-04 4.67045972e-05 1.16899447e-03 5.85633896e-03
 4.26159664e-04 1.32017364e-03]","[6.65002149e-05 9.85094483e-06 1.94184453e-05 1.36071129e-04
 3.05876952e-06 2.25138541e-04 5.81221255e-05 7.59249789e-06
 6.71320144e-07 6.25569818e-06 3.65522803e-04 9.66748260e-04
 2.80998299e-05 1.35999284e-05 8.82592492e-06 1.04265454e-04
 4.72679973e-05 1.05906944e-04 4.24154174e-05 3.05903844e-05
 6.79240289e-05 1.18792287e-05 6.31837306e-05 2.34411046e-04
 7.29074276e-04 6.58708143e-06 1.47515886e-04 1.84898714e-05
 5.46458039e-04 2.73638894e-04 1.08330533e-05 1.22539721e-04
 5.10639491e-06 2.22857856e-03 2.10708320e-05 2.02149347e-05
 3.76099028e-04 6.38498531e-06 4.74473117e-04 6.98943255e-04
 6.60056320e-07 3.64598059e-06 3.76322277e-06 5.54813590e-05
 1.38383684e-04 8.50411862e-06 4.63916131e-05 4.18270791e-04
 1.43358886e-04 5.65422101e-04]","[1.12907732e-04 2.56564152e-05 2.78011519e-03 2.74428802e-04
 1.27935801e-04 5.96902542e-05 2.09936092e-03 4.41727464e-05
 3.34329382e-04 1.63948895e-05 2.25828828e-02 1.70182609e-02
 5.62011402e-04 1.82270468e-03 7.45784242e-04 7.73312198e-04
 5.11868564e-04 1.96159604e-03 1.57400091e-03 1.76242419e-04
 3.95365612e-03 1.56687658e-04 1.13252788e-03 3.38396333e-03
 2.58092327e-03 6.53894665e-05 7.77996279e-04 1.01905711e-03
 7.55128479e-03 1.65970802e-02 5.06620250e-05 4.86614237e-04
 3.10807009e-05 7.14198651e-02 9.84665512e-04 6.26085214e-03
 4.00974859e-03 8.17796099e-05 1.90600614e-03 2.13254034e-02
 2.18211789e-05 2.95018625e-04 1.15758309e-04 8.31646399e-04
 1.19852583e-03 4.56130866e-04 1.80225479e-03 1.63532455e-03
 2.97988603e-03 4.86093458e-04]","[1.e-05 1.e-05 1.e-05 1.e-05 1.e-05 1.e-05 1.e-05 1.e-05 1.e-05 1.e-05
 1.e-05 1.e-05 1.e-05 1.e-05 1.e-05 1.e-05 1.e-05 1.e-05 1.e-05 1.e-05
 1.e-05 1.e-05 1.e-05 1.e-05 1.e-05 1.e-05 1.e-05 1.e-05 1.e-05 1.e-05
 1.e-05 1.e-05 1.e-05 1.e-05 1.e-05 1.e-05 1.e-05 1.e-05 1.e-05 1.e-05
 1.e-05 1.e-05 1.e-05 1.e-05 1.e-05 1.e-05 1.e-05 1.e-05 1.e-05 1.e-05]","[1.00000000e-05 1.00000000e-05 1.00000000e-05 1.00000000e-05
 1.00000000e-05 1.00000000e-05 1.00000000e-05 1.00000000e-05
 1.00000000e-05 1.00000000e-05 3.28156699e-05 1.09411168e-05
 1.00000000e-05 1.00000000e-05 1.00000000e-05 1.00000000e-05
 1.00000000e-05 1.00000000e-05 1.00000000e-05 1.00000000e-05
 1.00000000e-05 1.00000000e-05 1.00000000e-05 1.00000000e-05
 1.00000000e-05 1.00000000e-05 1.00000000e-05 1.00000000e-05
 1.00000000e-05 1.34579053e-05 1.00000000e-05 1.00000000e-05
 1.00000000e-05 7.83628745e-05 1.00000000e-05 1.00000000e-05
 1.00000000e-05 1.00000000e-05 1.00000000e-05 1.02960434e-05
 1.00000000e-05 1.00000000e-05 1.00000000e-05 1.00000000e-05
 1.00000000e-05 1.00000000e-05 1.00000000e-05 1.00000000e-05
 1.00000000e-05 1.00000000e-05]","[0.07880853 0.08138553 0.0766037  0.07822046 0.07008929 0.07431172
 0.06880173 0.07229319 0.07763847 0.07908408 0.07198119 0.06471836
 0.07240463 0.0718367  0.07662254 0.06649838 0.07668292 0.09382799
 0.07619983 0.06558362 0.0696251  0.08566703 0.07608548 0.07274543
 0.0697711  0.07991199 0.07045814 0.07857302 0.07979182 0.05631347
 0.09313795 0.07645218 0.08768971 0.07146684 0.0791394  0.0543439
 0.07445403 0.08925082 0.07020871 0.0600987  0.08594164 0.06760732
 0.07902557 0.075674   0.07159831 0.07401206 0.06440848 0.06467194
 0.05864266 0.07043586]","[0.09033856 0.09747665 0.08230725 0.0944046  0.08285516 0.08968851
 0.08465858 0.08646565 0.08645464 0.10299287 0.08691827 0.08120072
 0.07594088 0.08739925 0.08641091 0.08460331 0.08963094 0.09118671
 0.0812698  0.08161881 0.07769484 0.0933048  0.08394858 0.08611271
 0.08579993 0.09105114 0.08440494 0.08488441 0.09276096 0.06131277
 0.10191393 0.09453316 0.10771642 0.07137256 0.08711135 0.06930423
 0.08182843 0.0986377  0.083601   0.06623517 0.09559306 0.09737029
 0.08177819 0.08186892 0.08887144 0.0786002  0.07646257 0.08023029
 0.07867997 0.08878155]","[2.98672213e-11 5.69278897e-12 1.18204170e-10 4.32719289e-11
 5.47537864e-09 4.73848753e-10 1.12223500e-08 1.55410654e-09
 6.22820633e-11 2.50802995e-11 1.86183841e-09 1.00041444e-07
 1.45670991e-09 2.02377665e-09 1.16841669e-10 3.91903361e-08
 1.12580031e-10 8.95072523e-16 1.51433863e-10 6.36387683e-08
 7.10305969e-09 3.21995290e-13 1.62398103e-10 1.19439527e-09
 6.54600915e-09 1.47842140e-11 4.44694255e-09 3.46595369e-11
 1.59684959e-11 5.92222123e-06 1.50324209e-15 1.29736627e-10
 7.87315242e-14 2.50348635e-09 2.42141314e-11 1.41952560e-05
 4.35246591e-10 2.59547624e-14 5.11933186e-09 1.01118693e-06
 2.66467082e-13 2.15785350e-08 2.60292679e-11 2.08663880e-10
 2.32145098e-09 5.66398539e-10 1.17463572e-07 1.02481599e-07
 2.02318957e-06 4.50331673e-09]","[1.18402818e-14 5.41252343e-17 3.10597466e-12 5.78646319e-16
 2.15960028e-12 1.89478481e-14 6.41893064e-13 1.85372514e-13
 1.86794908e-13 6.34331376e-19 1.35251095e-13 6.42280023e-12
 1.77381091e-10 9.65766336e-14 1.92553316e-13 6.66470121e-13
 1.97502923e-14 6.37822528e-15 6.13979148e-12 4.88665891e-12
 6.01307539e-11 1.32659631e-15 1.03816283e-12 2.36754354e-13
 2.93829832e-13 7.04389288e-15 7.62533763e-13 5.50398589e-13
 1.99224245e-15 5.59785163e-07 1.54331394e-18 5.24827403e-16
 1.15748566e-20 2.64250666e-09 1.18174206e-13 8.49447890e-09
 4.25853061e-12 2.16694614e-17 1.31172303e-12 4.50878436e-08
 2.33487509e-16 5.88275780e-17 4.40144597e-12 4.14669462e-12
 3.40502514e-14 3.40701344e-11 1.28911932e-10 1.20479310e-11
 3.23963009e-11 3.63064724e-14]","[0.00302112 0.0033474  0.00212371 0.00188959 0.00210679 0.00279629
 0.00168622 0.00177264 0.00263166 0.0036447  0.00304508 0.00105357
 0.0024966  0.00177085 0.0019896  0.00174236 0.00178957 0.00318885
 0.00140369 0.00165403 0.00157452 0.00245976 0.00154698 0.00216126
 0.0020889  0.00197017 0.00148642 0.00248599 0.00200462 0.00125015
 0.00262904 0.00280607 0.00344837 0.00248015 0.00319707 0.00137532
 0.00145459 0.0032078  0.00216293 0.00080752 0.00283718 0.00176203
 0.00239336 0.00266731 0.00148511 0.00103021 0.00085914 0.00133526
 0.00131786 0.00219476]","[0.00700116 0.00584126 0.00281715 0.00322926 0.00184989 0.00544369
 0.00234807 0.00470722 0.00398183 0.00634646 0.00471389 0.00374305
 0.00272596 0.00347316 0.0037179  0.0040226  0.00319099 0.00543571
 0.00216651 0.00274265 0.00274956 0.00461221 0.00359726 0.00515628
 0.00583041 0.00378156 0.00385964 0.0037843  0.00487459 0.00194454
 0.00469542 0.00540602 0.0065459  0.00463438 0.00391793 0.00329602
 0.00272536 0.00579059 0.00447083 0.00126815 0.00448191 0.00401151
 0.00232244 0.00326335 0.00332177 0.00280046 0.00202942 0.00214064
 0.00276911 0.00525177]","[0.03838842 0.03785687 0.03327045 0.03056067 0.03325529 0.03791883
 0.02942473 0.03153107 0.03575076 0.04006324 0.03673229 0.02610721
 0.03425935 0.03008265 0.03077524 0.03018268 0.02962659 0.03814709
 0.02745555 0.02869502 0.02829425 0.0340675  0.02829006 0.03205522
 0.03159596 0.03127319 0.02858412 0.03507851 0.03090573 0.02598477
 0.03393428 0.03478873 0.04010389 0.03420205 0.03853157 0.02819327
 0.027523   0.03830044 0.03264378 0.02227869 0.03764983 0.02894103
 0.03466627 0.0352004  0.02644854 0.02309683 0.02272793 0.02687933
 0.02628791 0.03350586]","[0.06212257 0.05513824 0.03984887 0.03995495 0.03001852 0.05359621
 0.03473303 0.05293423 0.04364571 0.05194451 0.04911956 0.05063787
 0.03833067 0.04275594 0.04616667 0.04602489 0.04206113 0.05675241
 0.03551701 0.03649624 0.03843693 0.04943336 0.04513642 0.05318179
 0.05712504 0.04417754 0.04735768 0.04051108 0.05616373 0.03104191
 0.04911142 0.05437756 0.05744976 0.0509382  0.04074003 0.04197851
 0.0369432  0.05563021 0.04749002 0.02907061 0.04593112 0.04585302
 0.0342847  0.03890883 0.0433957  0.04350512 0.03510114 0.0316771
 0.04059652 0.05295464]",0.0006567351384314193,0.0068177898222362065,0.001238040008161764,0.031913755771684184,0.00019386420805798333,0.004144027195455886,0.0003687546137019275,0.011035272415962789,1e-05,1.1917472198545984e-05,0.0,1.012486620964993e-05,0.0740159101319313,0.08591175182342532,0.008428888170355867,0.008967820905664005,0.0021126842498779296,0.003896634578704834,0.0007191720559385879,0.001352836897382378,0.03184233842974399,0.04492604343215339,0.004621255612063334,0.00817335709128988
df2,0.72,1.0,0.0,0.0,1.72,0.0,1.0,"[8.72433497e-08 1.45688880e-04 3.95729931e-06 2.58137431e-05
 7.20954134e-05 4.65235514e-06 2.42077577e-06 1.26822204e-04
 1.91681353e-04 7.11507895e-04 9.13835051e-04 4.03308445e-05
 9.58129418e-05 5.24820678e-07 2.87103585e-04 9.13835051e-04
 1.23948622e-06 1.11358879e-01 9.13835051e-04 1.45688880e-04
 1.10287908e-04 2.19534247e-04 1.23948622e-06 1.04864874e-07
 7.20954134e-05 2.99835482e-05 2.68158880e-03 3.73964604e-04
 2.38884447e-03 5.51757155e-04 3.09615598e-07 2.87103585e-04
 2.19534247e-04 2.05084189e-06 2.85456402e-06 2.83236331e-08
 3.27832948e-04 1.40396435e-05 7.11507895e-04 2.51182002e-04
 1.10287908e-04 5.51757155e-04 1.32017364e-03 8.79830246e-06
 1.90755446e-05 3.36269816e-06 3.27832948e-04 5.40313022e-05
 6.41076366e-06 1.40396435e-05]","[2.83236331e-08 6.26876255e-04 4.70847031e-03 4.85152370e-04
 5.24820678e-07 8.81579698e-07 5.46398884e-06 1.10287908e-04
 1.03408932e-03 8.06755085e-04 2.12592488e-03 4.21554189e-03
 3.47919250e-05 4.65235514e-06 6.24445815e-05 7.11507895e-04
 6.24445815e-05 5.39576008e-02 6.93218252e-02 7.25488863e-03
 2.12592488e-03 3.27832948e-04 1.10287908e-04 5.24820678e-07
 2.38884447e-03 6.41076366e-06 3.77043497e-03 2.19534247e-04
 5.85633896e-03 2.87103585e-04 6.24499263e-07 6.52148041e-03
 8.79830246e-06 3.73964604e-04 4.67045972e-05 2.68158880e-03
 9.13835051e-04 1.32017364e-03 2.68158880e-03 9.58129418e-05
 1.16899447e-03 2.19294824e-02 1.48741570e-02 4.26159664e-04
 1.91681353e-04 5.46398884e-06 3.27832948e-04 1.63732496e-05
 2.87103585e-04 1.67194217e-04]","[8.72433497e-08 1.45688880e-04 3.95729931e-06 2.58137431e-05
 7.20954134e-05 4.65235514e-06 2.42077577e-06 1.26822204e-04
 1.91681353e-04 7.11507895e-04 9.13835051e-04 4.03308445e-05
 9.58129418e-05 5.24820678e-07 2.87103585e-04 9.13835051e-04
 1.23948622e-06 1.11358879e-01 9.13835051e-04 1.45688880e-04
 1.10287908e-04 2.19534247e-04 1.23948622e-06 1.04864874e-07
 7.20954134e-05 2.99835482e-05 2.68158880e-03 3.73964604e-04
 2.38884447e-03 5.51757155e-04 3.09615598e-07 2.87103585e-04
 2.19534247e-04 2.05084189e-06 2.85456402e-06 2.83236331e-08
 3.27832948e-04 1.40396435e-05 7.11507895e-04 2.51182002e-04
 1.10287908e-04 5.51757155e-04 1.32017364e-03 8.79830246e-06
 1.90755446e-05 3.36269816e-06 3.27832948e-04 5.40313022e-05
 6.41076366e-06 1.40396435e-05]","[2.83236331e-08 6.26876255e-04 4.70847031e-03 4.85152370e-04
 5.24820678e-07 8.81579698e-07 5.46398884e-06 1.10287908e-04
 1.03408932e-03 8.06755085e-04 2.12592488e-03 4.21554189e-03
 3.47919250e-05 4.65235514e-06 6.24445815e-05 7.11507895e-04
 6.24445815e-05 5.39576008e-02 6.93218252e-02 7.25488863e-03
 2.12592488e-03 3.27832948e-04 1.10287908e-04 5.24820678e-07
 2.38884447e-03 6.41076366e-06 3.77043497e-03 2.19534247e-04
 5.85633896e-03 2.87103585e-04 6.24499263e-07 6.52148041e-03
 8.79830246e-06 3.73964604e-04 4.67045972e-05 2.68158880e-03
 9.13835051e-04 1.32017364e-03 2.68158880e-03 9.58129418e-05
 1.16899447e-03 2.19294824e-02 1.48741570e-02 4.26159664e-04
 1.91681353e-04 5.46398884e-06 3.27832948e-04 1.63732496e-05
 2.87103585e-04 1.67194217e-04]","[5.51063573e-07 1.16609286e-04 7.62921802e-06 1.09571279e-05
 5.99316751e-05 3.35677962e-07 8.63675889e-06 1.23406312e-03
 2.71769199e-05 1.51531477e-04 2.92215721e-04 6.91037553e-05
 7.38808337e-06 3.66628699e-06 8.06409300e-05 3.07759174e-04
 4.75704913e-06 2.84882120e-02 6.31245987e-04 5.48976512e-05
 2.42686157e-05 1.92701510e-04 2.38728213e-06 1.32778543e-06
 1.96926702e-05 1.76262639e-05 5.95945849e-04 6.21583810e-05
 5.18117722e-04 2.10032176e-04 7.22945955e-06 1.09785093e-05
 3.93500767e-05 3.99071993e-06 1.79214498e-06 5.23712526e-07
 2.28712439e-05 8.02130321e-06 2.27219634e-04 7.90660708e-04
 2.22239757e-05 2.75643083e-05 4.17920570e-04 1.33676249e-06
 4.51460699e-06 2.48736564e-06 1.15016887e-05 6.41298641e-06
 1.86974703e-05 2.90134268e-07]","[3.81823935e-07 1.54604795e-03 4.73748810e-04 1.36286244e-04
 3.29742515e-07 1.45709169e-05 2.19816550e-05 1.81184244e-03
 7.36742726e-04 7.31170092e-04 1.17217811e-03 4.69230311e-03
 2.06171680e-04 5.08001512e-05 3.30782172e-05 2.02377134e-03
 2.99336893e-05 1.86194207e-02 4.88666010e-02 2.74109112e-03
 1.68800560e-03 3.43239096e-04 8.28042182e-04 2.84616834e-05
 4.40463986e-03 9.54073116e-05 2.17400069e-03 3.09265889e-04
 5.44334892e-03 3.42588282e-03 3.94041237e-06 5.69831300e-03
 7.12622042e-05 7.90328886e-05 1.23155658e-04 1.33493126e-03
 3.63421375e-04 4.67559439e-04 1.10614585e-03 9.60523622e-04
 2.18102046e-03 6.56146767e-03 4.69307434e-02 4.75881789e-04
 5.09692101e-05 1.35574735e-05 6.66229767e-04 5.43042537e-05
 6.32505167e-04 3.51738091e-04]","[1.00000000e-05 1.00000000e-05 1.00000000e-05 1.00000000e-05
 1.00000000e-05 1.00000000e-05 1.00000000e-05 1.00000000e-05
 1.00000000e-05 1.00000000e-05 1.00000000e-05 1.00000000e-05
 1.00000000e-05 1.00000000e-05 1.00000000e-05 1.00000000e-05
 1.00000000e-05 4.08819873e-05 1.00000000e-05 1.00000000e-05
 1.00000000e-05 1.00000000e-05 1.00000000e-05 1.00000000e-05
 1.00000000e-05 1.00000000e-05 1.00000000e-05 1.00000000e-05
 1.00000000e-05 1.00000000e-05 1.00000000e-05 1.00000000e-05
 1.00000000e-05 1.00000000e-05 1.00000000e-05 1.00000000e-05
 1.00000000e-05 1.00000000e-05 1.00000000e-05 1.00000000e-05
 1.00000000e-05 1.00000000e-05 1.00000000e-05 1.00000000e-05
 1.00000000e-05 1.00000000e-05 1.00000000e-05 1.00000000e-05
 1.00000000e-05 1.00000000e-05]","[1.00000000e-05 1.00000000e-05 1.00000000e-05 1.00000000e-05
 1.00000000e-05 1.00000000e-05 1.00000000e-05 1.00000000e-05
 1.00000000e-05 1.00000000e-05 1.00000000e-05 1.00000000e-05
 1.00000000e-05 1.00000000e-05 1.00000000e-05 1.00000000e-05
 1.00000000e-05 6.89859041e-05 7.94510188e-05 1.00000000e-05
 1.00000000e-05 1.00000000e-05 1.00000000e-05 1.00000000e-05
 1.00000000e-05 1.00000000e-05 1.00000000e-05 1.00000000e-05
 1.00000000e-05 1.00000000e-05 1.00000000e-05 1.00000000e-05
 1.00000000e-05 1.00000000e-05 1.00000000e-05 1.00000000e-05
 1.00000000e-05 1.00000000e-05 1.00000000e-05 1.00000000e-05
 1.00000000e-05 1.00000000e-05 2.30930671e-05 1.00000000e-05
 1.00000000e-05 1.00000000e-05 1.00000000e-05 1.00000000e-05
 1.00000000e-05 1.00000000e-05]","[0.0944976  0.08014184 0.05301763 0.07452923 0.07286648 0.08659235
 0.07506602 0.08027363 0.07203321 0.0817308  0.07598822 0.06479444
 0.07545317 0.08371856 0.07545319 0.06211049 0.08989926 0.05835707
 0.07980191 0.06448959 0.07024586 0.09090314 0.08768517 0.07514846
 0.06857865 0.08144016 0.06889788 0.07487543 0.06857244 0.06627049
 0.0821643  0.06247109 0.06825032 0.07381861 0.08806387 0.0679136
 0.0672792  0.06557222 0.06551013 0.07383419 0.0666085  0.08463399
 0.06562619 0.08241566 0.08128031 0.07712917 0.07789742 0.08069971
 0.08410286 0.08338442]","[0.10958508 0.09142464 0.06838774 0.08937386 0.10218182 0.09613851
 0.09473366 0.10387036 0.09132057 0.10374355 0.08593039 0.07951145
 0.09179225 0.09953592 0.08856446 0.06631808 0.09536217 0.06918116
 0.08588805 0.08377211 0.07850806 0.10397196 0.09877034 0.08975969
 0.07802211 0.09703507 0.09044595 0.08690549 0.07798935 0.08084499
 0.09810448 0.07237771 0.09533871 0.09298268 0.09482373 0.07832239
 0.08219187 0.08118386 0.08577035 0.08410475 0.07232871 0.08521309
 0.07332184 0.08895525 0.0923608  0.08315031 0.09371433 0.09831465
 0.09658052 0.08307547]","[5.39199926e-16 1.27540496e-11 2.51290533e-05 4.16106042e-10
 1.11282210e-09 1.69743615e-13 3.01452016e-10 1.17160751e-11
 1.80668950e-09 4.54053713e-12 1.72332388e-10 9.61634483e-08
 2.38576782e-10 1.21208948e-12 2.38573956e-10 3.77120899e-07
 1.62750292e-14 2.31338179e-06 1.58655702e-11 1.12637849e-07
 5.01325178e-09 7.84882350e-15 7.89836117e-14 2.86832620e-10
 1.26909574e-08 5.49305811e-12 1.06416469e-08 3.38093127e-10
 1.27343918e-08 4.42490281e-08 3.41350352e-12 3.14926466e-07
 1.51980291e-08 6.35290643e-10 6.04533954e-14 1.82679035e-08
 2.57721165e-08 6.40217172e-08 6.61468797e-08 6.29451961e-10
 3.69519304e-08 6.52713998e-13 6.22284162e-08 2.89103164e-12
 6.09782020e-12 8.54654895e-11 5.29832820e-11 8.89565658e-12
 9.35501979e-13 1.51677310e-12]","[2.25895349e-21 5.35649581e-15 1.40949577e-08 2.37612292e-14
 1.23869379e-18 1.53356814e-16 4.50586338e-16 3.05668110e-19
 5.78189209e-15 3.39812619e-19 2.68544561e-13 1.91048968e-11
 4.08641149e-15 1.05933800e-17 4.23796138e-14 4.31427850e-08
 2.78757309e-16 9.09577459e-09 2.76506441e-13 1.16920499e-12
 3.61089233e-11 2.80779689e-19 1.95042929e-17 1.80000953e-14
 4.90051390e-11 7.64460456e-17 1.09517919e-14 1.36463559e-13
 5.00211557e-11 8.09562100e-12 3.30380593e-17 1.47967818e-09
 2.83816274e-16 1.68836790e-15 4.20706076e-16 4.05867493e-11
 3.35196082e-12 6.49383356e-12 2.99882295e-13 9.34305773e-13
 1.52239467e-09 4.39699756e-13 8.51901298e-10 3.20715053e-14
 2.68303605e-15 1.77385557e-12 9.75125927e-16 2.79859313e-17
 1.08891779e-16 1.86473202e-12]","[0.00311458 0.00300133 0.0014106  0.00202453 0.00181377 0.00306475
 0.00162053 0.00188076 0.00213945 0.00191534 0.00140774 0.00131214
 0.00216556 0.00157619 0.00149417 0.00094604 0.00297999 0.00174499
 0.00194049 0.00182927 0.0018177  0.00301361 0.00221026 0.00215018
 0.00099635 0.00282907 0.00274312 0.00315773 0.00167692 0.00181425
 0.0031054  0.00217021 0.00160527 0.00332773 0.0030148  0.00216949
 0.00272024 0.00185752 0.0013597  0.00258195 0.00168729 0.00343597
 0.00203753 0.00362635 0.00259447 0.00156379 0.00272846 0.00262463
 0.00143111 0.00291085]","[0.0069809  0.00464404 0.00126982 0.00574136 0.00465691 0.00499165
 0.00351357 0.00428748 0.00474143 0.00471449 0.00238299 0.0035913
 0.00310349 0.00355065 0.00365949 0.00302565 0.00492418 0.00527549
 0.00368345 0.00380886 0.00250757 0.00696361 0.00284505 0.00456274
 0.00297225 0.00428903 0.00584984 0.0044297  0.00379002 0.00411117
 0.00499487 0.0019213  0.00295472 0.0053283  0.00475013 0.00358236
 0.0038445  0.00378323 0.00271213 0.00332189 0.00299489 0.0040884
 0.00406396 0.00438893 0.00496483 0.00263762 0.00335562 0.00456011
 0.00323296 0.00352359]","[0.036089   0.0368225  0.02804131 0.03176633 0.02986959 0.03862545
 0.0289754  0.03036483 0.03107841 0.03048278 0.02725405 0.02547548
 0.03309871 0.02788831 0.02893857 0.02354216 0.03674846 0.03119285
 0.03085411 0.03102157 0.0299627  0.03610038 0.03326192 0.03433093
 0.02409324 0.03701498 0.03692723 0.03876447 0.03010632 0.02983825
 0.03893348 0.03353788 0.03026669 0.03909841 0.03758065 0.03272936
 0.03550071 0.03181395 0.02720422 0.03525445 0.02865174 0.03940984
 0.03004527 0.04051667 0.03603382 0.02773369 0.03776385 0.03447076
 0.02839997 0.03710555]","[0.06293925 0.04753765 0.02403451 0.06064788 0.04823933 0.05115608
 0.04040267 0.04779162 0.04975616 0.05034707 0.03462957 0.04467932
 0.03903921 0.04476794 0.04264824 0.04390113 0.05137066 0.05619502
 0.04546278 0.04455943 0.03628707 0.06259447 0.03741544 0.05152097
 0.04284372 0.04481497 0.05390851 0.04666985 0.04381756 0.04608787
 0.04902401 0.02974467 0.03854474 0.04985914 0.05050143 0.04304341
 0.04242004 0.04502057 0.03635206 0.03810416 0.04124885 0.0451137
 0.04889752 0.04602212 0.04972994 0.03912845 0.03953433 0.04818844
 0.04336077 0.04090475]",0.0025323485197959387,0.004293248094641889,0.015714125236069333,0.01255021306028719,0.0006965430926678451,0.0034155089716082056,0.004017924617020963,0.009637212357694451,1.0617639745733146e-05,1.283059979902993e-05,4.367372525382423e-06,1.2836169029387648e-05,0.07504176290035248,0.08822168620109558,0.0090633677325657,0.010130501886560587,0.002206883430480957,0.00399744987487793,0.0006859406139616722,0.0011438752286164994,0.0326116248588734,0.04521618097641432,0.004334543737842714,0.007359639910848213
df2,0.76,1.0,0.0,0.0,1.76,0.0,1.0,"[7.11507895e-04 4.67045972e-05 9.13835051e-04 4.65235514e-06
 3.95729931e-06 5.40313022e-05 2.19534247e-04 3.27832948e-04
 9.58129418e-05 6.41076366e-06 3.73964604e-04 7.11507895e-04
 7.20954134e-05 3.27832948e-04 1.90755446e-05 2.58137431e-05
 9.13835051e-04 8.79830246e-06 1.10287908e-04 2.19534247e-04
 7.20954134e-05 1.02917236e-05 8.72433497e-08 4.03308445e-05
 7.20954134e-05 1.40396435e-05 3.36269816e-06 8.31541824e-05
 6.24445815e-05 2.99835482e-05 2.19534247e-04 1.02917236e-05
 2.22014992e-05 1.63732496e-05 2.99835482e-05 4.85152370e-04
 2.99835482e-05 3.09615598e-07 2.05084189e-06 1.81007354e-07
 1.10287908e-04 4.03308445e-05 5.51757155e-04 9.58129418e-05
 1.89004559e-03 2.85456402e-06 1.26822204e-04 9.58129418e-05
 2.22014992e-05 1.45688880e-04]","[2.68158880e-03 1.67194217e-04 2.38884447e-03 1.45688880e-04
 1.45688880e-04 2.87103585e-04 1.32017364e-03 3.77043497e-03
 6.24445815e-05 9.58129418e-05 8.31541824e-05 1.48741570e-02
 9.13835051e-04 2.68158880e-03 1.48940867e-03 7.11507895e-04
 7.11507895e-04 7.51402754e-06 5.85633896e-03 8.31541824e-05
 1.48940867e-03 2.22014992e-05 1.51046944e-07 1.45688880e-04
 8.31541824e-05 4.26159664e-04 8.79830246e-06 4.85152370e-04
 6.52148041e-03 1.02917236e-05 3.77043497e-03 6.26876255e-04
 7.20954134e-05 5.25376643e-03 2.58137431e-05 5.40313022e-05
 1.67865304e-03 2.16691945e-07 3.00718998e-03 1.90755446e-05
 8.95145539e-03 2.51182002e-04 2.12592488e-03 1.67865304e-03
 2.87103585e-04 5.46398884e-06 1.16899447e-03 6.26876255e-04
 9.92823487e-03 1.91681353e-04]","[7.11507895e-04 4.67045972e-05 9.13835051e-04 4.65235514e-06
 3.95729931e-06 5.40313022e-05 2.19534247e-04 3.27832948e-04
 9.58129418e-05 6.41076366e-06 3.73964604e-04 7.11507895e-04
 7.20954134e-05 3.27832948e-04 1.90755446e-05 2.58137431e-05
 9.13835051e-04 8.79830246e-06 1.10287908e-04 2.19534247e-04
 7.20954134e-05 1.02917236e-05 8.72433497e-08 4.03308445e-05
 7.20954134e-05 1.40396435e-05 3.36269816e-06 8.31541824e-05
 6.24445815e-05 2.99835482e-05 2.19534247e-04 1.02917236e-05
 2.22014992e-05 1.63732496e-05 2.99835482e-05 4.85152370e-04
 2.99835482e-05 3.09615598e-07 2.05084189e-06 1.81007354e-07
 1.10287908e-04 4.03308445e-05 5.51757155e-04 9.58129418e-05
 1.89004559e-03 2.85456402e-06 1.26822204e-04 9.58129418e-05
 2.22014992e-05 1.45688880e-04]","[2.68158880e-03 1.67194217e-04 2.38884447e-03 1.45688880e-04
 1.45688880e-04 2.87103585e-04 1.32017364e-03 3.77043497e-03
 6.24445815e-05 9.58129418e-05 8.31541824e-05 1.48741570e-02
 9.13835051e-04 2.68158880e-03 1.48940867e-03 7.11507895e-04
 7.11507895e-04 7.51402754e-06 5.85633896e-03 8.31541824e-05
 1.48940867e-03 2.22014992e-05 1.51046944e-07 1.45688880e-04
 8.31541824e-05 4.26159664e-04 8.79830246e-06 4.85152370e-04
 6.52148041e-03 1.02917236e-05 3.77043497e-03 6.26876255e-04
 7.20954134e-05 5.25376643e-03 2.58137431e-05 5.40313022e-05
 1.67865304e-03 2.16691945e-07 3.00718998e-03 1.90755446e-05
 8.95145539e-03 2.51182002e-04 2.12592488e-03 1.67865304e-03
 2.87103585e-04 5.46398884e-06 1.16899447e-03 6.26876255e-04
 9.92823487e-03 1.91681353e-04]","[1.44183387e-04 2.47819627e-06 8.73040602e-05 3.15748197e-07
 4.18013847e-07 8.46532399e-05 1.09862742e-04 1.56242306e-04
 3.97567284e-06 5.28502182e-05 3.09669267e-04 3.61868412e-04
 3.84035701e-06 4.22259986e-05 7.87013621e-07 3.25061782e-06
 2.85068830e-04 2.48893290e-06 4.63322250e-05 9.83232040e-05
 5.40947836e-05 7.73216875e-06 9.63562458e-08 2.45460201e-06
 4.12156877e-05 1.26734342e-05 8.90173186e-07 1.04559964e-05
 8.01813530e-06 1.00117960e-05 2.05612260e-05 6.13164366e-07
 2.26270173e-06 1.74064499e-05 2.58091094e-05 3.79841887e-05
 1.10613497e-06 4.46556664e-06 1.56886225e-05 5.18996504e-07
 2.04676858e-05 1.46716420e-04 2.96793284e-05 9.67931172e-05
 1.42078395e-04 7.18519655e-07 3.13702576e-05 2.03887124e-05
 6.44339167e-06 4.76082052e-05]","[1.65516564e-03 4.03029612e-05 2.54642705e-03 1.34227492e-04
 3.83357119e-04 7.76744871e-05 2.14118890e-03 2.17137921e-03
 4.93652690e-05 1.21929757e-03 7.72896272e-05 1.84793838e-02
 5.09489555e-04 1.27541740e-03 1.74988505e-04 8.73576205e-05
 3.57854702e-05 9.66158021e-05 5.75742691e-03 1.11067277e-03
 8.12819467e-04 7.11793203e-05 9.15020011e-07 6.11676032e-05
 2.80445181e-04 9.07516414e-05 7.56577112e-05 2.81805701e-04
 3.01908510e-03 9.24826201e-04 2.95358197e-03 1.01634787e-04
 6.03509422e-05 1.99688357e-03 8.90160859e-05 4.94292435e-04
 8.54630233e-04 1.27669598e-06 4.00104801e-03 2.74760631e-05
 8.61212942e-03 1.35236001e-03 1.87959093e-03 4.66160823e-03
 1.92459585e-04 7.83086236e-05 1.81512316e-03 1.22600480e-03
 7.06214092e-03 6.55452469e-04]","[1.e-05 1.e-05 1.e-05 1.e-05 1.e-05 1.e-05 1.e-05 1.e-05 1.e-05 1.e-05
 1.e-05 1.e-05 1.e-05 1.e-05 1.e-05 1.e-05 1.e-05 1.e-05 1.e-05 1.e-05
 1.e-05 1.e-05 1.e-05 1.e-05 1.e-05 1.e-05 1.e-05 1.e-05 1.e-05 1.e-05
 1.e-05 1.e-05 1.e-05 1.e-05 1.e-05 1.e-05 1.e-05 1.e-05 1.e-05 1.e-05
 1.e-05 1.e-05 1.e-05 1.e-05 1.e-05 1.e-05 1.e-05 1.e-05 1.e-05 1.e-05]","[1.00000000e-05 1.00000000e-05 1.00000000e-05 1.00000000e-05
 1.00000000e-05 1.00000000e-05 1.00000000e-05 1.00000000e-05
 1.00000000e-05 1.00000000e-05 1.00000000e-05 1.24874257e-05
 1.00000000e-05 1.00000000e-05 1.00000000e-05 1.00000000e-05
 1.00000000e-05 1.00000000e-05 1.00000000e-05 1.00000000e-05
 1.00000000e-05 1.00000000e-05 1.00000000e-05 1.00000000e-05
 1.00000000e-05 1.00000000e-05 1.00000000e-05 1.00000000e-05
 1.00000000e-05 1.00000000e-05 1.00000000e-05 1.00000000e-05
 1.00000000e-05 1.00000000e-05 1.00000000e-05 1.00000000e-05
 1.00000000e-05 1.00000000e-05 1.00000000e-05 1.00000000e-05
 1.00000000e-05 1.00000000e-05 1.00000000e-05 1.00000000e-05
 1.00000000e-05 1.00000000e-05 1.00000000e-05 1.00000000e-05
 1.00000000e-05 1.00000000e-05]","[0.0779878  0.07483609 0.06595449 0.08769033 0.0700305  0.08526346
 0.08017681 0.08196269 0.08246621 0.08070927 0.07638426 0.0651413
 0.08072653 0.06521977 0.08080796 0.068646   0.07822285 0.09198087
 0.06684372 0.08173817 0.08075067 0.07788117 0.09082311 0.08304112
 0.07040958 0.08347996 0.08558456 0.0736709  0.06717477 0.08119334
 0.06595958 0.07054456 0.07853007 0.060652   0.08651867 0.07466432
 0.07278141 0.08506297 0.05874549 0.06690758 0.07064476 0.08418219
 0.07987397 0.08016274 0.07501818 0.07458895 0.0695871  0.06096078
 0.07318377 0.0784542 ]","[0.09279125 0.08848715 0.07601375 0.10104789 0.09165558 0.11356816
 0.09415998 0.10227143 0.09793872 0.09085575 0.09213858 0.08027773
 0.09051177 0.08223967 0.08841719 0.08422681 0.08301481 0.09813257
 0.07777232 0.09168398 0.08430372 0.08939384 0.11570393 0.09081155
 0.09037543 0.08949025 0.09774405 0.09439574 0.08009915 0.09320587
 0.07625955 0.09155421 0.09182179 0.0633058  0.10031949 0.09116886
 0.08314805 0.09864461 0.0633579  0.08230717 0.07415859 0.09494001
 0.09150101 0.08911048 0.09004454 0.09091789 0.07765504 0.07772003
 0.07643087 0.09486454]","[5.00696322e-11 3.46181213e-10 5.23254410e-08 7.86966716e-14
 5.65941946e-09 4.24794328e-13 1.24700986e-11 3.89860000e-12
 2.79587753e-12 8.84068735e-12 1.35257266e-10 8.02558329e-08
 8.74233133e-12 7.70287596e-08 8.29257686e-12 1.22288653e-08
 4.32070496e-11 3.55508616e-15 3.25787184e-08 4.51862939e-12
 8.60655884e-12 5.35246982e-11 8.32114579e-15 1.90795432e-12
 4.57072463e-09 1.42269984e-12 3.40787783e-13 6.93343223e-10
 2.72658783e-08 6.45378390e-12 5.21848128e-08 4.23472297e-09
 3.56111033e-11 7.73447085e-07 1.78667348e-13 3.83768652e-10
 1.16955820e-09 4.87242015e-13 1.92756154e-06 3.14811780e-08
 4.00099701e-09 8.86662634e-13 1.51492893e-11 1.25836350e-11
 3.10265850e-10 4.01496529e-10 7.25548672e-09 6.65284754e-07
 9.23949665e-10 3.73555145e-11]","[1.94775618e-15 4.47752081e-14 1.69668734e-10 3.12919574e-18
 4.51957492e-15 6.31268223e-23 6.96508921e-16 1.15071069e-18
 3.76486561e-17 8.12525102e-15 3.16356344e-15 1.16851112e-11
 1.04400073e-14 3.24781451e-12 4.70576560e-14 8.60306126e-13
 1.94172214e-12 3.23139537e-17 5.72919018e-11 4.42598606e-15
 8.16665481e-13 2.34226994e-14 8.79052208e-24 8.39163890e-15
 1.15275049e-14 2.18546772e-14 4.38792295e-17 5.82553497e-16
 1.31091759e-11 1.42870268e-15 1.45998376e-10 4.86974709e-15
 3.99833232e-15 2.06672628e-07 5.64388042e-18 6.46220365e-15
 1.77653008e-12 2.15510254e-17 2.01273554e-07 3.10613131e-12
 5.19127885e-10 3.85000194e-16 5.06407743e-15 2.87005238e-14
 1.46523186e-14 7.76472442e-15 6.16420203e-11 5.91928620e-11
 1.31444915e-10 4.07817550e-16]","[0.00296485 0.00215149 0.00172102 0.00324118 0.00208342 0.00279844
 0.00295722 0.0024966  0.00306058 0.00265956 0.00266981 0.00185382
 0.00348079 0.00161588 0.00287235 0.00207555 0.00214171 0.00246274
 0.00210869 0.00265372 0.00203383 0.00221848 0.00222802 0.00302076
 0.00158012 0.0029968  0.00262427 0.00240684 0.00242829 0.00235033
 0.00180972 0.00217187 0.00326931 0.00187683 0.00345314 0.00180602
 0.0017674  0.0031147  0.00220132 0.00218189 0.00260711 0.00221515
 0.0019958  0.00309861 0.00183117 0.00326335 0.00262737 0.00342607
 0.00137115 0.00219166]","[0.00545073 0.00273907 0.00318623 0.00453508 0.00334632 0.00667489
 0.00715947 0.00548327 0.00545514 0.00412762 0.006024   0.00253272
 0.00547707 0.00239491 0.00232768 0.00291348 0.00565052 0.00475812
 0.00344217 0.00535774 0.00381339 0.00323164 0.00529993 0.00520146
 0.00302541 0.00547338 0.00395155 0.00514388 0.00355732 0.00430524
 0.00203669 0.00285399 0.00300312 0.00355864 0.00582767 0.00341797
 0.00327504 0.0067203  0.00243115 0.00366998 0.00505042 0.00351584
 0.00407648 0.00469494 0.00422287 0.00454068 0.00285971 0.00555944
 0.00199711 0.00367129]","[0.03745469 0.03403439 0.02992212 0.03845387 0.03284004 0.0368667
 0.03633927 0.03456301 0.03669464 0.03759632 0.03596378 0.03151005
 0.04012222 0.0289983  0.0384487  0.03182712 0.03236727 0.03369464
 0.032111   0.03590421 0.03149559 0.03296611 0.03251843 0.0372152
 0.02864696 0.03753051 0.03527551 0.03430125 0.03413813 0.03305486
 0.03161462 0.03412885 0.04003575 0.03097573 0.03897174 0.03020797
 0.03001852 0.03607339 0.03336062 0.03287095 0.03648885 0.03334876
 0.03187293 0.03729623 0.03002686 0.03904428 0.03626165 0.04176876
 0.02798445 0.0338454 ]","[0.05218461 0.03624398 0.04133098 0.04687193 0.04214243 0.05924179
 0.06372991 0.05312272 0.05365855 0.04527443 0.05714561 0.03483937
 0.05418934 0.03663074 0.03084631 0.03725451 0.06124625 0.05188854
 0.04334026 0.05708066 0.04420642 0.03949595 0.05289952 0.05186991
 0.03779953 0.05514174 0.04364393 0.05194622 0.04012346 0.04914831
 0.03156285 0.03614358 0.03568665 0.04321315 0.05693352 0.04388329
 0.0417804  0.0631516  0.03539338 0.04483598 0.05437265 0.04304682
 0.04566502 0.05161377 0.04736372 0.04678159 0.03882057 0.05331188
 0.03501633 0.04566327]",0.00018905173048675139,0.0017478670310420567,0.00033916525960724206,0.002963490045525846,5.224923540654291e-05,0.0016351367000001882,8.137026647251936e-05,0.0030680912615876914,1e-05,1.0049748513386389e-05,0.0,3.517751116946458e-07,0.07607643161058426,0.08883918115615845,0.0080136473286702,0.010192977051365756,0.0024447369575500487,0.004180455207824707,0.0005494316666612303,0.0013122844584458379,0.03438102449134922,0.04637555885813548,0.003271609027499885,0.008502293190508088
df2,0.8,1.0,0.0,0.0,1.8,0.0,1.0,"[1.23948622e-06 1.59199965e-08 2.22014992e-05 3.36269816e-06
 2.51182002e-04 1.20265345e-05 3.36269816e-06 1.45688880e-04
 5.40313022e-05 4.00670801e-09 3.36269816e-06 3.27832948e-04
 2.05084189e-06 9.58129418e-05 1.02917236e-05 1.32017364e-03
 1.45688880e-04 8.81579698e-07 2.85456402e-06 3.79972059e-11
 3.36894521e-03 2.58137431e-05 1.10287908e-04 2.05084189e-06
 5.24820678e-07 1.26822204e-04 2.05084189e-06 6.26876255e-04
 1.10287908e-04 3.95729931e-06 6.41076366e-06 6.41076366e-06
 4.99357648e-08 6.24499263e-07 5.40313022e-05 6.41076366e-06
 4.26159664e-04 2.99835482e-05 2.22014992e-05 4.99357648e-08
 2.85456402e-06 2.16691945e-07 4.67045972e-05 6.26876255e-04
 1.02917236e-05 1.91681353e-04 1.46749215e-06 8.06755085e-04
 4.85152370e-04 3.47919250e-05]","[3.27832948e-04 9.13835051e-04 7.51402754e-06 6.26876255e-04
 2.19534247e-04 3.73964604e-04 2.99835482e-05 4.85152370e-04
 6.26876255e-04 3.95729931e-06 2.87103585e-04 7.51402754e-06
 6.24499263e-07 2.19294824e-02 1.10287908e-04 4.16212987e-02
 2.19294824e-02 6.02037032e-08 1.02917236e-05 2.16691945e-07
 2.12592488e-03 3.36894521e-03 5.51757155e-04 4.26159664e-04
 2.38884447e-03 8.06755085e-04 7.42361542e-07 7.11507895e-04
 2.87103585e-04 9.13835051e-04 7.25488863e-03 2.68158880e-03
 5.46398884e-06 3.73964604e-04 1.32017364e-03 6.26876255e-04
 9.58129418e-05 4.85152370e-04 2.99835482e-05 5.25376643e-03
 4.03308445e-05 2.38884447e-03 1.67865304e-03 1.03408932e-03
 5.40313022e-05 6.26876255e-04 1.45688880e-04 9.13835051e-04
 1.03408932e-03 3.00718998e-03]","[1.23948622e-06 1.59199965e-08 2.22014992e-05 3.36269816e-06
 2.51182002e-04 1.20265345e-05 3.36269816e-06 1.45688880e-04
 5.40313022e-05 4.00670801e-09 3.36269816e-06 3.27832948e-04
 2.05084189e-06 9.58129418e-05 1.02917236e-05 1.32017364e-03
 1.45688880e-04 8.81579698e-07 2.85456402e-06 3.79972059e-11
 3.36894521e-03 2.58137431e-05 1.10287908e-04 2.05084189e-06
 5.24820678e-07 1.26822204e-04 2.05084189e-06 6.26876255e-04
 1.10287908e-04 3.95729931e-06 6.41076366e-06 6.41076366e-06
 4.99357648e-08 6.24499263e-07 5.40313022e-05 6.41076366e-06
 4.26159664e-04 2.99835482e-05 2.22014992e-05 4.99357648e-08
 2.85456402e-06 2.16691945e-07 4.67045972e-05 6.26876255e-04
 1.02917236e-05 1.91681353e-04 1.46749215e-06 8.06755085e-04
 4.85152370e-04 3.47919250e-05]","[3.27832948e-04 9.13835051e-04 7.51402754e-06 6.26876255e-04
 2.19534247e-04 3.73964604e-04 2.99835482e-05 4.85152370e-04
 6.26876255e-04 3.95729931e-06 2.87103585e-04 7.51402754e-06
 6.24499263e-07 2.19294824e-02 1.10287908e-04 4.16212987e-02
 2.19294824e-02 6.02037032e-08 1.02917236e-05 2.16691945e-07
 2.12592488e-03 3.36894521e-03 5.51757155e-04 4.26159664e-04
 2.38884447e-03 8.06755085e-04 7.42361542e-07 7.11507895e-04
 2.87103585e-04 9.13835051e-04 7.25488863e-03 2.68158880e-03
 5.46398884e-06 3.73964604e-04 1.32017364e-03 6.26876255e-04
 9.58129418e-05 4.85152370e-04 2.99835482e-05 5.25376643e-03
 4.03308445e-05 2.38884447e-03 1.67865304e-03 1.03408932e-03
 5.40313022e-05 6.26876255e-04 1.45688880e-04 9.13835051e-04
 1.03408932e-03 3.00718998e-03]","[3.16245109e-06 1.70719789e-07 1.07317139e-05 2.63350552e-06
 4.98843888e-06 1.27152222e-05 2.80125342e-05 1.11701956e-04
 4.78441665e-05 4.31991811e-08 6.79914502e-07 1.91927795e-05
 1.73884519e-06 5.01955836e-05 7.88864445e-07 1.00053619e-03
 9.35226052e-06 8.76823457e-06 2.22028345e-06 1.07754295e-07
 1.00152537e-03 1.64121041e-04 1.44711578e-05 4.14646824e-06
 3.55250215e-07 9.43958246e-05 1.00071272e-06 1.01310653e-04
 3.29390852e-05 4.38363339e-06 1.15223757e-05 1.86863731e-05
 3.87426285e-07 4.33069026e-07 7.00744353e-06 1.00773490e-05
 1.19534782e-05 2.38542829e-05 2.21591396e-06 7.19644495e-08
 1.48516503e-06 4.31359601e-06 2.72465656e-05 1.96588616e-04
 3.08290943e-07 2.18523071e-05 3.85295965e-07 1.58551169e-04
 1.37295581e-04 1.10961645e-05]","[1.81235968e-04 2.20932037e-04 1.48977130e-05 9.51034402e-05
 8.65460520e-04 1.22550630e-04 3.43865684e-05 6.15453514e-04
 5.46866036e-04 1.55387770e-05 2.30993071e-04 3.48438705e-06
 2.05198006e-05 4.18370094e-03 1.08609855e-04 3.29432610e-02
 5.93965143e-03 7.98137204e-06 1.75764879e-04 4.07948950e-07
 5.24030049e-03 2.43904412e-03 3.20560855e-03 2.89823468e-04
 5.91059299e-03 1.91705366e-04 7.74886093e-06 1.02344406e-03
 3.36056203e-04 5.44092123e-03 2.61271955e-03 1.18992136e-03
 1.45440552e-06 2.02060126e-04 1.38164854e-03 2.92165093e-04
 5.33597801e-05 1.91224277e-04 7.84381480e-05 1.87024109e-03
 1.91901343e-04 1.51470496e-03 1.17463433e-03 9.29541897e-04
 3.25972317e-05 1.38326285e-03 1.20389652e-05 4.99380655e-04
 1.32638953e-03 7.92584127e-04]","[1.e-05 1.e-05 1.e-05 1.e-05 1.e-05 1.e-05 1.e-05 1.e-05 1.e-05 1.e-05
 1.e-05 1.e-05 1.e-05 1.e-05 1.e-05 1.e-05 1.e-05 1.e-05 1.e-05 1.e-05
 1.e-05 1.e-05 1.e-05 1.e-05 1.e-05 1.e-05 1.e-05 1.e-05 1.e-05 1.e-05
 1.e-05 1.e-05 1.e-05 1.e-05 1.e-05 1.e-05 1.e-05 1.e-05 1.e-05 1.e-05
 1.e-05 1.e-05 1.e-05 1.e-05 1.e-05 1.e-05 1.e-05 1.e-05 1.e-05 1.e-05]","[1.00000000e-05 1.00000000e-05 1.00000000e-05 1.00000000e-05
 1.00000000e-05 1.00000000e-05 1.00000000e-05 1.00000000e-05
 1.00000000e-05 1.00000000e-05 1.00000000e-05 1.00000000e-05
 1.00000000e-05 1.00000000e-05 1.00000000e-05 1.88235924e-05
 1.00000000e-05 1.00000000e-05 1.00000000e-05 1.00000000e-05
 1.00000000e-05 1.00000000e-05 1.00000000e-05 1.00000000e-05
 1.00000000e-05 1.00000000e-05 1.00000000e-05 1.00000000e-05
 1.00000000e-05 1.00000000e-05 1.00000000e-05 1.00000000e-05
 1.00000000e-05 1.00000000e-05 1.00000000e-05 1.00000000e-05
 1.00000000e-05 1.00000000e-05 1.00000000e-05 1.00000000e-05
 1.00000000e-05 1.00000000e-05 1.00000000e-05 1.00000000e-05
 1.00000000e-05 1.00000000e-05 1.00000000e-05 1.00000000e-05
 1.00000000e-05 1.00000000e-05]","[0.09620155 0.0744019  0.07776597 0.08284064 0.06737118 0.08201622
 0.07056716 0.07830044 0.06240941 0.08963664 0.08131394 0.07708967
 0.09433898 0.07938188 0.08959579 0.06094162 0.06892715 0.08776955
 0.08732106 0.09742722 0.07762685 0.07234997 0.08064993 0.08670233
 0.06988249 0.07305894 0.08394788 0.07474004 0.0852895  0.0676746
 0.0695415  0.07030147 0.08842924 0.07706069 0.0641093  0.06406549
 0.06428641 0.08491188 0.07626315 0.06416831 0.0812373  0.07058765
 0.07361017 0.07272082 0.08467271 0.07679499 0.07053846 0.06633573
 0.07949727 0.07992104]","[0.09667807 0.08598733 0.09450927 0.09929523 0.08484893 0.08807118
 0.0863511  0.09866539 0.08733254 0.09918729 0.08596394 0.09912707
 0.10397072 0.09285045 0.09669701 0.07368055 0.06999023 0.10437389
 0.10035052 0.10569614 0.08657843 0.08305373 0.09036797 0.09125383
 0.06532374 0.09696259 0.10357614 0.07610536 0.0952635  0.07345156
 0.08041226 0.08618722 0.09899362 0.09319581 0.076859   0.08437982
 0.08386834 0.08413633 0.09224803 0.07901645 0.09466897 0.07994654
 0.08565041 0.08996001 0.08960004 0.08792228 0.08685974 0.08656631
 0.08555293 0.08746157]","[1.46061228e-16 4.49017291e-10 5.75196628e-11 2.18056173e-12
 2.45226177e-08 3.76357058e-12 4.18087074e-09 4.11508312e-11
 3.24810350e-07 1.96693816e-14 5.96537399e-12 8.75816396e-11
 6.08181415e-16 2.07512418e-11 2.02566201e-14 6.71547755e-07
 1.04707767e-08 7.44228683e-14 1.02024786e-13 5.62622851e-17
 6.27347645e-11 1.50371506e-09 9.18722762e-12 1.57233881e-13
 6.14986160e-09 9.94188832e-10 1.03865530e-12 3.66732973e-10
 4.17283719e-13 2.08046400e-08 7.44256954e-09 4.85844748e-09
 4.66565600e-14 8.91660595e-11 1.37056546e-07 1.40179303e-07
 1.25105303e-07 5.40182836e-13 1.45676953e-10 1.32956847e-07
 6.27138213e-12 4.13260931e-09 7.18689443e-10 1.21168613e-09
 6.35753343e-13 1.05068377e-10 4.24935953e-09 4.27393423e-08
 1.92786809e-11 1.46986034e-11]","[1.00944570e-16 2.58190318e-13 5.34443144e-16 1.28410519e-17
 5.63872234e-13 6.01412138e-14 2.00714763e-13 2.11987038e-17
 1.01205957e-13 1.39961387e-17 2.62395697e-13 1.46846414e-17
 2.81070764e-19 1.86359574e-15 9.94694844e-17 6.89396450e-10
 5.78895133e-09 2.00485581e-19 5.50432480e-18 6.55899562e-20
 1.71394990e-13 1.89196572e-12 1.15901417e-14 6.07198476e-15
 7.29461655e-08 8.08909144e-17 3.90720197e-19 1.60437928e-10
 3.00648432e-16 7.89222426e-10 1.07136046e-11 2.24855304e-13
 1.63316047e-17 1.43950406e-15 1.01000793e-10 7.75627591e-13
 1.09585642e-12 9.14581427e-13 2.91713336e-15 2.61802942e-11
 4.73330564e-16 1.44599632e-11 3.25698190e-13 1.55760191e-14
 2.01947333e-14 6.68180813e-14 1.40891380e-13 1.72845765e-13
 3.48278107e-13 9.24399319e-14]","[0.00183833 0.00289667 0.00207603 0.00471044 0.00189507 0.00339305
 0.00103188 0.00243962 0.00115693 0.00352228 0.00231278 0.00290489
 0.00297117 0.00248682 0.00345814 0.00180316 0.00233185 0.0032841
 0.00315619 0.00241816 0.00208664 0.00203991 0.00181401 0.00370884
 0.00262642 0.00255275 0.00210249 0.00250554 0.00285625 0.00189042
 0.00173473 0.00359404 0.00341094 0.00260198 0.00233138 0.00257993
 0.00250304 0.00211048 0.00346816 0.00214803 0.00328088 0.00279236
 0.0015105  0.00227797 0.00256729 0.00342155 0.00230873 0.00225258
 0.00119174 0.00307488]","[0.00273621 0.00353873 0.00274861 0.00794065 0.00279486 0.00620699
 0.00319099 0.00482273 0.00290608 0.00602603 0.00328898 0.00497973
 0.0046562  0.00407016 0.00471771 0.0033325  0.00228286 0.00444591
 0.00474012 0.00477362 0.00428796 0.0032115  0.00371969 0.00595641
 0.00361526 0.00506234 0.00496995 0.00331473 0.00425553 0.00168848
 0.00294507 0.00373793 0.00603771 0.00525463 0.00335896 0.00370955
 0.00498581 0.00422454 0.00547481 0.00461209 0.00511205 0.00479615
 0.00216174 0.00469446 0.00353265 0.00441945 0.00225163 0.00365114
 0.00261223 0.00344038]","[0.03054458 0.03783891 0.03215399 0.04556321 0.03152821 0.04002765
 0.02560832 0.03383062 0.02557167 0.04026946 0.0328055  0.0375583
 0.03647577 0.03377593 0.04014918 0.03076616 0.03349404 0.03954595
 0.03856022 0.03317613 0.0312178  0.03062945 0.03019348 0.04106251
 0.03591306 0.03437308 0.03116137 0.03470242 0.03642839 0.03127545
 0.02993748 0.04101046 0.0396458  0.03627731 0.03393899 0.03585234
 0.03593996 0.03287204 0.04056908 0.03224709 0.03890382 0.03658806
 0.02962412 0.03256847 0.03498588 0.0408175  0.03334476 0.03292596
 0.02550268 0.03855963]","[0.03939899 0.04032611 0.03355529 0.06142024 0.03999659 0.06009133
 0.04234027 0.04963611 0.03873562 0.05490775 0.04063781 0.0504242
 0.0495915  0.04668219 0.04992439 0.04311672 0.03395014 0.0443238
 0.04841782 0.05012722 0.04836131 0.04055053 0.04666588 0.05412657
 0.04293068 0.05015534 0.05085251 0.03912569 0.04671802 0.02929099
 0.04060347 0.04205093 0.0524522  0.05335327 0.04136239 0.04212026
 0.05043687 0.04947216 0.05010117 0.05357456 0.04827451 0.05063162
 0.03213205 0.04953688 0.04185158 0.04406659 0.03104061 0.04155952
 0.04194044 0.03891262]",0.00019077613297706776,0.002602895273033698,0.0005236908859924919,0.007132386155288116,6.759132478904472e-05,0.0017228462692478242,0.00019833074179293828,0.004788836508753783,1e-05,1.0176471847975289e-05,0.0,1.2478444039184626e-06,0.07713188200235367,0.08898098818778993,0.009109307743658058,0.009138281300504052,0.00254863977432251,0.004105889797210693,0.0007311822295541639,0.0012262480716776622,0.034766244054592034,0.045237106171728166,0.004378089717085559,0.007018107507627412
df3,0.0,1.0,0.0,0.0,1.6,0.0,1.0,"[0.69212796 0.27423335 0.16077182 0.25747545 0.97808957 0.31007573
 0.55967522 0.88359176 0.53390728 0.8633028  0.79482654 0.41323244
 0.94837208 0.88359176 0.81875363 0.91946676 0.50859953 0.58582128
 0.81875363 0.25747545 0.79482654 0.39108739 0.27423335 0.96996014
 0.88359176 0.00652148 0.96007647 0.19796045 0.88359176 0.77002924
 0.91946676 0.00806269 0.39108739 0.94837208 0.32916807 0.98957839
 0.00525377 0.69212796 0.81875363 0.18488568 0.74453538 0.77002924
 0.16077182 0.1200888  0.77002924 0.55967522 0.50859953 0.69212796
 0.93482727 0.27423335]","[9.60076470e-01 9.89578389e-01 1.11358879e-01 2.91764847e-01
 6.38860419e-01 9.19466758e-01 1.97960446e-01 2.57475452e-01
 2.11739817e-01 9.02355278e-01 9.19466758e-01 4.13232440e-01
 8.18753631e-01 9.19466758e-01 6.38860419e-01 6.38860419e-01
 1.11358879e-01 7.44535382e-01 9.69960143e-01 6.38860419e-01
 5.85821277e-01 6.92127962e-01 8.15145929e-02 2.11739817e-01
 9.84577388e-01 1.16899447e-03 3.29168072e-01 3.49039701e-01
 3.91087390e-01 8.41636027e-01 6.92127962e-01 6.12251659e-01
 5.59675216e-01 7.44535382e-01 4.36093382e-01 9.48372085e-01
 3.27832948e-04 1.03159376e-01 8.83591758e-01 8.15145929e-02
 6.65529322e-01 2.11739817e-01 4.36093382e-01 8.83591758e-01
 4.83822766e-01 6.12251659e-01 3.69683622e-01 2.26241661e-01
 9.02355278e-01 3.49039701e-01]","[0.69212796 0.27423335 0.16077182 0.25747545 0.97808957 0.31007573
 0.55967522 0.88359176 0.53390728 0.8633028  0.79482654 0.41323244
 0.94837208 0.88359176 0.81875363 0.91946676 0.50859953 0.58582128
 0.81875363 0.25747545 0.79482654 0.39108739 0.27423335 0.96996014
 0.88359176 0.00652148 0.96007647 0.19796045 0.88359176 0.77002924
 0.91946676 0.00806269 0.39108739 0.94837208 0.32916807 0.98957839
 0.00525377 0.69212796 0.81875363 0.18488568 0.74453538 0.77002924
 0.16077182 0.1200888  0.77002924 0.55967522 0.50859953 0.69212796
 0.93482727 0.27423335]","[9.60076470e-01 9.89578389e-01 1.11358879e-01 2.91764847e-01
 6.38860419e-01 9.19466758e-01 1.97960446e-01 2.57475452e-01
 2.11739817e-01 9.02355278e-01 9.19466758e-01 4.13232440e-01
 8.18753631e-01 9.19466758e-01 6.38860419e-01 6.38860419e-01
 1.11358879e-01 7.44535382e-01 9.69960143e-01 6.38860419e-01
 5.85821277e-01 6.92127962e-01 8.15145929e-02 2.11739817e-01
 9.84577388e-01 1.16899447e-03 3.29168072e-01 3.49039701e-01
 3.91087390e-01 8.41636027e-01 6.92127962e-01 6.12251659e-01
 5.59675216e-01 7.44535382e-01 4.36093382e-01 9.48372085e-01
 3.27832948e-04 1.03159376e-01 8.83591758e-01 8.15145929e-02
 6.65529322e-01 2.11739817e-01 4.36093382e-01 8.83591758e-01
 4.83822766e-01 6.12251659e-01 3.69683622e-01 2.26241661e-01
 9.02355278e-01 3.49039701e-01]","[0.8078864  0.35313901 0.13260681 0.33472174 0.97923912 0.48013794
 0.46283321 0.87932645 0.63728051 0.95566952 0.75436955 0.18744833
 0.90866559 0.89942893 0.87400734 0.97276323 0.34069136 0.58021717
 0.9291227  0.53248655 0.76735806 0.35079276 0.33045887 0.96748988
 0.86976498 0.00785273 0.9746414  0.24506736 0.63083101 0.75217265
 0.90090493 0.0211498  0.44363904 0.97080461 0.24563071 0.96231941
 0.00420161 0.67561888 0.73945891 0.05092419 0.90086362 0.81720484
 0.16872078 0.12649374 0.70239373 0.60873832 0.36248252 0.60344358
 0.85192978 0.31223283]","[0.91326186 0.97197935 0.17804674 0.29401933 0.59993541 0.95084359
 0.17806183 0.38095496 0.22672623 0.85081779 0.90863968 0.42636832
 0.56039863 0.90103101 0.7515859  0.70455352 0.11943269 0.70958676
 0.96662788 0.70412759 0.70089129 0.75597132 0.09704952 0.20937102
 0.97139909 0.00263248 0.54189963 0.44739535 0.56278745 0.7532259
 0.77585111 0.35724305 0.43823611 0.55139687 0.63669398 0.87032637
 0.00161274 0.17815156 0.7417472  0.12223928 0.54661769 0.36743608
 0.32361457 0.66576554 0.52506125 0.48130516 0.35846875 0.15312353
 0.89343021 0.45629892]","[2.50000000e-03 2.50000000e-03 7.78955972e-04 2.50000000e-03
 2.50000000e-03 2.50000000e-03 2.50000000e-03 2.50000000e-03
 2.50000000e-03 2.50000000e-03 2.50000000e-03 2.04622308e-03
 2.50000000e-03 2.50000000e-03 2.50000000e-03 2.50000000e-03
 2.50000000e-03 2.50000000e-03 2.50000000e-03 2.50000000e-03
 2.50000000e-03 2.50000000e-03 2.50000000e-03 2.50000000e-03
 2.50000000e-03 8.68634452e-05 2.50000000e-03 2.50000000e-03
 2.50000000e-03 2.50000000e-03 2.50000000e-03 1.76961429e-04
 2.50000000e-03 2.50000000e-03 2.50000000e-03 2.50000000e-03
 6.82611306e-05 2.50000000e-03 2.50000000e-03 6.60725874e-04
 2.50000000e-03 2.50000000e-03 1.54410332e-03 1.26750274e-03
 2.50000000e-03 2.50000000e-03 2.50000000e-03 2.50000000e-03
 2.50000000e-03 2.50000000e-03]","[2.50000000e-03 2.50000000e-03 1.38395930e-03 2.50000000e-03
 2.50000000e-03 2.50000000e-03 1.66718403e-03 2.50000000e-03
 2.41707528e-03 2.50000000e-03 2.50000000e-03 2.50000000e-03
 2.50000000e-03 2.50000000e-03 2.50000000e-03 2.50000000e-03
 9.69356043e-04 2.50000000e-03 2.50000000e-03 2.50000000e-03
 2.50000000e-03 2.50000000e-03 1.00229554e-03 2.50000000e-03
 2.50000000e-03 2.75542484e-05 2.50000000e-03 2.50000000e-03
 2.50000000e-03 2.50000000e-03 2.50000000e-03 2.50000000e-03
 2.50000000e-03 2.50000000e-03 2.50000000e-03 2.50000000e-03
 3.41245937e-05 2.35841609e-03 2.50000000e-03 1.56223508e-03
 2.50000000e-03 2.50000000e-03 2.50000000e-03 2.50000000e-03
 2.50000000e-03 2.50000000e-03 2.50000000e-03 2.09745713e-03
 2.50000000e-03 2.50000000e-03]","[0.06882486 0.07237843 0.08591238 0.08443311 0.07744617 0.07450789
 0.07460707 0.07537851 0.07024858 0.07374291 0.06411248 0.075612
 0.05856758 0.06334146 0.07764874 0.07100131 0.07374913 0.07556307
 0.07128383 0.05383048 0.07823276 0.08328885 0.04578967 0.06891965
 0.06387599 0.04401059 0.06363124 0.06622318 0.06563728 0.0622279
 0.06541938 0.06755944 0.0663376  0.06611943 0.05849085 0.06987089
 0.05315508 0.06546946 0.07039115 0.09336397 0.05905893 0.07436599
 0.05451788 0.06803917 0.07087959 0.05678421 0.07112022 0.07432944
 0.06853687 0.07965753]","[0.08560023 0.08247257 0.09009423 0.09962954 0.10231713 0.08522126
 0.09557779 0.08397472 0.08270469 0.07502113 0.07715211 0.08432896
 0.07372842 0.0791192  0.095407   0.07310704 0.08505065 0.07789476
 0.07994726 0.06295887 0.085998   0.09154987 0.05560197 0.08246669
 0.08047652 0.06354482 0.07028133 0.07960737 0.07773508 0.07523536
 0.07451913 0.06985965 0.08075811 0.07616742 0.08038337 0.09347056
 0.07216008 0.08333826 0.08195706 0.09761673 0.0702279  0.08458244
 0.06350443 0.07847212 0.08868136 0.06835392 0.08841956 0.07520349
 0.09191476 0.08569249]","[1.10798912e-08 1.47905851e-09 2.71902926e-13 7.48104536e-13
 7.02036147e-11 4.21452172e-10 3.97161122e-10 2.49609798e-10
 5.00558182e-09 6.64421492e-10 1.36832346e-07 2.16670718e-10
 2.09588562e-06 2.02962040e-07 6.18843112e-11 3.26695581e-09
 6.61981521e-10 2.23200221e-10 2.78021944e-09 1.77373749e-05
 4.29389010e-11 1.61697235e-12 4.40697985e-04 1.05143333e-08
 1.54500496e-07 8.36392455e-04 1.75108010e-07 4.53761287e-08
 6.18658936e-08 3.55669059e-07 6.93766614e-08 2.21462450e-08
 4.26968353e-08 4.79461516e-08 2.17278132e-06 6.18997617e-09
 2.37004471e-05 6.75757223e-08 4.61856587e-09 1.26899047e-15
 1.66218658e-06 4.58750056e-10 1.31568405e-05 1.70584119e-08
 3.50141715e-09 4.78341994e-06 3.05272959e-09 4.68868047e-10
 1.29860483e-08 1.74020398e-11]","[3.37136108e-13 2.78413222e-12 1.41346545e-14 9.82823711e-18
 1.10824160e-18 4.37247028e-13 2.36243991e-16 1.02002461e-12
 2.38682080e-12 3.09715413e-10 8.42600742e-11 8.02823579e-13
 6.70147211e-10 2.45268791e-11 2.69338346e-16 9.66527834e-10
 4.91361569e-13 5.30715138e-11 1.44532849e-11 2.46381467e-07
 2.56294092e-13 4.88533448e-15 8.15070303e-06 2.79499024e-12
 1.02779918e-11 1.83001973e-07 4.91397370e-09 1.79693322e-11
 5.86395393e-11 2.72174768e-10 4.18628219e-10 6.22913852e-09
 8.56513737e-12 1.54465433e-10 1.09153399e-11 1.17139034e-15
 1.67879260e-09 1.56437891e-12 3.91308088e-12 4.84937550e-17
 5.06426910e-09 6.75988259e-13 1.86808350e-07 3.69360139e-11
 3.89947741e-14 1.43589241e-08 4.69786559e-14 2.77464207e-10
 3.73307149e-15 3.16401332e-13]","[0.00180185 0.00183129 0.00324345 0.00233936 0.00144708 0.00177932
 0.00258791 0.0029608  0.00151753 0.00178325 0.00140882 0.00237823
 0.00150633 0.00154781 0.00268638 0.00193822 0.00264573 0.00202477
 0.00188172 0.00128603 0.00148809 0.00385582 0.00070095 0.00107491
 0.00101638 0.0008657  0.00195134 0.00184059 0.00170088 0.00094795
 0.00244331 0.0018369  0.00184512 0.00250566 0.00102782 0.00159383
 0.0025537  0.00112855 0.00120902 0.00318944 0.00167382 0.00219178
 0.00198007 0.00193155 0.00189388 0.00258684 0.0017904  0.0019269
 0.0015254  0.00258958]","[0.00508249 0.00358438 0.00485754 0.00414109 0.00432563 0.0032171
 0.00642192 0.00440919 0.00419962 0.00297987 0.00369596 0.00598359
 0.00362027 0.00418198 0.00468528 0.00168371 0.00487077 0.00350487
 0.00293458 0.00144315 0.00339079 0.00537372 0.00162733 0.00390124
 0.00375891 0.00171256 0.00318754 0.00400877 0.00358188 0.00124407
 0.00401723 0.00215852 0.00464582 0.0032146  0.00254905 0.0039345
 0.00335455 0.0026989  0.00234425 0.00685382 0.00409102 0.00468755
 0.00318229 0.00372636 0.00419772 0.00131333 0.00371265 0.00342917
 0.00494957 0.00327563]","[0.02971818 0.03088768 0.03764941 0.03425792 0.02589662 0.02999835
 0.03464652 0.03663764 0.02858116 0.02978966 0.02652282 0.03420098
 0.02826177 0.02921879 0.0349534  0.03168882 0.0358245  0.03065319
 0.03136398 0.02756427 0.02908717 0.04286771 0.02124335 0.02501949
 0.02432516 0.02298306 0.03118505 0.03188275 0.0288975  0.02440027
 0.0346545  0.03104845 0.03167343 0.03441527 0.02507578 0.02856366
 0.03672129 0.02630478 0.02520751 0.03672831 0.02806883 0.03316833
 0.03202424 0.03198914 0.03017847 0.03651384 0.02981642 0.02955015
 0.02679623 0.03488422]","[0.05595381 0.04285023 0.05023119 0.04425175 0.04859199 0.04287501
 0.05835167 0.04991119 0.0473023  0.0395032  0.04540575 0.06303879
 0.04467311 0.04723886 0.04928067 0.02874074 0.04653665 0.04397321
 0.03996768 0.02876735 0.046694   0.04981812 0.03159899 0.04757749
 0.04780331 0.03064412 0.04067028 0.04964444 0.04618177 0.02754674
 0.04627949 0.03247977 0.05063991 0.04006201 0.03656986 0.04196656
 0.0368305  0.0388402  0.03380574 0.0606684  0.04944723 0.0486232
 0.04119255 0.04286743 0.04623926 0.02599548 0.04543399 0.04280235
 0.0525993  0.03937216]",0.5883139368475505,0.5392774286960036,0.31038238510090793,0.30887498378288875,0.5873525394528434,0.535684842030256,0.31429501220978906,0.28493105020686954,0.002232591939701462,0.002270393146731085,0.0006782534585965045,0.00059162607679859,0.06874988326072694,0.08078174843788148,0.009614457247137607,0.009828200187049017,0.0019092416763305663,0.0036789274215698244,0.0006569905517549057,0.0012368342282281914,0.03067180037703674,0.04376679597065802,0.004347949467222371,0.008193404527756428
df3,0.05,1.0,0.0,0.0,1.6,0.05,1.0,"[0.39108739 0.31007573 0.32916807 0.07520917 0.50859953 0.8633028
 0.88359176 0.14969106 0.24148215 0.55967522 0.24148215 0.00725489
 0.11135888 0.43609338 0.48382277 0.11135888 0.90235528 0.18488568
 0.99589898 0.93482727 0.69212796 0.53390728 0.32916807 0.81875363
 0.63886042 0.53390728 0.74453538 0.93482727 0.27423335 0.16077182
 0.8633028  0.27423335 0.41323244 0.24148215 0.8633028  0.16077182
 0.24148215 0.71851426 0.8633028  0.55967522 0.61225166 0.81875363
 0.69212796 0.66552932 0.02903392 0.69212796 0.74453538 0.41323244
 0.53390728 0.43609338]","[0.08825991 0.94837208 0.58582128 0.02646763 0.41323244 0.81875363
 0.58582128 0.71851426 0.27423335 0.08151459 0.91946676 0.55967522
 0.06383124 0.36968362 0.41323244 0.09546732 0.48382277 0.16077182
 0.8633028  0.22624166 0.74453538 0.55967522 0.39108739 0.8633028
 0.06383124 0.48382277 0.99589898 0.58582128 0.81875363 0.43609338
 0.99328163 0.45963725 0.24148215 0.43609338 0.94837208 0.63886042
 0.06383124 0.06383124 0.81875363 0.91946676 0.29176485 0.90235528
 0.45963725 0.71851426 0.32916807 0.22624166 0.91946676 0.55967522
 0.18488568 0.19796045]","[0.39108739 0.31007573 0.32916807 0.07520917 0.50859953 0.8633028
 0.88359176 0.14969106 0.24148215 0.55967522 0.24148215 0.00725489
 0.11135888 0.43609338 0.48382277 0.11135888 0.90235528 0.18488568
 0.99589898 0.93482727 0.69212796 0.53390728 0.32916807 0.81875363
 0.63886042 0.53390728 0.74453538 0.93482727 0.27423335 0.16077182
 0.8633028  0.27423335 0.41323244 0.24148215 0.8633028  0.16077182
 0.24148215 0.71851426 0.8633028  0.55967522 0.61225166 0.81875363
 0.69212796 0.66552932 0.02903392 0.69212796 0.74453538 0.41323244
 0.53390728 0.43609338]","[0.08825991 0.94837208 0.58582128 0.02646763 0.41323244 0.81875363
 0.58582128 0.71851426 0.27423335 0.08151459 0.91946676 0.55967522
 0.06383124 0.36968362 0.41323244 0.09546732 0.48382277 0.16077182
 0.8633028  0.22624166 0.74453538 0.55967522 0.39108739 0.8633028
 0.06383124 0.48382277 0.99589898 0.58582128 0.81875363 0.43609338
 0.99328163 0.45963725 0.24148215 0.43609338 0.94837208 0.63886042
 0.06383124 0.06383124 0.81875363 0.91946676 0.29176485 0.90235528
 0.45963725 0.71851426 0.32916807 0.22624166 0.91946676 0.55967522
 0.18488568 0.19796045]","[0.27701504 0.22109805 0.29645349 0.1516045  0.58286074 0.8163168
 0.84628096 0.11852369 0.31697903 0.58311726 0.24677236 0.00399237
 0.06188513 0.37572092 0.44730065 0.09668495 0.84652741 0.15620247
 0.99743702 0.89005291 0.80381727 0.7168627  0.37554486 0.77176887
 0.37683026 0.5192381  0.52256212 0.87244109 0.40499578 0.25153057
 0.76611609 0.2371012  0.34181295 0.15395265 0.79905404 0.27500842
 0.18144924 0.91194008 0.86302946 0.74963336 0.34453182 0.92893586
 0.6312332  0.89518977 0.04943802 0.66055897 0.65871783 0.44354195
 0.29168369 0.20555541]","[0.07160006 0.96741207 0.60352725 0.06037066 0.3886498  0.8329859
 0.67907656 0.55126969 0.23888268 0.12259663 0.92743694 0.2230395
 0.07462312 0.3472578  0.44858029 0.11126679 0.33938053 0.1250465
 0.67261491 0.26058861 0.55131304 0.31402929 0.61048581 0.83459962
 0.07401328 0.45064497 0.99418591 0.48841879 0.7721814  0.52148848
 0.99879061 0.31442418 0.15555916 0.55185332 0.94604507 0.61072965
 0.04508679 0.15012631 0.63180673 0.83430278 0.25314973 0.93938985
 0.38496364 0.70487319 0.27327867 0.199819   0.96306687 0.53324472
 0.16986815 0.19602324]","[2.40545399e-03 2.34693542e-03 2.50000000e-03 1.75198374e-03
 2.50000000e-03 2.50000000e-03 2.50000000e-03 1.30852822e-03
 2.16649223e-03 2.50000000e-03 2.50000000e-03 3.70476501e-05
 5.43003466e-04 2.50000000e-03 2.50000000e-03 5.77217301e-04
 2.50000000e-03 1.68517328e-03 2.50000000e-03 2.50000000e-03
 2.50000000e-03 2.50000000e-03 2.50000000e-03 2.50000000e-03
 2.50000000e-03 2.50000000e-03 2.50000000e-03 2.50000000e-03
 2.50000000e-03 2.50000000e-03 2.50000000e-03 2.22050777e-03
 2.50000000e-03 1.35870003e-03 2.50000000e-03 2.50000000e-03
 1.75020585e-03 2.50000000e-03 2.50000000e-03 2.50000000e-03
 2.50000000e-03 2.50000000e-03 2.50000000e-03 2.50000000e-03
 7.91043359e-04 2.50000000e-03 2.50000000e-03 2.50000000e-03
 2.50000000e-03 1.75970127e-03]","[0.00047151 0.0025     0.0025     0.00097912 0.0025     0.0025
 0.0025     0.0025     0.00165987 0.00163705 0.0025     0.00208914
 0.00042339 0.00230371 0.0025     0.00062697 0.0025     0.00128071
 0.0025     0.0025     0.0025     0.0025     0.0025     0.0025
 0.00106476 0.0025     0.0025     0.0025     0.0025     0.0025
 0.0025     0.00242481 0.00196212 0.0025     0.0025     0.0025
 0.0003691  0.00131003 0.0025     0.0025     0.0025     0.0025
 0.0025     0.0025     0.0025     0.00207514 0.0025     0.0025
 0.00191968 0.00172137]","[0.05600005 0.07955511 0.07443351 0.05913858 0.06168819 0.05658464
 0.07459339 0.06331433 0.07548699 0.06568129 0.07271049 0.08767091
 0.06110511 0.06435884 0.07278626 0.06364783 0.06363807 0.06860656
 0.08232452 0.06970072 0.05697853 0.07412826 0.08267431 0.05953512
 0.05937735 0.05708138 0.05912466 0.06101433 0.07352741 0.07270427
 0.07717709 0.06052519 0.05101004 0.06771078 0.05839652 0.06408147
 0.06664031 0.08466598 0.07313226 0.07250159 0.05414773 0.07512582
 0.06968534 0.06846891 0.07987078 0.07824805 0.06088461 0.06153731
 0.0633975  0.06004551]","[0.07092624 0.09090625 0.08521227 0.08132384 0.08348286 0.06488151
 0.08454493 0.09190841 0.08748946 0.08022678 0.08495355 0.10361341
 0.08217338 0.08308586 0.08708604 0.08119239 0.07423102 0.07682583
 0.09484425 0.0870128  0.06859702 0.09192796 0.09283065 0.07951617
 0.07503479 0.08388473 0.07745423 0.07174896 0.0832838  0.08784617
 0.09057819 0.0795986  0.07259821 0.08077471 0.07399763 0.07509998
 0.08260423 0.08689691 0.08403299 0.07780791 0.08476412 0.08527479
 0.08517182 0.09255359 0.08839838 0.07796236 0.06840385 0.07675787
 0.08486628 0.07376328]","[6.82032218e-06 1.85795316e-11 4.40616068e-10 1.60058039e-06
 4.65124910e-07 5.23784161e-06 4.00429141e-10 2.05779390e-07
 2.33738524e-10 6.04477921e-08 1.21900896e-09 7.97806536e-14
 6.19888868e-07 1.20514975e-07 1.16625081e-09 1.73630093e-07
 1.74497565e-07 1.24974200e-08 3.07070784e-12 6.80899324e-09
 4.37752773e-06 5.28582414e-10 2.43547470e-12 1.32523734e-06
 1.42882426e-06 4.17630653e-06 1.61118541e-06 6.48078891e-07
 7.54685737e-10 1.22344728e-09 8.29659281e-11 8.22628087e-07
 5.80706195e-05 2.03997475e-08 2.27103853e-06 1.39032062e-07
 3.63287032e-08 6.38669819e-13 9.52325139e-10 1.37683840e-09
 1.54602414e-05 2.90777916e-10 6.86785418e-09 1.34804363e-08
 1.51802760e-11 4.25285628e-11 6.90522866e-07 5.01143879e-07
 1.97260516e-07 1.03744302e-06]","[3.40966501e-09 7.83103416e-15 4.39947968e-13 5.92693317e-12
 1.41993774e-12 9.19043065e-08 6.93432792e-13 3.75062535e-15
 9.06458102e-14 1.20751699e-11 5.25041958e-13 3.78770925e-19
 3.39312546e-12 1.85183847e-12 1.20285025e-13 6.45780243e-12
 4.97206194e-10 1.03089197e-10 4.14175945e-16 1.26607103e-13
 1.25632754e-08 3.69685415e-15 1.89133849e-15 1.90473919e-11
 3.07177922e-10 1.08382343e-12 6.98527241e-11 2.12872891e-09
 1.62243856e-12 7.05067990e-14 9.94748379e-15 1.80703071e-11
 1.30150917e-09 8.47342646e-12 5.71275003e-10 2.95344022e-10
 2.55142379e-12 1.37283284e-13 9.80694542e-13 5.60323352e-11
 5.97412834e-13 4.21511194e-13 4.52295135e-13 2.32492915e-15
 4.76906174e-14 5.08734505e-11 1.39708396e-08 1.07500215e-10
 5.57243179e-13 6.56459092e-10]","[0.00122547 0.0017637  0.00155699 0.0015471  0.00101066 0.00122809
 0.00278139 0.00205874 0.00214934 0.00223553 0.00122178 0.00139713
 0.00151861 0.00129616 0.0023613  0.00273025 0.00180328 0.00264859
 0.00312233 0.00127316 0.00147641 0.00208974 0.00188947 0.00113189
 0.00107718 0.00117743 0.00092447 0.00099993 0.00173056 0.00208557
 0.00119996 0.00199687 0.00118065 0.00315833 0.00131762 0.00146472
 0.00076771 0.00160277 0.00095427 0.00166297 0.00196218 0.00330758
 0.00138557 0.00149226 0.00271356 0.00267112 0.00221407 0.00137246
 0.00211489 0.00141585]","[0.00211132 0.00493383 0.00475037 0.00410867 0.00261807 0.00336027
 0.00527847 0.0063467  0.00493276 0.00246096 0.00183105 0.00369847
 0.00297236 0.00298822 0.00507426 0.0053606  0.00219667 0.00274599
 0.00617516 0.00317395 0.00311828 0.00596857 0.00424945 0.00271416
 0.00120044 0.00287271 0.00340366 0.00159943 0.00330901 0.00508499
 0.00356793 0.00274646 0.00334859 0.00228262 0.00288475 0.00279629
 0.0025034  0.00224197 0.00271344 0.00363064 0.00435197 0.00636303
 0.00230885 0.00369048 0.00559616 0.00321984 0.0018549  0.00292182
 0.00235116 0.00219727]","[0.02712744 0.02923736 0.02832372 0.02711297 0.0238422  0.02445595
 0.03632998 0.03302706 0.0315813  0.03402912 0.02632111 0.02746241
 0.02902113 0.02594746 0.03513736 0.03735133 0.03054799 0.03586757
 0.0379587  0.02644846 0.02773923 0.03157951 0.0298883  0.02583044
 0.02546388 0.02530583 0.02339168 0.02479739 0.0290447  0.03214683
 0.0248708  0.03142509 0.02488702 0.04053703 0.025927   0.02845559
 0.0222394  0.02823621 0.02330831 0.02924053 0.03265411 0.0399249
 0.02784896 0.02773524 0.03659529 0.03589393 0.0339058  0.02889467
 0.0332057  0.02763959]","[0.03418029 0.0551172  0.05303534 0.04463966 0.03626068 0.04530876
 0.05512287 0.05833424 0.04942349 0.03314918 0.02857432 0.04343079
 0.03783953 0.03872437 0.05383601 0.0525371  0.03141613 0.03618935
 0.05441726 0.04219666 0.04050896 0.05475806 0.04856537 0.04017821
 0.02405721 0.03752969 0.0443206  0.03178055 0.04201316 0.05281714
 0.04742915 0.03487839 0.04194192 0.03354226 0.03850442 0.03979156
 0.03876871 0.03141804 0.03920425 0.04357574 0.04706665 0.05393494
 0.03345492 0.04425051 0.05655836 0.03930749 0.02843357 0.03996244
 0.03182173 0.03465816]",0.5043841247881256,0.5002517481215377,0.2824697315149639,0.30480525244221196,0.4867380273784072,0.47027937029114575,0.2902561253157539,0.2999132494130206,0.002214039871581594,0.002136369853888842,0.00060106236092102,0.0006423287068527395,0.06752847649574278,0.0821990257358551,0.008775616749757383,0.0076297552468432926,0.0017493534088134765,0.003484208583831787,0.0006387440757420976,0.0013269454733859118,0.029714870964252488,0.04197530759762959,0.004615689828322244,0.00861009290175605
df3,0.1,1.0,0.0,0.0,1.6,0.1,1.0,"[0.53390728 0.88359176 0.09546732 0.71851426 0.77002924 0.1200888
 0.66552932 0.71851426 0.61225166 0.12937218 0.43609338 0.21173982
 0.50859953 0.58582128 0.81875363 0.48382277 0.53390728 0.11135888
 0.17249627 0.93482727 0.32916807 0.71851426 0.45963725 0.00895146
 0.43609338 0.66552932 0.11135888 0.74453538 0.03181713 0.139232
 0.03483221 0.36968362 0.01487416 0.53390728 0.58582128 0.08151459
 0.25747545 0.66552932 0.8633028  0.69212796 0.0416213  0.66552932
 0.16077182 0.18488568 0.88359176 0.69212796 0.29176485 0.10315938
 0.66552932 0.17249627]","[0.71851426 0.48382277 0.01641475 0.74453538 0.31007573 0.18488568
 0.25747545 0.84163603 0.139232   0.24148215 0.50859953 0.61225166
 0.0416213  0.55967522 0.91946676 0.25747545 0.71851426 0.71851426
 0.58582128 0.90235528 0.36968362 0.48382277 0.14969106 0.14969106
 0.93482727 0.79482654 0.36968362 0.41323244 0.50859953 0.03809482
 0.1200888  0.66552932 0.45963725 0.69212796 0.94837208 0.71851426
 0.39108739 0.19796045 0.81875363 0.14969106 0.18488568 0.93482727
 0.96007647 0.19796045 0.79482654 0.55967522 0.84163603 0.55967522
 0.69212796 0.53390728]","[0.53390728 0.88359176 0.09546732 0.71851426 0.77002924 0.1200888
 0.66552932 0.71851426 0.61225166 0.12937218 0.43609338 0.21173982
 0.50859953 0.58582128 0.81875363 0.48382277 0.53390728 0.11135888
 0.17249627 0.93482727 0.32916807 0.71851426 0.45963725 0.00895146
 0.43609338 0.66552932 0.11135888 0.74453538 0.03181713 0.139232
 0.03483221 0.36968362 0.01487416 0.53390728 0.58582128 0.08151459
 0.25747545 0.66552932 0.8633028  0.69212796 0.0416213  0.66552932
 0.16077182 0.18488568 0.88359176 0.69212796 0.29176485 0.10315938
 0.66552932 0.17249627]","[0.71851426 0.48382277 0.01641475 0.74453538 0.31007573 0.18488568
 0.25747545 0.84163603 0.139232   0.24148215 0.50859953 0.61225166
 0.0416213  0.55967522 0.91946676 0.25747545 0.71851426 0.71851426
 0.58582128 0.90235528 0.36968362 0.48382277 0.14969106 0.14969106
 0.93482727 0.79482654 0.36968362 0.41323244 0.50859953 0.03809482
 0.1200888  0.66552932 0.45963725 0.69212796 0.94837208 0.71851426
 0.39108739 0.19796045 0.81875363 0.14969106 0.18488568 0.93482727
 0.96007647 0.19796045 0.79482654 0.55967522 0.84163603 0.55967522
 0.69212796 0.53390728]","[0.52908279 0.82877161 0.09654344 0.73116567 0.59147157 0.07985
 0.67965703 0.77421388 0.34481369 0.15297228 0.59125758 0.40654246
 0.23963725 0.56308424 0.6821347  0.6053506  0.59182747 0.15073098
 0.14753626 0.85435127 0.40933763 0.70599276 0.36601492 0.00148012
 0.6959646  0.62664532 0.22311487 0.61473367 0.14019109 0.10647424
 0.0490026  0.33810371 0.0741554  0.571131   0.56357123 0.15193018
 0.25468751 0.68698462 0.90849486 0.45513623 0.06307903 0.64360078
 0.316285   0.18161497 0.90127581 0.6942591  0.42766794 0.34255886
 0.42633583 0.28043774]","[0.49003482 0.65172183 0.00551072 0.77903753 0.51444985 0.16574423
 0.33521192 0.60606832 0.06250983 0.21294951 0.4951959  0.49173639
 0.12826237 0.32301839 0.95500343 0.39069583 0.70787323 0.46852793
 0.45627566 0.89634019 0.32045412 0.33173696 0.14123582 0.03054774
 0.91971796 0.78639715 0.16868721 0.39447997 0.6415604  0.14587003
 0.08424119 0.44480315 0.26826554 0.78409871 0.94871824 0.67098985
 0.20819355 0.20144482 0.95117991 0.31836797 0.03931551 0.87832945
 0.94153623 0.08092519 0.73744397 0.41993827 0.67171667 0.47948865
 0.63282989 0.42996945]","[2.50000000e-03 2.50000000e-03 1.10775264e-03 2.50000000e-03
 2.50000000e-03 9.17012395e-04 2.50000000e-03 2.50000000e-03
 2.50000000e-03 1.71067259e-03 2.50000000e-03 2.50000000e-03
 2.38362855e-03 2.50000000e-03 2.50000000e-03 2.50000000e-03
 2.50000000e-03 2.03510663e-03 1.91547650e-03 2.50000000e-03
 2.50000000e-03 2.50000000e-03 2.50000000e-03 1.18368381e-05
 2.50000000e-03 2.50000000e-03 1.05235350e-03 2.50000000e-03
 2.17265078e-03 1.31178934e-03 3.95322453e-04 2.50000000e-03
 1.07389688e-03 2.50000000e-03 2.50000000e-03 1.61528145e-03
 2.50000000e-03 2.50000000e-03 2.50000000e-03 2.50000000e-03
 3.97483131e-04 2.50000000e-03 2.50000000e-03 9.88609874e-04
 2.50000000e-03 2.50000000e-03 2.50000000e-03 2.50000000e-03
 2.50000000e-03 2.44490237e-03]","[2.50000000e-03 2.50000000e-03 5.71771995e-05 2.50000000e-03
 2.50000000e-03 1.60928384e-03 2.50000000e-03 2.50000000e-03
 4.98831149e-04 1.97443486e-03 2.50000000e-03 2.50000000e-03
 1.22614957e-03 2.50000000e-03 2.50000000e-03 2.50000000e-03
 2.50000000e-03 2.50000000e-03 2.50000000e-03 2.50000000e-03
 2.50000000e-03 2.45642348e-03 9.40549245e-04 2.28362618e-04
 2.50000000e-03 2.50000000e-03 8.62856407e-04 2.50000000e-03
 2.50000000e-03 1.42720021e-03 8.08435359e-04 2.50000000e-03
 2.40550636e-03 2.50000000e-03 2.50000000e-03 2.50000000e-03
 2.20674618e-03 9.28093706e-04 2.50000000e-03 2.50000000e-03
 2.82352019e-04 2.50000000e-03 2.50000000e-03 5.86140865e-04
 2.50000000e-03 2.50000000e-03 2.50000000e-03 2.50000000e-03
 2.50000000e-03 2.50000000e-03]","[0.06619054 0.07491504 0.05799431 0.06457998 0.05300325 0.06550213
 0.08230165 0.06199984 0.06457923 0.07959564 0.06669318 0.06883354
 0.05794914 0.06080815 0.07839101 0.07278204 0.05704788 0.05934536
 0.07472283 0.07858159 0.05201818 0.06836118 0.07411539 0.06433505
 0.07382712 0.06679872 0.05987556 0.0476115  0.06251892 0.05173807
 0.09300216 0.06747814 0.07801395 0.05950307 0.0667603  0.06517678
 0.06952009 0.06167441 0.070874   0.0708117  0.06695958 0.06487482
 0.07268588 0.07168506 0.07190052 0.0844212  0.06401234 0.07385278
 0.07429804 0.06957501]","[0.08195425 0.090711   0.06522502 0.0813989  0.07559969 0.07983185
 0.0868115  0.06462481 0.07048188 0.08370446 0.07680254 0.08081903
 0.06909715 0.0742485  0.08723474 0.09109209 0.06900776 0.07562491
 0.09470427 0.08746486 0.06745572 0.08968667 0.09547553 0.065906
 0.08407349 0.08169155 0.07813667 0.05756694 0.07575618 0.07285847
 0.096402   0.07497912 0.08446589 0.06775881 0.07805638 0.08111932
 0.08011288 0.07960655 0.08419327 0.08103876 0.05049985 0.07677711
 0.08376391 0.086914   0.07519627 0.10297835 0.08184022 0.09044058
 0.08559889 0.09323925]","[4.61699113e-08 3.30136014e-10 2.74016936e-06 1.07487390e-07
 2.52832185e-05 6.64256461e-08 3.11748558e-12 3.98482022e-07
 1.07529097e-07 1.81045855e-11 3.53155369e-08 1.10269041e-08
 2.79833972e-06 7.16782853e-07 3.88717459e-11 1.16913177e-09
 4.24084742e-06 1.45076072e-06 3.70538071e-10 3.44725631e-11
 3.82856390e-05 1.43019087e-08 5.32645823e-10 1.22004029e-07
 6.32095465e-10 3.33744471e-08 1.12582559e-06 2.22719186e-04
 3.07462651e-07 4.30189100e-05 1.66396155e-15 2.31437201e-08
 4.92561542e-11 1.34567862e-06 3.40688015e-08 7.87808135e-08
 7.53200811e-09 4.68308030e-07 3.51256205e-09 3.63921516e-09
 3.06139935e-08 9.22250955e-08 1.23664723e-09 2.20849136e-09
 1.95061745e-09 7.54170894e-13 1.44060290e-07 6.22553161e-10
 4.77732640e-10 7.30460757e-09]","[3.92033372e-12 9.03020002e-15 7.68174723e-08 5.64326065e-12
 2.18295704e-10 1.55640338e-11 1.45713339e-13 1.05017957e-07
 4.38763452e-09 1.22363439e-12 1.04580547e-10 8.23320205e-12
 9.52988402e-09 4.92053185e-10 1.08390906e-13 6.83591835e-15
 1.00138611e-08 2.14978882e-10 4.60784569e-16 9.22267374e-14
 2.34263086e-08 1.89731028e-14 2.55542263e-16 5.36853196e-08
 9.54245916e-13 4.65902556e-12 4.56090398e-11 3.34052317e-06
 1.98496427e-10 1.11804715e-09 1.25066201e-16 3.17649363e-10
 7.31654015e-13 1.98740309e-08 4.79639830e-11 6.77279899e-12
 1.29939371e-11 1.79786736e-11 8.80045277e-13 7.13752243e-12
 7.14768676e-05 1.06233247e-10 1.17567608e-12 1.35655061e-13
 2.78675920e-10 6.42008361e-19 4.22566965e-12 1.09946195e-14
 3.37447763e-13 1.39340659e-15]","[0.00215459 0.00259638 0.00152969 0.00144231 0.00036955 0.00293756
 0.00339329 0.00146377 0.00224102 0.00257301 0.00094986 0.00248361
 0.00208056 0.00122404 0.00249243 0.00152647 0.00124979 0.00141752
 0.0014931  0.00310934 0.00173831 0.00162518 0.00181699 0.00181627
 0.00289011 0.0017246  0.00214124 0.00061464 0.00122929 0.00142097
 0.00317848 0.00223148 0.00234771 0.00283098 0.00138903 0.00108814
 0.00179231 0.00157523 0.00199282 0.00141561 0.00195289 0.00160444
 0.00181973 0.00296879 0.0015986  0.00302076 0.00144434 0.00267053
 0.00258684 0.0015825 ]","[0.00437713 0.00501847 0.00125015 0.00205231 0.00187004 0.00440884
 0.00521529 0.00189781 0.00288248 0.00428271 0.00195193 0.003811
 0.00321639 0.00157595 0.00503063 0.00412989 0.00238073 0.00258541
 0.00382745 0.00477707 0.0027709  0.00311005 0.00419807 0.00242949
 0.00572789 0.00225317 0.00291026 0.00171518 0.00230551 0.00300014
 0.00424314 0.00301087 0.00432253 0.00304461 0.00217485 0.00246191
 0.00222504 0.00325704 0.00270581 0.00215924 0.00132549 0.00279534
 0.0025816  0.00421607 0.00276315 0.00356841 0.00285411 0.00542104
 0.00412774 0.00417542]","[0.03194403 0.03669956 0.02912842 0.02803713 0.01768523 0.03767153
 0.03859128 0.02751358 0.03335774 0.03568242 0.02440514 0.03485175
 0.03387397 0.0268835  0.03473027 0.02866995 0.02626551 0.02807369
 0.0284846  0.03868899 0.03038928 0.02880033 0.02891567 0.03172857
 0.03698935 0.03052425 0.03403959 0.02050638 0.02661825 0.02793637
 0.03796313 0.03387055 0.03421061 0.03776882 0.02768284 0.02413422
 0.03108671 0.02922221 0.03204526 0.02702976 0.03167849 0.02942398
 0.0312118  0.03761434 0.02900339 0.03888769 0.027406   0.03663854
 0.03519226 0.0291478 ]","[0.04815695 0.04964404 0.02460559 0.03118154 0.03553164 0.04360432
 0.04868477 0.03277832 0.03790017 0.04994451 0.03631814 0.04221757
 0.03938806 0.02783092 0.05276503 0.04802072 0.03509386 0.03484
 0.04261142 0.04493065 0.03595466 0.03783844 0.04357358 0.0357719
 0.05716704 0.03156811 0.03815948 0.03349785 0.03730173 0.03790865
 0.04663177 0.03919227 0.04592062 0.03831085 0.0341992  0.0370946
 0.03399758 0.04085614 0.0364221  0.03420996 0.02537563 0.03679851
 0.03622581 0.0444312  0.03873161 0.03994247 0.03745597 0.0525511
 0.0425273  0.04654114]",0.4330013930246453,0.5079176442692819,0.2861745327623266,0.28483662037881585,0.43722512802338415,0.4641730293049283,0.2578686031607635,0.2865824500777855,0.0021306755183954315,0.002069970861135112,0.0006788084325083306,0.0007673354767996282,0.0676819171977043,0.07980055632591247,0.008830686089799061,0.01018056508016131,0.0019367337226867676,0.0032079148292541502,0.0006897544877545749,0.0011388272536466619,0.03117809492308778,0.039644108699723304,0.004794199122883732,0.006944616031611354
df3,0.15000000000000002,1.0,0.0,0.0,1.6,0.15000000000000002,1.0,"[0.02192948 0.29176485 0.11135888 0.21173982 0.55967522 0.32916807
 0.63886042 0.69212796 0.97808957 0.98457739 0.22624166 0.05871658
 0.71851426 0.41323244 0.43609338 0.43609338 0.91946676 0.69212796
 0.8633028  0.31007573 0.69212796 0.24148215 0.39108739 0.55967522
 0.77002924 0.53390728 0.63886042 0.41323244 0.18488568 0.8633028
 0.27423335 0.25747545 0.71851426 0.19796045 0.43609338 0.08151459
 0.77002924 0.96996014 0.55967522 0.36968362 0.0416213  0.3490397
 0.79482654 0.29176485 0.50859953 0.77002924 0.3490397  0.71851426
 0.24148215 0.53390728]","[0.03483221 0.93482727 0.18488568 0.58582128 0.19796045 0.04542867
 0.69212796 0.77002924 0.36968362 0.91946676 0.66552932 0.17249627
 0.71851426 0.01809676 0.55967522 0.19796045 0.02192948 0.55967522
 0.29176485 0.63886042 0.45963725 0.45963725 0.32916807 0.24148215
 0.16077182 0.24148215 0.04953464 0.10315938 0.03483221 0.39108739
 0.07520917 0.93482727 0.36968362 0.29176485 0.58582128 0.17249627
 0.09546732 0.22624166 0.08825991 0.18488568 0.00377043 0.12937218
 0.48382277 0.99939196 0.10315938 0.45963725 0.3490397  0.12937218
 0.19796045 0.14969106]","[0.02192948 0.29176485 0.11135888 0.21173982 0.55967522 0.32916807
 0.63886042 0.69212796 0.97808957 0.98457739 0.22624166 0.05871658
 0.71851426 0.41323244 0.43609338 0.43609338 0.91946676 0.69212796
 0.8633028  0.31007573 0.69212796 0.24148215 0.39108739 0.55967522
 0.77002924 0.53390728 0.63886042 0.41323244 0.18488568 0.8633028
 0.27423335 0.25747545 0.71851426 0.19796045 0.43609338 0.08151459
 0.77002924 0.96996014 0.55967522 0.36968362 0.0416213  0.3490397
 0.79482654 0.29176485 0.50859953 0.77002924 0.3490397  0.71851426
 0.24148215 0.53390728]","[0.03483221 0.93482727 0.18488568 0.58582128 0.19796045 0.04542867
 0.69212796 0.77002924 0.36968362 0.91946676 0.66552932 0.17249627
 0.71851426 0.01809676 0.55967522 0.19796045 0.02192948 0.55967522
 0.29176485 0.63886042 0.45963725 0.45963725 0.32916807 0.24148215
 0.16077182 0.24148215 0.04953464 0.10315938 0.03483221 0.39108739
 0.07520917 0.93482727 0.36968362 0.29176485 0.58582128 0.17249627
 0.09546732 0.22624166 0.08825991 0.18488568 0.00377043 0.12937218
 0.48382277 0.99939196 0.10315938 0.45963725 0.3490397  0.12937218
 0.19796045 0.14969106]","[0.01653116 0.28918276 0.16816591 0.32246658 0.53158362 0.10413569
 0.64544727 0.70497561 0.97461363 0.91366429 0.52169195 0.04268157
 0.73495073 0.3749587  0.45980643 0.38276263 0.84882379 0.72688099
 0.82626044 0.42226247 0.36248427 0.25728115 0.54298111 0.44326086
 0.77094838 0.57359545 0.51395387 0.19365473 0.10195312 0.83393837
 0.27057261 0.34253979 0.80202831 0.2383579  0.69724918 0.06132085
 0.56338561 0.9669701  0.67471455 0.49347295 0.02405164 0.4890851
 0.64780238 0.42667445 0.51778549 0.5120641  0.206577   0.54935798
 0.1778646  0.45804104]","[0.04253595 0.92469638 0.18947179 0.62370225 0.13136354 0.01737083
 0.71853869 0.74819489 0.67070833 0.80876623 0.86334445 0.17092364
 0.70592697 0.09407868 0.48751111 0.23809412 0.01993407 0.40427619
 0.19202123 0.53692423 0.33647459 0.48464804 0.37886335 0.28035498
 0.12165186 0.26622973 0.05693581 0.07210517 0.08636397 0.21327133
 0.07629916 0.94891056 0.33226067 0.39530921 0.54109511 0.11539452
 0.12347844 0.23245008 0.15639688 0.15891029 0.00284738 0.09782387
 0.39360828 0.99223371 0.29324375 0.61589276 0.19887181 0.25576008
 0.12873225 0.16122174]","[0.00019798 0.0025     0.00156974 0.0025     0.0025     0.00046648
 0.0025     0.0025     0.0025     0.0025     0.0025     0.00040243
 0.0025     0.0025     0.0025     0.0025     0.0025     0.0025
 0.0025     0.0025     0.0025     0.0025     0.0025     0.0025
 0.0025     0.0025     0.0025     0.00127593 0.00154985 0.0025
 0.00183162 0.0025     0.0025     0.0025     0.0025     0.00080081
 0.0025     0.0025     0.0025     0.0025     0.00020108 0.0025
 0.0025     0.0025     0.0025     0.0025     0.00118322 0.0025
 0.00120822 0.0025    ]","[6.46001617e-04 2.50000000e-03 1.40200040e-03 2.50000000e-03
 1.09563500e-03 9.72070981e-05 2.50000000e-03 2.50000000e-03
 2.50000000e-03 2.50000000e-03 2.50000000e-03 9.19554604e-04
 2.50000000e-03 9.30575293e-04 2.50000000e-03 1.92984511e-03
 2.59791197e-04 2.50000000e-03 1.17949183e-03 2.50000000e-03
 2.17803492e-03 2.50000000e-03 2.50000000e-03 2.40477116e-03
 1.34494952e-03 1.58340390e-03 3.02812683e-04 4.83909562e-04
 1.25558589e-03 1.77124349e-03 4.58251423e-04 2.50000000e-03
 2.50000000e-03 2.17303029e-03 2.50000000e-03 1.45447107e-03
 1.35187106e-03 2.50000000e-03 6.36931959e-04 1.53302819e-03
 2.52513540e-05 9.30838977e-04 2.50000000e-03 2.50000000e-03
 2.50000000e-03 2.50000000e-03 1.35253691e-03 1.98739296e-03
 6.32250884e-04 1.22288362e-03]","[0.05006465 0.07863355 0.07532688 0.06929318 0.06187293 0.05833192
 0.0689353  0.07254814 0.05746127 0.07124829 0.06921449 0.07952285
 0.0708894  0.07308103 0.06684604 0.07824792 0.06076113 0.05364761
 0.07033578 0.07120039 0.06078803 0.05871023 0.0543667  0.06025911
 0.06180583 0.06984469 0.06724374 0.06576811 0.05692601 0.06544663
 0.06793078 0.05327051 0.06923329 0.07096935 0.07219592 0.07507365
 0.06611968 0.05622378 0.06536315 0.07557677 0.0621009  0.06985582
 0.07918917 0.06690965 0.07140968 0.07051065 0.0575992  0.05963309
 0.06432506 0.08343177]","[0.0652515  0.08804035 0.08089048 0.0801494  0.07930828 0.07560007
 0.08094171 0.08609038 0.07000678 0.0827651  0.0900367  0.09552854
 0.08875949 0.08569496 0.07541083 0.09276288 0.06951268 0.07259656
 0.0803535  0.07607716 0.07603492 0.07803838 0.07292869 0.0771376
 0.07260942 0.07827225 0.07870378 0.07645981 0.07187388 0.07241776
 0.08401268 0.08594125 0.08239171 0.08355058 0.08163784 0.09252043
 0.07992122 0.07358256 0.07739868 0.09257031 0.07004052 0.08210612
 0.09406675 0.08075383 0.08824814 0.08341032 0.08222782 0.07875927
 0.08425641 0.09329646]","[8.51915932e-05 3.33602466e-11 2.57528847e-10 8.54687369e-09
 4.24423040e-07 2.34078298e-06 1.04236937e-08 1.34003123e-09
 3.50742924e-06 2.83731558e-09 8.92896957e-09 1.89663984e-11
 3.48191454e-09 9.81395403e-10 3.25381934e-08 4.25318375e-11
 7.33408836e-07 1.91922202e-05 4.76528962e-09 2.91609608e-09
 7.23852948e-07 1.95985197e-06 1.40548122e-05 9.35826570e-07
 4.38789941e-07 6.28158241e-09 2.62702018e-08 5.77424173e-08
 4.48384846e-06 6.83910582e-08 1.80975924e-08 2.25609070e-05
 8.83619329e-09 3.32698481e-09 1.64428558e-09 3.00069803e-10
 4.79398076e-08 6.16689714e-06 7.14543019e-08 2.21353473e-10
 3.78929124e-07 6.24250767e-09 2.34599997e-11 3.14461431e-08
 2.58689658e-09 4.31679413e-09 3.29111103e-06 1.26460607e-06
 1.22634870e-07 1.46940934e-12]","[7.57600060e-08 6.14674412e-14 7.85994497e-12 1.26921338e-11
 2.17475099e-11 2.18245926e-10 7.60262086e-12 2.40439798e-13
 5.73537581e-09 2.29290981e-12 1.47356509e-14 2.45352143e-16
 3.68823902e-14 3.15862761e-13 2.44773284e-10 1.98939592e-15
 7.56323061e-09 1.30275713e-09 1.11277920e-11 1.63226126e-10
 1.67490699e-10 4.85081806e-11 1.07303979e-09 8.50203813e-11
 1.29302884e-09 4.18866935e-11 3.19126262e-11 1.29130947e-10
 1.98083460e-09 1.44563752e-09 9.94233471e-13 2.66538673e-13
 2.93723033e-12 1.35688032e-12 4.82605282e-12 2.38298444e-15
 1.46969346e-11 7.30505851e-10 7.23069326e-11 2.29619260e-15
 5.62764712e-09 3.54706877e-12 7.47402982e-16 8.58895314e-12
 5.30562061e-14 1.49068220e-12 3.27334502e-12 3.08125033e-11
 8.43244755e-13 1.33491084e-15]","[0.00159192 0.00291097 0.00200021 0.0021143  0.00110698 0.00169063
 0.00227129 0.00160623 0.00133872 0.00261247 0.00282288 0.00265229
 0.00329483 0.00296891 0.00189698 0.00397384 0.00127137 0.00047338
 0.00225306 0.00198615 0.00193524 0.00145578 0.00117409 0.00191617
 0.00189221 0.00137472 0.00311172 0.0019902  0.00119746 0.00089002
 0.00197816 0.00140131 0.00240266 0.00238013 0.00195384 0.00270236
 0.00176096 0.00113571 0.00299931 0.00276852 0.00161934 0.0018183
 0.00343287 0.00108147 0.00192523 0.00201154 0.00110197 0.00127053
 0.00201511 0.00307691]","[0.0014292  0.00500941 0.00348139 0.00272048 0.00217962 0.00269794
 0.00346494 0.00414002 0.00181806 0.00552082 0.00513768 0.00471365
 0.00689578 0.00375497 0.00329709 0.00665069 0.0014019  0.00146472
 0.00383866 0.00360417 0.00254011 0.00361633 0.00188541 0.00238812
 0.00430274 0.00156629 0.00313509 0.00339985 0.0028019  0.00173962
 0.00271583 0.00382447 0.00410664 0.00346577 0.0035001  0.00535369
 0.00270104 0.0024451  0.00449812 0.0061065  0.00214827 0.00251603
 0.00454319 0.00312662 0.00464559 0.00308335 0.00195277 0.00213873
 0.00307345 0.00542557]","[0.03030268 0.03681966 0.03142782 0.03320057 0.02500626 0.02984342
 0.03391894 0.02744343 0.02694267 0.03377354 0.03576659 0.035982
 0.03834374 0.03807274 0.03074857 0.04189078 0.02703903 0.01988808
 0.03309715 0.03077572 0.03214963 0.02655629 0.02521612 0.03137848
 0.03135217 0.02770857 0.03915626 0.03149956 0.02534521 0.02333725
 0.03130391 0.0274607  0.03628676 0.03463813 0.03142099 0.03547563
 0.02933405 0.02511427 0.03911538 0.03621701 0.02913877 0.0294636
 0.03914956 0.02571296 0.03312064 0.03345548 0.02623131 0.02670892
 0.03205038 0.03717648]","[0.02474428 0.0502072  0.04171801 0.03964799 0.03322098 0.03712435
 0.04220428 0.04948225 0.03048562 0.05382061 0.05322898 0.04777199
 0.05953646 0.03965143 0.03960731 0.05734928 0.02461342 0.0305074
 0.04248267 0.04460002 0.03404035 0.04235421 0.02989079 0.0326944
 0.04696896 0.0275021  0.03927222 0.0403641  0.03691575 0.0301256
 0.03856077 0.0454529  0.04447025 0.04308705 0.04102891 0.04976658
 0.03618762 0.03526582 0.04764917 0.05609815 0.03228955 0.03290698
 0.04458715 0.04105182 0.04874568 0.03958221 0.03143274 0.03304322
 0.04027303 0.05026846]",0.48831422854388434,0.34160464167127663,0.2685530319117776,0.27666671622056765,0.4745162629925162,0.3421204592904217,0.25877510258931735,0.2773548394902261,0.0021637472194728723,0.0017208710397540504,0.0006920709235954812,0.0008295841573079482,0.0667108737540245,0.08081893437385558,0.007699114632029198,0.0071734540328596,0.002012224197387695,0.003439350128173828,0.0007440130529002925,0.0013679545539598335,0.031451157398663956,0.04067762174863662,0.004832484338037286,0.008424246656629716
df3,0.2,1.0,0.0,0.0,1.6,0.2,1.0,"[0.36968362 0.77002924 0.27423335 0.17249627 0.18488568 0.16077182
 0.00268159 0.00585634 0.01641475 0.8633028  0.61225166 0.43609338
 0.41323244 0.16077182 0.43609338 0.66552932 0.17249627 0.50859953
 0.84163603 0.8633028  0.17249627 0.69212796 0.84163603 0.48382277
 0.1200888  0.77002924 0.17249627 0.00585634 0.90235528 0.17249627
 0.3490397  0.96007647 0.58582128 0.81875363 0.58582128 0.69212796
 0.90235528 0.29176485 0.53390728 0.96007647 0.31007573 0.53390728
 0.48382277 0.91946676 0.50859953 0.8633028  0.58582128 0.50859953
 0.90235528 0.11135888]","[3.49039701e-01 3.69683622e-01 6.38860419e-01 6.92127962e-01
 3.80948244e-02 7.44535382e-01 1.32017364e-03 3.48322136e-02
 1.20088801e-01 3.49039701e-01 9.54673207e-02 2.57475452e-01
 2.26241661e-01 3.69683622e-01 4.36093382e-01 3.49039701e-01
 6.38860419e-01 6.38860419e-01 9.60076470e-01 8.83591758e-01
 8.15145929e-02 2.91764847e-01 4.54286666e-02 2.41482152e-01
 1.21765095e-02 6.38860419e-01 4.16212987e-02 7.25488863e-03
 1.29372179e-01 6.26876255e-04 6.65529322e-01 7.44535382e-01
 9.54673207e-02 6.12251659e-01 2.41482152e-01 5.85821277e-01
 5.59675216e-01 9.99391965e-01 1.03159376e-01 4.13232440e-01
 2.90339156e-02 2.57475452e-01 5.08599525e-01 9.48372085e-01
 2.41482152e-01 5.85821277e-01 1.03159376e-01 6.38312357e-02
 5.85821277e-01 1.34646549e-02]","[0.36968362 0.77002924 0.27423335 0.17249627 0.18488568 0.16077182
 0.00268159 0.00585634 0.01641475 0.8633028  0.61225166 0.43609338
 0.41323244 0.16077182 0.43609338 0.66552932 0.17249627 0.50859953
 0.84163603 0.8633028  0.17249627 0.69212796 0.84163603 0.48382277
 0.1200888  0.77002924 0.17249627 0.00585634 0.90235528 0.17249627
 0.3490397  0.96007647 0.58582128 0.81875363 0.58582128 0.69212796
 0.90235528 0.29176485 0.53390728 0.96007647 0.31007573 0.53390728
 0.48382277 0.91946676 0.50859953 0.8633028  0.58582128 0.50859953
 0.90235528 0.11135888]","[3.49039701e-01 3.69683622e-01 6.38860419e-01 6.92127962e-01
 3.80948244e-02 7.44535382e-01 1.32017364e-03 3.48322136e-02
 1.20088801e-01 3.49039701e-01 9.54673207e-02 2.57475452e-01
 2.26241661e-01 3.69683622e-01 4.36093382e-01 3.49039701e-01
 6.38860419e-01 6.38860419e-01 9.60076470e-01 8.83591758e-01
 8.15145929e-02 2.91764847e-01 4.54286666e-02 2.41482152e-01
 1.21765095e-02 6.38860419e-01 4.16212987e-02 7.25488863e-03
 1.29372179e-01 6.26876255e-04 6.65529322e-01 7.44535382e-01
 9.54673207e-02 6.12251659e-01 2.41482152e-01 5.85821277e-01
 5.59675216e-01 9.99391965e-01 1.03159376e-01 4.13232440e-01
 2.90339156e-02 2.57475452e-01 5.08599525e-01 9.48372085e-01
 2.41482152e-01 5.85821277e-01 1.03159376e-01 6.38312357e-02
 5.85821277e-01 1.34646549e-02]","[0.23560225 0.81395551 0.40629892 0.16853352 0.18954602 0.10242129
 0.00285955 0.04510092 0.04592948 0.97209683 0.55039957 0.30697782
 0.42362817 0.26232976 0.3329769  0.47559915 0.22219019 0.39371688
 0.92321938 0.7982822  0.15033376 0.50818839 0.8188631  0.79069073
 0.10725619 0.88394414 0.15046898 0.00947545 0.81545593 0.08020066
 0.69220219 0.93656958 0.39751904 0.85348225 0.42779051 0.7497345
 0.69974353 0.27905131 0.55212124 0.87934459 0.31409682 0.69209333
 0.45829863 0.84060808 0.63041283 0.66553318 0.60358208 0.71926947
 0.88570112 0.053424  ]","[2.81315333e-01 3.86831723e-01 4.88371111e-01 5.32961745e-01
 5.48982548e-02 6.10700767e-01 7.23978612e-04 1.11766774e-01
 8.79226967e-02 3.99918320e-01 1.25014769e-01 2.42747774e-01
 1.57727639e-01 1.53164010e-01 2.71381839e-01 2.21782379e-01
 4.76478060e-01 4.10627385e-01 9.68554268e-01 6.94329802e-01
 9.68838210e-02 3.89773806e-01 7.37333769e-02 1.17372316e-01
 6.15878031e-02 8.35918956e-01 2.95158412e-02 2.65767264e-03
 8.57752961e-02 3.25626838e-03 4.66699502e-01 6.74731533e-01
 1.07318164e-01 5.70193971e-01 2.51730640e-01 4.27027853e-01
 5.95301400e-01 9.99742066e-01 1.45476744e-01 4.83582525e-01
 7.59317290e-02 4.09797104e-01 6.93105439e-01 8.45769203e-01
 2.63982265e-01 5.19295209e-01 6.19858056e-02 1.17171075e-01
 4.05858175e-01 9.66299290e-03]","[2.26349953e-03 2.50000000e-03 2.50000000e-03 2.03550084e-03
 1.89002207e-03 8.62791908e-04 2.31079223e-05 6.09208160e-04
 5.94159106e-04 2.50000000e-03 2.50000000e-03 1.99055675e-03
 2.10032281e-03 2.50000000e-03 2.50000000e-03 2.50000000e-03
 1.79563617e-03 2.50000000e-03 2.50000000e-03 2.50000000e-03
 1.24075842e-03 2.50000000e-03 2.50000000e-03 2.50000000e-03
 3.85230119e-04 2.50000000e-03 1.39083146e-03 1.11079719e-04
 2.50000000e-03 7.61977394e-04 2.50000000e-03 2.50000000e-03
 2.50000000e-03 2.50000000e-03 2.50000000e-03 2.50000000e-03
 2.50000000e-03 2.50000000e-03 2.50000000e-03 2.50000000e-03
 1.33247594e-03 2.50000000e-03 2.16472808e-03 2.50000000e-03
 2.50000000e-03 2.50000000e-03 2.50000000e-03 2.50000000e-03
 2.50000000e-03 4.64847852e-04]","[2.00736821e-03 2.50000000e-03 2.50000000e-03 2.50000000e-03
 5.81868582e-04 2.50000000e-03 1.00000000e-05 1.16861553e-03
 4.72910562e-04 2.50000000e-03 5.35252346e-04 1.49508586e-03
 8.24590782e-04 8.80573612e-04 1.93407785e-03 1.91237529e-03
 2.50000000e-03 2.50000000e-03 2.50000000e-03 2.50000000e-03
 6.53489679e-04 2.50000000e-03 3.09283680e-04 1.14852041e-03
 9.84889946e-05 2.50000000e-03 1.20215637e-04 2.83544126e-05
 1.03612576e-03 3.90567341e-05 2.50000000e-03 2.50000000e-03
 1.01640619e-03 2.50000000e-03 1.72641564e-03 2.29286068e-03
 2.50000000e-03 2.50000000e-03 9.64822837e-04 2.50000000e-03
 1.20489856e-04 2.32537280e-03 2.50000000e-03 2.50000000e-03
 2.50000000e-03 2.50000000e-03 8.81963429e-04 5.86537377e-04
 2.50000000e-03 9.01754073e-05]","[0.07849317 0.07330045 0.06656899 0.08478762 0.05939793 0.05981808
 0.06529057 0.08788764 0.06704468 0.05478517 0.08267541 0.07655127
 0.07009581 0.05362021 0.07316989 0.06084593 0.04860513 0.077452
 0.07441499 0.07848565 0.0777131  0.07497794 0.06448061 0.06608847
 0.07391481 0.06851525 0.06750889 0.05489089 0.05541839 0.05246503
 0.07669384 0.0641345  0.06869266 0.06314687 0.06607727 0.08965115
 0.07220518 0.08019232 0.07115675 0.07806608 0.08208297 0.0768375
 0.06661955 0.0728072  0.07550446 0.07191329 0.06621659 0.06204554
 0.07284923 0.05755613]","[0.08854272 0.0848344  0.0797806  0.08286674 0.07851624 0.08047582
 0.07375617 0.10016077 0.08170997 0.07619896 0.0932967  0.08835322
 0.07658593 0.06626879 0.07790157 0.06413707 0.06295941 0.08435164
 0.06892048 0.09575654 0.08855375 0.09197328 0.08886812 0.06356223
 0.08301118 0.07527386 0.0910366  0.07068528 0.06509025 0.07160099
 0.08360444 0.08723425 0.07570544 0.0833325  0.08516077 0.09904307
 0.09012142 0.08758037 0.08560404 0.09089711 0.09185488 0.08315019
 0.08252956 0.08189984 0.09117948 0.09190448 0.07757882 0.08550301
 0.07636611 0.07022465]","[3.64493200e-11 8.62693057e-10 3.77402358e-08 5.87928701e-13
 1.41488523e-06 1.15733076e-06 7.42253251e-08 6.84729338e-14
 2.92446804e-08 1.17019866e-05 2.43368477e-12 1.22076610e-10
 5.45533529e-09 1.94198080e-05 9.31513117e-10 7.03690164e-07
 1.51787659e-04 6.99496086e-11 4.45519985e-10 3.66224066e-11
 5.94494202e-11 3.17876558e-10 1.13162532e-07 4.87399603e-08
 6.00065989e-10 1.31413723e-08 2.27614126e-08 1.11701894e-05
 8.84503157e-06 3.17475922e-05 1.11825551e-10 1.35291069e-07
 1.19184100e-08 2.24026940e-07 4.90303187e-08 1.94648285e-14
 1.63549285e-09 1.23461958e-11 2.98971501e-09 4.76732870e-11
 3.60162024e-12 1.02349813e-10 3.67343104e-08 1.15206651e-09
 2.31276352e-10 1.93629856e-09 4.55351600e-08 3.89522295e-07
 1.12410457e-09 3.35723672e-06]","[4.30401254e-14 5.69483532e-13 1.60837167e-11 2.14300998e-12
 3.59231141e-11 1.02826044e-11 6.59227871e-10 6.41421346e-18
 4.60306189e-12 1.51514019e-10 1.33467602e-15 4.92446748e-14
 1.19502827e-10 4.42891722e-08 5.28458838e-11 1.35112205e-07
 2.46314114e-07 7.90581410e-13 1.05095090e-08 2.05900884e-16
 4.27038317e-14 3.57510254e-15 3.41311330e-14 1.81384164e-07
 1.94643190e-12 2.65916930e-10 7.11924477e-15 3.91009374e-09
 8.24258452e-08 2.31788919e-09 1.30869529e-12 1.08427896e-13
 2.04715139e-10 1.57041913e-12 4.55728263e-13 1.57010408e-17
 1.38591742e-14 8.50315717e-14 3.36253885e-13 7.88350562e-15
 3.90186469e-15 1.77400132e-12 2.68095530e-12 4.06322554e-12
 6.41212551e-15 3.76155117e-15 6.46407261e-11 3.60431702e-13
 1.36771246e-10 5.07356732e-09]","[0.00220537 0.00086021 0.0022192  0.00290072 0.00140607 0.00175405
 0.00196207 0.00255096 0.00163901 0.00107336 0.00202227 0.00237143
 0.00100613 0.00193751 0.00145018 0.00238371 0.00050974 0.00282979
 0.00185776 0.00261581 0.00352061 0.00173593 0.00204051 0.0020535
 0.00244737 0.00236177 0.00239503 0.00153756 0.00152969 0.00136197
 0.00126219 0.00185347 0.00360262 0.00112057 0.00145924 0.00184917
 0.00198698 0.00201964 0.00194395 0.00289834 0.00336516 0.00208139
 0.00148344 0.00180376 0.00214481 0.00185251 0.00142252 0.00220203
 0.00255954 0.00116146]","[0.00295138 0.00176764 0.00315285 0.00425017 0.00272429 0.0039432
 0.00322878 0.00400162 0.00373638 0.00223339 0.00309455 0.00257647
 0.0027281  0.00235474 0.00168288 0.00305879 0.00213158 0.00425005
 0.0030272  0.00492048 0.00468862 0.00408912 0.00323248 0.0017364
 0.00257063 0.00256872 0.0037272  0.0012064  0.00157499 0.00117052
 0.0026809  0.00402224 0.00497305 0.00244033 0.00285268 0.00374568
 0.00443184 0.00424492 0.00355041 0.00416672 0.0047487  0.0047009
 0.0031302  0.0033704  0.00460386 0.00342703 0.0019083  0.00267577
 0.00332093 0.00140405]","[0.03399413 0.02302568 0.03400845 0.0366489  0.02739067 0.02968381
 0.03191956 0.03355825 0.02862497 0.02480405 0.03237733 0.03515425
 0.02318962 0.03130816 0.02815556 0.03476624 0.01881849 0.03709875
 0.03070306 0.03620724 0.04036436 0.0276381  0.03240573 0.03205486
 0.03601091 0.03449907 0.03410235 0.02821769 0.02860725 0.02832721
 0.02493891 0.03104805 0.04092852 0.02414721 0.02740013 0.03060544
 0.03283265 0.03100906 0.0305906  0.03646334 0.04035106 0.03053127
 0.02696604 0.03110315 0.030854   0.03155722 0.02734219 0.03292573
 0.03522681 0.02504323]","[0.03761054 0.02899415 0.03670875 0.04730314 0.03682787 0.04187342
 0.03887258 0.04091497 0.0442981  0.03395394 0.03975087 0.03659526
 0.03745387 0.03565923 0.02895621 0.03911788 0.0358457  0.04567901
 0.04124149 0.0479921  0.04573129 0.04483386 0.03753679 0.02958877
 0.03551185 0.03278216 0.04123579 0.02635215 0.02808341 0.02183635
 0.03599295 0.0462597  0.04700707 0.03676731 0.03824361 0.04232502
 0.04733106 0.04855436 0.04037694 0.04398653 0.04960979 0.05411626
 0.03985369 0.04239449 0.04666779 0.04062764 0.02861825 0.0376496
 0.03989711 0.02631422]",0.49341642694811916,0.36081444985187167,0.30017408150038527,0.2949757538886597,0.4863423985311522,0.3299611436499633,0.30162092244101346,0.2700000875262912,0.002040334685268511,0.0016052259628822566,0.0007646600964259615,0.0009656379912432815,0.0696742605161667,0.08191007360458373,0.00944418372155558,0.00929676934235698,0.0019722414016723634,0.0031755709648132323,0.0006564588762623758,0.0010333609746539978,0.031110586187614874,0.03903469730580289,0.004667621605078457,0.006885719127477275
df3,0.25,1.0,0.0,0.0,1.6,0.25,1.0,"[0.61225166 0.77002924 0.25747545 0.41323244 0.69212796 0.29176485
 0.63886042 0.08151459 0.55967522 0.48382277 0.05871658 0.55967522
 0.39108739 0.77002924 0.79482654 0.10315938 0.43609338 0.63886042
 0.53390728 0.84163603 0.8633028  0.39108739 0.32916807 0.10315938
 0.90235528 0.74453538 0.55967522 0.61225166 0.32916807 0.21173982
 0.21173982 0.139232   0.06383124 0.31007573 0.14969106 0.43609338
 0.79482654 0.3490397  0.63886042 0.12937218 0.61225166 0.84163603
 0.63886042 0.36968362 0.71851426 0.61225166 0.39108739 0.8633028
 0.58582128 0.8633028 ]","[0.1200888  0.27423335 0.66552932 0.06932183 0.27423335 0.29176485
 0.39108739 0.04542867 0.11135888 0.74453538 0.00148941 0.32916807
 0.66552932 0.12937218 0.27423335 0.00377043 0.09546732 0.06932183
 0.01809676 0.50859953 0.77002924 0.29176485 0.69212796 0.00300719
 0.66552932 0.48382277 0.48382277 0.17249627 0.3490397  0.04542867
 0.04953464 0.14969106 0.01641475 0.0416213  0.09546732 0.10315938
 0.22624166 0.31007573 0.31007573 0.8633028  0.32916807 0.08825991
 0.71851426 0.16077182 0.07520917 0.66552932 0.07520917 0.19796045
 0.05871658 0.22624166]","[0.61225166 0.77002924 0.25747545 0.41323244 0.69212796 0.29176485
 0.63886042 0.08151459 0.55967522 0.48382277 0.05871658 0.55967522
 0.39108739 0.77002924 0.79482654 0.10315938 0.43609338 0.63886042
 0.53390728 0.84163603 0.8633028  0.39108739 0.32916807 0.10315938
 0.90235528 0.74453538 0.55967522 0.61225166 0.32916807 0.21173982
 0.21173982 0.139232   0.06383124 0.31007573 0.14969106 0.43609338
 0.79482654 0.3490397  0.63886042 0.12937218 0.61225166 0.84163603
 0.63886042 0.36968362 0.71851426 0.61225166 0.39108739 0.8633028
 0.58582128 0.8633028 ]","[0.1200888  0.27423335 0.66552932 0.06932183 0.27423335 0.29176485
 0.39108739 0.04542867 0.11135888 0.74453538 0.00148941 0.32916807
 0.66552932 0.12937218 0.27423335 0.00377043 0.09546732 0.06932183
 0.01809676 0.50859953 0.77002924 0.29176485 0.69212796 0.00300719
 0.66552932 0.48382277 0.48382277 0.17249627 0.3490397  0.04542867
 0.04953464 0.14969106 0.01641475 0.0416213  0.09546732 0.10315938
 0.22624166 0.31007573 0.31007573 0.8633028  0.32916807 0.08825991
 0.71851426 0.16077182 0.07520917 0.66552932 0.07520917 0.19796045
 0.05871658 0.22624166]","[0.5197416  0.80967212 0.27197497 0.41443582 0.71737751 0.26361983
 0.53542885 0.09093238 0.32158728 0.49188362 0.08753002 0.48642774
 0.44605093 0.71405435 0.55209679 0.15071368 0.35130565 0.55833781
 0.48766757 0.88297765 0.92109794 0.46239565 0.24175782 0.07622269
 0.80079041 0.77586981 0.51724281 0.47362988 0.15867685 0.09578304
 0.16169584 0.24971886 0.06602291 0.31218414 0.17743366 0.21642376
 0.86930624 0.26319799 0.78271538 0.27845187 0.82672784 0.57550731
 0.6355633  0.3543601  0.54665067 0.63926782 0.41906426 0.71457915
 0.30727466 0.77851158]","[0.06666996 0.17749678 0.45080657 0.03600606 0.23461156 0.19839108
 0.34414856 0.02932396 0.13716476 0.65878219 0.00246562 0.24236804
 0.48712196 0.09657072 0.2674743  0.01612197 0.04271377 0.02133594
 0.03596223 0.39572005 0.72252447 0.30849121 0.66155361 0.00630383
 0.5322719  0.39114816 0.56620247 0.27332526 0.22723446 0.01661331
 0.05773559 0.12953078 0.03431904 0.1217142  0.11019346 0.03956925
 0.17964598 0.17573368 0.25379709 0.76129727 0.37947904 0.11977456
 0.55135868 0.1144937  0.03861507 0.54532408 0.03940462 0.23334194
 0.06358304 0.11930303]","[0.0025     0.0025     0.00185224 0.0025     0.0025     0.00162353
 0.0025     0.00034524 0.00245037 0.0025     0.00087569 0.0025
 0.0025     0.0025     0.0025     0.00128181 0.00167722 0.0025
 0.0025     0.0025     0.0025     0.0025     0.0025     0.00061959
 0.0025     0.0025     0.0025     0.0025     0.00195763 0.00054584
 0.00092389 0.0025     0.00045537 0.0025     0.00158084 0.0016601
 0.0025     0.00219889 0.0025     0.0025     0.0025     0.0025
 0.0025     0.0025     0.0025     0.0025     0.0025     0.0025
 0.00190922 0.0025    ]","[2.37051373e-04 1.07150216e-03 2.50000000e-03 1.86058989e-04
 2.50000000e-03 8.50844761e-04 2.50000000e-03 9.59345622e-05
 4.52786418e-04 2.50000000e-03 1.69977835e-05 1.38997276e-03
 2.34411547e-03 6.21726372e-04 1.64866094e-03 1.13453639e-04
 2.21682427e-04 1.52930342e-04 3.44946022e-04 1.76964988e-03
 2.50000000e-03 2.50000000e-03 2.50000000e-03 5.68339892e-05
 2.50000000e-03 1.71731164e-03 2.50000000e-03 1.14007155e-03
 1.48232248e-03 4.01969707e-05 1.81065762e-04 5.70897531e-04
 1.79128430e-04 1.59002314e-03 4.50256421e-04 1.30097804e-04
 6.71401616e-04 6.53838263e-04 1.62086076e-03 2.50000000e-03
 2.50000000e-03 4.61554865e-04 2.50000000e-03 8.90574015e-04
 3.49134328e-04 2.50000000e-03 2.52763927e-04 2.03155024e-03
 1.81874752e-04 6.09572307e-04]","[0.07318814 0.07525794 0.0559267  0.05651168 0.06109511 0.05854447
 0.06329532 0.08231559 0.0739316  0.06926171 0.0661993  0.07222232
 0.0822697  0.06192241 0.06712942 0.06326314 0.06507981 0.06139465
 0.07349862 0.07516283 0.07323928 0.05772593 0.07701298 0.05561924
 0.05684634 0.07000512 0.06937496 0.07101543 0.07714316 0.04963817
 0.06981538 0.07248637 0.07643344 0.06787596 0.07888218 0.06467464
 0.07003049 0.07039692 0.06956917 0.07097262 0.07103162 0.06857992
 0.07982765 0.05304395 0.07533223 0.06886142 0.06121529 0.07997565
 0.07179583 0.06780507]","[0.09235464 0.09529369 0.07450165 0.08697121 0.07492451 0.07830719
 0.07445184 0.08934604 0.09129157 0.0816658  0.0795515  0.08089255
 0.08498395 0.08595351 0.08066997 0.08379704 0.06985406 0.07281019
 0.0772756  0.08642288 0.08053658 0.06677153 0.09901009 0.06829774
 0.08207298 0.08903452 0.08073513 0.08356297 0.09147313 0.07700838
 0.08056789 0.08380184 0.08894054 0.07729338 0.08399963 0.07944614
 0.07704694 0.08642158 0.08823794 0.08273337 0.08979294 0.07877034
 0.08132466 0.07689939 0.08526667 0.08309003 0.07495779 0.09655243
 0.08030315 0.07980336]","[9.21583597e-10 2.68487884e-10 7.04866527e-06 5.41409498e-06
 6.22932506e-07 2.11875996e-06 2.07776028e-07 3.08889940e-12
 5.94114795e-10 8.69771009e-09 4.59553915e-08 1.61931610e-09
 3.18402299e-12 4.14120174e-07 2.79405159e-08 2.11198975e-07
 8.28763745e-08 5.37670878e-07 7.67619582e-10 2.84357502e-10
 8.94296643e-10 3.10371630e-06 9.18368848e-11 8.08815085e-06
 4.64985982e-06 5.74071816e-09 8.16663280e-09 3.24075815e-09
 8.47284575e-11 1.01032475e-04 6.38562918e-09 1.38908590e-09
 1.31237804e-10 1.86463695e-08 2.85063557e-11 1.02338313e-07
 5.65946951e-09 4.60353545e-09 7.32849319e-09 3.32079834e-09
 3.21098512e-09 1.26820841e-08 1.56059713e-11 2.48492779e-05
 2.56696423e-10 1.08583276e-08 5.87263101e-07 1.41921454e-11
 2.07202342e-09 1.93801205e-08]","[2.69532205e-15 2.93777608e-16 4.23029259e-10 1.30341383e-13
 3.28262272e-10 4.09766388e-11 4.35817338e-10 2.42405698e-14
 5.90622259e-15 4.73837987e-12 1.86224356e-11 7.84937075e-12
 5.14262090e-13 2.64290950e-13 9.06869684e-12 1.14974923e-12
 6.24867064e-09 1.15005228e-09 7.80498475e-11 1.90959818e-13
 9.88652133e-12 3.38644502e-08 1.61188303e-17 1.48081952e-08
 3.62542621e-12 3.03040529e-14 8.69372995e-12 1.34563927e-12
 5.16897165e-15 9.20985493e-11 9.68832971e-12 1.14604140e-12
 3.24104769e-14 7.71934908e-11 1.00302644e-12 1.99180767e-11
 8.99279904e-11 1.91132737e-13 5.34414315e-14 2.34176815e-12
 1.75734006e-14 3.05976509e-11 5.92375737e-12 9.85141251e-11
 4.23862198e-13 1.84669290e-12 3.21754400e-10 1.11292600e-16
 1.14952070e-11 1.58508194e-11]","[0.00252008 0.00289404 0.00114799 0.00136077 0.00142336 0.00159621
 0.00170064 0.00365758 0.00326717 0.00257945 0.00232065 0.00228655
 0.00317967 0.00208867 0.0013963  0.00199091 0.00166678 0.00233638
 0.00116813 0.00155842 0.00116146 0.00128567 0.00391197 0.0010159
 0.00092888 0.00123239 0.00137937 0.00234115 0.00138843 0.00159466
 0.00265539 0.00251555 0.00160277 0.00167406 0.00300479 0.00117433
 0.00198996 0.00233519 0.0019449  0.00207341 0.00225759 0.00182319
 0.00275528 0.00074887 0.00214577 0.0013144  0.0025456  0.00299323
 0.00147307 0.0019927 ]","[0.00387681 0.00561726 0.00312328 0.00315428 0.00165248 0.00302601
 0.00332618 0.00491357 0.00592136 0.0037297  0.0033989  0.00335801
 0.00437427 0.00231409 0.00278258 0.00331867 0.0016005  0.00277066
 0.0020721  0.00244701 0.00217855 0.00291538 0.00830102 0.00285363
 0.00306952 0.00317466 0.00257146 0.00325167 0.00267875 0.00182569
 0.00460398 0.00401425 0.00281215 0.00266123 0.00402319 0.00285447
 0.00374866 0.00443101 0.00377798 0.00366902 0.00387728 0.00288618
 0.00424087 0.00233126 0.00348115 0.0028249  0.00413549 0.00561106
 0.00273085 0.00305378]","[0.03496638 0.03490384 0.02438901 0.02683699 0.02709165 0.02875564
 0.02903665 0.04088749 0.03937152 0.03569844 0.03300038 0.03304857
 0.03675889 0.03140323 0.02764217 0.03268235 0.02917283 0.03391032
 0.02561027 0.02904456 0.02588255 0.02636243 0.04220333 0.02583034
 0.02328205 0.02470706 0.02660803 0.03417364 0.02701789 0.02870833
 0.03628919 0.0347098  0.02890442 0.03034735 0.03922699 0.02585117
 0.03116297 0.03365383 0.03114803 0.03174016 0.03296337 0.03050579
 0.03681728 0.02053838 0.03089907 0.02759263 0.03526298 0.0364527
 0.02732924 0.03196188]","[0.04352157 0.05072729 0.04036875 0.03857438 0.03062873 0.0386998
 0.03917381 0.04924504 0.05477948 0.04369412 0.04003768 0.04030234
 0.04735774 0.03337276 0.03681418 0.03988893 0.03108392 0.03636632
 0.03257889 0.03427668 0.03587856 0.04048491 0.0644331  0.03999555
 0.03806133 0.04164279 0.03530451 0.03942079 0.03691324 0.02991852
 0.04725444 0.04355424 0.03512348 0.03417849 0.04375676 0.03928638
 0.04313242 0.04770077 0.04076172 0.04334688 0.04171052 0.03811763
 0.04754077 0.0358159  0.0395518  0.03794354 0.04333159 0.04964024
 0.03850603 0.03738315]",0.4938932616589101,0.27601726993403125,0.2523244368529929,0.2470186375858875,0.45703880854400436,0.2343027778480692,0.24756248367785313,0.21397090657755835,0.00213914955108487,0.0011855928937440493,0.0006456350647981693,0.0009671372358550544,0.06847393765449522,0.08230144901275636,0.007785337927830259,0.006939388789277262,0.0019879937171936035,0.0034273362159729006,0.0007312770319227934,0.0011902250363171076,0.03104688111706603,0.04062364944923053,0.004792788192390256,0.006353234681492469
df3,0.30000000000000004,1.0,0.0,0.0,1.6,0.30000000000000004,1.0,"[0.71851426 0.45963725 0.27423335 0.8633028  0.43609338 0.53390728
 0.55967522 0.50859953 0.53390728 0.14969106 0.79482654 0.0416213
 0.21173982 0.03809482 0.74453538 0.19796045 0.66552932 0.77002924
 0.08151459 0.32916807 0.36968362 0.66552932 0.50859953 0.74453538
 0.03483221 0.3490397  0.04542867 0.58582128 0.69212796 0.0416213
 0.66552932 0.06383124 0.48382277 0.03809482 0.45963725 0.8633028
 0.11135888 0.74453538 0.16077182 0.77002924 0.32916807 0.22624166
 0.32916807 0.43609338 0.69212796 0.50859953 0.50859953 0.12937218
 0.71851426 0.58582128]","[8.15145929e-02 5.87165796e-02 2.19294824e-02 1.99311438e-02
 5.39576008e-02 3.80948244e-02 3.29168072e-01 8.15145929e-02
 8.15145929e-02 1.20088801e-01 1.64147482e-02 2.74233349e-01
 4.54286666e-02 1.34646549e-02 3.48322136e-02 9.92823487e-03
 5.39576008e-02 1.84885683e-01 1.39231997e-01 8.41636027e-01
 1.99311438e-02 5.39576008e-02 1.72496272e-01 1.39231997e-01
 4.54286666e-02 1.60771824e-01 8.95145539e-03 7.70029237e-01
 2.90339156e-02 4.36093382e-01 5.08599525e-01 6.52148041e-03
 6.38860419e-01 1.67194217e-04 2.74233349e-01 5.87165796e-02
 1.29372179e-01 6.38312357e-02 3.10075730e-01 2.91764847e-01
 1.20088801e-01 1.20088801e-01 3.49039701e-01 1.29372179e-01
 5.39576008e-02 3.69683622e-01 1.84885683e-01 1.10005675e-02
 1.39231997e-01 2.41482152e-01]","[0.71851426 0.45963725 0.27423335 0.8633028  0.43609338 0.53390728
 0.55967522 0.50859953 0.53390728 0.14969106 0.79482654 0.0416213
 0.21173982 0.03809482 0.74453538 0.19796045 0.66552932 0.77002924
 0.08151459 0.32916807 0.36968362 0.66552932 0.50859953 0.74453538
 0.03483221 0.3490397  0.04542867 0.58582128 0.69212796 0.0416213
 0.66552932 0.06383124 0.48382277 0.03809482 0.45963725 0.8633028
 0.11135888 0.74453538 0.16077182 0.77002924 0.32916807 0.22624166
 0.32916807 0.43609338 0.69212796 0.50859953 0.50859953 0.12937218
 0.71851426 0.58582128]","[8.15145929e-02 5.87165796e-02 2.19294824e-02 1.99311438e-02
 5.39576008e-02 3.80948244e-02 3.29168072e-01 8.15145929e-02
 8.15145929e-02 1.20088801e-01 1.64147482e-02 2.74233349e-01
 4.54286666e-02 1.34646549e-02 3.48322136e-02 9.92823487e-03
 5.39576008e-02 1.84885683e-01 1.39231997e-01 8.41636027e-01
 1.99311438e-02 5.39576008e-02 1.72496272e-01 1.39231997e-01
 4.54286666e-02 1.60771824e-01 8.95145539e-03 7.70029237e-01
 2.90339156e-02 4.36093382e-01 5.08599525e-01 6.52148041e-03
 6.38860419e-01 1.67194217e-04 2.74233349e-01 5.87165796e-02
 1.29372179e-01 6.38312357e-02 3.10075730e-01 2.91764847e-01
 1.20088801e-01 1.20088801e-01 3.49039701e-01 1.29372179e-01
 5.39576008e-02 3.69683622e-01 1.84885683e-01 1.10005675e-02
 1.39231997e-01 2.41482152e-01]","[0.78981533 0.45261973 0.3615836  0.83341405 0.44553865 0.56473001
 0.67205356 0.41512729 0.35854093 0.14328694 0.82977666 0.02012938
 0.34904681 0.17105109 0.80283657 0.10449829 0.69904424 0.63083499
 0.08622525 0.52308231 0.38323358 0.39330815 0.56792988 0.54930909
 0.03363345 0.48305068 0.08074244 0.54799117 0.57076536 0.06001245
 0.51080645 0.02610114 0.41794628 0.02841117 0.51754505 0.82070233
 0.12569352 0.6398863  0.10324056 0.66804483 0.49156733 0.0929763
 0.60798534 0.42970613 0.43148534 0.58110258 0.36580921 0.04169461
 0.64171964 0.53145143]","[1.13329599e-01 4.53267274e-02 6.60253798e-02 4.86944864e-02
 8.87296990e-02 4.95489309e-02 2.21711895e-01 9.93383540e-02
 1.40711525e-01 6.51551741e-02 4.07395889e-02 1.98990994e-01
 6.16138964e-02 5.75644896e-03 5.79989218e-02 4.04369572e-03
 6.85785306e-02 1.29666108e-01 3.15970687e-01 8.36854405e-01
 1.29106929e-02 6.60774391e-02 1.79121672e-01 1.74892905e-01
 2.57441072e-02 8.45196862e-02 6.19346489e-03 5.39847414e-01
 6.93613838e-02 4.05901402e-01 4.75354641e-01 1.15016569e-03
 5.68211269e-01 2.26742885e-04 2.21463425e-01 5.04555724e-02
 9.17425516e-02 1.04617389e-01 1.84268820e-01 2.04730665e-01
 2.80614767e-01 4.49327836e-02 5.95408544e-01 1.87110333e-01
 1.15765887e-01 2.94498122e-01 8.32618971e-02 1.00825613e-02
 7.28373996e-02 2.66949521e-01]","[2.50000000e-03 2.50000000e-03 2.50000000e-03 2.50000000e-03
 2.50000000e-03 2.50000000e-03 2.50000000e-03 2.50000000e-03
 2.50000000e-03 9.19975542e-04 2.50000000e-03 2.97373676e-04
 2.01357965e-03 5.59653310e-04 2.50000000e-03 8.42413960e-04
 2.50000000e-03 2.50000000e-03 4.79921025e-04 2.50000000e-03
 1.95848106e-03 2.50000000e-03 2.50000000e-03 2.50000000e-03
 3.65983100e-04 2.50000000e-03 4.05296489e-04 2.50000000e-03
 2.50000000e-03 7.80251577e-04 2.50000000e-03 8.48365382e-05
 2.50000000e-03 9.48233270e-05 2.50000000e-03 2.50000000e-03
 1.40030608e-03 2.50000000e-03 8.49857115e-04 2.50000000e-03
 2.50000000e-03 4.92634263e-04 2.50000000e-03 2.50000000e-03
 2.50000000e-03 2.50000000e-03 2.50000000e-03 1.71275492e-04
 2.50000000e-03 2.50000000e-03]","[4.83542483e-04 1.20609923e-04 5.45613270e-04 4.46923346e-04
 4.66878733e-04 1.20208327e-04 1.14751557e-03 7.90855849e-04
 4.70843591e-04 1.39038331e-04 3.89640779e-04 2.01766027e-03
 1.20265972e-04 1.59013610e-05 5.49871277e-04 4.03060500e-05
 1.75928400e-04 5.85326387e-04 1.70441171e-03 2.50000000e-03
 5.06568937e-05 3.96820919e-04 1.03525411e-03 7.09702311e-04
 1.83345376e-04 2.45812788e-04 1.42082435e-05 2.50000000e-03
 2.53035859e-04 2.50000000e-03 2.50000000e-03 1.00000000e-05
 2.50000000e-03 1.00000000e-05 9.31950600e-04 2.89356765e-04
 1.95452885e-04 4.39970598e-04 5.92610350e-04 1.25146572e-03
 2.50000000e-03 2.44859893e-04 2.50000000e-03 6.67062264e-04
 8.24815209e-04 1.36365008e-03 4.38068713e-04 3.50732604e-05
 6.57250338e-04 9.76626361e-04]","[0.06960138 0.05530032 0.06441465 0.07353867 0.05905945 0.07858707
 0.07125525 0.06389543 0.07135353 0.08871968 0.06796971 0.08318216
 0.05958583 0.05908697 0.07535853 0.07242918 0.07302146 0.07072634
 0.07792521 0.08819688 0.05346279 0.07230476 0.08059708 0.07737297
 0.05656301 0.06811404 0.07866103 0.07451007 0.05141952 0.07429777
 0.08996018 0.06039272 0.0721687  0.07808059 0.07580017 0.07690382
 0.07475775 0.06327064 0.08277007 0.07440107 0.04748315 0.06192111
 0.07393424 0.07357376 0.08208088 0.06340744 0.07013579 0.05724037
 0.06810713 0.06323179]","[0.07949047 0.07511577 0.0814124  0.08506348 0.06901608 0.08821012
 0.08223447 0.07454391 0.08489785 0.09831713 0.08507419 0.08846769
 0.07617699 0.07175419 0.09106941 0.0744132  0.07373852 0.08327442
 0.08756966 0.09780775 0.0774647  0.07806097 0.08725955 0.09221868
 0.07610151 0.08403019 0.0813745  0.08144158 0.06922402 0.08340601
 0.09504372 0.07120094 0.08205835 0.07231982 0.08286981 0.08914685
 0.09123891 0.07879824 0.09732677 0.07709561 0.06952477 0.07560732
 0.08376921 0.08751304 0.09803486 0.06957999 0.07875565 0.06662255
 0.07709641 0.08181439]","[7.19782642e-09 9.32120743e-06 1.17089444e-07 7.49688125e-10
 1.66177728e-06 3.43534866e-11 2.82605192e-09 1.52968419e-07
 2.67146984e-09 3.79442974e-14 1.77174082e-08 1.73651235e-12
 1.29351159e-06 1.64024004e-06 2.52645253e-10 1.43607031e-09
 1.01627920e-09 3.82003044e-09 5.20700692e-11 5.50196178e-14
 2.07781725e-05 1.54370716e-09 9.50701401e-12 7.34713408e-11
 5.28952301e-06 1.63746932e-08 3.27862528e-11 4.20902582e-10
 4.90792142e-05 4.77810773e-10 1.55740112e-14 8.77221281e-07
 1.67042786e-09 4.72416447e-11 1.93254840e-10 9.82446381e-11
 3.62856309e-10 2.10396179e-07 2.28533728e-12 4.49238201e-10
 2.33893091e-04 4.14386798e-07 5.93184706e-10 7.34312520e-10
 3.60660063e-12 1.96264876e-07 5.33398622e-09 3.88265445e-06
 1.64366028e-08 2.14586303e-07]","[1.93625665e-11 2.92544712e-10 5.59366162e-12 4.87073129e-13
 9.96781378e-09 5.45058696e-14 3.25898916e-12 4.12467524e-10
 5.45376884e-13 2.79310553e-17 4.83521502e-13 4.53990585e-14
 1.53564572e-10 2.12232132e-09 6.95035570e-15 4.45996022e-10
 6.66151600e-10 1.63264840e-12 8.56750791e-14 4.17361109e-17
 6.93991204e-11 4.78262941e-11 1.06521960e-13 2.98129281e-15
 1.60815357e-10 9.82553829e-13 5.73397090e-12 5.48793984e-12
 8.88183754e-09 1.49499565e-12 3.55688721e-16 2.91516567e-09
 3.66054658e-12 1.53027234e-09 2.13863916e-12 2.79627158e-14
 6.13881783e-15 3.00622139e-11 6.08656624e-17 8.72599607e-11
 7.51239018e-09 2.17287776e-10 1.17148391e-12 8.91555498e-14
 3.49023637e-17 7.28432146e-09 3.08830704e-11 3.66753409e-08
 8.72169844e-11 4.29802207e-12]","[0.00239277 0.00145042 0.00256884 0.00254822 0.00119448 0.00319695
 0.00253367 0.00154138 0.00215781 0.00285363 0.0022397  0.00199616
 0.00044167 0.00157309 0.00157773 0.00229001 0.00201046 0.0024581
 0.00282681 0.00227165 0.00107431 0.00208318 0.00247633 0.00186825
 0.00209177 0.00271451 0.00239015 0.00236726 0.00166655 0.00303364
 0.0025059  0.00146604 0.00150919 0.00290883 0.00297081 0.00342357
 0.00323224 0.00158072 0.00239694 0.00204253 0.00062287 0.00198138
 0.00152671 0.00197101 0.00311327 0.00211263 0.00158763 0.00184953
 0.00264537 0.00261474]","[0.00315297 0.00287855 0.00357592 0.00356567 0.00166893 0.00469649
 0.00448918 0.00232041 0.00306785 0.00454736 0.00412881 0.00316274
 0.00129378 0.00180447 0.0028671  0.00273716 0.0032208  0.00300598
 0.00360501 0.00421393 0.00184917 0.00262201 0.00424778 0.00384748
 0.00271595 0.00416064 0.00327837 0.00364029 0.0023551  0.00540292
 0.00444627 0.00172055 0.00231755 0.00256979 0.00314128 0.00537384
 0.00575244 0.0022397  0.00369728 0.00295365 0.00147939 0.00285316
 0.00328994 0.00375247 0.00494218 0.00352991 0.00256443 0.00215077
 0.00291884 0.00310111]","[0.03415488 0.02831534 0.0356506  0.03478998 0.02668261 0.03710605
 0.03384196 0.02892166 0.03229868 0.03572446 0.03342438 0.03090516
 0.01934791 0.03002836 0.02901108 0.03297122 0.0317592  0.03538466
 0.03732317 0.03241867 0.02604902 0.03269406 0.03440992 0.03089145
 0.03234634 0.03631061 0.03372028 0.03552535 0.02920623 0.03773648
 0.03450819 0.02904813 0.02858032 0.03737273 0.03828082 0.03901134
 0.03867996 0.0294558  0.03411951 0.03174288 0.02029391 0.03199224
 0.02675024 0.03082777 0.03819623 0.0324838  0.02944455 0.03062197
 0.03602564 0.03651486]","[0.03855001 0.03889893 0.04028967 0.04107699 0.02779956 0.04638512
 0.04809204 0.03480413 0.03847471 0.04782856 0.0437346  0.04034105
 0.02795448 0.03021001 0.03563648 0.03534588 0.04171113 0.03758515
 0.04504544 0.04598998 0.03005895 0.03655675 0.0440286  0.04295154
 0.03726726 0.04456065 0.03828463 0.04208091 0.03462104 0.0513036
 0.04900136 0.02904822 0.03300472 0.03634921 0.03847757 0.04975961
 0.05336364 0.03217645 0.04089283 0.0380815  0.02904634 0.03515683
 0.04194195 0.04341202 0.04972467 0.04405829 0.03416022 0.03302047
 0.04049356 0.03805903]",0.43548838699401954,0.16674685185225024,0.2611285108468982,0.1935712293044471,0.4199417487895613,0.16154076546950236,0.24766348470500588,0.17877820649767998,0.0019343332441884797,0.0007929678234348961,0.0008964124376228446,0.0008195402125526295,0.07040264277696609,0.08167293241500855,0.009755357745551458,0.008266731647096534,0.0021590280532836916,0.003258347511291504,0.0006535494480845399,0.0010418439474474015,0.03245801385098247,0.03953392619481886,0.004272082321832374,0.0063805535667343155
df3,0.35000000000000003,1.0,0.0,0.0,1.6,0.35000000000000003,1.0,"[0.55967522 0.01487416 0.8633028  0.55967522 0.71851426 0.69212796
 0.06383124 0.29176485 0.55967522 0.63886042 0.11135888 0.81875363
 0.06932183 0.88359176 0.43609338 0.01993114 0.48382277 0.29176485
 0.21173982 0.27423335 0.50859953 0.94837208 0.50859953 0.45963725
 0.61225166 0.36968362 0.3490397  0.81875363 0.61225166 0.01487416
 0.19796045 0.36968362 0.24148215 0.21173982 0.61225166 0.18488568
 0.79482654 0.03809482 0.32916807 0.48382277 0.53390728 0.00585634
 0.1200888  0.53390728 0.01809676 0.39108739 0.93482727 0.69212796
 0.48382277 0.55967522]","[2.41482152e-01 3.48322136e-02 1.03159376e-01 4.16212987e-02
 2.74233349e-01 7.18514257e-01 3.91087390e-01 1.72496272e-01
 2.64676308e-02 3.69683622e-01 1.03159376e-01 8.15145929e-02
 2.51182002e-04 2.26241661e-01 9.48372085e-01 6.26876255e-04
 4.95346404e-02 2.74233349e-01 2.74233349e-01 8.15145929e-02
 2.19294824e-02 1.49691056e-01 2.19294824e-02 2.91764847e-01
 4.13232440e-01 3.10075730e-01 3.69683622e-01 5.39576008e-02
 7.52091658e-02 1.03408932e-03 3.80948244e-02 1.39231997e-01
 2.26241661e-01 1.80967606e-02 2.91764847e-01 1.64147482e-02
 2.11739817e-01 2.58137431e-05 1.64147482e-02 2.41040115e-02
 4.54286666e-02 1.60771824e-01 1.48741570e-02 1.20088801e-01
 7.11507895e-04 3.80948244e-02 5.08599525e-01 6.93218252e-02
 6.93218252e-02 2.74233349e-01]","[0.55967522 0.01487416 0.8633028  0.55967522 0.71851426 0.69212796
 0.06383124 0.29176485 0.55967522 0.63886042 0.11135888 0.81875363
 0.06932183 0.88359176 0.43609338 0.01993114 0.48382277 0.29176485
 0.21173982 0.27423335 0.50859953 0.94837208 0.50859953 0.45963725
 0.61225166 0.36968362 0.3490397  0.81875363 0.61225166 0.01487416
 0.19796045 0.36968362 0.24148215 0.21173982 0.61225166 0.18488568
 0.79482654 0.03809482 0.32916807 0.48382277 0.53390728 0.00585634
 0.1200888  0.53390728 0.01809676 0.39108739 0.93482727 0.69212796
 0.48382277 0.55967522]","[2.41482152e-01 3.48322136e-02 1.03159376e-01 4.16212987e-02
 2.74233349e-01 7.18514257e-01 3.91087390e-01 1.72496272e-01
 2.64676308e-02 3.69683622e-01 1.03159376e-01 8.15145929e-02
 2.51182002e-04 2.26241661e-01 9.48372085e-01 6.26876255e-04
 4.95346404e-02 2.74233349e-01 2.74233349e-01 8.15145929e-02
 2.19294824e-02 1.49691056e-01 2.19294824e-02 2.91764847e-01
 4.13232440e-01 3.10075730e-01 3.69683622e-01 5.39576008e-02
 7.52091658e-02 1.03408932e-03 3.80948244e-02 1.39231997e-01
 2.26241661e-01 1.80967606e-02 2.91764847e-01 1.64147482e-02
 2.11739817e-01 2.58137431e-05 1.64147482e-02 2.41040115e-02
 4.54286666e-02 1.60771824e-01 1.48741570e-02 1.20088801e-01
 7.11507895e-04 3.80948244e-02 5.08599525e-01 6.93218252e-02
 6.93218252e-02 2.74233349e-01]","[0.60463599 0.00724303 0.57278994 0.49121082 0.84464088 0.68825384
 0.10215098 0.25974068 0.81879025 0.51951406 0.08813341 0.66133408
 0.05728798 0.93391978 0.49158846 0.00795668 0.22662236 0.4078212
 0.22629757 0.32145483 0.61272262 0.96327477 0.35948723 0.55926694
 0.69767721 0.46921873 0.47333508 0.86354142 0.56202717 0.02056355
 0.14242082 0.19940989 0.17650226 0.0820691  0.71446192 0.27774678
 0.8144521  0.00990146 0.16375811 0.46525058 0.42943466 0.03847927
 0.15008767 0.26809415 0.00426423 0.28591659 0.98061716 0.52293633
 0.60748155 0.46251664]","[4.83911313e-02 1.10421254e-02 7.45545196e-02 2.10563707e-02
 3.52522446e-01 7.73128497e-01 1.82591315e-01 8.68575439e-02
 1.77160735e-02 1.58653447e-01 1.02665258e-01 1.55657676e-01
 6.09777694e-04 1.24318974e-01 8.72067070e-01 2.16086233e-04
 3.41658612e-02 8.97121837e-02 4.59926377e-01 5.18698002e-02
 2.70957595e-02 7.71148966e-02 5.34368353e-02 2.78838681e-01
 2.10724334e-01 3.42676929e-01 2.81881035e-01 3.71740542e-02
 2.79691891e-02 1.00002230e-03 1.48732794e-02 1.11756276e-01
 2.75226456e-01 6.83544489e-03 1.96595612e-01 1.70390955e-02
 1.28320609e-01 5.62113429e-05 7.39369819e-03 5.06848921e-03
 4.30227301e-02 1.49255970e-01 5.84454695e-03 3.37983349e-02
 4.05242073e-04 4.25381945e-02 6.57144876e-01 3.82112213e-02
 8.33317404e-02 2.83757298e-01]","[2.36259772e-03 9.86499166e-05 2.50000000e-03 2.50000000e-03
 2.50000000e-03 2.50000000e-03 7.34456002e-04 1.31922714e-03
 2.50000000e-03 2.50000000e-03 7.71020381e-04 2.50000000e-03
 3.39977108e-04 2.50000000e-03 2.50000000e-03 3.12845676e-05
 1.10446334e-03 2.50000000e-03 2.45144736e-03 1.93244767e-03
 2.50000000e-03 2.50000000e-03 1.93053917e-03 2.50000000e-03
 2.50000000e-03 2.50000000e-03 2.50000000e-03 2.50000000e-03
 2.50000000e-03 3.46536451e-05 1.49231312e-03 8.50351280e-04
 1.67941078e-03 4.55998567e-04 2.50000000e-03 1.79842726e-03
 2.50000000e-03 5.41797955e-05 1.15978867e-03 2.02074696e-03
 2.50000000e-03 4.54485057e-04 1.04213468e-03 1.58868855e-03
 1.54929779e-05 1.16815386e-03 2.50000000e-03 2.50000000e-03
 2.50000000e-03 2.50000000e-03]","[1.21316622e-04 6.62167595e-05 4.69273780e-04 1.16472008e-04
 1.08532350e-03 2.50000000e-03 1.37644939e-03 4.58258884e-04
 7.08745907e-05 3.86773204e-04 3.04365223e-04 1.02864338e-03
 1.00000000e-05 9.37436234e-04 2.50000000e-03 1.00000000e-05
 1.18815593e-04 1.97363377e-04 2.50000000e-03 2.71631429e-04
 2.36675137e-04 5.84874540e-04 1.31496188e-04 1.86810624e-03
 1.13995294e-03 2.50000000e-03 2.50000000e-03 3.51746068e-04
 2.00495230e-04 1.00000000e-05 1.48439062e-04 3.95052524e-04
 6.49631587e-04 4.23879581e-05 9.83921915e-04 3.38599862e-05
 8.04465419e-04 1.00000000e-05 2.89390897e-05 1.21338977e-05
 2.52778936e-04 3.90009337e-04 1.07024701e-05 1.58382798e-04
 1.00000000e-05 7.73415212e-05 2.28020687e-03 1.49794555e-04
 2.37909586e-04 2.03000211e-03]","[0.08112088 0.10367802 0.04906115 0.06774539 0.07949158 0.07167885
 0.08125937 0.06070545 0.06773731 0.07278062 0.07097065 0.06711502
 0.05647996 0.05823416 0.08004339 0.06104848 0.05967439 0.08029335
 0.06585757 0.07634876 0.05389617 0.06548975 0.07088984 0.07944537
 0.07401093 0.07353783 0.05460092 0.06491165 0.06507019 0.07507999
 0.06779711 0.06096439 0.07390836 0.06019438 0.06502507 0.06204942
 0.07290108 0.06984007 0.0650345  0.05764804 0.0700432  0.08057309
 0.07096902 0.05558572 0.05257347 0.05311458 0.06826763 0.07320925
 0.06743259 0.07700391]","[0.09806649 0.10690324 0.07033747 0.07681451 0.09141949 0.08315834
 0.09057037 0.0753602  0.07811007 0.08089926 0.0970534  0.07909777
 0.0714091  0.07629701 0.08547731 0.07133801 0.07591851 0.10174729
 0.08389278 0.08671027 0.08102955 0.07644912 0.07755076 0.09435527
 0.09520378 0.08350864 0.06449453 0.08356273 0.07305519 0.07739847
 0.08370557 0.07886372 0.08955329 0.07994084 0.08297694 0.08815469
 0.08679697 0.07222006 0.06912178 0.07433278 0.08606725 0.08020998
 0.09068246 0.06948364 0.06368197 0.06993593 0.08177114 0.0895748
 0.0795246  0.08309637]","[6.76590793e-12 3.58907436e-19 1.26957940e-04 2.00195664e-08
 1.93487571e-11 2.21639095e-09 6.18170565e-12 7.53579828e-07
 2.01076787e-08 1.17010179e-09 3.32452043e-09 2.81580298e-08
 5.49251135e-06 2.45025960e-06 1.35877593e-11 6.37332092e-07
 1.23985447e-06 1.15680260e-11 5.50777489e-08 1.38233908e-10
 1.72410010e-05 6.68590696e-08 3.48104079e-09 1.99278343e-11
 5.66776563e-10 7.50059842e-10 1.26872623e-05 9.04730936e-08
 8.32935116e-08 2.98925028e-10 1.94643173e-08 6.64112425e-07
 6.02366243e-10 9.65556955e-07 8.52786599e-08 3.88770784e-07
 1.09052248e-09 6.29786000e-09 8.48599436e-08 3.21764055e-06
 5.61916182e-09 9.65577016e-12 3.32760480e-09 8.20999493e-06
 3.03297728e-05 2.41130850e-05 1.50545516e-08 9.10222737e-10
 2.37214258e-08 9.23532381e-11]","[3.40428093e-17 2.33594360e-20 4.76074558e-09 1.03811398e-10
 5.37678029e-15 1.76436488e-12 1.00042161e-14 2.52390283e-10
 4.63762708e-11 7.81525216e-12 7.53600089e-17 2.48630724e-11
 2.58775789e-09 1.42687748e-10 3.66848069e-13 2.69532156e-09
 1.79816404e-10 1.76899725e-18 1.07795909e-12 1.56366100e-13
 7.18043771e-12 1.29980978e-10 6.57802549e-11 6.00713714e-16
 3.14712721e-16 1.39560166e-12 1.12350370e-07 1.34586194e-12
 9.96382864e-10 7.23164252e-11 1.22271834e-12 2.88415958e-11
 2.08857619e-14 1.45129294e-11 1.99136620e-12 5.66889764e-14
 1.47197682e-13 1.62144240e-09 9.40055825e-09 4.67932971e-10
 2.44317155e-13 1.22065727e-11 9.22001117e-15 7.68673668e-09
 1.70628517e-07 5.96816292e-09 4.42186270e-12 2.05649833e-14
 1.89451976e-11 1.83889551e-12]","[0.0034467  0.0037936  0.00100327 0.00322628 0.00223327 0.00116181
 0.0031836  0.00196636 0.00176167 0.00262511 0.00252712 0.00107217
 0.00155973 0.00231683 0.00255561 0.0021199  0.00268149 0.00276923
 0.00160706 0.00305128 0.00252938 0.00212812 0.00156701 0.00237036
 0.00196683 0.00277627 0.00199902 0.00123787 0.00154746 0.00238216
 0.00201917 0.00175941 0.00284147 0.00126421 0.00204229 0.00237811
 0.00245953 0.003057   0.00149834 0.00142658 0.00243735 0.00277448
 0.00293922 0.0015955  0.0015732  0.00198114 0.00206578 0.00214279
 0.00232697 0.0026691 ]","[0.00550222 0.00571084 0.00198913 0.00334179 0.00324941 0.00237107
 0.00431716 0.00242937 0.00221801 0.00332332 0.00385547 0.0018177
 0.00207627 0.00297678 0.00385237 0.00175571 0.00357234 0.00465834
 0.0018729  0.00474954 0.00357914 0.00246727 0.00231934 0.00372255
 0.00352108 0.00336015 0.00206566 0.00221121 0.0018245  0.00393367
 0.002496   0.0031327  0.00362623 0.00252664 0.00379908 0.00443029
 0.00289333 0.0038321  0.00190067 0.00266898 0.00325263 0.0027436
 0.00451756 0.00262177 0.00212586 0.0034821  0.00374031 0.00287127
 0.00305319 0.00437582]","[0.03896437 0.04172445 0.02393378 0.03886335 0.03276475 0.02529517
 0.03954266 0.03194371 0.03005363 0.03631272 0.03534085 0.02468023
 0.02821319 0.03354318 0.0350795  0.03240381 0.03600244 0.03758954
 0.02940437 0.03893813 0.03557143 0.03307214 0.02904174 0.03249877
 0.03123506 0.03658509 0.03167213 0.02644077 0.02859351 0.03451279
 0.03214701 0.03063695 0.03739253 0.02584315 0.03128621 0.03362995
 0.03496062 0.03809152 0.02849047 0.0282053  0.03439019 0.03654169
 0.03826557 0.02994717 0.0294779  0.03135379 0.03114098 0.0327833
 0.0333059  0.03476266]","[0.04968226 0.05184639 0.03193795 0.0376209  0.03900735 0.03681051
 0.04414007 0.03474582 0.03344034 0.03756699 0.04181187 0.03098823
 0.03178176 0.0374695  0.04341126 0.03031205 0.04051609 0.04737744
 0.03007428 0.04793648 0.04278717 0.03285274 0.03429537 0.03972484
 0.04073637 0.03920486 0.0317893  0.03362795 0.02962481 0.04508056
 0.03409567 0.03998475 0.04374346 0.03315523 0.04306978 0.0437253
 0.03499199 0.0420976  0.02932157 0.03794132 0.03811499 0.03610934
 0.04754311 0.03699461 0.03210528 0.04123884 0.04170675 0.03617561
 0.03853858 0.04539262]",0.4300457640000126,0.16810684621519012,0.27246447109310035,0.19216244382474973,0.4141660560432163,0.14112219192571218,0.28603043996686994,0.1947178079817198,0.0017878187116452638,0.0006551703989421939,0.0008982433537232193,0.000819020473785347,0.06824783753871919,0.08173767477035522,0.00990729476405347,0.009329138879290945,0.0022083640098571776,0.0031746888160705568,0.0006457308317727927,0.0009742098273145071,0.03284940286498037,0.03848495816224706,0.004195657426780596,0.005666026918436879
df3,0.4,1.0,0.0,0.0,1.6,0.4,1.0,"[0.08151459 0.18488568 0.71851426 0.01993114 0.08151459 0.39108739
 0.09546732 0.10315938 0.24148215 0.07520917 0.05871658 0.58582128
 0.03809482 0.00238884 0.36968362 0.11135888 0.77002924 0.16077182
 0.3490397  0.41323244 0.05871658 0.17249627 0.08825991 0.02646763
 0.08825991 0.25747545 0.50859953 0.3490397  0.84163603 0.63886042
 0.25747545 0.18488568 0.39108739 0.06383124 0.55967522 0.39108739
 0.8633028  0.27423335 0.19796045 0.11135888 0.55967522 0.22624166
 0.55967522 0.53390728 0.04542867 0.61225166 0.18488568 0.16077182
 0.94837208 0.12937218]","[1.45688880e-04 1.16899447e-03 3.80948244e-02 2.64676308e-02
 1.21765095e-02 7.52091658e-02 5.87165796e-02 6.26876255e-04
 2.26241661e-01 5.25376643e-03 1.16899447e-03 1.72496272e-01
 6.26876255e-04 1.45688880e-04 2.26241661e-01 2.57475452e-01
 3.48322136e-02 2.64676308e-02 3.80948244e-02 1.03159376e-01
 1.90755446e-05 5.87165796e-02 8.31541824e-05 4.70847031e-03
 5.51757155e-04 1.48741570e-02 3.00718998e-03 9.92823487e-03
 8.06268875e-03 8.15145929e-02 9.54673207e-02 1.89004559e-03
 1.21765095e-02 1.03408932e-03 1.39231997e-01 3.80948244e-02
 2.91764847e-01 4.16212987e-02 2.11739817e-01 2.68158880e-03
 1.48741570e-02 4.21554189e-03 1.84885683e-01 5.87165796e-02
 2.19294824e-02 1.03159376e-01 2.57475452e-01 4.54286666e-02
 1.11358879e-01 1.21765095e-02]","[0.08151459 0.18488568 0.71851426 0.01993114 0.08151459 0.39108739
 0.09546732 0.10315938 0.24148215 0.07520917 0.05871658 0.58582128
 0.03809482 0.00238884 0.36968362 0.11135888 0.77002924 0.16077182
 0.3490397  0.41323244 0.05871658 0.17249627 0.08825991 0.02646763
 0.08825991 0.25747545 0.50859953 0.3490397  0.84163603 0.63886042
 0.25747545 0.18488568 0.39108739 0.06383124 0.55967522 0.39108739
 0.8633028  0.27423335 0.19796045 0.11135888 0.55967522 0.22624166
 0.55967522 0.53390728 0.04542867 0.61225166 0.18488568 0.16077182
 0.94837208 0.12937218]","[1.45688880e-04 1.16899447e-03 3.80948244e-02 2.64676308e-02
 1.21765095e-02 7.52091658e-02 5.87165796e-02 6.26876255e-04
 2.26241661e-01 5.25376643e-03 1.16899447e-03 1.72496272e-01
 6.26876255e-04 1.45688880e-04 2.26241661e-01 2.57475452e-01
 3.48322136e-02 2.64676308e-02 3.80948244e-02 1.03159376e-01
 1.90755446e-05 5.87165796e-02 8.31541824e-05 4.70847031e-03
 5.51757155e-04 1.48741570e-02 3.00718998e-03 9.92823487e-03
 8.06268875e-03 8.15145929e-02 9.54673207e-02 1.89004559e-03
 1.21765095e-02 1.03408932e-03 1.39231997e-01 3.80948244e-02
 2.91764847e-01 4.16212987e-02 2.11739817e-01 2.68158880e-03
 1.48741570e-02 4.21554189e-03 1.84885683e-01 5.87165796e-02
 2.19294824e-02 1.03159376e-01 2.57475452e-01 4.54286666e-02
 1.11358879e-01 1.21765095e-02]","[1.04893113e-01 7.37094322e-02 6.03604584e-01 6.18549157e-02
 1.01719402e-01 3.29855071e-01 1.39318668e-01 6.78257936e-02
 3.34943155e-01 9.82483118e-02 5.96340230e-02 4.03554363e-01
 8.29289143e-02 2.15427266e-04 3.83407095e-01 1.49671903e-01
 7.66792775e-01 8.23824519e-02 2.34455159e-01 3.49611579e-01
 7.88291723e-03 1.37265992e-01 9.19503817e-02 8.64568809e-02
 1.72870917e-01 7.23765232e-02 2.51312357e-01 4.82714961e-01
 6.08987823e-01 6.01169409e-01 2.21446098e-01 6.31027415e-02
 2.67817966e-01 1.26226094e-01 6.05415461e-01 2.87844689e-01
 7.94166593e-01 1.73435764e-01 2.90944284e-01 1.68301825e-01
 4.78086066e-01 2.88232762e-01 6.39190169e-01 7.17726947e-01
 7.54884053e-02 5.31610335e-01 1.25078189e-01 2.72172080e-01
 9.44974616e-01 1.87607502e-01]","[8.49756139e-05 1.27206838e-03 2.60961650e-02 3.80914350e-02
 3.11045483e-03 5.01045419e-02 7.41734265e-02 4.03771277e-04
 9.36238366e-02 1.99717374e-03 2.41158341e-03 7.25960051e-02
 1.21575162e-04 3.38321389e-05 1.26774972e-01 1.71782639e-01
 2.99964195e-02 2.22981697e-02 7.45951649e-02 2.32287700e-01
 6.85388504e-06 5.98613880e-02 2.96343232e-05 5.32916468e-03
 3.46066486e-04 6.43787727e-03 4.08934188e-03 3.32890447e-03
 1.48312760e-02 1.76915685e-01 4.30457384e-02 1.07583805e-03
 2.15388103e-02 1.95614036e-03 8.35982364e-02 3.76909705e-02
 3.01193044e-01 1.92608844e-02 1.81258168e-01 3.23039528e-03
 8.03407942e-03 1.44506688e-02 1.53658467e-01 7.19198645e-02
 2.13239414e-02 5.28929124e-02 5.63124889e-02 1.50409955e-01
 7.64252046e-02 1.91701561e-03]","[1.11720114e-03 4.11846962e-04 2.50000000e-03 3.25372551e-04
 7.33684788e-04 2.50000000e-03 1.56190576e-03 3.66809106e-04
 2.50000000e-03 3.57661861e-04 9.70344328e-05 1.83313172e-03
 2.92008520e-04 1.00000000e-05 2.38483312e-03 1.53776524e-03
 2.50000000e-03 2.55101369e-04 1.01402183e-03 2.39719378e-03
 3.99227487e-05 7.65684926e-04 5.04348840e-04 3.72093191e-04
 9.47895771e-04 4.52655400e-04 1.31008007e-03 2.07631458e-03
 2.50000000e-03 2.50000000e-03 1.77236644e-03 3.92215441e-04
 8.37548840e-04 2.88898007e-04 2.50000000e-03 1.63495070e-03
 2.50000000e-03 1.33327245e-03 2.50000000e-03 6.06582579e-04
 2.50000000e-03 9.04331526e-04 2.50000000e-03 2.50000000e-03
 4.76038132e-04 2.50000000e-03 1.00835246e-03 1.48017767e-03
 2.50000000e-03 9.42695459e-04]","[1.00000000e-05 1.00000000e-05 1.08533212e-04 2.55398029e-05
 1.21722890e-05 1.05649421e-04 2.92116077e-04 1.00000000e-05
 3.75803475e-04 1.00000000e-05 1.00000000e-05 1.59979397e-04
 1.00000000e-05 1.00000000e-05 6.24263817e-04 4.31680377e-04
 8.95423760e-05 4.14720582e-05 3.37113352e-04 2.50000000e-03
 1.00000000e-05 7.73740231e-05 1.00000000e-05 1.75936368e-05
 1.00000000e-05 1.92708373e-05 2.03969234e-05 1.00000000e-05
 3.01377597e-05 7.16216695e-04 7.79152668e-05 1.00000000e-05
 2.62060776e-05 1.00000000e-05 3.61283737e-04 1.76572779e-04
 1.53410377e-03 2.62453146e-05 3.49542747e-04 1.00000000e-05
 1.82514420e-05 1.00000000e-05 8.46926840e-04 1.35381892e-04
 4.43299827e-05 1.95296685e-04 1.17586022e-04 2.94808324e-04
 3.26548842e-04 1.00000000e-05]","[0.06995174 0.06631739 0.06660255 0.08808156 0.06843896 0.08393815
 0.0811712  0.06524789 0.05436421 0.06337237 0.06977468 0.06305519
 0.07539188 0.06205898 0.08192216 0.07288223 0.05693944 0.06172276
 0.07099956 0.05520921 0.07965668 0.08212432 0.07557831 0.07119411
 0.07163423 0.06495084 0.06585592 0.07527809 0.06202198 0.07532165
 0.0682828  0.05657089 0.06696224 0.06538994 0.06092962 0.07377089
 0.06959448 0.07303021 0.06047235 0.06137403 0.06676448 0.06125274
 0.07322909 0.07549985 0.0783028  0.05874831 0.07254339 0.07712095
 0.07869972 0.06267685]","[0.08395872 0.08906674 0.08367979 0.10030486 0.07042522 0.09911816
 0.09336765 0.08195096 0.05856698 0.07862879 0.07383072 0.08591674
 0.07356437 0.07564289 0.09547236 0.08082002 0.06375288 0.07296379
 0.08421268 0.06173735 0.06529931 0.0931339  0.09343898 0.09281801
 0.09506601 0.08031232 0.08019815 0.098206   0.08097539 0.08958383
 0.08591846 0.07110256 0.0852795  0.08293718 0.08243342 0.08599353
 0.08225434 0.08819542 0.07989343 0.07888278 0.08573239 0.07649997
 0.07624625 0.09087827 0.08487991 0.083661   0.08756596 0.08146977
 0.0961677  0.07086211]","[5.91543490e-09 4.31585754e-08 3.70695322e-08 5.97010605e-14
 1.37040480e-08 1.04548969e-12 6.54764581e-12 7.59031584e-08
 1.40701154e-05 1.99797949e-07 6.53289932e-09 2.34671059e-07
 2.47598617e-10 3.86923908e-07 4.00398567e-12 1.10261567e-09
 4.45642418e-06 4.57231234e-07 3.27020757e-09 9.70534258e-06
 1.74115674e-11 3.50474513e-12 2.21146708e-10 2.92658021e-09
 2.27401089e-09 8.86444227e-08 5.51256128e-08 2.65238404e-10
 3.94116418e-07 2.58344765e-10 1.49299309e-08 5.27063901e-06
 3.05703193e-08 7.04570566e-08 6.75500511e-07 6.53506219e-10
 7.22563727e-09 1.01107952e-09 8.43997330e-07 5.43160457e-07
 3.39926246e-08 5.76556126e-07 8.99669509e-10 2.31923406e-10
 4.10899928e-11 1.92499340e-06 1.34374134e-09 8.59017688e-11
 3.19947224e-11 2.84016511e-07]","[1.03108765e-12 2.96134525e-14 1.24409312e-12 5.71087017e-18
 4.53049737e-09 1.47892790e-17 1.26549112e-15 3.92881286e-12
 2.09647363e-06 3.34606640e-11 6.30747314e-10 2.71086003e-13
 7.38395518e-10 2.12644846e-10 2.56165403e-16 8.22791650e-12
 1.64553305e-07 1.05120846e-09 8.68566596e-13 4.53938552e-07
 7.38860320e-08 1.50781475e-15 1.19950896e-15 1.90925551e-15
 3.49681800e-16 1.14273702e-11 1.22999563e-11 3.04941745e-17
 7.43792448e-12 2.04316948e-14 2.70765542e-13 3.08364520e-09
 4.20152229e-13 2.04482051e-12 2.85725191e-12 2.57087499e-13
 3.21648990e-12 5.50763863e-14 1.49613481e-11 2.84955437e-11
 3.07826994e-13 1.25985641e-10 1.47192600e-10 7.99270913e-15
 5.52089566e-13 1.25990765e-12 8.58980016e-14 5.38768112e-12
 1.49935527e-16 3.53640179e-09]","[0.00361466 0.0035919  0.00342178 0.00438046 0.00213659 0.00326133
 0.00326681 0.00209832 0.00148368 0.00219011 0.00258958 0.00110543
 0.00256252 0.00208986 0.00218379 0.00340223 0.00123703 0.00246954
 0.00320089 0.0024364  0.00129426 0.00199068 0.00237036 0.00269747
 0.00293064 0.00186074 0.00253487 0.00207746 0.00218523 0.00169599
 0.00201237 0.00129414 0.00205755 0.00165427 0.00135481 0.0034883
 0.00267565 0.00175607 0.00145662 0.00202477 0.0017153  0.00173509
 0.00107813 0.00288153 0.00214732 0.00229323 0.0023284  0.00281382
 0.00249302 0.00183892]","[0.00391877 0.00513828 0.00433588 0.00568616 0.00232077 0.00579381
 0.00430942 0.00247633 0.00198317 0.00338149 0.00330484 0.00170028
 0.00350487 0.00207198 0.00368404 0.00457752 0.00174713 0.00392342
 0.00569451 0.00254548 0.0017668  0.00310361 0.00319719 0.00338149
 0.00456369 0.00356841 0.00376785 0.0030874  0.00369918 0.0023514
 0.0032208  0.00149715 0.00362408 0.00296617 0.00233316 0.00480211
 0.00355887 0.00389123 0.00293398 0.00308692 0.0035063  0.003479
 0.00155187 0.00449312 0.00270844 0.00444901 0.0031321  0.00323343
 0.00432646 0.00255501]","[0.0410023  0.04112607 0.03969518 0.04508688 0.03224331 0.04026622
 0.03900307 0.03212234 0.02928395 0.03282392 0.03640397 0.02576702
 0.03614033 0.0330815  0.03442788 0.03999929 0.02538046 0.03435626
 0.0377382  0.03498098 0.02780871 0.03091722 0.03361597 0.03640387
 0.03727937 0.02984367 0.03452369 0.03189642 0.0326164  0.0298119
 0.03090641 0.02566421 0.03264127 0.02914105 0.02778136 0.04068583
 0.03614184 0.02870856 0.02793367 0.03135092 0.02952417 0.02825942
 0.02541063 0.03530232 0.03263798 0.03415101 0.03351255 0.03676908
 0.03421977 0.03122308]","[0.04296381 0.05050128 0.04462509 0.05248413 0.03394926 0.05275848
 0.04440752 0.03502802 0.03146563 0.04158729 0.04053195 0.02810905
 0.04079178 0.0331481  0.04419931 0.04544502 0.03035228 0.04464162
 0.05406914 0.03503583 0.02978454 0.03847731 0.03860125 0.03802187
 0.04669105 0.04182246 0.0413413  0.03760875 0.04135121 0.03402922
 0.03890438 0.02819343 0.04097392 0.0391322  0.0338768  0.04662782
 0.04067206 0.04309468 0.03954201 0.03819526 0.03878968 0.0430444
 0.02982093 0.04750402 0.03745682 0.04700803 0.03801866 0.03886815
 0.04623953 0.03650646]",0.302743872832755,0.06272398503268747,0.25358675006266956,0.08198521721528121,0.2840096577347611,0.05188449851201774,0.23625196957054476,0.06850198705439178,0.0013568399478376422,0.00021351710500571442,0.0009115062894413133,0.0004308662825822898,0.06924547703742981,0.08265735109329223,0.008002841100815727,0.00966779263879493,0.0023091983795166015,0.0033986878395080564,0.0007409189917140048,0.0010707045817436964,0.03335222936421598,0.040125855439116356,0.004627943952010432,0.006249198370987532
df3,0.45,1.0,0.0,0.0,1.6,0.45,1.0,"[0.02646763 0.66552932 0.08825991 0.66552932 0.01993114 0.66552932
 0.14969106 0.19796045 0.43609338 0.43609338 0.32916807 0.12937218
 0.58582128 0.81875363 0.09546732 0.04542867 0.48382277 0.1200888
 0.139232   0.03809482 0.10315938 0.27423335 0.93482727 0.11135888
 0.07520917 0.93482727 0.27423335 0.14969106 0.29176485 0.03181713
 0.139232   0.02646763 0.39108739 0.0539576  0.88359176 0.3490397
 0.139232   0.31007573 0.05871658 0.96996014 0.25747545 0.02646763
 0.18488568 0.00377043 0.01100057 0.02410401 0.81875363 0.39108739
 0.12937218 0.29176485]","[4.85152370e-04 2.41040115e-02 2.51182002e-04 3.10075730e-01
 5.33907283e-01 1.21765095e-02 4.95346404e-02 1.34646549e-02
 1.67865304e-03 2.87103585e-04 2.19294824e-02 3.18171260e-02
 1.34646549e-02 1.64147482e-02 8.15145929e-02 3.00718998e-03
 4.95346404e-02 3.91087390e-01 3.80948244e-02 2.41040115e-02
 1.89004559e-03 1.16899447e-03 1.49691056e-01 5.25376643e-03
 9.13835051e-04 3.69683622e-01 3.18171260e-02 2.99835482e-05
 1.21765095e-02 3.36894521e-03 1.97960446e-01 7.11507895e-04
 8.06268875e-03 2.68158880e-03 1.72496272e-01 4.21554189e-03
 4.95346404e-02 2.19294824e-02 5.51757155e-04 1.39231997e-01
 1.99311438e-02 4.26159664e-04 8.95145539e-03 8.79830246e-06
 1.45688880e-04 2.68158880e-03 3.10075730e-01 4.54286666e-02
 2.68158880e-03 5.39576008e-02]","[0.02646763 0.66552932 0.08825991 0.66552932 0.01993114 0.66552932
 0.14969106 0.19796045 0.43609338 0.43609338 0.32916807 0.12937218
 0.58582128 0.81875363 0.09546732 0.04542867 0.48382277 0.1200888
 0.139232   0.03809482 0.10315938 0.27423335 0.93482727 0.11135888
 0.07520917 0.93482727 0.27423335 0.14969106 0.29176485 0.03181713
 0.139232   0.02646763 0.39108739 0.0539576  0.88359176 0.3490397
 0.139232   0.31007573 0.05871658 0.96996014 0.25747545 0.02646763
 0.18488568 0.00377043 0.01100057 0.02410401 0.81875363 0.39108739
 0.12937218 0.29176485]","[4.85152370e-04 2.41040115e-02 2.51182002e-04 3.10075730e-01
 5.33907283e-01 1.21765095e-02 4.95346404e-02 1.34646549e-02
 1.67865304e-03 2.87103585e-04 2.19294824e-02 3.18171260e-02
 1.34646549e-02 1.64147482e-02 8.15145929e-02 3.00718998e-03
 4.95346404e-02 3.91087390e-01 3.80948244e-02 2.41040115e-02
 1.89004559e-03 1.16899447e-03 1.49691056e-01 5.25376643e-03
 9.13835051e-04 3.69683622e-01 3.18171260e-02 2.99835482e-05
 1.21765095e-02 3.36894521e-03 1.97960446e-01 7.11507895e-04
 8.06268875e-03 2.68158880e-03 1.72496272e-01 4.21554189e-03
 4.95346404e-02 2.19294824e-02 5.51757155e-04 1.39231997e-01
 1.99311438e-02 4.26159664e-04 8.95145539e-03 8.79830246e-06
 1.45688880e-04 2.68158880e-03 3.10075730e-01 4.54286666e-02
 2.68158880e-03 5.39576008e-02]","[0.01542281 0.53241839 0.06702973 0.52924801 0.02762369 0.36163808
 0.18412385 0.13845069 0.27292525 0.68040042 0.39270199 0.07765868
 0.53721657 0.69133424 0.24223928 0.10827235 0.40530511 0.08874646
 0.39013726 0.04932614 0.04137118 0.22992601 0.92166825 0.05006732
 0.1266793  0.97183595 0.37490342 0.17977732 0.13550035 0.03009582
 0.18416794 0.06207271 0.31303239 0.06328467 0.9442414  0.26535423
 0.1044262  0.16784485 0.02561245 0.97855069 0.17235792 0.00823784
 0.30042709 0.02605911 0.02213743 0.01432526 0.78191266 0.26360852
 0.08240244 0.37574243]","[2.26859738e-05 2.31524490e-02 1.82491795e-04 3.14679527e-01
 4.88427027e-01 4.03364534e-03 5.05663611e-02 3.09698274e-03
 8.21660070e-03 1.54712408e-03 1.72845324e-02 7.31515917e-03
 8.28725036e-03 2.34287367e-02 4.77981166e-02 4.63774626e-03
 7.30968217e-02 2.31255990e-01 4.29468336e-02 5.08661814e-02
 3.10466464e-04 1.47920516e-03 9.98932196e-02 3.56322456e-03
 3.04646989e-03 1.89958532e-01 3.12671015e-02 5.65907409e-05
 8.60954041e-03 5.05681222e-03 7.45415921e-02 1.65340310e-03
 1.71749885e-02 1.56482282e-03 7.48503273e-02 4.59169739e-03
 2.27928401e-02 4.91227148e-02 2.53675578e-04 1.84138831e-01
 1.24347821e-02 5.32847037e-05 7.47590102e-03 2.76816354e-04
 1.08515702e-04 2.63411384e-04 9.36306120e-02 2.84372154e-02
 2.55364031e-03 8.45683883e-02]","[8.55473721e-05 1.87689285e-03 2.40949856e-04 2.50000000e-03
 3.47731145e-04 1.64601076e-03 2.07479969e-03 5.25714141e-04
 1.02843632e-03 2.50000000e-03 2.50000000e-03 2.85276903e-04
 2.50000000e-03 2.50000000e-03 2.45458499e-03 6.12218009e-04
 1.52867493e-03 7.87995470e-04 2.22408837e-03 4.88524127e-04
 2.39941995e-04 1.28797039e-03 2.50000000e-03 3.04726263e-04
 4.47943252e-04 2.50000000e-03 2.09473974e-03 1.74067702e-03
 9.32670636e-04 1.50491461e-04 1.38571488e-03 1.23506300e-04
 1.40656822e-03 1.09071700e-04 2.50000000e-03 1.49661185e-03
 3.17843996e-04 7.54669442e-04 1.05858522e-04 2.50000000e-03
 1.43756880e-03 2.47478904e-05 1.28474152e-03 4.53898598e-05
 8.64885202e-05 2.86147255e-05 2.50000000e-03 1.55111147e-03
 4.49752329e-04 1.99430401e-03]","[1.00000000e-05 8.06474214e-05 1.00000000e-05 7.83858090e-04
 1.11017694e-03 1.09905318e-05 9.73115556e-05 1.00000000e-05
 1.00000000e-05 1.00000000e-05 6.07882551e-05 1.53938616e-05
 2.75105287e-05 6.88822761e-05 9.77586160e-05 1.00000000e-05
 2.18810557e-04 9.28613894e-04 9.76560918e-05 3.08569243e-05
 1.00000000e-05 1.00000000e-05 2.56475077e-04 1.00000000e-05
 1.00000000e-05 7.48508914e-04 5.96110646e-05 1.00000000e-05
 1.32072836e-05 1.17679607e-05 4.14582528e-05 1.00000000e-05
 2.68190784e-05 1.00000000e-05 1.42416869e-04 1.52454631e-05
 3.71752003e-05 9.91918507e-05 1.00000000e-05 1.95903745e-03
 5.00135511e-05 1.00000000e-05 2.18352604e-05 1.00000000e-05
 1.00000000e-05 1.00000000e-05 1.65582980e-04 7.09404299e-05
 1.00000000e-05 2.01258568e-04]","[0.05541286 0.07046328 0.06090154 0.06786502 0.07453343 0.06609623
 0.08268928 0.07240888 0.07254608 0.07118345 0.07639357 0.06128468
 0.05866603 0.07757203 0.0752574  0.07512022 0.06335496 0.07863561
 0.07338157 0.09183995 0.06822171 0.0670118  0.07276528 0.06091858
 0.06740308 0.07011602 0.06085939 0.06153214 0.07021469 0.06367802
 0.06890237 0.07523954 0.07370735 0.07648764 0.06250695 0.05909637
 0.08455689 0.07545173 0.06836607 0.07150063 0.0674031  0.06092259
 0.06222729 0.07857336 0.07344765 0.0830489  0.07020708 0.07497436
 0.0631056  0.07651202]","[0.06793139 0.08109251 0.06949597 0.07758793 0.083727   0.08144609
 0.10035037 0.09741454 0.07632534 0.085679   0.09375981 0.08225656
 0.08561781 0.08236663 0.09251972 0.07357504 0.08128659 0.08622732
 0.08228334 0.09106161 0.08353015 0.08531593 0.08766871 0.06382586
 0.08018585 0.08132736 0.0798467  0.07876047 0.08391025 0.07751123
 0.0779101  0.07947723 0.07835214 0.07185605 0.0734168  0.0629852
 0.09056332 0.08109351 0.08540117 0.08904216 0.06101059 0.07895517
 0.06407602 0.08233771 0.08440491 0.08485997 0.08749047 0.08595138
 0.07234116 0.09057102]","[8.86680310e-06 4.43404937e-09 6.84833803e-07 1.87578576e-08
 4.15061212e-10 4.85399175e-08 2.41138043e-12 1.45312163e-09
 1.34163596e-09 2.94444757e-09 1.34487105e-10 5.67573141e-07
 2.00106351e-06 6.49146196e-11 2.68575614e-10 2.91760796e-10
 2.01574183e-07 3.33169041e-11 8.22458491e-10 3.94510360e-15
 1.54380054e-08 2.97664609e-08 1.18062926e-09 6.79153837e-07
 2.41031956e-08 5.39365007e-09 6.99079851e-07 5.02423491e-07
 5.10211035e-09 1.70973544e-07 1.06153033e-08 2.71488568e-10
 6.78556001e-10 1.26943059e-10 3.09315033e-07 1.63295069e-06
 6.87823197e-13 2.38785332e-10 1.42635371e-08 2.45541335e-09
 2.41029812e-08 6.77823004e-07 3.55776870e-07 3.46520302e-11
 7.91045807e-10 1.89807259e-12 5.12405773e-09 3.18561564e-10
 2.28760111e-07 1.25056050e-10]","[1.80916326e-08 6.89211023e-12 7.63403580e-09 6.42746467e-11
 1.20522755e-12 5.47176656e-12 5.50500476e-18 5.68241119e-17
 1.40232226e-10 3.19351980e-13 9.42281978e-16 3.21178989e-12
 3.33084680e-13 2.98637770e-12 2.38423612e-15 7.33758286e-10
 6.07284527e-12 2.18696742e-13 3.15544851e-12 6.99016791e-15
 1.37560502e-12 4.09794097e-13 7.99045454e-14 1.58519808e-07
 1.23977856e-11 5.91332643e-12 1.54165580e-11 3.07891058e-11
 1.06534168e-12 6.74189868e-11 5.25647789e-11 1.95268958e-11
 3.98344250e-11 2.00131848e-09 8.05564169e-10 2.43125956e-07
 1.00556822e-14 6.88760429e-12 3.86529005e-13 3.01387981e-14
 6.49266896e-07 2.72178806e-11 1.39422165e-07 3.04404270e-12
 7.62546089e-13 5.59646192e-13 9.05815446e-14 2.64680989e-13
 1.51142680e-09 9.99953003e-15]","[0.00161386 0.00193822 0.0015192  0.00116765 0.0019958  0.00123382
 0.0027324  0.00365233 0.00343478 0.00168955 0.00239325 0.00204921
 0.00139225 0.00212359 0.00271416 0.00204885 0.00207615 0.0019238
 0.00300407 0.00357521 0.00270724 0.00238311 0.00233781 0.00233424
 0.00145388 0.00264633 0.00159454 0.00127959 0.00327289 0.00250018
 0.00160396 0.0025034  0.00292504 0.00279641 0.00212586 0.00123298
 0.00372982 0.00299847 0.00261688 0.0016315  0.00278282 0.00198925
 0.00348473 0.00394881 0.0023191  0.00255167 0.00277901 0.00278556
 0.0017674  0.00260997]","[0.0022434  0.00281489 0.00230694 0.00224853 0.00283825 0.00196576
 0.00381446 0.00626647 0.00466287 0.00314879 0.00404048 0.00353062
 0.00196075 0.00374031 0.00330913 0.00248885 0.0033375  0.00317836
 0.00483847 0.00518131 0.00272822 0.00260198 0.00404131 0.0027256
 0.00225282 0.00365424 0.00276828 0.00205112 0.00433517 0.00312567
 0.00273681 0.00369847 0.00338888 0.0036453  0.00294828 0.00178182
 0.00486445 0.00374687 0.00399148 0.00217974 0.00245166 0.00281096
 0.00292075 0.00558352 0.00263405 0.00398958 0.00379813 0.00352108
 0.00270367 0.0041436 ]","[0.02939745 0.03154583 0.02824457 0.02516038 0.03135156 0.02608352
 0.03574842 0.03908318 0.04058992 0.02946964 0.03431263 0.03319407
 0.02786322 0.03169621 0.03753176 0.03186603 0.033367   0.03081162
 0.03714121 0.04023038 0.03676373 0.03531279 0.0334861  0.03353425
 0.02792751 0.03523087 0.03010398 0.0265571  0.04032042 0.03544469
 0.02815431 0.03460428 0.03676708 0.03718134 0.03209602 0.02642109
 0.04033921 0.03745235 0.03563982 0.02845648 0.03708849 0.03147572
 0.04081213 0.04274495 0.03382355 0.03633489 0.03693998 0.03761151
 0.03036494 0.03551454]","[0.03382927 0.03682164 0.03257846 0.03229652 0.03778871 0.03360074
 0.04021114 0.05278665 0.0494509  0.03960828 0.04266732 0.04184465
 0.0307447  0.04227853 0.04043201 0.03551911 0.04168853 0.03657044
 0.04846218 0.05201986 0.03590222 0.03636786 0.04570674 0.03702498
 0.03534906 0.04078272 0.03943599 0.03130033 0.04628294 0.03881722
 0.03614976 0.04296829 0.04037006 0.04150514 0.04013086 0.03029526
 0.04798394 0.04359555 0.04229495 0.0331841  0.03592888 0.03625786
 0.03783729 0.05109491 0.03545261 0.04510805 0.04118876 0.04108526
 0.03623482 0.04266499]",0.2955499697994129,0.06469183613816808,0.28685928006409794,0.11906092057159741,0.28019684329187583,0.048091417715755,0.2783826134124758,0.0908118590807068,0.0012201833945639608,0.00015479601585871374,0.0009282461249759253,0.00035526242704275463,0.07029128557443619,0.08111966296195984,0.0075599418874625415,0.008474403272603497,0.0023594117164611817,0.003314793109893799,0.0007143693733450113,0.0009836715530600843,0.0337838540791981,0.03979002066645761,0.004425974856695109,0.005532342595119541
df3,0.5,1.0,0.0,0.0,1.6,0.5,1.0,"[7.20954134e-05 3.91087390e-01 3.69683622e-01 2.41482152e-01
 2.57475452e-01 4.36093382e-01 1.29372179e-01 9.54673207e-02
 6.92127962e-01 6.12251659e-01 4.36093382e-01 3.49039701e-01
 6.65529322e-01 1.97960446e-01 3.91087390e-01 2.90339156e-02
 1.60771824e-01 2.91764847e-01 1.97960446e-01 4.16212987e-02
 2.57475452e-01 4.13232440e-01 1.60771824e-01 7.52091658e-02
 1.60771824e-01 7.94826541e-01 2.11739817e-01 1.49691056e-01
 2.64676308e-02 1.64147482e-02 3.69683622e-01 1.97960446e-01
 1.11358879e-01 1.60771824e-01 6.93218252e-02 3.91087390e-01
 3.18171260e-02 2.38884447e-03 8.95145539e-03 1.29372179e-01
 6.93218252e-02 8.82599083e-02 7.18514257e-01 3.29168072e-01
 1.60771824e-01 3.49039701e-01 2.41482152e-01 6.65529322e-01
 2.41482152e-01 3.69683622e-01]","[1.25918603e-07 2.12592488e-03 1.29372179e-01 8.06268875e-03
 1.99311438e-02 3.48322136e-02 5.25376643e-03 3.36894521e-03
 1.80967606e-02 1.99311438e-02 3.80948244e-02 7.11507895e-04
 2.58137431e-05 1.49691056e-01 5.25376643e-03 1.20265345e-05
 5.40313022e-05 2.12592488e-03 1.48741570e-02 1.10005675e-02
 1.34646549e-02 2.87103585e-04 1.48940867e-03 3.73964604e-04
 1.48940867e-03 2.41482152e-01 1.16899447e-03 2.64676308e-02
 3.47919250e-05 1.63732496e-05 5.85633896e-03 4.26159664e-04
 7.25488863e-03 4.95346404e-02 5.40313022e-05 1.10005675e-02
 3.36894521e-03 1.45688880e-04 3.77043497e-03 9.92823487e-03
 6.26876255e-04 6.24445815e-05 9.92823487e-03 5.85633896e-03
 9.92823487e-03 9.54673207e-02 5.25376643e-03 2.41040115e-02
 2.11739817e-01 1.34646549e-02]","[7.20954134e-05 3.91087390e-01 3.69683622e-01 2.41482152e-01
 2.57475452e-01 4.36093382e-01 1.29372179e-01 9.54673207e-02
 6.92127962e-01 6.12251659e-01 4.36093382e-01 3.49039701e-01
 6.65529322e-01 1.97960446e-01 3.91087390e-01 2.90339156e-02
 1.60771824e-01 2.91764847e-01 1.97960446e-01 4.16212987e-02
 2.57475452e-01 4.13232440e-01 1.60771824e-01 7.52091658e-02
 1.60771824e-01 7.94826541e-01 2.11739817e-01 1.49691056e-01
 2.64676308e-02 1.64147482e-02 3.69683622e-01 1.97960446e-01
 1.11358879e-01 1.60771824e-01 6.93218252e-02 3.91087390e-01
 3.18171260e-02 2.38884447e-03 8.95145539e-03 1.29372179e-01
 6.93218252e-02 8.82599083e-02 7.18514257e-01 3.29168072e-01
 1.60771824e-01 3.49039701e-01 2.41482152e-01 6.65529322e-01
 2.41482152e-01 3.69683622e-01]","[1.25918603e-07 2.12592488e-03 1.29372179e-01 8.06268875e-03
 1.99311438e-02 3.48322136e-02 5.25376643e-03 3.36894521e-03
 1.80967606e-02 1.99311438e-02 3.80948244e-02 7.11507895e-04
 2.58137431e-05 1.49691056e-01 5.25376643e-03 1.20265345e-05
 5.40313022e-05 2.12592488e-03 1.48741570e-02 1.10005675e-02
 1.34646549e-02 2.87103585e-04 1.48940867e-03 3.73964604e-04
 1.48940867e-03 2.41482152e-01 1.16899447e-03 2.64676308e-02
 3.47919250e-05 1.63732496e-05 5.85633896e-03 4.26159664e-04
 7.25488863e-03 4.95346404e-02 5.40313022e-05 1.10005675e-02
 3.36894521e-03 1.45688880e-04 3.77043497e-03 9.92823487e-03
 6.26876255e-04 6.24445815e-05 9.92823487e-03 5.85633896e-03
 9.92823487e-03 9.54673207e-02 5.25376643e-03 2.41040115e-02
 2.11739817e-01 1.34646549e-02]","[2.20779088e-06 3.62822787e-01 5.88770880e-01 1.29519757e-01
 2.43284463e-01 2.63217001e-01 3.65007051e-02 7.30091535e-02
 8.22403500e-01 2.36808476e-01 4.71653002e-01 2.93609435e-01
 5.21246862e-01 1.98678710e-01 4.08011267e-01 9.57673514e-02
 4.10579866e-02 2.19017391e-01 1.60368536e-01 1.28284276e-01
 4.33456153e-01 2.46586188e-01 2.02872839e-01 9.23754888e-02
 1.60623554e-01 6.27466020e-01 2.61827387e-01 1.68785916e-01
 1.57250753e-02 1.11969786e-02 3.38261835e-01 1.75206462e-01
 1.53501233e-01 1.86227435e-01 1.15638454e-01 3.69563820e-01
 4.06510134e-02 3.08194595e-04 5.48528340e-02 5.84599785e-02
 1.03999078e-01 4.09781118e-02 6.18872910e-01 2.70784722e-01
 1.19402170e-01 2.85017591e-01 1.18705831e-01 6.85160762e-01
 3.33058840e-01 4.46256762e-01]","[1.22994938e-08 2.44651640e-03 7.67162583e-02 5.13791760e-03
 4.64557184e-02 7.09041573e-03 1.95930993e-03 3.89376921e-03
 1.23319786e-02 2.27340466e-02 1.07147438e-02 2.37239699e-03
 3.13483648e-04 5.68665404e-02 7.97037420e-03 1.61937998e-05
 8.87415513e-06 6.42772115e-03 1.21362804e-02 5.67403843e-03
 1.95191163e-02 2.55624154e-04 6.39540969e-04 8.99578134e-04
 4.19025086e-03 3.52729288e-01 5.43534847e-04 2.68288972e-02
 2.88155074e-05 3.95744587e-06 3.23139328e-02 4.60981775e-03
 3.21336363e-03 1.17995575e-02 1.04034591e-04 5.39185911e-03
 4.92987336e-03 6.41089419e-05 3.26155400e-03 2.38306115e-03
 3.65405803e-04 3.25964271e-05 1.30455608e-02 9.47792575e-03
 4.43332455e-03 7.86391108e-02 1.79687882e-03 3.77710157e-02
 1.04313492e-01 7.57600739e-03]","[1.00000000e-05 2.22242500e-03 2.50000000e-03 2.55603019e-04
 1.57836354e-03 2.29365740e-03 8.22866843e-05 2.30810229e-04
 2.50000000e-03 1.13813361e-03 2.23027532e-03 1.69177443e-03
 2.50000000e-03 2.50000000e-03 2.50000000e-03 2.50764521e-04
 1.39368562e-04 6.21071064e-04 1.00170854e-03 7.43466535e-04
 1.30427210e-03 1.26572473e-03 1.03614577e-03 3.56569990e-04
 4.92167883e-04 2.50000000e-03 1.40359930e-03 1.11967429e-03
 3.70037605e-05 3.56105323e-05 1.56760599e-03 1.03053156e-03
 7.18718268e-04 5.26168034e-04 4.09320450e-04 2.28346661e-03
 2.14506768e-04 1.00000000e-05 1.42818473e-04 1.84108169e-04
 2.60709842e-04 1.53856857e-04 2.50000000e-03 1.30869236e-03
 4.91301042e-04 1.17397080e-03 4.12318665e-04 2.50000000e-03
 9.95999733e-04 2.26632898e-03]","[1.00000000e-05 1.12697659e-05 3.73090077e-04 1.01610120e-05
 3.77809432e-05 1.20085196e-05 1.00000000e-05 1.00000000e-05
 1.74900502e-05 4.82091187e-05 1.49721451e-05 1.00000000e-05
 1.00000000e-05 1.79450196e-04 2.32460133e-05 1.00000000e-05
 1.00000000e-05 1.01732880e-05 2.02398993e-05 1.00000000e-05
 1.58237444e-05 1.00000000e-05 1.00000000e-05 1.00000000e-05
 1.00000000e-05 1.26229060e-03 1.00000000e-05 2.81813805e-05
 1.00000000e-05 1.00000000e-05 4.71844381e-05 1.03150213e-05
 1.00000000e-05 2.37098611e-05 1.00000000e-05 1.00000000e-05
 1.00000000e-05 1.00000000e-05 1.00000000e-05 1.00000000e-05
 1.00000000e-05 1.00000000e-05 3.00005935e-05 2.15197473e-05
 1.16947532e-05 1.49947338e-04 1.00000000e-05 3.22240591e-04
 6.48714779e-04 2.09658926e-05]","[0.07196858 0.05771044 0.06338184 0.06090733 0.07955666 0.07155821
 0.06004904 0.07601689 0.06508303 0.07045311 0.0562634  0.08302824
 0.06123077 0.08895671 0.06875888 0.06161962 0.06578649 0.0859184
 0.07753961 0.07969158 0.0568316  0.07702629 0.0706675  0.07066834
 0.07797683 0.06219457 0.06213886 0.08286736 0.07927337 0.07084009
 0.07519383 0.06135341 0.0690724  0.07022117 0.06218595 0.08332983
 0.08585126 0.07188618 0.08343517 0.06897223 0.06311606 0.07287766
 0.05566693 0.05350326 0.06609981 0.06384334 0.05809303 0.0702989
 0.06494584 0.06519805]","[0.06356184 0.0748665  0.07550312 0.06645065 0.08961937 0.09296199
 0.05932366 0.07834275 0.08474494 0.07891055 0.07678431 0.09693607
 0.07439322 0.10435518 0.08104122 0.08008597 0.07909355 0.10183451
 0.08507168 0.09521029 0.07476304 0.09889298 0.08288588 0.08313663
 0.08900552 0.08376842 0.07595723 0.09385513 0.07483739 0.08457608
 0.08101398 0.07753888 0.06834636 0.06543306 0.08397479 0.09604743
 0.09909694 0.07109792 0.07420395 0.0864517  0.08570476 0.0933791
 0.07977041 0.06939096 0.08143071 0.07508634 0.07561283 0.07710124
 0.07528711 0.07941132]","[1.87544901e-09 3.12605214e-06 1.98838151e-07 6.82899210e-07
 1.85611463e-11 2.37556786e-09 1.03567883e-06 1.69343760e-10
 8.27368527e-08 4.45962817e-09 6.05762983e-06 1.92440904e-12
 5.82813361e-07 3.20380201e-14 1.14909768e-08 4.81173538e-07
 5.71847117e-08 2.70776146e-13 6.62383877e-11 1.70270672e-11
 4.68122995e-06 9.10838317e-11 3.94971703e-09 3.94783706e-09
 5.04148787e-11 3.61635627e-07 3.71826812e-07 2.14212737e-12
 2.22363694e-11 3.58096263e-09 2.79086222e-10 5.48703177e-07
 9.66151447e-09 5.08353656e-09 3.63195358e-07 1.57322990e-12
 2.83613310e-13 1.96683226e-09 1.46607091e-12 1.02128306e-08
 2.27551111e-07 1.10556354e-09 7.91781084e-06 2.04205797e-05
 4.84477801e-08 1.57106913e-07 2.61705944e-06 4.86551666e-09
 8.88758141e-08 7.79091403e-08]","[1.81420031e-07 3.39912197e-10 2.31464877e-10 4.02009314e-08
 1.99155937e-14 1.71467368e-15 1.46582052e-06 4.00704536e-11
 6.05263503e-13 2.79985943e-11 1.05762414e-10 8.25804486e-17
 4.51349925e-10 2.03660596e-19 7.12610205e-12 1.32207979e-11
 2.49298241e-11 1.64708929e-18 4.84350668e-13 3.13149929e-16
 3.61704320e-10 1.76929398e-17 2.11588138e-12 1.79012971e-12
 3.09391791e-14 1.17211251e-12 1.75620669e-10 8.76929865e-16
 3.45911564e-10 6.78914849e-13 7.25356213e-12 6.62685003e-11
 1.44186608e-08 6.88800444e-08 1.01997671e-12 1.64535814e-16
 1.50415427e-17 3.09182004e-09 5.05291516e-10 1.87176679e-13
 3.13739511e-13 1.25466922e-15 1.61890530e-11 8.09418298e-09
 5.52711244e-12 2.97782641e-10 2.16561804e-10 8.69562240e-11
 2.63795558e-10 2.03654346e-11]","[0.00250494 0.00103712 0.00149417 0.00104666 0.00203884 0.0015955
 0.00183904 0.00354886 0.0023793  0.00307763 0.00170386 0.00259435
 0.00145209 0.00334775 0.00250709 0.0016005  0.00205243 0.00309515
 0.00326431 0.00274897 0.00209177 0.00286496 0.00286734 0.00186145
 0.00293982 0.00161052 0.00150537 0.00346899 0.00284553 0.00228214
 0.003021   0.00136518 0.00266445 0.00229025 0.00170004 0.00380552
 0.00403941 0.00204623 0.00243497 0.00252461 0.00297499 0.00199044
 0.00108421 0.00145328 0.00185812 0.00177288 0.00155151 0.00168705
 0.0019629  0.00162423]","[0.00280762 0.00179148 0.00226581 0.00126076 0.00292289 0.00283515
 0.00229335 0.00437987 0.00378859 0.00401425 0.00268614 0.00435412
 0.00213408 0.00469697 0.00299668 0.00239432 0.00303602 0.00396812
 0.00428319 0.004318   0.00323164 0.00385022 0.00470006 0.00253248
 0.00474727 0.00314343 0.00155997 0.00518882 0.00296223 0.00294757
 0.00400174 0.0022341  0.00347877 0.00263059 0.00353718 0.00557482
 0.0052135  0.00285399 0.00301564 0.00335276 0.00413537 0.00310707
 0.00263786 0.00269544 0.00268459 0.00204408 0.00238037 0.00225019
 0.00200379 0.0018549 ]","[0.03462381 0.02417509 0.02800441 0.02575597 0.03180572 0.02972359
 0.0304392  0.04094631 0.03478979 0.03897374 0.02983095 0.03548877
 0.02764268 0.03931915 0.03488826 0.02899418 0.03272145 0.03888015
 0.04017355 0.03634523 0.03224098 0.03768515 0.03640072 0.03031674
 0.03687064 0.02882239 0.0284387  0.03975429 0.03597243 0.03258487
 0.03893313 0.0272645  0.03635947 0.03423635 0.02878081 0.04100179
 0.04159037 0.03191966 0.03409693 0.0352571  0.03811924 0.03137207
 0.02617528 0.02812332 0.03075096 0.0308384  0.02840609 0.02891267
 0.0320794  0.02892206]","[0.03752563 0.03049865 0.03271344 0.02593652 0.03725401 0.03672119
 0.03584325 0.04521488 0.04287004 0.04302691 0.03547715 0.044991
 0.0326836  0.04432585 0.03859915 0.03341446 0.037965   0.0441919
 0.04549047 0.04435258 0.04105009 0.04252609 0.04619592 0.0359007
 0.04747574 0.04025114 0.02827125 0.04812715 0.03774209 0.03844927
 0.04324107 0.03355826 0.04228081 0.03656773 0.04030987 0.04969962
 0.04898618 0.03722367 0.03870617 0.04040642 0.04187896 0.03849785
 0.03718854 0.03738586 0.03524048 0.03237747 0.03336138 0.03218262
 0.03125453 0.03006759]",0.259170854139094,0.024337293609941323,0.20655813274796722,0.051657463683985695,0.24059714769893348,0.02024855349281963,0.1964069017214358,0.05299357493286557,0.0011138179878825984,7.201359534054012e-05,0.0008970778054372347,0.00020537277478818744,0.06962215857982634,0.0815229898738861,0.009072143958282583,0.01016021716913861,0.0022623538970947266,0.0031955575942993163,0.0007483983634889836,0.0010204246528677547,0.033114970152080765,0.038710003807857406,0.004600840238289101,0.0056111790829387045
df3,0.55,1.0,0.0,0.0,1.6,0.55,1.0,"[0.06383124 0.06383124 0.22624166 0.14969106 0.17249627 0.22624166
 0.04542867 0.1200888  0.07520917 0.14969106 0.50859953 0.19796045
 0.05871658 0.12937218 0.50859953 0.08825991 0.96007647 0.81875363
 0.29176485 0.81875363 0.0416213  0.05871658 0.00470847 0.32916807
 0.0416213  0.01993114 0.01809676 0.00585634 0.02410401 0.3490397
 0.3490397  0.02903392 0.41323244 0.43609338 0.61225166 0.31007573
 0.01346465 0.0539576  0.32916807 0.00895146 0.91946676 0.21173982
 0.61225166 0.139232   0.36968362 0.53390728 0.27423335 0.12937218
 0.43609338 0.02410401]","[9.58129418e-05 1.84885683e-01 2.51182002e-04 5.25376643e-03
 3.73964604e-04 1.48741570e-02 2.05084189e-06 1.03408932e-03
 5.51757155e-04 4.70847031e-03 1.99311438e-02 1.80967606e-02
 4.70847031e-03 3.36894521e-03 4.21554189e-03 1.45688880e-04
 4.54286666e-02 3.18171260e-02 1.89004559e-03 8.15145929e-02
 1.91681353e-04 2.19534247e-04 6.41076366e-06 1.48741570e-02
 8.06755085e-04 3.95729931e-06 2.87103585e-04 6.38312357e-02
 2.87103585e-04 8.06268875e-03 5.39576008e-02 3.27832948e-04
 2.38884447e-03 1.34646549e-02 1.10005675e-02 2.64676308e-02
 3.36894521e-03 2.51182002e-04 1.64147482e-02 8.79830246e-06
 1.84885683e-01 1.48940867e-03 3.00718998e-03 5.51757155e-04
 4.70847031e-03 1.39231997e-01 3.48322136e-02 5.51757155e-04
 2.64676308e-02 1.63732496e-05]","[0.06383124 0.06383124 0.22624166 0.14969106 0.17249627 0.22624166
 0.04542867 0.1200888  0.07520917 0.14969106 0.50859953 0.19796045
 0.05871658 0.12937218 0.50859953 0.08825991 0.96007647 0.81875363
 0.29176485 0.81875363 0.0416213  0.05871658 0.00470847 0.32916807
 0.0416213  0.01993114 0.01809676 0.00585634 0.02410401 0.3490397
 0.3490397  0.02903392 0.41323244 0.43609338 0.61225166 0.31007573
 0.01346465 0.0539576  0.32916807 0.00895146 0.91946676 0.21173982
 0.61225166 0.139232   0.36968362 0.53390728 0.27423335 0.12937218
 0.43609338 0.02410401]","[9.58129418e-05 1.84885683e-01 2.51182002e-04 5.25376643e-03
 3.73964604e-04 1.48741570e-02 2.05084189e-06 1.03408932e-03
 5.51757155e-04 4.70847031e-03 1.99311438e-02 1.80967606e-02
 4.70847031e-03 3.36894521e-03 4.21554189e-03 1.45688880e-04
 4.54286666e-02 3.18171260e-02 1.89004559e-03 8.15145929e-02
 1.91681353e-04 2.19534247e-04 6.41076366e-06 1.48741570e-02
 8.06755085e-04 3.95729931e-06 2.87103585e-04 6.38312357e-02
 2.87103585e-04 8.06268875e-03 5.39576008e-02 3.27832948e-04
 2.38884447e-03 1.34646549e-02 1.10005675e-02 2.64676308e-02
 3.36894521e-03 2.51182002e-04 1.64147482e-02 8.79830246e-06
 1.84885683e-01 1.48940867e-03 3.00718998e-03 5.51757155e-04
 4.70847031e-03 1.39231997e-01 3.48322136e-02 5.51757155e-04
 2.64676308e-02 1.63732496e-05]","[0.10574099 0.10351711 0.09240019 0.21731432 0.15527045 0.24962828
 0.03353735 0.22076926 0.09489658 0.15191973 0.35703746 0.25216815
 0.09949984 0.11708035 0.44120356 0.06240071 0.94545178 0.74704627
 0.25434923 0.68063496 0.02254182 0.1057637  0.00270047 0.17136598
 0.07139668 0.00667914 0.03104444 0.02018904 0.05843074 0.246198
 0.20068785 0.05122318 0.20764439 0.22604909 0.29939556 0.44076599
 0.0267147  0.09507121 0.49699902 0.00530728 0.87230486 0.18744068
 0.46989547 0.13538894 0.29011342 0.76691954 0.29522549 0.23704162
 0.36329347 0.01605847]","[2.31294240e-03 1.24880867e-01 1.80064180e-03 1.37419866e-03
 5.17506489e-05 5.49096304e-03 1.29950844e-06 6.21839686e-04
 4.18536553e-05 8.22339433e-04 8.92930515e-03 1.54815427e-02
 1.07664527e-02 4.49849701e-03 2.42595296e-03 1.68094729e-04
 7.25709694e-02 2.70495436e-02 1.59981323e-03 5.34355835e-02
 1.81400742e-05 6.88648905e-04 1.55182336e-05 3.72787649e-02
 3.54472206e-04 5.84618584e-07 8.06422491e-04 2.14219540e-02
 2.32174919e-04 2.65288356e-02 4.68147001e-02 7.13225422e-04
 1.16132174e-03 5.30178392e-02 1.73517065e-02 2.15446356e-02
 1.13787248e-02 2.23743831e-04 1.88560707e-02 4.23939106e-07
 6.96335513e-02 4.72532332e-03 8.38488640e-04 5.88515269e-04
 2.99929817e-03 2.98973962e-02 1.12297070e-02 8.70431280e-04
 6.97470490e-03 4.20293679e-06]","[2.22094856e-04 1.64114444e-03 6.08490770e-04 1.59565892e-03
 7.04759062e-04 7.53641541e-04 9.26364518e-05 7.50214893e-04
 2.43163351e-04 1.11993704e-03 2.50000000e-03 9.26284472e-04
 4.94476986e-04 3.57891101e-04 2.50000000e-03 1.23391172e-04
 2.50000000e-03 2.50000000e-03 8.76144215e-04 2.50000000e-03
 7.25032531e-05 2.01463243e-04 1.00000000e-05 5.96709210e-04
 2.19329067e-04 1.90525961e-05 3.15582955e-05 2.50550175e-04
 1.97135033e-04 1.40448621e-03 7.54114748e-04 1.68207219e-04
 8.77936130e-04 7.33447980e-04 1.82343963e-03 2.50000000e-03
 1.16507556e-04 2.72595312e-04 2.50000000e-03 1.96650653e-05
 2.50000000e-03 7.39002410e-04 2.50000000e-03 6.42676065e-04
 6.15343675e-04 2.50000000e-03 1.87047712e-03 1.26106951e-03
 2.30051684e-03 4.91074601e-05]","[1.00000000e-05 3.32016091e-04 1.00000000e-05 1.00000000e-05
 1.00000000e-05 1.00000000e-05 1.00000000e-05 1.00000000e-05
 1.00000000e-05 1.00000000e-05 1.45679669e-05 1.21750673e-05
 1.00000000e-05 1.00000000e-05 1.00000000e-05 1.00000000e-05
 3.59554480e-04 7.45105064e-05 1.00000000e-05 1.45838884e-04
 1.00000000e-05 1.00000000e-05 1.00000000e-05 4.38268025e-05
 1.00000000e-05 1.00000000e-05 1.00000000e-05 1.94602357e-05
 1.00000000e-05 1.94436363e-05 1.13391847e-04 1.00000000e-05
 1.00000000e-05 3.81556813e-05 2.43636432e-05 4.01225152e-05
 1.05494486e-05 1.00000000e-05 3.85493582e-05 1.00000000e-05
 2.01066342e-04 1.00000000e-05 1.00000000e-05 1.00000000e-05
 1.00000000e-05 6.47498806e-05 1.00000000e-05 1.00000000e-05
 1.90155110e-05 1.00000000e-05]","[0.07352288 0.07593277 0.076076   0.07166308 0.0590422  0.06744886
 0.05930987 0.07871884 0.06603367 0.05985692 0.08605309 0.06733248
 0.07904198 0.08510831 0.07633998 0.07918703 0.07317349 0.06800612
 0.06281414 0.074216   0.06112466 0.06193324 0.07127367 0.0704047
 0.07172899 0.06705852 0.07006102 0.08553596 0.07471623 0.05510034
 0.06206716 0.07784879 0.07696917 0.08301103 0.08176373 0.06571816
 0.08788112 0.05833516 0.06513844 0.05952077 0.06715686 0.0653487
 0.07059848 0.06875534 0.06871262 0.07307637 0.07506941 0.06123311
 0.0597396  0.06913005]","[0.09071766 0.09575267 0.08124368 0.0853397  0.07399626 0.0790268
 0.07846004 0.0757241  0.08781445 0.07444676 0.09766277 0.08065056
 0.08719015 0.10578133 0.09511089 0.09472949 0.07187146 0.08710771
 0.0732129  0.08422882 0.06614815 0.07446131 0.08810599 0.09566427
 0.08554212 0.0733325  0.08181927 0.08989202 0.09331799 0.07435464
 0.07388945 0.10159092 0.0867653  0.0828624  0.09709586 0.08788321
 0.09425996 0.08205191 0.07573847 0.06987386 0.08341132 0.07845386
 0.08642741 0.089112   0.07707699 0.08974053 0.09078224 0.07197393
 0.07831506 0.07416531]","[7.56705808e-10 1.78260043e-10 1.63341639e-10 2.23658982e-09
 1.67541050e-06 2.35134863e-08 1.47547784e-06 3.16103011e-11
 5.01766639e-08 1.13595154e-06 2.46720448e-13 2.50410093e-08
 2.57596144e-11 4.72376352e-13 1.38980087e-10 2.34920457e-11
 9.29544093e-10 1.73689357e-08 2.65048376e-07 5.01676836e-10
 6.13972644e-07 4.11897887e-07 2.79643197e-09 4.58334057e-09
 2.15334814e-09 2.90276781e-08 5.56313867e-09 3.52364091e-13
 3.72007600e-10 1.01842960e-05 3.85350075e-07 5.46190002e-11
 9.43579804e-11 1.94662498e-12 4.44342687e-12 5.92843113e-08
 6.87884658e-14 2.33722997e-06 8.03761860e-08 1.33435396e-06
 2.75304006e-08 7.19977965e-08 4.10734241e-09 1.15134643e-08
 1.17879563e-08 9.84077296e-10 3.00836289e-10 5.82142825e-07
 1.20172124e-06 9.35752329e-09]","[8.98646800e-15 2.06514421e-16 6.24532912e-12 4.03172427e-13
 5.71737983e-10 2.60090499e-11 3.72183699e-11 2.02406720e-10
 7.21030833e-14 4.37141626e-10 4.67725069e-17 9.18348025e-12
 1.11830448e-13 6.10041660e-20 3.37888026e-16 4.52021021e-16
 1.98359815e-09 1.18475562e-13 9.08267388e-10 8.59135149e-13
 4.72207534e-08 4.33357116e-10 5.86778924e-14 2.21048646e-16
 3.50876378e-13 8.46570068e-10 4.28425956e-12 1.63602985e-14
 1.31353242e-15 4.61868752e-10 6.09163047e-10 2.01029719e-18
 1.50484270e-13 2.14921876e-12 7.29036588e-17 6.86871460e-14
 6.45721919e-16 3.67611552e-12 2.00646345e-10 6.17967735e-09
 1.48968010e-12 3.73634150e-11 1.90360287e-13 2.86692820e-14
 8.82712188e-11 1.82504527e-14 8.57307745e-15 1.86966519e-09
 4.07743781e-11 5.17052595e-10]","[0.00407827 0.00326037 0.00309515 0.00253785 0.00182748 0.00322843
 0.00174308 0.0027138  0.00197434 0.00223839 0.00364435 0.00199842
 0.00370884 0.00268042 0.00263596 0.00319576 0.00164115 0.00219846
 0.00113773 0.0021131  0.00092387 0.0021131  0.00326085 0.00236249
 0.00232041 0.00214505 0.00119817 0.00276709 0.00279152 0.00112212
 0.00168645 0.00328279 0.00260508 0.00366342 0.00335884 0.00239456
 0.00440061 0.00245667 0.00344443 0.0013299  0.00166225 0.00153279
 0.00370145 0.00259066 0.00280869 0.00315607 0.00276434 0.0020858
 0.00282562 0.00277662]","[0.00614464 0.00464976 0.00335038 0.00325859 0.0022558  0.00409031
 0.00278366 0.00317979 0.00310421 0.00285625 0.0049212  0.00347722
 0.00485587 0.00332284 0.0038799  0.00371313 0.00193942 0.00362957
 0.00160909 0.00275636 0.00147557 0.00344956 0.00467551 0.00500607
 0.00336242 0.00272918 0.00219989 0.00402772 0.00397182 0.00241601
 0.00237525 0.00493979 0.00321519 0.00468171 0.00446522 0.00300694
 0.00524116 0.00329947 0.00424683 0.00204825 0.00289893 0.00244999
 0.00501883 0.00376451 0.00328565 0.00477695 0.00393236 0.00273073
 0.00291955 0.00343335]","[0.04342395 0.03940216 0.0381092  0.03537776 0.03124097 0.03930822
 0.0297955  0.03681343 0.03128818 0.033512   0.04048841 0.03200273
 0.04213792 0.03609433 0.03531952 0.03970189 0.02959557 0.03158517
 0.02535506 0.03191715 0.02340549 0.03275503 0.0398474  0.03361199
 0.03353117 0.03359872 0.02553007 0.03609458 0.03694173 0.02552642
 0.02911261 0.0401281  0.03518337 0.04055318 0.03854162 0.03437081
 0.04468285 0.03389673 0.03957817 0.02638831 0.02976163 0.02882286
 0.0402731  0.03605295 0.03615865 0.03695514 0.03534542 0.03300105
 0.03720758 0.03682524]","[0.05423015 0.04631664 0.04027566 0.04050617 0.03423732 0.04468877
 0.03661727 0.03944911 0.03787866 0.03775403 0.04766243 0.04226094
 0.04911795 0.04062252 0.04235887 0.0408188  0.02989004 0.03928669
 0.02879418 0.03764868 0.02751998 0.04233286 0.0471308  0.04960396
 0.03963411 0.03672373 0.03560014 0.0432881  0.04324543 0.03602497
 0.03332393 0.04774963 0.03794056 0.04768903 0.04520921 0.03862203
 0.05076005 0.04047765 0.04497945 0.03119877 0.03729271 0.03515578
 0.04802465 0.04371492 0.03839704 0.04665406 0.04221095 0.03809144
 0.03762455 0.0403074 ]",0.2554364778881689,0.020702236574283647,0.2543676043529094,0.042283100840069934,0.23603433593375434,0.014409879555103575,0.23150292975954295,0.02446625103751932,0.0010151364617629682,3.78271579362822e-05,0.0009165489463327875,7.341861206923302e-05,0.07049778257608415,0.08388352910995484,0.008176457227218268,0.009104639611478046,0.002543661594390869,0.0035164475440979002,0.0008094933348246411,0.0010323573789908255,0.03472302172485979,0.04073885521520169,0.004933250607518295,0.005778855518806863
df3,0.6000000000000001,1.0,0.0,0.0,1.6,0.6000000000000001,1.0,"[2.12592488e-03 5.08599525e-01 5.87165796e-02 2.41040115e-02
 3.91087390e-01 8.15145929e-02 1.72496272e-01 7.25488863e-03
 7.44535382e-01 5.39576008e-02 6.38860419e-01 4.54286666e-02
 6.38860419e-01 3.69683622e-01 1.11358879e-01 1.39231997e-01
 6.92127962e-01 2.12592488e-03 2.90339156e-02 6.92127962e-01
 2.90339156e-02 1.34646549e-02 1.39231997e-01 2.26241661e-01
 7.25488863e-03 2.11739817e-01 3.91087390e-01 1.11358879e-01
 2.11739817e-01 3.80948244e-02 4.70847031e-03 2.41482152e-01
 4.26159664e-04 7.94826541e-01 1.84885683e-01 3.91087390e-01
 9.54673207e-02 3.10075730e-01 5.39576008e-02 1.20088801e-01
 4.16212987e-02 1.72496272e-01 3.69683622e-01 2.57475452e-01
 4.59637254e-01 9.54673207e-02 2.41482152e-01 6.93218252e-02
 1.03408932e-03 9.13835051e-04]","[2.22014992e-05 6.52148041e-03 1.10287908e-04 9.92823487e-03
 5.87165796e-02 1.02917236e-05 1.89004559e-03 2.22014992e-05
 1.03159376e-01 9.58129418e-05 1.21765095e-02 2.19534247e-04
 1.10005675e-02 5.25376643e-03 3.80948244e-02 2.64676308e-02
 8.95145539e-03 6.41076366e-06 2.19534247e-04 1.91681353e-04
 8.31541824e-05 6.41076366e-06 9.13835051e-04 1.48741570e-02
 1.16899447e-03 4.54286666e-02 2.91764847e-01 1.02917236e-05
 9.92823487e-03 1.91681353e-04 3.95729931e-06 2.38884447e-03
 1.20265345e-05 1.99311438e-02 8.31541824e-05 3.00718998e-03
 2.58137431e-05 4.16212987e-02 3.47919250e-05 7.11507895e-04
 1.16899447e-03 1.67194217e-04 1.34646549e-02 4.21554189e-03
 3.80948244e-02 2.12592488e-03 3.36894521e-03 1.48940867e-03
 2.05084189e-06 2.22014992e-05]","[2.12592488e-03 5.08599525e-01 5.87165796e-02 2.41040115e-02
 3.91087390e-01 8.15145929e-02 1.72496272e-01 7.25488863e-03
 7.44535382e-01 5.39576008e-02 6.38860419e-01 4.54286666e-02
 6.38860419e-01 3.69683622e-01 1.11358879e-01 1.39231997e-01
 6.92127962e-01 2.12592488e-03 2.90339156e-02 6.92127962e-01
 2.90339156e-02 1.34646549e-02 1.39231997e-01 2.26241661e-01
 7.25488863e-03 2.11739817e-01 3.91087390e-01 1.11358879e-01
 2.11739817e-01 3.80948244e-02 4.70847031e-03 2.41482152e-01
 4.26159664e-04 7.94826541e-01 1.84885683e-01 3.91087390e-01
 9.54673207e-02 3.10075730e-01 5.39576008e-02 1.20088801e-01
 4.16212987e-02 1.72496272e-01 3.69683622e-01 2.57475452e-01
 4.59637254e-01 9.54673207e-02 2.41482152e-01 6.93218252e-02
 1.03408932e-03 9.13835051e-04]","[2.22014992e-05 6.52148041e-03 1.10287908e-04 9.92823487e-03
 5.87165796e-02 1.02917236e-05 1.89004559e-03 2.22014992e-05
 1.03159376e-01 9.58129418e-05 1.21765095e-02 2.19534247e-04
 1.10005675e-02 5.25376643e-03 3.80948244e-02 2.64676308e-02
 8.95145539e-03 6.41076366e-06 2.19534247e-04 1.91681353e-04
 8.31541824e-05 6.41076366e-06 9.13835051e-04 1.48741570e-02
 1.16899447e-03 4.54286666e-02 2.91764847e-01 1.02917236e-05
 9.92823487e-03 1.91681353e-04 3.95729931e-06 2.38884447e-03
 1.20265345e-05 1.99311438e-02 8.31541824e-05 3.00718998e-03
 2.58137431e-05 4.16212987e-02 3.47919250e-05 7.11507895e-04
 1.16899447e-03 1.67194217e-04 1.34646549e-02 4.21554189e-03
 3.80948244e-02 2.12592488e-03 3.36894521e-03 1.48940867e-03
 2.05084189e-06 2.22014992e-05]","[0.00211518 0.64412889 0.11332321 0.03381592 0.36886641 0.11542996
 0.30807745 0.01288282 0.47340942 0.06906893 0.58781208 0.08392614
 0.7273228  0.33139588 0.22249208 0.19171886 0.7076346  0.00500061
 0.04223539 0.64109099 0.05106303 0.00321621 0.19663966 0.22099054
 0.05413433 0.22646    0.21288231 0.09070364 0.16781968 0.0400716
 0.00916633 0.22650562 0.0052157  0.60383    0.07621772 0.24480588
 0.01877183 0.22269669 0.05302846 0.19769315 0.05510518 0.12578082
 0.4779342  0.25233742 0.29202794 0.09026211 0.10633385 0.07575943
 0.00451246 0.01932159]","[4.04808729e-06 3.12886635e-03 2.62629667e-04 2.48920190e-03
 1.80701645e-02 5.56373339e-06 1.81764047e-03 3.13210840e-06
 3.87354198e-02 1.51500736e-04 2.91592642e-03 1.70682745e-03
 4.51013203e-02 9.88866615e-03 1.62921718e-02 5.08866504e-03
 7.01004142e-03 1.21715566e-05 4.98257006e-04 3.89100740e-04
 2.60429354e-05 6.74456843e-06 3.25081400e-04 4.32133939e-03
 3.60355914e-04 1.24896521e-02 1.61540046e-01 2.32646215e-06
 1.33500816e-02 1.47578744e-04 3.48432203e-06 4.12841211e-03
 2.81362385e-06 1.01159401e-02 2.51063247e-05 1.04145109e-02
 2.45478392e-05 1.52325428e-02 1.14013467e-04 1.24995066e-04
 2.35531117e-04 1.66122857e-04 9.30255460e-03 2.63651592e-03
 2.53690867e-02 1.57816245e-03 5.43113707e-04 2.86320362e-03
 5.36170979e-06 1.70416567e-04]","[1.16289818e-05 2.50000000e-03 3.13675503e-04 2.53542984e-04
 2.13979261e-03 3.19639814e-04 7.36433681e-04 1.00000000e-05
 2.13366903e-03 2.15160563e-04 2.31648145e-03 2.14697893e-04
 2.50000000e-03 1.41499931e-03 2.35527961e-03 6.10305650e-04
 2.50000000e-03 1.00000000e-05 8.61757435e-05 2.50000000e-03
 1.29674572e-04 1.00000000e-05 1.24127521e-03 1.06697905e-03
 1.08918083e-04 1.66045167e-03 1.27640492e-03 2.20215356e-04
 1.21374213e-03 6.12987772e-05 1.00000000e-05 1.04731985e-03
 1.00000000e-05 2.50000000e-03 2.75658230e-04 7.79992347e-04
 2.81991496e-05 1.28423232e-03 1.59003739e-04 6.67739247e-04
 5.69316972e-05 5.75933109e-04 2.19268200e-03 7.79872997e-04
 2.42211029e-03 1.66511200e-04 3.89032228e-04 2.05335689e-04
 1.00000000e-05 1.22195457e-05]","[1.00000000e-05 1.00000000e-05 1.00000000e-05 1.00000000e-05
 4.07262027e-05 1.00000000e-05 1.00000000e-05 1.00000000e-05
 6.51374088e-05 1.00000000e-05 1.00000000e-05 1.00000000e-05
 4.24503994e-05 1.00000000e-05 2.67634884e-05 1.00000000e-05
 1.35533761e-05 1.00000000e-05 1.00000000e-05 1.00000000e-05
 1.00000000e-05 1.00000000e-05 1.00000000e-05 1.00000000e-05
 1.00000000e-05 1.42205883e-05 3.59856843e-04 1.00000000e-05
 1.03932189e-05 1.00000000e-05 1.00000000e-05 1.00000000e-05
 1.00000000e-05 2.55476340e-05 1.00000000e-05 1.00000000e-05
 1.00000000e-05 1.37077986e-05 1.00000000e-05 1.00000000e-05
 1.00000000e-05 1.00000000e-05 1.60524811e-05 1.00000000e-05
 4.20474895e-05 1.00000000e-05 1.00000000e-05 1.00000000e-05
 1.00000000e-05 1.00000000e-05]","[0.07736923 0.06978287 0.07222512 0.10150629 0.05906547 0.0624057
 0.07053507 0.0713126  0.07633275 0.08367909 0.06284944 0.07998306
 0.06885108 0.06092395 0.07559403 0.07371682 0.0519984  0.06318841
 0.06665065 0.06567384 0.07313772 0.06801161 0.06840624 0.08071283
 0.07794266 0.07116635 0.07630567 0.06663363 0.07007839 0.06312741
 0.07238563 0.08576426 0.08822748 0.07149636 0.06434731 0.0831558
 0.06428102 0.07584791 0.06925714 0.0675554  0.06973025 0.071987
 0.06848944 0.06649935 0.0693334  0.07669091 0.07953917 0.07791283
 0.0740847  0.06935083]","[0.07133605 0.07977271 0.09058949 0.10707512 0.07562443 0.0772251
 0.08848896 0.07403131 0.09197613 0.0814135  0.08128916 0.09344066
 0.08311697 0.07606308 0.09178352 0.08342917 0.07266289 0.07759351
 0.08717102 0.08156958 0.07959285 0.07185158 0.09044392 0.09819019
 0.07348695 0.09386073 0.08704091 0.07935486 0.08930858 0.09109797
 0.07504381 0.09327378 0.07498343 0.09275431 0.07772143 0.09151148
 0.07176389 0.09138698 0.09089264 0.08527846 0.08677108 0.08224103
 0.08269071 0.08400492 0.09168942 0.09910977 0.08801429 0.0930943
 0.09525094 0.08319811]","[7.36421136e-11 6.50297875e-09 1.61668987e-09 2.15414991e-18
 1.65704550e-06 3.25415051e-07 4.25752144e-09 2.73482243e-09
 1.39597113e-10 1.24468188e-12 2.60372490e-07 1.41247843e-11
 1.09205898e-08 6.77373914e-07 2.19047201e-10 6.74760984e-10
 3.86028476e-05 2.19359857e-07 3.61283553e-08 6.06856385e-08
 9.49278565e-10 1.73169543e-08 1.39525470e-08 8.82031631e-12
 5.15048069e-11 2.97336019e-09 1.41932377e-10 3.64587650e-08
 5.50906792e-09 2.26247240e-07 1.47288325e-09 3.01143361e-13
 5.38390439e-14 2.46144131e-09 1.21234284e-07 1.76736809e-12
 1.25453685e-07 1.87719386e-10 8.71984937e-09 2.21947979e-08
 6.69743764e-09 1.85559623e-09 1.33292206e-08 3.91700572e-08
 8.35773518e-09 1.12027594e-10 1.87697585e-11 5.24750556e-11
 5.42460647e-10 8.27707871e-09]","[2.69835158e-09 1.61652010e-11 9.86594082e-15 2.01465737e-20
 2.15041316e-10 8.05330262e-11 4.47177595e-14 5.59956218e-10
 3.56758766e-15 5.58963109e-12 6.06267016e-12 1.19800084e-15
 1.81378582e-12 1.64635406e-10 4.11284073e-15 1.47197615e-12
 1.25334081e-09 6.40515596e-11 1.13339059e-13 5.04685943e-12
 1.81368215e-11 2.00647470e-09 1.09679156e-14 3.08773350e-17
 7.72919576e-10 8.73238892e-16 1.24142947e-13 2.11116623e-11
 2.49012999e-14 6.80657131e-15 3.05512866e-10 1.35781208e-15
 3.16827556e-10 2.00215084e-15 5.91414342e-11 5.02525974e-15
 2.11050146e-09 5.50673886e-15 7.90926498e-15 4.20452490e-13
 1.49878403e-13 3.24489744e-12 2.40908218e-12 9.99453947e-13
 4.40828578e-15 1.48884673e-17 6.26111511e-14 1.55316614e-15
 3.03554346e-16 1.71810750e-12]","[0.0030669  0.00165093 0.0031029  0.00525343 0.00138986 0.00162494
 0.00230098 0.0029937  0.00221813 0.00329816 0.0010525  0.00469542
 0.00198126 0.00191474 0.0017792  0.00311482 0.00131929 0.00178826
 0.00316298 0.00122261 0.00279665 0.00163627 0.00334811 0.00312161
 0.00353956 0.00208843 0.00227261 0.00257707 0.00128067 0.00273883
 0.00250316 0.00266075 0.00241315 0.00342512 0.00154078 0.00334013
 0.00226808 0.00335288 0.00287688 0.00219071 0.00232983 0.00182331
 0.00202739 0.00225914 0.003075   0.00338101 0.00290108 0.00333595
 0.00243759 0.0023545 ]","[0.00301445 0.00216103 0.00475824 0.00671291 0.00219524 0.00233305
 0.0035243  0.00356567 0.00345421 0.00396705 0.00191128 0.00599468
 0.00349426 0.00254738 0.00297797 0.00369895 0.00253928 0.00281847
 0.00473142 0.00245905 0.00380886 0.00228572 0.00417531 0.00448251
 0.00384271 0.00373566 0.00328338 0.0028398  0.00251067 0.00450706
 0.00324202 0.00424314 0.00300682 0.00439024 0.00219202 0.00469005
 0.00268984 0.00424051 0.00442445 0.00318789 0.00351691 0.00293982
 0.00264466 0.00309062 0.00400949 0.0046978  0.00401664 0.00542629
 0.00360787 0.00359094]","[0.03834582 0.02908474 0.03801057 0.04908779 0.02749513 0.02958341
 0.0337626  0.03842441 0.0341132  0.03950489 0.02363974 0.0464655
 0.03135402 0.03119919 0.03096327 0.04011539 0.02618192 0.03035944
 0.03973098 0.0262949  0.03723896 0.03018939 0.04110012 0.03712146
 0.04056168 0.03273068 0.03224622 0.03513498 0.02699074 0.03624411
 0.03528338 0.03577189 0.03431615 0.03983275 0.02812243 0.03954996
 0.03346246 0.0400452  0.03761804 0.03340185 0.03351294 0.03069269
 0.03239182 0.03352731 0.03891239 0.03991427 0.03774619 0.03920908
 0.03558937 0.03442935]","[0.03925816 0.03338503 0.04824126 0.05668499 0.03216548 0.03339069
 0.04149371 0.04152931 0.04080476 0.04379334 0.03024268 0.05386787
 0.04158263 0.03453666 0.03960351 0.04423482 0.03542874 0.03623022
 0.04848384 0.03424312 0.04172734 0.03318962 0.04508534 0.04822656
 0.0434957  0.04248621 0.03925422 0.03677254 0.03660241 0.04492897
 0.04042674 0.04466703 0.03832839 0.04525604 0.03180656 0.0474127
 0.03585473 0.04693568 0.04599582 0.04026201 0.04129645 0.03880798
 0.03618106 0.03916996 0.04247772 0.04655321 0.04348099 0.0521426
 0.04317931 0.04227058]",0.21377237493388151,0.015587363379351788,0.22659989762813784,0.04424928157980397,0.2020606997178433,0.008583940015120958,0.20578847213799412,0.024033459904512965,0.000874064324334005,2.1009138585607164e-05,0.0009118132527604698,5.010352055754248e-05,0.07190205107212068,0.08501111361503601,0.00827218498718644,0.008258601112000656,0.0025365447998046877,0.0035635709762573244,0.0008499670332366359,0.0010147848919767875,0.03493209542128783,0.041269505696372964,0.005162170231112502,0.005783615983391362
df3,0.65,1.0,0.0,0.0,1.6,0.65,1.0,"[0.03483221 0.02410401 0.08151459 0.48382277 0.08825991 0.18488568
 0.03181713 0.24148215 0.17249627 0.139232   0.1200888  0.3490397
 0.08151459 0.45963725 0.01217651 0.01993114 0.16077182 0.03483221
 0.09546732 0.08825991 0.06383124 0.04953464 0.02192948 0.00895146
 0.05871658 0.0539576  0.71851426 0.139232   0.66552932 0.16077182
 0.03483221 0.0416213  0.07520917 0.00652148 0.39108739 0.0539576
 0.1200888  0.06932183 0.04542867 0.18488568 0.10315938 0.36968362
 0.00116899 0.0416213  0.00585634 0.139232   0.06383124 0.00103409
 0.08825991 0.36968362]","[1.26822204e-04 1.40396435e-05 2.58137431e-05 2.12592488e-03
 4.70847031e-03 2.64676308e-02 2.19534247e-04 3.48322136e-02
 1.99311438e-02 1.45688880e-04 9.13835051e-04 1.80967606e-02
 2.12592488e-03 9.92823487e-03 5.24820678e-07 4.16212987e-02
 7.25488863e-03 9.58129418e-05 2.22014992e-05 2.38884447e-03
 3.36269816e-06 9.92823487e-03 2.42077577e-06 2.99835482e-05
 3.77043497e-03 1.10287908e-04 4.26159664e-04 3.27832948e-04
 3.48322136e-02 3.18171260e-02 2.83236331e-08 6.24499263e-07
 5.51757155e-04 5.46398884e-06 1.16899447e-03 6.52148041e-03
 1.32017364e-03 4.85152370e-04 4.65235514e-06 7.11507895e-04
 1.48940867e-03 7.11507895e-04 1.02917236e-05 2.22014992e-05
 1.40396435e-05 8.06268875e-03 3.27832948e-04 1.59199965e-08
 4.26159664e-04 1.64147482e-02]","[0.03483221 0.02410401 0.08151459 0.48382277 0.08825991 0.18488568
 0.03181713 0.24148215 0.17249627 0.139232   0.1200888  0.3490397
 0.08151459 0.45963725 0.01217651 0.01993114 0.16077182 0.03483221
 0.09546732 0.08825991 0.06383124 0.04953464 0.02192948 0.00895146
 0.05871658 0.0539576  0.71851426 0.139232   0.66552932 0.16077182
 0.03483221 0.0416213  0.07520917 0.00652148 0.39108739 0.0539576
 0.1200888  0.06932183 0.04542867 0.18488568 0.10315938 0.36968362
 0.00116899 0.0416213  0.00585634 0.139232   0.06383124 0.00103409
 0.08825991 0.36968362]","[1.26822204e-04 1.40396435e-05 2.58137431e-05 2.12592488e-03
 4.70847031e-03 2.64676308e-02 2.19534247e-04 3.48322136e-02
 1.99311438e-02 1.45688880e-04 9.13835051e-04 1.80967606e-02
 2.12592488e-03 9.92823487e-03 5.24820678e-07 4.16212987e-02
 7.25488863e-03 9.58129418e-05 2.22014992e-05 2.38884447e-03
 3.36269816e-06 9.92823487e-03 2.42077577e-06 2.99835482e-05
 3.77043497e-03 1.10287908e-04 4.26159664e-04 3.27832948e-04
 3.48322136e-02 3.18171260e-02 2.83236331e-08 6.24499263e-07
 5.51757155e-04 5.46398884e-06 1.16899447e-03 6.52148041e-03
 1.32017364e-03 4.85152370e-04 4.65235514e-06 7.11507895e-04
 1.48940867e-03 7.11507895e-04 1.02917236e-05 2.22014992e-05
 1.40396435e-05 8.06268875e-03 3.27832948e-04 1.59199965e-08
 4.26159664e-04 1.64147482e-02]","[0.04855796 0.03064812 0.11722156 0.2356735  0.05919662 0.1642788
 0.03710743 0.16293214 0.17423939 0.04777227 0.14306344 0.33151559
 0.10478422 0.20767383 0.02338587 0.02981462 0.21996276 0.07353629
 0.08367573 0.18800065 0.05421573 0.06624058 0.03223032 0.00681892
 0.0987345  0.07671649 0.46257563 0.16746952 0.43611789 0.22907594
 0.03635931 0.01638291 0.11000583 0.01103436 0.47964086 0.15063855
 0.15794508 0.18223399 0.03330644 0.32744005 0.05579476 0.24867422
 0.00759484 0.01814193 0.01484519 0.1100255  0.05498102 0.00514689
 0.04685617 0.40404921]","[5.94464647e-04 1.50295761e-05 4.73028707e-06 3.47524805e-04
 1.48629950e-03 8.05482979e-03 2.92885655e-05 1.28617427e-02
 2.61365280e-02 4.53862168e-05 2.31818911e-04 4.17172123e-03
 7.41568884e-03 1.88151337e-03 5.24854780e-07 3.27732110e-02
 1.00033636e-02 1.58811412e-04 1.88468813e-06 6.36773694e-03
 3.01776669e-06 2.58982051e-02 4.72901813e-06 7.79050973e-06
 4.67352233e-03 1.18604671e-04 1.15424302e-03 8.17657912e-04
 1.61735326e-02 8.57411554e-03 2.08825418e-08 5.88263416e-06
 1.11864563e-03 1.61716777e-06 1.23369693e-03 6.08151847e-04
 8.39712622e-04 1.33373987e-03 2.74653815e-06 7.25137841e-04
 3.35379321e-03 4.89987922e-04 9.81392177e-06 2.59365177e-06
 2.64781975e-05 1.48379010e-02 1.97805306e-04 2.27699498e-06
 1.14123247e-03 3.58000328e-03]","[9.98680292e-05 5.36044715e-05 3.61016185e-04 1.01004410e-03
 2.52035763e-04 4.47467879e-04 1.17112538e-04 4.85149462e-04
 1.46477191e-03 1.36317292e-04 5.59730062e-04 1.43372412e-03
 2.41177821e-04 7.76987544e-04 2.54340360e-05 2.96730794e-04
 1.30944477e-03 8.54796675e-05 8.98497249e-05 1.24464356e-03
 1.30908771e-04 1.65136141e-04 2.12477577e-05 1.32687017e-05
 3.40163952e-04 6.25805193e-05 2.10482611e-03 3.11837209e-04
 2.40622678e-03 1.46700972e-03 1.45789047e-04 1.00000000e-05
 1.88460635e-04 6.04753725e-05 2.05326769e-03 4.49645943e-04
 7.46222278e-04 2.99198818e-04 5.16345397e-05 1.26229965e-03
 1.49834277e-04 1.13728666e-03 1.00000000e-05 7.37912304e-05
 4.86134477e-05 4.95479151e-04 1.05429886e-04 1.00000000e-05
 1.22594403e-04 1.23356206e-03]","[1.00000000e-05 1.00000000e-05 1.00000000e-05 1.00000000e-05
 1.00000000e-05 2.31667237e-05 1.00000000e-05 1.00000000e-05
 3.92439212e-05 1.00000000e-05 1.00000000e-05 1.00000000e-05
 1.00000000e-05 1.00000000e-05 1.00000000e-05 1.36008970e-05
 1.00000000e-05 1.00000000e-05 1.00000000e-05 1.11921554e-05
 1.00000000e-05 1.49721653e-05 1.00000000e-05 1.00000000e-05
 1.00000000e-05 1.00000000e-05 1.00000000e-05 1.00000000e-05
 3.39750172e-05 1.00000000e-05 1.00000000e-05 1.00000000e-05
 1.00000000e-05 1.00000000e-05 1.00000000e-05 1.00000000e-05
 1.00000000e-05 1.00000000e-05 1.00000000e-05 1.00000000e-05
 1.00000000e-05 1.00000000e-05 1.00000000e-05 1.00000000e-05
 1.00000000e-05 2.56688149e-05 1.00000000e-05 1.00000000e-05
 1.00000000e-05 1.39642702e-05]","[0.06590576 0.07734872 0.06611519 0.06185105 0.08222641 0.06077293
 0.06454437 0.07795481 0.08888944 0.05770248 0.06710565 0.06479597
 0.06442986 0.06590287 0.07220093 0.07685108 0.07359496 0.06984172
 0.07679729 0.0628016  0.07388818 0.07764963 0.08422147 0.07598369
 0.07703698 0.07520848 0.06998493 0.06672136 0.07508223 0.07216511
 0.06951074 0.07504076 0.07690326 0.06982581 0.06371267 0.07608703
 0.06414274 0.06219153 0.08266731 0.0683623  0.08097653 0.06809664
 0.06493351 0.07534749 0.08587643 0.07512467 0.0526548  0.07603615
 0.09119991 0.06250538]","[0.09943477 0.08288248 0.07385692 0.07918443 0.09126294 0.07552017
 0.08711577 0.08907789 0.09937    0.07139927 0.0904011  0.09288062
 0.07767591 0.08600075 0.07774943 0.09224642 0.08885784 0.07887941
 0.08794852 0.07757777 0.08835497 0.0846073  0.08890989 0.07730425
 0.09088841 0.0821652  0.08920799 0.0887633  0.09269971 0.09270314
 0.07362219 0.07408279 0.07986979 0.06894297 0.07992711 0.09968379
 0.07752941 0.07095267 0.07910562 0.08700084 0.08825224 0.08076099
 0.07771289 0.08633914 0.08083179 0.07490109 0.06789785 0.08642467
 0.09976095 0.07714213]","[5.36921572e-08 7.45865169e-11 4.80541243e-08 4.29057726e-07
 3.27639552e-12 7.29204183e-07 1.09488645e-07 5.11143949e-11
 3.36155398e-14 3.13759821e-06 2.83005162e-08 9.60873043e-08
 1.16172132e-07 5.37742061e-08 1.63952321e-09 1.01495653e-10
 7.25176728e-10 6.29206727e-09 1.04919524e-10 2.66728740e-07
 6.09621006e-10 6.18503400e-11 8.63419228e-13 1.72809405e-10
 9.04837536e-11 2.76628625e-10 5.80620412e-09 3.47868063e-08
 2.98521276e-10 1.67390405e-09 7.57140284e-09 3.06075870e-10
 9.82790079e-11 6.34841855e-09 1.67972118e-07 1.62244438e-10
 1.34718069e-07 3.62185696e-07 2.44681247e-12 1.42930589e-08
 7.43243492e-12 1.65311545e-08 8.94488586e-08 2.54338955e-10
 2.78731587e-13 2.90980065e-10 2.93063418e-05 1.67364911e-10
 6.31684732e-15 3.09558277e-07]","[1.14862463e-17 2.12067635e-12 6.21025592e-10 2.35308901e-11
 6.03157805e-15 2.29084410e-10 1.17808518e-13 2.93779885e-14
 1.20966431e-17 2.60237694e-09 1.13145208e-14 1.82210559e-15
 6.08447891e-11 2.55807810e-13 5.81167086e-11 2.92061592e-15
 3.43827088e-14 2.85565688e-11 6.55907285e-14 6.46829405e-11
 4.91835191e-14 6.64665924e-13 3.31281010e-14 7.66744681e-11
 7.93372555e-15 3.41147728e-12 2.67641390e-14 3.67821223e-14
 2.08530058e-15 2.07996742e-15 7.13601802e-10 5.43077260e-10
 1.51898801e-11 1.03795497e-08 1.46414727e-11 9.41015001e-18
 6.66601779e-11 3.35874732e-09 2.47394665e-11 1.27670201e-13
 5.29021594e-14 8.54914284e-12 5.94570798e-11 2.02385580e-13
 8.16531761e-12 3.32918231e-10 1.84253145e-08 1.90723584e-13
 8.84551055e-18 8.47825769e-11]","[0.00191462 0.00300801 0.00200427 0.00184166 0.0029552  0.00179672
 0.00276291 0.0034883  0.00255156 0.00141299 0.00234413 0.00174618
 0.00221777 0.00242662 0.00311494 0.00381219 0.00299227 0.0027535
 0.00199234 0.00199962 0.00324118 0.00168037 0.00263405 0.00276315
 0.00266588 0.00391865 0.00182557 0.00195575 0.00313687 0.00223613
 0.00204802 0.00284076 0.00240684 0.00223947 0.00219262 0.00281811
 0.00231695 0.0022248  0.00273633 0.00226581 0.00341582 0.00260627
 0.00216079 0.00230956 0.00321412 0.00379753 0.00141335 0.0018698
 0.00519192 0.00249851]","[0.00407588 0.00337183 0.00282168 0.00277722 0.00385439 0.00308752
 0.0035696  0.00448549 0.0033468  0.00166655 0.0034219  0.00263262
 0.0033921  0.00400567 0.0033356  0.00480366 0.00420904 0.00356483
 0.00280046 0.00326598 0.00419486 0.00254416 0.00348473 0.00359333
 0.00407898 0.00484669 0.00317729 0.00336277 0.00436938 0.00336158
 0.002823   0.00357652 0.00332034 0.00208294 0.00293756 0.00381291
 0.0036658  0.0025084  0.00361323 0.00361538 0.00462878 0.00321639
 0.00317359 0.00375164 0.0036937  0.00422895 0.00195491 0.00298607
 0.0071826  0.00273538]","[0.03114615 0.03927203 0.03319741 0.03020513 0.03786462 0.03073592
 0.03768731 0.04014549 0.03461374 0.02789992 0.03434505 0.03010633
 0.03382337 0.03371639 0.03859135 0.04372924 0.03872397 0.03643075
 0.03234781 0.03207094 0.03858146 0.03022108 0.03676446 0.03684303
 0.03558412 0.04303776 0.03026912 0.03186658 0.0383115  0.03345374
 0.03220119 0.03683107 0.03387368 0.03330123 0.03361471 0.03704959
 0.03442099 0.03328591 0.03631466 0.03378683 0.04007516 0.0362527
 0.03304895 0.03454043 0.03845336 0.0415889  0.02748844 0.03076474
 0.04783684 0.03577282]","[0.04464871 0.04198303 0.0379762  0.03711145 0.04301983 0.03853465
 0.0414376  0.04591967 0.04015765 0.0287046  0.03968157 0.03489807
 0.04068772 0.04354634 0.04016379 0.04850331 0.04487998 0.0411891
 0.03725098 0.04209098 0.04511521 0.03513488 0.04033748 0.04156476
 0.04349687 0.0483655  0.03837434 0.04070174 0.04595909 0.03868557
 0.03720016 0.0424843  0.04008961 0.03385652 0.0374057  0.04327835
 0.04170583 0.03584995 0.0426529  0.04108319 0.04667759 0.03975966
 0.03960296 0.04308746 0.04264936 0.04533453 0.03133221 0.03843662
 0.05856464 0.03665103]",0.14103237981928682,0.005810847913002547,0.16610616854527538,0.01068519653771446,0.13168666811228044,0.003990375108553625,0.12507717089552822,0.007412487590098722,0.0005233476096027576,1.1915679297806726e-05,0.0006229750853847798,5.925071176094268e-06,0.07173541563272477,0.08371334976196289,0.008107622188691073,0.00823005701037363,0.002555215358734131,0.003500213623046875,0.0007151181229931801,0.0008700166416324913,0.03524175945864981,0.040956465098548694,0.004096141261759498,0.004765336955510146
df3,0.7000000000000001,1.0,0.0,0.0,1.6,0.7000000000000001,1.0,"[0.48382277 0.0416213  0.31007573 0.25747545 0.16077182 0.53390728
 0.04542867 0.06383124 0.0539576  0.27423335 0.06932183 0.16077182
 0.01100057 0.77002924 0.02646763 0.09546732 0.139232   0.24148215
 0.18488568 0.02903392 0.08825991 0.139232   0.00725489 0.27423335
 0.19796045 0.01487416 0.69212796 0.71851426 0.0539576  0.06932183
 0.43609338 0.139232   0.48382277 0.04542867 0.02646763 0.00585634
 0.01641475 0.03483221 0.00300719 0.03809482 0.0416213  0.32916807
 0.04953464 0.08825991 0.55967522 0.01809676 0.16077182 0.29176485
 0.10315938 0.53390728]","[1.10005675e-02 1.67865304e-03 2.41040115e-02 3.36894521e-03
 3.73964604e-04 1.45688880e-04 6.26876255e-04 7.11507895e-04
 8.81579698e-07 1.34646549e-02 1.91681353e-04 8.06755085e-04
 2.99835482e-05 3.77043497e-03 7.51402754e-06 1.67194217e-04
 1.67194217e-04 8.95145539e-03 3.77043497e-03 1.67194217e-04
 2.99835482e-05 1.16899447e-03 1.81007354e-07 1.67194217e-04
 9.58129418e-05 7.20954134e-05 6.52148041e-03 2.41040115e-02
 1.02917236e-05 5.85633896e-03 2.38884447e-03 3.73964604e-04
 6.52148041e-03 8.79830246e-06 1.73569175e-06 7.20954134e-05
 2.42077577e-06 8.79830246e-06 1.90755446e-05 1.20265345e-05
 2.87103585e-04 6.52148041e-03 2.99835482e-05 4.85152370e-04
 5.85633896e-03 2.19534247e-04 5.40313022e-05 2.38884447e-03
 6.26876255e-04 6.24445815e-05]","[0.48382277 0.0416213  0.31007573 0.25747545 0.16077182 0.53390728
 0.04542867 0.06383124 0.0539576  0.27423335 0.06932183 0.16077182
 0.01100057 0.77002924 0.02646763 0.09546732 0.139232   0.24148215
 0.18488568 0.02903392 0.08825991 0.139232   0.00725489 0.27423335
 0.19796045 0.01487416 0.69212796 0.71851426 0.0539576  0.06932183
 0.43609338 0.139232   0.48382277 0.04542867 0.02646763 0.00585634
 0.01641475 0.03483221 0.00300719 0.03809482 0.0416213  0.32916807
 0.04953464 0.08825991 0.55967522 0.01809676 0.16077182 0.29176485
 0.10315938 0.53390728]","[1.10005675e-02 1.67865304e-03 2.41040115e-02 3.36894521e-03
 3.73964604e-04 1.45688880e-04 6.26876255e-04 7.11507895e-04
 8.81579698e-07 1.34646549e-02 1.91681353e-04 8.06755085e-04
 2.99835482e-05 3.77043497e-03 7.51402754e-06 1.67194217e-04
 1.67194217e-04 8.95145539e-03 3.77043497e-03 1.67194217e-04
 2.99835482e-05 1.16899447e-03 1.81007354e-07 1.67194217e-04
 9.58129418e-05 7.20954134e-05 6.52148041e-03 2.41040115e-02
 1.02917236e-05 5.85633896e-03 2.38884447e-03 3.73964604e-04
 6.52148041e-03 8.79830246e-06 1.73569175e-06 7.20954134e-05
 2.42077577e-06 8.79830246e-06 1.90755446e-05 1.20265345e-05
 2.87103585e-04 6.52148041e-03 2.99835482e-05 4.85152370e-04
 5.85633896e-03 2.19534247e-04 5.40313022e-05 2.38884447e-03
 6.26876255e-04 6.24445815e-05]","[0.41042591 0.04199723 0.23490534 0.2966996  0.13890926 0.34789897
 0.01987353 0.14631758 0.08239994 0.32017162 0.06230338 0.11326124
 0.01037228 0.66532675 0.02077304 0.10064571 0.13097353 0.15390082
 0.20474267 0.03023216 0.06572538 0.20593697 0.02157853 0.39848555
 0.2031853  0.02832304 0.65520666 0.56967056 0.06568269 0.12974082
 0.16455768 0.12318777 0.61439517 0.00995331 0.01017093 0.01175893
 0.00698069 0.02177388 0.02561535 0.06915664 0.0842128  0.23496803
 0.0385549  0.12645041 0.4051603  0.0319174  0.11653267 0.17611219
 0.15215652 0.21633003]","[1.04210306e-03 6.51971930e-04 1.70554178e-02 1.12305633e-03
 8.69864747e-04 3.87460974e-04 5.08561417e-04 3.56776136e-03
 9.74144573e-06 6.41426456e-03 4.96919074e-05 1.12191745e-04
 1.17069553e-04 1.17349434e-03 1.85465818e-06 1.25057436e-04
 4.42101347e-04 6.50871543e-03 1.46804536e-03 2.75572740e-04
 3.55341705e-04 5.39276099e-03 3.71083242e-06 5.57148448e-04
 7.83827720e-05 6.79836784e-05 6.64517980e-04 7.12023193e-03
 4.58788019e-05 6.52645663e-03 1.08117816e-03 3.58608304e-04
 3.37691484e-03 2.96239360e-05 2.49479090e-06 8.96731664e-05
 1.93837676e-07 2.58719495e-06 9.63078682e-05 6.17285954e-06
 1.66710221e-04 7.57462999e-04 9.29081998e-05 1.18288448e-04
 4.56379624e-03 2.46731468e-05 1.39719915e-05 2.51072134e-04
 8.85084677e-05 1.09829624e-05]","[1.99171729e-03 1.14399217e-04 8.37439638e-04 1.04610464e-03
 2.89507396e-04 1.07454702e-03 6.35361383e-05 7.72885659e-04
 1.21301912e-04 1.34405908e-03 9.05761846e-05 3.44812991e-04
 1.00000000e-05 2.50000000e-03 6.87346589e-05 2.46008014e-04
 4.40683518e-04 5.00510277e-04 6.12485871e-04 6.64699370e-05
 1.71407884e-04 6.84889195e-04 1.83448723e-05 1.92356947e-03
 6.17279205e-04 6.42811176e-05 2.50000000e-03 2.50000000e-03
 1.34353800e-04 1.98074404e-03 6.34312310e-04 3.93577660e-04
 2.50000000e-03 3.18980309e-05 2.24497870e-05 1.00000000e-05
 2.99544143e-05 2.77549504e-05 2.88386880e-05 1.26050510e-04
 1.50189333e-04 8.46933520e-04 6.29568055e-05 3.86518287e-04
 1.61873817e-03 3.52873763e-05 2.02214654e-04 8.64016854e-04
 3.11673945e-04 1.01323899e-03]","[1.00000000e-05 1.00000000e-05 3.35642866e-05 1.00000000e-05
 1.00000000e-05 1.00000000e-05 1.00000000e-05 1.00000000e-05
 1.00000000e-05 1.00000000e-05 1.00000000e-05 1.00000000e-05
 1.00000000e-05 1.00000000e-05 1.00000000e-05 1.00000000e-05
 1.00000000e-05 1.00000000e-05 1.00000000e-05 1.00000000e-05
 1.00000000e-05 1.00000000e-05 1.00000000e-05 1.00000000e-05
 1.00000000e-05 1.00000000e-05 1.00000000e-05 1.00000000e-05
 1.00000000e-05 1.00000000e-05 1.00000000e-05 1.00000000e-05
 1.00000000e-05 1.00000000e-05 1.00000000e-05 1.00000000e-05
 1.00000000e-05 1.00000000e-05 1.00000000e-05 1.00000000e-05
 1.00000000e-05 1.00000000e-05 1.00000000e-05 1.00000000e-05
 1.00000000e-05 1.00000000e-05 1.00000000e-05 1.00000000e-05
 1.00000000e-05 1.00000000e-05]","[0.07288848 0.07565818 0.08623067 0.06109186 0.0732232  0.07099104
 0.09133418 0.06229087 0.07975028 0.07746974 0.06943837 0.08862708
 0.06933333 0.0697691  0.07260099 0.06215702 0.06579199 0.07046921
 0.06767019 0.0686045  0.07189385 0.08014019 0.075547   0.06010067
 0.08363754 0.06931194 0.05781083 0.07207176 0.07385695 0.08888783
 0.08192074 0.07568648 0.06922415 0.06829666 0.0736318  0.07190109
 0.07319358 0.06950744 0.080199   0.07324595 0.08198911 0.07152444
 0.08366617 0.0665398  0.06466143 0.08642779 0.07144912 0.07197554
 0.07208964 0.06239473]","[0.08656669 0.09191644 0.09314269 0.08168031 0.0965964  0.08283524
 0.09671007 0.07654979 0.1021521  0.08953054 0.07394387 0.0898418
 0.07488448 0.08079958 0.07765941 0.0949523  0.08280124 0.0756489
 0.09127473 0.07720127 0.07349976 0.0954722  0.08159575 0.08432939
 0.09849231 0.0931411  0.07965231 0.09160233 0.0876908  0.09699737
 0.09742451 0.08862611 0.0765191  0.08347698 0.07057308 0.08003887
 0.07381305 0.06827827 0.0928528  0.09057678 0.10230891 0.0855506
 0.08619599 0.08470009 0.08639874 0.07026216 0.08621725 0.08504761
 0.08474065 0.07758739]","[1.09858780e-09 2.10679851e-10 2.18190646e-13 6.23927350e-07
 9.02790477e-10 3.28613428e-09 5.72439748e-15 3.44655188e-07
 1.63990542e-11 6.91818139e-11 7.88319890e-09 4.05320571e-14
 8.35807782e-09 6.55335100e-09 1.29939755e-09 3.68474592e-07
 5.70191593e-08 4.41920056e-09 2.08545686e-08 1.25116282e-08
 1.95813993e-09 1.27675872e-11 2.25387158e-10 1.01022688e-06
 1.27992364e-12 8.45815081e-09 2.98396577e-06 1.76684690e-09
 6.21014926e-10 3.36540967e-14 4.00773833e-12 2.07087688e-10
 8.88118343e-09 1.48169835e-08 7.09557447e-10 1.94997579e-09
 9.18640832e-10 7.58536099e-09 1.22931779e-11 8.90795175e-10
 3.83138493e-12 2.42208374e-09 1.25553251e-12 3.83332582e-08
 1.03041956e-07 1.90310205e-13 2.52904970e-09 1.86792354e-09
 1.74866333e-09 3.27206326e-07]","[1.72800604e-13 3.72844582e-15 1.49792468e-15 4.69351763e-12
 1.07557532e-16 2.18841109e-12 9.84650210e-17 1.22187496e-10
 1.26932107e-18 2.12304211e-14 5.89804508e-10 1.69645127e-14
 3.36258994e-10 8.33779872e-12 6.14740754e-11 3.81405500e-16
 2.23847061e-12 2.11869738e-10 5.97964563e-15 8.17316531e-11
 7.67101013e-10 2.56196435e-16 4.96105832e-12 8.02589198e-13
 2.43158334e-17 1.49970847e-15 1.74602513e-11 4.70031959e-15
 7.86708461e-14 7.87271036e-17 5.63821109e-17 4.05600603e-14
 1.24513813e-10 1.42554834e-12 4.16687499e-09 1.36272507e-11
 6.37387995e-10 1.49670502e-08 1.86033255e-15 9.95765669e-15
 1.11577172e-18 3.48837920e-13 2.23494526e-13 6.24024566e-13
 1.94187778e-13 4.96739124e-09 2.20228291e-13 4.92382919e-13
 6.07031884e-13 6.42962829e-11]","[0.00327122 0.0034281  0.00467968 0.00251698 0.00268137 0.00329578
 0.00257194 0.00209928 0.00237489 0.00333261 0.00253189 0.00339782
 0.00211012 0.00295794 0.0031029  0.00166321 0.00305808 0.00293219
 0.0026269  0.00186288 0.00405848 0.0030365  0.00332296 0.00243688
 0.00348926 0.00318825 0.00131178 0.00264955 0.00321758 0.00290203
 0.00224793 0.00297701 0.00173283 0.00224543 0.00219321 0.00239384
 0.00340104 0.00273943 0.00242269 0.00243139 0.00369596 0.0022856
 0.0066098  0.0027833  0.00180042 0.0024364  0.00245154 0.00357902
 0.00276446 0.00152981]","[0.00375414 0.00483775 0.00619423 0.0036273  0.00452018 0.00368011
 0.00406563 0.00323832 0.00429356 0.00404072 0.0032357  0.00436103
 0.0032109  0.00329053 0.00355899 0.00261796 0.00450921 0.0038538
 0.00431919 0.00246108 0.00497115 0.00484765 0.00458646 0.00353324
 0.00478864 0.00437343 0.00220513 0.00371218 0.00425828 0.00369096
 0.00301397 0.00364935 0.00288177 0.00348401 0.00280821 0.00333762
 0.00382364 0.00366652 0.00343049 0.00358593 0.00447917 0.00336409
 0.00759661 0.00355482 0.00242555 0.00255728 0.00320005 0.00458324
 0.00358415 0.00235856]","[0.03933359 0.0401362  0.04571274 0.03441749 0.03725111 0.03960183
 0.03509891 0.03286674 0.03474802 0.03955444 0.03553686 0.03929092
 0.03247155 0.03721074 0.037432   0.03043829 0.03892124 0.03811611
 0.03561138 0.02963243 0.04402632 0.03886931 0.04009541 0.0343067
 0.04025896 0.03866176 0.02649912 0.0358185  0.03894611 0.03703036
 0.03321754 0.03782432 0.03101092 0.03299522 0.03208479 0.03411224
 0.03997663 0.03612053 0.03388714 0.03288466 0.04139654 0.0339428
 0.05528288 0.03703168 0.03059271 0.03557362 0.03404181 0.04122472
 0.03564999 0.02818357]","[0.04187024 0.04796426 0.05588973 0.04158124 0.04781533 0.04143471
 0.04385537 0.03990214 0.04514876 0.04355466 0.0406349  0.04579856
 0.03972173 0.03991617 0.04209529 0.03560794 0.04650963 0.0429548
 0.04591163 0.03481453 0.05055451 0.04753803 0.04777112 0.0412032
 0.04632279 0.04519327 0.03180265 0.04243655 0.04549698 0.04065229
 0.03851753 0.0424486  0.03919895 0.04157668 0.03764583 0.04026592
 0.04293835 0.04242116 0.04079735 0.04149103 0.04572004 0.04009096
 0.06073063 0.04057552 0.03582546 0.03565778 0.03865908 0.04732975
 0.04232277 0.03367996]",0.19227525462520176,0.002749460148289796,0.20829732989603064,0.005384821589660154,0.1703122329266162,0.0014769708345646238,0.17477863745266892,0.0030079655923494013,0.0006485450663012159,1.0471285732895354e-05,0.0007686673834036208,3.332493376067765e-06,0.07316347005605697,0.08540700189828872,0.007796126640159701,0.008651492350987704,0.002816603183746338,0.0038004493713378906,0.0008559302441046378,0.0009604628045297526,0.03649858965505449,0.042596927540282596,0.004744737072834283,0.005165881316701748
df3,0.75,1.0,0.0,0.0,1.6,0.75,1.0,"[1.29372179e-01 3.29168072e-01 4.16212987e-02 1.72496272e-01
 3.18171260e-02 6.93218252e-02 4.16212987e-02 3.80948244e-02
 1.89004559e-03 5.87165796e-02 1.60771824e-01 3.48322136e-02
 3.18171260e-02 4.95346404e-02 1.80967606e-02 1.29372179e-01
 4.13232440e-01 1.29372179e-01 1.67865304e-03 4.16212987e-02
 5.87165796e-02 1.29372179e-01 1.11358879e-01 3.10075730e-01
 2.38884447e-03 1.99311438e-02 1.60771824e-01 3.29168072e-01
 9.92823487e-03 3.69683622e-01 1.21765095e-02 8.82599083e-02
 4.95346404e-02 2.74233349e-01 7.52091658e-02 8.15145929e-02
 3.69683622e-01 1.64147482e-02 2.41482152e-01 4.70847031e-03
 5.25376643e-03 5.51757155e-04 8.06268875e-03 1.84885683e-01
 3.18171260e-02 5.85633896e-03 3.27832948e-04 1.84885683e-01
 2.64676308e-02 8.95145539e-03]","[2.51182002e-04 1.34646549e-02 2.22014992e-05 2.68158880e-03
 1.26822204e-04 4.03308445e-05 1.02917236e-05 1.26822204e-04
 4.70847031e-03 2.99835482e-05 1.89004559e-03 2.99835482e-05
 4.03308445e-05 1.40396435e-05 5.46398884e-06 4.26159664e-04
 1.10005675e-02 3.00718998e-03 4.40608072e-07 3.36269816e-06
 2.87103585e-04 1.32017364e-03 2.51182002e-04 4.16212987e-02
 7.42361542e-07 1.20265345e-05 2.68158880e-03 5.85633896e-03
 6.41076366e-06 1.89004559e-03 8.81579698e-07 1.91681353e-04
 1.02917236e-05 2.38884447e-03 5.51757155e-04 2.51182002e-04
 1.10287908e-04 6.24499263e-07 4.26159664e-04 1.81007354e-07
 1.46749215e-06 1.59199965e-08 2.42077577e-06 6.24445815e-05
 4.67045972e-05 3.95729931e-06 3.09615598e-07 2.51182002e-04
 6.24499263e-07 6.24445815e-05]","[1.29372179e-01 3.29168072e-01 4.16212987e-02 1.72496272e-01
 3.18171260e-02 6.93218252e-02 4.16212987e-02 3.80948244e-02
 1.89004559e-03 5.87165796e-02 1.60771824e-01 3.48322136e-02
 3.18171260e-02 4.95346404e-02 1.80967606e-02 1.29372179e-01
 4.13232440e-01 1.29372179e-01 1.67865304e-03 4.16212987e-02
 5.87165796e-02 1.29372179e-01 1.11358879e-01 3.10075730e-01
 2.38884447e-03 1.99311438e-02 1.60771824e-01 3.29168072e-01
 9.92823487e-03 3.69683622e-01 1.21765095e-02 8.82599083e-02
 4.95346404e-02 2.74233349e-01 7.52091658e-02 8.15145929e-02
 3.69683622e-01 1.64147482e-02 2.41482152e-01 4.70847031e-03
 5.25376643e-03 5.51757155e-04 8.06268875e-03 1.84885683e-01
 3.18171260e-02 5.85633896e-03 3.27832948e-04 1.84885683e-01
 2.64676308e-02 8.95145539e-03]","[2.51182002e-04 1.34646549e-02 2.22014992e-05 2.68158880e-03
 1.26822204e-04 4.03308445e-05 1.02917236e-05 1.26822204e-04
 4.70847031e-03 2.99835482e-05 1.89004559e-03 2.99835482e-05
 4.03308445e-05 1.40396435e-05 5.46398884e-06 4.26159664e-04
 1.10005675e-02 3.00718998e-03 4.40608072e-07 3.36269816e-06
 2.87103585e-04 1.32017364e-03 2.51182002e-04 4.16212987e-02
 7.42361542e-07 1.20265345e-05 2.68158880e-03 5.85633896e-03
 6.41076366e-06 1.89004559e-03 8.81579698e-07 1.91681353e-04
 1.02917236e-05 2.38884447e-03 5.51757155e-04 2.51182002e-04
 1.10287908e-04 6.24499263e-07 4.26159664e-04 1.81007354e-07
 1.46749215e-06 1.59199965e-08 2.42077577e-06 6.24445815e-05
 4.67045972e-05 3.95729931e-06 3.09615598e-07 2.51182002e-04
 6.24499263e-07 6.24445815e-05]","[0.08938835 0.25267218 0.0867965  0.14289664 0.03079387 0.07024622
 0.04720189 0.11635091 0.02842758 0.0322801  0.15734    0.01793111
 0.02794265 0.09242532 0.0441799  0.2566903  0.51798543 0.09398341
 0.02462769 0.02972696 0.06762552 0.27383131 0.15832505 0.19708158
 0.01022987 0.00966372 0.09552913 0.26064695 0.02459424 0.23773299
 0.00855267 0.11962346 0.08169883 0.16487503 0.15402076 0.01457452
 0.25635656 0.01973533 0.1875147  0.0065879  0.00763117 0.00065574
 0.01741276 0.217854   0.0229511  0.00252929 0.00102332 0.12737056
 0.01807824 0.00385166]","[4.56218955e-05 4.39985101e-03 1.14103851e-05 2.22213241e-03
 2.15299910e-05 4.69944600e-05 1.17398728e-06 2.17077210e-04
 3.71681671e-03 3.84041560e-05 1.32485925e-03 1.66382689e-06
 3.92085439e-06 3.01782395e-06 1.15440067e-05 2.64021847e-04
 1.67586518e-03 3.06601778e-03 3.55076537e-07 6.61905331e-07
 5.41684677e-05 1.15571297e-04 7.78180645e-06 2.68315520e-02
 3.03584690e-06 2.05007667e-05 5.52826475e-04 2.19036947e-03
 4.00968796e-05 2.40687799e-03 4.10704053e-07 8.38450812e-05
 1.55070286e-05 2.21981317e-03 6.50465917e-04 7.96210573e-06
 3.03174880e-04 8.37952846e-07 1.69044290e-04 4.02239182e-08
 7.06141669e-07 5.29673505e-09 8.61063576e-07 2.31034011e-04
 1.08657716e-05 1.93986704e-07 3.28402211e-08 2.28237986e-04
 2.42235542e-07 1.60459747e-06]","[2.21071215e-04 1.53207116e-03 9.31518456e-05 3.86833684e-04
 8.20920745e-05 1.07864726e-04 4.15286217e-05 1.80584482e-04
 1.64406783e-04 4.64265353e-05 2.67477005e-04 2.92369070e-05
 7.57208458e-05 2.80887703e-04 4.06864163e-05 7.16455787e-04
 2.50000000e-03 4.34689781e-04 5.12518276e-05 5.92528591e-05
 1.18810193e-04 8.28596810e-04 4.97936548e-04 1.57414106e-03
 1.04794374e-05 1.00000000e-05 2.62233049e-04 1.14995990e-03
 5.00700583e-05 1.91346113e-03 1.23498837e-05 3.12070003e-04
 1.85243585e-04 8.50523452e-04 2.10700170e-04 3.44156054e-05
 1.07468373e-03 2.84089102e-05 4.29205023e-04 1.00000000e-05
 1.00000000e-05 1.00000000e-05 2.35325573e-05 5.90786419e-04
 7.52243189e-05 1.00000000e-05 1.00000000e-05 3.66099542e-04
 1.52109970e-05 1.00000000e-05]","[1.e-05 1.e-05 1.e-05 1.e-05 1.e-05 1.e-05 1.e-05 1.e-05 1.e-05 1.e-05
 1.e-05 1.e-05 1.e-05 1.e-05 1.e-05 1.e-05 1.e-05 1.e-05 1.e-05 1.e-05
 1.e-05 1.e-05 1.e-05 1.e-05 1.e-05 1.e-05 1.e-05 1.e-05 1.e-05 1.e-05
 1.e-05 1.e-05 1.e-05 1.e-05 1.e-05 1.e-05 1.e-05 1.e-05 1.e-05 1.e-05
 1.e-05 1.e-05 1.e-05 1.e-05 1.e-05 1.e-05 1.e-05 1.e-05 1.e-05 1.e-05]","[0.063128   0.07652788 0.07102013 0.08099007 0.05863795 0.07022029
 0.07309841 0.07929171 0.07582274 0.06747395 0.06602372 0.06840466
 0.0672332  0.07496709 0.07581536 0.08069856 0.07480677 0.08604247
 0.08392338 0.07721218 0.07063046 0.07123775 0.07228341 0.08136257
 0.07733994 0.08009823 0.07231185 0.07292321 0.06886896 0.07273412
 0.07328174 0.07881039 0.077352   0.07155848 0.06179055 0.06535267
 0.07463664 0.07772227 0.06348914 0.07203632 0.07706924 0.0865869
 0.06628706 0.07383163 0.06946138 0.0807851  0.07897855 0.07780334
 0.06782177 0.0669788 ]","[0.08370168 0.08748226 0.07323411 0.09306342 0.08030768 0.07550052
 0.07145048 0.10131962 0.09067784 0.0859322  0.08491417 0.08146361
 0.08432675 0.09130619 0.09031734 0.09932802 0.09205667 0.09117129
 0.09262115 0.10090151 0.08950967 0.08382384 0.07245611 0.09870924
 0.0820542  0.09723432 0.07347454 0.08933856 0.09841945 0.09415153
 0.09917808 0.09627916 0.08459806 0.08597121 0.07670595 0.06808477
 0.08539147 0.08107093 0.07032985 0.08100373 0.08841288 0.08835261
 0.08647605 0.07524284 0.08867983 0.08474584 0.09159302 0.08475667
 0.08258414 0.08189504]","[2.26179707e-07 1.23843987e-10 3.23210284e-09 7.36726472e-12
 2.02767362e-06 5.08603288e-09 9.71437134e-10 2.19782010e-11
 1.90618520e-10 2.31962132e-08 5.04419167e-08 1.39646630e-08
 2.64200369e-08 3.19958772e-10 1.91476762e-10 8.90228131e-12
 3.52331793e-10 2.48537439e-13 1.05595424e-12 8.11811649e-11
 4.03356599e-09 2.85446988e-09 1.56295362e-09 5.77884353e-12
 7.49941354e-11 1.31169865e-11 1.53736727e-09 1.07648809e-09
 1.08131646e-08 1.20231277e-09 8.72241226e-10 2.98319669e-11
 7.44344561e-11 2.37519833e-09 4.42127563e-07 7.18480535e-08
 3.90188405e-10 5.91102046e-11 1.88269538e-07 1.80344011e-09
 8.86960458e-11 1.70388878e-13 4.38607566e-08 6.30407152e-10
 7.78275041e-09 8.41648404e-12 2.68174065e-11 5.61926708e-11
 1.92047621e-08 3.02993144e-08]","[1.22591880e-12 9.11054756e-14 8.97014350e-10 1.58946429e-15
 1.14616183e-11 2.31828774e-10 2.52707555e-09 2.50840908e-18
 9.25113940e-15 2.68208866e-13 5.39340173e-13 5.40943120e-12
 8.04027139e-13 5.84321746e-15 1.20240621e-14 1.25091962e-17
 3.36129589e-15 6.45071345e-15 2.21093696e-15 3.52418767e-18
 2.15516105e-14 1.12919462e-12 1.41375801e-09 2.04737495e-17
 3.67058185e-12 6.54296015e-17 7.78600785e-10 2.43711802e-14
 2.57596063e-17 7.00979010e-16 1.40993412e-17 1.37549526e-16
 6.68852137e-13 2.61080406e-13 1.10994243e-10 1.66387422e-08
 3.89109165e-13 6.98964697e-12 4.78124510e-09 7.30211150e-12
 4.72020085e-14 4.92659494e-14 1.84038060e-13 2.70947623e-10
 3.90373131e-14 6.04891114e-13 4.73261718e-15 6.00449904e-13
 2.58566174e-12 4.07607362e-12]","[0.00212753 0.00296617 0.00236285 0.00303471 0.00213361 0.00334263
 0.00224984 0.00287807 0.0028733  0.00277674 0.00352681 0.00218272
 0.00272989 0.00268519 0.003093   0.00304365 0.00170815 0.00461519
 0.0038203  0.00282145 0.00348103 0.00218248 0.00230896 0.00249159
 0.00289261 0.00267029 0.00204575 0.00296843 0.00262034 0.00205374
 0.00236785 0.00247943 0.00349045 0.00231719 0.00321209 0.00166452
 0.00266612 0.00321126 0.00145173 0.00271034 0.00194216 0.00381255
 0.00328779 0.00201499 0.00249827 0.00241613 0.00442564 0.00234759
 0.00282121 0.00176167]","[0.00332022 0.00358796 0.00404167 0.00387406 0.0035851  0.00452912
 0.002514   0.00426877 0.00352573 0.00360477 0.00426853 0.00285268
 0.00324833 0.00379992 0.0044167  0.00427806 0.00269878 0.0060631
 0.00486314 0.00378704 0.00382864 0.00290382 0.00302958 0.00391138
 0.00368404 0.00365257 0.00247085 0.00417554 0.0044322  0.00318062
 0.00373018 0.00353754 0.00431204 0.00386918 0.00414169 0.00190771
 0.0037483  0.00395966 0.00247431 0.00357771 0.00312901 0.00466168
 0.00415182 0.00286341 0.00355852 0.00330019 0.00539279 0.00374281
 0.00386322 0.00244069]","[0.03226588 0.03825045 0.03353372 0.03824464 0.03354138 0.04022434
 0.03253787 0.0381148  0.03797364 0.03696222 0.04147655 0.03380975
 0.0373476  0.03612839 0.03873946 0.03833593 0.02939607 0.04572776
 0.04369156 0.03616882 0.04073706 0.0334271  0.03426454 0.03469369
 0.03702972 0.035886   0.03237675 0.03886479 0.03558793 0.03262913
 0.03473643 0.03524761 0.04139301 0.03407951 0.03957974 0.03013484
 0.03641094 0.03944745 0.02792534 0.03631508 0.03087185 0.04156051
 0.03959232 0.0324427  0.03443387 0.03376441 0.04455521 0.03610541
 0.0365905  0.03079177]","[0.03985611 0.04184277 0.04431199 0.04322258 0.04203633 0.04723546
 0.03586134 0.04467145 0.04060915 0.04224764 0.04502878 0.03709101
 0.03992508 0.04116978 0.04499299 0.04451279 0.03604519 0.05413557
 0.04886448 0.04126955 0.04277571 0.0385102  0.03896016 0.04380679
 0.04273423 0.04186606 0.03385131 0.0454208  0.04569475 0.03894803
 0.04312576 0.04202513 0.04610735 0.04320062 0.04552356 0.03087669
 0.04299044 0.04418519 0.03545836 0.04122742 0.03903367 0.04647486
 0.04428705 0.0393732  0.04097615 0.03883199 0.05118122 0.04510063
 0.0427877  0.0345115 ]",0.10192242126359094,0.0019234061145870262,0.11517489200802168,0.006300716661429203,0.09856089959908086,0.0010644121201137358,0.10446219083445143,0.0038650217994077945,0.0003599166528525685,1e-05,0.0005437789663764939,0.0,0.0734552594614029,0.08623200218319893,0.006238822135278843,0.008428073951050332,0.0027117204666137697,0.0036951875686645507,0.0006644773789150661,0.0007660191409884348,0.03627892039233782,0.04209553112345245,0.003877059906366411,0.004294235944210299
df3,0.8,1.0,0.0,0.0,1.6,0.8,1.0,"[3.49039701e-01 1.32017364e-03 1.60771824e-01 3.29168072e-01
 3.18171260e-02 1.60771824e-01 1.80967606e-02 1.48741570e-02
 2.38884447e-03 4.83822766e-01 6.93218252e-02 1.21765095e-02
 2.26241661e-01 7.94826541e-01 3.48322136e-02 8.82599083e-02
 8.15145929e-02 2.12592488e-03 1.97960446e-01 9.92823487e-03
 1.03159376e-01 3.80948244e-02 2.26241661e-01 4.13232440e-01
 2.12592488e-03 4.13232440e-01 8.15145929e-02 2.11739817e-01
 1.10005675e-02 2.19294824e-02 2.41040115e-02 1.72496272e-01
 7.52091658e-02 1.10005675e-02 1.11358879e-01 1.10005675e-02
 4.54286666e-02 2.26241661e-01 2.11739817e-01 2.11739817e-01
 2.19294824e-02 5.85633896e-03 2.85456402e-06 2.74233349e-01
 4.54286666e-02 1.34646549e-02 1.29372179e-01 1.34646549e-02
 1.16899447e-03 1.21765095e-02]","[1.16899447e-03 1.81007354e-07 4.85152370e-04 4.70847031e-03
 1.90755446e-05 3.47919250e-05 1.02917236e-05 2.85456402e-06
 4.40608072e-07 5.51757155e-04 1.02917236e-05 4.65235514e-06
 2.19534247e-04 6.52148041e-03 5.40313022e-05 1.91681353e-04
 2.51182002e-04 8.81579698e-07 3.73964604e-04 2.85456402e-06
 3.36269816e-06 3.95729931e-06 3.73964604e-04 8.06268875e-03
 3.36269816e-06 1.99311438e-02 6.24445815e-05 2.12592488e-03
 8.81579698e-07 7.51402754e-06 3.73964604e-04 1.48940867e-03
 1.32017364e-03 1.29372179e-01 1.67194217e-04 6.24499263e-07
 1.20265345e-05 1.16899447e-03 1.10005675e-02 6.52148041e-03
 4.65235514e-06 7.51402754e-06 9.43717929e-13 8.06755085e-04
 6.41076366e-06 3.95729931e-06 2.22014992e-05 1.32017364e-03
 2.16691945e-07 2.42077577e-06]","[3.49039701e-01 1.32017364e-03 1.60771824e-01 3.29168072e-01
 3.18171260e-02 1.60771824e-01 1.80967606e-02 1.48741570e-02
 2.38884447e-03 4.83822766e-01 6.93218252e-02 1.21765095e-02
 2.26241661e-01 7.94826541e-01 3.48322136e-02 8.82599083e-02
 8.15145929e-02 2.12592488e-03 1.97960446e-01 9.92823487e-03
 1.03159376e-01 3.80948244e-02 2.26241661e-01 4.13232440e-01
 2.12592488e-03 4.13232440e-01 8.15145929e-02 2.11739817e-01
 1.10005675e-02 2.19294824e-02 2.41040115e-02 1.72496272e-01
 7.52091658e-02 1.10005675e-02 1.11358879e-01 1.10005675e-02
 4.54286666e-02 2.26241661e-01 2.11739817e-01 2.11739817e-01
 2.19294824e-02 5.85633896e-03 2.85456402e-06 2.74233349e-01
 4.54286666e-02 1.34646549e-02 1.29372179e-01 1.34646549e-02
 1.16899447e-03 1.21765095e-02]","[1.16899447e-03 1.81007354e-07 4.85152370e-04 4.70847031e-03
 1.90755446e-05 3.47919250e-05 1.02917236e-05 2.85456402e-06
 4.40608072e-07 5.51757155e-04 1.02917236e-05 4.65235514e-06
 2.19534247e-04 6.52148041e-03 5.40313022e-05 1.91681353e-04
 2.51182002e-04 8.81579698e-07 3.73964604e-04 2.85456402e-06
 3.36269816e-06 3.95729931e-06 3.73964604e-04 8.06268875e-03
 3.36269816e-06 1.99311438e-02 6.24445815e-05 2.12592488e-03
 8.81579698e-07 7.51402754e-06 3.73964604e-04 1.48940867e-03
 1.32017364e-03 1.29372179e-01 1.67194217e-04 6.24499263e-07
 1.20265345e-05 1.16899447e-03 1.10005675e-02 6.52148041e-03
 4.65235514e-06 7.51402754e-06 9.43717929e-13 8.06755085e-04
 6.41076366e-06 3.95729931e-06 2.22014992e-05 1.32017364e-03
 2.16691945e-07 2.42077577e-06]","[1.71398668e-01 4.90352452e-03 1.69061439e-01 1.95547083e-01
 1.12058857e-01 1.35910993e-01 1.72368970e-02 1.07602538e-02
 1.40847686e-02 3.77894534e-01 8.56335795e-02 6.33755064e-02
 1.25770665e-01 5.36372087e-01 5.27220515e-02 4.18002207e-02
 1.78724378e-01 9.64689064e-03 1.47543098e-01 1.76777895e-02
 2.90017414e-02 2.41251653e-02 1.52052507e-01 1.83006006e-01
 2.37513196e-03 3.91909856e-01 1.72912188e-02 1.53136162e-01
 2.66715669e-02 8.93102881e-03 8.70854822e-02 1.90261568e-01
 1.82452272e-01 5.13701172e-02 1.05736993e-01 3.83514664e-02
 7.43442304e-02 2.02575322e-01 2.01643839e-01 1.80238285e-01
 7.96463771e-02 2.78204264e-02 3.64268766e-06 2.86748967e-01
 5.97376954e-02 1.40722239e-02 1.29128503e-01 9.50629813e-03
 3.98901873e-04 2.03398564e-02]","[1.88720830e-03 5.30418021e-09 2.13805274e-04 9.98840144e-04
 2.89790408e-06 8.45845271e-05 4.58151951e-06 1.07672994e-07
 2.20203515e-07 1.31261220e-03 8.26672249e-06 3.79372990e-06
 5.01593628e-04 1.69669900e-03 3.98783719e-05 3.81268034e-04
 8.08355633e-04 2.92899026e-06 5.85930533e-04 1.10031621e-07
 1.57066438e-06 1.26599103e-06 3.15911028e-04 1.21540868e-03
 2.18066034e-07 5.19276689e-03 6.35339181e-06 2.58595981e-04
 1.64247898e-06 3.61305955e-07 1.72918577e-05 2.32639618e-04
 6.46315400e-04 4.16250395e-02 7.32267966e-04 2.72128293e-06
 9.49347226e-06 6.57393645e-05 7.64286235e-03 9.82893468e-04
 8.65695737e-06 9.35752295e-06 1.56688884e-10 8.01174417e-05
 2.31542255e-06 1.50288409e-06 1.73459652e-06 5.47419759e-04
 1.12943984e-08 7.69874969e-08]","[5.15508939e-04 1.00000000e-05 4.91784414e-04 9.95038895e-04
 1.37333249e-04 5.71093131e-04 1.56854422e-05 4.26729051e-05
 1.51983835e-05 1.84124948e-03 1.08977886e-04 1.02948234e-04
 1.85571456e-04 2.50000000e-03 6.42251998e-05 5.23403904e-05
 3.44837601e-04 1.00000000e-05 8.11140314e-04 2.26950379e-05
 2.86255936e-05 2.90508640e-05 6.08826420e-04 7.03556646e-04
 1.00000000e-05 1.79836693e-03 1.62184835e-05 1.23812902e-03
 3.97235703e-05 1.00000000e-05 1.07903347e-04 4.39649770e-04
 2.67162580e-04 5.79860400e-04 1.19980916e-04 2.31140821e-05
 1.77403895e-04 5.68876311e-04 1.36579124e-03 4.90131963e-04
 2.07275728e-04 2.85015616e-05 1.00000000e-05 5.96184485e-04
 1.45760936e-04 1.87131613e-05 2.36444783e-04 4.08621283e-05
 1.00000000e-05 1.87035322e-05]","[1.00000000e-05 1.00000000e-05 1.00000000e-05 1.00000000e-05
 1.00000000e-05 1.00000000e-05 1.00000000e-05 1.00000000e-05
 1.00000000e-05 1.00000000e-05 1.00000000e-05 1.00000000e-05
 1.00000000e-05 1.00000000e-05 1.00000000e-05 1.00000000e-05
 1.00000000e-05 1.00000000e-05 1.00000000e-05 1.00000000e-05
 1.00000000e-05 1.00000000e-05 1.00000000e-05 1.00000000e-05
 1.00000000e-05 1.00000000e-05 1.00000000e-05 1.00000000e-05
 1.00000000e-05 1.00000000e-05 1.00000000e-05 1.00000000e-05
 1.00000000e-05 2.47040748e-05 1.00000000e-05 1.00000000e-05
 1.00000000e-05 1.00000000e-05 1.00000000e-05 1.00000000e-05
 1.00000000e-05 1.00000000e-05 1.00000000e-05 1.00000000e-05
 1.00000000e-05 1.00000000e-05 1.00000000e-05 1.00000000e-05
 1.00000000e-05 1.00000000e-05]","[0.07953166 0.07665798 0.07392271 0.082318   0.07173758 0.07412025
 0.07901206 0.08848464 0.07207645 0.06309907 0.07195357 0.07177905
 0.07843969 0.06895946 0.06853959 0.07505334 0.0642152  0.06863528
 0.08110074 0.08028674 0.07434308 0.07081902 0.07646503 0.07444853
 0.08381139 0.07791819 0.07185415 0.06569828 0.07829809 0.06766502
 0.06799821 0.05361956 0.08064574 0.06393394 0.07345563 0.06651127
 0.07527339 0.06356787 0.08215428 0.08321104 0.07609297 0.07050015
 0.09299946 0.06726324 0.07798306 0.07460374 0.06703839 0.08567331
 0.08587503 0.06635071]","[0.09497946 0.08546851 0.0916909  0.0999217  0.08266933 0.09125464
 0.08381654 0.08333417 0.07699936 0.07734935 0.08695122 0.09760892
 0.08446041 0.07792957 0.08834933 0.08059896 0.07242036 0.08518455
 0.10277304 0.08495842 0.07122134 0.08323433 0.0943484  0.08796032
 0.08084069 0.09480816 0.07013368 0.07868155 0.08997588 0.08200454
 0.08373267 0.07771344 0.09651776 0.08127922 0.09378111 0.08658017
 0.08936316 0.0861081  0.09771962 0.09555522 0.09698335 0.08770191
 0.0867935  0.08048151 0.08256115 0.08198784 0.07648958 0.10131019
 0.07924437 0.07135287]","[1.88599026e-11 1.14321789e-10 5.97257282e-10 3.08397993e-12
 2.14271921e-09 5.31107818e-10 2.62532954e-11 4.48552555e-14
 1.76206028e-09 2.29517417e-07 1.89178234e-09 2.09215156e-09
 3.76983828e-11 1.02852364e-08 1.29666411e-08 3.03765071e-10
 1.29783814e-07 1.23013339e-08 6.85526206e-12 1.16174657e-11
 4.65065570e-10 3.62411944e-09 1.28717167e-10 4.36680678e-10
 1.13869731e-12 5.22993349e-11 2.00351336e-09 5.99088711e-08
 4.12118073e-11 2.09131613e-08 1.74441205e-08 1.94252496e-05
 9.21218963e-12 1.49976507e-07 7.87332307e-10 3.89217485e-08
 2.65992513e-10 1.80863270e-07 3.43614699e-12 1.70332697e-12
 1.61657334e-10 4.34252997e-09 1.66732561e-15 2.59951916e-08
 5.02183590e-11 3.97956126e-10 2.93438772e-08 3.20606666e-13
 2.79002134e-13 4.23998444e-08]","[3.73579563e-16 3.69072435e-13 4.40349136e-15 7.77449229e-18
 2.44353376e-12 6.06841444e-15 1.13475471e-12 1.56866998e-12
 9.26135578e-11 7.45570905e-11 1.32174242e-13 4.87918207e-17
 7.34377564e-13 5.19283745e-11 4.93808480e-14 9.49546323e-12
 1.44345245e-09 4.48374063e-13 7.60893442e-19 5.23300430e-13
 2.88137436e-09 1.67701752e-12 6.03849925e-16 6.50459438e-14
 8.11828128e-12 4.25728367e-16 5.34031847e-09 3.23640612e-11
 1.53983133e-14 3.79263473e-12 1.20064117e-12 5.94369157e-11
 1.14327961e-16 6.10213207e-12 9.27270906e-16 1.71188537e-13
 2.39445491e-14 2.37510349e-13 4.47296627e-17 2.40375772e-16
 7.95924166e-17 7.80574625e-14 1.47554490e-13 1.02449137e-11
 2.62538633e-12 3.83458022e-12 1.26791457e-10 2.52775642e-18
 2.26506434e-11 2.67248560e-09]","[0.00381851 0.00294971 0.00325561 0.00385022 0.00378251 0.00198936
 0.00336576 0.00315368 0.00260448 0.00231397 0.0033797  0.00352836
 0.00225878 0.00246525 0.00278163 0.00296152 0.00151873 0.00307369
 0.0042038  0.00279367 0.00171375 0.00325263 0.00261974 0.00287473
 0.00391936 0.00329173 0.00225711 0.00253499 0.00287592 0.00289631
 0.0020833  0.0021143  0.00265062 0.00251698 0.00268114 0.00302124
 0.00375259 0.00267088 0.00380647 0.00314689 0.00307894 0.00305855
 0.00398242 0.00248086 0.00317514 0.00373304 0.00349593 0.00403821
 0.00302339 0.00182283]","[0.00527978 0.00444376 0.0043596  0.00433648 0.00533748 0.00301886
 0.00366676 0.00448358 0.0035007  0.00320911 0.00448167 0.00551176
 0.00337398 0.00272357 0.00377715 0.00370169 0.00246561 0.00437069
 0.00634229 0.0041858  0.00263071 0.00425732 0.00354362 0.00441122
 0.00525904 0.00386322 0.00282884 0.00370359 0.0046227  0.00352037
 0.0024761  0.00283933 0.00402319 0.00312889 0.00429976 0.00409842
 0.00522101 0.00329566 0.00540769 0.00408363 0.00405908 0.00463808
 0.00536227 0.00291753 0.00406468 0.00419295 0.00427735 0.00488234
 0.00410855 0.00267494]","[0.04200304 0.03738592 0.04065128 0.04278459 0.04243515 0.03212274
 0.04100552 0.03828484 0.03543714 0.03404401 0.04057097 0.04097383
 0.03284573 0.03432844 0.03602891 0.03629228 0.02772974 0.03890807
 0.04396833 0.03594687 0.02851272 0.03912411 0.03530409 0.03691736
 0.04286395 0.04064397 0.03372058 0.03529324 0.03751439 0.03744377
 0.03265148 0.0325413  0.03542168 0.03607772 0.03638934 0.03922609
 0.04145888 0.03557671 0.04084545 0.03837744 0.0379351  0.03881444
 0.04304711 0.03606528 0.0388622  0.04183033 0.04062875 0.04410831
 0.03885761 0.03125097]","[0.04918014 0.04592099 0.04622372 0.04581377 0.05082729 0.03891561
 0.04212594 0.04627466 0.0412701  0.03998053 0.04679544 0.05195908
 0.04086826 0.03673975 0.04303211 0.04110545 0.03611609 0.04671753
 0.05477902 0.04469514 0.03608835 0.04526853 0.0407908  0.04502904
 0.05113407 0.04304583 0.03763021 0.04207265 0.04765572 0.04206899
 0.03396355 0.03603018 0.04310885 0.03961869 0.0455367  0.04543958
 0.04885305 0.04004521 0.04901318 0.0458035  0.0430676  0.0470446
 0.05120638 0.0375839  0.04459976 0.04453647 0.04476269 0.04707921
 0.04545102 0.03809142]",0.12417894681391761,0.00397577448786602,0.1586167697733908,0.018434701648174533,0.10796172270300476,0.0013627247905268014,0.11247858708228826,0.005958546374685861,0.00037546238614611537,1.0294081496552215e-05,0.0005436372987686095,2.079470204335588e-06,0.07411989619255065,0.08590368742346766,0.007514798016896393,0.008124587012649731,0.0029723787307739257,0.004025247097015381,0.0006451463882964272,0.0008957120253142186,0.03762103561105237,0.0438192071716182,0.0038449529770087933,0.004666536689662703
df3,0.8500000000000001,1.0,0.0,0.0,1.6,0.8500000000000001,1.0,"[1.10005675e-02 1.34646549e-02 6.26876255e-04 1.10005675e-02
 1.03159376e-01 4.16212987e-02 1.49691056e-01 2.57475452e-01
 2.19294824e-02 2.19294824e-02 1.39231997e-01 1.80967606e-02
 2.57475452e-01 9.54673207e-02 4.95346404e-02 9.54673207e-02
 1.32017364e-03 2.68158880e-03 1.21765095e-02 5.59675216e-01
 9.54673207e-02 3.00718998e-03 2.74233349e-01 1.39231997e-01
 9.54673207e-02 1.48741570e-02 1.21765095e-02 3.80948244e-02
 7.25488863e-03 1.48741570e-02 3.00718998e-03 4.16212987e-02
 1.99311438e-02 1.39231997e-01 1.64147482e-02 1.72496272e-01
 1.84885683e-01 2.90339156e-02 1.03159376e-01 3.10075730e-01
 4.26159664e-04 3.48322136e-02 1.49691056e-01 4.70847031e-03
 8.95145539e-03 1.34646549e-02 1.60771824e-01 1.72496272e-01
 6.93218252e-02 8.15145929e-02]","[1.02917236e-05 2.58137431e-05 4.40608072e-07 2.42077577e-06
 2.99835482e-05 4.67045972e-05 1.67194217e-04 7.11507895e-04
 6.26876255e-04 4.67045972e-05 6.26876255e-04 1.91681353e-04
 6.26876255e-04 1.40396435e-05 2.42077577e-06 1.91681353e-04
 3.69535722e-07 1.07881685e-08 1.04585220e-06 2.51182002e-04
 2.87103585e-04 3.69535722e-07 1.45688880e-04 9.58129418e-05
 1.67194217e-04 8.81579698e-07 1.63732496e-05 1.02917236e-05
 1.04585220e-06 7.25488863e-03 4.00670801e-09 4.03308445e-05
 3.95729931e-06 5.46398884e-06 2.85456402e-06 2.12592488e-03
 4.26159664e-04 1.46749215e-06 1.02917236e-05 1.91681353e-04
 4.89436847e-09 1.23948622e-06 2.38884447e-03 3.36269816e-06
 6.41076366e-06 2.22014992e-05 7.11507895e-04 5.51757155e-04
 2.19294824e-02 1.10287908e-04]","[1.10005675e-02 1.34646549e-02 6.26876255e-04 1.10005675e-02
 1.03159376e-01 4.16212987e-02 1.49691056e-01 2.57475452e-01
 2.19294824e-02 2.19294824e-02 1.39231997e-01 1.80967606e-02
 2.57475452e-01 9.54673207e-02 4.95346404e-02 9.54673207e-02
 1.32017364e-03 2.68158880e-03 1.21765095e-02 5.59675216e-01
 9.54673207e-02 3.00718998e-03 2.74233349e-01 1.39231997e-01
 9.54673207e-02 1.48741570e-02 1.21765095e-02 3.80948244e-02
 7.25488863e-03 1.48741570e-02 3.00718998e-03 4.16212987e-02
 1.99311438e-02 1.39231997e-01 1.64147482e-02 1.72496272e-01
 1.84885683e-01 2.90339156e-02 1.03159376e-01 3.10075730e-01
 4.26159664e-04 3.48322136e-02 1.49691056e-01 4.70847031e-03
 8.95145539e-03 1.34646549e-02 1.60771824e-01 1.72496272e-01
 6.93218252e-02 8.15145929e-02]","[1.02917236e-05 2.58137431e-05 4.40608072e-07 2.42077577e-06
 2.99835482e-05 4.67045972e-05 1.67194217e-04 7.11507895e-04
 6.26876255e-04 4.67045972e-05 6.26876255e-04 1.91681353e-04
 6.26876255e-04 1.40396435e-05 2.42077577e-06 1.91681353e-04
 3.69535722e-07 1.07881685e-08 1.04585220e-06 2.51182002e-04
 2.87103585e-04 3.69535722e-07 1.45688880e-04 9.58129418e-05
 1.67194217e-04 8.81579698e-07 1.63732496e-05 1.02917236e-05
 1.04585220e-06 7.25488863e-03 4.00670801e-09 4.03308445e-05
 3.95729931e-06 5.46398884e-06 2.85456402e-06 2.12592488e-03
 4.26159664e-04 1.46749215e-06 1.02917236e-05 1.91681353e-04
 4.89436847e-09 1.23948622e-06 2.38884447e-03 3.36269816e-06
 6.41076366e-06 2.22014992e-05 7.11507895e-04 5.51757155e-04
 2.19294824e-02 1.10287908e-04]","[0.0311605  0.03115074 0.00625266 0.03143974 0.1032204  0.02453816
 0.06433797 0.13546886 0.02553321 0.04181734 0.0978929  0.06568777
 0.1786845  0.04724991 0.03753986 0.20272441 0.01883204 0.00100342
 0.02213176 0.26531154 0.07555468 0.01070319 0.18687899 0.14402547
 0.22236276 0.02753164 0.04789299 0.03799129 0.02002522 0.0179749
 0.00437573 0.13980144 0.01133057 0.04178543 0.04330819 0.14736456
 0.11525595 0.04446763 0.08529932 0.32665749 0.00399953 0.0678572
 0.09429431 0.04565451 0.02723741 0.04412929 0.13336997 0.13926531
 0.10450445 0.04352255]","[2.89003943e-06 6.99018694e-07 2.78403893e-08 5.43489622e-06
 4.22358181e-05 4.98266668e-06 1.27687001e-04 9.82005623e-05
 8.10333237e-05 3.11578547e-05 3.64508936e-05 1.75996362e-05
 1.44122788e-04 3.12639865e-05 6.51301146e-06 5.82913481e-05
 3.78418813e-06 1.09076207e-08 1.25238650e-07 2.28029826e-05
 1.30005395e-05 2.49424857e-08 9.44849932e-06 2.34177039e-06
 2.26285504e-05 1.74077180e-05 2.28997417e-05 7.93400679e-06
 9.18620249e-06 3.48656452e-02 3.16491382e-08 7.10519781e-05
 7.18014030e-08 4.70482725e-08 4.41079014e-06 2.87527140e-03
 2.33755540e-04 9.29973748e-07 1.19354808e-06 5.80133333e-05
 2.31045172e-08 4.03862881e-06 6.54591252e-05 1.51058048e-05
 6.75950671e-06 1.42637133e-05 2.95351500e-04 9.39679454e-04
 7.81966459e-03 3.43890595e-05]","[5.09989556e-05 3.97093496e-05 1.00000000e-05 4.20868447e-05
 1.45535388e-04 5.34715505e-05 8.31710096e-05 3.04438035e-04
 7.18768939e-05 7.62486848e-05 2.09803830e-04 6.86023707e-05
 8.02282986e-04 1.73950677e-04 1.31244054e-04 4.76779553e-04
 1.00000000e-05 1.00000000e-05 1.38576777e-05 9.85944698e-04
 8.96757486e-05 1.00000000e-05 6.64470319e-04 2.49263035e-04
 3.57528005e-04 1.89611106e-05 3.97795636e-05 5.54760177e-05
 1.02569748e-05 1.95811195e-04 1.00000000e-05 1.55954243e-04
 1.00000000e-05 3.82286007e-05 6.32612607e-05 4.71851703e-04
 1.68663160e-04 2.26887383e-04 1.56494344e-04 8.55969151e-04
 1.00000000e-05 7.02090943e-05 2.80527189e-04 2.09065622e-05
 2.92632179e-05 6.40648379e-05 4.53060827e-04 8.73790720e-04
 4.91520356e-04 4.26134610e-05]","[1.e-05 1.e-05 1.e-05 1.e-05 1.e-05 1.e-05 1.e-05 1.e-05 1.e-05 1.e-05
 1.e-05 1.e-05 1.e-05 1.e-05 1.e-05 1.e-05 1.e-05 1.e-05 1.e-05 1.e-05
 1.e-05 1.e-05 1.e-05 1.e-05 1.e-05 1.e-05 1.e-05 1.e-05 1.e-05 1.e-05
 1.e-05 1.e-05 1.e-05 1.e-05 1.e-05 1.e-05 1.e-05 1.e-05 1.e-05 1.e-05
 1.e-05 1.e-05 1.e-05 1.e-05 1.e-05 1.e-05 1.e-05 1.e-05 1.e-05 1.e-05]","[0.07605875 0.07877289 0.06986213 0.08149097 0.07832346 0.07110582
 0.09021187 0.06745321 0.08308595 0.08051725 0.07134092 0.06202097
 0.0784675  0.07404433 0.07309112 0.0749666  0.07912721 0.08416625
 0.07511208 0.08266546 0.06963106 0.07793351 0.0639425  0.06679818
 0.06758001 0.08302183 0.06807991 0.07306917 0.07434056 0.08813897
 0.09119339 0.07969008 0.08889218 0.06238656 0.082254   0.07816237
 0.06972255 0.07916429 0.06475977 0.05860708 0.0851474  0.08641884
 0.08250268 0.07254974 0.07055406 0.0691668  0.07434387 0.077576
 0.08381191 0.06785885]","[0.09212897 0.0907487  0.08370652 0.08529742 0.09237742 0.075792
 0.10573272 0.08703998 0.10959801 0.08077617 0.08854751 0.08707484
 0.10538411 0.08975682 0.09246504 0.09732126 0.09513934 0.08499551
 0.09788496 0.09188747 0.08616458 0.08311759 0.08128966 0.07720364
 0.09063186 0.09082074 0.08287775 0.08551611 0.08252023 0.09903524
 0.09025366 0.09128219 0.07593478 0.08021113 0.08867857 0.09442758
 0.08621283 0.08399747 0.08753705 0.0715574  0.08592587 0.10353996
 0.10265345 0.09329857 0.08901509 0.07709814 0.09481394 0.08851006
 0.10465092 0.08800598]","[1.65071105e-10 3.05482583e-11 6.22047660e-09 5.31343475e-12
 4.05595799e-11 3.07791174e-09 1.29799922e-14 2.34582286e-08
 1.85173711e-12 1.00108920e-11 2.69083823e-09 3.94313842e-07
 3.70437596e-11 5.55639858e-10 9.75602004e-10 3.20053087e-10
 2.44024364e-11 8.96274596e-13 2.93196211e-10 2.44982209e-12
 7.07945625e-09 5.18004681e-11 1.49319457e-07 3.33841951e-08
 2.19006403e-08 1.93265139e-12 1.66830046e-08 9.88242630e-10
 4.65764362e-10 5.73233945e-14 6.34709725e-15 1.70434403e-11
 3.35497153e-14 3.28548185e-07 3.21722457e-12 4.48792337e-11
 6.72636222e-09 2.38340939e-11 9.79124243e-08 2.05732932e-06
 4.59916857e-13 1.91496215e-13 2.72913445e-12 1.33878002e-09
 4.21200144e-09 9.16858298e-09 4.64845291e-10 6.47543900e-11
 1.13829658e-12 1.88209850e-08]","[3.18616559e-15 8.78540128e-15 1.22193733e-12 4.15025530e-13
 2.65012528e-15 1.94217539e-10 6.35805233e-20 1.24223941e-13
 2.23333922e-21 8.46538126e-12 4.28939270e-14 1.21231339e-13
 8.54875231e-20 1.80374009e-14 2.48314616e-15 6.11287105e-17
 3.30616569e-16 5.10217471e-13 3.92764940e-17 3.80910561e-15
 2.28406760e-13 1.81303653e-12 6.06070959e-12 8.16117253e-11
 9.56627256e-15 8.33555672e-15 2.12737320e-12 3.57201705e-13
 2.69757845e-12 1.57992846e-17 1.25925908e-14 5.94701678e-15
 1.78041951e-10 1.21975480e-11 3.90723967e-14 5.68645910e-16
 2.20903119e-13 1.00448868e-12 8.76629043e-14 2.37666833e-09
 2.69384189e-13 4.02672949e-19 8.39911000e-19 1.33280513e-15
 3.07281171e-14 8.71232242e-11 4.23857353e-16 4.40517966e-14
 1.58827586e-19 6.29800307e-14]","[0.002864   0.003811   0.00268102 0.00275207 0.0028435  0.00256646
 0.00288582 0.00176716 0.00391293 0.0050025  0.00422037 0.00097501
 0.00351274 0.00280499 0.00276506 0.00339246 0.00270557 0.00307024
 0.00247908 0.00296903 0.0026958  0.00307596 0.00195527 0.00234175
 0.00224185 0.00288594 0.00211573 0.0035038  0.00239408 0.00340712
 0.00325859 0.00348568 0.00351834 0.0027802  0.00437248 0.00383389
 0.00244975 0.00360644 0.00262606 0.00115204 0.00379825 0.00355697
 0.00331295 0.00360715 0.00236273 0.00134933 0.00191879 0.00251555
 0.00257075 0.00293159]","[0.00377405 0.00477374 0.00418472 0.00388157 0.00388181 0.00407064
 0.00407279 0.00266123 0.00530565 0.00597215 0.0056982  0.00205624
 0.00480688 0.00421047 0.00391757 0.0043298  0.00442517 0.00396454
 0.00339973 0.0038873  0.00349808 0.00419724 0.00294352 0.00305533
 0.00350606 0.00421679 0.00325632 0.00464487 0.00373149 0.00434518
 0.00500751 0.00524879 0.00425065 0.00381756 0.00559306 0.00486279
 0.00309038 0.00477982 0.00375378 0.00233161 0.00454319 0.00475705
 0.00516999 0.00520456 0.00322723 0.00225818 0.00287199 0.00335181
 0.00373042 0.00386477]","[0.03823177 0.04308533 0.03630369 0.03689557 0.03707634 0.03437087
 0.03824947 0.02943568 0.0436138  0.04873803 0.04433004 0.02401156
 0.03971904 0.03797073 0.03664497 0.04047953 0.03574303 0.03879492
 0.03550377 0.03697788 0.03624684 0.03784928 0.03111963 0.03443749
 0.03417827 0.03720636 0.03289973 0.04117871 0.03485674 0.03942076
 0.03805073 0.04112011 0.04047234 0.03755607 0.04492355 0.04099807
 0.03603513 0.04111606 0.03549647 0.0256745  0.04305941 0.04181892
 0.03950139 0.0410213  0.034873   0.02650383 0.03165359 0.03535482
 0.03578816 0.03758217]","[0.043107   0.04817776 0.0461067  0.04336269 0.04324992 0.04361517
 0.04399916 0.03506711 0.04894855 0.05401495 0.05128574 0.0322462
 0.04774319 0.04502409 0.04263028 0.04564745 0.04596193 0.04500361
 0.04084487 0.04266294 0.04055836 0.04556803 0.03793884 0.03898155
 0.04216431 0.04451252 0.03968923 0.04758897 0.04227492 0.04640669
 0.04907896 0.04906513 0.04554845 0.04315996 0.05173298 0.04889434
 0.03830951 0.04888795 0.04219461 0.0355517  0.04684331 0.04720584
 0.05094865 0.05038545 0.03909547 0.03399452 0.0369203  0.04073061
 0.04206283 0.04297185]",0.08547486767609463,0.0008017401381014097,0.10656859024269821,0.0032408836410618555,0.07772799319449351,0.0009625068538595572,0.07249858263612928,0.005030134282251728,0.0001988898127593022,1e-05,0.0002546143597797582,0.0,0.07578365707159042,0.08940873571634293,0.007819069680581563,0.008346318118807376,0.0029121160507202147,0.004047684669494629,0.0007934313200435743,0.0008933833489037974,0.037283389671010525,0.04395930239607566,0.004770716159758922,0.004828276404462786
df3,0.9,1.0,0.0,0.0,1.6,0.9,1.0,"[3.00718998e-03 4.54286666e-02 3.18171260e-02 7.25488863e-03
 1.84885683e-01 7.25488863e-03 4.21554189e-03 5.85633896e-03
 4.70847031e-03 1.03408932e-03 2.64676308e-02 1.20088801e-01
 8.06268875e-03 3.00718998e-03 8.06268875e-03 2.91764847e-01
 8.06755085e-04 1.29372179e-01 2.12592488e-03 8.15145929e-02
 2.41040115e-02 1.99311438e-02 2.05084189e-06 9.54673207e-02
 2.90339156e-02 1.20088801e-01 1.99311438e-02 8.82599083e-02
 2.90339156e-02 8.15145929e-02 4.54286666e-02 1.11358879e-01
 3.80948244e-02 7.25488863e-03 5.25376643e-03 1.67865304e-03
 9.54673207e-02 4.21554189e-03 2.74233349e-01 2.74233349e-01
 4.95346404e-02 2.64676308e-02 1.60771824e-01 1.10005675e-02
 1.67865304e-03 1.10005675e-02 6.52148041e-03 1.67865304e-03
 8.95145539e-03 3.77043497e-03]","[6.24499263e-07 1.02917236e-05 3.73964604e-04 8.72433497e-08
 1.80967606e-02 1.04585220e-06 2.05084189e-06 1.73569175e-06
 2.16691945e-07 6.02037032e-08 3.27832948e-04 7.11507895e-04
 7.51402754e-06 1.51046944e-07 3.36269816e-06 4.70847031e-03
 1.59199965e-08 4.21554189e-03 3.42511079e-08 8.79830246e-06
 2.99835482e-05 4.40608072e-07 2.71047184e-10 2.51182002e-04
 3.95729931e-06 2.51182002e-04 2.58137431e-05 1.63732496e-05
 9.58129418e-05 1.20265345e-05 1.63732496e-05 1.26822204e-04
 4.67045972e-05 1.25918603e-07 3.09615598e-07 6.24499263e-07
 5.40313022e-05 6.41076366e-06 3.73964604e-04 4.85152370e-04
 6.24445815e-05 1.73569175e-06 3.95729931e-06 3.36269816e-06
 1.04585220e-06 1.73569175e-06 3.95729931e-06 1.81007354e-07
 3.95729931e-06 2.59150246e-07]","[3.00718998e-03 4.54286666e-02 3.18171260e-02 7.25488863e-03
 1.84885683e-01 7.25488863e-03 4.21554189e-03 5.85633896e-03
 4.70847031e-03 1.03408932e-03 2.64676308e-02 1.20088801e-01
 8.06268875e-03 3.00718998e-03 8.06268875e-03 2.91764847e-01
 8.06755085e-04 1.29372179e-01 2.12592488e-03 8.15145929e-02
 2.41040115e-02 1.99311438e-02 2.05084189e-06 9.54673207e-02
 2.90339156e-02 1.20088801e-01 1.99311438e-02 8.82599083e-02
 2.90339156e-02 8.15145929e-02 4.54286666e-02 1.11358879e-01
 3.80948244e-02 7.25488863e-03 5.25376643e-03 1.67865304e-03
 9.54673207e-02 4.21554189e-03 2.74233349e-01 2.74233349e-01
 4.95346404e-02 2.64676308e-02 1.60771824e-01 1.10005675e-02
 1.67865304e-03 1.10005675e-02 6.52148041e-03 1.67865304e-03
 8.95145539e-03 3.77043497e-03]","[6.24499263e-07 1.02917236e-05 3.73964604e-04 8.72433497e-08
 1.80967606e-02 1.04585220e-06 2.05084189e-06 1.73569175e-06
 2.16691945e-07 6.02037032e-08 3.27832948e-04 7.11507895e-04
 7.51402754e-06 1.51046944e-07 3.36269816e-06 4.70847031e-03
 1.59199965e-08 4.21554189e-03 3.42511079e-08 8.79830246e-06
 2.99835482e-05 4.40608072e-07 2.71047184e-10 2.51182002e-04
 3.95729931e-06 2.51182002e-04 2.58137431e-05 1.63732496e-05
 9.58129418e-05 1.20265345e-05 1.63732496e-05 1.26822204e-04
 4.67045972e-05 1.25918603e-07 3.09615598e-07 6.24499263e-07
 5.40313022e-05 6.41076366e-06 3.73964604e-04 4.85152370e-04
 6.24445815e-05 1.73569175e-06 3.95729931e-06 3.36269816e-06
 1.04585220e-06 1.73569175e-06 3.95729931e-06 1.81007354e-07
 3.95729931e-06 2.59150246e-07]","[1.62499890e-02 6.67883397e-02 5.06322642e-02 1.12968745e-02
 2.78649517e-01 8.47399008e-03 3.35499117e-02 7.86397507e-04
 1.31993692e-02 6.03883346e-04 5.65138021e-02 9.97187648e-02
 3.96999703e-02 2.26935675e-02 1.67897641e-02 3.58335640e-01
 1.67526251e-03 1.90980660e-01 1.75488264e-03 8.04753787e-02
 5.26269484e-02 1.05348142e-02 1.07696373e-04 3.96691207e-02
 3.29729691e-02 1.85761937e-01 3.10391845e-02 6.31343692e-02
 1.61738000e-02 5.97275791e-02 5.65984340e-02 9.07917428e-02
 5.78183561e-02 2.12309630e-02 2.18037534e-02 5.10676401e-03
 1.50631359e-01 3.33074543e-02 1.08014612e-01 2.36607002e-01
 8.58493974e-02 6.34679194e-02 2.78677371e-02 4.25315029e-02
 8.59606365e-03 3.16838876e-02 2.21888319e-02 1.13423913e-02
 1.50684483e-02 1.51040014e-02]","[4.17556459e-07 4.69259390e-07 7.46683670e-04 1.78613138e-07
 5.71103364e-03 1.64065040e-07 3.15447870e-06 1.24200465e-08
 1.22181792e-08 4.60265481e-09 1.88558361e-05 1.17402469e-04
 1.10244114e-05 1.11259396e-07 6.34819448e-08 2.44451009e-03
 3.69304631e-09 6.31792990e-04 9.74113123e-10 1.43477611e-06
 3.65273214e-07 9.14693510e-09 4.49168480e-11 2.23698946e-05
 3.66430668e-06 6.56490064e-05 2.36758433e-06 4.80570162e-07
 5.43321866e-06 1.25220778e-06 2.31809920e-05 1.06472737e-04
 1.30637515e-04 1.67736421e-08 4.10788691e-08 2.74525931e-07
 5.41880928e-06 2.50512863e-06 6.16244192e-05 1.47787917e-04
 2.93879393e-06 3.92942551e-07 3.35172556e-07 1.80243690e-06
 4.02730072e-08 1.26261737e-05 1.65018238e-06 2.23669221e-07
 1.94673848e-07 3.13219349e-07]","[1.47170593e-05 8.48998587e-05 9.00466810e-05 1.00000000e-05
 1.09114118e-03 1.40087750e-05 2.24846874e-05 1.00000000e-05
 1.42949879e-05 1.00000000e-05 9.81268488e-05 3.34221042e-04
 3.09246633e-05 1.60416790e-05 1.28455129e-05 1.77024615e-03
 1.00000000e-05 3.96469727e-04 1.00000000e-05 1.73876082e-04
 5.03293357e-05 1.41904285e-05 1.00000000e-05 6.09182702e-05
 4.11607987e-05 6.02900909e-04 1.89357231e-05 1.01069306e-04
 1.89576235e-05 1.53796504e-04 4.72386869e-05 3.08287378e-04
 8.49476423e-05 3.32473414e-05 4.13747738e-05 1.00000000e-05
 2.63011059e-04 1.00000000e-05 1.40944808e-04 6.70020968e-04
 1.56414423e-04 2.18159953e-04 7.12933479e-05 4.44577830e-05
 1.00000000e-05 8.60509268e-05 2.61186144e-05 1.01562581e-05
 1.00000000e-05 1.94237543e-05]","[1.e-05 1.e-05 1.e-05 1.e-05 1.e-05 1.e-05 1.e-05 1.e-05 1.e-05 1.e-05
 1.e-05 1.e-05 1.e-05 1.e-05 1.e-05 1.e-05 1.e-05 1.e-05 1.e-05 1.e-05
 1.e-05 1.e-05 1.e-05 1.e-05 1.e-05 1.e-05 1.e-05 1.e-05 1.e-05 1.e-05
 1.e-05 1.e-05 1.e-05 1.e-05 1.e-05 1.e-05 1.e-05 1.e-05 1.e-05 1.e-05
 1.e-05 1.e-05 1.e-05 1.e-05 1.e-05 1.e-05 1.e-05 1.e-05 1.e-05 1.e-05]","[0.09290467 0.07379765 0.07970795 0.0735115  0.0696264  0.08239634
 0.07162005 0.08308602 0.06736171 0.08009853 0.07264562 0.07487626
 0.07910541 0.07935501 0.07022281 0.06914574 0.08325473 0.05067766
 0.0757245  0.07034217 0.07225732 0.08102948 0.08800044 0.07658458
 0.07350522 0.08225642 0.07663758 0.08081458 0.066763   0.06352045
 0.08126962 0.08485078 0.0745733  0.07118498 0.07674388 0.07848798
 0.06460982 0.07742333 0.0751349  0.06994741 0.06869434 0.07432764
 0.06710731 0.07563688 0.08116894 0.06977506 0.07964917 0.07823639
 0.07790411 0.07249078]","[0.08989231 0.08783785 0.09038012 0.08696321 0.0696908  0.09996551
 0.08918709 0.08858294 0.07766277 0.08065159 0.08067157 0.0821874
 0.10292936 0.08310608 0.078046   0.10025663 0.08825519 0.0725379
 0.08568611 0.09906465 0.09221579 0.0836349  0.08926872 0.08854693
 0.08942518 0.1011376  0.08231339 0.0937829  0.07012133 0.08741965
 0.09746532 0.09169712 0.09797394 0.10577372 0.0870009  0.09823477
 0.09547395 0.10068351 0.09955038 0.08352898 0.08475712 0.09018253
 0.07607028 0.09207578 0.08247405 0.09167223 0.09444394 0.09153783
 0.08815628 0.10059569]","[1.78968592e-15 6.43229985e-10 1.68496094e-11 7.61808702e-10
 7.09792518e-09 2.92823716e-12 2.29263098e-09 1.85165109e-12
 2.46486043e-08 1.31144261e-11 1.26603052e-09 3.37925517e-10
 2.47426739e-11 2.11096786e-11 5.07881504e-09 9.27640275e-09
 1.65429260e-12 6.65011496e-05 2.02357131e-10 4.74812935e-09
 1.58678714e-09 7.18076023e-12 6.32272937e-14 1.19602106e-10
 7.64634631e-10 3.21208534e-12 1.15765552e-10 8.25704486e-12
 3.40195614e-08 1.85289772e-07 6.14048371e-12 5.63162001e-13
 4.05276084e-10 2.94187599e-09 1.08431490e-10 3.65688049e-11
 1.05837670e-07 7.12075061e-11 2.89189361e-10 5.92985381e-09
 1.19074113e-08 4.69370390e-10 2.82751388e-08 2.13421785e-10
 6.55727297e-12 6.53149861e-09 1.74954224e-11 4.28411579e-11
 5.27621189e-11 1.38553154e-09]","[1.63568840e-14 7.09224461e-14 1.14882822e-14 1.31071603e-13
 6.84688595e-09 7.50553516e-18 2.71679852e-14 4.18257618e-14
 6.13456017e-11 9.17735890e-12 9.05933641e-12 3.36186452e-12
 6.68590763e-19 1.82702127e-12 4.82770398e-11 5.93736339e-18
 5.27918353e-14 1.34804186e-09 3.17793643e-13 1.54335326e-17
 2.98770236e-15 1.28219170e-12 2.56235884e-14 4.29113635e-14
 2.29012332e-14 2.90908983e-18 3.09338481e-12 9.26021884e-16
 5.37756712e-09 9.52024528e-14 5.46079570e-17 4.38332520e-15
 3.66189144e-17 6.14007049e-20 1.27664542e-13 2.98091319e-17
 2.55853880e-16 4.20533273e-18 1.04715308e-17 1.37668408e-12
 6.00267085e-13 1.32589397e-14 1.63913483e-10 3.31411252e-15
 2.78139256e-12 4.46446767e-15 5.61627612e-16 4.92877912e-15
 5.66249500e-14 4.51514206e-18]","[0.00334418 0.00365365 0.00219917 0.00216675 0.00316441 0.00369394
 0.00241351 0.00301826 0.00281465 0.00234687 0.00249147 0.00230455
 0.00335836 0.00255096 0.00223708 0.00234425 0.00328207 0.00118232
 0.00251532 0.00270832 0.00240648 0.00276899 0.00371718 0.00252712
 0.00197089 0.00353122 0.00308394 0.00429499 0.0026809  0.00259185
 0.00426531 0.00307405 0.00240493 0.00422871 0.00321603 0.00355113
 0.00352848 0.00310218 0.00257742 0.00357616 0.00257838 0.00377703
 0.00245643 0.00425625 0.00337589 0.0019865  0.00389457 0.00355709
 0.00248384 0.00370812]","[0.00496101 0.00493789 0.00304496 0.00315821 0.00403321 0.00522292
 0.00353742 0.0044167  0.00396883 0.00377882 0.00318694 0.0030756
 0.00493085 0.00346875 0.00293422 0.0030123  0.00460398 0.0018338
 0.00398552 0.00371134 0.00367296 0.00392592 0.00508952 0.00324202
 0.00287068 0.0053643  0.00402224 0.00533724 0.00289261 0.00365031
 0.00578976 0.00427055 0.0038048  0.00564063 0.00444627 0.00440907
 0.004879   0.00422835 0.00343823 0.00492287 0.00315726 0.00526226
 0.00365531 0.00592268 0.00426722 0.0034982  0.00498772 0.00465107
 0.00318503 0.00553465]","[0.03904535 0.04183739 0.03305732 0.03425561 0.03863229 0.04231969
 0.03510952 0.03830396 0.03676646 0.03342948 0.03427639 0.03409991
 0.04052938 0.03515818 0.03246884 0.03459375 0.04013308 0.02671612
 0.0349778  0.03678367 0.03447154 0.03654404 0.04151819 0.03640958
 0.03136502 0.04122448 0.03924551 0.04480253 0.03818905 0.03547636
 0.04500223 0.03847652 0.03443693 0.0442729  0.03916694 0.04187813
 0.04065366 0.03985189 0.03626857 0.04105724 0.0354574  0.04287218
 0.03381547 0.04486901 0.03983972 0.03195977 0.0431793  0.04147423
 0.03543969 0.0423503 ]","[0.04834236 0.04865337 0.03797138 0.03848414 0.04614019 0.04951072
 0.04174771 0.04733138 0.04426551 0.04309111 0.04074911 0.03847003
 0.04829532 0.04272917 0.03921579 0.03842911 0.04730693 0.03196504
 0.04485561 0.04183864 0.04198809 0.04450458 0.05043611 0.03924525
 0.03658377 0.04970528 0.04383383 0.05074997 0.03834457 0.04150175
 0.05246319 0.04499825 0.04275412 0.05106738 0.04759004 0.04533977
 0.04825784 0.04559278 0.04108684 0.04865421 0.03865584 0.04989206
 0.04210764 0.05341607 0.04540494 0.04128191 0.04996565 0.04651853
 0.039845   0.0515529 ]",0.052253962603488545,0.0006069999033277851,0.074320761859152,0.0026737677108696527,0.05892454537686228,0.000205747983876432,0.07448543402056033,0.0008748824373193794,0.00015095503104940242,1e-05,0.0003081126424303467,0.0,0.07520092770099641,0.08921539585709573,0.006993706106848617,0.008514876748060427,0.00297924280166626,0.004116439819335937,0.0006957878630599207,0.0009254933053734701,0.03788125165374527,0.04445461569494321,0.0040645456281371015,0.004814350790536885
df3,0.9500000000000001,1.0,0.0,0.0,1.6,0.9500000000000001,1.0,"[0.08151459 0.02646763 0.17249627 0.00167865 0.00725489 0.00336895
 0.00525377 0.02646763 0.00025118 0.04542867 0.03483221 0.01487416
 0.00071151 0.11135888 0.01217651 0.00806269 0.04542867 0.0002871
 0.08151459 0.01346465 0.02903392 0.00238884 0.0002871  0.00268159
 0.01487416 0.01993114 0.00585634 0.01346465 0.02192948 0.00048515
 0.21173982 0.0539576  0.00725489 0.18488568 0.00238884 0.04542867
 0.00336895 0.03181713 0.17249627 0.00992823 0.00806269 0.04953464
 0.00238884 0.01809676 0.03809482 0.04953464 0.08151459 0.03809482
 0.01487416 0.01809676]","[7.42361542e-07 6.24499263e-07 8.31541824e-05 7.42361542e-07
 2.05084189e-06 6.02037032e-08 8.72433497e-08 1.46749215e-06
 1.51046944e-07 2.19534247e-04 6.24445815e-05 5.24820678e-07
 1.31118659e-08 3.73964604e-04 1.73569175e-06 2.58137431e-05
 4.26159664e-04 3.09615598e-07 5.46398884e-06 1.59199965e-08
 6.41076366e-06 6.24499263e-07 1.42091476e-10 3.09615598e-07
 1.73569175e-06 2.99835482e-05 1.02917236e-05 1.02917236e-05
 1.04585220e-06 2.59150246e-07 8.06755085e-04 1.90755446e-05
 1.46749215e-06 1.89004559e-03 8.81579698e-07 4.03308445e-05
 1.04864874e-07 1.90755446e-05 3.73964604e-04 5.24820678e-07
 3.35473948e-10 2.42077577e-06 2.16691945e-07 2.59150246e-07
 7.51402754e-06 6.24445815e-05 5.40313022e-05 8.31541824e-05
 2.22014992e-05 3.69535722e-07]","[0.08151459 0.02646763 0.17249627 0.00167865 0.00725489 0.00336895
 0.00525377 0.02646763 0.00025118 0.04542867 0.03483221 0.01487416
 0.00071151 0.11135888 0.01217651 0.00806269 0.04542867 0.0002871
 0.08151459 0.01346465 0.02903392 0.00238884 0.0002871  0.00268159
 0.01487416 0.01993114 0.00585634 0.01346465 0.02192948 0.00048515
 0.21173982 0.0539576  0.00725489 0.18488568 0.00238884 0.04542867
 0.00336895 0.03181713 0.17249627 0.00992823 0.00806269 0.04953464
 0.00238884 0.01809676 0.03809482 0.04953464 0.08151459 0.03809482
 0.01487416 0.01809676]","[7.42361542e-07 6.24499263e-07 8.31541824e-05 7.42361542e-07
 2.05084189e-06 6.02037032e-08 8.72433497e-08 1.46749215e-06
 1.51046944e-07 2.19534247e-04 6.24445815e-05 5.24820678e-07
 1.31118659e-08 3.73964604e-04 1.73569175e-06 2.58137431e-05
 4.26159664e-04 3.09615598e-07 5.46398884e-06 1.59199965e-08
 6.41076366e-06 6.24499263e-07 1.42091476e-10 3.09615598e-07
 1.73569175e-06 2.99835482e-05 1.02917236e-05 1.02917236e-05
 1.04585220e-06 2.59150246e-07 8.06755085e-04 1.90755446e-05
 1.46749215e-06 1.89004559e-03 8.81579698e-07 4.03308445e-05
 1.04864874e-07 1.90755446e-05 3.73964604e-04 5.24820678e-07
 3.35473948e-10 2.42077577e-06 2.16691945e-07 2.59150246e-07
 7.51402754e-06 6.24445815e-05 5.40313022e-05 8.31541824e-05
 2.22014992e-05 3.69535722e-07]","[0.08332363 0.04617484 0.1602166  0.01206016 0.03097154 0.00052696
 0.0009774  0.02288182 0.00197112 0.09440448 0.01741271 0.02891096
 0.01048687 0.19390114 0.02118004 0.04592882 0.06281449 0.00378178
 0.16090576 0.00190032 0.0273315  0.02613735 0.00187033 0.00562833
 0.05819378 0.04842932 0.01797535 0.04879504 0.00682641 0.00392012
 0.09374026 0.01469841 0.01880356 0.13301194 0.00233651 0.07492299
 0.01298218 0.07136791 0.22943106 0.02134411 0.00734379 0.05806378
 0.01255092 0.01667112 0.03920148 0.01760877 0.10073766 0.04940224
 0.02178379 0.0085124 ]","[6.38452766e-08 2.93474304e-07 3.34754926e-06 2.71007379e-07
 5.81633736e-06 9.60924118e-10 2.09447459e-10 5.92728434e-08
 4.71421912e-08 6.02870247e-05 5.96105440e-06 1.73295311e-08
 1.01873870e-08 4.10792986e-05 6.72952619e-07 3.67416344e-06
 2.35565739e-05 8.74524675e-09 6.20689720e-07 7.41913198e-10
 3.09536724e-07 6.99714423e-06 1.66464909e-09 9.51583355e-08
 6.52798644e-07 9.83250473e-06 2.35908532e-06 4.09379319e-05
 2.50120591e-08 8.83246942e-09 1.27801968e-04 2.71825780e-06
 9.05892552e-07 5.08335875e-04 1.96329567e-08 8.01045769e-05
 5.32381582e-08 5.85405986e-06 2.64673504e-05 4.30487718e-06
 2.92739277e-10 3.42161671e-07 3.75629249e-08 1.62270353e-08
 2.61198694e-05 3.46812005e-05 5.30214151e-06 3.27119038e-05
 1.26032843e-05 2.39205252e-08]","[9.39502089e-05 6.68118688e-05 4.58988681e-04 1.00000000e-05
 3.12605168e-05 1.00000000e-05 1.00000000e-05 1.00000000e-05
 1.00000000e-05 1.28666498e-04 1.71271652e-05 1.44244842e-05
 1.37257829e-05 2.87533587e-04 2.36167279e-05 3.70266078e-05
 8.29479197e-05 1.00000000e-05 1.57028810e-04 1.00000000e-05
 4.02994121e-05 2.89614155e-05 1.00000000e-05 1.00000000e-05
 9.30397875e-05 6.20929525e-05 1.78177349e-05 3.11295542e-05
 1.00000000e-05 1.00000000e-05 3.08942019e-04 6.95893678e-05
 2.08606919e-05 4.01915307e-04 1.00000000e-05 1.49628733e-04
 1.00000000e-05 1.07620619e-04 2.99379727e-04 3.24001389e-05
 1.08596137e-05 1.46295031e-04 2.21941451e-05 2.17988683e-05
 2.93152490e-05 6.83133143e-05 2.53057437e-04 5.62511206e-05
 1.39914128e-05 1.32902367e-05]","[1.e-05 1.e-05 1.e-05 1.e-05 1.e-05 1.e-05 1.e-05 1.e-05 1.e-05 1.e-05
 1.e-05 1.e-05 1.e-05 1.e-05 1.e-05 1.e-05 1.e-05 1.e-05 1.e-05 1.e-05
 1.e-05 1.e-05 1.e-05 1.e-05 1.e-05 1.e-05 1.e-05 1.e-05 1.e-05 1.e-05
 1.e-05 1.e-05 1.e-05 1.e-05 1.e-05 1.e-05 1.e-05 1.e-05 1.e-05 1.e-05
 1.e-05 1.e-05 1.e-05 1.e-05 1.e-05 1.e-05 1.e-05 1.e-05 1.e-05 1.e-05]","[0.07320228 0.07570662 0.0679393  0.08083021 0.08998888 0.0839136
 0.0803242  0.07780329 0.08018387 0.07921504 0.07404678 0.06592495
 0.07737399 0.07930447 0.08064673 0.0797034  0.07100724 0.09176797
 0.07008765 0.07632915 0.06999391 0.07212117 0.090409   0.07592679
 0.06652897 0.07780014 0.08159552 0.08185375 0.06865424 0.07562901
 0.08121057 0.08485627 0.07901352 0.07710135 0.08133842 0.07548141
 0.070189   0.07834364 0.08660324 0.08309156 0.06336075 0.07206681
 0.07865096 0.07936775 0.07091376 0.08536038 0.08010772 0.07511861
 0.07950056 0.0793495 ]","[0.09646285 0.10060945 0.0836958  0.09837862 0.10233193 0.08149082
 0.09005502 0.08071616 0.0870799  0.09880134 0.07988989 0.08208909
 0.09531085 0.0952125  0.09610731 0.08686088 0.07459837 0.08839798
 0.0913687  0.07813077 0.07721249 0.09198525 0.09075034 0.09013718
 0.09231011 0.09050559 0.09566999 0.09915084 0.08674157 0.08220565
 0.09000231 0.10831022 0.09949373 0.09688839 0.07851993 0.09023668
 0.08671589 0.08658512 0.10269721 0.10421335 0.09145263 0.09169836
 0.0847231  0.08606773 0.07689988 0.09995675 0.10229176 0.08859132
 0.0931284  0.08732596]","[9.13958106e-10 2.04568229e-10 1.80137431e-08 8.17368386e-12
 1.52542037e-14 1.06293449e-12 1.13401311e-11 5.61942736e-11
 1.24135734e-11 2.30772627e-11 5.54830197e-10 5.31498312e-08
 7.34248120e-11 2.18003265e-11 9.20626416e-12 1.68987716e-11
 3.25593083e-09 4.16025950e-15 5.48044808e-09 1.39905619e-10
 5.77700471e-09 1.71704488e-09 1.12498391e-14 1.78910845e-10
 3.85556871e-08 5.63051286e-11 4.96182999e-12 4.18825758e-12
 1.21734713e-08 2.14445166e-10 6.38170962e-12 5.61058272e-13
 2.62291095e-11 8.69506029e-11 5.87074887e-12 2.34530287e-10
 5.17650735e-09 4.00480584e-11 1.68462244e-13 1.84480920e-12
 2.00981812e-07 1.77191794e-09 3.29955864e-11 2.09389386e-11
 3.43397394e-09 3.97494797e-13 1.30371572e-11 2.92044267e-10
 1.92382128e-11 2.11839453e-11]","[1.19302644e-16 4.46515192e-18 1.23077398e-12 2.66054327e-17
 1.09482557e-18 5.31397202e-12 1.45416259e-14 8.80131842e-12
 1.20803586e-13 1.90297434e-17 1.49952971e-11 3.58711198e-12
 2.89940048e-16 3.12619976e-16 1.57098854e-16 1.40779144e-13
 3.99236020e-10 4.77042391e-14 5.58115289e-15 4.57779241e-11
 8.11651117e-11 3.54361076e-15 8.77489179e-15 1.37018934e-14
 2.78588045e-15 1.04870663e-14 2.20079491e-16 1.44089686e-17
 1.52993465e-13 3.32159813e-12 1.51068161e-14 6.90812633e-21
 1.09571642e-17 8.57064144e-17 3.58397266e-11 1.27486111e-14
 1.55755889e-13 1.70600069e-13 8.10098811e-19 2.29392082e-19
 5.24745999e-15 4.37932537e-15 6.14328339e-13 2.44235411e-13
 9.84839080e-11 7.55855042e-18 1.13162038e-18 4.15771450e-14
 1.51402951e-15 1.01674595e-13]","[0.00343406 0.00288415 0.00225472 0.00365782 0.00391436 0.00305498
 0.00249767 0.00307739 0.00406837 0.00358522 0.00280952 0.00278711
 0.00377107 0.00225639 0.00402319 0.00356078 0.00160635 0.00269294
 0.00294816 0.0036037  0.00242901 0.00334013 0.00296748 0.00327969
 0.00242853 0.00344968 0.0035671  0.00346971 0.00334609 0.00297952
 0.00303805 0.00304973 0.0046314  0.00368953 0.00388443 0.00256002
 0.00303113 0.00246692 0.00320828 0.0038172  0.00228512 0.00284779
 0.00255418 0.00329924 0.00248897 0.00534189 0.00402331 0.00435007
 0.00260234 0.00258172]","[0.0050236  0.0041219  0.0033021  0.00558877 0.00520504 0.00392902
 0.00352633 0.00417638 0.00497115 0.00468874 0.00406182 0.00398672
 0.00554979 0.00368726 0.00507879 0.00435448 0.00249898 0.00390542
 0.00388539 0.00447619 0.00391567 0.00435734 0.0042001  0.00468206
 0.00368869 0.00471032 0.00478125 0.0046587  0.00421929 0.00395858
 0.00335276 0.00440741 0.00576925 0.00474513 0.0050658  0.00389493
 0.00360453 0.00402844 0.0042994  0.00489235 0.00342441 0.00437856
 0.00386512 0.00488603 0.00358558 0.00589061 0.00479853 0.00504637
 0.00308502 0.00470304]","[0.03985412 0.03831863 0.03378926 0.04140615 0.0427755  0.03697237
 0.03512135 0.03800478 0.04505619 0.04291065 0.03713919 0.0369328
 0.04301738 0.03324413 0.04424513 0.04132817 0.02921781 0.03567872
 0.03779984 0.04250365 0.03421895 0.04006715 0.03673524 0.03942449
 0.03429481 0.04133875 0.04166184 0.04095192 0.0396435  0.03769555
 0.03837719 0.03911456 0.04687395 0.04081196 0.042554   0.03489914
 0.03845712 0.03546725 0.03881978 0.04181456 0.03414695 0.03645626
 0.03504791 0.03943244 0.03513278 0.04930039 0.04397434 0.04474513
 0.03594715 0.03485625]","[0.04874817 0.04593935 0.03955222 0.05105434 0.04962914 0.04513286
 0.04086694 0.04492838 0.04867879 0.04679762 0.04469663 0.04368037
 0.05063221 0.0423545  0.05101368 0.04512602 0.03577986 0.04304136
 0.04300201 0.04686909 0.04467821 0.04623463 0.04478963 0.04756982
 0.04320089 0.04779407 0.04682677 0.0473134  0.04539938 0.04292956
 0.04027539 0.04489458 0.05400008 0.046044   0.05058359 0.04264219
 0.04151466 0.04525356 0.04429072 0.04790551 0.04072551 0.04609222
 0.04439162 0.04982747 0.04158214 0.0526645  0.04688897 0.04805631
 0.0392285  0.04966398]",0.03690768792452458,9.301701960527669e-05,0.05096790404876625,0.00029724409559966886,0.04500707655453894,2.1508250442150435e-05,0.05250803731808596,7.419343050742426e-05,7.684305495234944e-05,1e-05,0.00010720387963708333,0.0,0.07753675807237627,0.09060111924529077,0.006250687263525229,0.007996246181427472,0.0031899237632751465,0.004338262081146241,0.0006933823444355021,0.0007094395868384242,0.03895154259136411,0.04561570765821438,0.0039581317078534175,0.003689435340419771
df3,1.0,1.0,0.0,0.0,1.6,1.0,1.0,"[5.87165796e-02 6.93218252e-02 6.93218252e-02 2.12592488e-03
 3.18171260e-02 2.90339156e-02 1.29372179e-01 8.06755085e-04
 1.99311438e-02 1.89004559e-03 8.15145929e-02 3.36894521e-03
 1.45688880e-04 2.64676308e-02 1.16899447e-03 1.84885683e-01
 1.11358879e-01 3.18171260e-02 1.80967606e-02 3.18171260e-02
 5.85633896e-03 9.92823487e-03 5.25376643e-03 8.06755085e-04
 4.95346404e-02 6.93218252e-02 9.13835051e-04 1.21765095e-02
 6.52148041e-03 4.70847031e-03 1.10005675e-02 7.25488863e-03
 2.38884447e-03 1.67865304e-03 5.87165796e-02 1.80967606e-02
 8.15145929e-02 3.48322136e-02 2.90339156e-02 1.64147482e-02
 8.95145539e-03 1.64147482e-02 7.25488863e-03 1.80967606e-02
 1.48741570e-02 6.38312357e-02 8.06755085e-04 1.80967606e-02
 1.34646549e-02 3.80948244e-02]","[1.40396435e-05 7.51402754e-06 6.41076366e-06 1.25918603e-07
 7.42361542e-07 2.85456402e-06 3.27832948e-04 6.24499263e-07
 3.36269816e-06 1.07881685e-08 1.46749215e-06 2.16691945e-07
 7.79334122e-10 3.36269816e-06 5.97265054e-09 1.02917236e-05
 6.26876255e-04 2.99835482e-05 8.72433497e-08 2.67703473e-09
 1.63732496e-05 1.20265345e-05 2.16691945e-07 1.45098666e-09
 4.67045972e-05 3.47919250e-05 4.40608072e-07 4.26159664e-04
 6.24499263e-07 2.22014992e-05 6.02037032e-08 4.65235514e-06
 1.04864874e-07 6.24499263e-07 2.19534247e-04 2.42077577e-06
 3.73964604e-04 1.04585220e-06 3.47919250e-05 2.42077577e-06
 6.41076366e-06 6.41076366e-06 6.41076366e-06 5.46398884e-06
 1.51046944e-07 2.22014992e-05 2.33983459e-08 2.22014992e-05
 1.23948622e-06 7.51402754e-06]","[5.87165796e-02 6.93218252e-02 6.93218252e-02 2.12592488e-03
 3.18171260e-02 2.90339156e-02 1.29372179e-01 8.06755085e-04
 1.99311438e-02 1.89004559e-03 8.15145929e-02 3.36894521e-03
 1.45688880e-04 2.64676308e-02 1.16899447e-03 1.84885683e-01
 1.11358879e-01 3.18171260e-02 1.80967606e-02 3.18171260e-02
 5.85633896e-03 9.92823487e-03 5.25376643e-03 8.06755085e-04
 4.95346404e-02 6.93218252e-02 9.13835051e-04 1.21765095e-02
 6.52148041e-03 4.70847031e-03 1.10005675e-02 7.25488863e-03
 2.38884447e-03 1.67865304e-03 5.87165796e-02 1.80967606e-02
 8.15145929e-02 3.48322136e-02 2.90339156e-02 1.64147482e-02
 8.95145539e-03 1.64147482e-02 7.25488863e-03 1.80967606e-02
 1.48741570e-02 6.38312357e-02 8.06755085e-04 1.80967606e-02
 1.34646549e-02 3.80948244e-02]","[1.40396435e-05 7.51402754e-06 6.41076366e-06 1.25918603e-07
 7.42361542e-07 2.85456402e-06 3.27832948e-04 6.24499263e-07
 3.36269816e-06 1.07881685e-08 1.46749215e-06 2.16691945e-07
 7.79334122e-10 3.36269816e-06 5.97265054e-09 1.02917236e-05
 6.26876255e-04 2.99835482e-05 8.72433497e-08 2.67703473e-09
 1.63732496e-05 1.20265345e-05 2.16691945e-07 1.45098666e-09
 4.67045972e-05 3.47919250e-05 4.40608072e-07 4.26159664e-04
 6.24499263e-07 2.22014992e-05 6.02037032e-08 4.65235514e-06
 1.04864874e-07 6.24499263e-07 2.19534247e-04 2.42077577e-06
 3.73964604e-04 1.04585220e-06 3.47919250e-05 2.42077577e-06
 6.41076366e-06 6.41076366e-06 6.41076366e-06 5.46398884e-06
 1.51046944e-07 2.22014992e-05 2.33983459e-08 2.22014992e-05
 1.23948622e-06 7.51402754e-06]","[0.05392509 0.02713638 0.04961095 0.01287545 0.04311134 0.04048907
 0.14818045 0.00210457 0.09027499 0.00284522 0.0639332  0.00339657
 0.00072564 0.02669674 0.00531817 0.19034694 0.18609632 0.06026714
 0.01336746 0.03687645 0.02250801 0.01864356 0.00218592 0.02545143
 0.08506208 0.05728708 0.0046506  0.05330523 0.00335228 0.0118478
 0.03055906 0.04269649 0.01228759 0.01164506 0.05243439 0.03674177
 0.05224671 0.08844816 0.02476206 0.02138035 0.02557223 0.04810673
 0.02367338 0.0310401  0.01710955 0.06207924 0.01704329 0.05013968
 0.00275875 0.06719378]","[9.91567275e-07 4.55413486e-06 2.75794894e-07 4.23885328e-08
 1.42569009e-07 6.72363325e-07 5.27034278e-06 1.70709985e-07
 1.16654796e-07 1.26314995e-08 1.26221960e-07 1.70659594e-06
 4.31389369e-11 5.68724206e-07 1.09000509e-09 3.11803738e-06
 3.31918626e-05 1.73379458e-05 5.70749159e-09 1.77482138e-07
 1.15595939e-07 1.76362875e-07 2.62920818e-09 3.01864089e-10
 1.39179786e-04 1.68088316e-06 8.89655153e-08 2.68157703e-05
 2.30294803e-08 8.37964782e-05 1.86017166e-08 5.79824896e-08
 3.47231549e-08 1.38493135e-07 3.94875233e-05 5.33264647e-07
 2.45181423e-04 1.43614063e-06 2.33237491e-06 1.06559405e-07
 1.07504269e-07 2.23266267e-07 5.57501224e-08 2.02217350e-06
 2.16027816e-07 6.10309249e-06 6.33275462e-08 6.52000393e-07
 1.00938721e-08 2.43509881e-06]","[5.68254114e-05 3.03531855e-05 6.37437995e-05 1.00000000e-05
 2.28688772e-05 4.66895906e-05 1.69682535e-04 1.00000000e-05
 7.21599627e-05 1.00000000e-05 6.47091367e-05 1.00000000e-05
 1.00000000e-05 1.38586255e-05 1.00000000e-05 3.91316632e-04
 2.75112343e-04 4.90745500e-05 1.00000000e-05 3.87222565e-05
 1.26040395e-05 1.60223063e-05 1.00000000e-05 1.42723573e-05
 6.97220589e-05 1.06215008e-04 1.00000000e-05 2.53727691e-04
 1.00000000e-05 1.24559566e-05 6.43736683e-05 2.99653696e-05
 1.00000000e-05 1.00000000e-05 9.21497006e-05 4.13232052e-05
 1.18433461e-04 1.02939593e-04 2.48363953e-05 1.28335259e-05
 3.07510149e-05 3.44879969e-05 2.25406600e-05 1.95970407e-05
 2.70886362e-05 6.35150111e-05 1.00000000e-05 7.35881128e-05
 1.00000000e-05 1.16752757e-04]","[1.e-05 1.e-05 1.e-05 1.e-05 1.e-05 1.e-05 1.e-05 1.e-05 1.e-05 1.e-05
 1.e-05 1.e-05 1.e-05 1.e-05 1.e-05 1.e-05 1.e-05 1.e-05 1.e-05 1.e-05
 1.e-05 1.e-05 1.e-05 1.e-05 1.e-05 1.e-05 1.e-05 1.e-05 1.e-05 1.e-05
 1.e-05 1.e-05 1.e-05 1.e-05 1.e-05 1.e-05 1.e-05 1.e-05 1.e-05 1.e-05
 1.e-05 1.e-05 1.e-05 1.e-05 1.e-05 1.e-05 1.e-05 1.e-05 1.e-05 1.e-05]","[0.08634864 0.08867892 0.07463336 0.0828324  0.0719047  0.0764022
 0.06401259 0.07573595 0.06991981 0.08561504 0.07636607 0.07839512
 0.09234721 0.08262633 0.0852209  0.06503165 0.07627423 0.08540381
 0.0848841  0.09573786 0.07046874 0.06598124 0.07422809 0.08084802
 0.09402901 0.07214147 0.08246951 0.073462   0.0813402  0.08491314
 0.07653075 0.06985319 0.08313594 0.08194105 0.07781348 0.07612854
 0.08539187 0.07350577 0.0815923  0.08297353 0.0770145  0.0697093
 0.06908196 0.06946882 0.07807857 0.07842143 0.08147163 0.06574494
 0.07033337 0.07073155]","[0.08456868 0.11157324 0.08379152 0.10034048 0.08527573 0.08866974
 0.08421679 0.07912742 0.0874123  0.09226824 0.08955269 0.08302665
 0.08690823 0.08921586 0.09287781 0.08969704 0.10084462 0.08957439
 0.08908619 0.09371872 0.08139036 0.09397504 0.08633748 0.08932508
 0.10079437 0.08570775 0.09200184 0.09390665 0.08699698 0.09971826
 0.09635114 0.09878062 0.08574096 0.10269808 0.092368   0.0948642
 0.09810592 0.09411212 0.09981361 0.09738568 0.09012833 0.10074207
 0.09570187 0.08940425 0.09401246 0.09386776 0.09619595 0.08725106
 0.08275132 0.09520659]","[2.01057225e-13 3.90626408e-14 3.90955326e-10 2.19255048e-12
 1.94591837e-09 1.33777424e-10 1.44042305e-07 2.00953253e-10
 6.02243131e-09 3.33719622e-13 1.36774905e-10 3.87713430e-11
 2.71022012e-15 2.51428720e-12 4.37357159e-13 8.49861669e-08
 1.44692071e-10 3.85829132e-13 5.50515771e-13 2.08881665e-16
 4.42037322e-09 5.15898079e-08 4.98076321e-10 8.07971581e-12
 7.69034924e-16 1.69698419e-09 2.78977345e-12 7.84381006e-10
 5.86393465e-12 5.39719913e-13 1.23625203e-10 6.25173178e-09
 1.79096550e-12 3.95452469e-12 5.58378853e-11 1.58181387e-10
 3.89002397e-13 7.64386451e-10 4.97228648e-12 1.99588970e-12
 9.17503504e-11 6.77639029e-09 9.61048827e-09 7.75053003e-09
 4.73013192e-11 3.81345666e-11 5.38112113e-12 5.84527330e-08
 4.77176647e-09 3.80874973e-09]","[6.82339304e-13 3.84930411e-22 1.15403202e-12 5.54911159e-18
 4.21240322e-13 3.93187855e-14 8.66156355e-13 2.43992371e-11
 9.56954752e-14 2.87375453e-15 2.08948510e-14 1.92645826e-12
 1.36202279e-13 2.66135449e-14 1.82593757e-15 1.88316983e-14
 3.69064841e-18 2.05711035e-14 2.92041345e-14 9.71908582e-16
 5.67483838e-12 8.01041443e-16 2.02618987e-13 2.46081496e-14
 3.84410524e-18 3.13093743e-13 3.50040101e-15 8.43493054e-16
 1.28015152e-13 9.15361871e-18 1.30092300e-16 1.93456685e-17
 3.06014798e-13 8.09516363e-19 2.66872141e-15 4.07922404e-16
 3.30004898e-17 7.22191464e-16 8.47950341e-18 5.81229506e-17
 1.37899746e-14 4.01054243e-18 2.14748248e-16 2.32481704e-14
 7.78712816e-16 8.68619283e-16 1.46696085e-16 1.07157366e-13
 2.31399937e-12 3.14036414e-16]","[0.00237155 0.00440252 0.00346541 0.00569427 0.00264835 0.00267339
 0.0014683  0.00343692 0.00178862 0.00445843 0.0026561  0.00389397
 0.00369859 0.00352609 0.0038414  0.00233269 0.00298035 0.00426233
 0.00365961 0.00305748 0.00243437 0.00264549 0.00225341 0.00357592
 0.00458562 0.00301194 0.00308585 0.0039407  0.00373626 0.00314426
 0.00264382 0.00439668 0.00393844 0.00362015 0.00363231 0.00341916
 0.00410044 0.00241399 0.00494242 0.00380862 0.00403452 0.00346339
 0.00200391 0.00297177 0.00334239 0.00423944 0.00339425 0.00315154
 0.00151181 0.00363314]","[0.00431526 0.00574601 0.00473404 0.00675154 0.00373578 0.00398695
 0.00244367 0.00387847 0.0027293  0.00544643 0.00432074 0.00478137
 0.00526106 0.0044806  0.00593889 0.00338244 0.00473785 0.0057348
 0.00519085 0.00465214 0.00357819 0.004228   0.00382924 0.00512409
 0.00539994 0.00494576 0.00431848 0.00420356 0.00560892 0.00398648
 0.00382471 0.00556791 0.00515544 0.00482416 0.0045625  0.00480378
 0.0051949  0.00360799 0.00584161 0.00470793 0.00482213 0.00454664
 0.00335717 0.00393927 0.00470209 0.00536907 0.00444627 0.00490379
 0.00300896 0.00533664]","[0.03302958 0.04504441 0.04095925 0.05144972 0.03735201 0.03621556
 0.02774779 0.04139639 0.03032432 0.0455298  0.0356095  0.04246388
 0.04094061 0.04059445 0.04182314 0.03491665 0.03671457 0.04532246
 0.0416586  0.03762121 0.03432584 0.03543243 0.0334897  0.0410443
 0.04549695 0.03788767 0.03763175 0.04397128 0.04300222 0.03863992
 0.03696173 0.04584197 0.04212344 0.0415564  0.04127889 0.04040458
 0.04366775 0.0354202  0.04912187 0.0419162  0.04415561 0.04123203
 0.03241232 0.0388786  0.03988212 0.04433622 0.04134375 0.03796456
 0.02722755 0.04206506]","[0.0488268  0.04981032 0.05095632 0.05640707 0.04154353 0.04421196
 0.03706429 0.04311655 0.03686067 0.05032657 0.04660899 0.04946984
 0.05259892 0.04604684 0.05390016 0.0404829  0.04827265 0.05210736
 0.05022065 0.04674327 0.04203469 0.04760206 0.04371543 0.05001177
 0.05003202 0.05034558 0.0462761  0.04465739 0.05483027 0.04224596
 0.04228187 0.05101939 0.04909338 0.04741567 0.04609785 0.04825569
 0.04965068 0.04146573 0.05220917 0.04625768 0.04800631 0.04618006
 0.04191388 0.04350974 0.04754611 0.05083452 0.0458783  0.04992935
 0.04227067 0.05122017]",0.03057637215626195,4.6260027060869714e-05,0.03756700825197142,0.00012545261377587823,0.04119581031136747,1.2431561819232773e-05,0.04181579512932757,4.1052944012406636e-05,5.590624942252815e-05,1e-05,7.50408229342545e-05,0.0,0.07794349599123,0.09194764296174052,0.007544446154849951,0.006490309361992501,0.0033478474617004393,0.0045998764038085935,0.0008683374207701177,0.0008706536659976151,0.03970853672106453,0.04716726247785665,0.0049678888790159305,0.004325011481747678
