setting,delta,mu1,mu2,pval,pval_base,ks_p_prop_mean,ks_p_base_mean,ks_p_prop_std,ks_p_base_std
df1,0.0,0.0,0.0,"[0.71851426 0.61225166 0.11135888 0.17249627 0.58582128 0.58582128
 0.18488568 0.24148215 0.29176485 0.50859953 0.93482727 0.8633028
 0.3490397  0.32916807 0.45963725 0.3490397  0.1200888  0.69212796
 0.69212796 0.77002924 0.29176485 0.45963725 0.22624166 0.17249627
 0.27423335 0.32916807 0.17249627 0.8633028  0.22624166 0.19796045
 0.74453538 0.58582128 0.43609338 0.00725489 0.88359176 0.07520917
 0.69212796 0.21173982 0.09546732 0.07520917 0.77002924 0.63886042
 0.06932183 0.16077182 0.79482654 0.99589898 0.63886042 0.21173982
 0.31007573 0.32916807]","[0.36968362 0.94837208 0.18488568 0.03809482 0.50859953 0.58582128
 0.50859953 0.69212796 0.22624166 0.41323244 0.63886042 0.48382277
 0.29176485 0.29176485 0.97808957 0.32916807 0.88359176 0.50859953
 0.50859953 0.69212796 0.29176485 0.32916807 0.27423335 0.07520917
 0.39108739 0.8633028  0.43609338 0.41323244 0.41323244 0.8633028
 0.96007647 0.07520917 0.22624166 0.04542867 0.66552932 0.16077182
 0.63886042 0.55967522 0.53390728 0.29176485 0.98957839 0.84163603
 0.02903392 0.02410401 0.93482727 0.69212796 0.27423335 0.81875363
 0.43609338 0.31007573]",0.4302506041609609,0.4788120624805671,0.27202770473377685,0.2788988062889545
df1,0.05,0.0,0.05,"[0.18488568 0.02192948 0.139232   0.03483221 0.0416213  0.79482654
 0.06932183 0.00525377 0.48382277 0.55967522 0.79482654 0.58582128
 0.58582128 0.12937218 0.32916807 0.50859953 0.41323244 0.93482727
 0.63886042 0.00585634 0.08151459 0.01809676 0.14969106 0.16077182
 0.43609338 0.22624166 0.66552932 0.66552932 0.19796045 0.48382277
 0.48382277 0.21173982 0.71851426 0.22624166 0.17249627 0.1200888
 0.53390728 0.32916807 0.77002924 0.25747545 0.00377043 0.02192948
 0.29176485 0.0416213  0.18488568 0.97808957 0.88359176 0.07520917
 0.48382277 0.3490397 ]","[0.77002924 0.02410401 0.45963725 0.14969106 0.139232   0.74453538
 0.07520917 0.01100057 0.71851426 0.66552932 0.48382277 0.17249627
 0.31007573 0.01487416 0.32916807 0.09546732 0.93482727 0.79482654
 0.39108739 0.06932183 0.69212796 0.01641475 0.32916807 0.05871658
 0.69212796 0.19796045 0.53390728 0.99328163 0.3490397  0.39108739
 0.22624166 0.31007573 0.94837208 0.63886042 0.18488568 0.17249627
 0.32916807 0.18488568 0.69212796 0.36968362 0.0539576  0.00895146
 0.06383124 0.14969106 0.08151459 0.90235528 0.66552932 0.22624166
 0.50859953 0.12937218]",0.3496849116327217,0.3690824490615617,0.2793226367304909,0.2914998807432173
df1,0.1,0.0,0.1,"[1.21765095e-02 2.41482152e-01 2.91764847e-01 1.11358879e-01
 3.18171260e-02 1.84885683e-01 1.48940867e-03 5.39576008e-02
 8.06268875e-03 2.99835482e-05 2.41040115e-02 7.20954134e-05
 7.25488863e-03 2.26241661e-01 7.11507895e-04 5.87165796e-02
 1.91681353e-04 2.12592488e-03 2.22014992e-05 2.91764847e-01
 1.99311438e-02 3.69683622e-01 1.67865304e-03 5.25376643e-03
 1.48741570e-02 6.52148041e-03 1.80967606e-02 1.67865304e-03
 3.77043497e-03 2.12592488e-03 3.18171260e-02 1.91681353e-04
 1.16899447e-03 4.95346404e-02 4.67045972e-05 1.20088801e-01
 3.77043497e-03 3.80948244e-02 2.41040115e-02 8.41636027e-01
 1.11358879e-01 9.92823487e-03 5.24820678e-07 3.48322136e-02
 1.10005675e-02 3.00718998e-03 1.97960446e-01 1.99311438e-02
 1.48741570e-02 2.68158880e-03]","[1.48741570e-02 2.64676308e-02 7.18514257e-01 4.36093382e-01
 4.13232440e-01 1.72496272e-01 4.26159664e-04 2.11739817e-01
 7.52091658e-02 1.16899447e-03 6.93218252e-02 4.03308445e-05
 3.69683622e-01 1.72496272e-01 4.67045972e-05 1.29372179e-01
 3.00718998e-03 1.21765095e-02 1.73569175e-06 4.83822766e-01
 4.59637254e-01 2.11739817e-01 9.92823487e-03 3.80948244e-02
 1.34646549e-02 9.92823487e-03 1.72496272e-01 6.38312357e-02
 1.49691056e-01 7.25488863e-03 4.95346404e-02 1.84885683e-01
 3.48322136e-02 8.15145929e-02 2.12592488e-03 3.29168072e-01
 1.39231997e-01 5.25376643e-03 2.41040115e-02 5.85821277e-01
 6.92127962e-01 2.41482152e-01 1.26822204e-04 8.06268875e-03
 4.95346404e-02 8.95145539e-03 6.92127962e-01 4.95346404e-02
 6.38312357e-02 3.00718998e-03]",0.0701574612392733,0.15383033617017997,0.14199349089465002,0.20264099909879096
df1,0.15000000000000002,0.0,0.15000000000000002,"[5.97265054e-09 1.34646549e-02 3.00718998e-03 1.10287908e-04
 1.16899447e-03 3.27832948e-04 4.26159664e-04 1.63732496e-05
 5.25376643e-03 3.77043497e-03 3.47919250e-05 4.03308445e-05
 2.22014992e-05 8.95145539e-03 1.26822204e-04 6.41076366e-06
 4.16212987e-02 1.20265345e-05 7.11507895e-04 3.77043497e-03
 3.36894521e-03 2.22014992e-05 3.00718998e-03 2.19534247e-04
 6.26876255e-04 1.91681353e-04 7.25488863e-03 4.67045972e-05
 1.48940867e-03 3.80948244e-02 1.40396435e-05 1.25918603e-07
 1.91681353e-04 2.51182002e-04 3.77043497e-03 8.31541824e-05
 1.89004559e-03 2.68158880e-03 8.06755085e-04 2.59150246e-07
 4.85152370e-04 3.00718998e-03 2.99835482e-05 3.09615598e-07
 6.02037032e-08 1.02917236e-05 7.20954134e-05 6.26876255e-04
 4.85152370e-04 8.06755085e-04]","[2.22014992e-05 7.52091658e-02 4.54286666e-02 4.70847031e-03
 4.26159664e-04 3.00718998e-03 1.80967606e-02 1.10287908e-04
 5.85633896e-03 2.19294824e-02 4.26159664e-04 2.87103585e-04
 4.21554189e-03 1.32017364e-03 2.19294824e-02 8.79830246e-06
 1.49691056e-01 2.38884447e-03 7.25488863e-03 1.64147482e-02
 1.64147482e-02 1.32017364e-03 6.93218252e-02 8.06268875e-03
 5.25376643e-03 9.13835051e-04 1.34646549e-02 7.11507895e-04
 2.68158880e-03 1.97960446e-01 6.24445815e-05 3.95729931e-06
 8.06755085e-04 3.73964604e-04 5.39576008e-02 5.51757155e-04
 3.18171260e-02 5.87165796e-02 2.19294824e-02 3.42511079e-08
 4.16212987e-02 1.97960446e-01 1.40396435e-05 1.91681353e-04
 2.05084189e-06 9.13835051e-04 1.67865304e-03 2.68158880e-03
 8.06755085e-04 1.91681353e-04]",0.003047567387133719,0.022182369729048,0.00794970221616334,0.04484649121169662
df1,0.2,0.0,0.2,"[1.26822204e-04 1.67194217e-04 1.93100400e-08 1.46749215e-06
 6.41076366e-06 1.20265345e-05 2.16691945e-07 1.91681353e-04
 2.05084189e-06 2.05084189e-06 2.42077577e-06 1.51046944e-07
 1.20265345e-05 2.05084189e-06 4.65235514e-06 2.58137431e-05
 8.36667685e-15 1.31118659e-08 6.02037032e-08 2.18488808e-09
 2.83236331e-08 1.04585220e-06 1.91681353e-04 4.03308445e-05
 4.99357648e-08 3.03909276e-11 2.16691945e-07 3.42511079e-08
 6.41076366e-06 7.20954134e-05 1.45098666e-09 9.43717929e-13
 1.81007354e-07 2.58137431e-05 1.14339735e-10 5.24820678e-07
 4.65235514e-06 2.33983459e-08 2.33983459e-08 1.31118659e-08
 2.99835482e-05 4.99357648e-08 4.74591296e-11 2.83236331e-08
 8.72433497e-08 3.69535722e-07 4.26159664e-04 1.04585220e-06
 1.31118659e-08 4.67045972e-05]","[3.73964604e-04 8.06755085e-04 6.26876255e-04 1.91681353e-04
 1.67194217e-04 7.11507895e-04 1.63732496e-05 4.21554189e-03
 6.24445815e-05 2.51182002e-04 3.95729931e-06 5.46398884e-06
 3.27832948e-04 4.26159664e-04 3.00718998e-03 3.77043497e-03
 5.12353012e-10 1.81007354e-07 3.36269816e-06 4.03308445e-05
 4.40608072e-07 8.31541824e-05 3.00718998e-03 1.21765095e-02
 4.65235514e-06 3.36269816e-06 8.31541824e-05 1.26822204e-04
 2.38884447e-03 2.51182002e-04 2.33983459e-08 1.25918603e-07
 3.73964604e-04 9.13835051e-04 7.28113471e-09 5.46398884e-06
 6.41076366e-06 1.02917236e-05 3.27832948e-04 3.36269816e-06
 1.90755446e-05 7.42361542e-07 4.40608072e-07 3.36269816e-06
 7.51402754e-06 5.46398884e-06 1.48940867e-03 3.27832948e-04
 6.41076366e-06 3.27832948e-04]",2.8093995358056313e-05,0.0007392630019939316,7.366752447443469e-05,0.0019102037017165107
df1,0.25,0.0,0.25,"[4.89436847e-09 7.25098046e-08 1.39985076e-14 4.00670801e-09
 3.59754634e-13 3.00652497e-14 6.18553174e-12 4.99357648e-08
 5.97265054e-09 2.83236331e-08 3.95729931e-06 5.92172623e-11
 1.18065325e-09 8.81579698e-07 1.72684385e-13 1.34933703e-13
 2.67703473e-09 1.23948622e-06 3.36269816e-06 3.03909276e-11
 2.67024896e-16 1.59199965e-08 6.45842239e-15 3.09615598e-07
 7.42666811e-13 9.79737413e-12 8.81579698e-07 4.99357648e-08
 1.04864874e-07 7.38137688e-11 1.04585220e-06 5.46398884e-06
 5.92172623e-11 4.99357648e-08 2.67703473e-09 9.19151252e-11
 9.59715417e-10 7.38137688e-11 6.18553174e-12 2.42826791e-11
 4.97944383e-14 6.02037032e-08 1.23116467e-11 5.12353012e-10
 1.93100400e-08 4.58538879e-13 1.46749215e-06 2.18488808e-09
 1.81007354e-07 1.81007354e-07]","[1.81007354e-07 8.81579698e-07 9.19151252e-11 4.65235514e-06
 1.04864874e-07 4.89436847e-09 7.42361542e-07 5.97265054e-09
 4.13773042e-08 2.87103585e-04 8.31541824e-05 2.67703473e-09
 2.42077577e-06 3.36894521e-03 8.86732425e-09 1.81007354e-07
 6.24445815e-05 1.91681353e-04 8.06755085e-04 6.41076366e-06
 5.12353012e-10 8.81579698e-07 3.88941584e-12 1.26822204e-04
 4.89436847e-09 6.32216726e-10 5.51757155e-04 2.99835482e-05
 1.03408932e-03 4.89436847e-09 1.90755446e-05 1.26822204e-04
 1.93100400e-08 3.69535722e-07 2.83236331e-08 2.67703473e-09
 2.16691945e-07 4.13773042e-08 1.04864874e-07 7.25098046e-08
 3.88941584e-12 2.99835482e-05 5.97265054e-09 4.13773042e-08
 2.85456402e-06 1.51046944e-07 1.40396435e-05 4.99357648e-08
 1.73569175e-06 9.58129418e-05]",3.889612087475968e-07,0.00013701390200670377,1.0562849613703115e-06,0.00050218632021359
df1,0.30000000000000004,0.0,0.30000000000000004,"[1.39985076e-14 1.14339735e-10 4.14795066e-10 1.08277464e-14
 1.80794013e-14 8.72433497e-08 1.72684385e-13 4.90739183e-12
 1.42091476e-10 4.05057199e-18 4.14795066e-10 1.27528784e-18
 7.84899525e-16 3.35473948e-10 7.38137688e-11 4.97944383e-14
 1.93824891e-11 9.79737413e-12 2.20772463e-13 2.94303610e-17
 1.23116467e-11 2.18772050e-10 5.83855471e-13 1.51920849e-12
 1.17682447e-16 2.67024896e-16 7.38137688e-11 4.58740572e-16
 4.74591296e-11 1.18065325e-09 4.58538879e-13 2.18488808e-09
 2.81965513e-13 5.46398884e-06 1.19798113e-12 8.36667685e-15
 4.74591296e-11 2.81965513e-13 1.14339735e-10 2.43574207e-12
 2.25989398e-21 1.27528784e-18 6.00359848e-16 9.79737413e-12
 7.17482117e-18 1.92461767e-12 2.18772050e-10 3.88941584e-12
 1.54798729e-16 6.45842239e-15]","[3.35473948e-10 5.24820678e-07 1.04864874e-07 1.23116467e-11
 2.67703473e-09 1.81007354e-07 7.79334122e-10 1.81007354e-07
 2.33983459e-08 1.51920849e-12 1.18065325e-09 5.83855471e-13
 1.18065325e-09 1.02917236e-05 2.42077577e-06 9.59715417e-10
 1.51046944e-07 7.42361542e-07 4.89436847e-09 1.23116467e-11
 2.67703473e-09 1.46749215e-06 7.28113471e-09 7.28113471e-09
 2.42826791e-11 9.43717929e-13 1.78141737e-09 1.42091476e-10
 2.05084189e-06 9.58129418e-05 1.14339735e-10 3.95729931e-06
 2.67703473e-09 1.89004559e-03 9.59715417e-10 3.42511079e-08
 1.31118659e-08 1.31118659e-08 4.99357648e-08 4.00670801e-09
 2.81965513e-13 9.59715417e-10 9.79737413e-12 2.18488808e-09
 3.83661921e-15 3.27672622e-09 2.16691945e-07 2.83236331e-08
 2.18488808e-09 4.97944383e-14]",1.1113765854127092e-07,4.0167163827496616e-05,7.647903405652084e-07,0.000264609794516695
df1,0.35000000000000003,0.0,0.35000000000000003,"[5.30299497e-19 2.56565447e-30 2.27745029e-18 1.74328977e-15
 6.64674147e-25 4.73751051e-25 4.98033280e-15 7.51579753e-27
 1.39985076e-14 1.82433512e-24 4.05057199e-18 1.33749750e-15
 2.20772463e-13 1.51920849e-12 7.84899525e-16 1.65262693e-21
 3.56853685e-23 3.04081795e-26 5.13913233e-17 2.93930826e-19
 3.83661921e-15 3.88941584e-12 1.80794013e-14 1.62253462e-19
 7.17482117e-18 9.31581113e-25 1.74328977e-15 9.53441021e-18
 1.33749750e-15 1.74328977e-15 3.89102510e-17 3.40355762e-22
 4.98033280e-15 7.84899525e-16 6.39848579e-14 1.27528784e-18
 1.62253462e-19 7.84899525e-16 5.83855471e-13 1.14339735e-10
 9.53441021e-18 2.18772050e-10 4.97944383e-14 1.08277464e-14
 2.18494984e-19 7.11203305e-19 2.93930826e-19 6.00359848e-16
 1.70510155e-18 9.43897459e-23]","[3.89102510e-17 3.40355762e-22 4.14795066e-10 5.97265054e-09
 1.26570821e-17 1.17682447e-16 1.93824891e-11 6.00359848e-16
 3.42511079e-08 2.67024896e-16 1.54554888e-11 3.88941584e-12
 3.42511079e-08 7.25098046e-08 4.74591296e-11 1.02511949e-15
 8.21358136e-14 6.83217462e-23 4.74591296e-11 1.72684385e-13
 5.92172623e-11 4.13773042e-08 4.14795066e-10 1.72684385e-13
 7.78867068e-12 6.00359848e-16 2.67703473e-09 2.81965513e-13
 2.18772050e-10 1.78141737e-09 4.74591296e-11 7.42666811e-13
 7.25098046e-08 1.51920849e-12 6.02037032e-08 1.19798113e-12
 4.97944383e-14 7.78867068e-12 7.79334122e-10 2.16691945e-07
 2.81965513e-13 1.51046944e-07 5.97265054e-09 5.83855471e-13
 1.54554888e-11 3.88941584e-12 6.45842239e-15 1.23116467e-11
 3.59754634e-13 3.89102510e-17]",6.790130152086006e-12,1.402732361125374e-08,3.42483062144704e-11,3.955077021179963e-08
df1,0.4,0.0,0.4,"[2.33262567e-14 3.60824945e-20 8.92004797e-20 1.06410050e-20
 5.39368124e-18 7.51579753e-27 4.30155538e-26 5.74326505e-21
 2.95255083e-15 8.58131384e-26 3.04081795e-26 3.56853685e-23
 4.05057199e-18 2.57505865e-23 3.60824945e-20 2.14737506e-26
 1.06410050e-20 4.36966274e-28 3.56590826e-34 1.20730402e-21
 6.00359848e-16 6.60370667e-20 1.33749750e-15 4.95418960e-29
 6.42340318e-22 8.92004797e-20 6.60370667e-20 1.27528784e-18
 5.30299497e-19 2.57505865e-23 1.39985076e-14 1.79605588e-22
 4.36966274e-28 5.13913233e-17 3.55797286e-24 5.41174667e-30
 1.30432533e-24 1.85625733e-23 2.54904105e-24 5.74326505e-21
 1.26570821e-17 1.82433512e-24 2.39934411e-25 5.30299497e-19
 1.65262693e-21 9.61617488e-24 3.60824945e-20 9.61617488e-24
 2.25989398e-21 8.92004797e-20]","[9.59715417e-10 6.78067547e-17 1.54554888e-11 2.33262567e-14
 1.54554888e-11 1.08277464e-14 1.54798729e-16 2.67024896e-16
 8.86732425e-09 5.13913233e-17 3.50171296e-16 2.22374207e-17
 8.86732425e-09 8.93744884e-17 1.02511949e-15 3.89102510e-17
 9.79737413e-12 1.70510155e-18 1.44619791e-20 4.89436847e-09
 7.42666811e-13 1.17682447e-16 1.45098666e-09 2.67024896e-16
 8.21358136e-14 6.78067547e-17 1.33749750e-15 1.08277464e-14
 7.42666811e-13 2.22374207e-17 4.00670801e-09 2.26988766e-15
 2.95255083e-15 1.92461767e-12 8.93744884e-17 2.93930826e-19
 1.17682447e-16 5.39368124e-18 1.70510155e-18 5.83855471e-13
 6.39848579e-14 4.05057199e-18 9.53441021e-18 3.59754634e-13
 5.13913233e-17 1.33749750e-15 8.21358136e-14 5.13913233e-17
 1.39985076e-14 9.43717929e-13]",8.458309567470917e-16,5.818546141002048e-10,3.7819854716193585e-15,1.9150283910380887e-09
df1,0.45,0.0,0.45,"[2.54904105e-24 4.96114708e-24 4.73751051e-25 2.54904105e-24
 3.37322101e-25 2.67038982e-32 2.60622931e-27 2.22993385e-39
 8.58131384e-26 6.91059303e-24 1.07520219e-34 3.89924968e-31
 1.24351631e-31 2.66308246e-20 5.64011511e-33 5.41174667e-30
 2.39365688e-34 1.47818613e-28 8.58131384e-26 8.93744884e-17
 7.51579753e-27 1.65262693e-21 6.83217462e-23 5.34786658e-37
 1.76381982e-30 8.33270257e-33 2.37806656e-29 8.81076169e-22
 4.73751051e-25 1.60509935e-34 1.81313081e-32 1.13678721e-29
 6.64674147e-25 1.42774613e-35 5.28569498e-27 1.27976799e-27
 1.82198508e-31 5.41174667e-30 8.58131384e-26 3.71348188e-27
 1.47818613e-28 6.25831333e-28 3.40355762e-22 4.95418960e-29
 6.60370667e-20 8.09234334e-37 1.02784044e-28 2.14737506e-26
 1.70487812e-25 1.27976799e-27]","[3.83661921e-15 2.27745029e-18 3.87118023e-14 1.02511949e-15
 8.93744884e-17 1.65262693e-21 1.27528784e-18 5.77449424e-32
 4.21288896e-21 1.39985076e-14 8.58131384e-26 4.94023307e-23
 3.08714081e-21 2.26988766e-15 3.60824945e-20 3.60824945e-20
 3.08714081e-21 6.00359848e-16 1.65262693e-21 4.58538879e-13
 2.94303610e-17 2.67024896e-16 8.93744884e-17 4.94023307e-23
 1.62253462e-19 1.62253462e-19 1.30270202e-22 4.90739183e-12
 8.93744884e-17 1.30432533e-24 9.43897459e-23 9.53441021e-18
 2.67024896e-16 8.93744884e-17 1.62253462e-19 1.39985076e-14
 6.42340318e-22 1.74328977e-15 1.70510155e-18 2.03413945e-16
 5.13913233e-17 1.27528784e-18 3.88941584e-12 9.53441021e-18
 5.83855471e-13 6.60370667e-20 6.83217462e-23 1.06410050e-20
 1.80794013e-14 4.05057199e-18]",1.7894023613544995e-18,1.986934320542505e-13,1.2512159054857486e-17,8.693616417916081e-13
df1,0.5,0.0,0.5,"[2.39365688e-34 1.13678721e-29 5.69539852e-31 1.17161696e-33
 6.32047121e-36 3.43417798e-29 1.88177121e-41 1.45226397e-39
 7.84752977e-30 2.39365688e-34 4.73751051e-25 7.88918156e-34
 1.30432533e-24 1.24351631e-31 8.31031105e-31 4.36966274e-28
 1.21132482e-30 8.09234334e-37 2.39934411e-25 2.27983976e-44
 1.07520219e-34 7.19492833e-35 1.82198508e-31 9.50443824e-36
 7.88918156e-34 2.03688601e-48 1.82198508e-31 2.32827146e-37
 1.21017203e-25 8.58131384e-26 3.56590826e-34 2.32827146e-37
 9.50443824e-36 1.67491922e-40 1.82724155e-27 3.92888730e-32
 7.19492833e-35 2.22993385e-39 1.42774613e-35 1.22324939e-36
 3.56590826e-34 2.14737506e-26 8.47828272e-32 1.24351631e-31
 3.72814291e-30 8.33270257e-33 7.19492833e-35 5.24109088e-39
 1.17161696e-33 3.89924968e-31]","[1.44619791e-20 8.36667685e-15 4.88387176e-20 2.25989398e-21
 9.61617488e-24 9.52846065e-19 2.54904105e-24 2.37806656e-29
 1.96348850e-20 1.65262693e-21 8.36667685e-15 3.56853685e-23
 2.95255083e-15 9.43897459e-23 1.70510155e-18 1.70510155e-18
 3.95007214e-19 3.92888730e-32 1.27528784e-18 1.84715262e-36
 6.25831333e-28 1.79605588e-22 1.85625733e-23 9.43897459e-23
 1.79605588e-22 7.19492833e-35 4.94023307e-23 2.14737506e-26
 3.89102510e-17 9.52846065e-19 3.08714081e-21 6.83217462e-23
 9.61617488e-24 3.40355762e-22 3.60824945e-20 1.30270202e-22
 2.66308246e-20 2.67038982e-32 3.37322101e-25 1.76381982e-30
 4.30155538e-26 1.30270202e-22 3.56853685e-23 3.40355762e-22
 2.57505865e-23 1.06410050e-20 5.28569498e-27 7.51579753e-27
 3.55797286e-24 1.85625733e-23]",4.4972802521385927e-26,3.946393204429091e-16,1.951727029232331e-25,1.678896263241185e-15
df1,0.55,0.0,0.55,"[3.42045584e-39 1.07520219e-34 2.67038982e-32 9.15418035e-46
 1.08397407e-40 1.07520219e-34 1.64503886e-29 2.57596005e-33
 1.45226397e-39 3.42045584e-39 5.65883768e-44 1.42453006e-46
 4.34507678e-50 1.39869353e-43 9.50443824e-36 7.00791465e-41
 7.19492833e-35 3.49058990e-47 3.43417798e-29 1.42774613e-35
 4.52588482e-41 5.65883768e-44 2.30592786e-45 3.59372037e-44
 1.73815304e-33 1.00942344e-37 1.35963995e-47 1.45365542e-45
 1.22668930e-38 2.58531714e-40 5.27367686e-48 2.30592786e-45
 9.14645852e-45 2.85911373e-38 1.42453006e-46 5.58403660e-47
 9.44810349e-40 9.44810349e-40 1.22668930e-38 7.19492833e-35
 3.61877620e-46 1.00942344e-37 2.85911373e-38 3.43417798e-29
 3.42045584e-39 5.78417409e-45 7.84752977e-30 7.00791465e-41
 2.58531714e-40 7.88918156e-34]","[3.04782586e-28 1.21017203e-25 8.92004797e-20 1.21017203e-25
 2.54904105e-24 1.65262693e-21 4.96114708e-24 7.82155399e-21
 1.82433512e-24 2.37806656e-29 1.22979552e-32 4.30155538e-26
 1.22979552e-32 2.66678482e-31 4.30155538e-26 1.47818613e-28
 8.81076169e-22 8.47828272e-32 2.93930826e-19 1.96348850e-20
 1.79605588e-22 1.02784044e-28 2.39365688e-34 7.19492833e-35
 2.57505865e-23 2.37806656e-29 2.57596005e-33 1.13678721e-29
 1.13678721e-29 2.57505865e-23 2.57596005e-33 5.24109088e-39
 5.69539852e-31 3.92888730e-32 1.02784044e-28 2.39365688e-34
 2.56565447e-30 2.14737506e-26 1.30432533e-24 2.39934411e-25
 1.64503886e-29 4.36966274e-28 1.60509935e-34 2.27745029e-18
 9.31581113e-25 1.13678721e-29 7.11203305e-19 4.36966274e-28
 4.30155538e-26 2.57505865e-23]",1.8602733579013037e-30,6.804088214040076e-20,7.096315329874888e-30,3.3334409246529585e-19
df1,0.6000000000000001,0.0,0.6000000000000001,"[1.41820348e-51 3.21175996e-35 1.68303018e-55 1.08397407e-40
 2.66373322e-53 2.32827146e-37 7.83398323e-49 5.75863544e-46
 7.83398323e-49 3.44263650e-43 6.14029324e-40 1.45365542e-45
 8.66108972e-52 8.92358057e-47 1.85378592e-49 8.47223917e-48
 1.21147719e-41 2.14572537e-54 1.61299095e-53 2.39365688e-34
 5.24109088e-39 5.75863544e-46 8.90129708e-44 5.66557381e-58
 2.27167277e-46 6.62107000e-62 1.45365542e-45 5.77449424e-32
 5.39250695e-43 2.31976235e-51 2.27983976e-44 8.47223917e-48
 8.02241615e-39 6.03472099e-56 1.26387580e-48 7.24139755e-53
 2.71159835e-57 2.22993385e-39 8.90129708e-44 3.65403168e-45
 6.18686551e-51 3.61877620e-46 1.31892718e-42 8.47223917e-48
 1.19205281e-52 4.39427779e-53 6.91984994e-59 1.41820348e-51
 5.27367686e-48 3.60781842e-56]","[5.77449424e-32 1.51487883e-26 5.78417409e-45 3.92888730e-32
 1.60509935e-34 3.40355762e-22 1.42774613e-35 2.37806656e-29
 1.60509935e-34 5.69539852e-31 5.41174667e-30 2.67038982e-32
 7.88918156e-34 7.13959478e-29 7.88918156e-34 1.22324939e-36
 1.64503886e-29 7.00791465e-41 1.22668930e-38 5.28569498e-27
 1.82724155e-27 8.31031105e-31 1.64503886e-29 2.27167277e-46
 5.77449424e-32 6.14029324e-40 2.56565447e-30 1.62253462e-19
 5.41174667e-30 3.21175996e-35 3.72814291e-30 3.81363460e-33
 6.25831333e-28 2.57596005e-33 1.81313081e-32 8.02241615e-39
 2.22993385e-39 2.60622931e-27 4.80962056e-35 7.88918156e-34
 1.08397407e-40 1.82198508e-31 3.89924968e-31 1.51487883e-26
 1.21147719e-41 1.67491922e-40 3.61877620e-46 3.21237555e-42
 2.60622931e-27 1.00942344e-37]",1.1603334948478891e-33,3.2518772153433252e-21,8.083585849170488e-33,2.2714562014210722e-20
df1,0.65,0.0,0.65,"[1.13754661e-61 5.28378753e-52 8.90129708e-44 1.96022961e-52
 1.61075424e-57 5.73182083e-61 4.07987974e-59 6.03472099e-56
 1.67562367e-60 4.07987974e-59 1.28537148e-56 3.55862494e-54
 1.98571665e-68 8.30820763e-60 8.66108972e-52 4.87748802e-60
 6.62107000e-62 3.55862494e-54 5.00547265e-42 1.13754661e-61
 7.00791465e-41 1.41820348e-51 5.89559709e-54 1.00877229e-50
 5.67148232e-66 2.67335366e-50 5.28378753e-52 3.60781842e-56
 3.40157297e-67 1.00833823e-55 5.78417409e-45 1.00833823e-55
 4.07987974e-59 3.60781842e-56 2.05945159e-42 4.67383798e-55
 1.00833823e-55 7.77624575e-55 2.67335366e-50 8.30820763e-60
 1.17241363e-58 6.03472099e-56 6.03472099e-56 9.80545229e-61
 1.35963995e-47 2.31976235e-51 2.66373322e-53 2.91986566e-41
 3.27921374e-48 4.55991975e-57]","[1.14419204e-49 4.80962056e-35 2.47371214e-22 5.77449424e-32
 2.58531714e-40 5.00547265e-42 4.52588482e-41 2.58531714e-40
 1.64306603e-50 3.21175996e-35 2.22993385e-39 1.73815304e-33
 1.39869353e-43 6.14029324e-40 3.21175996e-35 8.92358057e-47
 3.44263650e-43 8.33270257e-33 1.64503886e-29 3.98638164e-40
 1.27976799e-27 7.79126605e-42 3.98638164e-40 8.02241615e-39
 2.27983976e-44 1.17161696e-33 1.00942344e-37 5.24109088e-39
 1.31892718e-42 1.42774613e-35 2.32827146e-37 2.78636314e-36
 3.59372037e-44 7.19492833e-35 1.76381982e-30 2.05945159e-42
 4.35811909e-38 4.52588482e-41 3.92888730e-32 2.05945159e-42
 7.00791465e-41 4.35811909e-38 4.19874897e-36 2.19550867e-43
 2.56565447e-30 7.51579753e-27 6.14029324e-40 1.73815304e-33
 8.09234334e-37 1.21147719e-41]",2.1287508283750098e-42,4.947600616327968e-24,1.0551183222402171e-41,3.4631944836964234e-23
df1,0.7000000000000001,0.0,0.7000000000000001,"[9.80545229e-61 5.28280757e-65 1.60190536e-64 3.34696584e-61
 1.05170761e-66 1.68303018e-55 3.35470507e-58 3.23766600e-66
 6.03472099e-56 1.84628285e-66 1.98571665e-68 1.67562367e-60
 1.94472818e-71 5.89559709e-54 2.40288390e-59 1.60190536e-64
 1.61075424e-57 2.40288390e-59 6.32585939e-69 1.62852672e-74
 2.31976235e-51 6.32585939e-69 6.62107000e-62 2.23586471e-62
 3.51245105e-68 2.95679025e-74 3.34696584e-61 1.98571665e-68
 1.61075424e-57 3.34696584e-61 3.22000728e-52 8.30820763e-60
 2.80617232e-55 1.94472818e-71 1.73467612e-65 9.20417879e-65
 1.98426668e-58 1.61075424e-57 2.00649704e-69 3.23766600e-66
 5.67148232e-66 1.17241363e-58 2.17967002e-47 5.73182083e-61
 3.55535840e-70 2.15460932e-56 7.77624575e-55 8.95973634e-75
 7.83398323e-49 4.83655003e-64]","[1.45226397e-39 3.61877620e-46 3.22000728e-52 3.49058990e-47
 2.27983976e-44 1.88177121e-41 4.85066545e-49 8.66108972e-52
 1.87374272e-38 1.85378592e-49 2.30592786e-45 1.45365542e-45
 3.55862494e-54 1.22668930e-38 5.65883768e-44 4.85066545e-49
 8.90129708e-44 7.00791465e-41 5.58403660e-47 2.71159835e-57
 1.22979552e-32 3.59372037e-44 1.42453006e-46 2.30592786e-45
 7.83398323e-49 7.05469515e-50 3.65403168e-45 5.65883768e-44
 3.53047956e-37 1.39869353e-43 6.63610190e-38 1.87374272e-38
 1.08397407e-40 1.64306603e-50 7.83398323e-49 2.27167277e-46
 9.44810349e-40 8.90129708e-44 1.26387580e-48 8.66108972e-52
 8.66108972e-52 1.67491922e-40 7.19492833e-35 1.22668930e-38
 1.14419204e-49 2.39365688e-34 4.52588482e-41 3.65403168e-45
 2.14251154e-35 2.03688601e-48]",4.516549504875002e-49,2.526235904297878e-34,3.051262851905011e-48,1.7211141752700122e-33
df1,0.75,0.0,0.75,"[5.36256123e-74 1.09543157e-67 8.11994820e-76 1.12138242e-68
 1.32759256e-80 2.78496894e-64 1.94472818e-71 3.48503975e-71
 1.12138242e-68 5.36256123e-74 1.08402131e-71 1.03520885e-72
 4.83655003e-64 2.40288390e-59 3.35720833e-72 6.32585939e-69
 1.65926127e-82 5.73909492e-73 6.20630182e-68 1.09543157e-67
 4.44304977e-76 3.02883737e-65 6.33684532e-70 4.59749627e-80
 7.12229959e-81 2.40288390e-59 3.93950762e-77 1.12821388e-69
 5.83529742e-82 2.71159835e-57 4.44304977e-76 1.12821388e-69
 1.41368557e-59 7.23127196e-77 1.11555042e-70 5.73909492e-73
 6.20630182e-68 5.98442251e-67 8.11994820e-76 4.35229159e-63
 6.03593190e-72 1.58514471e-79 3.02883737e-65 4.69733763e-83
 4.49681448e-88 2.95679025e-74 1.45399317e-63 8.11994820e-76
 1.08402131e-71 6.32804820e-78]","[7.51786428e-63 5.27367686e-48 5.27367686e-48 7.05469515e-50
 9.80545229e-61 1.42453006e-46 1.31892718e-42 3.22000728e-52
 1.28537148e-56 5.89559709e-54 1.41820348e-51 1.35963995e-47
 3.59372037e-44 7.00791465e-41 1.19205281e-52 1.39869353e-43
 4.34507678e-50 7.77624575e-55 1.39869353e-43 3.65403168e-45
 5.28378753e-52 2.19550867e-43 1.44479841e-44 6.91984994e-59
 1.67562367e-60 2.27983976e-44 9.75688065e-54 7.83398323e-49
 3.35470507e-58 2.05945159e-42 5.89559709e-54 1.14419204e-49
 1.88177121e-41 1.17241363e-58 2.27167277e-46 1.61299095e-53
 1.44479841e-44 5.58403660e-47 5.89559709e-54 1.44479841e-44
 1.00833823e-55 1.00833823e-55 4.85066545e-49 5.28378753e-52
 1.12821388e-69 2.67335366e-50 3.22000728e-52 5.28378753e-52
 1.26387580e-48 3.35470507e-58]",5.547599035582448e-59,1.8576142584210626e-42,3.7947966954701574e-58,1.0098244615074106e-41
df1,0.8,0.0,0.8,"[5.83529742e-82 2.04313811e-81 1.32395344e-83 4.69733763e-83
 1.11555042e-70 1.58514471e-79 1.09249502e-81 1.32590390e-76
 1.08402131e-71 1.99260921e-70 1.94472818e-71 1.03520885e-72
 3.71514939e-84 4.69733763e-83 1.66051167e-91 1.05170761e-66
 1.12138242e-68 8.54149129e-80 1.85969560e-78 1.32395344e-83
 8.54149129e-80 1.51998109e-85 3.48503975e-71 1.32759256e-80
 3.16384036e-87 3.11335148e-82 2.49517973e-83 5.83529742e-82
 3.93950762e-77 7.12229959e-81 1.65295008e-87 7.01720636e-84
 1.85969560e-78 1.03791356e-84 5.88045765e-93 4.56007306e-90
 3.40157297e-67 3.56463042e-69 6.32786916e-89 1.96475612e-84
 9.71516714e-74 1.03791356e-84 2.14384629e-77 2.93851005e-79
 5.73909492e-73 6.03593190e-72 9.71516714e-74 5.44137500e-79
 5.83529742e-82 2.93851005e-79]","[1.28537148e-56 1.29241929e-54 7.51786428e-63 1.95228637e-61
 3.27921374e-48 4.55991975e-57 3.34696584e-61 3.22000728e-52
 1.00833823e-55 3.00027002e-49 4.39427779e-53 7.05469515e-50
 1.61299095e-53 1.41368557e-59 1.67562367e-60 3.00027002e-49
 1.31892718e-42 1.95228637e-61 3.60781842e-56 1.41368557e-59
 9.75688065e-54 8.30820763e-60 3.55862494e-54 2.80617232e-55
 1.28537148e-56 2.86035082e-60 8.66108972e-52 2.86035082e-60
 8.66108972e-52 1.13754661e-61 4.07987974e-59 1.13754661e-61
 5.67148232e-66 1.19205281e-52 9.20417879e-65 1.60190536e-64
 2.30592786e-45 5.75863544e-46 1.41368557e-59 7.51786428e-63
 2.66373322e-53 9.80545229e-61 6.91984994e-59 4.39427779e-53
 7.05469515e-50 2.03688601e-48 6.18686551e-51 2.15460932e-56
 2.23586471e-62 7.77624575e-55]",2.8140543060541414e-68,2.6436300733089614e-44,1.5377515287449158e-67,1.846418508320224e-43
df1,0.8500000000000001,0.0,0.8500000000000001,"[2.64763111e-095 4.56007306e-090 1.85969560e-078 1.66051167e-091
 3.28405359e-089 1.51998109e-085 4.56007306e-090 1.34076199e-095
 3.71514939e-084 1.14959907e-092 2.04313811e-081 7.74187875e-103
 5.56898878e-098 1.62852672e-074 6.99261346e-099 1.03791356e-084
 4.32796803e-100 3.18287512e-102 1.10963247e-097 4.69733763e-083
 5.88045765e-093 3.49368581e-099 8.95973634e-075 8.54149129e-080
 6.04906014e-087 8.53187607e-092 1.10963247e-097 4.56007306e-090
 5.56898878e-098 9.20882547e-104 1.32395344e-083 5.22248187e-095
 2.14384629e-077 1.94472818e-071 3.71514939e-084 1.72947631e-096
 3.28405359e-089 1.53350669e-093 1.65295008e-087 1.62852672e-074
 1.96475612e-084 7.99410344e-086 8.83329437e-083 2.20848376e-097
 8.69173129e-100 2.49517973e-083 6.32786916e-089 6.32786916e-089
 1.10963247e-097 3.42673436e-096]","[6.03593190e-72 1.67562367e-60 1.29241929e-54 5.67148232e-66
 3.35720833e-72 6.62107000e-62 3.40157297e-67 1.03520885e-72
 2.23586471e-62 2.78496894e-64 1.61299095e-53 2.95679025e-74
 1.99260921e-70 4.39427779e-53 1.45399317e-63 4.35229159e-63
 1.94472818e-71 1.11555042e-70 1.86526077e-72 5.73182083e-61
 1.45399317e-63 1.75814506e-73 1.00877229e-50 7.77624575e-55
 9.20417879e-65 1.73467612e-65 6.03593190e-72 1.12138242e-68
 3.84964189e-62 5.44137500e-79 1.29241929e-54 6.32585939e-69
 5.28378753e-52 1.28537148e-56 3.35470507e-58 1.62852672e-74
 4.55991975e-57 4.83655003e-64 7.51786428e-63 1.41820348e-51
 1.45399317e-63 5.28280757e-65 7.77624575e-55 3.84964189e-62
 7.23127196e-77 3.84964189e-62 1.84628285e-66 1.41368557e-59
 4.92403790e-75 1.99260921e-70]",3.897767085715393e-73,2.4197071285780654e-52,2.722502837050693e-72,1.4221627348252287e-51
df1,0.9,0.0,0.9,"[6.15879083e-106 5.83529742e-082 4.32796803e-100 3.18287512e-102
 2.55501261e-111 9.20882547e-104 3.81174187e-103 1.88166010e-108
 4.37887891e-092 9.20882547e-104 1.45786612e-106 1.10963247e-097
 1.57064610e-102 3.00462961e-093 8.71890126e-097 2.33113443e-110
 1.21792979e-088 6.99261346e-099 7.74187875e-103 1.39799851e-098
 4.51863753e-104 3.43531867e-107 6.99261346e-099 4.37887891e-092
 3.00462961e-093 2.59001339e-105 1.50038437e-124 3.18287512e-102
 4.51863753e-104 1.14959907e-092 1.11687624e-110 2.34155676e-088
 1.11687624e-110 8.81591837e-090 1.02898789e-094 9.07714507e-109
 3.98124764e-094 1.66475925e-107 1.72947631e-096 6.44273589e-102
 2.99814789e-106 1.21599162e-090 1.08427351e-104 1.02898789e-094
 1.21792979e-088 1.21792979e-088 5.30232749e-105 5.30232749e-105
 1.30265891e-101 6.15879083e-106]","[1.32590390e-076 3.35470507e-058 3.43236847e-078 3.51245105e-068
 8.95973634e-075 7.12229959e-081 1.08402131e-071 2.70316908e-075
 3.17823276e-073 3.43236847e-078 6.32786916e-089 6.23856139e-071
 1.12138242e-068 1.12138242e-068 1.08402131e-071 5.44137500e-079
 1.95228637e-061 1.62852672e-074 2.14384629e-077 1.48234930e-075
 1.03520885e-072 6.03593190e-072 6.33684532e-070 9.75688065e-054
 5.36256123e-074 4.59749627e-080 1.06947759e-100 6.32585939e-069
 5.83529742e-082 2.70316908e-075 7.23127196e-077 4.35229159e-063
 4.69733763e-083 1.98571665e-068 9.92411958e-066 1.15526050e-086
 7.23127196e-077 4.59749627e-080 1.45399317e-063 1.75814506e-073
 5.73909492e-073 1.41368557e-059 4.44304977e-076 1.29719007e-062
 1.05170761e-066 4.83655003e-064 2.49517973e-083 6.03593190e-072
 1.13754661e-061 3.48503975e-071]",1.1670607032714215e-83,1.9514461166813602e-55,8.16941621329805e-83,1.3659622916813662e-54
df1,0.9500000000000001,0.0,0.9500000000000001,"[1.32395344e-083 4.85997494e-110 7.84645245e-121 2.10514288e-109
 4.85997494e-110 1.56663455e-115 3.16268593e-114 3.18287512e-102
 8.05827457e-108 2.33113443e-110 4.06843613e-131 1.30265891e-101
 1.45786612e-106 6.84127225e-125 8.05827457e-108 9.07714507e-109
 1.01652477e-129 7.05518906e-115 3.00462961e-093 4.51863753e-104
 1.01205796e-109 1.50038437e-124 2.64763111e-095 1.39799851e-098
 1.41127475e-113 1.49462228e-114 1.26370308e-105 3.59598810e-132
 5.81830416e-112 1.21995247e-111 9.20882547e-104 4.39057786e-097
 1.21995247e-111 3.32649959e-115 1.62522975e-116 1.41739559e-125
 2.99814789e-106 1.45786612e-106 7.05518906e-115 3.56765397e-117
 4.37383916e-109 2.99814789e-106 1.66475925e-107 8.05827457e-108
 2.71351259e-127 1.11687624e-110 6.78202527e-096 2.33113443e-110
 1.49462228e-114 4.37383916e-109]","[2.40288390e-059 1.03791356e-084 1.32759256e-080 3.11335148e-082
 4.19972342e-086 4.44304977e-076 1.96475612e-084 1.58514471e-079
 1.32590390e-076 4.69733763e-083 8.71890126e-097 1.94472818e-071
 1.62852672e-074 4.37887891e-092 5.44137500e-079 1.51998109e-085
 4.39057786e-097 5.44137500e-079 3.34696584e-061 6.32804820e-078
 8.54149129e-080 1.15526050e-086 1.86526077e-072 1.48234930e-075
 7.01720636e-084 3.28405359e-089 2.47190518e-080 9.20882547e-104
 2.34155676e-088 1.65926127e-082 3.17823276e-073 4.59749627e-080
 2.47190518e-080 2.04313811e-081 2.47190518e-080 5.88045765e-093
 6.32804820e-078 1.85969560e-078 8.83329437e-083 1.21599162e-090
 4.92403790e-075 2.42847792e-076 2.95679025e-074 3.93950762e-077
 2.20848376e-097 1.00649935e-078 3.51245105e-068 2.88686263e-085
 2.93851005e-079 4.59749627e-080]",2.6479068731532963e-85,4.872707121883776e-61,1.8535348107732587e-84,3.3634074616862596e-60
df1,1.0,0.0,1.0,"[1.69558264e-118 1.62522975e-116 1.57064610e-102 2.33052754e-135
 1.41127475e-113 3.54443794e-122 3.67099579e-119 3.16357866e-142
 6.44273589e-102 7.84645245e-121 2.99814789e-106 1.02479477e-135
 7.89408622e-119 8.08221677e-132 7.91123773e-120 3.43101012e-123
 3.62364483e-121 4.55467848e-130 6.44273589e-102 2.33113443e-110
 6.44036529e-126 9.14846799e-141 1.41127475e-113 3.81174187e-103
 1.20103174e-134 6.44036529e-126 1.62932937e-122 3.49368581e-099
 5.84114683e-143 2.33113443e-110 3.28672716e-124 5.53102464e-128
 7.36968843e-116 5.97340427e-139 1.57171273e-123 1.32505188e-126
 1.12671987e-139 5.04562598e-129 2.72168499e-134 2.71351259e-127
 2.77174564e-112 7.79563234e-118 3.43101012e-123 9.14846799e-141
 3.11577768e-125 1.01205796e-109 8.05827457e-108 6.44036529e-126
 1.65526914e-137 2.49277144e-128]","[7.01720636e-084 2.35609537e-090 2.93851005e-079 2.15264578e-100
 1.03791356e-084 2.34155676e-088 5.83529742e-082 2.20848376e-097
 6.04906014e-087 2.20389449e-086 1.58514471e-079 6.44273589e-102
 1.14959907e-092 1.53350669e-093 4.56007306e-090 1.39799851e-098
 2.34155676e-088 1.53350669e-093 6.03593190e-072 1.03520885e-072
 8.62627431e-088 2.64763111e-095 4.49681448e-088 2.70316908e-075
 1.21995247e-111 8.71890126e-097 2.35609537e-090 1.93137901e-067
 1.66475925e-107 5.44137500e-079 2.79180826e-098 4.32796803e-100
 3.71514939e-084 4.51863753e-104 1.65295008e-087 2.15264578e-100
 2.63087943e-101 4.37887891e-092 1.66051167e-091 2.64763111e-095
 4.59749627e-080 2.34155676e-088 1.53350669e-093 2.63087943e-101
 2.35609537e-090 1.62852672e-074 7.12229959e-081 1.21599162e-090
 4.51863753e-104 4.56007306e-090]",7.017046825927578e-101,3.862899818660765e-69,4.890752796485679e-100,2.7039285868368444e-68
df2,0.0,0.0,0.0,"[0.71851426 0.61225166 0.11135888 0.17249627 0.58582128 0.58582128
 0.18488568 0.24148215 0.29176485 0.50859953 0.93482727 0.8633028
 0.3490397  0.32916807 0.45963725 0.3490397  0.1200888  0.69212796
 0.69212796 0.77002924 0.29176485 0.45963725 0.22624166 0.17249627
 0.27423335 0.32916807 0.17249627 0.8633028  0.22624166 0.19796045
 0.74453538 0.58582128 0.43609338 0.00725489 0.88359176 0.07520917
 0.69212796 0.21173982 0.09546732 0.07520917 0.77002924 0.63886042
 0.06932183 0.16077182 0.79482654 0.99589898 0.63886042 0.21173982
 0.31007573 0.32916807]","[0.36968362 0.94837208 0.18488568 0.03809482 0.50859953 0.58582128
 0.50859953 0.69212796 0.22624166 0.41323244 0.63886042 0.48382277
 0.29176485 0.29176485 0.97808957 0.32916807 0.88359176 0.50859953
 0.50859953 0.69212796 0.29176485 0.32916807 0.27423335 0.07520917
 0.39108739 0.8633028  0.43609338 0.41323244 0.41323244 0.8633028
 0.96007647 0.07520917 0.22624166 0.04542867 0.66552932 0.16077182
 0.63886042 0.55967522 0.53390728 0.29176485 0.98957839 0.84163603
 0.02903392 0.02410401 0.93482727 0.69212796 0.27423335 0.81875363
 0.43609338 0.31007573]",0.4302506041609609,0.4788120624805671,0.27202770473377685,0.2788988062889545
df2,0.05,0.05,0.0,"[0.00132017 0.43609338 0.48382277 0.41323244 0.06932183 0.3490397
 0.71851426 0.21173982 0.41323244 0.0539576  0.139232   0.31007573
 0.63886042 0.63886042 0.48382277 0.39108739 0.17249627 0.12937218
 0.3490397  0.12937218 0.58582128 0.48382277 0.91946676 0.96007647
 0.74453538 0.61225166 0.66552932 0.139232   0.69212796 0.53390728
 0.3490397  0.02410401 0.24148215 0.79482654 0.25747545 0.77002924
 0.29176485 0.25747545 0.19796045 0.69212796 0.17249627 0.58582128
 0.74453538 0.77002924 0.84163603 0.139232   0.18488568 0.8633028
 0.27423335 0.61225166]","[0.02646763 0.48382277 0.18488568 0.71851426 0.0416213  0.05871658
 0.71851426 0.63886042 0.3490397  0.01217651 0.02192948 0.50859953
 0.45963725 0.53390728 0.55967522 0.84163603 0.06932183 0.08151459
 0.22624166 0.77002924 0.16077182 0.71851426 0.8633028  0.74453538
 0.18488568 0.43609338 0.3490397  0.04953464 0.43609338 0.32916807
 0.21173982 0.00725489 0.12937218 0.43609338 0.01217651 0.79482654
 0.27423335 0.63886042 0.32916807 0.29176485 0.66552932 0.48382277
 0.3490397  0.97808957 0.90235528 0.11135888 0.02903392 0.84163603
 0.01993114 0.55967522]",0.4386794763303225,0.3928602429807648,0.26295383570488806,0.2900650025201986
df2,0.1,0.1,0.0,"[0.74453538 0.09546732 0.04953464 0.12937218 0.10315938 0.03809482
 0.77002924 0.08151459 0.58582128 0.53390728 0.36968362 0.66552932
 0.12937218 0.08825991 0.81875363 0.48382277 0.8633028  0.77002924
 0.58582128 0.01217651 0.139232   0.01487416 0.45963725 0.55967522
 0.45963725 0.41323244 0.17249627 0.39108739 0.43609338 0.91946676
 0.29176485 0.48382277 0.77002924 0.55967522 0.96007647 0.29176485
 0.16077182 0.32916807 0.1200888  0.00268159 0.22624166 0.01641475
 0.14969106 0.58582128 0.61225166 0.48382277 0.00992823 0.24148215
 0.19796045 0.96996014]","[4.83822766e-01 2.90339156e-02 8.31541824e-05 8.95145539e-03
 4.95346404e-02 3.36894521e-03 4.59637254e-01 7.11507895e-04
 1.49691056e-01 4.59637254e-01 1.11358879e-01 8.41636027e-01
 4.95346404e-02 9.13835051e-04 9.02355278e-01 3.80948244e-02
 2.11739817e-01 4.54286666e-02 4.36093382e-01 1.48940867e-03
 6.52148041e-03 3.18171260e-02 1.84885683e-01 1.29372179e-01
 2.74233349e-01 1.29372179e-01 2.38884447e-03 3.18171260e-02
 8.82599083e-02 3.29168072e-01 5.87165796e-02 9.54673207e-02
 3.69683622e-01 1.03159376e-01 3.91087390e-01 1.21765095e-02
 7.25488863e-03 2.74233349e-01 1.80967606e-02 3.95729931e-06
 1.03408932e-03 1.03408932e-03 5.33907283e-01 4.95346404e-02
 5.39576008e-02 4.13232440e-01 5.25376643e-03 3.18171260e-02
 2.64676308e-02 9.19466758e-01]",0.38694074596076555,0.17713075662600544,0.2869244853417587,0.23864615423397084
df2,0.15000000000000002,0.15000000000000002,0.0,"[0.88359176 0.01346465 0.01217651 0.32916807 0.08151459 0.17249627
 0.139232   0.84163603 0.00725489 0.0539576  0.27423335 0.29176485
 0.55967522 0.0416213  0.14969106 0.27423335 0.01100057 0.8633028
 0.16077182 0.03809482 0.03809482 0.50859953 0.10315938 0.18488568
 0.08825991 0.39108739 0.05871658 0.45963725 0.14969106 0.00167865
 0.25747545 0.43609338 0.19796045 0.31007573 0.01809676 0.55967522
 0.08151459 0.06383124 0.10315938 0.90235528 0.04953464 0.04542867
 0.55967522 0.61225166 0.63886042 0.39108739 0.43609338 0.12937218
 0.06932183 0.01217651]","[3.48322136e-02 1.02917236e-05 9.58129418e-05 8.95145539e-03
 5.85633896e-03 1.67865304e-03 8.06268875e-03 2.26241661e-01
 4.03308445e-05 3.36894521e-03 3.48322136e-02 5.39576008e-02
 1.21765095e-02 2.68158880e-03 1.21765095e-02 2.41482152e-01
 1.67194217e-04 4.95346404e-02 1.64147482e-02 1.16899447e-03
 8.06755085e-04 2.41040115e-02 2.68158880e-03 1.67865304e-03
 2.68158880e-03 1.99311438e-02 2.68158880e-03 7.52091658e-02
 2.19294824e-02 1.45688880e-04 1.64147482e-02 3.10075730e-01
 7.25488863e-03 1.60771824e-01 7.11507895e-04 5.87165796e-02
 3.36894521e-03 4.26159664e-04 5.85633896e-03 7.94826541e-01
 2.51182002e-04 6.26876255e-04 2.57475452e-01 1.60771824e-01
 4.83822766e-01 6.93218252e-02 3.80948244e-02 9.92823487e-03
 2.64676308e-02 1.32017364e-03]",0.2611346222460482,0.06544168523433885,0.25697971651248414,0.14155650469204556
df2,0.2,0.2,0.0,"[0.00268159 0.01993114 0.12937218 0.00525377 0.00167865 0.03181713
 0.05871658 0.02192948 0.0539576  0.17249627 0.1200888  0.06932183
 0.01993114 0.0416213  0.03809482 0.03181713 0.32916807 0.69212796
 0.39108739 0.12937218 0.03181713 0.18488568 0.00421554 0.00212592
 0.07520917 0.16077182 0.01217651 0.19796045 0.00268159 0.01641475
 0.77002924 0.63886042 0.08825991 0.02646763 0.32916807 0.39108739
 0.25747545 0.29176485 0.31007573 0.27423335 0.00212592 0.36968362
 0.98457739 0.31007573 0.29176485 0.3490397  0.00300719 0.01809676
 0.18488568 0.01346465]","[8.31541824e-05 6.26876255e-04 1.26822204e-04 2.58137431e-05
 4.67045972e-05 2.19534247e-04 9.58129418e-05 5.46398884e-06
 2.12592488e-03 6.26876255e-04 1.99311438e-02 1.16899447e-03
 2.19534247e-04 1.67194217e-04 5.46398884e-06 1.26822204e-04
 3.18171260e-02 8.06268875e-03 1.20265345e-05 2.64676308e-02
 2.87103585e-04 8.95145539e-03 7.51402754e-06 6.41076366e-06
 5.25376643e-03 2.64676308e-02 5.25376643e-03 2.99835482e-05
 6.24445815e-05 1.20265345e-05 3.80948244e-02 1.39231997e-01
 4.26159664e-04 2.19534247e-04 2.12592488e-03 4.54286666e-02
 4.54286666e-02 1.48741570e-02 2.68158880e-03 9.92823487e-03
 1.20265345e-05 3.80948244e-02 2.90339156e-02 9.92823487e-03
 1.80967606e-02 1.21765095e-02 2.85456402e-06 7.20954134e-05
 7.11507895e-04 3.47919250e-05]",0.17905734210581525,0.010897939715484339,0.21801159336440504,0.02246986459289627
df2,0.25,0.25,0.0,"[3.80948244e-02 1.99311438e-02 7.18514257e-01 9.92823487e-03
 1.60771824e-01 3.49039701e-01 9.54673207e-02 3.77043497e-03
 1.67865304e-03 5.85633896e-03 3.47919250e-05 8.15145929e-02
 1.80967606e-02 1.32017364e-03 8.15145929e-02 4.59637254e-01
 2.41040115e-02 1.91681353e-04 1.67865304e-03 4.16212987e-02
 6.92127962e-01 1.67865304e-03 1.29372179e-01 3.00718998e-03
 5.08599525e-01 5.87165796e-02 8.06268875e-03 7.52091658e-02
 1.48741570e-02 1.11358879e-01 1.89004559e-03 2.22014992e-05
 1.60771824e-01 2.12592488e-03 5.39576008e-02 5.87165796e-02
 3.48322136e-02 1.97960446e-01 6.93218252e-02 9.54673207e-02
 5.08599525e-01 4.85152370e-04 1.39231997e-01 4.16212987e-02
 2.64676308e-02 1.03159376e-01 9.92823487e-03 1.48940867e-03
 1.67194217e-04 1.03408932e-03]","[1.67194217e-04 1.45688880e-04 8.06268875e-03 1.23948622e-06
 5.51757155e-04 1.91681353e-04 7.20954134e-05 1.45688880e-04
 5.46398884e-06 3.09615598e-07 1.04864874e-07 1.48940867e-03
 8.81579698e-07 4.89436847e-09 2.99835482e-05 1.26822204e-04
 1.46749215e-06 1.04864874e-07 4.99357648e-08 1.02917236e-05
 1.99311438e-02 1.90755446e-05 1.64147482e-02 2.42077577e-06
 8.06268875e-03 7.11507895e-04 3.69535722e-07 2.99835482e-05
 1.04864874e-07 4.21554189e-03 2.85456402e-06 1.23948622e-06
 3.00718998e-03 2.58137431e-05 2.38884447e-03 1.21765095e-02
 5.40313022e-05 2.19534247e-04 1.16899447e-03 1.03408932e-03
 6.52148041e-03 1.81007354e-07 1.48940867e-03 2.99835482e-05
 4.67045972e-05 1.10287908e-04 2.42077577e-06 4.65235514e-06
 1.51046944e-07 2.85456402e-06]",0.10446046822448274,0.0017735547652143317,0.1738205678627006,0.004172846102859828
df2,0.30000000000000004,0.30000000000000004,0.0,"[8.06268875e-03 6.52148041e-03 3.27832948e-04 3.18171260e-02
 8.95145539e-03 2.51182002e-04 8.95145539e-03 8.06268875e-03
 4.03308445e-05 4.95346404e-02 8.06755085e-04 1.49691056e-01
 1.11358879e-01 1.67194217e-04 5.46398884e-06 1.16899447e-03
 1.16899447e-03 4.26159664e-04 3.73964604e-04 2.64676308e-02
 1.21765095e-02 2.51182002e-04 2.38884447e-03 1.32017364e-03
 6.52148041e-03 2.11739817e-01 9.13835051e-04 7.52091658e-02
 2.19534247e-04 2.12592488e-03 1.48940867e-03 1.91681353e-04
 5.25376643e-03 8.86732425e-09 3.00718998e-03 1.80967606e-02
 5.25376643e-03 1.80967606e-02 2.38884447e-03 5.51757155e-04
 5.59675216e-01 4.54286666e-02 1.97960446e-01 9.58129418e-05
 6.93218252e-02 3.36894521e-03 1.67865304e-03 8.06755085e-04
 4.54286666e-02 1.99311438e-02]","[1.25918603e-07 3.09615598e-07 6.02037032e-08 1.26822204e-04
 2.05084189e-06 5.24820678e-07 7.42361542e-07 1.51046944e-07
 1.45098666e-09 4.85152370e-04 2.18488808e-09 3.47919250e-05
 1.20265345e-05 3.35473948e-10 5.92172623e-11 7.28113471e-09
 8.72433497e-08 1.04864874e-07 5.24820678e-07 1.45688880e-04
 4.40608072e-07 9.59715417e-10 1.93100400e-08 1.25918603e-07
 3.95729931e-06 3.27832948e-04 1.81007354e-07 8.31541824e-05
 3.35473948e-10 3.79972059e-11 1.16899447e-03 3.27672622e-09
 3.09615598e-07 1.33749750e-15 8.81579698e-07 1.93100400e-08
 8.72433497e-08 3.36269816e-06 1.23948622e-06 7.28113471e-09
 2.87103585e-04 7.42361542e-07 1.67194217e-04 4.00670801e-09
 4.21554189e-03 1.25918603e-07 4.00670801e-09 8.86732425e-09
 1.93100400e-08 1.40396435e-05]",0.03450097031055425,0.00014169152678247856,0.08865515254932076,0.0006104516085422537
df2,0.35000000000000003,0.35000000000000003,0.0,"[1.32017364e-03 6.12251659e-01 5.25376643e-03 2.87103585e-04
 4.13232440e-01 2.11739817e-01 3.27832948e-04 1.97960446e-01
 4.67045972e-05 2.41482152e-01 2.64676308e-02 2.87103585e-04
 8.79830246e-06 7.20954134e-05 2.12592488e-03 3.48322136e-02
 8.15145929e-02 3.69683622e-01 1.34646549e-02 1.48940867e-03
 2.19534247e-04 2.22014992e-05 1.91681353e-04 3.48322136e-02
 1.80967606e-02 8.15145929e-02 1.16899447e-03 8.06755085e-04
 1.67194217e-04 1.16899447e-03 2.68158880e-03 3.48322136e-02
 1.40396435e-05 9.13835051e-04 4.03308445e-05 1.32017364e-03
 3.36894521e-03 4.67045972e-05 5.40313022e-05 8.79830246e-06
 8.06268875e-03 3.09615598e-07 1.26822204e-04 4.26159664e-04
 1.32017364e-03 4.16212987e-02 3.18171260e-02 1.45688880e-04
 4.54286666e-02 1.60771824e-01]","[1.23948622e-06 4.85152370e-04 5.92172623e-11 2.81965513e-13
 4.85152370e-04 3.47919250e-05 1.76400398e-10 2.42077577e-06
 4.58538879e-13 4.03308445e-05 1.07881685e-08 3.35473948e-10
 3.59754634e-13 1.05328756e-13 1.78141737e-09 1.31118659e-08
 6.24499263e-07 1.91681353e-04 3.27672622e-09 1.04864874e-07
 3.79972059e-11 2.95255083e-15 2.18772050e-10 8.72433497e-08
 7.28113471e-09 1.81007354e-07 3.03909276e-11 3.27672622e-09
 9.59715417e-10 1.76400398e-10 2.18772050e-10 1.46749215e-06
 3.87118023e-14 1.51046944e-07 1.08277464e-14 4.13773042e-08
 1.02917236e-05 1.54554888e-11 3.27672622e-09 1.34933703e-13
 4.99357648e-08 1.39985076e-14 5.12353012e-10 1.42091476e-10
 2.59150246e-07 4.99357648e-08 1.73569175e-06 1.76400398e-10
 1.81007354e-07 6.41076366e-06]",0.053700769630600546,2.5249014330667764e-05,0.1207765374870864,9.783751371821617e-05
df2,0.4,0.4,0.0,"[2.67703473e-09 1.45688880e-04 2.42077577e-06 1.20265345e-05
 1.02917236e-05 1.45688880e-04 1.32017364e-03 3.27832948e-04
 7.25098046e-08 1.67865304e-03 7.11507895e-04 2.19534247e-04
 7.42361542e-07 5.40313022e-05 1.40396435e-05 2.64676308e-02
 1.45688880e-04 3.80948244e-02 1.29372179e-01 2.51182002e-04
 5.24820678e-07 5.40313022e-05 1.93100400e-08 4.21554189e-03
 5.51757155e-04 1.45688880e-04 8.81579698e-07 1.91681353e-04
 8.72433497e-08 9.13835051e-04 1.81007354e-07 1.63732496e-05
 4.70847031e-03 2.42077577e-06 1.03408932e-03 3.80948244e-02
 3.00718998e-03 5.85633896e-03 3.00718998e-03 1.48940867e-03
 1.40396435e-05 2.12592488e-03 8.06755085e-04 3.95729931e-06
 1.90755446e-05 1.99311438e-02 5.51757155e-04 2.87103585e-04
 2.99835482e-05 2.87103585e-04]","[1.06410050e-20 2.67703473e-09 2.67024896e-16 1.92461767e-12
 3.00652497e-14 2.71047184e-10 2.71047184e-10 3.79972059e-11
 6.60370667e-20 5.97265054e-09 3.79972059e-11 1.42091476e-10
 1.44619791e-20 1.31118659e-08 4.90739183e-12 8.72433497e-08
 2.33262567e-14 4.13773042e-08 2.05084189e-06 1.70510155e-18
 2.03413945e-16 1.76400398e-10 3.83661921e-15 1.18065325e-09
 6.32216726e-10 2.18488808e-09 6.45842239e-15 2.71047184e-10
 9.53441021e-18 6.32216726e-10 9.52846065e-19 7.38137688e-11
 6.32216726e-10 2.26988766e-15 5.92172623e-11 5.12353012e-10
 5.12353012e-10 1.04585220e-06 5.92172623e-11 1.19798113e-12
 1.93824891e-11 6.32216726e-10 4.99357648e-08 2.33262567e-14
 2.42826791e-11 1.59199965e-08 9.19151252e-11 6.32216726e-10
 9.79737413e-12 3.88941584e-12]",0.005726431832993273,6.644081295328704e-08,0.019598766703612665,3.1910294417520186e-07
df2,0.45,0.45,0.0,"[7.42361542e-07 1.04864874e-07 2.42077577e-06 8.79830246e-06
 1.46749215e-06 3.77043497e-03 5.51757155e-04 1.29372179e-01
 2.19534247e-04 1.04585220e-06 7.25488863e-03 6.52148041e-03
 8.06755085e-04 1.59199965e-08 4.21554189e-03 5.85633896e-03
 3.73964604e-04 2.87103585e-04 5.51757155e-04 1.45098666e-09
 4.26159664e-04 3.69535722e-07 7.42361542e-07 4.85152370e-04
 2.99835482e-05 3.73964604e-04 4.26159664e-04 2.42077577e-06
 2.19534247e-04 1.80967606e-02 8.06755085e-04 1.91681353e-04
 2.42077577e-06 9.13835051e-04 1.90755446e-05 1.90755446e-05
 1.91681353e-04 1.91681353e-04 2.58137431e-05 1.20265345e-05
 3.73964604e-04 6.24499263e-07 1.04864874e-07 5.40313022e-05
 6.02037032e-08 4.85152370e-04 2.51182002e-04 1.26822204e-04
 1.46749215e-06 2.58137431e-05]","[3.89102510e-17 3.89102510e-17 8.21358136e-14 2.03413945e-16
 7.84899525e-16 1.23116467e-11 1.54554888e-11 7.51402754e-06
 5.97265054e-09 2.03413945e-16 4.89436847e-09 1.14339735e-10
 5.83855471e-13 2.95255083e-15 5.83855471e-13 3.07948375e-12
 1.93824891e-11 1.67853513e-17 1.51920849e-12 1.70510155e-18
 2.33262567e-14 3.83661921e-15 3.89102510e-17 5.83855471e-13
 2.81965513e-13 2.18772050e-10 7.38137688e-11 8.93744884e-17
 1.72684385e-13 3.35473948e-10 8.21358136e-14 9.43717929e-13
 6.00359848e-16 9.43717929e-13 1.08277464e-14 1.26570821e-17
 1.19798113e-12 8.36667685e-15 1.34933703e-13 2.03413945e-16
 1.74328977e-15 6.39848579e-14 4.94023307e-23 3.50171296e-16
 4.21288896e-21 1.19798113e-12 2.43574207e-12 3.03909276e-11
 5.30299497e-19 6.45842239e-15]",0.003671016994913355,1.5051456897524334e-07,0.018197063220959653,1.0519309667635383e-06
df2,0.5,0.5,0.0,"[6.41076366e-06 3.36269816e-06 1.23948622e-06 6.24499263e-07
 4.03308445e-05 1.90755446e-05 1.67194217e-04 1.48940867e-03
 8.79830246e-06 8.86732425e-09 5.12353012e-10 2.59150246e-07
 9.43717929e-13 2.42077577e-06 1.46749215e-06 1.93100400e-08
 1.46749215e-06 2.22014992e-05 1.05328756e-13 1.48741570e-02
 2.58137431e-05 2.99835482e-05 6.41076366e-06 6.24445815e-05
 8.79830246e-06 7.25488863e-03 8.31541824e-05 2.22014992e-05
 9.19151252e-11 4.99357648e-08 1.63732496e-05 3.73964604e-04
 3.95729931e-06 1.91681353e-04 8.72433497e-08 1.63732496e-05
 3.95729931e-06 1.20265345e-05 1.16899447e-03 2.58137431e-05
 1.40396435e-05 2.42826791e-11 2.58137431e-05 2.85456402e-06
 1.63732496e-05 3.36269816e-06 8.79830246e-06 1.48940867e-03
 4.65235514e-06 1.23948622e-06]","[3.95007214e-19 5.74326505e-21 6.60370667e-20 2.27745029e-18
 3.83661921e-15 1.20365650e-19 4.58538879e-13 2.43574207e-12
 3.50171296e-16 3.08714081e-21 2.47371214e-22 2.26988766e-15
 6.64674147e-25 5.13913233e-17 5.13913233e-17 7.82155399e-21
 1.26570821e-17 1.51920849e-12 3.08714081e-21 6.02037032e-08
 2.03413945e-16 1.67853513e-17 4.58740572e-16 1.08277464e-14
 2.67024896e-16 6.18553174e-12 3.87118023e-14 6.00359848e-16
 9.61617488e-24 5.39368124e-18 5.13913233e-17 3.59754634e-13
 6.78067547e-17 2.33262567e-14 2.18494984e-19 9.53441021e-18
 2.94303610e-17 1.05328756e-13 1.34933703e-13 1.19798113e-12
 4.97944383e-14 3.40355762e-22 2.27745029e-18 1.67853513e-17
 1.74328977e-15 2.94303610e-17 7.84899525e-16 1.19798113e-12
 5.30299497e-19 9.52846065e-19]",0.0005502392831143072,1.2043486353338324e-09,0.0023011380099894675,8.42847928407608e-09
df2,0.55,0.55,0.0,"[1.51046944e-07 1.51046944e-07 1.51920849e-12 1.63732496e-05
 1.59199965e-08 2.83236331e-08 1.54554888e-11 5.97265054e-09
 5.46398884e-06 8.81579698e-07 2.58137431e-05 2.16691945e-07
 1.40396435e-05 2.58137431e-05 6.02037032e-08 1.25918603e-07
 7.28113471e-09 7.11507895e-04 9.79737413e-12 6.24499263e-07
 3.36269816e-06 2.59150246e-07 2.87103585e-04 2.87103585e-04
 7.79334122e-10 1.25918603e-07 1.10287908e-04 2.05084189e-06
 2.58137431e-05 1.31118659e-08 1.48940867e-03 5.40313022e-05
 1.45688880e-04 2.85456402e-06 1.40396435e-05 2.19534247e-04
 7.42361542e-07 4.13773042e-08 1.81007354e-07 6.41076366e-06
 4.65235514e-06 7.28113471e-09 4.13773042e-08 7.79334122e-10
 5.24820678e-07 1.10287908e-04 3.03909276e-11 2.16691945e-07
 8.72433497e-08 1.93100400e-08]","[1.65262693e-21 1.20365650e-19 6.25831333e-28 1.27528784e-18
 2.57505865e-23 9.61617488e-24 5.74326505e-21 2.14737506e-26
 1.70510155e-18 1.70510155e-18 2.22374207e-17 5.74326505e-21
 1.54798729e-16 3.03881495e-18 1.27528784e-18 3.95007214e-19
 1.85625733e-23 1.72684385e-13 1.17161696e-33 3.40355762e-22
 3.40355762e-22 1.30270202e-22 1.34933703e-13 1.39985076e-14
 2.60622931e-27 3.89102510e-17 1.80794013e-14 2.22374207e-17
 2.03413945e-16 8.81076169e-22 8.36667685e-15 2.67024896e-16
 9.52846065e-19 2.22374207e-17 6.45842239e-15 3.87118023e-14
 6.60370667e-20 1.70510155e-18 2.57505865e-23 7.11203305e-19
 1.70510155e-18 2.22374207e-17 1.70510155e-18 8.81076169e-22
 4.21288896e-21 2.67024896e-16 1.27976799e-27 1.30270202e-22
 1.20730402e-21 1.44619791e-20]",7.132345410375786e-05,7.88538833692386e-15,0.00023386036430469024,3.067617450224843e-14
df2,0.6000000000000001,0.6000000000000001,0.0,"[8.72433497e-08 3.79972059e-11 6.02037032e-08 1.59199965e-08
 1.40396435e-05 3.00652497e-14 5.46398884e-06 3.95729931e-06
 7.51402754e-06 2.81965513e-13 9.79737413e-12 7.25098046e-08
 3.95729931e-06 1.46749215e-06 3.09615598e-07 2.85456402e-06
 4.14795066e-10 1.10287908e-04 5.46398884e-06 1.14339735e-10
 9.19151252e-11 2.16691945e-07 1.31118659e-08 5.25376643e-03
 3.42511079e-08 5.51757155e-04 2.18488808e-09 5.30299497e-19
 4.00670801e-09 1.45688880e-04 1.81007354e-07 5.24820678e-07
 3.59754634e-13 4.03308445e-05 6.24499263e-07 2.16691945e-07
 3.73964604e-04 1.54554888e-11 1.73569175e-06 1.42091476e-10
 1.46749215e-06 2.18488808e-09 1.25918603e-07 3.69535722e-07
 2.99835482e-05 3.47919250e-05 1.63732496e-05 6.41076366e-06
 3.69535722e-07 3.73964604e-04]","[3.04081795e-26 5.41174667e-30 6.60370667e-20 1.79605588e-22
 2.57505865e-23 3.92888730e-32 2.27745029e-18 2.27745029e-18
 4.05057199e-18 2.66678482e-31 7.84752977e-30 5.74326505e-21
 1.20365650e-19 9.31581113e-25 7.17482117e-18 1.27528784e-18
 8.58131384e-26 5.39368124e-18 8.92004797e-20 1.64503886e-29
 4.36966274e-28 1.96348850e-20 9.61617488e-24 1.19798113e-12
 1.82433512e-24 2.81965513e-13 3.37322101e-25 3.53047956e-37
 4.73751051e-25 2.67024896e-16 1.26570821e-17 3.08714081e-21
 2.66678482e-31 9.61617488e-24 4.94023307e-23 3.55797286e-24
 6.78067547e-17 1.51487883e-26 1.44619791e-20 7.51579753e-27
 1.06410050e-20 9.61617488e-24 1.79605588e-22 1.79605588e-22
 1.20365650e-19 3.50171296e-16 9.53441021e-18 1.70510155e-18
 6.42340318e-22 4.58740572e-16]",0.00013976944315415745,2.962274358118248e-14,0.0007382034545158081,1.7151025570137136e-13
df2,0.65,0.65,0.0,"[2.22014992e-05 4.14795066e-10 8.93744884e-17 1.92461767e-12
 3.42511079e-08 3.36269816e-06 2.05084189e-06 2.05084189e-06
 1.51046944e-07 1.04864874e-07 1.04585220e-06 1.31118659e-08
 1.26822204e-04 3.95729931e-06 9.59715417e-10 8.81579698e-07
 6.24499263e-07 4.00670801e-09 4.05057199e-18 2.58137431e-05
 1.02511949e-15 4.00670801e-09 1.42091476e-10 1.04585220e-06
 9.58129418e-05 3.87118023e-14 4.74591296e-11 1.51046944e-07
 1.20265345e-05 9.59715417e-10 5.83855471e-13 4.14795066e-10
 1.04585220e-06 5.97265054e-09 8.36667685e-15 3.27672622e-09
 1.51046944e-07 8.86732425e-09 1.78141737e-09 8.72433497e-08
 2.05084189e-06 2.18488808e-09 1.45098666e-09 8.31541824e-05
 1.92461767e-12 3.03909276e-11 3.42511079e-08 2.71047184e-10
 1.14339735e-10 4.13773042e-08]","[8.93744884e-17 8.95402666e-28 3.21237555e-42 1.76381982e-30
 3.37322101e-25 3.71348188e-27 3.40355762e-22 9.43897459e-23
 9.61617488e-24 1.30432533e-24 1.82433512e-24 4.30155538e-26
 6.42340318e-22 3.08714081e-21 4.96114708e-24 1.30270202e-22
 5.74326505e-21 1.22979552e-32 1.60509935e-34 6.83217462e-23
 7.88918156e-34 1.27976799e-27 1.27976799e-27 1.21017203e-25
 2.18494984e-19 3.92888730e-32 2.14737506e-26 5.74326505e-21
 9.52846065e-19 3.71348188e-27 2.67038982e-32 1.21132482e-30
 1.62253462e-19 2.57596005e-33 2.78636314e-36 6.07873598e-26
 9.43897459e-23 3.55797286e-24 1.73815304e-33 8.81076169e-22
 4.94023307e-23 2.12365474e-28 3.71348188e-27 1.27528784e-18
 7.13959478e-29 3.81363460e-33 2.54904105e-24 2.54904105e-24
 2.14737506e-26 7.51579753e-27]",7.695008217281649e-06,1.8400054391548455e-18,2.4724874573179846e-05,1.2506899371543055e-17
df2,0.7000000000000001,0.7000000000000001,0.0,"[4.74591296e-11 6.02037032e-08 9.58129418e-05 1.07881685e-08
 8.72433497e-08 4.74591296e-11 9.19151252e-11 8.79830246e-06
 3.03909276e-11 1.18065325e-09 1.51046944e-07 7.79334122e-10
 2.59150246e-07 1.72684385e-13 4.89436847e-09 5.97265054e-09
 1.93824891e-11 7.78867068e-12 7.28113471e-09 1.04864874e-07
 6.18553174e-12 6.02037032e-08 1.93824891e-11 3.79972059e-11
 1.78141737e-09 1.26822204e-04 8.86732425e-09 1.14339735e-10
 9.43717929e-13 7.42666811e-13 2.20772463e-13 2.42826791e-11
 1.93824891e-11 1.51046944e-07 1.78141737e-09 1.25918603e-07
 4.97944383e-14 5.83855471e-13 1.07881685e-08 1.04864874e-07
 1.25918603e-07 3.35473948e-10 4.58740572e-16 9.59715417e-10
 3.07948375e-12 6.45842239e-15 4.58538879e-13 1.78141737e-09
 7.38137688e-11 2.18772050e-10]","[7.13959478e-29 9.43897459e-23 2.18494984e-19 4.95418960e-29
 2.60622931e-27 1.21132482e-30 3.04081795e-26 3.56853685e-23
 6.25831333e-28 5.28569498e-27 1.06757971e-26 1.21017203e-25
 6.64674147e-25 1.24351631e-31 1.82198508e-31 1.47818613e-28
 1.76381982e-30 1.73815304e-33 1.30432533e-24 1.51487883e-26
 1.82198508e-31 3.92888730e-32 1.82724155e-27 1.84715262e-36
 6.25831333e-28 6.60370667e-20 5.28569498e-27 1.64503886e-29
 4.19874897e-36 7.88918156e-34 3.56590826e-34 1.73815304e-33
 8.33270257e-33 4.73751051e-25 7.84752977e-30 4.67812431e-22
 4.80962056e-35 7.19492833e-35 6.64674147e-25 8.95402666e-28
 1.51487883e-26 3.37322101e-25 1.17161696e-33 3.04782586e-28
 2.12365474e-28 1.53384053e-37 3.89924968e-31 1.13678721e-29
 4.95418960e-29 6.25831333e-28]",4.6544373312079185e-06,5.702671883309997e-21,2.202652669923812e-05,3.177267944489255e-20
df2,0.75,0.75,0.0,"[1.25918603e-07 3.88941584e-12 1.93824891e-11 2.43574207e-12
 1.81007354e-07 3.88941584e-12 1.33749750e-15 9.19151252e-11
 7.28113471e-09 3.88941584e-12 2.43574207e-12 5.92172623e-11
 1.33749750e-15 1.05328756e-13 7.42666811e-13 6.45842239e-15
 5.92172623e-11 1.18065325e-09 8.21358136e-14 4.74591296e-11
 2.18772050e-10 1.17682447e-16 1.51920849e-12 3.09615598e-07
 3.69535722e-07 2.27745029e-18 2.18772050e-10 1.14339735e-10
 2.33983459e-08 8.21358136e-14 2.71047184e-10 1.19798113e-12
 1.27528784e-18 2.33983459e-08 1.14339735e-10 6.32216726e-10
 2.43574207e-12 9.43717929e-13 7.38137688e-11 1.05328756e-13
 7.28113471e-09 7.28113471e-09 1.45098666e-09 1.07881685e-08
 1.23948622e-06 1.19798113e-12 4.58538879e-13 1.14339735e-10
 1.45098666e-09 1.81007354e-07]","[1.51487883e-26 4.80962056e-35 7.19492833e-35 2.56565447e-30
 6.07873598e-26 9.44810349e-40 1.26387580e-48 3.04782586e-28
 1.22979552e-32 6.32047121e-36 8.47828272e-32 5.64011511e-33
 3.56590826e-34 1.21147719e-41 3.81363460e-33 5.64011511e-33
 8.33270257e-33 6.07873598e-26 3.98638164e-40 2.37806656e-29
 1.47818613e-28 8.43789069e-43 2.05945159e-42 1.85625733e-23
 3.43417798e-29 8.02241615e-39 2.66678482e-31 8.33270257e-33
 4.96114708e-24 1.87374272e-38 3.89924968e-31 6.32047121e-36
 2.27167277e-46 3.71348188e-27 4.19874897e-36 3.81363460e-33
 3.92888730e-32 2.78636314e-36 3.92888730e-32 6.32047121e-36
 2.60622931e-27 1.24351631e-31 8.95402666e-28 1.17161696e-33
 9.43897459e-23 1.73815304e-33 2.85911373e-38 5.41174667e-30
 1.17161696e-33 2.60622931e-27]",4.984283993358683e-08,2.3612106155739373e-24,1.8586492832895028e-07,1.341629464524834e-23
df2,0.8,0.8,0.0,"[3.07948375e-12 9.53441021e-18 1.18065325e-09 1.54798729e-16
 2.67024896e-16 2.20772463e-13 2.18772050e-10 1.72684385e-13
 2.95255083e-15 1.54798729e-16 4.98033280e-15 8.36667685e-15
 8.36667685e-15 4.90739183e-12 9.59715417e-10 8.36667685e-15
 7.11203305e-19 7.38137688e-11 9.79737413e-12 2.42826791e-11
 3.00652497e-14 5.12353012e-10 3.00652497e-14 7.78867068e-12
 4.58538879e-13 1.76400398e-10 4.58538879e-13 4.99357648e-08
 5.83855471e-13 3.88941584e-12 5.92172623e-11 1.76400398e-10
 1.07881685e-08 9.19151252e-11 2.67703473e-09 2.18488808e-09
 3.95007214e-19 2.27745029e-18 2.42826791e-11 3.09615598e-07
 4.97944383e-14 5.92172623e-11 3.07948375e-12 2.42826791e-11
 3.50171296e-16 5.39368124e-18 1.67853513e-17 2.81965513e-13
 5.83855471e-13 1.23116467e-11]","[5.30672790e-34 2.58531714e-40 1.76381982e-30 5.34786658e-37
 2.03688601e-48 8.02241615e-39 5.30672790e-34 5.39250695e-43
 2.32827146e-37 6.14029324e-40 2.85911373e-38 1.45226397e-39
 9.50443824e-36 5.30672790e-34 5.64011511e-33 5.39250695e-43
 2.27167277e-46 2.67038982e-32 2.85911373e-38 1.84715262e-36
 1.53384053e-37 7.19492833e-35 3.98638164e-40 1.84715262e-36
 1.22979552e-32 1.21132482e-30 4.35811909e-38 2.67038982e-32
 3.42045584e-39 1.07520219e-34 7.88918156e-34 2.78636314e-36
 4.95418960e-29 6.14029324e-40 7.19492833e-35 4.36966274e-28
 7.05469515e-50 1.39869353e-43 8.95402666e-28 8.95402666e-28
 3.53047956e-37 5.30672790e-34 2.85911373e-38 2.32827146e-37
 5.65883768e-44 1.31892718e-42 5.24109088e-39 6.14029324e-40
 1.84715262e-36 4.52588482e-41]",7.576610360684237e-09,4.560726352184418e-29,4.3730123166194976e-08,1.8400485047038157e-28
df2,0.8500000000000001,0.8500000000000001,0.0,"[4.14795066e-10 6.78067547e-17 1.70510155e-18 9.19151252e-11
 1.72684385e-13 3.03909276e-11 2.20772463e-13 1.05328756e-13
 2.94303610e-17 2.81965513e-13 9.53441021e-18 2.83236331e-08
 8.21358136e-14 1.27528784e-18 3.83661921e-15 1.39985076e-14
 1.93824891e-11 3.03909276e-11 8.36667685e-15 2.67024896e-16
 1.17682447e-16 6.45842239e-15 1.26570821e-17 3.40355762e-22
 2.33262567e-14 4.97944383e-14 9.43717929e-13 2.22374207e-17
 7.42666811e-13 1.78141737e-09 8.93744884e-17 1.54554888e-11
 1.27528784e-18 1.26570821e-17 1.27528784e-18 6.18553174e-12
 1.06410050e-20 9.79737413e-12 2.03413945e-16 9.31581113e-25
 1.26570821e-17 7.38137688e-11 1.33672873e-23 3.50171296e-16
 4.90739183e-12 3.59754634e-13 2.33262567e-14 4.58740572e-16
 4.14795066e-10 6.18553174e-12]","[3.44263650e-43 3.00027002e-49 1.41820348e-51 5.30672790e-34
 6.32047121e-36 3.56590826e-34 2.32827146e-37 7.79126605e-42
 1.44479841e-44 3.53047956e-37 4.85066545e-49 7.19492833e-35
 7.79126605e-42 1.44479841e-44 3.42045584e-39 1.21147719e-41
 1.22668930e-38 1.84715262e-36 2.30592786e-45 1.44479841e-44
 9.15418035e-46 3.98638164e-40 4.34507678e-50 2.80617232e-55
 1.22324939e-36 8.43789069e-43 3.21237555e-42 3.00027002e-49
 2.32827146e-37 7.88918156e-34 7.79126605e-42 3.53047956e-37
 6.18686551e-51 3.00027002e-49 2.27983976e-44 9.50443824e-36
 9.55803990e-58 2.58531714e-40 1.42453006e-46 1.67562367e-60
 4.34507678e-50 3.89924968e-31 3.60781842e-56 3.61877620e-46
 9.50443824e-36 2.05945159e-42 8.43789069e-43 9.15418035e-46
 7.88918156e-34 1.21147719e-41]",6.245220986637671e-10,7.849832100726059e-33,3.965503532156503e-09,5.458244156674919e-32
df2,0.9,0.9,0.0,"[1.17682447e-16 6.91059303e-24 6.00359848e-16 1.62253462e-19
 4.89436847e-09 2.22374207e-17 2.26988766e-15 1.23116467e-11
 1.70510155e-18 9.52846065e-19 4.97944383e-14 9.53441021e-18
 1.72684385e-13 3.40355762e-22 2.93930826e-19 4.90739183e-12
 3.95007214e-19 4.97944383e-14 4.98033280e-15 3.50171296e-16
 1.20365650e-19 1.54798729e-16 6.39848579e-14 1.70510155e-18
 6.39848579e-14 6.39848579e-14 3.35473948e-10 6.78067547e-17
 2.26988766e-15 4.58538879e-13 6.78067547e-17 6.83217462e-23
 1.34933703e-13 2.18494984e-19 1.54798729e-16 6.00359848e-16
 1.67853513e-17 2.81965513e-13 9.52846065e-19 1.23116467e-11
 3.03881495e-18 1.30270202e-22 4.74591296e-11 2.03413945e-16
 4.88387176e-20 6.60370667e-20 3.59754634e-13 1.26570821e-17
 2.25989398e-21 8.93744884e-17]","[2.80617232e-55 3.22000728e-52 9.14645852e-45 8.66108972e-52
 8.02241615e-39 3.49058990e-47 1.44479841e-44 7.00791465e-41
 1.26387580e-48 1.42453006e-46 1.44479841e-44 7.05469515e-50
 1.22668930e-38 3.55862494e-54 3.59372037e-44 8.43789069e-43
 3.49058990e-47 5.75863544e-46 3.21237555e-42 8.90129708e-44
 2.17967002e-47 9.15418035e-46 3.49058990e-47 1.41368557e-59
 1.31892718e-42 9.14645852e-45 1.22324939e-36 3.27921374e-48
 1.42453006e-46 8.09234334e-37 7.05469515e-50 1.41368557e-59
 2.22993385e-39 6.18686551e-51 8.66108972e-52 1.45226397e-39
 3.44263650e-43 3.98638164e-40 8.90129708e-44 1.53384053e-37
 4.39427779e-53 4.39427779e-53 1.84715262e-36 1.44479841e-44
 1.00833823e-55 2.31976235e-51 3.21175996e-35 2.19550867e-43
 4.85066545e-49 1.26387580e-48]",1.0617087302717313e-10,7.23501328730296e-37,6.85658119902693e-10,4.496564057438174e-36
df2,0.9500000000000001,0.9500000000000001,0.0,"[9.31581113e-25 2.25989398e-21 1.74328977e-15 2.67024896e-16
 3.08714081e-21 1.27528784e-18 3.00652497e-14 7.84899525e-16
 5.30299497e-19 1.17682447e-16 7.78867068e-12 8.81076169e-22
 1.02511949e-15 8.36667685e-15 3.08714081e-21 6.60370667e-20
 6.18553174e-12 1.27528784e-18 3.40355762e-22 6.45842239e-15
 5.13913233e-17 2.03413945e-16 3.56853685e-23 5.30299497e-19
 7.82155399e-21 4.97944383e-14 3.95007214e-19 1.54554888e-11
 2.26988766e-15 3.60824945e-20 3.08714081e-21 2.66308246e-20
 3.89102510e-17 4.98033280e-15 2.81965513e-13 3.59754634e-13
 6.60370667e-20 1.23116467e-11 3.60824945e-20 3.03909276e-11
 9.52846065e-19 1.67853513e-17 4.21288896e-21 1.17682447e-16
 3.00652497e-14 3.83661921e-15 3.95007214e-19 1.20365650e-19
 6.45842239e-15 2.94303610e-17]","[3.55862494e-54 1.00833823e-55 2.31976235e-51 1.35963995e-47
 1.41820348e-51 3.65403168e-45 2.58531714e-40 1.45365542e-45
 2.86035082e-60 5.89559709e-54 2.03688601e-48 1.41368557e-59
 3.65403168e-45 1.39869353e-43 2.71159835e-57 9.55803990e-58
 6.18686551e-51 1.61299095e-53 7.77624575e-55 3.21237555e-42
 9.14645852e-45 9.15418035e-46 1.00833823e-55 5.89559709e-54
 2.71159835e-57 3.79042144e-51 3.22000728e-52 5.24109088e-39
 8.43789069e-43 1.00833823e-55 1.61299095e-53 2.80617232e-55
 1.68303018e-55 4.85066545e-49 3.27921374e-48 3.21237555e-42
 7.24139755e-53 8.43789069e-43 2.27167277e-46 4.35811909e-38
 1.00877229e-50 1.45365542e-45 3.35470507e-58 5.27367686e-48
 7.05469515e-50 4.85066545e-49 1.61075424e-57 7.65993218e-57
 5.28378753e-52 1.96022961e-52]",1.4584136469929999e-12,9.817817251546315e-40,5.112428688606557e-12,6.129700367590384e-39
df2,1.0,1.0,0.0,"[1.96348850e-20 1.06410050e-20 2.25989398e-21 7.17482117e-18
 8.81076169e-22 2.26988766e-15 1.26570821e-17 1.70510155e-18
 2.57505865e-23 4.67812431e-22 1.47818613e-28 4.74591296e-11
 4.88387176e-20 9.52846065e-19 5.39368124e-18 9.52846065e-19
 9.53441021e-18 3.95007214e-19 3.95007214e-19 1.65262693e-21
 4.88387176e-20 2.27745029e-18 1.70510155e-18 2.37806656e-29
 1.05328756e-13 2.95255083e-15 9.53441021e-18 5.28569498e-27
 6.39848579e-14 3.55797286e-24 9.53441021e-18 4.30155538e-26
 6.07873598e-26 3.83661921e-15 1.44619791e-20 6.39848579e-14
 4.90739183e-12 3.89102510e-17 1.08277464e-14 2.33262567e-14
 2.66308246e-20 9.52846065e-19 4.58740572e-16 6.78067547e-17
 1.26570821e-17 2.18494984e-19 2.54904105e-24 3.03881495e-18
 8.36667685e-15 3.56853685e-23]","[1.17241363e-58 1.64306603e-50 4.07987974e-59 1.29241929e-54
 1.95228637e-61 1.00877229e-50 5.66557381e-58 6.03472099e-56
 3.35470507e-58 3.55862494e-54 5.66557381e-58 2.91986566e-41
 9.55803990e-58 4.34507678e-50 1.28537148e-56 4.34507678e-50
 4.67383798e-55 2.80617232e-55 8.30820763e-60 9.80545229e-61
 2.40288390e-59 2.14572537e-54 5.89559709e-54 9.20417879e-65
 1.19205281e-52 4.39427779e-53 2.14572537e-54 6.33684532e-70
 1.14419204e-49 3.02883737e-65 1.14419204e-49 8.30820763e-60
 2.78496894e-64 3.21237555e-42 4.87748802e-60 1.88177121e-41
 1.39869353e-43 8.66108972e-52 9.14645852e-45 3.98638164e-40
 9.55803990e-58 6.18686551e-51 2.30592786e-45 1.26387580e-48
 5.58403660e-47 4.67383798e-55 1.41368557e-59 7.77624575e-55
 3.65403168e-45 3.35470507e-58]",1.053040887306832e-12,9.000438822800065e-42,6.664873239668079e-12,5.587110119562166e-41
df3,0.0,-1.0,0.0,"[3.87118023e-14 3.59754634e-13 7.79334122e-10 6.32216726e-10
 8.36667685e-15 9.53441021e-18 4.88387176e-20 3.07948375e-12
 5.92172623e-11 4.97944383e-14 2.33262567e-14 8.93744884e-17
 1.06410050e-20 2.94303610e-17 4.97944383e-14 2.94303610e-17
 5.92172623e-11 8.93744884e-17 2.18772050e-10 1.80794013e-14
 5.92172623e-11 1.80794013e-14 8.21358136e-14 9.53441021e-18
 2.22374207e-17 5.12353012e-10 2.20772463e-13 4.58538879e-13
 1.26570821e-17 1.19798113e-12 1.92461767e-12 6.60370667e-20
 4.98033280e-15 7.28113471e-09 3.89102510e-17 2.93930826e-19
 1.72684385e-13 1.51920849e-12 9.43717929e-13 3.35473948e-10
 6.00359848e-16 5.83855471e-13 2.18494984e-19 4.00670801e-09
 1.23116467e-11 2.43574207e-12 1.33749750e-15 3.83661921e-15
 1.14339735e-10 2.18772050e-10]","[1.05170761e-66 1.05170761e-66 7.24139755e-53 7.77624575e-55
 8.39040599e-64 1.08402131e-71 4.35229159e-63 1.68303018e-55
 4.07987974e-59 3.23766600e-66 1.13754661e-61 1.41368557e-59
 5.36256123e-74 1.09249502e-81 6.03593190e-72 1.99260921e-70
 9.92411958e-66 4.83655003e-64 3.23766600e-66 3.51245105e-68
 1.19205281e-52 3.35470507e-58 3.23766600e-66 2.04313811e-81
 1.05170761e-66 5.73909492e-73 6.03472099e-56 2.23586471e-62
 6.03593190e-72 5.73182083e-61 3.84964189e-62 3.17823276e-73
 5.44137500e-79 1.61299095e-53 2.42847792e-76 9.71516714e-74
 3.23766600e-66 1.41368557e-59 9.55803990e-58 5.28378753e-52
 1.84628285e-66 6.33684532e-70 5.44137500e-79 4.07987974e-59
 8.39040599e-64 9.92411958e-66 1.62852672e-74 4.07987974e-59
 1.99260921e-70 3.35470507e-58]",2.8604527044283e-10,1.4742719441483946e-53,1.153075340526511e-09,7.589877619856513e-53
df3,0.05,-1.0,0.05,"[5.92172623e-11 3.55797286e-24 2.27745029e-18 2.93930826e-19
 1.33749750e-15 3.00652497e-14 1.70510155e-18 4.88387176e-20
 1.02511949e-15 8.21358136e-14 2.43574207e-12 4.98033280e-15
 9.53441021e-18 1.74328977e-15 2.22374207e-17 1.39985076e-14
 9.53441021e-18 1.05328756e-13 8.21358136e-14 1.20365650e-19
 3.03881495e-18 6.91059303e-24 4.58740572e-16 5.30299497e-19
 7.84899525e-16 3.50171296e-16 4.98033280e-15 4.58740572e-16
 1.06410050e-20 2.22374207e-17 2.27745029e-18 1.19798113e-12
 3.50171296e-16 2.18494984e-19 1.26570821e-17 2.66308246e-20
 3.83661921e-15 1.17682447e-16 1.80794013e-14 4.88387176e-20
 9.43897459e-23 5.74326505e-21 2.18494984e-19 4.88387176e-20
 1.67853513e-17 7.78867068e-12 5.13913233e-17 7.82155399e-21
 2.67024896e-16 1.26570821e-17]","[2.51694654e-63 1.16538558e-77 3.84964189e-62 3.23766600e-66
 6.32585939e-69 2.00649704e-69 7.12229959e-81 1.32759256e-80
 6.32585939e-69 2.15460932e-56 1.13754661e-61 8.95973634e-75
 1.12138242e-68 1.32590390e-76 1.94472818e-71 6.33684532e-70
 1.41368557e-59 8.39040599e-64 2.51694654e-63 1.58514471e-79
 9.20417879e-65 1.86526077e-72 3.55535840e-70 2.14384629e-77
 3.51245105e-68 6.23856139e-71 8.39040599e-64 2.78496894e-64
 1.32590390e-76 1.11555042e-70 6.32585939e-69 5.28280757e-65
 5.98442251e-67 1.12821388e-69 3.02883737e-65 1.48234930e-75
 1.11555042e-70 1.09543157e-67 6.91984994e-59 2.42847792e-76
 1.05170761e-66 2.88686263e-85 6.23856139e-71 1.94472818e-71
 5.44137500e-79 6.20630182e-68 5.28280757e-65 1.75814506e-73
 1.93137901e-67 1.62852672e-74]",1.419845164738786e-12,4.325917612180856e-58,8.335398745405414e-12,3.0162305622163936e-57
df3,0.1,-1.0,0.1,"[2.57505865e-23 1.96348850e-20 8.92004797e-20 1.20365650e-19
 6.83217462e-23 1.26570821e-17 2.56565447e-30 6.60370667e-20
 1.21017203e-25 6.64674147e-25 2.54904105e-24 7.13959478e-29
 2.47371214e-22 2.94303610e-17 4.36966274e-28 5.30299497e-19
 7.51579753e-27 4.96114708e-24 2.66678482e-31 7.17482117e-18
 9.43897459e-23 4.58740572e-16 1.20365650e-19 2.39934411e-25
 4.96114708e-24 4.21288896e-21 3.60824945e-20 6.07873598e-26
 4.96114708e-24 2.56565447e-30 4.67812431e-22 8.95402666e-28
 6.91059303e-24 1.62253462e-19 5.69539852e-31 2.18494984e-19
 1.65262693e-21 3.60824945e-20 3.03881495e-18 4.98033280e-15
 4.94023307e-23 9.43897459e-23 2.14251154e-35 6.42340318e-22
 6.42340318e-22 8.95402666e-28 2.22374207e-17 3.40355762e-22
 3.08714081e-21 1.21017203e-25]","[5.44137500e-79 1.65926127e-82 1.93137901e-67 1.84628285e-66
 1.08402131e-71 1.86526077e-72 5.47688639e-85 9.92411958e-66
 1.99260921e-70 4.49681448e-88 8.95973634e-75 3.71514939e-84
 3.40157297e-67 1.09543157e-67 1.66051167e-91 2.95679025e-74
 1.09249502e-81 3.43236847e-78 1.10963247e-97 5.98442251e-67
 1.94472818e-71 1.93137901e-67 1.86526077e-72 6.33684532e-70
 8.95973634e-75 3.17823276e-73 1.62852672e-74 2.14384629e-77
 8.11994820e-76 7.12229959e-81 6.32804820e-78 1.16538558e-77
 1.32759256e-80 3.93950762e-77 4.56007306e-90 1.11555042e-70
 1.11555042e-70 7.99410344e-86 1.75814506e-73 3.35470507e-58
 3.02883737e-65 2.70316908e-75 1.34076199e-95 1.08402131e-71
 4.44304977e-76 3.11335148e-82 1.12138242e-68 1.16538558e-77
 4.92403790e-75 3.71514939e-84]",1.1030044679207537e-16,6.709411003522856e-60,6.986763235071594e-16,4.6965870809587355e-59
df3,0.15000000000000002,-1.0,0.15000000000000002,"[6.32047121e-36 9.43897459e-23 8.58131384e-26 8.58131384e-26
 1.21017203e-25 2.14737506e-26 7.13959478e-29 5.41174667e-30
 1.21017203e-25 1.85625733e-23 4.30155538e-26 3.72814291e-30
 1.51487883e-26 6.42340318e-22 1.64503886e-29 3.21175996e-35
 3.37322101e-25 3.81363460e-33 7.51579753e-27 6.64674147e-25
 2.25989398e-21 8.31031105e-31 1.30432533e-24 2.39934411e-25
 6.64674147e-25 1.64503886e-29 6.42340318e-22 1.82724155e-27
 6.25831333e-28 2.27745029e-18 6.25831333e-28 4.19874897e-36
 2.37806656e-29 4.73751051e-25 7.11203305e-19 2.60622931e-27
 6.25831333e-28 4.30155538e-26 1.21017203e-25 5.41174667e-30
 1.06757971e-26 4.73751051e-25 3.04782586e-28 1.42774613e-35
 7.88918156e-34 2.37806656e-29 1.76381982e-30 1.30432533e-24
 3.37322101e-25 9.61617488e-24]","[8.81591837e-090 4.44304977e-076 2.42847792e-076 8.54149129e-080
 1.70247332e-089 2.47190518e-080 2.70316908e-075 1.14959907e-092
 1.58514471e-079 1.03791356e-084 4.37887891e-092 2.88686263e-085
 3.71514939e-084 4.59749627e-080 7.01720636e-084 8.62627431e-088
 1.00649935e-078 2.49517973e-083 1.32759256e-080 1.96475612e-084
 7.12229959e-081 1.96475612e-084 1.09249502e-081 3.93950762e-077
 1.32590390e-076 1.51998109e-085 1.48234930e-075 1.70247332e-089
 1.62852672e-074 2.70316908e-075 5.83529742e-082 1.53350669e-093
 1.66051167e-091 3.42673436e-096 3.48503975e-071 4.56007306e-090
 8.54149129e-080 8.11994820e-076 2.70316908e-075 8.69173129e-100
 2.47190518e-080 5.36256123e-074 1.15526050e-086 1.39799851e-098
 1.10963247e-097 3.11335148e-082 7.99410344e-086 3.43236847e-078
 2.20389449e-086 1.32395344e-083]",5.984654446467193e-20,6.986315247246529e-73,3.320697359191635e-19,4.878829921591378e-72
df3,0.2,-1.0,0.2,"[4.36966274e-28 2.37806656e-29 7.88918156e-34 5.69539852e-31
 3.71348188e-27 4.36966274e-28 2.57596005e-33 2.37806656e-29
 4.80962056e-35 1.00942344e-37 8.47828272e-32 9.44810349e-40
 1.82724155e-27 1.76381982e-30 3.89924968e-31 7.13959478e-29
 7.05469515e-50 4.19874897e-36 4.35811909e-38 1.88177121e-41
 2.37806656e-29 2.57596005e-33 2.56565447e-30 1.27976799e-27
 2.14251154e-35 3.44263650e-43 6.32047121e-36 3.56590826e-34
 5.41174667e-30 1.06757971e-26 3.42045584e-39 1.67491922e-40
 1.73815304e-33 2.67038982e-32 2.32827146e-37 2.39365688e-34
 2.67038982e-32 4.19874897e-36 1.07520219e-34 4.52588482e-41
 1.47818613e-28 3.21175996e-35 1.08397407e-40 6.32047121e-36
 1.07520219e-34 5.30672790e-34 1.06757971e-26 5.77449424e-32
 8.09234334e-37 2.37806656e-29]","[6.26880529e-091 1.65926127e-082 3.28405359e-089 3.22816176e-091
 1.96475612e-084 1.32395344e-083 2.34155676e-088 1.51998109e-085
 7.99410344e-086 1.21792979e-088 4.49681448e-088 2.64763111e-095
 1.65926127e-082 4.69733763e-083 1.58514471e-079 2.34155676e-088
 7.08090934e-107 3.42673436e-096 1.72947631e-096 1.14959907e-092
 1.34076199e-095 1.15526050e-086 1.58514471e-079 2.04313811e-081
 1.34076199e-095 1.34076199e-095 1.21792979e-088 1.10963247e-097
 1.16538558e-077 5.47688639e-085 1.08427351e-104 5.30232749e-105
 2.04313811e-081 5.83529742e-082 1.06947759e-100 5.88045765e-093
 5.56898878e-098 2.64763111e-095 4.49681448e-088 1.57064610e-102
 3.16384036e-087 2.59001339e-105 3.98124764e-094 4.39057786e-097
 5.56898878e-098 1.10963247e-097 1.51998109e-085 1.85969560e-078
 3.42673436e-096 1.03791356e-084]",5.8742522291239725e-28,2.767129232640311e-79,2.1441527993322196e-27,1.646162708545115e-78
df3,0.25,-1.0,0.25,"[2.58531714e-40 7.88918156e-34 4.85066545e-49 1.67491922e-40
 1.31892718e-42 3.27921374e-48 5.78417409e-45 5.30672790e-34
 5.24109088e-39 2.14251154e-35 1.64503886e-29 3.98638164e-40
 1.21147719e-41 1.73815304e-33 8.92358057e-47 9.15418035e-46
 1.22324939e-36 7.19492833e-35 8.31031105e-31 5.65883768e-44
 7.05469515e-50 3.42045584e-39 5.75863544e-46 2.14251154e-35
 2.17967002e-47 2.27983976e-44 8.33270257e-33 6.63610190e-38
 1.53384053e-37 1.08397407e-40 5.64011511e-33 1.82724155e-27
 5.65883768e-44 1.00942344e-37 4.52588482e-41 2.85911373e-38
 1.22324939e-36 9.44810349e-40 7.79126605e-42 1.31892718e-42
 1.45365542e-45 8.33270257e-33 5.75863544e-46 2.32827146e-37
 1.00942344e-37 1.39869353e-43 2.56565447e-30 2.39365688e-34
 3.21175996e-35 3.21175996e-35]","[1.53350669e-093 5.88045765e-093 1.45786612e-106 5.88045765e-093
 8.69173129e-100 4.51863753e-104 4.32796803e-100 2.79180826e-098
 8.71890126e-097 4.49681448e-088 2.35609537e-090 3.18287512e-102
 1.39799851e-098 2.70316908e-075 9.20882547e-104 3.18287512e-102
 1.10963247e-097 8.81591837e-090 4.69733763e-083 2.64763111e-095
 6.26869005e-113 1.02898789e-094 3.89617725e-108 2.35609537e-090
 4.32796803e-100 1.45786612e-106 3.16384036e-087 1.70247332e-089
 6.04906014e-087 4.51863753e-104 5.47688639e-085 7.99410344e-086
 7.08090934e-107 4.39057786e-097 1.39799851e-098 1.72947631e-096
 3.49368581e-099 2.59001339e-105 2.79180826e-098 5.30739252e-101
 1.66475925e-107 1.66051167e-091 9.20882547e-104 2.63087943e-101
 2.34155676e-088 1.30265891e-101 1.21792979e-088 2.63087943e-101
 3.00462961e-093 7.99410344e-086]",3.694228820064839e-29,5.4063382645665726e-77,2.557675875395402e-28,3.7844367170666073e-76
df3,0.30000000000000004,-1.0,0.30000000000000004,"[2.03688601e-48 1.67491922e-40 7.79126605e-42 5.78417409e-45
 2.30592786e-45 1.84715262e-36 3.00027002e-49 2.19550867e-43
 2.39365688e-34 7.77624575e-55 3.42045584e-39 1.64306603e-50
 5.27367686e-48 1.00942344e-37 2.85911373e-38 3.65403168e-45
 5.39250695e-43 9.14645852e-45 2.91986566e-41 3.55862494e-54
 7.00791465e-41 2.85911373e-38 2.67335366e-50 1.44479841e-44
 1.96022961e-52 3.79042144e-51 2.22993385e-39 2.03688601e-48
 2.85911373e-38 1.22668930e-38 3.00027002e-49 4.35811909e-38
 5.27367686e-48 1.82198508e-31 1.21147719e-41 3.27921374e-48
 6.14029324e-40 7.83398323e-49 7.79126605e-42 2.30592786e-45
 9.55803990e-58 1.29241929e-54 5.28378753e-52 5.39250695e-43
 7.24139755e-53 8.90129708e-44 2.19550867e-43 5.00547265e-42
 7.24139755e-53 3.27921374e-48]","[6.26869005e-113 4.39057786e-097 3.42673436e-096 6.15879083e-106
 5.88045765e-093 8.62627431e-088 1.45786612e-106 2.15264578e-100
 3.18287512e-102 3.67099579e-119 1.34076199e-095 4.37383916e-109
 1.01205796e-109 6.32786916e-089 1.14959907e-092 2.21472141e-104
 1.06947759e-100 1.72947631e-096 5.30739252e-101 3.66625391e-120
 1.10963247e-097 1.02898789e-094 2.33113443e-110 1.06947759e-100
 5.34499160e-111 3.46283303e-116 6.15879083e-106 1.39799851e-098
 1.32395344e-083 5.22248187e-095 2.55501261e-111 1.21792979e-088
 1.66475925e-107 5.83529742e-082 3.81174187e-103 6.44273589e-102
 8.69173129e-100 1.01205796e-109 8.81591837e-090 1.74357044e-099
 1.69558264e-118 2.10514288e-109 1.56663455e-115 4.85997494e-110
 6.84127225e-125 4.37383916e-109 7.74187875e-103 5.88045765e-093
 5.81830416e-112 9.07714507e-109]",3.6487994079152384e-33,1.1935406657293558e-83,2.5507123285871896e-32,8.167735897090995e-83
df3,0.35000000000000003,-1.0,0.35000000000000003,"[4.07987974e-59 1.11555042e-70 1.68303018e-55 2.67335366e-50
 6.62107000e-62 4.83655003e-64 2.31976235e-51 8.39040599e-64
 8.90129708e-44 3.02883737e-65 7.77624575e-55 7.24139755e-53
 2.03688601e-48 2.19550867e-43 1.00877229e-50 2.23586471e-62
 2.23586471e-62 3.02883737e-65 2.14572537e-54 1.13754661e-61
 2.14572537e-54 2.91986566e-41 8.66108972e-52 7.24139755e-53
 1.96022961e-52 6.62107000e-62 1.14419204e-49 6.18686551e-51
 6.03472099e-56 8.66108972e-52 1.85378592e-49 6.62107000e-62
 1.45365542e-45 1.28537148e-56 3.59372037e-44 1.19205281e-52
 4.67383798e-55 1.45365542e-45 5.78417409e-45 7.79126605e-42
 9.80545229e-61 4.19874897e-36 1.14419204e-49 1.42453006e-46
 1.00833823e-55 1.96022961e-52 5.89559709e-54 4.85066545e-49
 2.71159835e-57 1.67562367e-60]","[7.84645245e-121 1.20103174e-134 2.63087943e-101 1.87460385e-103
 7.61901024e-117 2.49277144e-128 1.66865694e-117 7.89408622e-119
 3.00462961e-093 1.41127475e-113 1.45786612e-106 3.16268593e-114
 7.08090934e-107 1.10963247e-097 7.91123773e-120 5.53102464e-128
 4.85997494e-110 4.50098708e-136 7.74187875e-103 3.16268593e-114
 1.88166010e-108 2.64763111e-095 1.70515873e-119 7.05518906e-115
 7.08090934e-107 6.84127225e-125 2.15264578e-100 5.81830416e-112
 2.33113443e-110 3.89617725e-108 4.37383916e-109 3.43531867e-107
 1.30265891e-101 2.99814789e-106 1.08427351e-104 1.45786612e-106
 6.15879083e-106 7.08090934e-107 1.87460385e-103 1.72947631e-096
 2.55501261e-111 1.34076199e-095 3.18287512e-102 7.74187875e-103
 2.33113443e-110 9.07714507e-109 1.49462228e-114 1.41127475e-113
 4.85997494e-110 1.67153521e-121]",8.397572621023078e-38,6.092708478894939e-95,5.878247487351533e-37,4.205491021966232e-94
df3,0.4,-1.0,0.4,"[9.15418035e-46 8.30820763e-60 7.65993218e-57 4.07987974e-59
 3.55862494e-54 9.20417879e-65 3.51245105e-68 2.23586471e-62
 2.67335366e-50 6.03593190e-72 3.51245105e-68 7.51786428e-63
 2.31976235e-51 3.02883737e-65 2.40288390e-59 1.45399317e-63
 1.67562367e-60 3.55535840e-70 1.32590390e-76 2.78496894e-64
 1.96022961e-52 3.35470507e-58 3.79042144e-51 1.62852672e-74
 5.66557381e-58 1.61075424e-57 1.68303018e-55 1.98426668e-58
 6.03472099e-56 8.39040599e-64 1.26387580e-48 4.07987974e-59
 1.75814506e-73 1.61299095e-53 7.51786428e-63 2.93851005e-79
 3.34696584e-61 9.20417879e-65 4.07987974e-59 1.67562367e-60
 1.19205281e-52 5.98442251e-67 3.56463042e-69 4.87748802e-60
 1.29241929e-54 1.13754661e-61 4.55991975e-57 1.45399317e-63
 1.95228637e-61 1.61299095e-53]","[9.07714507e-109 1.70515873e-119 9.07714507e-109 3.11577768e-125
 8.05827457e-108 1.67153521e-121 1.57171273e-123 7.79563234e-118
 2.59001339e-105 3.67099579e-119 3.28672716e-124 5.53102464e-128
 2.24489973e-092 7.48112939e-123 7.19151616e-124 7.05518906e-115
 2.10514288e-109 3.16268593e-114 3.15189803e-138 4.85997494e-110
 9.20882547e-104 8.08221677e-132 1.45786612e-106 3.11577768e-125
 1.49462228e-114 1.67153521e-121 7.79563234e-118 7.61901024e-117
 7.61901024e-117 7.84645245e-121 6.44273589e-102 1.26370308e-105
 6.68471205e-114 2.10514288e-109 1.62522975e-116 6.16042076e-134
 3.28672716e-124 3.63777125e-118 7.48112939e-123 1.11687624e-110
 4.85997494e-110 3.43101012e-123 2.71351259e-127 1.49462228e-114
 7.36968843e-116 3.89617725e-108 2.99814789e-106 6.16042076e-134
 1.50038437e-124 2.55501261e-111]",1.8334302145343338e-47,4.489799469010507e-94,1.2815494102476662e-46,3.142859627373192e-93
df3,0.45,-1.0,0.45,"[1.12138242e-68 3.34696584e-61 1.05170761e-66 4.35229159e-63
 2.51694654e-63 1.62852672e-74 1.93137901e-67 6.32786916e-89
 5.67148232e-66 2.40288390e-59 1.16538558e-77 5.36256123e-74
 8.95973634e-75 1.61075424e-57 1.32590390e-76 6.32585939e-69
 2.49517973e-83 3.48503975e-71 3.40157297e-67 1.61299095e-53
 1.84628285e-66 1.61075424e-57 5.73182083e-61 3.11335148e-82
 1.03520885e-72 5.73909492e-73 3.56463042e-69 1.98426668e-58
 4.35229159e-63 4.92403790e-75 1.12138242e-68 4.44304977e-76
 3.02883737e-65 1.32395344e-83 1.45399317e-63 9.71516714e-74
 2.47190518e-80 1.48234930e-75 1.05170761e-66 2.78496894e-64
 3.17823276e-73 1.98571665e-68 5.28280757e-65 1.75814506e-73
 1.28537148e-56 4.44304977e-76 1.62852672e-74 8.39040599e-64
 1.09543157e-67 4.92403790e-75]","[1.41127475e-113 3.11577768e-125 1.62522975e-116 6.68471205e-114
 3.11577768e-125 4.50098708e-136 6.84127225e-125 1.57721865e-148
 1.12215372e-128 1.11687624e-110 1.22580667e-127 1.70527622e-141
 2.26605441e-129 6.44036529e-126 1.22580667e-127 1.70515873e-119
 1.81440195e-131 3.67099579e-119 8.65193381e-137 7.05518906e-115
 1.69706671e-120 1.66865694e-117 1.50038437e-124 1.39274712e-133
 1.39274712e-133 2.92297102e-126 6.44036529e-126 7.08090934e-107
 3.46283303e-116 3.95211198e-141 2.26605441e-129 1.69706671e-120
 1.50038437e-124 7.84645245e-121 1.59807269e-132 4.85997494e-110
 2.59582860e-139 6.44036529e-126 3.63777125e-118 1.50038437e-124
 6.84127225e-125 1.67153521e-121 1.57171273e-123 1.57171273e-123
 1.11687624e-110 3.43101012e-123 2.03839988e-130 5.53102464e-128
 7.05518906e-115 9.11197923e-131]",3.229241610693417e-55,1.417601057913609e-108,2.2581414867755236e-54,9.913072859538517e-108
df3,0.5,-1.0,0.5,"[1.03791356e-084 3.35720833e-072 3.35720833e-072 1.58514471e-079
 2.14384629e-077 6.32585939e-069 2.20389449e-086 3.16384036e-087
 2.95679025e-074 2.93851005e-079 1.84628285e-066 2.42847792e-076
 5.67148232e-066 6.32585939e-069 8.54149129e-080 1.12821388e-069
 3.55535840e-070 4.56007306e-090 1.11555042e-070 2.35609537e-090
 2.47190518e-080 6.32804820e-078 2.14384629e-077 3.11335148e-082
 1.32590390e-076 5.30739252e-101 4.59749627e-080 4.69733763e-083
 6.32585939e-069 3.48503975e-071 2.49517973e-083 3.16384036e-087
 2.04313811e-081 6.04906014e-087 1.12138242e-068 1.32590390e-076
 4.59749627e-080 7.12229959e-081 3.93950762e-077 3.81678704e-081
 2.93851005e-079 1.60190536e-064 4.92403790e-075 1.16538558e-077
 1.00649935e-078 4.44304977e-076 5.83529742e-082 1.65926127e-082
 1.32590390e-076 6.03593190e-072]","[1.50038437e-124 1.01205796e-109 5.53102464e-128 1.22580667e-127
 1.12671987e-139 1.69558264e-118 7.09357420e-133 2.75002067e-146
 3.66625391e-120 1.37294733e-138 2.55501261e-111 1.41739559e-125
 3.56765397e-117 8.08221677e-132 1.69558264e-118 3.63777125e-118
 1.69706671e-120 1.10723264e-157 3.11577768e-125 1.60309113e-156
 9.11197923e-131 3.59598810e-132 5.97340427e-139 3.62364483e-121
 7.22731515e-138 1.09619158e-152 1.39274712e-133 2.50543477e-143
 7.09357420e-133 1.11687624e-110 1.81440195e-131 3.59598810e-132
 2.33052754e-135 2.26605441e-129 2.71351259e-127 3.59598810e-132
 2.92297102e-126 1.96307101e-144 1.97454306e-136 1.52170582e-145
 7.22731515e-138 5.99978104e-127 1.32505188e-126 7.09357420e-133
 7.09357420e-133 6.16042076e-134 9.14846799e-141 2.50543477e-143
 1.70527622e-141 3.14502261e-133]",3.3548027160568433e-66,2.2985914957616426e-111,2.242045832422553e-65,1.421949805690764e-110
df3,0.55,-1.0,0.55,"[7.99410344e-086 5.44137500e-079 8.83329437e-083 6.99261346e-099
 1.21792979e-088 1.00649935e-078 1.12138242e-068 2.42847792e-076
 3.16384036e-087 2.35609537e-090 2.15264578e-100 1.39799851e-098
 6.99261346e-099 8.53187607e-092 1.58514471e-079 7.01720636e-084
 1.09249502e-081 2.64763111e-095 2.70316908e-075 3.11335148e-082
 6.04906014e-087 3.22816176e-091 1.72947631e-096 2.24489973e-092
 1.16538558e-077 7.01720636e-084 9.20882547e-104 1.34076199e-095
 1.51998109e-085 4.69733763e-083 1.10963247e-097 4.19972342e-086
 1.70247332e-089 3.28405359e-089 3.49368581e-099 5.88045765e-093
 2.88686263e-085 4.49681448e-088 1.15526050e-086 3.93950762e-077
 1.14959907e-092 2.95679025e-074 1.65926127e-082 1.45399317e-063
 1.51998109e-085 1.70247332e-089 7.23127196e-077 6.32786916e-089
 8.53187607e-092 7.12229959e-081]","[8.38015691e-145 1.07337441e-143 1.20103174e-134 6.16042076e-134
 1.20103174e-134 3.28672716e-124 5.53102464e-128 1.01652477e-129
 1.12215372e-128 1.97454306e-136 2.63328336e-152 8.38015691e-145
 3.62405363e-151 1.09619158e-152 7.09357420e-133 1.37294733e-138
 3.14502261e-133 3.62405363e-151 7.19151616e-124 3.62364483e-121
 7.22731515e-138 1.34579277e-154 4.55776756e-153 2.06878284e-150
 4.50098708e-136 4.55467848e-130 4.55776756e-153 3.62405363e-151
 2.59582860e-139 6.16042076e-134 4.55776756e-153 3.67085321e-163
 7.85078471e-154 1.57721865e-148 6.47280639e-146 6.47280639e-146
 3.16357866e-142 4.55467848e-130 1.65526914e-137 1.81440195e-131
 2.11520456e-140 9.11197923e-131 1.96307101e-144 2.10514288e-109
 8.38015691e-145 3.73908448e-148 2.71351259e-127 2.09388117e-147
 2.59582860e-139 2.49277144e-128]",2.908008767267273e-65,4.210285751265543e-111,2.035590117352122e-64,2.947200025880688e-110
df3,0.6000000000000001,-1.0,0.6000000000000001,"[7.74187875e-103 2.93851005e-079 1.66865694e-117 1.51998109e-085
 1.08427351e-104 1.32395344e-083 6.99261346e-099 1.02898789e-094
 2.79180826e-098 1.53350669e-093 1.21599162e-090 1.02898789e-094
 1.26370308e-105 6.26880529e-091 5.22248187e-095 1.72947631e-096
 5.22248187e-095 7.08090934e-107 5.30232749e-105 2.49517973e-083
 1.58514471e-079 4.39057786e-097 2.34155676e-088 5.81830416e-112
 3.98124764e-094 1.31890515e-112 2.63087943e-101 4.92403790e-075
 4.49681448e-088 3.43531867e-107 1.02898789e-094 3.98124764e-094
 5.83529742e-082 1.88166010e-108 3.18287512e-102 1.87460385e-103
 5.34499160e-111 8.83329437e-083 1.39799851e-098 6.78202527e-096
 6.99261346e-099 4.56007306e-090 1.72947631e-096 1.02898789e-094
 5.30739252e-101 2.55501261e-111 3.56765397e-117 1.45786612e-106
 4.32796803e-100 1.88166010e-108]","[7.56450039e-159 7.22731515e-138 3.67085321e-163 2.63328336e-152
 4.53189266e-158 4.50098708e-136 8.85357293e-148 4.50098708e-136
 3.25242831e-154 7.34927700e-142 1.97454306e-136 1.89275526e-153
 3.25242831e-154 6.47280639e-146 1.52170582e-145 3.57314355e-145
 8.85357293e-148 5.93631016e-164 9.11163913e-163 1.59807269e-132
 8.65193381e-137 5.84114683e-143 2.75002067e-146 2.81115002e-185
 1.38326502e-161 7.85078471e-154 2.63328336e-152 7.22731515e-138
 2.09388117e-147 2.75002067e-146 4.88474039e-140 1.34579277e-154
 2.59582860e-139 6.31809023e-152 8.38015691e-145 3.60100749e-171
 3.86593734e-167 5.97340427e-139 1.52170582e-145 1.57721865e-148
 5.56191291e-155 7.56450039e-159 4.59306180e-144 1.39274712e-133
 3.41677257e-161 9.11163913e-163 5.23469135e-184 1.60309113e-156
 1.37294733e-138 3.08488950e-159]",9.848981956022883e-77,3.4770966171432285e-134,6.893640133803538e-76,2.2417775174410246e-133
df3,0.65,-1.0,0.65,"[3.56765397e-117 2.59001339e-105 5.22248187e-095 4.51863753e-104
 2.77174564e-112 1.69558264e-118 7.05518906e-115 4.32796803e-100
 1.66865694e-117 1.49462228e-114 2.33113443e-110 1.87460385e-103
 6.44036529e-126 4.37383916e-109 1.57064610e-102 1.66865694e-117
 5.81830416e-112 6.15879083e-106 2.20389449e-086 2.97606811e-113
 2.24489973e-092 1.30265891e-101 7.08090934e-107 1.45786612e-106
 1.69706671e-120 4.51863753e-104 8.69173129e-100 4.85997494e-110
 3.43101012e-123 1.21995247e-111 2.02515198e-094 3.32649959e-115
 1.11687624e-110 4.85997494e-110 4.49681448e-088 6.15879083e-106
 2.55501261e-111 1.57064610e-102 1.08427351e-104 2.33113443e-110
 6.26869005e-113 6.15879083e-106 5.34499160e-111 3.16268593e-114
 5.88045765e-093 6.99261346e-099 2.59001339e-105 2.35609537e-090
 5.56898878e-098 1.88166010e-108]","[6.67832938e-182 2.06878284e-150 7.09357420e-133 1.17530003e-149
 6.11074430e-166 3.82523532e-165 2.43788785e-166 1.34579277e-154
 2.81115002e-185 1.60309113e-156 3.86593734e-167 3.57314355e-145
 8.49373747e-173 7.56450039e-159 1.10723264e-157 9.55305708e-165
 5.11181442e-160 1.60309113e-156 1.70527622e-141 8.49373747e-173
 7.09357420e-133 1.29483446e-173 1.46437154e-178 2.75002067e-146
 6.10046832e-168 2.06878284e-150 1.85265048e-158 1.25652552e-159
 1.49683070e-169 5.59326537e-162 1.36018053e-142 2.70191421e-157
 9.16040170e-171 3.25242831e-154 4.53189266e-158 5.93631016e-164
 3.25242831e-154 6.58533558e-157 5.84114683e-143 1.38326502e-161
 6.10046832e-168 5.90593359e-170 1.47709060e-163 1.60309113e-156
 3.95211198e-141 1.57721865e-148 2.63328336e-152 1.17530003e-149
 4.53189266e-158 1.38326502e-161]",4.4982022146618095e-88,2.8374296905988656e-134,3.0848027544936605e-87,1.390050978625194e-133
df3,0.7000000000000001,-1.0,0.7000000000000001,"[1.66865694e-117 1.41739559e-125 1.70515873e-119 1.31890515e-112
 7.48112939e-123 5.30232749e-105 9.07714507e-109 7.89408622e-119
 8.05827457e-108 3.54443794e-122 1.62932937e-122 5.81830416e-112
 7.09357420e-133 3.81174187e-103 7.36968843e-116 6.68471205e-114
 5.81830416e-112 2.97606811e-113 1.01652477e-129 4.50098708e-136
 8.71890126e-097 3.54443794e-122 1.62522975e-116 1.69558264e-118
 3.63777125e-118 2.33052754e-135 6.26869005e-113 1.32505188e-126
 4.37383916e-109 3.16268593e-114 1.87460385e-103 1.70515873e-119
 8.05827457e-108 3.59598810e-132 3.11577768e-125 1.69558264e-118
 3.56765397e-117 3.89617725e-108 1.57171273e-123 7.36968843e-116
 3.54443794e-122 2.77174564e-112 1.72947631e-096 3.16268593e-114
 4.06843613e-131 1.41127475e-113 4.85997494e-110 5.04562598e-129
 3.18287512e-102 1.41127475e-113]","[6.31809023e-152 2.43788785e-166 2.15605296e-179 2.43788785e-166
 1.53665271e-167 3.25242831e-154 3.78897656e-169 3.15863793e-180
 5.11181442e-160 9.63808018e-183 5.62245732e-179 6.10046832e-168
 1.97742990e-184 1.25652552e-159 1.49683070e-169 6.11074430e-166
 6.10046832e-168 1.46437154e-178 9.16040170e-171 2.08742782e-190
 4.94613442e-147 1.29483446e-173 6.10046832e-168 3.31837362e-173
 1.72251454e-176 8.25754125e-180 2.70191421e-157 3.78897656e-169
 3.08488950e-159 3.67085321e-163 9.55305708e-165 1.25652552e-159
 2.63328336e-152 5.59619386e-187 2.96475930e-175 4.45291617e-176
 2.29586024e-155 1.47709060e-163 5.62245732e-179 3.60100749e-171
 1.46437154e-178 1.47709060e-163 7.85078471e-154 4.55776756e-153
 3.15863793e-180 6.58533558e-157 2.43788785e-166 9.89641318e-178
 3.73908448e-148 1.29483446e-173]",5.202740391020928e-98,1.0640276154563686e-148,2.6892148184909933e-97,6.933682410358157e-148
df3,0.75,-1.0,0.75,"[1.50038437e-124 6.84127225e-125 3.95211198e-141 7.19151616e-124
 3.16357866e-142 7.48112939e-123 2.26605441e-129 9.11197923e-131
 7.48112939e-123 1.12215372e-128 5.04562598e-129 2.03839988e-130
 7.84645245e-121 3.32649959e-115 1.01652477e-129 1.50038437e-124
 1.39274712e-133 9.11197923e-131 1.01652477e-129 2.71351259e-127
 1.20103174e-134 3.62364483e-121 1.50038437e-124 3.16357866e-142
 3.78658116e-137 7.84645245e-121 4.50098708e-136 6.44036529e-126
 5.97340427e-139 7.08090934e-107 1.37294733e-138 5.99978104e-127
 1.70515873e-119 2.72168499e-134 7.48112939e-123 6.44036529e-126
 6.68471205e-114 1.41739559e-125 6.16042076e-134 1.56663455e-115
 1.22580667e-127 9.14846799e-141 2.97606811e-113 2.50543477e-143
 2.09388117e-147 1.65526914e-137 3.28672716e-124 8.65193381e-137
 4.55467848e-130 3.95211198e-141]","[9.63808018e-183 1.46437154e-178 7.63577865e-175 2.53864056e-182
 1.95431960e-193 2.29586024e-155 2.25889419e-162 2.96475930e-175
 1.46437154e-178 3.97632682e-186 8.49373747e-173 6.10046832e-168
 2.41889424e-168 9.71405854e-167 5.23469135e-184 3.60100749e-171
 1.05792849e-185 1.49266032e-186 2.07706765e-160 3.82523532e-165
 1.97742990e-184 9.55305708e-165 2.70191421e-157 2.92686009e-188
 1.05910660e-191 7.63577865e-175 1.51347567e-189 2.08742782e-190
 5.62429767e-190 1.85265048e-158 7.18008740e-194 1.49266032e-186
 9.11163913e-163 2.81115002e-185 6.10046832e-168 6.65489851e-177
 8.49373747e-173 9.57936136e-169 9.16040170e-171 3.41677257e-161
 1.75465082e-181 1.97742990e-184 1.47709060e-163 1.41383100e-171
 1.95431960e-193 7.63577865e-175 7.46045840e-185 2.81115002e-185
 3.31837362e-173 1.05792849e-185]",1.4161826058962432e-108,4.649513101941287e-157,9.913272964885244e-108,3.213601667258573e-156
df3,0.8,-1.0,0.8,"[9.14846799e-141 2.33052754e-135 4.59306180e-144 1.96307101e-144
 7.19151616e-124 1.39274712e-133 3.16357866e-142 3.59598810e-132
 8.08221677e-132 5.97340427e-139 4.55467848e-130 1.20103174e-134
 5.56191291e-155 2.33052754e-135 2.09388117e-147 1.32505188e-126
 1.50038437e-124 1.65526914e-137 3.14502261e-133 2.75002067e-146
 4.50098708e-136 2.75002067e-146 5.99978104e-127 8.65193381e-137
 2.09388117e-147 4.94613442e-147 3.95211198e-141 1.96307101e-144
 1.12671987e-139 1.07337441e-143 7.34927700e-142 1.36018053e-142
 1.65526914e-137 1.52170582e-145 2.06878284e-150 6.47280639e-146
 2.92297102e-126 7.48112939e-123 1.57721865e-148 3.16357866e-142
 1.02479477e-135 1.52170582e-145 5.97340427e-139 5.29370851e-135
 4.06843613e-131 4.06843613e-131 5.97340427e-139 2.59582860e-139
 3.57314355e-145 2.59582860e-139]","[1.05910660e-191 1.49266032e-186 1.44235064e-192 1.40829494e-203
 1.52982644e-165 1.38399900e-183 3.53358345e-195 5.54414590e-172
 6.11074430e-166 2.32739056e-170 3.65456332e-183 1.72251454e-176
 2.08742782e-190 3.65456332e-183 1.44235064e-192 9.63808018e-183
 3.41677257e-161 8.26859081e-198 2.81115002e-185 3.91093778e-192
 3.15863793e-180 7.18008740e-194 2.15605296e-179 3.65456332e-183
 7.46045840e-185 9.63808018e-183 1.38399900e-183 1.05792849e-185
 1.96416771e-174 7.73757074e-191 3.97632682e-186 3.97632682e-186
 1.09179716e-188 6.67832938e-182 1.10238235e-202 1.44235064e-192
 9.71405854e-167 1.47709060e-163 1.05910660e-191 1.05910660e-191
 1.20671971e-180 1.51347567e-189 5.62245732e-179 2.92686009e-188
 9.57936136e-169 9.89641318e-178 3.65456332e-183 1.75465082e-181
 2.86449109e-191 1.97742990e-184]",1.671033598365219e-124,6.863534762848914e-163,1.0498649582352393e-123,4.970239661431059e-162
df3,0.8500000000000001,-1.0,0.8500000000000001,"[2.29586024e-155 7.56450039e-159 1.37294733e-138 4.55776756e-153
 1.57721865e-148 6.31809023e-152 2.29586024e-155 1.51408902e-151
 3.95211198e-141 3.57314355e-145 9.14846799e-141 2.41889424e-168
 2.70191421e-157 3.95211198e-141 9.55305708e-165 2.79630084e-149
 1.52982644e-165 1.14970548e-175 6.11074430e-166 2.79630084e-149
 1.34579277e-154 6.10046832e-168 5.29370851e-135 1.12671987e-139
 3.57314355e-145 4.94613442e-147 6.10046832e-168 4.55776756e-153
 8.42942072e-161 1.53665271e-167 1.37294733e-138 1.25652552e-159
 9.11197923e-131 2.92297102e-126 2.09388117e-147 6.10046832e-168
 6.64504909e-149 5.56191291e-155 1.52170582e-145 4.88474039e-140
 1.51408902e-151 6.64504909e-149 1.07337441e-143 1.60309113e-156
 9.71405854e-167 3.16357866e-142 3.73908448e-148 1.09619158e-152
 2.70191421e-157 5.93631016e-164]","[1.40829494e-203 5.31262531e-193 7.73757074e-191 6.26005417e-197
 3.52395716e-212 5.23469135e-184 1.22649857e-212 1.08658258e-198
 1.40829494e-203 2.53864056e-182 5.54414590e-172 6.14240019e-215
 3.07831128e-202 4.45291617e-176 2.99933556e-198 3.53358345e-195
 5.12669163e-200 4.26320822e-213 1.25766151e-207 5.62429767e-190
 9.65472569e-195 1.22649857e-212 2.15605296e-179 2.15605296e-179
 1.05910660e-191 3.53358345e-195 2.89773338e-211 5.02382596e-204
 2.27657730e-197 3.49929737e-218 1.38399900e-183 2.26305188e-205
 1.96416771e-174 3.80921130e-178 2.86449109e-191 8.26092250e-224
 2.92686009e-188 9.65472569e-195 1.44235064e-192 3.80921130e-178
 1.84777053e-200 5.12669163e-200 1.75465082e-181 1.84777053e-200
 1.00763382e-206 3.97632682e-186 9.65472569e-195 3.91093778e-192
 8.58487380e-202 5.02382596e-204]",5.846124293365948e-128,1.1128481848648971e-173,4.092156828645297e-127,0.0
df3,0.9,-1.0,0.9,"[7.63577865e-175 9.14846799e-141 3.86593734e-167 1.53665271e-167
 2.56791027e-177 2.56791027e-177 3.86593734e-167 2.32739056e-170
 6.64504909e-149 3.60100749e-171 3.31837362e-173 1.85265048e-158
 2.43788785e-166 7.85078471e-154 3.08488950e-159 1.96416771e-174
 1.89275526e-153 8.42942072e-161 7.63577865e-175 1.53665271e-167
 5.62245732e-179 5.54414590e-172 2.07706765e-160 2.63328336e-152
 5.56191291e-155 1.49683070e-169 1.38399900e-183 3.86593734e-167
 9.71405854e-167 2.70191421e-157 8.25754125e-180 1.34579277e-154
 2.81115002e-185 3.67085321e-163 3.25242831e-154 2.96475930e-175
 1.10723264e-157 5.90593359e-170 1.52982644e-165 6.11074430e-166
 7.63577865e-175 8.42942072e-161 2.38284114e-164 7.85078471e-154
 4.55776756e-153 2.63328336e-152 3.60100749e-171 5.54414590e-172
 6.10046832e-168 3.60100749e-171]","[8.29322344e-211 2.81115002e-185 5.34047521e-230 8.58487380e-202
 8.26859081e-198 5.84341813e-231 1.01117804e-211 4.26320822e-213
 1.42059127e-199 6.76639127e-210 6.35957166e-232 1.01117804e-211
 1.08658258e-198 4.71525476e-196 1.00763382e-206 2.97708325e-217
 4.06755305e-189 8.58487380e-202 2.37040639e-210 2.12113147e-215
 6.14240019e-215 1.25766151e-207 2.84661371e-206 6.67832938e-182
 2.37040639e-210 6.14240019e-215 2.09379917e-232 1.01117804e-211
 8.26092250e-224 1.08658258e-198 2.97708325e-217 6.26005417e-197
 1.18168499e-226 3.94269086e-203 1.95431960e-193 3.14312166e-225
 1.92897507e-209 8.26092250e-224 8.58487380e-202 2.39109446e-201
 1.02134242e-217 5.31262531e-193 3.07831128e-202 1.51347567e-189
 8.03142016e-206 5.23469135e-184 4.26320822e-213 1.56161030e-208
 1.84777053e-200 5.12669163e-200]",1.829693611533593e-142,1.3466976000140968e-183,1.2807855185718448e-141,0.0
df3,0.9500000000000001,-1.0,0.9500000000000001,"[2.06878284e-150 1.29483446e-173 1.05910660e-191 9.89641318e-178
 2.81115002e-185 2.81115002e-185 9.63808018e-183 6.11074430e-166
 7.63577865e-175 3.60100749e-171 5.02382596e-204 9.55305708e-165
 1.41383100e-171 6.26005417e-197 3.15863793e-180 8.25754125e-180
 1.10238235e-202 4.60436904e-181 2.63328336e-152 9.16040170e-171
 5.04621141e-174 5.62429767e-190 8.42942072e-161 9.11163913e-163
 6.65489851e-177 7.46045840e-185 9.71405854e-167 1.10238235e-202
 2.56791027e-177 5.04621141e-174 2.32739056e-170 3.08488950e-159
 8.49373747e-173 6.65489851e-177 1.38399900e-183 1.05910660e-191
 2.17137680e-172 1.49683070e-169 7.83634509e-188 1.14970548e-175
 1.52982644e-165 1.52982644e-165 7.46045840e-185 2.96475930e-175
 1.71917031e-196 6.67832938e-182 1.51408902e-151 2.15605296e-179
 4.45291617e-176 1.53665271e-167]","[2.81115002e-185 1.18168499e-226 5.50589418e-221 5.50589418e-221
 2.42735057e-234 1.56161030e-208 7.25427491e-223 1.40829494e-203
 3.52395716e-212 1.01117804e-211 7.93820122e-235 1.40829494e-203
 1.40829494e-203 1.61125783e-229 2.59254914e-235 8.26092250e-224
 4.85478287e-229 3.14312166e-225 3.97632682e-186 5.50589418e-221
 5.02382596e-204 9.43988833e-238 2.12113147e-215 8.29322344e-211
 4.26320822e-213 2.09379917e-232 8.29322344e-211 1.15334471e-243
 1.39630443e-219 4.75885256e-220 3.52395716e-212 1.92897507e-209
 6.14240019e-215 1.31736402e-227 3.52395716e-212 1.76772217e-230
 3.53209531e-226 4.26320822e-213 3.53209531e-226 5.50589418e-221
 1.00763382e-206 1.00763382e-206 8.29322344e-211 2.39109446e-201
 7.93820122e-235 1.02134242e-217 1.71917031e-196 4.38975014e-228
 7.25427491e-223 6.14240019e-215]",4.4930491589501795e-152,6.417565396042643e-187,2.8991526556366076e-151,0.0
df3,1.0,-1.0,1.0,"[1.09179716e-188 1.51347567e-189 5.59326537e-162 1.56161030e-208
 2.09544875e-187 1.44235064e-192 9.63808018e-183 5.49201459e-209
 2.96475930e-175 3.91093778e-192 3.31837362e-173 8.29322344e-211
 1.71917031e-196 2.39109446e-201 2.86449109e-191 5.31262531e-193
 5.23469135e-184 8.58487380e-202 2.17137680e-172 2.17137680e-172
 2.08742782e-190 1.22649857e-212 3.97632682e-186 6.11074430e-166
 6.65122023e-201 7.73757074e-191 2.27657730e-197 2.43788785e-166
 1.39630443e-219 4.60436904e-181 1.71917031e-196 1.29162726e-195
 5.59619386e-187 2.26305188e-205 2.27657730e-197 2.27657730e-197
 5.12669163e-200 1.42059127e-199 1.10238235e-202 2.86449109e-191
 5.62245732e-179 2.92686009e-188 5.59619386e-187 6.76639127e-210
 4.06755305e-189 1.14970548e-175 6.65489851e-177 5.62429767e-190
 1.10238235e-202 3.94269086e-203]","[1.77639648e-214 2.09379917e-232 1.01117804e-211 1.18204429e-247
 2.59254914e-235 3.14312166e-225 3.53209531e-226 3.67595363e-244
 8.29322344e-211 2.78216167e-224 1.47992178e-213 9.98820860e-255
 8.95837920e-237 9.43988833e-238 1.46081292e-228 2.42735057e-234
 4.85478287e-229 3.71889573e-245 1.05910660e-191 3.94269086e-203
 1.46081292e-228 1.13669509e-250 2.44962142e-223 2.39109446e-201
 6.43355913e-262 3.32298747e-240 4.85478287e-229 3.94269086e-203
 2.94114767e-256 5.50589418e-221 1.03131898e-239 9.53767716e-256
 5.13066115e-214 8.95837920e-237 3.14312166e-225 7.41239578e-234
 3.72643155e-248 1.05435156e-225 1.13073699e-242 6.35957166e-232
 1.01117804e-211 3.19645484e-239 1.03131898e-239 1.18044632e-245
 5.84341813e-231 3.93137265e-199 2.78216167e-224 7.41239578e-234
 3.72643155e-248 2.59254914e-235]",1.1188240460668925e-163,2.1182132750668167e-193,0.0,0.0
