setting,delta,mu1,mu2,pval,pval_base,ks_p_prop,ks_p_base,cvm_p_prop,cvm_p_base,ad_p_prop,ad_p_base,ks_u_stat_prop,ks_u_stat_base,ks_u_p_prop,ks_u_p_base,mmd_u_prop,mmd_u_base,wass_u_prop,wass_u_base,ks_p_prop_mean,ks_p_base_mean,ks_p_prop_std,ks_p_base_std,cvm_p_prop_mean,cvm_p_base_mean,cvm_p_prop_std,cvm_p_base_std,ad_p_prop_mean,ad_p_base_mean,ad_p_prop_std,ad_p_base_std,ks_u_stat_prop_mean,ks_u_stat_base_mean,ks_u_stat_prop_std,ks_u_stat_base_std,mmd_u_prop_mean,mmd_u_base_mean,mmd_u_prop_std,mmd_u_base_std,wass_u_prop_mean,wass_u_base_mean,wass_u_prop_std,wass_u_base_std
df1,0.0,0.0,0.0,"[0.84163603 0.19796045 0.41323244 0.25747545 0.93482727 0.36968362
 0.27423335 0.66552932 0.36968362 0.79482654 0.58582128 0.16077182
 0.69212796 0.91946676 0.91946676 0.79482654 0.81875363 0.79482654
 0.81875363 0.58582128 0.94837208 0.36968362 0.19796045 0.63886042
 0.90235528 0.00992823 0.90235528 0.29176485 0.94837208 0.8633028
 0.88359176 0.01487416 0.48382277 0.97808957 0.48382277 0.96007647
 0.02192948 0.61225166 0.77002924 0.18488568 0.81875363 0.98957839
 0.17249627 0.16077182 0.88359176 0.79482654 0.41323244 0.69212796
 0.69212796 0.31007573]","[0.18488568 0.96996014 0.21173982 0.27423335 0.84163603 0.90235528
 0.66552932 0.91946676 0.77002924 0.77002924 0.09546732 0.3490397
 0.50859953 0.43609338 0.94837208 0.66552932 0.88359176 0.66552932
 0.50859953 0.79482654 0.39108739 0.11135888 0.29176485 0.11135888
 0.74453538 0.32916807 0.39108739 0.48382277 0.81875363 0.91946676
 0.96007647 0.03181713 0.39108739 0.63886042 0.81875363 0.63886042
 0.0539576  0.74453538 0.90235528 0.16077182 0.8633028  0.97808957
 0.01809676 0.09546732 0.97808957 0.43609338 0.90235528 0.61225166
 0.8633028  0.43609338]","[0.84163603 0.19796045 0.41323244 0.25747545 0.93482727 0.36968362
 0.27423335 0.66552932 0.36968362 0.79482654 0.58582128 0.16077182
 0.69212796 0.91946676 0.91946676 0.79482654 0.81875363 0.79482654
 0.81875363 0.58582128 0.94837208 0.36968362 0.19796045 0.63886042
 0.90235528 0.00992823 0.90235528 0.29176485 0.94837208 0.8633028
 0.88359176 0.01487416 0.48382277 0.97808957 0.48382277 0.96007647
 0.02192948 0.61225166 0.77002924 0.18488568 0.81875363 0.98957839
 0.17249627 0.16077182 0.88359176 0.79482654 0.41323244 0.69212796
 0.69212796 0.31007573]","[0.18488568 0.96996014 0.21173982 0.27423335 0.84163603 0.90235528
 0.66552932 0.91946676 0.77002924 0.77002924 0.09546732 0.3490397
 0.50859953 0.43609338 0.94837208 0.66552932 0.88359176 0.66552932
 0.50859953 0.79482654 0.39108739 0.11135888 0.29176485 0.11135888
 0.74453538 0.32916807 0.39108739 0.48382277 0.81875363 0.91946676
 0.96007647 0.03181713 0.39108739 0.63886042 0.81875363 0.63886042
 0.0539576  0.74453538 0.90235528 0.16077182 0.8633028  0.97808957
 0.01809676 0.09546732 0.97808957 0.43609338 0.90235528 0.61225166
 0.8633028  0.43609338]","[0.79652409 0.31818029 0.30475871 0.23964873 0.83882115 0.42281051
 0.23223937 0.90412654 0.28048951 0.92389593 0.49840881 0.08752776
 0.7316968  0.91835107 0.97516564 0.88627239 0.67009638 0.92944436
 0.78225028 0.58088474 0.90045935 0.30709611 0.24231969 0.82091061
 0.85176631 0.01078186 0.86530504 0.335006   0.86798037 0.91061699
 0.89370434 0.0239     0.52540028 0.93173773 0.45103547 0.95420691
 0.00875371 0.59936441 0.66167139 0.0567039  0.8066788  0.96539719
 0.11326587 0.13306637 0.79956541 0.8697221  0.34224469 0.57085368
 0.76108559 0.25830064]","[0.2385772  0.99169852 0.14307466 0.2551237  0.91071434 0.74374167
 0.56927679 0.89247542 0.56498988 0.65884898 0.48733902 0.16918878
 0.41482555 0.5100227  0.88850101 0.62375243 0.87793039 0.58178925
 0.39299771 0.71212494 0.30978115 0.22740856 0.19813665 0.19970199
 0.6515821  0.22826528 0.22716422 0.36127116 0.62636201 0.93196163
 0.939519   0.05052082 0.28984146 0.70633501 0.57684051 0.36687457
 0.0962013  0.6169727  0.85424753 0.07278104 0.93286247 0.93452372
 0.03138635 0.07660175 0.96570208 0.63300429 0.83503777 0.54657163
 0.74155955 0.35617414]","[0.0025     0.0025     0.0025     0.0025     0.0025     0.0025
 0.0018107  0.0025     0.00233364 0.0025     0.0025     0.00101383
 0.0025     0.0025     0.0025     0.0025     0.0025     0.0025
 0.0025     0.0025     0.0025     0.0025     0.00241391 0.0025
 0.0025     0.00016451 0.0025     0.0025     0.0025     0.0025
 0.0025     0.00019374 0.0025     0.0025     0.0025     0.0025
 0.00011293 0.0025     0.0025     0.00064418 0.0025     0.0025
 0.00108421 0.00138972 0.0025     0.0025     0.0025     0.0025
 0.0025     0.00225392]","[0.0025     0.0025     0.00131613 0.00233253 0.0025     0.0025
 0.0025     0.0025     0.0025     0.0025     0.0025     0.00203784
 0.0025     0.0025     0.0025     0.0025     0.0025     0.0025
 0.0025     0.0025     0.0025     0.00198589 0.00200561 0.0025
 0.0025     0.0025     0.0025     0.0025     0.0025     0.0025
 0.0025     0.00052771 0.0025     0.0025     0.0025     0.0025
 0.00077922 0.0025     0.0025     0.00092111 0.0025     0.0025
 0.00038591 0.00091663 0.0025     0.0025     0.0025     0.0025
 0.0025     0.0025    ]","[0.02389563 0.02332867 0.03130382 0.03309252 0.02638671 0.02562509
 0.03158125 0.02374415 0.01985366 0.02492701 0.01552855 0.03415824
 0.02135626 0.01782359 0.03016957 0.02016042 0.02445921 0.02484712
 0.02963702 0.02774685 0.02339628 0.04003583 0.02399545 0.02150508
 0.01629615 0.01891914 0.02193223 0.02894296 0.02592855 0.01769198
 0.02334102 0.03095812 0.01882791 0.02093437 0.02120584 0.02312918
 0.02652062 0.01824011 0.0238437  0.04226703 0.02298837 0.02414438
 0.03139942 0.02187054 0.02224253 0.02411037 0.0199139  0.02343582
 0.02068339 0.02841423]","[0.0292421  0.0188757  0.0209747  0.01808422 0.01615363 0.01779607
 0.01771449 0.01578584 0.02012092 0.01669614 0.01681697 0.02450524
 0.02253212 0.01962359 0.01598002 0.02468066 0.02040781 0.01357933
 0.01389291 0.02794621 0.01943825 0.02877271 0.03342776 0.02088378
 0.01518224 0.02275105 0.01794567 0.0153208  0.01317967 0.03008704
 0.02886748 0.03683889 0.01782938 0.02169953 0.02122876 0.02351523
 0.03325023 0.03084506 0.03056269 0.01860757 0.02260971 0.01528992
 0.03755483 0.01326727 0.02866917 0.03282359 0.02345724 0.01696451
 0.01730735 0.03073845]","[0.20032173 0.22296867 0.03885689 0.02447846 0.12125938 0.14213615
 0.03623024 0.20619107 0.40444967 0.16373402 0.71432434 0.0183621
 0.31680932 0.54285622 0.05139922 0.38544336 0.17961341 0.16636412
 0.05840534 0.09024914 0.22016992 0.00319362 0.19652497 0.30888881
 0.65671319 0.46563754 0.28692465 0.06875382 0.13349403 0.55245503
 0.2224555  0.04236142 0.47185976 0.34001415 0.32495536 0.23138356
 0.11786204 0.51289384 0.20231914 0.00152907 0.23746537 0.19096436
 0.03793363 0.29002624 0.27168185 0.1922233  0.40067336 0.21854583
 0.35434345 0.07764941]","[0.06411639 0.46859529 0.33774769 0.52402923 0.66746138 0.54485866
 0.55080913 0.69511578 0.38785943 0.62655375 0.61746422 0.17799918
 0.25799332 0.41906457 0.68053564 0.17195173 0.37052442 0.84944404
 0.82957226 0.08631735 0.43105655 0.07151842 0.02238378 0.34287134
 0.7398845  0.24798566 0.53400635 0.72970647 0.87330306 0.05243515
 0.06996803 0.00855815 0.54243575 0.29874868 0.32370478 0.2153113
 0.02347232 0.04356578 0.04670437 0.48705456 0.25441307 0.73198082
 0.00691196 0.86822454 0.07324546 0.02628257 0.21766964 0.60639103
 0.58081005 0.0447285 ]","[-6.05583191e-05 -1.16109848e-04  1.49488449e-04  5.99145889e-04
  6.44922256e-05  4.27961349e-05  2.94446945e-05 -5.40018082e-05
 -1.54852867e-04  1.69277191e-04 -1.29103661e-04 -8.05854797e-05
 -1.69396400e-04 -1.48534775e-04  1.38878822e-04 -5.24520874e-06
 -3.70740891e-05 -6.90221786e-05  3.78608704e-04 -1.43766403e-04
 -9.85860825e-05  6.71148300e-04  2.07185745e-04 -1.01685524e-04
 -9.79900360e-05 -1.85728073e-04  2.34484673e-04 -1.18017197e-04
  4.57763672e-05  4.56571579e-05  8.78572464e-05 -5.94854355e-05
 -1.19805336e-04  5.45978546e-05 -1.10864639e-04  2.65121460e-04
  2.78353691e-04 -1.38282776e-04  8.53538513e-05  3.56197357e-04
 -1.73926353e-04 -1.72972679e-04  7.72476196e-05 -1.53660774e-04
  2.32458115e-05  6.27040863e-05 -1.06215477e-04 -1.12056732e-04
 -1.52111053e-04  1.05381012e-04]","[-3.38554382e-05 -1.22785568e-04  5.96046448e-06  4.07695770e-05
 -1.71661377e-04 -2.04086304e-04  3.87430191e-05 -3.83853912e-05
 -4.05311584e-05 -4.00543213e-05 -1.59025192e-04 -1.84893608e-04
 -3.09944153e-06 -2.38418579e-05 -1.77383423e-04 -1.51753426e-04
  1.57356262e-04 -1.53899193e-04 -1.09195709e-04 -3.77893448e-05
 -1.81078911e-04  3.80039215e-04  4.23192978e-04 -1.22427940e-04
  4.99486923e-05 -1.28626823e-04  2.55942345e-04 -1.69873238e-04
 -1.70350075e-04 -1.67369843e-04  4.70876694e-04  1.82509422e-04
 -4.12464142e-05  6.15119934e-05 -1.19686127e-04 -1.54137611e-04
  3.76820564e-04 -1.65462494e-04  1.49250031e-04 -1.39594078e-04
  6.42538071e-05 -1.44004822e-04  5.40733337e-04 -1.31726265e-04
  3.54528427e-04 -1.98125839e-04 -9.11951065e-05 -1.60336494e-04
 -5.99622726e-05  8.20159912e-05]","[0.01023301 0.01016381 0.01348613 0.02151367 0.01478695 0.0127722
 0.01052021 0.01022775 0.00818723 0.01632146 0.00689635 0.00876687
 0.00770029 0.00763995 0.01430905 0.01287611 0.01158299 0.01041488
 0.01824839 0.00798691 0.00977677 0.02020369 0.01495297 0.00975199
 0.00790185 0.00581663 0.01631126 0.00903468 0.01188885 0.01419415
 0.01260504 0.01227833 0.00857773 0.0127012  0.00935776 0.01654144
 0.01617423 0.00783497 0.01517848 0.0183615  0.00714531 0.00726744
 0.01279922 0.00777869 0.01321484 0.01373653 0.00960299 0.00879042
 0.0074091  0.01417546]","[0.00984362 0.00877309 0.01002337 0.01156211 0.00678461 0.00463308
 0.01146534 0.01017175 0.01137247 0.01119204 0.00608058 0.0056524
 0.01091639 0.00884208 0.00600105 0.0081017  0.01301259 0.00627915
 0.00805783 0.01101014 0.00672697 0.0159054  0.01670198 0.00702678
 0.01118566 0.00742095 0.01737931 0.00697975 0.00663085 0.00577469
 0.0179878  0.01509495 0.01047333 0.01155376 0.00840761 0.00651218
 0.01796035 0.00541123 0.01381058 0.00726699 0.01300509 0.00676959
 0.01805533 0.00715014 0.01901594 0.00491559 0.00880954 0.0063362
 0.00928423 0.01143771]",0.5920727088304516,0.5696427076922873,0.3018288747990026,0.30575520506606013,0.5832098773077594,0.524243707044956,0.31500754009286164,0.2916119623617263,0.0022183058646573174,0.002264171681001265,0.0006627908615984757,0.0005602053157837346,0.024734796841144564,0.02220648899912834,0.005498928413741962,0.0065391218969399565,2.2056102752685548e-05,-7.259845733642578e-06,0.00019103897332002837,0.0001930980203653001,0.011719954722373116,0.01001531786148513,0.0037141563955368027,0.003906575021255683
df1,0.05,0.0,0.05,"[0.3490397  0.10315938 0.79482654 0.139232   0.27423335 0.69212796
 0.41323244 0.00470847 0.19796045 0.16077182 0.8633028  0.25747545
 0.71851426 0.39108739 0.77002924 0.3490397  0.25747545 0.22624166
 0.74453538 0.84163603 0.3490397  0.94837208 0.71851426 0.36968362
 0.94837208 0.94837208 0.1200888  0.01100057 0.99875113 0.19796045
 0.16077182 0.03483221 0.74453538 0.00300719 0.58582128 0.84163603
 0.8633028  0.00992823 0.90235528 0.25747545 0.25747545 0.25747545
 0.32916807 0.98457739 0.29176485 0.45963725 0.139232   0.66552932
 0.29176485 0.91946676]","[0.69212796 0.08151459 0.84163603 0.12937218 0.71851426 0.81875363
 0.139232   0.00806269 0.25747545 0.16077182 0.63886042 0.139232
 0.08151459 0.08825991 0.63886042 0.27423335 0.27423335 0.39108739
 0.25747545 0.41323244 0.50859953 0.06383124 0.66552932 0.27423335
 0.71851426 0.43609338 0.74453538 0.06383124 0.19796045 0.94837208
 0.29176485 0.00992823 0.97808957 0.69212796 0.71851426 0.31007573
 0.29176485 0.09546732 0.58582128 0.93482727 0.71851426 0.05871658
 0.06932183 0.39108739 0.22624166 0.8633028  0.55967522 0.61225166
 0.58582128 0.31007573]","[0.3490397  0.10315938 0.79482654 0.139232   0.27423335 0.69212796
 0.41323244 0.00470847 0.19796045 0.16077182 0.8633028  0.25747545
 0.71851426 0.39108739 0.77002924 0.3490397  0.25747545 0.22624166
 0.74453538 0.84163603 0.3490397  0.94837208 0.71851426 0.36968362
 0.94837208 0.94837208 0.1200888  0.01100057 0.99875113 0.19796045
 0.16077182 0.03483221 0.74453538 0.00300719 0.58582128 0.84163603
 0.8633028  0.00992823 0.90235528 0.25747545 0.25747545 0.25747545
 0.32916807 0.98457739 0.29176485 0.45963725 0.139232   0.66552932
 0.29176485 0.91946676]","[0.69212796 0.08151459 0.84163603 0.12937218 0.71851426 0.81875363
 0.139232   0.00806269 0.25747545 0.16077182 0.63886042 0.139232
 0.08151459 0.08825991 0.63886042 0.27423335 0.27423335 0.39108739
 0.25747545 0.41323244 0.50859953 0.06383124 0.66552932 0.27423335
 0.71851426 0.43609338 0.74453538 0.06383124 0.19796045 0.94837208
 0.29176485 0.00992823 0.97808957 0.69212796 0.71851426 0.31007573
 0.29176485 0.09546732 0.58582128 0.93482727 0.71851426 0.05871658
 0.06932183 0.39108739 0.22624166 0.8633028  0.55967522 0.61225166
 0.58582128 0.31007573]","[0.37910009 0.13212671 0.72215949 0.30998282 0.09878561 0.57849041
 0.36833697 0.02872529 0.32837185 0.2136868  0.9143867  0.19059107
 0.55311917 0.24634276 0.84252665 0.55045287 0.29714119 0.24906427
 0.51723427 0.74603582 0.10511454 0.85848576 0.82575995 0.38609606
 0.97086752 0.87428907 0.21285468 0.01283883 0.99515453 0.21623174
 0.10487714 0.0151458  0.86274098 0.00587527 0.52239254 0.96655322
 0.89640428 0.00401631 0.94505505 0.56105515 0.34489932 0.22697798
 0.55075988 0.91416876 0.25091487 0.87573413 0.25187262 0.43987872
 0.32967553 0.95057599]","[0.66780683 0.0184902  0.64997412 0.15470874 0.61671298 0.80167712
 0.08644233 0.02081269 0.27855963 0.1862926  0.62023338 0.09869744
 0.11515909 0.06585309 0.68919129 0.36479877 0.47465385 0.46999088
 0.37353651 0.49728244 0.52867423 0.10213739 0.4857456  0.44829154
 0.78979495 0.47976501 0.72437193 0.0803732  0.28246542 0.93565833
 0.21117637 0.05724973 0.98506246 0.52158765 0.66933604 0.49170922
 0.45163561 0.02139728 0.66011123 0.93849832 0.80311231 0.02111186
 0.14271281 0.2251077  0.07887134 0.84167134 0.50810786 0.6169273
 0.37752776 0.50519672]","[2.50000000e-03 1.03371071e-03 2.50000000e-03 2.50000000e-03
 1.30627428e-03 2.50000000e-03 2.50000000e-03 4.72741740e-04
 2.26211089e-03 2.50000000e-03 2.50000000e-03 1.36235031e-03
 2.50000000e-03 2.50000000e-03 2.50000000e-03 2.50000000e-03
 2.50000000e-03 2.50000000e-03 2.50000000e-03 2.50000000e-03
 1.03923543e-03 2.50000000e-03 2.50000000e-03 2.50000000e-03
 2.50000000e-03 2.50000000e-03 2.03233893e-03 1.73472133e-04
 2.50000000e-03 2.50000000e-03 8.63982296e-04 1.75683436e-04
 2.50000000e-03 8.30125271e-05 2.50000000e-03 2.50000000e-03
 2.50000000e-03 4.43727588e-05 2.50000000e-03 2.50000000e-03
 2.50000000e-03 2.50000000e-03 2.50000000e-03 2.50000000e-03
 2.25864205e-03 2.50000000e-03 2.45102905e-03 2.50000000e-03
 2.50000000e-03 2.50000000e-03]","[0.0025     0.00014908 0.0025     0.00112912 0.0025     0.0025
 0.00100272 0.00030177 0.00218562 0.0025     0.0025     0.00102814
 0.0011965  0.00091204 0.0025     0.0025     0.0025     0.0025
 0.0025     0.0025     0.0025     0.00139052 0.0025     0.0025
 0.0025     0.0025     0.0025     0.00124742 0.0025     0.0025
 0.00171123 0.00073593 0.0025     0.0025     0.0025     0.0025
 0.0025     0.0001711  0.0025     0.0025     0.0025     0.00028303
 0.00158614 0.0025     0.0006687  0.0025     0.0025     0.0025
 0.0025     0.0025    ]","[0.02926037 0.02122436 0.0286266  0.02034812 0.02487796 0.01985873
 0.01682779 0.02185515 0.02533878 0.03301586 0.01620876 0.03558738
 0.02563813 0.02252392 0.01795215 0.0344198  0.03041722 0.04411319
 0.02169218 0.02753781 0.03088932 0.01850323 0.02249752 0.02536057
 0.01949328 0.02010376 0.02168558 0.03062226 0.0177376  0.01895584
 0.01788002 0.02747968 0.02143221 0.04663011 0.02004645 0.03141629
 0.02568257 0.01986289 0.01716546 0.02464463 0.03217347 0.01963816
 0.02561668 0.02209568 0.02155041 0.02224725 0.02440927 0.02222787
 0.03058022 0.0317513 ]","[0.01150698 0.02671328 0.02321088 0.02361958 0.02649802 0.01548403
 0.02649374 0.03826461 0.03139809 0.01857206 0.02797182 0.04767215
 0.02422661 0.03207627 0.02828412 0.03282599 0.01326503 0.01843785
 0.03545122 0.02788456 0.01238199 0.0445931  0.03365013 0.02047071
 0.01941251 0.02376926 0.02323982 0.02366457 0.03236067 0.02762245
 0.02856247 0.02388904 0.02498061 0.0251175  0.0193506  0.02103311
 0.02446289 0.03124399 0.02625347 0.02491725 0.01829537 0.03148122
 0.03151433 0.03350539 0.03923827 0.01861098 0.009201   0.01875929
 0.02314559 0.02009182]","[6.38419582e-02 3.23944400e-01 7.39656987e-02 3.74090025e-01
 1.65344834e-01 4.04130967e-01 6.16650986e-01 2.90803932e-01
 1.50699036e-01 2.49811995e-02 6.63304786e-01 1.23106026e-02
 1.41755778e-01 2.58373442e-01 5.33538087e-01 1.70873337e-02
 4.83964197e-02 8.06604368e-04 2.99127928e-01 9.45319565e-02
 4.30907351e-02 4.94330265e-01 2.59601453e-01 1.50033188e-01
 4.27475664e-01 3.88911839e-01 2.99468545e-01 4.60264004e-02
 5.49121629e-01 4.63146572e-01 5.38759236e-01 9.57526675e-02
 3.12749972e-01 3.22738331e-04 3.92439648e-01 3.77726363e-02
 1.40465498e-01 4.03869680e-01 5.91367623e-01 1.73180372e-01
 3.11377718e-02 4.18130021e-01 1.42382126e-01 2.78820923e-01
 3.06503905e-01 2.71454532e-01 1.81377749e-01 2.72388443e-01
 4.65038991e-02 3.46982403e-02]","[9.51041851e-01 1.13111848e-01 2.27908552e-01 2.11116434e-01
 1.18429977e-01 7.17631660e-01 1.18537672e-01 5.57005067e-03
 3.79462911e-02 4.89525459e-01 8.58227961e-02 2.17616290e-04
 1.87947132e-01 3.19277845e-02 7.99819122e-02 2.62659385e-02
 8.68355476e-01 4.98914689e-01 1.27976233e-02 8.75175000e-02
 9.15183546e-01 6.80005149e-04 2.10837171e-02 3.66790249e-01
 4.32736892e-01 2.05209325e-01 2.26687355e-01 2.09327365e-01
 2.96647100e-02 9.27777101e-02 7.50621288e-02 2.00574429e-01
 1.61988390e-01 1.57596669e-01 4.36794295e-01 3.34483979e-01
 1.79483882e-01 3.94446583e-02 1.24718672e-01 1.64053754e-01
 5.08969971e-01 3.71588591e-02 3.68491721e-02 2.19220153e-02
 4.11541766e-03 4.86817838e-01 9.95302826e-01 4.76566830e-01
 2.30682366e-01 3.89645074e-01]","[ 1.16825104e-04 -1.68204308e-04 -1.86681747e-04 -1.45196915e-04
  9.31024551e-05 -1.51157379e-04  5.60283661e-06  4.88758087e-06
 -1.42931938e-04  6.65426254e-04  1.59382820e-04 -7.66515732e-05
 -1.84774399e-05  2.50339508e-05 -7.17639923e-05  4.29153442e-05
  5.83767891e-04  6.87241554e-04  1.30653381e-04 -8.02278519e-05
 -4.26769257e-05 -1.10864639e-04 -1.70826912e-04 -1.46746635e-04
  6.88195229e-04  2.31146812e-04 -9.38177109e-05  2.10762024e-04
 -1.25169754e-04 -1.48415565e-04 -8.04662704e-05  5.64336777e-04
 -1.12295151e-04  1.60562992e-03 -9.02414322e-05 -6.66379929e-05
 -1.10626221e-04 -4.41074371e-06 -1.80721283e-04 -1.21116638e-04
 -3.62396240e-05  1.83343887e-04  1.05619431e-04  4.29153442e-06
  3.56435776e-05  5.90085983e-05  5.35488129e-04 -1.46627426e-04
  3.21030617e-04  2.99692154e-04]","[-2.03251839e-04  4.56333160e-04  5.93304634e-04  2.04563141e-04
 -1.59263611e-04  2.23398209e-04  6.77585602e-04  1.06036663e-03
  3.71694565e-04  2.13861465e-04 -1.34944916e-04  1.94072723e-04
 -1.47223473e-04 -1.12295151e-04  6.00934029e-04  6.74366951e-04
 -1.55568123e-04  3.01599503e-05  7.78794289e-04  3.05175781e-05
 -6.36577606e-05  9.94443893e-04  2.71916389e-04 -2.27689743e-05
 -3.65972519e-05 -1.44481659e-04  1.54852867e-04 -1.61528587e-04
  1.81198120e-05  5.54800034e-04  1.75237656e-04  3.24249268e-05
  1.06453896e-04  9.67979431e-05 -5.10215759e-05 -3.18288803e-05
 -1.53779984e-05 -1.75237656e-04 -3.81469727e-06  5.57899475e-05
  1.42097473e-04  1.07502937e-03 -1.91330910e-04  1.13010406e-04
  8.26597214e-04 -3.99351120e-05  2.31266022e-05 -2.78949738e-05
 -6.34193420e-05 -1.77145004e-04]","[0.01502133 0.00721976 0.00731634 0.00780004 0.01375762 0.00656831
 0.01171768 0.01052268 0.00797482 0.02027809 0.01575505 0.01097679
 0.01173192 0.01190506 0.01202001 0.01235566 0.01891096 0.02046809
 0.014748   0.01100834 0.01048606 0.00788125 0.00679027 0.00771773
 0.02462807 0.01753506 0.00897357 0.01450158 0.00808638 0.00708283
 0.01015957 0.02069606 0.00813019 0.02902124 0.00938115 0.00971962
 0.0090476  0.01130605 0.0057513  0.00955163 0.01051914 0.01612994
 0.01534023 0.01169895 0.01251548 0.01344888 0.01982665 0.00915094
 0.01576174 0.0179929 ]","[0.00498931 0.0207891  0.02113646 0.01605232 0.00659806 0.01504303
 0.02291034 0.02507702 0.01812064 0.01305737 0.00625705 0.01759676
 0.00759241 0.00868141 0.02280184 0.02075819 0.00589638 0.01042147
 0.02378116 0.01153314 0.00972557 0.02471944 0.01805035 0.0115917
 0.01067628 0.00618129 0.01469527 0.00640503 0.01108871 0.01976991
 0.01592462 0.01092846 0.01496736 0.01399791 0.01029384 0.01159932
 0.00934166 0.00519836 0.0107178  0.01149444 0.01327431 0.02328519
 0.00537049 0.01325363 0.02464107 0.00945118 0.01073602 0.01242838
 0.00898277 0.00539368]",0.46317082632694856,0.41938679706230353,0.31955339467955146,0.28759674539515917,0.4748785408607404,0.4247252495751636,0.31985360713903543,0.2794752675144958,0.002111179130690262,0.0020139810647185927,0.0007648970494161894,0.000777392544927607,0.02495407708227635,0.025693525848388674,0.00653476133933841,0.007828280413247481,9.059667587280274e-05,0.00017264127731323243,0.0003249816726366695,0.0003469657934401402,0.012537771899789671,0.013465550095449298,0.004964065109719575,0.005958085554083201
df1,0.1,0.0,0.1,"[0.11135888 0.139232   0.0416213  0.29176485 0.09546732 0.12937218
 0.32916807 0.74453538 0.79482654 0.06932183 0.24148215 0.90235528
 0.0539576  0.58582128 0.01809676 0.39108739 0.53390728 0.24148215
 0.11135888 0.8633028  0.18488568 0.84163603 0.14969106 0.53390728
 0.69212796 0.96007647 0.07520917 0.139232   0.50859953 0.31007573
 0.19796045 0.8633028  0.74453538 0.50859953 0.84163603 0.03483221
 0.45963725 0.61225166 0.96996014 0.11135888 0.02903392 0.25747545
 0.43609338 0.50859953 0.77002924 0.21173982 0.88359176 0.55967522
 0.84163603 0.00238884]","[3.48322136e-02 8.82599083e-02 5.85821277e-01 9.48372085e-01
 6.38860419e-01 1.84885683e-01 1.10005675e-02 6.12251659e-01
 2.26241661e-01 8.06268875e-03 5.33907283e-01 1.60771824e-01
 4.83822766e-01 6.65529322e-01 5.51757155e-04 6.12251659e-01
 8.95145539e-03 7.44535382e-01 7.20954134e-05 4.83822766e-01
 9.95898978e-01 8.41636027e-01 5.39576008e-02 4.36093382e-01
 7.52091658e-02 4.36093382e-01 6.12251659e-01 1.39231997e-01
 7.94826541e-01 2.41482152e-01 4.59637254e-01 4.36093382e-01
 3.69683622e-01 8.18753631e-01 4.54286666e-02 6.38860419e-01
 4.59637254e-01 3.49039701e-01 7.44535382e-01 2.74233349e-01
 5.33907283e-01 6.12251659e-01 3.00718998e-03 3.91087390e-01
 6.92127962e-01 5.87165796e-02 9.93281626e-01 4.36093382e-01
 3.69683622e-01 5.25376643e-03]","[0.11135888 0.139232   0.0416213  0.29176485 0.09546732 0.12937218
 0.32916807 0.74453538 0.79482654 0.06932183 0.24148215 0.90235528
 0.0539576  0.58582128 0.01809676 0.39108739 0.53390728 0.24148215
 0.11135888 0.8633028  0.18488568 0.84163603 0.14969106 0.53390728
 0.69212796 0.96007647 0.07520917 0.139232   0.50859953 0.31007573
 0.19796045 0.8633028  0.74453538 0.50859953 0.84163603 0.03483221
 0.45963725 0.61225166 0.96996014 0.11135888 0.02903392 0.25747545
 0.43609338 0.50859953 0.77002924 0.21173982 0.88359176 0.55967522
 0.84163603 0.00238884]","[3.48322136e-02 8.82599083e-02 5.85821277e-01 9.48372085e-01
 6.38860419e-01 1.84885683e-01 1.10005675e-02 6.12251659e-01
 2.26241661e-01 8.06268875e-03 5.33907283e-01 1.60771824e-01
 4.83822766e-01 6.65529322e-01 5.51757155e-04 6.12251659e-01
 8.95145539e-03 7.44535382e-01 7.20954134e-05 4.83822766e-01
 9.95898978e-01 8.41636027e-01 5.39576008e-02 4.36093382e-01
 7.52091658e-02 4.36093382e-01 6.12251659e-01 1.39231997e-01
 7.94826541e-01 2.41482152e-01 4.59637254e-01 4.36093382e-01
 3.69683622e-01 8.18753631e-01 4.54286666e-02 6.38860419e-01
 4.59637254e-01 3.49039701e-01 7.44535382e-01 2.74233349e-01
 5.33907283e-01 6.12251659e-01 3.00718998e-03 3.91087390e-01
 6.92127962e-01 5.87165796e-02 9.93281626e-01 4.36093382e-01
 3.69683622e-01 5.25376643e-03]","[0.14562693 0.1060088  0.1354298  0.31533759 0.11188769 0.08502231
 0.17044548 0.39812793 0.75183991 0.09251986 0.36682675 0.7510044
 0.02694874 0.5502695  0.06707863 0.33008181 0.6066977  0.14501325
 0.04900216 0.92395951 0.27958219 0.79357472 0.32995166 0.4160343
 0.5371073  0.93332616 0.18167958 0.24465609 0.57266595 0.43082592
 0.21045014 0.6754181  0.60664033 0.46624744 0.76604053 0.07941288
 0.29181872 0.81003591 0.99147306 0.25256992 0.04804976 0.26118346
 0.47909777 0.44618209 0.83549822 0.17623676 0.55242728 0.69877882
 0.84489224 0.00884812]","[2.50047564e-02 4.80853232e-02 6.64783169e-01 9.24637352e-01
 5.65107026e-01 4.32339173e-01 5.61444106e-03 6.78809423e-01
 1.64264637e-01 1.35295745e-02 4.55818099e-01 6.76881276e-02
 4.02907078e-01 4.70815456e-01 1.55602332e-03 5.18181703e-01
 4.77030561e-02 6.79764200e-01 1.34786097e-04 4.57718197e-01
 9.87594781e-01 7.88919046e-01 8.72554825e-02 3.38003912e-01
 9.83123620e-02 2.42346931e-01 5.48792174e-01 2.15901481e-01
 8.61533369e-01 1.00077104e-01 4.58044974e-01 3.73328397e-01
 2.75311671e-01 8.51974931e-01 7.29569235e-02 5.57660119e-01
 4.17420300e-01 3.06005104e-01 6.36935089e-01 1.94219971e-01
 5.84454390e-01 7.09708166e-01 6.98133070e-03 2.54909212e-01
 6.03589369e-01 6.26138108e-02 9.76907368e-01 2.75879782e-01
 2.27953741e-01 1.07486533e-03]","[1.53151774e-03 1.44602481e-03 1.81268682e-03 2.50000000e-03
 1.45835479e-03 7.10425344e-04 1.73028250e-03 2.50000000e-03
 2.50000000e-03 1.14911769e-03 2.50000000e-03 2.50000000e-03
 2.56146874e-04 2.50000000e-03 8.82021060e-04 2.50000000e-03
 2.50000000e-03 1.94752969e-03 4.55329145e-04 2.50000000e-03
 2.50000000e-03 2.50000000e-03 2.22854782e-03 2.50000000e-03
 2.50000000e-03 2.50000000e-03 1.27405317e-03 2.33144814e-03
 2.50000000e-03 2.50000000e-03 2.21784933e-03 2.50000000e-03
 2.50000000e-03 2.50000000e-03 2.50000000e-03 1.05061662e-03
 2.50000000e-03 2.50000000e-03 2.50000000e-03 2.50000000e-03
 6.73232968e-04 2.50000000e-03 2.50000000e-03 2.50000000e-03
 2.50000000e-03 1.67436663e-03 2.50000000e-03 2.50000000e-03
 2.50000000e-03 6.21854956e-05]","[2.49984451e-04 6.09370057e-04 2.50000000e-03 2.50000000e-03
 2.50000000e-03 2.50000000e-03 5.52884726e-05 2.50000000e-03
 1.98423207e-03 1.58313339e-04 2.50000000e-03 5.75429443e-04
 2.50000000e-03 2.50000000e-03 1.28780585e-05 2.50000000e-03
 5.17576929e-04 2.50000000e-03 1.00000000e-05 2.50000000e-03
 2.50000000e-03 2.50000000e-03 9.05392496e-04 2.50000000e-03
 1.11961329e-03 2.50000000e-03 2.50000000e-03 2.33603698e-03
 2.50000000e-03 1.19903042e-03 2.50000000e-03 2.50000000e-03
 2.50000000e-03 2.50000000e-03 7.70150683e-04 2.50000000e-03
 2.50000000e-03 2.50000000e-03 2.50000000e-03 2.50000000e-03
 2.50000000e-03 2.50000000e-03 9.36244838e-05 2.50000000e-03
 2.50000000e-03 6.08981265e-04 2.50000000e-03 2.50000000e-03
 2.50000000e-03 1.00000000e-05]","[0.01866047 0.0191904  0.04084077 0.02329014 0.0282957  0.02055127
 0.02037627 0.02481676 0.02130417 0.02344689 0.03881555 0.02838502
 0.04745607 0.02159311 0.01846972 0.02525125 0.02294902 0.04127777
 0.02261199 0.01693675 0.02907866 0.02269853 0.02057997 0.05207966
 0.02089859 0.02718369 0.03736259 0.02236206 0.02049708 0.02495822
 0.03444671 0.03381954 0.0175444  0.02674886 0.02035816 0.01746886
 0.03386401 0.02194225 0.0231683  0.02828722 0.04383823 0.02727595
 0.02614419 0.03403852 0.02854336 0.02913621 0.02374193 0.01786434
 0.0229434  0.01769874]","[0.03364682 0.03476587 0.01524058 0.0291389  0.02587748 0.03139107
 0.03744532 0.02266474 0.02717757 0.04322683 0.02348835 0.03531861
 0.01430854 0.0212488  0.04236792 0.0403743  0.04459022 0.02302563
 0.04171975 0.03924291 0.0157351  0.03183598 0.04473688 0.01991786
 0.04054244 0.03406831 0.02177025 0.03468401 0.032332   0.03050533
 0.03502176 0.02618888 0.03795237 0.01529779 0.0257799  0.03332111
 0.02090192 0.03023593 0.03541042 0.02732006 0.01953275 0.02310995
 0.03144611 0.03271828 0.02627021 0.04118664 0.02481507 0.03660871
 0.03631215 0.04363657]","[4.83385373e-01 4.47388672e-01 2.45973569e-03 2.24575666e-01
 7.97719877e-02 3.62042936e-01 3.72406113e-01 1.67372393e-01
 3.19613967e-01 2.18092511e-01 4.69772185e-03 7.81679444e-02
 2.36316598e-04 3.04269176e-01 4.96677382e-01 1.53397823e-01
 2.39186211e-01 2.13001708e-03 2.54308295e-01 6.08471881e-01
 6.66159057e-02 2.50359793e-01 3.60361711e-01 3.73154211e-05
 3.42033064e-01 1.02173795e-01 7.32298961e-03 2.65969128e-01
 3.65231952e-01 1.62715761e-01 1.69607682e-02 2.01388155e-02
 5.63284160e-01 1.12252167e-01 3.73488926e-01 5.68852516e-01
 1.98971283e-02 2.86423088e-01 2.29714723e-01 7.99257022e-02
 8.88755226e-04 1.00134975e-01 1.27615851e-01 1.89734764e-02
 7.53915194e-02 6.57264464e-02 2.06278139e-01 5.39896277e-01
 2.39432994e-01 5.51960563e-01]","[2.11025474e-02 1.55225261e-02 7.35607760e-01 6.56850875e-02
 1.34917699e-01 3.80134777e-02 7.14346033e-03 2.51896007e-01
 1.02310146e-01 1.10027265e-03 2.16401738e-01 1.32885658e-02
 8.01889178e-01 3.22614223e-01 1.47758915e-03 2.86336990e-03
 6.80704446e-04 2.35844338e-01 1.83859834e-03 4.10941178e-03
 6.98915408e-01 3.39567533e-02 6.45862856e-04 4.00426091e-01
 2.71130821e-03 1.88196470e-02 2.95119927e-01 1.58806150e-02
 2.98862231e-02 4.73653427e-02 1.44494931e-02 1.26424618e-01
 6.12792884e-03 7.31401135e-01 1.37672457e-01 2.30322299e-02
 3.41844979e-01 5.05792938e-02 1.29468983e-02 9.91722122e-02
 4.24917843e-01 2.32207144e-01 3.74896354e-02 2.70204525e-02
 1.24279743e-01 2.19519345e-03 1.67428614e-01 9.15862269e-03
 9.98850775e-03 9.53909767e-04]","[-1.23620033e-04 -9.90629196e-05  8.98599625e-04  1.23381615e-04
  3.19719315e-04  8.76188278e-05  1.25527382e-04 -5.24520874e-06
  2.35438347e-04  1.19566917e-04  2.02894211e-04  2.13027000e-04
  3.52382660e-04  2.62260437e-06 -1.20401382e-05 -1.29461288e-04
 -5.47170639e-05  2.39372253e-04  7.20024109e-05  1.63078308e-04
  1.79648399e-04  8.10623169e-06 -2.44379044e-05  6.86883926e-04
  2.02775002e-04  5.12003899e-04  1.09672546e-04  1.01327896e-05
 -1.84893608e-04  1.03592873e-04  2.49147415e-05  2.06947327e-04
 -8.77380371e-05  2.36988068e-04 -4.88758087e-06  5.54323196e-05
  2.36630440e-04 -1.28149986e-04  2.35557556e-04 -7.02142715e-05
  5.21540642e-04  5.84125519e-06  3.42011452e-04  4.45127487e-04
 -3.81469727e-05  3.28302383e-04 -1.78694725e-04 -4.41074371e-05
 -4.36306000e-05 -1.08838081e-04]","[ 8.58068466e-04  7.55906105e-04 -1.83820724e-04 -1.53899193e-04
  2.79545784e-04  5.11527061e-04  9.40442085e-04 -1.00016594e-04
 -4.41074371e-06  1.18231773e-03  1.40070915e-04  3.38673592e-04
  4.94718552e-05 -1.69396400e-04  1.37448311e-03  8.10980797e-04
  1.17182732e-04 -9.65595245e-06  2.63690948e-04  3.77416611e-04
 -7.98702240e-05  1.78813934e-06  4.33683395e-04 -6.06775284e-05
  1.85537338e-03 -1.28984451e-04 -5.05447388e-05  3.69787216e-04
  2.23755836e-04  1.28388405e-04  4.97341156e-04  1.71780586e-04
  7.50303268e-04 -2.38418579e-06 -1.05381012e-04  9.53674316e-07
 -1.20282173e-04  1.79529190e-04 -5.22136688e-05 -9.94205475e-05
 -1.84416771e-04 -1.72853470e-05 -1.20997429e-04  3.93390656e-04
  1.22427940e-04  9.46521759e-05  5.44786453e-05  1.14119053e-03
  4.18782234e-04  8.79406929e-04]","[0.00894149 0.01047169 0.02481203 0.01639918 0.01693708 0.01314376
 0.01368447 0.01215097 0.01450794 0.01550227 0.01655558 0.01384776
 0.01664808 0.01297932 0.01131532 0.00867013 0.01022987 0.01631336
 0.01447143 0.01537089 0.01591705 0.01081865 0.01150353 0.02349619
 0.01678386 0.02009291 0.01278795 0.01169039 0.00594523 0.0140862
 0.01448487 0.01627161 0.0104021  0.01445923 0.0119972  0.01303381
 0.01616371 0.00863939 0.01465984 0.0094567  0.02054364 0.012481
 0.01742487 0.01667596 0.01152197 0.01607297 0.00703849 0.01147167
 0.01118495 0.00938247]","[0.02575421 0.02346751 0.00469617 0.00682525 0.01508565 0.01680117
 0.02584963 0.00810972 0.01076112 0.0285857  0.01325797 0.01595424
 0.01116791 0.00533735 0.02731111 0.02249151 0.01373649 0.01130753
 0.01764372 0.01539339 0.00792297 0.01045286 0.01761758 0.0088335
 0.03584066 0.00628065 0.00939318 0.01660298 0.01660848 0.01198429
 0.0210225  0.01436973 0.02009799 0.01067371 0.00829202 0.01089221
 0.00674678 0.0145065  0.009443   0.00851058 0.00572267 0.0111064
 0.00737208 0.01630716 0.016218   0.01190398 0.01290892 0.02647346
 0.01678696 0.02335046]",0.4185859664356944,0.40701596950033436,0.3094885294509944,0.29502023134740474,0.40699668362726543,0.3748225552049437,0.28172515260477266,0.29105434944690145,0.0020478347327064213,0.0018743180487897112,0.0007055378867603401,0.0009543149617246549,0.026621826476454738,0.03070909924268723,0.008161422314881499,0.008362838388998201,0.00012538909912109374,0.0002814626693725586,0.00022041345857825187,0.00045231240953041323,0.013788820829341575,0.014675592841709885,0.003765802378182434,0.0069361889774052785
df1,0.15000000000000002,0.0,0.15000000000000002,"[0.8633028  0.96996014 0.36968362 0.50859953 0.99328163 0.71851426
 0.50859953 0.21173982 0.45963725 0.90235528 0.58582128 0.55967522
 0.96996014 0.43609338 0.55967522 0.27423335 0.61225166 0.27423335
 0.74453538 0.90235528 0.94837208 0.71851426 0.18488568 0.50859953
 0.93482727 0.71851426 0.36968362 0.96007647 0.74453538 0.61225166
 0.45963725 0.63886042 0.77002924 0.45963725 0.79482654 0.63886042
 0.69212796 0.31007573 0.31007573 0.08825991 0.58582128 0.25747545
 0.24148215 0.1200888  0.03483221 0.81875363 0.32916807 0.79482654
 0.55967522 0.1200888 ]","[1.34646549e-02 7.44535382e-01 8.41636027e-01 1.72496272e-01
 9.54673207e-02 6.93218252e-02 7.70029237e-01 3.77043497e-03
 6.12251659e-01 2.64676308e-02 8.06268875e-03 3.80948244e-02
 8.15145929e-02 4.70847031e-03 2.91764847e-01 2.68158880e-03
 6.92127962e-01 1.84885683e-01 5.87165796e-02 2.26241661e-01
 1.11358879e-01 3.80948244e-02 9.95898978e-01 5.08599525e-01
 1.49691056e-01 1.03159376e-01 3.91087390e-01 2.12592488e-03
 4.36093382e-01 1.72496272e-01 3.80948244e-02 6.52148041e-03
 1.84885683e-01 1.67865304e-03 3.91087390e-01 9.54673207e-02
 5.59675216e-01 4.59637254e-01 2.57475452e-01 2.99835482e-05
 7.70029237e-01 6.38860419e-01 5.85633896e-03 1.48741570e-02
 2.42077577e-06 8.82599083e-02 6.38860419e-01 1.39231997e-01
 1.80967606e-02 5.25376643e-03]","[0.8633028  0.96996014 0.36968362 0.50859953 0.99328163 0.71851426
 0.50859953 0.21173982 0.45963725 0.90235528 0.58582128 0.55967522
 0.96996014 0.43609338 0.55967522 0.27423335 0.61225166 0.27423335
 0.74453538 0.90235528 0.94837208 0.71851426 0.18488568 0.50859953
 0.93482727 0.71851426 0.36968362 0.96007647 0.74453538 0.61225166
 0.45963725 0.63886042 0.77002924 0.45963725 0.79482654 0.63886042
 0.69212796 0.31007573 0.31007573 0.08825991 0.58582128 0.25747545
 0.24148215 0.1200888  0.03483221 0.81875363 0.32916807 0.79482654
 0.55967522 0.1200888 ]","[1.34646549e-02 7.44535382e-01 8.41636027e-01 1.72496272e-01
 9.54673207e-02 6.93218252e-02 7.70029237e-01 3.77043497e-03
 6.12251659e-01 2.64676308e-02 8.06268875e-03 3.80948244e-02
 8.15145929e-02 4.70847031e-03 2.91764847e-01 2.68158880e-03
 6.92127962e-01 1.84885683e-01 5.87165796e-02 2.26241661e-01
 1.11358879e-01 3.80948244e-02 9.95898978e-01 5.08599525e-01
 1.49691056e-01 1.03159376e-01 3.91087390e-01 2.12592488e-03
 4.36093382e-01 1.72496272e-01 3.80948244e-02 6.52148041e-03
 1.84885683e-01 1.67865304e-03 3.91087390e-01 9.54673207e-02
 5.59675216e-01 4.59637254e-01 2.57475452e-01 2.99835482e-05
 7.70029237e-01 6.38860419e-01 5.85633896e-03 1.48741570e-02
 2.42077577e-06 8.82599083e-02 6.38860419e-01 1.39231997e-01
 1.80967606e-02 5.25376643e-03]","[0.93671478 0.99175742 0.16580673 0.537228   0.99053055 0.64445951
 0.35853214 0.18696277 0.19569459 0.82209604 0.54920617 0.49659639
 0.92180504 0.606374   0.41507136 0.20314164 0.67710141 0.46611301
 0.75009737 0.74899261 0.97286855 0.72116023 0.20947546 0.29410112
 0.89177031 0.72580466 0.42985363 0.97620912 0.499842   0.70754513
 0.4006591  0.45432793 0.88788323 0.59143683 0.8877979  0.55531758
 0.71974341 0.44102639 0.30217905 0.0875421  0.59944653 0.27361932
 0.25895707 0.2638656  0.05136789 0.86210821 0.24470042 0.95061972
 0.51804959 0.14467803]","[3.76016381e-02 7.06008930e-01 9.38160271e-01 2.27239445e-01
 6.49621747e-02 2.04931981e-01 5.28449841e-01 1.25391960e-03
 5.77830377e-01 2.56484947e-02 3.62724164e-03 2.99293022e-02
 6.64739387e-02 1.66166157e-02 4.01562716e-01 7.60322560e-04
 5.91878692e-01 2.32390545e-01 3.25675000e-02 1.84637503e-01
 6.35735646e-02 8.83026052e-02 9.98795921e-01 2.30810708e-01
 2.10976819e-01 2.83357318e-02 3.45994932e-01 6.50699698e-03
 4.70638361e-01 4.12868011e-01 5.59703715e-02 4.56503645e-03
 1.58553222e-01 4.35708903e-04 4.06097798e-01 5.01479047e-02
 4.09762283e-01 6.50849636e-01 3.54409025e-01 2.37704371e-05
 5.99264056e-01 7.94413106e-01 3.72679324e-03 1.06158585e-02
 6.73138055e-05 2.20204167e-02 3.87921143e-01 1.40711008e-01
 8.20087116e-03 4.61099524e-03]","[0.0025     0.0025     0.00142134 0.0025     0.0025     0.0025
 0.0025     0.0022835  0.00185666 0.0025     0.0025     0.0025
 0.0025     0.0025     0.0025     0.00193173 0.0025     0.0025
 0.0025     0.0025     0.0025     0.0025     0.0025     0.0025
 0.0025     0.0025     0.0025     0.0025     0.0025     0.0025
 0.0025     0.0025     0.0025     0.0025     0.0025     0.0025
 0.0025     0.0025     0.0025     0.00106857 0.0025     0.0025
 0.0025     0.0025     0.00058985 0.0025     0.001264   0.0025
 0.0025     0.00158262]","[4.06660557e-04 2.50000000e-03 2.50000000e-03 2.50000000e-03
 5.65536726e-04 2.42725007e-03 2.50000000e-03 1.61678340e-05
 2.50000000e-03 2.78103323e-04 3.73922063e-05 3.10625860e-04
 9.46057565e-04 1.44085162e-04 2.50000000e-03 1.00000000e-05
 2.50000000e-03 2.50000000e-03 2.80101815e-04 2.34593553e-03
 9.60226439e-04 1.12147092e-03 2.50000000e-03 1.90578298e-03
 2.50000000e-03 2.47516434e-04 2.50000000e-03 1.06347723e-04
 2.50000000e-03 2.50000000e-03 9.16745516e-04 3.74886469e-05
 1.84234649e-03 1.00000000e-05 2.50000000e-03 3.98965946e-04
 2.50000000e-03 2.50000000e-03 2.50000000e-03 1.00000000e-05
 2.50000000e-03 2.50000000e-03 4.03894396e-05 1.26859399e-04
 1.00000000e-05 1.73521175e-04 2.50000000e-03 1.67159431e-03
 9.97849475e-05 6.10786104e-05]","[0.0354085  0.02130218 0.02134515 0.03338913 0.02182806 0.03452369
 0.03019469 0.01766206 0.02434043 0.02235762 0.01878043 0.02084105
 0.01826598 0.02642001 0.01736882 0.02698205 0.01983406 0.03019435
 0.02751541 0.02279022 0.02589747 0.02683077 0.02371321 0.03691795
 0.0219171  0.02461971 0.03314338 0.03058961 0.03314777 0.01983566
 0.03060445 0.02287438 0.03211479 0.03144997 0.02054669 0.01789763
 0.0372929  0.01856859 0.03213816 0.02675305 0.03743584 0.03396317
 0.02395185 0.02148917 0.02321946 0.02602342 0.03630394 0.0257062
 0.03181001 0.02811245]","[0.02697993 0.04494907 0.03218116 0.04354773 0.03057485 0.04604185
 0.04077515 0.05747939 0.02929737 0.05722009 0.05114396 0.04894929
 0.04057361 0.04702241 0.03742712 0.04676063 0.02438058 0.03587288
 0.04011775 0.03226516 0.03806052 0.04482441 0.0287483  0.03625218
 0.04407926 0.03422382 0.02866896 0.04943253 0.04100748 0.0341133
 0.04212499 0.04718519 0.03934012 0.05130623 0.04246232 0.04684102
 0.03137525 0.03182605 0.03439679 0.06921586 0.01923721 0.02607258
 0.05325553 0.04828788 0.05903927 0.04822231 0.03079153 0.04636648
 0.0381591  0.0582933 ]","[0.01295393 0.31972165 0.31740589 0.02261674 0.29217593 0.01660334
 0.05108751 0.55464511 0.18383188 0.26617972 0.47511441 0.34529645
 0.51105532 0.12040711 0.57625103 0.10674997 0.40568245 0.05109174
 0.09500084 0.24622573 0.13435885 0.11029339 0.20740608 0.00836031
 0.28768319 0.17403428 0.02414991 0.04639689 0.0241217  0.40558173
 0.04622815 0.24247596 0.03161265 0.03745322 0.36231221 0.53748263
 0.00747743 0.489767   0.0314228  0.11215122 0.00716382 0.01936749
 0.19817648 0.30972906 0.22754629 0.13088149 0.01001242 0.13978335
 0.03418262 0.08314964]","[1.06798900e-01 5.98402515e-04 3.10760505e-02 9.84007799e-04
 4.65652829e-02 4.01609457e-04 2.51314547e-03 3.47825390e-06
 6.32893495e-02 3.91897104e-06 5.49702755e-05 1.32665156e-04
 2.68395160e-03 2.78520815e-04 7.18259223e-03 3.07340138e-04
 1.82397520e-01 1.13432778e-02 3.11061947e-03 3.04084314e-02
 5.92915980e-03 6.25873544e-04 7.19224585e-02 1.01644144e-02
 8.16344002e-04 1.80347771e-02 7.32489566e-02 1.09634451e-04
 2.32874373e-03 1.85895196e-02 1.60437201e-03 2.61907679e-04
 3.98541283e-03 5.14245481e-05 1.43088833e-03 2.98203814e-04
 3.81651725e-02 3.40429774e-02 1.71962185e-02 8.92221006e-09
 4.44278947e-01 1.29544080e-01 2.27058046e-05 1.71702563e-04
 1.67773902e-06 1.76116287e-04 4.41462170e-02 3.56084752e-04
 5.75314559e-03 2.38345863e-06]","[ 8.60333443e-04 -2.50339508e-05 -1.54614449e-04  1.07288361e-06
 -5.86509705e-05  2.98261642e-04  7.20024109e-05 -1.40428543e-04
  4.45842743e-05 -1.08242035e-04  1.02043152e-04  8.82148743e-06
  2.02894211e-04  3.51548195e-04 -1.03712082e-04  3.44872475e-04
  3.57508659e-04  2.34603882e-04  3.11136246e-05 -1.86920166e-04
  2.53915787e-05 -1.30534172e-04  1.72376633e-04  8.16702843e-04
 -1.64031982e-04  1.77145004e-04  5.79118729e-04  1.06692314e-04
 -7.72476196e-05  1.70230865e-04  5.87701797e-05 -1.58548355e-05
 -1.91926956e-05  4.20689583e-04 -1.50322914e-04 -6.67572021e-06
 -2.43186951e-05 -6.62803650e-05  6.21080399e-05  1.02758408e-04
  5.96046448e-05 -4.64916229e-06  4.55975533e-04 -9.03606415e-05
 -3.33786011e-06  1.33991241e-04  4.73260880e-04  2.46882439e-04
  2.16960907e-05  6.58035278e-05]","[-1.02639198e-04  1.57225132e-03  8.62121582e-04  5.91874123e-04
  8.26120377e-05  4.89830971e-04  6.30855560e-04  1.91378593e-03
  2.09450722e-04  2.08818913e-03  2.25389004e-03  1.36888027e-03
  2.63190269e-03  5.12957573e-04  5.15699387e-04  2.71677971e-03
 -1.68919563e-04  2.94327736e-04  5.46574593e-04  9.02891159e-04
  2.87413597e-04  1.16276741e-03 -5.51939011e-05 -1.31130219e-06
  1.72793865e-03 -9.59634781e-05  1.02996826e-04  6.92844391e-04
  8.15987587e-04  7.23600388e-05  5.45978546e-04  1.07431412e-03
  1.16884708e-03  6.05583191e-04  7.61628151e-04  1.45006180e-03
  3.04698944e-04  3.16023827e-04  1.21915340e-03  2.61390209e-03
  7.41481781e-05  9.25064087e-05  9.08255577e-04  1.24931335e-03
  1.61743164e-03  3.53813171e-04 -1.78813934e-05  8.64267349e-05
  3.10182571e-04  1.73139572e-03]","[0.02294594 0.01160752 0.00756744 0.01031199 0.01109547 0.01853522
 0.01234429 0.00838289 0.01343795 0.00931918 0.01347866 0.01171953
 0.01619378 0.01578221 0.00857736 0.01644567 0.01713192 0.01693811
 0.01079331 0.00597561 0.01302722 0.00832704 0.01608838 0.02295049
 0.00698671 0.01527106 0.01892464 0.01297378 0.00911506 0.01514366
 0.01366471 0.01145081 0.01303815 0.01782034 0.00799646 0.01220798
 0.01190019 0.01073008 0.01290961 0.01370957 0.01328007 0.01307532
 0.01826984 0.00968812 0.0128429  0.01597597 0.02005572 0.01722173
 0.01166714 0.01262387]","[0.00862691 0.02937263 0.02562317 0.02032854 0.01390245 0.01769523
 0.02043875 0.03549228 0.01561113 0.03715276 0.0375475  0.02846498
 0.040355   0.01802474 0.01862756 0.03878326 0.00789211 0.01441914
 0.01980739 0.02407917 0.01782305 0.0283956  0.00991119 0.00950431
 0.03160352 0.00974782 0.01366002 0.01943649 0.02463516 0.01249335
 0.01931311 0.0279006  0.0273509  0.01944385 0.02339998 0.03062414
 0.01837575 0.01712832 0.02578448 0.04014702 0.01336298 0.01466358
 0.02168388 0.02901881 0.03151457 0.01540328 0.01150028 0.01264657
 0.01814963 0.03407696]",0.5629874184852116,0.2432144725655328,0.26497441687894824,0.27836639861799645,0.5517647528931371,0.23583402835388834,0.2755918826364831,0.2687335172544429,0.0023399655986334135,0.0013501607124077305,0.00041793725337690703,0.0010958001809717045,0.02652425262451172,0.041135394785404206,0.005897441749202528,0.010168573410984585,0.00011056900024414062,0.0008217787742614746,0.00023293656755665935,0.0007714692300026728,0.013350413436328555,0.022018878464608017,0.003851202477414681,0.008903617174424006
df1,0.2,0.0,0.2,"[0.50859953 0.53390728 0.01641475 0.61225166 0.71851426 0.03809482
 0.81875363 0.03809482 0.19796045 0.27423335 0.32916807 0.91946676
 0.41323244 0.17249627 0.61225166 0.84163603 0.71851426 0.24148215
 0.19796045 0.94837208 0.18488568 0.94837208 0.84163603 0.17249627
 0.43609338 0.69212796 0.32916807 0.50859953 0.16077182 0.01809676
 0.99328163 0.98457739 0.07520917 0.96996014 0.36968362 0.12937218
 0.39108739 0.93482727 0.48382277 0.53390728 0.19796045 0.50859953
 0.25747545 0.25747545 0.58582128 0.96996014 0.45963725 0.74453538
 0.88359176 0.29176485]","[1.64147482e-02 4.16212987e-02 3.91087390e-01 4.70847031e-03
 8.06268875e-03 3.49039701e-01 1.99311438e-02 4.54286666e-02
 8.06268875e-03 1.11358879e-01 8.06755085e-04 9.92823487e-03
 1.48741570e-02 1.97960446e-01 1.49691056e-01 8.82599083e-02
 1.10287908e-04 3.77043497e-03 2.68158880e-03 3.36894521e-03
 2.68158880e-03 8.06268875e-03 2.26241661e-01 6.38860419e-01
 1.03408932e-03 1.64147482e-02 8.95145539e-03 2.90339156e-02
 5.59675216e-01 1.97960446e-01 1.48940867e-03 8.31541824e-05
 3.18171260e-02 1.34646549e-02 4.85152370e-04 1.16899447e-03
 3.27832948e-04 7.25488863e-03 1.21765095e-02 1.48940867e-03
 8.06268875e-03 1.40396435e-05 1.48940867e-03 4.85152370e-04
 1.45688880e-04 8.06755085e-04 5.87165796e-02 1.84885683e-01
 8.06755085e-04 3.29168072e-01]","[0.50859953 0.53390728 0.01641475 0.61225166 0.71851426 0.03809482
 0.81875363 0.03809482 0.19796045 0.27423335 0.32916807 0.91946676
 0.41323244 0.17249627 0.61225166 0.84163603 0.71851426 0.24148215
 0.19796045 0.94837208 0.18488568 0.94837208 0.84163603 0.17249627
 0.43609338 0.69212796 0.32916807 0.50859953 0.16077182 0.01809676
 0.99328163 0.98457739 0.07520917 0.96996014 0.36968362 0.12937218
 0.39108739 0.93482727 0.48382277 0.53390728 0.19796045 0.50859953
 0.25747545 0.25747545 0.58582128 0.96996014 0.45963725 0.74453538
 0.88359176 0.29176485]","[1.64147482e-02 4.16212987e-02 3.91087390e-01 4.70847031e-03
 8.06268875e-03 3.49039701e-01 1.99311438e-02 4.54286666e-02
 8.06268875e-03 1.11358879e-01 8.06755085e-04 9.92823487e-03
 1.48741570e-02 1.97960446e-01 1.49691056e-01 8.82599083e-02
 1.10287908e-04 3.77043497e-03 2.68158880e-03 3.36894521e-03
 2.68158880e-03 8.06268875e-03 2.26241661e-01 6.38860419e-01
 1.03408932e-03 1.64147482e-02 8.95145539e-03 2.90339156e-02
 5.59675216e-01 1.97960446e-01 1.48940867e-03 8.31541824e-05
 3.18171260e-02 1.34646549e-02 4.85152370e-04 1.16899447e-03
 3.27832948e-04 7.25488863e-03 1.21765095e-02 1.48940867e-03
 8.06268875e-03 1.40396435e-05 1.48940867e-03 4.85152370e-04
 1.45688880e-04 8.06755085e-04 5.87165796e-02 1.84885683e-01
 8.06755085e-04 3.29168072e-01]","[0.58794459 0.47698754 0.06004501 0.60824219 0.74336958 0.02129557
 0.68668425 0.09038608 0.1764042  0.16913733 0.14857681 0.74392319
 0.52982059 0.12144678 0.67100956 0.65697297 0.7514079  0.24714762
 0.32466632 0.89138    0.16695644 0.99801029 0.85578374 0.07801361
 0.42346786 0.50494955 0.37746468 0.58632772 0.10824827 0.08705584
 0.99512315 0.92639006 0.08456777 0.97135408 0.62144236 0.09058018
 0.29921295 0.88773752 0.52715054 0.66303513 0.41711221 0.3880995
 0.38271733 0.23103444 0.55946827 0.94381591 0.50831916 0.61895197
 0.82444401 0.22210003]","[2.48588726e-02 2.13929625e-02 2.08301174e-01 5.73788819e-03
 3.91335416e-03 2.38126599e-01 1.95783392e-02 1.03887045e-01
 1.29161295e-03 1.61419827e-01 2.31349551e-04 1.14799357e-02
 1.62074115e-02 1.86732590e-01 1.37431124e-01 4.71242998e-02
 2.69201478e-04 1.65386741e-03 5.54133041e-03 1.68893706e-03
 3.25805431e-03 5.07345228e-03 1.37780376e-01 5.07707507e-01
 7.90738774e-03 1.85728455e-02 2.19848148e-03 5.05084642e-02
 5.35939292e-01 1.75098632e-01 3.34240416e-04 3.91119918e-05
 1.14908696e-01 3.67163262e-02 1.02530888e-03 4.47977176e-04
 7.76565204e-04 3.97282086e-03 2.19087842e-02 1.12276994e-03
 4.68270667e-03 8.53137913e-05 2.99213750e-04 4.81636102e-04
 4.85122446e-04 1.05703683e-03 2.44024329e-02 1.46790987e-01
 3.66782213e-03 2.66206008e-01]","[0.0025     0.0025     0.00087135 0.0025     0.0025     0.00017503
 0.0025     0.00124734 0.0017708  0.00206759 0.00162325 0.0025
 0.0025     0.00069176 0.0025     0.0025     0.0025     0.0025
 0.0025     0.0025     0.00170945 0.0025     0.0025     0.00065584
 0.0025     0.0025     0.00190505 0.0025     0.00131728 0.00105843
 0.0025     0.0025     0.00104412 0.0025     0.0025     0.00097992
 0.0025     0.0025     0.0025     0.0025     0.0025     0.0025
 0.00168226 0.00211867 0.0025     0.0025     0.0025     0.0025
 0.0025     0.00189283]","[3.27585292e-04 2.40861342e-04 1.85869377e-03 7.37595450e-05
 5.52507122e-05 1.61631627e-03 2.13825306e-04 1.25067568e-03
 1.46850067e-05 1.47283267e-03 1.00000000e-05 1.40414881e-04
 1.99650923e-04 2.16044077e-03 1.58637438e-03 5.80858287e-04
 1.00000000e-05 2.38317199e-05 7.08604864e-05 1.84573906e-05
 4.90826219e-05 7.17310139e-05 1.48730304e-03 2.50000000e-03
 1.08007270e-04 2.35216259e-04 1.00000000e-05 5.37508818e-04
 2.50000000e-03 1.29783482e-03 1.00000000e-05 1.00000000e-05
 1.62716808e-03 4.61402944e-04 1.00000000e-05 1.00000000e-05
 1.16874289e-05 3.31432082e-05 2.81478827e-04 1.18520844e-05
 6.91427577e-05 1.00000000e-05 1.00000000e-05 1.00000000e-05
 1.19636968e-05 1.86525178e-05 9.73606853e-05 1.99502542e-03
 6.04519783e-05 2.50000000e-03]","[0.02692902 0.0205573  0.0304825  0.01826074 0.02554196 0.02350562
 0.0375013  0.02728638 0.02439686 0.03068752 0.02401131 0.03160849
 0.01656031 0.03140801 0.02717608 0.01983328 0.02250296 0.02510962
 0.02060097 0.02523481 0.03787784 0.0167288  0.02668668 0.03053384
 0.03894474 0.0310618  0.02497452 0.03555509 0.02863034 0.0397136
 0.01819176 0.02012232 0.038833   0.01915187 0.02619114 0.03154443
 0.02129701 0.0193848  0.02297587 0.02190801 0.027282   0.01998924
 0.02585894 0.01955182 0.01801335 0.01933074 0.01904576 0.02970906
 0.02516519 0.03786827]","[0.05614451 0.0580989  0.04550571 0.06248101 0.04828252 0.04998336
 0.0341584  0.05585976 0.05221215 0.03867596 0.053932   0.04879467
 0.05219404 0.03804112 0.05019089 0.04249478 0.05385532 0.05118878
 0.06422633 0.05971663 0.05380876 0.06639541 0.04624869 0.03796283
 0.05395672 0.05007232 0.04420963 0.0415336  0.03964176 0.02691567
 0.05097732 0.0593196  0.04665846 0.04877074 0.05291889 0.06792633
 0.0642559  0.05917835 0.04699277 0.04821251 0.04827542 0.06383396
 0.06157511 0.05922688 0.06547229 0.05945331 0.04001901 0.05272699
 0.04882669 0.03127332]","[0.10798103 0.36168963 0.04763068 0.51142702 0.14458114 0.2157005
 0.00702425 0.09990657 0.18181816 0.04529349 0.19592675 0.03598089
 0.63678709 0.03785153 0.1023435  0.40573185 0.25934827 0.15784659
 0.35913428 0.15390923 0.00626842 0.62409493 0.11375818 0.04703576
 0.0045122  0.04128256 0.16218593 0.01242454 0.07390217 0.00354034
 0.51633647 0.38777331 0.00467225 0.44995748 0.12636464 0.03656969
 0.32000108 0.43455037 0.23801094 0.28813983 0.10000241 0.3959809
 0.13543781 0.4236854  0.52912336 0.43809992 0.45707184 0.05741212
 0.15608902 0.00628667]","[6.39122075e-06 2.60991036e-06 4.88983583e-04 3.13364752e-07
 1.72059963e-04 8.80163306e-05 1.83613063e-02 7.26343922e-06
 3.53035455e-05 4.90602630e-03 1.69758558e-05 1.40954729e-04
 3.55723495e-05 5.96437420e-03 8.09753464e-05 1.41515110e-03
 1.75480229e-05 5.39681743e-05 1.29041700e-07 1.21502538e-06
 1.79044502e-05 4.14023405e-08 3.72009996e-04 6.10844554e-03
 1.67952072e-05 8.49296553e-05 7.79514988e-04 1.95650318e-03
 3.62222840e-03 1.08292948e-01 5.88530140e-05 1.46866000e-06
 3.19333016e-04 1.42280726e-04 2.62056885e-05 1.81415621e-08
 1.27089228e-07 1.57065545e-06 2.81651085e-04 1.76785147e-04
 1.72533673e-04 1.57863331e-07 4.91874730e-07 1.53486765e-06
 6.74755764e-08 1.37801475e-06 3.21091430e-03 2.84256994e-05
 1.39199024e-04 3.91555488e-02]","[ 1.34825706e-04  1.74760818e-04  1.24692917e-04  1.78813934e-06
 -2.69412994e-05 -7.73668289e-05 -8.67843628e-05 -4.04119492e-05
 -1.63316727e-04  5.16176224e-05 -1.34468079e-04  2.65836716e-05
 -1.81078911e-04  4.91261482e-04  2.28643417e-04 -1.24096870e-04
  1.99079514e-05 -1.18017197e-05 -1.43766403e-04  1.00731850e-04
  3.25322151e-04 -1.77145004e-04  1.12533569e-04  7.97748566e-04
  7.48038292e-04  2.93970108e-04  1.26481056e-04  9.47356224e-04
  3.69191170e-04  8.37206841e-04 -1.23262405e-04 -1.13487244e-04
  4.27365303e-04 -1.23023987e-04  7.45058060e-05 -1.68204308e-04
  2.55107880e-05 -1.64866447e-04 -1.15752220e-04  1.09672546e-05
  1.13368034e-04  8.46385956e-06 -1.23262405e-04 -1.65820122e-04
 -1.40309334e-04  5.54323196e-05  5.72204590e-05  3.51786613e-04
 -1.38401985e-04  5.16295433e-04]","[ 5.60879707e-04  5.61356544e-04  1.02245808e-03  2.32696533e-03
  1.04260445e-03  1.54435635e-03  1.32262707e-03  1.05190277e-03
  1.96671486e-03  6.19649887e-04  1.06048584e-03  7.98940659e-04
  9.64283943e-04  4.49180603e-04  7.86781311e-05  1.07526779e-03
  1.42323971e-03  2.11322308e-03  1.90913677e-03  2.05528736e-03
  2.06375122e-03  1.95384026e-03  4.05311584e-04 -5.32865524e-05
  3.27825546e-04  4.62174416e-04  8.15510750e-04  5.56707382e-05
  2.20417976e-04 -3.57627869e-05  9.23037529e-04  2.03788280e-03
  1.92785263e-03  8.03828239e-04  7.77125359e-04  1.12867355e-03
  2.32732296e-03  2.47824192e-03  9.05394554e-04  1.08933449e-03
  2.08747387e-03  3.17740440e-03  1.67584419e-03  1.40774250e-03
  1.83737278e-03  9.76800919e-04  4.48465347e-04  5.24520874e-04
  1.06334686e-03  1.01327896e-05]","[0.01558094 0.01575279 0.01326206 0.01261713 0.01008679 0.01128501
 0.01103712 0.01120081 0.0073453  0.01418942 0.00776898 0.01309491
 0.00571862 0.01954537 0.01568062 0.00877043 0.01235324 0.01141406
 0.00833473 0.01373016 0.01712374 0.0066827  0.0132525  0.02536637
 0.02369072 0.01472704 0.01346768 0.02701881 0.01828509 0.02401476
 0.00873351 0.00988105 0.01773817 0.00866211 0.01387611 0.00631681
 0.01175739 0.00671341 0.0096628  0.01225473 0.0143245  0.01224603
 0.010541   0.00697196 0.00868489 0.01247225 0.01236534 0.01687582
 0.00915045 0.02061705]","[0.01976531 0.02094486 0.02731676 0.03778868 0.02538668 0.03197811
 0.03007296 0.02715726 0.03579752 0.0219477  0.02584892 0.02220586
 0.02567607 0.0187997  0.01318867 0.02519815 0.02718637 0.03424655
 0.03056134 0.03513405 0.03292129 0.03591881 0.01785537 0.00988
 0.01669204 0.02057224 0.02236414 0.01100678 0.01561697 0.01145226
 0.02614705 0.03449081 0.03002599 0.02525322 0.02411034 0.02756208
 0.03402334 0.03973609 0.0259709  0.0275022  0.03354257 0.04212913
 0.03146874 0.02758434 0.03153622 0.02521608 0.02126468 0.01918126
 0.02634114 0.01196003]",0.4893240534702791,0.0762084333927074,0.30605365169693893,0.14363956373727718,0.481115652479964,0.06540646185579779,0.2944060965615344,0.1171918531290852,0.0021062196514927654,0.0005594277577953115,0.0006340489040448347,0.0007988746742203569,0.026026338074803358,0.051053521368503565,0.006420003681688231,0.009288845906510816,0.00010020017623901367,0.0011554098129272462,0.00028194132212431156,0.0007564654722497796,0.013044866542866265,0.02591055317545198,0.0049643523696167495,0.007640803328434251
df1,0.25,0.0,0.25,"[0.58582128 0.31007573 0.55967522 0.77002924 0.91946676 0.63886042
 0.55967522 0.50859953 0.93482727 0.81875363 0.91946676 0.27423335
 0.61225166 0.139232   0.79482654 0.66552932 0.55967522 0.69212796
 0.77002924 0.88359176 0.45963725 0.43609338 0.36968362 0.58582128
 0.88359176 0.8633028  0.58582128 0.08151459 0.84163603 0.79482654
 0.29176485 0.84163603 0.01993114 0.94837208 0.19796045 0.19796045
 0.69212796 0.39108739 0.98457739 0.61225166 0.71851426 0.53390728
 0.12937218 0.36968362 0.61225166 0.58582128 0.74453538 0.50859953
 0.8633028  0.81875363]","[8.95145539e-03 9.13835051e-04 2.85456402e-06 1.99311438e-02
 1.34646549e-02 5.51757155e-04 1.48940867e-03 2.51182002e-04
 1.48940867e-03 1.29372179e-01 3.77043497e-03 7.11507895e-04
 9.92823487e-03 5.08599525e-01 2.12592488e-03 2.68158880e-03
 3.80948244e-02 2.41040115e-02 8.95145539e-03 8.95145539e-03
 1.20265345e-05 9.13835051e-04 3.27832948e-04 1.48741570e-02
 1.48940867e-03 1.32017364e-03 2.26241661e-01 2.90339156e-02
 3.29168072e-01 6.26876255e-04 1.34646549e-02 2.90339156e-02
 8.79830246e-06 7.25488863e-03 2.58137431e-05 5.46398884e-06
 2.68158880e-03 9.13835051e-04 6.52148041e-03 5.46398884e-06
 1.40396435e-05 4.54286666e-02 2.85456402e-06 1.34646549e-02
 7.25488863e-03 1.10005675e-02 2.41040115e-02 4.03308445e-05
 9.13835051e-04 4.95346404e-02]","[0.58582128 0.31007573 0.55967522 0.77002924 0.91946676 0.63886042
 0.55967522 0.50859953 0.93482727 0.81875363 0.91946676 0.27423335
 0.61225166 0.139232   0.79482654 0.66552932 0.55967522 0.69212796
 0.77002924 0.88359176 0.45963725 0.43609338 0.36968362 0.58582128
 0.88359176 0.8633028  0.58582128 0.08151459 0.84163603 0.79482654
 0.29176485 0.84163603 0.01993114 0.94837208 0.19796045 0.19796045
 0.69212796 0.39108739 0.98457739 0.61225166 0.71851426 0.53390728
 0.12937218 0.36968362 0.61225166 0.58582128 0.74453538 0.50859953
 0.8633028  0.81875363]","[8.95145539e-03 9.13835051e-04 2.85456402e-06 1.99311438e-02
 1.34646549e-02 5.51757155e-04 1.48940867e-03 2.51182002e-04
 1.48940867e-03 1.29372179e-01 3.77043497e-03 7.11507895e-04
 9.92823487e-03 5.08599525e-01 2.12592488e-03 2.68158880e-03
 3.80948244e-02 2.41040115e-02 8.95145539e-03 8.95145539e-03
 1.20265345e-05 9.13835051e-04 3.27832948e-04 1.48741570e-02
 1.48940867e-03 1.32017364e-03 2.26241661e-01 2.90339156e-02
 3.29168072e-01 6.26876255e-04 1.34646549e-02 2.90339156e-02
 8.79830246e-06 7.25488863e-03 2.58137431e-05 5.46398884e-06
 2.68158880e-03 9.13835051e-04 6.52148041e-03 5.46398884e-06
 1.40396435e-05 4.54286666e-02 2.85456402e-06 1.34646549e-02
 7.25488863e-03 1.10005675e-02 2.41040115e-02 4.03308445e-05
 9.13835051e-04 4.95346404e-02]","[0.7731285  0.11843671 0.66625356 0.71795067 0.8537085  0.67631795
 0.62763729 0.30584124 0.95844101 0.74975596 0.85526164 0.454234
 0.72056616 0.10041042 0.69075384 0.68716864 0.61308562 0.59379326
 0.86642775 0.95078184 0.39316753 0.32847288 0.1514736  0.53337963
 0.9140627  0.89138259 0.60749113 0.10553722 0.81524287 0.67568157
 0.39255606 0.82366314 0.01194256 0.84959426 0.16769366 0.08572666
 0.66332066 0.59760876 0.96938398 0.87406522 0.69850729 0.66296794
 0.4046343  0.57185739 0.7937113  0.39258451 0.8899297  0.47494359
 0.75903526 0.84036089]","[1.67082124e-03 4.50564809e-04 6.31679618e-06 2.05438057e-02
 1.46097810e-03 8.65766167e-05 4.32666890e-03 3.77550913e-04
 5.55426253e-04 7.91547218e-02 9.48745849e-04 5.57737077e-04
 8.76883889e-03 4.06233199e-01 5.37020950e-04 2.31930023e-03
 2.24713990e-02 4.02263461e-02 1.39742421e-02 3.23107946e-03
 2.01341091e-06 6.86889633e-04 8.68018991e-06 3.02979986e-03
 1.95646802e-04 1.38924025e-04 8.36124932e-02 2.76751816e-02
 1.73479829e-01 5.65655984e-04 1.50384696e-02 1.56749405e-02
 1.38749062e-07 2.87854440e-03 3.98901065e-05 2.22610389e-07
 3.12821053e-03 2.72938789e-04 1.15787357e-03 1.33504670e-04
 2.97875054e-05 3.06830747e-02 1.94118980e-05 1.10124897e-02
 4.69483106e-03 1.20748945e-02 1.26924212e-02 4.34071294e-05
 4.58581732e-04 1.86888431e-02]","[2.50000000e-03 1.48728942e-03 2.50000000e-03 2.50000000e-03
 2.50000000e-03 2.50000000e-03 2.50000000e-03 2.50000000e-03
 2.50000000e-03 2.50000000e-03 2.50000000e-03 2.50000000e-03
 2.50000000e-03 1.29708241e-03 2.50000000e-03 2.50000000e-03
 2.50000000e-03 2.50000000e-03 2.50000000e-03 2.50000000e-03
 2.50000000e-03 2.50000000e-03 1.11024743e-03 2.50000000e-03
 2.50000000e-03 2.50000000e-03 2.50000000e-03 8.14127267e-04
 2.50000000e-03 2.50000000e-03 2.50000000e-03 2.50000000e-03
 3.57178801e-05 2.50000000e-03 2.12657498e-03 7.83257025e-04
 2.50000000e-03 2.50000000e-03 2.50000000e-03 2.50000000e-03
 2.50000000e-03 2.50000000e-03 2.50000000e-03 2.50000000e-03
 2.50000000e-03 2.50000000e-03 2.50000000e-03 2.50000000e-03
 2.50000000e-03 2.50000000e-03]","[2.33820292e-05 1.00000000e-05 1.00000000e-05 1.93697743e-04
 1.27046237e-05 1.00000000e-05 5.43743433e-05 1.00000000e-05
 1.00000000e-05 8.48150979e-04 1.61040544e-05 1.35800231e-05
 1.23441293e-04 2.50000000e-03 1.00000000e-05 2.00710112e-05
 1.12257957e-04 5.07135693e-04 1.31443469e-04 3.61689729e-05
 1.00000000e-05 1.21201136e-05 1.00000000e-05 2.79973224e-05
 1.00000000e-05 1.00000000e-05 7.20355146e-04 3.63135872e-04
 1.62045383e-03 1.00000000e-05 2.14976368e-04 2.28981049e-04
 1.00000000e-05 2.63459242e-05 1.00000000e-05 1.00000000e-05
 5.51554528e-05 1.00000000e-05 1.00000000e-05 1.00000000e-05
 1.00000000e-05 3.41383451e-04 1.00000000e-05 1.65887040e-04
 4.15878312e-05 1.75647231e-04 1.48239148e-04 1.00000000e-05
 1.00000000e-05 1.25501593e-04]","[0.0230003  0.02432076 0.02105256 0.02868606 0.02117833 0.02319051
 0.03122942 0.0268129  0.02183512 0.01685001 0.02567812 0.02195769
 0.02169792 0.03035783 0.02238926 0.03418149 0.01893515 0.02619247
 0.02124002 0.01939415 0.02423841 0.02276805 0.0295075  0.02258787
 0.02012292 0.01937655 0.02393754 0.03691379 0.02108946 0.03361913
 0.03774349 0.02180315 0.02052887 0.02919633 0.03119127 0.01557801
 0.02237206 0.02241929 0.02022719 0.01812943 0.02438877 0.02488765
 0.019918   0.03167674 0.02271354 0.01873897 0.02517577 0.02605034
 0.02055771 0.02414833]","[0.06011052 0.06481049 0.07105553 0.05712901 0.05198025 0.06861532
 0.05709391 0.05778071 0.0680192  0.05456574 0.05011207 0.06464837
 0.05646564 0.04451369 0.05797557 0.05253778 0.05295707 0.04821971
 0.05267614 0.05841546 0.07380353 0.05645537 0.08147027 0.0585106
 0.07154605 0.06428653 0.05806114 0.05394842 0.05348431 0.05453902
 0.06362657 0.05948041 0.05642943 0.05657746 0.07418066 0.07260486
 0.06617053 0.06184798 0.06710012 0.06893022 0.06683252 0.05753476
 0.07114989 0.05307277 0.06169849 0.06225409 0.05446405 0.07287099
 0.05529735 0.05203113]","[0.23694552 0.184538   0.33340134 0.07296143 0.32646049 0.22877126
 0.03958899 0.11071819 0.29181798 0.61498207 0.14059434 0.28565174
 0.29883187 0.04910242 0.26468173 0.01824547 0.46455029 0.12632929
 0.32309171 0.43393791 0.18751693 0.24722034 0.06022828 0.2554171
 0.38773656 0.43509106 0.19872092 0.0083706  0.33135479 0.02126082
 0.00652913 0.29344172 0.36335895 0.06480808 0.03996907 0.71064397
 0.26549508 0.26326496 0.38138044 0.5207894  0.18210582 0.16502565
 0.40041712 0.03536282 0.2496794  0.47796518 0.15575608 0.13014777
 0.36166534 0.1908186 ]","[1.00543649e-06 9.53642591e-08 3.16751890e-09 4.08617321e-06
 3.88961476e-05 1.24372752e-08 4.15241871e-06 3.02593242e-06
 1.72453843e-08 1.28841670e-05 8.35840832e-05 1.03742849e-07
 5.52825640e-06 6.99578837e-04 2.76415676e-06 3.07895666e-05
 2.57842512e-05 1.76293470e-04 2.90434079e-05 2.25097220e-06
 6.40992060e-10 5.55402059e-06 5.38588789e-12 2.15272667e-06
 2.39220715e-09 1.25097579e-07 2.65622584e-06 1.68556852e-05
 2.05873181e-05 1.30357487e-05 1.75525309e-07 1.36031028e-06
 5.61964396e-06 5.25494284e-06 5.12349575e-10 1.29647602e-09
 4.66631732e-08 4.29710647e-07 2.83849143e-08 1.04530191e-08
 3.27749883e-08 3.39052644e-06 3.00143704e-09 2.45462541e-05
 4.62758604e-07 3.51048057e-07 1.34701045e-05 1.10988815e-09
 9.33347765e-06 3.80791808e-05]","[ 7.86781311e-06  1.02519989e-04 -1.33037567e-04 -9.59634781e-05
  7.30752945e-05 -6.22272491e-05 -1.23858452e-04  9.11951065e-05
  3.43441963e-04 -6.97374344e-05 -5.96046448e-05 -8.60691071e-05
 -7.03334808e-06  1.14166737e-03 -1.76310539e-04  9.77516174e-06
  5.71846962e-04  5.40614128e-04 -1.91926956e-05  8.70227814e-06
 -1.40070915e-04  5.06639481e-05  1.13534927e-03 -1.07526779e-04
 -8.28504562e-05 -1.59859657e-04 -1.07765198e-04  6.83069229e-05
 -1.38759613e-04  9.62138176e-04 -2.63452530e-05 -5.78165054e-05
 -1.00374222e-04 -3.21865082e-06  5.66244125e-05 -1.80006027e-04
 -1.71780586e-04 -7.93933868e-05  5.12599945e-06 -1.81078911e-04
 -1.01089478e-04 -1.19209290e-05 -1.65462494e-04 -6.72340393e-05
 -5.84125519e-06 -1.60336494e-04 -3.06367874e-05  5.43594360e-05
 -9.03606415e-05 -1.27315521e-04]","[ 1.94299221e-03  3.25262547e-03  3.13389301e-03  1.40058994e-03
  8.09431076e-04  1.68740749e-03  2.25877762e-03  2.50589848e-03
  5.25391102e-03  2.14111805e-03  1.84237957e-03  2.16364861e-03
  2.63178349e-03 -6.71148300e-05  2.02000141e-03  1.33562088e-03
  4.22000885e-04  6.49094582e-04  1.30844116e-03  1.07979774e-03
  2.39562988e-03  2.27415562e-03  7.43269920e-03  3.14474106e-03
  2.81453133e-03  2.86543369e-03  1.49035454e-03  1.57058239e-03
  1.09922886e-03  4.08649445e-04  2.77149677e-03  1.28018856e-03
  1.41716003e-03  1.50561333e-03  2.37655640e-03  3.30030918e-03
  2.86018848e-03  2.80892849e-03  2.00760365e-03  2.37047672e-03
  2.91144848e-03  1.30832195e-03  3.01110744e-03  2.23851204e-03
  1.90258026e-03  2.52282619e-03  2.68626213e-03  2.67148018e-03
  1.10971928e-03  1.85585022e-03]","[0.01093032 0.0131924  0.00873446 0.0116171  0.014488   0.01106755
 0.00930561 0.01283319 0.01780955 0.00915278 0.01048601 0.00987568
 0.00944868 0.02777474 0.00677535 0.01241339 0.02337476 0.02025413
 0.01209829 0.01165498 0.00713468 0.01196246 0.02874283 0.00780732
 0.01065351 0.00694646 0.0093482  0.0120475  0.00740701 0.0253859
 0.01173865 0.00991076 0.00971567 0.01281691 0.01379193 0.00539949
 0.00680166 0.00902564 0.01173009 0.00650684 0.01153577 0.01271754
 0.00830276 0.01042114 0.01041168 0.00850468 0.011311   0.01272211
 0.00997581 0.00799056]","[0.03379801 0.04367425 0.04377436 0.03132275 0.02284609 0.03156096
 0.03629059 0.03770175 0.05499741 0.03430622 0.03313146 0.03591865
 0.03940802 0.00858312 0.03655779 0.02893035 0.01749679 0.02050765
 0.02816653 0.02880791 0.0378102  0.03696119 0.06547196 0.04058076
 0.04049103 0.0441474  0.03258305 0.03081426 0.0281894  0.01806368
 0.03861797 0.02630239 0.03288092 0.03172948 0.03528914 0.04467734
 0.039865   0.04078145 0.03699522 0.03815215 0.04085755 0.02550887
 0.04260096 0.03750721 0.03624199 0.03858843 0.03905572 0.04023693
 0.02729635 0.03517018]",0.5976217525055716,0.032000383873013946,0.2513850483177004,0.08881208253715725,0.6063986678309601,0.020520378586728612,0.26204735404939505,0.062159523619470254,0.0023030859282224814,0.00018140559129727513,0.0005378987635692253,0.0004304889006986904,0.024235724305510527,0.0605988343334198,0.004984947030682357,0.00783907107317678,4.186391830444336e-05,0.002163698673248291,0.0003033778227339399,0.0011904097376317364,0.011841070315595377,0.03502497673486326,0.0050764281463468045,0.009071935703799003
df1,0.30000000000000004,0.0,0.30000000000000004,"[0.69212796 0.58582128 0.25747545 0.27423335 0.17249627 0.88359176
 0.50859953 0.90235528 0.41323244 0.25747545 0.8633028  0.32916807
 0.74453538 0.08825991 0.77002924 0.81875363 0.48382277 0.53390728
 0.96007647 0.139232   0.74453538 0.74453538 0.77002924 0.3490397
 0.27423335 0.77002924 0.21173982 0.66552932 0.03483221 0.74453538
 0.03483221 0.32916807 0.66552932 0.07520917 0.21173982 0.69212796
 0.90235528 0.55967522 0.79482654 0.88359176 0.58582128 0.93482727
 0.69212796 0.36968362 0.00212592 0.93482727 0.63886042 0.16077182
 0.50859953 0.98457739]","[4.67045972e-05 1.89004559e-03 7.25488863e-03 1.26822204e-04
 2.68158880e-03 2.38884447e-03 2.99835482e-05 1.89004559e-03
 1.10287908e-04 1.93100400e-08 1.67194217e-04 1.67194217e-04
 7.20954134e-05 9.54673207e-02 2.19294824e-02 1.91681353e-04
 1.67194217e-04 2.64676308e-02 1.16899447e-03 3.09615598e-07
 1.16899447e-03 5.25376643e-03 4.26159664e-04 7.11507895e-04
 8.31541824e-05 2.05084189e-06 4.03308445e-05 2.68158880e-03
 7.25488863e-03 3.48322136e-02 8.72433497e-08 1.64147482e-02
 3.47919250e-05 2.57475452e-01 9.58129418e-05 4.70847031e-03
 1.32017364e-03 6.26876255e-04 8.06268875e-03 8.06268875e-03
 1.10287908e-04 4.26159664e-04 1.40396435e-05 9.58129418e-05
 7.38137688e-11 9.13835051e-04 9.92823487e-03 1.99311438e-02
 4.21554189e-03 1.90755446e-05]","[0.69212796 0.58582128 0.25747545 0.27423335 0.17249627 0.88359176
 0.50859953 0.90235528 0.41323244 0.25747545 0.8633028  0.32916807
 0.74453538 0.08825991 0.77002924 0.81875363 0.48382277 0.53390728
 0.96007647 0.139232   0.74453538 0.74453538 0.77002924 0.3490397
 0.27423335 0.77002924 0.21173982 0.66552932 0.03483221 0.74453538
 0.03483221 0.32916807 0.66552932 0.07520917 0.21173982 0.69212796
 0.90235528 0.55967522 0.79482654 0.88359176 0.58582128 0.93482727
 0.69212796 0.36968362 0.00212592 0.93482727 0.63886042 0.16077182
 0.50859953 0.98457739]","[4.67045972e-05 1.89004559e-03 7.25488863e-03 1.26822204e-04
 2.68158880e-03 2.38884447e-03 2.99835482e-05 1.89004559e-03
 1.10287908e-04 1.93100400e-08 1.67194217e-04 1.67194217e-04
 7.20954134e-05 9.54673207e-02 2.19294824e-02 1.91681353e-04
 1.67194217e-04 2.64676308e-02 1.16899447e-03 3.09615598e-07
 1.16899447e-03 5.25376643e-03 4.26159664e-04 7.11507895e-04
 8.31541824e-05 2.05084189e-06 4.03308445e-05 2.68158880e-03
 7.25488863e-03 3.48322136e-02 8.72433497e-08 1.64147482e-02
 3.47919250e-05 2.57475452e-01 9.58129418e-05 4.70847031e-03
 1.32017364e-03 6.26876255e-04 8.06268875e-03 8.06268875e-03
 1.10287908e-04 4.26159664e-04 1.40396435e-05 9.58129418e-05
 7.38137688e-11 9.13835051e-04 9.92823487e-03 1.99311438e-02
 4.21554189e-03 1.90755446e-05]","[8.92787005e-01 6.82749277e-01 3.09896266e-01 1.56332215e-01
 1.56150290e-01 9.14535152e-01 5.07616616e-01 7.67499213e-01
 5.59648363e-01 2.39093234e-01 7.53336152e-01 3.01610667e-01
 5.49637405e-01 9.98192384e-02 7.42348434e-01 8.39409494e-01
 9.01424215e-01 6.24610984e-01 9.22316204e-01 8.96826782e-02
 8.06688248e-01 6.81612335e-01 8.71754746e-01 5.18759803e-01
 3.80705896e-01 8.30012940e-01 3.40086899e-01 7.98456283e-01
 3.35408485e-02 7.16697603e-01 9.80541915e-03 4.99596604e-01
 5.27562115e-01 5.30802231e-02 2.71694004e-01 7.22964032e-01
 7.74966506e-01 7.93758395e-01 6.50894793e-01 9.37841975e-01
 5.25754532e-01 8.13953149e-01 6.80214776e-01 1.86012519e-01
 1.10636875e-04 9.25050565e-01 7.23854975e-01 2.32416367e-01
 5.52273083e-01 9.34175186e-01]","[1.19919803e-04 1.17858527e-03 2.90295954e-03 2.81886541e-06
 5.52444879e-03 2.44074946e-03 1.34678134e-05 1.12868717e-03
 3.24976485e-04 6.63936728e-09 3.91043636e-04 7.91604147e-05
 1.68633027e-05 4.99673106e-02 5.20747237e-03 1.05010813e-04
 5.52152380e-05 1.19921857e-02 1.69133867e-04 1.43794885e-08
 5.26625320e-04 4.51503136e-03 2.06127322e-04 4.59244058e-04
 2.79614886e-04 1.06698690e-06 4.06933765e-05 2.32222409e-04
 1.62513670e-02 1.42844351e-02 4.61407013e-09 8.42158276e-03
 1.39790465e-04 4.14485072e-01 3.20060718e-04 2.74670789e-04
 7.92931039e-04 1.09840647e-04 2.22016988e-03 3.02058246e-03
 1.35345048e-04 4.36070421e-04 9.45717807e-06 2.28260072e-05
 5.40554268e-11 4.61058240e-04 3.42995213e-03 4.12264793e-03
 3.29630929e-03 9.29709998e-06]","[2.50000000e-03 2.50000000e-03 2.50000000e-03 1.53168830e-03
 2.01682627e-03 2.50000000e-03 2.50000000e-03 2.50000000e-03
 2.50000000e-03 1.77361431e-03 2.50000000e-03 2.50000000e-03
 2.50000000e-03 9.21965093e-04 2.50000000e-03 2.50000000e-03
 2.50000000e-03 2.50000000e-03 2.50000000e-03 1.05315005e-03
 2.50000000e-03 2.50000000e-03 2.50000000e-03 2.50000000e-03
 2.50000000e-03 2.50000000e-03 2.50000000e-03 2.50000000e-03
 2.52863364e-04 2.50000000e-03 1.20763139e-04 2.50000000e-03
 2.50000000e-03 3.77149536e-04 2.50000000e-03 2.50000000e-03
 2.50000000e-03 2.50000000e-03 2.50000000e-03 2.50000000e-03
 2.50000000e-03 2.50000000e-03 2.50000000e-03 1.79539300e-03
 1.00000000e-05 2.50000000e-03 2.50000000e-03 2.50000000e-03
 2.50000000e-03 2.50000000e-03]","[1.00000000e-05 1.68073883e-05 4.49539187e-05 1.00000000e-05
 7.13169199e-05 4.50985248e-05 1.00000000e-05 1.16768649e-05
 1.00000000e-05 1.00000000e-05 1.00000000e-05 1.00000000e-05
 1.00000000e-05 6.20500622e-04 5.72703787e-05 1.00000000e-05
 1.00000000e-05 1.77431595e-04 1.00000000e-05 1.00000000e-05
 1.00000000e-05 6.57918182e-05 1.00000000e-05 1.00000000e-05
 1.00000000e-05 1.00000000e-05 1.00000000e-05 1.00000000e-05
 2.35424335e-04 2.01018726e-04 1.00000000e-05 7.56169550e-05
 1.00000000e-05 2.50000000e-03 1.00000000e-05 1.00000000e-05
 1.34561354e-05 1.00000000e-05 3.79373207e-05 3.28926668e-05
 1.00000000e-05 1.00000000e-05 1.00000000e-05 1.00000000e-05
 1.00000000e-05 1.00000000e-05 4.07690527e-05 4.64190681e-05
 2.73068703e-05 1.00000000e-05]","[0.015888   0.02062127 0.03235815 0.02132713 0.0380229  0.02226387
 0.02115104 0.02515599 0.02546023 0.02328618 0.0209587  0.01684601
 0.02647236 0.03269853 0.02847131 0.02414961 0.0236644  0.02988024
 0.03272346 0.02544806 0.02159002 0.02290184 0.02280898 0.02610064
 0.03722537 0.02259629 0.03238088 0.01960517 0.03493587 0.02126537
 0.03035986 0.03616556 0.02242709 0.04931682 0.03256611 0.02357424
 0.02096458 0.02353385 0.02363874 0.0180772  0.02908782 0.03643724
 0.01945617 0.02104224 0.02574788 0.02087714 0.03200086 0.03489963
 0.03595293 0.0261196 ]","[0.07499852 0.06732079 0.07066189 0.08787056 0.06947308 0.06735068
 0.07530191 0.06233226 0.07396931 0.08381055 0.06467951 0.08383811
 0.06023546 0.05569018 0.0571835  0.06158273 0.06863973 0.05844639
 0.07013858 0.08858716 0.07067354 0.0606794  0.0663455  0.06986252
 0.05574828 0.07007718 0.06092249 0.0775477  0.06519804 0.07661406
 0.08541428 0.05411468 0.07158548 0.04218492 0.06972597 0.06597062
 0.07857801 0.05672921 0.0804613  0.06358486 0.07145732 0.05247184
 0.07709584 0.07211676 0.08036967 0.07511593 0.06233682 0.0517473
 0.05745782 0.07886482]","[6.87451949e-01 3.57950678e-01 2.96841185e-02 3.18375809e-01
 5.99762995e-03 2.70655390e-01 3.27958235e-01 1.56378944e-01
 1.47017376e-01 2.24741003e-01 3.38645946e-01 6.15282177e-01
 1.19077201e-01 2.71608762e-02 7.66444316e-02 1.90771399e-01
 2.09334127e-01 5.51099682e-02 2.69837299e-02 1.47383152e-01
 3.04430412e-01 2.41261705e-01 2.45385930e-01 1.28785608e-01
 7.62988636e-03 2.55029540e-01 2.95094086e-02 4.20247708e-01
 1.48019984e-02 3.21714183e-01 4.90780960e-02 1.04233796e-02
 2.62898267e-01 1.14775473e-04 2.81190915e-02 2.12931313e-01
 3.38315398e-01 2.14557966e-01 2.10352971e-01 5.24532893e-01
 6.64735884e-02 9.63049972e-03 4.29888666e-01 3.33975566e-01
 1.38586323e-01 3.43247275e-01 3.25527368e-02 1.49530466e-02
 1.10846444e-02 1.28275383e-01]","[3.13961125e-10 2.51997222e-08 3.96231642e-09 6.93035734e-14
 7.73214468e-09 2.47960073e-08 2.61446289e-10 3.37596211e-07
 5.80963104e-10 1.13934539e-12 1.02079933e-07 1.11839409e-12
 9.46582919e-07 7.83599522e-06 3.98533944e-06 4.90026572e-07
 1.22711979e-08 2.21856086e-06 5.32560821e-09 4.17004095e-14
 3.93620262e-09 7.63200328e-07 4.25177606e-08 6.21912208e-09
 7.63511113e-06 5.51282214e-09 6.77857288e-07 6.59056832e-11
 7.79096456e-08 1.17452980e-10 3.83068641e-13 1.56837301e-05
 2.33863812e-09 1.57218974e-03 6.71350116e-09 5.18807371e-08
 3.45504394e-11 4.90473453e-06 1.03795889e-11 1.79302599e-07
 2.51718503e-09 3.16567372e-05 8.72477017e-11 1.72143531e-09
 1.10123115e-11 2.92517542e-10 3.36826812e-07 4.28544353e-05
 3.51301003e-06 2.88215629e-11]","[-7.62939453e-06 -1.74641609e-04  2.51054764e-04 -3.32593918e-05
  6.52074814e-04 -2.02655792e-06 -8.86917114e-05 -3.93390656e-06
  2.22563744e-04 -1.39236450e-04 -5.16176224e-05 -1.46269798e-04
  1.34706497e-04  8.80837440e-04 -1.45554543e-04 -1.00970268e-04
 -1.63793564e-04  3.45230103e-04 -6.73532486e-05 -1.08003616e-04
  1.07407570e-04 -1.31011009e-04 -1.24692917e-04 -1.84774399e-04
  5.31673431e-04 -1.85966492e-05 -2.86102295e-05 -1.35898590e-04
  8.00490379e-04  2.00986862e-04  2.51531601e-05  1.43766403e-04
  4.91142273e-05  6.12854958e-04  4.80413437e-04  1.25885010e-04
  1.53422356e-04  2.85863876e-04  1.79409981e-04 -1.52468681e-04
  1.33275986e-04 -7.59363174e-05 -1.20162964e-04 -1.10149384e-04
  4.08887863e-05 -9.25064087e-05  1.84774399e-05  3.19123268e-04
 -1.06930733e-04  4.71591949e-04]","[0.00189197 0.00310385 0.00271308 0.00367677 0.00125349 0.00318563
 0.00475109 0.00241172 0.00200379 0.00403976 0.00256228 0.00327432
 0.00163186 0.00037563 0.00237787 0.00252151 0.00349343 0.00110078
 0.00316155 0.00419664 0.0015533  0.0017066  0.00326598 0.00355339
 0.00152898 0.00412905 0.00203311 0.00408626 0.00116444 0.00501883
 0.00453722 0.00127327 0.00167382 0.00051367 0.00156546 0.00380719
 0.00487351 0.00114453 0.00213885 0.00238264 0.00251842 0.00215769
 0.00404489 0.00322855 0.00428832 0.00417566 0.00200605 0.00155997
 0.00285113 0.00205219]","[0.01080248 0.00683293 0.01484021 0.01000215 0.02099721 0.01174777
 0.00954851 0.01333793 0.01551009 0.00788755 0.01143718 0.00698354
 0.01391631 0.02647646 0.00810166 0.00950635 0.00684124 0.01770068
 0.01191066 0.00861877 0.01510322 0.00727543 0.00941843 0.0063384
 0.01922368 0.01091233 0.01300944 0.00897142 0.02419064 0.01544463
 0.01296617 0.01535761 0.01422604 0.02162386 0.01796695 0.01270577
 0.01459356 0.01567166 0.01414438 0.00653447 0.01450433 0.01298275
 0.00882545 0.00821907 0.0116688  0.00914409 0.01239217 0.01770396
 0.00800759 0.01773665]","[0.03283542 0.04272446 0.03716143 0.04634745 0.03029162 0.04414583
 0.05347598 0.03735664 0.03460948 0.04774423 0.0377321  0.04360177
 0.0321795  0.0180641  0.03851649 0.04002119 0.04465151 0.02534475
 0.04136794 0.04764653 0.03158854 0.03259929 0.04438246 0.04646803
 0.02901542 0.04954538 0.03494302 0.04863312 0.02480181 0.05282299
 0.05216796 0.02843094 0.03146913 0.01800857 0.03059651 0.04785702
 0.0510553  0.02945226 0.03605232 0.03780359 0.03785306 0.03681627
 0.04849225 0.04389151 0.05043808 0.04802391 0.0352413  0.03194984
 0.04078736 0.03399047]",0.5389762633299282,0.01094257810425558,0.29066841811450905,0.0381883306501994,0.5560959711554134,0.011202482538754024,0.291276217110001,0.05811259943712791,0.0021970682612935904,9.263378321105288e-05,0.0006871297377194521,0.00035683430471619097,0.026610068860352044,0.06846326063156129,0.006648048120302326,0.010088445257398257,9.303092956542968e-05,0.002691199779510498,0.0002623167020957434,0.0011904051909985129,0.012797252791450529,0.03881992278654005,0.004634270721698724,0.008742626899964365
df1,0.35000000000000003,0.0,0.35000000000000003,"[0.19796045 0.61225166 0.17249627 0.81875363 0.63886042 0.14969106
 0.74453538 0.79482654 0.39108739 0.66552932 0.08825991 0.39108739
 0.41323244 0.55967522 0.27423335 0.99765093 0.50859953 0.00525377
 0.08825991 0.88359176 0.8633028  0.43609338 0.21173982 0.66552932
 0.84163603 0.25747545 0.39108739 0.74453538 0.53390728 0.17249627
 0.43609338 0.99875113 0.14969106 0.69212796 0.12937218 0.24148215
 0.8633028  0.45963725 0.31007573 0.27423335 0.32916807 0.27423335
 0.77002924 0.8633028  0.81875363 0.93482727 0.55967522 0.3490397
 0.09546732 0.36968362]","[5.97265054e-09 1.18065325e-09 2.68158880e-03 1.32017364e-03
 3.95729931e-06 1.59199965e-08 7.20954134e-05 1.51046944e-07
 1.16899447e-03 3.09615598e-07 3.27832948e-04 2.85456402e-06
 1.16899447e-03 6.52148041e-03 1.46749215e-06 8.79830246e-06
 1.67194217e-04 1.34933703e-13 2.68158880e-03 2.99835482e-05
 1.32017364e-03 2.64676308e-02 4.40608072e-07 7.51402754e-06
 1.67194217e-04 3.42511079e-08 8.95145539e-03 5.46398884e-06
 1.67865304e-03 8.95145539e-03 1.40396435e-05 1.26822204e-04
 1.21765095e-02 6.41076366e-06 9.13835051e-04 8.81579698e-07
 4.40608072e-07 1.02917236e-05 3.47919250e-05 2.19294824e-02
 2.05084189e-06 2.12592488e-03 8.79830246e-06 1.67194217e-04
 3.95729931e-06 3.47919250e-05 1.51046944e-07 1.26822204e-04
 7.11507895e-04 6.02037032e-08]","[0.19796045 0.61225166 0.17249627 0.81875363 0.63886042 0.14969106
 0.74453538 0.79482654 0.39108739 0.66552932 0.08825991 0.39108739
 0.41323244 0.55967522 0.27423335 0.99765093 0.50859953 0.00525377
 0.08825991 0.88359176 0.8633028  0.43609338 0.21173982 0.66552932
 0.84163603 0.25747545 0.39108739 0.74453538 0.53390728 0.17249627
 0.43609338 0.99875113 0.14969106 0.69212796 0.12937218 0.24148215
 0.8633028  0.45963725 0.31007573 0.27423335 0.32916807 0.27423335
 0.77002924 0.8633028  0.81875363 0.93482727 0.55967522 0.3490397
 0.09546732 0.36968362]","[5.97265054e-09 1.18065325e-09 2.68158880e-03 1.32017364e-03
 3.95729931e-06 1.59199965e-08 7.20954134e-05 1.51046944e-07
 1.16899447e-03 3.09615598e-07 3.27832948e-04 2.85456402e-06
 1.16899447e-03 6.52148041e-03 1.46749215e-06 8.79830246e-06
 1.67194217e-04 1.34933703e-13 2.68158880e-03 2.99835482e-05
 1.32017364e-03 2.64676308e-02 4.40608072e-07 7.51402754e-06
 1.67194217e-04 3.42511079e-08 8.95145539e-03 5.46398884e-06
 1.67865304e-03 8.95145539e-03 1.40396435e-05 1.26822204e-04
 1.21765095e-02 6.41076366e-06 9.13835051e-04 8.81579698e-07
 4.40608072e-07 1.02917236e-05 3.47919250e-05 2.19294824e-02
 2.05084189e-06 2.12592488e-03 8.79830246e-06 1.67194217e-04
 3.95729931e-06 3.47919250e-05 1.51046944e-07 1.26822204e-04
 7.11507895e-04 6.02037032e-08]","[0.1589674  0.37125547 0.13192016 0.9289556  0.66559258 0.06671899
 0.6635084  0.77914289 0.27754699 0.73882839 0.06901467 0.66000758
 0.45872486 0.55998742 0.22818033 0.98583171 0.55316412 0.02787662
 0.04828777 0.80832886 0.89081675 0.41605718 0.07641228 0.53647868
 0.82116574 0.41677547 0.29986254 0.58652841 0.59672375 0.09630911
 0.2594857  0.995441   0.26772485 0.71396796 0.21964928 0.28601838
 0.91716695 0.73561091 0.40834958 0.12242531 0.40731274 0.29008673
 0.76851131 0.91402746 0.90492927 0.91188104 0.6667363  0.27411604
 0.25454501 0.31169457]","[3.03738257e-10 2.96254132e-11 3.30751706e-03 1.59426158e-04
 1.73124171e-07 7.71493980e-10 1.42514308e-05 3.15763128e-07
 3.58503271e-03 3.60650431e-08 1.29919012e-04 6.93654374e-06
 2.12514603e-04 1.76143956e-03 8.20846375e-07 1.78997471e-07
 8.11269744e-06 6.01443340e-10 9.91692502e-04 2.74453547e-06
 1.95649886e-04 4.91635783e-03 4.29310184e-08 1.65765962e-07
 4.19280880e-05 2.64548015e-08 2.00282902e-03 5.41517426e-07
 4.81930366e-04 1.42049966e-03 1.33394251e-06 6.36212466e-06
 4.98020986e-03 1.52039023e-06 1.05198856e-03 7.40182544e-06
 4.84693764e-07 7.34683763e-05 4.32580765e-06 9.07953181e-03
 8.68272740e-08 1.78429074e-03 5.40453056e-06 8.71928245e-05
 5.54789836e-06 4.86296669e-06 5.94476679e-08 1.08105206e-05
 1.82751928e-04 3.55905017e-09]","[0.00103363 0.0025     0.00154803 0.0025     0.0025     0.00053933
 0.0025     0.0025     0.0025     0.0025     0.00070659 0.0025
 0.0025     0.0025     0.00244673 0.0025     0.0025     0.00014898
 0.00044019 0.0025     0.0025     0.0025     0.00070968 0.0025
 0.0025     0.0021915  0.0025     0.0025     0.0025     0.00076043
 0.00134962 0.0025     0.0025     0.0025     0.0025     0.0025
 0.0025     0.0025     0.0025     0.00151456 0.0025     0.0025
 0.0025     0.0025     0.0025     0.0025     0.0025     0.0025
 0.0025     0.0025    ]","[1.00000000e-05 1.00000000e-05 5.70992936e-05 1.00000000e-05
 1.00000000e-05 1.00000000e-05 1.00000000e-05 1.00000000e-05
 5.01209583e-05 1.00000000e-05 1.00000000e-05 1.00000000e-05
 1.00000000e-05 2.69135425e-05 1.00000000e-05 1.00000000e-05
 1.00000000e-05 1.00000000e-05 1.00000000e-05 1.00000000e-05
 1.00000000e-05 2.78930134e-05 1.00000000e-05 1.00000000e-05
 1.00000000e-05 1.00000000e-05 1.91002578e-05 1.00000000e-05
 1.00000000e-05 2.08475442e-05 1.00000000e-05 1.00000000e-05
 7.67991683e-05 1.00000000e-05 1.09988900e-05 1.00000000e-05
 1.00000000e-05 1.00000000e-05 1.00000000e-05 1.11314801e-04
 1.00000000e-05 3.45760899e-05 1.00000000e-05 1.00000000e-05
 1.00000000e-05 1.00000000e-05 1.00000000e-05 1.00000000e-05
 1.00000000e-05 1.00000000e-05]","[0.02325166 0.03863601 0.03432211 0.02277152 0.02501004 0.01983816
 0.01979511 0.02653894 0.02917509 0.02411652 0.02487875 0.02218445
 0.02396159 0.02563604 0.02092731 0.03183464 0.03065847 0.02919597
 0.02440957 0.02075578 0.02198447 0.02889198 0.02280318 0.01878888
 0.02679192 0.03085162 0.02550349 0.02019889 0.02426843 0.04590449
 0.02486541 0.01910444 0.02238039 0.02536854 0.02149447 0.03009115
 0.02225581 0.04091647 0.01812341 0.02972714 0.01928626 0.01578555
 0.03307278 0.01858911 0.03690177 0.022894   0.01719415 0.02353445
 0.02445735 0.01973665]","[0.08956372 0.11039293 0.06562005 0.06648836 0.08481936 0.09106219
 0.08482746 0.09085856 0.08461059 0.08670045 0.08529363 0.08065569
 0.06257263 0.06524928 0.086819   0.06793824 0.07947925 0.09056627
 0.07043722 0.07690016 0.06724384 0.07270892 0.07384884 0.07734123
 0.07587959 0.08577105 0.06478958 0.07711146 0.06108367 0.0592093
 0.07159938 0.0727559  0.07823357 0.08025206 0.07618719 0.08129338
 0.09688609 0.06924652 0.07280385 0.05586353 0.07303502 0.08377323
 0.08098174 0.07064479 0.05859598 0.07563355 0.09370165 0.07772359
 0.05973307 0.09334166]","[2.26189276e-01 4.96717503e-03 1.75538726e-02 2.47064747e-01
 1.61036021e-01 4.05424578e-01 4.08140166e-01 1.17403497e-01
 6.51312290e-02 1.91995183e-01 1.65318796e-01 2.74489350e-01
 1.97806623e-01 1.41816809e-01 3.40411999e-01 3.39683172e-02
 4.56184593e-02 6.48135078e-02 1.81367045e-01 3.50170426e-01
 2.84316849e-01 6.95719800e-02 2.45645543e-01 4.74534105e-01
 1.11218922e-01 4.34950783e-02 1.45723742e-01 3.83099310e-01
 1.86426804e-01 4.22477055e-04 1.65758949e-01 4.53130409e-01
 2.65100674e-01 1.49789999e-01 3.09448719e-01 5.23831382e-02
 2.71042875e-01 2.39943580e-03 5.21220244e-01 5.71651753e-02
 4.41032168e-01 6.95137414e-01 2.46070311e-02 4.88338604e-01
 8.40044576e-03 2.41608140e-01 5.89229335e-01 2.14533780e-01
 1.79678936e-01 4.11844590e-01]","[2.07295451e-14 1.10488399e-21 6.24299086e-08 3.94004930e-08
 5.75352092e-13 6.98720738e-15 5.72184310e-13 8.10861752e-15
 6.63179168e-13 1.57439199e-13 4.16104380e-13 9.15300113e-12
 2.99286963e-07 7.58479755e-08 1.44952880e-13 1.80241503e-08
 1.95016978e-11 1.00341292e-14 4.49986909e-09 9.84669475e-11
 2.62687620e-08 1.22012870e-09 6.24008458e-10 7.49342748e-11
 1.84132081e-10 2.99737004e-13 9.64067137e-08 8.64081856e-11
 6.26435329e-07 1.54773434e-06 2.32003466e-09 1.18711701e-09
 4.29171122e-11 1.18801021e-11 1.52609440e-10 6.04598092e-12
 8.58599270e-17 8.77147146e-09 1.15432444e-09 7.25117481e-06
 1.00823361e-09 1.16832561e-12 7.40726535e-12 4.00090938e-09
 2.06809548e-06 2.13853883e-10 9.84486051e-16 5.90615889e-11
 1.20548794e-06 1.29041991e-15]","[ 9.59634781e-05  3.13043594e-04  8.98838043e-05  1.15156174e-04
 -4.48226929e-05 -6.44922256e-05 -4.99486923e-05  2.41994858e-04
  4.73260880e-05  3.92913818e-04  2.96831131e-05  9.14335251e-05
  2.71558762e-04  1.37805939e-04 -1.41143799e-04  7.50541687e-04
  1.96695328e-05  1.02996826e-04  6.44087791e-04 -2.26497650e-05
 -1.04665756e-04  1.36852264e-04 -9.97781754e-05 -8.32080841e-05
 -1.13010406e-04  2.15411186e-04  6.38604164e-04 -1.10387802e-04
  7.53402710e-05 -3.44514847e-05  5.72562218e-04 -6.07967377e-05
 -6.92605972e-05 -1.08718872e-04 -1.49011612e-04  8.46385956e-06
  6.46591187e-04  2.30550766e-04  1.06453896e-04 -1.78694725e-04
  4.30345535e-05  2.98023224e-05 -2.59876251e-05 -1.83820724e-04
  3.76820564e-04 -1.06811523e-04 -9.66787338e-05 -1.64031982e-04
  2.80737877e-04 -2.82526016e-05]","[0.00473106 0.00734305 0.00266576 0.00286782 0.00405824 0.00424528
 0.00549352 0.00260162 0.00316668 0.00289822 0.00434637 0.00245011
 0.00162399 0.00258195 0.00430989 0.00152946 0.00506973 0.00627518
 0.00135124 0.00513351 0.00437963 0.00217605 0.00300372 0.00351477
 0.00318825 0.00332499 0.00115895 0.00401425 0.00162208 0.00395358
 0.00151777 0.00344157 0.00353897 0.00328386 0.00452399 0.00460327
 0.00270414 0.00248253 0.00195408 0.00408828 0.00256002 0.00232863
 0.00501215 0.00373995 0.00153744 0.00383282 0.00454593 0.0030638
 0.0014677  0.00584257]","[0.01324199 0.01542711 0.01507453 0.01449762 0.01010265 0.00851281
 0.01188188 0.01604285 0.01249038 0.01681289 0.0127371  0.01463769
 0.01794579 0.01240092 0.00901342 0.02260005 0.01152609 0.01339887
 0.02238373 0.01080074 0.01035482 0.01499527 0.00803329 0.00939033
 0.00925328 0.01615111 0.02147245 0.00930118 0.01446288 0.01000036
 0.02010062 0.0105808  0.00912758 0.00870361 0.0082982  0.01227297
 0.02107081 0.01576037 0.01360877 0.0050354  0.01351342 0.01206577
 0.01184866 0.00708111 0.01969139 0.0082274  0.00923705 0.00726254
 0.01619432 0.01094952]","[0.05019407 0.06334265 0.03774507 0.04402953 0.04708089 0.04859088
 0.05632186 0.03836244 0.042951   0.04104993 0.05037521 0.03744566
 0.03168442 0.04009244 0.04997017 0.03395254 0.05391246 0.05885076
 0.03112067 0.05332047 0.04876993 0.03868827 0.04146118 0.04822448
 0.04485533 0.043401   0.02881549 0.05013708 0.03132579 0.04709239
 0.03319909 0.04220384 0.04388806 0.04538039 0.05204228 0.05268598
 0.03935852 0.03711941 0.03615175 0.05005766 0.03993502 0.03757781
 0.05459814 0.04692691 0.03048101 0.0451626  0.05153929 0.04557437
 0.03012493 0.05743999]",0.48865173310722876,0.0020420453528396023,0.2796093274731802,0.005202896287092983,0.49097302207786214,0.0007305744695784954,0.29355608847639414,0.0016930952320170442,0.002167785420297236,1.6713271184787317e-05,0.0006781244994015849,1.8821873352271448e-05,0.025393287319540978,0.07716256569862366,0.006205736682314366,0.011169762370688254,9.329319000244141e-05,0.0034229683876037596,0.0002346386777070739,0.0013701809073253357,0.012911487225876053,0.04409222179002814,0.0041987892259242945,0.008213405761467694
df1,0.4,0.0,0.4,"[0.03181713 0.69212796 0.50859953 0.0416213  0.24148215 0.50859953
 0.24148215 0.81875363 0.10315938 0.61225166 0.08825991 0.61225166
 0.00806269 0.31007573 0.36968362 0.74453538 0.06383124 0.93482727
 0.17249627 0.03181713 0.02646763 0.84163603 0.63886042 0.88359176
 0.36968362 0.50859953 0.63886042 0.41323244 0.90235528 0.91946676
 0.27423335 0.61225166 0.01641475 0.39108739 0.96007647 0.96996014
 0.58582128 0.77002924 0.39108739 0.32916807 0.43609338 0.12937218
 0.55967522 0.79482654 0.17249627 0.01217651 0.00806269 0.27423335
 0.66552932 0.36968362]","[4.70847031e-03 3.36269816e-06 7.11507895e-04 3.69535722e-07
 1.89004559e-03 2.16691945e-07 1.59199965e-08 1.46749215e-06
 4.21554189e-03 1.81007354e-07 8.79830246e-06 3.69535722e-07
 1.72496272e-01 5.97265054e-09 1.73569175e-06 2.16691945e-07
 1.91681353e-04 3.69535722e-07 1.42091476e-10 1.10005675e-02
 1.34646549e-02 1.59199965e-08 8.31541824e-05 3.42511079e-08
 3.95729931e-06 1.78141737e-09 8.81579698e-07 6.24499263e-07
 1.20265345e-05 2.16691945e-07 2.38884447e-03 2.99835482e-05
 3.73964604e-04 9.58129418e-05 3.09615598e-07 1.20265345e-05
 7.51402754e-06 9.59715417e-10 1.73569175e-06 8.31541824e-05
 1.81007354e-07 5.24820678e-07 2.18488808e-09 7.51402754e-06
 3.42511079e-08 3.36269816e-06 2.05084189e-06 1.73569175e-06
 4.99357648e-08 8.31541824e-05]","[0.03181713 0.69212796 0.50859953 0.0416213  0.24148215 0.50859953
 0.24148215 0.81875363 0.10315938 0.61225166 0.08825991 0.61225166
 0.00806269 0.31007573 0.36968362 0.74453538 0.06383124 0.93482727
 0.17249627 0.03181713 0.02646763 0.84163603 0.63886042 0.88359176
 0.36968362 0.50859953 0.63886042 0.41323244 0.90235528 0.91946676
 0.27423335 0.61225166 0.01641475 0.39108739 0.96007647 0.96996014
 0.58582128 0.77002924 0.39108739 0.32916807 0.43609338 0.12937218
 0.55967522 0.79482654 0.17249627 0.01217651 0.00806269 0.27423335
 0.66552932 0.36968362]","[4.70847031e-03 3.36269816e-06 7.11507895e-04 3.69535722e-07
 1.89004559e-03 2.16691945e-07 1.59199965e-08 1.46749215e-06
 4.21554189e-03 1.81007354e-07 8.79830246e-06 3.69535722e-07
 1.72496272e-01 5.97265054e-09 1.73569175e-06 2.16691945e-07
 1.91681353e-04 3.69535722e-07 1.42091476e-10 1.10005675e-02
 1.34646549e-02 1.59199965e-08 8.31541824e-05 3.42511079e-08
 3.95729931e-06 1.78141737e-09 8.81579698e-07 6.24499263e-07
 1.20265345e-05 2.16691945e-07 2.38884447e-03 2.99835482e-05
 3.73964604e-04 9.58129418e-05 3.09615598e-07 1.20265345e-05
 7.51402754e-06 9.59715417e-10 1.73569175e-06 8.31541824e-05
 1.81007354e-07 5.24820678e-07 2.18488808e-09 7.51402754e-06
 3.42511079e-08 3.36269816e-06 2.05084189e-06 1.73569175e-06
 4.99357648e-08 8.31541824e-05]","[0.03088861 0.76866498 0.30240452 0.02544506 0.19108661 0.57494635
 0.4486173  0.68762887 0.06789777 0.67059082 0.08839708 0.47124956
 0.00304302 0.33416295 0.43063804 0.53679302 0.03142015 0.81941241
 0.43118195 0.01782988 0.00967092 0.77512618 0.67645834 0.80930007
 0.45268086 0.40152795 0.76841818 0.22278713 0.75866194 0.91365346
 0.22819116 0.76040132 0.05416232 0.41180614 0.89177031 0.98554805
 0.34556752 0.59616132 0.45499298 0.21634435 0.71715355 0.13757579
 0.38972064 0.90206533 0.13522712 0.07102317 0.01874283 0.36103983
 0.50590889 0.33722997]","[3.72884956e-03 6.03883349e-07 3.46481148e-05 7.18566429e-10
 4.48082355e-04 1.40108600e-08 4.65494030e-08 5.26184050e-08
 2.07161676e-03 1.35733171e-08 2.07741667e-05 3.93013033e-09
 7.26257177e-02 1.20402632e-09 1.60561750e-07 4.44907844e-09
 4.12536177e-04 1.45078048e-07 2.58580934e-11 4.53500257e-03
 5.29731161e-03 7.12874637e-09 1.12019736e-05 2.85184509e-09
 7.28085151e-07 3.72860631e-11 2.62409665e-07 1.44514112e-08
 9.84725149e-06 5.78554193e-09 2.70860612e-04 1.19385263e-05
 1.40437420e-05 1.34233892e-05 8.68593153e-09 1.85500237e-07
 5.10030900e-07 2.96493718e-10 1.92809998e-07 3.93445708e-06
 1.19391738e-07 5.39361535e-07 1.09409481e-10 9.04149418e-07
 5.31796953e-08 4.47678120e-06 2.22697895e-05 7.25876821e-07
 3.39965088e-08 2.98919738e-05]","[3.27614540e-04 2.50000000e-03 2.50000000e-03 1.94806332e-04
 2.37857736e-03 2.50000000e-03 2.50000000e-03 2.50000000e-03
 5.14158892e-04 2.50000000e-03 1.11956934e-03 2.50000000e-03
 2.32211120e-05 2.50000000e-03 2.50000000e-03 2.50000000e-03
 2.72902227e-04 2.50000000e-03 2.50000000e-03 9.50190258e-05
 8.15483283e-05 2.50000000e-03 2.50000000e-03 2.50000000e-03
 2.50000000e-03 2.50000000e-03 2.50000000e-03 1.93173109e-03
 2.50000000e-03 2.50000000e-03 2.50000000e-03 2.50000000e-03
 6.36826652e-04 2.50000000e-03 2.50000000e-03 2.50000000e-03
 2.50000000e-03 2.50000000e-03 2.50000000e-03 2.37787353e-03
 2.50000000e-03 1.26344757e-03 2.50000000e-03 2.50000000e-03
 1.36982202e-03 1.04538233e-03 1.86858389e-04 2.50000000e-03
 2.50000000e-03 2.50000000e-03]","[4.68874938e-05 1.00000000e-05 1.00000000e-05 1.00000000e-05
 1.00000000e-05 1.00000000e-05 1.00000000e-05 1.00000000e-05
 2.68371492e-05 1.00000000e-05 1.00000000e-05 1.00000000e-05
 7.48274511e-04 1.00000000e-05 1.00000000e-05 1.00000000e-05
 1.00000000e-05 1.00000000e-05 1.00000000e-05 2.07964695e-05
 7.63699491e-05 1.00000000e-05 1.00000000e-05 1.00000000e-05
 1.00000000e-05 1.00000000e-05 1.00000000e-05 1.00000000e-05
 1.00000000e-05 1.00000000e-05 1.00000000e-05 1.00000000e-05
 1.00000000e-05 1.00000000e-05 1.00000000e-05 1.00000000e-05
 1.00000000e-05 1.00000000e-05 1.00000000e-05 1.00000000e-05
 1.00000000e-05 1.00000000e-05 1.00000000e-05 1.00000000e-05
 1.00000000e-05 1.00000000e-05 1.00000000e-05 1.00000000e-05
 1.00000000e-05 1.00000000e-05]","[0.04301787 0.04092545 0.02709422 0.03086549 0.03576323 0.02757072
 0.02924699 0.02484511 0.02261634 0.03160555 0.04059278 0.01688606
 0.04318292 0.03694006 0.02515517 0.02072371 0.02874953 0.0351961
 0.02372409 0.02803069 0.05225637 0.01970762 0.03204697 0.0327819
 0.03148458 0.01825452 0.02857819 0.02072333 0.0236342  0.02265568
 0.01897418 0.03871072 0.04019886 0.03189959 0.02379959 0.03030951
 0.03666412 0.02472813 0.02219775 0.02538823 0.01986383 0.0313882
 0.02463951 0.02166754 0.03571755 0.03750885 0.03515786 0.03557515
 0.02107    0.03295059]","[0.06283737 0.09455971 0.07499202 0.08822396 0.07138965 0.10315782
 0.10505277 0.07225757 0.07399488 0.0854485  0.08649395 0.07796732
 0.05880386 0.07839625 0.09854658 0.09504718 0.08823067 0.08751282
 0.09164074 0.0665253  0.05576878 0.09351885 0.07482217 0.08994438
 0.09366549 0.09857337 0.08188194 0.07937309 0.08666366 0.09692423
 0.08033932 0.07488832 0.08197793 0.07558675 0.0981397  0.07649451
 0.08338228 0.09016602 0.10385313 0.08875103 0.0976261  0.08881418
 0.10318893 0.08429052 0.09064904 0.0945962  0.09124907 0.09227032
 0.08763367 0.07571786]","[1.18274208e-03 2.39236981e-03 1.04183844e-01 4.33459908e-02
 1.17063600e-02 9.38465472e-02 6.40428270e-02 1.66430850e-01
 2.54108645e-01 3.60078069e-02 2.66725304e-03 6.12274934e-01
 1.11714415e-03 8.30571748e-03 1.56404840e-01 3.52015643e-01
 7.19020657e-02 1.37571023e-02 2.06978210e-01 8.46951793e-02
 3.46555181e-05 4.13691537e-01 3.21693054e-02 2.65725460e-02
 3.71272794e-02 5.11868826e-01 7.47921022e-02 3.52037184e-01
 2.10533951e-01 2.52309160e-01 4.61904133e-01 4.85337313e-03
 3.03039141e-03 3.34089305e-02 2.04027763e-01 4.96832582e-02
 9.01069088e-03 1.70343173e-01 2.73844902e-01 1.49191066e-01
 4.03810476e-01 3.80409650e-02 1.73355577e-01 3.00400608e-01
 1.18606894e-02 7.00831523e-03 1.39063460e-02 1.23536290e-02
 3.32432944e-01 2.54164530e-02]","[2.61962949e-07 5.14344391e-16 3.15191803e-10 5.39735770e-14
 2.61675691e-09 5.53250111e-19 1.13165226e-19 1.58655412e-09
 5.72208381e-10 3.74177888e-13 1.81763288e-13 5.07159120e-11
 1.87522578e-06 3.87439052e-11 2.32926654e-17 3.54749837e-16
 5.37173501e-14 8.91694798e-14 4.56923132e-15 3.86312131e-08
 7.56541361e-06 1.12964243e-15 3.49089352e-10 1.57529311e-14
 1.01165605e-15 2.28033246e-17 4.11134684e-12 2.08678113e-11
 1.61525239e-13 8.33461039e-17 1.12300890e-11 3.35483613e-10
 3.85969644e-12 2.20017076e-10 3.21325896e-17 1.26408705e-10
 1.51894181e-12 1.34185130e-14 3.10101804e-19 3.71054288e-14
 4.81384257e-17 3.54709542e-14 5.39149955e-19 8.23996311e-13
 9.44730072e-15 5.00273066e-16 6.09324135e-15 2.86931327e-15
 8.19008953e-14 2.03176511e-10]","[ 1.12497807e-03  6.50167465e-04  3.61323357e-04  2.19702721e-04
  6.98685646e-04  1.85489655e-04  2.19345093e-04  1.06215477e-04
 -1.26123428e-04  1.93238258e-04  6.96182251e-05  1.16705894e-04
  2.49266624e-04  1.17504597e-03 -4.33921814e-05  1.12891197e-04
  3.55839729e-04  3.14712524e-05  2.62975693e-04  5.18202782e-04
  4.31060791e-04 -6.27040863e-05  1.49726868e-04  1.64151192e-04
  2.30669975e-04 -1.47223473e-04  1.28865242e-04 -8.22544098e-06
 -6.60419464e-05 -8.52346420e-05 -1.38759613e-04  9.64403152e-04
  3.12328339e-05 -1.09910965e-04 -1.00135803e-04  7.86781311e-05
  2.81691551e-04 -1.25885010e-04 -1.78933144e-04 -8.34465027e-05
 -1.20162964e-04 -1.79290771e-04  3.86238098e-05 -3.13520432e-05
  2.78949738e-05  1.05142593e-04  1.87993050e-04  2.44021416e-04
 -3.24249268e-05 -1.24931335e-04]","[0.00209844 0.00573444 0.00383759 0.00598824 0.00227261 0.00803375
 0.00401449 0.00260603 0.00329244 0.00366569 0.0052768  0.00271535
 0.00295985 0.00151038 0.00731528 0.0074265  0.00340307 0.00606322
 0.00928557 0.00204694 0.00219607 0.00362885 0.00244451 0.00412202
 0.00495636 0.00614405 0.00448942 0.00292575 0.00505483 0.00493431
 0.00405574 0.00157094 0.00485814 0.00348222 0.00524473 0.00567281
 0.0043118  0.00606525 0.00616217 0.00479352 0.00545394 0.00591075
 0.00482774 0.00612319 0.00436258 0.00726688 0.00395048 0.00329041
 0.00660157 0.00431538]","[0.02352233 0.0191882  0.01756506 0.01491367 0.0229124  0.01535553
 0.01689766 0.01401069 0.00877791 0.01381537 0.01314338 0.01524344
 0.01581879 0.02788745 0.01145524 0.01283877 0.0188792  0.01116485
 0.01593806 0.01950886 0.02123249 0.0111565  0.01534417 0.01487704
 0.01485098 0.00702453 0.01319225 0.01302362 0.0102412  0.01062833
 0.00812081 0.02596126 0.01215341 0.00934875 0.00913699 0.01294221
 0.01505004 0.00872405 0.00703861 0.01064673 0.01051477 0.00643054
 0.01273809 0.01036958 0.01268559 0.01330747 0.01468177 0.0157211
 0.0120487  0.00928973]","[0.03597788 0.05324406 0.04736392 0.06080565 0.03701721 0.06537741
 0.04592515 0.03951516 0.04485891 0.04499742 0.05323341 0.04145283
 0.0430964  0.03114782 0.06400482 0.06699291 0.04360774 0.05533599
 0.07299706 0.03516409 0.03777724 0.04605287 0.03785528 0.05165867
 0.05206017 0.0596695  0.05024781 0.04253147 0.05580552 0.05097539
 0.05043041 0.0323857  0.05333492 0.04631094 0.05426908 0.05880838
 0.05095025 0.05955489 0.05803537 0.05146116 0.0571314  0.05760149
 0.0498989  0.05740685 0.04834783 0.06103861 0.04641231 0.04347236
 0.0623871  0.04767623]",0.44001535983375895,0.004237774384309518,0.3033582930204693,0.02416992763077662,0.42482433172346534,0.00179143536577967,0.2925747851905654,0.010179690220260282,0.0019763871744514507,2.7383311459803137e-05,0.0008831529245188165,0.00010354766911604235,0.029665303918123245,0.08543659548759461,0.007713846816588709,0.01143071565665967,0.00015902280807495117,0.004575262069702149,0.0003100544820160689,0.0017337880747878651,0.013946363265188062,0.05027327850873081,0.0046724177190864725,0.009268946577638083
df1,0.45,0.0,0.45,"[0.8633028  0.77002924 0.8633028  0.94837208 0.90235528 0.81875363
 0.32916807 0.07520917 0.03809482 0.45963725 0.22624166 0.17249627
 0.24148215 0.36968362 0.21173982 0.00992823 0.91946676 0.50859953
 0.77002924 0.69212796 0.94837208 0.50859953 0.93482727 0.66552932
 0.45963725 0.45963725 0.29176485 0.74453538 0.08151459 0.55967522
 0.16077182 0.06932183 0.8633028  0.08825991 0.66552932 0.07520917
 0.79482654 0.69212796 0.22624166 0.48382277 0.10315938 0.45963725
 0.0539576  0.00585634 0.90235528 0.69212796 0.16077182 0.24148215
 0.48382277 0.96007647]","[2.42077577e-06 1.93100400e-08 3.09615598e-07 1.40396435e-05
 4.67045972e-05 1.59199965e-08 1.81007354e-07 6.45842239e-15
 1.34933703e-13 3.47919250e-05 6.39848579e-14 3.88941584e-12
 2.16691945e-07 1.51046944e-07 1.51046944e-07 8.79830246e-06
 8.86732425e-09 2.22014992e-05 2.33983459e-08 2.42077577e-06
 4.40608072e-07 8.81579698e-07 4.99357648e-08 3.03909276e-11
 2.18488808e-09 4.74591296e-11 1.76400398e-10 9.58129418e-05
 1.25918603e-07 6.18553174e-12 2.33983459e-08 1.04585220e-06
 4.89436847e-09 6.24445815e-05 2.71047184e-10 2.58137431e-05
 1.07881685e-08 2.05084189e-06 4.89436847e-09 7.25098046e-08
 1.46749215e-06 4.00670801e-09 6.26876255e-04 7.51402754e-06
 1.23948622e-06 8.79830246e-06 6.02037032e-08 4.14795066e-10
 5.46398884e-06 2.83236331e-08]","[0.8633028  0.77002924 0.8633028  0.94837208 0.90235528 0.81875363
 0.32916807 0.07520917 0.03809482 0.45963725 0.22624166 0.17249627
 0.24148215 0.36968362 0.21173982 0.00992823 0.91946676 0.50859953
 0.77002924 0.69212796 0.94837208 0.50859953 0.93482727 0.66552932
 0.45963725 0.45963725 0.29176485 0.74453538 0.08151459 0.55967522
 0.16077182 0.06932183 0.8633028  0.08825991 0.66552932 0.07520917
 0.79482654 0.69212796 0.22624166 0.48382277 0.10315938 0.45963725
 0.0539576  0.00585634 0.90235528 0.69212796 0.16077182 0.24148215
 0.48382277 0.96007647]","[2.42077577e-06 1.93100400e-08 3.09615598e-07 1.40396435e-05
 4.67045972e-05 1.59199965e-08 1.81007354e-07 6.45842239e-15
 1.34933703e-13 3.47919250e-05 6.39848579e-14 3.88941584e-12
 2.16691945e-07 1.51046944e-07 1.51046944e-07 8.79830246e-06
 8.86732425e-09 2.22014992e-05 2.33983459e-08 2.42077577e-06
 4.40608072e-07 8.81579698e-07 4.99357648e-08 3.03909276e-11
 2.18488808e-09 4.74591296e-11 1.76400398e-10 9.58129418e-05
 1.25918603e-07 6.18553174e-12 2.33983459e-08 1.04585220e-06
 4.89436847e-09 6.24445815e-05 2.71047184e-10 2.58137431e-05
 1.07881685e-08 2.05084189e-06 4.89436847e-09 7.25098046e-08
 1.46749215e-06 4.00670801e-09 6.26876255e-04 7.51402754e-06
 1.23948622e-06 8.79830246e-06 6.02037032e-08 4.14795066e-10
 5.46398884e-06 2.83236331e-08]","[0.83564737 0.62637782 0.79246349 0.9324928  0.82213108 0.57241654
 0.62253492 0.02535475 0.03607806 0.30135685 0.18516672 0.15098031
 0.40549436 0.51776545 0.3022839  0.01592256 0.96012856 0.40324784
 0.91232281 0.77055828 0.87169822 0.7311174  0.98640426 0.75700475
 0.59370667 0.7117254  0.35644995 0.80806433 0.12685771 0.59668899
 0.18766461 0.13824116 0.79671892 0.02650205 0.6384602  0.06475651
 0.63399572 0.61703237 0.23238891 0.72448135 0.04029787 0.30443494
 0.03759839 0.01112751 0.81180936 0.65435064 0.25803772 0.1922905
 0.37899819 0.97098455]","[2.07051140e-06 3.32826444e-08 3.87566502e-08 1.02562599e-06
 1.52188330e-06 7.14736603e-10 7.96348731e-09 3.90474875e-10
 7.96835598e-10 1.08050518e-05 6.85881685e-10 9.76319026e-11
 6.30553432e-09 6.77644496e-10 7.37811690e-09 4.36311236e-07
 9.77053438e-10 9.66956521e-07 1.14214915e-09 1.59614275e-07
 7.77432840e-09 7.71023236e-08 2.51486820e-09 7.75239872e-10
 9.02301456e-10 2.17156293e-10 2.00533701e-10 1.33099021e-05
 2.20346059e-07 2.30276465e-10 3.94515454e-07 2.76376639e-06
 1.10880811e-08 3.15791115e-05 5.18381404e-09 5.46311966e-05
 8.96166474e-11 5.24618745e-07 8.02323541e-10 2.48289681e-08
 3.49580556e-07 3.43994611e-10 4.30283609e-04 3.52686356e-06
 2.42026395e-06 3.51124771e-08 4.25181790e-09 3.11842774e-11
 6.95765828e-06 3.88202726e-09]","[2.50000000e-03 2.50000000e-03 2.50000000e-03 2.50000000e-03
 2.50000000e-03 2.50000000e-03 2.50000000e-03 1.25842185e-04
 6.27461849e-04 2.25109986e-03 2.07863836e-03 2.09224761e-03
 2.50000000e-03 2.50000000e-03 2.50000000e-03 1.12381973e-04
 2.50000000e-03 2.50000000e-03 2.50000000e-03 2.50000000e-03
 2.50000000e-03 2.50000000e-03 2.50000000e-03 2.50000000e-03
 2.50000000e-03 2.50000000e-03 2.50000000e-03 2.50000000e-03
 1.21655414e-03 2.50000000e-03 1.45482792e-03 6.11158237e-04
 2.50000000e-03 2.64716124e-04 2.50000000e-03 4.80540167e-04
 2.50000000e-03 2.50000000e-03 1.50129997e-03 2.50000000e-03
 4.19529971e-04 2.50000000e-03 5.17376307e-04 4.74340345e-05
 2.50000000e-03 2.50000000e-03 2.50000000e-03 1.00451739e-03
 2.50000000e-03 2.50000000e-03]","[1.e-05 1.e-05 1.e-05 1.e-05 1.e-05 1.e-05 1.e-05 1.e-05 1.e-05 1.e-05
 1.e-05 1.e-05 1.e-05 1.e-05 1.e-05 1.e-05 1.e-05 1.e-05 1.e-05 1.e-05
 1.e-05 1.e-05 1.e-05 1.e-05 1.e-05 1.e-05 1.e-05 1.e-05 1.e-05 1.e-05
 1.e-05 1.e-05 1.e-05 1.e-05 1.e-05 1.e-05 1.e-05 1.e-05 1.e-05 1.e-05
 1.e-05 1.e-05 1.e-05 1.e-05 1.e-05 1.e-05 1.e-05 1.e-05 1.e-05 1.e-05]","[0.03074832 0.02400192 0.03342611 0.01481551 0.01684825 0.025035
 0.02992845 0.02914838 0.01759368 0.02567406 0.02403082 0.01892818
 0.03306256 0.01889641 0.02787022 0.03712816 0.02655796 0.02057158
 0.03080988 0.02833619 0.03469012 0.02824009 0.02230872 0.02717281
 0.0243817  0.019371   0.01729068 0.03057738 0.03458756 0.03390405
 0.01878781 0.04279596 0.02477468 0.04549124 0.02016375 0.03145761
 0.01867006 0.02591078 0.03689447 0.01654606 0.04227165 0.02876137
 0.03420186 0.05292216 0.03615038 0.04730937 0.03137378 0.02463903
 0.02841741 0.02049282]","[0.07856022 0.10176037 0.08165173 0.0864439  0.09793369 0.10192925
 0.10392684 0.12102296 0.11125266 0.0760461  0.11353295 0.11309972
 0.09028231 0.09930344 0.09768298 0.09254087 0.10710688 0.09701786
 0.11190789 0.10203116 0.09833489 0.09441528 0.10798167 0.09275045
 0.09764774 0.10571502 0.10059574 0.09376198 0.09563275 0.09654401
 0.10134543 0.08354283 0.10144357 0.07735597 0.10974867 0.08668461
 0.10811356 0.08533341 0.10217081 0.10176057 0.09360988 0.08214195
 0.07423241 0.08860934 0.08478585 0.08543538 0.1014308  0.11179335
 0.08319248 0.1097445 ]","[4.46197258e-02 1.96280672e-01 2.23936806e-02 7.66427024e-01
 6.15114200e-01 1.60231711e-01 5.44761253e-02 6.55396878e-02
 5.59661218e-01 1.40711772e-01 1.95193216e-01 4.65023206e-01
 2.46738422e-02 4.67184250e-01 8.77988018e-02 7.85430176e-03
 1.16928792e-01 3.60852759e-01 4.39465246e-02 7.90413394e-02
 1.58536026e-02 8.07844627e-02 2.68507294e-01 1.02416402e-01
 1.82357540e-01 4.35454556e-01 5.82048224e-01 4.65363544e-02
 1.63119561e-02 1.96817471e-02 4.74607303e-01 1.27661437e-03
 1.68777871e-01 4.91572738e-04 3.85240257e-01 3.73810570e-02
 4.82721402e-01 1.33987883e-01 8.41863158e-03 6.37861614e-01
 1.52667543e-03 7.17058410e-02 1.81438077e-02 2.61694006e-05
 1.04693914e-02 2.49867398e-04 3.81793176e-02 1.73372012e-01
 7.75930126e-02 3.65483688e-01]","[3.49403643e-11 1.75016177e-18 4.78232723e-12 1.88193255e-13
 3.77981187e-17 1.52405472e-18 2.91575696e-19 5.51489552e-26
 5.13153726e-22 1.66351803e-10 6.51916762e-23 9.67935818e-23
 1.23336138e-14 1.27571157e-17 4.60357699e-17 2.34701868e-15
 1.96026713e-20 7.74790808e-17 2.84873259e-22 1.40184519e-18
 2.75415362e-17 5.73977217e-16 9.19472628e-21 2.00791959e-15
 4.73274880e-17 6.45452142e-20 4.51496179e-18 9.40738478e-16
 2.26472408e-16 1.12022548e-16 2.45619857e-18 1.36395019e-12
 2.26729487e-18 7.42511798e-11 1.95523611e-21 1.59186482e-13
 8.19848795e-21 4.04913863e-13 1.24995375e-18 1.74988312e-18
 1.05489993e-15 3.46422797e-12 4.96796074e-10 4.10472871e-14
 5.88635394e-13 3.77562025e-13 2.29103587e-18 3.15821104e-22
 1.72458167e-12 1.96244033e-21]","[ 3.95536423e-04  3.89814377e-05 -1.54614449e-04 -1.24812126e-04
 -1.87039375e-04 -1.15871429e-04  1.65462494e-04  5.26547432e-04
 -2.26497650e-06 -1.13368034e-04 -3.05175781e-05 -1.25885010e-04
  1.61767006e-04 -1.72376633e-04 -2.90870667e-05  1.53779984e-05
 -9.08374786e-05 -1.08122826e-04  7.86781311e-06  3.54766846e-04
  3.50832939e-04  1.22106075e-03 -8.94069672e-05  1.29711628e-03
 -1.05142593e-04 -1.40070915e-04 -1.68561935e-04  3.69429588e-04
  9.47713852e-05  2.72154808e-04 -1.50918961e-04  4.85539436e-04
 -5.60283661e-06  6.07728958e-04 -1.20759010e-04 -5.37633896e-05
  1.06215477e-04 -8.02278519e-05  1.49726868e-04 -1.46627426e-04
  6.53982162e-04  9.09566879e-05  6.92725182e-04  9.19580460e-04
  4.86612320e-04  3.12328339e-05  3.93390656e-05  2.74181366e-06
  3.61323357e-04  1.22785568e-05]","[0.00304127 0.00461233 0.0049392  0.00478709 0.00518739 0.00708878
 0.00433326 0.01004994 0.0084734  0.00388038 0.00845158 0.00791001
 0.00472987 0.00709295 0.00622141 0.00542223 0.00834131 0.00531983
 0.0100311  0.00797629 0.00497067 0.00160062 0.00777113 0.00201058
 0.00541365 0.00691247 0.00554192 0.00364363 0.00641477 0.00491571
 0.00585413 0.00333548 0.00599658 0.00449383 0.00826848 0.00479245
 0.00900614 0.00587761 0.00629818 0.00628304 0.0048573  0.00340486
 0.0029242  0.00500596 0.00291824 0.00653458 0.00666296 0.00678563
 0.00327063 0.00590336]","[0.01953127 0.01253718 0.00665638 0.0081666  0.0058244  0.00798767
 0.0156525  0.01675344 0.0114725  0.00912594 0.01165883 0.00981843
 0.0150974  0.00624962 0.01065764 0.01167189 0.01088151 0.01003398
 0.01260812 0.01713203 0.01722815 0.02700716 0.01003217 0.02838055
 0.00989404 0.00812992 0.00896866 0.01718679 0.01485087 0.01669824
 0.00848277 0.01865229 0.01193285 0.01895653 0.00841264 0.01112849
 0.0119828  0.00943837 0.01514026 0.00687636 0.0215271  0.01396937
 0.02076354 0.02289874 0.01945718 0.01171545 0.01194977 0.01057869
 0.01900452 0.01289872]","[0.04326677 0.05103287 0.05445795 0.05456421 0.0554751  0.06321454
 0.05060084 0.07514733 0.06617983 0.04687304 0.06744648 0.06557575
 0.05243865 0.06513473 0.0596883  0.05639246 0.06785454 0.05791361
 0.07562021 0.06407601 0.0513928  0.03385224 0.06594655 0.0343531
 0.05509035 0.06205334 0.05498433 0.04839338 0.05890444 0.05193665
 0.05843854 0.04117585 0.05787877 0.04903791 0.06735962 0.05033897
 0.07240968 0.05752278 0.05963948 0.0594128  0.05169281 0.04427018
 0.04135983 0.04996686 0.04152479 0.06157913 0.06026039 0.06091142
 0.04297144 0.05683734]",0.48053547885021536,1.945384266114687e-05,0.31587278584945444,8.855980115061184e-05,0.48901227308152234,1.1284437747540733e-05,0.31289149300172725,6.052049744677035e-05,0.001996112522002287,1e-05,0.0008419563994821021,0.0,0.02827935982137918,0.09681777408599852,0.008452849605693504,0.011028649683793778,0.00015191555023193358,0.005711169242858887,0.00034787131969576067,0.0019465115852899664,0.013473206371421003,0.05588898010169435,0.0051793948781055105,0.009538066192643715
df1,0.5,0.0,0.5,"[0.94837208 0.00652148 0.18488568 0.74453538 0.81875363 0.39108739
 0.48382277 0.22624166 0.84163603 0.55967522 0.1200888  0.14969106
 0.53390728 0.45963725 0.69212796 0.43609338 0.43609338 0.03181713
 0.81875363 0.29176485 0.58582128 0.36968362 0.3490397  0.55967522
 0.55967522 0.66552932 0.88359176 0.06932183 0.50859953 0.3490397
 0.3490397  0.74453538 0.39108739 0.53390728 0.29176485 0.81875363
 0.19796045 0.79482654 0.14969106 0.24148215 0.88359176 0.50859953
 0.8633028  0.45963725 0.66552932 0.90235528 0.79482654 0.77002924
 0.25747545 0.41323244]","[1.81007354e-07 1.26822204e-04 6.24499263e-07 1.25918603e-07
 1.78141737e-09 4.67045972e-05 4.74591296e-11 1.72684385e-13
 3.69535722e-07 5.92172623e-11 2.19534247e-04 1.42091476e-10
 1.40396435e-05 3.03909276e-11 7.28113471e-09 6.24499263e-07
 1.59199965e-08 1.33749750e-15 1.04864874e-07 3.83661921e-15
 5.83855471e-13 1.07881685e-08 1.92461767e-12 1.14339735e-10
 2.71047184e-10 3.87118023e-14 9.59715417e-10 8.21358136e-14
 2.83236331e-08 2.33983459e-08 7.79334122e-10 5.97265054e-09
 3.79972059e-11 5.97265054e-09 1.07881685e-08 5.12353012e-10
 5.24820678e-07 2.67024896e-16 1.45098666e-09 6.00359848e-16
 3.79972059e-11 1.54554888e-11 2.33983459e-08 3.35473948e-10
 3.88941584e-12 5.97265054e-09 3.35473948e-10 1.34933703e-13
 4.99357648e-08 2.16691945e-07]","[0.94837208 0.00652148 0.18488568 0.74453538 0.81875363 0.39108739
 0.48382277 0.22624166 0.84163603 0.55967522 0.1200888  0.14969106
 0.53390728 0.45963725 0.69212796 0.43609338 0.43609338 0.03181713
 0.81875363 0.29176485 0.58582128 0.36968362 0.3490397  0.55967522
 0.55967522 0.66552932 0.88359176 0.06932183 0.50859953 0.3490397
 0.3490397  0.74453538 0.39108739 0.53390728 0.29176485 0.81875363
 0.19796045 0.79482654 0.14969106 0.24148215 0.88359176 0.50859953
 0.8633028  0.45963725 0.66552932 0.90235528 0.79482654 0.77002924
 0.25747545 0.41323244]","[1.81007354e-07 1.26822204e-04 6.24499263e-07 1.25918603e-07
 1.78141737e-09 4.67045972e-05 4.74591296e-11 1.72684385e-13
 3.69535722e-07 5.92172623e-11 2.19534247e-04 1.42091476e-10
 1.40396435e-05 3.03909276e-11 7.28113471e-09 6.24499263e-07
 1.59199965e-08 1.33749750e-15 1.04864874e-07 3.83661921e-15
 5.83855471e-13 1.07881685e-08 1.92461767e-12 1.14339735e-10
 2.71047184e-10 3.87118023e-14 9.59715417e-10 8.21358136e-14
 2.83236331e-08 2.33983459e-08 7.79334122e-10 5.97265054e-09
 3.79972059e-11 5.97265054e-09 1.07881685e-08 5.12353012e-10
 5.24820678e-07 2.67024896e-16 1.45098666e-09 6.00359848e-16
 3.79972059e-11 1.54554888e-11 2.33983459e-08 3.35473948e-10
 3.88941584e-12 5.97265054e-09 3.35473948e-10 1.34933703e-13
 4.99357648e-08 2.16691945e-07]","[0.78366423 0.01279941 0.31047235 0.88742474 0.67606277 0.21698164
 0.42557438 0.31211725 0.70262218 0.6754829  0.15365847 0.17414498
 0.42651636 0.44953722 0.64853699 0.33548762 0.27801978 0.02144203
 0.73365383 0.41233054 0.56978282 0.32971601 0.2538608  0.62280174
 0.45988546 0.67080685 0.81306631 0.08174998 0.37720153 0.31886677
 0.36697804 0.71437402 0.42442091 0.50555344 0.22918597 0.81967268
 0.27208914 0.76706221 0.09654047 0.15295034 0.92971767 0.31244518
 0.83488741 0.59638691 0.84690853 0.84463619 0.79655866 0.71560213
 0.16174254 0.49426607]","[1.03576792e-09 1.54300394e-05 1.14163860e-07 1.10955634e-09
 8.23087154e-11 1.12085406e-06 2.56130672e-11 1.03901332e-11
 2.36351083e-09 2.16034601e-09 9.14714087e-06 7.37215844e-11
 4.90249018e-07 1.28092870e-10 9.64653468e-10 4.03616847e-07
 1.05431271e-08 1.94133598e-11 1.73701628e-08 5.42238587e-10
 4.07573975e-11 2.08877249e-10 7.39206474e-10 8.03843658e-11
 2.79404277e-11 1.12458931e-11 2.80898638e-11 8.80905349e-11
 1.31609702e-07 8.02426126e-09 2.58495447e-11 2.94936298e-11
 3.21376259e-11 3.83369225e-10 7.14023951e-10 2.56076271e-11
 2.96374145e-08 4.37603287e-11 1.13275278e-10 8.59179838e-10
 4.50778526e-10 3.31600303e-11 2.01285343e-08 7.20356552e-10
 3.40947270e-11 2.76602186e-10 4.32377467e-11 5.27156097e-12
 1.18699484e-09 5.20787120e-08]","[0.0025     0.00018317 0.0025     0.0025     0.0025     0.0025
 0.0025     0.0025     0.0025     0.0025     0.00213575 0.00220321
 0.0025     0.0025     0.0025     0.0025     0.0025     0.00026964
 0.0025     0.0025     0.0025     0.0021563  0.0025     0.0025
 0.0025     0.0025     0.0025     0.00086054 0.0025     0.0025
 0.0025     0.0025     0.0025     0.0025     0.00147827 0.0025
 0.0025     0.0025     0.00089884 0.00160339 0.0025     0.0025
 0.0025     0.0025     0.0025     0.0025     0.0025     0.0025
 0.00179583 0.0025    ]","[1.e-05 1.e-05 1.e-05 1.e-05 1.e-05 1.e-05 1.e-05 1.e-05 1.e-05 1.e-05
 1.e-05 1.e-05 1.e-05 1.e-05 1.e-05 1.e-05 1.e-05 1.e-05 1.e-05 1.e-05
 1.e-05 1.e-05 1.e-05 1.e-05 1.e-05 1.e-05 1.e-05 1.e-05 1.e-05 1.e-05
 1.e-05 1.e-05 1.e-05 1.e-05 1.e-05 1.e-05 1.e-05 1.e-05 1.e-05 1.e-05
 1.e-05 1.e-05 1.e-05 1.e-05 1.e-05 1.e-05 1.e-05 1.e-05 1.e-05 1.e-05]","[0.04949576 0.03495584 0.01757207 0.01703005 0.01898159 0.02341847
 0.03308581 0.03239686 0.02080114 0.01640687 0.02270081 0.02627478
 0.0263953  0.03071759 0.02915124 0.03142831 0.03631444 0.03200123
 0.02128487 0.0313936  0.02153032 0.03639411 0.02567345 0.03665925
 0.02538793 0.02617615 0.02568693 0.0274808  0.04691983 0.04452419
 0.01964196 0.02325215 0.03475661 0.02770797 0.02553533 0.02253227
 0.02712937 0.04450868 0.04188293 0.02229333 0.02050186 0.02370022
 0.01606412 0.02442723 0.02619506 0.01636606 0.02296648 0.01890707
 0.02748977 0.0302722 ]","[0.07330272 0.09441509 0.10217438 0.09930052 0.11528454 0.10511011
 0.11313025 0.10886547 0.10373656 0.10245413 0.08738842 0.11250379
 0.09296945 0.12484579 0.1038825  0.08892503 0.10427382 0.11698674
 0.09645119 0.11809013 0.11831879 0.10074646 0.11474702 0.11199205
 0.11045218 0.12568886 0.09814967 0.12341483 0.08767106 0.09524515
 0.10072101 0.10581172 0.10555632 0.10123817 0.10512727 0.11818331
 0.11265984 0.10891816 0.10626091 0.12263685 0.10566797 0.10262473
 0.11511793 0.10351605 0.10570707 0.10510734 0.10487745 0.12349342
 0.10869886 0.109551  ]","[1.06918212e-04 1.47193426e-02 5.61249382e-01 6.01482962e-01
 4.61402641e-01 2.19257290e-01 2.45220796e-02 2.93871193e-02
 3.47572426e-01 6.48359726e-01 2.50256302e-01 1.24160011e-01
 1.21039010e-01 4.49591242e-02 6.54957884e-02 3.76584148e-02
 9.98185419e-03 3.25496163e-02 3.20657798e-01 3.79892861e-02
 3.07559196e-01 9.75260383e-03 1.40729393e-01 9.02358212e-03
 1.49200366e-01 1.26762969e-01 1.40339311e-01 9.57290330e-02
 2.89496339e-04 6.96961054e-04 4.17886173e-01 2.26168646e-01
 1.55626773e-02 9.10330974e-02 1.44777446e-01 2.57986313e-01
 1.03390302e-01 7.00831882e-04 1.74070527e-03 2.69243073e-01
 3.64950316e-01 2.07917733e-01 6.74205494e-01 1.80741723e-01
 1.26260457e-01 6.51438847e-01 2.38421713e-01 4.66458764e-01
 9.55398307e-02 5.01358289e-02]","[8.61540671e-10 5.74058646e-16 1.24629733e-18 1.27869433e-17
 1.29841077e-23 1.07810731e-19 9.41401130e-23 4.25236305e-21
 3.41801406e-19 9.90006447e-19 9.73133160e-14 1.66296251e-22
 1.70514336e-15 1.24938924e-27 3.02582437e-19 3.27714809e-14
 2.18049516e-19 2.64238745e-24 1.20386726e-16 9.29684350e-25
 7.47791932e-25 3.99629926e-18 2.13608106e-23 2.64066292e-22
 1.04820240e-21 5.33301875e-28 3.18808417e-17 5.22952227e-27
 7.97726152e-14 3.04903663e-16 4.07956458e-18 5.94466256e-20
 7.38650607e-20 2.68048837e-18 1.06257642e-19 8.50802681e-25
 1.44364159e-22 4.06049877e-21 4.05222602e-20 1.13097370e-26
 6.71798632e-20 8.60067586e-19 1.51543776e-23 4.10774390e-19
 6.49826590e-20 1.08063335e-19 1.31223212e-19 4.83616923e-27
 4.92011847e-21 2.32786293e-21]","[ 1.31535530e-03  4.29391861e-04  1.62005424e-04  2.69293785e-04
 -1.58548355e-04 -1.73807144e-04  6.55651093e-06  4.61339951e-05
 -8.35657120e-05  1.34706497e-05  3.08156013e-04  8.22544098e-05
  2.51412392e-04  6.72340393e-05  6.72817230e-04  6.60300255e-04
  3.26991081e-04 -1.13248825e-05  3.75509262e-05 -2.65836716e-05
 -5.65052032e-05  1.08337402e-03  1.08242035e-04  1.88827515e-04
 -3.63588333e-05 -1.60336494e-04  3.28898430e-04  2.05159187e-04
  1.58810616e-03  1.07526779e-03  1.77621841e-05 -1.19090080e-04
  6.85453415e-05 -1.26361847e-04 -1.25408173e-04  3.95536423e-04
  3.04937363e-04  1.35064125e-04  5.76972961e-05 -1.01685524e-04
  9.72747803e-05  1.23381615e-04 -1.90138817e-04  3.69548798e-06
  3.11613083e-04 -1.46865845e-04 -3.49283218e-05 -7.46250153e-05
  7.15255737e-05  4.19855118e-04]","[0.00295925 0.0048399  0.00474179 0.00402892 0.00883853 0.00696743
 0.0088203  0.00833678 0.00884879 0.00778282 0.00411248 0.00542367
 0.00434697 0.00861657 0.0044266  0.00309813 0.00639153 0.00898337
 0.00510049 0.00984681 0.00833356 0.00393164 0.01012266 0.00582349
 0.00780666 0.0106653  0.00397098 0.0089817  0.00213623 0.00403893
 0.00673985 0.00678933 0.00746155 0.00794661 0.00858974 0.00802076
 0.00908554 0.00800276 0.00753593 0.0106957  0.00790274 0.00453341
 0.00838542 0.00627649 0.00459838 0.00674844 0.00647461 0.00756824
 0.00703073 0.00453806]","[0.03049062 0.01910361 0.01529964 0.0176351  0.00685307 0.00749769
 0.01344131 0.01254011 0.00966178 0.01148489 0.01646276 0.01233848
 0.01751753 0.013608   0.02195948 0.02056719 0.01639154 0.01307391
 0.01269881 0.0113322  0.01052476 0.02416368 0.01276174 0.01650129
 0.01070561 0.00785818 0.01925497 0.01521344 0.03325251 0.02408814
 0.01264215 0.00902826 0.01173052 0.00959817 0.00881164 0.01821757
 0.01684236 0.01341946 0.01275435 0.00912005 0.01479984 0.01399203
 0.00630616 0.0127022  0.01628592 0.00775878 0.01010353 0.00969475
 0.01372669 0.01931961]","[0.04175656 0.05343678 0.05365499 0.04667069 0.07237107 0.06414618
 0.06763043 0.06950741 0.07104059 0.06719445 0.04895279 0.05244395
 0.05009904 0.07099138 0.04928192 0.04521741 0.05972492 0.07172498
 0.05469364 0.07576242 0.06519835 0.05027514 0.07559443 0.0556228
 0.06652176 0.07698186 0.04791422 0.07044659 0.03511656 0.04988764
 0.06230917 0.06315481 0.06438274 0.06717376 0.07202406 0.0660209
 0.07152973 0.06660516 0.06219522 0.07588203 0.06766327 0.05086305
 0.06968178 0.05766996 0.05204093 0.06227418 0.06134441 0.06552868
 0.06134248 0.05073181]",0.5021422249562987,8.201343968627601e-06,0.25819222837769173,3.557971033603972e-05,0.4803249286528738,5.398034679449104e-07,0.25588660146737024,2.4854831471172435e-06,0.0022716985227213492,1e-05,0.0005598262640424734,0.0,0.0276874051323533,0.10643984154701233,0.008072693900620011,0.010451751119691741,0.0001921510696411133,0.006744930744171143,0.0003789187405052736,0.0021465437098835216,0.014422720993892994,0.06100558213220281,0.005547520485888658,0.010003187479201333
df1,0.55,0.0,0.55,"[0.50859953 0.77002924 0.66552932 0.08825991 0.50859953 0.16077182
 0.61225166 0.99328163 0.58582128 0.53390728 0.45963725 0.84163603
 0.24148215 0.04953464 0.21173982 0.81875363 0.84163603 0.21173982
 0.07520917 0.74453538 0.07520917 0.96007647 0.07520917 0.27423335
 0.01809676 0.27423335 0.63886042 0.61225166 0.22624166 0.55967522
 0.8633028  0.03483221 0.48382277 0.12937218 0.43609338 0.74453538
 0.22624166 0.45963725 0.71851426 0.74453538 0.45963725 0.31007573
 0.66552932 0.139232   0.69212796 0.27423335 0.32916807 0.63886042
 0.79482654 0.71851426]","[1.78141737e-09 3.35473948e-10 4.99357648e-08 4.89436847e-09
 1.18065325e-09 1.81007354e-07 1.80794013e-14 4.40608072e-07
 1.42091476e-10 1.92461767e-12 8.36667685e-15 9.79737413e-12
 4.97944383e-14 4.97944383e-14 6.18553174e-12 9.19151252e-11
 2.18772050e-10 9.52846065e-19 2.05084189e-06 5.12353012e-10
 6.02037032e-08 6.39848579e-14 1.20365650e-19 1.08277464e-14
 5.12353012e-10 7.84899525e-16 1.54798729e-16 8.36667685e-15
 2.26988766e-15 1.14339735e-10 4.58740572e-16 1.67853513e-17
 1.19798113e-12 2.03413945e-16 5.30299497e-19 6.45842239e-15
 1.02511949e-15 2.67703473e-09 2.42826791e-11 4.90739183e-12
 6.32216726e-10 2.43574207e-12 4.97944383e-14 3.42511079e-08
 1.54554888e-11 4.58538879e-13 1.02917236e-05 1.54554888e-11
 3.35473948e-10 5.97265054e-09]","[0.50859953 0.77002924 0.66552932 0.08825991 0.50859953 0.16077182
 0.61225166 0.99328163 0.58582128 0.53390728 0.45963725 0.84163603
 0.24148215 0.04953464 0.21173982 0.81875363 0.84163603 0.21173982
 0.07520917 0.74453538 0.07520917 0.96007647 0.07520917 0.27423335
 0.01809676 0.27423335 0.63886042 0.61225166 0.22624166 0.55967522
 0.8633028  0.03483221 0.48382277 0.12937218 0.43609338 0.74453538
 0.22624166 0.45963725 0.71851426 0.74453538 0.45963725 0.31007573
 0.66552932 0.139232   0.69212796 0.27423335 0.32916807 0.63886042
 0.79482654 0.71851426]","[1.78141737e-09 3.35473948e-10 4.99357648e-08 4.89436847e-09
 1.18065325e-09 1.81007354e-07 1.80794013e-14 4.40608072e-07
 1.42091476e-10 1.92461767e-12 8.36667685e-15 9.79737413e-12
 4.97944383e-14 4.97944383e-14 6.18553174e-12 9.19151252e-11
 2.18772050e-10 9.52846065e-19 2.05084189e-06 5.12353012e-10
 6.02037032e-08 6.39848579e-14 1.20365650e-19 1.08277464e-14
 5.12353012e-10 7.84899525e-16 1.54798729e-16 8.36667685e-15
 2.26988766e-15 1.14339735e-10 4.58740572e-16 1.67853513e-17
 1.19798113e-12 2.03413945e-16 5.30299497e-19 6.45842239e-15
 1.02511949e-15 2.67703473e-09 2.42826791e-11 4.90739183e-12
 6.32216726e-10 2.43574207e-12 4.97944383e-14 3.42511079e-08
 1.54554888e-11 4.58538879e-13 1.02917236e-05 1.54554888e-11
 3.35473948e-10 5.97265054e-09]","[0.41843008 0.61194874 0.6707787  0.07606634 0.67671366 0.12101715
 0.83304954 0.96317267 0.47214127 0.63757414 0.4370571  0.58355333
 0.20182911 0.18165622 0.31911032 0.77947111 0.73730403 0.1140989
 0.06671168 0.53497389 0.15420317 0.85938919 0.08776889 0.14327558
 0.05200621 0.154249   0.6420558  0.55337538 0.11036813 0.46949596
 0.79424667 0.03369437 0.8116357  0.09754705 0.27904774 0.88597748
 0.25895311 0.26400825 0.58671134 0.89082379 0.40382735 0.32958977
 0.68171621 0.06666948 0.65407974 0.18168734 0.63270211 0.64358758
 0.72679798 0.85767424]","[3.84524634e-11 6.73541223e-11 9.12583875e-09 7.83033638e-11
 6.68777256e-11 2.26901129e-08 5.85842486e-12 6.28520458e-09
 2.59957611e-11 4.53911686e-10 6.06318440e-10 4.58735494e-10
 8.47788506e-11 1.80502391e-10 4.59299265e-12 4.52615723e-12
 2.62631028e-11 1.12408971e-10 1.17778722e-06 1.29297018e-09
 3.19598237e-10 6.39411302e-10 4.49432269e-10 1.34797962e-09
 1.69221621e-08 1.54217750e-11 3.83065801e-11 1.21129773e-11
 1.49367207e-09 3.39875905e-11 9.90317051e-10 9.88191751e-11
 1.00509823e-10 7.99166955e-10 1.10087228e-09 6.32462971e-11
 1.85624849e-11 2.21168528e-10 5.62857538e-11 1.14486087e-10
 2.97488700e-11 3.10013126e-11 1.08305254e-10 3.40233958e-08
 8.04527223e-10 6.64426514e-10 1.29127902e-07 1.92156291e-10
 2.65940603e-11 1.09562470e-10]","[0.0025     0.0025     0.0025     0.00100655 0.0025     0.00118304
 0.0025     0.0025     0.0025     0.0025     0.0025     0.0025
 0.0022907  0.00075241 0.0025     0.0025     0.0025     0.00144572
 0.0008794  0.0025     0.00212084 0.0025     0.00075238 0.00147199
 0.00073461 0.00212742 0.0025     0.0025     0.00158328 0.0025
 0.0025     0.00020982 0.0025     0.00150384 0.0025     0.0025
 0.0025     0.00229265 0.0025     0.0025     0.0025     0.0025
 0.0025     0.00076435 0.0025     0.00079897 0.0025     0.0025
 0.0025     0.0025    ]","[1.e-05 1.e-05 1.e-05 1.e-05 1.e-05 1.e-05 1.e-05 1.e-05 1.e-05 1.e-05
 1.e-05 1.e-05 1.e-05 1.e-05 1.e-05 1.e-05 1.e-05 1.e-05 1.e-05 1.e-05
 1.e-05 1.e-05 1.e-05 1.e-05 1.e-05 1.e-05 1.e-05 1.e-05 1.e-05 1.e-05
 1.e-05 1.e-05 1.e-05 1.e-05 1.e-05 1.e-05 1.e-05 1.e-05 1.e-05 1.e-05
 1.e-05 1.e-05 1.e-05 1.e-05 1.e-05 1.e-05 1.e-05 1.e-05 1.e-05 1.e-05]","[0.03306561 0.03019645 0.02771956 0.0407171  0.03069854 0.03317296
 0.02963894 0.02480864 0.03330336 0.02527524 0.0236438  0.02692241
 0.03005386 0.03612957 0.03300738 0.03614143 0.02181522 0.02363806
 0.032709   0.0176281  0.03607135 0.02940502 0.04067052 0.03052675
 0.03956106 0.02810959 0.02176079 0.03131986 0.02726323 0.01938139
 0.01742375 0.03311187 0.03159796 0.02579206 0.03132162 0.02696311
 0.03071384 0.03320821 0.02607016 0.03626577 0.0240342  0.02306782
 0.01915942 0.03353489 0.01771292 0.02032092 0.02084081 0.02705749
 0.02428534 0.03129898]","[0.11773582 0.13027975 0.10655388 0.11149608 0.09806239 0.1052792
 0.10775004 0.10126493 0.10877218 0.11177206 0.1242459  0.12288244
 0.13162076 0.13269727 0.11941808 0.11549928 0.11470869 0.13917475
 0.10309948 0.11946824 0.09131487 0.11030438 0.11859344 0.13100775
 0.11551414 0.11470677 0.12579397 0.12854569 0.12488284 0.13864782
 0.12455829 0.1169592  0.11825002 0.13388406 0.1303045  0.13275115
 0.13253832 0.10612841 0.12196108 0.11212024 0.11659464 0.11751446
 0.12837077 0.10616975 0.11144961 0.12878793 0.10123347 0.11439849
 0.1162545  0.1079868 ]","[0.02465393 0.05106581 0.09079881 0.00256129 0.04517072 0.02396061
 0.05837878 0.16764268 0.02314175 0.15265424 0.21015176 0.10813549
 0.05285662 0.01053275 0.02503741 0.01049659 0.29282815 0.21038004
 0.02708638 0.55713448 0.01071185 0.06170498 0.00260052 0.04711752
 0.00371628 0.0832034  0.2956034  0.03870065 0.10041406 0.43477383
 0.572186   0.02435301 0.03607708 0.13732683 0.03868356 0.10718829
 0.04500076 0.02373679 0.12960967 0.01012431 0.19506631 0.23401934
 0.44945366 0.02174881 0.55092387 0.37572233 0.34531054 0.10501826
 0.18581497 0.03890415]","[1.30161353e-24 4.67083333e-30 3.15326303e-20 4.12546080e-22
 3.41532154e-17 9.34360158e-20 1.12423452e-20 2.62270717e-18
 4.61439388e-21 3.21929696e-22 2.28159511e-27 8.87020789e-27
 1.13302215e-30 3.59572204e-31 2.60993231e-25 1.06353506e-23
 2.21308191e-23 2.94751498e-34 5.80685755e-19 2.48695992e-25
 5.80610543e-15 1.19528730e-21 5.75395904e-25 2.16887447e-30
 1.04894353e-23 2.21700326e-23 4.79406025e-28 2.85348060e-29
 1.20365213e-27 5.32241752e-34 1.66800967e-27 2.71184475e-24
 7.98432339e-25 1.00345246e-31 4.55088276e-30 3.39415168e-31
 4.26228456e-31 4.53796742e-20 2.20137229e-26 2.35228803e-22
 3.82096789e-24 1.60531537e-24 3.42033818e-29 4.38054344e-20
 4.30112420e-22 2.21932132e-29 2.69075745e-18 2.94621171e-23
 5.25632699e-24 9.15378128e-21]","[ 4.15444374e-04  1.14083290e-04  4.53829765e-04  6.96182251e-05
  5.49316406e-04  4.44531441e-04  2.87055969e-04 -1.65462494e-04
 -1.00374222e-04  2.15649605e-04  1.11460686e-04 -8.61883163e-05
  2.36868858e-04  4.93526459e-05  3.32593918e-05  4.63843346e-04
  6.74724579e-05 -3.20672989e-05  3.70621681e-04 -1.98245049e-04
  6.89029694e-05 -1.23500824e-04  6.92486763e-04  1.04546547e-04
 -8.71419907e-05  6.92605972e-05 -1.07765198e-04 -3.21865082e-06
 -1.71661377e-05 -1.27434731e-04  8.32080841e-05  2.10881233e-04
 -3.51667404e-05  4.44650650e-05  3.38554382e-05  1.21712685e-04
  3.59416008e-04  7.74264336e-04  3.17096710e-05  1.78098679e-04
 -1.77025795e-04  1.15394592e-04  1.83820724e-04  5.29289246e-04
 -1.62363052e-04  1.76072121e-04 -1.10387802e-04 -1.68919563e-04
  1.56283379e-04  2.13027000e-04]","[0.0099318  0.01205254 0.00434458 0.00933886 0.00448692 0.00662351
 0.00588691 0.00699055 0.00946069 0.0069567  0.01348972 0.00947821
 0.01316345 0.00877059 0.0090853  0.00660479 0.00690114 0.01137829
 0.00563812 0.00968254 0.0076642  0.01041234 0.00630713 0.01141977
 0.00876653 0.00713313 0.01040947 0.00965011 0.00965881 0.0098666
 0.00792456 0.00927496 0.00899243 0.01083577 0.01142061 0.00904047
 0.01163149 0.0052942  0.0107646  0.00738263 0.01002407 0.00601161
 0.01484859 0.00523031 0.00910246 0.0146848  0.00811672 0.00922048
 0.00840187 0.00838339]","[0.01684076 0.01417615 0.0185642  0.01286897 0.01995578 0.01754519
 0.01664501 0.00872976 0.00995032 0.0149424  0.01536385 0.01001556
 0.01613664 0.01396025 0.01210187 0.02007242 0.01424425 0.0107294
 0.01998821 0.0054969  0.01245946 0.01044329 0.02060756 0.01329691
 0.00871396 0.01439952 0.00943484 0.01138174 0.01184136 0.00928479
 0.01346598 0.01552422 0.01097937 0.01174515 0.01328703 0.01267455
 0.01695434 0.02088363 0.01175802 0.0153095  0.0063611  0.0143391
 0.01365089 0.01878531 0.00682548 0.01506943 0.00884729 0.00717443
 0.01421268 0.01418798]","[0.07288709 0.08368688 0.05020509 0.07206829 0.05296952 0.05961998
 0.05706346 0.06434245 0.07376279 0.06297687 0.08992766 0.07243953
 0.08421082 0.07108619 0.07297693 0.06281984 0.06122583 0.07822169
 0.05667543 0.0725605  0.06728659 0.07639158 0.0603213  0.08016109
 0.07035588 0.06245713 0.07673134 0.07556889 0.07407422 0.07458263
 0.06481123 0.07385074 0.07157229 0.07951589 0.08098046 0.07212342
 0.08060025 0.0534894  0.07611538 0.0639021  0.07654645 0.05735318
 0.09111779 0.05495107 0.07189701 0.09395019 0.06928668 0.07074783
 0.07028979 0.06994062]",0.4700026899153529,2.6256110048312796e-07,0.2769390534073001,1.4622781848253114e-06,0.4548764519374637,2.818698727979907e-08,0.2839412002467586,1.653012024258884e-07,0.0020883594272580863,1e-05,0.0006762377908200299,0.0,0.028562717511653894,0.11798617132663727,0.0059752080560539714,0.010978681796395919,0.00012653350830078126,0.008962786197662354,0.000230127939940744,0.002427115279459304,0.013444535764318498,0.07065398520027993,0.00381500206686853,0.009813660324454649
df1,0.6000000000000001,0.0,0.6000000000000001,"[0.55967522 0.55967522 0.14969106 0.18488568 0.93482727 0.41323244
 0.74453538 0.41323244 0.45963725 0.0416213  0.3490397  0.45963725
 0.8633028  0.14969106 0.48382277 0.71851426 0.18488568 0.25747545
 0.29176485 0.71851426 0.84163603 0.55967522 0.17249627 0.00167865
 0.25747545 0.22624166 0.66552932 0.45963725 0.41323244 0.32916807
 0.48382277 0.48382277 0.00806269 0.84163603 0.36968362 0.11135888
 0.98957839 0.61225166 0.39108739 0.36968362 0.11135888 0.77002924
 0.41323244 0.61225166 0.50859953 0.29176485 0.01993114 0.11135888
 0.19796045 0.22624166]","[2.27745029e-18 9.79737413e-12 2.22374207e-17 2.26988766e-15
 8.36667685e-15 2.71047184e-10 1.05328756e-13 3.00652497e-14
 3.89102510e-17 7.28113471e-09 9.19151252e-11 3.59754634e-13
 9.43717929e-13 1.23116467e-11 3.03881495e-18 1.54798729e-16
 2.67703473e-09 5.13913233e-17 1.33749750e-15 9.43717929e-13
 2.20772463e-13 1.67853513e-17 5.92172623e-11 3.72814291e-30
 1.14339735e-10 2.26988766e-15 4.90739183e-12 4.99357648e-08
 2.27745029e-18 1.17682447e-16 6.18553174e-12 3.89102510e-17
 1.54554888e-11 6.18553174e-12 1.92461767e-12 1.44619791e-20
 2.94303610e-17 3.88941584e-12 4.58740572e-16 1.80794013e-14
 2.25989398e-21 1.02511949e-15 1.05328756e-13 1.93824891e-11
 9.52846065e-19 2.22374207e-17 1.33672873e-23 2.18494984e-19
 3.59754634e-13 9.53441021e-18]","[0.55967522 0.55967522 0.14969106 0.18488568 0.93482727 0.41323244
 0.74453538 0.41323244 0.45963725 0.0416213  0.3490397  0.45963725
 0.8633028  0.14969106 0.48382277 0.71851426 0.18488568 0.25747545
 0.29176485 0.71851426 0.84163603 0.55967522 0.17249627 0.00167865
 0.25747545 0.22624166 0.66552932 0.45963725 0.41323244 0.32916807
 0.48382277 0.48382277 0.00806269 0.84163603 0.36968362 0.11135888
 0.98957839 0.61225166 0.39108739 0.36968362 0.11135888 0.77002924
 0.41323244 0.61225166 0.50859953 0.29176485 0.01993114 0.11135888
 0.19796045 0.22624166]","[2.27745029e-18 9.79737413e-12 2.22374207e-17 2.26988766e-15
 8.36667685e-15 2.71047184e-10 1.05328756e-13 3.00652497e-14
 3.89102510e-17 7.28113471e-09 9.19151252e-11 3.59754634e-13
 9.43717929e-13 1.23116467e-11 3.03881495e-18 1.54798729e-16
 2.67703473e-09 5.13913233e-17 1.33749750e-15 9.43717929e-13
 2.20772463e-13 1.67853513e-17 5.92172623e-11 3.72814291e-30
 1.14339735e-10 2.26988766e-15 4.90739183e-12 4.99357648e-08
 2.27745029e-18 1.17682447e-16 6.18553174e-12 3.89102510e-17
 1.54554888e-11 6.18553174e-12 1.92461767e-12 1.44619791e-20
 2.94303610e-17 3.88941584e-12 4.58740572e-16 1.80794013e-14
 2.25989398e-21 1.02511949e-15 1.05328756e-13 1.93824891e-11
 9.52846065e-19 2.22374207e-17 1.33672873e-23 2.18494984e-19
 3.59754634e-13 9.53441021e-18]","[6.01959960e-01 4.71794842e-01 1.48559668e-01 2.10796580e-01
 9.43768687e-01 5.22254334e-01 8.03894375e-01 4.57110710e-01
 2.50423516e-01 8.26434796e-02 3.05202000e-01 4.79575622e-01
 8.56888532e-01 5.18182558e-02 6.43982600e-01 6.62346151e-01
 9.06030137e-02 1.68703077e-01 4.69253256e-01 6.24006980e-01
 5.93938752e-01 6.66229777e-01 3.24220319e-01 1.09072442e-04
 1.64143389e-01 1.75482574e-01 5.26187452e-01 6.12021096e-01
 2.68686500e-01 3.01931938e-01 3.07954111e-01 2.94663003e-01
 5.86579203e-02 8.96069074e-01 4.28494765e-01 8.14148177e-02
 9.90386197e-01 5.12292883e-01 2.73690004e-01 6.65969306e-01
 1.64969391e-01 4.64766288e-01 6.55454580e-01 5.53797311e-01
 5.19799577e-01 2.63799961e-01 8.63631414e-03 8.37189396e-02
 1.55951329e-01 1.51596262e-01]","[1.64863379e-09 3.79837606e-10 1.42739365e-09 1.53246282e-09
 1.69540382e-10 8.07970357e-11 2.31590302e-11 2.21775931e-11
 1.20012000e-10 5.58268987e-11 4.64362993e-11 1.08070219e-11
 7.01205760e-12 3.34602346e-11 7.34534655e-11 8.60119753e-11
 2.67514899e-11 4.31835456e-10 3.11231041e-11 1.09434906e-10
 1.52540203e-11 3.05458103e-10 8.18057844e-11 2.49929011e-09
 2.89308799e-10 1.54207747e-09 1.73844272e-11 1.12287279e-09
 3.15263371e-11 7.53553886e-11 1.74947834e-11 1.36069267e-10
 4.01177980e-11 1.75418791e-10 2.20146346e-10 6.68193612e-10
 1.11137322e-10 3.15536375e-10 4.18823976e-10 1.45831125e-11
 6.73272105e-10 1.00346731e-10 5.12234699e-12 5.73814107e-10
 9.53981338e-11 8.49021964e-11 5.00036346e-10 7.97252264e-10
 2.89537283e-11 1.50587054e-09]","[2.50000000e-03 2.50000000e-03 1.02870450e-03 2.50000000e-03
 2.50000000e-03 2.50000000e-03 2.50000000e-03 2.50000000e-03
 2.50000000e-03 9.53229622e-04 2.50000000e-03 2.50000000e-03
 2.50000000e-03 3.37905237e-04 2.50000000e-03 2.50000000e-03
 1.18443919e-03 1.38758719e-03 2.50000000e-03 2.50000000e-03
 2.50000000e-03 2.50000000e-03 2.50000000e-03 1.00000000e-05
 1.20482486e-03 9.49265813e-04 2.50000000e-03 2.50000000e-03
 2.50000000e-03 2.50000000e-03 2.13307251e-03 2.50000000e-03
 2.89459068e-04 2.50000000e-03 2.50000000e-03 1.05270208e-03
 2.50000000e-03 2.50000000e-03 2.50000000e-03 2.50000000e-03
 1.33041981e-03 2.50000000e-03 2.50000000e-03 2.50000000e-03
 2.50000000e-03 2.23414627e-03 6.22282119e-05 6.03869023e-04
 1.33653515e-03 1.04636224e-03]","[1.e-05 1.e-05 1.e-05 1.e-05 1.e-05 1.e-05 1.e-05 1.e-05 1.e-05 1.e-05
 1.e-05 1.e-05 1.e-05 1.e-05 1.e-05 1.e-05 1.e-05 1.e-05 1.e-05 1.e-05
 1.e-05 1.e-05 1.e-05 1.e-05 1.e-05 1.e-05 1.e-05 1.e-05 1.e-05 1.e-05
 1.e-05 1.e-05 1.e-05 1.e-05 1.e-05 1.e-05 1.e-05 1.e-05 1.e-05 1.e-05
 1.e-05 1.e-05 1.e-05 1.e-05 1.e-05 1.e-05 1.e-05 1.e-05 1.e-05 1.e-05]","[0.03931303 0.01631407 0.03111674 0.03977485 0.01502504 0.03016023
 0.02903523 0.03869447 0.02788031 0.0419842  0.02285417 0.03896268
 0.02837453 0.0252332  0.0264824  0.03327062 0.02704679 0.04304313
 0.03291784 0.01959284 0.02857718 0.03996739 0.03980938 0.02639304
 0.03753003 0.02845982 0.01619066 0.02981918 0.01643982 0.02569921
 0.03660017 0.03848349 0.04795488 0.02293285 0.03841041 0.02302671
 0.02780225 0.02131376 0.02959472 0.02890145 0.02685839 0.02090841
 0.02947436 0.02445045 0.02956633 0.0319225  0.0228989  0.03153737
 0.04179868 0.03205652]","[0.11695847 0.12515774 0.1431608  0.14905435 0.13561047 0.10835982
 0.13022728 0.12993123 0.13895154 0.12327264 0.13282059 0.12287452
 0.13525208 0.13847072 0.15397263 0.14988636 0.11789709 0.11538783
 0.14313719 0.13113968 0.12899872 0.12161325 0.12069181 0.15544843
 0.12279239 0.14215679 0.13642271 0.10575975 0.14213347 0.14126458
 0.1090361  0.13785205 0.11676348 0.14131709 0.1204279  0.13970142
 0.13317631 0.12923129 0.13379476 0.14515459 0.14560779 0.12891851
 0.12911119 0.13741976 0.15424864 0.14817072 0.14082908 0.14238076
 0.12727829 0.13200659]","[4.01962354e-03 6.55361421e-01 4.07206409e-02 3.47187814e-03
 7.51337998e-01 5.15156226e-02 6.72937369e-02 4.87791369e-03
 8.76008663e-02 1.68240946e-03 2.43372718e-01 4.48698424e-03
 7.83548380e-02 1.53959388e-01 1.18823720e-01 2.33449891e-02
 1.05262431e-01 1.17247560e-03 2.56373241e-02 4.21040584e-01
 7.48094253e-02 3.26453853e-03 3.43382294e-03 1.21096884e-01
 6.96377631e-03 7.68458288e-02 6.64669594e-01 5.59218769e-02
 6.45874484e-01 1.39984626e-01 9.18160448e-03 5.20713153e-03
 1.95254283e-04 2.39895982e-01 5.32581676e-03 2.35797540e-01
 8.91418132e-02 3.19096169e-01 5.89954137e-02 6.94192915e-02
 1.09639137e-01 3.41478023e-01 6.07024938e-02 1.79921914e-01
 5.93943497e-02 3.32134661e-02 2.41391745e-01 3.66351065e-02
 1.79062590e-03 3.20904310e-02]","[2.71370908e-24 9.12403647e-28 3.13238689e-36 2.97746427e-39
 1.53541320e-32 6.61573881e-21 4.93553332e-30 6.73321229e-30
 3.78700425e-34 6.02348561e-27 3.15081344e-31 8.94009873e-27
 2.27165507e-32 6.48853457e-34 7.18990756e-42 1.08944878e-39
 1.11690404e-24 1.17964247e-23 3.21908189e-36 1.88649716e-30
 1.78265385e-29 3.09696956e-26 7.61344783e-26 1.13371897e-42
 9.69725250e-27 9.96153608e-36 6.29482945e-33 6.21349288e-20
 1.02318570e-35 2.76570860e-35 3.66147098e-21 1.29369393e-33
 3.26037384e-24 2.60486449e-35 9.83811269e-26 1.62908506e-34
 2.15106812e-31 1.39924956e-29 1.10503428e-31 3.07201423e-37
 1.80389958e-37 1.93771890e-29 1.58574264e-29 2.09132160e-33
 5.09666482e-42 8.60715939e-39 4.54197403e-35 7.70112801e-36
 1.05459204e-28 7.51731303e-31]","[ 5.30481339e-05 -1.32560730e-04  5.45978546e-04  6.49094582e-04
 -9.23871994e-05 -1.22904778e-04 -1.19924545e-04  7.87019730e-04
 -1.35302544e-04  4.00304794e-04  1.55568123e-04  5.71608543e-04
 -9.09566879e-05  3.24249268e-05 -1.19447708e-04 -4.86373901e-05
  1.32918358e-04  2.08497047e-04  2.04801559e-04 -5.66244125e-05
 -5.79357147e-05  3.28540802e-04 -2.89678574e-05  1.65104866e-04
  1.38401985e-04 -3.71932983e-05 -1.98245049e-04 -1.58309937e-04
 -1.45316124e-04  9.45329666e-05  1.99556351e-04  1.38521194e-04
  6.56843185e-05  6.91413879e-05  5.30242920e-04  2.88486481e-05
  1.85370445e-04  1.66893005e-05  1.19805336e-04  2.36034393e-05
 -6.91413879e-05 -1.58548355e-04  8.34465027e-06 -1.40547752e-04
  1.62363052e-04  2.55465508e-04 -4.22000885e-05  4.23431396e-04
 -1.46031380e-04  4.36425209e-04]","[0.01028204 0.01032341 0.01089382 0.01510262 0.01017106 0.00851536
 0.01174581 0.00833511 0.01191771 0.01014471 0.00810242 0.00952983
 0.01047969 0.01133895 0.01487994 0.01504457 0.00932264 0.00897443
 0.01370454 0.00939786 0.01256144 0.00784683 0.01177347 0.01715147
 0.01067162 0.01279271 0.01181006 0.01008797 0.01176333 0.01208568
 0.00807226 0.00899148 0.00907528 0.01308453 0.00796962 0.01118839
 0.01058054 0.01391554 0.01017272 0.01325786 0.01452172 0.01190293
 0.00951898 0.01461494 0.01611483 0.01287675 0.01418805 0.01709127
 0.01173925 0.0078491 ]","[0.01281499 0.00746545 0.01997364 0.02048018 0.0085583  0.00869643
 0.00854741 0.02297768 0.00751651 0.0169525  0.01499644 0.01961688
 0.00904369 0.01231194 0.00910843 0.01054124 0.01350456 0.01536277
 0.01517382 0.01072376 0.01069508 0.01907309 0.01069275 0.01594122
 0.01323294 0.01187412 0.00671357 0.00839131 0.00666663 0.01413441
 0.01384554 0.01353457 0.01195099 0.01256982 0.01954662 0.01184403
 0.01499041 0.01152152 0.0145973  0.01230696 0.00987296 0.00856178
 0.012943   0.00886199 0.01537598 0.01627249 0.01015442 0.01758998
 0.00857244 0.01752731]","[0.07618372 0.07628636 0.07454623 0.0898189  0.07670424 0.06890797
 0.08113026 0.06621731 0.08068055 0.07398286 0.06842198 0.0709216
 0.07715935 0.08074857 0.09066378 0.08721102 0.07495008 0.07135787
 0.08575491 0.07419751 0.08441017 0.06557413 0.08140984 0.09803587
 0.07690371 0.08485026 0.08329741 0.0773505  0.0822541  0.08155322
 0.06747616 0.07170503 0.06990692 0.08570211 0.06733054 0.07820334
 0.0767568  0.08739422 0.07380641 0.08360116 0.08897611 0.08094171
 0.07316985 0.09188376 0.09568487 0.08551161 0.08905689 0.09738489
 0.07976549 0.06701711]",0.41576296453681266,1.2102719163719257e-09,0.25476781227654305,7.043612169902211e-09,0.40021237084605615,3.755797983728826e-10,0.2599571352350064,5.538653045381117e-10,0.0019928950156301553,1e-05,0.0007897310767365363,0.0,0.030049093555808065,0.13302462531089784,0.007707770826493779,0.0120113943678938,0.00010060310363769531,0.011469542980194092,0.00023414269412505679,0.0024481261428777757,0.012884437282249002,0.07945518490462158,0.003965506315431285,0.008260138554544775
df1,0.65,0.0,0.65,"[0.0539576  0.53390728 0.41323244 0.99328163 0.139232   0.88359176
 0.39108739 0.74453538 0.22624166 0.21173982 0.81875363 0.8633028
 0.90235528 0.29176485 0.96996014 0.55967522 0.69212796 0.77002924
 0.90235528 0.3490397  0.63886042 0.25747545 0.41323244 0.63886042
 0.1200888  0.41323244 0.98457739 0.8633028  0.04953464 0.63886042
 0.25747545 0.12937218 0.21173982 0.16077182 0.99589898 0.0539576
 0.55967522 0.41323244 0.00238884 0.91946676 0.36968362 0.66552932
 0.63886042 0.77002924 0.14969106 0.03809482 0.55967522 0.66552932
 0.43609338 0.69212796]","[6.25831333e-28 3.89102510e-17 2.16691945e-07 6.18553174e-12
 3.95007214e-19 1.70510155e-18 4.05057199e-18 1.67853513e-17
 4.30155538e-26 4.58538879e-13 1.20730402e-21 2.42826791e-11
 4.05057199e-18 1.27528784e-18 4.88387176e-20 5.13913233e-17
 4.21288896e-21 6.45842239e-15 4.97944383e-14 4.94023307e-23
 2.43574207e-12 2.93930826e-19 3.60824945e-20 9.52846065e-19
 4.67812431e-22 1.72684385e-13 7.84899525e-16 2.33262567e-14
 3.60824945e-20 1.54798729e-16 1.51920849e-12 7.42666811e-13
 1.82433512e-24 3.83661921e-15 4.90739183e-12 2.27745029e-18
 8.92004797e-20 3.50171296e-16 1.14339735e-10 1.26570821e-17
 1.27528784e-18 1.33749750e-15 5.13913233e-17 1.20365650e-19
 8.36667685e-15 2.18488808e-09 2.95255083e-15 8.93744884e-17
 7.11203305e-19 5.13913233e-17]","[0.0539576  0.53390728 0.41323244 0.99328163 0.139232   0.88359176
 0.39108739 0.74453538 0.22624166 0.21173982 0.81875363 0.8633028
 0.90235528 0.29176485 0.96996014 0.55967522 0.69212796 0.77002924
 0.90235528 0.3490397  0.63886042 0.25747545 0.41323244 0.63886042
 0.1200888  0.41323244 0.98457739 0.8633028  0.04953464 0.63886042
 0.25747545 0.12937218 0.21173982 0.16077182 0.99589898 0.0539576
 0.55967522 0.41323244 0.00238884 0.91946676 0.36968362 0.66552932
 0.63886042 0.77002924 0.14969106 0.03809482 0.55967522 0.66552932
 0.43609338 0.69212796]","[6.25831333e-28 3.89102510e-17 2.16691945e-07 6.18553174e-12
 3.95007214e-19 1.70510155e-18 4.05057199e-18 1.67853513e-17
 4.30155538e-26 4.58538879e-13 1.20730402e-21 2.42826791e-11
 4.05057199e-18 1.27528784e-18 4.88387176e-20 5.13913233e-17
 4.21288896e-21 6.45842239e-15 4.97944383e-14 4.94023307e-23
 2.43574207e-12 2.93930826e-19 3.60824945e-20 9.52846065e-19
 4.67812431e-22 1.72684385e-13 7.84899525e-16 2.33262567e-14
 3.60824945e-20 1.54798729e-16 1.51920849e-12 7.42666811e-13
 1.82433512e-24 3.83661921e-15 4.90739183e-12 2.27745029e-18
 8.92004797e-20 3.50171296e-16 1.14339735e-10 1.26570821e-17
 1.27528784e-18 1.33749750e-15 5.13913233e-17 1.20365650e-19
 8.36667685e-15 2.18488808e-09 2.95255083e-15 8.93744884e-17
 7.11203305e-19 5.13913233e-17]","[0.11346916 0.70316277 0.788139   0.98894492 0.11104484 0.89331668
 0.61645274 0.77421232 0.41999061 0.39410602 0.75415389 0.73856413
 0.92787358 0.20176183 0.95433065 0.45900285 0.80188319 0.84022455
 0.88904856 0.54537059 0.52111654 0.25907629 0.22081951 0.73580064
 0.19839559 0.43328552 0.9273879  0.85024121 0.03572142 0.39963221
 0.12438824 0.0737114  0.19357962 0.10141911 0.99880903 0.03654838
 0.78010506 0.48552119 0.00741358 0.84000671 0.57005212 0.57035822
 0.45038366 0.68811635 0.11876952 0.04082059 0.40362671 0.55307451
 0.49750992 0.62136264]","[2.70275236e-09 1.74145254e-09 4.60209648e-11 2.03034256e-11
 6.02603523e-11 6.01630967e-11 3.01493497e-10 8.89088803e-11
 8.83688678e-11 8.54818216e-10 1.17601007e-09 8.74444961e-12
 3.18444493e-10 8.76933859e-10 7.27147231e-11 2.38141729e-10
 6.07157991e-10 1.87791671e-10 5.12964116e-11 1.93529393e-09
 7.29982297e-10 7.10652648e-11 2.24603158e-09 1.49452750e-09
 1.00788378e-10 2.64661626e-11 5.76374060e-10 1.56516411e-09
 1.27694721e-09 3.98767575e-10 1.13704601e-11 7.53996865e-12
 7.17401694e-10 1.44846801e-10 6.81654733e-12 1.97743877e-09
 2.86571655e-10 3.62912589e-10 2.66975331e-11 2.49872789e-10
 9.55437063e-10 1.10020615e-09 2.66878741e-11 1.33389855e-10
 1.11364806e-10 7.21108728e-11 5.49250201e-10 1.33817746e-09
 5.34946643e-10 1.65258562e-09]","[0.0011039  0.0025     0.0025     0.0025     0.00057725 0.0025
 0.0025     0.0025     0.0025     0.0025     0.0025     0.0025
 0.0025     0.00235361 0.0025     0.0025     0.0025     0.0025
 0.0025     0.0025     0.0025     0.0025     0.00241707 0.0025
 0.00181383 0.0025     0.0025     0.0025     0.00048212 0.0025
 0.00129483 0.00088602 0.00210613 0.00126973 0.0025     0.00025688
 0.0025     0.0025     0.00010309 0.0025     0.0025     0.0025
 0.0025     0.0025     0.00069139 0.00040346 0.0025     0.0025
 0.0025     0.0025    ]","[1.e-05 1.e-05 1.e-05 1.e-05 1.e-05 1.e-05 1.e-05 1.e-05 1.e-05 1.e-05
 1.e-05 1.e-05 1.e-05 1.e-05 1.e-05 1.e-05 1.e-05 1.e-05 1.e-05 1.e-05
 1.e-05 1.e-05 1.e-05 1.e-05 1.e-05 1.e-05 1.e-05 1.e-05 1.e-05 1.e-05
 1.e-05 1.e-05 1.e-05 1.e-05 1.e-05 1.e-05 1.e-05 1.e-05 1.e-05 1.e-05
 1.e-05 1.e-05 1.e-05 1.e-05 1.e-05 1.e-05 1.e-05 1.e-05 1.e-05 1.e-05]","[0.02976131 0.03526614 0.03075625 0.02203363 0.02672141 0.02159658
 0.02778169 0.02372358 0.02632557 0.03594205 0.02532252 0.02722599
 0.02626057 0.0177846  0.03485124 0.02996784 0.03130299 0.03197999
 0.02862925 0.01752958 0.02659947 0.02383545 0.025092   0.0376927
 0.02821896 0.03180352 0.02321957 0.03361064 0.03376507 0.02484042
 0.03564363 0.04272259 0.01852412 0.04249868 0.01770226 0.02672371
 0.02154175 0.02621797 0.04720295 0.02782803 0.02277811 0.03126723
 0.02780896 0.0353836  0.04152867 0.0355713  0.03064893 0.04174916
 0.03291691 0.02100934]","[0.16409732 0.13655579 0.10811668 0.13849646 0.13652841 0.13929287
 0.1423755  0.16175936 0.15699196 0.13111938 0.14683468 0.13240423
 0.14013876 0.15013401 0.1367733  0.14283864 0.15894072 0.13554071
 0.12798948 0.15246716 0.11979238 0.15323378 0.13417996 0.13969325
 0.14687447 0.131756   0.14941469 0.13799906 0.15552148 0.14657772
 0.13113141 0.12184315 0.15442753 0.12810624 0.13193672 0.13944719
 0.14361307 0.14061956 0.12613571 0.1553934  0.14311568 0.1342791
 0.12635105 0.15355432 0.13814677 0.13910435 0.1245417  0.13853209
 0.15763333 0.14146882]","[5.67008475e-02 1.34874239e-02 4.45325611e-02 2.81877851e-01
 1.12915078e-01 3.04087856e-01 8.95514142e-02 2.06998222e-01
 1.22836852e-01 1.11194696e-02 1.51197493e-01 1.01234875e-01
 1.24532364e-01 5.45694283e-01 1.51568360e-02 5.39629214e-02
 3.88650552e-02 3.27275844e-02 7.39207143e-02 5.64375625e-01
 1.15898528e-01 2.02638006e-01 1.58407253e-01 6.63023911e-03
 8.11720153e-02 3.42392777e-02 2.27541440e-01 2.13095684e-02
 2.04384257e-02 1.66586216e-01 1.21143213e-02 1.30914764e-03
 4.92869877e-01 1.41326628e-03 5.51703450e-01 1.12859272e-01
 3.06958508e-01 1.25653818e-01 2.60152138e-04 8.86304080e-02
 2.46768620e-01 3.92154544e-02 8.90084495e-02 1.30458747e-02
 1.95972136e-03 1.23672268e-02 4.57256587e-02 1.82058549e-03
 2.56436610e-02 3.35809384e-01]","[1.56952873e-47 5.43642825e-33 8.17628065e-21 6.30451039e-34
 5.60297955e-33 2.58099940e-34 7.74790873e-36 3.43335457e-46
 1.61102162e-43 1.92743465e-30 4.23259059e-38 4.91901587e-31
 9.93924020e-35 8.06791755e-40 4.27670816e-33 4.54457562e-36
 1.33352674e-44 1.65718117e-32 5.07251066e-29 4.64541345e-41
 1.81968573e-25 1.80059305e-41 7.28644873e-32 1.64416146e-34
 4.03733377e-38 9.81390786e-31 1.92770241e-39 1.09835499e-33
 1.03417132e-42 5.74002272e-38 1.90306795e-30 2.47172468e-26
 4.07643874e-42 4.49640528e-29 8.09783100e-31 2.16955872e-34
 1.85509980e-36 5.76305960e-35 3.38836135e-28 1.21495263e-42
 3.30017056e-36 6.54457088e-32 2.72149747e-28 1.20973942e-41
 9.31618912e-34 3.19010780e-34 1.69602326e-27 6.05821329e-34
 7.11984460e-44 2.19048654e-35]","[-3.09944153e-05  3.13043594e-04 -1.40905380e-04  1.87277794e-04
 -9.76324081e-05 -1.77025795e-04  4.91738319e-04  5.94854355e-05
 -3.65972519e-05  2.80141830e-05 -1.02758408e-04  2.30073929e-05
 -1.28984451e-04 -4.81605530e-05  2.01702118e-04  2.66671181e-04
  4.60147858e-05 -4.47034836e-05 -1.40190125e-04 -1.65224075e-04
 -4.45842743e-05  1.84774399e-05 -1.24812126e-04  2.38418579e-04
  7.73668289e-05  9.52839851e-04 -9.22679901e-05 -1.20759010e-04
  1.43766403e-04 -4.23192978e-05  2.46286392e-04  6.24895096e-04
 -1.62363052e-04  1.77299976e-03 -6.09159470e-05 -1.03712082e-04
 -2.81333923e-05 -5.60283661e-06  5.40256500e-04  9.84668732e-05
  6.07967377e-06 -5.93662262e-05  1.49846077e-04  1.38521194e-04
  2.08139420e-04  6.34551048e-04  7.04050064e-04  2.02655792e-05
  7.78079033e-04 -4.70876694e-05]","[0.01938617 0.01057255 0.00895941 0.00955546 0.01267254 0.01441967
 0.0109427  0.01979792 0.01150453 0.01242208 0.01511061 0.00971043
 0.01440454 0.01676166 0.01084912 0.01467884 0.01748657 0.01184714
 0.01118708 0.0160917  0.01161635 0.01126039 0.01350331 0.01197612
 0.01323652 0.00787818 0.01173651 0.01222229 0.01630843 0.01336372
 0.01169455 0.00872958 0.01493168 0.00768912 0.01365507 0.01422834
 0.01557577 0.0119977  0.01063049 0.01316857 0.01395679 0.01259816
 0.00875092 0.01459372 0.01234984 0.00991154 0.00782478 0.01014066
 0.01882005 0.01311815]","[0.01026266 0.01755478 0.00811764 0.01608087 0.00978404 0.0068281
 0.01803497 0.01252486 0.01232953 0.01199166 0.01032252 0.01226942
 0.00925142 0.01090298 0.01484591 0.01661434 0.01250518 0.01032151
 0.00758206 0.00669065 0.01050986 0.01220041 0.00878892 0.01528259
 0.0140763  0.02365901 0.01033042 0.00782977 0.0130379  0.01092836
 0.01623451 0.02067337 0.00742884 0.03482842 0.01185638 0.00945187
 0.01292399 0.01243105 0.01916119 0.01404901 0.0115886  0.00896474
 0.01567315 0.01498127 0.01508134 0.02111024 0.02441156 0.01470292
 0.02100756 0.01104883]","[0.10523515 0.07486577 0.07264236 0.07228952 0.08385466 0.09019817
 0.08187938 0.10591977 0.07917173 0.084395   0.09061602 0.07636959
 0.08978887 0.09797485 0.0752193  0.09093383 0.09750207 0.08111491
 0.07952472 0.09238144 0.08122274 0.07924477 0.08674937 0.08296341
 0.08484217 0.06427828 0.08131213 0.08451243 0.09577393 0.08996303
 0.08255238 0.06932889 0.09192208 0.06441107 0.08863728 0.09101789
 0.0903447  0.0798742  0.07727643 0.08800058 0.08835647 0.08598525
 0.069825   0.09212948 0.08271191 0.06955973 0.06699524 0.07685027
 0.09967165 0.08421615]",0.5083497949368461,4.380639499802605e-09,0.3025396693144465,3.033172807283881e-08,0.5130421251950362,6.037762201316354e-10,0.3034391286884052,6.901520984617122e-10,0.0021151865656660624,1e-05,0.0007346060058117278,0.0,0.029334169461727146,0.14047638806819918,0.006887568284359787,0.011583981864148465,0.00013930320739746093,0.012716560363769532,0.0003530401094320959,0.0028723558253976353,0.013581350698154325,0.08384811956506445,0.005201371022572421,0.00962549659328513
df1,0.7000000000000001,0.0,0.7000000000000001,"[0.88359176 0.19796045 0.03809482 0.01487416 0.48382277 0.93482727
 0.08151459 0.69212796 0.45963725 0.04542867 0.74453538 0.17249627
 0.81875363 0.66552932 0.16077182 0.50859953 0.88359176 0.18488568
 0.12937218 0.39108739 0.25747545 0.77002924 0.12937218 0.58582128
 0.45963725 0.3490397  0.96007647 0.69212796 0.31007573 0.53390728
 0.79482654 0.61225166 0.98457739 0.08151459 0.53390728 0.53390728
 0.41323244 0.61225166 0.03181713 0.25747545 0.09546732 0.31007573
 0.48382277 0.39108739 0.99328163 0.01487416 0.90235528 0.71851426
 0.58582128 0.32916807]","[2.18494984e-19 6.42340318e-22 4.30155538e-26 2.22374207e-17
 6.60370667e-20 4.58740572e-16 3.56853685e-23 8.58131384e-26
 4.05057199e-18 9.61617488e-24 2.25989398e-21 5.74326505e-21
 3.55797286e-24 1.62253462e-19 1.27528784e-18 6.42340318e-22
 1.44619791e-20 4.21288896e-21 1.70487812e-25 1.51487883e-26
 1.92461767e-12 6.00359848e-16 2.47371214e-22 1.70510155e-18
 6.07873598e-26 1.33672873e-23 9.52846065e-19 5.39368124e-18
 1.72684385e-13 7.82155399e-21 4.05057199e-18 3.89102510e-17
 7.84899525e-16 3.37322101e-25 7.17482117e-18 8.81076169e-22
 4.58740572e-16 2.22374207e-17 3.55797286e-24 3.08714081e-21
 9.61617488e-24 4.21288896e-21 4.58740572e-16 1.08277464e-14
 1.30432533e-24 2.33262567e-14 6.00359848e-16 2.22374207e-17
 1.33749750e-15 3.40355762e-22]","[0.88359176 0.19796045 0.03809482 0.01487416 0.48382277 0.93482727
 0.08151459 0.69212796 0.45963725 0.04542867 0.74453538 0.17249627
 0.81875363 0.66552932 0.16077182 0.50859953 0.88359176 0.18488568
 0.12937218 0.39108739 0.25747545 0.77002924 0.12937218 0.58582128
 0.45963725 0.3490397  0.96007647 0.69212796 0.31007573 0.53390728
 0.79482654 0.61225166 0.98457739 0.08151459 0.53390728 0.53390728
 0.41323244 0.61225166 0.03181713 0.25747545 0.09546732 0.31007573
 0.48382277 0.39108739 0.99328163 0.01487416 0.90235528 0.71851426
 0.58582128 0.32916807]","[2.18494984e-19 6.42340318e-22 4.30155538e-26 2.22374207e-17
 6.60370667e-20 4.58740572e-16 3.56853685e-23 8.58131384e-26
 4.05057199e-18 9.61617488e-24 2.25989398e-21 5.74326505e-21
 3.55797286e-24 1.62253462e-19 1.27528784e-18 6.42340318e-22
 1.44619791e-20 4.21288896e-21 1.70487812e-25 1.51487883e-26
 1.92461767e-12 6.00359848e-16 2.47371214e-22 1.70510155e-18
 6.07873598e-26 1.33672873e-23 9.52846065e-19 5.39368124e-18
 1.72684385e-13 7.82155399e-21 4.05057199e-18 3.89102510e-17
 7.84899525e-16 3.37322101e-25 7.17482117e-18 8.81076169e-22
 4.58740572e-16 2.22374207e-17 3.55797286e-24 3.08714081e-21
 9.61617488e-24 4.21288896e-21 4.58740572e-16 1.08277464e-14
 1.30432533e-24 2.33262567e-14 6.00359848e-16 2.22374207e-17
 1.33749750e-15 3.40355762e-22]","[0.91957324 0.24313373 0.02017774 0.08808092 0.67716777 0.82268693
 0.10199026 0.68950269 0.36516457 0.08264348 0.88086666 0.08748514
 0.91407945 0.74557329 0.27427757 0.57797254 0.87043042 0.11237625
 0.11391083 0.41411766 0.11827009 0.75309492 0.1272136  0.56411436
 0.26772424 0.17870855 0.92644199 0.70247134 0.15559465 0.4320862
 0.74496665 0.5465108  0.98328136 0.15319174 0.52200286 0.47048404
 0.3677571  0.80171527 0.09199246 0.18685105 0.08977505 0.27385397
 0.38932206 0.19939987 0.93834395 0.00253671 0.80209596 0.87668478
 0.53001462 0.51504359]","[8.51777537e-11 1.08226206e-10 5.69714498e-10 1.04475428e-10
 9.84593074e-10 7.54460938e-11 9.14495812e-10 2.40307008e-09
 3.91587207e-10 1.11865850e-09 8.71845374e-10 1.19620092e-10
 1.41318679e-09 1.57039604e-10 5.19698728e-10 7.41641193e-11
 6.11452222e-10 6.58434418e-11 1.40377365e-09 6.07025541e-10
 3.71433995e-11 1.56506075e-09 1.19604937e-09 2.44103626e-10
 8.64454841e-10 1.10950593e-09 6.55226984e-11 1.36771816e-10
 3.09436921e-11 5.63195268e-10 5.05700037e-10 1.28687838e-10
 3.08595371e-11 1.85439630e-09 4.59363769e-10 6.80045686e-10
 1.03454578e-10 3.70886655e-11 1.19100041e-09 9.52491419e-11
 2.64054556e-10 1.47376222e-10 3.80889764e-11 2.75108825e-11
 5.49717494e-10 3.86013443e-12 1.66323066e-09 2.60896749e-10
 1.15260756e-09 2.29552999e-09]","[2.50000000e-03 1.92140229e-03 2.14513123e-04 1.16883284e-03
 2.50000000e-03 2.50000000e-03 8.05857888e-04 2.50000000e-03
 2.50000000e-03 1.18894657e-03 2.50000000e-03 8.92286141e-04
 2.50000000e-03 2.50000000e-03 2.50000000e-03 2.50000000e-03
 2.50000000e-03 1.62325721e-03 1.13587537e-03 2.50000000e-03
 1.26097566e-03 2.50000000e-03 8.36478377e-04 2.50000000e-03
 2.50000000e-03 1.17826034e-03 2.50000000e-03 2.50000000e-03
 1.79517361e-03 2.50000000e-03 2.50000000e-03 2.50000000e-03
 2.50000000e-03 2.06269540e-03 2.50000000e-03 2.50000000e-03
 2.50000000e-03 2.50000000e-03 1.00409250e-03 1.45488633e-03
 5.69499218e-04 2.50000000e-03 2.50000000e-03 1.56821243e-03
 2.50000000e-03 1.96209896e-05 2.50000000e-03 2.50000000e-03
 2.50000000e-03 2.50000000e-03]","[1.e-05 1.e-05 1.e-05 1.e-05 1.e-05 1.e-05 1.e-05 1.e-05 1.e-05 1.e-05
 1.e-05 1.e-05 1.e-05 1.e-05 1.e-05 1.e-05 1.e-05 1.e-05 1.e-05 1.e-05
 1.e-05 1.e-05 1.e-05 1.e-05 1.e-05 1.e-05 1.e-05 1.e-05 1.e-05 1.e-05
 1.e-05 1.e-05 1.e-05 1.e-05 1.e-05 1.e-05 1.e-05 1.e-05 1.e-05 1.e-05
 1.e-05 1.e-05 1.e-05 1.e-05 1.e-05 1.e-05 1.e-05 1.e-05 1.e-05 1.e-05]","[0.01847939 0.02929529 0.02962283 0.03078012 0.02543283 0.01589597
 0.03198419 0.01955536 0.02947594 0.02158834 0.03515043 0.02590657
 0.02722523 0.0158383  0.04500388 0.02218427 0.03198523 0.02602216
 0.02896621 0.0257769  0.02784741 0.0341634  0.03537966 0.02141165
 0.02791099 0.03281384 0.01590442 0.02326075 0.0382633  0.03285163
 0.01510133 0.03372141 0.01787535 0.02434343 0.03681092 0.02932671
 0.03954177 0.03410573 0.02525955 0.03223174 0.0303649  0.02169409
 0.0237931  0.02878477 0.01704666 0.04500772 0.03033693 0.02686681
 0.01983255 0.0243025 ]","[0.15423314 0.16537133 0.17651108 0.15660902 0.15211174 0.14805086
 0.16300705 0.17394179 0.15123439 0.15853291 0.13888579 0.14922173
 0.15623132 0.15671782 0.14964992 0.16059521 0.14696196 0.16127049
 0.16382397 0.16366586 0.13362072 0.16187334 0.15988086 0.14843359
 0.15495448 0.16457461 0.15351545 0.1507591  0.13018871 0.16275428
 0.14391063 0.14515916 0.16473033 0.15685274 0.12922396 0.14797797
 0.1404071  0.1360839  0.15843238 0.1541582  0.15195392 0.16406751
 0.13691893 0.13865967 0.1659286  0.1392031  0.13908787 0.15142791
 0.14444684 0.13707449]","[4.95999588e-01 6.33204199e-02 5.86027104e-02 4.42708457e-02
 1.47841802e-01 6.86853502e-01 3.26923202e-02 4.23456699e-01
 6.06798106e-02 3.04518089e-01 1.39355121e-02 1.34105318e-01
 1.01251486e-01 6.91182438e-01 5.86686185e-04 2.74498350e-01
 3.26836121e-02 1.30915903e-01 6.83833086e-02 1.37758013e-01
 8.82475600e-02 1.83361571e-02 1.30604820e-02 3.13844880e-01
 8.70013524e-02 2.63501241e-02 6.86218982e-01 2.25806969e-01
 5.57230223e-03 2.60891475e-02 7.45792978e-01 2.06814173e-02
 5.39097511e-01 1.83724548e-01 8.62916323e-03 6.28541370e-02
 3.73909451e-03 1.86280338e-02 1.53140390e-01 3.06725441e-02
 4.90178814e-02 2.99029573e-01 2.04280180e-01 7.13194803e-02
 6.00240082e-01 5.85875007e-04 4.93528904e-02 1.09440595e-01
 4.05777829e-01 1.85195553e-01]","[5.19619317e-42 2.86620838e-48 5.63187907e-55 2.61898890e-43
 7.19681001e-41 9.93529788e-39 6.65396915e-47 2.17423147e-53
 2.11103538e-40 2.25204442e-44 4.07684017e-34 2.43335079e-39
 4.22436901e-43 2.28153896e-43 1.45058544e-39 1.56886604e-45
 3.63897595e-38 6.50754885e-46 2.25658847e-47 2.78313543e-47
 1.33327969e-31 2.95699358e-46 3.96352339e-45 6.28068816e-39
 2.10802463e-42 8.31386429e-48 1.26956254e-41 3.77163417e-40
 5.13950932e-30 9.28768482e-47 1.31305215e-36 3.05558204e-37
 6.75436990e-48 1.92257369e-43 1.40999051e-29 1.08405328e-38
 7.33416369e-35 9.13693263e-33 2.56204999e-44 5.70537828e-42
 8.73800336e-41 1.63296957e-47 3.64127196e-33 5.25231343e-34
 1.35661957e-48 2.85510204e-34 3.24967989e-34 1.66588280e-40
 7.03117735e-37 3.06579044e-33]","[ 2.74181366e-06  2.66551971e-04  6.29544258e-04  3.38435173e-04
 -4.29153442e-06  3.26633453e-05 -1.33156776e-04 -1.29818916e-04
 -6.91413879e-05 -7.06911087e-05 -3.87430191e-05  4.23192978e-05
 -9.60826874e-05 -4.51803207e-05  1.03390217e-03 -1.86920166e-04
  2.56896019e-04 -2.07424164e-05 -1.02519989e-05  1.27792358e-04
  6.42538071e-05  5.88893890e-05  3.79323959e-04  1.87993050e-04
  8.74996185e-05  2.42590904e-04 -3.26633453e-05  4.05311584e-05
  2.01344490e-04 -4.56571579e-05 -1.73807144e-04  6.53862953e-04
  1.44243240e-05 -2.16960907e-05  3.84807587e-04 -8.46385956e-05
  1.37925148e-04 -2.80141830e-05 -1.68085098e-04  6.35862350e-04
  2.35319138e-04 -1.24454498e-04  8.13722610e-04  1.26361847e-05
 -1.76310539e-04  2.92301178e-04  1.23977661e-05  5.82933426e-05
 -1.53422356e-04  2.56061554e-04]","[0.01513684 0.02173233 0.02448642 0.01492059 0.01704407 0.01446998
 0.01454115 0.02128386 0.01417887 0.01631784 0.01499617 0.01350534
 0.01781356 0.01978195 0.01261723 0.01688898 0.01236951 0.01599252
 0.0187794  0.01504779 0.01536345 0.01785898 0.0146271  0.01293898
 0.0158267  0.01757014 0.01357043 0.01436615 0.01280177 0.01501465
 0.01306129 0.01072454 0.01947808 0.0150882  0.01131356 0.01492155
 0.01537383 0.01358628 0.01648974 0.0122968  0.01391852 0.01617515
 0.01462412 0.01371467 0.01918936 0.01296592 0.01247072 0.01930022
 0.01417136 0.01101804]","[0.01226662 0.01431896 0.01945511 0.01767607 0.01282429 0.01268785
 0.00852532 0.00802942 0.01003295 0.00930985 0.00889866 0.01244042
 0.00939975 0.00998402 0.02538859 0.00718034 0.0158936  0.01194609
 0.0105697  0.01519082 0.01248807 0.01363559 0.01808426 0.01385027
 0.01287565 0.01551683 0.01049509 0.01180034 0.01436818 0.01138559
 0.00634474 0.02092107 0.01256449 0.01008876 0.01763146 0.01031611
 0.01278492 0.01103102 0.00678739 0.02052265 0.01563474 0.00920431
 0.0226146  0.01246144 0.0064084  0.01880667 0.01186792 0.01253178
 0.00737045 0.01492019]","[0.09088321 0.10872185 0.11380229 0.0892558  0.09736293 0.09086782
 0.09181484 0.10842262 0.09051836 0.09687358 0.09151951 0.08742612
 0.10081479 0.10319859 0.08031874 0.095613   0.08229067 0.09354033
 0.10187521 0.09056211 0.09015826 0.09988113 0.08704777 0.08624826
 0.09519403 0.09848922 0.08914571 0.08926498 0.08455126 0.09417059
 0.08423298 0.07723069 0.10330145 0.0912445  0.08125571 0.09108456
 0.09134826 0.08724163 0.09780708 0.08376829 0.08877457 0.09557411
 0.0856066  0.08903881 0.10300961 0.08482079 0.08257966 0.10482475
 0.08879779 0.08143921]",0.46438589014056497,4.272572225186939e-14,0.29575245081864554,2.6993939380549816e-13,0.45425509898385136,5.980112960379814e-10,0.3082174952200862,6.191483234101042e-10,0.002014017325657443,1e-05,0.0007230401093611587,0.0,0.02764648905396462,0.15225775465011598,0.007126946105327612,0.010995290850209203,0.00011374235153198242,0.015434494018554687,0.0002641546949029045,0.0028249153935687526,0.01294662791026359,0.09225629291706319,0.004235672740544295,0.00796941565211163
df1,0.75,0.0,0.75,"[0.3490397  0.66552932 0.17249627 0.41323244 0.45963725 0.41323244
 0.39108739 0.48382277 0.32916807 0.90235528 0.90235528 0.55967522
 0.90235528 0.43609338 0.25747545 0.63886042 0.91946676 0.61225166
 0.02410401 0.12937218 0.61225166 0.91946676 0.00895146 0.27423335
 0.21173982 0.19796045 0.58582128 0.81875363 0.10315938 0.71851426
 0.07520917 0.25747545 0.91946676 0.3490397  0.50859953 0.8633028
 0.18488568 0.24148215 0.71851426 0.25747545 0.09546732 0.3490397
 0.19796045 0.02410401 0.21173982 0.07520917 0.25747545 0.25747545
 0.71851426 0.41323244]","[1.82724155e-27 6.83217462e-23 2.94303610e-17 1.51487883e-26
 7.13959478e-29 3.03881495e-18 5.13913233e-17 2.54904105e-24
 6.91059303e-24 1.79605588e-22 3.40355762e-22 9.43897459e-23
 5.30299497e-19 6.78067547e-17 2.66308246e-20 2.25989398e-21
 6.83217462e-23 4.30155538e-26 1.20365650e-19 2.14737506e-26
 3.55797286e-24 3.08714081e-21 2.03413945e-16 1.64503886e-29
 1.70487812e-25 4.21288896e-21 3.60824945e-20 1.21017203e-25
 1.51487883e-26 1.20365650e-19 1.82724155e-27 1.33672873e-23
 7.84899525e-16 1.27976799e-27 8.92004797e-20 4.30155538e-26
 4.67812431e-22 7.82155399e-21 2.47371214e-22 9.31581113e-25
 6.25831333e-28 1.02784044e-28 1.33672873e-23 7.11203305e-19
 1.22979552e-32 9.53441021e-18 6.91059303e-24 6.91059303e-24
 6.83217462e-23 1.64503886e-29]","[0.3490397  0.66552932 0.17249627 0.41323244 0.45963725 0.41323244
 0.39108739 0.48382277 0.32916807 0.90235528 0.90235528 0.55967522
 0.90235528 0.43609338 0.25747545 0.63886042 0.91946676 0.61225166
 0.02410401 0.12937218 0.61225166 0.91946676 0.00895146 0.27423335
 0.21173982 0.19796045 0.58582128 0.81875363 0.10315938 0.71851426
 0.07520917 0.25747545 0.91946676 0.3490397  0.50859953 0.8633028
 0.18488568 0.24148215 0.71851426 0.25747545 0.09546732 0.3490397
 0.19796045 0.02410401 0.21173982 0.07520917 0.25747545 0.25747545
 0.71851426 0.41323244]","[1.82724155e-27 6.83217462e-23 2.94303610e-17 1.51487883e-26
 7.13959478e-29 3.03881495e-18 5.13913233e-17 2.54904105e-24
 6.91059303e-24 1.79605588e-22 3.40355762e-22 9.43897459e-23
 5.30299497e-19 6.78067547e-17 2.66308246e-20 2.25989398e-21
 6.83217462e-23 4.30155538e-26 1.20365650e-19 2.14737506e-26
 3.55797286e-24 3.08714081e-21 2.03413945e-16 1.64503886e-29
 1.70487812e-25 4.21288896e-21 3.60824945e-20 1.21017203e-25
 1.51487883e-26 1.20365650e-19 1.82724155e-27 1.33672873e-23
 7.84899525e-16 1.27976799e-27 8.92004797e-20 4.30155538e-26
 4.67812431e-22 7.82155399e-21 2.47371214e-22 9.31581113e-25
 6.25831333e-28 1.02784044e-28 1.33672873e-23 7.11203305e-19
 1.22979552e-32 9.53441021e-18 6.91059303e-24 6.91059303e-24
 6.83217462e-23 1.64503886e-29]","[0.43228325 0.76813107 0.11920185 0.42384633 0.31968535 0.2509041
 0.19582698 0.42883352 0.24943353 0.88272056 0.91969778 0.60159345
 0.92620756 0.44959537 0.29023263 0.38651103 0.89237792 0.47507669
 0.02214022 0.05716549 0.31142702 0.91533991 0.00277681 0.19646952
 0.25527082 0.14121739 0.57366896 0.75773059 0.08175016 0.71213012
 0.05669272 0.22324939 0.83378324 0.47596317 0.62289409 0.82756653
 0.21654148 0.27110554 0.57630284 0.36796271 0.22342646 0.23445174
 0.22661311 0.00599786 0.08064491 0.11091259 0.20316019 0.18832841
 0.74899759 0.37797183]","[6.58684884e-10 1.50277013e-10 4.24471569e-11 2.45321985e-10
 1.43027679e-09 1.91214822e-11 6.54876597e-10 2.45494736e-09
 2.10687578e-10 2.90165258e-09 5.89337801e-10 1.86878069e-10
 3.53783558e-10 1.16363807e-10 1.60181868e-10 1.33516087e-10
 7.19226567e-10 1.62507785e-10 1.07323150e-10 2.21078933e-10
 4.17425206e-10 1.30210664e-09 6.27721097e-10 5.60682611e-10
 3.04852033e-10 2.54920318e-09 1.37479916e-10 5.05305353e-10
 7.82012122e-10 5.75511194e-10 5.63453950e-10 3.70440478e-09
 1.34771549e-09 3.93270949e-09 1.01750086e-09 2.71519274e-09
 2.04127382e-10 4.63556304e-10 2.58376287e-09 3.09241632e-10
 2.92885227e-09 4.21454471e-09 9.63810920e-10 2.40575337e-10
 7.53217488e-10 8.18024981e-10 2.24946428e-09 1.56784719e-09
 6.84106771e-10 8.92339536e-10]","[2.50000000e-03 2.50000000e-03 7.98411423e-04 2.50000000e-03
 2.50000000e-03 1.90246126e-03 1.69608783e-03 2.50000000e-03
 2.50000000e-03 2.50000000e-03 2.50000000e-03 2.50000000e-03
 2.50000000e-03 2.50000000e-03 2.00262715e-03 2.50000000e-03
 2.50000000e-03 2.50000000e-03 2.38941141e-04 3.91188906e-04
 2.50000000e-03 2.50000000e-03 2.09799772e-05 2.06531427e-03
 2.50000000e-03 1.08576169e-03 2.50000000e-03 2.50000000e-03
 6.98004209e-04 2.50000000e-03 3.68179031e-04 1.86322882e-03
 2.50000000e-03 2.50000000e-03 2.50000000e-03 2.50000000e-03
 2.26480471e-03 2.50000000e-03 2.50000000e-03 2.50000000e-03
 2.14406459e-03 1.88733467e-03 1.34891714e-03 6.51850452e-05
 7.43892157e-04 9.34473340e-04 7.82301521e-04 2.10515274e-03
 2.50000000e-03 2.50000000e-03]","[1.e-05 1.e-05 1.e-05 1.e-05 1.e-05 1.e-05 1.e-05 1.e-05 1.e-05 1.e-05
 1.e-05 1.e-05 1.e-05 1.e-05 1.e-05 1.e-05 1.e-05 1.e-05 1.e-05 1.e-05
 1.e-05 1.e-05 1.e-05 1.e-05 1.e-05 1.e-05 1.e-05 1.e-05 1.e-05 1.e-05
 1.e-05 1.e-05 1.e-05 1.e-05 1.e-05 1.e-05 1.e-05 1.e-05 1.e-05 1.e-05
 1.e-05 1.e-05 1.e-05 1.e-05 1.e-05 1.e-05 1.e-05 1.e-05 1.e-05 1.e-05]","[0.01670628 0.02884962 0.03915222 0.02518703 0.01763828 0.03429954
 0.03088193 0.0229858  0.0280362  0.02651734 0.01983731 0.03156572
 0.0271198  0.02657174 0.03391571 0.02407551 0.02338053 0.03154128
 0.04364965 0.02436102 0.01871199 0.01616845 0.03307272 0.033953
 0.03403537 0.0249054  0.02899353 0.02392684 0.03077632 0.02516668
 0.03113637 0.02853582 0.0327303  0.02883999 0.02367849 0.02114428
 0.02486602 0.03883974 0.02460632 0.03279346 0.02593889 0.04654461
 0.02725474 0.03821627 0.02660417 0.04648912 0.03539527 0.0233345
 0.02473449 0.02781865]","[0.17119779 0.17363574 0.14195938 0.1797174  0.17247932 0.1514345
 0.1505184  0.16885567 0.16747545 0.16212872 0.16583261 0.1526575
 0.14846631 0.15752664 0.15887169 0.15417784 0.15989188 0.18382874
 0.14942144 0.16970148 0.16055918 0.17185731 0.15592855 0.18982312
 0.1721862  0.14829194 0.15650211 0.16921396 0.16068736 0.16580761
 0.16528598 0.16460864 0.15391405 0.17707497 0.16311727 0.17145932
 0.16029476 0.152647   0.17526953 0.1575085  0.17422621 0.16622957
 0.15349032 0.16317787 0.18183561 0.14428095 0.16123328 0.16442414
 0.16073514 0.16704403]","[6.25790036e-01 7.02579940e-02 4.22828198e-03 1.55402571e-01
 5.56387793e-01 1.76632526e-02 4.31698110e-02 2.37577378e-01
 8.45901894e-02 1.17944243e-01 4.05477927e-01 3.63730950e-02
 1.03605670e-01 1.16585941e-01 1.96194099e-02 1.93520173e-01
 2.20819454e-01 3.65987951e-02 9.49553664e-04 1.83095242e-01
 4.79824465e-01 6.66343858e-01 2.46074125e-02 1.94212341e-02
 1.89897699e-02 1.64442243e-01 6.79503832e-02 1.99128402e-01
 4.43124717e-02 1.56042009e-01 4.05214715e-02 7.55218633e-02
 2.69353658e-02 7.04148410e-02 2.08775969e-01 3.28329729e-01
 1.65738906e-01 4.66245699e-03 1.74494432e-01 2.64918500e-02
 1.33207258e-01 3.33216071e-04 1.00600656e-01 5.65326968e-03
 1.15782341e-01 3.40187975e-04 1.30027202e-02 2.22726260e-01
 1.70128664e-01 8.88160696e-02]","[1.01265523e-51 3.34743155e-53 1.24938288e-35 5.45810935e-57
 1.69736905e-52 1.65249261e-40 5.05655928e-40 2.55721949e-50
 1.67831601e-49 2.11513253e-46 1.54344698e-48 3.67304031e-41
 6.03882594e-39 8.15765903e-44 1.45735913e-44 5.56731666e-42
 3.90737332e-45 1.26022511e-59 1.91205243e-39 8.01019572e-51
 1.64410079e-45 4.04583557e-52 6.19200013e-43 1.39969482e-63
 2.55692035e-52 7.44354675e-39 2.99887120e-43 1.56506305e-50
 1.39165400e-45 1.59618924e-48 3.21341719e-48 7.94497398e-48
 7.73406848e-42 2.50741395e-55 5.75255320e-47 7.04120391e-52
 2.31789884e-45 3.72098641e-41 3.31401194e-54 8.34844294e-44
 1.45493396e-53 9.04791634e-49 1.30980584e-41 5.30982638e-47
 2.43393294e-58 8.53214809e-37 6.83153600e-46 1.01600066e-47
 1.30776157e-45 3.01208724e-49]","[-1.57713890e-04  4.62532043e-05  3.89933586e-04  1.49130821e-04
 -4.83989716e-05  1.56760216e-04  3.67403030e-04 -6.46114349e-05
  1.28865242e-04 -1.18613243e-04  1.88350677e-05 -1.14679337e-04
 -5.78165054e-05  5.72204590e-06  9.26256180e-05 -1.23977661e-05
  1.30891800e-04  3.83496284e-04  3.95774841e-04 -5.23328781e-05
  2.58684158e-05  1.12652779e-04  1.06930733e-04 -7.11679459e-05
  1.77621841e-04 -1.63078308e-04 -7.20024109e-05 -1.00374222e-04
  1.02400780e-04 -1.62243843e-04 -2.19345093e-05 -1.35064125e-04
 -4.73260880e-05  1.34706497e-05 -7.86781311e-06  1.09195709e-04
 -1.13844872e-04  1.26242638e-04 -6.90221786e-05  2.39014626e-04
 -1.56998634e-04  4.38690186e-04  1.31487846e-04 -1.77860260e-04
 -4.20808792e-05 -1.54972076e-05  1.50167942e-03  4.85181808e-05
 -9.28640366e-05 -1.63793564e-04]","[0.01988375 0.02130234 0.01460922 0.02405274 0.02068162 0.01515412
 0.0135814  0.0191021  0.01501334 0.01970124 0.0227859  0.01819766
 0.01690269 0.01775765 0.01984799 0.01714551 0.01557696 0.02339506
 0.01662624 0.01756895 0.02381277 0.01546478 0.01695395 0.02125168
 0.01706672 0.01525629 0.01848316 0.0181942  0.02162111 0.01646829
 0.01825893 0.01929712 0.0184449  0.02014565 0.02052605 0.01759493
 0.01800132 0.01589823 0.01765382 0.0149771  0.01723492 0.0184356
 0.01668656 0.02202868 0.022771   0.01862085 0.01346517 0.02055657
 0.01917779 0.02108049]","[0.00774482 0.01287077 0.01693508 0.0153452  0.01113626 0.01396036
 0.02113296 0.01189243 0.01448065 0.00912428 0.01138818 0.01046763
 0.01066019 0.0130738  0.01368254 0.01073742 0.01386355 0.01729906
 0.01722704 0.01061471 0.0124342  0.0134286  0.01380329 0.01086522
 0.01441103 0.00803473 0.01197677 0.00959254 0.01510399 0.00779679
 0.01014781 0.00847126 0.01138197 0.01319695 0.01125958 0.01295776
 0.00885417 0.01245813 0.01056203 0.01733414 0.00709011 0.01749488
 0.01406618 0.00758086 0.01096004 0.01138246 0.02843401 0.0121964
 0.00852596 0.00761163]","[0.10510816 0.10686409 0.09102844 0.11696818 0.10578519 0.08996878
 0.0844734  0.1020782  0.09121197 0.10412908 0.11328008 0.10107655
 0.09808824 0.10260746 0.10845269 0.10108451 0.09636761 0.11324953
 0.09798685 0.09948909 0.11629879 0.09395041 0.09806487 0.10952013
 0.09813391 0.09487117 0.10285727 0.10034048 0.11267808 0.09592517
 0.10193482 0.10513557 0.10182234 0.10573314 0.10497083 0.10101702
 0.1017014  0.09368359 0.09764973 0.09198049 0.09541726 0.10032548
 0.09391464 0.1136039  0.110936   0.10296577 0.08538761 0.10739994
 0.10515745 0.10912373]",0.4277626321453075,2.302336505754792e-17,0.27679859090081993,1.130616350199221e-16,0.3982362478911064,1.028704788019752e-09,0.2779923552456465,1.0975612505815374e-09,0.001958146232424915,1e-05,0.0008001132171378671,0.0,0.02870968674123287,0.16336985985279084,0.006861665213849384,0.010311784186442607,6.319761276245117e-05,0.0184863018989563,0.00025970827370729466,0.0026330512269075847,0.012461007764208696,0.10163598223559521,0.003792900901100205,0.007485515077742723
df1,0.8,0.0,0.8,"[0.31007573 0.55967522 0.04542867 0.50859953 0.29176485 0.50859953
 0.77002924 0.08825991 0.3490397  0.93482727 0.19796045 0.74453538
 0.88359176 0.84163603 0.21173982 0.25747545 0.21173982 0.1200888
 0.45963725 0.08151459 0.53390728 0.84163603 0.43609338 0.66552932
 0.61225166 0.03809482 0.45963725 0.53390728 0.69212796 0.88359176
 0.66552932 0.43609338 0.41323244 0.02903392 0.53390728 0.48382277
 0.11135888 0.88359176 0.48382277 0.10315938 0.94837208 0.31007573
 0.139232   0.97808957 0.03181713 0.77002924 0.84163603 0.24148215
 0.16077182 0.81875363]","[4.73751051e-25 9.31581113e-25 3.56590826e-34 1.64503886e-29
 4.58740572e-16 1.51487883e-26 3.37322101e-25 6.60370667e-20
 4.30155538e-26 1.96348850e-20 1.21017203e-25 6.83217462e-23
 2.57505865e-23 8.58131384e-26 4.95418960e-29 9.61617488e-24
 2.33262567e-14 5.69539852e-31 9.61617488e-24 1.30432533e-24
 1.79605588e-22 1.06757971e-26 6.42340318e-22 6.60370667e-20
 4.96114708e-24 8.31031105e-31 2.25989398e-21 2.12365474e-28
 3.37322101e-25 7.84752977e-30 8.58131384e-26 2.12365474e-28
 3.81363460e-33 1.62253462e-19 1.76381982e-30 2.56565447e-30
 3.95007214e-19 9.43897459e-23 1.81313081e-32 9.50443824e-36
 6.91059303e-24 6.07873598e-26 1.33672873e-23 3.55797286e-24
 1.06410050e-20 2.54904105e-24 4.96114708e-24 1.30270202e-22
 2.39934411e-25 3.56853685e-23]","[0.31007573 0.55967522 0.04542867 0.50859953 0.29176485 0.50859953
 0.77002924 0.08825991 0.3490397  0.93482727 0.19796045 0.74453538
 0.88359176 0.84163603 0.21173982 0.25747545 0.21173982 0.1200888
 0.45963725 0.08151459 0.53390728 0.84163603 0.43609338 0.66552932
 0.61225166 0.03809482 0.45963725 0.53390728 0.69212796 0.88359176
 0.66552932 0.43609338 0.41323244 0.02903392 0.53390728 0.48382277
 0.11135888 0.88359176 0.48382277 0.10315938 0.94837208 0.31007573
 0.139232   0.97808957 0.03181713 0.77002924 0.84163603 0.24148215
 0.16077182 0.81875363]","[4.73751051e-25 9.31581113e-25 3.56590826e-34 1.64503886e-29
 4.58740572e-16 1.51487883e-26 3.37322101e-25 6.60370667e-20
 4.30155538e-26 1.96348850e-20 1.21017203e-25 6.83217462e-23
 2.57505865e-23 8.58131384e-26 4.95418960e-29 9.61617488e-24
 2.33262567e-14 5.69539852e-31 9.61617488e-24 1.30432533e-24
 1.79605588e-22 1.06757971e-26 6.42340318e-22 6.60370667e-20
 4.96114708e-24 8.31031105e-31 2.25989398e-21 2.12365474e-28
 3.37322101e-25 7.84752977e-30 8.58131384e-26 2.12365474e-28
 3.81363460e-33 1.62253462e-19 1.76381982e-30 2.56565447e-30
 3.95007214e-19 9.43897459e-23 1.81313081e-32 9.50443824e-36
 6.91059303e-24 6.07873598e-26 1.33672873e-23 3.55797286e-24
 1.06410050e-20 2.54904105e-24 4.96114708e-24 1.30270202e-22
 2.39934411e-25 3.56853685e-23]","[0.39537164 0.3634141  0.11737999 0.56273868 0.19725901 0.45906409
 0.738877   0.04314606 0.29928567 0.89286782 0.41096933 0.76888542
 0.77363511 0.83957057 0.25261912 0.1838234  0.07919212 0.19313222
 0.33924837 0.08538384 0.28607441 0.71905029 0.36768978 0.70174533
 0.47846013 0.0590084  0.46922945 0.38174402 0.75374573 0.73323282
 0.50638884 0.68095158 0.37438018 0.00915786 0.61741652 0.33134686
 0.151491   0.83784247 0.34607547 0.12488127 0.93527718 0.2205437
 0.05674988 0.93745225 0.03260336 0.67400318 0.89152617 0.11797313
 0.18696316 0.8721583 ]","[1.62572955e-10 2.87458723e-09 7.91564703e-10 9.48757517e-10
 1.36971412e-09 1.30397315e-09 5.34202571e-10 1.52565960e-10
 4.01575795e-09 1.27757027e-10 2.17122209e-10 5.14627896e-10
 7.11933845e-10 1.98310035e-10 2.77533174e-09 3.42957662e-10
 8.80962747e-10 4.02034739e-10 2.15405649e-09 2.69072709e-09
 5.80348325e-10 1.49113166e-09 1.68594405e-09 2.13741469e-10
 1.97025241e-09 2.48217435e-09 2.65255373e-10 2.28641150e-09
 5.50712254e-10 3.85495014e-09 6.49976739e-10 4.10661505e-10
 6.18083673e-09 3.49760110e-10 3.65906638e-10 3.67715691e-09
 4.65171235e-11 1.48792090e-10 7.24013516e-10 7.20068782e-10
 2.85698798e-10 2.37705855e-10 3.08343950e-09 2.18491569e-09
 3.75307785e-10 1.69424941e-09 3.07787851e-09 3.53713281e-10
 1.55681479e-09 2.17534257e-09]","[2.50000000e-03 2.50000000e-03 1.02054269e-03 2.50000000e-03
 1.68895405e-03 2.50000000e-03 2.50000000e-03 4.53099356e-04
 2.50000000e-03 2.50000000e-03 2.50000000e-03 2.50000000e-03
 2.50000000e-03 2.50000000e-03 2.50000000e-03 1.23001736e-03
 7.98497875e-04 1.39810727e-03 2.50000000e-03 1.01718491e-03
 1.19092682e-03 2.50000000e-03 2.16154692e-03 2.50000000e-03
 2.50000000e-03 7.08620004e-04 2.50000000e-03 2.50000000e-03
 2.50000000e-03 2.50000000e-03 2.50000000e-03 2.50000000e-03
 2.50000000e-03 5.80499318e-05 2.50000000e-03 2.50000000e-03
 1.25290010e-03 2.50000000e-03 2.50000000e-03 1.83194991e-03
 2.50000000e-03 1.16139733e-03 2.02008372e-04 2.50000000e-03
 4.12900497e-04 2.50000000e-03 2.50000000e-03 8.03037283e-04
 2.01457508e-03 2.50000000e-03]","[1.e-05 1.e-05 1.e-05 1.e-05 1.e-05 1.e-05 1.e-05 1.e-05 1.e-05 1.e-05
 1.e-05 1.e-05 1.e-05 1.e-05 1.e-05 1.e-05 1.e-05 1.e-05 1.e-05 1.e-05
 1.e-05 1.e-05 1.e-05 1.e-05 1.e-05 1.e-05 1.e-05 1.e-05 1.e-05 1.e-05
 1.e-05 1.e-05 1.e-05 1.e-05 1.e-05 1.e-05 1.e-05 1.e-05 1.e-05 1.e-05
 1.e-05 1.e-05 1.e-05 1.e-05 1.e-05 1.e-05 1.e-05 1.e-05 1.e-05 1.e-05]","[0.03045954 0.0360741  0.03867432 0.02334961 0.03189166 0.03214938
 0.03909945 0.05104311 0.03047127 0.02284233 0.02156573 0.03277281
 0.0197735  0.0216994  0.02353657 0.02283681 0.03467262 0.03059822
 0.03247221 0.0405794  0.03346689 0.02821595 0.02770583 0.02452091
 0.03858619 0.02900233 0.02942887 0.01856501 0.04144249 0.02348115
 0.01626545 0.0157963  0.02834859 0.02270435 0.02453308 0.02542969
 0.03551268 0.01949024 0.030793   0.0293878  0.03318734 0.03350725
 0.05886794 0.02064328 0.04306236 0.03077303 0.02578824 0.02903504
 0.04668399 0.03151495]","[0.17023177 0.17364585 0.19719855 0.18992683 0.16086581 0.17500253
 0.16489425 0.16615729 0.16808926 0.1694548  0.17971328 0.16733588
 0.1706663  0.17788043 0.17102866 0.17187424 0.14881732 0.17534439
 0.17347599 0.17067259 0.16324346 0.18053875 0.17195124 0.17486032
 0.16965104 0.18190414 0.15961215 0.18750226 0.17173887 0.18157364
 0.16991905 0.18306323 0.19977812 0.17041847 0.18350759 0.1778599
 0.16882544 0.17345453 0.18554696 0.20209132 0.17947451 0.16226361
 0.15408066 0.16860731 0.16834686 0.17344989 0.17467983 0.16929036
 0.15989682 0.15956037]","[4.78988146e-02 1.07033321e-02 4.90851595e-03 2.22098937e-01
 3.34767614e-02 3.13319798e-02 4.29889123e-03 5.72897556e-05
 4.77616633e-02 2.43899029e-01 3.05700862e-01 2.66361230e-02
 4.09507004e-01 2.98755680e-01 2.14448239e-01 2.44144457e-01
 1.59309854e-02 4.62989681e-02 2.88164886e-02 2.67890085e-03
 2.21499837e-02 8.12274708e-02 9.10765523e-02 1.77452133e-01
 5.04441916e-03 6.78112849e-02 6.13586362e-02 4.90016707e-01
 2.01673419e-03 2.16694930e-01 6.59028730e-01 6.94332282e-01
 7.88188387e-02 2.50095521e-01 1.77028401e-01 1.47936403e-01
 1.25756607e-02 4.27672755e-01 4.41302163e-02 6.19561083e-02
 2.38690640e-02 2.19110567e-02 1.81935302e-06 3.56669596e-01
 1.16471392e-03 4.43483903e-02 1.37435376e-01 6.72967348e-02
 3.16296096e-04 3.68434388e-02]","[3.85700995e-51 3.30009937e-53 1.26063447e-68 1.19252602e-63
 1.10316318e-45 4.84342295e-54 5.42656091e-48 9.97287908e-49
 7.28351242e-50 1.12444635e-50 5.49105661e-57 2.02823802e-49
 2.11554445e-51 7.85687189e-56 1.28053838e-51 3.95145499e-52
 3.96083603e-39 2.97923145e-54 4.19177979e-53 2.09720124e-51
 4.86879470e-47 1.64143080e-57 3.54920870e-52 5.92679652e-54
 8.58574784e-51 2.19958130e-58 5.61056981e-45 4.92730942e-62
 4.77179253e-52 3.58300545e-58 5.93665158e-51 3.94475674e-59
 1.94502870e-70 2.98037179e-51 2.03522546e-59 8.09318848e-56
 2.66526029e-50 4.32031992e-53 9.55750189e-61 4.40132829e-72
 7.77832647e-57 1.77166512e-46 6.28442935e-42 3.59176176e-50
 5.12614816e-50 4.34865321e-53 7.65563434e-54 1.40929142e-50
 3.88248088e-45 5.99878041e-45]","[ 1.71542168e-04  2.08258629e-04  3.32474709e-04  6.07967377e-05
  2.31742859e-04  2.34007835e-04  4.51803207e-05  6.09397888e-04
  1.26838684e-04 -1.39713287e-04 -2.14576721e-06  2.33292580e-04
 -1.36733055e-04 -3.37362289e-05  2.66075134e-04 -1.25408173e-04
 -1.17897987e-04  1.26361847e-05  5.42283058e-04  3.83257866e-04
  4.78267670e-04  1.81078911e-04  3.86595726e-04  3.07559967e-05
  5.91039658e-04  1.25169754e-05  1.63793564e-04  2.54750252e-04
  4.92095947e-04  3.41296196e-04 -1.44481659e-04 -1.65820122e-04
 -1.22785568e-05 -1.32799149e-04 -1.84774399e-05 -1.03712082e-05
  3.29375267e-04  1.53541565e-04  3.48210335e-04  5.02467155e-04
 -3.51667404e-05  5.96404076e-04  6.22510910e-04  2.56299973e-04
  6.66737556e-04  6.19888306e-05  4.11391258e-04  2.76565552e-05
  9.89556313e-04  6.04748726e-04]","[0.02121854 0.02133596 0.02892804 0.0218761  0.0228256  0.01321912
 0.02029288 0.01750743 0.01938152 0.01745844 0.02256906 0.01892817
 0.01700258 0.02493346 0.01591659 0.02196229 0.01622891 0.02057827
 0.01771212 0.01876938 0.01582932 0.02147508 0.01327729 0.02137923
 0.01924682 0.02197278 0.01727772 0.01966488 0.01527381 0.01893747
 0.01804221 0.02278531 0.02529073 0.02225244 0.0237968  0.02173495
 0.01822698 0.01693094 0.02603483 0.03217578 0.02158594 0.01491058
 0.01958132 0.01577067 0.01563513 0.0251404  0.01815188 0.01908648
 0.01589751 0.01482129]","[0.01300942 0.01502532 0.0177556  0.01313511 0.01544077 0.01728971
 0.01172189 0.01969632 0.01354076 0.00680703 0.01235394 0.01622032
 0.00845585 0.01158081 0.01597338 0.00849179 0.00907947 0.01136223
 0.01937248 0.0183559  0.02147807 0.01518034 0.01838007 0.0132507
 0.01952672 0.01196614 0.01558648 0.01453437 0.01824838 0.01701821
 0.00779346 0.00847282 0.0108377  0.00816593 0.01124607 0.01201079
 0.01630083 0.01488241 0.01582393 0.02193651 0.0125874  0.01997197
 0.02018844 0.01842172 0.02108888 0.01358539 0.01775191 0.01132291
 0.02449277 0.02302913]","[0.10881322 0.1083465  0.12844536 0.11129793 0.11165785 0.08496754
 0.10630742 0.09748351 0.10338696 0.09876419 0.11241976 0.1014149
 0.09759552 0.12064523 0.09393372 0.10984372 0.09530167 0.10622608
 0.09760934 0.10366948 0.09358271 0.10974145 0.08755907 0.10849599
 0.10394471 0.11118983 0.10069897 0.10550449 0.09213911 0.10122597
 0.10250504 0.11110558 0.11745772 0.11079168 0.1141936  0.10738122
 0.10030687 0.09693898 0.12232646 0.13497809 0.11058663 0.09207276
 0.10397166 0.09187812 0.09256099 0.11877111 0.09876551 0.10368926
 0.09546777 0.09088021]",0.46913613982502517,4.75714408365985e-16,0.29072014698639376,3.2649945993390424e-15,0.4370205255220859,1.3369839102495007e-09,0.28594124959093864,1.3095107456370028e-09,0.0019880863150943244,1e-05,0.0007668160874385365,0.0,0.030246045422554026,0.17337933454036716,0.00861048332961521,0.010495463349473167,0.00021771669387817382,0.01981662034988403,0.00026487517796929926,0.003836948651029879,0.014994971341681974,0.10457683006115522,0.004300887682200263,0.010177422753681203
df1,0.8500000000000001,0.0,0.8500000000000001,"[0.27423335 0.12937218 0.39108739 0.43609338 0.01217651 0.61225166
 0.41323244 0.22624166 0.27423335 0.11135888 0.50859953 0.71851426
 0.53390728 0.53390728 0.22624166 0.69212796 0.18488568 0.55967522
 0.88359176 0.31007573 0.55967522 0.19796045 0.31007573 0.07520917
 0.84163603 0.55967522 0.61225166 0.32916807 0.79482654 0.53390728
 0.3490397  0.25747545 0.00725489 0.91946676 0.79482654 0.17249627
 0.71851426 0.1200888  0.93482727 0.58582128 0.18488568 0.07520917
 0.04542867 0.79482654 0.43609338 0.04953464 0.69212796 0.91946676
 0.139232   0.50859953]","[7.84752977e-30 9.31581113e-25 3.55797286e-24 5.64011511e-33
 4.19874897e-36 2.60622931e-27 5.64011511e-33 1.73815304e-33
 6.07873598e-26 5.28569498e-27 1.44619791e-20 7.19492833e-35
 4.80962056e-35 4.67812431e-22 7.84752977e-30 4.36966274e-28
 7.84752977e-30 6.25831333e-28 3.81363460e-33 3.04081795e-26
 4.36966274e-28 1.76381982e-30 1.79605588e-22 1.65262693e-21
 4.73751051e-25 4.95418960e-29 1.82198508e-31 3.92888730e-32
 4.73751051e-25 3.81363460e-33 1.33672873e-23 7.51579753e-27
 3.08714081e-21 1.30270202e-22 3.55797286e-24 5.34786658e-37
 6.91059303e-24 1.21017203e-25 3.04782586e-28 6.42340318e-22
 1.81313081e-32 2.39365688e-34 1.96348850e-20 3.04782586e-28
 1.17161696e-33 4.67812431e-22 1.21132482e-30 1.06757971e-26
 2.66678482e-31 8.33270257e-33]","[0.27423335 0.12937218 0.39108739 0.43609338 0.01217651 0.61225166
 0.41323244 0.22624166 0.27423335 0.11135888 0.50859953 0.71851426
 0.53390728 0.53390728 0.22624166 0.69212796 0.18488568 0.55967522
 0.88359176 0.31007573 0.55967522 0.19796045 0.31007573 0.07520917
 0.84163603 0.55967522 0.61225166 0.32916807 0.79482654 0.53390728
 0.3490397  0.25747545 0.00725489 0.91946676 0.79482654 0.17249627
 0.71851426 0.1200888  0.93482727 0.58582128 0.18488568 0.07520917
 0.04542867 0.79482654 0.43609338 0.04953464 0.69212796 0.91946676
 0.139232   0.50859953]","[7.84752977e-30 9.31581113e-25 3.55797286e-24 5.64011511e-33
 4.19874897e-36 2.60622931e-27 5.64011511e-33 1.73815304e-33
 6.07873598e-26 5.28569498e-27 1.44619791e-20 7.19492833e-35
 4.80962056e-35 4.67812431e-22 7.84752977e-30 4.36966274e-28
 7.84752977e-30 6.25831333e-28 3.81363460e-33 3.04081795e-26
 4.36966274e-28 1.76381982e-30 1.79605588e-22 1.65262693e-21
 4.73751051e-25 4.95418960e-29 1.82198508e-31 3.92888730e-32
 4.73751051e-25 3.81363460e-33 1.33672873e-23 7.51579753e-27
 3.08714081e-21 1.30270202e-22 3.55797286e-24 5.34786658e-37
 6.91059303e-24 1.21017203e-25 3.04782586e-28 6.42340318e-22
 1.81313081e-32 2.39365688e-34 1.96348850e-20 3.04782586e-28
 1.17161696e-33 4.67812431e-22 1.21132482e-30 1.06757971e-26
 2.66678482e-31 8.33270257e-33]","[0.40662047 0.09764611 0.38226985 0.49381293 0.02981989 0.55276806
 0.36698583 0.24762218 0.12361319 0.0927545  0.42404542 0.76581582
 0.44258403 0.36691975 0.25481868 0.6856776  0.24028472 0.40119071
 0.71032543 0.38653877 0.54849896 0.22348897 0.43250893 0.09384424
 0.86234555 0.32211397 0.56583381 0.26437121 0.77806688 0.38974865
 0.37232418 0.56577087 0.01254148 0.87046905 0.6412663  0.10052435
 0.59837832 0.20841968 0.7635023  0.49914593 0.14922948 0.03236511
 0.05770513 0.61014686 0.47124693 0.08329699 0.57676354 0.87827797
 0.24315654 0.52551988]","[2.05143136e-09 5.02939690e-10 1.84030902e-10 3.66313091e-10
 1.99150951e-09 6.23019747e-10 5.16877541e-10 4.85515772e-09
 8.29810443e-10 3.00169778e-10 9.84974324e-11 4.20484980e-10
 9.97173566e-10 3.77621490e-10 3.68836739e-10 4.36307723e-09
 1.80052906e-09 1.99031669e-09 5.92021765e-10 9.15504450e-10
 1.26576749e-09 5.17828724e-09 4.01428779e-10 1.31054279e-10
 4.76643169e-10 1.03762088e-09 2.96131752e-09 5.91389160e-10
 4.21384483e-10 7.13911152e-10 1.26151056e-09 4.20523727e-10
 2.48718690e-09 1.72794556e-10 3.64554675e-09 5.46476209e-09
 4.42687775e-10 4.46198900e-09 6.34963082e-10 3.41842887e-10
 3.01594827e-09 1.18471388e-09 2.87220181e-09 5.19636445e-10
 5.93009586e-09 1.31547118e-09 2.27325758e-09 1.80327087e-10
 1.52975899e-09 6.23248053e-09]","[0.00226154 0.00075513 0.0025     0.0025     0.0003253  0.0025
 0.0025     0.0022329  0.00080404 0.00074586 0.0025     0.0025
 0.0025     0.0025     0.0025     0.0025     0.00174472 0.0025
 0.0025     0.00117993 0.0025     0.00206848 0.00195039 0.00140184
 0.0025     0.0025     0.0025     0.00223329 0.0025     0.0025
 0.0025     0.0025     0.00013281 0.0025     0.0025     0.00105752
 0.0025     0.0025     0.0025     0.0025     0.00185634 0.00031612
 0.00072657 0.0025     0.0025     0.00069758 0.0025     0.0025
 0.00171616 0.0025    ]","[1.e-05 1.e-05 1.e-05 1.e-05 1.e-05 1.e-05 1.e-05 1.e-05 1.e-05 1.e-05
 1.e-05 1.e-05 1.e-05 1.e-05 1.e-05 1.e-05 1.e-05 1.e-05 1.e-05 1.e-05
 1.e-05 1.e-05 1.e-05 1.e-05 1.e-05 1.e-05 1.e-05 1.e-05 1.e-05 1.e-05
 1.e-05 1.e-05 1.e-05 1.e-05 1.e-05 1.e-05 1.e-05 1.e-05 1.e-05 1.e-05
 1.e-05 1.e-05 1.e-05 1.e-05 1.e-05 1.e-05 1.e-05 1.e-05 1.e-05 1.e-05]","[0.02969116 0.03554707 0.03026091 0.03108484 0.02755925 0.02910286
 0.03052138 0.02114223 0.03242083 0.03443831 0.02467653 0.02460851
 0.02497158 0.03111038 0.03383277 0.02473447 0.03696052 0.04594676
 0.03156899 0.02505512 0.02658177 0.03844772 0.02866141 0.02687345
 0.02722088 0.0310828  0.02445634 0.03229908 0.03210645 0.02896117
 0.04707881 0.03367444 0.04586925 0.02880594 0.03449841 0.02529989
 0.02886309 0.04218489 0.02629793 0.01981515 0.03745989 0.03643397
 0.03301373 0.02569798 0.02350285 0.02631856 0.0182454  0.02033873
 0.03306293 0.0297077 ]","[0.18900416 0.18186147 0.16940378 0.18242508 0.19714458 0.16973652
 0.19471608 0.1998821  0.18488346 0.19667217 0.18249234 0.19682264
 0.19827891 0.18264679 0.1786903  0.18548626 0.18110151 0.16883734
 0.19199596 0.19434435 0.18264468 0.18840785 0.18655446 0.17078035
 0.17952361 0.18979813 0.19202977 0.19129059 0.17319205 0.20295478
 0.16020975 0.19442281 0.17196108 0.16712459 0.16766345 0.19998624
 0.1731156  0.18359241 0.17134579 0.17437891 0.19173628 0.20132063
 0.18161879 0.17246183 0.17673168 0.17345469 0.18485037 0.19785433
 0.19070003 0.20060474]","[5.76575635e-02 1.24530061e-02 5.02735465e-02 4.10460785e-02
 9.40850353e-02 6.62406140e-02 4.71795194e-02 3.28442692e-01
 2.92045319e-02 1.70001686e-02 1.72091918e-01 1.74418809e-01
 1.62281230e-01 4.07853865e-02 2.00666178e-02 1.70129532e-01
 8.25550419e-03 4.15948021e-04 3.63429957e-02 1.59585903e-01
 1.16337011e-01 5.26491969e-03 7.33762994e-02 1.09283968e-01
 1.01347828e-01 4.10669744e-02 1.79714375e-01 3.01424342e-02
 3.16806298e-02 6.84635117e-02 2.72654913e-04 2.09457150e-02
 4.27991733e-04 7.09715564e-02 1.67199675e-02 1.51893479e-01
 7.00392806e-02 1.57220724e-03 1.23555599e-01 4.06874773e-01
 7.11224638e-03 9.63971302e-03 2.49952918e-02 1.40020354e-01
 2.15813081e-01 1.23018810e-01 5.12517367e-01 3.74653354e-01
 2.46714283e-02 5.74307355e-02]","[4.94324892e-63 2.34269879e-58 1.20607437e-50 1.01746455e-58
 1.37476856e-68 7.63305258e-51 6.62263336e-67 1.64206274e-70
 2.59506791e-60 2.93273140e-68 9.20902922e-59 2.30439866e-68
 2.21212005e-69 7.32352067e-59 2.43297046e-56 1.04735806e-60
 7.18249897e-58 2.62221039e-50 4.78943712e-65 1.19318527e-66
 7.34652910e-59 1.23446832e-62 2.08237206e-61 1.80655657e-51
 7.24112707e-57 1.45475203e-63 4.54295077e-65 1.43878921e-64
 6.24884426e-53 1.05773102e-72 2.58820422e-45 1.05386593e-66
 3.50081412e-52 2.70080197e-49 1.30012071e-49 1.38580813e-70
 6.95721628e-53 1.79335320e-59 8.24485833e-52 1.17234418e-53
 7.18395581e-65 1.56293923e-71 3.35210618e-58 1.73939633e-52
 4.10496052e-55 4.31932571e-53 2.72737256e-60 4.38876113e-69
 3.60214669e-64 5.04920946e-71]","[-2.50339508e-05  2.84790993e-04  2.68697739e-04  2.07424164e-05
  4.89950180e-05 -2.81333923e-05 -9.56058502e-05 -1.64031982e-04
  2.26497650e-04  8.60095024e-04  3.67164612e-04 -1.00612640e-04
  2.76565552e-04  5.34057617e-05 -1.90734863e-06  8.91685486e-05
  1.39713287e-04  4.18066978e-04  1.04427338e-04 -8.28504562e-05
  6.83069229e-05  4.45127487e-04 -1.05619431e-04  1.41859055e-05
 -8.94069672e-05 -7.36713409e-05 -9.58442688e-05  2.03609467e-04
 -9.98973846e-05  3.30090523e-04  4.12821770e-04  2.68936157e-04
  6.40511513e-04  2.12192535e-05  3.70979309e-04  4.76956367e-04
  4.64916229e-05  4.53114510e-04 -2.38418579e-06  7.08103180e-05
  2.02059746e-04  3.00288200e-04  5.53965569e-04  2.29835510e-04
 -1.71065331e-04 -8.83340836e-05 -1.93357468e-04 -1.18970871e-04
 -1.01923943e-04  1.47223473e-04]","[0.02694035 0.02299309 0.01837993 0.02015889 0.01977599 0.02221334
 0.02434385 0.02810049 0.02586544 0.02508426 0.02400315 0.02571833
 0.02240491 0.02279019 0.02202165 0.02839208 0.0195874  0.02114427
 0.0223161  0.02296281 0.02048945 0.02322733 0.0229944  0.02137101
 0.02656496 0.02281213 0.02447963 0.02387512 0.02346218 0.02891254
 0.01633072 0.02700889 0.01908302 0.02212846 0.01875067 0.03082752
 0.0176239  0.02247274 0.02150536 0.01858544 0.02344477 0.02897596
 0.01768816 0.01869714 0.02048719 0.01987576 0.0235765  0.0225929
 0.0250901  0.02613163]","[0.01094884 0.0165703  0.01750022 0.01231631 0.01323867 0.01010224
 0.00959644 0.00695094 0.01492474 0.02285321 0.01713131 0.00888588
 0.01543409 0.01292915 0.01178417 0.01394291 0.01634425 0.0167036
 0.01272057 0.00993279 0.0121242  0.01807628 0.00885205 0.01132483
 0.0094213  0.01038675 0.01050272 0.01441395 0.00991158 0.01863649
 0.01841628 0.01513286 0.0222006  0.01142499 0.01857658 0.02006941
 0.01336851 0.01611914 0.0116681  0.01233241 0.01642351 0.01563893
 0.01822755 0.01615084 0.00599636 0.00969377 0.00529319 0.00807607
 0.00839949 0.01355016]","[0.1236629  0.11219071 0.10127361 0.10797228 0.10382993 0.11067488
 0.11587083 0.12631688 0.1205633  0.11608353 0.11693403 0.1202755
 0.11097035 0.11378191 0.11157193 0.12621708 0.105      0.10903757
 0.11385941 0.11527162 0.10483048 0.11297045 0.11284307 0.10825871
 0.12278844 0.11301151 0.11503773 0.11438933 0.11542301 0.12736197
 0.09589736 0.12182515 0.10016664 0.10913592 0.10408096 0.13170272
 0.09866548 0.11291754 0.11125261 0.10138887 0.11459282 0.12878576
 0.09781974 0.10180734 0.10862258 0.10648139 0.11603331 0.11224929
 0.11933691 0.12009821]",0.4310281610230098,8.150797242974895e-22,0.2726694521432459,3.390047772351618e-21,0.4042597194338299,1.6342365261046154e-09,0.24102339907702114,1.6895073529647105e-09,0.0020341305469939743,1e-05,0.0007342780957064673,0.0,0.03036190131247044,0.1843747217941284,0.006367129410861098,0.010935120703994682,0.00013552427291870116,0.022885241508483888,0.00023453015797540627,0.003256404881059828,0.013424390285540004,0.11282267139442133,0.0040341001112231085,0.008304476510583253
df1,0.9,0.0,0.9,"[0.01809676 0.55967522 0.21173982 0.41323244 0.00525377 0.21173982
 0.27423335 0.93482727 0.71851426 0.8633028  0.91946676 0.77002924
 0.45963725 0.05871658 0.14969106 0.71851426 0.3490397  0.16077182
 0.31007573 0.66552932 0.79482654 0.02192948 0.36968362 0.00992823
 0.04953464 0.53390728 0.29176485 0.74453538 0.69212796 0.19796045
 0.05871658 0.36968362 0.61225166 0.31007573 0.01487416 0.01809676
 0.81875363 0.06932183 0.98457739 0.96996014 0.66552932 0.06383124
 0.32916807 0.27423335 0.18488568 0.00725489 0.3490397  0.48382277
 0.19796045 0.04542867]","[8.31031105e-31 2.57505865e-23 6.63610190e-38 1.22979552e-32
 2.39934411e-25 3.98638164e-40 1.22979552e-32 1.84715262e-36
 7.19492833e-35 2.32827146e-37 2.22993385e-39 1.64503886e-29
 5.77449424e-32 7.13959478e-29 3.81363460e-33 9.50443824e-36
 2.60622931e-27 8.95402666e-28 1.87374272e-38 6.14029324e-40
 8.47828272e-32 4.36966274e-28 5.77449424e-32 5.30299497e-19
 3.98638164e-40 5.30672790e-34 5.75863544e-46 3.72814291e-30
 6.32047121e-36 9.50443824e-36 2.39934411e-25 3.43417798e-29
 3.98638164e-40 1.73815304e-33 5.28569498e-27 9.15418035e-46
 1.22324939e-36 9.15418035e-46 5.69539852e-31 1.22979552e-32
 1.07520219e-34 3.56853685e-23 1.60509935e-34 4.36966274e-28
 2.39365688e-34 1.21017203e-25 4.35811909e-38 3.92888730e-32
 2.14737506e-26 1.24351631e-31]","[0.01809676 0.55967522 0.21173982 0.41323244 0.00525377 0.21173982
 0.27423335 0.93482727 0.71851426 0.8633028  0.91946676 0.77002924
 0.45963725 0.05871658 0.14969106 0.71851426 0.3490397  0.16077182
 0.31007573 0.66552932 0.79482654 0.02192948 0.36968362 0.00992823
 0.04953464 0.53390728 0.29176485 0.74453538 0.69212796 0.19796045
 0.05871658 0.36968362 0.61225166 0.31007573 0.01487416 0.01809676
 0.81875363 0.06932183 0.98457739 0.96996014 0.66552932 0.06383124
 0.32916807 0.27423335 0.18488568 0.00725489 0.3490397  0.48382277
 0.19796045 0.04542867]","[8.31031105e-31 2.57505865e-23 6.63610190e-38 1.22979552e-32
 2.39934411e-25 3.98638164e-40 1.22979552e-32 1.84715262e-36
 7.19492833e-35 2.32827146e-37 2.22993385e-39 1.64503886e-29
 5.77449424e-32 7.13959478e-29 3.81363460e-33 9.50443824e-36
 2.60622931e-27 8.95402666e-28 1.87374272e-38 6.14029324e-40
 8.47828272e-32 4.36966274e-28 5.77449424e-32 5.30299497e-19
 3.98638164e-40 5.30672790e-34 5.75863544e-46 3.72814291e-30
 6.32047121e-36 9.50443824e-36 2.39934411e-25 3.43417798e-29
 3.98638164e-40 1.73815304e-33 5.28569498e-27 9.15418035e-46
 1.22324939e-36 9.15418035e-46 5.69539852e-31 1.22979552e-32
 1.07520219e-34 3.56853685e-23 1.60509935e-34 4.36966274e-28
 2.39365688e-34 1.21017203e-25 4.35811909e-38 3.92888730e-32
 2.14737506e-26 1.24351631e-31]","[0.03945081 0.57667933 0.07880266 0.31914279 0.00440994 0.08465133
 0.38131611 0.90517268 0.61822974 0.88122853 0.93261535 0.73790374
 0.25440489 0.10065984 0.18231674 0.63180839 0.30002325 0.17418135
 0.30681432 0.51438514 0.64496694 0.04845317 0.4003135  0.00116852
 0.05707438 0.46554697 0.36871008 0.84068681 0.73372716 0.27793509
 0.02847079 0.45951647 0.57712978 0.30030395 0.02269219 0.01326452
 0.57754011 0.06668535 0.96459588 0.95809393 0.7276821  0.11125564
 0.15752671 0.19020087 0.29697451 0.01876771 0.3687509  0.3756892
 0.3605994  0.04746111]","[2.11643947e-09 2.05935602e-09 2.85646828e-09 3.84320353e-10
 5.96536043e-10 8.55115090e-10 8.02657607e-10 2.26026564e-09
 1.96180550e-09 3.99894629e-09 5.96813188e-09 7.47122253e-10
 5.01676467e-09 4.07985756e-10 7.37916395e-10 3.83986620e-09
 2.32302844e-10 3.68335229e-09 4.74692730e-09 6.71061984e-10
 7.76879117e-10 3.23158311e-09 4.19828505e-10 7.26542160e-11
 6.89634794e-10 1.64956959e-09 5.65678993e-09 6.45391851e-09
 8.61194360e-09 6.52235488e-10 2.11881956e-10 5.44528977e-10
 1.43423118e-09 2.58705701e-09 4.03584832e-10 1.33953248e-09
 1.09766907e-09 4.27241353e-09 8.74276429e-10 2.28580210e-09
 1.14542609e-09 4.18614643e-09 3.67910469e-09 4.32837666e-09
 4.94491614e-09 3.15889315e-09 8.75451378e-10 5.83522120e-10
 6.01122596e-10 8.35626679e-10]","[3.01585480e-04 2.50000000e-03 8.90733735e-04 2.32968700e-03
 5.43589560e-05 4.90702354e-04 1.93351224e-03 2.50000000e-03
 2.50000000e-03 2.50000000e-03 2.50000000e-03 2.50000000e-03
 1.76358591e-03 6.01981624e-04 2.15929251e-03 2.50000000e-03
 1.79638917e-03 1.82330662e-03 2.50000000e-03 2.50000000e-03
 2.50000000e-03 7.92758933e-04 2.50000000e-03 1.00000000e-05
 8.13812778e-04 2.50000000e-03 2.50000000e-03 2.50000000e-03
 2.50000000e-03 2.50000000e-03 3.10338495e-04 2.50000000e-03
 2.50000000e-03 1.78223100e-03 3.52371584e-04 1.24553302e-04
 2.50000000e-03 6.74599484e-04 2.50000000e-03 2.50000000e-03
 2.50000000e-03 1.73349703e-03 2.03868512e-03 1.30792675e-03
 2.50000000e-03 2.86389870e-04 2.50000000e-03 2.50000000e-03
 2.50000000e-03 2.21073619e-04]","[1.e-05 1.e-05 1.e-05 1.e-05 1.e-05 1.e-05 1.e-05 1.e-05 1.e-05 1.e-05
 1.e-05 1.e-05 1.e-05 1.e-05 1.e-05 1.e-05 1.e-05 1.e-05 1.e-05 1.e-05
 1.e-05 1.e-05 1.e-05 1.e-05 1.e-05 1.e-05 1.e-05 1.e-05 1.e-05 1.e-05
 1.e-05 1.e-05 1.e-05 1.e-05 1.e-05 1.e-05 1.e-05 1.e-05 1.e-05 1.e-05
 1.e-05 1.e-05 1.e-05 1.e-05 1.e-05 1.e-05 1.e-05 1.e-05 1.e-05 1.e-05]","[0.04473945 0.03154985 0.02117305 0.02649639 0.03535061 0.0367205
 0.02791942 0.03700345 0.02488328 0.03394333 0.02417279 0.01996166
 0.02944719 0.03754758 0.03329807 0.02345397 0.04455078 0.01712935
 0.02882313 0.0258692  0.02143608 0.04599967 0.04120434 0.03115343
 0.0228747  0.0312466  0.02652339 0.0282291  0.02303207 0.01704357
 0.03715718 0.02200612 0.02708706 0.02641796 0.04689406 0.03223062
 0.0213996  0.03494435 0.02322779 0.02667382 0.0179022  0.04109997
 0.01913904 0.03320663 0.03669963 0.02607086 0.02866927 0.03310455
 0.03313105 0.03676371]","[0.1986603  0.17624881 0.20776856 0.18206999 0.20263717 0.20173252
 0.1957733  0.20116955 0.20207196 0.19095113 0.20130467 0.20650515
 0.19593378 0.19224276 0.19303815 0.20536088 0.17594586 0.19704968
 0.19678457 0.20863238 0.19252476 0.19335604 0.18394533 0.18691786
 0.20148393 0.21191437 0.22570882 0.19230867 0.19839487 0.20837047
 0.19891952 0.19130502 0.20728125 0.20198302 0.18737013 0.21949618
 0.2031071  0.21916069 0.20532875 0.19736139 0.20048916 0.18059457
 0.20268901 0.19288782 0.1893306  0.1930555  0.21146387 0.1867727
 0.18141842 0.19724421]","[6.45267338e-04 3.65195270e-02 3.26749917e-01 1.18470864e-01
 1.31685580e-02 8.86238157e-03 8.68371776e-02 8.15103431e-03
 1.65169763e-01 1.94724407e-02 1.89917462e-01 3.97694635e-01
 6.10936173e-02 6.92706396e-03 2.31744689e-02 2.17803223e-01
 6.90370999e-04 5.94061486e-01 7.06899672e-02 1.35149689e-01
 3.12543725e-01 4.07911129e-04 2.18238901e-03 4.03491211e-02
 2.42461730e-01 3.94188616e-02 1.17792622e-01 8.09858576e-02
 2.35565204e-01 6.00471568e-01 7.78670096e-03 2.83240607e-01
 1.04346089e-01 1.20459354e-01 2.92317005e-04 3.06814187e-02
 3.14488181e-01 1.47668532e-02 2.27194590e-01 1.14071740e-01
 5.37151529e-01 2.25888590e-03 4.50814338e-01 2.37467343e-02
 8.91701397e-03 1.29590654e-01 7.32438626e-02 2.44003742e-02
 2.42292098e-02 8.75021640e-03]","[1.19393297e-69 8.19815671e-55 3.32696201e-76 1.72127134e-58
 1.78836936e-72 7.94475988e-72 1.23337006e-67 2.00254000e-71
 4.54392780e-72 2.43924333e-64 1.60443059e-71 2.81523197e-75
 9.54857619e-68 3.25613203e-65 9.35674161e-66 1.92510195e-74
 1.26402020e-54 1.60102686e-68 2.44938638e-68 7.66533977e-77
 2.09389402e-65 5.67578207e-66 1.05872256e-59 1.19935254e-61
 1.19540062e-71 2.73690442e-79 5.18817535e-90 2.93707869e-65
 1.83413303e-69 1.19706870e-76 7.84581655e-70 1.40683183e-64
 7.59411580e-76 5.26084326e-72 6.02647086e-62 4.27988324e-85
 8.21983909e-73 7.81338554e-85 2.03153972e-74 9.70389454e-69
 6.09914523e-71 1.51241065e-57 1.64156684e-72 1.18483097e-65
 2.99143577e-63 9.10508705e-66 5.96401065e-79 1.49525854e-61
 4.50431862e-58 1.17146348e-68]","[ 2.86817551e-04  2.17795372e-04 -1.76668167e-04 -1.38163567e-04
  1.02174282e-03  2.39133835e-04 -3.98159027e-05  6.79254532e-04
  1.11699104e-04  1.45196915e-04  3.80277634e-04 -8.48770142e-05
  1.37805939e-04  3.28183174e-04  4.38570976e-04  8.18967819e-05
  1.48177147e-04 -2.63452530e-05  1.48653984e-04 -9.87052917e-05
 -6.94990158e-05  3.74794006e-04  1.21366978e-03 -1.52587891e-04
 -1.22308731e-04  2.52485275e-04  5.44786453e-05  2.37464905e-04
 -1.25288963e-04 -9.73939896e-05  4.94718552e-04  5.72204590e-06
 -1.23739243e-04  3.50594521e-04  7.20024109e-04  9.35792923e-05
  3.01957130e-04  9.35792923e-05 -6.62803650e-05  5.88297844e-04
 -1.66773796e-04  3.21984291e-04 -6.72340393e-05  6.41345978e-04
  2.90751457e-04  2.50339508e-05  2.45213509e-04  6.77108765e-05
  2.65955925e-04  4.38570976e-04]","[0.02748203 0.02222681 0.02705824 0.02518582 0.02333486 0.02670372
 0.02313566 0.02249336 0.02644706 0.02359676 0.02135873 0.03149474
 0.0223757  0.02138841 0.02337265 0.03224576 0.0208689  0.03300846
 0.02385855 0.02920043 0.02403188 0.02613616 0.01670623 0.02811098
 0.02882075 0.02787673 0.03544188 0.02622342 0.02831185 0.02824712
 0.02510571 0.02135277 0.02737451 0.02935588 0.0228318  0.03215504
 0.02652133 0.03109801 0.02562857 0.0235132  0.02893388 0.02420664
 0.03050065 0.02231836 0.02261293 0.0220145  0.02740896 0.02486968
 0.02041388 0.02531362]","[0.01533169 0.01634288 0.00609301 0.00818397 0.02566601 0.01576636
 0.01075637 0.02231233 0.01432012 0.01537161 0.01847288 0.00977598
 0.01345916 0.01824587 0.02076665 0.01537661 0.01502862 0.00955513
 0.01530316 0.01027787 0.01100487 0.01596553 0.02859114 0.00831529
 0.00898966 0.01621591 0.01372423 0.01475853 0.01006798 0.00874996
 0.01810602 0.011247   0.00914581 0.01642484 0.02296233 0.01276384
 0.01552193 0.01322524 0.01099571 0.01895561 0.00711623 0.01578661
 0.00882478 0.01989907 0.01731199 0.01170269 0.01712424 0.01222324
 0.01799644 0.01841968]","[0.12483131 0.11135002 0.12371838 0.12100877 0.11304449 0.12163548
 0.11314406 0.11171445 0.12151019 0.11382205 0.10799328 0.13368522
 0.11003233 0.1090107  0.11388935 0.1359745  0.10946109 0.13473626
 0.11507526 0.12735787 0.11786918 0.12191972 0.09435579 0.12426424
 0.13052413 0.12306224 0.13764003 0.11951806 0.12367453 0.12423296
 0.11566778 0.11088376 0.12420822 0.12763198 0.11213278 0.13350761
 0.11996382 0.12952442 0.11972257 0.1142151  0.12939156 0.11836895
 0.13024446 0.10812637 0.11118927 0.1130646  0.12242092 0.11919852
 0.10842183 0.1171228 ]",0.3861150255931014,1.0607231305609653e-20,0.30601093840900945,7.424175251758153e-20,0.3697196140753051,2.2309588443292227e-09,0.29390131365900485,1.9754595881647544e-09,0.001791867471504538,1e-05,0.000906667291564373,0.0,0.029932029694318775,0.19788130395889286,0.007703885361342895,0.010503327274581293,0.00019774913787841796,0.02580547094345093,0.00029934014547155824,0.003748330533221469,0.014570853381953639,0.11950126549331283,0.0047521649798848205,0.008790019967972193
df1,0.9500000000000001,0.0,0.9500000000000001,"[0.8633028  0.53390728 0.8633028  0.3490397  0.09546732 0.88359176
 0.84163603 0.8633028  0.22624166 0.27423335 0.88359176 0.63886042
 0.32916807 0.18488568 0.69212796 0.58582128 0.06932183 0.43609338
 0.93482727 0.53390728 0.84163603 0.41323244 0.18488568 0.09546732
 0.58582128 0.17249627 0.21173982 0.43609338 0.03809482 0.74453538
 0.53390728 0.25747545 0.63886042 0.04953464 0.11135888 0.61225166
 0.139232   0.09546732 0.18488568 0.06383124 0.91946676 0.88359176
 0.04953464 0.61225166 0.58582128 0.3490397  0.53390728 0.50859953
 0.71851426 0.88359176]","[2.60622931e-27 1.87374272e-38 7.79126605e-42 1.84715262e-36
 5.39250695e-43 9.50443824e-36 7.79126605e-42 5.77449424e-32
 2.22993385e-39 2.78636314e-36 5.65883768e-44 8.33270257e-33
 3.98638164e-40 8.43789069e-43 1.42774613e-35 1.22668930e-38
 1.22979552e-32 1.82198508e-31 6.07873598e-26 3.44263650e-43
 8.02241615e-39 8.09234334e-37 2.39365688e-34 8.09234334e-37
 8.09234334e-37 6.32047121e-36 1.08397407e-40 5.75863544e-46
 2.27167277e-46 1.88177121e-41 2.32827146e-37 4.35811909e-38
 1.00942344e-37 5.65883768e-44 2.57596005e-33 8.43789069e-43
 1.08397407e-40 9.50443824e-36 2.27983976e-44 2.17967002e-47
 2.85911373e-38 1.17161696e-33 4.19874897e-36 1.81313081e-32
 1.87374272e-38 5.24109088e-39 4.36966274e-28 2.78636314e-36
 1.53384053e-37 3.42045584e-39]","[0.8633028  0.53390728 0.8633028  0.3490397  0.09546732 0.88359176
 0.84163603 0.8633028  0.22624166 0.27423335 0.88359176 0.63886042
 0.32916807 0.18488568 0.69212796 0.58582128 0.06932183 0.43609338
 0.93482727 0.53390728 0.84163603 0.41323244 0.18488568 0.09546732
 0.58582128 0.17249627 0.21173982 0.43609338 0.03809482 0.74453538
 0.53390728 0.25747545 0.63886042 0.04953464 0.11135888 0.61225166
 0.139232   0.09546732 0.18488568 0.06383124 0.91946676 0.88359176
 0.04953464 0.61225166 0.58582128 0.3490397  0.53390728 0.50859953
 0.71851426 0.88359176]","[2.60622931e-27 1.87374272e-38 7.79126605e-42 1.84715262e-36
 5.39250695e-43 9.50443824e-36 7.79126605e-42 5.77449424e-32
 2.22993385e-39 2.78636314e-36 5.65883768e-44 8.33270257e-33
 3.98638164e-40 8.43789069e-43 1.42774613e-35 1.22668930e-38
 1.22979552e-32 1.82198508e-31 6.07873598e-26 3.44263650e-43
 8.02241615e-39 8.09234334e-37 2.39365688e-34 8.09234334e-37
 8.09234334e-37 6.32047121e-36 1.08397407e-40 5.75863544e-46
 2.27167277e-46 1.88177121e-41 2.32827146e-37 4.35811909e-38
 1.00942344e-37 5.65883768e-44 2.57596005e-33 8.43789069e-43
 1.08397407e-40 9.50443824e-36 2.27983976e-44 2.17967002e-47
 2.85911373e-38 1.17161696e-33 4.19874897e-36 1.81313081e-32
 1.87374272e-38 5.24109088e-39 4.36966274e-28 2.78636314e-36
 1.53384053e-37 3.42045584e-39]","[0.76762332 0.38092011 0.95982436 0.21378494 0.07864122 0.81792588
 0.74190976 0.88895784 0.25183666 0.4132576  0.88676841 0.91846622
 0.38972407 0.38141338 0.44340238 0.32122557 0.04632584 0.41544514
 0.89276966 0.24433815 0.77280989 0.42874265 0.13201261 0.14199922
 0.73572641 0.25733445 0.13091319 0.37951152 0.04024447 0.40558773
 0.58791562 0.18577518 0.45513898 0.07805254 0.11570583 0.46226301
 0.11051286 0.16863925 0.06956149 0.05358196 0.80388139 0.90274653
 0.21220268 0.59891217 0.44525962 0.18168511 0.77362616 0.37386218
 0.43129583 0.76408772]","[2.05013384e-09 1.04837339e-09 7.42264272e-09 7.89844179e-09
 3.07755454e-09 7.38062689e-09 3.43318851e-09 1.50561785e-09
 8.92107499e-10 6.35902109e-10 4.39603698e-09 7.82012011e-10
 2.36620612e-09 6.22730734e-09 5.51418389e-09 7.20921645e-09
 1.16731935e-09 2.95650171e-09 6.91180668e-10 1.03699960e-09
 5.35616118e-09 3.80312848e-09 2.01238926e-09 8.18569013e-09
 8.05072675e-10 6.21072793e-09 2.54540400e-09 1.29748379e-09
 1.09142262e-09 1.03261610e-09 6.80972001e-09 4.61077498e-09
 6.19974960e-10 4.50636550e-09 1.29439848e-09 2.70735312e-09
 1.64077640e-09 3.36034867e-09 1.28413713e-09 1.79786153e-09
 5.72360315e-09 2.64283928e-09 3.63727071e-09 1.19921495e-09
 1.63086145e-09 4.81075335e-09 3.38181549e-09 7.63120678e-10
 4.95264973e-09 6.00817796e-09]","[0.0025     0.0025     0.0025     0.00194457 0.00084803 0.0025
 0.0025     0.0025     0.00229688 0.0025     0.0025     0.0025
 0.0025     0.0025     0.0025     0.0025     0.00077497 0.0025
 0.0025     0.00218431 0.0025     0.0025     0.00094173 0.00178116
 0.0025     0.0025     0.00077329 0.0025     0.00047003 0.0025
 0.0025     0.0010549  0.0025     0.00082867 0.00170033 0.0025
 0.00140453 0.00161978 0.00075521 0.00034104 0.0025     0.0025
 0.0025     0.0025     0.0025     0.00167241 0.0025     0.0025
 0.0025     0.0025    ]","[1.e-05 1.e-05 1.e-05 1.e-05 1.e-05 1.e-05 1.e-05 1.e-05 1.e-05 1.e-05
 1.e-05 1.e-05 1.e-05 1.e-05 1.e-05 1.e-05 1.e-05 1.e-05 1.e-05 1.e-05
 1.e-05 1.e-05 1.e-05 1.e-05 1.e-05 1.e-05 1.e-05 1.e-05 1.e-05 1.e-05
 1.e-05 1.e-05 1.e-05 1.e-05 1.e-05 1.e-05 1.e-05 1.e-05 1.e-05 1.e-05
 1.e-05 1.e-05 1.e-05 1.e-05 1.e-05 1.e-05 1.e-05 1.e-05 1.e-05 1.e-05]","[0.0331836  0.02947663 0.0166928  0.03526428 0.03288607 0.03638671
 0.03051615 0.02938095 0.03276738 0.03252935 0.02595052 0.01939445
 0.02565517 0.03509888 0.03167017 0.02152991 0.02866957 0.04139745
 0.01829549 0.02882535 0.02513854 0.02392247 0.04203276 0.03556981
 0.02061275 0.03103715 0.03881273 0.02950941 0.01761247 0.02891357
 0.0190106  0.03390347 0.03049172 0.03349608 0.03924794 0.02447677
 0.02390996 0.03362055 0.02419543 0.02873255 0.02952076 0.03054578
 0.03121885 0.03215712 0.02749426 0.0335394  0.02738221 0.02112633
 0.023947   0.03405787]","[0.1934342  0.20307104 0.2156142  0.21441365 0.22155851 0.20702595
 0.21199458 0.20730404 0.19718853 0.20713553 0.21118355 0.20864473
 0.21318997 0.22864153 0.1945944  0.21483378 0.2054407  0.19734998
 0.1875722  0.22300873 0.20191789 0.20451808 0.20001047 0.21241784
 0.20881247 0.21843406 0.21561967 0.22344113 0.21322592 0.20960706
 0.21219252 0.22100478 0.20801425 0.22093779 0.1936614  0.2152304
 0.21063722 0.20808389 0.21808268 0.22779872 0.21126729 0.21003125
 0.21142033 0.20356434 0.20649452 0.22406518 0.20328973 0.21218638
 0.22486542 0.20225611]","[0.02389286 0.06066985 0.62680464 0.01349452 0.02585325 0.00977369
 0.04724001 0.06205633 0.02667417 0.02839028 0.13288524 0.43391854
 0.14125985 0.01413945 0.0354219  0.30758114 0.07323877 0.00204714
 0.50896166 0.07065372 0.1569301  0.19929517 0.0016551  0.01237249
 0.35844677 0.04153684 0.00470184 0.06020101 0.55828094 0.06922443
 0.45944203 0.0196848  0.04752335 0.02197699 0.00410291 0.178996
 0.19977301 0.02125267 0.18908687 0.07218414 0.06003942 0.04689841
 0.039694   0.03126948 0.09544516 0.02172245 0.09782892 0.32931819
 0.19836071 0.01887345]","[5.01862836e-66 8.72554956e-73 4.27248895e-82 3.52315416e-81
 1.03587197e-86 1.16926115e-75 2.38203772e-79 7.30690915e-76
 1.28108991e-68 9.71610005e-76 9.67494780e-79 7.50585269e-77
 2.98777459e-80 2.20925539e-92 8.03112945e-67 1.68616679e-81
 1.68409599e-74 9.88352538e-69 4.42882599e-62 7.40271822e-88
 5.85622919e-72 7.87636535e-74 1.33212976e-70 1.14372259e-79
 5.63995071e-77 2.86807887e-84 4.23150951e-82 3.35899824e-88
 2.80642428e-80 1.45177189e-77 1.69053814e-79 2.82346822e-86
 2.19281621e-76 3.18707230e-86 3.50862224e-66 8.39808637e-82
 2.47922486e-78 1.94826084e-76 5.37013107e-84 1.06867952e-91
 8.37358745e-79 7.01950627e-78 6.42971305e-79 3.85119735e-73
 2.86613729e-75 1.07075085e-88 6.07349666e-73 1.70862453e-79
 2.45964596e-89 3.35444708e-72]","[ 1.87873840e-04  1.71661377e-05 -1.17063522e-04  2.28881836e-04
  2.96354294e-04  5.37514687e-04 -6.41345978e-05  1.51395798e-05
  1.07526779e-04  2.65836716e-05  1.40666962e-05  1.94787979e-04
  2.62022018e-04 -9.51290131e-05  5.88893890e-04 -2.08616257e-05
 -4.12464142e-05 -1.32441521e-04 -1.16229057e-04  8.86917114e-05
  8.61883163e-05  5.67436218e-05  1.24692917e-04  9.72747803e-05
  1.09791756e-04  2.16841698e-04  2.03490257e-04  9.78708267e-05
  6.55651093e-06 -9.10758972e-05 -1.36971474e-04  6.02006912e-05
  7.64966011e-04  5.05447388e-04  7.55071640e-04 -9.62018967e-05
 -1.28030777e-04  2.37226486e-05 -3.39746475e-05  1.86443329e-04
 -1.42335892e-04  3.29613686e-04  1.99675560e-04  2.35319138e-04
  9.02414322e-05  6.42418861e-04  5.56707382e-05  4.42624092e-04
 -9.15527344e-05  6.53028488e-04]","[0.02792025 0.02722096 0.03129971 0.02966058 0.03381729 0.02784348
 0.03554285 0.02961075 0.02681696 0.03008842 0.03107417 0.02522886
 0.03354204 0.03126597 0.02152574 0.03040469 0.0298382  0.0299381
 0.02780294 0.032763   0.02570736 0.02739608 0.02603471 0.03070426
 0.02667606 0.03242254 0.02679729 0.03650987 0.02994108 0.03011966
 0.03070021 0.02724206 0.02254856 0.03625989 0.02574098 0.03021133
 0.03008223 0.03197968 0.03332436 0.03445888 0.03374457 0.02497351
 0.02776754 0.0275054  0.02839017 0.03682315 0.02949357 0.03847957
 0.03133285 0.02389967]","[0.01350009 0.01195049 0.0087699  0.01519078 0.01591817 0.02082601
 0.0107385  0.0109727  0.01296549 0.01401414 0.01161475 0.01527439
 0.01601136 0.00961872 0.02072299 0.01126259 0.01209979 0.00870189
 0.00844654 0.01376023 0.01241952 0.01244518 0.01336347 0.01357711
 0.01419718 0.01632719 0.0134153  0.01347478 0.01180841 0.00956294
 0.008695   0.01278511 0.02117372 0.01858608 0.02015633 0.00942891
 0.00892005 0.01406987 0.01217285 0.01485611 0.00790583 0.01603182
 0.01597193 0.01577715 0.0131367  0.01930943 0.01199622 0.01641469
 0.00932362 0.02082654]","[0.12466349 0.12536964 0.13355095 0.12848476 0.13760349 0.12412407
 0.14216846 0.12840751 0.12245668 0.12966534 0.13045268 0.11644147
 0.13496369 0.13236161 0.1096028  0.12807982 0.13043376 0.13122167
 0.12399175 0.13184714 0.12000925 0.12577606 0.12124557 0.13164034
 0.1244149  0.13691016 0.12035063 0.14496999 0.12835402 0.12945061
 0.13231194 0.12524464 0.11253543 0.14137692 0.11958327 0.12908558
 0.12787165 0.13584227 0.13649712 0.13525602 0.13502291 0.11721475
 0.12476222 0.12293686 0.12574198 0.14127267 0.12672524 0.14556277
 0.13129727 0.11657918]",0.47075512109427187,1.2766167624608512e-27,0.2934524170296675,8.509522858111702e-27,0.4330829750181169,3.268273338630223e-09,0.2849027283141979,2.2766463357522297e-09,0.002077836506688789,1e-05,0.0006808317085749803,0.0,0.029216144251823426,0.21032577219009396,0.006064517243925044,0.009144499928997907,0.00014404296875,0.029809441566467285,0.00024039579626607734,0.0036672779675309755,0.013609771117856717,0.12863466007219626,0.0035355309741839256,0.007834667749017692
df1,1.0,0.0,1.0,"[6.38312357e-02 9.92823487e-03 2.74233349e-01 2.57475452e-01
 7.94826541e-01 3.49039701e-01 2.26241661e-01 8.63302804e-01
 9.48372085e-01 9.54673207e-02 2.11739817e-01 4.83822766e-01
 2.57475452e-01 5.33907283e-01 1.60771824e-01 1.60771824e-01
 6.38860419e-01 5.85821277e-01 1.11358879e-01 7.25488863e-03
 7.94826541e-01 3.91087390e-01 1.60771824e-01 4.59637254e-01
 2.64676308e-02 7.70029237e-01 1.39231997e-01 6.92127962e-01
 9.19466758e-01 2.74233349e-01 6.93218252e-02 3.49039701e-01
 1.20088801e-01 8.82599083e-02 5.33907283e-01 1.20088801e-01
 1.11358879e-01 8.63302804e-01 5.87165796e-02 2.87103585e-04
 5.59675216e-01 3.91087390e-01 2.74233349e-01 9.69960143e-01
 5.08599525e-01 8.41636027e-01 3.48322136e-02 8.41636027e-01
 6.92127962e-01 5.59675216e-01]","[8.31031105e-31 5.75863544e-46 1.73815304e-33 9.15418035e-46
 4.52588482e-41 2.58531714e-40 1.45226397e-39 2.27983976e-44
 2.22993385e-39 1.67491922e-40 1.73815304e-33 1.85378592e-49
 2.58531714e-40 1.31892718e-42 1.88177121e-41 2.17967002e-47
 2.22993385e-39 7.00791465e-41 3.92888730e-32 8.95402666e-28
 6.14029324e-40 1.45365542e-45 2.91986566e-41 1.47818613e-28
 2.80617232e-55 3.59372037e-44 3.98638164e-40 1.13678721e-29
 3.27921374e-48 7.00791465e-41 1.42453006e-46 6.18686551e-51
 2.67038982e-32 8.47223917e-48 5.65883768e-44 2.27167277e-46
 2.67335366e-50 7.00791465e-41 1.85378592e-49 4.67383798e-55
 3.56590826e-34 5.39250695e-43 5.75863544e-46 1.31892718e-42
 8.43789069e-43 2.14251154e-35 2.05945159e-42 1.45365542e-45
 1.14419204e-49 9.44810349e-40]","[6.38312357e-02 9.92823487e-03 2.74233349e-01 2.57475452e-01
 7.94826541e-01 3.49039701e-01 2.26241661e-01 8.63302804e-01
 9.48372085e-01 9.54673207e-02 2.11739817e-01 4.83822766e-01
 2.57475452e-01 5.33907283e-01 1.60771824e-01 1.60771824e-01
 6.38860419e-01 5.85821277e-01 1.11358879e-01 7.25488863e-03
 7.94826541e-01 3.91087390e-01 1.60771824e-01 4.59637254e-01
 2.64676308e-02 7.70029237e-01 1.39231997e-01 6.92127962e-01
 9.19466758e-01 2.74233349e-01 6.93218252e-02 3.49039701e-01
 1.20088801e-01 8.82599083e-02 5.33907283e-01 1.20088801e-01
 1.11358879e-01 8.63302804e-01 5.87165796e-02 2.87103585e-04
 5.59675216e-01 3.91087390e-01 2.74233349e-01 9.69960143e-01
 5.08599525e-01 8.41636027e-01 3.48322136e-02 8.41636027e-01
 6.92127962e-01 5.59675216e-01]","[8.31031105e-31 5.75863544e-46 1.73815304e-33 9.15418035e-46
 4.52588482e-41 2.58531714e-40 1.45226397e-39 2.27983976e-44
 2.22993385e-39 1.67491922e-40 1.73815304e-33 1.85378592e-49
 2.58531714e-40 1.31892718e-42 1.88177121e-41 2.17967002e-47
 2.22993385e-39 7.00791465e-41 3.92888730e-32 8.95402666e-28
 6.14029324e-40 1.45365542e-45 2.91986566e-41 1.47818613e-28
 2.80617232e-55 3.59372037e-44 3.98638164e-40 1.13678721e-29
 3.27921374e-48 7.00791465e-41 1.42453006e-46 6.18686551e-51
 2.67038982e-32 8.47223917e-48 5.65883768e-44 2.27167277e-46
 2.67335366e-50 7.00791465e-41 1.85378592e-49 4.67383798e-55
 3.56590826e-34 5.39250695e-43 5.75863544e-46 1.31892718e-42
 8.43789069e-43 2.14251154e-35 2.05945159e-42 1.45365542e-45
 1.14419204e-49 9.44810349e-40]","[0.04727083 0.02813607 0.23633548 0.3469669  0.7681431  0.34786243
 0.17644134 0.76850045 0.9529046  0.10058003 0.23706889 0.59255707
 0.22152026 0.51109038 0.13891288 0.46482538 0.4134671  0.49212257
 0.11398234 0.01097594 0.71528985 0.49607463 0.15698437 0.58392214
 0.02078301 0.58531739 0.14498476 0.64898442 0.90006012 0.3741871
 0.02011851 0.15901182 0.09608665 0.15080125 0.35878119 0.1061578
 0.25697963 0.7247006  0.25982125 0.00471283 0.40308645 0.32603288
 0.15093137 0.98797915 0.31619262 0.89254337 0.03108736 0.95173978
 0.74964103 0.60125526]","[5.13616938e-09 1.99177874e-09 2.11267981e-09 3.22840721e-09
 1.12104492e-09 1.56735891e-09 8.85034712e-10 2.81974810e-09
 6.86658064e-10 7.56726415e-09 1.69670533e-09 9.80932624e-09
 1.56088076e-09 1.06196341e-08 8.81148443e-09 1.04155295e-09
 1.06271203e-09 1.60228719e-09 3.03485503e-09 4.50643189e-10
 1.14850329e-09 3.26071603e-09 1.05413328e-08 1.02981146e-09
 1.95612027e-09 7.95810384e-09 2.39598552e-09 1.66643099e-09
 2.58868327e-09 8.81108964e-10 4.11864998e-09 3.49486307e-09
 2.24230023e-09 2.95877645e-09 6.32745545e-09 4.14901691e-09
 6.29473551e-09 1.32724309e-09 3.95706612e-09 8.53022797e-09
 5.10895259e-09 8.06868339e-09 1.68349368e-09 4.99655850e-09
 9.05755082e-09 7.55746354e-10 5.76622616e-09 1.13577444e-08
 4.25127922e-09 3.04044767e-09]","[5.82452224e-04 2.77902685e-04 2.32541339e-03 1.78184376e-03
 2.50000000e-03 2.50000000e-03 1.36304409e-03 2.50000000e-03
 2.50000000e-03 6.31108830e-04 2.06463865e-03 2.50000000e-03
 2.19609843e-03 2.50000000e-03 1.44217792e-03 2.50000000e-03
 2.50000000e-03 2.50000000e-03 7.02196455e-04 8.00293134e-05
 2.50000000e-03 2.50000000e-03 1.00246960e-03 2.50000000e-03
 1.36764597e-04 2.50000000e-03 1.52389180e-03 2.50000000e-03
 2.50000000e-03 2.50000000e-03 1.50789692e-04 1.21385790e-03
 8.09948061e-04 8.77150462e-04 2.50000000e-03 7.76445308e-04
 2.50000000e-03 2.50000000e-03 2.50000000e-03 3.92646523e-05
 2.50000000e-03 2.50000000e-03 1.46219074e-03 2.50000000e-03
 2.39272810e-03 2.50000000e-03 3.12255993e-04 2.50000000e-03
 2.50000000e-03 2.50000000e-03]","[1.e-05 1.e-05 1.e-05 1.e-05 1.e-05 1.e-05 1.e-05 1.e-05 1.e-05 1.e-05
 1.e-05 1.e-05 1.e-05 1.e-05 1.e-05 1.e-05 1.e-05 1.e-05 1.e-05 1.e-05
 1.e-05 1.e-05 1.e-05 1.e-05 1.e-05 1.e-05 1.e-05 1.e-05 1.e-05 1.e-05
 1.e-05 1.e-05 1.e-05 1.e-05 1.e-05 1.e-05 1.e-05 1.e-05 1.e-05 1.e-05
 1.e-05 1.e-05 1.e-05 1.e-05 1.e-05 1.e-05 1.e-05 1.e-05 1.e-05 1.e-05]","[0.04385997 0.04544427 0.02718408 0.03454254 0.01878468 0.03084076
 0.02151707 0.02484186 0.02056715 0.03836137 0.03022028 0.02741166
 0.03756537 0.02915591 0.04378471 0.01988741 0.02305746 0.03469687
 0.03828937 0.04440186 0.02479298 0.02343803 0.0253221  0.03408968
 0.03922374 0.02803487 0.03095347 0.02151541 0.02783064 0.02448221
 0.03177254 0.02259334 0.03160356 0.03208263 0.02998127 0.02286098
 0.0331418  0.02626859 0.02779058 0.03762813 0.02796318 0.01996569
 0.02210098 0.02643173 0.03066838 0.02589896 0.02856452 0.01812208
 0.02911336 0.02512948]","[0.20559872 0.23357684 0.21313985 0.22247724 0.22532172 0.22566312
 0.22102131 0.21613072 0.23822422 0.21552057 0.21139271 0.21679033
 0.21358904 0.23047973 0.22210468 0.24361814 0.2180663  0.21042307
 0.20004738 0.20577238 0.21642422 0.21954884 0.21011083 0.20111142
 0.25062324 0.22063325 0.22154647 0.21194973 0.22711779 0.21539834
 0.22426189 0.22671659 0.21363969 0.2320758  0.23464405 0.22305277
 0.23796371 0.22601511 0.23268011 0.2396895  0.22209351 0.20809239
 0.22469388 0.21142759 0.22828253 0.21430527 0.21949756 0.2316174
 0.21887908 0.21485553]","[8.81986900e-04 5.00065388e-04 1.02165141e-01 1.65168610e-02
 4.74822045e-01 4.36121181e-02 3.08256737e-01 1.66538567e-01
 3.61112189e-01 5.40684921e-03 5.07715990e-02 9.71976172e-02
 6.89004819e-03 6.54242914e-02 9.05629793e-04 4.02331477e-01
 2.34466510e-01 1.58238735e-02 5.52786269e-03 7.28041711e-04
 1.68165324e-01 2.18455173e-01 1.51210342e-01 1.87100055e-02
 4.13428567e-03 8.46156086e-02 4.24103671e-02 3.08344251e-01
 8.85786707e-02 1.78805292e-01 3.45108711e-02 2.55165167e-01
 3.60259263e-02 3.18755848e-02 5.37888301e-02 2.43070191e-01
 2.41600544e-02 1.24322053e-01 8.93741000e-02 6.76084778e-03
 8.59893169e-02 3.97444100e-01 2.78561205e-01 1.20108197e-01
 4.55073075e-02 1.34317408e-01 7.50268497e-02 5.21315694e-01
 6.60783495e-02 1.57216733e-01]","[1.29211727e-074 1.91455611e-096 3.26028848e-080 1.95104025e-087
 1.06058454e-089 5.64555843e-090 2.74028745e-086 1.71727184e-082
 2.36295626e-100 5.03888037e-082 6.74374183e-079 5.34434681e-083
 1.48997363e-080 6.94854409e-094 3.84293394e-087 5.43468208e-105
 5.52932808e-084 3.58263633e-078 1.25435378e-070 9.65492511e-075
 1.02203748e-082 3.89364239e-085 6.12388011e-078 2.20276555e-071
 3.52800584e-111 5.52497347e-086 1.05873635e-086 2.57440394e-079
 3.80210365e-091 6.24911519e-082 7.46245790e-089 8.01606379e-091
 1.36391954e-080 3.36660458e-095 2.46414721e-097 6.83078851e-088
 3.93271563e-100 2.94385352e-090 1.06394931e-095 1.33130385e-101
 3.92172564e-087 1.92033672e-076 3.37292544e-089 6.34967664e-079
 4.32695688e-092 4.25973937e-081 4.26930244e-085 8.04934639e-095
 1.29402652e-084 1.62298183e-081]","[ 6.93082809e-04  3.58700752e-04  8.00967216e-04  6.33001328e-04
 -1.05500221e-04 -4.97102737e-05  7.16447830e-05 -1.53899193e-04
 -1.85966492e-04  1.19805336e-04  6.29425049e-05  3.43322754e-04
  4.40001488e-04 -2.76565552e-05  6.32524490e-04 -1.21712685e-04
  9.38177109e-05  2.38060951e-04  4.06861305e-04  3.23534012e-04
 -1.17421150e-04  9.32216644e-05 -4.56571579e-05  1.14083290e-04
  6.52551651e-04  3.80277634e-04  1.25765800e-04 -5.88893890e-05
  5.91993332e-04 -8.61883163e-05 -9.72747803e-05  3.17096710e-04
  3.84211540e-04  1.03831291e-04  1.57833099e-04  1.36137009e-04
  4.88162041e-04 -1.43766403e-04  2.81214714e-04  8.69393349e-04
  4.30345535e-05  2.08616257e-05  1.13248825e-05 -8.22544098e-06
  1.82747841e-04  8.82148743e-05 -3.95774841e-05  2.01225281e-04
  3.73840332e-04  3.43918800e-04]","[0.0238899  0.03709757 0.02465951 0.03981769 0.03349638 0.0378536
 0.03151488 0.03577042 0.0349375  0.03482008 0.02980304 0.03068817
 0.02831686 0.0364598  0.03082311 0.03858697 0.02964318 0.0298593
 0.02634621 0.02507269 0.03159058 0.03157103 0.02907646 0.03118348
 0.04583704 0.03149641 0.03194761 0.0320791  0.03193593 0.03126514
 0.03424942 0.03329802 0.03027737 0.04027462 0.03672731 0.03184247
 0.04290652 0.03464293 0.04020357 0.04432178 0.03426826 0.0361985
 0.02907276 0.03250098 0.03143394 0.03113341 0.02830064 0.03308189
 0.02789199 0.0305109 ]","[0.02322738 0.01491376 0.02246503 0.0202198  0.00874619 0.011778
 0.01361009 0.00745513 0.00783316 0.01298648 0.0123224  0.01822075
 0.01772778 0.00971426 0.01948133 0.0095631  0.01355275 0.01443728
 0.0177727  0.01611857 0.00843859 0.01404669 0.0105086  0.01401019
 0.01954561 0.01813072 0.01309686 0.01069671 0.0195747  0.00948588
 0.00920199 0.01668684 0.01682846 0.01330403 0.01267507 0.01380582
 0.01835218 0.00766812 0.0172982  0.02405174 0.01124554 0.01182645
 0.01164605 0.01148839 0.01400074 0.0134616  0.01037649 0.01556201
 0.01827251 0.01760974]","[0.11730058 0.14663868 0.11636399 0.14774824 0.13506612 0.1448991
 0.13278488 0.14186477 0.14187608 0.13911919 0.13209954 0.12841319
 0.12491721 0.14299469 0.12911009 0.146473   0.13018362 0.12819812
 0.11918031 0.11899826 0.13419363 0.13302693 0.12726776 0.13404715
 0.15714203 0.13240615 0.13389801 0.13333756 0.13292709 0.13248518
 0.13846778 0.1315004  0.12835599 0.15085127 0.14497891 0.13367136
 0.15411313 0.13860326 0.14602414 0.15749864 0.13845146 0.14319381
 0.12721407 0.13477813 0.13298293 0.13088304 0.1241211  0.13568953
 0.12508571 0.13385883]",0.3930043501910376,2.1109800600189534e-29,0.30074658590536985,1.2660529330613727e-28,0.3828782524240394,3.954400784600409e-09,0.28945617747806096,3.060026295598145e-09,0.001832893252780488,1e-05,0.0008778131616548222,0.0,0.02927559171140194,0.221358123292923,0.006919036737289817,0.010682648078047906,0.00019875526428222656,0.033011538982391356,0.000267167360940911,0.0047160681809837735,0.014300848910046564,0.1353056930802151,0.004159351422390005,0.009498066494653576
df2,0.0,0.0,0.0,"[0.84163603 0.19796045 0.41323244 0.25747545 0.93482727 0.36968362
 0.27423335 0.66552932 0.36968362 0.79482654 0.58582128 0.16077182
 0.69212796 0.91946676 0.91946676 0.79482654 0.81875363 0.79482654
 0.81875363 0.58582128 0.94837208 0.36968362 0.19796045 0.63886042
 0.90235528 0.00992823 0.90235528 0.29176485 0.94837208 0.8633028
 0.88359176 0.01487416 0.48382277 0.97808957 0.48382277 0.96007647
 0.02192948 0.61225166 0.77002924 0.18488568 0.81875363 0.98957839
 0.17249627 0.16077182 0.88359176 0.79482654 0.41323244 0.69212796
 0.69212796 0.31007573]","[0.18488568 0.96996014 0.21173982 0.27423335 0.84163603 0.90235528
 0.66552932 0.91946676 0.77002924 0.77002924 0.09546732 0.3490397
 0.50859953 0.43609338 0.94837208 0.66552932 0.88359176 0.66552932
 0.50859953 0.79482654 0.39108739 0.11135888 0.29176485 0.11135888
 0.74453538 0.32916807 0.39108739 0.48382277 0.81875363 0.91946676
 0.96007647 0.03181713 0.39108739 0.63886042 0.81875363 0.63886042
 0.0539576  0.74453538 0.90235528 0.16077182 0.8633028  0.97808957
 0.01809676 0.09546732 0.97808957 0.43609338 0.90235528 0.61225166
 0.8633028  0.43609338]","[0.84163603 0.19796045 0.41323244 0.25747545 0.93482727 0.36968362
 0.27423335 0.66552932 0.36968362 0.79482654 0.58582128 0.16077182
 0.69212796 0.91946676 0.91946676 0.79482654 0.81875363 0.79482654
 0.81875363 0.58582128 0.94837208 0.36968362 0.19796045 0.63886042
 0.90235528 0.00992823 0.90235528 0.29176485 0.94837208 0.8633028
 0.88359176 0.01487416 0.48382277 0.97808957 0.48382277 0.96007647
 0.02192948 0.61225166 0.77002924 0.18488568 0.81875363 0.98957839
 0.17249627 0.16077182 0.88359176 0.79482654 0.41323244 0.69212796
 0.69212796 0.31007573]","[0.18488568 0.96996014 0.21173982 0.27423335 0.84163603 0.90235528
 0.66552932 0.91946676 0.77002924 0.77002924 0.09546732 0.3490397
 0.50859953 0.43609338 0.94837208 0.66552932 0.88359176 0.66552932
 0.50859953 0.79482654 0.39108739 0.11135888 0.29176485 0.11135888
 0.74453538 0.32916807 0.39108739 0.48382277 0.81875363 0.91946676
 0.96007647 0.03181713 0.39108739 0.63886042 0.81875363 0.63886042
 0.0539576  0.74453538 0.90235528 0.16077182 0.8633028  0.97808957
 0.01809676 0.09546732 0.97808957 0.43609338 0.90235528 0.61225166
 0.8633028  0.43609338]","[0.79652409 0.31818029 0.30475871 0.23964873 0.83882115 0.42281051
 0.23223937 0.90412654 0.28048951 0.92389593 0.49840881 0.08752776
 0.7316968  0.91835107 0.97516564 0.88627239 0.67009638 0.92944436
 0.78225028 0.58088474 0.90045935 0.30709611 0.24231969 0.82091061
 0.85176631 0.01078186 0.86530504 0.335006   0.86798037 0.91061699
 0.89370434 0.0239     0.52540028 0.93173773 0.45103547 0.95420691
 0.00875371 0.59936441 0.66167139 0.0567039  0.8066788  0.96539719
 0.11326587 0.13306637 0.79956541 0.8697221  0.34224469 0.57085368
 0.76108559 0.25830064]","[0.2385772  0.99169852 0.14307466 0.2551237  0.91071434 0.74374167
 0.56927679 0.89247542 0.56498988 0.65884898 0.48733902 0.16918878
 0.41482555 0.5100227  0.88850101 0.62375243 0.87793039 0.58178925
 0.39299771 0.71212494 0.30978115 0.22740856 0.19813665 0.19970199
 0.6515821  0.22826528 0.22716422 0.36127116 0.62636201 0.93196163
 0.939519   0.05052082 0.28984146 0.70633501 0.57684051 0.36687457
 0.0962013  0.6169727  0.85424753 0.07278104 0.93286247 0.93452372
 0.03138635 0.07660175 0.96570208 0.63300429 0.83503777 0.54657163
 0.74155955 0.35617414]","[0.0025     0.0025     0.0025     0.0025     0.0025     0.0025
 0.0018107  0.0025     0.00233364 0.0025     0.0025     0.00101383
 0.0025     0.0025     0.0025     0.0025     0.0025     0.0025
 0.0025     0.0025     0.0025     0.0025     0.00241391 0.0025
 0.0025     0.00016451 0.0025     0.0025     0.0025     0.0025
 0.0025     0.00019374 0.0025     0.0025     0.0025     0.0025
 0.00011293 0.0025     0.0025     0.00064418 0.0025     0.0025
 0.00108421 0.00138972 0.0025     0.0025     0.0025     0.0025
 0.0025     0.00225392]","[0.0025     0.0025     0.00131613 0.00233253 0.0025     0.0025
 0.0025     0.0025     0.0025     0.0025     0.0025     0.00203784
 0.0025     0.0025     0.0025     0.0025     0.0025     0.0025
 0.0025     0.0025     0.0025     0.00198589 0.00200561 0.0025
 0.0025     0.0025     0.0025     0.0025     0.0025     0.0025
 0.0025     0.00052771 0.0025     0.0025     0.0025     0.0025
 0.00077922 0.0025     0.0025     0.00092111 0.0025     0.0025
 0.00038591 0.00091663 0.0025     0.0025     0.0025     0.0025
 0.0025     0.0025    ]","[0.02389563 0.02332867 0.03130382 0.03309252 0.02638671 0.02562509
 0.03158125 0.02374415 0.01985366 0.02492701 0.01552855 0.03415824
 0.02135626 0.01782359 0.03016957 0.02016042 0.02445921 0.02484712
 0.02963702 0.02774685 0.02339628 0.04003583 0.02399545 0.02150508
 0.01629615 0.01891914 0.02193223 0.02894296 0.02592855 0.01769198
 0.02334102 0.03095812 0.01882791 0.02093437 0.02120584 0.02312918
 0.02652062 0.01824011 0.0238437  0.04226703 0.02298837 0.02414438
 0.03139942 0.02187054 0.02224253 0.02411037 0.0199139  0.02343582
 0.02068339 0.02841423]","[0.0292421  0.0188757  0.0209747  0.01808422 0.01615363 0.01779607
 0.01771449 0.01578584 0.02012092 0.01669614 0.01681697 0.02450524
 0.02253212 0.01962359 0.01598002 0.02468066 0.02040781 0.01357933
 0.01389291 0.02794621 0.01943825 0.02877271 0.03342776 0.02088378
 0.01518224 0.02275105 0.01794567 0.0153208  0.01317967 0.03008704
 0.02886748 0.03683889 0.01782938 0.02169953 0.02122876 0.02351523
 0.03325023 0.03084506 0.03056269 0.01860757 0.02260971 0.01528992
 0.03755483 0.01326727 0.02866917 0.03282359 0.02345724 0.01696451
 0.01730735 0.03073845]","[0.20032173 0.22296867 0.03885689 0.02447846 0.12125938 0.14213615
 0.03623024 0.20619107 0.40444967 0.16373402 0.71432434 0.0183621
 0.31680932 0.54285622 0.05139922 0.38544336 0.17961341 0.16636412
 0.05840534 0.09024914 0.22016992 0.00319362 0.19652497 0.30888881
 0.65671319 0.46563754 0.28692465 0.06875382 0.13349403 0.55245503
 0.2224555  0.04236142 0.47185976 0.34001415 0.32495536 0.23138356
 0.11786204 0.51289384 0.20231914 0.00152907 0.23746537 0.19096436
 0.03793363 0.29002624 0.27168185 0.1922233  0.40067336 0.21854583
 0.35434345 0.07764941]","[0.06411639 0.46859529 0.33774769 0.52402923 0.66746138 0.54485866
 0.55080913 0.69511578 0.38785943 0.62655375 0.61746422 0.17799918
 0.25799332 0.41906457 0.68053564 0.17195173 0.37052442 0.84944404
 0.82957226 0.08631735 0.43105655 0.07151842 0.02238378 0.34287134
 0.7398845  0.24798566 0.53400635 0.72970647 0.87330306 0.05243515
 0.06996803 0.00855815 0.54243575 0.29874868 0.32370478 0.2153113
 0.02347232 0.04356578 0.04670437 0.48705456 0.25441307 0.73198082
 0.00691196 0.86822454 0.07324546 0.02628257 0.21766964 0.60639103
 0.58081005 0.0447285 ]","[-6.05583191e-05 -1.16109848e-04  1.49488449e-04  5.99145889e-04
  6.44922256e-05  4.27961349e-05  2.94446945e-05 -5.40018082e-05
 -1.54852867e-04  1.69277191e-04 -1.29103661e-04 -8.05854797e-05
 -1.69396400e-04 -1.48534775e-04  1.38878822e-04 -5.24520874e-06
 -3.70740891e-05 -6.90221786e-05  3.78608704e-04 -1.43766403e-04
 -9.85860825e-05  6.71148300e-04  2.07185745e-04 -1.01685524e-04
 -9.79900360e-05 -1.85728073e-04  2.34484673e-04 -1.18017197e-04
  4.57763672e-05  4.56571579e-05  8.78572464e-05 -5.94854355e-05
 -1.19805336e-04  5.45978546e-05 -1.10864639e-04  2.65121460e-04
  2.78353691e-04 -1.38282776e-04  8.53538513e-05  3.56197357e-04
 -1.73926353e-04 -1.72972679e-04  7.72476196e-05 -1.53660774e-04
  2.32458115e-05  6.27040863e-05 -1.06215477e-04 -1.12056732e-04
 -1.52111053e-04  1.05381012e-04]","[-3.38554382e-05 -1.22785568e-04  5.96046448e-06  4.07695770e-05
 -1.71661377e-04 -2.04086304e-04  3.87430191e-05 -3.83853912e-05
 -4.05311584e-05 -4.00543213e-05 -1.59025192e-04 -1.84893608e-04
 -3.09944153e-06 -2.38418579e-05 -1.77383423e-04 -1.51753426e-04
  1.57356262e-04 -1.53899193e-04 -1.09195709e-04 -3.77893448e-05
 -1.81078911e-04  3.80039215e-04  4.23192978e-04 -1.22427940e-04
  4.99486923e-05 -1.28626823e-04  2.55942345e-04 -1.69873238e-04
 -1.70350075e-04 -1.67369843e-04  4.70876694e-04  1.82509422e-04
 -4.12464142e-05  6.15119934e-05 -1.19686127e-04 -1.54137611e-04
  3.76820564e-04 -1.65462494e-04  1.49250031e-04 -1.39594078e-04
  6.42538071e-05 -1.44004822e-04  5.40733337e-04 -1.31726265e-04
  3.54528427e-04 -1.98125839e-04 -9.11951065e-05 -1.60336494e-04
 -5.99622726e-05  8.20159912e-05]","[0.01023301 0.01016381 0.01348613 0.02151367 0.01478695 0.0127722
 0.01052021 0.01022775 0.00818723 0.01632146 0.00689635 0.00876687
 0.00770029 0.00763995 0.01430905 0.01287611 0.01158299 0.01041488
 0.01824839 0.00798691 0.00977677 0.02020369 0.01495297 0.00975199
 0.00790185 0.00581663 0.01631126 0.00903468 0.01188885 0.01419415
 0.01260504 0.01227833 0.00857773 0.0127012  0.00935776 0.01654144
 0.01617423 0.00783497 0.01517848 0.0183615  0.00714531 0.00726744
 0.01279922 0.00777869 0.01321484 0.01373653 0.00960299 0.00879042
 0.0074091  0.01417546]","[0.00984362 0.00877309 0.01002337 0.01156211 0.00678461 0.00463308
 0.01146534 0.01017175 0.01137247 0.01119204 0.00608058 0.0056524
 0.01091639 0.00884208 0.00600105 0.0081017  0.01301259 0.00627915
 0.00805783 0.01101014 0.00672697 0.0159054  0.01670198 0.00702678
 0.01118566 0.00742095 0.01737931 0.00697975 0.00663085 0.00577469
 0.0179878  0.01509495 0.01047333 0.01155376 0.00840761 0.00651218
 0.01796035 0.00541123 0.01381058 0.00726699 0.01300509 0.00676959
 0.01805533 0.00715014 0.01901594 0.00491559 0.00880954 0.0063362
 0.00928423 0.01143771]",0.5920727088304516,0.5696427076922873,0.3018288747990026,0.30575520506606013,0.5832098773077594,0.524243707044956,0.31500754009286164,0.2916119623617263,0.0022183058646573174,0.002264171681001265,0.0006627908615984757,0.0005602053157837346,0.024734796841144564,0.02220648899912834,0.005498928413741962,0.0065391218969399565,2.2056102752685548e-05,-7.259845733642578e-06,0.00019103897332002837,0.0001930980203653001,0.011719954722373116,0.01001531786148513,0.0037141563955368027,0.003906575021255683
df2,0.05,0.05,0.0,"[2.19294824e-02 5.08599525e-01 5.39576008e-02 1.39231997e-01
 7.25488863e-03 6.38312357e-02 8.41636027e-01 9.54673207e-02
 4.54286666e-02 7.25488863e-03 4.13232440e-01 3.49039701e-01
 6.65529322e-01 9.89578389e-01 2.57475452e-01 1.39231997e-01
 1.21765095e-02 5.85633896e-03 9.84577388e-01 2.26241661e-01
 1.64147482e-02 4.83822766e-01 5.59675216e-01 4.95346404e-02
 4.13232440e-01 2.11739817e-01 7.25488863e-03 1.45688880e-04
 4.13232440e-01 5.25376643e-03 8.41636027e-01 4.85152370e-04
 1.39231997e-01 4.67045972e-05 9.54673207e-02 7.52091658e-02
 1.97960446e-01 2.74233349e-01 6.92127962e-01 4.16212987e-02
 1.99311438e-02 8.63302804e-01 1.29372179e-01 3.10075730e-01
 5.85821277e-01 1.29372179e-01 7.25488863e-03 2.57475452e-01
 4.95346404e-02 1.29372179e-01]","[3.80948244e-02 7.94826541e-01 1.60771824e-01 5.33907283e-01
 3.18171260e-02 2.90339156e-02 9.84577388e-01 6.12251659e-01
 3.80948244e-02 1.16899447e-03 3.48322136e-02 9.19466758e-01
 7.94826541e-01 9.78089566e-01 3.91087390e-01 3.91087390e-01
 5.85633896e-03 6.52148041e-03 1.84885683e-01 5.33907283e-01
 9.92823487e-03 3.49039701e-01 6.92127962e-01 1.60771824e-01
 1.97960446e-01 2.11739817e-01 7.52091658e-02 2.51182002e-04
 5.33907283e-01 2.91764847e-01 3.91087390e-01 2.58137431e-05
 1.29372179e-01 2.41040115e-02 8.82599083e-02 5.85821277e-01
 2.41482152e-01 9.78089566e-01 3.91087390e-01 1.11358879e-01
 2.90339156e-02 8.83591758e-01 5.39576008e-02 6.38860419e-01
 9.69960143e-01 9.54673207e-02 1.48741570e-02 3.69683622e-01
 2.64676308e-02 2.91764847e-01]","[2.19294824e-02 5.08599525e-01 5.39576008e-02 1.39231997e-01
 7.25488863e-03 6.38312357e-02 8.41636027e-01 9.54673207e-02
 4.54286666e-02 7.25488863e-03 4.13232440e-01 3.49039701e-01
 6.65529322e-01 9.89578389e-01 2.57475452e-01 1.39231997e-01
 1.21765095e-02 5.85633896e-03 9.84577388e-01 2.26241661e-01
 1.64147482e-02 4.83822766e-01 5.59675216e-01 4.95346404e-02
 4.13232440e-01 2.11739817e-01 7.25488863e-03 1.45688880e-04
 4.13232440e-01 5.25376643e-03 8.41636027e-01 4.85152370e-04
 1.39231997e-01 4.67045972e-05 9.54673207e-02 7.52091658e-02
 1.97960446e-01 2.74233349e-01 6.92127962e-01 4.16212987e-02
 1.99311438e-02 8.63302804e-01 1.29372179e-01 3.10075730e-01
 5.85821277e-01 1.29372179e-01 7.25488863e-03 2.57475452e-01
 4.95346404e-02 1.29372179e-01]","[3.80948244e-02 7.94826541e-01 1.60771824e-01 5.33907283e-01
 3.18171260e-02 2.90339156e-02 9.84577388e-01 6.12251659e-01
 3.80948244e-02 1.16899447e-03 3.48322136e-02 9.19466758e-01
 7.94826541e-01 9.78089566e-01 3.91087390e-01 3.91087390e-01
 5.85633896e-03 6.52148041e-03 1.84885683e-01 5.33907283e-01
 9.92823487e-03 3.49039701e-01 6.92127962e-01 1.60771824e-01
 1.97960446e-01 2.11739817e-01 7.52091658e-02 2.51182002e-04
 5.33907283e-01 2.91764847e-01 3.91087390e-01 2.58137431e-05
 1.29372179e-01 2.41040115e-02 8.82599083e-02 5.85821277e-01
 2.41482152e-01 9.78089566e-01 3.91087390e-01 1.11358879e-01
 2.90339156e-02 8.83591758e-01 5.39576008e-02 6.38860419e-01
 9.69960143e-01 9.54673207e-02 1.48741570e-02 3.69683622e-01
 2.64676308e-02 2.91764847e-01]","[1.35492602e-02 8.09728419e-01 6.74297057e-02 3.33495408e-01
 1.76600112e-03 2.84896047e-02 9.61021514e-01 2.91774641e-01
 3.18053067e-02 9.29955625e-03 1.51962410e-01 4.95789988e-01
 6.33721057e-01 9.93143819e-01 1.69507112e-01 2.62327040e-01
 8.73900925e-03 1.05389137e-02 9.24853935e-01 5.23348040e-02
 1.19550770e-03 3.55950170e-01 3.69685364e-01 3.65791313e-02
 2.88935079e-01 1.12166961e-01 9.57558652e-03 8.54748187e-05
 2.14712128e-01 7.84048901e-03 8.16032468e-01 9.87823783e-05
 5.59101758e-02 6.46649817e-05 3.72444416e-02 1.08268796e-01
 2.25292526e-01 1.94474791e-01 4.19203225e-01 3.10637114e-02
 1.45492692e-02 9.11933751e-01 1.21362594e-01 1.79248177e-01
 5.86726411e-01 1.23525835e-01 1.20948978e-02 4.01809367e-01
 2.11312454e-02 8.80080174e-02]","[9.23038135e-03 8.04469578e-01 2.65963651e-01 5.24196319e-01
 1.72695481e-02 3.56928962e-02 9.74297143e-01 5.42900697e-01
 5.11754832e-02 1.41938771e-03 1.37800393e-02 9.01694818e-01
 7.29949343e-01 9.55341967e-01 3.21817606e-01 3.69606533e-01
 6.24920573e-03 9.15891515e-03 1.75513580e-01 4.44550568e-01
 7.80961961e-03 5.92867956e-01 5.67329618e-01 2.30094448e-01
 1.75473717e-01 2.88626236e-01 3.84006689e-02 3.76285189e-04
 4.97122354e-01 1.77705742e-01 3.94225988e-01 7.01209074e-04
 5.72665839e-02 1.33588053e-02 6.16537762e-02 4.89998733e-01
 3.99441741e-01 8.74327517e-01 2.83487530e-01 4.79621579e-02
 3.96184216e-02 8.56092230e-01 1.02325636e-01 8.66357425e-01
 9.50397451e-01 3.53625124e-02 9.66196142e-03 2.04952222e-01
 1.44094154e-02 3.60867540e-01]","[1.26209089e-04 2.50000000e-03 8.52392124e-04 2.50000000e-03
 2.03493107e-05 3.55054380e-04 2.50000000e-03 2.50000000e-03
 1.67761933e-04 1.39759154e-04 1.13267246e-03 2.50000000e-03
 2.50000000e-03 2.50000000e-03 2.02781908e-03 2.02314419e-03
 1.16425296e-04 1.23832105e-04 2.50000000e-03 5.50348535e-04
 1.00000000e-05 2.50000000e-03 2.50000000e-03 6.41772454e-04
 2.50000000e-03 1.35301390e-03 9.39383401e-05 1.00000000e-05
 2.18491077e-03 1.21762856e-04 2.50000000e-03 1.00000000e-05
 5.45572592e-04 1.00000000e-05 3.44744615e-04 1.47018744e-03
 2.50000000e-03 2.41665264e-03 2.50000000e-03 2.97070431e-04
 1.22640375e-04 2.50000000e-03 1.27734726e-03 2.22375851e-03
 2.50000000e-03 9.32561166e-04 8.85838220e-05 2.50000000e-03
 1.99655309e-04 1.15047381e-03]","[8.20623687e-05 2.50000000e-03 2.50000000e-03 2.50000000e-03
 1.32760463e-04 4.02543658e-04 2.50000000e-03 2.50000000e-03
 2.65658375e-04 2.27098642e-05 1.17523611e-04 2.50000000e-03
 2.50000000e-03 2.50000000e-03 2.50000000e-03 2.50000000e-03
 7.08829885e-05 1.04762280e-04 2.41435119e-03 2.50000000e-03
 6.34787126e-05 2.50000000e-03 2.50000000e-03 2.50000000e-03
 2.30224570e-03 2.50000000e-03 4.46725254e-04 1.00000000e-05
 2.50000000e-03 1.68356604e-03 2.50000000e-03 1.00000000e-05
 6.68163921e-04 1.35469401e-04 5.61439767e-04 2.50000000e-03
 2.50000000e-03 2.50000000e-03 2.14574903e-03 5.32100804e-04
 4.29969708e-04 2.50000000e-03 1.07629060e-03 2.50000000e-03
 2.50000000e-03 2.40678152e-04 9.14697176e-05 2.50000000e-03
 2.20385718e-04 2.50000000e-03]","[0.04690168 0.03912276 0.04872563 0.04006219 0.0436061  0.04002056
 0.02835781 0.02955506 0.04012416 0.05252017 0.02677361 0.02160734
 0.04441826 0.03908379 0.03191786 0.04916076 0.0472495  0.06023709
 0.03090905 0.04216285 0.05007453 0.03292889 0.03650967 0.04269936
 0.03932347 0.03936357 0.04141454 0.05043687 0.03109959 0.03686857
 0.02875324 0.04277437 0.03894998 0.06443711 0.03941686 0.05169346
 0.04521438 0.02309712 0.03223559 0.04008127 0.04893863 0.02940706
 0.04095592 0.03998095 0.0232666  0.03786582 0.04158581 0.04052374
 0.05023933 0.05105312]","[0.02820257 0.02203576 0.02654275 0.01791857 0.02708289 0.02538413
 0.016604   0.01617103 0.0305193  0.04652036 0.01884764 0.02706475
 0.0343323  0.02269403 0.02001663 0.02960283 0.02557669 0.03853835
 0.02483188 0.0166872  0.02816739 0.02132842 0.01826261 0.02837685
 0.02896468 0.02191221 0.01794481 0.04139985 0.01769917 0.01837762
 0.01788456 0.03478562 0.01914618 0.03732392 0.01986069 0.02323291
 0.02816809 0.01396629 0.02165789 0.01935969 0.03591321 0.0115716
 0.02818882 0.01148594 0.01495202 0.02677324 0.03246533 0.02921267
 0.0363023  0.02220652]","[2.91480435e-04 4.26757487e-03 1.44813064e-04 3.16668984e-03
 9.64136797e-04 3.20931791e-03 7.86536952e-02 5.95532911e-02
 3.10420993e-03 3.10189232e-05 1.11657313e-01 3.03526614e-01
 7.23799406e-04 4.32006126e-03 3.32529580e-02 1.22072847e-04
 2.55605421e-04 9.45840886e-07 4.28805517e-02 1.58396933e-03
 8.48544087e-05 2.55626257e-02 9.42855434e-03 1.31960619e-03
 4.00641131e-03 3.95602948e-03 2.03555397e-03 7.33225696e-05
 4.08953014e-02 8.48338735e-03 7.18405533e-02 1.28610574e-03
 4.50481771e-03 1.15737544e-07 3.88997102e-03 4.38223727e-05
 5.43661872e-04 2.32757973e-01 3.06420168e-02 3.14733704e-03
 1.33221189e-04 6.16752938e-02 2.36855272e-03 3.25037217e-03
 2.25561649e-01 6.29136224e-03 1.92274724e-03 2.72784539e-03
 7.94104733e-05 5.70555831e-05]","[8.14738212e-02 2.81772616e-01 1.17308245e-01 5.35966679e-01
 1.04440643e-01 1.49315879e-01 6.33494255e-01 6.66149143e-01
 4.72035602e-02 3.36245800e-04 4.70510487e-01 1.04852836e-01
 1.75046548e-02 2.50563682e-01 3.94282830e-01 5.88819074e-02
 1.43555590e-01 5.11961881e-03 1.66869518e-01 6.27226743e-01
 8.21245197e-02 3.18305909e-01 5.11294264e-01 7.83135794e-02
 6.84077508e-02 2.87928877e-01 5.34068658e-01 2.04551272e-03
 5.51928823e-01 5.03154640e-01 5.38429779e-01 1.54372456e-02
 4.50337358e-01 7.40830846e-03 4.04007710e-01 2.26978725e-01
 8.21115498e-02 8.24789809e-01 3.00900471e-01 4.36197204e-01
 1.12122858e-02 9.48776217e-01 8.17276632e-02 9.51766314e-01
 7.56621350e-01 1.11666038e-01 2.88681667e-02 6.45603741e-02
 1.00172061e-02 2.73419960e-01]","[ 1.06620789e-03  7.10487366e-05  3.37362289e-05  3.47971916e-04
  9.27329063e-04  1.07526779e-04 -1.59621239e-04 -1.46389008e-04
  1.40309334e-04  1.92248821e-03  1.09302998e-03  2.53081322e-04
  7.54475594e-04  8.08000565e-04 -1.54614449e-04  2.83956528e-04
  1.84071064e-03  1.77550316e-03 -1.45673752e-04  5.37633896e-04
  7.01546669e-04  1.27553940e-05  3.25441360e-05  3.34143639e-04
  2.08306313e-03  1.30152702e-03  4.67181206e-04  1.22952461e-03
  3.86953354e-04  1.01685524e-04  1.45554543e-04  1.78468227e-03
  5.58018684e-04  3.06391716e-03  5.42163849e-04  6.56604767e-04
  4.35829163e-04  8.18848610e-04  1.92046165e-04  3.39746475e-04
  4.20808792e-04  8.11815262e-05  9.49382782e-04  6.62803650e-04
 -1.91211700e-04  6.92963600e-04  1.65820122e-03  1.73926353e-04
  1.30581856e-03  1.38425827e-03]","[ 3.18050385e-04 -1.91330910e-04 -1.63793564e-04 -1.66058540e-04
  8.02278519e-05 -1.71422958e-04 -1.54137611e-04 -1.22785568e-05
 -9.71555710e-05  1.35385990e-03  6.48736954e-04 -1.45196915e-04
  1.03235245e-04 -1.28746033e-05 -1.68919563e-04 -7.27176666e-06
  5.87821007e-04  7.14540482e-04 -3.39746475e-05 -1.40428543e-04
 -4.51803207e-05  1.59740448e-05 -1.80721283e-04 -8.18967819e-05
  1.04200840e-03  1.86204910e-04 -1.53779984e-04  4.51683998e-04
 -1.27673149e-04 -1.18732452e-04 -1.00851059e-04  7.46846199e-04
 -1.54376030e-04  1.10769272e-03 -6.55651093e-05 -7.51018524e-05
 -7.77244568e-05  5.40018082e-04 -1.33037567e-04 -1.13487244e-04
  5.60283661e-06  1.00612640e-04  2.21848488e-04 -1.82032585e-04
 -1.07288361e-04  3.25202942e-04  1.11687183e-03 -3.14712524e-05
  5.93900681e-04  1.66058540e-04]","[0.02853682 0.01376483 0.01368314 0.01718549 0.02573236 0.01418291
 0.00724436 0.00917506 0.01459    0.03366835 0.02866071 0.01621567
 0.02378881 0.02329354 0.00954369 0.0159837  0.03264108 0.03121547
 0.00838684 0.02313348 0.0234962  0.01154212 0.0114378  0.01814555
 0.038289   0.03099426 0.02048651 0.02793343 0.02036878 0.01353254
 0.01453043 0.03382803 0.02071578 0.03957443 0.0201385  0.02224013
 0.02098527 0.02482065 0.01710858 0.02024387 0.01945631 0.01378425
 0.02725581 0.02214471 0.00541978 0.02327546 0.03274594 0.01569351
 0.02769238 0.03141992]","[0.01838569 0.00464616 0.00591844 0.00561909 0.01413669 0.00632773
 0.00585818 0.01022708 0.00796504 0.02670342 0.02174417 0.00732706
 0.01314239 0.00957661 0.00643641 0.01044924 0.02052823 0.02025835
 0.00877836 0.00751739 0.01011226 0.0101388  0.00518349 0.00823509
 0.02812714 0.01497858 0.00609259 0.01749588 0.00841477 0.0072344
 0.00835148 0.02158745 0.00655501 0.02534035 0.00844282 0.00894533
 0.00979542 0.02110348 0.00781169 0.00879464 0.01052208 0.012574
 0.01665926 0.00540888 0.00775305 0.01656985 0.02664269 0.01112128
 0.0180089  0.0158936 ]",0.2565473827529896,0.32604310928952857,0.2868359531863248,0.32218739681798336,0.23992093086710817,0.3158510632163723,0.29254793489357483,0.31884083079135106,0.001312808278871621,0.001534619746216738,0.0010506455305616575,0.0010961527844534115,0.04027411230206491,0.024841295838356023,0.009043609526707932,0.007763702121256203,0.00067366361618042,0.00014426469802856446,0.0006965183866680527,0.0003956658680747701,0.02119852517617038,0.012308800176471568,0.008214933163095904,0.006430075250575889
df2,0.1,0.1,0.0,"[1.03159376e-01 2.91764847e-01 5.46398884e-06 9.58129418e-05
 1.40396435e-05 5.40313022e-05 2.41482152e-01 3.00718998e-03
 6.38312357e-02 4.59637254e-01 1.10287908e-04 4.95346404e-02
 1.20265345e-05 3.00718998e-03 6.12251659e-01 2.87103585e-04
 8.95145539e-03 7.20954134e-05 3.69683622e-01 3.48322136e-02
 1.26822204e-04 1.10005675e-02 2.12592488e-03 6.26876255e-04
 1.49691056e-01 1.34646549e-02 2.19534247e-04 1.91681353e-04
 1.32017364e-03 8.06268875e-03 1.10287908e-04 2.68158880e-03
 1.67865304e-03 7.11507895e-04 2.19294824e-02 2.42077577e-06
 3.27832948e-04 2.41040115e-02 2.64676308e-02 1.91681353e-04
 1.73569175e-06 5.40313022e-05 8.82599083e-02 3.18171260e-02
 8.06268875e-03 3.49039701e-01 9.13835051e-04 1.16899447e-03
 1.21765095e-02 3.91087390e-01]","[1.97960446e-01 2.41482152e-01 5.40313022e-05 6.26876255e-04
 2.19534247e-04 1.20265345e-05 2.74233349e-01 3.73964604e-04
 8.06268875e-03 3.29168072e-01 1.03408932e-03 5.39576008e-02
 1.20265345e-05 4.70847031e-03 3.29168072e-01 2.41040115e-02
 2.64676308e-02 8.06268875e-03 4.36093382e-01 1.80967606e-02
 4.85152370e-04 4.70847031e-03 5.85633896e-03 2.90339156e-02
 4.16212987e-02 6.93218252e-02 2.51182002e-04 3.73964604e-04
 3.77043497e-03 1.60771824e-01 8.95145539e-03 1.64147482e-02
 9.92823487e-03 6.52148041e-03 8.15145929e-02 9.58129418e-05
 1.10005675e-02 1.21765095e-02 8.95145539e-03 2.42077577e-06
 8.79830246e-06 1.91681353e-04 5.87165796e-02 3.18171260e-02
 1.64147482e-02 1.29372179e-01 1.16899447e-03 8.15145929e-02
 1.48741570e-02 5.85821277e-01]","[1.03159376e-01 2.91764847e-01 5.46398884e-06 9.58129418e-05
 1.40396435e-05 5.40313022e-05 2.41482152e-01 3.00718998e-03
 6.38312357e-02 4.59637254e-01 1.10287908e-04 4.95346404e-02
 1.20265345e-05 3.00718998e-03 6.12251659e-01 2.87103585e-04
 8.95145539e-03 7.20954134e-05 3.69683622e-01 3.48322136e-02
 1.26822204e-04 1.10005675e-02 2.12592488e-03 6.26876255e-04
 1.49691056e-01 1.34646549e-02 2.19534247e-04 1.91681353e-04
 1.32017364e-03 8.06268875e-03 1.10287908e-04 2.68158880e-03
 1.67865304e-03 7.11507895e-04 2.19294824e-02 2.42077577e-06
 3.27832948e-04 2.41040115e-02 2.64676308e-02 1.91681353e-04
 1.73569175e-06 5.40313022e-05 8.82599083e-02 3.18171260e-02
 8.06268875e-03 3.49039701e-01 9.13835051e-04 1.16899447e-03
 1.21765095e-02 3.91087390e-01]","[1.97960446e-01 2.41482152e-01 5.40313022e-05 6.26876255e-04
 2.19534247e-04 1.20265345e-05 2.74233349e-01 3.73964604e-04
 8.06268875e-03 3.29168072e-01 1.03408932e-03 5.39576008e-02
 1.20265345e-05 4.70847031e-03 3.29168072e-01 2.41040115e-02
 2.64676308e-02 8.06268875e-03 4.36093382e-01 1.80967606e-02
 4.85152370e-04 4.70847031e-03 5.85633896e-03 2.90339156e-02
 4.16212987e-02 6.93218252e-02 2.51182002e-04 3.73964604e-04
 3.77043497e-03 1.60771824e-01 8.95145539e-03 1.64147482e-02
 9.92823487e-03 6.52148041e-03 8.15145929e-02 9.58129418e-05
 1.10005675e-02 1.21765095e-02 8.95145539e-03 2.42077577e-06
 8.79830246e-06 1.91681353e-04 5.87165796e-02 3.18171260e-02
 1.64147482e-02 1.29372179e-01 1.16899447e-03 8.15145929e-02
 1.48741570e-02 5.85821277e-01]","[1.09964881e-01 1.43694955e-01 1.64212386e-05 3.98795517e-05
 2.01579279e-05 2.75419076e-06 2.00749706e-01 9.18007553e-05
 1.00414017e-02 2.42379668e-01 1.59146010e-04 2.88052976e-02
 1.53394995e-07 7.71295778e-04 3.21874916e-01 4.77454180e-05
 5.53079690e-03 7.46568816e-06 3.81515320e-01 1.39103864e-02
 4.82105203e-05 1.60588671e-03 8.20894700e-04 1.09883369e-04
 4.04048937e-02 1.81888028e-03 8.23351771e-05 4.33212353e-05
 2.40462215e-04 7.10382538e-03 3.70775691e-04 4.12559076e-04
 3.02865150e-03 1.97632847e-04 9.65898819e-03 1.18183931e-05
 3.83616633e-05 2.88216818e-03 4.62803465e-03 4.37292307e-05
 6.95480049e-07 2.41684737e-05 4.90833067e-02 1.43980562e-02
 1.04361616e-03 1.93412309e-01 1.40096333e-04 3.35258811e-03
 1.32083257e-03 3.27981108e-01]","[1.42715081e-01 1.36267554e-01 8.58307168e-05 2.27515936e-04
 6.50193357e-04 1.84554824e-05 3.11432829e-01 1.95033836e-05
 7.32913990e-03 1.76615254e-01 8.22991304e-04 9.36182638e-02
 2.90988168e-06 7.04754190e-04 5.00738101e-01 4.12888557e-03
 2.70382256e-02 2.37139409e-03 4.11963600e-01 4.13182168e-03
 6.33504112e-05 1.48123612e-03 4.06527098e-03 5.24100990e-03
 2.85247304e-02 1.89044711e-02 4.76115052e-05 4.04219814e-04
 7.63887919e-04 3.75518985e-02 3.61084194e-03 3.24329570e-03
 9.82545802e-03 8.66217880e-04 3.43695963e-02 1.93955740e-05
 6.22349763e-04 8.41715078e-03 3.61894634e-03 3.33770966e-07
 3.53897986e-06 1.13761706e-05 1.28821254e-01 1.38527854e-02
 2.57047801e-03 8.05192305e-02 4.25252076e-05 1.64831433e-02
 7.95753667e-03 6.18014958e-01]","[9.36954242e-04 8.79990104e-04 1.00000000e-05 1.00000000e-05
 1.00000000e-05 1.00000000e-05 1.99195200e-03 1.00000000e-05
 8.97423652e-05 1.98669074e-03 1.00000000e-05 3.38898317e-04
 1.00000000e-05 1.00000000e-05 2.50000000e-03 1.00000000e-05
 5.69156138e-05 1.00000000e-05 2.50000000e-03 8.37858485e-05
 1.00000000e-05 1.00000000e-05 1.00000000e-05 1.00000000e-05
 3.19665508e-04 1.59181900e-05 1.00000000e-05 1.00000000e-05
 1.00000000e-05 6.62671832e-05 1.00000000e-05 1.00000000e-05
 2.24319639e-05 1.00000000e-05 5.20273967e-05 1.00000000e-05
 1.00000000e-05 1.62280479e-05 3.90404463e-05 1.00000000e-05
 1.00000000e-05 1.00000000e-05 2.96103732e-04 1.09710228e-04
 1.00000000e-05 2.00512683e-03 1.00000000e-05 1.75354707e-05
 1.00000000e-05 2.50000000e-03]","[1.29698893e-03 1.22340254e-03 1.00000000e-05 1.00000000e-05
 1.00000000e-05 1.00000000e-05 2.50000000e-03 1.00000000e-05
 4.37840151e-05 1.69344771e-03 1.00000000e-05 1.25803725e-03
 1.00000000e-05 1.00000000e-05 2.50000000e-03 3.29456748e-05
 2.63645564e-04 1.86232710e-05 2.39201293e-03 2.15797336e-05
 1.00000000e-05 1.01104503e-05 1.01754975e-05 3.16270410e-05
 2.91068665e-04 1.46848646e-04 1.00000000e-05 1.00000000e-05
 1.00000000e-05 2.49508507e-04 2.19629096e-05 1.14629089e-05
 8.57102879e-05 1.00000000e-05 2.68567151e-04 1.00000000e-05
 1.00000000e-05 5.92699182e-05 3.74959569e-05 1.00000000e-05
 1.00000000e-05 1.00000000e-05 1.03056100e-03 1.01018879e-04
 1.40476463e-05 9.19903948e-04 1.00000000e-05 1.10272061e-04
 4.61954737e-05 2.50000000e-03]","[0.04944888 0.0438832  0.07675575 0.05914733 0.06915365 0.05600728
 0.04826835 0.05853577 0.05929437 0.03104705 0.0752381  0.05833418
 0.08782916 0.05190711 0.04278767 0.06296741 0.05281095 0.07953907
 0.05119611 0.05568963 0.06944043 0.06025504 0.0562989  0.09004058
 0.04590814 0.06418121 0.06310943 0.061667   0.04957201 0.0677192
 0.06978352 0.06842651 0.04165556 0.05741896 0.05692924 0.05580321
 0.07223628 0.05295448 0.05371159 0.06287099 0.08229204 0.06530348
 0.06681311 0.06313321 0.05891207 0.04786908 0.05051111 0.05185318
 0.05275829 0.04438461]","[0.03502845 0.02715138 0.05510994 0.0455333  0.04581266 0.04130826
 0.03753726 0.04205833 0.03627884 0.0222887  0.05048026 0.03704847
 0.05703852 0.04837223 0.02396109 0.03011391 0.03145758 0.05434482
 0.02639174 0.03810416 0.0524502  0.03933777 0.03352152 0.05310268
 0.02968574 0.03701336 0.04709787 0.04133246 0.03481892 0.03456649
 0.03809088 0.0395685  0.02457025 0.04636311 0.04029121 0.03211461
 0.05127164 0.04116239 0.04177454 0.04390381 0.0667945  0.04095739
 0.03497729 0.04372378 0.03839311 0.03384952 0.03727582 0.02847678
 0.04068704 0.02730469]","[1.08925984e-04 8.74805859e-04 1.07641168e-10 1.59394900e-06
 9.23576790e-09 6.79820168e-06 1.73006429e-04 2.12744311e-06
 1.48639283e-06 4.14345609e-02 2.71725135e-10 2.33830037e-06
 7.13584733e-14 4.00996936e-05 1.28024875e-03 2.45321262e-07
 2.74331411e-05 1.87708561e-11 5.38060023e-05 7.83794185e-06
 7.87416590e-09 9.37667295e-07 5.96132714e-06 1.46943626e-14
 4.21909464e-04 1.32076662e-07 2.28316642e-07 4.70027398e-07
 1.03727592e-04 2.03066248e-08 6.50063022e-09 1.37980769e-08
 1.87849213e-03 3.57648945e-06 4.47722743e-06 7.44974790e-06
 1.60626623e-09 2.58126189e-05 1.86707084e-05 2.57558503e-07
 3.13734984e-12 7.37248602e-08 3.31180629e-08 2.25583362e-07
 1.78181893e-06 2.01799716e-04 7.11513869e-05 4.10098737e-05
 2.80517168e-05 7.32526880e-04]","[1.44223628e-02 1.02895937e-01 1.01411721e-05 4.84083048e-04
 4.36990937e-04 2.10860870e-03 6.94863257e-03 1.64089231e-03
 1.00858692e-02 2.69464564e-01 7.20460991e-05 8.04276162e-03
 4.25906187e-06 1.66178667e-04 1.97825603e-01 5.20958269e-02
 3.73813112e-02 1.41895627e-05 1.21130262e-01 5.85064952e-03
 3.19462962e-05 3.98837130e-03 2.18271759e-02 2.42355840e-05
 5.77320703e-02 8.12707978e-03 2.70699676e-04 2.09176891e-03
 1.52943607e-02 1.64075839e-02 5.87444552e-03 3.70751643e-03
 1.75738687e-01 3.56531668e-04 2.94138033e-03 3.16140590e-02
 5.21614410e-05 2.21284560e-03 1.80517263e-03 8.68482315e-04
 3.34501450e-08 2.36740517e-03 1.46310689e-02 9.25206089e-04
 5.35427377e-03 1.99755915e-02 7.51571392e-03 7.65486191e-02
 2.58654650e-03 9.95068978e-02]","[0.0007     0.00072074 0.00438559 0.00262797 0.00255764 0.00145757
 0.0006485  0.0021131  0.00271058 0.00018001 0.00248563 0.00217128
 0.00313497 0.00224221 0.00040221 0.0015856  0.00208056 0.00292182
 0.00231445 0.00194025 0.00285757 0.00208986 0.00183117 0.00397432
 0.00012159 0.00355113 0.00221252 0.00209856 0.00127256 0.00270724
 0.00108004 0.00242341 0.00078118 0.00224209 0.00222707 0.00247598
 0.00286639 0.0016371  0.00257361 0.0017755  0.00362408 0.00206459
 0.00304961 0.00240099 0.0017854  0.00228322 0.00125718 0.0005033
 0.00131607 0.00059068]","[ 1.07288361e-05  9.64403152e-05  2.30169296e-03  1.31070614e-03
  9.13143158e-04  4.89592552e-04  9.71555710e-05  1.22320652e-03
  1.21986866e-03 -7.03334808e-05  1.14262104e-03  6.06894493e-04
  1.22249126e-03  1.50275230e-03 -9.26256180e-05  4.78029251e-05
  6.63161278e-04  8.83936882e-04  4.75168228e-04  9.58800316e-04
  1.43873692e-03  7.97033310e-04  4.47630882e-04  1.16455555e-03
 -1.88231468e-04  1.36566162e-03  1.06501579e-03  7.36117363e-04
  4.83155251e-04  8.11934471e-04  2.05636024e-04  8.18014145e-04
  1.27673149e-04  1.48153305e-03  1.16765499e-03  8.52108002e-04
  1.26135349e-03  5.15222549e-04  1.20401382e-03  9.90867615e-04
  2.32875347e-03  8.52823257e-04  1.22439861e-03  9.30309296e-04
  6.72936440e-04  1.36268139e-03  6.43730164e-04 -8.47578049e-05
  4.72068787e-04 -7.15255737e-06]","[0.02330861 0.02451695 0.0511855  0.04395517 0.03888292 0.03103673
 0.02071349 0.03873911 0.04058791 0.01725018 0.03898377 0.03533686
 0.04355349 0.03928799 0.02153059 0.03371541 0.03676687 0.042365
 0.03669634 0.03507332 0.04316647 0.0368076  0.03404068 0.05042086
 0.0138742  0.04650915 0.03875552 0.03661581 0.03084659 0.04154988
 0.02753748 0.04111643 0.02649372 0.03873636 0.03909249 0.03980681
 0.04277945 0.03397505 0.03881376 0.0336948  0.04738798 0.037039
 0.04380352 0.03716823 0.03226602 0.03496953 0.03092469 0.02284545
 0.030717   0.02340184]","[0.0109246  0.01319676 0.03800638 0.03195652 0.02367123 0.02026137
 0.01108153 0.03110134 0.02896429 0.00925521 0.02728076 0.0196077
 0.02867177 0.0318158  0.00902267 0.01348007 0.02271855 0.02476206
 0.01968496 0.02438903 0.03057551 0.02458939 0.01831402 0.03008261
 0.00529836 0.03013443 0.02776376 0.02149618 0.01991857 0.02524949
 0.01705811 0.02746299 0.0160772  0.03224528 0.02908618 0.02558706
 0.03100155 0.02121206 0.02715201 0.02688902 0.03905733 0.02543583
 0.03017437 0.0238595  0.02038936 0.02713116 0.02310561 0.00988952
 0.01937117 0.01217711]",0.06778821383847601,0.06691099380628243,0.1388016274253485,0.12431503996409943,0.042478644768275904,0.05701600805459,0.0939481241253276,0.1299377237560763,0.00034209968458197396,0.0003876054914847807,0.0007325819732824788,0.0007328314194927672,0.05947306923866272,0.039597955169677734,0.011828012364084825,0.009273656599661966,0.0020210933685302734,0.0008028936386108398,0.0009593891736850498,0.000568676024540426,0.035372851162624,0.023152747046776504,0.008189876337911916,0.007665385451159122
df2,0.15000000000000002,0.15000000000000002,0.0,"[3.47919250e-05 8.31541824e-05 3.09615598e-07 1.26822204e-04
 8.31541824e-05 6.24445815e-05 1.23948622e-06 7.25488863e-03
 5.24820678e-07 1.91681353e-04 2.68158880e-03 6.41076366e-06
 1.26822204e-04 2.51182002e-04 1.73569175e-06 7.11507895e-04
 1.02917236e-05 3.47919250e-05 6.24445815e-05 4.03308445e-05
 5.40313022e-05 1.20265345e-05 1.51046944e-07 2.05084189e-06
 7.51402754e-06 4.26159664e-04 2.22014992e-05 3.73964604e-04
 2.42077577e-06 5.46398884e-06 1.63732496e-05 3.47919250e-05
 4.67045972e-05 1.67194217e-04 2.99835482e-05 1.20265345e-05
 1.90755446e-05 2.85456402e-06 2.22014992e-05 2.19294824e-02
 6.41076366e-06 7.42361542e-07 1.03408932e-03 5.51757155e-04
 3.48322136e-02 1.67865304e-03 1.46749215e-06 5.40313022e-05
 4.26159664e-04 1.89004559e-03]","[1.67194217e-04 3.47919250e-05 3.36269816e-06 2.22014992e-05
 2.51182002e-04 9.58129418e-05 4.03308445e-05 4.54286666e-02
 4.40608072e-07 3.77043497e-03 1.80967606e-02 1.32017364e-03
 4.21554189e-03 1.26822204e-04 2.05084189e-06 2.19294824e-02
 1.02917236e-05 6.26876255e-04 8.06268875e-03 1.91681353e-04
 1.89004559e-03 1.67865304e-03 2.16691945e-07 1.45688880e-04
 2.51182002e-04 2.68158880e-03 2.99835482e-05 1.64147482e-02
 5.40313022e-05 1.40396435e-05 2.68158880e-03 6.52148041e-03
 8.06755085e-04 5.39576008e-02 8.31541824e-05 3.73964604e-04
 1.04585220e-06 4.65235514e-06 4.85152370e-04 7.52091658e-02
 2.22014992e-05 3.95729931e-06 3.80948244e-02 6.52148041e-03
 3.80948244e-02 4.21554189e-03 8.31541824e-05 1.32017364e-03
 1.80967606e-02 4.21554189e-03]","[3.47919250e-05 8.31541824e-05 3.09615598e-07 1.26822204e-04
 8.31541824e-05 6.24445815e-05 1.23948622e-06 7.25488863e-03
 5.24820678e-07 1.91681353e-04 2.68158880e-03 6.41076366e-06
 1.26822204e-04 2.51182002e-04 1.73569175e-06 7.11507895e-04
 1.02917236e-05 3.47919250e-05 6.24445815e-05 4.03308445e-05
 5.40313022e-05 1.20265345e-05 1.51046944e-07 2.05084189e-06
 7.51402754e-06 4.26159664e-04 2.22014992e-05 3.73964604e-04
 2.42077577e-06 5.46398884e-06 1.63732496e-05 3.47919250e-05
 4.67045972e-05 1.67194217e-04 2.99835482e-05 1.20265345e-05
 1.90755446e-05 2.85456402e-06 2.22014992e-05 2.19294824e-02
 6.41076366e-06 7.42361542e-07 1.03408932e-03 5.51757155e-04
 3.48322136e-02 1.67865304e-03 1.46749215e-06 5.40313022e-05
 4.26159664e-04 1.89004559e-03]","[1.67194217e-04 3.47919250e-05 3.36269816e-06 2.22014992e-05
 2.51182002e-04 9.58129418e-05 4.03308445e-05 4.54286666e-02
 4.40608072e-07 3.77043497e-03 1.80967606e-02 1.32017364e-03
 4.21554189e-03 1.26822204e-04 2.05084189e-06 2.19294824e-02
 1.02917236e-05 6.26876255e-04 8.06268875e-03 1.91681353e-04
 1.89004559e-03 1.67865304e-03 2.16691945e-07 1.45688880e-04
 2.51182002e-04 2.68158880e-03 2.99835482e-05 1.64147482e-02
 5.40313022e-05 1.40396435e-05 2.68158880e-03 6.52148041e-03
 8.06755085e-04 5.39576008e-02 8.31541824e-05 3.73964604e-04
 1.04585220e-06 4.65235514e-06 4.85152370e-04 7.52091658e-02
 2.22014992e-05 3.95729931e-06 3.80948244e-02 6.52148041e-03
 3.80948244e-02 4.21554189e-03 8.31541824e-05 1.32017364e-03
 1.80967606e-02 4.21554189e-03]","[1.40898707e-06 4.33652896e-06 1.94936167e-09 9.64276983e-07
 1.34963911e-05 3.16603981e-07 5.54555349e-08 3.06587973e-03
 3.74170639e-09 2.95472613e-05 7.02546555e-04 9.53210402e-06
 1.32711030e-05 1.22496053e-04 1.87453823e-07 5.32842650e-04
 4.00167818e-06 1.03598241e-07 8.13986323e-06 6.54278502e-06
 5.05932616e-06 3.00521995e-07 7.28259841e-09 1.28898061e-07
 5.02999755e-07 1.65741028e-04 2.51430598e-07 3.22662150e-05
 8.27371058e-08 5.45791592e-07 9.07193976e-07 7.66464725e-06
 1.56193826e-06 6.67066170e-05 4.79326225e-06 1.97334209e-06
 7.23957924e-07 5.99937706e-08 1.04110377e-07 7.17783341e-03
 2.10140746e-07 5.36741237e-08 6.28581940e-04 1.71611022e-04
 1.18585746e-02 5.98167863e-05 4.56338325e-08 7.79846780e-06
 1.75435079e-04 1.34029357e-03]","[5.12433407e-05 8.44141738e-07 4.45032757e-08 3.17398716e-06
 1.54097118e-04 5.75401287e-06 9.12926939e-07 2.52713544e-02
 1.85170643e-08 5.51988461e-04 9.41382125e-03 3.91679902e-04
 3.47775745e-04 2.02918974e-04 8.50766080e-07 9.84705485e-03
 1.18088747e-06 1.10367301e-05 5.84702742e-04 2.99213057e-06
 1.54711034e-04 8.09831882e-05 1.59127743e-08 2.16631085e-05
 7.98469802e-06 8.87911626e-04 4.35216905e-06 2.45230709e-03
 3.59122756e-06 4.90612183e-07 6.74022270e-05 2.72689314e-03
 3.37663105e-05 1.99570380e-02 2.92553118e-06 3.88415597e-04
 8.44712168e-07 3.04184469e-07 3.94127999e-06 1.17591426e-01
 1.35575304e-06 1.70663639e-07 6.88105181e-03 1.21308137e-03
 3.95440392e-02 8.72466747e-04 5.21057765e-06 6.87264960e-05
 4.10987419e-03 2.54767196e-03]","[1.00000000e-05 1.00000000e-05 1.00000000e-05 1.00000000e-05
 1.00000000e-05 1.00000000e-05 1.00000000e-05 1.74416031e-05
 1.00000000e-05 1.00000000e-05 1.00000000e-05 1.00000000e-05
 1.00000000e-05 1.00000000e-05 1.00000000e-05 1.00000000e-05
 1.00000000e-05 1.00000000e-05 1.00000000e-05 1.00000000e-05
 1.00000000e-05 1.00000000e-05 1.00000000e-05 1.00000000e-05
 1.00000000e-05 1.00000000e-05 1.00000000e-05 1.00000000e-05
 1.00000000e-05 1.00000000e-05 1.00000000e-05 1.00000000e-05
 1.00000000e-05 1.00000000e-05 1.00000000e-05 1.00000000e-05
 1.00000000e-05 1.00000000e-05 1.00000000e-05 3.54819187e-05
 1.00000000e-05 1.00000000e-05 1.00000000e-05 1.00000000e-05
 7.80098359e-05 1.00000000e-05 1.00000000e-05 1.00000000e-05
 1.00000000e-05 1.03412073e-05]","[1.00000000e-05 1.00000000e-05 1.00000000e-05 1.00000000e-05
 1.00000000e-05 1.00000000e-05 1.00000000e-05 1.64362706e-04
 1.00000000e-05 1.00000000e-05 6.94200457e-05 1.00000000e-05
 1.00000000e-05 1.00000000e-05 1.00000000e-05 5.12384871e-05
 1.00000000e-05 1.00000000e-05 1.00000000e-05 1.00000000e-05
 1.00000000e-05 1.00000000e-05 1.00000000e-05 1.00000000e-05
 1.00000000e-05 1.09071502e-05 1.00000000e-05 1.00000000e-05
 1.00000000e-05 1.00000000e-05 1.00000000e-05 2.67739436e-05
 1.00000000e-05 1.09695840e-04 1.00000000e-05 1.00000000e-05
 1.00000000e-05 1.00000000e-05 1.00000000e-05 7.49897806e-04
 1.00000000e-05 1.00000000e-05 4.84796714e-05 1.00000000e-05
 2.42487988e-04 1.00000000e-05 1.00000000e-05 1.00000000e-05
 2.42069310e-05 1.45743112e-05]","[0.09401802 0.06435623 0.07580646 0.07601171 0.08056417 0.08765709
 0.07889605 0.06464234 0.08365583 0.06747633 0.06263024 0.06215319
 0.07398732 0.08406555 0.07578481 0.06002293 0.07827722 0.08056884
 0.07984505 0.08002597 0.08138053 0.08690369 0.08191264 0.08824326
 0.07560158 0.0725398  0.08493942 0.08390456 0.0909431  0.0794207
 0.07967298 0.08458554 0.07988941 0.08372354 0.06909305 0.06363683
 0.09016003 0.08003834 0.08203259 0.05815967 0.09017936 0.08824054
 0.07694322 0.06078193 0.05365211 0.07895561 0.09278775 0.07742513
 0.07045714 0.06803535]","[0.07061438 0.04586742 0.05995874 0.05193135 0.07090317 0.05526283
 0.05659344 0.03328739 0.06420149 0.04265895 0.04158134 0.04947354
 0.04846893 0.06382466 0.05885639 0.04353343 0.06819264 0.05535602
 0.05699657 0.06186197 0.06045484 0.05668618 0.06483167 0.06497478
 0.05360678 0.05991268 0.06589369 0.05130885 0.06606148 0.05928892
 0.05372349 0.05012332 0.05224972 0.04442177 0.04817029 0.04410134
 0.06997221 0.05756542 0.06196574 0.03365836 0.07399253 0.07291549
 0.0410936  0.04046557 0.04104591 0.0504336  0.057493   0.04978572
 0.05685506 0.04623136]","[7.75447738e-16 1.20677357e-07 1.92516620e-10 1.69880593e-10
 9.71164024e-12 8.05611054e-14 2.82569905e-11 1.04067456e-07
 1.26429088e-12 2.31663987e-08 2.90750384e-07 3.69179681e-07
 5.74781377e-10 9.59372207e-13 1.95069498e-10 1.04878707e-06
 4.17558789e-11 9.68238931e-12 1.54328753e-11 1.37407072e-11
 5.71142265e-12 1.36634691e-13 4.02915881e-12 5.32402678e-14
 2.18044967e-10 1.34655190e-09 5.30129488e-13 1.06943625e-12
 7.62301978e-15 2.02439474e-11 1.72309806e-11 6.74564255e-13
 1.49999974e-11 1.20803823e-12 9.55154380e-09 1.74608197e-07
 1.34769163e-14 1.36318999e-11 3.72320978e-12 2.53697705e-06
 1.32894996e-14 5.33429609e-14 9.58832035e-11 7.26009470e-07
 1.91551145e-05 2.72102663e-11 1.95284435e-15 7.11280899e-11
 4.44946300e-09 1.70940095e-08]","[4.07050025e-09 4.28279256e-04 1.08169424e-06 3.96969372e-05
 3.45474720e-09 9.47745829e-06 5.21696718e-06 2.32406798e-02
 1.30703880e-07 1.33798756e-03 1.92561441e-03 1.07865514e-04
 1.60053443e-04 1.58617373e-07 1.82930559e-06 9.88935406e-04
 1.56856397e-08 9.09355848e-06 4.34156560e-06 4.26738033e-07
 8.51198099e-07 5.00168723e-06 9.43197465e-08 8.75453722e-08
 1.95322573e-05 1.10592287e-06 5.40358547e-08 5.13689837e-05
 4.94427181e-08 1.49025608e-06 1.85751614e-05 8.32065953e-05
 3.47521948e-05 7.22895945e-04 1.79694206e-04 8.09995257e-04
 5.84782097e-09 3.34287068e-06 4.05297915e-07 2.10368922e-02
 5.73006337e-10 1.08136328e-09 2.26363754e-03 2.77987859e-03
 2.29948076e-03 7.34197018e-05 3.45648322e-06 9.52597194e-05
 4.63141023e-06 3.74408353e-04]","[0.00719845 0.00164473 0.00227976 0.00352037 0.00399864 0.00532627
 0.00388134 0.00185728 0.0045805  0.00203085 0.00106144 0.00170732
 0.00094271 0.00444615 0.00306904 0.00117254 0.00576162 0.0048784
 0.00375164 0.00274026 0.00418437 0.00345266 0.00510633 0.00670683
 0.00219333 0.00498843 0.00524831 0.00448322 0.00379944 0.00490773
 0.00385666 0.0040971  0.00274074 0.0053997  0.00289392 0.00254011
 0.00376689 0.00406229 0.00260985 0.00136626 0.00442171 0.00384557
 0.00439358 0.00232291 0.00150812 0.00451767 0.00579906 0.00510514
 0.003703   0.00181413]","[4.01318073e-03 5.75661659e-04 1.12891197e-03 1.77538395e-03
 2.45881081e-03 2.04205513e-03 1.69253349e-03 2.35080719e-04
 2.42125988e-03 2.90513039e-04 1.37805939e-04 7.37428665e-04
 5.22136688e-05 2.39431858e-03 1.72865391e-03 2.17676163e-04
 4.33850288e-03 2.29275227e-03 1.81257725e-03 1.27494335e-03
 2.00009346e-03 9.30786133e-04 2.99870968e-03 3.48424911e-03
 5.46813011e-04 3.22306156e-03 3.56161594e-03 1.56295300e-03
 1.13880634e-03 2.63261795e-03 1.82795525e-03 1.09863281e-03
 9.63091850e-04 1.71172619e-03 1.14786625e-03 9.26852226e-04
 2.02906132e-03 1.81436539e-03 1.16336346e-03 1.32441521e-04
 2.51471996e-03 2.46345997e-03 1.69324875e-03 8.54969025e-04
 4.63962555e-04 2.17628479e-03 2.67469883e-03 2.34580040e-03
 1.99317932e-03 5.30481339e-04]","[0.06356656 0.03500718 0.03987133 0.04973739 0.05029494 0.05982368
 0.04996595 0.03445721 0.05322505 0.03648334 0.02911071 0.03599172
 0.02625822 0.04965657 0.04378927 0.02894173 0.05838091 0.05722483
 0.04660915 0.04333628 0.05058233 0.0452923  0.05650859 0.06263503
 0.03952485 0.05401736 0.05474607 0.05353273 0.04773769 0.05464565
 0.05167726 0.04856812 0.0422529  0.05734144 0.04325035 0.03758836
 0.04838602 0.05121519 0.04223756 0.03191188 0.05247696 0.04946863
 0.04922826 0.04042184 0.03407877 0.05624999 0.05970455 0.05616685
 0.04960482 0.03305938]","[0.0472932  0.02364375 0.02935153 0.03612367 0.03889006 0.04006625
 0.03482994 0.01670458 0.03895752 0.01695968 0.01497116 0.02491525
 0.01203151 0.0358911  0.03414939 0.01610742 0.05035729 0.04130409
 0.03323199 0.03157228 0.03567974 0.02576042 0.04415755 0.0462331
 0.02283414 0.04388403 0.04561426 0.03491875 0.02882055 0.04202714
 0.03801988 0.02655103 0.02685147 0.03574075 0.02930709 0.02322008
 0.03643737 0.03606813 0.02934042 0.01536725 0.04043163 0.03999675
 0.03187715 0.02644571 0.02196504 0.04054745 0.04270114 0.03957428
 0.03688778 0.0200418 ]",0.001508567200485606,0.007566999727108647,0.005743156082307575,0.015697085485995004,0.0005245062076248375,0.004929481228918941,0.001953836110008894,0.017599645987892466,1.2025491299679839e-05,3.804089760618198e-05,1.0124257093647906e-05,0.0001098334125060482,0.0772936947774887,0.054974160261154176,0.009674392135018759,0.010016365044251012,0.003633687496185303,0.0016845226287841796,0.0014917634066301511,0.0010358231123564234,0.04691687481973089,0.03249307077205044,0.009334738328703551,0.00948997971117354
df2,0.2,0.2,0.0,"[1.04864874e-07 8.79830246e-06 1.72684385e-13 4.67045972e-05
 1.04864874e-07 2.20772463e-13 3.69535722e-07 3.59754634e-13
 1.90755446e-05 2.18772050e-10 1.03408932e-03 2.59150246e-07
 2.42077577e-06 7.79334122e-10 1.59199965e-08 8.81579698e-07
 1.59199965e-08 2.22014992e-05 1.93100400e-08 1.46749215e-06
 3.35473948e-10 3.09615598e-07 3.69535722e-07 2.42826791e-11
 8.86732425e-09 2.18488808e-09 1.04864874e-07 4.99357648e-08
 1.76400398e-10 4.90739183e-12 1.04585220e-06 3.95729931e-06
 4.90739183e-12 1.81007354e-07 1.25918603e-07 6.26876255e-04
 6.24445815e-05 2.59150246e-07 4.89436847e-09 4.65235514e-06
 1.63732496e-05 8.31541824e-05 1.51046944e-07 6.24445815e-05
 1.90755446e-05 1.23948622e-06 6.02037032e-08 6.02037032e-08
 3.95729931e-06 4.00670801e-09]","[1.46749215e-06 5.40313022e-05 1.31118659e-08 6.41076366e-06
 8.79830246e-06 6.02037032e-08 1.46749215e-06 2.33983459e-08
 2.19534247e-04 7.25098046e-08 3.73964604e-04 1.40396435e-05
 1.73569175e-06 6.24499263e-07 2.33983459e-08 1.73569175e-06
 6.26876255e-04 4.03308445e-05 8.72433497e-08 3.73964604e-04
 3.95729931e-06 1.67194217e-04 3.09615598e-07 3.35473948e-10
 5.40313022e-05 1.04585220e-06 2.99835482e-05 1.23948622e-06
 8.86732425e-09 1.76400398e-10 5.51757155e-04 8.06268875e-03
 7.79334122e-10 1.63732496e-05 1.40396435e-05 2.38884447e-03
 7.20954134e-05 7.20954134e-05 2.85456402e-06 1.91681353e-04
 3.36269816e-06 3.77043497e-03 2.51182002e-04 4.03308445e-05
 1.32017364e-03 3.73964604e-04 8.86732425e-09 6.24499263e-07
 6.24445815e-05 2.18488808e-09]","[1.04864874e-07 8.79830246e-06 1.72684385e-13 4.67045972e-05
 1.04864874e-07 2.20772463e-13 3.69535722e-07 3.59754634e-13
 1.90755446e-05 2.18772050e-10 1.03408932e-03 2.59150246e-07
 2.42077577e-06 7.79334122e-10 1.59199965e-08 8.81579698e-07
 1.59199965e-08 2.22014992e-05 1.93100400e-08 1.46749215e-06
 3.35473948e-10 3.09615598e-07 3.69535722e-07 2.42826791e-11
 8.86732425e-09 2.18488808e-09 1.04864874e-07 4.99357648e-08
 1.76400398e-10 4.90739183e-12 1.04585220e-06 3.95729931e-06
 4.90739183e-12 1.81007354e-07 1.25918603e-07 6.26876255e-04
 6.24445815e-05 2.59150246e-07 4.89436847e-09 4.65235514e-06
 1.63732496e-05 8.31541824e-05 1.51046944e-07 6.24445815e-05
 1.90755446e-05 1.23948622e-06 6.02037032e-08 6.02037032e-08
 3.95729931e-06 4.00670801e-09]","[1.46749215e-06 5.40313022e-05 1.31118659e-08 6.41076366e-06
 8.79830246e-06 6.02037032e-08 1.46749215e-06 2.33983459e-08
 2.19534247e-04 7.25098046e-08 3.73964604e-04 1.40396435e-05
 1.73569175e-06 6.24499263e-07 2.33983459e-08 1.73569175e-06
 6.26876255e-04 4.03308445e-05 8.72433497e-08 3.73964604e-04
 3.95729931e-06 1.67194217e-04 3.09615598e-07 3.35473948e-10
 5.40313022e-05 1.04585220e-06 2.99835482e-05 1.23948622e-06
 8.86732425e-09 1.76400398e-10 5.51757155e-04 8.06268875e-03
 7.79334122e-10 1.63732496e-05 1.40396435e-05 2.38884447e-03
 7.20954134e-05 7.20954134e-05 2.85456402e-06 1.91681353e-04
 3.36269816e-06 3.77043497e-03 2.51182002e-04 4.03308445e-05
 1.32017364e-03 3.73964604e-04 8.86732425e-09 6.24499263e-07
 6.24445815e-05 2.18488808e-09]","[7.11312786e-10 1.39593527e-07 6.30895336e-12 2.59865613e-07
 1.45052391e-08 8.03741518e-11 6.85826118e-09 8.79480933e-11
 4.20910615e-06 7.12024995e-10 3.86526442e-05 1.92232530e-09
 1.03664829e-07 1.09236731e-10 1.23089650e-10 1.12015184e-08
 1.10304210e-10 9.49545818e-07 2.85832469e-11 6.87442477e-08
 2.57784905e-11 1.63548742e-08 9.40192812e-10 2.03025374e-11
 6.76951828e-11 2.58534305e-11 8.45243125e-08 9.47723011e-11
 3.70192765e-12 1.58821289e-10 1.03675006e-08 5.76626071e-08
 2.39708475e-10 1.06509994e-08 1.87882654e-09 7.82538503e-05
 2.78143747e-06 6.54213217e-09 1.85859333e-08 1.26031818e-07
 2.70421131e-07 3.15499414e-06 1.04182318e-09 2.20937946e-06
 5.09146115e-08 2.36339447e-08 6.23268837e-09 4.98048269e-11
 1.23044368e-08 3.97675226e-11]","[4.04218037e-08 1.35442039e-07 1.18786536e-10 4.09489371e-07
 5.46433041e-07 1.81970661e-10 1.08445464e-07 1.05835263e-09
 1.04672039e-05 8.39243341e-10 1.13042952e-04 1.80106019e-07
 5.00458117e-07 9.09335274e-10 3.21995774e-09 3.54424085e-08
 1.10190797e-05 3.04979685e-06 3.19843396e-09 1.59029013e-05
 3.67725439e-07 3.46408609e-06 1.76878955e-08 5.88424087e-10
 9.36411692e-07 1.07934662e-07 4.01089747e-06 1.47944715e-08
 3.30055983e-11 8.45362669e-11 5.24278807e-05 5.07431358e-04
 2.64748223e-10 1.14747216e-07 9.46517093e-06 2.54903219e-04
 4.19731609e-05 1.76448765e-06 2.74753838e-07 1.21549789e-05
 4.41313439e-07 1.60295025e-04 1.16089946e-05 1.59389920e-05
 2.35483339e-05 1.74699419e-05 1.69686770e-08 3.10612436e-09
 1.68645319e-06 8.40254533e-11]","[1.e-05 1.e-05 1.e-05 1.e-05 1.e-05 1.e-05 1.e-05 1.e-05 1.e-05 1.e-05
 1.e-05 1.e-05 1.e-05 1.e-05 1.e-05 1.e-05 1.e-05 1.e-05 1.e-05 1.e-05
 1.e-05 1.e-05 1.e-05 1.e-05 1.e-05 1.e-05 1.e-05 1.e-05 1.e-05 1.e-05
 1.e-05 1.e-05 1.e-05 1.e-05 1.e-05 1.e-05 1.e-05 1.e-05 1.e-05 1.e-05
 1.e-05 1.e-05 1.e-05 1.e-05 1.e-05 1.e-05 1.e-05 1.e-05 1.e-05 1.e-05]","[1.e-05 1.e-05 1.e-05 1.e-05 1.e-05 1.e-05 1.e-05 1.e-05 1.e-05 1.e-05
 1.e-05 1.e-05 1.e-05 1.e-05 1.e-05 1.e-05 1.e-05 1.e-05 1.e-05 1.e-05
 1.e-05 1.e-05 1.e-05 1.e-05 1.e-05 1.e-05 1.e-05 1.e-05 1.e-05 1.e-05
 1.e-05 1.e-05 1.e-05 1.e-05 1.e-05 1.e-05 1.e-05 1.e-05 1.e-05 1.e-05
 1.e-05 1.e-05 1.e-05 1.e-05 1.e-05 1.e-05 1.e-05 1.e-05 1.e-05 1.e-05]","[0.08936258 0.08925775 0.10535017 0.07841865 0.10182342 0.09749439
 0.11233533 0.09900037 0.09659896 0.10292194 0.09065432 0.10093675
 0.08732523 0.10809358 0.0891521  0.08945907 0.09887966 0.09066418
 0.09238436 0.08477782 0.11242205 0.08567838 0.09205163 0.1048774
 0.10761933 0.09926604 0.10444063 0.11546378 0.10456203 0.12023671
 0.09618329 0.09487644 0.11283604 0.09377789 0.10259306 0.07493906
 0.07899429 0.08823769 0.09865107 0.09057503 0.08510907 0.08502504
 0.09328289 0.08022029 0.0823498  0.08819091 0.09932978 0.09768922
 0.08626397 0.11272764]","[0.06060086 0.05823149 0.0787251  0.06781971 0.06889796 0.06749079
 0.08071677 0.07132622 0.0727677  0.07573397 0.06521859 0.06745532
 0.06988769 0.07980259 0.07161959 0.07622438 0.06442287 0.06883491
 0.07854162 0.06045325 0.07530683 0.05114124 0.07864971 0.08104974
 0.06830679 0.07343374 0.07853199 0.08465702 0.08604793 0.09573661
 0.06760091 0.05804858 0.08480595 0.06542698 0.07066762 0.05992942
 0.05826689 0.05859745 0.0767534  0.06689369 0.07385624 0.06359925
 0.0565683  0.05796129 0.05613246 0.05906419 0.08221997 0.06694004
 0.07434763 0.09066339]","[2.39545082e-14 2.58259530e-14 8.79825262e-20 3.82013680e-11
 1.66212075e-18 5.33776729e-17 1.93684483e-22 1.62440078e-17
 1.07343581e-16 6.72708858e-19 9.41103793e-15 3.42481669e-18
 1.01726718e-13 8.34222747e-21 2.78576594e-14 2.23501917e-14
 1.78813969e-17 9.34362546e-15 2.63650589e-15 5.91865543e-13
 1.79070886e-22 3.19489730e-13 3.37384334e-15 1.31228254e-19
 1.25906016e-20 1.31438420e-17 1.89556521e-19 1.09923091e-23
 1.71165541e-19 1.18417237e-25 1.48138511e-16 4.04132462e-16
 1.23026279e-22 9.29524668e-16 8.82840196e-19 3.25401121e-10
 2.65509639e-11 5.34507545e-14 2.14407935e-17 9.97033617e-15
 4.72130642e-13 5.00031820e-13 1.34856798e-15 1.21257533e-11
 3.01981122e-12 5.52528340e-14 1.24915713e-17 4.58109713e-17
 2.13213667e-13 1.35751354e-22]","[7.92928622e-07 2.45331879e-06 3.14854706e-11 1.92263090e-08
 1.06412218e-08 2.29857070e-08 8.79779246e-12 2.71357859e-09
 1.17896389e-09 2.01195190e-10 7.70762451e-08 2.34314795e-08
 6.13193713e-09 1.58586971e-11 2.29323124e-09 1.49175992e-10
 1.16593084e-07 1.10185357e-08 3.53527216e-11 8.51855102e-07
 2.60670686e-10 5.50315004e-05 3.30215603e-11 7.08672146e-12
 1.47348720e-08 7.97558517e-10 3.55680096e-11 6.42575923e-13
 2.47601106e-13 2.09083850e-16 2.16536942e-08 2.67182137e-06
 5.80632689e-13 6.91002961e-08 3.94945932e-09 1.09705481e-06
 2.41306331e-06 2.06666486e-06 1.07796856e-10 3.17168208e-08
 6.21276098e-10 1.77990547e-07 5.27682760e-06 2.78257761e-06
 6.42598695e-06 1.65804589e-06 3.29033966e-12 3.09371341e-08
 4.63803930e-10 9.34904795e-15]","[0.0071454  0.00776625 0.0066855  0.0031594  0.00679266 0.00584233
 0.00600481 0.00534141 0.00468123 0.00718105 0.0054065  0.00650287
 0.00561488 0.00883245 0.00793839 0.00467467 0.00703871 0.0038588
 0.00583684 0.00486743 0.00592732 0.00491512 0.00663626 0.01028419
 0.00945127 0.00775421 0.0070039  0.01078355 0.0086     0.01030207
 0.00613129 0.00558197 0.00570953 0.00576937 0.00699532 0.00468111
 0.003703   0.00426078 0.00533879 0.00573051 0.00342643 0.00290549
 0.0059222  0.00511324 0.00491464 0.00665987 0.00719106 0.00798357
 0.00483894 0.0089047 ]","[0.00401676 0.00411069 0.00336349 0.00179672 0.00321698 0.00250912
 0.00273061 0.00286603 0.00178969 0.00370169 0.00290859 0.00380862
 0.00303292 0.00425422 0.00542319 0.0030328  0.00288868 0.00195146
 0.00321949 0.00219226 0.00245643 0.00169623 0.00432181 0.0069443
 0.00458145 0.0044142  0.00401402 0.00592053 0.0049566  0.00676334
 0.00325429 0.00183284 0.0028528  0.0031426  0.00335348 0.00257289
 0.00156808 0.00156927 0.00307834 0.00321162 0.00189412 0.0010705
 0.00244606 0.00283396 0.00201356 0.00311196 0.00469065 0.00420296
 0.00309217 0.00541115]","[0.06840034 0.06921619 0.06321456 0.04555986 0.06425176 0.05824187
 0.06117309 0.05702059 0.0532861  0.06761361 0.0590349  0.06519658
 0.05907356 0.07160948 0.06931341 0.05648273 0.06704876 0.05119011
 0.06176672 0.05348514 0.05846392 0.05428127 0.06307061 0.08030901
 0.07673691 0.06727998 0.06363359 0.08146063 0.07206658 0.07513804
 0.06159907 0.05857575 0.0562044  0.05858715 0.06397078 0.05366804
 0.05203452 0.05158299 0.057839   0.05899411 0.04897566 0.04371435
 0.06173337 0.05832947 0.05684493 0.06439629 0.06491243 0.06925455
 0.05529783 0.07281276]","[0.05310137 0.0518542  0.04603275 0.03462033 0.04643973 0.03999392
 0.04275038 0.04339106 0.03494298 0.05000983 0.0455323  0.05190009
 0.04479893 0.05122055 0.05806403 0.04571871 0.04536783 0.03815727
 0.04563205 0.03601825 0.03967533 0.03402715 0.05074732 0.06692058
 0.05579309 0.05166643 0.04901207 0.06232866 0.05541771 0.06135075
 0.04660573 0.03659974 0.04106291 0.04477302 0.04559195 0.0412118
 0.03617307 0.03259912 0.04436214 0.04545369 0.03840252 0.02830246
 0.04241054 0.04552748 0.03913278 0.04569449 0.05166278 0.05137625
 0.04527867 0.05818444]",4.046884684505965e-05,0.00038355983349276824,0.0001672694786252429,0.0012699190209405705,2.6303619252354693e-06,2.5517743558407523e-05,1.2093922707728814e-05,8.184171341857184e-05,1e-05,1e-05,0.0,0.0,0.09586722194194794,0.07051953327417375,0.010398418214798455,0.009732775692529387,0.0062918257713317875,0.003321723937988281,0.0018105154093705667,0.0013007490825983688,0.06167894703162256,0.04585782392803933,0.008217952899727134,0.008007327738731336
df2,0.25,0.25,0.0,"[9.59715417e-10 3.69535722e-07 1.19798113e-12 2.43574207e-12
 4.14795066e-10 1.14339735e-10 5.83855471e-13 4.00670801e-09
 4.14795066e-10 3.07948375e-12 7.79334122e-10 5.83855471e-13
 7.79334122e-10 2.26988766e-15 2.67703473e-09 1.45098666e-09
 3.07948375e-12 5.83855471e-13 2.18488808e-09 2.42826791e-11
 3.09615598e-07 1.31118659e-08 1.93100400e-08 9.59715417e-10
 1.93824891e-11 1.18065325e-09 2.20772463e-13 2.33262567e-14
 2.43574207e-12 6.39848579e-14 2.43574207e-12 8.86732425e-09
 1.23948622e-06 5.12353012e-10 9.59715417e-10 1.04585220e-06
 9.19151252e-11 2.16691945e-07 1.54554888e-11 7.38137688e-11
 9.79737413e-12 1.19798113e-12 8.72433497e-08 2.20772463e-13
 1.31118659e-08 3.59754634e-13 7.38137688e-11 3.27672622e-09
 1.18065325e-09 3.03909276e-11]","[3.42511079e-08 7.28113471e-09 1.25918603e-07 2.42826791e-11
 3.09615598e-07 6.24499263e-07 8.86732425e-09 2.59150246e-07
 1.04864874e-07 1.14339735e-10 2.33983459e-08 1.25918603e-07
 2.18488808e-09 8.21358136e-14 6.24499263e-07 7.25098046e-08
 4.97944383e-14 1.76400398e-10 9.59715417e-10 2.16691945e-07
 1.02917236e-05 3.09615598e-07 1.46749215e-06 1.07881685e-08
 4.13773042e-08 7.28113471e-09 3.07948375e-12 5.92172623e-11
 1.23116467e-11 1.25918603e-07 1.78141737e-09 4.00670801e-09
 1.90755446e-05 1.59199965e-08 2.59150246e-07 1.40396435e-05
 1.31118659e-08 8.81579698e-07 3.09615598e-07 3.69535722e-07
 1.23948622e-06 1.78141737e-09 1.46749215e-06 3.35473948e-10
 2.67703473e-09 3.35473948e-10 2.18772050e-10 5.46398884e-06
 2.18488808e-09 1.76400398e-10]","[9.59715417e-10 3.69535722e-07 1.19798113e-12 2.43574207e-12
 4.14795066e-10 1.14339735e-10 5.83855471e-13 4.00670801e-09
 4.14795066e-10 3.07948375e-12 7.79334122e-10 5.83855471e-13
 7.79334122e-10 2.26988766e-15 2.67703473e-09 1.45098666e-09
 3.07948375e-12 5.83855471e-13 2.18488808e-09 2.42826791e-11
 3.09615598e-07 1.31118659e-08 1.93100400e-08 9.59715417e-10
 1.93824891e-11 1.18065325e-09 2.20772463e-13 2.33262567e-14
 2.43574207e-12 6.39848579e-14 2.43574207e-12 8.86732425e-09
 1.23948622e-06 5.12353012e-10 9.59715417e-10 1.04585220e-06
 9.19151252e-11 2.16691945e-07 1.54554888e-11 7.38137688e-11
 9.79737413e-12 1.19798113e-12 8.72433497e-08 2.20772463e-13
 1.31118659e-08 3.59754634e-13 7.38137688e-11 3.27672622e-09
 1.18065325e-09 3.03909276e-11]","[3.42511079e-08 7.28113471e-09 1.25918603e-07 2.42826791e-11
 3.09615598e-07 6.24499263e-07 8.86732425e-09 2.59150246e-07
 1.04864874e-07 1.14339735e-10 2.33983459e-08 1.25918603e-07
 2.18488808e-09 8.21358136e-14 6.24499263e-07 7.25098046e-08
 4.97944383e-14 1.76400398e-10 9.59715417e-10 2.16691945e-07
 1.02917236e-05 3.09615598e-07 1.46749215e-06 1.07881685e-08
 4.13773042e-08 7.28113471e-09 3.07948375e-12 5.92172623e-11
 1.23116467e-11 1.25918603e-07 1.78141737e-09 4.00670801e-09
 1.90755446e-05 1.59199965e-08 2.59150246e-07 1.40396435e-05
 1.31118659e-08 8.81579698e-07 3.09615598e-07 3.69535722e-07
 1.23948622e-06 1.78141737e-09 1.46749215e-06 3.35473948e-10
 2.67703473e-09 3.35473948e-10 2.18772050e-10 5.46398884e-06
 2.18488808e-09 1.76400398e-10]","[6.58327837e-11 1.36486523e-08 5.93093241e-10 1.38717926e-11
 4.15871781e-11 2.39949283e-10 6.87604418e-11 2.57205368e-11
 1.63878577e-10 3.59204888e-11 3.81224385e-10 7.67496067e-11
 2.23488672e-10 8.23164870e-11 8.67954597e-11 3.82076593e-11
 3.41631168e-11 1.91622163e-10 4.74845718e-11 3.14802739e-10
 2.98999936e-10 2.69080314e-11 5.06978370e-09 3.06310532e-11
 2.24688046e-11 2.41932585e-10 1.47805879e-10 2.05945261e-11
 3.68628461e-11 2.44848586e-11 1.01123554e-11 2.56074051e-11
 5.73729229e-08 5.63645353e-10 9.78800374e-11 7.93528965e-09
 1.49977808e-11 6.42168541e-11 2.96328073e-10 2.04846251e-10
 8.45248316e-11 5.52228263e-11 9.36792866e-11 1.00288999e-10
 3.10397263e-11 4.28981295e-10 6.33659791e-12 8.22386603e-11
 1.20374932e-10 7.97228283e-10]","[6.79706624e-10 2.39126308e-09 4.41160303e-08 7.80563392e-11
 2.93459812e-10 7.29763006e-09 2.57094346e-11 7.85010168e-10
 1.19408350e-09 7.97739652e-12 8.91585694e-11 9.46550616e-11
 1.94359528e-10 2.51152432e-10 6.84452273e-10 7.73491382e-10
 5.14044363e-12 7.48216711e-10 7.28686000e-11 7.73618947e-11
 7.14115242e-07 6.87558455e-10 5.64127434e-07 4.43102222e-11
 2.63289734e-09 3.42165885e-09 6.23889829e-12 8.15987833e-10
 1.86455296e-11 1.36730183e-09 6.89349688e-11 4.35268488e-11
 3.63767895e-06 5.21144239e-11 1.33616005e-08 3.86340082e-06
 3.47709639e-11 3.59756269e-09 1.44058754e-09 1.24242111e-08
 1.81395321e-08 3.60857677e-10 6.12328865e-08 1.08055453e-10
 2.64178679e-11 2.16413887e-10 4.70407047e-11 4.62727819e-08
 1.29506073e-10 1.86621385e-10]","[1.e-05 1.e-05 1.e-05 1.e-05 1.e-05 1.e-05 1.e-05 1.e-05 1.e-05 1.e-05
 1.e-05 1.e-05 1.e-05 1.e-05 1.e-05 1.e-05 1.e-05 1.e-05 1.e-05 1.e-05
 1.e-05 1.e-05 1.e-05 1.e-05 1.e-05 1.e-05 1.e-05 1.e-05 1.e-05 1.e-05
 1.e-05 1.e-05 1.e-05 1.e-05 1.e-05 1.e-05 1.e-05 1.e-05 1.e-05 1.e-05
 1.e-05 1.e-05 1.e-05 1.e-05 1.e-05 1.e-05 1.e-05 1.e-05 1.e-05 1.e-05]","[1.e-05 1.e-05 1.e-05 1.e-05 1.e-05 1.e-05 1.e-05 1.e-05 1.e-05 1.e-05
 1.e-05 1.e-05 1.e-05 1.e-05 1.e-05 1.e-05 1.e-05 1.e-05 1.e-05 1.e-05
 1.e-05 1.e-05 1.e-05 1.e-05 1.e-05 1.e-05 1.e-05 1.e-05 1.e-05 1.e-05
 1.e-05 1.e-05 1.e-05 1.e-05 1.e-05 1.e-05 1.e-05 1.e-05 1.e-05 1.e-05
 1.e-05 1.e-05 1.e-05 1.e-05 1.e-05 1.e-05 1.e-05 1.e-05 1.e-05 1.e-05]","[0.11275869 0.09760386 0.12359152 0.120647   0.11690122 0.11540621
 0.11617715 0.10695908 0.09974752 0.1088497  0.12332076 0.11288742
 0.11161769 0.11838209 0.1185874  0.11651538 0.11893296 0.12434217
 0.12136483 0.11150066 0.10055304 0.11234634 0.091304   0.11975408
 0.11250083 0.11223545 0.11223369 0.12970551 0.10585502 0.13560862
 0.12541808 0.09638754 0.10886431 0.11850243 0.11362779 0.11023175
 0.11355805 0.11431392 0.11227022 0.10774016 0.1208302  0.11894978
 0.10377269 0.12911807 0.11684454 0.11042844 0.1082868  0.11651964
 0.10919118 0.11802428]","[0.08873781 0.07789999 0.07533532 0.09753739 0.08777272 0.08940483
 0.08500147 0.08561198 0.07564847 0.0901457  0.0949569  0.07634843
 0.09095795 0.10241049 0.0858853  0.0955982  0.09574194 0.09365638
 0.09020728 0.08996478 0.07390437 0.08617353 0.06078986 0.08355265
 0.0776543  0.08365349 0.08601809 0.09014956 0.08440881 0.09438399
 0.09218182 0.08530318 0.08760531 0.08853618 0.08146838 0.07530271
 0.08139695 0.0797248  0.07657124 0.0903945  0.08251864 0.08628202
 0.0732619  0.09670075 0.0901031  0.08801039 0.09314515 0.07725757
 0.08560704 0.0961814 ]","[1.31978997e-22 4.89862279e-17 4.38609876e-27 7.95246869e-26
 2.86404718e-24 1.15966948e-23 5.65098418e-24 2.22636855e-20
 8.94136042e-18 4.31154197e-21 5.74220387e-27 1.17415190e-22
 3.69864110e-22 7.03999253e-25 5.78724240e-25 4.11608318e-24
 4.15816824e-25 2.07181897e-27 3.94958185e-26 4.10853337e-22
 4.67359938e-18 1.91765602e-22 5.85259053e-15 1.88818573e-25
 1.66742954e-22 2.11986816e-22 2.12323457e-22 8.52823597e-30
 5.72948349e-20 1.53852090e-32 7.01449909e-28 1.26475349e-16
 4.25670261e-21 6.27641934e-25 5.97761575e-23 1.27488166e-21
 6.37128282e-23 3.18479108e-23 2.05429081e-22 1.13390311e-20
 6.65433993e-26 4.09167622e-25 3.31647353e-19 1.57441284e-29
 3.02099111e-24 1.07055871e-21 7.05058249e-21 4.09965596e-24
 3.19529610e-21 9.89766704e-25]","[3.74569096e-14 5.28981600e-11 2.56218050e-10 5.16083252e-17
 7.42569739e-14 2.32385363e-14 5.08148329e-13 3.34422536e-13
 2.11926072e-10 1.36175362e-14 3.80068046e-16 1.38261649e-10
 7.54072861e-15 1.02625101e-18 2.77032972e-13 2.32567853e-16
 2.08226972e-16 1.01861799e-15 1.30232501e-14 1.55224150e-14
 6.03795143e-10 2.26996115e-13 7.23208058e-07 1.35499631e-12
 6.16701953e-11 1.26627712e-12 2.52760525e-13 1.35795290e-14
 7.60535104e-13 5.87765882e-16 3.06385517e-15 4.13390053e-13
 8.35521088e-14 4.32409772e-14 5.39256798e-12 2.61320230e-10
 5.65044137e-12 1.66688324e-11 1.20587210e-10 1.13689196e-14
 2.70042350e-12 2.10562428e-13 8.82480392e-10 9.91812577e-17
 1.40442436e-14 6.27836696e-14 1.49516512e-15 7.89275953e-11
 3.35561493e-13 1.48355701e-16]","[0.008237   0.00542903 0.00893581 0.00945556 0.01095581 0.0094142
 0.00834012 0.00653291 0.0040884  0.00760829 0.0092839  0.00824726
 0.00639713 0.01515424 0.00823176 0.00848603 0.01357722 0.01324153
 0.01005661 0.00986075 0.00834167 0.00732052 0.00269389 0.00766516
 0.00945866 0.0079782  0.00940704 0.00976861 0.00899184 0.01489854
 0.00752354 0.00810802 0.00907052 0.0096792  0.00733137 0.0075953
 0.00757051 0.00766385 0.00920045 0.00746346 0.00789416 0.00930905
 0.00712442 0.00908148 0.00915623 0.00819004 0.00712955 0.00836921
 0.00923383 0.00774276]","[0.00466311 0.00296474 0.00335884 0.00505304 0.00686824 0.00497556
 0.00428212 0.00387573 0.00161445 0.00472164 0.00507736 0.00437534
 0.00416899 0.01065683 0.00460494 0.00522673 0.00886703 0.00804269
 0.0058614  0.00608265 0.00442946 0.00429201 0.00069535 0.00345695
 0.00345397 0.00349772 0.00523889 0.00524879 0.00579441 0.00811779
 0.00352752 0.00567305 0.00524282 0.00535429 0.00423598 0.00319588
 0.00349426 0.00351608 0.00468576 0.00396514 0.00379789 0.00594199
 0.00348401 0.00438595 0.00504243 0.00406992 0.0038656  0.00375223
 0.00543165 0.00484014]","[0.06980126 0.0572658  0.07178165 0.07661968 0.08247065 0.07806428
 0.07247075 0.06319687 0.05183284 0.06848993 0.07413817 0.06939607
 0.06409873 0.09532466 0.07117722 0.07377143 0.0916333  0.08847651
 0.0785227  0.0767473  0.07179843 0.06630526 0.04146474 0.07041028
 0.07622199 0.06915213 0.07376129 0.07672892 0.07388859 0.09336795
 0.06887621 0.07184568 0.07244658 0.07776529 0.06901076 0.06785401
 0.06926629 0.06804566 0.07351648 0.06762142 0.06941456 0.07716058
 0.06687465 0.07317441 0.07135095 0.07241072 0.06673536 0.06921055
 0.07580218 0.06848808]","[0.05452651 0.04366536 0.04733681 0.05618638 0.06707709 0.05844403
 0.05354725 0.04992195 0.03456384 0.05506005 0.05684108 0.05349288
 0.05210625 0.08019841 0.05490266 0.05816139 0.07517229 0.07029678
 0.06232497 0.06094859 0.05303402 0.05241318 0.02357841 0.04991416
 0.04857041 0.04686055 0.05642072 0.05828724 0.06076111 0.0709863
 0.04935883 0.06076339 0.0560438  0.05943688 0.05471594 0.04614181
 0.04963164 0.04728454 0.05197292 0.05046965 0.05085226 0.06339363
 0.04821259 0.05355479 0.05417556 0.05315778 0.04934989 0.04821148
 0.05955404 0.05514011]",6.690070473901668e-08,1.1588752625724114e-06,2.321282647977839e-07,3.5712383223212246e-06,1.8136071155971934e-09,1.801184050309601e-07,8.25162244895585e-09,7.399086624112959e-07,1e-05,1e-05,0.0,0.0,0.11402139501571655,0.08594129988431931,0.008486137002225945,0.007812841774761986,0.008649892807006836,0.004741387367248535,0.0021819132943887497,0.0016607627795759156,0.07210499601444195,0.05454044409600518,0.008884050220024888,0.009082329687139144
df2,0.30000000000000004,0.30000000000000004,0.0,"[1.19798113e-12 8.92004797e-20 7.11203305e-19 5.83855471e-13
 2.93930826e-19 3.87118023e-14 9.43717929e-13 1.54798729e-16
 6.78067547e-17 2.81965513e-13 2.43574207e-12 6.60370667e-20
 1.39985076e-14 2.66308246e-20 9.53441021e-18 4.58538879e-13
 1.05328756e-13 4.58740572e-16 1.34933703e-13 1.42091476e-10
 1.08277464e-14 2.33262567e-14 6.39848579e-14 5.13913233e-17
 7.11203305e-19 1.34933703e-13 1.05328756e-13 1.74328977e-15
 1.79605588e-22 7.84899525e-16 1.81007354e-07 2.67024896e-16
 2.22374207e-17 8.92004797e-20 4.05057199e-18 4.98033280e-15
 2.94303610e-17 2.27745029e-18 1.39985076e-14 2.33262567e-14
 8.92004797e-20 3.87118023e-14 3.07948375e-12 9.19151252e-11
 4.03308445e-05 3.87118023e-14 8.36667685e-15 1.62253462e-19
 4.58740572e-16 1.05328756e-13]","[1.19798113e-12 3.03909276e-11 1.05328756e-13 2.18488808e-09
 6.39848579e-14 3.79972059e-11 3.79972059e-11 4.97944383e-14
 5.83855471e-13 1.51046944e-07 7.42666811e-13 4.90739183e-12
 1.14339735e-10 5.13913233e-17 8.36667685e-15 1.51920849e-12
 7.79334122e-10 6.39848579e-14 6.18553174e-12 1.81007354e-07
 7.42666811e-13 1.08277464e-14 1.76400398e-10 1.19798113e-12
 1.51920849e-12 3.09615598e-07 1.19798113e-12 9.79737413e-12
 1.08277464e-14 1.92461767e-12 4.40608072e-07 3.00652497e-14
 2.42826791e-11 1.70510155e-18 9.79737413e-12 6.18553174e-12
 9.43717929e-13 5.92172623e-11 4.90739183e-12 2.43574207e-12
 1.42091476e-10 6.18553174e-12 4.00670801e-09 2.18772050e-10
 4.26159664e-04 3.88941584e-12 1.34933703e-13 8.36667685e-15
 6.00359848e-16 6.32216726e-10]","[1.19798113e-12 8.92004797e-20 7.11203305e-19 5.83855471e-13
 2.93930826e-19 3.87118023e-14 9.43717929e-13 1.54798729e-16
 6.78067547e-17 2.81965513e-13 2.43574207e-12 6.60370667e-20
 1.39985076e-14 2.66308246e-20 9.53441021e-18 4.58538879e-13
 1.05328756e-13 4.58740572e-16 1.34933703e-13 1.42091476e-10
 1.08277464e-14 2.33262567e-14 6.39848579e-14 5.13913233e-17
 7.11203305e-19 1.34933703e-13 1.05328756e-13 1.74328977e-15
 1.79605588e-22 7.84899525e-16 1.81007354e-07 2.67024896e-16
 2.22374207e-17 8.92004797e-20 4.05057199e-18 4.98033280e-15
 2.94303610e-17 2.27745029e-18 1.39985076e-14 2.33262567e-14
 8.92004797e-20 3.87118023e-14 3.07948375e-12 9.19151252e-11
 4.03308445e-05 3.87118023e-14 8.36667685e-15 1.62253462e-19
 4.58740572e-16 1.05328756e-13]","[1.19798113e-12 3.03909276e-11 1.05328756e-13 2.18488808e-09
 6.39848579e-14 3.79972059e-11 3.79972059e-11 4.97944383e-14
 5.83855471e-13 1.51046944e-07 7.42666811e-13 4.90739183e-12
 1.14339735e-10 5.13913233e-17 8.36667685e-15 1.51920849e-12
 7.79334122e-10 6.39848579e-14 6.18553174e-12 1.81007354e-07
 7.42666811e-13 1.08277464e-14 1.76400398e-10 1.19798113e-12
 1.51920849e-12 3.09615598e-07 1.19798113e-12 9.79737413e-12
 1.08277464e-14 1.92461767e-12 4.40608072e-07 3.00652497e-14
 2.42826791e-11 1.70510155e-18 9.79737413e-12 6.18553174e-12
 9.43717929e-13 5.92172623e-11 4.90739183e-12 2.43574207e-12
 1.42091476e-10 6.18553174e-12 4.00670801e-09 2.18772050e-10
 4.26159664e-04 3.88941584e-12 1.34933703e-13 8.36667685e-15
 6.00359848e-16 6.32216726e-10]","[3.96857769e-10 6.54224785e-10 1.40831791e-09 2.28912778e-10
 2.53893906e-10 4.76235718e-11 2.32078357e-10 4.26060298e-10
 4.20053214e-10 8.24121882e-11 2.27782793e-10 2.14723372e-09
 8.27793389e-11 3.60458219e-10 8.72207861e-11 6.40533959e-10
 3.46627060e-10 9.90719728e-11 5.58025959e-10 1.55691682e-10
 1.32061806e-10 1.08766218e-10 4.14582813e-11 7.75925990e-11
 6.95498215e-10 1.00603181e-09 5.02967556e-10 1.42902579e-10
 1.60779312e-09 3.37496808e-10 7.16830595e-10 1.47038937e-10
 1.29367972e-09 4.69823180e-10 1.40520817e-09 9.35417410e-10
 1.07730602e-10 4.06629175e-11 2.38107534e-10 7.91590127e-11
 6.77221834e-10 9.05040487e-11 1.30215505e-10 6.64048927e-10
 2.13919057e-06 8.68052297e-11 2.06067607e-10 2.09777051e-09
 4.05773970e-10 1.17906451e-09]","[2.80823143e-11 3.15536486e-11 1.23740429e-09 2.67983413e-11
 1.19084420e-09 4.82220930e-11 2.51394572e-10 4.29058900e-10
 7.52286011e-11 8.79151751e-10 3.40316664e-11 1.28145383e-10
 2.31738739e-10 1.71786185e-09 1.46529733e-09 2.32376340e-11
 7.15459358e-10 1.96517247e-11 5.15296250e-10 1.30626665e-09
 1.94635086e-10 1.86904936e-11 7.52575779e-11 2.59477995e-11
 7.31390504e-11 5.53140866e-11 2.59008370e-11 9.56124069e-12
 3.37884165e-11 3.38251649e-11 2.72692855e-08 1.86939353e-11
 1.37967748e-10 4.23529767e-10 2.21293428e-10 7.41950945e-12
 8.32518499e-11 2.83867041e-10 1.63799085e-10 3.99329569e-10
 3.55994123e-11 6.84278190e-11 1.34454003e-10 4.96381825e-10
 2.58574112e-05 2.07236339e-10 7.19974080e-10 4.85808616e-10
 2.01043626e-11 5.91918736e-11]","[1.e-05 1.e-05 1.e-05 1.e-05 1.e-05 1.e-05 1.e-05 1.e-05 1.e-05 1.e-05
 1.e-05 1.e-05 1.e-05 1.e-05 1.e-05 1.e-05 1.e-05 1.e-05 1.e-05 1.e-05
 1.e-05 1.e-05 1.e-05 1.e-05 1.e-05 1.e-05 1.e-05 1.e-05 1.e-05 1.e-05
 1.e-05 1.e-05 1.e-05 1.e-05 1.e-05 1.e-05 1.e-05 1.e-05 1.e-05 1.e-05
 1.e-05 1.e-05 1.e-05 1.e-05 1.e-05 1.e-05 1.e-05 1.e-05 1.e-05 1.e-05]","[1.e-05 1.e-05 1.e-05 1.e-05 1.e-05 1.e-05 1.e-05 1.e-05 1.e-05 1.e-05
 1.e-05 1.e-05 1.e-05 1.e-05 1.e-05 1.e-05 1.e-05 1.e-05 1.e-05 1.e-05
 1.e-05 1.e-05 1.e-05 1.e-05 1.e-05 1.e-05 1.e-05 1.e-05 1.e-05 1.e-05
 1.e-05 1.e-05 1.e-05 1.e-05 1.e-05 1.e-05 1.e-05 1.e-05 1.e-05 1.e-05
 1.e-05 1.e-05 1.e-05 1.e-05 1.e-05 1.e-05 1.e-05 1.e-05 1.e-05 1.e-05]","[0.12124519 0.13733851 0.14407744 0.12588966 0.15351196 0.13143626
 0.12989534 0.14135933 0.13701904 0.12010076 0.12892077 0.12941773
 0.1313634  0.14827501 0.14917891 0.1406231  0.13217218 0.13693027
 0.11787961 0.11198562 0.13654285 0.12579331 0.12753128 0.13749308
 0.15047113 0.1334332  0.13398258 0.13238943 0.15435552 0.12205058
 0.10321895 0.14268664 0.13327697 0.14996003 0.14200436 0.1348298
 0.12465209 0.14525348 0.1212985  0.13035562 0.14967397 0.14466486
 0.12196869 0.11130612 0.11650436 0.12338441 0.13726031 0.15735931
 0.13953462 0.13364891]","[0.1045275  0.09865817 0.10263923 0.08501672 0.10764776 0.10281302
 0.09950229 0.10557708 0.09917386 0.08894884 0.10828312 0.09809583
 0.10633522 0.12014984 0.12134516 0.11542427 0.09985072 0.11509488
 0.0991618  0.08588184 0.10963534 0.10982274 0.10244788 0.10579368
 0.11712223 0.09857981 0.11284455 0.09484637 0.10364058 0.08802491
 0.08392502 0.1214208  0.10280924 0.12942076 0.10703783 0.10453971
 0.09208702 0.11263456 0.09154357 0.10149972 0.10170209 0.12538299
 0.09222609 0.096318   0.08734688 0.10143783 0.10966683 0.12281241
 0.12096867 0.09386536]","[4.43953391e-26 2.28851139e-33 1.08144841e-36 4.35053488e-28
 1.27508621e-41 1.37800348e-30 6.99119932e-30 2.48226791e-35
 3.25976223e-33 1.35075642e-25 1.93317722e-29 1.15198872e-29
 1.48863925e-30 7.59617169e-39 2.56232304e-39 5.73994507e-35
 6.30130794e-31 3.59592331e-33 1.13559595e-24 2.65601749e-22
 5.51451882e-33 4.79727199e-28 8.13236674e-29 1.92791917e-33
 5.35589390e-40 1.63177588e-31 9.02100440e-32 4.99738835e-31
 4.46007479e-42 2.01594082e-26 5.25879512e-19 5.41522076e-36
 1.93047798e-31 9.96379961e-40 1.18657153e-35 3.59911633e-32
 1.51805464e-27 2.73547196e-37 4.21419691e-26 4.31280883e-30
 1.40898338e-39 5.45057155e-37 2.18495416e-26 4.89161880e-22
 4.15889010e-24 5.39012189e-27 2.49568650e-33 1.00963233e-43
 1.96610990e-34 1.29335528e-31]","[1.76209157e-19 2.13205022e-17 8.49828545e-19 5.02882299e-13
 1.22843211e-20 7.36154108e-19 1.08824084e-17 7.25743806e-20
 1.41468765e-17 3.22186128e-14 7.07323884e-21 3.32641891e-17
 3.80270660e-20 1.28808655e-25 4.02629299e-26 1.14036456e-23
 8.23061714e-18 1.54816440e-23 1.42836219e-17 2.77693379e-13
 2.16096976e-21 1.83135624e-21 9.95122048e-19 6.03666971e-20
 2.32553200e-24 2.26872093e-17 1.22078531e-22 4.13507649e-16
 3.70289185e-19 6.21426024e-14 1.05478854e-12 3.73917615e-26
 7.38457936e-19 1.14835467e-29 2.08042124e-20 1.74409089e-19
 3.28665136e-15 1.47712027e-22 4.90803033e-15 2.16574029e-18
 1.83564159e-18 7.26780630e-28 2.96496503e-15 1.33474949e-16
 1.00192838e-13 2.27794486e-18 2.10174689e-21 9.50701143e-27
 5.81463407e-26 8.70188036e-16]","[0.01348805 0.01199782 0.01409209 0.0117656  0.01775491 0.00980055
 0.00971031 0.01444745 0.01527262 0.01005769 0.01064098 0.01267421
 0.01396108 0.01885104 0.01195419 0.01297116 0.01001835 0.01471555
 0.0095526  0.00998902 0.01532614 0.01249516 0.01027799 0.01015913
 0.01655221 0.01013541 0.01218224 0.01034999 0.01885605 0.00764298
 0.00793242 0.01439929 0.01502907 0.01628757 0.01558065 0.00970078
 0.00852799 0.01553142 0.01363754 0.01229227 0.01540411 0.01191819
 0.00977981 0.00934875 0.00868452 0.01006067 0.01384854 0.01706779
 0.01199794 0.01524305]","[0.00915921 0.00582874 0.00810647 0.0061909  0.00958836 0.00575781
 0.0047797  0.00794387 0.00853813 0.00557137 0.00732553 0.00727642
 0.00842464 0.01332307 0.00763452 0.00796223 0.00596666 0.01041353
 0.0061233  0.005741   0.00961089 0.00907052 0.00662148 0.00534451
 0.00978661 0.00535262 0.0083456  0.00528789 0.00970817 0.00409317
 0.00440085 0.00969112 0.0101018  0.01265395 0.01021612 0.00588
 0.00444496 0.00981271 0.00782561 0.00746143 0.00795174 0.00807798
 0.00570846 0.0061084  0.00482881 0.00559449 0.00827122 0.00937676
 0.00745702 0.00860858]","[0.09044148 0.08604932 0.09207646 0.08143504 0.10078783 0.07488347
 0.07612265 0.09506113 0.09571277 0.07964127 0.0817243  0.08690512
 0.09156001 0.10762731 0.08534092 0.08729251 0.07837565 0.09463255
 0.07959165 0.0797358  0.09686607 0.08788432 0.08041883 0.07974936
 0.09936664 0.07650512 0.08788027 0.08000933 0.10568577 0.06887359
 0.06962046 0.09412391 0.09598672 0.10195206 0.09546094 0.07496043
 0.07254742 0.09455742 0.08913744 0.08576481 0.09518272 0.08642736
 0.07767232 0.07745546 0.0714703  0.07909028 0.09138213 0.09915179
 0.08597986 0.09506534]","[0.07556303 0.06208731 0.07168862 0.06121529 0.07654345 0.05957128
 0.05512004 0.07312342 0.07332481 0.06089908 0.06889976 0.06723781
 0.07342811 0.09250713 0.07033077 0.06951177 0.06298602 0.08035391
 0.0648034  0.06209034 0.07795537 0.07510855 0.06592129 0.06035496
 0.07798793 0.0575244  0.07410737 0.05988016 0.07912346 0.05309109
 0.0534317  0.0785239  0.08006433 0.09093468 0.0786788  0.05910068
 0.05438685 0.07609327 0.06941139 0.06873814 0.07056958 0.07188715
 0.0602993  0.06336799 0.05488494 0.06028541 0.07245115 0.0745259
 0.06923493 0.0734922 ]",8.102419148242264e-07,8.545009050754231e-06,5.645857217815065e-06,5.965929022056446e-05,4.327340252796574e-08,5.179909526331628e-07,2.9941718366237555e-07,3.619919173428635e-06,1e-05,1e-05,0.0,0.0,0.133710100877285,0.10411061245918277,0.011833482013702762,0.01102085004993295,0.01259929895401001,0.007586977481842041,0.002868849302705945,0.002081074303732403,0.0868245138042664,0.06885404360864188,0.009537035552053432,0.009091427994588739
df2,0.35000000000000003,0.35000000000000003,0.0,"[5.13913233e-17 6.39848579e-14 8.58131384e-26 8.81076169e-22
 5.13913233e-17 7.84899525e-16 2.93930826e-19 9.52846065e-19
 4.96114708e-24 3.95007214e-19 4.73751051e-25 1.27528784e-18
 9.53441021e-18 6.42340318e-22 2.95255083e-15 8.92004797e-20
 1.44619791e-20 2.95255083e-15 2.60622931e-27 2.67024896e-16
 4.21288896e-21 6.42340318e-22 2.95255083e-15 5.30299497e-19
 2.22374207e-17 1.26570821e-17 1.30270202e-22 1.96348850e-20
 9.53441021e-18 4.73751051e-25 7.84899525e-16 2.66308246e-20
 7.82155399e-21 2.93930826e-19 1.30432533e-24 6.91059303e-24
 8.92004797e-20 2.67024896e-16 4.58740572e-16 1.82724155e-27
 1.08277464e-14 9.43897459e-23 2.67024896e-16 3.60824945e-20
 1.26570821e-17 1.70510155e-18 8.93744884e-17 1.02511949e-15
 9.31581113e-25 6.00359848e-16]","[3.88941584e-12 6.02037032e-08 4.05057199e-18 6.78067547e-17
 9.79737413e-12 1.14339735e-10 2.03413945e-16 7.42666811e-13
 3.08714081e-21 3.83661921e-15 1.27528784e-18 1.72684385e-13
 1.67853513e-17 1.70510155e-18 1.05328756e-13 4.58538879e-13
 1.17682447e-16 1.54554888e-11 9.52846065e-19 9.43717929e-13
 1.26570821e-17 4.94023307e-23 1.08277464e-14 3.07948375e-12
 1.34933703e-13 6.18553174e-12 8.92004797e-20 4.97944383e-14
 1.54798729e-16 1.26570821e-17 2.26988766e-15 6.39848579e-14
 6.60370667e-20 4.58538879e-13 1.85625733e-23 3.50171296e-16
 3.88941584e-12 4.58740572e-16 3.59754634e-13 2.25989398e-21
 1.92461767e-12 1.70510155e-18 4.97944383e-14 1.54798729e-16
 6.45842239e-15 3.59754634e-13 2.71047184e-10 3.50171296e-16
 2.95255083e-15 5.12353012e-10]","[5.13913233e-17 6.39848579e-14 8.58131384e-26 8.81076169e-22
 5.13913233e-17 7.84899525e-16 2.93930826e-19 9.52846065e-19
 4.96114708e-24 3.95007214e-19 4.73751051e-25 1.27528784e-18
 9.53441021e-18 6.42340318e-22 2.95255083e-15 8.92004797e-20
 1.44619791e-20 2.95255083e-15 2.60622931e-27 2.67024896e-16
 4.21288896e-21 6.42340318e-22 2.95255083e-15 5.30299497e-19
 2.22374207e-17 1.26570821e-17 1.30270202e-22 1.96348850e-20
 9.53441021e-18 4.73751051e-25 7.84899525e-16 2.66308246e-20
 7.82155399e-21 2.93930826e-19 1.30432533e-24 6.91059303e-24
 8.92004797e-20 2.67024896e-16 4.58740572e-16 1.82724155e-27
 1.08277464e-14 9.43897459e-23 2.67024896e-16 3.60824945e-20
 1.26570821e-17 1.70510155e-18 8.93744884e-17 1.02511949e-15
 9.31581113e-25 6.00359848e-16]","[3.88941584e-12 6.02037032e-08 4.05057199e-18 6.78067547e-17
 9.79737413e-12 1.14339735e-10 2.03413945e-16 7.42666811e-13
 3.08714081e-21 3.83661921e-15 1.27528784e-18 1.72684385e-13
 1.67853513e-17 1.70510155e-18 1.05328756e-13 4.58538879e-13
 1.17682447e-16 1.54554888e-11 9.52846065e-19 9.43717929e-13
 1.26570821e-17 4.94023307e-23 1.08277464e-14 3.07948375e-12
 1.34933703e-13 6.18553174e-12 8.92004797e-20 4.97944383e-14
 1.54798729e-16 1.26570821e-17 2.26988766e-15 6.39848579e-14
 6.60370667e-20 4.58538879e-13 1.85625733e-23 3.50171296e-16
 3.88941584e-12 4.58740572e-16 3.59754634e-13 2.25989398e-21
 1.92461767e-12 1.70510155e-18 4.97944383e-14 1.54798729e-16
 6.45842239e-15 3.59754634e-13 2.71047184e-10 3.50171296e-16
 2.95255083e-15 5.12353012e-10]","[5.32817124e-11 7.86167798e-11 1.29434408e-09 6.94269087e-11
 1.15701526e-09 1.46414048e-09 2.75473089e-10 1.37352696e-09
 2.84870350e-10 7.29976080e-11 8.26864577e-10 3.52007312e-10
 1.53045299e-09 2.83907065e-09 2.42355025e-10 1.12725385e-10
 1.66290570e-09 1.18631904e-09 6.24401197e-10 2.70246070e-09
 4.89506102e-10 2.85413881e-09 1.69666292e-09 1.02530917e-09
 2.74609335e-10 7.73451303e-10 2.91146884e-09 1.78160764e-09
 2.08672080e-10 7.20093318e-10 9.75597381e-11 3.01559777e-10
 1.65885417e-10 8.43960901e-10 1.94114613e-10 1.64532488e-09
 2.67598832e-10 2.30778741e-09 1.22650246e-09 1.97600714e-09
 1.28952848e-10 2.15072848e-10 6.67498945e-10 2.55603994e-09
 2.81330625e-10 2.57137311e-10 1.27123867e-09 6.13692430e-11
 4.02889533e-09 2.94662961e-10]","[4.13802215e-10 2.59038346e-11 2.00348849e-10 7.30012717e-10
 8.89054386e-11 3.44758222e-10 6.16384610e-10 2.96530578e-10
 7.46619544e-10 1.11383125e-10 2.61782085e-09 2.04278816e-10
 1.44967705e-09 2.06804796e-10 5.86437565e-11 3.37215034e-10
 1.08722031e-10 2.56862309e-11 2.34118280e-09 1.13042775e-09
 3.90205868e-10 4.95300245e-10 2.54399279e-10 1.65425340e-10
 1.63712488e-09 4.91374719e-11 9.30274746e-11 3.84628995e-11
 2.09887996e-10 2.17114238e-09 8.01057221e-10 1.02078246e-09
 5.23403321e-10 9.18077392e-10 1.23108523e-10 1.46655244e-10
 4.40668946e-10 8.46252513e-10 5.62453417e-11 1.27837141e-09
 2.23445040e-10 5.61118596e-10 2.01193506e-11 1.42390766e-10
 5.56825697e-11 1.22792243e-09 5.64589486e-11 1.17641674e-10
 3.55171115e-10 1.41825440e-11]","[1.e-05 1.e-05 1.e-05 1.e-05 1.e-05 1.e-05 1.e-05 1.e-05 1.e-05 1.e-05
 1.e-05 1.e-05 1.e-05 1.e-05 1.e-05 1.e-05 1.e-05 1.e-05 1.e-05 1.e-05
 1.e-05 1.e-05 1.e-05 1.e-05 1.e-05 1.e-05 1.e-05 1.e-05 1.e-05 1.e-05
 1.e-05 1.e-05 1.e-05 1.e-05 1.e-05 1.e-05 1.e-05 1.e-05 1.e-05 1.e-05
 1.e-05 1.e-05 1.e-05 1.e-05 1.e-05 1.e-05 1.e-05 1.e-05 1.e-05 1.e-05]","[1.e-05 1.e-05 1.e-05 1.e-05 1.e-05 1.e-05 1.e-05 1.e-05 1.e-05 1.e-05
 1.e-05 1.e-05 1.e-05 1.e-05 1.e-05 1.e-05 1.e-05 1.e-05 1.e-05 1.e-05
 1.e-05 1.e-05 1.e-05 1.e-05 1.e-05 1.e-05 1.e-05 1.e-05 1.e-05 1.e-05
 1.e-05 1.e-05 1.e-05 1.e-05 1.e-05 1.e-05 1.e-05 1.e-05 1.e-05 1.e-05
 1.e-05 1.e-05 1.e-05 1.e-05 1.e-05 1.e-05 1.e-05 1.e-05 1.e-05 1.e-05]","[0.14892186 0.12378609 0.16794267 0.15460784 0.14707424 0.14128753
 0.14311858 0.14617785 0.1617584  0.1560112  0.15107593 0.15027704
 0.16423015 0.16004376 0.1393207  0.16611425 0.17050348 0.14675363
 0.15714234 0.14190223 0.16045103 0.1601114  0.14876011 0.14592238
 0.14658999 0.15549866 0.16226788 0.16190766 0.15261471 0.16818803
 0.16085661 0.16146728 0.14650155 0.15702444 0.1588395  0.15582457
 0.16119499 0.16255509 0.15391664 0.16951853 0.15103571 0.14294855
 0.15232785 0.15156382 0.16727495 0.14746165 0.1483707  0.14205732
 0.16503072 0.13667959]","[0.11373539 0.08912623 0.12671114 0.13069091 0.11542584 0.10554598
 0.1182407  0.11125336 0.12349457 0.1237103  0.11092793 0.11529131
 0.13608404 0.12785383 0.1188233  0.1279453  0.12141817 0.11432376
 0.12586262 0.1186553  0.12656626 0.1286178  0.12392805 0.1164157
 0.11772813 0.11750589 0.13262288 0.12153088 0.13378133 0.12857369
 0.12419451 0.12526427 0.11988606 0.1269305  0.1255252  0.12506276
 0.10654327 0.13598015 0.12362735 0.14341791 0.12364779 0.11963876
 0.11406877 0.12353928 0.14935794 0.11894149 0.10345604 0.12077927
 0.13296233 0.10406698]","[3.49256545e-39 3.61280055e-27 8.89299730e-50 3.25381845e-42
 3.18448596e-38 2.69423298e-35 3.28910982e-36 9.21172085e-38
 3.43769161e-46 5.57867488e-43 2.56218560e-40 6.78139374e-40
 1.31537372e-47 3.20967050e-45 2.50147916e-34 1.05678697e-48
 2.64996404e-51 4.65976801e-38 1.33070550e-43 1.33398403e-35
 1.89221519e-45 2.94025256e-45 4.24294540e-39 1.24534138e-37
 5.65720674e-38 1.06429090e-42 1.76176425e-46 2.82689580e-46
 3.87231162e-41 6.36617880e-50 1.11645656e-45 5.03194616e-46
 6.28189956e-38 1.54587740e-43 1.51895271e-44 7.05979554e-43
 7.18165049e-46 1.20745675e-46 7.70918018e-42 1.03015998e-50
 2.69119994e-40 4.00310776e-36 5.51562201e-41 1.41037662e-40
 2.20292162e-49 2.00808924e-38 6.77282083e-39 1.11663161e-35
 4.52182531e-48 4.74268789e-33]","[5.41696099e-23 2.83788010e-14 1.88484980e-28 3.03015262e-30
 1.13869735e-23 7.45163583e-20 8.05553303e-25 5.12833894e-22
 4.83064321e-27 3.89647686e-27 6.86055999e-22 1.29027865e-23
 9.13545173e-33 5.83431305e-29 4.61856693e-25 5.30907716e-29
 3.74878442e-26 3.15606702e-23 4.47155650e-28 5.42367953e-25
 2.18534539e-28 2.64791232e-29 3.13543115e-27 4.51951415e-24
 1.31113497e-24 1.61839249e-24 3.89370530e-31 3.35723565e-26
 1.12117530e-31 2.77183615e-29 2.40206483e-27 8.19386270e-28
 1.66233288e-25 1.50615487e-28 6.29423280e-28 1.00412124e-27
 3.18209192e-20 1.02392678e-32 4.23232234e-27 2.32609520e-36
 4.14697497e-27 2.11028707e-25 3.99001071e-23 4.62036213e-27
 2.06446244e-39 4.12430372e-25 4.31813961e-19 6.99252594e-26
 2.70659120e-31 2.59318281e-19]","[0.01551938 0.01140404 0.0195049  0.01779664 0.01591337 0.01607668
 0.01351535 0.02029717 0.01882911 0.02041817 0.01588905 0.01983857
 0.02122748 0.01887274 0.01458871 0.02355838 0.01733613 0.01302898
 0.02230954 0.01296103 0.01465702 0.01969707 0.01576912 0.01554227
 0.0141772  0.01851487 0.02327907 0.01595283 0.0195117  0.01631534
 0.0221945  0.01746595 0.01580191 0.01709306 0.01572323 0.01472771
 0.02191889 0.01918471 0.01999938 0.01524866 0.01748633 0.01865625
 0.01388621 0.01462996 0.02204573 0.01573956 0.0168308  0.01610804
 0.01959109 0.01325822]","[0.00931942 0.0063225  0.01134264 0.01232207 0.00964093 0.00927532
 0.00833488 0.01254356 0.01160455 0.01213205 0.00902021 0.01303184
 0.01462674 0.01227975 0.00998342 0.01493609 0.00889421 0.00720096
 0.01481557 0.00801289 0.00894082 0.01308882 0.01110113 0.0102123
 0.00963318 0.01113904 0.01555288 0.01013517 0.01498604 0.00853169
 0.01389146 0.01021767 0.01037586 0.01054776 0.00882685 0.00861502
 0.0122205  0.01292729 0.01337087 0.00935924 0.01222575 0.0129739
 0.00769675 0.00911808 0.01507258 0.00962329 0.00879502 0.01127732
 0.01406348 0.00743425]","[0.09624136 0.08447556 0.10948416 0.09955357 0.09779249 0.0986585
 0.09125869 0.11085139 0.1060027  0.10777236 0.09757948 0.1104138
 0.11241345 0.10347303 0.09413497 0.11577222 0.09988299 0.08895017
 0.11484562 0.09131029 0.09446738 0.10594141 0.09910953 0.094828
 0.09205474 0.10516364 0.11618426 0.09727973 0.10895733 0.10102115
 0.11289715 0.1042745  0.09838991 0.10063978 0.09546979 0.09221171
 0.1129979  0.10864924 0.10736414 0.0957118  0.10325645 0.1045396
 0.09152286 0.09400563 0.11527697 0.09908957 0.09825211 0.09695946
 0.10720984 0.08987743]","[0.07595435 0.06526355 0.08596231 0.08266195 0.07859986 0.07705228
 0.07297973 0.08917278 0.08566704 0.08480743 0.07533057 0.09107174
 0.09410052 0.08562346 0.07898598 0.09359049 0.07392717 0.06817314
 0.09507511 0.07281491 0.07559836 0.08738986 0.08467774 0.07792959
 0.07760863 0.08441907 0.09583689 0.07921813 0.09632683 0.0754653
 0.09157564 0.08111259 0.08132629 0.0804931  0.07278374 0.07143198
 0.08702786 0.09025917 0.0899678  0.0766018  0.08787071 0.08825994
 0.0699988  0.0756502  0.09631216 0.07861399 0.07364208 0.08144518
 0.09308231 0.06981362]",1.7677972798104434e-15,1.222991844972156e-09,9.038010289438631e-15,8.426208988627144e-09,9.945455037296824e-10,5.297595495612484e-10,9.553130810013118e-10,6.191896738276655e-10,1e-05,1e-05,0.0,0.0,0.15385623375892638,0.12178562450408935,0.009665375811675132,0.010234800750060316,0.01739784240722656,0.010951871871948243,0.002931822556817881,0.0023561232962553986,0.10148939579743876,0.0819710742562193,0.00796526124820641,0.008153739813899498
df2,0.4,0.4,0.0,"[1.81313081e-32 1.65262693e-21 3.89924968e-31 2.03413945e-16
 8.47828272e-32 1.44619791e-20 1.65262693e-21 4.21288896e-21
 5.64011511e-33 1.20730402e-21 2.56565447e-30 9.61617488e-24
 2.14251154e-35 1.62253462e-19 1.20365650e-19 2.54904105e-24
 3.92888730e-32 6.64674147e-25 7.17482117e-18 3.56590826e-34
 1.22979552e-32 2.39934411e-25 1.20730402e-21 8.81076169e-22
 2.54904105e-24 4.88387176e-20 6.64674147e-25 3.95007214e-19
 3.04081795e-26 1.79605588e-22 5.69539852e-31 6.64674147e-25
 1.13678721e-29 1.33672873e-23 4.94023307e-23 3.40355762e-22
 2.14737506e-26 4.88387176e-20 7.13959478e-29 5.69539852e-31
 1.44619791e-20 3.72814291e-30 1.70510155e-18 3.56853685e-23
 6.25831333e-28 1.21132482e-30 1.81313081e-32 2.14737506e-26
 1.06410050e-20 8.58131384e-26]","[7.84752977e-30 1.17682447e-16 2.54904105e-24 5.13913233e-17
 1.82433512e-24 6.78067547e-17 3.03881495e-18 1.27528784e-18
 1.51487883e-26 3.83661921e-15 1.20730402e-21 5.30299497e-19
 8.47828272e-32 1.33749750e-15 8.92004797e-20 1.54798729e-16
 3.55797286e-24 8.93744884e-17 8.21358136e-14 5.41174667e-30
 1.27976799e-27 1.74328977e-15 1.20365650e-19 1.54798729e-16
 7.17482117e-18 1.34933703e-13 1.20730402e-21 2.22374207e-17
 3.37322101e-25 1.27528784e-18 4.96114708e-24 6.42340318e-22
 8.81076169e-22 6.42340318e-22 5.39368124e-18 5.39368124e-18
 3.03881495e-18 3.59754634e-13 1.96348850e-20 1.79605588e-22
 3.89102510e-17 9.52846065e-19 2.26988766e-15 9.53441021e-18
 2.18494984e-19 1.96348850e-20 4.67812431e-22 1.30270202e-22
 4.58740572e-16 1.33672873e-23]","[1.81313081e-32 1.65262693e-21 3.89924968e-31 2.03413945e-16
 8.47828272e-32 1.44619791e-20 1.65262693e-21 4.21288896e-21
 5.64011511e-33 1.20730402e-21 2.56565447e-30 9.61617488e-24
 2.14251154e-35 1.62253462e-19 1.20365650e-19 2.54904105e-24
 3.92888730e-32 6.64674147e-25 7.17482117e-18 3.56590826e-34
 1.22979552e-32 2.39934411e-25 1.20730402e-21 8.81076169e-22
 2.54904105e-24 4.88387176e-20 6.64674147e-25 3.95007214e-19
 3.04081795e-26 1.79605588e-22 5.69539852e-31 6.64674147e-25
 1.13678721e-29 1.33672873e-23 4.94023307e-23 3.40355762e-22
 2.14737506e-26 4.88387176e-20 7.13959478e-29 5.69539852e-31
 1.44619791e-20 3.72814291e-30 1.70510155e-18 3.56853685e-23
 6.25831333e-28 1.21132482e-30 1.81313081e-32 2.14737506e-26
 1.06410050e-20 8.58131384e-26]","[7.84752977e-30 1.17682447e-16 2.54904105e-24 5.13913233e-17
 1.82433512e-24 6.78067547e-17 3.03881495e-18 1.27528784e-18
 1.51487883e-26 3.83661921e-15 1.20730402e-21 5.30299497e-19
 8.47828272e-32 1.33749750e-15 8.92004797e-20 1.54798729e-16
 3.55797286e-24 8.93744884e-17 8.21358136e-14 5.41174667e-30
 1.27976799e-27 1.74328977e-15 1.20365650e-19 1.54798729e-16
 7.17482117e-18 1.34933703e-13 1.20730402e-21 2.22374207e-17
 3.37322101e-25 1.27528784e-18 4.96114708e-24 6.42340318e-22
 8.81076169e-22 6.42340318e-22 5.39368124e-18 5.39368124e-18
 3.03881495e-18 3.59754634e-13 1.96348850e-20 1.79605588e-22
 3.89102510e-17 9.52846065e-19 2.26988766e-15 9.53441021e-18
 2.18494984e-19 1.96348850e-20 4.67812431e-22 1.30270202e-22
 4.58740572e-16 1.33672873e-23]","[5.92706373e-09 3.60103392e-10 9.03097486e-10 4.78491136e-10
 1.10300868e-09 2.60687427e-09 2.63568067e-09 1.81396420e-09
 4.31261060e-09 2.54921750e-10 2.67732969e-09 2.80305557e-10
 1.80802739e-09 2.58960631e-10 1.58372460e-09 4.77251905e-10
 8.66843153e-10 1.61183822e-09 5.54477131e-10 7.42103046e-10
 1.28072519e-09 4.11525258e-10 4.42169612e-09 1.85960469e-10
 5.69894798e-10 9.39207934e-10 3.31749295e-10 1.28211219e-10
 3.37548978e-09 2.18477125e-10 2.22226337e-09 2.17032725e-09
 1.32221700e-09 1.29227096e-09 6.30996477e-10 3.20225513e-10
 3.74207110e-10 3.89721810e-10 6.17325191e-09 1.79620707e-09
 2.15906348e-09 9.20885590e-10 2.33995678e-09 2.12177498e-10
 3.53001273e-09 1.40117340e-09 3.07013059e-09 3.39859896e-09
 8.23166091e-10 3.88297061e-10]","[3.89312249e-10 1.17756360e-10 3.69912323e-10 2.10204187e-10
 2.95146574e-10 1.43596313e-09 1.07143627e-10 9.57934843e-11
 5.16485532e-09 4.40647852e-10 3.12099013e-10 1.18090759e-09
 2.10500228e-09 1.90525484e-10 3.47490925e-10 5.26959365e-10
 1.80472670e-09 2.92876134e-09 8.99492925e-10 1.16306120e-09
 6.61433508e-09 1.82199322e-09 7.38714534e-10 6.99819092e-10
 1.99688266e-10 2.20450325e-11 2.39099740e-10 3.33397532e-10
 2.30241937e-10 2.55842847e-09 9.49977208e-10 1.55669611e-09
 2.68326750e-09 9.32797284e-10 2.15651874e-09 1.26671451e-10
 2.22708962e-10 9.84928472e-10 2.62108446e-10 1.38108858e-09
 2.80462686e-09 4.21824020e-10 1.08710529e-09 8.93783936e-11
 1.28701050e-10 7.90821630e-10 2.79200885e-10 1.79856330e-09
 1.01750186e-09 2.51623056e-10]","[1.e-05 1.e-05 1.e-05 1.e-05 1.e-05 1.e-05 1.e-05 1.e-05 1.e-05 1.e-05
 1.e-05 1.e-05 1.e-05 1.e-05 1.e-05 1.e-05 1.e-05 1.e-05 1.e-05 1.e-05
 1.e-05 1.e-05 1.e-05 1.e-05 1.e-05 1.e-05 1.e-05 1.e-05 1.e-05 1.e-05
 1.e-05 1.e-05 1.e-05 1.e-05 1.e-05 1.e-05 1.e-05 1.e-05 1.e-05 1.e-05
 1.e-05 1.e-05 1.e-05 1.e-05 1.e-05 1.e-05 1.e-05 1.e-05 1.e-05 1.e-05]","[1.e-05 1.e-05 1.e-05 1.e-05 1.e-05 1.e-05 1.e-05 1.e-05 1.e-05 1.e-05
 1.e-05 1.e-05 1.e-05 1.e-05 1.e-05 1.e-05 1.e-05 1.e-05 1.e-05 1.e-05
 1.e-05 1.e-05 1.e-05 1.e-05 1.e-05 1.e-05 1.e-05 1.e-05 1.e-05 1.e-05
 1.e-05 1.e-05 1.e-05 1.e-05 1.e-05 1.e-05 1.e-05 1.e-05 1.e-05 1.e-05
 1.e-05 1.e-05 1.e-05 1.e-05 1.e-05 1.e-05 1.e-05 1.e-05 1.e-05 1.e-05]","[0.19198254 0.17642718 0.1847977  0.14755398 0.19802011 0.15773662
 0.15587401 0.17513651 0.17226119 0.17256022 0.1844459  0.16757048
 0.1944353  0.18537688 0.16060982 0.16369801 0.18225699 0.1822228
 0.16372706 0.18301384 0.19823002 0.16435322 0.17671991 0.17258822
 0.18387878 0.16816149 0.18213053 0.1664994  0.17509683 0.16195422
 0.17401381 0.18379714 0.1839888  0.16722933 0.17270667 0.17155997
 0.18247788 0.17683566 0.16708576 0.17756084 0.17394723 0.17603158
 0.15918482 0.16889746 0.17499289 0.18722811 0.17536617 0.16750645
 0.16574622 0.18537868]","[0.16050401 0.12886454 0.15571691 0.12889608 0.15682274 0.11810772
 0.13009096 0.14839598 0.15316574 0.13933806 0.14194565 0.1415858
 0.16552794 0.14911227 0.12442304 0.12803387 0.14521284 0.13626822
 0.13843342 0.15667321 0.16619572 0.12948571 0.15150286 0.1413745
 0.14017881 0.12641534 0.14743169 0.14741642 0.14402461 0.1310199
 0.14504481 0.14574556 0.13885203 0.14550109 0.12869106 0.14334247
 0.1379234  0.13393117 0.12393381 0.13600344 0.13316352 0.1376588
 0.12579909 0.12840556 0.13006667 0.13469991 0.13594339 0.14081923
 0.13184928 0.15276559]","[4.89091911e-65 6.35100577e-55 2.95192879e-60 1.79876808e-38
 3.35925093e-69 6.24053605e-44 6.63308278e-43 4.00393961e-54
 2.30261769e-52 1.51569229e-52 5.00443317e-60 1.47516175e-49
 1.03323791e-66 1.23508717e-60 1.53934409e-45 2.66696161e-47
 1.30514459e-58 1.37291443e-58 2.56619768e-47 4.24545495e-59
 2.39389967e-69 1.11662817e-47 4.17485258e-55 1.45741969e-52
 1.16943044e-59 6.60075837e-50 1.57380618e-58 6.28868408e-49
 4.23619336e-54 2.65945640e-46 1.96408661e-53 1.32113027e-59
 9.92100731e-60 2.34347913e-49 1.23465026e-52 6.12126422e-52
 9.40871519e-59 3.53600123e-55 2.84661498e-49 1.24593173e-55
 2.15761124e-53 1.11835953e-54 9.73857292e-45 2.41501669e-50
 4.91014638e-54 7.48172516e-62 2.88830505e-54 1.60915045e-49
 1.73339120e-48 1.23173193e-60]","[1.76632812e-45 2.04953900e-29 8.08578217e-43 1.98343504e-29
 1.99720377e-43 9.14254366e-25 5.69482822e-30 6.57052417e-39
 1.95901259e-41 2.45309131e-34 1.26920822e-35 1.91632402e-35
 2.32343335e-48 2.77669166e-39 1.91046977e-27 4.84532611e-29
 2.86911071e-37 7.46138459e-33 6.76480941e-34 2.41432365e-43
 9.46991239e-49 1.07306485e-29 1.51976632e-40 2.43963817e-35
 9.49874019e-35 2.54894469e-28 2.08108747e-38 2.11928616e-38
 1.15002765e-36 2.14119252e-30 3.49397499e-37 1.53384692e-37
 4.23409880e-34 2.04510927e-37 2.45412653e-29 2.53850935e-36
 1.19491498e-33 9.53650486e-32 3.11745466e-27 9.98079674e-33
 2.18082315e-31 1.60383621e-33 4.76922356e-28 3.29931929e-29
 5.84186288e-30 4.14517578e-32 1.06607524e-32 4.59316943e-35
 8.88732804e-31 3.21397954e-41]","[0.02872944 0.02258325 0.02468538 0.0153687  0.02811098 0.01602983
 0.02094209 0.02380729 0.02269745 0.02353716 0.02241015 0.02542937
 0.02360678 0.03016794 0.0164628  0.01723492 0.0271914  0.02082193
 0.01479006 0.02767718 0.02637291 0.02279615 0.02284765 0.0224576
 0.0209862  0.02166319 0.02257514 0.022313   0.02011788 0.02201879
 0.02145219 0.02916741 0.02073812 0.02063203 0.0223949  0.0181191
 0.02404201 0.01701832 0.02047575 0.02232945 0.02012944 0.01815736
 0.02356541 0.01754463 0.02243078 0.01970673 0.0218581  0.0243659
 0.01626313 0.02185988]","[0.0197109  0.01240683 0.01692295 0.01109922 0.01798582 0.00940931
 0.01513231 0.01818442 0.01631248 0.01500869 0.01355958 0.0173384
 0.01692533 0.02023995 0.01044381 0.01025558 0.01658237 0.01170933
 0.00822997 0.02084172 0.01708138 0.01548696 0.01726139 0.01474893
 0.0131464  0.01164484 0.01475489 0.01602352 0.01294434 0.01441956
 0.01422668 0.01900065 0.01270711 0.01402903 0.01324081 0.01238525
 0.01408482 0.00983155 0.01133108 0.01355481 0.01191437 0.01133358
 0.01558173 0.01046789 0.01345348 0.01020229 0.01483548 0.01697731
 0.00991535 0.01523161]","[0.12775665 0.11566502 0.12025635 0.09703687 0.12953706 0.10018744
 0.11292006 0.12006634 0.11596083 0.1183111  0.11770229 0.12387783
 0.11710274 0.1341997  0.10168397 0.1002521  0.12765149 0.11289524
 0.09537153 0.1271112  0.12577953 0.11842473 0.11868177 0.11504862
 0.11074492 0.11276581 0.11336574 0.11480315 0.10924085 0.11718588
 0.11285919 0.13159758 0.11270716 0.11210759 0.1169798  0.10462384
 0.11890711 0.10114808 0.1115329  0.116671   0.10997781 0.10624569
 0.12184372 0.10374708 0.11809633 0.10794492 0.11526727 0.12183601
 0.09990742 0.11672005]","[0.1069152  0.08849439 0.10051886 0.0826425  0.10509423 0.07931242
 0.09837286 0.10615555 0.09952184 0.0965357  0.09448933 0.10317756
 0.09899508 0.11189063 0.08286829 0.07810821 0.10204481 0.08639492
 0.07217994 0.11177156 0.10360038 0.09847197 0.10501717 0.09474026
 0.09113667 0.08459074 0.09394783 0.09849858 0.08894384 0.09604834
 0.09348872 0.10861411 0.08997242 0.09408558 0.0912365  0.08697954
 0.09270856 0.07999177 0.08556732 0.09335362 0.08694636 0.08532986
 0.10066609 0.08261332 0.09462281 0.08012368 0.09712809 0.10336009
 0.08007717 0.09941994]",4.262403719680554e-18,1.1744105308802648e-14,2.84687254459876e-17,5.4314930112654645e-14,1.561095301916282e-09,1.0693926788540863e-09,1.452703633426619e-09,1.2713558690690498e-09,1e-05,1e-05,0.0,0.0,0.17481710472106937,0.14004608886241912,0.010714977512793733,0.011042019042468598,0.0219736647605896,0.014202320575714111,0.003567268725227892,0.0029945788799403132,0.1146461480934961,0.09373530424603692,0.008916237294187524,0.009357323237532845
df2,0.45,0.45,0.0,"[5.69539852e-31 7.84752977e-30 5.77449424e-32 1.22324939e-36
 5.41174667e-30 7.88918156e-34 1.81313081e-32 1.79605588e-22
 4.21288896e-21 1.82198508e-31 2.39934411e-25 4.94023307e-23
 1.60509935e-34 3.55797286e-24 3.56590826e-34 5.24109088e-39
 3.04782586e-28 1.42774613e-35 1.82724155e-27 1.82724155e-27
 5.41174667e-30 3.72814291e-30 4.30155538e-26 3.81363460e-33
 1.22979552e-32 8.33270257e-33 2.14737506e-26 2.67038982e-32
 2.57596005e-33 1.82724155e-27 4.19874897e-36 1.82198508e-31
 5.41174667e-30 1.22324939e-36 2.60622931e-27 2.05945159e-42
 3.43417798e-29 1.76381982e-30 3.89924968e-31 8.95402666e-28
 6.32047121e-36 1.70487812e-25 2.58531714e-40 2.85911373e-38
 2.66678482e-31 1.06757971e-26 7.88918156e-34 3.71348188e-27
 1.81313081e-32 1.51487883e-26]","[3.04081795e-26 1.33672873e-23 4.96114708e-24 5.28569498e-27
 1.51487883e-26 9.43897459e-23 1.85625733e-23 3.87118023e-14
 1.74328977e-15 5.41174667e-30 3.83661921e-15 2.27745029e-18
 4.73751051e-25 1.85625733e-23 9.31581113e-25 1.21017203e-25
 6.42340318e-22 1.02784044e-28 1.06410050e-20 4.96114708e-24
 2.54904105e-24 6.91059303e-24 6.42340318e-22 6.83217462e-23
 2.93930826e-19 7.82155399e-21 2.47371214e-22 1.13678721e-29
 3.37322101e-25 1.20730402e-21 2.39934411e-25 6.07873598e-26
 9.61617488e-24 1.13678721e-29 4.73751051e-25 7.13959478e-29
 1.85625733e-23 5.41174667e-30 3.55797286e-24 8.58131384e-26
 1.70487812e-25 3.95007214e-19 4.35811909e-38 8.31031105e-31
 1.06757971e-26 9.61617488e-24 4.96114708e-24 3.56853685e-23
 1.06757971e-26 4.94023307e-23]","[5.69539852e-31 7.84752977e-30 5.77449424e-32 1.22324939e-36
 5.41174667e-30 7.88918156e-34 1.81313081e-32 1.79605588e-22
 4.21288896e-21 1.82198508e-31 2.39934411e-25 4.94023307e-23
 1.60509935e-34 3.55797286e-24 3.56590826e-34 5.24109088e-39
 3.04782586e-28 1.42774613e-35 1.82724155e-27 1.82724155e-27
 5.41174667e-30 3.72814291e-30 4.30155538e-26 3.81363460e-33
 1.22979552e-32 8.33270257e-33 2.14737506e-26 2.67038982e-32
 2.57596005e-33 1.82724155e-27 4.19874897e-36 1.82198508e-31
 5.41174667e-30 1.22324939e-36 2.60622931e-27 2.05945159e-42
 3.43417798e-29 1.76381982e-30 3.89924968e-31 8.95402666e-28
 6.32047121e-36 1.70487812e-25 2.58531714e-40 2.85911373e-38
 2.66678482e-31 1.06757971e-26 7.88918156e-34 3.71348188e-27
 1.81313081e-32 1.51487883e-26]","[3.04081795e-26 1.33672873e-23 4.96114708e-24 5.28569498e-27
 1.51487883e-26 9.43897459e-23 1.85625733e-23 3.87118023e-14
 1.74328977e-15 5.41174667e-30 3.83661921e-15 2.27745029e-18
 4.73751051e-25 1.85625733e-23 9.31581113e-25 1.21017203e-25
 6.42340318e-22 1.02784044e-28 1.06410050e-20 4.96114708e-24
 2.54904105e-24 6.91059303e-24 6.42340318e-22 6.83217462e-23
 2.93930826e-19 7.82155399e-21 2.47371214e-22 1.13678721e-29
 3.37322101e-25 1.20730402e-21 2.39934411e-25 6.07873598e-26
 9.61617488e-24 1.13678721e-29 4.73751051e-25 7.13959478e-29
 1.85625733e-23 5.41174667e-30 3.55797286e-24 8.58131384e-26
 1.70487812e-25 3.95007214e-19 4.35811909e-38 8.31031105e-31
 1.06757971e-26 9.61617488e-24 4.96114708e-24 3.56853685e-23
 1.06757971e-26 4.94023307e-23]","[1.24033661e-09 3.53837637e-09 1.83445348e-09 4.36152392e-09
 1.35210310e-09 2.79118118e-09 7.89913246e-10 6.80203005e-10
 3.35507078e-09 4.52879489e-09 4.56864768e-10 3.49021922e-10
 7.91853461e-09 4.22062496e-10 4.77612494e-09 1.17932908e-09
 1.08535536e-09 1.11977083e-09 7.70475128e-10 4.34723335e-09
 7.02989889e-10 1.41385015e-09 6.28768371e-10 6.61035160e-09
 2.89908531e-09 9.90293847e-10 1.92313776e-09 3.03823278e-09
 8.02222855e-09 5.90641758e-10 2.62105659e-09 7.16800064e-10
 2.76789103e-09 6.94290336e-09 1.26480304e-09 1.39705159e-09
 2.19507057e-09 4.02319922e-09 3.21774696e-09 6.32436215e-10
 1.01705658e-08 1.16743859e-09 8.01359268e-09 4.33631964e-09
 1.76697579e-09 6.80280388e-10 1.53948954e-09 2.86490665e-09
 1.19943688e-09 7.80244425e-10]","[4.95723540e-09 1.29422884e-09 9.94376137e-10 3.27875316e-09
 2.46415111e-09 3.73275189e-09 3.24014482e-10 1.98161487e-11
 4.92308971e-10 1.90611082e-09 1.33864708e-09 8.25914892e-11
 4.78916240e-10 1.88753346e-10 9.27823152e-10 1.81638982e-09
 4.74134276e-09 4.63526251e-09 2.35407982e-09 3.61661145e-10
 7.73169417e-10 2.08787698e-09 1.64258496e-10 1.78025561e-09
 4.11536538e-09 4.16561985e-09 3.18424775e-09 3.52165186e-10
 3.38080253e-09 1.14865695e-09 1.95178051e-09 2.81832024e-09
 1.36464795e-09 5.74014836e-10 1.32605227e-09 4.50159165e-09
 2.21913155e-10 4.33037539e-09 8.95297503e-10 1.19008148e-09
 4.53788118e-10 9.38548128e-10 2.58700561e-09 8.39481040e-10
 4.81718221e-10 2.07970419e-10 4.51357285e-10 3.21726001e-09
 3.72725961e-10 4.63706296e-10]","[1.e-05 1.e-05 1.e-05 1.e-05 1.e-05 1.e-05 1.e-05 1.e-05 1.e-05 1.e-05
 1.e-05 1.e-05 1.e-05 1.e-05 1.e-05 1.e-05 1.e-05 1.e-05 1.e-05 1.e-05
 1.e-05 1.e-05 1.e-05 1.e-05 1.e-05 1.e-05 1.e-05 1.e-05 1.e-05 1.e-05
 1.e-05 1.e-05 1.e-05 1.e-05 1.e-05 1.e-05 1.e-05 1.e-05 1.e-05 1.e-05
 1.e-05 1.e-05 1.e-05 1.e-05 1.e-05 1.e-05 1.e-05 1.e-05 1.e-05 1.e-05]","[1.e-05 1.e-05 1.e-05 1.e-05 1.e-05 1.e-05 1.e-05 1.e-05 1.e-05 1.e-05
 1.e-05 1.e-05 1.e-05 1.e-05 1.e-05 1.e-05 1.e-05 1.e-05 1.e-05 1.e-05
 1.e-05 1.e-05 1.e-05 1.e-05 1.e-05 1.e-05 1.e-05 1.e-05 1.e-05 1.e-05
 1.e-05 1.e-05 1.e-05 1.e-05 1.e-05 1.e-05 1.e-05 1.e-05 1.e-05 1.e-05
 1.e-05 1.e-05 1.e-05 1.e-05 1.e-05 1.e-05 1.e-05 1.e-05 1.e-05 1.e-05]","[0.20786083 0.18755399 0.20591207 0.19354894 0.17904649 0.20103973
 0.19245343 0.18703908 0.17909513 0.19391152 0.18255111 0.18293449
 0.2022092  0.17512269 0.1894858  0.19479158 0.18444923 0.18795474
 0.19191941 0.16443789 0.2014419  0.19794288 0.17907267 0.20251992
 0.19696733 0.19367152 0.18770255 0.20211912 0.18630366 0.19252764
 0.1832521  0.19146366 0.18825325 0.20860467 0.18785829 0.20398662
 0.18040134 0.18819612 0.20023333 0.18923253 0.20854766 0.20025808
 0.20587849 0.20149626 0.2061357  0.19759786 0.19766433 0.18544163
 0.20576013 0.18255111]","[0.16970441 0.15216441 0.1703072  0.15923141 0.14440575 0.15279692
 0.15186855 0.13476691 0.14066816 0.17957245 0.13870149 0.14039131
 0.16315608 0.1527403  0.16012834 0.15382788 0.1442471  0.1533134
 0.13999009 0.14277157 0.16406681 0.16140786 0.1403259  0.16091911
 0.14679876 0.1507914  0.15776198 0.16859338 0.15626691 0.15854233
 0.15297996 0.15746957 0.15805391 0.17519738 0.15763773 0.16497189
 0.15532857 0.16759161 0.15727576 0.14882376 0.15622576 0.16117768
 0.18383136 0.16708787 0.16820858 0.16985371 0.15691844 0.14899065
 0.16558261 0.14790657]","[2.84501404e-76 4.55353250e-62 7.63606723e-75 4.18892604e-66
 1.45034690e-56 2.47741548e-71 2.34142967e-65 9.97489048e-62
 1.35130962e-56 2.36469567e-66 8.44055920e-59 4.77701105e-59
 3.62420059e-72 4.08334495e-54 2.35525579e-63 5.87537120e-67
 4.97954108e-60 2.46959620e-62 5.39776082e-65 9.97549827e-48
 1.28082280e-71 3.80490345e-69 1.39615786e-56 2.17053116e-72
 1.82719131e-68 3.45309066e-66 3.63007817e-62 4.20425528e-72
 3.04538113e-61 2.08447934e-65 2.97815182e-59 1.09889292e-64
 1.56428084e-62 8.03575892e-77 2.86177004e-62 1.90910269e-73
 2.00766614e-57 1.70723381e-62 9.26187307e-71 3.47902686e-63
 8.85476674e-77 8.89518349e-71 8.07918904e-75 1.17142796e-71
 5.24345487e-75 6.63346767e-69 5.96031948e-69 1.12024779e-60
 9.85550857e-75 8.44047264e-59]","[7.97790033e-51 6.74522878e-41 3.47555287e-51 9.17099238e-45
 7.37650847e-37 3.09195809e-41 9.70423853e-41 3.85395820e-32
 5.45354622e-35 6.74335169e-57 5.01202127e-34 7.46661436e-35
 5.46493374e-47 3.31598177e-41 2.87639136e-45 8.60971576e-42
 8.87541142e-37 1.63134868e-41 1.17591831e-34 4.91010334e-36
 1.63448489e-47 5.43837243e-46 8.04124204e-35 1.02915524e-45
 4.41685448e-38 3.62595791e-40 6.04167055e-44 3.66083469e-50
 4.03851934e-43 2.22499590e-44 2.46562993e-41 8.77322777e-44
 4.16023298e-44 3.67207307e-54 7.07995571e-44 4.89178034e-48
 1.31810534e-42 1.43342547e-49 1.12295588e-43 3.93026806e-39
 4.25417240e-43 7.34579227e-46 1.25529521e-59 2.83850106e-49
 6.19024158e-50 6.49581552e-51 1.76871616e-43 3.21493854e-39
 2.15912109e-48 1.18067545e-38]","[0.03278494 0.02885449 0.0262655  0.02666807 0.02603149 0.02711928
 0.02814341 0.02139163 0.02330697 0.02510083 0.02221978 0.02499413
 0.03022361 0.02492702 0.02468503 0.02789414 0.02356815 0.02658331
 0.02155721 0.01787066 0.03006029 0.03755713 0.02382886 0.03826272
 0.02751517 0.02623689 0.02652562 0.03087699 0.02449286 0.0304693
 0.02543187 0.03009319 0.02766633 0.03038037 0.02390051 0.02899647
 0.0211997  0.02328956 0.02693129 0.0264219  0.03418255 0.03029168
 0.03334546 0.02949631 0.03241289 0.0240705  0.02739155 0.02526104
 0.03306699 0.02677667]","[0.02318478 0.02028632 0.0188576  0.01834655 0.01779401 0.01616609
 0.02028084 0.01235461 0.01372004 0.01800561 0.01357532 0.01440752
 0.01920867 0.015926   0.01698375 0.01644659 0.01419747 0.01869965
 0.01165748 0.01258624 0.02018261 0.02764606 0.01369774 0.0256114
 0.01691794 0.01706839 0.01831484 0.02031684 0.01658869 0.02012944
 0.01683545 0.02063394 0.01852238 0.01988292 0.01545107 0.01944005
 0.01411176 0.01694953 0.01702046 0.01734114 0.02081954 0.02152479
 0.02647471 0.01924622 0.0236454  0.01511955 0.01697409 0.01694083
 0.02212501 0.01822984]","[0.13904714 0.1325701  0.12575047 0.1236966  0.12519027 0.12750772
 0.12912725 0.10905943 0.11909569 0.12475149 0.11638699 0.12292592
 0.13471699 0.1224737  0.12284475 0.12975587 0.12163193 0.12552713
 0.11373273 0.10724796 0.13319804 0.14870911 0.1205998  0.14865401
 0.12938628 0.12264389 0.12727962 0.13574497 0.12295036 0.13585925
 0.1227104  0.13626749 0.12960213 0.13417327 0.11905147 0.13244422
 0.11501207 0.11934224 0.12704912 0.12616592 0.14211381 0.13497752
 0.13902944 0.13308287 0.13930959 0.1216812  0.12711637 0.12383348
 0.1414455  0.1271127 ]","[0.11893277 0.11242075 0.10789011 0.1050129  0.10498348 0.10138716
 0.1110883  0.08524215 0.09445738 0.10688194 0.09454702 0.09593612
 0.11076747 0.09914054 0.10390069 0.10173158 0.09646604 0.10659376
 0.08700159 0.09209674 0.11155434 0.12935878 0.09440896 0.12346837
 0.10535675 0.1016806  0.10766123 0.11285047 0.10318741 0.11147385
 0.1016802  0.11510356 0.10795997 0.10946314 0.09804108 0.11178659
 0.0946059  0.10301394 0.10340973 0.10425543 0.11383185 0.11581974
 0.12403675 0.10879171 0.12123018 0.09699879 0.10214921 0.10264649
 0.1180479  0.10619727]",8.89193731379266e-23,8.858939852664292e-16,5.897086087678858e-22,5.435295656063099e-15,2.640290361899389e-09,1.734585370893882e-09,2.34903573013091e-09,1.4799079847182473e-09,1e-05,1e-05,0.0,0.0,0.19272799399375917,0.15662683152675627,0.009836505365744257,0.010748490894190383,0.027332446575164794,0.018128955364227296,0.00404933340562239,0.0034549919182355593,0.12779172512059847,0.10593097371333092,0.008868371277509026,0.009226784267438228
df2,0.5,0.5,0.0,"[1.88177121e-41 1.19205281e-52 5.75863544e-46 5.24109088e-39
 5.00547265e-42 5.00547265e-42 1.67491922e-40 7.13959478e-29
 2.85911373e-38 6.14029324e-40 3.59372037e-44 5.77449424e-32
 8.43789069e-43 3.72814291e-30 2.14251154e-35 2.19550867e-43
 4.52588482e-41 9.43897459e-23 8.33270257e-33 8.31031105e-31
 8.02241615e-39 2.78636314e-36 3.71348188e-27 1.21132482e-30
 2.39365688e-34 1.88177121e-41 5.77449424e-32 1.21132482e-30
 1.00942344e-37 7.00791465e-41 1.73815304e-33 3.98638164e-40
 4.52588482e-41 1.00942344e-37 7.79126605e-42 7.00791465e-41
 6.63610190e-38 9.44810349e-40 2.05945159e-42 3.43417798e-29
 9.50443824e-36 3.43417798e-29 1.39869353e-43 1.22324939e-36
 2.85911373e-38 4.35811909e-38 4.80962056e-35 7.88918156e-34
 7.79126605e-42 2.32827146e-37]","[3.92888730e-32 1.73815304e-33 4.19874897e-36 5.30672790e-34
 4.30155538e-26 1.73815304e-33 1.21017203e-25 3.72814291e-30
 3.04081795e-26 5.69539852e-31 2.85911373e-38 1.33672873e-23
 1.22324939e-36 1.33672873e-23 4.30155538e-26 1.22324939e-36
 1.47818613e-28 2.66308246e-20 1.81313081e-32 3.03881495e-18
 1.06757971e-26 1.21132482e-30 3.08714081e-21 1.02784044e-28
 7.51579753e-27 1.70487812e-25 1.82724155e-27 1.30270202e-22
 1.17161696e-33 8.31031105e-31 1.27976799e-27 6.25831333e-28
 5.69539852e-31 5.69539852e-31 2.57596005e-33 1.02784044e-28
 1.73815304e-33 6.64674147e-25 8.47828272e-32 4.67812431e-22
 6.64674147e-25 1.21017203e-25 1.21132482e-30 5.41174667e-30
 5.28569498e-27 7.13959478e-29 4.95418960e-29 8.95402666e-28
 1.24351631e-31 1.73815304e-33]","[1.88177121e-41 1.19205281e-52 5.75863544e-46 5.24109088e-39
 5.00547265e-42 5.00547265e-42 1.67491922e-40 7.13959478e-29
 2.85911373e-38 6.14029324e-40 3.59372037e-44 5.77449424e-32
 8.43789069e-43 3.72814291e-30 2.14251154e-35 2.19550867e-43
 4.52588482e-41 9.43897459e-23 8.33270257e-33 8.31031105e-31
 8.02241615e-39 2.78636314e-36 3.71348188e-27 1.21132482e-30
 2.39365688e-34 1.88177121e-41 5.77449424e-32 1.21132482e-30
 1.00942344e-37 7.00791465e-41 1.73815304e-33 3.98638164e-40
 4.52588482e-41 1.00942344e-37 7.79126605e-42 7.00791465e-41
 6.63610190e-38 9.44810349e-40 2.05945159e-42 3.43417798e-29
 9.50443824e-36 3.43417798e-29 1.39869353e-43 1.22324939e-36
 2.85911373e-38 4.35811909e-38 4.80962056e-35 7.88918156e-34
 7.79126605e-42 2.32827146e-37]","[3.92888730e-32 1.73815304e-33 4.19874897e-36 5.30672790e-34
 4.30155538e-26 1.73815304e-33 1.21017203e-25 3.72814291e-30
 3.04081795e-26 5.69539852e-31 2.85911373e-38 1.33672873e-23
 1.22324939e-36 1.33672873e-23 4.30155538e-26 1.22324939e-36
 1.47818613e-28 2.66308246e-20 1.81313081e-32 3.03881495e-18
 1.06757971e-26 1.21132482e-30 3.08714081e-21 1.02784044e-28
 7.51579753e-27 1.70487812e-25 1.82724155e-27 1.30270202e-22
 1.17161696e-33 8.31031105e-31 1.27976799e-27 6.25831333e-28
 5.69539852e-31 5.69539852e-31 2.57596005e-33 1.02784044e-28
 1.73815304e-33 6.64674147e-25 8.47828272e-32 4.67812431e-22
 6.64674147e-25 1.21017203e-25 1.21132482e-30 5.41174667e-30
 5.28569498e-27 7.13959478e-29 4.95418960e-29 8.95402666e-28
 1.24351631e-31 1.73815304e-33]","[1.56427027e-09 1.31039749e-08 4.12771672e-09 4.15768997e-09
 5.85098647e-09 2.68985434e-09 2.87885082e-09 2.29698660e-09
 8.43104664e-09 7.07073655e-09 4.12519086e-09 5.28619415e-09
 5.36499312e-09 2.14176099e-09 4.22530788e-09 2.38921205e-09
 2.51019561e-09 2.33394837e-09 1.93198890e-09 2.69167655e-09
 1.44465628e-09 2.96590819e-09 2.05883022e-09 1.31588174e-09
 1.41482448e-09 1.14086776e-08 8.21734458e-10 7.47762008e-09
 1.88691995e-09 1.40964906e-09 4.42940240e-09 7.75458631e-09
 2.12179541e-09 5.63204894e-09 1.04204012e-09 5.15101661e-09
 1.13946452e-09 2.33421149e-09 6.02525496e-09 1.03595643e-09
 2.09620143e-09 1.39794787e-09 9.15500797e-09 1.49370338e-09
 5.03329300e-09 2.64830236e-09 1.54470092e-09 1.16687626e-09
 2.99083336e-09 2.12566065e-09]","[6.26995789e-10 9.69553438e-10 1.14573750e-09 5.68859315e-09
 5.87908289e-09 7.90185473e-10 7.48680118e-10 2.00484762e-09
 8.65408523e-10 6.48018472e-09 2.03019279e-09 3.43450701e-09
 7.23575200e-09 2.63354050e-09 1.02223896e-09 2.02468309e-09
 4.30264480e-09 1.34984102e-09 4.51712889e-09 7.24655891e-10
 5.92296534e-09 1.23663069e-09 4.26366054e-10 4.54233873e-10
 4.13013179e-10 2.43730514e-09 6.43785947e-09 5.75967274e-10
 1.30179545e-09 3.04055625e-09 4.75408823e-09 3.36535033e-09
 1.59741298e-09 1.85483140e-09 2.61189803e-09 1.14730569e-09
 7.90832777e-09 4.20876889e-10 4.61846916e-09 1.77621806e-10
 1.62903468e-09 1.82436699e-09 2.71025513e-09 3.80666099e-09
 8.05652656e-10 1.08363751e-09 3.98075795e-10 2.80084533e-09
 6.64925059e-09 2.26076302e-09]","[1.e-05 1.e-05 1.e-05 1.e-05 1.e-05 1.e-05 1.e-05 1.e-05 1.e-05 1.e-05
 1.e-05 1.e-05 1.e-05 1.e-05 1.e-05 1.e-05 1.e-05 1.e-05 1.e-05 1.e-05
 1.e-05 1.e-05 1.e-05 1.e-05 1.e-05 1.e-05 1.e-05 1.e-05 1.e-05 1.e-05
 1.e-05 1.e-05 1.e-05 1.e-05 1.e-05 1.e-05 1.e-05 1.e-05 1.e-05 1.e-05
 1.e-05 1.e-05 1.e-05 1.e-05 1.e-05 1.e-05 1.e-05 1.e-05 1.e-05 1.e-05]","[1.e-05 1.e-05 1.e-05 1.e-05 1.e-05 1.e-05 1.e-05 1.e-05 1.e-05 1.e-05
 1.e-05 1.e-05 1.e-05 1.e-05 1.e-05 1.e-05 1.e-05 1.e-05 1.e-05 1.e-05
 1.e-05 1.e-05 1.e-05 1.e-05 1.e-05 1.e-05 1.e-05 1.e-05 1.e-05 1.e-05
 1.e-05 1.e-05 1.e-05 1.e-05 1.e-05 1.e-05 1.e-05 1.e-05 1.e-05 1.e-05
 1.e-05 1.e-05 1.e-05 1.e-05 1.e-05 1.e-05 1.e-05 1.e-05 1.e-05 1.e-05]","[0.24357639 0.23338483 0.22415624 0.21862872 0.20905951 0.20725357
 0.22390073 0.20477916 0.2119189  0.20936804 0.21783709 0.1957353
 0.21866852 0.18932453 0.21366091 0.2208612  0.23344744 0.18801608
 0.20189115 0.21332097 0.20954943 0.21234854 0.19608669 0.20834946
 0.20068685 0.21579159 0.20964412 0.1898896  0.22164065 0.23222654
 0.21021573 0.21109331 0.21642767 0.21554415 0.21573207 0.21449703
 0.19991674 0.24030772 0.22060105 0.21084407 0.21418569 0.21218885
 0.20828394 0.21765074 0.21709579 0.21180816 0.21420764 0.20410802
 0.21167977 0.20903763]","[0.20849726 0.18655083 0.18278645 0.18433678 0.15927529 0.17098317
 0.16693448 0.18728283 0.16570197 0.1825781  0.18937118 0.16700677
 0.18257669 0.15420768 0.16856312 0.19428397 0.1767217  0.15701244
 0.17809627 0.16356062 0.16011864 0.18454914 0.16475735 0.17228955
 0.17356676 0.15754479 0.18244928 0.14998928 0.18482794 0.18342816
 0.17652239 0.17148539 0.17901267 0.17607542 0.17502269 0.16522079
 0.17388836 0.1800721  0.17560912 0.16042686 0.17189955 0.17509614
 0.16251984 0.17206353 0.1797764  0.17278319 0.17285768 0.16851022
 0.17291897 0.17375339]","[5.90876421e-105 2.76571925e-096 9.05988445e-089 2.02530498e-084
 3.70075429e-077 7.95814593e-076 1.44768619e-088 5.09404399e-074
 2.71551242e-079 2.18489878e-077 8.31944510e-084 1.31040550e-067
 1.88614550e-084 3.01956264e-063 1.31432378e-080 3.66025344e-086
 2.45320854e-096 2.24853968e-062 6.11976882e-072 2.37804961e-080
 1.60220940e-077 1.28983780e-079 7.48061924e-068 1.24062341e-076
 4.41475415e-071 3.12499729e-082 1.36255537e-077 1.26310926e-063
 8.92507414e-087 2.52658857e-095 5.11501814e-078 1.13038502e-078
 1.01581569e-082 4.83381378e-082 3.47087348e-082 3.04418149e-081
 1.55196668e-070 3.93384814e-102 5.85565778e-086 1.73665859e-078
 5.25183946e-081 1.70132883e-079 1.38681720e-076 1.15931944e-083
 3.10872983e-083 3.28912055e-079 5.05389609e-081 1.55988419e-073
 4.10690940e-079 3.84149363e-077]","[9.64800950e-77 2.09387110e-61 5.95224493e-59 5.89351000e-60
 8.66654690e-45 1.36392746e-51 3.49347335e-49 6.88359168e-62
 1.83951600e-48 8.10929026e-59 2.81022785e-63 3.16793993e-49
 8.12626051e-59 5.36390175e-42 3.81537522e-50 1.31277788e-66
 4.16417087e-55 1.56963851e-43 5.75171023e-56 3.19967346e-47
 2.91279882e-45 4.28671666e-60 6.51515226e-48 2.21316913e-52
 3.68900638e-53 7.97097587e-44 9.81609120e-59 9.61655550e-40
 2.82081328e-60 2.29107272e-59 5.54140011e-55 6.79051863e-52
 1.52342574e-56 1.05046418e-54 4.70669415e-54 3.50649632e-48
 2.34448141e-53 3.25083453e-57 2.04353259e-54 1.95256836e-45
 3.81449897e-52 4.24038436e-54 1.26481451e-46 3.03454853e-52
 5.00770974e-57 1.10911608e-52 9.99140618e-53 4.10134750e-50
 9.16834899e-53 2.83602547e-53]","[0.04525924 0.03929102 0.03868008 0.0393213  0.03083611 0.03023732
 0.03552377 0.03070092 0.02801847 0.02815092 0.03783    0.03403366
 0.03955042 0.02951825 0.03868377 0.0398097  0.03785336 0.02800405
 0.03235686 0.02848911 0.03321469 0.03853071 0.02650404 0.03498018
 0.03027415 0.03129649 0.03894901 0.03008771 0.04544461 0.04058433
 0.03250635 0.03272283 0.03393769 0.03225422 0.02834308 0.03394365
 0.02715337 0.03534973 0.03369772 0.02906609 0.03271914 0.0358026
 0.03027034 0.03525162 0.03868389 0.03274417 0.03489637 0.0356077
 0.03627908 0.03894854]","[0.03358352 0.02393448 0.02696216 0.02969265 0.01893866 0.02047038
 0.02056456 0.02178359 0.01781964 0.0212605  0.02681506 0.02561963
 0.02959752 0.0201844  0.02662313 0.03080273 0.02389443 0.0189476
 0.02499783 0.01717913 0.01956344 0.02861607 0.01725769 0.02312529
 0.02094138 0.01734746 0.02915049 0.01918721 0.03283858 0.02674854
 0.02288866 0.02082646 0.0225004  0.02184427 0.01831782 0.02292931
 0.01984155 0.02029681 0.02174616 0.01839399 0.02168059 0.02481914
 0.01855242 0.02327979 0.0272336  0.0222106  0.02280605 0.02333462
 0.02418244 0.02810585]","[0.16372111 0.15226019 0.14886394 0.15363333 0.13371473 0.13551431
 0.14784349 0.13463122 0.13095171 0.12993968 0.14851638 0.14365721
 0.15357985 0.13178391 0.15385788 0.15171962 0.149017   0.13243432
 0.13896392 0.13099166 0.14115918 0.14985337 0.12559496 0.14659113
 0.13551151 0.13662415 0.15286268 0.13435346 0.16599952 0.15463554
 0.13819665 0.14005831 0.14177833 0.13986076 0.12998002 0.14098226
 0.1271383  0.14404279 0.14445306 0.13302412 0.13807625 0.14684162
 0.13466539 0.14641298 0.15148726 0.1404442  0.14466737 0.14518264
 0.14818204 0.1539382 ]","[0.14217769 0.12243653 0.12661974 0.13552511 0.10750102 0.11430621
 0.11633933 0.11337137 0.10691792 0.1142611  0.12752984 0.12657986
 0.13444954 0.11035018 0.12965658 0.13507622 0.12166286 0.11037962
 0.1236717  0.10429457 0.111738   0.13050561 0.10396749 0.12202296
 0.11403263 0.10545846 0.13402289 0.10921561 0.14362561 0.12799174
 0.11723725 0.11430205 0.11705388 0.11750926 0.10631138 0.11821941
 0.1103689  0.11200764 0.1189907  0.10886877 0.11339541 0.12572049
 0.10793546 0.12197629 0.12924628 0.11759984 0.11939925 0.118831
 0.12302376 0.13274245]",1.887872130587354e-24,6.13831923453393e-20,1.3214553400053265e-23,4.253638545749282e-19,3.6739117637019093e-09,2.5829174377101082e-09,2.739181639015153e-09,2.099971767050066e-09,1e-05,1e-05,0.0,0.0,0.21300857020854952,0.17390726351737976,0.011443688325826424,0.01077876282377967,0.03424384832382202,0.023204765319824218,0.004510253415026494,0.004119611113210887,0.1427638707714768,0.11952854897278199,0.009170742326960957,0.009938493995571873
df2,0.55,0.55,0.0,"[7.79126605e-42 4.52588482e-41 1.35963995e-47 3.79042144e-51
 7.79126605e-42 1.41820348e-51 8.90129708e-44 8.90129708e-44
 5.78417409e-45 3.21237555e-42 1.00942344e-37 4.52588482e-41
 5.34786658e-37 3.65403168e-45 5.24109088e-39 5.39250695e-43
 1.42453006e-46 2.78636314e-36 1.29241929e-54 7.83398323e-49
 2.15460932e-56 8.43789069e-43 1.84715262e-36 3.53047956e-37
 4.07987974e-59 1.24351631e-31 5.00547265e-42 2.05945159e-42
 1.82198508e-31 1.64306603e-50 2.03688601e-48 5.34786658e-37
 1.22668930e-38 7.19492833e-35 3.42045584e-39 1.45365542e-45
 1.84715262e-36 7.24139755e-53 9.14645852e-45 5.75863544e-46
 8.92358057e-47 5.78417409e-45 6.14029324e-40 1.61299095e-53
 5.00547265e-42 3.42045584e-39 1.88177121e-41 2.05945159e-42
 3.00027002e-49 5.00547265e-42]","[5.77449424e-32 3.56590826e-34 3.44263650e-43 1.45226397e-39
 6.63610190e-38 5.78417409e-45 4.80962056e-35 5.65883768e-44
 1.17161696e-33 1.81313081e-32 1.24351631e-31 8.33270257e-33
 2.67038982e-32 3.92888730e-32 2.67038982e-32 1.76381982e-30
 1.00942344e-37 1.82433512e-24 1.64306603e-50 8.02241615e-39
 9.44810349e-40 1.17161696e-33 8.58131384e-26 8.58131384e-26
 2.19550867e-43 1.27976799e-27 2.56565447e-30 2.37806656e-29
 5.41174667e-30 1.22324939e-36 7.84752977e-30 1.47818613e-28
 1.21132482e-30 1.47818613e-28 6.64674147e-25 1.21132482e-30
 5.77449424e-32 1.87374272e-38 1.60509935e-34 2.57596005e-33
 4.80962056e-35 1.42774613e-35 8.47828272e-32 6.14029324e-40
 1.22324939e-36 5.41174667e-30 6.14029324e-40 1.84715262e-36
 8.02241615e-39 9.50443824e-36]","[7.79126605e-42 4.52588482e-41 1.35963995e-47 3.79042144e-51
 7.79126605e-42 1.41820348e-51 8.90129708e-44 8.90129708e-44
 5.78417409e-45 3.21237555e-42 1.00942344e-37 4.52588482e-41
 5.34786658e-37 3.65403168e-45 5.24109088e-39 5.39250695e-43
 1.42453006e-46 2.78636314e-36 1.29241929e-54 7.83398323e-49
 2.15460932e-56 8.43789069e-43 1.84715262e-36 3.53047956e-37
 4.07987974e-59 1.24351631e-31 5.00547265e-42 2.05945159e-42
 1.82198508e-31 1.64306603e-50 2.03688601e-48 5.34786658e-37
 1.22668930e-38 7.19492833e-35 3.42045584e-39 1.45365542e-45
 1.84715262e-36 7.24139755e-53 9.14645852e-45 5.75863544e-46
 8.92358057e-47 5.78417409e-45 6.14029324e-40 1.61299095e-53
 5.00547265e-42 3.42045584e-39 1.88177121e-41 2.05945159e-42
 3.00027002e-49 5.00547265e-42]","[5.77449424e-32 3.56590826e-34 3.44263650e-43 1.45226397e-39
 6.63610190e-38 5.78417409e-45 4.80962056e-35 5.65883768e-44
 1.17161696e-33 1.81313081e-32 1.24351631e-31 8.33270257e-33
 2.67038982e-32 3.92888730e-32 2.67038982e-32 1.76381982e-30
 1.00942344e-37 1.82433512e-24 1.64306603e-50 8.02241615e-39
 9.44810349e-40 1.17161696e-33 8.58131384e-26 8.58131384e-26
 2.19550867e-43 1.27976799e-27 2.56565447e-30 2.37806656e-29
 5.41174667e-30 1.22324939e-36 7.84752977e-30 1.47818613e-28
 1.21132482e-30 1.47818613e-28 6.64674147e-25 1.21132482e-30
 5.77449424e-32 1.87374272e-38 1.60509935e-34 2.57596005e-33
 4.80962056e-35 1.42774613e-35 8.47828272e-32 6.14029324e-40
 1.22324939e-36 5.41174667e-30 6.14029324e-40 1.84715262e-36
 8.02241615e-39 9.50443824e-36]","[2.66364852e-09 8.64764105e-09 1.66741154e-09 7.92254096e-09
 3.89940980e-09 9.13779064e-09 5.97763194e-09 9.37642763e-09
 8.47512682e-09 1.21951523e-08 9.61595203e-09 6.11159012e-09
 9.95869998e-09 1.58161728e-09 4.70354877e-09 2.34003206e-09
 2.08195794e-09 4.78049789e-09 2.93840163e-09 4.42489612e-09
 9.27514043e-09 7.08953607e-09 2.62916167e-09 2.31953357e-09
 1.18911976e-08 3.12898296e-09 3.30951577e-09 3.20375393e-09
 2.02721084e-09 4.25654145e-09 5.96257044e-09 6.86300938e-09
 1.33466560e-09 3.77097187e-09 6.19418072e-09 5.00418995e-09
 7.27489990e-09 2.51603371e-09 1.32198429e-08 2.59354049e-09
 2.87633306e-09 8.46214376e-09 1.10805608e-08 7.17360726e-09
 3.28407834e-09 5.48912260e-09 6.99687952e-09 1.18180203e-08
 1.71087267e-09 5.01436181e-09]","[9.77884107e-10 9.88787718e-10 3.29704164e-09 8.12479051e-09
 3.44894235e-09 3.00323755e-09 8.43555892e-10 4.95079777e-09
 2.16620022e-09 2.18888974e-09 2.67112432e-09 1.30309241e-09
 5.28706079e-09 2.03872264e-09 1.39271883e-09 4.96591457e-09
 8.16283086e-09 6.19584517e-09 2.38030251e-09 1.35684297e-09
 4.34897662e-09 2.41774412e-09 6.29957875e-09 1.48622803e-09
 3.60457175e-09 2.22356356e-09 1.04010345e-09 2.78911527e-09
 4.08413303e-10 3.47522733e-09 3.07551462e-09 2.29801767e-09
 2.87432145e-09 7.90201904e-10 5.72834669e-10 1.82925330e-09
 6.76507739e-10 4.20225543e-09 5.17674348e-09 1.21112764e-09
 1.09411624e-09 1.78892612e-09 3.32738626e-09 2.15318552e-09
 1.42891987e-09 8.33710989e-10 1.06921881e-08 3.09226988e-09
 3.98555067e-09 1.94229632e-09]","[1.e-05 1.e-05 1.e-05 1.e-05 1.e-05 1.e-05 1.e-05 1.e-05 1.e-05 1.e-05
 1.e-05 1.e-05 1.e-05 1.e-05 1.e-05 1.e-05 1.e-05 1.e-05 1.e-05 1.e-05
 1.e-05 1.e-05 1.e-05 1.e-05 1.e-05 1.e-05 1.e-05 1.e-05 1.e-05 1.e-05
 1.e-05 1.e-05 1.e-05 1.e-05 1.e-05 1.e-05 1.e-05 1.e-05 1.e-05 1.e-05
 1.e-05 1.e-05 1.e-05 1.e-05 1.e-05 1.e-05 1.e-05 1.e-05 1.e-05 1.e-05]","[1.e-05 1.e-05 1.e-05 1.e-05 1.e-05 1.e-05 1.e-05 1.e-05 1.e-05 1.e-05
 1.e-05 1.e-05 1.e-05 1.e-05 1.e-05 1.e-05 1.e-05 1.e-05 1.e-05 1.e-05
 1.e-05 1.e-05 1.e-05 1.e-05 1.e-05 1.e-05 1.e-05 1.e-05 1.e-05 1.e-05
 1.e-05 1.e-05 1.e-05 1.e-05 1.e-05 1.e-05 1.e-05 1.e-05 1.e-05 1.e-05
 1.e-05 1.e-05 1.e-05 1.e-05 1.e-05 1.e-05 1.e-05 1.e-05 1.e-05 1.e-05]","[0.21973539 0.20904233 0.22527728 0.24606946 0.24064214 0.23925983
 0.24142547 0.23265799 0.23913154 0.23704963 0.2172102  0.22368022
 0.21158259 0.22976163 0.21594655 0.2400234  0.23830632 0.22480447
 0.23778719 0.23559028 0.25923909 0.22952835 0.23205188 0.21818108
 0.24017291 0.22135372 0.23090496 0.20775971 0.21706813 0.22611045
 0.23706709 0.22298377 0.23305035 0.21107433 0.22341457 0.23188329
 0.20034513 0.24815504 0.22922556 0.24827824 0.23116052 0.22358738
 0.2305597  0.23361505 0.23074985 0.22531656 0.22060987 0.2349798
 0.2405974  0.2377075 ]","[0.1830441  0.17103572 0.19520685 0.19020316 0.21337226 0.19928628
 0.19562476 0.20444715 0.19142278 0.18920264 0.18347683 0.18459212
 0.17896574 0.18058324 0.17664851 0.18595674 0.19492537 0.1703435
 0.20399034 0.19510932 0.21174335 0.1999655  0.19033676 0.16703049
 0.19573158 0.18993726 0.18481182 0.17878677 0.18590845 0.17937991
 0.18652133 0.18611186 0.19400658 0.17351705 0.17341285 0.17892653
 0.18057941 0.19817697 0.18703014 0.20289694 0.18866758 0.19247905
 0.18839384 0.19939629 0.20193179 0.17708154 0.1898947  0.19713869
 0.19376638 0.19439815]","[2.78472752e-085 3.81085784e-077 1.15123110e-089 3.89951577e-107
 2.03146763e-102 3.10038143e-101 4.30410918e-103 1.10984869e-095
 3.98934640e-101 2.33873816e-099 2.53725742e-083 2.16846302e-088
 4.85810583e-079 2.69339406e-093 2.37736871e-082 6.89445435e-102
 2.01219901e-100 2.75175290e-089 5.55215611e-100 3.96862664e-098
 4.80671008e-119 4.17858035e-093 3.52344038e-095 4.50556211e-084
 5.13324014e-102 1.50138914e-086 3.10853753e-094 3.37726369e-076
 3.26518804e-083 2.46740502e-090 2.26058992e-099 7.74774734e-088
 5.24510966e-096 1.16797864e-078 3.52623956e-088 4.85590775e-095
 7.71689403e-071 5.60904408e-109 7.38400886e-093 4.36068645e-109
 1.91550343e-094 2.57023553e-088 5.97384200e-094 1.77932679e-096
 4.16933358e-094 1.07073050e-089 5.76316447e-086 1.29021606e-097
 2.21938005e-102 6.48693328e-100]","[4.05861551e-59 1.26805051e-51 3.03875830e-67 7.77874948e-64
 2.17468633e-80 4.32750259e-70 1.56278284e-67 8.86561095e-74
 1.17115156e-64 3.64277693e-63 2.13072659e-59 4.01909098e-60
 1.63095303e-56 1.53775004e-57 4.62500598e-55 5.14776966e-61
 4.75176325e-67 3.30559792e-51 1.89731584e-73 3.54817730e-67
 3.67931065e-79 1.43343937e-70 6.32559031e-64 3.06780858e-49
 1.31819841e-67 1.17346062e-63 2.88995421e-60 2.11512249e-56
 5.53759351e-61 8.92786802e-57 2.18965819e-61 4.07135107e-61
 2.03515211e-66 3.95643678e-53 4.58128498e-53 1.72658154e-56
 1.54642207e-57 2.60796190e-69 1.01114903e-61 1.16396716e-72
 8.28935639e-63 2.24935372e-65 1.26125388e-62 3.61937179e-70
 5.72380788e-72 2.48383124e-55 1.25321082e-63 1.38784257e-68
 2.97331830e-66 1.09581129e-66]","[0.03490877 0.03301334 0.04560614 0.03962982 0.04720402 0.04429185
 0.0462625  0.04032218 0.03582132 0.04429817 0.0299654  0.03676307
 0.03154981 0.0387156  0.03379965 0.04336834 0.04519129 0.03867638
 0.04500151 0.03762865 0.04210854 0.03604138 0.04231882 0.03298056
 0.03830874 0.04150105 0.0393064  0.03201556 0.03663039 0.04050875
 0.04513025 0.03496671 0.03723574 0.03539789 0.0327121  0.04134178
 0.0314492  0.04636085 0.03608918 0.04330516 0.03765857 0.04212379
 0.03177714 0.04370344 0.03802705 0.03134298 0.03384984 0.03846216
 0.04334247 0.04055226]","[0.02433288 0.02171242 0.03625476 0.02599907 0.03607988 0.03016329
 0.03220439 0.03170156 0.02443373 0.02998292 0.02078438 0.0247165
 0.02037382 0.02522194 0.02345765 0.02940178 0.03208733 0.02405334
 0.03222108 0.02593923 0.02766681 0.02525663 0.03012311 0.02047396
 0.02655113 0.0296911  0.02437913 0.02324116 0.02445519 0.02409542
 0.02993298 0.0248847  0.02754426 0.02396011 0.02204454 0.02541423
 0.02403092 0.0320667  0.02468324 0.02914774 0.02319205 0.02976561
 0.01998234 0.03185821 0.02768409 0.01845777 0.02462566 0.02663958
 0.02908194 0.02649605]","[0.14510447 0.13966589 0.1643083  0.15494966 0.16546841 0.16210567
 0.16549252 0.15508848 0.14620885 0.16159824 0.13357343 0.15066033
 0.14030728 0.15307379 0.14157741 0.16142018 0.16452422 0.15049831
 0.16527165 0.15093374 0.15764657 0.14816764 0.15733818 0.14067255
 0.15238039 0.15915301 0.15546598 0.13788616 0.14796172 0.15665041
 0.16394864 0.1429435  0.14972942 0.14321462 0.13864165 0.15654223
 0.13659168 0.16438603 0.14660372 0.15985194 0.15153033 0.15947657
 0.13460752 0.16166853 0.14962709 0.1325136  0.14268526 0.15160211
 0.15749487 0.15344387]","[0.12174451 0.11548699 0.14880985 0.12847638 0.1466106  0.13513341
 0.14054881 0.13854946 0.12414116 0.13515051 0.11273299 0.12525256
 0.11496204 0.12680232 0.12026808 0.1355207  0.14117087 0.12182284
 0.1408149  0.12790785 0.13070756 0.12563249 0.13449638 0.11384851
 0.12893407 0.13579861 0.12481064 0.11911065 0.1231262  0.12387043
 0.13613909 0.12114969 0.13123935 0.11858526 0.11751    0.12584391
 0.12036272 0.13951672 0.12377003 0.13434598 0.12207428 0.13647097
 0.10892085 0.13962034 0.1285844  0.10337508 0.12394386 0.12876035
 0.13083553 0.12576285]",6.1326023665882134e-33,5.324521210990662e-26,3.0587314127395015e-32,2.6992470074544033e-25,5.725408689372103e-09,2.937668652780445e-09,3.2359394146241906e-09,2.139031233346619e-09,1e-05,1e-05,0.0,0.0,0.22963430342197416,0.1891079385328293,0.011482297878702473,0.01032576521537088,0.03877133131027222,0.026570966243743898,0.0047381127365043515,0.004034731229658108,0.15164513206463082,0.12758107331070123,0.009397452595399852,0.009510438780245854
df2,0.6000000000000001,0.6000000000000001,0.0,"[1.26387580e-48 5.89559709e-54 3.22000728e-52 3.21237555e-42
 1.28537148e-56 9.55803990e-58 7.24139755e-53 3.55862494e-54
 8.47223917e-48 4.87748802e-60 1.96022961e-52 2.27167277e-46
 4.85066545e-49 6.91984994e-59 3.22000728e-52 8.47223917e-48
 2.51694654e-63 2.14572537e-54 1.19205281e-52 1.64306603e-50
 1.45365542e-45 3.60781842e-56 7.77624575e-55 2.39365688e-34
 2.66373322e-53 2.80617232e-55 9.55803990e-58 3.60781842e-56
 3.22000728e-52 7.00791465e-41 2.80617232e-55 3.61877620e-46
 6.03472099e-56 5.28378753e-52 8.30820763e-60 8.90129708e-44
 2.67335366e-50 3.55862494e-54 5.58403660e-47 4.85066545e-49
 1.42453006e-46 3.00027002e-49 3.22000728e-52 5.89559709e-54
 1.68303018e-55 7.05469515e-50 6.32047121e-36 1.21147719e-41
 4.55991975e-57 5.28378753e-52]","[7.79126605e-42 1.44479841e-44 1.08397407e-40 1.84715262e-36
 9.44810349e-40 1.29241929e-54 4.19874897e-36 1.22668930e-38
 1.81313081e-32 2.17967002e-47 3.61877620e-46 7.00791465e-41
 1.87374272e-38 3.59372037e-44 1.17161696e-33 1.84715262e-36
 1.35963995e-47 3.53047956e-37 1.00942344e-37 5.78417409e-45
 1.42453006e-46 3.53047956e-37 9.14645852e-45 4.73751051e-25
 3.61877620e-46 2.78636314e-36 1.45226397e-39 2.66373322e-53
 2.91986566e-41 2.66678482e-31 2.91986566e-41 8.09234334e-37
 1.61299095e-53 9.44810349e-40 2.19550867e-43 1.84715262e-36
 8.02241615e-39 2.30592786e-45 1.22668930e-38 1.39869353e-43
 1.17161696e-33 8.43789069e-43 2.32827146e-37 6.14029324e-40
 6.14029324e-40 8.47828272e-32 4.36966274e-28 7.19492833e-35
 1.53384053e-37 3.53047956e-37]","[1.26387580e-48 5.89559709e-54 3.22000728e-52 3.21237555e-42
 1.28537148e-56 9.55803990e-58 7.24139755e-53 3.55862494e-54
 8.47223917e-48 4.87748802e-60 1.96022961e-52 2.27167277e-46
 4.85066545e-49 6.91984994e-59 3.22000728e-52 8.47223917e-48
 2.51694654e-63 2.14572537e-54 1.19205281e-52 1.64306603e-50
 1.45365542e-45 3.60781842e-56 7.77624575e-55 2.39365688e-34
 2.66373322e-53 2.80617232e-55 9.55803990e-58 3.60781842e-56
 3.22000728e-52 7.00791465e-41 2.80617232e-55 3.61877620e-46
 6.03472099e-56 5.28378753e-52 8.30820763e-60 8.90129708e-44
 2.67335366e-50 3.55862494e-54 5.58403660e-47 4.85066545e-49
 1.42453006e-46 3.00027002e-49 3.22000728e-52 5.89559709e-54
 1.68303018e-55 7.05469515e-50 6.32047121e-36 1.21147719e-41
 4.55991975e-57 5.28378753e-52]","[7.79126605e-42 1.44479841e-44 1.08397407e-40 1.84715262e-36
 9.44810349e-40 1.29241929e-54 4.19874897e-36 1.22668930e-38
 1.81313081e-32 2.17967002e-47 3.61877620e-46 7.00791465e-41
 1.87374272e-38 3.59372037e-44 1.17161696e-33 1.84715262e-36
 1.35963995e-47 3.53047956e-37 1.00942344e-37 5.78417409e-45
 1.42453006e-46 3.53047956e-37 9.14645852e-45 4.73751051e-25
 3.61877620e-46 2.78636314e-36 1.45226397e-39 2.66373322e-53
 2.91986566e-41 2.66678482e-31 2.91986566e-41 8.09234334e-37
 1.61299095e-53 9.44810349e-40 2.19550867e-43 1.84715262e-36
 8.02241615e-39 2.30592786e-45 1.22668930e-38 1.39869353e-43
 1.17161696e-33 8.43789069e-43 2.32827146e-37 6.14029324e-40
 6.14029324e-40 8.47828272e-32 4.36966274e-28 7.19492833e-35
 1.53384053e-37 3.53047956e-37]","[1.05220964e-08 3.23888061e-09 5.06341469e-09 8.32476021e-09
 2.27663344e-09 6.96446911e-09 7.38145001e-09 2.61728728e-09
 7.81706067e-09 3.90949118e-09 4.81461293e-09 9.34420341e-09
 1.35157407e-08 3.26892580e-09 3.25850436e-09 1.53083116e-08
 3.24736582e-09 7.68621455e-09 4.13975487e-09 1.48129720e-08
 4.39025227e-09 1.57212451e-08 1.49227610e-08 1.55386104e-09
 7.27451932e-09 1.36479965e-08 1.19341302e-08 2.84434609e-09
 1.11729905e-08 1.00940417e-08 9.26035337e-09 4.09704648e-09
 8.80090822e-09 9.45003809e-09 3.83027510e-09 4.92840269e-09
 1.40163691e-08 9.18783194e-09 2.44164777e-09 1.19227643e-08
 6.55507859e-09 2.08984963e-09 1.30153542e-08 2.87884805e-09
 1.37972279e-08 4.09183165e-09 7.10034087e-09 2.97008629e-09
 3.04240400e-09 8.03302047e-09]","[1.52090063e-09 6.76964740e-09 1.58639979e-09 5.86782312e-09
 1.89593063e-09 8.96462216e-09 7.41881034e-09 1.32548894e-09
 6.25273944e-10 1.88794247e-09 2.16174767e-09 1.14229415e-09
 1.21041854e-09 2.32208497e-09 9.69674119e-10 9.55251644e-09
 1.75697279e-09 9.42550926e-10 1.74653159e-09 6.90473267e-09
 3.43918760e-09 8.35689040e-09 9.85145698e-09 1.06656828e-09
 1.80140447e-09 3.23505278e-09 1.08485734e-08 6.86395585e-09
 1.35972622e-09 9.11345888e-10 8.50488835e-09 1.45591283e-09
 2.58178590e-09 8.85378948e-09 9.79546499e-09 1.26553801e-09
 2.75112666e-09 4.45934045e-09 7.21869164e-09 3.50429319e-09
 7.48713758e-10 9.35604760e-09 1.61323166e-09 2.58602351e-09
 8.06724043e-09 2.30950736e-09 3.13827553e-09 5.11819298e-09
 1.52049817e-09 4.11015078e-09]","[1.e-05 1.e-05 1.e-05 1.e-05 1.e-05 1.e-05 1.e-05 1.e-05 1.e-05 1.e-05
 1.e-05 1.e-05 1.e-05 1.e-05 1.e-05 1.e-05 1.e-05 1.e-05 1.e-05 1.e-05
 1.e-05 1.e-05 1.e-05 1.e-05 1.e-05 1.e-05 1.e-05 1.e-05 1.e-05 1.e-05
 1.e-05 1.e-05 1.e-05 1.e-05 1.e-05 1.e-05 1.e-05 1.e-05 1.e-05 1.e-05
 1.e-05 1.e-05 1.e-05 1.e-05 1.e-05 1.e-05 1.e-05 1.e-05 1.e-05 1.e-05]","[1.e-05 1.e-05 1.e-05 1.e-05 1.e-05 1.e-05 1.e-05 1.e-05 1.e-05 1.e-05
 1.e-05 1.e-05 1.e-05 1.e-05 1.e-05 1.e-05 1.e-05 1.e-05 1.e-05 1.e-05
 1.e-05 1.e-05 1.e-05 1.e-05 1.e-05 1.e-05 1.e-05 1.e-05 1.e-05 1.e-05
 1.e-05 1.e-05 1.e-05 1.e-05 1.e-05 1.e-05 1.e-05 1.e-05 1.e-05 1.e-05
 1.e-05 1.e-05 1.e-05 1.e-05 1.e-05 1.e-05 1.e-05 1.e-05 1.e-05 1.e-05]","[0.26235553 0.25496469 0.24301695 0.21585633 0.25090669 0.26143172
 0.2539131  0.25855523 0.23857061 0.25366839 0.24953477 0.24069875
 0.24725488 0.25859201 0.23292525 0.25118396 0.26063123 0.25344975
 0.25330961 0.24869132 0.24207638 0.26758978 0.25395549 0.23351578
 0.24857134 0.23718455 0.25018544 0.26756427 0.24234242 0.2427739
 0.26045628 0.24055981 0.2558514  0.24079358 0.26900253 0.23442086
 0.25666278 0.23875516 0.2409858  0.25282774 0.24497441 0.25074711
 0.25684138 0.24839191 0.23727505 0.24094469 0.24043495 0.23008889
 0.25544365 0.24881937]","[0.22346895 0.20562125 0.19967475 0.18266541 0.20705707 0.23807781
 0.20213203 0.21262654 0.18437966 0.20803687 0.20880477 0.20686433
 0.19773045 0.20146541 0.17709966 0.19805529 0.21281157 0.21547544
 0.19507748 0.20595531 0.21281011 0.2104143  0.21256333 0.18419927
 0.21602861 0.18594703 0.19749747 0.23678667 0.19508263 0.19144284
 0.21789398 0.19965149 0.21895686 0.19269684 0.2151123  0.20024586
 0.2208152  0.20334614 0.19794168 0.1923992  0.19456879 0.21198574
 0.19858625 0.19769572 0.18744075 0.1898229  0.203171   0.18428377
 0.20551865 0.20214124]","[5.84905843e-122 4.16272911e-115 1.80956234e-104 2.78771188e-082
 1.96446881e-111 4.31499287e-121 3.77944800e-114 2.07247365e-118
 1.19915420e-100 6.30625423e-114 3.32023182e-110 1.81629707e-102
 3.51552236e-108 1.91603064e-118 6.66190453e-096 1.10716416e-111
 2.42316866e-120 9.95929071e-114 1.33455461e-113 1.87304100e-109
 1.18066931e-103 6.13661717e-127 3.45853267e-114 2.15217514e-096
 2.39446783e-109 1.79843160e-099 8.70318733e-111 6.49308931e-127
 6.95141261e-104 2.94023113e-104 3.53054051e-120 2.39059179e-102
 6.43084758e-116 1.50556814e-102 2.66695424e-128 3.78646088e-097
 1.15729841e-116 8.35122473e-101 1.02904866e-102 3.64621490e-113
 3.56167129e-106 2.73174274e-111 7.92790744e-117 3.45640635e-109
 1.50774359e-099 1.11633279e-102 3.05968913e-102 1.45340411e-093
 1.51922377e-115 1.44095861e-109]","[3.19230020e-088 1.24419256e-074 2.30140197e-070 7.12394260e-059
 1.10937171e-075 3.14646888e-100 4.11572394e-072 7.96096949e-080
 5.52676453e-060 2.11022022e-076 5.71448922e-077 1.53617262e-075
 5.35830305e-069 1.23232184e-071 2.42000010e-055 3.17394037e-069
 5.77196430e-080 5.45577613e-082 3.73226171e-067 7.10099292e-075
 5.78662253e-080 3.63700498e-078 8.88461148e-080 7.24118848e-060
 2.05668297e-082 5.22389445e-061 7.79659754e-069 3.90070529e-099
 3.70180904e-067 1.13512108e-064 7.51751794e-084 2.39019256e-070
 1.12579592e-084 1.59883811e-065 1.03366833e-081 9.07439790e-071
 3.97755307e-086 5.53123610e-073 3.81225092e-069 2.54897993e-065
 8.36369970e-067 2.41880440e-079 1.34593967e-069 5.66648728e-069
 5.41162637e-062 1.40018084e-063 7.39425892e-073 6.38055011e-060
 1.47779753e-074 4.05377057e-072]","[0.04838073 0.04670453 0.04958344 0.03799605 0.04845762 0.04620337
 0.04168057 0.05417931 0.04356539 0.04623282 0.04996753 0.04519641
 0.04626465 0.04919291 0.03932536 0.04257846 0.05116403 0.04790533
 0.04427385 0.04797983 0.03991508 0.05168676 0.0408181  0.03756773
 0.04554296 0.041731   0.04444659 0.04322946 0.04456151 0.04562867
 0.04754663 0.0481931  0.04601943 0.04462504 0.05223954 0.04518175
 0.05240679 0.0378195  0.04475152 0.04582322 0.03945971 0.04584837
 0.04756784 0.04031849 0.04153776 0.0433681  0.0396899  0.03343606
 0.04137719 0.04993594]","[0.03445196 0.0310334  0.03334701 0.02683473 0.03394461 0.03648806
 0.02812815 0.03619456 0.02788162 0.03185153 0.03470349 0.03282547
 0.03043854 0.03094554 0.02433944 0.02655733 0.03395891 0.03230858
 0.0266124  0.0328002  0.02782822 0.03452623 0.02918088 0.02445292
 0.03250659 0.02630138 0.02916324 0.03373873 0.02858067 0.02933717
 0.03262806 0.03450823 0.03161514 0.02918494 0.03753209 0.03213346
 0.03465164 0.02575541 0.03128517 0.02897501 0.02643681 0.03217816
 0.03177702 0.02528298 0.02565026 0.02845562 0.02806759 0.02067137
 0.02802062 0.03546703]","[0.17003181 0.16577407 0.17303593 0.15247804 0.16857885 0.16556005
 0.15797534 0.17922137 0.16171838 0.16701783 0.17375566 0.16462394
 0.16724062 0.17044194 0.1554362  0.16232859 0.17176207 0.17014584
 0.16262855 0.1692655  0.15400446 0.17702403 0.15646522 0.14910314
 0.16459616 0.15846971 0.16060508 0.15873569 0.16272555 0.16617737
 0.16797725 0.16998882 0.16719477 0.16294712 0.17591405 0.16472667
 0.17551204 0.15090709 0.16494131 0.16738131 0.15484248 0.16625841
 0.16899224 0.15548185 0.15619186 0.16080584 0.15389952 0.14370077
 0.15986742 0.1734972 ]","[0.14505253 0.13985081 0.14357119 0.1301943  0.14331195 0.14903673
 0.13235076 0.14944153 0.13327504 0.14087158 0.14787283 0.14193539
 0.13839959 0.13787418 0.12538766 0.13104389 0.14200741 0.14210143
 0.12866811 0.14215438 0.12947826 0.14874852 0.13523175 0.12280044
 0.14093522 0.1289605  0.13278736 0.14172813 0.1329953  0.13569312
 0.14178028 0.14569812 0.14122753 0.13402403 0.15199731 0.14067949
 0.14483857 0.12647976 0.14056838 0.13693989 0.12879178 0.14029565
 0.14143901 0.12583213 0.12574934 0.13303358 0.13181441 0.1156423
 0.13537128 0.14797457]",4.913724890743602e-36,9.483767789623986e-27,3.3504819430302114e-35,6.632392582820091e-26,7.451559445037504e-09,4.065304768374744e-09,4.234702528915086e-09,3.150225798687298e-09,1e-05,1e-05,0.0,0.0,0.24839094917297364,0.20320253307342528,0.010478364776449485,0.012852328266048076,0.04498211860656738,0.030430762767791747,0.004345572394105273,0.0036668409865166615,0.16395909990336344,0.13727874643368007,0.007663352717529433,0.007833607044905898
df2,0.65,0.65,0.0,"[9.80545229e-61 7.24139755e-53 4.83655003e-64 9.55803990e-58
 2.71159835e-57 6.91984994e-59 8.30820763e-60 6.03472099e-56
 7.77624575e-55 8.30820763e-60 2.71159835e-57 5.73182083e-61
 2.71159835e-57 9.75688065e-54 6.03472099e-56 2.51694654e-63
 4.55991975e-57 2.80617232e-55 5.89559709e-54 2.40288390e-59
 2.14572537e-54 1.73467612e-65 1.14419204e-49 1.41368557e-59
 1.96022961e-52 1.05170761e-66 7.77624575e-55 2.15460932e-56
 5.27367686e-48 6.03472099e-56 3.55535840e-70 1.98571665e-68
 1.41820348e-51 3.55535840e-70 8.39040599e-64 3.79042144e-51
 1.68303018e-55 3.84964189e-62 1.08402131e-71 2.66373322e-53
 1.41820348e-51 2.78496894e-64 2.71159835e-57 9.75688065e-54
 3.51245105e-68 3.02883737e-65 8.95973634e-75 4.07987974e-59
 1.19205281e-52 1.60190536e-64]","[2.57596005e-33 5.27367686e-48 2.15460932e-56 8.66108972e-52
 9.14645852e-45 3.61877620e-46 1.44479841e-44 3.61877620e-46
 1.45226397e-39 4.34507678e-50 9.14645852e-45 2.03688601e-48
 8.02241615e-39 1.67491922e-40 2.27983976e-44 2.19550867e-43
 5.00547265e-42 3.22000728e-52 1.41820348e-51 2.30592786e-45
 2.67335366e-50 1.00877229e-50 1.31892718e-42 1.35963995e-47
 4.19874897e-36 1.35963995e-47 3.27921374e-48 5.39250695e-43
 1.84715262e-36 1.42453006e-46 2.71159835e-57 1.85378592e-49
 5.34786658e-37 2.80617232e-55 2.14572537e-54 2.91986566e-41
 1.67491922e-40 1.35963995e-47 2.71159835e-57 5.78417409e-45
 1.08397407e-40 5.58403660e-47 4.34507678e-50 6.63610190e-38
 9.15418035e-46 2.40288390e-59 7.05469515e-50 4.52588482e-41
 5.75863544e-46 2.15460932e-56]","[9.80545229e-61 7.24139755e-53 4.83655003e-64 9.55803990e-58
 2.71159835e-57 6.91984994e-59 8.30820763e-60 6.03472099e-56
 7.77624575e-55 8.30820763e-60 2.71159835e-57 5.73182083e-61
 2.71159835e-57 9.75688065e-54 6.03472099e-56 2.51694654e-63
 4.55991975e-57 2.80617232e-55 5.89559709e-54 2.40288390e-59
 2.14572537e-54 1.73467612e-65 1.14419204e-49 1.41368557e-59
 1.96022961e-52 1.05170761e-66 7.77624575e-55 2.15460932e-56
 5.27367686e-48 6.03472099e-56 3.55535840e-70 1.98571665e-68
 1.41820348e-51 3.55535840e-70 8.39040599e-64 3.79042144e-51
 1.68303018e-55 3.84964189e-62 1.08402131e-71 2.66373322e-53
 1.41820348e-51 2.78496894e-64 2.71159835e-57 9.75688065e-54
 3.51245105e-68 3.02883737e-65 8.95973634e-75 4.07987974e-59
 1.19205281e-52 1.60190536e-64]","[2.57596005e-33 5.27367686e-48 2.15460932e-56 8.66108972e-52
 9.14645852e-45 3.61877620e-46 1.44479841e-44 3.61877620e-46
 1.45226397e-39 4.34507678e-50 9.14645852e-45 2.03688601e-48
 8.02241615e-39 1.67491922e-40 2.27983976e-44 2.19550867e-43
 5.00547265e-42 3.22000728e-52 1.41820348e-51 2.30592786e-45
 2.67335366e-50 1.00877229e-50 1.31892718e-42 1.35963995e-47
 4.19874897e-36 1.35963995e-47 3.27921374e-48 5.39250695e-43
 1.84715262e-36 1.42453006e-46 2.71159835e-57 1.85378592e-49
 5.34786658e-37 2.80617232e-55 2.14572537e-54 2.91986566e-41
 1.67491922e-40 1.35963995e-47 2.71159835e-57 5.78417409e-45
 1.08397407e-40 5.58403660e-47 4.34507678e-50 6.63610190e-38
 9.15418035e-46 2.40288390e-59 7.05469515e-50 4.52588482e-41
 5.75863544e-46 2.15460932e-56]","[2.68154987e-09 6.35264363e-09 4.84526730e-09 1.68590614e-08
 1.44326449e-08 1.14119215e-08 6.80489476e-09 5.25542065e-09
 3.28687155e-09 4.43338788e-09 7.80132980e-09 8.50613580e-09
 1.51146605e-08 9.79402237e-09 5.48822210e-09 1.55373807e-08
 8.77876638e-09 9.86311632e-09 3.15686288e-09 1.01840094e-08
 4.66419670e-09 5.29696731e-09 6.64824640e-09 1.95798122e-08
 2.62984290e-09 6.28157815e-09 8.49107928e-09 9.62020807e-09
 2.68851597e-09 5.48845458e-09 2.00503438e-08 1.06275642e-08
 2.41017961e-09 5.46468693e-09 3.28614191e-09 3.05292858e-09
 1.47996507e-08 7.26924809e-09 4.85868046e-09 5.83345816e-09
 1.29697918e-08 3.40376949e-09 8.50503201e-09 5.08768883e-09
 9.80864634e-09 4.83846285e-09 2.32541011e-08 1.06756436e-08
 4.69675976e-09 7.52732188e-09]","[1.12642196e-09 1.63085589e-09 4.39790693e-09 8.91934715e-09
 2.15370211e-09 6.66553657e-09 5.42613487e-09 1.18573259e-08
 2.09327100e-09 2.22078933e-09 6.53993870e-09 1.08646618e-08
 1.98369676e-09 1.16559595e-09 1.06251241e-08 3.03278291e-09
 6.59678279e-09 8.48777459e-09 3.61756303e-09 4.91661700e-09
 4.81467655e-09 3.22020044e-09 2.47155540e-09 4.76370876e-09
 1.48119128e-09 7.04145331e-09 3.37877060e-09 4.10046452e-09
 4.86189622e-09 6.33859576e-09 2.94420022e-09 8.16388990e-09
 8.79492190e-09 2.50998355e-09 1.41233661e-08 1.82463844e-09
 8.76765405e-09 1.09746497e-08 4.56609994e-09 7.63543040e-09
 2.84223478e-09 1.22658133e-08 2.17565443e-09 1.10613884e-08
 2.66122802e-09 9.48611856e-09 3.77916687e-09 6.03312911e-09
 8.41248238e-09 1.70916327e-08]","[1.e-05 1.e-05 1.e-05 1.e-05 1.e-05 1.e-05 1.e-05 1.e-05 1.e-05 1.e-05
 1.e-05 1.e-05 1.e-05 1.e-05 1.e-05 1.e-05 1.e-05 1.e-05 1.e-05 1.e-05
 1.e-05 1.e-05 1.e-05 1.e-05 1.e-05 1.e-05 1.e-05 1.e-05 1.e-05 1.e-05
 1.e-05 1.e-05 1.e-05 1.e-05 1.e-05 1.e-05 1.e-05 1.e-05 1.e-05 1.e-05
 1.e-05 1.e-05 1.e-05 1.e-05 1.e-05 1.e-05 1.e-05 1.e-05 1.e-05 1.e-05]","[1.e-05 1.e-05 1.e-05 1.e-05 1.e-05 1.e-05 1.e-05 1.e-05 1.e-05 1.e-05
 1.e-05 1.e-05 1.e-05 1.e-05 1.e-05 1.e-05 1.e-05 1.e-05 1.e-05 1.e-05
 1.e-05 1.e-05 1.e-05 1.e-05 1.e-05 1.e-05 1.e-05 1.e-05 1.e-05 1.e-05
 1.e-05 1.e-05 1.e-05 1.e-05 1.e-05 1.e-05 1.e-05 1.e-05 1.e-05 1.e-05
 1.e-05 1.e-05 1.e-05 1.e-05 1.e-05 1.e-05 1.e-05 1.e-05 1.e-05 1.e-05]","[0.26233113 0.26229622 0.27932651 0.27320054 0.25487739 0.2730614
 0.27795951 0.25353647 0.25783607 0.28228914 0.26985137 0.26649237
 0.26993102 0.25814547 0.27029405 0.25394623 0.25647466 0.26258806
 0.26934301 0.2700577  0.27005484 0.26137659 0.25571366 0.28045218
 0.26007875 0.27446008 0.25386935 0.26787848 0.25234579 0.25938563
 0.28540583 0.27962471 0.25909219 0.29348779 0.26774601 0.26765605
 0.26379169 0.27368643 0.29232266 0.25903571 0.24905225 0.27221122
 0.2783118  0.26797189 0.27427924 0.2578266  0.28921072 0.27318526
 0.25254008 0.27366267]","[0.18901657 0.22447136 0.24313766 0.22566604 0.21380914 0.22772938
 0.22160102 0.20536397 0.21354694 0.23127783 0.22570008 0.22402446
 0.21953573 0.22070572 0.24145848 0.20442414 0.20508234 0.22986058
 0.23846779 0.22736395 0.23944894 0.21660602 0.23318009 0.22671705
 0.21103148 0.2286812  0.21757105 0.21836331 0.19283574 0.21891699
 0.23770092 0.23714884 0.21790072 0.24755101 0.234556   0.22220372
 0.21621476 0.22126493 0.23593309 0.21789391 0.21334442 0.2288756
 0.23859701 0.20792507 0.21752077 0.22403532 0.23074117 0.22444308
 0.20859398 0.23772819]","[6.16664689e-122 6.65130893e-122 1.73787340e-138 2.15645781e-132
 5.00120853e-115 2.95436397e-132 4.09648478e-137 8.30877664e-114
 9.59329752e-118 1.74112540e-141 4.01813307e-129 6.92714500e-126
 3.36320674e-129 4.96490239e-118 1.49364901e-129 3.52618878e-114
 1.72328612e-116 3.53275218e-122 1.24920705e-128 2.53397854e-129
 2.55025774e-129 4.86038179e-121 8.59923565e-116 1.27196473e-139
 7.94656544e-120 1.23789910e-133 4.14183684e-114 3.23771691e-127
 9.94322991e-113 3.51257511e-119 1.11905568e-144 8.70323362e-139
 6.58148316e-119 3.93585128e-153 4.34209383e-127 5.29926213e-127
 2.57852039e-123 7.17311106e-133 6.75384143e-152 7.42646441e-119
 8.94017523e-110 2.01493009e-131 1.81728715e-137 2.63225333e-127
 1.86742455e-133 9.78856341e-118 1.26100524e-148 2.23236925e-132
 6.63727914e-113 7.57011453e-133]","[4.84990322e-063 5.07860526e-089 1.42165268e-104 5.61512331e-090
 1.01455061e-080 1.21635401e-091 9.59012167e-087 1.91515792e-074
 1.60354696e-080 1.53349199e-094 5.27269845e-090 1.15381555e-088
 3.98647617e-085 4.84728615e-086 4.03118610e-103 9.21227619e-074
 3.06876970e-074 2.23530565e-093 1.46677291e-100 2.40419031e-091
 2.13753309e-101 7.40811455e-083 4.09253553e-096 8.00930407e-091
 1.25751120e-078 2.05097170e-092 1.33594081e-083 3.25440692e-084
 1.28577235e-065 1.20911383e-084 6.57082817e-100 1.92793687e-099
 7.42787455e-084 1.92354212e-108 2.91939208e-097 3.20958474e-087
 1.48026721e-082 1.76332667e-086 2.04408940e-098 7.51854000e-084
 2.28282364e-080 1.42443440e-092 1.13869774e-100 2.55122037e-076
 1.46094278e-083 1.13106133e-088 4.23833775e-094 5.34956650e-089
 8.18337028e-077 6.23007189e-100]","[0.04485595 0.05619228 0.05342507 0.05922318 0.04728651 0.0517379
 0.05911791 0.04464185 0.05545974 0.05646539 0.05013454 0.05457664
 0.05087042 0.04644096 0.05620301 0.04843795 0.04572153 0.05274177
 0.04987442 0.05075657 0.04766977 0.05570579 0.04607129 0.05750895
 0.05133402 0.06419003 0.05313301 0.05328321 0.04691112 0.05061746
 0.05842865 0.05922925 0.0519644  0.06965005 0.04765821 0.0474292
 0.05155325 0.05771399 0.05687523 0.0530988  0.04735506 0.05288482
 0.05919349 0.04996753 0.05475497 0.06020021 0.06654763 0.05414271
 0.04249525 0.05677891]","[0.0245074  0.03981245 0.04073644 0.04208398 0.03394818 0.03421617
 0.03963149 0.02865863 0.04061997 0.0375371  0.03424168 0.03795469
 0.03313124 0.03053272 0.04215407 0.03191006 0.03056133 0.04015064
 0.03692675 0.03331649 0.03554034 0.03974819 0.03573942 0.03847027
 0.03632915 0.04780388 0.0377878  0.03441012 0.03000867 0.03624368
 0.04044485 0.04330409 0.03506386 0.0496155  0.03498614 0.03313982
 0.03417182 0.03983438 0.03967059 0.0369525  0.03416562 0.03629732
 0.04432786 0.03023267 0.03499007 0.04442024 0.04391813 0.03688478
 0.02980876 0.04080009]","[0.16397978 0.18622242 0.17866169 0.18943972 0.1716596  0.17525052
 0.18456361 0.16108746 0.18373641 0.18209036 0.17377866 0.17930177
 0.17401137 0.16605119 0.18341902 0.16814194 0.16504804 0.17880556
 0.17360035 0.17455464 0.16895292 0.18331069 0.16920516 0.18423394
 0.17649771 0.1947745  0.1802637  0.17814909 0.16651269 0.17189515
 0.18479786 0.18695807 0.17428791 0.20468949 0.16839861 0.16678683
 0.17662724 0.18561964 0.18423323 0.17750469 0.16956545 0.17546071
 0.18730723 0.17319695 0.18159652 0.19272669 0.19765065 0.1832321
 0.1602974  0.18439405]","[0.12496357 0.15774864 0.15826022 0.16286767 0.14862811 0.14516705
 0.15404413 0.13140256 0.15913141 0.15101138 0.14636859 0.15216777
 0.14278182 0.13638728 0.1613315  0.13966025 0.13784301 0.15790461
 0.1513165  0.14413321 0.14785597 0.15708683 0.15045696 0.15320868
 0.14983663 0.17040442 0.15353902 0.14550635 0.13533954 0.1465453
 0.15600234 0.16306076 0.14550964 0.17555482 0.14585591 0.14216685
 0.14637923 0.15875579 0.15528497 0.14958416 0.1457918  0.14747223
 0.16379711 0.13804658 0.14837047 0.16740342 0.16462624 0.15394058
 0.13694102 0.15889486]",1.079033389434046e-49,5.165234201611153e-35,7.381411960776713e-49,3.6061595358441955e-34,8.207943427152031e-09,5.858160498917187e-09,4.906931842199418e-09,3.733693554586629e-09,1e-05,1e-05,0.0,0.0,0.26779108962774273,0.2231153505706787,0.010723470136648986,0.012331995486509605,0.053170197010040283,0.03695484161376953,0.005647924526306001,0.004936697179220822,0.17805062053106252,0.15072675615939302,0.00934337275284854,0.010062463469492145
df2,0.7000000000000001,0.7000000000000001,0.0,"[5.28280757e-65 2.23586471e-62 1.68303018e-55 7.99410344e-86
 2.00649704e-69 3.55535840e-70 6.62107000e-62 2.78496894e-64
 3.84964189e-62 8.30820763e-60 3.48503975e-71 2.71159835e-57
 1.08402131e-71 3.40157297e-67 1.75814506e-73 1.11555042e-70
 3.40157297e-67 2.78496894e-64 1.98426668e-58 8.11994820e-76
 1.32759256e-80 1.95228637e-61 1.05170761e-66 4.44304977e-76
 1.00833823e-55 1.73467612e-65 9.71516714e-74 3.40157297e-67
 9.71516714e-74 8.30820763e-60 6.32585939e-69 1.09543157e-67
 2.00649704e-69 1.61299095e-53 1.32590390e-76 1.67562367e-60
 3.35720833e-72 1.12821388e-69 8.30820763e-60 6.32804820e-78
 2.86035082e-60 2.86035082e-60 3.40157297e-67 2.95679025e-74
 3.55535840e-70 4.49681448e-88 5.73909492e-73 1.13754661e-61
 1.45399317e-63 1.12821388e-69]","[2.71159835e-57 3.27921374e-48 1.53384053e-37 7.65993218e-57
 5.27367686e-48 9.55803990e-58 8.47223917e-48 2.19550867e-43
 2.66373322e-53 1.85378592e-49 1.00833823e-55 1.08397407e-40
 7.05469515e-50 1.29241929e-54 2.51694654e-63 2.31976235e-51
 6.18686551e-51 2.66373322e-53 1.44479841e-44 5.89559709e-54
 1.95228637e-61 1.29241929e-54 5.89559709e-54 5.73182083e-61
 8.92358057e-47 2.17967002e-47 7.77624575e-55 3.22000728e-52
 4.07987974e-59 7.24139755e-53 4.39427779e-53 3.55862494e-54
 2.86035082e-60 4.52588482e-41 9.55803990e-58 3.27921374e-48
 1.05170761e-66 1.41368557e-59 5.78417409e-45 4.39427779e-53
 9.15418035e-46 5.65883768e-44 3.79042144e-51 2.15460932e-56
 3.60781842e-56 5.98442251e-67 1.41368557e-59 3.60781842e-56
 4.39427779e-53 8.66108972e-52]","[5.28280757e-65 2.23586471e-62 1.68303018e-55 7.99410344e-86
 2.00649704e-69 3.55535840e-70 6.62107000e-62 2.78496894e-64
 3.84964189e-62 8.30820763e-60 3.48503975e-71 2.71159835e-57
 1.08402131e-71 3.40157297e-67 1.75814506e-73 1.11555042e-70
 3.40157297e-67 2.78496894e-64 1.98426668e-58 8.11994820e-76
 1.32759256e-80 1.95228637e-61 1.05170761e-66 4.44304977e-76
 1.00833823e-55 1.73467612e-65 9.71516714e-74 3.40157297e-67
 9.71516714e-74 8.30820763e-60 6.32585939e-69 1.09543157e-67
 2.00649704e-69 1.61299095e-53 1.32590390e-76 1.67562367e-60
 3.35720833e-72 1.12821388e-69 8.30820763e-60 6.32804820e-78
 2.86035082e-60 2.86035082e-60 3.40157297e-67 2.95679025e-74
 3.55535840e-70 4.49681448e-88 5.73909492e-73 1.13754661e-61
 1.45399317e-63 1.12821388e-69]","[2.71159835e-57 3.27921374e-48 1.53384053e-37 7.65993218e-57
 5.27367686e-48 9.55803990e-58 8.47223917e-48 2.19550867e-43
 2.66373322e-53 1.85378592e-49 1.00833823e-55 1.08397407e-40
 7.05469515e-50 1.29241929e-54 2.51694654e-63 2.31976235e-51
 6.18686551e-51 2.66373322e-53 1.44479841e-44 5.89559709e-54
 1.95228637e-61 1.29241929e-54 5.89559709e-54 5.73182083e-61
 8.92358057e-47 2.17967002e-47 7.77624575e-55 3.22000728e-52
 4.07987974e-59 7.24139755e-53 4.39427779e-53 3.55862494e-54
 2.86035082e-60 4.52588482e-41 9.55803990e-58 3.27921374e-48
 1.05170761e-66 1.41368557e-59 5.78417409e-45 4.39427779e-53
 9.15418035e-46 5.65883768e-44 3.79042144e-51 2.15460932e-56
 3.60781842e-56 5.98442251e-67 1.41368557e-59 3.60781842e-56
 4.39427779e-53 8.66108972e-52]","[1.46345170e-08 3.51606255e-09 4.08513923e-09 2.24747712e-08
 1.76398137e-08 1.43404933e-08 1.89895460e-08 1.09039062e-08
 3.09430814e-09 1.06506700e-08 2.22825095e-08 8.57894900e-09
 1.89221571e-08 1.21765690e-08 1.14930091e-08 1.32776022e-08
 1.43812859e-08 6.32230823e-09 5.51265622e-09 4.53135551e-09
 5.61382840e-09 1.09497356e-08 2.30204205e-08 1.01942110e-08
 6.00617134e-09 8.57763893e-09 9.29253463e-09 4.48199622e-09
 1.49712934e-08 1.26073090e-08 1.20990766e-08 4.93615959e-09
 7.80660692e-09 1.24699198e-08 8.00208033e-09 5.40727196e-09
 6.41224340e-09 7.51159368e-09 1.17204308e-08 4.75380213e-09
 1.01308831e-08 7.47726958e-09 1.19315882e-08 9.21781651e-09
 8.64495464e-09 7.84376630e-09 2.08379393e-08 9.01609354e-09
 9.52920143e-09 1.15303560e-08]","[7.41615935e-09 3.51252716e-09 2.19431462e-09 4.21688839e-09
 2.25685659e-09 4.10865320e-09 1.75216686e-09 1.71235937e-09
 5.53168666e-09 1.80687476e-09 2.64362898e-09 1.00385612e-08
 3.43624129e-09 2.86636448e-09 1.00176036e-08 4.36892600e-09
 9.81728987e-09 8.88837748e-09 5.76771853e-09 9.85656945e-09
 1.97643615e-08 6.35988762e-09 1.32796167e-08 7.48583684e-09
 1.20368374e-08 5.28436861e-09 4.53965265e-09 3.55346841e-09
 1.75054808e-08 1.21138569e-08 4.73424033e-09 2.95758362e-09
 9.15809140e-09 8.71326800e-09 1.11753587e-08 1.41252320e-08
 1.94479092e-08 9.21460697e-09 6.88298174e-09 1.32450254e-08
 3.18199023e-09 1.13354203e-08 2.78632117e-09 8.21557700e-09
 1.10502250e-08 2.25686859e-08 4.08290846e-09 3.55264951e-09
 3.52570539e-09 1.02389134e-08]","[1.e-05 1.e-05 1.e-05 1.e-05 1.e-05 1.e-05 1.e-05 1.e-05 1.e-05 1.e-05
 1.e-05 1.e-05 1.e-05 1.e-05 1.e-05 1.e-05 1.e-05 1.e-05 1.e-05 1.e-05
 1.e-05 1.e-05 1.e-05 1.e-05 1.e-05 1.e-05 1.e-05 1.e-05 1.e-05 1.e-05
 1.e-05 1.e-05 1.e-05 1.e-05 1.e-05 1.e-05 1.e-05 1.e-05 1.e-05 1.e-05
 1.e-05 1.e-05 1.e-05 1.e-05 1.e-05 1.e-05 1.e-05 1.e-05 1.e-05 1.e-05]","[1.e-05 1.e-05 1.e-05 1.e-05 1.e-05 1.e-05 1.e-05 1.e-05 1.e-05 1.e-05
 1.e-05 1.e-05 1.e-05 1.e-05 1.e-05 1.e-05 1.e-05 1.e-05 1.e-05 1.e-05
 1.e-05 1.e-05 1.e-05 1.e-05 1.e-05 1.e-05 1.e-05 1.e-05 1.e-05 1.e-05
 1.e-05 1.e-05 1.e-05 1.e-05 1.e-05 1.e-05 1.e-05 1.e-05 1.e-05 1.e-05
 1.e-05 1.e-05 1.e-05 1.e-05 1.e-05 1.e-05 1.e-05 1.e-05 1.e-05 1.e-05]","[0.27888862 0.28082835 0.26550625 0.29358173 0.27720673 0.28642795
 0.26257547 0.27600175 0.27542764 0.27352613 0.29546436 0.2771878
 0.29658034 0.28781859 0.30246114 0.28356316 0.28946078 0.27712073
 0.28259236 0.28681425 0.28944577 0.26978146 0.27500285 0.29395075
 0.27726366 0.28152092 0.29156038 0.28275802 0.29476467 0.26550634
 0.27862017 0.28479265 0.28117417 0.2795843  0.30468714 0.28608584
 0.29397298 0.29915233 0.27336913 0.29655432 0.27899795 0.27622989
 0.27773203 0.28881174 0.2823978  0.30933923 0.30112595 0.28494552
 0.28282199 0.30378904]","[0.23237869 0.22563848 0.21023709 0.23263954 0.22979117 0.24265122
 0.21832437 0.21937153 0.23852065 0.22671422 0.25147015 0.22562124
 0.23867149 0.23754964 0.25717564 0.22790945 0.23159149 0.23477588
 0.22323525 0.23450581 0.24666149 0.23266905 0.22439969 0.24636016
 0.23845979 0.23598879 0.24264904 0.2374679  0.25055386 0.23602844
 0.23853424 0.23916228 0.23505482 0.22701734 0.2519091  0.24073632
 0.25629829 0.2608211  0.23327311 0.23756216 0.23155474 0.22226252
 0.24375043 0.25148179 0.23395801 0.25547881 0.25543481 0.23890877
 0.23475569 0.2604339 ]","[4.79100577e-138 5.29544049e-140 6.06042654e-125 3.12808621e-153
 2.31774395e-136 9.85828934e-146 3.63056699e-122 3.67524154e-135
 1.36506063e-134 1.03160942e-132 3.08029042e-155 2.42082743e-136
 1.96105959e-156 3.56295805e-147 8.09890480e-163 8.72169812e-143
 6.90659286e-149 2.82431598e-136 8.54958217e-142 3.92642034e-146
 7.16086636e-149 4.69712682e-129 3.59733171e-134 1.26774601e-153
 2.03342522e-136 1.05149153e-140 4.30865557e-151 5.79472533e-142
 1.72189368e-154 6.05917385e-125 8.91350506e-138 4.78446032e-144
 2.36350851e-140 9.55872952e-139 2.85938886e-165 2.22526348e-145
 1.20058190e-153 3.28994132e-159 1.47224828e-132 2.09137690e-156
 3.71991605e-138 2.18011058e-135 6.91969463e-137 3.29133177e-148
 1.34951175e-141 1.85380774e-170 2.34346241e-161 3.33161261e-144
 4.98633232e-142 2.80529181e-164]","[1.89070364e-095 5.90858480e-090 4.93087140e-078 1.14962126e-095
 2.54760446e-093 3.75578378e-104 3.48874498e-084 5.35310752e-085
 1.32249662e-100 8.05142384e-091 6.12156339e-112 6.09991564e-090
 9.84014928e-101 8.82735954e-100 3.90268389e-117 8.69073311e-092
 8.45537839e-095 1.91154340e-097 4.89433206e-088 3.21549934e-097
 1.17425446e-107 1.08664885e-095 5.79355805e-089 2.16388378e-107
 1.48995567e-100 1.83502699e-098 3.77212392e-104 1.03531371e-099
 4.07123253e-111 1.69934141e-098 1.28774223e-100 3.75554414e-101
 1.11640358e-097 4.58334660e-091 2.46340761e-112 1.68616962e-102
 2.50234500e-116 1.61011427e-120 3.42522809e-096 8.61428754e-100
 9.06661951e-095 2.88400001e-087 4.16905056e-105 5.97568624e-112
 9.21585155e-097 1.41076121e-115 1.54778981e-115 6.17830116e-101
 1.98735611e-097 3.70462071e-120]","[0.06031954 0.04919863 0.048576   0.06627774 0.05281961 0.06304836
 0.05624318 0.05579722 0.0554316  0.0596168  0.06114924 0.05954432
 0.06295645 0.05375791 0.07171619 0.05677283 0.0641197  0.06220353
 0.05466831 0.06545782 0.05807555 0.05322254 0.06187332 0.06700003
 0.05731666 0.06018865 0.06478977 0.05984151 0.06343758 0.05495572
 0.05952668 0.06872392 0.05310321 0.06220198 0.06770086 0.06075406
 0.06009138 0.06222332 0.05455422 0.06712937 0.06001449 0.05742836
 0.05948663 0.05910325 0.05579555 0.06779516 0.06230557 0.05613875
 0.05695713 0.0687176 ]","[0.04377842 0.03212345 0.03049469 0.04246986 0.03502369 0.04569185
 0.03994    0.03398979 0.03975904 0.04135954 0.0430268  0.04212821
 0.03978431 0.0358063  0.05136228 0.03717291 0.04378343 0.04309106
 0.03556466 0.04366291 0.04269516 0.03907192 0.04142702 0.04719305
 0.0419209  0.04128766 0.04490817 0.04345989 0.04541087 0.04138315
 0.04517388 0.04937172 0.03628743 0.04131329 0.04583418 0.04104674
 0.04391968 0.04605818 0.03770828 0.04676414 0.04359829 0.03815067
 0.04473233 0.04454792 0.03813803 0.04763794 0.04615033 0.03751063
 0.04078913 0.05242479]","[0.1884622  0.17224578 0.17220128 0.19808561 0.17912421 0.19001158
 0.18434194 0.18246615 0.18295384 0.18546196 0.19045971 0.18695789
 0.19183545 0.1791144  0.20737654 0.18449002 0.19491561 0.19124648
 0.18058406 0.19881505 0.18556133 0.17983337 0.19421895 0.19656121
 0.18395165 0.18970613 0.19390295 0.18860744 0.19382271 0.18057962
 0.18991674 0.20401233 0.17807506 0.19319026 0.19914114 0.19144775
 0.18775911 0.19088946 0.18151235 0.19995437 0.18910142 0.18381177
 0.18564047 0.18745439 0.18318424 0.20179938 0.19295824 0.18091208
 0.18449888 0.19760991]","[0.16389369 0.14124492 0.13948094 0.16270661 0.14880348 0.16438842
 0.15832993 0.14577844 0.15632814 0.15666838 0.16211298 0.16065066
 0.15453888 0.14952587 0.17807352 0.15296818 0.16453773 0.16152805
 0.14919362 0.16453051 0.1614108  0.15569896 0.1616479  0.16811157
 0.15842933 0.15982739 0.16360596 0.16426183 0.16668261 0.15966831
 0.16798157 0.17532211 0.14978109 0.16038681 0.16748257 0.15971988
 0.16243573 0.16628744 0.15389557 0.17048454 0.16336105 0.15276354
 0.1623612  0.16510013 0.15401213 0.1725134  0.16874584 0.14966295
 0.15982685 0.17505354]",3.280397815572327e-55,3.0707601303215245e-39,2.2575738074395477e-54,2.1473333730918152e-38,1.0616036441035703e-08,7.686516581006942e-09,5.097044246459956e-09,5.0330062060428065e-09,1e-05,1e-05,0.0,0.0,0.2846954629302025,0.23756798902988435,0.010517980061154331,0.011324660891297628,0.06000255584716797,0.04191857099533081,0.0051235947938508344,0.004543954338561215,0.18861529032144297,0.16023611151552594,0.007640831928521883,0.008202866343726092
df2,0.75,0.75,0.0,"[8.11994820e-076 4.44304977e-076 4.69733763e-083 3.23766600e-066
 3.23766600e-066 1.32395344e-083 2.34155676e-088 5.67148232e-066
 4.69733763e-083 1.48234930e-075 7.23127196e-077 2.47190518e-080
 1.85969560e-078 1.75814506e-073 3.43236847e-078 1.93137901e-067
 4.44304977e-076 6.33684532e-070 8.81591837e-090 2.51694654e-063
 1.03520885e-072 2.93851005e-079 9.07714507e-109 1.86526077e-072
 4.44304977e-076 5.83529742e-082 1.32395344e-083 1.94472818e-071
 8.39040599e-064 5.36256123e-074 3.51245105e-068 1.08402131e-071
 2.14384629e-077 6.23856139e-071 1.65926127e-082 3.81678704e-081
 6.23856139e-071 1.51998109e-085 1.65295008e-087 1.11555042e-070
 1.94472818e-071 2.93851005e-079 1.62852672e-074 1.72947631e-096
 3.23766600e-066 6.04906014e-087 4.69733763e-083 1.08402131e-071
 6.32804820e-078 4.44304977e-076]","[3.22000728e-52 1.29719007e-62 3.02883737e-65 2.67335366e-50
 7.77624575e-55 6.32585939e-69 2.93851005e-79 2.14572537e-54
 2.51694654e-63 3.55862494e-54 7.51786428e-63 2.51694654e-63
 6.91984994e-59 3.23766600e-66 3.84964189e-62 5.66557381e-58
 2.51694654e-63 2.66373322e-53 6.33684532e-70 7.24139755e-53
 4.67383798e-55 1.75814506e-73 1.85969560e-78 2.03688601e-48
 5.89559709e-54 1.67562367e-60 5.28280757e-65 1.60190536e-64
 1.41820348e-51 2.86035082e-60 1.28537148e-56 6.91984994e-59
 1.03520885e-72 3.55862494e-54 2.51694654e-63 9.80545229e-61
 1.29241929e-54 2.00649704e-69 7.51786428e-63 1.98426668e-58
 1.68303018e-55 1.00833823e-55 1.00833823e-55 3.23766600e-66
 2.17967002e-47 6.62107000e-62 2.23586471e-62 6.03472099e-56
 1.98426668e-58 1.19205281e-52]","[8.11994820e-076 4.44304977e-076 4.69733763e-083 3.23766600e-066
 3.23766600e-066 1.32395344e-083 2.34155676e-088 5.67148232e-066
 4.69733763e-083 1.48234930e-075 7.23127196e-077 2.47190518e-080
 1.85969560e-078 1.75814506e-073 3.43236847e-078 1.93137901e-067
 4.44304977e-076 6.33684532e-070 8.81591837e-090 2.51694654e-063
 1.03520885e-072 2.93851005e-079 9.07714507e-109 1.86526077e-072
 4.44304977e-076 5.83529742e-082 1.32395344e-083 1.94472818e-071
 8.39040599e-064 5.36256123e-074 3.51245105e-068 1.08402131e-071
 2.14384629e-077 6.23856139e-071 1.65926127e-082 3.81678704e-081
 6.23856139e-071 1.51998109e-085 1.65295008e-087 1.11555042e-070
 1.94472818e-071 2.93851005e-079 1.62852672e-074 1.72947631e-096
 3.23766600e-066 6.04906014e-087 4.69733763e-083 1.08402131e-071
 6.32804820e-078 4.44304977e-076]","[3.22000728e-52 1.29719007e-62 3.02883737e-65 2.67335366e-50
 7.77624575e-55 6.32585939e-69 2.93851005e-79 2.14572537e-54
 2.51694654e-63 3.55862494e-54 7.51786428e-63 2.51694654e-63
 6.91984994e-59 3.23766600e-66 3.84964189e-62 5.66557381e-58
 2.51694654e-63 2.66373322e-53 6.33684532e-70 7.24139755e-53
 4.67383798e-55 1.75814506e-73 1.85969560e-78 2.03688601e-48
 5.89559709e-54 1.67562367e-60 5.28280757e-65 1.60190536e-64
 1.41820348e-51 2.86035082e-60 1.28537148e-56 6.91984994e-59
 1.03520885e-72 3.55862494e-54 2.51694654e-63 9.80545229e-61
 1.29241929e-54 2.00649704e-69 7.51786428e-63 1.98426668e-58
 1.68303018e-55 1.00833823e-55 1.00833823e-55 3.23766600e-66
 2.17967002e-47 6.62107000e-62 2.23586471e-62 6.03472099e-56
 1.98426668e-58 1.19205281e-52]","[7.95083310e-09 2.29654619e-08 1.63047167e-08 6.26053898e-09
 6.41546716e-09 7.58869689e-09 2.16049653e-08 1.63038054e-08
 6.65356581e-09 1.00329720e-08 9.66778646e-09 5.42451672e-09
 1.36608773e-08 1.28314999e-08 1.11561514e-08 1.34404093e-08
 1.00563462e-08 8.74896822e-09 1.95298576e-08 4.46891379e-09
 5.08254661e-09 6.34143738e-09 2.84321383e-08 1.60144717e-08
 1.41565570e-08 1.54641719e-08 1.67250470e-08 1.11787849e-08
 8.58635996e-09 1.48909097e-08 2.11660049e-08 2.14606770e-08
 2.32231007e-08 4.54857152e-09 8.61904270e-09 2.36494637e-08
 1.19174387e-08 1.25726781e-08 1.84034398e-08 4.68950501e-09
 5.54507751e-09 2.57484762e-08 8.05112244e-09 1.77192153e-08
 1.21193479e-08 1.28436988e-08 2.63755813e-08 8.14542944e-09
 1.32468587e-08 1.07773821e-08]","[1.25177283e-08 5.34070754e-09 1.31815224e-08 4.11764145e-09
 1.30477178e-08 9.03257025e-09 8.39691727e-09 3.62252961e-09
 3.46422080e-09 3.87419785e-09 1.29079957e-08 4.87699559e-09
 5.44048862e-09 1.29309193e-08 3.88062138e-09 4.12938428e-09
 1.83185376e-08 1.70501450e-08 7.42451423e-09 8.73950989e-09
 2.75029322e-09 1.67626613e-08 8.43430858e-09 3.63766117e-09
 3.36057504e-09 1.61441798e-08 9.88513804e-09 1.90866650e-08
 7.63995900e-09 4.85277230e-09 3.09654580e-09 3.41874062e-09
 7.22100557e-09 2.62674305e-09 6.51881016e-09 9.04516761e-09
 8.52411552e-09 9.00886099e-09 3.34734096e-09 1.08736791e-08
 2.59576305e-09 1.26321190e-08 3.18382565e-09 7.11883064e-09
 2.46335230e-09 7.38913919e-09 1.47082524e-08 3.69545960e-09
 1.02947298e-08 7.23411531e-09]","[1.e-05 1.e-05 1.e-05 1.e-05 1.e-05 1.e-05 1.e-05 1.e-05 1.e-05 1.e-05
 1.e-05 1.e-05 1.e-05 1.e-05 1.e-05 1.e-05 1.e-05 1.e-05 1.e-05 1.e-05
 1.e-05 1.e-05 1.e-05 1.e-05 1.e-05 1.e-05 1.e-05 1.e-05 1.e-05 1.e-05
 1.e-05 1.e-05 1.e-05 1.e-05 1.e-05 1.e-05 1.e-05 1.e-05 1.e-05 1.e-05
 1.e-05 1.e-05 1.e-05 1.e-05 1.e-05 1.e-05 1.e-05 1.e-05 1.e-05 1.e-05]","[1.e-05 1.e-05 1.e-05 1.e-05 1.e-05 1.e-05 1.e-05 1.e-05 1.e-05 1.e-05
 1.e-05 1.e-05 1.e-05 1.e-05 1.e-05 1.e-05 1.e-05 1.e-05 1.e-05 1.e-05
 1.e-05 1.e-05 1.e-05 1.e-05 1.e-05 1.e-05 1.e-05 1.e-05 1.e-05 1.e-05
 1.e-05 1.e-05 1.e-05 1.e-05 1.e-05 1.e-05 1.e-05 1.e-05 1.e-05 1.e-05
 1.e-05 1.e-05 1.e-05 1.e-05 1.e-05 1.e-05 1.e-05 1.e-05 1.e-05 1.e-05]","[0.30864975 0.2922472  0.31608299 0.28951133 0.30314933 0.30555715
 0.32405305 0.29830522 0.29855444 0.30746624 0.30788937 0.31911761
 0.31563584 0.30372596 0.29848827 0.2968447  0.30206055 0.27966353
 0.31475259 0.30494484 0.30338195 0.30650541 0.33307975 0.29172308
 0.29971703 0.30182904 0.31667091 0.2975111  0.29872926 0.28980509
 0.29777785 0.29333998 0.30632575 0.29317283 0.31021338 0.32236546
 0.29670763 0.31605297 0.31127354 0.31321928 0.29089827 0.31508791
 0.30739664 0.3213043  0.3012415  0.32087817 0.32041036 0.29116285
 0.30949265 0.31142974]","[0.23831298 0.24472602 0.26261886 0.22971137 0.25348379 0.26906156
 0.28363965 0.25249617 0.25018214 0.25274848 0.25818621 0.26353474
 0.25942392 0.25550152 0.25312556 0.25226175 0.26265693 0.23472951
 0.25727749 0.25298602 0.24917033 0.26443481 0.27150379 0.22302135
 0.24221943 0.25935085 0.25701937 0.25870924 0.24603156 0.24725644
 0.24899546 0.24673299 0.26459032 0.2479193  0.25880963 0.25921947
 0.24761806 0.26990484 0.25085999 0.25988502 0.25185914 0.26784582
 0.25126444 0.25752959 0.24000742 0.26384293 0.26112291 0.24875258
 0.26031295 0.25139825]","[1.10262692e-169 8.11561777e-152 3.92670290e-178 6.11477254e-149
 1.42041732e-163 3.10834457e-166 1.94734321e-187 2.71729278e-158
 1.46104802e-158 2.32939679e-168 7.83863860e-169 1.20616462e-181
 1.28377590e-177 3.29240832e-164 1.72280033e-158 1.01962490e-156
 2.22652564e-162 7.95351379e-139 1.32541020e-176 1.48291861e-165
 7.87848729e-164 2.74596156e-167 2.76247804e-198 2.90244980e-151
 8.02330523e-160 3.99183114e-162 8.24871755e-179 1.95508631e-157
 9.45135663e-159 3.01210663e-149 1.00822315e-157 5.64869853e-153
 4.35138340e-167 8.49735088e-153 1.92118209e-171 1.90961491e-185
 1.43137810e-156 4.25206465e-178 1.21758333e-172 7.49854294e-175
 2.14551357e-150 5.46773623e-177 2.78598361e-168 3.36773313e-184
 1.75250872e-161 1.06308379e-183 3.74792403e-183 1.13015866e-150
 1.24593393e-170 8.10218367e-173]","[1.98616574e-100 5.87388657e-106 3.30445907e-122 2.96081943e-093
 9.27556824e-114 2.33851340e-128 7.28334534e-143 7.27237857e-113
 8.76272825e-111 4.30081702e-113 4.55214809e-118 4.51338524e-123
 3.23603136e-119 1.34486253e-115 1.95957994e-113 1.18415947e-112
 3.04247743e-122 2.09016735e-097 3.14407607e-117 2.62152671e-113
 7.01701191e-110 6.33447215e-124 9.90672158e-131 7.23405776e-088
 8.88103053e-104 3.78412904e-119 5.43648317e-117 1.49183984e-118
 4.21048666e-107 3.50436770e-108 1.00441727e-109 1.01559877e-107
 4.50872701e-124 9.07687115e-109 1.20395928e-118 5.01284707e-119
 1.67784502e-108 3.56575939e-129 2.16353174e-111 1.20439237e-119
 2.73254710e-112 3.48074850e-127 9.37295956e-112 1.84067697e-117
 7.11518334e-102 2.30598420e-123 8.40180881e-121 1.65221523e-109
 4.80481866e-120 7.10469849e-112]","[0.06956422 0.06072927 0.07268262 0.05837786 0.06781232 0.06549907
 0.07719386 0.06233644 0.07101452 0.06484807 0.0604645  0.06708598
 0.06997859 0.06366551 0.06030679 0.06364858 0.07158649 0.06079555
 0.06760585 0.0656805  0.0591768  0.07434022 0.07473195 0.06287956
 0.07293224 0.0627358  0.07133317 0.06594837 0.05646646 0.0663476
 0.06441247 0.06052375 0.06387186 0.06353223 0.06563044 0.07732463
 0.06455898 0.07053924 0.07356763 0.07151389 0.06520116 0.06985998
 0.06762445 0.06437683 0.0665338  0.06439388 0.08085823 0.05804694
 0.06614125 0.06561589]","[0.04436707 0.04330325 0.0515579  0.03879273 0.04554403 0.04883111
 0.05620575 0.04662979 0.05230308 0.04381418 0.04130518 0.04820681
 0.04609251 0.04622376 0.04350126 0.04428828 0.05460131 0.0402354
 0.04635715 0.04671133 0.03967261 0.0568223  0.05041552 0.03973842
 0.0496248  0.04674089 0.04827082 0.04841566 0.03742385 0.04765701
 0.04461718 0.04310381 0.0466789  0.04339778 0.04497886 0.05028594
 0.04439461 0.05006611 0.04849362 0.05148554 0.04741299 0.05067241
 0.04626167 0.03912282 0.04245615 0.04467773 0.05775917 0.04003656
 0.04805398 0.04521465]","[0.20281297 0.19219    0.20537758 0.18776075 0.20033635 0.19752058
 0.21601676 0.19573969 0.20520079 0.19656894 0.187731   0.20039333
 0.20325164 0.19381067 0.18836427 0.19284599 0.20620228 0.18952786
 0.19833314 0.19666443 0.18820047 0.20968324 0.20787113 0.1925655
 0.21018227 0.195033   0.205876   0.19904836 0.18428757 0.20033013
 0.19930707 0.1916764  0.19458526 0.1955647  0.19536726 0.21105316
 0.19686026 0.20406532 0.20952999 0.20580906 0.20188444 0.20406232
 0.19957107 0.19381318 0.19936523 0.19460098 0.21671666 0.18844393
 0.19618942 0.19797607]","[0.16597368 0.16537275 0.17568656 0.15643165 0.16657112 0.17220081
 0.1866125  0.17188738 0.17826305 0.1643815  0.15788003 0.17253357
 0.1688662  0.1675092  0.16298591 0.16333484 0.18195877 0.15643184
 0.16778623 0.16920602 0.15716131 0.18469623 0.17364833 0.15694048
 0.1766955  0.17023342 0.17313481 0.17245409 0.15306109 0.17361457
 0.16820286 0.16492854 0.16814222 0.16374837 0.16420701 0.17284575
 0.16635791 0.1752165  0.17268835 0.17729844 0.1755144  0.17633838
 0.16858454 0.15485371 0.16247639 0.16541461 0.18529496 0.15892055
 0.16880143 0.1677207 ]",6.7432016281458935e-65,4.7724592746689715e-49,3.690994124766638e-64,3.058946153583456e-48,1.3175217732364076e-08,7.996913491403745e-09,6.359992540486417e-09,4.627594265602214e-09,1e-05,1e-05,0.0,0.0,0.3055080728197098,0.25427705849170684,0.010878728448336615,0.010652472775477253,0.06663792610168456,0.0464564847946167,0.005317204119906268,0.004597841149572085,0.19892336905236316,0.16882138145158498,0.007418375065256736,0.007810388048601357
df2,0.8,0.8,0.0,"[1.58514471e-079 6.04906014e-087 2.42847792e-076 8.81591837e-090
 1.14959907e-092 7.12229959e-081 8.81591837e-090 1.10963247e-097
 1.74357044e-099 8.53187607e-092 1.00649935e-078 3.17823276e-073
 1.21792979e-088 6.32786916e-089 2.04313811e-081 3.00462961e-093
 2.15264578e-100 8.83329437e-083 4.19972342e-086 3.00462961e-093
 5.88045765e-093 1.03791356e-084 1.65295008e-087 1.03791356e-084
 7.99410344e-086 2.93851005e-079 4.37887891e-092 1.09249502e-081
 6.04906014e-087 1.96475612e-084 8.62627431e-088 2.63087943e-101
 8.54149129e-080 1.66475925e-107 1.16538558e-077 2.14384629e-077
 1.21599162e-090 4.32796803e-100 4.44304977e-076 3.81678704e-081
 3.11335148e-082 8.62627431e-088 4.37887891e-092 5.47688639e-085
 9.20882547e-104 1.96475612e-084 1.21599162e-090 6.26880529e-091
 6.78202527e-096 1.02898789e-094]","[2.86035082e-60 5.73909492e-73 4.07987974e-59 1.11555042e-70
 1.09249502e-81 6.20630182e-68 2.95679025e-74 2.42847792e-76
 3.48503975e-71 1.12138242e-68 3.35720833e-72 2.86035082e-60
 3.84964189e-62 1.05170761e-66 1.98426668e-58 7.23127196e-77
 8.54149129e-80 1.00833823e-55 1.73467612e-65 1.12821388e-69
 1.08402131e-71 7.51786428e-63 9.92411958e-66 3.56463042e-69
 1.84628285e-66 8.30820763e-60 1.11555042e-70 1.28537148e-56
 5.73909492e-73 8.39040599e-64 2.78496894e-64 1.08402131e-71
 3.60781842e-56 5.83529742e-82 2.23586471e-62 1.98426668e-58
 6.32804820e-78 1.99260921e-70 3.55862494e-54 9.75688065e-54
 1.73467612e-65 5.67148232e-66 1.99260921e-70 6.23856139e-71
 6.04906014e-87 9.71516714e-74 2.78496894e-64 4.92403790e-75
 1.03520885e-72 1.58514471e-79]","[1.58514471e-079 6.04906014e-087 2.42847792e-076 8.81591837e-090
 1.14959907e-092 7.12229959e-081 8.81591837e-090 1.10963247e-097
 1.74357044e-099 8.53187607e-092 1.00649935e-078 3.17823276e-073
 1.21792979e-088 6.32786916e-089 2.04313811e-081 3.00462961e-093
 2.15264578e-100 8.83329437e-083 4.19972342e-086 3.00462961e-093
 5.88045765e-093 1.03791356e-084 1.65295008e-087 1.03791356e-084
 7.99410344e-086 2.93851005e-079 4.37887891e-092 1.09249502e-081
 6.04906014e-087 1.96475612e-084 8.62627431e-088 2.63087943e-101
 8.54149129e-080 1.66475925e-107 1.16538558e-077 2.14384629e-077
 1.21599162e-090 4.32796803e-100 4.44304977e-076 3.81678704e-081
 3.11335148e-082 8.62627431e-088 4.37887891e-092 5.47688639e-085
 9.20882547e-104 1.96475612e-084 1.21599162e-090 6.26880529e-091
 6.78202527e-096 1.02898789e-094]","[2.86035082e-60 5.73909492e-73 4.07987974e-59 1.11555042e-70
 1.09249502e-81 6.20630182e-68 2.95679025e-74 2.42847792e-76
 3.48503975e-71 1.12138242e-68 3.35720833e-72 2.86035082e-60
 3.84964189e-62 1.05170761e-66 1.98426668e-58 7.23127196e-77
 8.54149129e-80 1.00833823e-55 1.73467612e-65 1.12821388e-69
 1.08402131e-71 7.51786428e-63 9.92411958e-66 3.56463042e-69
 1.84628285e-66 8.30820763e-60 1.11555042e-70 1.28537148e-56
 5.73909492e-73 8.39040599e-64 2.78496894e-64 1.08402131e-71
 3.60781842e-56 5.83529742e-82 2.23586471e-62 1.98426668e-58
 6.32804820e-78 1.99260921e-70 3.55862494e-54 9.75688065e-54
 1.73467612e-65 5.67148232e-66 1.99260921e-70 6.23856139e-71
 6.04906014e-87 9.71516714e-74 2.78496894e-64 4.92403790e-75
 1.03520885e-72 1.58514471e-79]","[7.94417054e-09 2.36329462e-08 1.51796578e-08 1.35162727e-08
 1.36687849e-08 1.34127991e-08 2.12857187e-08 2.78825729e-08
 1.22841127e-08 8.15771717e-09 6.61366684e-09 2.24420067e-08
 1.86910650e-08 1.94935169e-08 7.99476585e-09 1.31039434e-08
 2.42745374e-08 7.09342218e-09 1.79105315e-08 1.48839238e-08
 1.67234809e-08 1.44809630e-08 1.92956914e-08 7.68762853e-09
 2.37431300e-08 1.44283084e-08 1.13453628e-08 8.17791179e-09
 1.90495113e-08 1.06496887e-08 1.00977496e-08 1.55224367e-08
 9.77966352e-09 2.23738907e-08 2.56730974e-08 6.25322605e-09
 1.24847339e-08 1.04902079e-08 2.05614772e-08 2.33620125e-08
 1.64451797e-08 1.36497197e-08 1.29605513e-08 2.89888846e-08
 1.14834575e-08 2.16725271e-08 9.14218046e-09 7.59417274e-09
 1.64615478e-08 7.67460429e-09]","[4.03376144e-09 1.50841523e-08 5.48857793e-09 1.01141332e-08
 2.20429049e-08 1.26639713e-08 4.51816806e-09 2.17411635e-08
 5.76201142e-09 4.47866821e-09 1.06768170e-08 4.74761752e-09
 3.90384181e-09 6.00471473e-09 1.93302578e-08 1.27456351e-08
 1.42947214e-08 1.02490650e-08 8.16253110e-09 5.00703057e-09
 6.31309982e-09 6.16310480e-09 1.82545806e-08 6.22613028e-09
 1.15891804e-08 3.72699038e-09 2.13925330e-08 4.26503666e-09
 1.59235746e-08 4.63958694e-09 7.16690407e-09 1.94403915e-08
 1.51571213e-08 6.70130829e-09 7.85486565e-09 1.25399394e-08
 5.77135462e-09 7.76745213e-09 5.13998610e-09 5.03224684e-09
 1.07592352e-08 4.32009950e-09 2.32540169e-08 2.09656305e-08
 1.24854075e-08 5.92982718e-09 1.40802233e-08 9.89965421e-09
 5.00660535e-09 1.03708209e-08]","[1.e-05 1.e-05 1.e-05 1.e-05 1.e-05 1.e-05 1.e-05 1.e-05 1.e-05 1.e-05
 1.e-05 1.e-05 1.e-05 1.e-05 1.e-05 1.e-05 1.e-05 1.e-05 1.e-05 1.e-05
 1.e-05 1.e-05 1.e-05 1.e-05 1.e-05 1.e-05 1.e-05 1.e-05 1.e-05 1.e-05
 1.e-05 1.e-05 1.e-05 1.e-05 1.e-05 1.e-05 1.e-05 1.e-05 1.e-05 1.e-05
 1.e-05 1.e-05 1.e-05 1.e-05 1.e-05 1.e-05 1.e-05 1.e-05 1.e-05 1.e-05]","[1.e-05 1.e-05 1.e-05 1.e-05 1.e-05 1.e-05 1.e-05 1.e-05 1.e-05 1.e-05
 1.e-05 1.e-05 1.e-05 1.e-05 1.e-05 1.e-05 1.e-05 1.e-05 1.e-05 1.e-05
 1.e-05 1.e-05 1.e-05 1.e-05 1.e-05 1.e-05 1.e-05 1.e-05 1.e-05 1.e-05
 1.e-05 1.e-05 1.e-05 1.e-05 1.e-05 1.e-05 1.e-05 1.e-05 1.e-05 1.e-05
 1.e-05 1.e-05 1.e-05 1.e-05 1.e-05 1.e-05 1.e-05 1.e-05 1.e-05 1.e-05]","[0.30434218 0.32807514 0.30488157 0.31499258 0.32790652 0.3127027
 0.33095289 0.34489857 0.33423317 0.32464819 0.31228209 0.30675693
 0.31080217 0.32285238 0.32185212 0.31824347 0.33201209 0.31508178
 0.31090998 0.33561402 0.33742014 0.32662448 0.31540336 0.31251184
 0.32661908 0.31287481 0.34755793 0.32144181 0.32682834 0.32505824
 0.33321897 0.33130154 0.30482313 0.32796416 0.31508596 0.31463904
 0.31971132 0.33662231 0.30237973 0.31101899 0.32218415 0.32540531
 0.339624   0.32763097 0.33502347 0.31692485 0.32875555 0.3103919
 0.34151454 0.34365933]","[0.2615434  0.28690461 0.24536417 0.26690848 0.26947181 0.26991884
 0.29018743 0.28512945 0.27115251 0.27259637 0.27134816 0.26420041
 0.26293808 0.25749935 0.26349592 0.27506124 0.27617482 0.26320938
 0.25842922 0.27599079 0.27736273 0.27269282 0.26056553 0.25876074
 0.27051438 0.25835833 0.28400422 0.25841986 0.27431905 0.27006623
 0.27815158 0.2652731  0.25255671 0.27403861 0.25118628 0.2632024
 0.26920168 0.27181589 0.25380229 0.24691283 0.27209337 0.27681136
 0.29057118 0.28457298 0.28801852 0.27071652 0.27736292 0.26977256
 0.2897755  0.29104977]","[6.87965226e-165 3.13751689e-192 1.74243979e-165 7.03362683e-177
 4.99850161e-192 2.90618430e-174 1.06442902e-195 5.43133595e-213
 1.07463664e-199 3.84043970e-188 8.74160377e-174 1.44069022e-167
 4.15660010e-172 5.09937354e-186 7.66403584e-185 1.25034331e-180
 5.51634759e-197 5.55706394e-177 3.13943482e-172 2.16798919e-201
 1.27939648e-203 1.70920733e-190 2.37494863e-177 4.79107136e-174
 1.73474632e-190 1.85107808e-174 2.22125397e-216 2.32316523e-184
 9.75722281e-191 1.25246130e-188 1.86804390e-198 4.02245790e-196
 2.02219678e-165 4.26297130e-192 5.49608323e-177 1.78837156e-176
 2.45386716e-182 1.23968451e-202 9.94800924e-163 2.36360404e-172
 3.12052404e-185 4.84563207e-189 2.33873923e-206 1.06928825e-191
 1.15346767e-200 4.20019562e-179 4.77878008e-193 1.20820141e-171
 1.00999998e-208 2.01306769e-211]","[3.39028015e-121 3.16511971e-146 1.62275605e-106 2.76675208e-126
 9.37397421e-129 3.45596508e-129 1.19706140e-149 2.15491143e-144
 2.18107937e-130 8.45041687e-132 1.40551055e-130 1.05705352e-123
 1.65241036e-122 1.96282418e-117 4.91157145e-123 3.14907851e-134
 2.47313132e-135 9.16246381e-123 2.71170392e-118 3.76861399e-135
 1.61910713e-136 6.79656220e-132 2.79117936e-120 1.33648394e-118
 9.12140639e-130 3.15421028e-118 3.08319368e-143 2.76632369e-118
 1.70589249e-133 2.48614758e-129 2.63039727e-137 1.01077800e-124
 6.41153555e-113 3.22590660e-133 1.10185768e-111 9.30254681e-123
 1.71163214e-128 4.90930112e-131 4.76581204e-114 7.04804647e-108
 2.62796513e-131 5.74769840e-136 4.73497441e-150 8.04497259e-144
 2.20740259e-147 5.79950883e-130 1.61840136e-136 4.79133601e-129
 3.23487967e-149 1.48646367e-150]","[0.06896877 0.07574379 0.06360126 0.07576966 0.06695974 0.08180749
 0.07765114 0.08274579 0.07951653 0.07894087 0.07142878 0.07254219
 0.07592106 0.06893599 0.08327365 0.07008755 0.07663453 0.07504475
 0.07888651 0.07981825 0.08752728 0.08047819 0.08161175 0.07390606
 0.07970405 0.07085931 0.08685136 0.08481002 0.08315563 0.08422971
 0.07868004 0.07978213 0.06953466 0.0749675  0.07195032 0.07298148
 0.07594943 0.08397794 0.06586885 0.06052744 0.07467484 0.08144987
 0.07815969 0.08546793 0.08713758 0.06887066 0.08876336 0.07046521
 0.08852172 0.08884025]","[0.0501101  0.05482483 0.04177415 0.05456042 0.04753888 0.06017172
 0.05858517 0.06017685 0.05567169 0.05659926 0.0512346  0.05265033
 0.05347419 0.04455996 0.0601294  0.05146456 0.05293512 0.05297005
 0.05648017 0.05827403 0.06086218 0.05726194 0.05851889 0.05156362
 0.05503201 0.0518111  0.0582267  0.05886245 0.06103981 0.0594182
 0.05795455 0.05347776 0.04755592 0.05197108 0.04755235 0.05152392
 0.05640876 0.05855978 0.04652655 0.03870785 0.05287099 0.05874455
 0.05483711 0.06485939 0.06480587 0.04791176 0.06257045 0.05440617
 0.0627389  0.06743205]","[0.20296901 0.21227672 0.19493326 0.20968499 0.19770813 0.22348252
 0.21715319 0.22006428 0.21714527 0.21545049 0.20529808 0.20910318
 0.21455258 0.20018831 0.22307972 0.20519448 0.21378953 0.21154229
 0.21712685 0.21716179 0.2289524  0.21599608 0.22046125 0.21144222
 0.21525681 0.20394316 0.22574373 0.221111   0.22227143 0.2231811
 0.21487139 0.21482205 0.20359208 0.21140423 0.20777646 0.20893438
 0.2117968  0.22157362 0.19609495 0.19011997 0.21164607 0.21937003
 0.21421036 0.22559401 0.22707315 0.20256878 0.22821467 0.20538504
 0.22654962 0.23005136]","[0.17547636 0.18187446 0.16054499 0.17997323 0.16930282 0.19525676
 0.19108752 0.1897232  0.18520487 0.1854082  0.17514246 0.17995341
 0.18333937 0.16551561 0.19296064 0.17902595 0.18141877 0.18066288
 0.18618969 0.18880313 0.19441806 0.18475886 0.19057595 0.17989898
 0.18166914 0.17755922 0.18766237 0.18752663 0.19321636 0.1903516
 0.18761258 0.1802542  0.17136939 0.17950177 0.17163814 0.17864193
 0.18502392 0.18774268 0.16691245 0.15563992 0.18081498 0.18949323
 0.18310095 0.19901095 0.19956074 0.1717177  0.19479302 0.18277516
 0.19363652 0.20342998]",6.370901600936802e-75,2.6931446111441535e-55,4.449325173814189e-74,1.4439227946899842e-54,1.5154382595472527e-08,1.0183733045732169e-08,6.058306705623112e-09,5.762496665247769e-09,1e-05,1e-05,0.0,0.0,0.3230851960992813,0.27018948702812196,0.011463545982351565,0.011358273101010818,0.07727965116500854,0.0549639630317688,0.006863828919887318,0.00583051044211043,0.21375825808414753,0.18314343405052352,0.009391595041841807,0.009734861104276604
df2,0.8500000000000001,0.8500000000000001,0.0,"[9.20882547e-104 1.87460385e-103 1.87460385e-103 8.53187607e-092
 4.49681448e-088 2.15264578e-100 5.47688639e-085 1.01205796e-109
 8.71890126e-097 5.81830416e-112 8.69173129e-100 3.81174187e-103
 5.56898878e-098 1.53350669e-093 4.32796803e-100 4.39057786e-097
 1.74357044e-099 2.20848376e-097 5.88045765e-093 5.22248187e-095
 8.71890126e-097 2.59001339e-105 1.30265891e-101 8.05827457e-108
 3.42673436e-096 2.35609537e-090 2.63087943e-101 3.42673436e-096
 5.88045765e-093 5.56898878e-098 6.78202527e-096 1.14959907e-092
 1.41127475e-113 1.74357044e-099 3.28405359e-089 1.53350669e-093
 1.01205796e-109 1.57064610e-102 1.08427351e-104 1.45786612e-106
 1.06947759e-100 5.36256123e-074 3.18287512e-102 4.39057786e-097
 2.02515198e-094 7.79563234e-118 6.99261346e-099 1.30265891e-101
 3.42673436e-096 1.57064610e-102]","[1.75814506e-73 4.49681448e-88 1.02898789e-94 6.20630182e-68
 1.12138242e-68 3.35720833e-72 1.93137901e-67 2.47190518e-80
 8.95973634e-75 1.48234930e-75 6.04906014e-87 2.04313811e-81
 5.98442251e-67 2.42847792e-76 1.85969560e-78 1.09543157e-67
 2.95679025e-74 9.71516714e-74 7.23127196e-77 4.59749627e-80
 2.47190518e-80 2.49517973e-83 1.21792979e-88 1.53350669e-93
 1.99260921e-70 2.42847792e-76 1.16538558e-77 4.49681448e-88
 1.86526077e-72 6.32585939e-69 8.95973634e-75 6.23856139e-71
 1.14959907e-92 1.85969560e-78 2.93851005e-79 1.03520885e-72
 1.53350669e-93 2.42847792e-76 1.00649935e-78 1.34076199e-95
 3.11335148e-82 3.34696584e-61 2.24489973e-92 6.32804820e-78
 3.51245105e-68 5.47688639e-85 2.20389449e-86 3.71514939e-84
 1.60190536e-64 5.44137500e-79]","[9.20882547e-104 1.87460385e-103 1.87460385e-103 8.53187607e-092
 4.49681448e-088 2.15264578e-100 5.47688639e-085 1.01205796e-109
 8.71890126e-097 5.81830416e-112 8.69173129e-100 3.81174187e-103
 5.56898878e-098 1.53350669e-093 4.32796803e-100 4.39057786e-097
 1.74357044e-099 2.20848376e-097 5.88045765e-093 5.22248187e-095
 8.71890126e-097 2.59001339e-105 1.30265891e-101 8.05827457e-108
 3.42673436e-096 2.35609537e-090 2.63087943e-101 3.42673436e-096
 5.88045765e-093 5.56898878e-098 6.78202527e-096 1.14959907e-092
 1.41127475e-113 1.74357044e-099 3.28405359e-089 1.53350669e-093
 1.01205796e-109 1.57064610e-102 1.08427351e-104 1.45786612e-106
 1.06947759e-100 5.36256123e-074 3.18287512e-102 4.39057786e-097
 2.02515198e-094 7.79563234e-118 6.99261346e-099 1.30265891e-101
 3.42673436e-096 1.57064610e-102]","[1.75814506e-73 4.49681448e-88 1.02898789e-94 6.20630182e-68
 1.12138242e-68 3.35720833e-72 1.93137901e-67 2.47190518e-80
 8.95973634e-75 1.48234930e-75 6.04906014e-87 2.04313811e-81
 5.98442251e-67 2.42847792e-76 1.85969560e-78 1.09543157e-67
 2.95679025e-74 9.71516714e-74 7.23127196e-77 4.59749627e-80
 2.47190518e-80 2.49517973e-83 1.21792979e-88 1.53350669e-93
 1.99260921e-70 2.42847792e-76 1.16538558e-77 4.49681448e-88
 1.86526077e-72 6.32585939e-69 8.95973634e-75 6.23856139e-71
 1.14959907e-92 1.85969560e-78 2.93851005e-79 1.03520885e-72
 1.53350669e-93 2.42847792e-76 1.00649935e-78 1.34076199e-95
 3.11335148e-82 3.34696584e-61 2.24489973e-92 6.32804820e-78
 3.51245105e-68 5.47688639e-85 2.20389449e-86 3.71514939e-84
 1.60190536e-64 5.44137500e-79]","[2.40561067e-08 1.83242520e-08 1.72889505e-08 6.92578350e-09
 1.91585465e-08 1.19269589e-08 1.54614672e-08 2.16882617e-08
 1.50923274e-08 2.80514029e-08 2.35642252e-08 2.32432359e-08
 1.30615748e-08 2.12133234e-08 2.28623745e-08 1.45499585e-08
 1.58504049e-08 1.91644173e-08 1.32288173e-08 1.65141436e-08
 1.49875290e-08 1.57394193e-08 1.62904676e-08 2.36690582e-08
 1.79887335e-08 1.27092642e-08 1.35301933e-08 1.31003042e-08
 1.01997822e-08 2.09930094e-08 2.05491523e-08 2.01772469e-08
 1.48041874e-08 1.42017534e-08 1.55155248e-08 2.93349478e-08
 1.39607240e-08 1.66224682e-08 8.28176316e-09 2.71740592e-08
 1.32575124e-08 2.00094317e-08 1.48979997e-08 2.54688919e-08
 7.29038629e-09 3.67955083e-08 2.94470723e-08 2.39798863e-08
 6.43691200e-09 3.02577100e-08]","[6.01984529e-09 7.58028529e-09 7.18776727e-09 9.62532731e-09
 1.81642152e-08 7.53321183e-09 1.14396265e-08 5.60180502e-09
 1.75271655e-08 1.75729831e-08 1.47583514e-08 1.20557317e-08
 1.88183709e-08 1.69897388e-08 1.65925843e-08 5.82791293e-09
 7.15001525e-09 9.56621293e-09 1.65708056e-08 1.19020853e-08
 1.39833404e-08 2.28271273e-08 2.11846221e-08 1.41329582e-08
 5.06773523e-09 9.80009640e-09 2.56063454e-08 7.05566738e-09
 9.96119109e-09 4.09184719e-09 1.55459589e-08 1.16800861e-08
 8.42158543e-09 1.60114053e-08 5.31222477e-09 1.09977680e-08
 2.13861759e-08 2.14141964e-08 1.46507383e-08 1.37187945e-08
 9.85916959e-09 3.30923888e-09 9.15173559e-09 1.69914639e-08
 1.38065457e-08 1.29473715e-08 1.96044289e-08 2.54813768e-08
 5.38498435e-09 1.08041853e-08]","[1.e-05 1.e-05 1.e-05 1.e-05 1.e-05 1.e-05 1.e-05 1.e-05 1.e-05 1.e-05
 1.e-05 1.e-05 1.e-05 1.e-05 1.e-05 1.e-05 1.e-05 1.e-05 1.e-05 1.e-05
 1.e-05 1.e-05 1.e-05 1.e-05 1.e-05 1.e-05 1.e-05 1.e-05 1.e-05 1.e-05
 1.e-05 1.e-05 1.e-05 1.e-05 1.e-05 1.e-05 1.e-05 1.e-05 1.e-05 1.e-05
 1.e-05 1.e-05 1.e-05 1.e-05 1.e-05 1.e-05 1.e-05 1.e-05 1.e-05 1.e-05]","[1.e-05 1.e-05 1.e-05 1.e-05 1.e-05 1.e-05 1.e-05 1.e-05 1.e-05 1.e-05
 1.e-05 1.e-05 1.e-05 1.e-05 1.e-05 1.e-05 1.e-05 1.e-05 1.e-05 1.e-05
 1.e-05 1.e-05 1.e-05 1.e-05 1.e-05 1.e-05 1.e-05 1.e-05 1.e-05 1.e-05
 1.e-05 1.e-05 1.e-05 1.e-05 1.e-05 1.e-05 1.e-05 1.e-05 1.e-05 1.e-05
 1.e-05 1.e-05 1.e-05 1.e-05 1.e-05 1.e-05 1.e-05 1.e-05 1.e-05 1.e-05]","[0.34688127 0.34361784 0.35522494 0.33693802 0.32755607 0.35046383
 0.32157469 0.34052513 0.32574153 0.34335906 0.33792968 0.35530461
 0.33392211 0.321991   0.33249231 0.33757093 0.3427727  0.35344174
 0.34183466 0.33584151 0.33533665 0.35211392 0.34415967 0.35518914
 0.34701554 0.32817409 0.343658   0.3424397  0.3411451  0.32308581
 0.34545713 0.33213195 0.36015715 0.34660109 0.33061174 0.33011737
 0.35095499 0.34269761 0.35641594 0.3436144  0.33732727 0.32092184
 0.33546342 0.34254806 0.33817773 0.34608646 0.33768372 0.33548345
 0.3312673  0.34551627]","[0.2800008  0.29566714 0.30895577 0.28413109 0.28057703 0.29124948
 0.27393717 0.27784801 0.278143   0.27035192 0.2951644  0.29144925
 0.27598411 0.27649859 0.2898676  0.27360696 0.2899223  0.30151011
 0.29001742 0.28661741 0.28884424 0.2952726  0.29502416 0.29572383
 0.28575715 0.28046061 0.28902857 0.29433646 0.28691497 0.26604845
 0.29572506 0.27815771 0.30779503 0.28999295 0.29806253 0.28646053
 0.30825298 0.28402661 0.29588286 0.31048458 0.2892982  0.27010999
 0.29841181 0.30229423 0.28513628 0.29876819 0.2900536  0.29592764
 0.26815171 0.27447965]","[1.62744723e-215 2.27132541e-211 2.59291729e-226 5.05040467e-203
 1.31464528e-191 4.08028328e-220 1.62247119e-184 1.75261434e-207
 1.92917614e-189 4.82022994e-211 2.99047079e-204 2.03837935e-226
 2.58260627e-199 5.26370451e-185 1.43663844e-197 8.32341606e-204
 2.64544432e-210 5.56929400e-224 4.00380424e-209 1.13772729e-201
 4.75550884e-201 2.97625655e-222 4.68982679e-212 2.88892561e-226
 1.09655779e-215 2.38698247e-192 2.02085469e-211 6.94705718e-210
 2.93472223e-208 2.70570921e-186 1.06089829e-213 3.94371472e-197
 7.84068884e-233 3.70752742e-215 2.75532543e-195 1.09120865e-194
 9.45738329e-221 3.28914326e-210 7.06044690e-228 2.29411787e-211
 1.66706719e-203 9.45025370e-184 3.32144192e-201 5.07464743e-210
 1.47245642e-204 1.67890063e-214 6.03371189e-204 3.13828486e-201
 4.42608497e-196 8.92267314e-214]","[3.63417690e-139 1.86900211e-155 5.00000328e-170 2.28533459e-143
 9.51100755e-140 9.16075070e-151 4.06130699e-133 5.29703590e-137
 2.68298467e-137 1.31222773e-129 6.44540337e-155 5.64262593e-151
 3.82662189e-135 1.17784193e-135 2.59048823e-149 8.58927540e-133
 2.27026019e-149 8.91449913e-162 1.80461072e-149 6.27752885e-146
 3.04406042e-148 4.93882150e-155 9.10000866e-155 1.62527078e-155
 4.86034227e-145 1.24723059e-139 1.95440435e-148 4.92589887e-154
 3.08784339e-146 1.84100429e-125 1.62037107e-155 2.59345402e-137
 9.99432233e-169 1.91439456e-149 4.96953154e-158 9.12219562e-146
 3.07042784e-169 2.92446162e-143 1.09804614e-155 9.49557257e-172
 1.02159914e-148 2.25445368e-129 2.08408332e-158 1.23454629e-162
 2.12035403e-144 8.57729089e-159 1.65370260e-149 9.83203411e-156
 1.76659121e-127 1.18399893e-133]","[0.0774982  0.08359599 0.09444094 0.08334696 0.08882856 0.08534765
 0.07697546 0.07877135 0.07547963 0.09203243 0.08049762 0.08630836
 0.0870738  0.07733333 0.0803225  0.07497573 0.08598101 0.08735383
 0.08614206 0.082515   0.08563995 0.09211934 0.08582807 0.08882022
 0.07544601 0.08122861 0.08673036 0.08755803 0.08080244 0.07415903
 0.08827102 0.07980776 0.0948422  0.08076704 0.08684981 0.07262135
 0.09236825 0.08917987 0.08661735 0.09398758 0.08699799 0.06897104
 0.0890162  0.08745289 0.08164108 0.08628571 0.08071756 0.08595932
 0.07633102 0.08829939]","[0.05222297 0.06031418 0.07355201 0.06059945 0.06620312 0.05893397
 0.05725038 0.05310929 0.05654979 0.06035912 0.06036317 0.06014574
 0.06253684 0.05559099 0.06091416 0.05279636 0.06360352 0.06319296
 0.06521225 0.05906761 0.06337297 0.06449044 0.06234503 0.06086493
 0.05147409 0.05871916 0.06221557 0.06586611 0.05765879 0.0510391
 0.06625688 0.05475259 0.06901419 0.05664682 0.06898487 0.05032647
 0.07100248 0.06104434 0.0608958  0.07420135 0.06514394 0.04846811
 0.07104564 0.06870472 0.05915928 0.06421947 0.06005478 0.0633291
 0.05292177 0.05869925]","[0.21237202 0.22168417 0.23685818 0.22201657 0.23109501 0.22400241
 0.21737699 0.21733546 0.21300794 0.22811637 0.21554005 0.22639863
 0.22693094 0.21446818 0.21943467 0.21144591 0.2267823  0.22785822
 0.22634356 0.21895987 0.22643642 0.23337079 0.22552201 0.22853845
 0.21241768 0.2216141  0.229234   0.22734118 0.21945604 0.20879683
 0.22953636 0.21810817 0.23711488 0.21696059 0.22519353 0.20691778
 0.23339274 0.22960151 0.22364445 0.23565    0.22890916 0.20350583
 0.23259179 0.22641687 0.22052703 0.22691795 0.21907324 0.22574306
 0.21384133 0.22745453]","[0.17811518 0.19105551 0.21168166 0.19186951 0.20228509 0.18915278
 0.19039496 0.18260706 0.18744228 0.18797171 0.188116   0.19179212
 0.19580756 0.18483598 0.19238629 0.18049836 0.19807052 0.19733086
 0.19916251 0.18793148 0.1980559  0.19902825 0.19480034 0.19252527
 0.17975231 0.19106081 0.19718362 0.19908133 0.18899683 0.17686233
 0.20093707 0.18425352 0.20538042 0.18586139 0.20222253 0.17400831
 0.20724813 0.19270098 0.19100526 0.2107211  0.20004031 0.17170249
 0.20952513 0.20218236 0.19102535 0.19928236 0.19086325 0.19538416
 0.18191833 0.18863015]",1.0725122450473703e-75,6.697155817161455e-63,7.507585715253283e-75,4.685706656132707e-62,1.8177948635234032e-08,1.2773488127226784e-08,6.410601899779957e-09,5.690050203999507e-09,1e-05,1e-05,0.0,0.0,0.34013072243213655,0.2883276545476913,0.00960319787662759,0.010853737376433935,0.0840027379989624,0.06090871810913086,0.005936273560495875,0.0059563724655349055,0.22303711476277896,0.1926149409099678,0.00776896824220972,0.009107198792417627
df2,0.9,0.9,0.0,"[7.91123773e-120 2.10514288e-109 7.74187875e-103 2.55501261e-111
 1.01652477e-129 6.99261346e-099 5.30232749e-105 2.21472141e-104
 1.62522975e-116 9.07714507e-109 1.11687624e-110 2.55501261e-111
 5.30739252e-101 1.49462228e-114 7.22731515e-138 7.08090934e-107
 6.44273589e-102 7.89408622e-119 1.57064610e-102 5.30739252e-101
 1.08427351e-104 1.70515873e-119 7.36968843e-116 1.12671987e-139
 2.79180826e-098 1.74357044e-099 3.89617725e-108 1.30265891e-101
 8.05827457e-108 1.30265891e-101 3.66625391e-120 4.51863753e-104
 4.37383916e-109 1.10963247e-097 7.19151616e-124 5.88045765e-093
 6.68471205e-114 4.56007306e-090 9.07714507e-109 4.37383916e-109
 9.07714507e-109 9.07714507e-109 5.22248187e-095 1.56663455e-115
 2.97606811e-113 7.19151616e-124 2.79180826e-098 3.81174187e-103
 1.70515873e-119 6.44273589e-102]","[1.02898789e-094 2.34155676e-088 7.01720636e-084 5.47688639e-085
 4.19972342e-086 1.65926127e-082 4.59749627e-080 1.00649935e-078
 4.56007306e-090 1.00649935e-078 6.32786916e-089 1.39799851e-098
 2.00649704e-069 6.44273589e-102 8.53187607e-092 2.47190518e-080
 3.71514939e-084 1.51998109e-085 5.83529742e-082 3.93950762e-077
 7.01720636e-084 1.65295008e-087 1.21599162e-090 5.34499160e-111
 8.11994820e-076 1.65926127e-082 4.69733763e-083 1.66051167e-091
 4.69733763e-083 1.86526077e-072 3.22816176e-091 1.34076199e-095
 1.48234930e-075 4.49681448e-088 6.78202527e-096 3.51245105e-068
 1.65926127e-082 2.70316908e-075 1.00649935e-078 7.01720636e-084
 7.81799073e-094 8.53187607e-092 1.32590390e-076 3.00462961e-093
 4.37887891e-092 3.42673436e-096 3.93950762e-077 6.04906014e-087
 1.14959907e-092 7.99410344e-086]","[7.91123773e-120 2.10514288e-109 7.74187875e-103 2.55501261e-111
 1.01652477e-129 6.99261346e-099 5.30232749e-105 2.21472141e-104
 1.62522975e-116 9.07714507e-109 1.11687624e-110 2.55501261e-111
 5.30739252e-101 1.49462228e-114 7.22731515e-138 7.08090934e-107
 6.44273589e-102 7.89408622e-119 1.57064610e-102 5.30739252e-101
 1.08427351e-104 1.70515873e-119 7.36968843e-116 1.12671987e-139
 2.79180826e-098 1.74357044e-099 3.89617725e-108 1.30265891e-101
 8.05827457e-108 1.30265891e-101 3.66625391e-120 4.51863753e-104
 4.37383916e-109 1.10963247e-097 7.19151616e-124 5.88045765e-093
 6.68471205e-114 4.56007306e-090 9.07714507e-109 4.37383916e-109
 9.07714507e-109 9.07714507e-109 5.22248187e-095 1.56663455e-115
 2.97606811e-113 7.19151616e-124 2.79180826e-098 3.81174187e-103
 1.70515873e-119 6.44273589e-102]","[1.02898789e-094 2.34155676e-088 7.01720636e-084 5.47688639e-085
 4.19972342e-086 1.65926127e-082 4.59749627e-080 1.00649935e-078
 4.56007306e-090 1.00649935e-078 6.32786916e-089 1.39799851e-098
 2.00649704e-069 6.44273589e-102 8.53187607e-092 2.47190518e-080
 3.71514939e-084 1.51998109e-085 5.83529742e-082 3.93950762e-077
 7.01720636e-084 1.65295008e-087 1.21599162e-090 5.34499160e-111
 8.11994820e-076 1.65926127e-082 4.69733763e-083 1.66051167e-091
 4.69733763e-083 1.86526077e-072 3.22816176e-091 1.34076199e-095
 1.48234930e-075 4.49681448e-088 6.78202527e-096 3.51245105e-068
 1.65926127e-082 2.70316908e-075 1.00649935e-078 7.01720636e-084
 7.81799073e-094 8.53187607e-092 1.32590390e-076 3.00462961e-093
 4.37887891e-092 3.42673436e-096 3.93950762e-077 6.04906014e-087
 1.14959907e-092 7.99410344e-086]","[1.85676229e-08 3.08893403e-08 1.50054984e-08 2.62692428e-08
 1.76468228e-08 3.08962269e-08 2.12677234e-08 1.46505368e-08
 1.51965782e-08 1.88807100e-08 2.59320865e-08 3.39271903e-08
 3.24654879e-08 2.25414892e-08 3.35256866e-08 2.17495674e-08
 3.08658600e-08 1.52739820e-08 8.91717822e-09 3.11685046e-08
 1.81869522e-08 9.96839766e-09 9.98394534e-09 3.44046008e-08
 1.40175069e-08 1.14213300e-08 2.90571162e-08 1.56051425e-08
 2.46097680e-08 1.18154927e-08 2.96953311e-08 1.67097005e-08
 1.58410877e-08 9.82222681e-09 3.33829850e-08 2.99078834e-08
 2.97387829e-08 1.41358327e-08 3.32930062e-08 2.26156601e-08
 9.43480405e-09 3.18542555e-08 2.23538988e-08 1.30875732e-08
 1.58210168e-08 1.11128985e-08 2.85130551e-08 1.08623692e-08
 1.18161532e-08 1.47387794e-08]","[8.49148729e-09 6.98009905e-09 6.56087684e-09 9.34716482e-09
 6.68315492e-09 1.88845712e-08 7.21531856e-09 5.56885016e-09
 6.58366706e-09 6.76382106e-09 1.34049273e-08 6.55305021e-09
 7.98521227e-09 1.59642197e-08 7.64952257e-09 5.22321919e-09
 2.68633522e-08 1.06477136e-08 7.92354959e-09 5.70566561e-09
 1.95569120e-08 9.26577903e-09 2.03500882e-08 2.84015323e-08
 1.05919024e-08 9.26569443e-09 2.10088185e-08 2.18891775e-08
 1.33714463e-08 9.61918467e-09 7.75828191e-09 7.07871961e-09
 8.27210045e-09 8.01448874e-09 1.54541119e-08 1.75797775e-08
 6.79755463e-09 5.49161594e-09 1.10385133e-08 5.41747480e-09
 9.74791337e-09 2.77348732e-08 1.28929677e-08 8.59055826e-09
 1.14296962e-08 1.36368158e-08 1.54686363e-08 5.40819134e-09
 2.78647014e-08 1.31310831e-08]","[1.e-05 1.e-05 1.e-05 1.e-05 1.e-05 1.e-05 1.e-05 1.e-05 1.e-05 1.e-05
 1.e-05 1.e-05 1.e-05 1.e-05 1.e-05 1.e-05 1.e-05 1.e-05 1.e-05 1.e-05
 1.e-05 1.e-05 1.e-05 1.e-05 1.e-05 1.e-05 1.e-05 1.e-05 1.e-05 1.e-05
 1.e-05 1.e-05 1.e-05 1.e-05 1.e-05 1.e-05 1.e-05 1.e-05 1.e-05 1.e-05
 1.e-05 1.e-05 1.e-05 1.e-05 1.e-05 1.e-05 1.e-05 1.e-05 1.e-05 1.e-05]","[1.e-05 1.e-05 1.e-05 1.e-05 1.e-05 1.e-05 1.e-05 1.e-05 1.e-05 1.e-05
 1.e-05 1.e-05 1.e-05 1.e-05 1.e-05 1.e-05 1.e-05 1.e-05 1.e-05 1.e-05
 1.e-05 1.e-05 1.e-05 1.e-05 1.e-05 1.e-05 1.e-05 1.e-05 1.e-05 1.e-05
 1.e-05 1.e-05 1.e-05 1.e-05 1.e-05 1.e-05 1.e-05 1.e-05 1.e-05 1.e-05
 1.e-05 1.e-05 1.e-05 1.e-05 1.e-05 1.e-05 1.e-05 1.e-05 1.e-05 1.e-05]","[0.36130781 0.36240825 0.34863141 0.36415387 0.37120622 0.34411971
 0.3585126  0.37296337 0.37104251 0.36997448 0.36503127 0.35382532
 0.34529104 0.36444309 0.3868208  0.35156561 0.3603506  0.37374243
 0.37141385 0.35135878 0.36305096 0.37512851 0.37205815 0.3727358
 0.35099172 0.34328517 0.36583014 0.35364868 0.36780895 0.36321268
 0.36010907 0.34844511 0.35483891 0.35369543 0.37305405 0.34270074
 0.35630164 0.33908769 0.36155975 0.36105578 0.35995498 0.35691794
 0.35511467 0.36157189 0.36083815 0.36698446 0.34270604 0.35299645
 0.37066561 0.34472299]","[0.30200767 0.31037602 0.29707688 0.30018904 0.29820739 0.30167841
 0.2982245  0.29694074 0.30976402 0.30796462 0.31329725 0.30286889
 0.28002955 0.31495893 0.31438708 0.28860824 0.30792577 0.30286811
 0.30384133 0.29804841 0.31289303 0.30453586 0.32413136 0.31600262
 0.29619573 0.29296772 0.2931515  0.31867035 0.30834415 0.28525287
 0.29973578 0.3133951  0.28593835 0.29756983 0.31733555 0.2934286
 0.29332301 0.28878443 0.29590137 0.30691584 0.30814527 0.30777278
 0.29367818 0.31010312 0.31844766 0.30582503 0.29173189 0.30800515
 0.30818716 0.29713962]","[2.28413762e-234 7.67183629e-236 9.34499052e-218 3.43984910e-238
 8.27729517e-248 5.26897602e-212 1.20076914e-230 3.07942137e-250
 1.39177218e-247 4.10256736e-246 2.24556308e-239 1.75907506e-224
 1.72463132e-213 1.40025705e-238 7.33808501e-270 1.53122854e-221
 4.33080347e-233 2.55347892e-251 4.28059930e-248 2.83826036e-221
 1.05140692e-236 2.99802471e-253 5.51638484e-249 6.36566569e-250
 8.47721062e-221 5.97471528e-211 1.85936726e-240 2.99118767e-224
 3.78186579e-243 6.37240198e-237 9.08634176e-233 1.62079835e-217
 8.31289949e-226 2.59921449e-224 2.30530228e-250 3.25940981e-210
 9.98354849e-228 1.08921179e-205 1.05136525e-234 4.96071975e-234
 1.45740203e-232 1.53972973e-228 3.61727562e-226 1.01276823e-234
 9.68688273e-234 5.02609674e-242 3.20975103e-210 2.11865940e-223
 4.59935591e-247 9.06949508e-213]","[2.54424031e-162 1.25910572e-171 5.73764830e-157 2.46122410e-160
 3.46622230e-158 5.83464962e-162 3.32171177e-158 8.03837137e-157
 6.16645419e-171 6.45711066e-169 6.11047610e-175 2.88879476e-163
 3.39926468e-139 7.68739463e-177 3.47528381e-176 5.36601324e-148
 7.13696870e-169 2.89453354e-163 2.45652142e-164 5.14715387e-158
 1.76474059e-174 4.20286594e-165 1.57305712e-187 4.85916065e-178
 5.07296806e-156 1.40197612e-152 8.95163270e-153 3.99433925e-181
 2.42693090e-169 1.60837223e-144 7.65566895e-160 4.72589974e-175
 3.15993971e-145 1.68991066e-157 1.40815605e-179 4.54874161e-153
 5.88794866e-153 3.51452236e-148 1.04904240e-155 9.58205827e-168
 4.05346349e-169 1.05837872e-168 2.47062795e-153 2.55811771e-171
 7.24549198e-181 1.56743899e-166 2.84093598e-151 5.81677718e-169
 3.63845726e-169 4.91159890e-157]","[0.09124017 0.09378505 0.09510577 0.08773375 0.11310887 0.08644545
 0.09481299 0.10731363 0.10174048 0.10226011 0.1041044  0.08848381
 0.08973801 0.10015047 0.10583043 0.08113408 0.0926795  0.08956861
 0.10058165 0.08861423 0.09583819 0.0982033  0.1125834  0.08991086
 0.08606386 0.08990741 0.09391463 0.0920682  0.09588611 0.09583163
 0.09696305 0.09432852 0.09182692 0.08865499 0.10113418 0.08399546
 0.09563196 0.08577573 0.09741008 0.10543621 0.09022808 0.09121978
 0.08993506 0.09907162 0.10029113 0.09611225 0.09382284 0.08733022
 0.10191894 0.09092367]","[0.06418276 0.06933236 0.06941414 0.06163275 0.07536292 0.06468165
 0.06754625 0.07411575 0.07197356 0.0725255  0.07791519 0.06222427
 0.06400418 0.07375181 0.07651722 0.05590594 0.06821239 0.05668223
 0.07330692 0.06387997 0.07493591 0.06778133 0.08632171 0.06756461
 0.06136465 0.06580734 0.06225181 0.07376349 0.06915212 0.06434608
 0.06999075 0.07332492 0.06365955 0.0629034  0.07462478 0.0608722
 0.06662941 0.06007159 0.07031107 0.07481492 0.06730604 0.06842291
 0.06114674 0.07372308 0.07749259 0.07111001 0.06845033 0.06430256
 0.07309985 0.0678755 ]","[0.23247635 0.23562455 0.23643753 0.2284203  0.256523   0.22885067
 0.23848526 0.25193147 0.24378653 0.24751972 0.24767796 0.22978289
 0.23182631 0.24438697 0.25071951 0.2193271  0.23548741 0.22984752
 0.24495417 0.23214091 0.23697059 0.24016629 0.25774017 0.23073546
 0.22545465 0.23164285 0.23494148 0.23353584 0.23844496 0.23688994
 0.24053165 0.23522186 0.23478953 0.22752273 0.24629844 0.22425472
 0.23399304 0.22683891 0.24304518 0.24538121 0.22922015 0.23102643
 0.228752   0.24113345 0.24395987 0.23922493 0.23727485 0.22778112
 0.24673068 0.23371098]","[0.19742629 0.20656313 0.20484076 0.19505086 0.21333347 0.19947967
 0.2050017  0.21350579 0.20813069 0.21100001 0.21726576 0.19656352
 0.19916474 0.21275681 0.21701608 0.1857757  0.20509404 0.18789267
 0.21267648 0.19975529 0.2119789  0.20307031 0.22821605 0.20258803
 0.19347966 0.20034633 0.19553069 0.20962714 0.20613705 0.19836022
 0.20738895 0.20914454 0.19877798 0.19429517 0.21531737 0.19376749
 0.19856267 0.1927038  0.21024149 0.2093798  0.20076837 0.20312799
 0.1932084  0.21125551 0.21683173 0.20947593 0.20527204 0.19717719
 0.21288297 0.20454287]",9.132011833351393e-92,7.426575602707213e-70,6.383938076286134e-91,4.919715965186328e-69,2.0988897750928715e-08,1.1862561077879974e-08,8.317172517723238e-09,6.452477662895754e-09,1e-05,1e-05,0.0,0.0,0.35998470292091367,0.3028554349184036,0.010357682028724736,0.009703790577753307,0.0949329948425293,0.06853178024291992,0.006964097023633857,0.005964674048059221,0.23698840124013415,0.20443500219934432,0.008339535983056439,0.008496144968640828
df2,0.9500000000000001,0.9500000000000001,0.0,"[3.32649959e-115 3.63777125e-118 6.84127225e-125 1.31890515e-112
 2.99814789e-106 3.11577768e-125 3.16268593e-114 3.63777125e-118
 1.49462228e-114 7.84645245e-121 3.67099579e-119 7.89408622e-119
 3.56765397e-117 5.30232749e-105 3.67099579e-119 5.81830416e-112
 6.47280639e-146 2.97606811e-113 3.62364483e-121 1.26370308e-105
 7.89408622e-119 3.67099579e-119 3.67099579e-119 9.11197923e-131
 2.03839988e-130 1.39274712e-133 7.19151616e-124 4.85997494e-110
 1.01205796e-109 3.54443794e-122 3.67099579e-119 1.70515873e-119
 3.66625391e-120 1.49462228e-114 1.97454306e-136 7.91123773e-120
 6.68471205e-114 1.81440195e-131 1.41127475e-113 1.49462228e-114
 1.31890515e-112 2.33113443e-110 4.55467848e-130 1.62522975e-116
 1.81440195e-131 1.49462228e-114 3.43101012e-123 6.44036529e-126
 1.70515873e-119 7.70163359e-122]","[1.14959907e-092 1.10963247e-097 8.71890126e-097 4.56007306e-090
 8.62627431e-088 1.21599162e-090 4.49681448e-088 2.64763111e-095
 6.99261346e-099 1.30265891e-101 2.79180826e-098 1.30265891e-101
 6.04906014e-087 3.11335148e-082 2.20848376e-097 4.39057786e-097
 6.44273589e-102 5.88045765e-093 5.30739252e-101 2.20389449e-086
 6.78202527e-096 7.81799073e-094 2.79180826e-098 3.98124764e-094
 8.71890126e-097 3.81174187e-103 3.42673436e-096 1.00649935e-078
 8.54149129e-080 1.74357044e-099 5.56898878e-098 1.39799851e-098
 3.18287512e-102 6.04906014e-087 6.44273589e-102 1.96475612e-084
 6.78202527e-096 7.81799073e-094 4.19972342e-086 1.85969560e-078
 3.49368581e-099 4.19972342e-086 1.57064610e-102 2.35609537e-090
 5.56898878e-098 3.42673436e-096 2.79180826e-098 2.63087943e-101
 1.53350669e-093 3.98124764e-094]","[3.32649959e-115 3.63777125e-118 6.84127225e-125 1.31890515e-112
 2.99814789e-106 3.11577768e-125 3.16268593e-114 3.63777125e-118
 1.49462228e-114 7.84645245e-121 3.67099579e-119 7.89408622e-119
 3.56765397e-117 5.30232749e-105 3.67099579e-119 5.81830416e-112
 6.47280639e-146 2.97606811e-113 3.62364483e-121 1.26370308e-105
 7.89408622e-119 3.67099579e-119 3.67099579e-119 9.11197923e-131
 2.03839988e-130 1.39274712e-133 7.19151616e-124 4.85997494e-110
 1.01205796e-109 3.54443794e-122 3.67099579e-119 1.70515873e-119
 3.66625391e-120 1.49462228e-114 1.97454306e-136 7.91123773e-120
 6.68471205e-114 1.81440195e-131 1.41127475e-113 1.49462228e-114
 1.31890515e-112 2.33113443e-110 4.55467848e-130 1.62522975e-116
 1.81440195e-131 1.49462228e-114 3.43101012e-123 6.44036529e-126
 1.70515873e-119 7.70163359e-122]","[1.14959907e-092 1.10963247e-097 8.71890126e-097 4.56007306e-090
 8.62627431e-088 1.21599162e-090 4.49681448e-088 2.64763111e-095
 6.99261346e-099 1.30265891e-101 2.79180826e-098 1.30265891e-101
 6.04906014e-087 3.11335148e-082 2.20848376e-097 4.39057786e-097
 6.44273589e-102 5.88045765e-093 5.30739252e-101 2.20389449e-086
 6.78202527e-096 7.81799073e-094 2.79180826e-098 3.98124764e-094
 8.71890126e-097 3.81174187e-103 3.42673436e-096 1.00649935e-078
 8.54149129e-080 1.74357044e-099 5.56898878e-098 1.39799851e-098
 3.18287512e-102 6.04906014e-087 6.44273589e-102 1.96475612e-084
 6.78202527e-096 7.81799073e-094 4.19972342e-086 1.85969560e-078
 3.49368581e-099 4.19972342e-086 1.57064610e-102 2.35609537e-090
 5.56898878e-098 3.42673436e-096 2.79180826e-098 2.63087943e-101
 1.53350669e-093 3.98124764e-094]","[1.21569853e-08 2.02042050e-08 1.12479380e-08 1.26156077e-08
 1.57064574e-08 1.34795272e-08 1.11736300e-08 2.52465125e-08
 1.16367963e-08 2.99165409e-08 2.72787126e-08 2.98372040e-08
 1.59114291e-08 2.65709336e-08 2.20516909e-08 1.87814074e-08
 4.35654904e-08 2.70292456e-08 2.42795104e-08 2.52849545e-08
 1.21680720e-08 2.70577919e-08 2.70792064e-08 1.59064586e-08
 3.37398516e-08 1.70805380e-08 2.03438959e-08 3.37518270e-08
 2.57375036e-08 2.06219843e-08 1.53616169e-08 1.20649157e-08
 1.54949407e-08 1.10889915e-08 2.50818176e-08 1.53185281e-08
 1.59973915e-08 2.16523340e-08 1.30967784e-08 3.10822720e-08
 1.68153268e-08 1.20487911e-08 1.27039185e-08 2.10642168e-08
 1.26566160e-08 2.15267026e-08 1.88109645e-08 1.29435193e-08
 1.13614397e-08 2.65773046e-08]","[8.61226335e-09 1.07256140e-08 1.20775736e-08 2.21634426e-08
 1.21179529e-08 1.28475698e-08 1.87188788e-08 1.04984019e-08
 8.95884888e-09 2.23038452e-08 6.47366516e-09 2.71889254e-08
 2.11788609e-08 8.13311918e-09 2.84846142e-08 1.62533886e-08
 3.14871821e-08 1.74918200e-08 2.58952472e-08 1.17806221e-08
 1.82933083e-08 7.26197269e-09 1.11164862e-08 2.03230437e-08
 1.30515694e-08 8.94582863e-09 1.06761602e-08 6.16010620e-09
 7.75820197e-09 1.93162411e-08 1.75966088e-08 7.08236736e-09
 1.74829311e-08 1.30091561e-08 1.41846171e-08 1.21337124e-08
 2.22997049e-08 9.94021410e-09 2.78851948e-08 1.77614806e-08
 1.43627555e-08 2.18545636e-08 2.32157978e-08 9.57441271e-09
 7.47231432e-09 1.76177460e-08 1.95673715e-08 1.76219597e-08
 1.26843779e-08 1.17947635e-08]","[1.e-05 1.e-05 1.e-05 1.e-05 1.e-05 1.e-05 1.e-05 1.e-05 1.e-05 1.e-05
 1.e-05 1.e-05 1.e-05 1.e-05 1.e-05 1.e-05 1.e-05 1.e-05 1.e-05 1.e-05
 1.e-05 1.e-05 1.e-05 1.e-05 1.e-05 1.e-05 1.e-05 1.e-05 1.e-05 1.e-05
 1.e-05 1.e-05 1.e-05 1.e-05 1.e-05 1.e-05 1.e-05 1.e-05 1.e-05 1.e-05
 1.e-05 1.e-05 1.e-05 1.e-05 1.e-05 1.e-05 1.e-05 1.e-05 1.e-05 1.e-05]","[1.e-05 1.e-05 1.e-05 1.e-05 1.e-05 1.e-05 1.e-05 1.e-05 1.e-05 1.e-05
 1.e-05 1.e-05 1.e-05 1.e-05 1.e-05 1.e-05 1.e-05 1.e-05 1.e-05 1.e-05
 1.e-05 1.e-05 1.e-05 1.e-05 1.e-05 1.e-05 1.e-05 1.e-05 1.e-05 1.e-05
 1.e-05 1.e-05 1.e-05 1.e-05 1.e-05 1.e-05 1.e-05 1.e-05 1.e-05 1.e-05
 1.e-05 1.e-05 1.e-05 1.e-05 1.e-05 1.e-05 1.e-05 1.e-05 1.e-05 1.e-05]","[0.37806927 0.36956058 0.37513586 0.35776769 0.35319132 0.39660133
 0.38832027 0.38080404 0.37098984 0.37632339 0.38324794 0.38448462
 0.37109628 0.35564556 0.37575264 0.36704804 0.40414677 0.37467329
 0.38113432 0.37424027 0.37867059 0.37868398 0.37344372 0.38007435
 0.38764292 0.383784   0.37450696 0.3640398  0.37861244 0.38428908
 0.37095294 0.36085636 0.37328671 0.35955667 0.39562279 0.36750376
 0.37471128 0.3835534  0.37012639 0.35728229 0.37836461 0.3765044
 0.38153523 0.3808484  0.38721021 0.35763209 0.36589353 0.37214217
 0.36823741 0.38497992]","[0.32100407 0.32651364 0.3178379  0.31331961 0.30590833 0.32245777
 0.32014174 0.32137519 0.33428275 0.32658611 0.32854948 0.33160212
 0.30665379 0.29776636 0.32613948 0.3284524  0.33451641 0.3285801
 0.33001413 0.31720348 0.33181882 0.32566519 0.31446287 0.31912546
 0.31398935 0.32681835 0.30815798 0.30013899 0.31104961 0.32267724
 0.3239804  0.30384325 0.32974387 0.29599726 0.33065157 0.31193025
 0.32764519 0.32541215 0.31314881 0.28900771 0.32653631 0.30874163
 0.3224853  0.32550838 0.31895987 0.31512091 0.3152397  0.32019125
 0.31260273 0.33021725]","[2.26075238e-257 1.51784438e-245 2.92812470e-253 1.16272101e-229
 1.18093961e-223 3.27401824e-284 4.92664581e-272 3.06997455e-261
 1.64495160e-247 6.40071675e-255 1.00941839e-264 1.70502426e-266
 1.17344202e-247 7.27405016e-227 4.02702942e-254 4.11802917e-242
 1.43552591e-295 1.29327857e-252 1.04213514e-261 5.18532396e-252
 3.21152008e-258 3.07482966e-258 6.63811488e-251 3.32740805e-260
 4.73559949e-271 1.72440024e-265 2.20519533e-252 4.90222465e-238
 3.87912339e-258 3.25390092e-266 1.84923642e-247 9.15955171e-234
 1.09641907e-250 4.93769011e-232 9.32564713e-283 9.86096201e-243
 1.14483577e-252 3.68906005e-265 2.53711464e-246 5.09034262e-229
 8.67309513e-258 3.56958595e-255 2.80371341e-262 2.65545447e-261
 2.00533440e-270 1.75682266e-229 1.52545406e-240 4.22171092e-249
 9.83376852e-244 3.31162547e-267]","[7.57092441e-184 2.31795815e-190 3.69143095e-180 5.76216514e-175
 1.26668010e-166 1.48699915e-185 7.71987382e-183 2.78104462e-184
 9.34398712e-200 1.89932847e-190 8.45348450e-193 1.73678708e-196
 1.87702157e-167 1.03741209e-157 6.47680512e-190 1.10579072e-192
 4.83256497e-200 7.76670705e-193 1.45414804e-194 2.00147180e-179
 9.47443079e-197 2.37804610e-189 2.84597112e-176 1.18107273e-181
 9.90682063e-176 1.00289001e-190 3.92273420e-169 2.79003306e-160
 2.18238865e-172 8.20148793e-186 2.37362457e-187 2.44460738e-164
 3.08204750e-194 8.28017127e-156 2.46591634e-195 2.19338633e-173
 1.02817123e-191 4.75571851e-189 9.02180909e-175 2.05493919e-148
 2.17790567e-190 8.69666529e-170 1.38008000e-185 3.65413623e-189
 1.84034416e-181 5.01118627e-177 3.66092856e-177 6.75755544e-183
 3.77623613e-174 8.26454073e-195]","[0.09792662 0.1005466  0.10313988 0.09770226 0.08741748 0.11596227
 0.09808254 0.10552359 0.09965324 0.0973208  0.10686457 0.11669397
 0.0977006  0.10028005 0.11072636 0.10126019 0.10904241 0.09784269
 0.09520221 0.10018742 0.10992706 0.10615885 0.10226238 0.10364461
 0.11009443 0.10526824 0.10244179 0.0909462  0.10686862 0.10377526
 0.09798014 0.09923625 0.11283958 0.09086454 0.11448729 0.10033941
 0.1031245  0.0985148  0.10225606 0.09354258 0.0950551  0.10985899
 0.11012816 0.10383272 0.10968125 0.08754039 0.09550142 0.09175098
 0.095999   0.11174309]","[0.0701158  0.07724404 0.07442355 0.07238066 0.06341064 0.07965434
 0.06779575 0.0737617  0.07727814 0.07488954 0.0755806  0.08664954
 0.06973183 0.07087147 0.08960783 0.07788718 0.07676363 0.07345223
 0.07179272 0.07073128 0.08200431 0.07906115 0.07152462 0.07413936
 0.07921672 0.07682073 0.07284188 0.06217766 0.07565761 0.07566154
 0.07507014 0.07217598 0.08996511 0.06292439 0.0802933  0.07168472
 0.07847703 0.06875718 0.07618856 0.06300962 0.06980765 0.07675588
 0.08102    0.07741189 0.07626939 0.06710434 0.07314265 0.06638098
 0.07233763 0.08411705]","[0.2394972  0.24605623 0.24494347 0.2416058  0.22874883 0.26113744
 0.23897683 0.24872651 0.24241403 0.23935016 0.24996146 0.26156068
 0.23944523 0.2460447  0.25703872 0.24582041 0.25218807 0.24304933
 0.23740163 0.24458061 0.25396204 0.25038572 0.24943015 0.24776715
 0.25216606 0.24687845 0.24734013 0.23266696 0.25022612 0.24568737
 0.24056792 0.24240516 0.25750355 0.23030538 0.25658221 0.24352302
 0.24805988 0.23907118 0.24524078 0.23538763 0.23788593 0.25556087
 0.25624216 0.24632247 0.25380212 0.2278596  0.23763965 0.23036613
 0.24120405 0.2556805 ]","[0.20556497 0.21833626 0.21076996 0.21064623 0.19738025 0.2204368
 0.201679   0.21173266 0.21460475 0.21223947 0.21355455 0.22886759
 0.2057253  0.21091506 0.23394111 0.21767753 0.21564738 0.2138053
 0.20990255 0.20815651 0.22288202 0.2190008  0.21299257 0.21294143
 0.21658904 0.21361828 0.213305   0.19596496 0.21470525 0.21310323
 0.21347185 0.20947864 0.2320283  0.19491057 0.21815875 0.20874444
 0.21890419 0.20268093 0.21583459 0.1973487  0.2067935  0.2184779
 0.22292318 0.21505757 0.21524031 0.20120174 0.21019295 0.19832042
 0.21338648 0.22430051]",1.373203876261899e-106,5.903846553702706e-80,7.597192480180006e-106,2.934119094597456e-79,2.00042058873251e-08,1.5428736082068182e-08,7.43742068087743e-09,6.416272209803962e-09,1e-05,1e-05,0.0,0.0,0.3753756340360641,0.31919545024394985,0.01062018508534596,0.010429030194442725,0.10209478855133057,0.07452043056488038,0.007068133108632575,0.006102789145520558,0.24532535376149225,0.2126828260654886,0.008182762280349885,0.008461342965299327
df2,1.0,1.0,0.0,"[3.78658116e-137 4.85997494e-110 3.16357866e-142 7.36968843e-116
 2.33052754e-135 1.37294733e-138 5.56191291e-155 2.49277144e-128
 1.65526914e-137 2.33052754e-135 1.97454306e-136 5.53102464e-128
 9.14846799e-141 3.56765397e-117 1.20103174e-134 8.08221677e-132
 1.01652477e-129 4.06843613e-131 9.14846799e-141 4.94613442e-147
 2.72168499e-134 4.50098708e-136 3.46283303e-116 7.22731515e-138
 1.62522975e-116 1.01652477e-129 8.85357293e-148 1.97454306e-136
 1.12671987e-139 1.59807269e-132 1.49462228e-114 7.48112939e-123
 1.09619158e-152 3.11577768e-125 1.67153521e-121 1.56663455e-115
 3.11577768e-125 8.08221677e-132 1.70515873e-119 1.56663455e-115
 5.84114683e-143 5.53102464e-128 3.43101012e-123 1.32505188e-126
 2.03839988e-130 5.04562598e-129 4.85997494e-110 7.22731515e-138
 1.12215372e-128 8.65193381e-137]","[7.05518906e-115 4.56007306e-090 6.68471205e-114 4.37887891e-092
 5.34499160e-111 3.43531867e-107 1.56663455e-115 7.89408622e-119
 6.44273589e-102 1.01205796e-109 3.89617725e-108 1.21599162e-090
 3.81174187e-103 6.99261346e-099 3.89617725e-108 4.51863753e-104
 1.08427351e-104 4.85997494e-110 1.67153521e-121 4.85997494e-110
 3.43531867e-107 3.49368581e-099 2.20848376e-097 1.31890515e-112
 5.22248187e-095 2.21472141e-104 4.85997494e-110 1.12215372e-128
 1.11687624e-110 3.56765397e-117 2.34155676e-088 5.56898878e-098
 1.67153521e-121 1.66051167e-091 2.02515198e-094 2.47190518e-080
 8.81591837e-090 6.99261346e-099 6.99261346e-099 3.28405359e-089
 7.36968843e-116 6.99261346e-099 2.64763111e-095 6.32786916e-089
 1.34076199e-095 8.69173129e-100 1.21599162e-090 2.21472141e-104
 8.71890126e-097 9.20882547e-104]","[3.78658116e-137 4.85997494e-110 3.16357866e-142 7.36968843e-116
 2.33052754e-135 1.37294733e-138 5.56191291e-155 2.49277144e-128
 1.65526914e-137 2.33052754e-135 1.97454306e-136 5.53102464e-128
 9.14846799e-141 3.56765397e-117 1.20103174e-134 8.08221677e-132
 1.01652477e-129 4.06843613e-131 9.14846799e-141 4.94613442e-147
 2.72168499e-134 4.50098708e-136 3.46283303e-116 7.22731515e-138
 1.62522975e-116 1.01652477e-129 8.85357293e-148 1.97454306e-136
 1.12671987e-139 1.59807269e-132 1.49462228e-114 7.48112939e-123
 1.09619158e-152 3.11577768e-125 1.67153521e-121 1.56663455e-115
 3.11577768e-125 8.08221677e-132 1.70515873e-119 1.56663455e-115
 5.84114683e-143 5.53102464e-128 3.43101012e-123 1.32505188e-126
 2.03839988e-130 5.04562598e-129 4.85997494e-110 7.22731515e-138
 1.12215372e-128 8.65193381e-137]","[7.05518906e-115 4.56007306e-090 6.68471205e-114 4.37887891e-092
 5.34499160e-111 3.43531867e-107 1.56663455e-115 7.89408622e-119
 6.44273589e-102 1.01205796e-109 3.89617725e-108 1.21599162e-090
 3.81174187e-103 6.99261346e-099 3.89617725e-108 4.51863753e-104
 1.08427351e-104 4.85997494e-110 1.67153521e-121 4.85997494e-110
 3.43531867e-107 3.49368581e-099 2.20848376e-097 1.31890515e-112
 5.22248187e-095 2.21472141e-104 4.85997494e-110 1.12215372e-128
 1.11687624e-110 3.56765397e-117 2.34155676e-088 5.56898878e-098
 1.67153521e-121 1.66051167e-091 2.02515198e-094 2.47190518e-080
 8.81591837e-090 6.99261346e-099 6.99261346e-099 3.28405359e-089
 7.36968843e-116 6.99261346e-099 2.64763111e-095 6.32786916e-089
 1.34076199e-095 8.69173129e-100 1.21599162e-090 2.21472141e-104
 8.71890126e-097 9.20882547e-104]","[1.79132978e-08 3.50943031e-08 2.37252499e-08 1.79798652e-08
 3.81616364e-08 1.38168167e-08 3.28426040e-08 1.38804240e-08
 1.41664831e-08 1.43330912e-08 4.00288819e-08 2.17845930e-08
 2.34327515e-08 2.57885866e-08 3.79117742e-08 1.84136829e-08
 1.50264999e-08 2.90680435e-08 1.97649204e-08 3.30815478e-08
 2.08738185e-08 1.44357450e-08 3.04550225e-08 3.38872712e-08
 2.05692501e-08 1.96745844e-08 1.78550991e-08 4.14838678e-08
 2.43435341e-08 1.53595908e-08 1.44691515e-08 2.62943465e-08
 3.48615088e-08 3.51246905e-08 1.14877085e-08 2.12945039e-08
 2.27237403e-08 2.29895798e-08 1.21877266e-08 1.64692362e-08
 1.40141526e-08 1.67172955e-08 2.66365129e-08 1.68005792e-08
 2.13218209e-08 1.61739953e-08 1.61917498e-08 3.18836305e-08
 1.99153871e-08 3.14847022e-08]","[1.43842225e-08 6.55081767e-09 1.03632019e-08 6.77997791e-09
 3.05147470e-08 2.07748452e-08 3.44209289e-08 1.20422031e-08
 1.64600369e-08 2.59629599e-08 2.77832266e-08 6.93179514e-09
 2.68744441e-08 1.21044519e-08 2.21634283e-08 9.82680481e-09
 9.26037547e-09 1.46524347e-08 1.15109473e-08 1.05188076e-08
 1.12782130e-08 2.93574524e-08 1.76108412e-08 2.71154530e-08
 1.34796253e-08 2.12663869e-08 1.68785272e-08 1.79238211e-08
 1.04691328e-08 2.42740775e-08 7.53659746e-09 2.47124502e-08
 1.92234689e-08 7.79287124e-09 1.79831678e-08 1.13231531e-08
 8.57971671e-09 2.91577562e-08 2.45360452e-08 1.96617279e-08
 3.55335116e-08 8.68233341e-09 6.65404309e-09 9.64037183e-09
 2.39951800e-08 8.15891699e-09 1.34842928e-08 1.07572058e-08
 1.96505419e-08 1.30409264e-08]","[1.e-05 1.e-05 1.e-05 1.e-05 1.e-05 1.e-05 1.e-05 1.e-05 1.e-05 1.e-05
 1.e-05 1.e-05 1.e-05 1.e-05 1.e-05 1.e-05 1.e-05 1.e-05 1.e-05 1.e-05
 1.e-05 1.e-05 1.e-05 1.e-05 1.e-05 1.e-05 1.e-05 1.e-05 1.e-05 1.e-05
 1.e-05 1.e-05 1.e-05 1.e-05 1.e-05 1.e-05 1.e-05 1.e-05 1.e-05 1.e-05
 1.e-05 1.e-05 1.e-05 1.e-05 1.e-05 1.e-05 1.e-05 1.e-05 1.e-05 1.e-05]","[1.e-05 1.e-05 1.e-05 1.e-05 1.e-05 1.e-05 1.e-05 1.e-05 1.e-05 1.e-05
 1.e-05 1.e-05 1.e-05 1.e-05 1.e-05 1.e-05 1.e-05 1.e-05 1.e-05 1.e-05
 1.e-05 1.e-05 1.e-05 1.e-05 1.e-05 1.e-05 1.e-05 1.e-05 1.e-05 1.e-05
 1.e-05 1.e-05 1.e-05 1.e-05 1.e-05 1.e-05 1.e-05 1.e-05 1.e-05 1.e-05
 1.e-05 1.e-05 1.e-05 1.e-05 1.e-05 1.e-05 1.e-05 1.e-05 1.e-05 1.e-05]","[0.39541423 0.36101542 0.39860341 0.38815671 0.38812076 0.39900639
 0.40954061 0.40004171 0.39664825 0.38870602 0.38742667 0.39554363
 0.4066005  0.38008206 0.39381115 0.39536155 0.38171495 0.39050155
 0.399203   0.39986309 0.40567735 0.40808855 0.38952807 0.40095327
 0.37260856 0.39481494 0.39968727 0.39132379 0.40636126 0.38336353
 0.38889944 0.39709944 0.40974073 0.38071674 0.37973474 0.38312074
 0.3739811  0.39080555 0.376886   0.37084862 0.39837647 0.396728
 0.39290607 0.39677286 0.38625934 0.3846253  0.37682719 0.39752108
 0.40654429 0.39304787]","[0.35418372 0.31352224 0.34548859 0.33518779 0.3432689  0.34289932
 0.3434839  0.36418662 0.32055437 0.32969253 0.33345964 0.33186267
 0.34257474 0.33271325 0.34200845 0.33181669 0.32705833 0.34227866
 0.34909415 0.33270451 0.34676269 0.34779797 0.33534335 0.35012525
 0.31968731 0.33669005 0.32801333 0.3507379  0.34330905 0.33584344
 0.3193349  0.33388944 0.35025075 0.31960953 0.31955471 0.31514002
 0.3047217  0.33363816 0.33034955 0.31708087 0.34018302 0.34210097
 0.32685439 0.32392661 0.32202349 0.33011084 0.32048059 0.33445545
 0.34723687 0.33412628]","[1.90176482e-282 5.61645042e-234 3.35625934e-287 8.51230911e-272
 9.59925420e-272 8.35698245e-288 7.63740387e-304 2.33076867e-289
 2.78750858e-284 1.35500602e-272 9.74362837e-271 1.22225262e-282
 2.56509247e-299 3.24470109e-260 4.48333783e-280 2.27667726e-282
 1.55564567e-262 3.26576107e-275 4.23840306e-288 4.32548892e-289
 6.64199587e-298 1.32783729e-301 8.61188775e-274 9.88204144e-291
 9.55191788e-250 1.47021762e-281 7.94752104e-289 2.04376600e-276
 5.96621498e-299 6.89766323e-265 7.08923042e-273 5.92942322e-285
 3.74503705e-304 4.08394099e-261 1.00695087e-259 1.53459905e-264
 1.18940548e-251 1.17313585e-275 1.04114157e-255 2.57450733e-247
 7.33804329e-287 2.12068609e-284 9.68424275e-279 1.81829406e-284
 4.75035052e-269 1.07077847e-266 1.25897115e-255 1.39324953e-285
 3.12794650e-299 5.98734851e-279]","[5.98514888e-225 3.38397259e-175 9.67564055e-214 7.24687609e-201
 6.26390722e-211 1.83206963e-210 3.35307548e-211 3.10708168e-238
 2.54345087e-183 3.55446867e-194 9.49471065e-199 8.38043856e-197
 4.69689980e-210 7.73034742e-198 2.42172464e-209 9.53087942e-197
 5.18138026e-191 1.10764834e-209 2.37657291e-218 7.92222780e-198
 2.30611293e-215 1.09477238e-216 4.66617806e-201 1.11628907e-219
 2.61723787e-182 1.02251358e-202 3.72174228e-192 1.80520937e-220
 5.57420435e-211 1.13150754e-201 6.73713229e-182 2.83160375e-199
 7.68806795e-220 3.22490476e-182 3.73601486e-182 4.76447300e-177
 2.61847134e-165 5.74544521e-199 5.71877000e-195 2.77359857e-179
 4.69128882e-207 1.85285772e-209 9.08237319e-191 2.74818905e-187
 4.82065030e-185 1.11121377e-194 3.10233460e-183 5.73988183e-200
 5.71769038e-216 1.45265172e-199]","[0.11946249 0.09792447 0.12648427 0.1002754  0.11349821 0.10666859
 0.11597955 0.11155951 0.11435401 0.1051929  0.11019433 0.11951637
 0.12260652 0.10594296 0.11557651 0.1129812  0.11058819 0.1144073
 0.11727357 0.11532164 0.11494422 0.11869955 0.11282754 0.11089265
 0.09830034 0.11655581 0.11658466 0.10695827 0.12280726 0.10571468
 0.10799289 0.11548412 0.12050164 0.09665942 0.10288072 0.11178172
 0.09925807 0.10621738 0.10447276 0.09115589 0.11159801 0.10364521
 0.11802447 0.10993934 0.1130538  0.10532868 0.11192298 0.12225783
 0.12167954 0.11666524]","[0.09368885 0.07356012 0.09606552 0.07340348 0.08601141 0.07962823
 0.08457279 0.08604729 0.07861412 0.07643795 0.08214152 0.08639205
 0.09297311 0.07697332 0.08805311 0.08140206 0.08372903 0.08769953
 0.08833456 0.08392072 0.08375704 0.0922457  0.08206093 0.08191919
 0.07130671 0.08316267 0.08324289 0.08410537 0.09144449 0.08254957
 0.07767475 0.08852959 0.08967578 0.06919503 0.07358408 0.07828498
 0.06648254 0.07726073 0.07906532 0.06323731 0.08426595 0.07865393
 0.08478522 0.07702184 0.08274484 0.07746994 0.08282852 0.08844781
 0.09032726 0.08686209]","[0.26781143 0.23954691 0.27206925 0.24221898 0.26003697 0.25118271
 0.2624662  0.25533817 0.25993269 0.24960909 0.25401341 0.26595511
 0.26806697 0.25129474 0.26206788 0.2578143  0.25355309 0.25899684
 0.26344345 0.26224764 0.25845823 0.26290328 0.26080602 0.25340563
 0.24213126 0.26098765 0.26359814 0.25042927 0.26791387 0.24960544
 0.25410646 0.25883965 0.26578006 0.24031494 0.2446928  0.25434198
 0.2415006  0.25123003 0.25076029 0.23155726 0.25458229 0.24556357
 0.2640069  0.25351593 0.25868764 0.24817657 0.25901523 0.26510711
 0.26897907 0.25985223]","[0.24047891 0.20882229 0.24000129 0.20956449 0.22842154 0.220206
 0.22723184 0.22465202 0.21962276 0.21587238 0.22249783 0.23000809
 0.23642025 0.21753722 0.23175332 0.22281564 0.22345595 0.22926392
 0.23158518 0.22787529 0.2247607  0.23364896 0.22624958 0.2212644
 0.20977804 0.22397739 0.22648261 0.22489826 0.23376104 0.22420965
 0.21927261 0.23026807 0.23258985 0.20630693 0.21062392 0.21684467
 0.20113739 0.21774558 0.21982903 0.19569213 0.22452588 0.21601568
 0.22803436 0.21648354 0.22479902 0.21634467 0.2268755  0.22855711
 0.23579091 0.22759861]",1.9440286979414853e-111,4.943810435701298e-82,9.5235591093288e-111,3.4606672555204787e-81,2.3083897102704754e-08,1.679276931509932e-08,8.236448588890821e-09,7.95922341824028e-09,1e-05,1e-05,0.0,0.0,0.39178419654369356,0.33434835160017007,0.010709209449534927,0.012023984945593404,0.11141225337982177,0.08223681688308716,0.007617217734605008,0.0068736974790238456,0.25597030469914606,0.22304904667788583,0.008781578650650776,0.009267779790321395
df3,0.0,-1.0,0.0,"[1.12671987e-139 1.50038437e-124 7.05518906e-115 7.36968843e-116
 4.06843613e-131 9.11197923e-131 1.66865694e-117 6.44036529e-126
 2.49277144e-128 4.06843613e-131 3.95211198e-141 7.48112939e-123
 4.88474039e-140 4.88474039e-140 1.50038437e-124 1.41739559e-125
 5.29370851e-135 6.16042076e-134 2.26605441e-129 3.78658116e-137
 1.12215372e-128 3.62364483e-121 2.11520456e-140 1.97454306e-136
 1.20103174e-134 2.38284114e-164 3.56765397e-117 5.53102464e-128
 6.47280639e-146 3.14502261e-133 6.84127225e-125 1.96307101e-144
 4.88474039e-140 7.70163359e-122 3.16357866e-142 8.08221677e-132
 1.57721865e-148 3.15189803e-138 1.01652477e-129 3.89617725e-108
 4.59306180e-144 3.59598810e-132 1.02479477e-135 3.62364483e-121
 1.62932937e-122 1.12215372e-128 5.29370851e-135 1.01652477e-129
 4.55467848e-130 3.11577768e-125]","[1.41127475e-113 1.26370308e-105 3.49368581e-099 1.34076199e-095
 1.45786612e-106 4.37383916e-109 1.74357044e-099 2.59001339e-105
 4.51863753e-104 9.07714507e-109 3.67099579e-119 1.34076199e-095
 2.97606811e-113 7.91123773e-120 3.43531867e-107 1.45786612e-106
 3.32649959e-115 9.20882547e-104 1.11687624e-110 7.36968843e-116
 2.20848376e-097 6.78202527e-096 5.81830416e-112 7.91123773e-120
 1.70515873e-119 2.71351259e-127 2.20848376e-097 4.37383916e-109
 1.26370308e-105 4.37383916e-109 8.05827457e-108 3.67099579e-119
 1.66865694e-117 4.32796803e-100 3.28672716e-124 7.89408622e-119
 1.62932937e-122 9.07714507e-109 6.15879083e-106 3.98124764e-094
 3.63777125e-118 5.81830416e-112 7.79563234e-118 4.32796803e-100
 4.37383916e-109 1.31890515e-112 1.11687624e-110 3.43531867e-107
 2.97606811e-113 1.57064610e-102]","[1.12671987e-139 1.50038437e-124 7.05518906e-115 7.36968843e-116
 4.06843613e-131 9.11197923e-131 1.66865694e-117 6.44036529e-126
 2.49277144e-128 4.06843613e-131 3.95211198e-141 7.48112939e-123
 4.88474039e-140 4.88474039e-140 1.50038437e-124 1.41739559e-125
 5.29370851e-135 6.16042076e-134 2.26605441e-129 3.78658116e-137
 1.12215372e-128 3.62364483e-121 2.11520456e-140 1.97454306e-136
 1.20103174e-134 2.38284114e-164 3.56765397e-117 5.53102464e-128
 6.47280639e-146 3.14502261e-133 6.84127225e-125 1.96307101e-144
 4.88474039e-140 7.70163359e-122 3.16357866e-142 8.08221677e-132
 1.57721865e-148 3.15189803e-138 1.01652477e-129 3.89617725e-108
 4.59306180e-144 3.59598810e-132 1.02479477e-135 3.62364483e-121
 1.62932937e-122 1.12215372e-128 5.29370851e-135 1.01652477e-129
 4.55467848e-130 3.11577768e-125]","[1.41127475e-113 1.26370308e-105 3.49368581e-099 1.34076199e-095
 1.45786612e-106 4.37383916e-109 1.74357044e-099 2.59001339e-105
 4.51863753e-104 9.07714507e-109 3.67099579e-119 1.34076199e-095
 2.97606811e-113 7.91123773e-120 3.43531867e-107 1.45786612e-106
 3.32649959e-115 9.20882547e-104 1.11687624e-110 7.36968843e-116
 2.20848376e-097 6.78202527e-096 5.81830416e-112 7.91123773e-120
 1.70515873e-119 2.71351259e-127 2.20848376e-097 4.37383916e-109
 1.26370308e-105 4.37383916e-109 8.05827457e-108 3.67099579e-119
 1.66865694e-117 4.32796803e-100 3.28672716e-124 7.89408622e-119
 1.62932937e-122 9.07714507e-109 6.15879083e-106 3.98124764e-094
 3.63777125e-118 5.81830416e-112 7.79563234e-118 4.32796803e-100
 4.37383916e-109 1.31890515e-112 1.11687624e-110 3.43531867e-107
 2.97606811e-113 1.57064610e-102]","[3.57756500e-08 2.80373812e-08 2.05964895e-08 2.06288351e-08
 1.12638960e-08 3.05868127e-08 1.87918809e-08 2.02655073e-08
 1.97214418e-08 3.91239628e-08 1.56831641e-08 2.19231135e-08
 3.62191703e-08 3.59104414e-08 1.20257360e-08 2.61508666e-08
 2.66733694e-08 1.72685594e-08 1.82351462e-08 3.85926329e-08
 1.89150648e-08 2.29870505e-08 4.35722081e-08 3.62652853e-08
 3.90114394e-08 1.51967532e-08 3.20158046e-08 1.13445857e-08
 4.12388820e-08 2.40420530e-08 1.72248371e-08 1.63460472e-08
 1.51498352e-08 1.43204116e-08 3.04261545e-08 3.65142453e-08
 4.34435934e-08 3.86100053e-08 1.63486056e-08 1.10145327e-08
 1.39126344e-08 3.38524795e-08 1.45864736e-08 3.55348987e-08
 2.06819678e-08 2.08956950e-08 4.28361926e-08 3.36607135e-08
 2.02571767e-08 2.11859781e-08]","[1.27491896e-08 3.37548801e-08 8.08677969e-09 9.41289124e-09
 2.30098083e-08 1.21117236e-08 1.06851289e-08 2.31482487e-08
 9.89141813e-09 3.54277631e-08 1.90882609e-08 8.22621626e-09
 1.08427054e-08 2.28626236e-08 3.64110618e-08 1.20662574e-08
 1.46244549e-08 1.28098322e-08 9.67478608e-09 1.50059456e-08
 1.37890576e-08 3.25042888e-08 1.81505393e-08 2.97133903e-08
 1.54827096e-08 3.95214380e-08 1.10018173e-08 1.77842759e-08
 1.17390838e-08 9.55435941e-09 2.05314070e-08 1.15990403e-08
 2.18483609e-08 1.21341664e-08 1.45240804e-08 2.74386311e-08
 1.61696542e-08 2.56941748e-08 2.81347119e-08 1.73270089e-08
 1.68221139e-08 1.64143361e-08 3.04728842e-08 1.06049802e-08
 9.63191749e-09 1.37909383e-08 1.01143941e-08 1.14946453e-08
 9.61248259e-09 1.36552781e-08]","[1.e-05 1.e-05 1.e-05 1.e-05 1.e-05 1.e-05 1.e-05 1.e-05 1.e-05 1.e-05
 1.e-05 1.e-05 1.e-05 1.e-05 1.e-05 1.e-05 1.e-05 1.e-05 1.e-05 1.e-05
 1.e-05 1.e-05 1.e-05 1.e-05 1.e-05 1.e-05 1.e-05 1.e-05 1.e-05 1.e-05
 1.e-05 1.e-05 1.e-05 1.e-05 1.e-05 1.e-05 1.e-05 1.e-05 1.e-05 1.e-05
 1.e-05 1.e-05 1.e-05 1.e-05 1.e-05 1.e-05 1.e-05 1.e-05 1.e-05 1.e-05]","[1.e-05 1.e-05 1.e-05 1.e-05 1.e-05 1.e-05 1.e-05 1.e-05 1.e-05 1.e-05
 1.e-05 1.e-05 1.e-05 1.e-05 1.e-05 1.e-05 1.e-05 1.e-05 1.e-05 1.e-05
 1.e-05 1.e-05 1.e-05 1.e-05 1.e-05 1.e-05 1.e-05 1.e-05 1.e-05 1.e-05
 1.e-05 1.e-05 1.e-05 1.e-05 1.e-05 1.e-05 1.e-05 1.e-05 1.e-05 1.e-05
 1.e-05 1.e-05 1.e-05 1.e-05 1.e-05 1.e-05 1.e-05 1.e-05 1.e-05 1.e-05]","[0.38050815 0.38400083 0.36822744 0.36792873 0.37623591 0.3702398
 0.37197284 0.37073603 0.38185176 0.37529046 0.38057315 0.37247678
 0.39100206 0.38242413 0.36712936 0.38282248 0.37951618 0.37422567
 0.37287643 0.39408724 0.37501233 0.36578293 0.40388081 0.38170708
 0.38062966 0.41095616 0.38548738 0.38271676 0.37980316 0.38546814
 0.3854071  0.38506321 0.38100741 0.38025095 0.39335257 0.38189835
 0.40169375 0.3891472  0.3940324  0.35577298 0.39869091 0.3753933
 0.39297356 0.3881759  0.37924915 0.39003641 0.38479966 0.37745452
 0.37755246 0.36329224]","[0.34861944 0.35350706 0.33435705 0.34437338 0.34928098 0.34943911
 0.35075846 0.34587779 0.34852905 0.34396309 0.34664717 0.33964659
 0.36513778 0.35880778 0.34148569 0.3531273  0.36305606 0.3409295
 0.33963024 0.36347261 0.34266807 0.3352007  0.37802593 0.35686345
 0.36013145 0.37084223 0.36276163 0.36024581 0.34868277 0.36376022
 0.35587387 0.35820485 0.35129357 0.35067644 0.36708739 0.36672517
 0.3757157  0.36729231 0.36690459 0.33997111 0.37154752 0.34571711
 0.3653432  0.36387138 0.35946163 0.37426641 0.35927906 0.34145627
 0.35426265 0.33892482]","[8.07404012e-261 8.43075442e-266 1.01471273e-243 2.59571193e-243
 8.48695084e-255 1.77197787e-246 7.23746464e-249 3.67913031e-247
 9.93267727e-263 1.78144598e-253 6.52937081e-261 1.45390285e-249
 6.04942746e-276 1.51723702e-263 3.19144754e-242 4.09544596e-264
 2.05234695e-259 5.43368701e-252 4.06420712e-250 1.75306804e-280
 4.35460389e-253 2.15465799e-240 3.64450380e-295 1.59633146e-262
 5.42846860e-261 4.89772082e-306 6.16276689e-268 5.79830820e-264
 8.05672754e-260 6.56871009e-268 8.04216518e-268 2.51337866e-267
 1.57860948e-261 1.86994881e-260 2.12905431e-279 8.52525816e-263
 7.53569870e-292 3.09011065e-273 2.11269265e-280 4.94782661e-227
 2.48203182e-287 1.27985159e-253 7.70355272e-279 7.98335460e-272
 4.89522405e-259 1.56144640e-274 6.01412729e-267 1.65624180e-256
 1.20625048e-256 4.98064837e-237]","[9.68159547e-218 4.57723824e-224 7.57711243e-200 2.51538070e-212
 1.36651556e-218 8.55258524e-219 1.69803177e-220 3.09513183e-214
 1.26472604e-217 8.31516500e-212 3.23811661e-215 2.19185999e-206
 1.61148514e-239 4.87620047e-231 1.09779765e-208 1.43099615e-223
 1.03494428e-236 5.46569583e-208 2.29721427e-206 2.84812450e-237
 3.58333324e-210 6.98707382e-201 2.60185966e-257 1.81673474e-228
 8.48359452e-233 2.62727092e-247 2.57362242e-236 5.97342301e-233
 8.02827606e-218 1.16743649e-237 3.64622356e-227 3.06971551e-230
 3.44758665e-221 2.16757692e-220 3.64018949e-242 1.13230608e-241
 4.53562221e-254 1.91454568e-242 6.45531597e-242 8.62815549e-207
 2.79929491e-248 4.95577272e-214 8.49524967e-240 8.26878481e-238
 6.60484174e-232 4.76848214e-252 1.15471719e-231 1.19516214e-208
 4.71945858e-225 1.73690898e-205]","[0.1032089  0.10662127 0.10024798 0.09295523 0.09683383 0.09673953
 0.10552788 0.10529947 0.11151946 0.10228741 0.10493517 0.10787213
 0.11188269 0.10785425 0.09933591 0.0992167  0.10720658 0.10389161
 0.09807277 0.10923088 0.10264874 0.09632766 0.11997163 0.10314131
 0.10820162 0.11177921 0.1161195  0.10871971 0.10551178 0.09553242
 0.11413407 0.1111958  0.10758078 0.1053375  0.10825288 0.09950769
 0.11787438 0.10311139 0.10998774 0.09715998 0.1175257  0.10846508
 0.11173356 0.11109221 0.11052167 0.09966779 0.10345531 0.1072017
 0.10400903 0.09973454]","[0.09343696 0.09497833 0.08858109 0.08556306 0.08898628 0.08793724
 0.09889531 0.09786701 0.09871376 0.08815897 0.09363854 0.09575832
 0.10034704 0.09909213 0.09159875 0.08883011 0.10048318 0.09142303
 0.08907449 0.09669578 0.08989024 0.08695304 0.10806894 0.09455228
 0.09695184 0.09861219 0.10522783 0.10015047 0.09668982 0.086586
 0.10336864 0.09869182 0.09679949 0.09340131 0.1008116  0.09390104
 0.1098001  0.09325504 0.09975791 0.08812571 0.10643971 0.09722221
 0.10185385 0.10031116 0.10124457 0.09274089 0.09422576 0.09455097
 0.09485149 0.08683515]","[0.24900024 0.25232131 0.24221286 0.23548106 0.23844433 0.24081234
 0.24737317 0.25000398 0.25857834 0.24312481 0.24721799 0.25194688
 0.25678013 0.25067309 0.24314212 0.24165351 0.25081646 0.24853366
 0.24032521 0.25513084 0.24786797 0.23440679 0.26435353 0.2467267
 0.25225337 0.25472588 0.26245698 0.25267633 0.24872051 0.23946206
 0.25897795 0.2585048  0.25212401 0.24845228 0.25292769 0.24128582
 0.26058674 0.24651379 0.25662276 0.24022038 0.2619834  0.25331991
 0.25431983 0.25520574 0.25966394 0.24145843 0.24820916 0.25242614
 0.24746337 0.24338192]","[0.2410558  0.24286883 0.23288448 0.23017357 0.23299403 0.23420803
 0.24379134 0.2453921  0.2485744  0.23025868 0.23890099 0.24293449
 0.24752447 0.24434    0.23785561 0.23288132 0.24659657 0.23787503
 0.23377217 0.24471532 0.23669645 0.2280705  0.25554542 0.2406417
 0.24357998 0.2447133  0.25428507 0.24656171 0.24308893 0.23262085
 0.25089292 0.24954162 0.24428583 0.2382206  0.24838495 0.23781119
 0.25537657 0.23884846 0.24790664 0.2319573  0.25358224 0.24473237
 0.24700007 0.24722244 0.25289782 0.23615978 0.24112001 0.24208504
 0.2406325  0.23204414]",7.792356067620457e-110,8.643396600373419e-96,5.454648126687371e-109,5.57088025642083e-95,2.5497313229649876e-08,1.7542922836621955e-08,9.959843643029462e-09,8.321635173467917e-09,1e-05,1e-05,0.0,0.0,0.3814162767314911,0.354674068365097,0.0105354744175011,0.011239965533254494,0.10572484016418457,0.09563860893249512,0.0061592304302638306,0.005801884319407541,0.24961741020904232,0.24192207319325607,0.007231344553196445,0.0070527731560063945
df3,0.05,-1.0,0.05,"[1.57171273e-123 1.36018053e-142 4.06843613e-131 1.81440195e-131
 7.89408622e-119 8.65193381e-137 1.36018053e-142 2.06878284e-150
 1.81440195e-131 6.68471205e-114 2.33052754e-135 1.52170582e-145
 2.72168499e-134 9.14846799e-141 1.02479477e-135 1.50038437e-124
 7.89408622e-119 2.21472141e-104 1.22580667e-127 1.69558264e-118
 7.61901024e-117 1.02479477e-135 1.81440195e-131 5.53102464e-128
 1.37294733e-138 1.59807269e-132 1.57171273e-123 2.99814789e-106
 9.11197923e-131 3.28672716e-124 1.34579277e-154 1.70515873e-119
 2.72168499e-134 2.10514288e-109 3.59598810e-132 5.04562598e-129
 7.22731515e-138 1.25652552e-159 3.59598810e-132 2.49277144e-128
 7.61901024e-117 1.52170582e-145 4.55467848e-130 1.81440195e-131
 8.85357293e-148 5.99978104e-127 1.49462228e-114 1.12671987e-139
 1.32505188e-126 6.84127225e-125]","[8.69173129e-100 4.06843613e-131 2.99814789e-106 2.77174564e-112
 1.06947759e-100 6.26869005e-113 1.69706671e-120 8.08221677e-132
 3.89617725e-108 2.02515198e-094 3.89617725e-108 5.53102464e-128
 1.21995247e-111 1.41739559e-125 2.97606811e-113 1.11687624e-110
 5.88045765e-093 6.26880529e-091 1.88166010e-108 1.31890515e-112
 2.20848376e-097 1.66865694e-117 8.05827457e-108 1.41127475e-113
 2.33113443e-110 3.56765397e-117 2.15264578e-100 1.10963247e-097
 2.97606811e-113 2.10514288e-109 6.44036529e-126 4.51863753e-104
 2.55501261e-111 3.42673436e-096 3.18287512e-102 4.85997494e-110
 3.32649959e-115 5.99978104e-127 3.43531867e-107 8.05827457e-108
 3.81174187e-103 2.49277144e-128 7.61901024e-117 5.34499160e-111
 3.59598810e-132 3.49368581e-099 6.78202527e-096 7.36968843e-116
 2.63087943e-101 2.55501261e-111]","[1.57171273e-123 1.36018053e-142 4.06843613e-131 1.81440195e-131
 7.89408622e-119 8.65193381e-137 1.36018053e-142 2.06878284e-150
 1.81440195e-131 6.68471205e-114 2.33052754e-135 1.52170582e-145
 2.72168499e-134 9.14846799e-141 1.02479477e-135 1.50038437e-124
 7.89408622e-119 2.21472141e-104 1.22580667e-127 1.69558264e-118
 7.61901024e-117 1.02479477e-135 1.81440195e-131 5.53102464e-128
 1.37294733e-138 1.59807269e-132 1.57171273e-123 2.99814789e-106
 9.11197923e-131 3.28672716e-124 1.34579277e-154 1.70515873e-119
 2.72168499e-134 2.10514288e-109 3.59598810e-132 5.04562598e-129
 7.22731515e-138 1.25652552e-159 3.59598810e-132 2.49277144e-128
 7.61901024e-117 1.52170582e-145 4.55467848e-130 1.81440195e-131
 8.85357293e-148 5.99978104e-127 1.49462228e-114 1.12671987e-139
 1.32505188e-126 6.84127225e-125]","[8.69173129e-100 4.06843613e-131 2.99814789e-106 2.77174564e-112
 1.06947759e-100 6.26869005e-113 1.69706671e-120 8.08221677e-132
 3.89617725e-108 2.02515198e-094 3.89617725e-108 5.53102464e-128
 1.21995247e-111 1.41739559e-125 2.97606811e-113 1.11687624e-110
 5.88045765e-093 6.26880529e-091 1.88166010e-108 1.31890515e-112
 2.20848376e-097 1.66865694e-117 8.05827457e-108 1.41127475e-113
 2.33113443e-110 3.56765397e-117 2.15264578e-100 1.10963247e-097
 2.97606811e-113 2.10514288e-109 6.44036529e-126 4.51863753e-104
 2.55501261e-111 3.42673436e-096 3.18287512e-102 4.85997494e-110
 3.32649959e-115 5.99978104e-127 3.43531867e-107 8.05827457e-108
 3.81174187e-103 2.49277144e-128 7.61901024e-117 5.34499160e-111
 3.59598810e-132 3.49368581e-099 6.78202527e-096 7.36968843e-116
 2.63087943e-101 2.55501261e-111]","[3.60187344e-08 3.31403084e-08 2.11712007e-08 3.92710219e-08
 2.16566381e-08 2.06027703e-08 2.47559705e-08 3.76373983e-08
 1.49075791e-08 1.65508600e-08 1.31215315e-08 3.34644975e-08
 4.37105520e-08 2.54978823e-08 3.17698965e-08 1.64141917e-08
 3.07325593e-08 1.72893956e-08 3.42730416e-08 3.62370840e-08
 1.94006659e-08 2.26274912e-08 2.33090098e-08 1.54652283e-08
 3.16524291e-08 2.93392672e-08 1.59337699e-08 1.05999434e-08
 1.61181417e-08 3.47446196e-08 3.56643890e-08 2.00362679e-08
 1.93732040e-08 3.04221862e-08 1.37777519e-08 1.83866018e-08
 3.01251863e-08 2.66751787e-08 1.89076208e-08 1.37782771e-08
 2.99930309e-08 1.99584593e-08 2.84180248e-08 2.46970427e-08
 1.47730924e-08 1.56243977e-08 2.11980700e-08 2.44877617e-08
 1.16024285e-08 1.40798294e-08]","[1.39820793e-08 2.06496051e-08 3.63686603e-08 1.78112133e-08
 1.31302507e-08 3.03301685e-08 1.72037760e-08 1.15144031e-08
 2.78318907e-08 1.93805142e-08 1.71535876e-08 1.24331867e-08
 2.26353147e-08 3.02055152e-08 1.60970646e-08 3.03943807e-08
 7.98188304e-09 2.98578871e-08 1.16436042e-08 1.34749920e-08
 1.30526888e-08 1.30486634e-08 3.66888935e-08 1.05479874e-08
 1.07281048e-08 1.67513604e-08 2.71820245e-08 3.25503258e-08
 1.19275435e-08 2.21524333e-08 1.30799213e-08 1.16857723e-08
 2.95195023e-08 3.06686285e-08 1.31736773e-08 9.71870495e-09
 1.63345734e-08 2.18721256e-08 2.71729956e-08 3.07297561e-08
 1.81529854e-08 1.51427818e-08 1.97012869e-08 1.25715469e-08
 1.25101928e-08 1.80120967e-08 1.50081313e-08 2.16794747e-08
 2.88927435e-08 1.12114265e-08]","[1.e-05 1.e-05 1.e-05 1.e-05 1.e-05 1.e-05 1.e-05 1.e-05 1.e-05 1.e-05
 1.e-05 1.e-05 1.e-05 1.e-05 1.e-05 1.e-05 1.e-05 1.e-05 1.e-05 1.e-05
 1.e-05 1.e-05 1.e-05 1.e-05 1.e-05 1.e-05 1.e-05 1.e-05 1.e-05 1.e-05
 1.e-05 1.e-05 1.e-05 1.e-05 1.e-05 1.e-05 1.e-05 1.e-05 1.e-05 1.e-05
 1.e-05 1.e-05 1.e-05 1.e-05 1.e-05 1.e-05 1.e-05 1.e-05 1.e-05 1.e-05]","[1.e-05 1.e-05 1.e-05 1.e-05 1.e-05 1.e-05 1.e-05 1.e-05 1.e-05 1.e-05
 1.e-05 1.e-05 1.e-05 1.e-05 1.e-05 1.e-05 1.e-05 1.e-05 1.e-05 1.e-05
 1.e-05 1.e-05 1.e-05 1.e-05 1.e-05 1.e-05 1.e-05 1.e-05 1.e-05 1.e-05
 1.e-05 1.e-05 1.e-05 1.e-05 1.e-05 1.e-05 1.e-05 1.e-05 1.e-05 1.e-05
 1.e-05 1.e-05 1.e-05 1.e-05 1.e-05 1.e-05 1.e-05 1.e-05 1.e-05 1.e-05]","[0.37305266 0.38053951 0.37346239 0.38747378 0.37960696 0.39062059
 0.38639509 0.39060632 0.37897077 0.37028792 0.39429542 0.41437232
 0.37489688 0.37880498 0.38832008 0.37170164 0.36665946 0.35380424
 0.38103525 0.37676719 0.37263926 0.38965433 0.38286331 0.36927561
 0.38436258 0.38428288 0.38478436 0.37372192 0.38622394 0.38149397
 0.4044572  0.37530542 0.38287054 0.35586661 0.39023933 0.37115811
 0.38554199 0.40209987 0.38616755 0.38043462 0.36980619 0.39001617
 0.37348051 0.38320541 0.40663331 0.37865578 0.37473206 0.38255976
 0.37450548 0.37244042]","[0.34610486 0.36315943 0.35278734 0.36555344 0.35405386 0.35402664
 0.36113197 0.37888751 0.35740921 0.33967083 0.36817988 0.39448497
 0.35162962 0.3652963  0.36197443 0.35662211 0.34933091 0.33488072
 0.35716509 0.35792682 0.35099263 0.36477085 0.35244656 0.34746168
 0.3507499  0.35957    0.36183969 0.3501841  0.368477   0.36016732
 0.37029558 0.35044549 0.35968991 0.33701516 0.35053488 0.35337627
 0.36207507 0.36711944 0.35451182 0.36222599 0.34793232 0.3713468
 0.35085274 0.35959123 0.38304102 0.34935213 0.34811394 0.35235479
 0.34452774 0.35297787]","[2.31561828e-250 7.28791600e-261 6.25339797e-251 8.32692952e-271
 1.52696272e-259 2.18734088e-275 3.02502797e-269 2.29499503e-275
 1.21067627e-258 1.52158897e-246 8.63167137e-281 2.29448947e-311
 6.30946124e-253 2.07525377e-258 4.92977377e-272 1.71497299e-248
 1.39094429e-241 1.87416355e-224 1.44116382e-261 1.52821220e-255
 8.66089031e-250 5.63660016e-274 3.58059474e-264 3.73247130e-245
 2.55226705e-266 3.32133093e-266 6.32651966e-267 2.72667673e-251
 5.34357975e-269 3.20964025e-262 4.83418384e-296 1.69778802e-253
 3.49649712e-264 3.72724413e-227 7.89194310e-275 9.64333952e-248
 5.14179509e-268 1.83258961e-292 6.44485485e-269 1.02657288e-260
 6.98490438e-246 1.67136512e-274 5.90159172e-251 1.16119332e-264
 2.28459363e-299 3.36977311e-258 1.07100521e-252 9.71594751e-264
 2.21563276e-252 1.63257103e-249]","[1.59070317e-214 7.51494332e-237 3.96536846e-223 4.40979114e-240
 8.84679322e-225 9.60176330e-225 3.92420847e-234 1.58702603e-258
 3.46069363e-229 2.04449050e-206 1.17844496e-243 4.52647754e-281
 1.26490020e-221 9.83293574e-240 2.92770646e-235 3.77865475e-228
 1.17861597e-218 1.72688647e-200 7.26830107e-229 7.16197848e-230
 8.45433029e-221 5.05186891e-239 1.10025873e-222 2.94943586e-216
 1.74186634e-220 4.74012452e-232 4.43623547e-235 9.37215007e-220
 4.62660635e-244 7.59975212e-233 1.48515056e-246 4.30894952e-220
 3.28337889e-232 4.05494894e-203 3.30294741e-220 6.77905601e-224
 2.14620376e-235 3.29225096e-242 2.22827379e-225 1.34695019e-235
 7.36599921e-217 5.29686131e-248 1.28241264e-220 4.44182984e-232
 1.99516865e-264 1.10678154e-218 4.31008541e-217 1.44801647e-222
 1.60348791e-212 2.24004962e-223]","[0.09915435 0.11174655 0.11144805 0.10986435 0.10187042 0.11297905
 0.11800754 0.11826193 0.1069634  0.0935334  0.09278321 0.11077309
 0.10490787 0.10022283 0.11454117 0.10414469 0.09522378 0.0936501
 0.11689115 0.10157084 0.10329831 0.11087847 0.10862315 0.10503507
 0.09121585 0.10100174 0.11088121 0.09904373 0.10099959 0.11164856
 0.1128186  0.09459937 0.10723436 0.08667421 0.10861087 0.10335207
 0.1050601  0.10099053 0.10270798 0.10534596 0.1074791  0.11797142
 0.09616351 0.10208857 0.11813378 0.10189664 0.09545052 0.11357105
 0.0962919  0.09600222]","[0.08978951 0.10460401 0.10368919 0.10114205 0.09093678 0.10111558
 0.10883939 0.10974967 0.09899247 0.08216763 0.08622551 0.10017121
 0.09540606 0.0922606  0.10606587 0.09910285 0.08728135 0.08578742
 0.10603046 0.09608293 0.09739935 0.10277009 0.09871745 0.09586513
 0.08183849 0.09296477 0.10186291 0.09097636 0.09483635 0.10210073
 0.10218239 0.08549821 0.10114849 0.08125019 0.09604764 0.09526837
 0.09652853 0.08811677 0.09225571 0.09932864 0.09878373 0.11035478
 0.08813453 0.09463561 0.10997438 0.09266102 0.08697259 0.10037863
 0.09084308 0.0907023 ]","[0.24379388 0.259477   0.25786614 0.2553275  0.24524644 0.25814409
 0.26307414 0.26404607 0.25251397 0.23258725 0.23398946 0.25729073
 0.24928555 0.24678448 0.26250942 0.24849657 0.23636436 0.23555016
 0.26462357 0.24624515 0.24850008 0.25599092 0.25452466 0.2512895
 0.22998797 0.24231292 0.25612187 0.24215711 0.24338    0.25536142
 0.2577866  0.23399277 0.2529008  0.22749817 0.2527011  0.24862127
 0.24880432 0.24159909 0.24654039 0.248665   0.24944558 0.26101857
 0.24048157 0.2459017  0.26311902 0.24437785 0.23559781 0.25945821
 0.23950648 0.23789442]","[0.23578105 0.25485647 0.25274448 0.24934585 0.23712875 0.2484561
 0.25795742 0.25718717 0.24723779 0.22346692 0.22972467 0.24889402
 0.24218149 0.24003518 0.25686964 0.24494034 0.23138185 0.22971081
 0.25649913 0.24328732 0.24515047 0.25114763 0.24682653 0.2446715
 0.22270476 0.23697605 0.2499551  0.23644663 0.2397579  0.24841222
 0.25056281 0.22695022 0.25001542 0.22338102 0.24240258 0.2435505
 0.2430562  0.22997357 0.23873105 0.2450044  0.24285058 0.25585752
 0.23442516 0.24042939 0.25806117 0.23752312 0.22912435 0.24907567
 0.23729212 0.23533208]",4.489447889490607e-106,1.265948094908482e-92,3.1000368118529527e-105,8.774972318966695e-92,2.3987849619988566e-08,1.9430966520239678e-08,8.357080551000046e-09,7.830571557993667e-09,1e-05,1e-05,0.0,0.0,0.3812230385017395,0.3572863169288635,0.011236937408908345,0.010871163337786212,0.10467212438583375,0.09611675500869751,0.007831815959745437,0.0074909320979991015,0.24857506199502488,0.2424666834801842,0.009581064575983352,0.009534445785908754
df3,0.1,-1.0,0.1,"[3.73908448e-148 1.17530003e-149 2.97606811e-113 7.79563234e-118
 1.69706671e-120 7.70163359e-122 4.88474039e-140 7.91123773e-120
 1.20103174e-134 1.52170582e-145 1.81440195e-131 3.43101012e-123
 7.79563234e-118 6.44036529e-126 2.09388117e-147 1.69558264e-118
 4.06843613e-131 3.66625391e-120 1.10723264e-157 4.50098708e-136
 2.92297102e-126 1.81440195e-131 3.14502261e-133 1.67153521e-121
 3.15189803e-138 1.41739559e-125 1.57171273e-123 1.57171273e-123
 3.62364483e-121 2.50543477e-143 1.66865694e-117 1.62522975e-116
 1.32505188e-126 2.03839988e-130 5.53102464e-128 5.81830416e-112
 3.28672716e-124 1.39274712e-133 3.28672716e-124 1.31890515e-112
 7.36968843e-116 6.84127225e-125 1.97454306e-136 1.59807269e-132
 2.71351259e-127 2.11520456e-140 5.53102464e-128 1.39274712e-133
 2.49277144e-128 4.53189266e-158]","[7.70163359e-122 1.41739559e-125 2.20848376e-097 6.15879083e-106
 1.45786612e-106 1.11687624e-110 5.99978104e-127 3.81174187e-103
 3.18287512e-102 2.92297102e-126 1.66475925e-107 3.16268593e-114
 2.63087943e-101 4.51863753e-104 5.04562598e-129 5.81830416e-112
 1.31890515e-112 4.32796803e-100 4.55467848e-130 7.05518906e-115
 9.07714507e-109 3.89617725e-108 1.56663455e-115 6.15879083e-106
 7.79563234e-118 7.08090934e-107 1.11687624e-110 7.08090934e-107
 4.85997494e-110 3.28672716e-124 3.81174187e-103 1.01205796e-109
 1.69706671e-120 1.62522975e-116 1.21995247e-111 1.74357044e-099
 5.34499160e-111 1.41127475e-113 5.30232749e-105 8.81591837e-090
 8.69173129e-100 5.30232749e-105 1.66865694e-117 1.70515873e-119
 1.21995247e-111 3.16268593e-114 4.37383916e-109 3.32649959e-115
 7.36968843e-116 1.02479477e-135]","[3.73908448e-148 1.17530003e-149 2.97606811e-113 7.79563234e-118
 1.69706671e-120 7.70163359e-122 4.88474039e-140 7.91123773e-120
 1.20103174e-134 1.52170582e-145 1.81440195e-131 3.43101012e-123
 7.79563234e-118 6.44036529e-126 2.09388117e-147 1.69558264e-118
 4.06843613e-131 3.66625391e-120 1.10723264e-157 4.50098708e-136
 2.92297102e-126 1.81440195e-131 3.14502261e-133 1.67153521e-121
 3.15189803e-138 1.41739559e-125 1.57171273e-123 1.57171273e-123
 3.62364483e-121 2.50543477e-143 1.66865694e-117 1.62522975e-116
 1.32505188e-126 2.03839988e-130 5.53102464e-128 5.81830416e-112
 3.28672716e-124 1.39274712e-133 3.28672716e-124 1.31890515e-112
 7.36968843e-116 6.84127225e-125 1.97454306e-136 1.59807269e-132
 2.71351259e-127 2.11520456e-140 5.53102464e-128 1.39274712e-133
 2.49277144e-128 4.53189266e-158]","[7.70163359e-122 1.41739559e-125 2.20848376e-097 6.15879083e-106
 1.45786612e-106 1.11687624e-110 5.99978104e-127 3.81174187e-103
 3.18287512e-102 2.92297102e-126 1.66475925e-107 3.16268593e-114
 2.63087943e-101 4.51863753e-104 5.04562598e-129 5.81830416e-112
 1.31890515e-112 4.32796803e-100 4.55467848e-130 7.05518906e-115
 9.07714507e-109 3.89617725e-108 1.56663455e-115 6.15879083e-106
 7.79563234e-118 7.08090934e-107 1.11687624e-110 7.08090934e-107
 4.85997494e-110 3.28672716e-124 3.81174187e-103 1.01205796e-109
 1.69706671e-120 1.62522975e-116 1.21995247e-111 1.74357044e-099
 5.34499160e-111 1.41127475e-113 5.30232749e-105 8.81591837e-090
 8.69173129e-100 5.30232749e-105 1.66865694e-117 1.70515873e-119
 1.21995247e-111 3.16268593e-114 4.37383916e-109 3.32649959e-115
 7.36968843e-116 1.02479477e-135]","[2.20183651e-08 1.72192263e-08 1.71107442e-08 2.57185165e-08
 1.46954433e-08 3.47469133e-08 1.98542325e-08 1.35579117e-08
 2.28385448e-08 2.35948084e-08 1.65441392e-08 2.67845083e-08
 1.37860348e-08 1.31219218e-08 3.25508911e-08 3.02208215e-08
 4.14510792e-08 1.89969430e-08 4.69685230e-08 2.71274940e-08
 1.56175700e-08 1.45027261e-08 1.11019075e-08 2.32481072e-08
 3.91836545e-08 1.77383718e-08 1.20398927e-08 3.43015373e-08
 3.64034372e-08 4.39457928e-08 1.40246293e-08 2.06642072e-08
 1.60768165e-08 1.75420455e-08 2.67413928e-08 2.72470929e-08
 2.73025584e-08 2.24928353e-08 1.76787237e-08 1.67462055e-08
 1.79344338e-08 1.41939900e-08 3.63362517e-08 2.48141693e-08
 1.30113623e-08 1.59652702e-08 1.44123651e-08 2.41415405e-08
 1.61876241e-08 1.84476980e-08]","[1.33611919e-08 1.24484406e-08 1.30443450e-08 2.64308948e-08
 3.55401815e-08 1.36261593e-08 2.70439692e-08 2.09991204e-08
 2.51131101e-08 1.99747913e-08 1.10643724e-08 1.93856984e-08
 3.21908994e-08 2.35512139e-08 3.75443182e-08 3.43332084e-08
 2.81049206e-08 1.73032407e-08 2.64272201e-08 1.15590265e-08
 3.55497634e-08 2.72266518e-08 2.61020476e-08 2.14911317e-08
 2.88180720e-08 1.19185938e-08 3.08377812e-08 2.80160622e-08
 1.01600697e-08 2.78316434e-08 1.16808526e-08 3.60707612e-08
 1.93944070e-08 1.88114559e-08 2.60630924e-08 1.38172316e-08
 2.24075885e-08 1.71968275e-08 1.01505367e-08 1.66659584e-08
 1.25843621e-08 2.14964985e-08 3.45539515e-08 1.33016961e-08
 3.29967118e-08 3.08447782e-08 3.10321500e-08 1.92677156e-08
 2.20259431e-08 2.80786959e-08]","[1.e-05 1.e-05 1.e-05 1.e-05 1.e-05 1.e-05 1.e-05 1.e-05 1.e-05 1.e-05
 1.e-05 1.e-05 1.e-05 1.e-05 1.e-05 1.e-05 1.e-05 1.e-05 1.e-05 1.e-05
 1.e-05 1.e-05 1.e-05 1.e-05 1.e-05 1.e-05 1.e-05 1.e-05 1.e-05 1.e-05
 1.e-05 1.e-05 1.e-05 1.e-05 1.e-05 1.e-05 1.e-05 1.e-05 1.e-05 1.e-05
 1.e-05 1.e-05 1.e-05 1.e-05 1.e-05 1.e-05 1.e-05 1.e-05 1.e-05 1.e-05]","[1.e-05 1.e-05 1.e-05 1.e-05 1.e-05 1.e-05 1.e-05 1.e-05 1.e-05 1.e-05
 1.e-05 1.e-05 1.e-05 1.e-05 1.e-05 1.e-05 1.e-05 1.e-05 1.e-05 1.e-05
 1.e-05 1.e-05 1.e-05 1.e-05 1.e-05 1.e-05 1.e-05 1.e-05 1.e-05 1.e-05
 1.e-05 1.e-05 1.e-05 1.e-05 1.e-05 1.e-05 1.e-05 1.e-05 1.e-05 1.e-05
 1.e-05 1.e-05 1.e-05 1.e-05 1.e-05 1.e-05 1.e-05 1.e-05 1.e-05 1.e-05]","[0.39942519 0.39416188 0.36574604 0.37765196 0.38434128 0.37810422
 0.39037882 0.37682072 0.37929602 0.39944142 0.37512328 0.37564287
 0.3666372  0.38247381 0.3930194  0.37835556 0.38576542 0.36599572
 0.39086952 0.38672786 0.37939017 0.37913255 0.38278437 0.36047916
 0.3903629  0.37649285 0.37388689 0.38416762 0.38881884 0.39127273
 0.36731894 0.3681439  0.39436912 0.38043479 0.38288072 0.38538439
 0.36962751 0.37730338 0.37939804 0.37673547 0.3583454  0.38060407
 0.3888854  0.37504885 0.37849939 0.38845269 0.385876   0.38950574
 0.38303819 0.40489541]","[0.37444279 0.38086835 0.34525289 0.3619433  0.35752095 0.35985875
 0.36720962 0.35620004 0.35827733 0.37582949 0.34688022 0.36526902
 0.3404956  0.35734107 0.37714868 0.37263413 0.36192374 0.34300932
 0.3741613  0.36163215 0.35890652 0.3608361  0.36095355 0.34290442
 0.37530595 0.35484279 0.35594879 0.36039627 0.36861778 0.37575217
 0.35589653 0.35418856 0.37834591 0.36296607 0.35987806 0.364228
 0.35329128 0.3589553  0.36285112 0.3481798  0.3333435  0.35920599
 0.3586652  0.36606215 0.35691225 0.36452187 0.36673066 0.36980704
 0.36246431 0.37760622]","[1.96694684e-288 1.35987172e-280 2.41763981e-240 8.74027794e-257
 2.73838567e-266 2.01854034e-257 4.93601655e-275 1.28556920e-255
 4.20272140e-259 1.85962020e-288 3.04886818e-253 5.73381710e-254
 1.49131318e-241 1.28873562e-263 6.59443343e-279 8.93144860e-258
 2.45004006e-268 1.10858806e-240 9.45653419e-276 9.99879574e-270
 3.09346073e-259 7.15363561e-259 4.64235578e-264 2.91853769e-233
 5.20766983e-275 3.70514179e-255 1.60819481e-251 4.86044315e-266
 9.28641982e-273 2.42807897e-276 1.76109471e-242 1.31965213e-243
 6.71610234e-281 1.02602468e-260 3.38132797e-264 8.67115031e-268
 1.22860207e-245 2.70083671e-256 3.01520720e-259 1.69305663e-255
 1.99977087e-230 5.90198671e-261 7.43056756e-273 3.87258688e-253
 5.59975473e-258 3.16353546e-272 1.69731752e-268 9.28216766e-274
 2.01382602e-264 1.03836490e-296]","[2.70902298e-252 2.48771804e-261 1.92821516e-213 3.22274875e-235
 2.46361557e-229 1.95735854e-232 2.48139798e-242 1.35819791e-227
 2.46110600e-230 3.14420168e-254 1.63250056e-215 1.07054095e-239
 1.90818384e-207 4.25734511e-229 4.45438317e-256 8.80373698e-250
 3.42324063e-235 1.33130604e-210 6.67836440e-252 8.41123833e-235
 3.60649449e-231 9.74798757e-234 6.79348433e-234 1.80516804e-210
 1.69486486e-253 8.21614233e-226 2.90645681e-227 3.76434769e-233
 2.96986269e-244 4.03309891e-254 3.40454405e-227 5.89861676e-225
 9.21575458e-258 1.36733280e-236 1.84490710e-232 2.73225599e-238
 8.74911468e-224 3.10708861e-231 1.95133272e-236 3.54848649e-217
 1.31626780e-198 1.44387428e-231 7.53659703e-231 9.00817666e-241
 1.56656288e-228 1.09604624e-238 1.11301187e-241 6.96612491e-246
 6.45190808e-236 1.01356267e-256]","[0.11707592 0.11044812 0.09199476 0.09825146 0.10631526 0.10872042
 0.11271298 0.10371494 0.10144544 0.11672783 0.10155416 0.1032697
 0.1021955  0.10114896 0.11339974 0.1066314  0.10702956 0.10016418
 0.10416627 0.10506856 0.10459995 0.09938586 0.09805882 0.09380877
 0.12221968 0.09450412 0.09792089 0.10399067 0.10508108 0.10513437
 0.10564637 0.09887528 0.1092658  0.10345173 0.10119188 0.10229325
 0.09846449 0.10273886 0.09891093 0.10108387 0.09678555 0.10569406
 0.09844148 0.0992713  0.10192645 0.09942555 0.10653114 0.11380589
 0.10539031 0.11683762]","[0.10976565 0.1077379  0.08610475 0.09444189 0.09745991 0.10466444
 0.10781372 0.0946337  0.09225845 0.11137116 0.09516311 0.09917915
 0.09500539 0.09167182 0.11196959 0.10343492 0.09904587 0.0924083
 0.09680319 0.09716916 0.09852493 0.09417284 0.09289241 0.0914377
 0.11661017 0.08852351 0.09534001 0.09959137 0.10059047 0.10045552
 0.10012615 0.09560394 0.10417473 0.0979141  0.09536135 0.09516346
 0.0932951  0.0980159  0.09294832 0.09165859 0.08894873 0.0986582
 0.09284687 0.09558284 0.0952878  0.09284413 0.09903526 0.10870886
 0.10095644 0.10668123]","[0.26295855 0.25391023 0.23483492 0.23929197 0.25296241 0.24999257
 0.2586429  0.24571289 0.24327954 0.26286434 0.24979977 0.24499939
 0.2447071  0.24430215 0.25824685 0.25100074 0.25046182 0.24454113
 0.24890521 0.24594375 0.2475745  0.24254915 0.24020912 0.23673681
 0.26859808 0.23808778 0.24145653 0.25013527 0.25050941 0.24456107
 0.25286779 0.24037491 0.25200729 0.24248577 0.24492705 0.2444796
 0.24172105 0.24575891 0.24163677 0.24619301 0.23851253 0.24877943
 0.23885372 0.24044235 0.25013512 0.24213046 0.25150325 0.25975351
 0.24852708 0.25873049]","[0.25874197 0.25459597 0.23141937 0.23839666 0.24628716 0.25007271
 0.25695967 0.23986475 0.23566724 0.26020272 0.24667186 0.24292205
 0.24047614 0.23712206 0.25986613 0.24977524 0.24503888 0.23930883
 0.24391576 0.24148353 0.24357879 0.24028858 0.23764838 0.23719737
 0.2661431  0.23420946 0.24106374 0.24858753 0.2495517  0.24331911
 0.25016477 0.24009841 0.24901217 0.23934623 0.24199433 0.24067421
 0.23926521 0.24344523 0.23857136 0.23880803 0.23282643 0.24531347
 0.23691246 0.23947017 0.24527346 0.23838193 0.24733178 0.25818017
 0.24781922 0.25170969]",1.487149945815856e-113,1.7631837185850566e-91,8.315640325819524e-113,1.2342285710203646e-90,2.2579025429347867e-08,2.2708787081882066e-08,8.928288754822454e-09,8.071631421768584e-09,1e-05,1e-05,0.0,0.0,0.38135027281761175,0.36132925874710087,0.009846175433291382,0.01037279563236413,0.10405542373657227,0.09820106029510497,0.00626013655433402,0.0064953928715449465,0.2475519208451746,0.24449950365515094,0.007269153710740763,0.007625103035107483
df3,0.15000000000000002,-1.0,0.15000000000000002,"[4.50098708e-136 3.11577768e-125 1.50038437e-124 1.57171273e-123
 3.78658116e-137 1.57171273e-123 1.41739559e-125 1.70527622e-141
 6.44036529e-126 2.26605441e-129 5.84114683e-143 2.11520456e-140
 1.37294733e-138 3.59598810e-132 3.15189803e-138 1.52170582e-145
 2.49277144e-128 2.71351259e-127 2.49277144e-128 1.12671987e-139
 2.92297102e-126 4.55467848e-130 7.70163359e-122 1.41127475e-113
 5.99978104e-127 8.65193381e-137 1.66865694e-117 5.29370851e-135
 6.44036529e-126 3.59598810e-132 5.99978104e-127 1.41739559e-125
 1.62522975e-116 1.02479477e-135 1.01652477e-129 3.66625391e-120
 1.69706671e-120 1.62932937e-122 3.46283303e-116 8.85357293e-148
 7.79563234e-118 7.70163359e-122 3.78658116e-137 2.75002067e-146
 5.11181442e-160 2.26605441e-129 2.26605441e-129 4.06843613e-131
 8.65193381e-137 1.70527622e-141]","[1.56663455e-115 2.99814789e-106 4.85997494e-110 2.33113443e-110
 1.41739559e-125 6.68471205e-114 4.37383916e-109 7.19151616e-124
 1.45786612e-106 3.54443794e-122 5.53102464e-128 3.28672716e-124
 3.46283303e-116 3.66625391e-120 3.63777125e-118 1.36018053e-142
 9.07714507e-109 1.21995247e-111 1.56663455e-115 3.11577768e-125
 3.56765397e-117 3.62364483e-121 2.59001339e-105 6.99261346e-099
 5.81830416e-112 1.70515873e-119 3.81174187e-103 7.91123773e-120
 2.21472141e-104 4.85997494e-110 7.91123773e-120 3.56765397e-117
 9.07714507e-109 3.59598810e-132 6.26869005e-113 1.11687624e-110
 2.10514288e-109 1.87460385e-103 9.20882547e-104 3.78658116e-137
 1.66475925e-107 2.10514288e-109 3.67099579e-119 5.99978104e-127
 2.11520456e-140 7.89408622e-119 2.55501261e-111 1.69558264e-118
 1.12215372e-128 7.48112939e-123]","[4.50098708e-136 3.11577768e-125 1.50038437e-124 1.57171273e-123
 3.78658116e-137 1.57171273e-123 1.41739559e-125 1.70527622e-141
 6.44036529e-126 2.26605441e-129 5.84114683e-143 2.11520456e-140
 1.37294733e-138 3.59598810e-132 3.15189803e-138 1.52170582e-145
 2.49277144e-128 2.71351259e-127 2.49277144e-128 1.12671987e-139
 2.92297102e-126 4.55467848e-130 7.70163359e-122 1.41127475e-113
 5.99978104e-127 8.65193381e-137 1.66865694e-117 5.29370851e-135
 6.44036529e-126 3.59598810e-132 5.99978104e-127 1.41739559e-125
 1.62522975e-116 1.02479477e-135 1.01652477e-129 3.66625391e-120
 1.69706671e-120 1.62932937e-122 3.46283303e-116 8.85357293e-148
 7.79563234e-118 7.70163359e-122 3.78658116e-137 2.75002067e-146
 5.11181442e-160 2.26605441e-129 2.26605441e-129 4.06843613e-131
 8.65193381e-137 1.70527622e-141]","[1.56663455e-115 2.99814789e-106 4.85997494e-110 2.33113443e-110
 1.41739559e-125 6.68471205e-114 4.37383916e-109 7.19151616e-124
 1.45786612e-106 3.54443794e-122 5.53102464e-128 3.28672716e-124
 3.46283303e-116 3.66625391e-120 3.63777125e-118 1.36018053e-142
 9.07714507e-109 1.21995247e-111 1.56663455e-115 3.11577768e-125
 3.56765397e-117 3.62364483e-121 2.59001339e-105 6.99261346e-099
 5.81830416e-112 1.70515873e-119 3.81174187e-103 7.91123773e-120
 2.21472141e-104 4.85997494e-110 7.91123773e-120 3.56765397e-117
 9.07714507e-109 3.59598810e-132 6.26869005e-113 1.11687624e-110
 2.10514288e-109 1.87460385e-103 9.20882547e-104 3.78658116e-137
 1.66475925e-107 2.10514288e-109 3.67099579e-119 5.99978104e-127
 2.11520456e-140 7.89408622e-119 2.55501261e-111 1.69558264e-118
 1.12215372e-128 7.48112939e-123]","[2.42254460e-08 1.56876888e-08 3.45922542e-08 3.28178917e-08
 3.16543918e-08 1.50325521e-08 2.27602802e-08 3.74729117e-08
 2.93794457e-08 2.21340999e-08 1.65328574e-08 3.51511686e-08
 2.54415363e-08 2.71176152e-08 2.37390438e-08 3.71184135e-08
 2.20039704e-08 1.25985571e-08 2.53342903e-08 4.34747500e-08
 1.22700423e-08 2.48676636e-08 1.36031199e-08 3.56701978e-08
 2.04453209e-08 3.93965165e-08 2.78342324e-08 2.50329198e-08
 3.63328443e-08 1.59757220e-08 3.77216305e-08 2.36684438e-08
 1.53269257e-08 1.52289399e-08 2.50827881e-08 1.33930088e-08
 1.31384346e-08 1.78343442e-08 1.58295226e-08 3.82474435e-08
 3.49613205e-08 2.69703014e-08 1.35513990e-08 1.62086937e-08
 4.19725332e-08 1.29316544e-08 1.14560721e-08 2.38828749e-08
 2.45115621e-08 2.42730547e-08]","[1.82723540e-08 1.01059645e-08 1.00812910e-08 1.30196457e-08
 3.95893690e-08 1.08523499e-08 2.69015299e-08 3.19126227e-08
 2.48080086e-08 1.22820047e-08 2.04060903e-08 1.26971701e-08
 1.93610987e-08 1.24995140e-08 1.59949995e-08 1.44825308e-08
 1.06155986e-08 1.04878777e-08 2.66596931e-08 2.20345598e-08
 1.96668618e-08 2.69309630e-08 1.27903368e-08 2.68346029e-08
 2.13450713e-08 3.64917774e-08 3.11194642e-08 3.16780381e-08
 2.57013262e-08 2.88807412e-08 1.43865414e-08 3.29900735e-08
 1.47107814e-08 2.12125821e-08 1.67655944e-08 2.00600899e-08
 1.33681333e-08 2.73273523e-08 1.70933423e-08 1.95449367e-08
 1.07555923e-08 3.20449559e-08 1.19671787e-08 1.67003515e-08
 1.55164799e-08 1.65469897e-08 1.26504136e-08 2.08351046e-08
 3.12323651e-08 1.54211504e-08]","[1.e-05 1.e-05 1.e-05 1.e-05 1.e-05 1.e-05 1.e-05 1.e-05 1.e-05 1.e-05
 1.e-05 1.e-05 1.e-05 1.e-05 1.e-05 1.e-05 1.e-05 1.e-05 1.e-05 1.e-05
 1.e-05 1.e-05 1.e-05 1.e-05 1.e-05 1.e-05 1.e-05 1.e-05 1.e-05 1.e-05
 1.e-05 1.e-05 1.e-05 1.e-05 1.e-05 1.e-05 1.e-05 1.e-05 1.e-05 1.e-05
 1.e-05 1.e-05 1.e-05 1.e-05 1.e-05 1.e-05 1.e-05 1.e-05 1.e-05 1.e-05]","[1.e-05 1.e-05 1.e-05 1.e-05 1.e-05 1.e-05 1.e-05 1.e-05 1.e-05 1.e-05
 1.e-05 1.e-05 1.e-05 1.e-05 1.e-05 1.e-05 1.e-05 1.e-05 1.e-05 1.e-05
 1.e-05 1.e-05 1.e-05 1.e-05 1.e-05 1.e-05 1.e-05 1.e-05 1.e-05 1.e-05
 1.e-05 1.e-05 1.e-05 1.e-05 1.e-05 1.e-05 1.e-05 1.e-05 1.e-05 1.e-05
 1.e-05 1.e-05 1.e-05 1.e-05 1.e-05 1.e-05 1.e-05 1.e-05 1.e-05 1.e-05]","[0.37700701 0.39043152 0.38348754 0.37344318 0.39242148 0.37327949
 0.38148821 0.39913012 0.37834244 0.38735206 0.39628887 0.39273661
 0.39254442 0.37870487 0.39098227 0.39303568 0.38548266 0.37506753
 0.37530503 0.38283586 0.37431304 0.37785573 0.37865773 0.36872381
 0.37827318 0.38015414 0.36719425 0.37137903 0.37610845 0.38469261
 0.37077039 0.38478137 0.37636108 0.37222554 0.38346057 0.38986938
 0.36795779 0.38401803 0.37002609 0.39665544 0.36264853 0.3708125
 0.37927191 0.41257226 0.40614535 0.37806591 0.38049213 0.37672356
 0.37762975 0.38775965]","[0.35859298 0.37263233 0.36634889 0.37006226 0.37059173 0.37225736
 0.37202992 0.38548029 0.36665755 0.37492352 0.37873424 0.37643522
 0.36852503 0.36346824 0.36703918 0.38256572 0.36069368 0.36727797
 0.35930879 0.37271639 0.35722065 0.36789352 0.36705441 0.34994009
 0.36588044 0.35934015 0.34938192 0.36647743 0.35599892 0.36879053
 0.36414124 0.37490322 0.36297706 0.37242049 0.37226269 0.37697301
 0.35655891 0.36335853 0.36121871 0.38552536 0.34657629 0.3567957
 0.37168937 0.39589172 0.38393562 0.36513947 0.36100595 0.36860934
 0.36642179 0.37213766]","[7.04172814e-256 4.13384151e-275 4.58363412e-265 6.64947821e-251
 5.00150644e-278 1.12202908e-250 3.27069693e-262 5.45161805e-288
 9.32001479e-258 1.24966888e-270 9.54993981e-284 1.72000542e-278
 3.29840757e-278 2.87304019e-258 6.46685443e-276 6.24018951e-279
 6.25987013e-268 3.64700587e-253 1.69992115e-253 3.91907437e-264
 4.10653908e-252 4.51707875e-257 3.34845167e-258 2.12656486e-244
 1.16687509e-257 2.56473784e-260 2.60386772e-242 4.78132441e-248
 1.27995511e-254 8.57052276e-267 3.29942284e-247 6.38946120e-267
 5.66805493e-255 3.23730353e-249 5.00982933e-265 2.73728111e-274
 2.36906766e-243 7.96535202e-266 3.48468023e-246 2.71969881e-284
 3.65102712e-236 2.88698257e-247 4.54586814e-259 1.49750180e-308
 1.27742629e-298 2.28547310e-257 8.50783599e-261 1.75940747e-255
 9.39203348e-257 3.20729049e-271]","[9.39553486e-231 8.85464690e-250 3.67575911e-241 3.10790095e-246
 5.81275848e-247 2.92528547e-249 6.03503678e-249 6.30930773e-268
 1.39926603e-241 5.79203082e-253 2.61156589e-258 4.46229717e-255
 3.97724571e-244 2.88694890e-237 4.23400751e-242 9.52723678e-264
 1.51010484e-233 2.00260135e-242 1.05432174e-231 6.77223841e-250
 6.13920866e-229 2.89943098e-243 4.03666687e-242 1.93469454e-219
 1.58909767e-240 9.57878179e-232 1.01324866e-218 2.45877401e-241
 2.49727251e-227 1.72333818e-244 3.57745859e-238 6.18223868e-253
 1.32158562e-236 1.73963862e-249 2.87603564e-249 7.85971217e-256
 4.57698038e-228 4.05597818e-237 3.00488588e-234 5.43330561e-268
 3.98771791e-215 2.23149654e-228 1.78318368e-248 3.71812664e-283
 1.04556882e-265 1.60302257e-239 5.78235740e-234 3.04989031e-244
 2.92624191e-241 4.28279148e-249]","[0.09602416 0.11307406 0.11314058 0.09742165 0.10348535 0.10053992
 0.10168135 0.1126554  0.1035192  0.11307812 0.11956012 0.11325479
 0.12398326 0.10055649 0.10982454 0.12404251 0.0981921  0.09835649
 0.10455346 0.11205423 0.09957612 0.11218679 0.09977996 0.09512675
 0.11445475 0.09571707 0.09757626 0.09975421 0.10659015 0.10049057
 0.09865129 0.10732591 0.11045086 0.10101128 0.1074456  0.11439347
 0.10441744 0.10510337 0.10657156 0.11775041 0.10068977 0.10175669
 0.10168958 0.11367548 0.11717856 0.10075259 0.09481525 0.09614408
 0.09739375 0.11366689]","[0.0930711  0.10896826 0.10809362 0.0995698  0.09961617 0.09845042
 0.10026288 0.1086216  0.10133696 0.11463737 0.11705709 0.10939837
 0.11735535 0.09963298 0.10284734 0.12037897 0.09056222 0.09504771
 0.09799671 0.10734773 0.097574   0.10882592 0.09704709 0.08865833
 0.11294711 0.09037876 0.09203672 0.09810722 0.10307539 0.09529424
 0.09744358 0.10358572 0.10592592 0.09915125 0.10493279 0.1089896
 0.10076046 0.0996629  0.10322726 0.11650109 0.09745646 0.09815705
 0.09961927 0.11095583 0.11197543 0.09964907 0.09322166 0.09415352
 0.09471416 0.10905838]","[0.2391376  0.25841523 0.25862579 0.23958881 0.24734392 0.24306515
 0.24343287 0.25870874 0.24587772 0.25971897 0.26481418 0.25568377
 0.27057719 0.24276881 0.25268134 0.26797299 0.24020043 0.24142131
 0.24772022 0.25680853 0.24427647 0.25676944 0.24225024 0.23629208
 0.26095798 0.24095383 0.23934017 0.24259097 0.25340823 0.24498952
 0.24154205 0.2523378  0.25682365 0.24224174 0.25286483 0.25841249
 0.25071423 0.24790982 0.24973465 0.26319244 0.24553274 0.24746257
 0.2419774  0.25812238 0.26192226 0.24326345 0.23708638 0.23929359
 0.23885659 0.26064162]","[0.23889706 0.25756277 0.25715287 0.24489823 0.24595126 0.24411023
 0.24530106 0.25816952 0.24728478 0.26453357 0.2661993  0.25583866
 0.26712419 0.24516971 0.24912496 0.26777321 0.2352432  0.24136111
 0.24461604 0.25491431 0.24504531 0.25685363 0.24203667 0.23256903
 0.26226706 0.2385174  0.2368226  0.24388166 0.25267406 0.24254145
 0.24287307 0.25088798 0.25536722 0.24335851 0.25310244 0.25693845
 0.24994017 0.24543189 0.24879952 0.2649593  0.24539087 0.24680979
 0.24309334 0.25893095 0.26057499 0.24565842 0.23853213 0.23982782
 0.23781453 0.25931606]",2.8332163683191613e-115,1.3986598780057556e-100,1.975639389823494e-114,9.789639271389369e-100,2.463777383665544e-08,2.0112669290028862e-08,9.076277219651401e-09,7.80898985797189e-09,1e-05,1e-05,0.0,0.0,0.38169932065010065,0.36785723021507266,0.010098711537552945,0.00950711331138837,0.10582268476486206,0.1024667763710022,0.007766680830883484,0.0076757946449163075,0.2497265044996585,0.24944084655605958,0.008911560285931755,0.009009925256531649
df3,0.2,-1.0,0.2,"[8.65193381e-137 1.12671987e-139 7.70163359e-122 4.94613442e-147
 1.07337441e-143 7.05518906e-115 5.53102464e-128 3.28672716e-124
 1.09619158e-152 3.54443794e-122 1.65526914e-137 1.67153521e-121
 7.34927700e-142 3.43101012e-123 7.48112939e-123 3.14502261e-133
 1.37294733e-138 1.12671987e-139 2.26605441e-129 1.41739559e-125
 7.48112939e-123 1.65526914e-137 3.67099579e-119 1.62932937e-122
 7.48112939e-123 5.81830416e-112 1.20103174e-134 2.71351259e-127
 5.34499160e-111 1.67153521e-121 1.70527622e-141 1.97454306e-136
 3.62364483e-121 7.22731515e-138 1.32505188e-126 2.50543477e-143
 1.36018053e-142 7.09357420e-133 4.88474039e-140 2.33052754e-135
 4.50098708e-136 2.50543477e-143 1.81440195e-131 1.52170582e-145
 2.79630084e-149 2.26605441e-129 2.72168499e-134 1.69706671e-120
 3.28672716e-124 1.01652477e-129]","[1.32505188e-126 7.79563234e-118 1.11687624e-110 1.01652477e-129
 1.41739559e-125 3.89617725e-108 7.05518906e-115 4.37383916e-109
 6.84127225e-125 2.97606811e-113 6.44036529e-126 2.97606811e-113
 3.63777125e-118 3.32649959e-115 2.77174564e-112 6.44036529e-126
 5.29370851e-135 1.12215372e-128 1.50038437e-124 7.19151616e-124
 7.19151616e-124 1.12215372e-128 4.37383916e-109 4.85997494e-110
 1.11687624e-110 4.85997494e-110 7.89408622e-119 1.62522975e-116
 1.57064610e-102 2.55501261e-111 5.04562598e-129 1.59807269e-132
 2.33113443e-110 7.84645245e-121 2.26605441e-129 7.91123773e-120
 8.08221677e-132 3.11577768e-125 7.19151616e-124 1.41739559e-125
 1.41739559e-125 9.11197923e-131 2.03839988e-130 6.84127225e-125
 3.28672716e-124 1.70515873e-119 3.54443794e-122 1.11687624e-110
 3.62364483e-121 5.81830416e-112]","[8.65193381e-137 1.12671987e-139 7.70163359e-122 4.94613442e-147
 1.07337441e-143 7.05518906e-115 5.53102464e-128 3.28672716e-124
 1.09619158e-152 3.54443794e-122 1.65526914e-137 1.67153521e-121
 7.34927700e-142 3.43101012e-123 7.48112939e-123 3.14502261e-133
 1.37294733e-138 1.12671987e-139 2.26605441e-129 1.41739559e-125
 7.48112939e-123 1.65526914e-137 3.67099579e-119 1.62932937e-122
 7.48112939e-123 5.81830416e-112 1.20103174e-134 2.71351259e-127
 5.34499160e-111 1.67153521e-121 1.70527622e-141 1.97454306e-136
 3.62364483e-121 7.22731515e-138 1.32505188e-126 2.50543477e-143
 1.36018053e-142 7.09357420e-133 4.88474039e-140 2.33052754e-135
 4.50098708e-136 2.50543477e-143 1.81440195e-131 1.52170582e-145
 2.79630084e-149 2.26605441e-129 2.72168499e-134 1.69706671e-120
 3.28672716e-124 1.01652477e-129]","[1.32505188e-126 7.79563234e-118 1.11687624e-110 1.01652477e-129
 1.41739559e-125 3.89617725e-108 7.05518906e-115 4.37383916e-109
 6.84127225e-125 2.97606811e-113 6.44036529e-126 2.97606811e-113
 3.63777125e-118 3.32649959e-115 2.77174564e-112 6.44036529e-126
 5.29370851e-135 1.12215372e-128 1.50038437e-124 7.19151616e-124
 7.19151616e-124 1.12215372e-128 4.37383916e-109 4.85997494e-110
 1.11687624e-110 4.85997494e-110 7.89408622e-119 1.62522975e-116
 1.57064610e-102 2.55501261e-111 5.04562598e-129 1.59807269e-132
 2.33113443e-110 7.84645245e-121 2.26605441e-129 7.91123773e-120
 8.08221677e-132 3.11577768e-125 7.19151616e-124 1.41739559e-125
 1.41739559e-125 9.11197923e-131 2.03839988e-130 6.84127225e-125
 3.28672716e-124 1.70515873e-119 3.54443794e-122 1.11687624e-110
 3.62364483e-121 5.81830416e-112]","[2.56502465e-08 4.06936665e-08 1.27776546e-08 1.57540563e-08
 1.52602849e-08 2.03177423e-08 2.54970152e-08 3.15479791e-08
 2.73641957e-08 1.52956242e-08 1.57345172e-08 2.11066317e-08
 1.29050229e-08 1.96675624e-08 3.38745428e-08 2.25035525e-08
 2.44687911e-08 4.29358189e-08 2.16501033e-08 2.07054610e-08
 3.76847802e-08 2.53734511e-08 1.52812260e-08 1.27165353e-08
 2.35787776e-08 2.59558220e-08 2.09435030e-08 1.19178394e-08
 1.39840974e-08 1.51159205e-08 4.04394381e-08 3.16213191e-08
 3.59676299e-08 2.96121689e-08 1.95535019e-08 1.76662784e-08
 1.90446383e-08 2.91663224e-08 3.28234304e-08 3.35142124e-08
 1.76877455e-08 1.66539106e-08 1.78745008e-08 3.00879178e-08
 1.42954931e-08 2.29429941e-08 3.30443275e-08 2.89953858e-08
 1.80400161e-08 2.40747624e-08]","[1.17270498e-08 3.49575905e-08 2.03355998e-08 1.47377315e-08
 1.42775735e-08 2.87768909e-08 3.55438883e-08 1.71253677e-08
 1.69487835e-08 3.07440126e-08 1.11035712e-08 3.18568555e-08
 2.95380705e-08 3.61123450e-08 1.17445674e-08 3.53948653e-08
 1.78272674e-08 2.00847307e-08 1.50457157e-08 1.19403251e-08
 3.32290917e-08 1.31612965e-08 1.31126850e-08 1.71610285e-08
 1.51178977e-08 1.82847728e-08 1.67181540e-08 1.90569298e-08
 2.42700575e-08 1.59303341e-08 3.23256696e-08 1.86928946e-08
 1.38974353e-08 2.63712356e-08 2.33822763e-08 1.24891070e-08
 1.89016471e-08 1.82634861e-08 1.13098991e-08 2.28535078e-08
 2.72994022e-08 2.11903618e-08 1.48087744e-08 2.68785089e-08
 1.72105704e-08 1.21885115e-08 1.23754423e-08 3.42170380e-08
 3.14067312e-08 1.54340608e-08]","[1.e-05 1.e-05 1.e-05 1.e-05 1.e-05 1.e-05 1.e-05 1.e-05 1.e-05 1.e-05
 1.e-05 1.e-05 1.e-05 1.e-05 1.e-05 1.e-05 1.e-05 1.e-05 1.e-05 1.e-05
 1.e-05 1.e-05 1.e-05 1.e-05 1.e-05 1.e-05 1.e-05 1.e-05 1.e-05 1.e-05
 1.e-05 1.e-05 1.e-05 1.e-05 1.e-05 1.e-05 1.e-05 1.e-05 1.e-05 1.e-05
 1.e-05 1.e-05 1.e-05 1.e-05 1.e-05 1.e-05 1.e-05 1.e-05 1.e-05 1.e-05]","[1.e-05 1.e-05 1.e-05 1.e-05 1.e-05 1.e-05 1.e-05 1.e-05 1.e-05 1.e-05
 1.e-05 1.e-05 1.e-05 1.e-05 1.e-05 1.e-05 1.e-05 1.e-05 1.e-05 1.e-05
 1.e-05 1.e-05 1.e-05 1.e-05 1.e-05 1.e-05 1.e-05 1.e-05 1.e-05 1.e-05
 1.e-05 1.e-05 1.e-05 1.e-05 1.e-05 1.e-05 1.e-05 1.e-05 1.e-05 1.e-05
 1.e-05 1.e-05 1.e-05 1.e-05 1.e-05 1.e-05 1.e-05 1.e-05 1.e-05 1.e-05]","[0.38960247 0.39118173 0.37882031 0.40490668 0.3825115  0.38365253
 0.37123816 0.3767569  0.38098079 0.37225724 0.38194837 0.37067595
 0.40374705 0.37259916 0.38482348 0.38778977 0.38552248 0.3778522
 0.38750024 0.38588881 0.37000287 0.39597139 0.37939731 0.37515334
 0.36825931 0.37134938 0.38038767 0.37519606 0.36737641 0.3741398
 0.39806125 0.38454989 0.36598852 0.39317519 0.37882607 0.39320703
 0.39182066 0.39040831 0.38889759 0.3860411  0.38215941 0.39552316
 0.38865977 0.40183247 0.39530185 0.38127586 0.38563105 0.37204592
 0.38455318 0.36633063]","[0.3761625  0.38218941 0.36883553 0.39084411 0.36759045 0.37682704
 0.35799039 0.36445454 0.37290674 0.36406372 0.36882182 0.3567067
 0.38433517 0.37482078 0.36808275 0.37759869 0.37404368 0.37211758
 0.38504677 0.37941222 0.36971852 0.39214531 0.36389783 0.37142009
 0.36499175 0.36914449 0.36454253 0.36690201 0.36327047 0.36270863
 0.3759526  0.3752834  0.35558908 0.3770865  0.377749   0.37792319
 0.38117442 0.39023805 0.37229207 0.37241769 0.36848017 0.38333021
 0.38542543 0.38350882 0.38159363 0.37359726 0.37740071 0.36758925
 0.37306987 0.35446255]","[6.70867176e-274 3.30048226e-276 1.97438754e-258 9.98054692e-297
 1.13859816e-263 2.66052601e-265 7.47904825e-248 1.57983730e-255
 1.72222950e-261 2.92642755e-249 7.23493474e-263 4.45099401e-247
 5.82140120e-295 9.84225784e-250 5.55826334e-267 2.90044977e-271
 5.48544305e-268 4.56902258e-257 7.62339567e-271 1.62666142e-268
 3.75018923e-246 2.83112604e-283 3.02231161e-259 2.76812501e-253
 9.17900690e-244 5.25362068e-248 1.19669924e-260 2.41300431e-253
 1.47058240e-242 7.15450388e-252 2.17304979e-286 1.37408156e-266
 1.13379321e-240 3.88735521e-279 1.93780963e-258 3.48920338e-279
 3.81692214e-277 4.46967703e-275 7.13327948e-273 9.80982427e-269
 3.61938781e-263 1.31080010e-282 1.58191737e-272 4.65011307e-292
 2.79152716e-282 6.55696135e-262 3.82663076e-268 5.73546283e-249
 1.35919992e-266 3.89169536e-241]","[1.07530393e-254 3.27993304e-263 1.49551456e-244 1.03020914e-275
 7.51181120e-243 1.25957146e-255 5.90127765e-230 1.35130641e-238
 3.68952304e-250 4.55118136e-238 1.56153491e-244 2.92334863e-228
 2.79423239e-266 8.05569577e-253 1.59945940e-243 1.03857714e-256
 9.73430881e-252 4.56550280e-249 2.65396002e-267 2.87909999e-259
 9.21532905e-246 1.27346965e-277 7.61705996e-238 4.19663625e-248
 2.53967489e-239 5.64528189e-245 1.02785239e-238 6.50767882e-242
 5.32809058e-237 3.03190490e-236 2.11498502e-254 1.82232156e-253
 8.62860884e-227 5.44627108e-256 6.38310460e-257 3.62998626e-257
 9.13953843e-262 7.92596476e-275 2.61912558e-249 1.75521766e-249
 4.58068314e-244 7.69806675e-265 7.56798587e-268 4.27314901e-265
 2.31534878e-262 4.06280250e-251 1.97127264e-256 7.54009093e-243
 2.19178638e-250 2.58485754e-225]","[0.09853292 0.10051346 0.10665321 0.11869109 0.10435808 0.11446238
 0.10797536 0.10306787 0.11067355 0.10488904 0.10305548 0.09996665
 0.10707211 0.09878778 0.09296358 0.11015725 0.10355747 0.10951602
 0.11113822 0.10851443 0.10438991 0.10825849 0.10128939 0.09107256
 0.0872246  0.09791887 0.10637259 0.09279788 0.09496546 0.09955788
 0.10701299 0.10659707 0.11028385 0.1062752  0.10010576 0.10248697
 0.11389256 0.11236036 0.10570228 0.10771012 0.10752213 0.11674511
 0.10760415 0.11203527 0.11000311 0.09922552 0.10575461 0.09659493
 0.10888684 0.09614325]","[0.09816849 0.09996128 0.10675156 0.11605406 0.10194826 0.10931325
 0.10892236 0.1031903  0.1092236  0.10449076 0.09857178 0.09808588
 0.10402822 0.10049033 0.09047246 0.1093986  0.10312533 0.10996568
 0.11345923 0.10928583 0.10746479 0.11053252 0.09640348 0.09128785
 0.0904398  0.09917438 0.10126829 0.09351754 0.09482539 0.09442401
 0.1056174  0.10558426 0.1094023  0.10174644 0.1025877  0.09961343
 0.11105251 0.115839   0.10565794 0.10742724 0.10610175 0.11461544
 0.10858178 0.10931766 0.10797    0.09933197 0.10380292 0.09577763
 0.10556698 0.09335697]","[0.242071   0.2444161  0.25072779 0.26364852 0.24660973 0.25993322
 0.25435764 0.24792491 0.25690444 0.24873494 0.24647446 0.24409776
 0.25025187 0.24004705 0.23713157 0.25196825 0.24628748 0.25554564
 0.25545066 0.25269583 0.24788636 0.25312607 0.24531276 0.22983431
 0.2266032  0.24267495 0.24906269 0.23243    0.23616491 0.24420627
 0.25072495 0.25176948 0.25348818 0.25222372 0.24399334 0.24717193
 0.25726018 0.25942169 0.2507688  0.25108403 0.25207769 0.26445935
 0.25261964 0.25339959 0.25295976 0.24335377 0.24963849 0.23875672
 0.25432559 0.2399894 ]","[0.24532351 0.24762578 0.25466264 0.26370763 0.2475643  0.25878293
 0.25890356 0.25185585 0.25849994 0.25305853 0.24422458 0.24582089
 0.25113604 0.24483445 0.2367647  0.25447315 0.24973452 0.25860043
 0.26161992 0.25685441 0.25391526 0.2595634  0.24331132 0.23397633
 0.23347548 0.24693545 0.24710145 0.23639657 0.23927127 0.24082214
 0.25378523 0.25363137 0.25645161 0.25118687 0.24991262 0.24698443
 0.25771927 0.26631418 0.25439525 0.25512331 0.25306383 0.26489412
 0.25675582 0.2546115  0.25509162 0.24636471 0.25156339 0.24177632
 0.25341891 0.24024165]",1.185505514465493e-112,3.1413020666161537e-104,7.510625892949083e-112,2.1989044060141535e-103,2.3627368304079966e-08,2.0867232184418328e-08,8.145794293318126e-09,7.85258467781324e-09,1e-05,1e-05,0.0,0.0,0.3830355656147003,0.37311512201309205,0.009865036013368573,0.008893337226177401,0.10462671279907226,0.10366393327713012,0.006622741032044826,0.006560116588765266,0.24844133411846017,0.25084204859257797,0.007818290717553276,0.007781833529238855
df3,0.25,-1.0,0.25,"[5.53102464e-128 4.55776756e-153 1.09619158e-152 3.14502261e-133
 8.65193381e-137 1.39274712e-133 2.03839988e-130 2.72168499e-134
 2.03839988e-130 2.33052754e-135 1.36018053e-142 1.20103174e-134
 4.55467848e-130 7.89408622e-119 8.38015691e-145 5.53102464e-128
 2.03839988e-130 8.08221677e-132 1.07337441e-143 3.59598810e-132
 3.95211198e-141 9.46545979e-156 2.59582860e-139 1.12671987e-139
 1.59807269e-132 1.01652477e-129 7.09357420e-133 1.67153521e-121
 5.53102464e-128 5.29370851e-135 3.54443794e-122 7.22731515e-138
 6.58533558e-157 5.99978104e-127 2.03839988e-130 1.51408902e-151
 9.11197923e-131 2.11520456e-140 6.84127225e-125 1.70527622e-141
 4.88474039e-140 4.55467848e-130 2.72168499e-134 3.78658116e-137
 6.16042076e-134 6.44036529e-126 1.59807269e-132 9.14846799e-141
 4.88474039e-140 5.53102464e-128]","[3.62364483e-121 3.11577768e-125 1.97454306e-136 1.67153521e-121
 1.57171273e-123 2.03839988e-130 1.41739559e-125 2.92297102e-126
 1.32505188e-126 1.31890515e-112 2.49277144e-128 1.22580667e-127
 3.67099579e-119 9.07714507e-109 5.99978104e-127 3.62364483e-121
 1.57171273e-123 1.69706671e-120 6.26869005e-113 7.61901024e-117
 7.22731515e-138 4.50098708e-136 1.97454306e-136 1.57171273e-123
 4.55467848e-130 4.55467848e-130 7.61901024e-117 7.84645245e-121
 2.97606811e-113 1.22580667e-127 2.97606811e-113 7.48112939e-123
 4.59306180e-144 1.70515873e-119 4.06843613e-131 1.57721865e-148
 1.62932937e-122 2.03839988e-130 7.79563234e-118 5.53102464e-128
 4.06843613e-131 7.91123773e-120 1.32505188e-126 3.32649959e-115
 4.37383916e-109 1.70515873e-119 3.54443794e-122 3.14502261e-133
 1.59807269e-132 3.16268593e-114]","[5.53102464e-128 4.55776756e-153 1.09619158e-152 3.14502261e-133
 8.65193381e-137 1.39274712e-133 2.03839988e-130 2.72168499e-134
 2.03839988e-130 2.33052754e-135 1.36018053e-142 1.20103174e-134
 4.55467848e-130 7.89408622e-119 8.38015691e-145 5.53102464e-128
 2.03839988e-130 8.08221677e-132 1.07337441e-143 3.59598810e-132
 3.95211198e-141 9.46545979e-156 2.59582860e-139 1.12671987e-139
 1.59807269e-132 1.01652477e-129 7.09357420e-133 1.67153521e-121
 5.53102464e-128 5.29370851e-135 3.54443794e-122 7.22731515e-138
 6.58533558e-157 5.99978104e-127 2.03839988e-130 1.51408902e-151
 9.11197923e-131 2.11520456e-140 6.84127225e-125 1.70527622e-141
 4.88474039e-140 4.55467848e-130 2.72168499e-134 3.78658116e-137
 6.16042076e-134 6.44036529e-126 1.59807269e-132 9.14846799e-141
 4.88474039e-140 5.53102464e-128]","[3.62364483e-121 3.11577768e-125 1.97454306e-136 1.67153521e-121
 1.57171273e-123 2.03839988e-130 1.41739559e-125 2.92297102e-126
 1.32505188e-126 1.31890515e-112 2.49277144e-128 1.22580667e-127
 3.67099579e-119 9.07714507e-109 5.99978104e-127 3.62364483e-121
 1.57171273e-123 1.69706671e-120 6.26869005e-113 7.61901024e-117
 7.22731515e-138 4.50098708e-136 1.97454306e-136 1.57171273e-123
 4.55467848e-130 4.55467848e-130 7.61901024e-117 7.84645245e-121
 2.97606811e-113 1.22580667e-127 2.97606811e-113 7.48112939e-123
 4.59306180e-144 1.70515873e-119 4.06843613e-131 1.57721865e-148
 1.62932937e-122 2.03839988e-130 7.79563234e-118 5.53102464e-128
 4.06843613e-131 7.91123773e-120 1.32505188e-126 3.32649959e-115
 4.37383916e-109 1.70515873e-119 3.54443794e-122 3.14502261e-133
 1.59807269e-132 3.16268593e-114]","[1.90831093e-08 3.15593729e-08 1.77940694e-08 2.53860729e-08
 3.12672451e-08 3.78218461e-08 2.14729960e-08 3.65215930e-08
 2.99439697e-08 1.66939990e-08 1.77778787e-08 2.50065374e-08
 2.11764606e-08 2.25326554e-08 1.81273819e-08 2.62964361e-08
 2.45738392e-08 2.17550817e-08 1.66397628e-08 2.34110362e-08
 1.41719049e-08 4.28750602e-08 2.17805668e-08 1.32570612e-08
 3.24349223e-08 2.39915460e-08 1.70469565e-08 3.63932601e-08
 1.88463576e-08 2.11055043e-08 3.39587541e-08 2.32828608e-08
 4.41515500e-08 2.88621916e-08 3.79778429e-08 3.13468387e-08
 2.95470334e-08 3.72012003e-08 3.04875653e-08 3.30889081e-08
 3.64221526e-08 1.74530261e-08 3.11413018e-08 2.91483058e-08
 2.53553494e-08 1.26183629e-08 2.55885652e-08 3.04047371e-08
 1.73205569e-08 1.86583822e-08]","[2.61165564e-08 2.18422719e-08 1.36770235e-08 3.79774686e-08
 1.70341329e-08 4.11215179e-08 1.50131206e-08 2.12993928e-08
 2.37846527e-08 1.53214194e-08 1.80548841e-08 1.28953326e-08
 1.50046883e-08 3.51470059e-08 2.33672769e-08 1.39724649e-08
 1.33529041e-08 3.12644510e-08 3.21642256e-08 3.64091832e-08
 4.05315437e-08 3.85001384e-08 3.60404574e-08 1.25811014e-08
 2.37038378e-08 3.36624851e-08 1.48396028e-08 1.95266240e-08
 1.85699139e-08 1.30093191e-08 1.41395400e-08 2.37223109e-08
 1.57259545e-08 1.64233487e-08 2.50139081e-08 1.65793863e-08
 2.61654595e-08 2.28073214e-08 3.34704795e-08 2.38800347e-08
 2.42039850e-08 3.65687187e-08 2.48251859e-08 2.12098676e-08
 1.82072255e-08 1.92776438e-08 3.21680556e-08 2.16333303e-08
 3.55969781e-08 3.06398378e-08]","[1.e-05 1.e-05 1.e-05 1.e-05 1.e-05 1.e-05 1.e-05 1.e-05 1.e-05 1.e-05
 1.e-05 1.e-05 1.e-05 1.e-05 1.e-05 1.e-05 1.e-05 1.e-05 1.e-05 1.e-05
 1.e-05 1.e-05 1.e-05 1.e-05 1.e-05 1.e-05 1.e-05 1.e-05 1.e-05 1.e-05
 1.e-05 1.e-05 1.e-05 1.e-05 1.e-05 1.e-05 1.e-05 1.e-05 1.e-05 1.e-05
 1.e-05 1.e-05 1.e-05 1.e-05 1.e-05 1.e-05 1.e-05 1.e-05 1.e-05 1.e-05]","[1.e-05 1.e-05 1.e-05 1.e-05 1.e-05 1.e-05 1.e-05 1.e-05 1.e-05 1.e-05
 1.e-05 1.e-05 1.e-05 1.e-05 1.e-05 1.e-05 1.e-05 1.e-05 1.e-05 1.e-05
 1.e-05 1.e-05 1.e-05 1.e-05 1.e-05 1.e-05 1.e-05 1.e-05 1.e-05 1.e-05
 1.e-05 1.e-05 1.e-05 1.e-05 1.e-05 1.e-05 1.e-05 1.e-05 1.e-05 1.e-05
 1.e-05 1.e-05 1.e-05 1.e-05 1.e-05 1.e-05 1.e-05 1.e-05 1.e-05 1.e-05]","[0.37700557 0.40307563 0.3980231  0.38273922 0.38509486 0.38097001
 0.37456158 0.38044545 0.38958674 0.39598264 0.38139146 0.38525608
 0.38477868 0.37586033 0.39279381 0.37220121 0.38593979 0.38231712
 0.38285916 0.39275338 0.38672712 0.39498344 0.40481314 0.38861568
 0.38704806 0.3900538  0.39208522 0.37211358 0.39930521 0.38135448
 0.36871774 0.39729357 0.38886877 0.37305221 0.37016547 0.39115638
 0.38538312 0.38420722 0.38387093 0.40053562 0.38408314 0.38928849
 0.38353421 0.37914785 0.38423372 0.38410357 0.38508543 0.38787944
 0.38554282 0.37970726]","[0.37263694 0.37878479 0.38597017 0.3786437  0.37798119 0.38294579
 0.37100913 0.37445028 0.38970062 0.37724157 0.37138601 0.37974798
 0.38005825 0.36831084 0.37980066 0.36753531 0.38410246 0.37759376
 0.37415995 0.37504456 0.39349127 0.38826332 0.39500888 0.38874317
 0.38484109 0.38814629 0.38479859 0.37323087 0.39099955 0.38644739
 0.3674055  0.38213873 0.37919295 0.368387   0.37493626 0.39182205
 0.37921261 0.38097802 0.38130999 0.38857398 0.38762649 0.37675291
 0.39053974 0.37294341 0.37795003 0.38193185 0.38122918 0.38445075
 0.37853574 0.36921874]","[7.07463251e-256 6.09144480e-294 2.47804797e-286 5.38552456e-264
 2.26322558e-267 1.78404178e-261 1.85078052e-252 9.90918049e-261
 7.07238479e-274 2.72421884e-283 4.49047219e-262 1.32669383e-267
 6.44648464e-267 2.84697398e-254 1.41692159e-278 3.49815283e-249
 1.37334331e-268 2.15638011e-263 3.62989557e-264 1.62501176e-278
 1.00232647e-269 8.27549815e-282 1.38619751e-296 1.83354448e-272
 3.44242701e-270 1.47274961e-274 1.56047341e-277 4.62406992e-249
 2.97746932e-288 5.06862411e-262 2.16761305e-244 3.04452131e-285
 7.85645378e-273 2.31888535e-250 2.24200052e-246 3.59512437e-276
 8.70754973e-268 4.26440171e-266 1.29439447e-265 4.20931526e-290
 6.42439625e-266 1.92405042e-273 3.93006807e-265 6.80634973e-259
 3.90697679e-266 6.00536040e-266 2.33499938e-267 2.14984823e-271
 5.12768962e-268 1.10128037e-259]","[8.72522612e-250 2.21596520e-258 1.24155636e-268 3.50458408e-258
 3.00791933e-257 2.72963637e-264 1.54729461e-247 2.64477061e-252
 4.82500741e-274 3.29862925e-256 4.67655326e-248 9.64443562e-260
 3.50676536e-260 7.80523778e-244 8.12273986e-260 8.93119138e-243
 6.02732040e-266 1.05526874e-256 6.70733183e-252 3.92631865e-253
 1.32935572e-279 5.96005144e-272 7.58772697e-282 1.19652034e-272
 5.24354447e-267 8.81408474e-272 6.03539414e-267 1.31059780e-250
 6.10088490e-276 2.54214712e-269 1.34230258e-242 3.87364570e-263
 5.87747855e-259 6.14171795e-244 5.55986699e-253 3.79902203e-277
 5.51330302e-259 1.73789509e-261 5.86358768e-262 2.10819389e-272
 5.00243074e-271 1.60034683e-255 2.87178248e-275 3.28198707e-250
 3.32759463e-257 7.63786892e-263 7.63974393e-262 1.90702296e-266
 4.97637762e-258 4.46627625e-245]","[0.1048528  0.11844194 0.11221194 0.10511577 0.10037112 0.10180271
 0.10960376 0.10979199 0.12285721 0.1143887  0.11067128 0.11066401
 0.11222291 0.08998156 0.11053276 0.10278773 0.09504426 0.10153902
 0.10605919 0.10208082 0.10464656 0.12125421 0.12945688 0.11356568
 0.1062417  0.10574818 0.10595393 0.10367489 0.10580289 0.09229589
 0.10535169 0.1055299  0.10804749 0.10407495 0.10466504 0.10800433
 0.10792315 0.10900497 0.09959137 0.11282218 0.1112324  0.10573626
 0.10891032 0.1104728  0.1076194  0.10815394 0.1121248  0.10695994
 0.10298729 0.10823381]","[0.10381651 0.1153481  0.11449099 0.10755622 0.10206938 0.10770476
 0.11245537 0.11102796 0.12677002 0.11269367 0.10929739 0.10799384
 0.11576235 0.08898306 0.11009777 0.10509241 0.10074008 0.10227931
 0.1045413  0.10270143 0.10953033 0.11662734 0.13084948 0.11575937
 0.1106106  0.11333489 0.10481071 0.10534489 0.10557294 0.0959022
 0.10793185 0.10307229 0.10632253 0.10565412 0.10714793 0.11164367
 0.11238587 0.11319208 0.10573554 0.11447299 0.11339021 0.10569179
 0.11424887 0.10810649 0.10729122 0.1086421  0.11364555 0.11194539
 0.10278213 0.10930037]","[0.24803786 0.26426165 0.25650901 0.24993975 0.24301294 0.24457185
 0.25505789 0.25504992 0.26943456 0.25574006 0.25393782 0.25610587
 0.25610645 0.22909666 0.25580261 0.24816192 0.23495296 0.24091168
 0.25079657 0.24743049 0.25171309 0.26866654 0.27674258 0.25792764
 0.25031499 0.25358895 0.25272455 0.24903873 0.25143539 0.23221356
 0.25138131 0.24691727 0.25447407 0.25001278 0.25002854 0.25283317
 0.25220778 0.25246857 0.24321271 0.25605225 0.25636525 0.24612039
 0.25530391 0.25699869 0.25310612 0.25237099 0.25455298 0.25152254
 0.24812909 0.25303186]","[0.25020103 0.26441308 0.26305571 0.25638205 0.24810063 0.25455323
 0.26139556 0.25979437 0.27677932 0.25762832 0.25507663 0.25700837
 0.26451542 0.23196906 0.26003995 0.25410759 0.24474927 0.24532926
 0.25301993 0.25153937 0.2600044  0.26730191 0.28161178 0.26360611
 0.25810609 0.26518662 0.25422528 0.25350935 0.2548442  0.23955094
 0.25732482 0.24755555 0.2565882  0.25482206 0.25622309 0.25946403
 0.26001054 0.26057272 0.25337908 0.26099026 0.26187364 0.24951907
 0.26448533 0.25796104 0.25579368 0.25648286 0.25936355 0.26091695
 0.2515153  0.25809181]",1.582870714737883e-120,2.690712065363716e-110,1.1051167295821265e-119,1.3993217509265255e-109,2.6015199368067955e-08,2.3960871373684967e-08,7.844010644973117e-09,8.511779549166581e-09,1e-05,1e-05,0.0,0.0,0.3857318504333497,0.38032420633316044,0.00819920687546531,0.007145576916080615,0.1075421667098999,0.10904735326766968,0.006780189973931,0.0066541282334286475,0.2519274957317297,0.25701076784506877,0.008087198942582531,0.007978183096278473
df3,0.30000000000000004,-1.0,0.30000000000000004,"[1.37294733e-138 5.29370851e-135 4.06843613e-131 8.38015691e-145
 7.70163359e-122 7.48112939e-123 7.22731515e-138 1.65526914e-137
 2.72168499e-134 3.73908448e-148 1.97454306e-136 1.59807269e-132
 3.16357866e-142 7.19151616e-124 2.92297102e-126 1.39274712e-133
 5.29370851e-135 1.67153521e-121 2.03839988e-130 2.09388117e-147
 3.59598810e-132 8.65193381e-137 8.08221677e-132 8.08221677e-132
 7.09357420e-133 2.72168499e-134 1.97454306e-136 7.89408622e-119
 1.67153521e-121 3.14502261e-133 2.25889419e-162 1.22580667e-127
 1.20103174e-134 4.85997494e-110 1.67153521e-121 1.69706671e-120
 3.14502261e-133 2.26605441e-129 3.28672716e-124 2.92297102e-126
 1.20103174e-134 3.59598810e-132 4.50098708e-136 2.79630084e-149
 9.11163913e-163 4.50098708e-136 6.84127225e-125 1.41739559e-125
 7.19151616e-124 8.08221677e-132]","[2.49277144e-128 1.59807269e-132 3.62364483e-121 7.22731515e-138
 1.67153521e-121 7.05518906e-115 7.09357420e-133 2.49277144e-128
 1.59807269e-132 6.31809023e-152 5.99978104e-127 3.78658116e-137
 2.59582860e-139 7.61901024e-117 1.49462228e-114 2.71351259e-127
 1.01652477e-129 7.61901024e-117 1.59807269e-132 4.94613442e-147
 2.03839988e-130 5.04562598e-129 3.11577768e-125 7.70163359e-122
 2.49277144e-128 2.72168499e-134 5.29370851e-135 7.70163359e-122
 7.05518906e-115 1.41739559e-125 3.62405363e-151 1.69706671e-120
 2.49277144e-128 1.87460385e-103 1.62932937e-122 3.62364483e-121
 1.01652477e-129 3.59598810e-132 6.26869005e-113 2.92297102e-126
 3.59598810e-132 3.59598810e-132 9.11197923e-131 1.70527622e-141
 5.11181442e-160 9.11197923e-131 7.79563234e-118 3.28672716e-124
 3.28672716e-124 3.59598810e-132]","[1.37294733e-138 5.29370851e-135 4.06843613e-131 8.38015691e-145
 7.70163359e-122 7.48112939e-123 7.22731515e-138 1.65526914e-137
 2.72168499e-134 3.73908448e-148 1.97454306e-136 1.59807269e-132
 3.16357866e-142 7.19151616e-124 2.92297102e-126 1.39274712e-133
 5.29370851e-135 1.67153521e-121 2.03839988e-130 2.09388117e-147
 3.59598810e-132 8.65193381e-137 8.08221677e-132 8.08221677e-132
 7.09357420e-133 2.72168499e-134 1.97454306e-136 7.89408622e-119
 1.67153521e-121 3.14502261e-133 2.25889419e-162 1.22580667e-127
 1.20103174e-134 4.85997494e-110 1.67153521e-121 1.69706671e-120
 3.14502261e-133 2.26605441e-129 3.28672716e-124 2.92297102e-126
 1.20103174e-134 3.59598810e-132 4.50098708e-136 2.79630084e-149
 9.11163913e-163 4.50098708e-136 6.84127225e-125 1.41739559e-125
 7.19151616e-124 8.08221677e-132]","[2.49277144e-128 1.59807269e-132 3.62364483e-121 7.22731515e-138
 1.67153521e-121 7.05518906e-115 7.09357420e-133 2.49277144e-128
 1.59807269e-132 6.31809023e-152 5.99978104e-127 3.78658116e-137
 2.59582860e-139 7.61901024e-117 1.49462228e-114 2.71351259e-127
 1.01652477e-129 7.61901024e-117 1.59807269e-132 4.94613442e-147
 2.03839988e-130 5.04562598e-129 3.11577768e-125 7.70163359e-122
 2.49277144e-128 2.72168499e-134 5.29370851e-135 7.70163359e-122
 7.05518906e-115 1.41739559e-125 3.62405363e-151 1.69706671e-120
 2.49277144e-128 1.87460385e-103 1.62932937e-122 3.62364483e-121
 1.01652477e-129 3.59598810e-132 6.26869005e-113 2.92297102e-126
 3.59598810e-132 3.59598810e-132 9.11197923e-131 1.70527622e-141
 5.11181442e-160 9.11197923e-131 7.79563234e-118 3.28672716e-124
 3.28672716e-124 3.59598810e-132]","[4.13591683e-08 2.30262863e-08 1.97044497e-08 2.26868589e-08
 2.86528794e-08 1.18909480e-08 3.95064254e-08 2.32917418e-08
 1.88880935e-08 1.84419490e-08 4.04131960e-08 3.39524101e-08
 1.75618037e-08 2.59647397e-08 2.40515188e-08 3.91596776e-08
 2.50373056e-08 3.97081393e-08 1.55556975e-08 4.05129514e-08
 3.02211399e-08 2.04368957e-08 3.29931231e-08 1.69497132e-08
 3.03132360e-08 2.48224363e-08 1.32850744e-08 1.13036069e-08
 1.39911535e-08 1.57868077e-08 2.63105167e-08 2.01469854e-08
 3.10208824e-08 3.26411042e-08 2.99258582e-08 1.51069792e-08
 1.77994992e-08 1.18099274e-08 2.97020059e-08 2.21052787e-08
 3.00874945e-08 1.85386488e-08 1.41342106e-08 3.53057261e-08
 2.67614011e-08 2.73038365e-08 2.04034897e-08 3.60234577e-08
 1.49412263e-08 1.84565673e-08]","[2.50983512e-08 1.44104910e-08 3.63590692e-08 2.98231708e-08
 2.56295920e-08 2.25646172e-08 3.00860706e-08 1.35642655e-08
 1.75343693e-08 4.03954107e-08 1.80476479e-08 1.72617947e-08
 1.42277469e-08 2.48762909e-08 3.85664856e-08 2.64055018e-08
 1.66885644e-08 2.03630511e-08 2.61528198e-08 3.45684907e-08
 2.76081320e-08 1.29743043e-08 2.86737795e-08 1.60224300e-08
 2.30328167e-08 3.33371761e-08 3.98401719e-08 3.50475341e-08
 9.47543999e-09 2.66585264e-08 4.42177213e-08 3.19820990e-08
 3.08477995e-08 2.02968139e-08 2.70101055e-08 1.48592509e-08
 1.14007709e-08 1.60774631e-08 1.74785003e-08 1.19226691e-08
 2.67077784e-08 2.16987166e-08 4.05128880e-08 2.22137142e-08
 4.71349267e-08 2.00598760e-08 3.16608896e-08 3.51317980e-08
 1.11450704e-08 3.05260470e-08]","[1.e-05 1.e-05 1.e-05 1.e-05 1.e-05 1.e-05 1.e-05 1.e-05 1.e-05 1.e-05
 1.e-05 1.e-05 1.e-05 1.e-05 1.e-05 1.e-05 1.e-05 1.e-05 1.e-05 1.e-05
 1.e-05 1.e-05 1.e-05 1.e-05 1.e-05 1.e-05 1.e-05 1.e-05 1.e-05 1.e-05
 1.e-05 1.e-05 1.e-05 1.e-05 1.e-05 1.e-05 1.e-05 1.e-05 1.e-05 1.e-05
 1.e-05 1.e-05 1.e-05 1.e-05 1.e-05 1.e-05 1.e-05 1.e-05 1.e-05 1.e-05]","[1.e-05 1.e-05 1.e-05 1.e-05 1.e-05 1.e-05 1.e-05 1.e-05 1.e-05 1.e-05
 1.e-05 1.e-05 1.e-05 1.e-05 1.e-05 1.e-05 1.e-05 1.e-05 1.e-05 1.e-05
 1.e-05 1.e-05 1.e-05 1.e-05 1.e-05 1.e-05 1.e-05 1.e-05 1.e-05 1.e-05
 1.e-05 1.e-05 1.e-05 1.e-05 1.e-05 1.e-05 1.e-05 1.e-05 1.e-05 1.e-05
 1.e-05 1.e-05 1.e-05 1.e-05 1.e-05 1.e-05 1.e-05 1.e-05 1.e-05 1.e-05]","[0.38776609 0.39092915 0.37860001 0.39790528 0.37567852 0.37862271
 0.39022523 0.3849941  0.38820072 0.39604899 0.38497183 0.40085839
 0.38371474 0.37373509 0.37868583 0.38005032 0.38290752 0.37430037
 0.39184168 0.4050258  0.38547643 0.38616786 0.38622975 0.38600513
 0.36589975 0.38647187 0.37356556 0.38614662 0.37585979 0.40596462
 0.40489856 0.37082171 0.39184481 0.35468963 0.37217389 0.38083294
 0.3930293  0.38248937 0.38726015 0.3823462  0.3856761  0.37521957
 0.39174641 0.40083109 0.40096201 0.39094    0.37994601 0.37661918
 0.37619939 0.38169133]","[0.38543178 0.39364307 0.3785313  0.40198475 0.37828826 0.37875887
 0.39738631 0.38691083 0.39361882 0.3997104  0.37549017 0.40618142
 0.38464831 0.37099519 0.37731773 0.38184963 0.38264996 0.37374737
 0.39380942 0.40631566 0.38654726 0.38808027 0.38862916 0.37582462
 0.36711678 0.38906243 0.37279833 0.38922687 0.37093717 0.40363407
 0.40713795 0.36439312 0.38680244 0.35678115 0.37150962 0.37691363
 0.38934538 0.38967363 0.38319719 0.38219971 0.39638796 0.37374018
 0.39000418 0.39788958 0.39963051 0.39661948 0.38410481 0.3793569
 0.38234676 0.38802232]","[3.13911663e-271 7.73487300e-276 4.03893204e-258 3.71719867e-286
 5.11227727e-254 3.75186233e-258 8.27528799e-275 3.15969150e-267
 7.34781527e-272 2.17092897e-283 3.40153486e-267 1.37373435e-290
 2.16699698e-265 2.61416836e-251 3.05641415e-258 3.59865542e-260
 3.09596002e-264 4.27670144e-252 3.55515398e-277 6.56785430e-297
 6.39067546e-268 6.43827166e-269 5.24140033e-269 1.10547009e-268
 1.49610126e-240 2.34337528e-269 4.49627092e-251 6.90892874e-269
 2.85192321e-254 2.41512043e-298 1.02695769e-296 2.80390920e-247
 3.51777810e-277 1.30387970e-225 3.81610060e-249 2.79314105e-261
 6.37664373e-279 1.22446009e-263 1.69777798e-270 1.95990674e-263
 3.29536263e-268 2.23737075e-253 4.90549776e-277 1.51023064e-290
 9.58670124e-291 7.45699084e-276 5.05712449e-260 2.46454271e-255
 9.54747726e-255 1.68089110e-262]","[7.41039988e-268 7.93768113e-280 5.04851330e-258 2.73654293e-292
 1.11116023e-257 2.41074057e-258 2.21386768e-285 5.43724631e-270
 8.61924261e-280 7.33643066e-289 9.37189970e-254 1.12488329e-298
 9.92286185e-267 1.61723112e-247 2.57834121e-256 1.00026102e-262
 7.22280724e-264 2.51342875e-251 4.50977156e-280 7.00719342e-299
 1.82362211e-269 1.09904955e-271 1.75262986e-272 3.19391013e-254
 3.31986248e-242 4.10580188e-273 5.21447509e-250 2.36567936e-273
 1.94409179e-247 8.64472822e-295 3.84233596e-300 1.63557517e-238
 7.80051942e-270 2.33225629e-228 3.15755776e-248 9.52205016e-256
 1.58977913e-273 5.28276857e-274 1.19307330e-264 3.17083465e-263
 6.80146317e-284 2.57193473e-251 1.74007912e-274 3.92350360e-286
 9.67129811e-289 3.07646753e-284 5.98080509e-266 3.44729916e-259
 1.95633054e-263 1.33388161e-271]","[0.10409832 0.11028552 0.10826361 0.11035514 0.09545052 0.11113977
 0.11781001 0.10611105 0.0995667  0.10883713 0.11312473 0.10696089
 0.10032582 0.0897007  0.10964704 0.10863876 0.10984433 0.09778821
 0.10604072 0.11477792 0.09894192 0.10491645 0.11376154 0.10942185
 0.100878   0.11243498 0.10444558 0.11049891 0.09305143 0.12242997
 0.11728835 0.09893501 0.10596418 0.09201908 0.09924603 0.11217856
 0.11631    0.09702003 0.09782076 0.10727954 0.10672379 0.10757875
 0.11383867 0.11378288 0.11384094 0.11233723 0.10342276 0.1009537
 0.11170828 0.09685469]","[0.10684931 0.11500752 0.11126685 0.11437559 0.10050881 0.11247575
 0.1234951  0.11128557 0.10673761 0.11703193 0.11139631 0.11431921
 0.10212028 0.09521866 0.1114732  0.11533606 0.1131165  0.09937179
 0.11388803 0.11954141 0.10569847 0.10795355 0.11835945 0.1141206
 0.10472322 0.11830354 0.10902202 0.11631727 0.09512293 0.12416005
 0.12012839 0.10128284 0.1071353  0.09646165 0.10125995 0.11648214
 0.11935925 0.1023699  0.1016748  0.11059177 0.11414826 0.11231267
 0.11800408 0.11784172 0.11781812 0.11827445 0.1057198  0.1068356
 0.11780369 0.10538173]","[0.24593499 0.25538498 0.25016457 0.25351041 0.24056051 0.25865694
 0.26375084 0.2499805  0.24285796 0.25286653 0.25818304 0.25180481
 0.24800503 0.23148156 0.25517551 0.25488112 0.25745148 0.23980351
 0.25030558 0.25902626 0.24230139 0.24969903 0.25919401 0.25682763
 0.242004   0.25903014 0.24976053 0.2558662  0.23289809 0.26758563
 0.26456027 0.24370944 0.24888127 0.2337986  0.24230792 0.25804114
 0.26152151 0.23948675 0.24155265 0.2506686  0.24937368 0.25304469
 0.26157271 0.25801177 0.25888322 0.25699852 0.24824919 0.24183042
 0.25512358 0.23827979]","[0.25265382 0.26324558 0.25663661 0.26051301 0.24941211 0.26322111
 0.27282347 0.25892242 0.25380116 0.26551189 0.25946837 0.26250062
 0.25329429 0.24139623 0.26069851 0.26499454 0.2634553  0.24542718
 0.26219776 0.26725921 0.25323944 0.25604328 0.2676665  0.26524365
 0.25028099 0.26739295 0.25779967 0.26509098 0.23964119 0.27328731
 0.27070586 0.24955451 0.25437452 0.24150539 0.24737563 0.26574101
 0.2678293  0.24954482 0.24937233 0.25814265 0.26075578 0.2615033
 0.26984575 0.26582672 0.26654032 0.26596228 0.25327832 0.25158569
 0.26476802 0.25098733]",9.719949894793998e-112,3.749207699817704e-105,6.803964914752122e-111,2.6244453889351272e-104,2.4759890453474043e-08,2.516358021731335e-08,8.629880161980964e-09,9.397803221451198e-09,1e-05,1e-05,0.0,0.0,0.3848613474845886,0.3855036542987824,0.010264219960379574,0.011321652341684307,0.10649301528930664,0.11078965425491333,0.007249219688249142,0.0073301503457069185,0.25081697019673993,0.2587663732041243,0.008533642741566202,0.008353478039428645
df3,0.35000000000000003,-1.0,0.35000000000000003,"[3.62405363e-151 1.59807269e-132 6.44036529e-126 3.14502261e-133
 9.11197923e-131 1.89275526e-153 4.50098708e-136 6.84127225e-125
 1.56663455e-115 1.70527622e-141 1.67153521e-121 7.09357420e-133
 2.59582860e-139 8.08221677e-132 3.62405363e-151 3.78658116e-137
 1.41739559e-125 1.89275526e-153 2.10514288e-109 1.37294733e-138
 7.22731515e-138 3.43101012e-123 3.41677257e-161 8.38015691e-145
 1.62932937e-122 5.53102464e-128 1.70515873e-119 1.52170582e-145
 3.57314355e-145 1.57171273e-123 5.97340427e-139 1.01652477e-129
 7.79563234e-118 2.72168499e-134 9.11197923e-131 6.16042076e-134
 4.06843613e-131 2.03839988e-130 1.17530003e-149 1.32505188e-126
 6.16042076e-134 6.84127225e-125 1.81440195e-131 2.11520456e-140
 3.78658116e-137 8.65193381e-137 1.96307101e-144 2.79630084e-149
 1.01652477e-129 1.51408902e-151]","[1.51408902e-151 4.94613442e-147 3.56765397e-117 3.11577768e-125
 1.20103174e-134 9.46545979e-156 1.02479477e-135 2.71351259e-127
 2.97606811e-113 5.97340427e-139 3.11577768e-125 7.09357420e-133
 2.26605441e-129 7.48112939e-123 1.07337441e-143 1.12671987e-139
 4.06843613e-131 1.29483446e-173 1.69558264e-118 1.02479477e-135
 2.72168499e-134 3.67099579e-119 1.09619158e-152 2.11520456e-140
 1.62932937e-122 8.65193381e-137 5.99978104e-127 8.85357293e-148
 3.59598810e-132 6.44036529e-126 1.02479477e-135 1.97454306e-136
 3.62364483e-121 6.16042076e-134 9.11197923e-131 1.12215372e-128
 2.11520456e-140 2.26605441e-129 9.14846799e-141 3.62364483e-121
 5.97340427e-139 3.28672716e-124 1.39274712e-133 3.14502261e-133
 1.22580667e-127 2.33052754e-135 2.59582860e-139 3.78658116e-137
 1.01652477e-129 1.96307101e-144]","[3.62405363e-151 1.59807269e-132 6.44036529e-126 3.14502261e-133
 9.11197923e-131 1.89275526e-153 4.50098708e-136 6.84127225e-125
 1.56663455e-115 1.70527622e-141 1.67153521e-121 7.09357420e-133
 2.59582860e-139 8.08221677e-132 3.62405363e-151 3.78658116e-137
 1.41739559e-125 1.89275526e-153 2.10514288e-109 1.37294733e-138
 7.22731515e-138 3.43101012e-123 3.41677257e-161 8.38015691e-145
 1.62932937e-122 5.53102464e-128 1.70515873e-119 1.52170582e-145
 3.57314355e-145 1.57171273e-123 5.97340427e-139 1.01652477e-129
 7.79563234e-118 2.72168499e-134 9.11197923e-131 6.16042076e-134
 4.06843613e-131 2.03839988e-130 1.17530003e-149 1.32505188e-126
 6.16042076e-134 6.84127225e-125 1.81440195e-131 2.11520456e-140
 3.78658116e-137 8.65193381e-137 1.96307101e-144 2.79630084e-149
 1.01652477e-129 1.51408902e-151]","[1.51408902e-151 4.94613442e-147 3.56765397e-117 3.11577768e-125
 1.20103174e-134 9.46545979e-156 1.02479477e-135 2.71351259e-127
 2.97606811e-113 5.97340427e-139 3.11577768e-125 7.09357420e-133
 2.26605441e-129 7.48112939e-123 1.07337441e-143 1.12671987e-139
 4.06843613e-131 1.29483446e-173 1.69558264e-118 1.02479477e-135
 2.72168499e-134 3.67099579e-119 1.09619158e-152 2.11520456e-140
 1.62932937e-122 8.65193381e-137 5.99978104e-127 8.85357293e-148
 3.59598810e-132 6.44036529e-126 1.02479477e-135 1.97454306e-136
 3.62364483e-121 6.16042076e-134 9.11197923e-131 1.12215372e-128
 2.11520456e-140 2.26605441e-129 9.14846799e-141 3.62364483e-121
 5.97340427e-139 3.28672716e-124 1.39274712e-133 3.14502261e-133
 1.22580667e-127 2.33052754e-135 2.59582860e-139 3.78658116e-137
 1.01652477e-129 1.96307101e-144]","[4.15152560e-08 4.09016929e-08 3.71988084e-08 2.14532500e-08
 2.81034567e-08 4.28803191e-08 3.95944372e-08 1.91041565e-08
 2.07086245e-08 1.46763602e-08 2.63661821e-08 2.82485910e-08
 1.47797363e-08 1.23066159e-08 3.38219094e-08 1.48616156e-08
 1.18042910e-08 4.34843402e-08 1.07339969e-08 1.50045349e-08
 3.22868982e-08 1.82106679e-08 3.00740983e-08 1.86430900e-08
 1.64755344e-08 3.09844339e-08 3.81270805e-08 1.71333723e-08
 1.59349834e-08 2.67777630e-08 2.86354844e-08 2.53101458e-08
 2.15557905e-08 1.29843715e-08 1.66519299e-08 2.78119251e-08
 1.77144305e-08 3.45093595e-08 3.42058922e-08 1.30780159e-08
 4.40795140e-08 3.83354345e-08 2.28192185e-08 3.12158709e-08
 3.80238838e-08 3.17665684e-08 1.97151694e-08 2.81788889e-08
 3.47020680e-08 2.01390278e-08]","[1.92113324e-08 3.83955460e-08 2.42100736e-08 1.95677538e-08
 2.81584217e-08 4.42061989e-08 1.36040128e-08 2.09165490e-08
 1.59350971e-08 1.47545848e-08 1.87739734e-08 3.57578386e-08
 2.60736576e-08 3.05740256e-08 1.61870847e-08 1.80808831e-08
 1.93005728e-08 3.11020587e-08 2.73128711e-08 1.63373464e-08
 2.03054207e-08 1.12683787e-08 2.03903303e-08 1.77287147e-08
 1.34634099e-08 1.37839926e-08 1.29121616e-08 1.96526534e-08
 2.24322250e-08 1.33071808e-08 1.52212689e-08 3.12828008e-08
 2.15368353e-08 4.04679926e-08 1.47435570e-08 2.86183777e-08
 2.27208592e-08 2.92010747e-08 1.63329579e-08 3.16133109e-08
 1.77497089e-08 3.50872604e-08 2.87603326e-08 2.22554770e-08
 4.18583170e-08 4.15620093e-08 2.03039795e-08 1.76288042e-08
 1.86717501e-08 2.88795973e-08]","[1.e-05 1.e-05 1.e-05 1.e-05 1.e-05 1.e-05 1.e-05 1.e-05 1.e-05 1.e-05
 1.e-05 1.e-05 1.e-05 1.e-05 1.e-05 1.e-05 1.e-05 1.e-05 1.e-05 1.e-05
 1.e-05 1.e-05 1.e-05 1.e-05 1.e-05 1.e-05 1.e-05 1.e-05 1.e-05 1.e-05
 1.e-05 1.e-05 1.e-05 1.e-05 1.e-05 1.e-05 1.e-05 1.e-05 1.e-05 1.e-05
 1.e-05 1.e-05 1.e-05 1.e-05 1.e-05 1.e-05 1.e-05 1.e-05 1.e-05 1.e-05]","[1.e-05 1.e-05 1.e-05 1.e-05 1.e-05 1.e-05 1.e-05 1.e-05 1.e-05 1.e-05
 1.e-05 1.e-05 1.e-05 1.e-05 1.e-05 1.e-05 1.e-05 1.e-05 1.e-05 1.e-05
 1.e-05 1.e-05 1.e-05 1.e-05 1.e-05 1.e-05 1.e-05 1.e-05 1.e-05 1.e-05
 1.e-05 1.e-05 1.e-05 1.e-05 1.e-05 1.e-05 1.e-05 1.e-05 1.e-05 1.e-05
 1.e-05 1.e-05 1.e-05 1.e-05 1.e-05 1.e-05 1.e-05 1.e-05 1.e-05 1.e-05]","[0.39802744 0.39969416 0.3815062  0.38481863 0.38748114 0.4093001
 0.39229529 0.37842147 0.37240068 0.38827933 0.38270189 0.3925819
 0.38750344 0.384622   0.4075316  0.3766883  0.37768636 0.39220422
 0.37926069 0.38802593 0.38943674 0.38604483 0.39717929 0.39379797
 0.38640409 0.37471059 0.38048474 0.39904999 0.38433642 0.36524962
 0.38364983 0.37980594 0.38405459 0.37823837 0.39081675 0.37744329
 0.38955268 0.36783483 0.39039721 0.38271796 0.3811064  0.38924359
 0.37840217 0.39065914 0.37340965 0.38383969 0.40265394 0.39783809
 0.37963629 0.39950367]","[0.40157761 0.41748492 0.37616336 0.39485969 0.38782187 0.41309928
 0.40008272 0.39209295 0.38877394 0.38900188 0.38986833 0.39844934
 0.38876445 0.38202794 0.40336915 0.38679789 0.39401115 0.40834302
 0.39085918 0.39524214 0.39172638 0.38961267 0.39367156 0.39596944
 0.38814816 0.38808107 0.39150284 0.40410954 0.388354   0.37925761
 0.38311572 0.38714159 0.39613282 0.38740332 0.39567731 0.3797726
 0.40491844 0.38093745 0.39781373 0.38935446 0.38592279 0.39838108
 0.39151856 0.38638402 0.37258193 0.38815825 0.4073997  0.40203796
 0.38037236 0.40441287]","[2.44131009e-286 7.76024293e-289 3.08357114e-262 5.64811615e-267
 8.12485419e-271 1.79742124e-303 7.66656054e-278 7.21136044e-258
 1.85299414e-249 5.64948525e-272 6.08903333e-264 2.90510611e-278
 7.54234470e-271 1.08253210e-266 9.54759445e-301 1.97161648e-255
 7.81884981e-257 1.04336526e-277 4.71480968e-259 1.31787500e-271
 1.17008711e-273 9.68900823e-269 4.50779756e-285 4.68867751e-280
 2.93589734e-269 1.14739301e-252 8.71555391e-261 7.18929401e-288
 2.78272017e-266 1.13727628e-239 2.68429890e-265 7.98407512e-260
 7.05965517e-266 1.30635854e-257 1.12969937e-275 1.71752486e-256
 7.92909764e-274 3.48660120e-243 4.63985420e-275 5.77560394e-264
 1.14185100e-261 2.23671214e-273 7.67757611e-258 1.92106208e-275
 7.40184658e-251 1.43493169e-265 2.65538399e-293 4.68384555e-286
 1.38782679e-259 1.49958834e-288]","[1.12874497e-291 2.87869028e-316 1.07233611e-254 1.26214194e-281
 2.60557341e-271 2.25313966e-309 2.02220187e-289 1.52022623e-277
 1.07934238e-272 5.02953467e-273 2.74691982e-274 5.70856166e-287
 1.11418885e-272 5.57237601e-263 2.18371798e-294 7.91959218e-270
 2.27104906e-280 5.38563938e-302 9.79175111e-276 3.42274932e-282
 5.24884119e-277 6.48275284e-274 7.20520343e-280 2.85008938e-283
 8.75905926e-272 1.09609011e-271 1.11674891e-276 1.63557563e-295
 4.40100590e-272 4.76237609e-259 1.56018170e-264 2.52061139e-270
 1.62946783e-283 1.05329645e-270 7.73991949e-283 8.90076057e-260
 9.57686739e-297 1.98457001e-261 5.09328051e-286 1.54205401e-273
 1.45309097e-268 7.22229157e-287 1.05903814e-276 3.13850286e-269
 1.03983382e-249 8.46871096e-272 1.52260844e-300 2.27365515e-292
 1.25803872e-260 5.64742231e-296]","[0.11496735 0.11511099 0.10356271 0.10842943 0.10658133 0.11161816
 0.11570203 0.09656179 0.09958863 0.10209358 0.10502553 0.10203063
 0.10371947 0.10549521 0.11872375 0.09720755 0.11031401 0.11482179
 0.09386277 0.11620617 0.11699116 0.10544086 0.11218727 0.11223972
 0.10727644 0.10538864 0.0967195  0.11106849 0.10364437 0.10586047
 0.09879041 0.10690832 0.10524333 0.10687888 0.11471748 0.1140511
 0.09772682 0.1026243  0.10351312 0.1163702  0.10230243 0.10142159
 0.10940921 0.11220241 0.10077453 0.11075878 0.11355257 0.10877597
 0.09947586 0.11577237]","[0.12124825 0.12599099 0.10814929 0.11717415 0.11148417 0.1174053
 0.1260488  0.10558152 0.10780704 0.10731387 0.11656344 0.10885429
 0.1094594  0.11056423 0.12240553 0.1052649  0.12149298 0.12477946
 0.10255373 0.12582386 0.12233281 0.11019671 0.11484039 0.11763608
 0.11155617 0.1125989  0.10301161 0.1185571  0.10672748 0.11808121
 0.1032722  0.11382294 0.11191893 0.11310148 0.12065148 0.11798394
 0.10674989 0.11217427 0.10815859 0.1215961  0.10890806 0.10766304
 0.12015939 0.11652946 0.10611928 0.11835682 0.12007523 0.11661303
 0.1050272  0.12515473]","[0.25549338 0.25890652 0.24474403 0.25199656 0.24966636 0.25375978
 0.26196186 0.23889764 0.24433662 0.2444702  0.25049235 0.24600984
 0.24595132 0.24812883 0.26306227 0.24178808 0.25490154 0.25781896
 0.23732623 0.26088365 0.26024257 0.2510886  0.25708538 0.25735814
 0.25227521 0.2493852  0.23893495 0.25854628 0.24598809 0.25082326
 0.24228863 0.24826859 0.24760403 0.25176939 0.25838726 0.26141302
 0.2393295  0.24484379 0.24846085 0.2626385  0.24585923 0.24449666
 0.25593964 0.25660939 0.24252268 0.25309603 0.25624178 0.2548656
 0.24119444 0.26076484]","[0.2663091  0.27340655 0.25406601 0.26433569 0.25865973 0.26337454
 0.27541495 0.25069888 0.25597931 0.25387786 0.26564794 0.25685097
 0.25508065 0.25716689 0.27100202 0.25362586 0.26923105 0.27142362
 0.25012191 0.2740638  0.26898896 0.25857466 0.26318414 0.26629174
 0.26004039 0.25991687 0.24914561 0.26936032 0.25379743 0.26718498
 0.25097696 0.25939433 0.25788511 0.26218003 0.26835572 0.26920707
 0.25249529 0.25876037 0.25616897 0.27180433 0.25685542 0.25402152
 0.27031388 0.26420382 0.25181524 0.26501819 0.26664376 0.26634204
 0.25137066 0.27428931]",4.210288900463438e-111,5.952891157585852e-115,2.9471999808929627e-110,4.1664846015056746e-114,2.6072581722491605e-08,2.3364012420312718e-08,9.774224897254272e-09,8.553495330568641e-09,1e-05,1e-05,0.0,0.0,0.3863705820941925,0.3925712210083007,0.009379501297501527,0.009236786212810218,0.1071941900253296,0.11411079406738281,0.006369387647387064,0.006778972517911516,0.2509783506988034,0.2616984886504662,0.007107082671443418,0.007453179034874828
df3,0.4,-1.0,0.4,"[1.69558264e-118 1.70515873e-119 1.62932937e-122 3.62405363e-151
 1.69558264e-118 3.16357866e-142 4.50098708e-136 8.65193381e-137
 3.66625391e-120 9.11197923e-131 3.56765397e-117 2.63328336e-152
 2.10514288e-109 1.36018053e-142 1.16697210e-146 6.16042076e-134
 7.84645245e-121 3.11577768e-125 1.59807269e-132 7.70163359e-122
 3.89617725e-108 2.50543477e-143 1.81440195e-131 3.59598810e-132
 1.12215372e-128 1.36018053e-142 6.16042076e-134 1.52170582e-145
 1.12215372e-128 2.72168499e-134 1.32505188e-126 1.01652477e-129
 4.85997494e-110 7.48112939e-123 1.01652477e-129 2.92297102e-126
 5.34499160e-111 2.72168499e-134 3.59598810e-132 9.11197923e-131
 7.09357420e-133 3.54443794e-122 2.59582860e-139 1.20103174e-134
 2.59582860e-139 3.62364483e-121 3.46283303e-116 8.08221677e-132
 7.34927700e-142 3.62364483e-121]","[1.57171273e-123 3.59598810e-132 1.59807269e-132 1.09619158e-152
 1.57171273e-123 4.50098708e-136 7.22731515e-138 2.72168499e-134
 7.19151616e-124 2.26605441e-129 3.62364483e-121 2.63328336e-152
 5.34499160e-111 5.97340427e-139 3.95211198e-141 8.65193381e-137
 6.84127225e-125 2.72168499e-134 6.64504909e-149 2.49277144e-128
 2.97606811e-113 3.95211198e-141 3.54443794e-122 4.88474039e-140
 1.50038437e-124 1.36018053e-142 2.33052754e-135 1.07337441e-143
 5.53102464e-128 8.38015691e-145 3.28672716e-124 5.53102464e-128
 3.66625391e-120 6.44036529e-126 3.73908448e-148 1.12671987e-139
 5.04562598e-129 1.70527622e-141 2.11520456e-140 1.39274712e-133
 2.03839988e-130 1.81440195e-131 1.17530003e-149 5.29370851e-135
 1.36018053e-142 1.41739559e-125 7.61901024e-117 9.14846799e-141
 2.59582860e-139 1.59807269e-132]","[1.69558264e-118 1.70515873e-119 1.62932937e-122 3.62405363e-151
 1.69558264e-118 3.16357866e-142 4.50098708e-136 8.65193381e-137
 3.66625391e-120 9.11197923e-131 3.56765397e-117 2.63328336e-152
 2.10514288e-109 1.36018053e-142 1.16697210e-146 6.16042076e-134
 7.84645245e-121 3.11577768e-125 1.59807269e-132 7.70163359e-122
 3.89617725e-108 2.50543477e-143 1.81440195e-131 3.59598810e-132
 1.12215372e-128 1.36018053e-142 6.16042076e-134 1.52170582e-145
 1.12215372e-128 2.72168499e-134 1.32505188e-126 1.01652477e-129
 4.85997494e-110 7.48112939e-123 1.01652477e-129 2.92297102e-126
 5.34499160e-111 2.72168499e-134 3.59598810e-132 9.11197923e-131
 7.09357420e-133 3.54443794e-122 2.59582860e-139 1.20103174e-134
 2.59582860e-139 3.62364483e-121 3.46283303e-116 8.08221677e-132
 7.34927700e-142 3.62364483e-121]","[1.57171273e-123 3.59598810e-132 1.59807269e-132 1.09619158e-152
 1.57171273e-123 4.50098708e-136 7.22731515e-138 2.72168499e-134
 7.19151616e-124 2.26605441e-129 3.62364483e-121 2.63328336e-152
 5.34499160e-111 5.97340427e-139 3.95211198e-141 8.65193381e-137
 6.84127225e-125 2.72168499e-134 6.64504909e-149 2.49277144e-128
 2.97606811e-113 3.95211198e-141 3.54443794e-122 4.88474039e-140
 1.50038437e-124 1.36018053e-142 2.33052754e-135 1.07337441e-143
 5.53102464e-128 8.38015691e-145 3.28672716e-124 5.53102464e-128
 3.66625391e-120 6.44036529e-126 3.73908448e-148 1.12671987e-139
 5.04562598e-129 1.70527622e-141 2.11520456e-140 1.39274712e-133
 2.03839988e-130 1.81440195e-131 1.17530003e-149 5.29370851e-135
 1.36018053e-142 1.41739559e-125 7.61901024e-117 9.14846799e-141
 2.59582860e-139 1.59807269e-132]","[1.25172260e-08 3.66317248e-08 1.37430289e-08 3.57559965e-08
 2.46652513e-08 1.71494298e-08 1.45226169e-08 1.95529104e-08
 3.09920928e-08 3.78780857e-08 2.03622673e-08 3.78481648e-08
 1.18491444e-08 1.70494965e-08 2.05463412e-08 3.58912332e-08
 2.56872453e-08 3.85390392e-08 3.07947224e-08 1.26600256e-08
 1.04944790e-08 3.97829631e-08 2.24047466e-08 2.25800298e-08
 1.95426227e-08 2.46883296e-08 3.10059134e-08 2.29155558e-08
 2.69789208e-08 3.28842377e-08 1.68251414e-08 1.50115149e-08
 2.49903863e-08 3.88113532e-08 2.72094740e-08 1.63138432e-08
 1.84067179e-08 3.64785585e-08 1.44544110e-08 2.14955288e-08
 4.19950659e-08 3.08765415e-08 4.06483849e-08 2.11429451e-08
 2.08275213e-08 1.81592723e-08 1.64583506e-08 2.25342067e-08
 1.31712949e-08 1.13529560e-08]","[1.88058372e-08 2.15752958e-08 3.57119764e-08 2.27639918e-08
 2.84986771e-08 2.04178787e-08 2.08391520e-08 2.59148273e-08
 1.17454537e-08 1.55709783e-08 1.41733526e-08 1.52810664e-08
 2.98657330e-08 2.14723540e-08 2.04569304e-08 2.15452719e-08
 1.18999685e-08 2.76766938e-08 2.94239705e-08 2.85748594e-08
 1.81579810e-08 3.08916080e-08 2.28217805e-08 2.11863835e-08
 2.21722406e-08 3.49741502e-08 3.31764038e-08 2.33847114e-08
 3.48821393e-08 2.20775077e-08 1.74892826e-08 1.82765516e-08
 1.87179833e-08 1.55355018e-08 1.88272303e-08 4.35399693e-08
 2.33536057e-08 1.53569590e-08 3.62801537e-08 1.31205563e-08
 1.59047876e-08 2.60945279e-08 3.63762496e-08 2.83075059e-08
 1.48313325e-08 2.65033050e-08 3.68789700e-08 2.10136921e-08
 1.35800159e-08 2.27607875e-08]","[1.e-05 1.e-05 1.e-05 1.e-05 1.e-05 1.e-05 1.e-05 1.e-05 1.e-05 1.e-05
 1.e-05 1.e-05 1.e-05 1.e-05 1.e-05 1.e-05 1.e-05 1.e-05 1.e-05 1.e-05
 1.e-05 1.e-05 1.e-05 1.e-05 1.e-05 1.e-05 1.e-05 1.e-05 1.e-05 1.e-05
 1.e-05 1.e-05 1.e-05 1.e-05 1.e-05 1.e-05 1.e-05 1.e-05 1.e-05 1.e-05
 1.e-05 1.e-05 1.e-05 1.e-05 1.e-05 1.e-05 1.e-05 1.e-05 1.e-05 1.e-05]","[1.e-05 1.e-05 1.e-05 1.e-05 1.e-05 1.e-05 1.e-05 1.e-05 1.e-05 1.e-05
 1.e-05 1.e-05 1.e-05 1.e-05 1.e-05 1.e-05 1.e-05 1.e-05 1.e-05 1.e-05
 1.e-05 1.e-05 1.e-05 1.e-05 1.e-05 1.e-05 1.e-05 1.e-05 1.e-05 1.e-05
 1.e-05 1.e-05 1.e-05 1.e-05 1.e-05 1.e-05 1.e-05 1.e-05 1.e-05 1.e-05
 1.e-05 1.e-05 1.e-05 1.e-05 1.e-05 1.e-05 1.e-05 1.e-05 1.e-05 1.e-05]","[0.36365844 0.36873492 0.38480068 0.39895238 0.36816923 0.40159709
 0.38980436 0.38003277 0.38284778 0.37914741 0.36778131 0.40248398
 0.36135256 0.37347486 0.40304744 0.39013963 0.37738983 0.37132817
 0.38665243 0.38070607 0.3574245  0.39788132 0.37246591 0.37354719
 0.37532355 0.39047437 0.38108777 0.39902914 0.37913409 0.39123931
 0.39105888 0.37470892 0.37187359 0.37012369 0.3786526  0.37792944
 0.363571   0.37990778 0.39769525 0.38789854 0.38939587 0.37793373
 0.39390585 0.38758039 0.38355556 0.37432181 0.37274528 0.38457057
 0.39378185 0.37479912]","[0.37746043 0.39195946 0.39959964 0.40930968 0.38430189 0.40161337
 0.39613954 0.38863029 0.38909341 0.38533896 0.38361642 0.40756328
 0.37275827 0.37925905 0.41328626 0.40801892 0.39848678 0.3874571
 0.40587579 0.39458586 0.36552604 0.40088113 0.37613158 0.39110259
 0.38327444 0.40207344 0.38062207 0.40547658 0.38758994 0.40790451
 0.39178423 0.38323162 0.37884039 0.37609586 0.40843725 0.39896014
 0.38203211 0.39161714 0.4093515  0.39607529 0.39574069 0.3884029
 0.40930348 0.39755025 0.39767732 0.38210359 0.3793433  0.40377231
 0.40171869 0.39124201]","[1.60079415e-237 2.05342418e-244 5.99393781e-267 1.00697891e-287
 1.21858149e-243 1.05478323e-291 3.40547942e-274 3.81074583e-260
 3.76836086e-264 6.81615467e-259 4.12504920e-243 4.80416976e-293
 1.99012413e-234 6.00910513e-251 6.72177025e-294 1.10358627e-274
 2.04191149e-256 5.61970039e-248 1.28520680e-269 4.22883701e-261
 3.30352462e-229 4.03660191e-286 1.50518310e-249 4.76825630e-251
 1.60162932e-253 3.57859017e-275 1.21363409e-261 7.72571492e-288
 7.11806087e-259 2.71787356e-276 4.99469460e-276 1.15357099e-252
 9.92516794e-249 2.55888659e-246 3.40476154e-258 3.55726763e-257
 2.09938143e-237 5.72843530e-260 7.65554987e-286 2.01699207e-271
 1.34206584e-273 3.50813654e-257 3.24904952e-280 5.83448884e-271
 3.66292521e-265 3.99276484e-252 6.17596347e-250 1.28323492e-266
 4.95273441e-280 8.63575656e-253]","[1.62483640e-256 2.38750775e-277 1.07612315e-288 1.73720219e-303
 3.11912084e-266 9.96710886e-292 1.59240770e-283 1.74599263e-272
 3.70081411e-273 1.00804089e-267 2.99696867e-265 8.53466034e-301
 5.92534761e-250 4.74012544e-259 1.14989024e-309 1.69952858e-301
 5.01734079e-287 8.80339617e-271 3.30244235e-298 3.20992897e-281
 4.80332709e-240 1.26945958e-290 1.18801567e-254 4.31023708e-276
 9.25053536e-265 2.00928399e-292 5.56481332e-261 1.34630307e-297
 5.65145346e-271 2.54918881e-301 4.31691922e-277 1.06517788e-264
 1.84965351e-258 1.33295503e-254 3.85512688e-302 9.80350768e-288
 5.49674369e-263 7.59145243e-277 1.49699739e-303 1.98406428e-283
 6.23212103e-283 3.73694823e-272 1.77594269e-303 1.26031980e-285
 8.14240691e-286 4.34728418e-263 3.60328657e-259 5.32864787e-295
 6.90937371e-292 2.69316964e-276]","[0.09557426 0.10211468 0.10721481 0.11416018 0.09472454 0.12032926
 0.10665214 0.1032995  0.10957205 0.10190094 0.10375786 0.10198879
 0.09915328 0.08864546 0.11464047 0.11546326 0.09980607 0.1068722
 0.11912119 0.10102832 0.09579813 0.10251713 0.09883547 0.10093224
 0.10494101 0.11028206 0.10912466 0.10307789 0.11220706 0.10345495
 0.10989821 0.09051144 0.10517406 0.09951293 0.1029166  0.11337936
 0.09916902 0.11180151 0.10589731 0.10769832 0.11007118 0.10814559
 0.09986973 0.11266744 0.09976423 0.10930192 0.10059524 0.09798062
 0.11692667 0.10757613]","[0.10569322 0.11802113 0.12058699 0.12748313 0.10522604 0.1291517
 0.11507607 0.11345398 0.11662495 0.10881627 0.11755776 0.11127031
 0.11144793 0.09848881 0.12687159 0.12876153 0.11119854 0.11944258
 0.13333607 0.1112076  0.10409582 0.11316168 0.1067071  0.11557937
 0.11476552 0.1215533  0.1155386  0.10992217 0.12041104 0.11394691
 0.11576605 0.09907293 0.11447275 0.10843134 0.11740768 0.12800837
 0.11254203 0.11833155 0.11703718 0.11892998 0.11974502 0.11768305
 0.11333227 0.12073183 0.11200476 0.11804533 0.10887432 0.11132693
 0.12481618 0.11889005]","[0.23734469 0.24391488 0.24854217 0.26007131 0.23484821 0.26517582
 0.24982591 0.24673346 0.25509508 0.24540188 0.24887609 0.24348238
 0.24393064 0.2301946  0.26210636 0.26021901 0.24359524 0.24801041
 0.26566174 0.24324489 0.24156702 0.24457971 0.24200574 0.24789734
 0.24940888 0.25476094 0.25192145 0.24640543 0.25682898 0.24895998
 0.25629699 0.23281226 0.25073489 0.24500187 0.24756233 0.26005379
 0.24317111 0.25987015 0.24999878 0.25128242 0.25654164 0.25512246
 0.2458772  0.25700707 0.24428547 0.25227948 0.24333118 0.2428067
 0.26368463 0.25360334]","[0.25197932 0.26430163 0.26581021 0.27837475 0.24939913 0.27812411
 0.26220447 0.2601362  0.26630099 0.25626127 0.26656723 0.25739054
 0.26000859 0.24510171 0.27754108 0.27664871 0.25960969 0.26515376
 0.28352116 0.25743102 0.25352577 0.26087443 0.25514943 0.26678139
 0.26323326 0.27045304 0.26259858 0.25750344 0.26912844 0.26216748
 0.26611954 0.24553477 0.26439226 0.25822462 0.26647271 0.27764731
 0.2606935  0.2705914  0.26490833 0.2667769  0.27088414 0.26898163
 0.26338612 0.26900015 0.26008104 0.26565952 0.25659839 0.25945676
 0.27584101 0.26797373]",8.321272632936995e-110,1.0749519804540855e-112,5.455398434045939e-109,7.4822536713945125e-112,2.430154619981195e-08,2.3373762845224633e-08,9.175766067092125e-09,7.520580925053132e-09,1e-05,1e-05,0.0,0.0,0.38151436417579654,0.3927643357658387,0.01128956085691928,0.011404135589134086,0.10512094736099244,0.11561694622039795,0.0069018474647925395,0.007307532794305991,0.24943867940826306,0.2640500929653409,0.00800166421810389,0.008203528640658223
df3,0.45,-1.0,0.45,"[8.65193381e-137 9.11197923e-131 2.26605441e-129 1.39274712e-133
 5.29370851e-135 4.06843613e-131 3.15189803e-138 4.59306180e-144
 9.46545979e-156 3.28672716e-124 4.59306180e-144 8.38015691e-145
 1.20103174e-134 7.22731515e-138 7.19151616e-124 1.11687624e-110
 4.55467848e-130 1.41739559e-125 8.08221677e-132 4.50098708e-136
 2.92297102e-126 1.02479477e-135 1.41739559e-125 4.50098708e-136
 1.20103174e-134 2.06878284e-150 3.57314355e-145 2.49277144e-128
 5.99978104e-127 2.50543477e-143 9.11197923e-131 1.62522975e-116
 1.32505188e-126 7.08090934e-107 3.15189803e-138 3.43101012e-123
 7.09357420e-133 3.95211198e-141 5.29370851e-135 1.12671987e-139
 1.56663455e-115 3.15189803e-138 7.05518906e-115 7.61901024e-117
 9.11197923e-131 3.66625391e-120 3.54443794e-122 8.85357293e-148
 2.71351259e-127 1.39274712e-133]","[3.28672716e-124 3.78658116e-137 3.14502261e-133 1.02479477e-135
 3.95211198e-141 5.29370851e-135 1.36018053e-142 9.46545979e-156
 7.85078471e-154 2.03839988e-130 1.07337441e-143 2.75002067e-146
 3.95211198e-141 2.50543477e-143 1.70527622e-141 1.20103174e-134
 1.70527622e-141 8.08221677e-132 1.39274712e-133 3.15189803e-138
 5.84114683e-143 2.59582860e-139 3.78658116e-137 2.50543477e-143
 3.95211198e-141 8.66394516e-151 5.56191291e-155 3.66625391e-120
 3.15189803e-138 5.11181442e-160 2.49277144e-128 1.57171273e-123
 2.33052754e-135 7.70163359e-122 3.16357866e-142 1.41739559e-125
 3.62405363e-151 1.36018053e-142 4.88474039e-140 8.65193381e-137
 3.59598810e-132 1.07337441e-143 1.22580667e-127 6.84127225e-125
 7.70163359e-122 3.14502261e-133 3.15189803e-138 9.11163913e-163
 1.01652477e-129 8.65193381e-137]","[8.65193381e-137 9.11197923e-131 2.26605441e-129 1.39274712e-133
 5.29370851e-135 4.06843613e-131 3.15189803e-138 4.59306180e-144
 9.46545979e-156 3.28672716e-124 4.59306180e-144 8.38015691e-145
 1.20103174e-134 7.22731515e-138 7.19151616e-124 1.11687624e-110
 4.55467848e-130 1.41739559e-125 8.08221677e-132 4.50098708e-136
 2.92297102e-126 1.02479477e-135 1.41739559e-125 4.50098708e-136
 1.20103174e-134 2.06878284e-150 3.57314355e-145 2.49277144e-128
 5.99978104e-127 2.50543477e-143 9.11197923e-131 1.62522975e-116
 1.32505188e-126 7.08090934e-107 3.15189803e-138 3.43101012e-123
 7.09357420e-133 3.95211198e-141 5.29370851e-135 1.12671987e-139
 1.56663455e-115 3.15189803e-138 7.05518906e-115 7.61901024e-117
 9.11197923e-131 3.66625391e-120 3.54443794e-122 8.85357293e-148
 2.71351259e-127 1.39274712e-133]","[3.28672716e-124 3.78658116e-137 3.14502261e-133 1.02479477e-135
 3.95211198e-141 5.29370851e-135 1.36018053e-142 9.46545979e-156
 7.85078471e-154 2.03839988e-130 1.07337441e-143 2.75002067e-146
 3.95211198e-141 2.50543477e-143 1.70527622e-141 1.20103174e-134
 1.70527622e-141 8.08221677e-132 1.39274712e-133 3.15189803e-138
 5.84114683e-143 2.59582860e-139 3.78658116e-137 2.50543477e-143
 3.95211198e-141 8.66394516e-151 5.56191291e-155 3.66625391e-120
 3.15189803e-138 5.11181442e-160 2.49277144e-128 1.57171273e-123
 2.33052754e-135 7.70163359e-122 3.16357866e-142 1.41739559e-125
 3.62405363e-151 1.36018053e-142 4.88474039e-140 8.65193381e-137
 3.59598810e-132 1.07337441e-143 1.22580667e-127 6.84127225e-125
 7.70163359e-122 3.14502261e-133 3.15189803e-138 9.11163913e-163
 1.01652477e-129 8.65193381e-137]","[2.28266096e-08 1.81849311e-08 2.64054767e-08 3.07818534e-08
 3.77568402e-08 1.96538801e-08 2.86033507e-08 2.80920468e-08
 2.74613913e-08 2.52329865e-08 2.41174426e-08 2.32678884e-08
 2.45378690e-08 2.14119958e-08 3.59169485e-08 1.74802872e-08
 2.35734706e-08 2.03152092e-08 1.88450242e-08 3.21177771e-08
 1.77216464e-08 3.65004234e-08 2.55506899e-08 2.44671080e-08
 2.91331328e-08 2.41811138e-08 4.05849987e-08 1.26572045e-08
 1.29493275e-08 1.38908273e-08 3.45490877e-08 1.81338191e-08
 3.22130321e-08 3.03522348e-08 1.50471249e-08 2.58248369e-08
 2.29067489e-08 2.67884230e-08 2.34686793e-08 1.74156107e-08
 2.00018695e-08 1.47395862e-08 1.72275735e-08 1.36931994e-08
 2.04172106e-08 1.20910748e-08 1.18656007e-08 2.49683246e-08
 1.17902269e-08 3.78128562e-08]","[2.28394198e-08 1.48552876e-08 1.48173963e-08 3.11286166e-08
 1.62632444e-08 1.85885611e-08 1.70847094e-08 2.04402565e-08
 1.49812578e-08 1.83271816e-08 3.58670927e-08 3.61434299e-08
 1.33297873e-08 1.59667064e-08 1.38665905e-08 3.38054595e-08
 2.67144631e-08 4.35910911e-08 1.53191297e-08 1.63580480e-08
 3.97805816e-08 2.16782435e-08 1.57198915e-08 1.80610288e-08
 2.60871328e-08 2.28764827e-08 2.15745501e-08 1.14894659e-08
 3.28727968e-08 2.38810045e-08 2.55286791e-08 1.51106364e-08
 2.34446951e-08 1.13188742e-08 1.91432550e-08 2.94552875e-08
 1.68183782e-08 1.98405014e-08 1.63374155e-08 1.61902965e-08
 2.94746756e-08 2.28788672e-08 1.88851133e-08 1.45353882e-08
 1.86911819e-08 1.39803749e-08 1.47647063e-08 1.57726117e-08
 1.59978437e-08 2.21432928e-08]","[1.e-05 1.e-05 1.e-05 1.e-05 1.e-05 1.e-05 1.e-05 1.e-05 1.e-05 1.e-05
 1.e-05 1.e-05 1.e-05 1.e-05 1.e-05 1.e-05 1.e-05 1.e-05 1.e-05 1.e-05
 1.e-05 1.e-05 1.e-05 1.e-05 1.e-05 1.e-05 1.e-05 1.e-05 1.e-05 1.e-05
 1.e-05 1.e-05 1.e-05 1.e-05 1.e-05 1.e-05 1.e-05 1.e-05 1.e-05 1.e-05
 1.e-05 1.e-05 1.e-05 1.e-05 1.e-05 1.e-05 1.e-05 1.e-05 1.e-05 1.e-05]","[1.e-05 1.e-05 1.e-05 1.e-05 1.e-05 1.e-05 1.e-05 1.e-05 1.e-05 1.e-05
 1.e-05 1.e-05 1.e-05 1.e-05 1.e-05 1.e-05 1.e-05 1.e-05 1.e-05 1.e-05
 1.e-05 1.e-05 1.e-05 1.e-05 1.e-05 1.e-05 1.e-05 1.e-05 1.e-05 1.e-05
 1.e-05 1.e-05 1.e-05 1.e-05 1.e-05 1.e-05 1.e-05 1.e-05 1.e-05 1.e-05
 1.e-05 1.e-05 1.e-05 1.e-05 1.e-05 1.e-05 1.e-05 1.e-05 1.e-05 1.e-05]","[0.378061   0.38711232 0.36945052 0.39741595 0.40492685 0.38558326
 0.39558312 0.38880477 0.40220363 0.38305658 0.38816116 0.39403395
 0.38948124 0.39838715 0.37829023 0.36647187 0.38808989 0.39354951
 0.39464557 0.39833822 0.37083363 0.37934499 0.3861217  0.38559719
 0.38838587 0.40775307 0.39090568 0.37062112 0.37954146 0.3790248
 0.3909772  0.36386355 0.38809305 0.36017528 0.39923896 0.37610797
 0.39113593 0.39180132 0.37715834 0.3960593  0.37160893 0.3757565
 0.37295929 0.36205773 0.37052115 0.36779722 0.38712872 0.39350768
 0.38286314 0.39798544]","[0.38306736 0.40316785 0.38284693 0.40053072 0.42197233 0.40548165
 0.40322643 0.40677293 0.41863075 0.39622671 0.40712134 0.41160765
 0.39729037 0.41567217 0.40337129 0.39931642 0.41239319 0.40774472
 0.40446966 0.40614839 0.40098709 0.40039265 0.40577359 0.3942004
 0.39446605 0.41843785 0.41183509 0.38896742 0.40261595 0.40528349
 0.39785008 0.37863272 0.40959257 0.38486788 0.41576525 0.3891814
 0.4133171  0.39804747 0.38920585 0.40798742 0.39949245 0.39265991
 0.39885705 0.38477581 0.37630946 0.39303192 0.40036568 0.42401785
 0.39448462 0.40712226]","[2.32218887e-257 2.77884956e-270 2.14880879e-245 1.99951614e-285
 9.29803165e-297 4.48394855e-268 1.06797799e-282 9.73465878e-273
 1.27662066e-292 1.89556193e-264 8.38661986e-272 2.10155008e-280
 1.00777031e-273 7.07285329e-287 1.10406572e-257 2.50193057e-241
 1.06425380e-271 1.09077768e-279 2.61888041e-281 8.37173082e-287
 2.69988496e-247 3.58358132e-259 7.50546577e-269 4.28155391e-268
 3.95597995e-272 4.35886966e-301 8.37165151e-276 5.29573638e-247
 1.89010261e-259 1.01561870e-258 6.57815637e-276 8.47202358e-238
 1.05306153e-271 7.41645815e-233 3.74330280e-288 1.28195924e-254
 3.85183611e-276 4.07472221e-277 4.31745842e-256 2.09566637e-283
 2.30290154e-248 3.97732286e-254 3.11979761e-250 2.26413409e-235
 7.26964713e-247 3.92383286e-243 2.63112915e-270 1.25728710e-279
 3.58261749e-264 2.82099344e-286]","[1.82945416e-264 4.41351903e-294 3.77887422e-264 4.28143419e-290
 0.00000000e+000 1.32248338e-297 3.59641606e-294 1.39543467e-299
 4.40349841e-318 1.18152862e-283 4.07474558e-300 4.76093368e-307
 3.07812896e-285 2.08495816e-313 2.16741336e-294 2.86440971e-288
 2.84819808e-308 4.48968023e-301 4.62753928e-296 1.26382407e-298
 8.78745276e-291 6.91010563e-290 4.73301886e-298 1.19281034e-280
 4.82776633e-281 8.90922888e-318 2.10787225e-307 5.64518799e-273
 3.03180149e-293 2.65503912e-297 4.49454622e-286 3.63181148e-258
 6.34748318e-304 4.79863343e-267 1.48804784e-313 2.75538658e-273
 1.02911284e-309 2.27866677e-286 2.53851334e-273 1.90026924e-301
 1.55888040e-288 2.23048260e-278 1.39925717e-287 6.50808170e-267
 6.69482698e-255 6.32013359e-279 7.58716500e-290 0.00000000e+000
 4.53187732e-281 4.06147686e-300]","[0.09837794 0.10259032 0.10715115 0.11012709 0.1105113  0.10804701
 0.1024524  0.11387777 0.11532235 0.10291457 0.11290967 0.11021543
 0.10413766 0.11557353 0.10411656 0.09942269 0.10873151 0.11036479
 0.1152724  0.1174016  0.09783947 0.0879842  0.11020696 0.09090137
 0.10235584 0.11966264 0.10565972 0.09663033 0.10783076 0.09951127
 0.10724831 0.09124565 0.10794306 0.0969007  0.11887693 0.10618019
 0.11357939 0.11320305 0.10259092 0.11157668 0.09994459 0.1000967
 0.09949756 0.09442842 0.09445107 0.10475707 0.10959661 0.10926986
 0.09976184 0.10813856]","[0.11054397 0.11523771 0.11715591 0.11597669 0.12225485 0.12290907
 0.11360896 0.12794292 0.13010418 0.11261272 0.12458301 0.12438214
 0.11296535 0.13081992 0.11979723 0.11639643 0.1268872  0.12183523
 0.13247132 0.12689745 0.11272228 0.10098004 0.12325466 0.10149634
 0.11664331 0.1276679  0.11791146 0.10721529 0.12227929 0.11655927
 0.11836445 0.10388875 0.12378168 0.11364365 0.13080907 0.11332309
 0.13457143 0.12660837 0.11634099 0.12124562 0.11619365 0.11072588
 0.11583507 0.11086166 0.10512233 0.12379861 0.1210146  0.12478161
 0.10931063 0.12077451]","[0.24122727 0.24532685 0.25297591 0.25568684 0.25364841 0.25266977
 0.24513366 0.25983592 0.25792119 0.24560937 0.2593047  0.25524317
 0.24669433 0.26093    0.24903179 0.24406539 0.25474101 0.2559435
 0.26287789 0.262873   0.23922332 0.23124976 0.25599216 0.23069214
 0.2471189  0.26213597 0.24831887 0.24055217 0.25333158 0.24154155
 0.2518079  0.23326119 0.25106103 0.23881007 0.26514904 0.2502342
 0.25841886 0.25749233 0.24858703 0.25649252 0.24250696 0.24250589
 0.2400546  0.23667716 0.23518896 0.25048922 0.2530883  0.25096272
 0.24343826 0.25219214]","[0.25788014 0.26279676 0.26740269 0.26521019 0.26879342 0.27114068
 0.26023574 0.2774757  0.27719471 0.25999404 0.27466445 0.27270152
 0.26045485 0.2798112  0.26903901 0.26503906 0.27674872 0.27202462
 0.28287786 0.27627861 0.25778783 0.24939092 0.27279874 0.24570724
 0.26637516 0.27303876 0.2645264  0.25623506 0.27097319 0.26293485
 0.2667937  0.25179344 0.27088267 0.26055678 0.28005607 0.26125367
 0.28398009 0.27487762 0.26617651 0.26994588 0.26337299 0.25683103
 0.26102965 0.25866622 0.2513044  0.27357994 0.26890879 0.27065482
 0.25731878 0.26894964]",1.4164052601702054e-108,7.644539414146101e-122,9.913241280395447e-108,5.13051429497091e-121,2.3510537423554467e-08,2.1092419644208604e-08,7.445423353806265e-09,7.531839994507247e-09,1e-05,1e-05,0.0,0.0,0.3847314601802826,0.4013116639614106,0.011594447010986263,0.01091503206661858,0.1055477499961853,0.11866215467453003,0.007439079273377729,0.007927838622775843,0.24940629491885005,0.26668929622022713,0.008601292262957031,0.008652169692831724
df3,0.5,-1.0,0.5,"[8.65193381e-137 1.62522975e-116 1.20103174e-134 1.16697210e-146
 1.65526914e-137 3.46283303e-116 1.39274712e-133 1.70527622e-141
 7.19151616e-124 6.31809023e-152 2.71351259e-127 4.93392456e-150
 9.14846799e-141 3.78658116e-137 4.55467848e-130 7.19151616e-124
 1.67153521e-121 2.75002067e-146 8.08221677e-132 1.01652477e-129
 3.59598810e-132 7.19151616e-124 1.07337441e-143 2.92297102e-126
 1.59807269e-132 9.11197923e-131 8.65193381e-137 2.09388117e-147
 3.43101012e-123 7.61901024e-117 4.59306180e-144 2.03839988e-130
 3.11577768e-125 7.61901024e-117 2.11520456e-140 1.12215372e-128
 1.49462228e-114 3.78658116e-137 3.66625391e-120 4.59306180e-144
 3.15189803e-138 1.65526914e-137 8.65193381e-137 3.78658116e-137
 3.73908448e-148 1.39274712e-133 1.36018053e-142 2.50543477e-143
 7.48112939e-123 3.54443794e-122]","[8.85357293e-148 1.67153521e-121 5.84114683e-143 3.62405363e-151
 3.73908448e-148 1.12215372e-128 1.07337441e-143 1.38326502e-161
 5.53102464e-128 2.79630084e-149 9.11197923e-131 3.16357866e-142
 5.84114683e-143 4.55776756e-153 2.33052754e-135 1.81440195e-131
 8.08221677e-132 5.93631016e-164 3.78658116e-137 2.07706765e-160
 2.79630084e-149 3.14502261e-133 3.73908448e-148 1.96307101e-144
 6.47280639e-146 1.85265048e-158 9.46545979e-156 1.85265048e-158
 2.72168499e-134 4.50098708e-136 5.11181442e-160 3.57314355e-145
 4.94613442e-147 1.97454306e-136 2.11520456e-140 8.38015691e-145
 1.01652477e-129 3.89773873e-156 4.94613442e-147 5.11181442e-160
 1.34579277e-154 1.36018053e-142 4.59306180e-144 4.94613442e-147
 4.55776756e-153 4.59306180e-144 1.09619158e-152 3.08488950e-159
 2.11520456e-140 1.02479477e-135]","[8.65193381e-137 1.62522975e-116 1.20103174e-134 1.16697210e-146
 1.65526914e-137 3.46283303e-116 1.39274712e-133 1.70527622e-141
 7.19151616e-124 6.31809023e-152 2.71351259e-127 4.93392456e-150
 9.14846799e-141 3.78658116e-137 4.55467848e-130 7.19151616e-124
 1.67153521e-121 2.75002067e-146 8.08221677e-132 1.01652477e-129
 3.59598810e-132 7.19151616e-124 1.07337441e-143 2.92297102e-126
 1.59807269e-132 9.11197923e-131 8.65193381e-137 2.09388117e-147
 3.43101012e-123 7.61901024e-117 4.59306180e-144 2.03839988e-130
 3.11577768e-125 7.61901024e-117 2.11520456e-140 1.12215372e-128
 1.49462228e-114 3.78658116e-137 3.66625391e-120 4.59306180e-144
 3.15189803e-138 1.65526914e-137 8.65193381e-137 3.78658116e-137
 3.73908448e-148 1.39274712e-133 1.36018053e-142 2.50543477e-143
 7.48112939e-123 3.54443794e-122]","[8.85357293e-148 1.67153521e-121 5.84114683e-143 3.62405363e-151
 3.73908448e-148 1.12215372e-128 1.07337441e-143 1.38326502e-161
 5.53102464e-128 2.79630084e-149 9.11197923e-131 3.16357866e-142
 5.84114683e-143 4.55776756e-153 2.33052754e-135 1.81440195e-131
 8.08221677e-132 5.93631016e-164 3.78658116e-137 2.07706765e-160
 2.79630084e-149 3.14502261e-133 3.73908448e-148 1.96307101e-144
 6.47280639e-146 1.85265048e-158 9.46545979e-156 1.85265048e-158
 2.72168499e-134 4.50098708e-136 5.11181442e-160 3.57314355e-145
 4.94613442e-147 1.97454306e-136 2.11520456e-140 8.38015691e-145
 1.01652477e-129 3.89773873e-156 4.94613442e-147 5.11181442e-160
 1.34579277e-154 1.36018053e-142 4.59306180e-144 4.94613442e-147
 4.55776756e-153 4.59306180e-144 1.09619158e-152 3.08488950e-159
 2.11520456e-140 1.02479477e-135]","[2.09737483e-08 1.02542801e-08 2.50653883e-08 3.14940092e-08
 3.44049825e-08 3.42874007e-08 1.68020653e-08 1.47186677e-08
 3.93110380e-08 3.73949787e-08 4.02854565e-08 2.52146412e-08
 4.22031502e-08 1.40962414e-08 1.16693183e-08 3.87847943e-08
 3.28597123e-08 3.29635806e-08 1.51071254e-08 2.62469045e-08
 1.65005800e-08 1.47123456e-08 1.66283829e-08 1.22235396e-08
 3.18568559e-08 1.97517924e-08 3.89345687e-08 3.26456704e-08
 3.49516125e-08 2.38187480e-08 1.63141941e-08 2.90404549e-08
 1.66366241e-08 1.29948190e-08 4.08838362e-08 1.74609435e-08
 2.82909220e-08 4.40792310e-08 2.65914697e-08 3.26341066e-08
 4.10759016e-08 4.06703634e-08 2.88545403e-08 4.09680733e-08
 1.75714281e-08 3.43330069e-08 1.74019004e-08 1.78465021e-08
 1.18221630e-08 1.83309792e-08]","[2.16813889e-08 3.22703334e-08 1.40965544e-08 4.63984655e-08
 3.87662983e-08 2.61569367e-08 3.42220499e-08 2.14095426e-08
 1.31809884e-08 3.88848330e-08 2.12111101e-08 3.08661806e-08
 2.25263249e-08 4.44892516e-08 1.42323661e-08 3.27141219e-08
 3.29328067e-08 4.64311988e-08 3.13833715e-08 1.72161796e-08
 2.52416230e-08 1.75133250e-08 4.05267814e-08 1.30865268e-08
 3.87254272e-08 4.18227616e-08 4.16356564e-08 3.91002780e-08
 3.69616636e-08 3.43783447e-08 1.61317630e-08 3.85984389e-08
 2.95174838e-08 2.25413408e-08 2.83983864e-08 3.71834852e-08
 3.00439753e-08 1.62430237e-08 2.34090263e-08 3.25152456e-08
 4.74241501e-08 2.11010270e-08 1.52403415e-08 3.80779758e-08
 4.21693827e-08 4.38164206e-08 1.87420194e-08 2.47668216e-08
 2.20832406e-08 1.49955933e-08]","[1.e-05 1.e-05 1.e-05 1.e-05 1.e-05 1.e-05 1.e-05 1.e-05 1.e-05 1.e-05
 1.e-05 1.e-05 1.e-05 1.e-05 1.e-05 1.e-05 1.e-05 1.e-05 1.e-05 1.e-05
 1.e-05 1.e-05 1.e-05 1.e-05 1.e-05 1.e-05 1.e-05 1.e-05 1.e-05 1.e-05
 1.e-05 1.e-05 1.e-05 1.e-05 1.e-05 1.e-05 1.e-05 1.e-05 1.e-05 1.e-05
 1.e-05 1.e-05 1.e-05 1.e-05 1.e-05 1.e-05 1.e-05 1.e-05 1.e-05 1.e-05]","[1.e-05 1.e-05 1.e-05 1.e-05 1.e-05 1.e-05 1.e-05 1.e-05 1.e-05 1.e-05
 1.e-05 1.e-05 1.e-05 1.e-05 1.e-05 1.e-05 1.e-05 1.e-05 1.e-05 1.e-05
 1.e-05 1.e-05 1.e-05 1.e-05 1.e-05 1.e-05 1.e-05 1.e-05 1.e-05 1.e-05
 1.e-05 1.e-05 1.e-05 1.e-05 1.e-05 1.e-05 1.e-05 1.e-05 1.e-05 1.e-05
 1.e-05 1.e-05 1.e-05 1.e-05 1.e-05 1.e-05 1.e-05 1.e-05 1.e-05 1.e-05]","[0.36167442 0.37624941 0.40092908 0.39275596 0.39795414 0.38479046
 0.37765861 0.38572715 0.38814209 0.3999298  0.38763877 0.39691961
 0.39009198 0.40114179 0.38053784 0.37196967 0.37509533 0.38897654
 0.38324535 0.37689549 0.39058496 0.37150465 0.39256255 0.3802759
 0.38365236 0.38422462 0.39105296 0.38938788 0.36705853 0.37090827
 0.40312911 0.38596362 0.37278828 0.37791442 0.38974881 0.39026674
 0.37778138 0.37309379 0.36780146 0.38701065 0.38950166 0.37775607
 0.39965197 0.38204472 0.39073409 0.39457454 0.38406608 0.40089729
 0.38878501 0.37770655]","[0.38334735 0.39321428 0.41318223 0.41034388 0.42026737 0.40493914
 0.4113236  0.41421275 0.40229048 0.40718757 0.3968701  0.39933657
 0.41194215 0.42804609 0.40262228 0.39304778 0.39568157 0.41523129
 0.39777907 0.41489612 0.41367204 0.39432502 0.40999112 0.40744034
 0.40794494 0.41655206 0.41522919 0.41488205 0.39257919 0.39390707
 0.41789937 0.41303763 0.40243325 0.40640265 0.39897553 0.41652251
 0.40250137 0.39990052 0.39839177 0.41601431 0.40997014 0.39394911
 0.41762041 0.40244168 0.40660334 0.41779644 0.40922058 0.42797149
 0.41461853 0.40621814]","[7.38385890e-235 8.12536035e-255 1.07481346e-290 1.61086203e-278
 3.14188566e-286 6.20012088e-267 8.55396214e-257 2.78184231e-268
 8.93881260e-272 3.43372792e-289 4.80152910e-271 1.09912729e-284
 1.29536707e-274 5.13478830e-291 7.32773701e-261 7.31084821e-249
 3.33533932e-253 5.47529557e-273 1.01808386e-264 1.00970247e-255
 2.46616354e-275 3.20780563e-248 3.10190553e-278 1.72370798e-260
 2.66199072e-265 4.02623160e-266 5.09540381e-276 1.37853598e-273
 3.98483991e-242 2.13075559e-247 5.05323424e-294 1.26887967e-268
 5.38429897e-250 3.73468307e-257 4.10410551e-274 7.19683411e-275
 5.74745795e-257 2.03061747e-250 3.87202195e-243 3.89925875e-270
 9.41014186e-274 6.23849165e-257 8.97944516e-289 5.27389775e-263
 1.49247659e-275 3.33607747e-281 6.79665995e-266 1.20021089e-290
 1.04006588e-272 7.32400008e-257]","[7.27532863e-265 3.40441349e-279 1.67190493e-309 4.36138295e-305
 1.09386134e-320 8.90509538e-297 1.31609353e-306 4.08120158e-311
 9.43195874e-293 3.22413288e-300 1.30257985e-284 2.67176461e-288
 1.43615454e-307 0.00000000e+000 2.96554440e-293 5.98925651e-279
 7.62813401e-283 1.02897767e-312 5.73830147e-286 3.45864816e-312
 2.86694317e-310 7.80423441e-281 1.53460136e-304 1.31869795e-300
 2.20898812e-301 8.56610867e-315 1.03682686e-312 3.63916773e-312
 2.93188468e-278 3.23555908e-280 6.35679682e-317 2.81239752e-309
 5.73379021e-293 5.15575233e-299 9.29651648e-288 9.53679682e-315
 4.52144060e-293 3.79992303e-289 6.96113255e-287 6.03196460e-314
 1.65375045e-304 2.80456804e-280 1.75726838e-316 5.56764811e-293
 2.53944352e-299 9.25176755e-317 2.38499677e-303 0.00000000e+000
 9.43122346e-312 9.88308938e-299]","[0.09142935 0.09859037 0.1059401  0.10226882 0.10879028 0.10859311
 0.10623503 0.10828125 0.11212552 0.11891353 0.10186577 0.10443056
 0.10382736 0.11055923 0.09476411 0.09375978 0.10260892 0.10799229
 0.10661542 0.10703886 0.10609329 0.09058559 0.11613214 0.09428406
 0.1061604  0.1108408  0.096591   0.11037183 0.08475769 0.09135735
 0.11066782 0.10566795 0.10703886 0.10826993 0.11374724 0.10708988
 0.11088479 0.10631716 0.10166013 0.11287498 0.11110938 0.09592307
 0.11202967 0.10766745 0.10166144 0.10741568 0.10459661 0.10657644
 0.1055907  0.09573352]","[0.10768747 0.11394072 0.11757541 0.1130656  0.12588918 0.1226877
 0.12881172 0.13060474 0.12801683 0.1340512  0.11266649 0.11283648
 0.11979401 0.12914336 0.11077189 0.10786271 0.11889756 0.12795079
 0.11938643 0.12728512 0.12190151 0.10669839 0.13248479 0.11146724
 0.12558615 0.12934744 0.11276627 0.12896478 0.10038829 0.10848403
 0.12726319 0.12187719 0.1241833  0.12773824 0.12851262 0.127455
 0.12707281 0.12307334 0.12169099 0.13123059 0.12752855 0.10752046
 0.12874281 0.12355709 0.11439848 0.12589061 0.12189853 0.12603247
 0.12280035 0.11096048]","[0.23282062 0.24060901 0.24836488 0.24496234 0.25425154 0.25558331
 0.24879071 0.25396803 0.25685922 0.26336481 0.24420151 0.24531327
 0.24650827 0.25536483 0.2345913  0.23830571 0.24583133 0.25337527
 0.25138397 0.25426621 0.24882464 0.23367374 0.26300068 0.23845532
 0.25150444 0.25764483 0.23899078 0.25497198 0.22669464 0.23451634
 0.25244509 0.24960386 0.2513557  0.25345738 0.26074343 0.24787446
 0.25587844 0.2504717  0.24606956 0.25868892 0.25482071 0.24012367
 0.25669    0.24975491 0.24467974 0.2500481  0.24889073 0.24979905
 0.24845609 0.23949524]","[0.25395016 0.26185254 0.26426869 0.25931234 0.27546339 0.2734914
 0.27572674 0.27974137 0.27726706 0.28258598 0.25941169 0.25855897
 0.26704601 0.27722664 0.25691913 0.25737187 0.26669169 0.27755647
 0.26858301 0.27788962 0.26874789 0.25562983 0.28286959 0.25925406
 0.27512366 0.27980818 0.25945965 0.2764755  0.24736554 0.25693236
 0.27256796 0.2707886  0.2720889  0.2768658  0.27994933 0.27284542
 0.27514888 0.27175127 0.2697957  0.28072739 0.27505296 0.25659524
 0.27720729 0.27011869 0.2627218  0.27338048 0.27021506 0.27239884
 0.26954269 0.25909485]",3.121489621564835e-116,3.343071782826624e-123,2.091294637987049e-115,2.340149281321624e-122,2.639926077740995e-08,2.9461236639161113e-08,1.0254433345432139e-08,1.0305093688171564e-08,1e-05,1e-05,0.0,0.0,0.3850150479316711,0.4072154697704315,0.009883147995000242,0.009551525671392825,0.10468652963638306,0.12112882852554321,0.007079751241849131,0.008168723589226766,0.24852680543834416,0.26922876335704765,0.0080595941928172,0.00871073307928497
df3,0.55,-1.0,0.55,"[1.59807269e-132 3.14502261e-133 5.04562598e-129 3.28672716e-124
 8.08221677e-132 7.79563234e-118 1.36018053e-142 3.59598810e-132
 1.62932937e-122 1.70527622e-141 2.75002067e-146 4.55467848e-130
 1.65526914e-137 4.55467848e-130 5.84114683e-143 3.62364483e-121
 8.38015691e-145 2.29586024e-155 1.32505188e-126 6.44036529e-126
 1.32505188e-126 4.50098708e-136 9.14846799e-141 2.79630084e-149
 1.50038437e-124 2.11520456e-140 1.52170582e-145 1.97454306e-136
 1.37294733e-138 1.01652477e-129 1.09619158e-152 1.57721865e-148
 9.11197923e-131 3.25242831e-154 2.75002067e-146 1.59807269e-132
 1.12671987e-139 1.81440195e-131 1.01652477e-129 1.97454306e-136
 7.91123773e-120 9.14846799e-141 1.20103174e-134 7.36968843e-116
 2.79630084e-149 4.94613442e-147 2.92297102e-126 1.12671987e-139
 1.20103174e-134 5.53102464e-128]","[1.70527622e-141 8.38015691e-145 1.70527622e-141 5.97340427e-139
 2.09388117e-147 8.08221677e-132 6.58533558e-157 7.34927700e-142
 1.36018053e-142 9.46545979e-156 1.49683070e-169 6.31809023e-152
 1.85265048e-158 1.34579277e-154 4.59306180e-144 1.96307101e-144
 2.06878284e-150 9.55305708e-165 1.39274712e-133 2.72168499e-134
 1.65526914e-137 4.53189266e-158 9.46545979e-156 3.82523532e-165
 3.14502261e-133 1.16697210e-146 2.32739056e-170 3.25242831e-154
 9.11163913e-163 8.38015691e-145 3.78897656e-169 2.41889424e-168
 4.55776756e-153 1.29483446e-173 9.46545979e-156 2.63328336e-152
 1.10723264e-157 2.59582860e-139 7.34927700e-142 3.57314355e-145
 3.15189803e-138 2.09388117e-147 4.55776756e-153 4.55467848e-130
 3.08488950e-159 2.29586024e-155 1.81440195e-131 6.58533558e-157
 2.75002067e-146 1.36018053e-142]","[1.59807269e-132 3.14502261e-133 5.04562598e-129 3.28672716e-124
 8.08221677e-132 7.79563234e-118 1.36018053e-142 3.59598810e-132
 1.62932937e-122 1.70527622e-141 2.75002067e-146 4.55467848e-130
 1.65526914e-137 4.55467848e-130 5.84114683e-143 3.62364483e-121
 8.38015691e-145 2.29586024e-155 1.32505188e-126 6.44036529e-126
 1.32505188e-126 4.50098708e-136 9.14846799e-141 2.79630084e-149
 1.50038437e-124 2.11520456e-140 1.52170582e-145 1.97454306e-136
 1.37294733e-138 1.01652477e-129 1.09619158e-152 1.57721865e-148
 9.11197923e-131 3.25242831e-154 2.75002067e-146 1.59807269e-132
 1.12671987e-139 1.81440195e-131 1.01652477e-129 1.97454306e-136
 7.91123773e-120 9.14846799e-141 1.20103174e-134 7.36968843e-116
 2.79630084e-149 4.94613442e-147 2.92297102e-126 1.12671987e-139
 1.20103174e-134 5.53102464e-128]","[1.70527622e-141 8.38015691e-145 1.70527622e-141 5.97340427e-139
 2.09388117e-147 8.08221677e-132 6.58533558e-157 7.34927700e-142
 1.36018053e-142 9.46545979e-156 1.49683070e-169 6.31809023e-152
 1.85265048e-158 1.34579277e-154 4.59306180e-144 1.96307101e-144
 2.06878284e-150 9.55305708e-165 1.39274712e-133 2.72168499e-134
 1.65526914e-137 4.53189266e-158 9.46545979e-156 3.82523532e-165
 3.14502261e-133 1.16697210e-146 2.32739056e-170 3.25242831e-154
 9.11163913e-163 8.38015691e-145 3.78897656e-169 2.41889424e-168
 4.55776756e-153 1.29483446e-173 9.46545979e-156 2.63328336e-152
 1.10723264e-157 2.59582860e-139 7.34927700e-142 3.57314355e-145
 3.15189803e-138 2.09388117e-147 4.55776756e-153 4.55467848e-130
 3.08488950e-159 2.29586024e-155 1.81440195e-131 6.58533558e-157
 2.75002067e-146 1.36018053e-142]","[2.26975770e-08 1.57222118e-08 1.46867991e-08 2.10594007e-08
 2.00503414e-08 2.13131194e-08 2.00404747e-08 3.99089449e-08
 1.64257792e-08 3.37431717e-08 3.02415334e-08 2.24709709e-08
 1.69149418e-08 3.66534583e-08 3.80715637e-08 1.35937784e-08
 1.50234881e-08 4.60844667e-08 3.34581699e-08 2.84640203e-08
 1.34113025e-08 4.21892545e-08 4.27010132e-08 3.35161697e-08
 3.06121622e-08 1.43467659e-08 1.84657237e-08 3.44405376e-08
 2.21940858e-08 1.69667468e-08 3.44457846e-08 2.61330962e-08
 3.51264828e-08 2.59853319e-08 2.17969895e-08 1.70565652e-08
 3.68114748e-08 1.50069327e-08 2.03245396e-08 3.02377526e-08
 1.63920759e-08 3.89652366e-08 4.16970938e-08 1.37906003e-08
 2.01161376e-08 3.61540693e-08 1.26105378e-08 1.29934998e-08
 1.98498036e-08 1.52606967e-08]","[3.01913929e-08 3.97249380e-08 2.15818222e-08 1.82727358e-08
 2.12489384e-08 3.57675838e-08 4.36611002e-08 3.49826215e-08
 1.74777648e-08 1.59934083e-08 1.97627631e-08 4.08781549e-08
 2.18773450e-08 2.80648323e-08 4.01898845e-08 4.26365135e-08
 3.65759196e-08 3.51634106e-08 3.76661966e-08 3.19189615e-08
 1.98643269e-08 2.22989716e-08 1.83017816e-08 4.24159615e-08
 4.25155225e-08 3.46315370e-08 1.79660158e-08 1.79631254e-08
 2.48496473e-08 3.77190442e-08 5.10401476e-08 4.23400538e-08
 2.14630121e-08 4.48495177e-08 2.75268226e-08 4.45457621e-08
 1.77874026e-08 3.90903113e-08 2.04480151e-08 1.92707540e-08
 2.31860730e-08 2.77683090e-08 1.66974158e-08 2.45701440e-08
 2.55186139e-08 3.78523002e-08 3.64165106e-08 4.57178093e-08
 2.44649968e-08 1.75514303e-08]","[1.e-05 1.e-05 1.e-05 1.e-05 1.e-05 1.e-05 1.e-05 1.e-05 1.e-05 1.e-05
 1.e-05 1.e-05 1.e-05 1.e-05 1.e-05 1.e-05 1.e-05 1.e-05 1.e-05 1.e-05
 1.e-05 1.e-05 1.e-05 1.e-05 1.e-05 1.e-05 1.e-05 1.e-05 1.e-05 1.e-05
 1.e-05 1.e-05 1.e-05 1.e-05 1.e-05 1.e-05 1.e-05 1.e-05 1.e-05 1.e-05
 1.e-05 1.e-05 1.e-05 1.e-05 1.e-05 1.e-05 1.e-05 1.e-05 1.e-05 1.e-05]","[1.e-05 1.e-05 1.e-05 1.e-05 1.e-05 1.e-05 1.e-05 1.e-05 1.e-05 1.e-05
 1.e-05 1.e-05 1.e-05 1.e-05 1.e-05 1.e-05 1.e-05 1.e-05 1.e-05 1.e-05
 1.e-05 1.e-05 1.e-05 1.e-05 1.e-05 1.e-05 1.e-05 1.e-05 1.e-05 1.e-05
 1.e-05 1.e-05 1.e-05 1.e-05 1.e-05 1.e-05 1.e-05 1.e-05 1.e-05 1.e-05
 1.e-05 1.e-05 1.e-05 1.e-05 1.e-05 1.e-05 1.e-05 1.e-05 1.e-05 1.e-05]","[0.38121499 0.40434548 0.38736798 0.37608049 0.38615414 0.37129911
 0.37881533 0.38701952 0.372254   0.38460843 0.3986149  0.38344951
 0.38443415 0.38889395 0.39118253 0.37262189 0.40948701 0.4064167
 0.37723782 0.38862745 0.37530315 0.39107617 0.37255433 0.40692017
 0.37073928 0.38593471 0.39095407 0.39840333 0.38613411 0.39934468
 0.40455274 0.38343972 0.37997205 0.40953723 0.39657129 0.38569832
 0.40194333 0.37389499 0.38807645 0.37177337 0.38986125 0.38871176
 0.38868092 0.37027506 0.40138859 0.39894259 0.38935357 0.38687609
 0.38820225 0.37684562]","[0.40534361 0.43486763 0.41412417 0.40789467 0.4121909  0.4013759
 0.4008875  0.41908803 0.39760863 0.41288539 0.43316744 0.41287328
 0.42534358 0.4252816  0.40768004 0.40794609 0.42582952 0.42582313
 0.40455219 0.41659994 0.39856988 0.42103459 0.40300704 0.42906841
 0.40633532 0.41227593 0.42878637 0.42026348 0.42029685 0.42827906
 0.42471472 0.41566386 0.40986189 0.43806942 0.41841065 0.41936961
 0.43631306 0.39581289 0.41391824 0.40175436 0.41216454 0.41375989
 0.42569496 0.39559072 0.42233179 0.42618436 0.40753364 0.41400021
 0.41668144 0.41380594]","[8.00296329e-262 7.15312052e-296 1.18504808e-270 1.40064666e-254
 6.73859133e-269 6.16308896e-248 2.00661148e-258 3.78569333e-270
 2.95680845e-249 1.13220246e-266 3.22593526e-287 5.19566650e-265
 2.01463618e-266 7.22069997e-273 3.29159179e-276 9.15423857e-250
 9.24288519e-304 4.90649313e-299 3.33888890e-256 1.76267942e-272
 1.71019173e-253 4.71195911e-276 1.13546963e-249 8.29561985e-300
 3.64146477e-247 1.39674036e-268 7.11177047e-276 6.68945113e-287
 7.20212932e-269 2.59790800e-288 3.45753669e-296 5.36619131e-265
 4.64539234e-260 7.72976356e-304 3.62909717e-284 3.06114124e-268
 3.16106376e-292 1.56702960e-251 1.11315774e-271 1.36519775e-248
 2.81305203e-274 1.32918633e-272 1.47379893e-272 1.58484381e-246
 2.17794427e-291 1.04159323e-287 1.54669606e-273 6.10401771e-270
 7.31019394e-272 1.18622513e-255]","[2.14915134e-297 0.00000000e+000 5.61797276e-311 2.63957880e-301
 5.88582929e-308 2.27613566e-291 1.24169136e-290 8.27233873e-319
 1.03116383e-285 4.86165777e-309 0.00000000e+000 5.07786195e-309
 0.00000000e+000 0.00000000e+000 5.64518195e-301 2.20000019e-301
 0.00000000e+000 0.00000000e+000 3.46416644e-296 7.19869558e-315
 3.76767065e-287 6.32404027e-322 7.74065328e-294 0.00000000e+000
 6.53785284e-299 4.33831510e-308 0.00000000e+000 1.11164770e-320
 9.84178767e-321 0.00000000e+000 0.00000000e+000 2.14865790e-313
 2.43220687e-304 0.00000000e+000 9.83966318e-318 2.95135054e-319
 0.00000000e+000 4.86876045e-283 1.18057348e-310 6.10267406e-292
 6.46952391e-308 2.08906399e-310 0.00000000e+000 1.04058196e-282
 0.00000000e+000 0.00000000e+000 9.47868870e-301 8.78481784e-311
 5.35367020e-315 1.76964500e-310]","[0.10907137 0.11762702 0.09632957 0.10430539 0.09825015 0.0981102
 0.10171044 0.10946703 0.10925257 0.10336721 0.12309825 0.1038419
 0.11443579 0.09934771 0.1094991  0.09399915 0.10892582 0.11844027
 0.0965414  0.1104461  0.10532117 0.11529863 0.0946945  0.1179285
 0.1053977  0.10257423 0.1030134  0.11320198 0.10756338 0.10627949
 0.10721028 0.10606909 0.1068939  0.11418009 0.11645269 0.10066032
 0.11476231 0.09537733 0.11513269 0.10130954 0.11201966 0.09865224
 0.12326086 0.09289026 0.11718512 0.12338948 0.10981131 0.11061347
 0.10597682 0.10386145]","[0.12972331 0.1377095  0.11395407 0.12782919 0.11473846 0.11770678
 0.11423469 0.13045394 0.12595832 0.12267184 0.14607394 0.12563121
 0.13508713 0.1220119  0.12644041 0.11684358 0.12325621 0.13306439
 0.11452913 0.12736225 0.12557721 0.13694322 0.11572945 0.13551784
 0.12735665 0.12107027 0.12867641 0.1296854  0.12538838 0.13056433
 0.12517595 0.12628198 0.127303   0.13683236 0.13252664 0.12411797
 0.13645458 0.1105026  0.1355896  0.11861753 0.12969172 0.11429036
 0.14387512 0.11122251 0.13466513 0.14511037 0.12807572 0.13009667
 0.12657094 0.12775779]","[0.25204922 0.26276519 0.23844439 0.24894709 0.24078998 0.23858325
 0.24464826 0.25502805 0.25667735 0.24492605 0.27205258 0.24794347
 0.26152418 0.24458306 0.2539244  0.23691388 0.25058418 0.2611915
 0.24117471 0.25468388 0.25157915 0.26304055 0.23834558 0.26167954
 0.2509533  0.24525605 0.24869554 0.26126938 0.25322543 0.25124317
 0.24881522 0.25091599 0.25235776 0.25764752 0.26499349 0.24296518
 0.26006174 0.23384202 0.26017258 0.24480807 0.2576198  0.24235342
 0.26836991 0.23537951 0.25975479 0.26879891 0.25430414 0.25574769
 0.24920376 0.24793841]","[0.27668014 0.28549941 0.26071381 0.27623318 0.26215001 0.26289963
 0.26098916 0.27920979 0.27719348 0.2684053  0.29722326 0.27458127
 0.28529953 0.27201649 0.27532904 0.26543805 0.26878506 0.27992366
 0.26451027 0.27527038 0.27577953 0.28748827 0.26471757 0.28329542
 0.27694463 0.26835106 0.27852952 0.2811684  0.27476017 0.27875451
 0.27045955 0.27490877 0.27635854 0.28401726 0.28446012 0.27137138
 0.2841039  0.25492541 0.28397467 0.26637876 0.27979324 0.2629702
 0.29163078 0.25860516 0.28084062 0.29311892 0.27703599 0.27801722
 0.27360876 0.27578726]",1.489694757530319e-117,9.643501969254047e-132,1.0315889692257013e-116,6.374884322385288e-131,2.5324453494235398e-08,3.000535246044933e-08,9.76556522571573e-09,1.0030525761340227e-08,1e-05,1e-05,0.0,0.0,0.38764173088073733,0.4156183276844025,0.010962839010966717,0.010779256147207048,0.1074609661102295,0.12693095922470093,0.007884289051088357,0.008481647036194332,0.25177544580308964,0.2752101301438758,0.009125009463422663,0.009106150481716703
df3,0.6000000000000001,-1.0,0.6000000000000001,"[1.59807269e-132 1.59807269e-132 1.12215372e-128 1.12215372e-128
 5.29370851e-135 1.39274712e-133 1.12215372e-128 1.50038437e-124
 4.93392456e-150 2.33113443e-110 1.69706671e-120 6.84127225e-125
 1.12215372e-128 7.84645245e-121 4.50098708e-136 1.32505188e-126
 1.57171273e-123 6.16042076e-134 3.15189803e-138 5.29370851e-135
 2.33052754e-135 2.11520456e-140 1.57171273e-123 1.20671971e-180
 2.71351259e-127 2.49277144e-128 1.07337441e-143 1.59807269e-132
 1.09619158e-152 1.37294733e-138 7.09357420e-133 2.49277144e-128
 1.69706671e-120 7.19151616e-124 2.71351259e-127 2.63328336e-152
 9.11197923e-131 7.22731515e-138 5.29370851e-135 1.12215372e-128
 1.07337441e-143 9.46545979e-156 3.62364483e-121 3.28672716e-124
 1.12671987e-139 6.84127225e-125 7.85078471e-154 5.97340427e-139
 1.70527622e-141 8.65193381e-137]","[1.47709060e-163 8.85357293e-148 9.55305708e-165 2.29586024e-155
 6.58533558e-157 1.96307101e-144 8.66394516e-151 4.93392456e-150
 1.85265048e-158 1.20103174e-134 1.96307101e-144 2.79630084e-149
 4.94613442e-147 2.50543477e-143 2.38284114e-164 6.31809023e-152
 1.37294733e-138 3.86593734e-167 3.41677257e-161 4.88474039e-140
 4.93392456e-150 7.56450039e-159 2.09388117e-147 6.65122023e-201
 1.89275526e-153 3.62405363e-151 8.66394516e-151 5.29370851e-135
 2.17137680e-172 3.67085321e-163 1.09619158e-152 3.62405363e-151
 2.75002067e-146 7.85078471e-154 2.33052754e-135 1.96416771e-174
 6.11074430e-166 6.31809023e-152 8.66394516e-151 3.16357866e-142
 2.38284114e-164 5.23469135e-184 3.62405363e-151 3.25242831e-154
 3.78897656e-169 1.60309113e-156 6.65489851e-177 9.71405854e-167
 5.11181442e-160 1.52982644e-165]","[1.59807269e-132 1.59807269e-132 1.12215372e-128 1.12215372e-128
 5.29370851e-135 1.39274712e-133 1.12215372e-128 1.50038437e-124
 4.93392456e-150 2.33113443e-110 1.69706671e-120 6.84127225e-125
 1.12215372e-128 7.84645245e-121 4.50098708e-136 1.32505188e-126
 1.57171273e-123 6.16042076e-134 3.15189803e-138 5.29370851e-135
 2.33052754e-135 2.11520456e-140 1.57171273e-123 1.20671971e-180
 2.71351259e-127 2.49277144e-128 1.07337441e-143 1.59807269e-132
 1.09619158e-152 1.37294733e-138 7.09357420e-133 2.49277144e-128
 1.69706671e-120 7.19151616e-124 2.71351259e-127 2.63328336e-152
 9.11197923e-131 7.22731515e-138 5.29370851e-135 1.12215372e-128
 1.07337441e-143 9.46545979e-156 3.62364483e-121 3.28672716e-124
 1.12671987e-139 6.84127225e-125 7.85078471e-154 5.97340427e-139
 1.70527622e-141 8.65193381e-137]","[1.47709060e-163 8.85357293e-148 9.55305708e-165 2.29586024e-155
 6.58533558e-157 1.96307101e-144 8.66394516e-151 4.93392456e-150
 1.85265048e-158 1.20103174e-134 1.96307101e-144 2.79630084e-149
 4.94613442e-147 2.50543477e-143 2.38284114e-164 6.31809023e-152
 1.37294733e-138 3.86593734e-167 3.41677257e-161 4.88474039e-140
 4.93392456e-150 7.56450039e-159 2.09388117e-147 6.65122023e-201
 1.89275526e-153 3.62405363e-151 8.66394516e-151 5.29370851e-135
 2.17137680e-172 3.67085321e-163 1.09619158e-152 3.62405363e-151
 2.75002067e-146 7.85078471e-154 2.33052754e-135 1.96416771e-174
 6.11074430e-166 6.31809023e-152 8.66394516e-151 3.16357866e-142
 2.38284114e-164 5.23469135e-184 3.62405363e-151 3.25242831e-154
 3.78897656e-169 1.60309113e-156 6.65489851e-177 9.71405854e-167
 5.11181442e-160 1.52982644e-165]","[3.50733201e-08 2.35026798e-08 1.83633335e-08 2.58147839e-08
 2.38401469e-08 2.55771384e-08 1.47744253e-08 3.30048664e-08
 2.64770745e-08 1.64197367e-08 1.19483149e-08 1.21151525e-08
 1.69643795e-08 1.63097762e-08 3.25256729e-08 1.18012958e-08
 1.47079198e-08 3.79942127e-08 2.47053751e-08 2.39013523e-08
 3.19574890e-08 4.28691590e-08 1.28520323e-08 2.46042953e-08
 2.01955823e-08 4.09381735e-08 3.49801522e-08 2.64229043e-08
 4.15962220e-08 3.28283658e-08 2.87858444e-08 1.80191081e-08
 3.12107374e-08 2.37971225e-08 1.36437399e-08 3.92402244e-08
 3.85280763e-08 2.60633867e-08 1.52810337e-08 3.77325350e-08
 2.28000121e-08 4.47791707e-08 3.51135356e-08 3.09379948e-08
 3.41499762e-08 2.85026177e-08 2.85721174e-08 2.16377793e-08
 2.99047114e-08 2.47524241e-08]","[3.91914120e-08 3.52723372e-08 2.17191500e-08 2.39419780e-08
 1.73057455e-08 2.85291594e-08 4.23857712e-08 3.70699637e-08
 3.49854715e-08 1.34182158e-08 3.11160857e-08 4.13061960e-08
 4.47519753e-08 2.11358034e-08 2.96247659e-08 3.32575270e-08
 3.30700612e-08 2.01949196e-08 2.37195334e-08 2.67202356e-08
 3.49662684e-08 2.33299539e-08 3.77815076e-08 4.08040979e-08
 2.44318910e-08 2.36519543e-08 2.19554652e-08 1.82953068e-08
 1.72086867e-08 2.58139274e-08 2.05366012e-08 1.48496120e-08
 2.25084763e-08 2.52771598e-08 2.63984884e-08 2.45695362e-08
 4.46155245e-08 3.16806724e-08 2.09452619e-08 3.41368815e-08
 4.78578973e-08 2.60693713e-08 3.35908330e-08 2.98547599e-08
 2.28501110e-08 2.07708457e-08 4.30681013e-08 4.67983583e-08
 1.54461687e-08 2.90820207e-08]","[1.e-05 1.e-05 1.e-05 1.e-05 1.e-05 1.e-05 1.e-05 1.e-05 1.e-05 1.e-05
 1.e-05 1.e-05 1.e-05 1.e-05 1.e-05 1.e-05 1.e-05 1.e-05 1.e-05 1.e-05
 1.e-05 1.e-05 1.e-05 1.e-05 1.e-05 1.e-05 1.e-05 1.e-05 1.e-05 1.e-05
 1.e-05 1.e-05 1.e-05 1.e-05 1.e-05 1.e-05 1.e-05 1.e-05 1.e-05 1.e-05
 1.e-05 1.e-05 1.e-05 1.e-05 1.e-05 1.e-05 1.e-05 1.e-05 1.e-05 1.e-05]","[1.e-05 1.e-05 1.e-05 1.e-05 1.e-05 1.e-05 1.e-05 1.e-05 1.e-05 1.e-05
 1.e-05 1.e-05 1.e-05 1.e-05 1.e-05 1.e-05 1.e-05 1.e-05 1.e-05 1.e-05
 1.e-05 1.e-05 1.e-05 1.e-05 1.e-05 1.e-05 1.e-05 1.e-05 1.e-05 1.e-05
 1.e-05 1.e-05 1.e-05 1.e-05 1.e-05 1.e-05 1.e-05 1.e-05 1.e-05 1.e-05
 1.e-05 1.e-05 1.e-05 1.e-05 1.e-05 1.e-05 1.e-05 1.e-05 1.e-05 1.e-05]","[0.36985442 0.39818645 0.37479059 0.38951848 0.39826897 0.38003422
 0.38802041 0.37227667 0.40375623 0.36888929 0.39473984 0.379771
 0.3885645  0.3936938  0.39534338 0.38666418 0.38199361 0.36420176
 0.38896724 0.38298433 0.37920924 0.3742725  0.36807057 0.41487985
 0.3780016  0.38496024 0.4144297  0.38192992 0.40499237 0.39183754
 0.37210989 0.3853498  0.36032111 0.38779752 0.37202919 0.40044975
 0.38263546 0.39260916 0.37788867 0.38437649 0.38991012 0.40074425
 0.37940792 0.39353676 0.39762938 0.38119318 0.39797343 0.3881084
 0.38149675 0.38326747]","[0.41659575 0.42203068 0.42679112 0.43946926 0.43154002 0.4096221
 0.42450894 0.41208801 0.43032805 0.41045482 0.42344598 0.40978423
 0.42544048 0.43749143 0.44209742 0.43464085 0.41325977 0.40718785
 0.42938609 0.41990758 0.41380528 0.40111683 0.41700084 0.44778338
 0.42057092 0.42105496 0.43721539 0.40285767 0.43949231 0.42614902
 0.40350512 0.42182853 0.39796372 0.43075599 0.40404304 0.44058921
 0.4234689  0.42487917 0.41073017 0.42279338 0.4296114  0.4427813
 0.41765133 0.43458657 0.44065161 0.42568451 0.42139302 0.42193452
 0.41734288 0.41826748]","[5.99710327e-246 1.41208245e-286 8.87562086e-253 8.89358334e-274
 1.06273063e-286 3.79279918e-260 1.34239065e-271 2.75083530e-249
 5.63734528e-295 1.26238811e-244 1.89921188e-281 8.94736154e-260
 2.17613897e-272 6.68076096e-280 2.42237431e-282 1.23591243e-269
 6.23697561e-263 2.96436760e-238 5.64859859e-273 2.40443268e-264
 5.57415544e-259 4.67638736e-252 1.66191756e-243 3.66815800e-312
 2.81537750e-257 3.53456077e-267 1.86522959e-311 7.68650974e-263
 7.38651487e-297 3.60524615e-277 4.67869022e-249 9.72437990e-268
 4.74100609e-233 2.82629966e-271 6.04908595e-249 5.66907063e-290
 7.57537464e-264 2.64888897e-278 4.05978936e-257 2.43759585e-266
 2.38708609e-274 2.04138988e-290 2.91972249e-259 1.13906700e-279
 9.60143083e-286 8.59521269e-262 2.94009159e-286 1.00039934e-271
 3.18048920e-262 9.46549512e-265]","[7.30904699e-315 0.00000000e+000 0.00000000e+000 0.00000000e+000
 0.00000000e+000 5.71390238e-304 0.00000000e+000 8.51285434e-308
 0.00000000e+000 2.93550738e-305 0.00000000e+000 3.20753029e-304
 0.00000000e+000 0.00000000e+000 0.00000000e+000 0.00000000e+000
 1.26488773e-309 3.22095459e-300 0.00000000e+000 4.10667365e-320
 1.77386497e-310 5.59986499e-291 1.67632398e-315 0.00000000e+000
 3.58691659e-321 5.53353523e-322 0.00000000e+000 1.30410422e-293
 0.00000000e+000 0.00000000e+000 1.35729715e-294 0.00000000e+000
 3.03992183e-286 0.00000000e+000 2.06471307e-295 0.00000000e+000
 0.00000000e+000 0.00000000e+000 1.09823847e-305 0.00000000e+000
 0.00000000e+000 0.00000000e+000 1.57002847e-316 0.00000000e+000
 0.00000000e+000 0.00000000e+000 1.67982320e-322 0.00000000e+000
 4.82861393e-316 1.65952599e-317]","[0.10554969 0.11049902 0.0995959  0.11083782 0.10595989 0.10961092
 0.10753822 0.09383178 0.1114037  0.09801936 0.10145509 0.10404849
 0.10481727 0.10231626 0.11107552 0.10853136 0.10643911 0.09842241
 0.10567939 0.10372555 0.11035609 0.10005093 0.11102509 0.12282455
 0.10797656 0.10928547 0.11608124 0.11584926 0.11144614 0.10481894
 0.10108626 0.09570062 0.09760106 0.11190021 0.09771979 0.11020148
 0.10568094 0.11856329 0.10495305 0.10537362 0.11238444 0.11278903
 0.10212052 0.11063612 0.11617529 0.10397625 0.11819732 0.1178906
 0.10878897 0.09411347]","[0.13424647 0.12787986 0.12578201 0.14056993 0.1293385  0.12725365
 0.13254547 0.12011945 0.13114333 0.12535334 0.12378144 0.12706327
 0.13112676 0.13211179 0.13781488 0.13686323 0.12845778 0.12377465
 0.13389826 0.12543833 0.13090265 0.11995435 0.13728988 0.14724064
 0.13476586 0.12997258 0.13940322 0.13479209 0.1317364  0.13138461
 0.12412179 0.12184751 0.12130737 0.13831735 0.11980975 0.13339674
 0.13233459 0.13907039 0.12478125 0.1342876  0.13684714 0.13801157
 0.12558937 0.14158261 0.1410073  0.12823081 0.14019668 0.14171207
 0.13106883 0.11940634]","[0.25035876 0.25371323 0.24158342 0.25400897 0.2503129  0.25519025
 0.25323509 0.23468558 0.25331978 0.24089897 0.24536062 0.24671255
 0.24999169 0.24681344 0.25740075 0.2517419  0.25090016 0.24104325
 0.24872305 0.25013391 0.25681137 0.24335125 0.25761961 0.26842788
 0.2523072  0.25438146 0.25834729 0.2618129  0.25797963 0.2488554
 0.24353338 0.23949437 0.24283642 0.25540508 0.24155225 0.25278134
 0.24911137 0.26260145 0.24932156 0.24787216 0.25834297 0.25606029
 0.24615048 0.25616009 0.26142032 0.25092766 0.26399938 0.2650891
 0.25565686 0.23675259]","[0.28193192 0.27644958 0.27157549 0.28586101 0.27741068 0.2762329
 0.28144251 0.26652683 0.27768829 0.27169413 0.27259095 0.27414734
 0.28030915 0.28081375 0.2875232  0.28369864 0.27783773 0.2714511
 0.28114846 0.27606417 0.28117893 0.26877196 0.28697106 0.29490836
 0.28215034 0.27883716 0.2867198  0.28452208 0.28231471 0.28020131
 0.27163536 0.27042171 0.27097213 0.28578598 0.26939742 0.27913183
 0.27983087 0.28621993 0.27340827 0.2808125  0.28559259 0.284061
 0.27453599 0.29057266 0.28917085 0.27831556 0.28930507 0.29135638
 0.2814336  0.26783469]",4.662268859074013e-112,3.9271951213200856e-136,3.2635882007024343e-111,1.843860103357222e-135,2.657034961606186e-08,2.8957240960636453e-08,8.987581639005265e-09,8.974159897439131e-09,1e-05,1e-05,0.0,0.0,0.38603875140190125,0.422871577796936,0.011819987866077903,0.011980489170099088,0.10709846735000611,0.13129863500595093,0.006593841472520314,0.00673816669543386,0.2514218273436657,0.27957535845494424,0.007393927207436164,0.0066875427031453894
df3,0.65,-1.0,0.65,"[2.75002067e-146 2.92297102e-126 3.59598810e-132 1.01652477e-129
 2.09388117e-147 7.22731515e-138 6.47280639e-146 4.55467848e-130
 5.84114683e-143 2.33052754e-135 3.78658116e-137 1.22580667e-127
 2.26605441e-129 2.50543477e-143 1.81440195e-131 7.09357420e-133
 4.50098708e-136 8.08221677e-132 2.92297102e-126 4.93392456e-150
 3.15189803e-138 1.65526914e-137 1.97454306e-136 1.22580667e-127
 5.84114683e-143 1.22580667e-127 9.11197923e-131 1.65526914e-137
 2.09388117e-147 1.07337441e-143 1.57171273e-123 3.32649959e-115
 3.73908448e-148 5.53102464e-128 1.20103174e-134 1.89275526e-153
 1.36018053e-142 5.97340427e-139 2.77174564e-112 9.11197923e-131
 4.88474039e-140 3.66625391e-120 1.89275526e-153 6.44036529e-126
 1.62932937e-122 6.26869005e-113 4.59306180e-144 3.59598810e-132
 1.59807269e-132 5.29370851e-135]","[1.46437154e-178 3.41677257e-161 3.16357866e-142 3.16357866e-142
 6.10046832e-168 3.41677257e-161 9.55305708e-165 5.11181442e-160
 1.41383100e-171 2.70191421e-157 4.45291617e-176 5.97340427e-139
 3.41677257e-161 2.43788785e-166 1.85265048e-158 2.43788785e-166
 3.86593734e-167 5.59326537e-162 1.89275526e-153 2.41889424e-168
 1.70527622e-141 6.11074430e-166 5.90593359e-170 3.31837362e-173
 1.25652552e-159 1.57721865e-148 9.11163913e-163 3.08488950e-159
 2.29586024e-155 3.31837362e-173 2.63328336e-152 5.84114683e-143
 6.65489851e-177 7.56450039e-159 8.42942072e-161 1.96416771e-174
 6.10046832e-168 3.41677257e-161 7.09357420e-133 1.34579277e-154
 5.04621141e-174 1.34579277e-154 3.31837362e-173 1.16697210e-146
 7.85078471e-154 7.34927700e-142 1.85265048e-158 1.85265048e-158
 9.55305708e-165 3.78897656e-169]","[2.75002067e-146 2.92297102e-126 3.59598810e-132 1.01652477e-129
 2.09388117e-147 7.22731515e-138 6.47280639e-146 4.55467848e-130
 5.84114683e-143 2.33052754e-135 3.78658116e-137 1.22580667e-127
 2.26605441e-129 2.50543477e-143 1.81440195e-131 7.09357420e-133
 4.50098708e-136 8.08221677e-132 2.92297102e-126 4.93392456e-150
 3.15189803e-138 1.65526914e-137 1.97454306e-136 1.22580667e-127
 5.84114683e-143 1.22580667e-127 9.11197923e-131 1.65526914e-137
 2.09388117e-147 1.07337441e-143 1.57171273e-123 3.32649959e-115
 3.73908448e-148 5.53102464e-128 1.20103174e-134 1.89275526e-153
 1.36018053e-142 5.97340427e-139 2.77174564e-112 9.11197923e-131
 4.88474039e-140 3.66625391e-120 1.89275526e-153 6.44036529e-126
 1.62932937e-122 6.26869005e-113 4.59306180e-144 3.59598810e-132
 1.59807269e-132 5.29370851e-135]","[1.46437154e-178 3.41677257e-161 3.16357866e-142 3.16357866e-142
 6.10046832e-168 3.41677257e-161 9.55305708e-165 5.11181442e-160
 1.41383100e-171 2.70191421e-157 4.45291617e-176 5.97340427e-139
 3.41677257e-161 2.43788785e-166 1.85265048e-158 2.43788785e-166
 3.86593734e-167 5.59326537e-162 1.89275526e-153 2.41889424e-168
 1.70527622e-141 6.11074430e-166 5.90593359e-170 3.31837362e-173
 1.25652552e-159 1.57721865e-148 9.11163913e-163 3.08488950e-159
 2.29586024e-155 3.31837362e-173 2.63328336e-152 5.84114683e-143
 6.65489851e-177 7.56450039e-159 8.42942072e-161 1.96416771e-174
 6.10046832e-168 3.41677257e-161 7.09357420e-133 1.34579277e-154
 5.04621141e-174 1.34579277e-154 3.31837362e-173 1.16697210e-146
 7.85078471e-154 7.34927700e-142 1.85265048e-158 1.85265048e-158
 9.55305708e-165 3.78897656e-169]","[1.91679534e-08 3.71113059e-08 3.50587290e-08 2.62931391e-08
 2.14068224e-08 2.92468405e-08 1.60435705e-08 3.31561338e-08
 2.25271702e-08 3.32538397e-08 3.43104739e-08 1.63520938e-08
 3.08924701e-08 1.56723806e-08 2.57360041e-08 2.22188832e-08
 2.47876039e-08 2.02691437e-08 1.47588556e-08 1.86555953e-08
 2.45837928e-08 2.88579526e-08 1.44533094e-08 2.29378886e-08
 1.76281378e-08 1.26334141e-08 3.07311607e-08 4.08432080e-08
 3.02712866e-08 1.76538928e-08 3.88727142e-08 2.05616468e-08
 3.50158693e-08 1.26685654e-08 1.45145224e-08 1.72734100e-08
 1.37831818e-08 1.63749013e-08 9.42178480e-09 2.74451030e-08
 1.53978520e-08 2.81375165e-08 2.48740079e-08 1.58425406e-08
 2.07566314e-08 2.22544810e-08 3.60127278e-08 2.15425529e-08
 2.96736121e-08 3.55986219e-08]","[3.07706307e-08 1.70653575e-08 3.83792110e-08 3.99489154e-08
 1.73554914e-08 2.62685159e-08 4.78325011e-08 2.37718879e-08
 2.02176079e-08 2.70343714e-08 4.62932361e-08 2.92813027e-08
 4.47947001e-08 3.47990906e-08 3.08710316e-08 3.85746256e-08
 3.71455691e-08 2.53290376e-08 2.97203161e-08 4.37939014e-08
 3.23005421e-08 4.01979140e-08 2.41091992e-08 3.26762578e-08
 1.78953268e-08 1.55018055e-08 2.46821934e-08 2.90634162e-08
 4.46870256e-08 1.97532474e-08 3.21677666e-08 3.45566562e-08
 4.50916559e-08 4.68543542e-08 2.51290377e-08 2.88476881e-08
 3.17857850e-08 1.97281355e-08 4.37182387e-08 2.78980203e-08
 3.04329710e-08 4.56124954e-08 1.85130251e-08 1.70194959e-08
 3.13302867e-08 2.26563791e-08 2.92684744e-08 3.23675955e-08
 3.93891094e-08 4.94598390e-08]","[1.e-05 1.e-05 1.e-05 1.e-05 1.e-05 1.e-05 1.e-05 1.e-05 1.e-05 1.e-05
 1.e-05 1.e-05 1.e-05 1.e-05 1.e-05 1.e-05 1.e-05 1.e-05 1.e-05 1.e-05
 1.e-05 1.e-05 1.e-05 1.e-05 1.e-05 1.e-05 1.e-05 1.e-05 1.e-05 1.e-05
 1.e-05 1.e-05 1.e-05 1.e-05 1.e-05 1.e-05 1.e-05 1.e-05 1.e-05 1.e-05
 1.e-05 1.e-05 1.e-05 1.e-05 1.e-05 1.e-05 1.e-05 1.e-05 1.e-05 1.e-05]","[1.e-05 1.e-05 1.e-05 1.e-05 1.e-05 1.e-05 1.e-05 1.e-05 1.e-05 1.e-05
 1.e-05 1.e-05 1.e-05 1.e-05 1.e-05 1.e-05 1.e-05 1.e-05 1.e-05 1.e-05
 1.e-05 1.e-05 1.e-05 1.e-05 1.e-05 1.e-05 1.e-05 1.e-05 1.e-05 1.e-05
 1.e-05 1.e-05 1.e-05 1.e-05 1.e-05 1.e-05 1.e-05 1.e-05 1.e-05 1.e-05
 1.e-05 1.e-05 1.e-05 1.e-05 1.e-05 1.e-05 1.e-05 1.e-05 1.e-05 1.e-05]","[0.38885711 0.3736555  0.38293245 0.38546204 0.39175996 0.39243723
 0.39133291 0.39319097 0.40365926 0.39104272 0.38613594 0.39374676
 0.38684208 0.39622263 0.37505697 0.39675792 0.39497483 0.39049368
 0.37988772 0.39551215 0.38437383 0.39873255 0.38466198 0.37057403
 0.38849696 0.38805745 0.38907679 0.39077195 0.40147274 0.40188809
 0.37418031 0.36589264 0.39768811 0.37767062 0.39484884 0.39966927
 0.38727061 0.39075115 0.36350964 0.38508014 0.39365515 0.37224798
 0.39381461 0.37417884 0.37334717 0.37977296 0.39116345 0.38070102
 0.39240469 0.39559899]","[0.43191752 0.42694624 0.41169639 0.41610209 0.42653581 0.43052964
 0.43049786 0.44726158 0.4461137  0.42771555 0.43629857 0.42382025
 0.42835604 0.43467498 0.42432709 0.4358668  0.44092401 0.43331117
 0.42411538 0.43372059 0.41147312 0.43468656 0.43199916 0.43016414
 0.42448256 0.42785298 0.43735675 0.43015001 0.43836493 0.44689543
 0.420687   0.40444055 0.44138438 0.42254352 0.43239001 0.43581072
 0.43119862 0.43898205 0.4124646  0.43120571 0.43997944 0.41822682
 0.42577471 0.41873401 0.42509261 0.42511591 0.41507693 0.42411528
 0.4292026  0.44178295]","[8.16919852e-273 3.37226197e-251 2.85210472e-264 6.70292049e-268
 4.68595941e-277 4.74167119e-278 1.98180105e-276 3.68466288e-279
 7.91520572e-295 5.27454106e-276 7.15863891e-269 5.58022133e-280
 6.83609700e-270 1.19813556e-283 3.77288491e-253 1.91385952e-284
 8.52231439e-282 3.35340986e-275 6.11565741e-260 1.36106422e-282
 2.45911065e-266 2.14997866e-287 9.48443685e-267 6.14802234e-247
 2.72801992e-272 1.18614198e-271 3.91278211e-273 1.31373861e-275
 1.62545820e-291 3.83153616e-292 6.28357974e-252 1.52969207e-240
 7.84576989e-286 8.22776375e-257 1.30973626e-281 8.45792816e-289
 1.63959650e-270 1.40910516e-275 2.53929400e-237 2.37627497e-267
 7.61839280e-280 3.01398355e-249 4.43081536e-280 6.31326662e-252
 9.03805784e-251 8.89029500e-260 3.51045823e-276 4.29928063e-261
 5.29404556e-278 1.01157426e-282]","[0.00000000e+000 0.00000000e+000 3.46467217e-307 4.38699247e-314
 0.00000000e+000 0.00000000e+000 0.00000000e+000 0.00000000e+000
 0.00000000e+000 0.00000000e+000 0.00000000e+000 0.00000000e+000
 0.00000000e+000 0.00000000e+000 0.00000000e+000 0.00000000e+000
 0.00000000e+000 0.00000000e+000 0.00000000e+000 0.00000000e+000
 7.70680678e-307 0.00000000e+000 0.00000000e+000 0.00000000e+000
 0.00000000e+000 0.00000000e+000 0.00000000e+000 0.00000000e+000
 0.00000000e+000 0.00000000e+000 2.33198985e-321 5.12506228e-296
 0.00000000e+000 0.00000000e+000 0.00000000e+000 0.00000000e+000
 0.00000000e+000 0.00000000e+000 2.20416530e-308 0.00000000e+000
 0.00000000e+000 1.92503489e-317 0.00000000e+000 3.01927469e-318
 0.00000000e+000 0.00000000e+000 1.79867191e-312 0.00000000e+000
 0.00000000e+000 0.00000000e+000]","[0.11268842 0.09445298 0.10937965 0.10042405 0.11148477 0.11375332
 0.101336   0.11643839 0.10302401 0.10977149 0.1093564  0.10054231
 0.111835   0.11682951 0.10239017 0.11105883 0.11382055 0.10579002
 0.1011163  0.11436677 0.10931659 0.10105693 0.10747194 0.10204935
 0.10477924 0.09501553 0.10393953 0.10639095 0.11520326 0.11105573
 0.10496068 0.09743547 0.11093533 0.09094775 0.12106657 0.11608279
 0.11416805 0.10363948 0.09888434 0.10175574 0.11096919 0.1042285
 0.10202742 0.10281718 0.10013509 0.10045576 0.09690917 0.09783971
 0.11886692 0.11147988]","[0.14482331 0.12429273 0.13105226 0.12231576 0.13512945 0.13909352
 0.13016427 0.14776111 0.12866342 0.13498497 0.13853276 0.12457585
 0.13972092 0.14418781 0.12945926 0.13931394 0.14302289 0.13602781
 0.1260097  0.14263713 0.13347006 0.12657368 0.13740945 0.13346291
 0.13085389 0.12167215 0.13018823 0.13288796 0.14117301 0.13783145
 0.13325942 0.12304115 0.14079368 0.11558223 0.14421499 0.14097881
 0.13984096 0.13251042 0.12643898 0.12985682 0.14250827 0.13164806
 0.12669384 0.13300467 0.13235259 0.12769485 0.11986721 0.12806833
 0.14601207 0.1397239 ]","[0.26025176 0.23592383 0.25451493 0.24212151 0.25891614 0.25890844
 0.24489157 0.26290662 0.24853832 0.25365081 0.25383854 0.2444928
 0.25731996 0.2633417  0.24456214 0.25322193 0.25974599 0.25140412
 0.24565215 0.25827321 0.2532268  0.2449594  0.25408506 0.24695176
 0.24921864 0.23449016 0.2478978  0.25302499 0.25954935 0.25516895
 0.24978764 0.23857785 0.25622237 0.23128029 0.26773076 0.26190348
 0.25802721 0.24479168 0.24234867 0.24693772 0.25547544 0.24936806
 0.24470448 0.25027197 0.24350889 0.23948407 0.23732024 0.24450356
 0.26480682 0.25277865]","[0.29575603 0.2717024  0.27985457 0.26905236 0.28685312 0.28817148
 0.27898895 0.29608817 0.2769675  0.28252276 0.28601547 0.27342538
 0.28859971 0.2937975  0.27637924 0.28500592 0.29172684 0.28524493
 0.27514049 0.28925539 0.28256816 0.27512754 0.28729849 0.28283611
 0.27909807 0.2660858  0.27823971 0.2835029  0.28965277 0.28622099
 0.28226653 0.27004088 0.28916859 0.26077346 0.29371715 0.2896685
 0.28639053 0.27846709 0.27446668 0.27938072 0.28970871 0.28054685
 0.27399369 0.28412849 0.28006227 0.27197071 0.26628735 0.2796212
 0.2945175  0.28398805]",6.803882353879117e-114,1.41871604039077e-134,3.960829611766145e-113,9.931003704570764e-134,2.3870705909700972e-08,3.163882478007807e-08,7.995103227773361e-09,9.463348667601966e-09,1e-05,1e-05,0.0,0.0,0.3874302678203583,0.4291673062038422,0.009497024259784197,0.009409549414605948,0.10643486022949218,0.13362765789031983,0.006913535488150175,0.007478896762629097,0.2506175845033722,0.2818068741051805,0.00828654949938529,0.008115758895689598
df3,0.7000000000000001,-1.0,0.7000000000000001,"[1.20103174e-134 2.33052754e-135 3.25242831e-154 5.99978104e-127
 1.02479477e-135 1.59807269e-132 1.09619158e-152 1.36018053e-142
 2.03839988e-130 2.63328336e-152 5.84114683e-143 3.57314355e-145
 4.50098708e-136 1.81440195e-131 3.59598810e-132 1.12671987e-139
 4.50098708e-136 2.06878284e-150 8.85357293e-148 8.85357293e-148
 7.70163359e-122 7.70163359e-122 2.72168499e-134 3.14502261e-133
 5.84114683e-143 2.72168499e-134 5.97340427e-139 3.28672716e-124
 1.70515873e-119 1.59807269e-132 1.52170582e-145 1.57171273e-123
 8.65193381e-137 1.07337441e-143 2.26605441e-129 2.11520456e-140
 1.50038437e-124 9.11197923e-131 1.09619158e-152 5.04562598e-129
 1.65526914e-137 2.09388117e-147 2.33052754e-135 8.08221677e-132
 1.16697210e-146 6.26869005e-113 1.50038437e-124 1.01652477e-129
 6.64504909e-149 3.62405363e-151]","[1.38326502e-161 2.43788785e-166 1.49266032e-186 1.10723264e-157
 1.25652552e-159 7.56450039e-159 1.49266032e-186 6.67832938e-182
 3.89773873e-156 5.23469135e-184 9.57936136e-169 3.86593734e-167
 9.63808018e-183 2.38284114e-164 9.55305708e-165 2.32739056e-170
 9.55305708e-165 1.72251454e-176 2.56791027e-177 1.75465082e-181
 1.34579277e-154 4.55776756e-153 3.78897656e-169 3.67085321e-163
 2.17137680e-172 8.49373747e-173 5.11181442e-160 1.89275526e-153
 2.75002067e-146 1.25652552e-159 9.57936136e-169 2.63328336e-152
 1.52982644e-165 5.54414590e-172 1.49683070e-169 1.05792849e-185
 4.94613442e-147 5.11181442e-160 5.54414590e-172 2.17137680e-172
 3.86593734e-167 1.49683070e-169 2.29586024e-155 1.47709060e-163
 1.75465082e-181 1.57721865e-148 1.89275526e-153 3.41677257e-161
 1.60309113e-156 1.49683070e-169]","[1.20103174e-134 2.33052754e-135 3.25242831e-154 5.99978104e-127
 1.02479477e-135 1.59807269e-132 1.09619158e-152 1.36018053e-142
 2.03839988e-130 2.63328336e-152 5.84114683e-143 3.57314355e-145
 4.50098708e-136 1.81440195e-131 3.59598810e-132 1.12671987e-139
 4.50098708e-136 2.06878284e-150 8.85357293e-148 8.85357293e-148
 7.70163359e-122 7.70163359e-122 2.72168499e-134 3.14502261e-133
 5.84114683e-143 2.72168499e-134 5.97340427e-139 3.28672716e-124
 1.70515873e-119 1.59807269e-132 1.52170582e-145 1.57171273e-123
 8.65193381e-137 1.07337441e-143 2.26605441e-129 2.11520456e-140
 1.50038437e-124 9.11197923e-131 1.09619158e-152 5.04562598e-129
 1.65526914e-137 2.09388117e-147 2.33052754e-135 8.08221677e-132
 1.16697210e-146 6.26869005e-113 1.50038437e-124 1.01652477e-129
 6.64504909e-149 3.62405363e-151]","[1.38326502e-161 2.43788785e-166 1.49266032e-186 1.10723264e-157
 1.25652552e-159 7.56450039e-159 1.49266032e-186 6.67832938e-182
 3.89773873e-156 5.23469135e-184 9.57936136e-169 3.86593734e-167
 9.63808018e-183 2.38284114e-164 9.55305708e-165 2.32739056e-170
 9.55305708e-165 1.72251454e-176 2.56791027e-177 1.75465082e-181
 1.34579277e-154 4.55776756e-153 3.78897656e-169 3.67085321e-163
 2.17137680e-172 8.49373747e-173 5.11181442e-160 1.89275526e-153
 2.75002067e-146 1.25652552e-159 9.57936136e-169 2.63328336e-152
 1.52982644e-165 5.54414590e-172 1.49683070e-169 1.05792849e-185
 4.94613442e-147 5.11181442e-160 5.54414590e-172 2.17137680e-172
 3.86593734e-167 1.49683070e-169 2.29586024e-155 1.47709060e-163
 1.75465082e-181 1.57721865e-148 1.89275526e-153 3.41677257e-161
 1.60309113e-156 1.49683070e-169]","[2.49275623e-08 3.10509901e-08 1.96258263e-08 1.47785214e-08
 2.01342448e-08 3.46866920e-08 2.74791893e-08 2.13344373e-08
 3.90374889e-08 1.68484122e-08 2.93293999e-08 2.46867849e-08
 1.43790614e-08 3.09901429e-08 2.33517817e-08 3.60192806e-08
 1.68909318e-08 3.94077546e-08 2.46007189e-08 1.33735691e-08
 3.42617869e-08 1.48813661e-08 2.36407403e-08 2.51351808e-08
 4.27892666e-08 1.40800472e-08 3.42928272e-08 1.13260160e-08
 3.79798979e-08 3.89170847e-08 1.99163184e-08 1.34699314e-08
 4.09946833e-08 3.31902914e-08 2.34608153e-08 2.19515562e-08
 1.20535701e-08 2.59083898e-08 2.24182388e-08 1.88620297e-08
 1.50301813e-08 1.96515425e-08 4.02685701e-08 3.51714028e-08
 1.49892845e-08 1.34110048e-08 1.14270383e-08 2.84788290e-08
 2.68240175e-08 2.34682295e-08]","[2.83738290e-08 3.62841563e-08 5.11813690e-08 2.42174915e-08
 3.84992636e-08 3.64089324e-08 4.26789994e-08 3.31533675e-08
 3.94841990e-08 4.57243505e-08 2.22956629e-08 5.01370822e-08
 3.94863952e-08 2.52185514e-08 3.47398990e-08 3.61551473e-08
 1.89543956e-08 3.67978078e-08 2.31147547e-08 2.57195639e-08
 1.93272104e-08 1.96102484e-08 4.08274833e-08 3.99071631e-08
 2.24399895e-08 2.48882799e-08 2.57516556e-08 2.21975591e-08
 4.28022976e-08 3.33675262e-08 2.17427103e-08 2.02741841e-08
 2.69198037e-08 3.63449957e-08 4.35308409e-08 3.97883670e-08
 2.52233487e-08 4.43991295e-08 3.08855996e-08 5.02080176e-08
 2.37262935e-08 1.75579568e-08 2.87032331e-08 3.93034464e-08
 2.49485509e-08 3.84152683e-08 2.18813790e-08 2.95755667e-08
 3.18389306e-08 1.69318904e-08]","[1.e-05 1.e-05 1.e-05 1.e-05 1.e-05 1.e-05 1.e-05 1.e-05 1.e-05 1.e-05
 1.e-05 1.e-05 1.e-05 1.e-05 1.e-05 1.e-05 1.e-05 1.e-05 1.e-05 1.e-05
 1.e-05 1.e-05 1.e-05 1.e-05 1.e-05 1.e-05 1.e-05 1.e-05 1.e-05 1.e-05
 1.e-05 1.e-05 1.e-05 1.e-05 1.e-05 1.e-05 1.e-05 1.e-05 1.e-05 1.e-05
 1.e-05 1.e-05 1.e-05 1.e-05 1.e-05 1.e-05 1.e-05 1.e-05 1.e-05 1.e-05]","[1.e-05 1.e-05 1.e-05 1.e-05 1.e-05 1.e-05 1.e-05 1.e-05 1.e-05 1.e-05
 1.e-05 1.e-05 1.e-05 1.e-05 1.e-05 1.e-05 1.e-05 1.e-05 1.e-05 1.e-05
 1.e-05 1.e-05 1.e-05 1.e-05 1.e-05 1.e-05 1.e-05 1.e-05 1.e-05 1.e-05
 1.e-05 1.e-05 1.e-05 1.e-05 1.e-05 1.e-05 1.e-05 1.e-05 1.e-05 1.e-05
 1.e-05 1.e-05 1.e-05 1.e-05 1.e-05 1.e-05 1.e-05 1.e-05 1.e-05 1.e-05]","[0.39020061 0.38280491 0.40626208 0.38782879 0.39612589 0.39400149
 0.39931194 0.39109847 0.37820986 0.40755296 0.38749731 0.39587488
 0.3870194  0.38970536 0.37828515 0.39099214 0.37862179 0.4186414
 0.40036179 0.38933543 0.38041658 0.38989571 0.38193856 0.38913975
 0.3954748  0.3810856  0.39597737 0.39071934 0.37653868 0.39000331
 0.40350906 0.37993239 0.39903093 0.38996113 0.37433718 0.38572544
 0.3710572  0.37248487 0.39486398 0.37665077 0.38868592 0.39755391
 0.38325843 0.385383   0.40303556 0.3714085  0.37960334 0.38214102
 0.40099146 0.39665346]","[0.43316384 0.43562657 0.4573656  0.43674557 0.43329614 0.43879016
 0.44204034 0.45406849 0.43000711 0.45706096 0.42984735 0.43949884
 0.4467766  0.44276786 0.42861166 0.44553459 0.41932627 0.45474599
 0.43884702 0.44217562 0.43197242 0.44357822 0.43453608 0.43261146
 0.44416304 0.44946908 0.44230284 0.42777995 0.42056992 0.43781498
 0.43899385 0.42486343 0.44513535 0.43116286 0.42623399 0.4410851
 0.42462549 0.42068939 0.43735621 0.43618681 0.44336853 0.44093554
 0.42830276 0.43415123 0.44749284 0.42196606 0.42323693 0.43971067
 0.43120249 0.43208457]","[8.98956165e-275 4.33913451e-264 8.46458318e-299 2.54609740e-271
 1.66856307e-283 2.34687646e-280 2.90911716e-288 4.37058094e-276
 1.43293348e-257 8.85237054e-301 7.69823514e-271 3.93869153e-283
 3.78728729e-270 4.74890542e-274 1.12240311e-257 6.25509001e-276
 3.76312858e-258 4.23548644e-318 7.69010117e-290 1.64374787e-273
 1.08888767e-260 2.50550833e-274 7.47162455e-263 3.16829651e-273
 1.54629099e-282 1.22225636e-261 2.77382128e-283 1.56849455e-275
 3.19576936e-255 1.74517643e-274 1.33874111e-294 5.28668668e-260
 7.67823181e-288 2.01101521e-274 3.80076410e-252 2.79766803e-268
 1.32836995e-247 1.41691708e-249 1.24382543e-281 2.22554383e-255
 1.44933437e-272 1.24458284e-285 9.75157067e-265 8.71100528e-268
 7.00673730e-294 4.35404107e-248 1.54506985e-259 3.84466144e-263
 8.65509891e-291 2.73819894e-284]","[0.00000e+000 0.00000e+000 0.00000e+000 0.00000e+000 0.00000e+000
 0.00000e+000 0.00000e+000 0.00000e+000 0.00000e+000 0.00000e+000
 0.00000e+000 0.00000e+000 0.00000e+000 0.00000e+000 0.00000e+000
 0.00000e+000 3.45876e-319 0.00000e+000 0.00000e+000 0.00000e+000
 0.00000e+000 0.00000e+000 0.00000e+000 0.00000e+000 0.00000e+000
 0.00000e+000 0.00000e+000 0.00000e+000 3.60668e-321 0.00000e+000
 0.00000e+000 0.00000e+000 0.00000e+000 0.00000e+000 0.00000e+000
 0.00000e+000 0.00000e+000 2.30235e-321 0.00000e+000 0.00000e+000
 0.00000e+000 0.00000e+000 0.00000e+000 0.00000e+000 0.00000e+000
 0.00000e+000 0.00000e+000 0.00000e+000 0.00000e+000 0.00000e+000]","[0.10881662 0.1162411  0.1271981  0.10527825 0.11271501 0.11130702
 0.10587263 0.11761987 0.1040982  0.1142838  0.10930634 0.10579753
 0.10938108 0.12247229 0.09815764 0.10799718 0.10667837 0.11714303
 0.11556458 0.10150552 0.11429036 0.1098609  0.10071003 0.10619438
 0.10602462 0.10545135 0.10671461 0.10730207 0.10494423 0.1088382
 0.10903335 0.09322679 0.12091947 0.10573435 0.1008476  0.10595512
 0.10705137 0.10955679 0.1078757  0.09389138 0.10025465 0.10874927
 0.11292148 0.10988081 0.11404669 0.10200703 0.10253465 0.11438668
 0.11560774 0.10876894]","[0.13822365 0.14966857 0.15852642 0.13584602 0.14155281 0.14098322
 0.13478684 0.15100861 0.134202   0.14479554 0.1443398  0.13336337
 0.14605522 0.15145314 0.12890351 0.1363405  0.1322403  0.14582026
 0.14443445 0.13562822 0.14593446 0.14414513 0.13242221 0.13336658
 0.13994622 0.14250588 0.13392103 0.13516474 0.13542032 0.13639331
 0.13481104 0.12080109 0.14698493 0.13613379 0.12980711 0.13833153
 0.13800037 0.14020836 0.14038956 0.12640715 0.13496578 0.13876534
 0.13972902 0.13916707 0.14503646 0.13484395 0.13204122 0.14937758
 0.13947153 0.13316393]","[0.25173327 0.26068123 0.27174555 0.24600358 0.25870947 0.25447221
 0.25182343 0.26351065 0.25079007 0.25811134 0.25244188 0.24974634
 0.25518729 0.26604338 0.23778016 0.25288806 0.24960609 0.25960749
 0.2596866  0.24408393 0.25702962 0.25636538 0.24237872 0.24908846
 0.25004625 0.24993711 0.25154545 0.25108155 0.24939916 0.25515436
 0.2510702  0.23455175 0.26831245 0.24970219 0.24363898 0.250838
 0.25099696 0.25426722 0.25555403 0.23602175 0.24247774 0.2540937
 0.25304022 0.25535143 0.25941798 0.2483817  0.24632231 0.25953594
 0.26132797 0.25218347]","[0.2849057  0.29786435 0.30434621 0.28082764 0.29127002 0.28685821
 0.28470842 0.29872955 0.28525057 0.29111858 0.29094158 0.28174527
 0.29419623 0.29792875 0.27311351 0.28430166 0.27967085 0.2914877
 0.29171149 0.28113524 0.29088501 0.29323208 0.27915224 0.28008931
 0.28762775 0.2905208  0.28302812 0.28368306 0.28305583 0.28707785
 0.28111499 0.26817896 0.29721512 0.28442424 0.27717705 0.2871446
 0.28480011 0.2886657  0.29152362 0.27373269 0.28125468 0.28842817
 0.2825529  0.28804426 0.29376665 0.28556144 0.28011493 0.29614501
 0.28882016 0.28029717]",1.253738354559759e-114,6.520819556660657e-148,8.776166023658487e-114,3.897409252774479e-147,2.4823658577588502e-08,3.183888288349479e-08,9.097072807378023e-09,9.351754398006302e-09,1e-05,1e-05,0.0,0.0,0.38914377747535717,0.43679757387161255,0.010075190867223817,0.009402411515874131,0.10862029552459716,0.13891658306121826,0.006589101568385431,0.006919677400567728,0.25267528115466775,0.2865885202044768,0.007411827823944605,0.007044011677820436
df3,0.75,-1.0,0.75,"[8.66394516e-151 2.11520456e-140 7.91123773e-120 2.11520456e-140
 1.97454306e-136 1.62932937e-122 8.08221677e-132 1.65526914e-137
 5.84114683e-143 1.20103174e-134 1.20103174e-134 3.95211198e-141
 2.11520456e-140 2.72168499e-134 6.16042076e-134 1.65526914e-137
 1.65526914e-137 1.01652477e-129 3.16268593e-114 4.93392456e-150
 3.62405363e-151 1.65526914e-137 3.56765397e-117 4.94613442e-147
 7.22731515e-138 4.93392456e-150 4.50098708e-136 1.97454306e-136
 1.52170582e-145 2.50543477e-143 1.96307101e-144 2.09388117e-147
 1.81440195e-131 8.65193381e-137 7.09357420e-133 1.96307101e-144
 2.79630084e-149 7.19151616e-124 1.39274712e-133 8.66394516e-151
 4.88474039e-140 3.43101012e-123 2.75002067e-146 2.97606811e-113
 4.59306180e-144 6.44036529e-126 2.33052754e-135 2.59582860e-139
 8.38015691e-145 8.66394516e-151]","[1.75465082e-181 9.16040170e-171 4.55776756e-153 1.29483446e-173
 6.67832938e-182 2.63328336e-152 6.11074430e-166 2.56791027e-177
 1.72251454e-176 2.15605296e-179 3.15863793e-180 1.41383100e-171
 1.49683070e-169 1.85265048e-158 1.96416771e-174 5.93631016e-164
 1.29483446e-173 5.62245732e-179 8.66394516e-151 5.04621141e-174
 9.65472569e-195 1.41383100e-171 1.25652552e-159 5.59619386e-187
 8.25754125e-180 1.41383100e-171 3.15863793e-180 1.29483446e-173
 1.75465082e-181 3.60100749e-171 3.80921130e-178 1.46437154e-178
 6.11074430e-166 9.57936136e-169 6.10046832e-168 5.23469135e-184
 5.90593359e-170 1.25652552e-159 9.55305708e-165 1.14970548e-175
 1.53665271e-167 1.53665271e-167 3.31837362e-173 6.58533558e-157
 2.08742782e-190 9.11163913e-163 9.89641318e-178 1.41383100e-171
 1.29483446e-173 1.05910660e-191]","[8.66394516e-151 2.11520456e-140 7.91123773e-120 2.11520456e-140
 1.97454306e-136 1.62932937e-122 8.08221677e-132 1.65526914e-137
 5.84114683e-143 1.20103174e-134 1.20103174e-134 3.95211198e-141
 2.11520456e-140 2.72168499e-134 6.16042076e-134 1.65526914e-137
 1.65526914e-137 1.01652477e-129 3.16268593e-114 4.93392456e-150
 3.62405363e-151 1.65526914e-137 3.56765397e-117 4.94613442e-147
 7.22731515e-138 4.93392456e-150 4.50098708e-136 1.97454306e-136
 1.52170582e-145 2.50543477e-143 1.96307101e-144 2.09388117e-147
 1.81440195e-131 8.65193381e-137 7.09357420e-133 1.96307101e-144
 2.79630084e-149 7.19151616e-124 1.39274712e-133 8.66394516e-151
 4.88474039e-140 3.43101012e-123 2.75002067e-146 2.97606811e-113
 4.59306180e-144 6.44036529e-126 2.33052754e-135 2.59582860e-139
 8.38015691e-145 8.66394516e-151]","[1.75465082e-181 9.16040170e-171 4.55776756e-153 1.29483446e-173
 6.67832938e-182 2.63328336e-152 6.11074430e-166 2.56791027e-177
 1.72251454e-176 2.15605296e-179 3.15863793e-180 1.41383100e-171
 1.49683070e-169 1.85265048e-158 1.96416771e-174 5.93631016e-164
 1.29483446e-173 5.62245732e-179 8.66394516e-151 5.04621141e-174
 9.65472569e-195 1.41383100e-171 1.25652552e-159 5.59619386e-187
 8.25754125e-180 1.41383100e-171 3.15863793e-180 1.29483446e-173
 1.75465082e-181 3.60100749e-171 3.80921130e-178 1.46437154e-178
 6.11074430e-166 9.57936136e-169 6.10046832e-168 5.23469135e-184
 5.90593359e-170 1.25652552e-159 9.55305708e-165 1.14970548e-175
 1.53665271e-167 1.53665271e-167 3.31837362e-173 6.58533558e-157
 2.08742782e-190 9.11163913e-163 9.89641318e-178 1.41383100e-171
 1.29483446e-173 1.05910660e-191]","[3.51518441e-08 1.64567757e-08 2.64517145e-08 1.80030527e-08
 2.31080532e-08 2.90089335e-08 1.39483840e-08 1.39525096e-08
 4.40353182e-08 1.53910774e-08 3.61803656e-08 3.80038718e-08
 1.36021788e-08 3.37010146e-08 3.15059406e-08 3.46816982e-08
 3.24423055e-08 2.78991347e-08 2.00265471e-08 3.66170807e-08
 3.98380832e-08 2.45794970e-08 3.32644403e-08 2.89095617e-08
 1.76146275e-08 2.04756563e-08 3.17458874e-08 1.31183505e-08
 3.00282543e-08 1.67805678e-08 2.34427557e-08 2.20344305e-08
 3.14145678e-08 3.48669221e-08 1.98299179e-08 2.00895455e-08
 4.26249466e-08 1.11175806e-08 2.19473080e-08 1.59470551e-08
 1.36131484e-08 1.67445905e-08 1.50374788e-08 1.32873871e-08
 3.95404804e-08 1.13653702e-08 3.82116394e-08 1.40766787e-08
 1.31921352e-08 2.23165333e-08]","[5.38673666e-08 1.98102547e-08 2.02309506e-08 4.16206114e-08
 5.05528723e-08 3.96768406e-08 2.18644616e-08 3.31780587e-08
 2.65197927e-08 4.51247703e-08 2.40485981e-08 5.07716562e-08
 2.84259002e-08 3.01634889e-08 2.56177461e-08 1.72015322e-08
 2.06527629e-08 2.68811018e-08 4.44734097e-08 4.13869866e-08
 2.47991648e-08 3.86925195e-08 4.65706087e-08 4.29725356e-08
 4.79672368e-08 2.63903668e-08 2.37142455e-08 2.91707781e-08
 2.26802997e-08 4.14750823e-08 1.90991892e-08 3.65508560e-08
 3.07623689e-08 2.63689141e-08 4.41899147e-08 3.14611074e-08
 2.17791056e-08 3.19573616e-08 3.00805613e-08 2.52463683e-08
 1.85859594e-08 2.82478142e-08 1.92315767e-08 2.15569181e-08
 2.59854926e-08 2.97724436e-08 4.01459436e-08 2.64194326e-08
 2.40959560e-08 1.94968749e-08]","[1.e-05 1.e-05 1.e-05 1.e-05 1.e-05 1.e-05 1.e-05 1.e-05 1.e-05 1.e-05
 1.e-05 1.e-05 1.e-05 1.e-05 1.e-05 1.e-05 1.e-05 1.e-05 1.e-05 1.e-05
 1.e-05 1.e-05 1.e-05 1.e-05 1.e-05 1.e-05 1.e-05 1.e-05 1.e-05 1.e-05
 1.e-05 1.e-05 1.e-05 1.e-05 1.e-05 1.e-05 1.e-05 1.e-05 1.e-05 1.e-05
 1.e-05 1.e-05 1.e-05 1.e-05 1.e-05 1.e-05 1.e-05 1.e-05 1.e-05 1.e-05]","[1.e-05 1.e-05 1.e-05 1.e-05 1.e-05 1.e-05 1.e-05 1.e-05 1.e-05 1.e-05
 1.e-05 1.e-05 1.e-05 1.e-05 1.e-05 1.e-05 1.e-05 1.e-05 1.e-05 1.e-05
 1.e-05 1.e-05 1.e-05 1.e-05 1.e-05 1.e-05 1.e-05 1.e-05 1.e-05 1.e-05
 1.e-05 1.e-05 1.e-05 1.e-05 1.e-05 1.e-05 1.e-05 1.e-05 1.e-05 1.e-05
 1.e-05 1.e-05 1.e-05 1.e-05 1.e-05 1.e-05 1.e-05 1.e-05 1.e-05 1.e-05]","[0.4009931  0.39984763 0.37233061 0.39924495 0.38805721 0.37675302
 0.39091619 0.39612332 0.39558961 0.38461125 0.38924452 0.37880247
 0.38406767 0.38891312 0.38216559 0.39712766 0.39582236 0.39123454
 0.36555904 0.39574645 0.39886421 0.39691156 0.37975196 0.41173666
 0.39240727 0.39494878 0.39215056 0.39005194 0.38942651 0.40669746
 0.37877145 0.40283593 0.38610603 0.38730312 0.39054823 0.39725822
 0.39560104 0.37090793 0.39120374 0.39289686 0.38691458 0.36016589
 0.38952578 0.37805488 0.39520806 0.3652004  0.38064809 0.38905257
 0.39111103 0.38975567]","[0.44678021 0.44670943 0.42322845 0.45524323 0.44563593 0.42095724
 0.44577183 0.44606282 0.45120323 0.4389735  0.45061559 0.43095706
 0.43233448 0.44033005 0.43745403 0.4371239  0.44906654 0.4579333
 0.41498574 0.44047878 0.45775675 0.45010184 0.43926648 0.46133066
 0.45254651 0.43751117 0.4480935  0.44820167 0.44003388 0.45048126
 0.43952472 0.44809    0.43853963 0.4446023  0.44486925 0.45569088
 0.44156907 0.43297047 0.44246233 0.43836818 0.43835662 0.43427969
 0.43024288 0.43839327 0.45905098 0.42808184 0.44148894 0.43712462
 0.44474451 0.45045219]","[8.60581393e-291 4.56324579e-289 2.31653050e-249 3.66670630e-288
 1.18708741e-271 1.59973331e-255 8.08032274e-276 1.68331790e-283
 1.04453713e-282 1.12171122e-266 2.22974818e-273 2.09226386e-258
 6.76113929e-266 6.77164706e-273 3.54665742e-263 5.38191405e-285
 4.71368525e-283 2.76196689e-276 4.33347667e-240 6.11067285e-283
 1.36509772e-287 1.12988668e-284 9.52002078e-260 2.99924269e-307
 5.24796152e-278 9.31419494e-282 1.25104277e-277 1.48199522e-274
 1.21095044e-273 1.82161331e-299 2.31420300e-258 1.40695607e-293
 7.90651716e-269 1.47118517e-270 2.79084542e-275 3.43756582e-285
 1.00453173e-282 2.13308375e-247 3.06430234e-276 9.99160702e-279
 5.36986084e-270 7.63316235e-233 8.67835111e-274 2.36871556e-257
 3.84502896e-282 1.32582353e-239 5.11113420e-261 4.24377415e-273
 4.18931938e-276 4.01062034e-274]","[0.00000000e+000 0.00000000e+000 0.00000000e+000 0.00000000e+000
 0.00000000e+000 8.49792911e-322 0.00000000e+000 0.00000000e+000
 0.00000000e+000 0.00000000e+000 0.00000000e+000 0.00000000e+000
 0.00000000e+000 0.00000000e+000 0.00000000e+000 0.00000000e+000
 0.00000000e+000 0.00000000e+000 2.50138311e-312 0.00000000e+000
 0.00000000e+000 0.00000000e+000 0.00000000e+000 0.00000000e+000
 0.00000000e+000 0.00000000e+000 0.00000000e+000 0.00000000e+000
 0.00000000e+000 0.00000000e+000 0.00000000e+000 0.00000000e+000
 0.00000000e+000 0.00000000e+000 0.00000000e+000 0.00000000e+000
 0.00000000e+000 0.00000000e+000 0.00000000e+000 0.00000000e+000
 0.00000000e+000 0.00000000e+000 0.00000000e+000 0.00000000e+000
 0.00000000e+000 0.00000000e+000 0.00000000e+000 0.00000000e+000
 0.00000000e+000 0.00000000e+000]","[0.1132592  0.12142646 0.10161602 0.1194309  0.11099207 0.10504639
 0.10033131 0.11306143 0.10429764 0.11323631 0.11806285 0.11054993
 0.10961461 0.11065447 0.11048722 0.10956752 0.10266507 0.11373305
 0.10307014 0.108374   0.12400997 0.10295868 0.10449624 0.11662221
 0.10016167 0.10882413 0.11061358 0.11142838 0.1165266  0.1114198
 0.10320652 0.1111908  0.1142863  0.10690463 0.11627102 0.10662949
 0.11060941 0.10264838 0.10657823 0.10307562 0.10174716 0.10016286
 0.10536265 0.11409473 0.11092484 0.10819364 0.09422028 0.11300266
 0.11286521 0.11065519]","[0.14565194 0.15107644 0.13537574 0.15448189 0.14642334 0.13316596
 0.13476408 0.14698744 0.13554072 0.14809883 0.15470171 0.14380443
 0.14293015 0.14402127 0.14704823 0.14268017 0.1376065  0.15266669
 0.13581169 0.14106011 0.16228259 0.13787508 0.14203417 0.14852142
 0.13856804 0.1397903  0.14604199 0.14675784 0.15207124 0.14175653
 0.1417942  0.14393234 0.14836442 0.14417267 0.15245724 0.14163661
 0.14534056 0.13891363 0.13798606 0.13845921 0.13186133 0.14152443
 0.13582599 0.15241694 0.14872754 0.14488614 0.13016808 0.14673185
 0.14866209 0.14952505]","[0.25748911 0.26616927 0.24505584 0.26676596 0.25468135 0.24765252
 0.24028031 0.25916977 0.24680737 0.25717921 0.2631843  0.25630504
 0.25394864 0.25843434 0.25993527 0.25484121 0.24807109 0.25738689
 0.24877166 0.25200471 0.26967696 0.24627164 0.24921599 0.26236742
 0.24498023 0.25567886 0.25661654 0.25628155 0.26627628 0.25552585
 0.24725082 0.25714055 0.26159734 0.25259318 0.25837827 0.25118648
 0.25731416 0.24708093 0.25115769 0.24498584 0.24724705 0.24430997
 0.24633823 0.26266841 0.25477055 0.25455382 0.2342831  0.25973689
 0.25870298 0.25746293]","[0.29327367 0.29750384 0.28349815 0.30494948 0.2927047  0.28062737
 0.27888518 0.29577939 0.28231676 0.29498724 0.30215945 0.29281168
 0.29131214 0.2940266  0.29833659 0.29215287 0.28665152 0.29856366
 0.28578487 0.28990948 0.30876824 0.28547759 0.29047718 0.29743536
 0.28671688 0.29086043 0.29435413 0.29383097 0.30353496 0.28882106
 0.2902664  0.29350897 0.29780146 0.2934191  0.29693149 0.29014506
 0.2959861  0.28676214 0.2859457  0.28624184 0.28242901 0.28980008
 0.28114991 0.302873   0.29462547 0.29409125 0.27567112 0.29730744
 0.29760992 0.29858712]",6.585388526849478e-115,1.794571592845775e-152,4.180949807267072e-114,1.2126427439658884e-151,2.4744463971160257e-08,3.115072318315981e-08,9.515631711498375e-09,9.936894953570534e-09,1e-05,1e-05,0.0,0.0,0.38890333363533025,0.44252142846107484,0.010332212659036617,0.0096484930278127,0.109183349609375,0.14385965824127198,0.006004288256387979,0.006552090530529985,0.25411568723619415,0.29215328089473735,0.007226879190417442,0.006906288325904926
df3,0.8,-1.0,0.8,"[2.09388117e-147 6.16042076e-134 2.09388117e-147 3.95211198e-141
 7.70163359e-122 3.14502261e-133 2.72168499e-134 2.97606811e-113
 5.29370851e-135 8.65193381e-137 9.14846799e-141 1.01652477e-129
 6.16042076e-134 8.65193381e-137 2.75002067e-146 8.85357293e-148
 3.46283303e-116 1.37294733e-138 7.09357420e-133 6.84127225e-125
 2.92297102e-126 9.14846799e-141 3.59598810e-132 5.53102464e-128
 8.08221677e-132 1.16697210e-146 1.20103174e-134 8.38015691e-145
 1.57171273e-123 1.12671987e-139 6.47280639e-146 2.63328336e-152
 1.70527622e-141 3.56765397e-117 1.70527622e-141 7.22731515e-138
 7.89408622e-119 5.97340427e-139 5.97340427e-139 7.56450039e-159
 5.04562598e-129 2.72168499e-134 1.81440195e-131 1.39274712e-133
 1.31890515e-112 8.65193381e-137 2.03839988e-130 6.16042076e-134
 1.41739559e-125 2.11520456e-140]","[1.72251454e-176 6.65489851e-177 2.09544875e-187 7.73757074e-191
 6.31809023e-152 1.49683070e-169 5.31262531e-193 2.09388117e-147
 1.46437154e-178 5.04621141e-174 3.97632682e-186 2.07706765e-160
 2.25889419e-162 3.31837362e-173 7.73757074e-191 1.20671971e-180
 1.25652552e-159 1.09179716e-188 1.29483446e-173 5.90593359e-170
 5.04621141e-174 1.97742990e-184 2.25889419e-162 1.38326502e-161
 9.16040170e-171 1.49266032e-186 1.41383100e-171 9.16040170e-171
 2.25889419e-162 5.31262531e-193 9.65472569e-195 7.18008740e-194
 1.97742990e-184 9.11163913e-163 2.27657730e-197 5.59619386e-187
 1.09619158e-152 2.15605296e-179 3.65456332e-183 2.09544875e-187
 6.67832938e-182 1.46437154e-178 6.65489851e-177 2.56791027e-177
 5.11181442e-160 1.14970548e-175 5.90593359e-170 1.29483446e-173
 2.56791027e-177 1.97742990e-184]","[2.09388117e-147 6.16042076e-134 2.09388117e-147 3.95211198e-141
 7.70163359e-122 3.14502261e-133 2.72168499e-134 2.97606811e-113
 5.29370851e-135 8.65193381e-137 9.14846799e-141 1.01652477e-129
 6.16042076e-134 8.65193381e-137 2.75002067e-146 8.85357293e-148
 3.46283303e-116 1.37294733e-138 7.09357420e-133 6.84127225e-125
 2.92297102e-126 9.14846799e-141 3.59598810e-132 5.53102464e-128
 8.08221677e-132 1.16697210e-146 1.20103174e-134 8.38015691e-145
 1.57171273e-123 1.12671987e-139 6.47280639e-146 2.63328336e-152
 1.70527622e-141 3.56765397e-117 1.70527622e-141 7.22731515e-138
 7.89408622e-119 5.97340427e-139 5.97340427e-139 7.56450039e-159
 5.04562598e-129 2.72168499e-134 1.81440195e-131 1.39274712e-133
 1.31890515e-112 8.65193381e-137 2.03839988e-130 6.16042076e-134
 1.41739559e-125 2.11520456e-140]","[1.72251454e-176 6.65489851e-177 2.09544875e-187 7.73757074e-191
 6.31809023e-152 1.49683070e-169 5.31262531e-193 2.09388117e-147
 1.46437154e-178 5.04621141e-174 3.97632682e-186 2.07706765e-160
 2.25889419e-162 3.31837362e-173 7.73757074e-191 1.20671971e-180
 1.25652552e-159 1.09179716e-188 1.29483446e-173 5.90593359e-170
 5.04621141e-174 1.97742990e-184 2.25889419e-162 1.38326502e-161
 9.16040170e-171 1.49266032e-186 1.41383100e-171 9.16040170e-171
 2.25889419e-162 5.31262531e-193 9.65472569e-195 7.18008740e-194
 1.97742990e-184 9.11163913e-163 2.27657730e-197 5.59619386e-187
 1.09619158e-152 2.15605296e-179 3.65456332e-183 2.09544875e-187
 6.67832938e-182 1.46437154e-178 6.65489851e-177 2.56791027e-177
 5.11181442e-160 1.14970548e-175 5.90593359e-170 1.29483446e-173
 2.56791027e-177 1.97742990e-184]","[1.64755476e-08 1.92439168e-08 2.97172091e-08 1.35860108e-08
 1.17138692e-08 3.45269917e-08 3.29973634e-08 1.53112502e-08
 2.78787503e-08 3.27962408e-08 1.85864610e-08 2.60190701e-08
 3.01947225e-08 1.58632176e-08 1.97036920e-08 1.53187368e-08
 1.53803577e-08 2.60442068e-08 3.68015564e-08 1.74980158e-08
 3.68959742e-08 1.79735228e-08 1.51476849e-08 2.89145918e-08
 1.75016519e-08 3.82493013e-08 1.83842009e-08 3.39770256e-08
 1.28573013e-08 1.55274645e-08 3.15169791e-08 2.02231870e-08
 1.75449472e-08 1.59759986e-08 4.21616551e-08 1.48789675e-08
 2.55054959e-08 2.00546634e-08 1.95149664e-08 3.01868739e-08
 2.47647320e-08 2.78609898e-08 2.36971555e-08 4.24750716e-08
 2.22246551e-08 3.28568990e-08 2.42566967e-08 3.16459340e-08
 3.83032629e-08 3.26183550e-08]","[3.41391887e-08 2.16277303e-08 2.91955622e-08 4.90410929e-08
 1.86469284e-08 1.94251680e-08 2.72771947e-08 4.17857938e-08
 3.42788692e-08 2.08674346e-08 5.29233359e-08 4.07476468e-08
 2.23696194e-08 2.98316102e-08 5.34201212e-08 2.75084290e-08
 1.84332489e-08 3.63298601e-08 3.20951703e-08 2.57584046e-08
 4.84237190e-08 2.17337577e-08 2.84743934e-08 2.52658169e-08
 1.80877289e-08 1.98749206e-08 2.59319995e-08 3.69594937e-08
 3.16694505e-08 5.21733652e-08 2.83652541e-08 3.98501174e-08
 5.52550462e-08 2.37970289e-08 3.56369104e-08 4.56692087e-08
 1.99102900e-08 3.68184988e-08 2.43779068e-08 1.99972826e-08
 4.64237139e-08 4.10656493e-08 2.51987456e-08 3.78718032e-08
 2.53362359e-08 2.80315121e-08 3.26033583e-08 2.45742261e-08
 1.89098840e-08 4.41360239e-08]","[1.e-05 1.e-05 1.e-05 1.e-05 1.e-05 1.e-05 1.e-05 1.e-05 1.e-05 1.e-05
 1.e-05 1.e-05 1.e-05 1.e-05 1.e-05 1.e-05 1.e-05 1.e-05 1.e-05 1.e-05
 1.e-05 1.e-05 1.e-05 1.e-05 1.e-05 1.e-05 1.e-05 1.e-05 1.e-05 1.e-05
 1.e-05 1.e-05 1.e-05 1.e-05 1.e-05 1.e-05 1.e-05 1.e-05 1.e-05 1.e-05
 1.e-05 1.e-05 1.e-05 1.e-05 1.e-05 1.e-05 1.e-05 1.e-05 1.e-05 1.e-05]","[1.e-05 1.e-05 1.e-05 1.e-05 1.e-05 1.e-05 1.e-05 1.e-05 1.e-05 1.e-05
 1.e-05 1.e-05 1.e-05 1.e-05 1.e-05 1.e-05 1.e-05 1.e-05 1.e-05 1.e-05
 1.e-05 1.e-05 1.e-05 1.e-05 1.e-05 1.e-05 1.e-05 1.e-05 1.e-05 1.e-05
 1.e-05 1.e-05 1.e-05 1.e-05 1.e-05 1.e-05 1.e-05 1.e-05 1.e-05 1.e-05
 1.e-05 1.e-05 1.e-05 1.e-05 1.e-05 1.e-05 1.e-05 1.e-05 1.e-05 1.e-05]","[0.40255991 0.37858148 0.40133876 0.40000398 0.38140382 0.38168874
 0.37956941 0.36298422 0.38040951 0.39470136 0.39409551 0.38374685
 0.39504871 0.40074159 0.39309309 0.39841036 0.37737956 0.3822372
 0.38925595 0.37498352 0.37699353 0.39303141 0.3896503  0.39533463
 0.37791746 0.40072213 0.38475763 0.39443843 0.37626181 0.39217171
 0.39572647 0.4089802  0.40509188 0.3921513  0.40506385 0.3907935
 0.37562125 0.39556089 0.40186995 0.41098553 0.39035234 0.37772409
 0.35782079 0.39362148 0.36908754 0.38624021 0.38783409 0.39018282
 0.36355645 0.38989948]","[0.44462592 0.45138747 0.45856093 0.46390957 0.43970842 0.43016205
 0.45956409 0.4273714  0.44141496 0.45039879 0.45465969 0.43683429
 0.43669966 0.44608733 0.4464009  0.45161929 0.42821558 0.4507323
 0.44821877 0.43953377 0.44551687 0.45348114 0.44062176 0.45096748
 0.4404948  0.45824954 0.44871608 0.44782928 0.4317834  0.45667902
 0.45540705 0.46315097 0.45895842 0.45709375 0.46110451 0.44966049
 0.43807586 0.45760833 0.45275479 0.47593861 0.45900872 0.43475137
 0.42914967 0.45454908 0.43863182 0.44700408 0.45684935 0.44266229
 0.43823963 0.44875938]","[3.68634694e-293 4.28939552e-258 2.58981581e-291 2.65606851e-289
 4.31233571e-262 1.69520648e-262 1.72566031e-259 1.29263051e-236
 1.11429300e-260 2.16541028e-281 1.70444873e-280 1.94921516e-265
 6.62359976e-282 2.06034413e-290 5.13587462e-279 6.52913789e-287
 2.11092905e-256 2.80358124e-263 2.14587712e-273 4.77687704e-253
 7.35528214e-256 6.33115174e-279 5.71330437e-274 2.49590234e-282
 3.69808700e-257 2.20426327e-290 6.91162764e-267 5.30402533e-281
 7.80680556e-255 1.16465265e-277 6.54262569e-283 5.60584756e-303
 5.20704182e-297 1.24794291e-277 5.74609934e-297 1.22173557e-275
 6.14696386e-254 1.15225067e-282 4.08127806e-292 4.40948389e-306
 5.39603035e-275 6.91952329e-257 9.89175101e-230 8.54168731e-280
 6.75609635e-245 5.06232676e-269 2.50139322e-271 9.54393025e-275
 2.19629490e-237 2.47389848e-274]","[0. 0. 0. 0. 0. 0. 0. 0. 0. 0. 0. 0. 0. 0. 0. 0. 0. 0. 0. 0. 0. 0. 0. 0.
 0. 0. 0. 0. 0. 0. 0. 0. 0. 0. 0. 0. 0. 0. 0. 0. 0. 0. 0. 0. 0. 0. 0. 0.
 0. 0.]","[0.11658037 0.10438097 0.12322664 0.11085677 0.11801195 0.09518027
 0.10531926 0.0993948  0.10495675 0.11038888 0.1135999  0.10684276
 0.10651422 0.12123191 0.09871709 0.11686087 0.10381579 0.1077975
 0.10587204 0.10242808 0.09673393 0.10996413 0.09290779 0.11245143
 0.10279262 0.11703312 0.10420823 0.10567558 0.09544206 0.10068917
 0.11042452 0.11740935 0.11468351 0.11384225 0.11091757 0.10910654
 0.10326493 0.10276282 0.12196243 0.12633622 0.10813308 0.09523344
 0.10335219 0.10218096 0.09702897 0.11680245 0.10322654 0.11007285
 0.0934515  0.09685349]","[0.15021861 0.14749455 0.16292405 0.15164757 0.15401673 0.12339854
 0.15296829 0.13891482 0.14420593 0.14366639 0.15469909 0.14159155
 0.13933074 0.15501821 0.13307989 0.15235496 0.13845408 0.14706028
 0.14144683 0.14136195 0.13487756 0.15158963 0.12517679 0.150388
 0.1426568  0.14967656 0.14610291 0.13967574 0.12931681 0.13874638
 0.14670515 0.15160966 0.15220261 0.15197289 0.15473187 0.14528596
 0.14317191 0.13632286 0.15842319 0.16791296 0.15156424 0.13330853
 0.14400947 0.13752222 0.13425028 0.15801597 0.14370787 0.14327443
 0.13486755 0.13679349]","[0.26086227 0.24893522 0.27042999 0.25324291 0.26355401 0.23925323
 0.24948638 0.24260388 0.24741201 0.25498951 0.25880721 0.25077758
 0.2504805  0.26714234 0.2400334  0.26179698 0.24816767 0.25285154
 0.24721855 0.2479111  0.23891731 0.25448877 0.23591636 0.25732826
 0.2462316  0.26166887 0.2483558  0.24901374 0.23999983 0.24333947
 0.25583752 0.25906968 0.26029718 0.25757677 0.25300971 0.25287114
 0.24743653 0.24321302 0.26670529 0.27481692 0.25410428 0.2376847
 0.24748865 0.24304492 0.24095738 0.26328724 0.24285778 0.25494924
 0.23671136 0.23723157]","[0.29796916 0.29445886 0.31053525 0.29572752 0.30172817 0.27325974
 0.29902283 0.28585701 0.28960435 0.29207245 0.30164231 0.28857068
 0.2875604  0.30372278 0.2789614  0.30087876 0.28836632 0.29432433
 0.28604167 0.29009683 0.28306843 0.29790096 0.27419247 0.29747897
 0.28911741 0.29674633 0.29395165 0.28687627 0.2796366  0.28608611
 0.29479868 0.29560695 0.30026775 0.29863238 0.29990932 0.29179105
 0.29061987 0.28128978 0.30559295 0.31675558 0.29947242 0.28132757
 0.29128794 0.28216151 0.28208985 0.30650276 0.28759173 0.29147238
 0.28311292 0.28220884]",3.2337894282412084e-114,4.187910622105012e-149,1.8845656089895288e-113,2.93143151852351e-148,2.458706783281528e-08,3.196251502357583e-08,8.425685858583247e-09,1.0609682618032445e-08,1e-05,1e-05,0.0,0.0,0.388433533744812,0.4479960546302795,0.011787955429055561,0.010403049998779328,0.10733840942382812,0.14495426654815674,0.008191114758710125,0.009153023715329516,0.25120734376227516,0.2921589652923824,0.0093048216272893,0.009050447673849353
df3,0.8500000000000001,-1.0,0.8500000000000001,"[4.50098708e-136 1.69706671e-120 2.11520456e-140 1.39274712e-133
 6.47280639e-146 1.20103174e-134 1.81440195e-131 1.37294733e-138
 4.50098708e-136 7.05518906e-115 1.56663455e-115 4.94613442e-147
 2.72168499e-134 3.59598810e-132 2.71351259e-127 6.47280639e-146
 2.50543477e-143 4.06843613e-131 1.81440195e-131 1.12215372e-128
 1.59807269e-132 1.39274712e-133 1.81440195e-131 2.92297102e-126
 1.22580667e-127 6.16042076e-134 5.29370851e-135 1.36018053e-142
 1.39274712e-133 3.57314355e-145 3.54443794e-122 1.62932937e-122
 7.91123773e-120 4.50098708e-136 3.14502261e-133 1.34579277e-154
 2.33052754e-135 6.84127225e-125 2.72168499e-134 1.39274712e-133
 2.71351259e-127 3.16357866e-142 3.63777125e-118 3.59598810e-132
 3.16357866e-142 1.57171273e-123 1.36018053e-142 1.20103174e-134
 9.14846799e-141 1.65526914e-137]","[2.53864056e-182 5.11181442e-160 2.08742782e-190 2.09544875e-187
 1.00763382e-206 2.96475930e-175 8.25754125e-180 1.05910660e-191
 3.97632682e-186 9.71405854e-167 2.25889419e-162 2.63457939e-194
 3.80921130e-178 5.90593359e-170 7.63577865e-175 2.92686009e-188
 7.83634509e-188 2.53864056e-182 2.39109446e-201 2.92686009e-188
 1.05792849e-185 7.83634509e-188 3.41677257e-161 9.11163913e-163
 9.57936136e-169 1.46437154e-178 2.92686009e-188 2.39109446e-201
 6.65489851e-177 1.44235064e-192 5.93631016e-164 1.96416771e-174
 2.70191421e-157 2.41889424e-168 1.72251454e-176 4.43455361e-208
 2.15605296e-179 1.49683070e-169 1.97742990e-184 6.65489851e-177
 5.23469135e-184 1.75465082e-181 5.59326537e-162 9.89641318e-178
 1.51347567e-189 1.96416771e-174 5.31262531e-193 2.56791027e-177
 5.59619386e-187 2.81115002e-185]","[4.50098708e-136 1.69706671e-120 2.11520456e-140 1.39274712e-133
 6.47280639e-146 1.20103174e-134 1.81440195e-131 1.37294733e-138
 4.50098708e-136 7.05518906e-115 1.56663455e-115 4.94613442e-147
 2.72168499e-134 3.59598810e-132 2.71351259e-127 6.47280639e-146
 2.50543477e-143 4.06843613e-131 1.81440195e-131 1.12215372e-128
 1.59807269e-132 1.39274712e-133 1.81440195e-131 2.92297102e-126
 1.22580667e-127 6.16042076e-134 5.29370851e-135 1.36018053e-142
 1.39274712e-133 3.57314355e-145 3.54443794e-122 1.62932937e-122
 7.91123773e-120 4.50098708e-136 3.14502261e-133 1.34579277e-154
 2.33052754e-135 6.84127225e-125 2.72168499e-134 1.39274712e-133
 2.71351259e-127 3.16357866e-142 3.63777125e-118 3.59598810e-132
 3.16357866e-142 1.57171273e-123 1.36018053e-142 1.20103174e-134
 9.14846799e-141 1.65526914e-137]","[2.53864056e-182 5.11181442e-160 2.08742782e-190 2.09544875e-187
 1.00763382e-206 2.96475930e-175 8.25754125e-180 1.05910660e-191
 3.97632682e-186 9.71405854e-167 2.25889419e-162 2.63457939e-194
 3.80921130e-178 5.90593359e-170 7.63577865e-175 2.92686009e-188
 7.83634509e-188 2.53864056e-182 2.39109446e-201 2.92686009e-188
 1.05792849e-185 7.83634509e-188 3.41677257e-161 9.11163913e-163
 9.57936136e-169 1.46437154e-178 2.92686009e-188 2.39109446e-201
 6.65489851e-177 1.44235064e-192 5.93631016e-164 1.96416771e-174
 2.70191421e-157 2.41889424e-168 1.72251454e-176 4.43455361e-208
 2.15605296e-179 1.49683070e-169 1.97742990e-184 6.65489851e-177
 5.23469135e-184 1.75465082e-181 5.59326537e-162 9.89641318e-178
 1.51347567e-189 1.96416771e-174 5.31262531e-193 2.56791027e-177
 5.59619386e-187 2.81115002e-185]","[3.72013736e-08 2.03101447e-08 1.41871289e-08 3.39669705e-08
 2.53117205e-08 2.06263397e-08 4.05660103e-08 2.00250092e-08
 3.03988232e-08 3.54028048e-08 3.50490628e-08 3.74508762e-08
 4.04951438e-08 2.20203465e-08 1.40820102e-08 1.62782329e-08
 3.83511365e-08 1.72916844e-08 1.84030238e-08 4.31609266e-08
 2.58373147e-08 1.83113348e-08 1.79053525e-08 3.28921074e-08
 1.67384753e-08 3.03186681e-08 2.17209506e-08 1.59839846e-08
 3.85579342e-08 3.83404553e-08 3.63730516e-08 1.17554806e-08
 1.69884131e-08 2.68422773e-08 2.36411161e-08 2.35176532e-08
 1.65649608e-08 1.43071393e-08 2.96368752e-08 3.43283417e-08
 1.39593639e-08 2.61599349e-08 2.35275330e-08 2.45737584e-08
 4.33275523e-08 1.29555290e-08 1.58587454e-08 1.96121688e-08
 1.97342315e-08 2.54979653e-08]","[3.86071456e-08 3.73197779e-08 2.26006265e-08 2.03796265e-08
 4.15563342e-08 2.62262804e-08 2.26785937e-08 3.51369048e-08
 3.96850762e-08 2.25395744e-08 4.13330156e-08 2.08243155e-08
 5.12390528e-08 1.84898533e-08 2.30116168e-08 2.59191016e-08
 5.22177998e-08 3.68615639e-08 2.09625738e-08 4.69097482e-08
 3.86186334e-08 4.99073296e-08 4.25693542e-08 3.15898576e-08
 2.40177005e-08 3.84932412e-08 2.14987089e-08 3.34691994e-08
 3.89931908e-08 3.02109956e-08 5.09273714e-08 3.15693859e-08
 2.66764562e-08 4.56499017e-08 2.46529477e-08 2.57075197e-08
 2.02255932e-08 2.25576586e-08 4.09225025e-08 2.46974630e-08
 1.94562008e-08 2.81325276e-08 3.66130154e-08 4.19591080e-08
 2.29400077e-08 1.99458702e-08 5.48804323e-08 2.61380366e-08
 2.58811754e-08 5.14604297e-08]","[1.e-05 1.e-05 1.e-05 1.e-05 1.e-05 1.e-05 1.e-05 1.e-05 1.e-05 1.e-05
 1.e-05 1.e-05 1.e-05 1.e-05 1.e-05 1.e-05 1.e-05 1.e-05 1.e-05 1.e-05
 1.e-05 1.e-05 1.e-05 1.e-05 1.e-05 1.e-05 1.e-05 1.e-05 1.e-05 1.e-05
 1.e-05 1.e-05 1.e-05 1.e-05 1.e-05 1.e-05 1.e-05 1.e-05 1.e-05 1.e-05
 1.e-05 1.e-05 1.e-05 1.e-05 1.e-05 1.e-05 1.e-05 1.e-05 1.e-05 1.e-05]","[1.e-05 1.e-05 1.e-05 1.e-05 1.e-05 1.e-05 1.e-05 1.e-05 1.e-05 1.e-05
 1.e-05 1.e-05 1.e-05 1.e-05 1.e-05 1.e-05 1.e-05 1.e-05 1.e-05 1.e-05
 1.e-05 1.e-05 1.e-05 1.e-05 1.e-05 1.e-05 1.e-05 1.e-05 1.e-05 1.e-05
 1.e-05 1.e-05 1.e-05 1.e-05 1.e-05 1.e-05 1.e-05 1.e-05 1.e-05 1.e-05
 1.e-05 1.e-05 1.e-05 1.e-05 1.e-05 1.e-05 1.e-05 1.e-05 1.e-05 1.e-05]","[0.38080213 0.38233925 0.38506761 0.38196201 0.40092201 0.38300337
 0.39070433 0.38939204 0.39249721 0.37703671 0.38464195 0.40217329
 0.38461685 0.39138055 0.37475678 0.40591244 0.39228445 0.3720277
 0.38412175 0.39258935 0.38744867 0.3820877  0.38318315 0.38470908
 0.38943696 0.38968805 0.39983474 0.38100058 0.38690157 0.41067705
 0.36813415 0.38505002 0.37204487 0.38622148 0.38684838 0.41271542
 0.39763624 0.37237841 0.38573199 0.39727576 0.37955849 0.39833632
 0.38567876 0.39020797 0.38411172 0.37923796 0.39294718 0.39834859
 0.39990432 0.3920766 ]","[0.45008744 0.44306299 0.44853448 0.44738504 0.47194517 0.43827522
 0.46277425 0.45797386 0.47354262 0.45138411 0.45408653 0.46719464
 0.44988053 0.45906181 0.44965388 0.46446961 0.45225929 0.44783619
 0.47088531 0.46504903 0.45318571 0.45588998 0.4497818  0.44258986
 0.44869285 0.45877826 0.46571428 0.46548654 0.44726135 0.47156514
 0.4347099  0.46035558 0.43329453 0.44263294 0.44921299 0.47936338
 0.45772607 0.44973869 0.44809339 0.46365215 0.45470621 0.45978685
 0.44759457 0.44835137 0.44353648 0.44206889 0.46189781 0.46736356
 0.46004884 0.45466949]","[3.08919591e-261 2.00515153e-263 2.47696555e-267 6.91842563e-263
 1.10150623e-290 2.25841936e-264 1.64981110e-275 1.35938802e-273
 3.87024211e-278 6.39719042e-256 1.01338379e-266 1.41895435e-292
 1.10111644e-266 1.68746928e-276 9.89306924e-253 2.90249263e-298
 7.95309472e-278 6.07801111e-249 5.65534464e-266 2.83277214e-278
 9.05417468e-271 4.58003468e-263 1.24955589e-264 8.11583145e-267
 1.16918692e-273 5.03316879e-274 4.77138167e-289 1.61429081e-261
 5.60749226e-270 1.32768496e-305 1.36072672e-243 2.62555147e-267
 5.75459466e-249 5.38746318e-269 6.69407479e-270 8.95458684e-309
 9.37776674e-286 1.98925747e-249 2.73754529e-268 3.23657158e-285
 1.78809817e-259 8.42667723e-287 3.26641355e-268 8.76996507e-275
 5.84585741e-266 5.07679742e-259 8.42437847e-279 8.07785273e-287
 3.75034655e-289 1.60666710e-277]","[0. 0. 0. 0. 0. 0. 0. 0. 0. 0. 0. 0. 0. 0. 0. 0. 0. 0. 0. 0. 0. 0. 0. 0.
 0. 0. 0. 0. 0. 0. 0. 0. 0. 0. 0. 0. 0. 0. 0. 0. 0. 0. 0. 0. 0. 0. 0. 0.
 0. 0.]","[0.11440003 0.10636318 0.10365355 0.10366559 0.09855556 0.11104631
 0.10807955 0.11151683 0.10962999 0.10434711 0.11232209 0.10735369
 0.10430181 0.10977495 0.10368097 0.12091911 0.1021781  0.10031641
 0.09859514 0.10839546 0.10072446 0.10018981 0.10583365 0.10667932
 0.115538   0.10476422 0.10814571 0.10464656 0.11033022 0.12512386
 0.09507573 0.10940349 0.10001445 0.11490178 0.10373807 0.12926197
 0.10322702 0.10412419 0.10970545 0.10770905 0.10154831 0.1163938
 0.09755206 0.10485411 0.10616648 0.10159433 0.11057127 0.105726
 0.11289191 0.1071198 ]","[0.15653574 0.14901567 0.1447736  0.14348185 0.14169455 0.14829099
 0.14909697 0.15346205 0.15632296 0.14954007 0.15503216 0.15286803
 0.14299273 0.15126848 0.14761734 0.16453564 0.14272046 0.14458334
 0.14623177 0.14917815 0.13962257 0.14653945 0.14637065 0.14504433
 0.15570927 0.14721859 0.15381575 0.15267968 0.15268838 0.16100419
 0.1325103  0.15852392 0.13971961 0.15219927 0.14406216 0.17068386
 0.14023769 0.14846802 0.14901173 0.14210308 0.1501987  0.16152108
 0.13638353 0.14332962 0.14620972 0.14047813 0.15108442 0.14941406
 0.15068161 0.15154839]","[0.26042105 0.25011549 0.24710063 0.25031664 0.24054855 0.25449512
 0.25409242 0.25856312 0.25456385 0.24533931 0.25732644 0.25304043
 0.24676416 0.25632961 0.24830441 0.26807957 0.24658901 0.24274881
 0.24427064 0.25422001 0.24114628 0.24233999 0.25032131 0.24769287
 0.26250452 0.2510255  0.25248078 0.24736286 0.25729208 0.27094312
 0.23930681 0.25470609 0.24031069 0.25648035 0.2486581  0.27522565
 0.24681284 0.24884228 0.25485903 0.25244926 0.24623126 0.26368068
 0.23910531 0.2477684  0.25265748 0.24737256 0.25786322 0.24982209
 0.25790234 0.25055524]","[0.30422365 0.29601331 0.29172716 0.29355871 0.28736839 0.29456979
 0.29846477 0.30360113 0.30228931 0.29315485 0.30148476 0.30126719
 0.289376   0.30002598 0.29510554 0.31231252 0.29039199 0.29202048
 0.29582709 0.29702623 0.28473524 0.29213011 0.29465471 0.28987817
 0.30448541 0.29656254 0.30015009 0.29794699 0.30183903 0.30830304
 0.28279381 0.3057069  0.28497021 0.29668461 0.29204916 0.31634801
 0.28738709 0.29616512 0.2969596  0.28985039 0.2981631  0.3104036
 0.28318528 0.28985563 0.29638885 0.29027091 0.30058679 0.29609798
 0.29908104 0.29843019]",1.7251115987203982e-116,5.414911860452281e-159,1.0073931176748488e-115,3.782528335190351e-158,2.5526948757015332e-08,3.269720792342667e-08,9.181683373155495e-09,1.0552997771423632e-08,1e-05,1e-05,0.0,0.0,0.38815287951469424,0.4548618290424347,0.009550291974151038,0.01027179660198913,0.10725301027297973,0.14896608591079713,0.006609597892563298,0.00709419020273236,0.2517389651719095,0.29643744852940423,0.007728084740593604,0.007183793304810718
df3,0.9,-1.0,0.9,"[1.66865694e-117 1.22580667e-127 2.41889424e-168 3.73908448e-148
 3.46283303e-116 5.04562598e-129 1.37294733e-138 7.22731515e-138
 8.65193381e-137 2.72168499e-134 1.12671987e-139 7.34927700e-142
 5.97340427e-139 2.71351259e-127 7.34927700e-142 2.79630084e-149
 1.22580667e-127 2.03839988e-130 1.16697210e-146 2.75002067e-146
 5.97340427e-139 3.46283303e-116 8.38015691e-145 1.57171273e-123
 1.09619158e-152 8.08221677e-132 2.72168499e-134 2.03839988e-130
 2.75002067e-146 1.17530003e-149 6.26869005e-113 3.95211198e-141
 2.59582860e-139 6.16042076e-134 1.62932937e-122 3.62405363e-151
 5.97340427e-139 3.62405363e-151 3.14502261e-133 7.09357420e-133
 2.06878284e-150 6.68471205e-114 1.57721865e-148 3.54443794e-122
 7.09357420e-133 1.69558264e-118 5.29370851e-135 1.39274712e-133
 5.99978104e-127 2.33052754e-135]","[1.20671971e-180 1.52982644e-165 6.33664599e-222 5.62429767e-190
 9.16040170e-171 9.65472569e-195 2.92686009e-188 2.08742782e-190
 1.29162726e-195 6.26005417e-197 1.78984444e-204 1.29162726e-195
 7.46045840e-185 5.62245732e-179 1.10238235e-202 3.07831128e-202
 2.96475930e-175 9.89641318e-178 6.26005417e-197 1.29162726e-195
 7.18008740e-194 3.60100749e-171 1.49266032e-186 5.04621141e-174
 2.84661371e-206 1.71917031e-196 1.47992178e-213 5.59619386e-187
 5.49201459e-209 5.12669163e-200 6.10046832e-168 2.15605296e-179
 6.36847393e-205 1.51347567e-189 9.71405854e-167 2.89773338e-211
 1.49266032e-186 2.37040639e-210 7.46045840e-185 5.31262531e-193
 1.25766151e-207 5.93631016e-164 2.81115002e-185 1.85265048e-158
 5.31262531e-193 2.41889424e-168 4.71525476e-196 1.95431960e-193
 6.65489851e-177 1.08658258e-198]","[1.66865694e-117 1.22580667e-127 2.41889424e-168 3.73908448e-148
 3.46283303e-116 5.04562598e-129 1.37294733e-138 7.22731515e-138
 8.65193381e-137 2.72168499e-134 1.12671987e-139 7.34927700e-142
 5.97340427e-139 2.71351259e-127 7.34927700e-142 2.79630084e-149
 1.22580667e-127 2.03839988e-130 1.16697210e-146 2.75002067e-146
 5.97340427e-139 3.46283303e-116 8.38015691e-145 1.57171273e-123
 1.09619158e-152 8.08221677e-132 2.72168499e-134 2.03839988e-130
 2.75002067e-146 1.17530003e-149 6.26869005e-113 3.95211198e-141
 2.59582860e-139 6.16042076e-134 1.62932937e-122 3.62405363e-151
 5.97340427e-139 3.62405363e-151 3.14502261e-133 7.09357420e-133
 2.06878284e-150 6.68471205e-114 1.57721865e-148 3.54443794e-122
 7.09357420e-133 1.69558264e-118 5.29370851e-135 1.39274712e-133
 5.99978104e-127 2.33052754e-135]","[1.20671971e-180 1.52982644e-165 6.33664599e-222 5.62429767e-190
 9.16040170e-171 9.65472569e-195 2.92686009e-188 2.08742782e-190
 1.29162726e-195 6.26005417e-197 1.78984444e-204 1.29162726e-195
 7.46045840e-185 5.62245732e-179 1.10238235e-202 3.07831128e-202
 2.96475930e-175 9.89641318e-178 6.26005417e-197 1.29162726e-195
 7.18008740e-194 3.60100749e-171 1.49266032e-186 5.04621141e-174
 2.84661371e-206 1.71917031e-196 1.47992178e-213 5.59619386e-187
 5.49201459e-209 5.12669163e-200 6.10046832e-168 2.15605296e-179
 6.36847393e-205 1.51347567e-189 9.71405854e-167 2.89773338e-211
 1.49266032e-186 2.37040639e-210 7.46045840e-185 5.31262531e-193
 1.25766151e-207 5.93631016e-164 2.81115002e-185 1.85265048e-158
 5.31262531e-193 2.41889424e-168 4.71525476e-196 1.95431960e-193
 6.65489851e-177 1.08658258e-198]","[1.87366184e-08 1.23245079e-08 3.64436744e-08 1.43258712e-08
 1.05685366e-08 2.34905926e-08 3.54208760e-08 2.94418246e-08
 1.71892016e-08 1.38565270e-08 1.72570930e-08 2.62329726e-08
 2.52678317e-08 2.37786887e-08 3.13533161e-08 2.74751902e-08
 1.86094163e-08 2.80958132e-08 3.07641904e-08 1.55677956e-08
 1.35220385e-08 2.40517655e-08 1.46960629e-08 1.47396008e-08
 3.56598219e-08 3.46203006e-08 3.50758292e-08 1.72793855e-08
 3.99808627e-08 3.42736576e-08 1.17984683e-08 4.01838295e-08
 4.12351866e-08 1.40800693e-08 2.26320270e-08 4.42066198e-08
 3.55712376e-08 2.89890935e-08 3.34440493e-08 3.57780171e-08
 2.15262969e-08 2.62756934e-08 2.49164379e-08 3.33411336e-08
 1.88537148e-08 1.56086745e-08 3.29791474e-08 1.95000950e-08
 1.52795351e-08 1.39710021e-08]","[2.94241468e-08 1.91300473e-08 4.79867257e-08 2.60869595e-08
 5.02224567e-08 3.18901046e-08 2.38721353e-08 2.69841445e-08
 2.74649207e-08 4.18685097e-08 3.78847486e-08 4.19658831e-08
 4.19895020e-08 2.21193210e-08 3.08404794e-08 3.95391482e-08
 4.52960101e-08 4.01518944e-08 4.55230191e-08 4.31252531e-08
 2.54409678e-08 2.39995940e-08 2.60433313e-08 3.83614133e-08
 4.91572053e-08 2.91301114e-08 2.16544673e-08 5.18603920e-08
 3.12680141e-08 4.14957586e-08 1.85042083e-08 4.02485153e-08
 4.82532512e-08 2.77205811e-08 4.68439824e-08 3.32293882e-08
 5.30869378e-08 2.18259167e-08 2.20311919e-08 2.42359655e-08
 4.33452272e-08 1.80789108e-08 1.97031975e-08 1.69583010e-08
 2.02909588e-08 1.69908642e-08 3.91003909e-08 1.97290752e-08
 3.90404652e-08 2.57948255e-08]","[1.e-05 1.e-05 1.e-05 1.e-05 1.e-05 1.e-05 1.e-05 1.e-05 1.e-05 1.e-05
 1.e-05 1.e-05 1.e-05 1.e-05 1.e-05 1.e-05 1.e-05 1.e-05 1.e-05 1.e-05
 1.e-05 1.e-05 1.e-05 1.e-05 1.e-05 1.e-05 1.e-05 1.e-05 1.e-05 1.e-05
 1.e-05 1.e-05 1.e-05 1.e-05 1.e-05 1.e-05 1.e-05 1.e-05 1.e-05 1.e-05
 1.e-05 1.e-05 1.e-05 1.e-05 1.e-05 1.e-05 1.e-05 1.e-05 1.e-05 1.e-05]","[1.e-05 1.e-05 1.e-05 1.e-05 1.e-05 1.e-05 1.e-05 1.e-05 1.e-05 1.e-05
 1.e-05 1.e-05 1.e-05 1.e-05 1.e-05 1.e-05 1.e-05 1.e-05 1.e-05 1.e-05
 1.e-05 1.e-05 1.e-05 1.e-05 1.e-05 1.e-05 1.e-05 1.e-05 1.e-05 1.e-05
 1.e-05 1.e-05 1.e-05 1.e-05 1.e-05 1.e-05 1.e-05 1.e-05 1.e-05 1.e-05
 1.e-05 1.e-05 1.e-05 1.e-05 1.e-05 1.e-05 1.e-05 1.e-05 1.e-05 1.e-05]","[0.37460649 0.38159293 0.42001811 0.39317875 0.38909055 0.37397068
 0.38940217 0.38127681 0.38956234 0.38170746 0.38817726 0.40212798
 0.39682195 0.3817634  0.39348584 0.40403344 0.37259244 0.40226587
 0.38154615 0.3978073  0.39320431 0.37796994 0.38815938 0.38904724
 0.40175545 0.39239502 0.39109376 0.38716471 0.39469971 0.40172373
 0.38629329 0.39318451 0.39813639 0.3835661  0.37434113 0.39523501
 0.39281105 0.40194814 0.39429975 0.38845779 0.39643199 0.37576541
 0.39332984 0.37830933 0.38068853 0.38661667 0.38980848 0.37943472
 0.38752992 0.38107309]","[0.46386975 0.44311585 0.48948823 0.45515694 0.46728997 0.45577166
 0.45639756 0.46097719 0.46506921 0.4601988  0.46166524 0.47849479
 0.45666249 0.45900243 0.47585865 0.47635371 0.44452649 0.45881786
 0.45992331 0.46691979 0.46529287 0.45575071 0.45550714 0.46732805
 0.47571556 0.4710078  0.47688353 0.47202803 0.47380977 0.46753485
 0.45591605 0.46301851 0.47825386 0.45857052 0.44691617 0.47448717
 0.46064847 0.47708417 0.47106061 0.47074897 0.47273111 0.44629737
 0.45942827 0.44327238 0.4575655  0.45265421 0.47638409 0.45516171
 0.46058276 0.46395652]","[1.60244004e-252 2.32067023e-262 2.73811181e-320 3.84059798e-279
 3.73642982e-273 1.22976011e-251 1.31395750e-273 6.53645775e-262
 7.67601513e-274 1.59433627e-262 7.94729483e-272 1.66160741e-292
 1.53653308e-284 1.32716207e-262 1.35411988e-279 2.13532237e-295
 1.00554572e-249 1.02768445e-292 2.70516142e-262 5.20719744e-286
 3.52159701e-279 3.11959603e-257 8.43667151e-272 4.32020788e-273
 6.07968873e-292 5.47010220e-278 4.44050716e-276 2.33369353e-270
 2.17765383e-281 6.78920537e-292 4.24342582e-269 3.76634536e-279
 1.67770641e-286 3.53782127e-265 3.75292760e-252 3.50707143e-282
 1.33649210e-278 3.10860431e-292 8.50532992e-281 3.11005991e-272
 5.84920176e-284 3.86476564e-254 2.29988260e-279 1.03770711e-257
 4.47834835e-261 1.44759872e-269 3.35866194e-274 2.67575992e-259
 6.90463897e-271 1.27333597e-261]","[0. 0. 0. 0. 0. 0. 0. 0. 0. 0. 0. 0. 0. 0. 0. 0. 0. 0. 0. 0. 0. 0. 0. 0.
 0. 0. 0. 0. 0. 0. 0. 0. 0. 0. 0. 0. 0. 0. 0. 0. 0. 0. 0. 0. 0. 0. 0. 0.
 0. 0.]","[0.10137713 0.1059103  0.11624551 0.11176503 0.09790134 0.10006213
 0.10079527 0.09497714 0.10733438 0.1023035  0.09987795 0.11823928
 0.10218048 0.09396648 0.1041472  0.12391424 0.10274863 0.12494016
 0.10593975 0.10997725 0.10508549 0.10349321 0.09116173 0.11227059
 0.11373031 0.1074419  0.11419952 0.10693598 0.11647081 0.11382806
 0.10204816 0.10464847 0.1068902  0.11120224 0.09888875 0.1121881
 0.10920596 0.11319256 0.10684216 0.10224044 0.11584306 0.10761201
 0.11531937 0.09972656 0.10077119 0.10074997 0.10033011 0.10459232
 0.09569418 0.10375488]","[0.15272164 0.14821208 0.15971136 0.15467131 0.14415324 0.1477195
 0.1451633  0.14496338 0.15272343 0.15002084 0.13942337 0.16648662
 0.1439476  0.14106929 0.15153122 0.16640723 0.15039146 0.1661073
 0.15139997 0.15791452 0.15132511 0.15040934 0.13325071 0.16170692
 0.16123188 0.154935   0.16631877 0.15661705 0.16385269 0.1550765
 0.1494807  0.14692581 0.15452731 0.1579181  0.14208877 0.16267228
 0.15071785 0.15888906 0.15093279 0.14597487 0.1645081  0.15200067
 0.15906382 0.14183617 0.14737928 0.14204144 0.15285325 0.15202856
 0.14257574 0.14967084]","[0.24812122 0.24984191 0.26025189 0.25940517 0.23735316 0.24509872
 0.24426361 0.23811271 0.25162926 0.24580413 0.24321135 0.26577267
 0.24479692 0.23606224 0.24650563 0.27194475 0.24857981 0.26919
 0.24810416 0.25515642 0.25077862 0.24719787 0.23136946 0.25672947
 0.26339122 0.25294684 0.25583553 0.24984024 0.26010164 0.25693091
 0.24378906 0.24949308 0.25298489 0.25515684 0.24088137 0.25802349
 0.25202753 0.25739755 0.25153978 0.24458255 0.26224563 0.25294961
 0.25963449 0.24020531 0.24465864 0.24601467 0.24395459 0.24903183
 0.23851612 0.24643509]","[0.30126804 0.2953471  0.30481815 0.30469486 0.28734879 0.29620978
 0.29304339 0.29210826 0.29841893 0.2963744  0.28740067 0.31404762
 0.29159826 0.28761847 0.29658723 0.31564598 0.29970762 0.3120522
 0.29655184 0.30569287 0.29980473 0.29630267 0.27924499 0.30763855
 0.31227194 0.30175652 0.30797287 0.30070819 0.30829049 0.30062277
 0.29443061 0.29459076 0.30221003 0.30387321 0.28898788 0.30931636
 0.29603494 0.30518836 0.29854717 0.29073389 0.31169585 0.29990888
 0.30497213 0.28766508 0.29498105 0.29217668 0.29903247 0.29990637
 0.29064946 0.29551524]",1.3888541500834554e-114,3.7053131684082076e-160,8.806690048626356e-114,2.593710888313354e-159,2.500540384087202e-08,3.293577638396883e-08,9.240561282222687e-09,1.0762164847278011e-08,1e-05,1e-05,0.0,0.0,0.3893900470447541,0.46362313286781315,0.0093788325738708,0.01024433218681911,0.10641922950744628,0.15227096080780028,0.007316143330113711,0.007837968109725391,0.2504769932458927,0.29903129225928377,0.008525181371654545,0.007830045949758484
df3,0.9500000000000001,-1.0,0.9500000000000001,"[1.12215372e-128 5.97340427e-139 1.70527622e-141 5.29370851e-135
 3.95211198e-141 6.16042076e-134 5.97340427e-139 9.11197923e-131
 1.02479477e-135 1.41739559e-125 6.64504909e-149 1.07337441e-143
 1.97454306e-136 3.16357866e-142 2.59582860e-139 4.59306180e-144
 2.71351259e-127 6.44036529e-126 3.78658116e-137 5.29370851e-135
 3.95211198e-141 1.37294733e-138 1.01652477e-129 3.59598810e-132
 2.11520456e-140 6.16042076e-134 1.97454306e-136 6.16042076e-134
 3.41677257e-161 1.96307101e-144 4.59306180e-144 1.36018053e-142
 2.11520456e-140 2.38284114e-164 4.06843613e-131 7.22731515e-138
 4.53189266e-158 5.99978104e-127 9.55305708e-165 5.93631016e-164
 3.16357866e-142 3.59598810e-132 4.50098708e-136 3.59598810e-132
 2.33052754e-135 4.50098708e-136 2.49277144e-128 3.95211198e-141
 6.47280639e-146 1.20103174e-134]","[3.31837362e-173 4.43455361e-208 2.92686009e-188 7.73757074e-191
 3.53358345e-195 1.29162726e-195 1.08658258e-198 1.49266032e-186
 5.02382596e-204 2.08742782e-190 2.12113147e-215 5.62429767e-190
 2.86449109e-191 6.76639127e-210 8.03142016e-206 3.93137265e-199
 3.07831128e-202 2.92686009e-188 9.63808018e-183 4.71525476e-196
 5.02382596e-204 1.02134242e-217 4.06755305e-189 8.26859081e-198
 8.29322344e-211 2.63457939e-194 3.93137265e-199 1.00763382e-206
 1.92897507e-209 4.43455361e-208 8.26859081e-198 2.09544875e-187
 1.22649857e-212 1.92897507e-209 2.08742782e-190 2.84661371e-206
 5.02382596e-204 2.92686009e-188 2.89773338e-211 1.46081292e-228
 2.09544875e-187 9.63808018e-183 1.95431960e-193 4.60436904e-181
 4.43455361e-208 3.07831128e-202 1.51347567e-189 1.00763382e-206
 1.10238235e-202 3.53358345e-195]","[1.12215372e-128 5.97340427e-139 1.70527622e-141 5.29370851e-135
 3.95211198e-141 6.16042076e-134 5.97340427e-139 9.11197923e-131
 1.02479477e-135 1.41739559e-125 6.64504909e-149 1.07337441e-143
 1.97454306e-136 3.16357866e-142 2.59582860e-139 4.59306180e-144
 2.71351259e-127 6.44036529e-126 3.78658116e-137 5.29370851e-135
 3.95211198e-141 1.37294733e-138 1.01652477e-129 3.59598810e-132
 2.11520456e-140 6.16042076e-134 1.97454306e-136 6.16042076e-134
 3.41677257e-161 1.96307101e-144 4.59306180e-144 1.36018053e-142
 2.11520456e-140 2.38284114e-164 4.06843613e-131 7.22731515e-138
 4.53189266e-158 5.99978104e-127 9.55305708e-165 5.93631016e-164
 3.16357866e-142 3.59598810e-132 4.50098708e-136 3.59598810e-132
 2.33052754e-135 4.50098708e-136 2.49277144e-128 3.95211198e-141
 6.47280639e-146 1.20103174e-134]","[3.31837362e-173 4.43455361e-208 2.92686009e-188 7.73757074e-191
 3.53358345e-195 1.29162726e-195 1.08658258e-198 1.49266032e-186
 5.02382596e-204 2.08742782e-190 2.12113147e-215 5.62429767e-190
 2.86449109e-191 6.76639127e-210 8.03142016e-206 3.93137265e-199
 3.07831128e-202 2.92686009e-188 9.63808018e-183 4.71525476e-196
 5.02382596e-204 1.02134242e-217 4.06755305e-189 8.26859081e-198
 8.29322344e-211 2.63457939e-194 3.93137265e-199 1.00763382e-206
 1.92897507e-209 4.43455361e-208 8.26859081e-198 2.09544875e-187
 1.22649857e-212 1.92897507e-209 2.08742782e-190 2.84661371e-206
 5.02382596e-204 2.92686009e-188 2.89773338e-211 1.46081292e-228
 2.09544875e-187 9.63808018e-183 1.95431960e-193 4.60436904e-181
 4.43455361e-208 3.07831128e-202 1.51347567e-189 1.00763382e-206
 1.10238235e-202 3.53358345e-195]","[3.46464870e-08 3.84794908e-08 1.35109007e-08 3.28665669e-08
 3.03603132e-08 2.22968173e-08 1.75294056e-08 2.16895599e-08
 4.09335209e-08 3.94834416e-08 1.64129013e-08 1.46527983e-08
 1.56592749e-08 1.36507695e-08 4.23708266e-08 2.08769800e-08
 1.29447814e-08 3.18719522e-08 3.32500448e-08 3.23906318e-08
 1.51935832e-08 4.13775072e-08 1.69266061e-08 2.10295216e-08
 4.01750840e-08 3.02087964e-08 1.71565039e-08 1.46642194e-08
 1.66990417e-08 1.83313331e-08 2.24365306e-08 3.99838852e-08
 3.41639843e-08 2.04712470e-08 1.27622949e-08 3.33739900e-08
 1.95508573e-08 1.58853865e-08 2.99532741e-08 4.52958915e-08
 1.59735543e-08 3.16546019e-08 2.48876757e-08 2.62694111e-08
 3.48452485e-08 2.82183398e-08 2.03959289e-08 3.70831988e-08
 2.80637766e-08 1.82232704e-08]","[2.75364707e-08 2.23270271e-08 2.84766342e-08 3.78512769e-08
 2.60871105e-08 2.90904191e-08 4.51134911e-08 5.22581418e-08
 5.27124282e-08 5.49144734e-08 5.88446559e-08 2.14719688e-08
 3.70059479e-08 4.46012212e-08 5.49350685e-08 2.33196846e-08
 2.13573593e-08 3.87404465e-08 3.15323258e-08 3.94429563e-08
 2.89018955e-08 3.20466407e-08 2.40483806e-08 4.66739581e-08
 4.11132948e-08 4.46681869e-08 5.38243103e-08 2.81358850e-08
 2.93457166e-08 5.86481591e-08 4.33962850e-08 2.47795962e-08
 5.21436121e-08 2.35897145e-08 2.00869288e-08 4.01305146e-08
 3.74449488e-08 5.22185879e-08 4.25344381e-08 4.54467437e-08
 2.01784731e-08 2.21654159e-08 2.72611215e-08 4.78055282e-08
 2.15430811e-08 2.91558062e-08 4.95040972e-08 5.15534009e-08
 5.64844372e-08 1.93288594e-08]","[1.e-05 1.e-05 1.e-05 1.e-05 1.e-05 1.e-05 1.e-05 1.e-05 1.e-05 1.e-05
 1.e-05 1.e-05 1.e-05 1.e-05 1.e-05 1.e-05 1.e-05 1.e-05 1.e-05 1.e-05
 1.e-05 1.e-05 1.e-05 1.e-05 1.e-05 1.e-05 1.e-05 1.e-05 1.e-05 1.e-05
 1.e-05 1.e-05 1.e-05 1.e-05 1.e-05 1.e-05 1.e-05 1.e-05 1.e-05 1.e-05
 1.e-05 1.e-05 1.e-05 1.e-05 1.e-05 1.e-05 1.e-05 1.e-05 1.e-05 1.e-05]","[1.e-05 1.e-05 1.e-05 1.e-05 1.e-05 1.e-05 1.e-05 1.e-05 1.e-05 1.e-05
 1.e-05 1.e-05 1.e-05 1.e-05 1.e-05 1.e-05 1.e-05 1.e-05 1.e-05 1.e-05
 1.e-05 1.e-05 1.e-05 1.e-05 1.e-05 1.e-05 1.e-05 1.e-05 1.e-05 1.e-05
 1.e-05 1.e-05 1.e-05 1.e-05 1.e-05 1.e-05 1.e-05 1.e-05 1.e-05 1.e-05
 1.e-05 1.e-05 1.e-05 1.e-05 1.e-05 1.e-05 1.e-05 1.e-05 1.e-05 1.e-05]","[0.38346081 0.39063794 0.40154614 0.38787778 0.39687748 0.38085723
 0.38470928 0.385122   0.37820862 0.38653639 0.39805703 0.4039648
 0.38740663 0.40049918 0.38781915 0.40302881 0.39318956 0.3758497
 0.39630515 0.38628171 0.3874496  0.3902405  0.37317631 0.37935141
 0.39085549 0.38845754 0.38625076 0.39022831 0.39983482 0.38768818
 0.3999668  0.39576988 0.38947648 0.4184405  0.37798021 0.39630925
 0.40443853 0.38085259 0.41334293 0.413164   0.38837844 0.38635224
 0.38727571 0.38968624 0.39124012 0.39405399 0.39903116 0.40193716
 0.40753322 0.37739775]","[0.45843641 0.47243672 0.47138869 0.46748889 0.46886762 0.46848293
 0.47592244 0.46949184 0.46047894 0.47709308 0.47529001 0.47548889
 0.46191273 0.49079957 0.4712796  0.48306908 0.47551544 0.46720144
 0.4669614  0.47384506 0.4721696  0.47917425 0.45785955 0.46544088
 0.48474162 0.4765917  0.46738556 0.47744104 0.4735131  0.4729471
 0.47624658 0.47484461 0.47889245 0.47593733 0.46089452 0.48190219
 0.47944092 0.45929795 0.48235012 0.49360482 0.46410759 0.45950767
 0.46968161 0.45784524 0.47538332 0.48161326 0.47631363 0.47984795
 0.482766   0.45553024]","[5.00580758e-265 2.06322806e-275 1.25931166e-291 2.16178619e-271
 1.27003904e-284 2.57989629e-261 8.11063508e-267 2.06867207e-267
 1.43871673e-257 1.89076560e-269 2.20490334e-286 2.71575464e-295
 1.04173496e-270 4.77629988e-290 2.62938053e-271 7.17386338e-294
 3.70223887e-279 2.94613368e-254 9.03225347e-284 4.40999370e-269
 9.02612112e-271 7.86095412e-275 1.56013544e-250 3.50937539e-259
 9.91440444e-276 3.11258647e-272 4.88783962e-269 8.18989965e-275
 4.77011424e-289 4.07152414e-271 3.02084584e-289 5.64016665e-283
 1.02397464e-273 8.82337015e-318 3.01750295e-257 8.90615752e-284
 5.16144034e-296 2.61933617e-261 9.37743185e-310 1.78522590e-309
 4.05557826e-272 3.48822898e-269 1.61195014e-270 5.06379884e-274
 2.71045528e-276 1.96307183e-280 7.67202805e-288 3.22975059e-292
 9.49303234e-301 1.99020884e-256]","[0. 0. 0. 0. 0. 0. 0. 0. 0. 0. 0. 0. 0. 0. 0. 0. 0. 0. 0. 0. 0. 0. 0. 0.
 0. 0. 0. 0. 0. 0. 0. 0. 0. 0. 0. 0. 0. 0. 0. 0. 0. 0. 0. 0. 0. 0. 0. 0.
 0. 0.]","[0.10767949 0.10548854 0.11414337 0.10560727 0.11686707 0.09986925
 0.11411846 0.10605729 0.10564399 0.11039686 0.11198127 0.10500729
 0.11506772 0.10411847 0.09883654 0.11170065 0.11135757 0.10670912
 0.11764586 0.10979557 0.10606909 0.1033181  0.09710455 0.10683584
 0.10230696 0.10988355 0.09825444 0.1146425  0.11130929 0.10800648
 0.11478508 0.10268891 0.09508514 0.12921035 0.1025542  0.10676122
 0.11364591 0.11092067 0.12253881 0.11695218 0.11589038 0.10016024
 0.10311186 0.10866284 0.10455656 0.11922336 0.11467588 0.12636054
 0.11387599 0.09508669]","[0.15607965 0.15520167 0.16141224 0.15687013 0.16491485 0.15282106
 0.16835022 0.15537918 0.15500391 0.16304183 0.16298664 0.15144789
 0.1618048  0.15485907 0.14608753 0.16604674 0.16020358 0.16096127
 0.15948737 0.16549778 0.15134871 0.15689254 0.14887106 0.16264069
 0.15286338 0.16509092 0.14772391 0.16788554 0.1594497  0.16094685
 0.16227961 0.14768445 0.14560294 0.17135942 0.15268648 0.15603733
 0.16439486 0.15927136 0.16789818 0.16651607 0.16168559 0.14626169
 0.15463853 0.15285897 0.15487754 0.17309439 0.16190839 0.1777637
 0.16322899 0.143085  ]","[0.25014565 0.25125776 0.25996072 0.25164084 0.26480492 0.24322127
 0.26168256 0.24989508 0.25114882 0.25596213 0.25616847 0.2460204
 0.26147888 0.24984653 0.24145857 0.25410467 0.25713127 0.25533446
 0.26183101 0.25318978 0.25021468 0.24786382 0.24193214 0.25172104
 0.24587745 0.25788409 0.24140653 0.26294102 0.25308145 0.25323525
 0.26268674 0.24957761 0.23744408 0.27267994 0.2440388  0.25207906
 0.25823835 0.25878772 0.26665485 0.25977448 0.26045036 0.24265091
 0.24581025 0.25266864 0.24835633 0.26618984 0.25719679 0.27008248
 0.26061659 0.23881744]","[0.30285906 0.30334179 0.30821042 0.30475317 0.31391952 0.29937913
 0.31545827 0.30187798 0.3018992  0.30886846 0.30801718 0.29576111
 0.30819287 0.30325351 0.29198402 0.30984365 0.30729533 0.31088618
 0.30561935 0.31051726 0.29889633 0.30246781 0.29748627 0.30943038
 0.29905382 0.3132538  0.29568121 0.31657539 0.30319978 0.30742726
 0.31069254 0.29740222 0.29134593 0.3158761  0.29742173 0.30335549
 0.3092193  0.30955034 0.31327185 0.30953805 0.30799486 0.29365104
 0.29982104 0.29968039 0.30123799 0.31816667 0.30542183 0.32093359
 0.31127758 0.29152228]",4.3045918348750715e-127,6.636747340957653e-175,2.1612446885560232e-126,0.0,2.5942640176079833e-08,3.723554251378047e-08,9.55808082475123e-09,1.2338773344063044e-08,1e-05,1e-05,0.0,0.0,0.39188791049957283,0.47249446329116823,0.009905066935070138,0.008589525423331624,0.10905138492584228,0.1587060832977295,0.0074069289018369455,0.007508465029129194,0.2537448505947366,0.30525580656008794,0.008118443528196764,0.0071159403085845445
df3,1.0,-1.0,1.0,"[2.55501261e-111 9.46545979e-156 5.29370851e-135 1.81440195e-131
 3.78658116e-137 4.06843613e-131 6.16042076e-134 3.73908448e-148
 8.85357293e-148 5.97340427e-139 6.44036529e-126 6.47280639e-146
 2.92297102e-126 3.14502261e-133 6.84127225e-125 4.59306180e-144
 4.88474039e-140 1.01652477e-129 3.54443794e-122 1.01205796e-109
 2.26605441e-129 1.36018053e-142 1.16697210e-146 1.57171273e-123
 4.55776756e-153 1.96307101e-144 1.37294733e-138 1.01652477e-129
 3.78658116e-137 1.34579277e-154 5.56191291e-155 2.06878284e-150
 2.26605441e-129 2.79630084e-149 1.65526914e-137 3.62405363e-151
 1.16697210e-146 2.49277144e-128 2.63328336e-152 2.25889419e-162
 3.14502261e-133 6.64504909e-149 1.34579277e-154 3.59598810e-132
 4.55467848e-130 7.09357420e-133 4.53189266e-158 3.16357866e-142
 6.47280639e-146 1.81440195e-131]","[1.96416771e-174 8.66642612e-217 1.10238235e-202 1.00763382e-206
 5.12669163e-200 1.09179716e-188 5.49201459e-209 2.42735057e-234
 8.26859081e-198 1.08658258e-198 4.06755305e-189 1.31736402e-227
 6.26005417e-197 2.26305188e-205 3.65456332e-183 2.99933556e-198
 5.31262531e-193 5.12669163e-200 3.80921130e-178 3.86593734e-167
 1.08658258e-198 2.26305188e-205 2.84661371e-206 2.81115002e-185
 5.13066115e-214 4.43455361e-208 3.56216963e-207 5.23469135e-184
 5.49201459e-209 2.89773338e-211 5.50589418e-221 1.02134242e-217
 7.73757074e-191 1.00763382e-206 2.39109446e-201 2.37040639e-210
 8.26092250e-224 5.31262531e-193 1.02134242e-217 1.92897507e-209
 3.91093778e-192 2.37040639e-210 2.84661371e-206 2.39109446e-201
 1.10238235e-202 1.49266032e-186 1.02134242e-217 1.01117804e-211
 8.66642612e-217 1.92897507e-209]","[2.55501261e-111 9.46545979e-156 5.29370851e-135 1.81440195e-131
 3.78658116e-137 4.06843613e-131 6.16042076e-134 3.73908448e-148
 8.85357293e-148 5.97340427e-139 6.44036529e-126 6.47280639e-146
 2.92297102e-126 3.14502261e-133 6.84127225e-125 4.59306180e-144
 4.88474039e-140 1.01652477e-129 3.54443794e-122 1.01205796e-109
 2.26605441e-129 1.36018053e-142 1.16697210e-146 1.57171273e-123
 4.55776756e-153 1.96307101e-144 1.37294733e-138 1.01652477e-129
 3.78658116e-137 1.34579277e-154 5.56191291e-155 2.06878284e-150
 2.26605441e-129 2.79630084e-149 1.65526914e-137 3.62405363e-151
 1.16697210e-146 2.49277144e-128 2.63328336e-152 2.25889419e-162
 3.14502261e-133 6.64504909e-149 1.34579277e-154 3.59598810e-132
 4.55467848e-130 7.09357420e-133 4.53189266e-158 3.16357866e-142
 6.47280639e-146 1.81440195e-131]","[1.96416771e-174 8.66642612e-217 1.10238235e-202 1.00763382e-206
 5.12669163e-200 1.09179716e-188 5.49201459e-209 2.42735057e-234
 8.26859081e-198 1.08658258e-198 4.06755305e-189 1.31736402e-227
 6.26005417e-197 2.26305188e-205 3.65456332e-183 2.99933556e-198
 5.31262531e-193 5.12669163e-200 3.80921130e-178 3.86593734e-167
 1.08658258e-198 2.26305188e-205 2.84661371e-206 2.81115002e-185
 5.13066115e-214 4.43455361e-208 3.56216963e-207 5.23469135e-184
 5.49201459e-209 2.89773338e-211 5.50589418e-221 1.02134242e-217
 7.73757074e-191 1.00763382e-206 2.39109446e-201 2.37040639e-210
 8.26092250e-224 5.31262531e-193 1.02134242e-217 1.92897507e-209
 3.91093778e-192 2.37040639e-210 2.84661371e-206 2.39109446e-201
 1.10238235e-202 1.49266032e-186 1.02134242e-217 1.01117804e-211
 8.66642612e-217 1.92897507e-209]","[1.66437889e-08 2.83572280e-08 1.92057523e-08 1.52137886e-08
 1.31592507e-08 1.52490439e-08 2.15656720e-08 2.65640336e-08
 1.79709698e-08 2.12173008e-08 1.55519756e-08 1.55349962e-08
 2.02059994e-08 1.40352863e-08 3.04024768e-08 2.15064411e-08
 3.85273409e-08 1.69073970e-08 2.03778419e-08 9.77695092e-09
 2.72168351e-08 1.61690702e-08 3.49010860e-08 1.63860200e-08
 1.97088610e-08 3.73317017e-08 2.49757232e-08 1.85588711e-08
 1.31000557e-08 1.82485196e-08 2.14397964e-08 4.56662592e-08
 1.40472646e-08 2.37302846e-08 2.04460610e-08 3.80202871e-08
 2.68806545e-08 1.89484513e-08 1.33446461e-08 2.08919196e-08
 2.91627915e-08 3.75371332e-08 3.61199652e-08 2.78918744e-08
 3.42885870e-08 1.73600136e-08 1.49109268e-08 1.71964706e-08
 1.88201560e-08 3.56691400e-08]","[4.09031977e-08 3.32463852e-08 2.34211288e-08 4.79689098e-08
 5.80751915e-08 2.55097751e-08 4.65121734e-08 2.85182462e-08
 5.40441567e-08 3.24209374e-08 1.99707567e-08 5.29370922e-08
 4.79452618e-08 3.12928833e-08 2.29349878e-08 2.28901311e-08
 3.18149765e-08 4.36863629e-08 2.67211833e-08 1.82142073e-08
 4.08791697e-08 2.98818864e-08 3.00014615e-08 2.05283496e-08
 2.41357759e-08 2.32254262e-08 5.46656682e-08 4.23539267e-08
 3.67759418e-08 5.12353758e-08 4.64071166e-08 4.41497723e-08
 2.94473862e-08 3.20979472e-08 2.54071696e-08 4.17923645e-08
 4.34445241e-08 3.02895573e-08 3.43135886e-08 3.31793374e-08
 4.06611530e-08 3.15751143e-08 2.98418100e-08 5.30679078e-08
 5.65605670e-08 4.17627869e-08 3.79872641e-08 2.21006686e-08
 3.58515101e-08 2.19151015e-08]","[1.e-05 1.e-05 1.e-05 1.e-05 1.e-05 1.e-05 1.e-05 1.e-05 1.e-05 1.e-05
 1.e-05 1.e-05 1.e-05 1.e-05 1.e-05 1.e-05 1.e-05 1.e-05 1.e-05 1.e-05
 1.e-05 1.e-05 1.e-05 1.e-05 1.e-05 1.e-05 1.e-05 1.e-05 1.e-05 1.e-05
 1.e-05 1.e-05 1.e-05 1.e-05 1.e-05 1.e-05 1.e-05 1.e-05 1.e-05 1.e-05
 1.e-05 1.e-05 1.e-05 1.e-05 1.e-05 1.e-05 1.e-05 1.e-05 1.e-05 1.e-05]","[1.e-05 1.e-05 1.e-05 1.e-05 1.e-05 1.e-05 1.e-05 1.e-05 1.e-05 1.e-05
 1.e-05 1.e-05 1.e-05 1.e-05 1.e-05 1.e-05 1.e-05 1.e-05 1.e-05 1.e-05
 1.e-05 1.e-05 1.e-05 1.e-05 1.e-05 1.e-05 1.e-05 1.e-05 1.e-05 1.e-05
 1.e-05 1.e-05 1.e-05 1.e-05 1.e-05 1.e-05 1.e-05 1.e-05 1.e-05 1.e-05
 1.e-05 1.e-05 1.e-05 1.e-05 1.e-05 1.e-05 1.e-05 1.e-05 1.e-05 1.e-05]","[0.3720753  0.40919221 0.39413935 0.38363922 0.39829751 0.38624411
 0.39504954 0.39267656 0.41513923 0.38693392 0.38541114 0.39376082
 0.37730388 0.39116537 0.37574134 0.40728223 0.3923333  0.38411214
 0.37170043 0.37707437 0.39001583 0.39289432 0.39355607 0.38224477
 0.40437854 0.38973791 0.39333793 0.40082551 0.38124948 0.40865336
 0.40010602 0.39998776 0.38017919 0.3994238  0.40109911 0.40169638
 0.40633383 0.39014553 0.39544529 0.40494043 0.39186473 0.39294141
 0.40070867 0.38682235 0.38084396 0.39167922 0.4058956  0.39742635
 0.38822847 0.39433796]","[0.46249491 0.49377644 0.47758081 0.47943552 0.48499656 0.46988427
 0.48298283 0.49727446 0.49369269 0.47241971 0.47505429 0.47821515
 0.46627021 0.48233581 0.46473056 0.48182469 0.4731372  0.47269452
 0.45941115 0.45480233 0.47428342 0.47391276 0.47158473 0.46515317
 0.48963402 0.47841059 0.4849051  0.48573201 0.48311361 0.4783582
 0.4886518  0.48437226 0.47339527 0.48261853 0.48343263 0.47742815
 0.48597982 0.47881104 0.491275   0.47883744 0.48088987 0.47659562
 0.48315068 0.47310799 0.47677225 0.46783516 0.48206296 0.48504005
 0.47498049 0.48205796]","[5.22334158e-249 2.63817949e-303 1.46822631e-280 2.77990509e-265
 9.63210933e-287 4.99711487e-269 6.60490730e-282 2.10814389e-278
 1.43575119e-312 5.03486327e-270 7.93513611e-268 5.31978969e-280
 2.69647833e-256 3.48771113e-276 4.17621574e-254 2.30701586e-300
 6.74112309e-278 5.83770704e-266 1.72159572e-248 5.66411547e-256
 1.67324410e-274 1.00779921e-278 1.06671937e-279 2.73471153e-263
 6.37003819e-296 4.25705700e-274 2.23752824e-279 1.53976282e-290
 7.14831933e-262 1.79011123e-302 1.86545358e-289 2.80943215e-289
 2.36338209e-260 1.97638026e-288 5.95520332e-291 7.46701080e-292
 6.57239126e-299 1.08189191e-274 1.71033802e-282 8.86509263e-297
 3.28870353e-277 8.59084502e-279 2.30962844e-290 7.30023934e-270
 2.69430856e-261 6.15543250e-277 3.07982130e-298 1.92932645e-285
 6.69682222e-272 7.46792027e-281]","[0. 0. 0. 0. 0. 0. 0. 0. 0. 0. 0. 0. 0. 0. 0. 0. 0. 0. 0. 0. 0. 0. 0. 0.
 0. 0. 0. 0. 0. 0. 0. 0. 0. 0. 0. 0. 0. 0. 0. 0. 0. 0. 0. 0. 0. 0. 0. 0.
 0. 0.]","[0.09187448 0.11458683 0.09783423 0.11740816 0.10909235 0.11389446
 0.10531533 0.11310744 0.11299503 0.11109483 0.10456562 0.10337317
 0.10045576 0.11251795 0.09803343 0.11796868 0.10554278 0.10357308
 0.09897661 0.09658146 0.1087997  0.10475791 0.10481966 0.10934997
 0.12391901 0.10450101 0.10269737 0.11775434 0.10123193 0.11247933
 0.11409009 0.11360705 0.10400772 0.11824477 0.11693203 0.10941565
 0.12489724 0.11033785 0.11390603 0.12704206 0.10981858 0.12201512
 0.10113525 0.10933566 0.1008327  0.11229873 0.106534   0.10787702
 0.09869206 0.10823393]","[0.1443398  0.17182779 0.14591336 0.17879844 0.16558719 0.16934586
 0.16045928 0.17707026 0.16970086 0.1677978  0.15664518 0.15829432
 0.154531   0.17033339 0.15517306 0.17073464 0.1545496  0.15936971
 0.14957392 0.14748383 0.16136575 0.15819144 0.15288091 0.16273618
 0.18011999 0.15965867 0.15876782 0.16679978 0.16060638 0.16127336
 0.1651001  0.16436851 0.16041183 0.17260957 0.16989183 0.16131532
 0.17702878 0.16262698 0.17508364 0.17761421 0.16868949 0.17386532
 0.15165365 0.16201389 0.15564895 0.1607064  0.1564678  0.16177642
 0.15005839 0.16138339]","[0.23596258 0.2610976  0.23918826 0.26144283 0.2522521  0.2602747
 0.24920535 0.25783187 0.25918602 0.25683021 0.25076586 0.24401306
 0.24307272 0.25752001 0.24107328 0.26273825 0.24855295 0.2470291
 0.2404011  0.24044694 0.25385737 0.24697598 0.24822396 0.25460065
 0.26801198 0.24686578 0.2468722  0.26296267 0.2433356  0.25702664
 0.25876877 0.25423011 0.24535677 0.26635479 0.26203263 0.25232734
 0.27153787 0.25549869 0.25634024 0.27509367 0.25383006 0.26877522
 0.24540017 0.25322561 0.24597895 0.25776581 0.24898861 0.25101414
 0.24222992 0.25452718]","[0.29386155 0.31844775 0.29124756 0.3217274  0.3090747  0.3165498
 0.30698711 0.32072552 0.31676188 0.31486013 0.30572245 0.30248421
 0.3003745  0.31600698 0.30050168 0.31569937 0.30119827 0.30503312
 0.29593672 0.29598231 0.3079153  0.30268215 0.30006749 0.30938795
 0.32384711 0.30395028 0.30501313 0.31178071 0.30444709 0.30768495
 0.3099608  0.30435225 0.3036814  0.32061514 0.31647154 0.306217
 0.32286355 0.30883747 0.3160224  0.32442913 0.31311021 0.3202058
 0.29949566 0.30818514 0.30358742 0.30877532 0.30196481 0.30596599
 0.29802378 0.30823335]",2.0752161629104194e-111,7.731875076942095e-169,1.416602628389748e-110,0.0,2.2738859217774633e-08,3.589127147707316e-08,8.37535398203187e-09,1.0887194673371656e-08,1e-05,1e-05,0.0,0.0,0.3927254354572296,0.47830793446540826,0.009935397019683583,0.008715032972197069,0.10896710872650146,0.16276488065719605,0.00767312761473963,0.008761751620948745,0.2531378835090034,0.30853914567709373,0.008794289240650743,0.008213532897819606
