setting,delta,mu1,mu2,pval,pval_base,ks_p_prop_mean,ks_p_base_mean,ks_p_prop_std,ks_p_base_std
df1,0.0,0.0,0.0,"[0.41323244 0.63886042 0.24148215 0.02903392 0.43609338 0.53390728
 0.81875363 0.79482654 0.77002924 0.88359176 0.53390728 0.39108739
 0.39108739 0.58582128 0.96996014 0.29176485 0.74453538 0.69212796
 0.69212796 0.61225166 0.29176485 0.25747545 0.18488568 0.05871658
 0.71851426 0.07520917 0.12937218 0.53390728 0.63886042 0.88359176
 0.91946676 0.01487416 0.63886042 0.12937218 0.63886042 0.58582128
 0.25747545 0.90235528 0.88359176 0.10315938 0.98957839 0.96996014
 0.06932183 0.21173982 0.97808957 0.71851426 0.29176485 0.66552932
 0.99973335 0.17249627]","[0.29176485 0.45963725 0.36968362 0.21173982 0.11135888 0.43609338
 0.91946676 0.88359176 0.91946676 0.71851426 0.77002924 0.99328163
 0.25747545 0.45963725 0.25747545 0.3490397  0.45963725 0.66552932
 0.90235528 0.27423335 0.88359176 0.94837208 0.02410401 0.94837208
 0.29176485 0.22624166 0.93482727 0.84163603 0.55967522 0.58582128
 0.90235528 0.18488568 0.98457739 0.39108739 0.98457739 0.39108739
 0.96007647 0.93482727 0.66552932 0.29176485 0.97808957 0.21173982
 0.39108739 0.39108739 0.06932183 0.58582128 0.14969106 0.17249627
 0.66552932 0.0416213 ]",0.5275468906804036,0.546033422650169,0.30385805813042904,0.31220855272370523
df1,0.05,0.0,0.05,"[0.63886042 0.02646763 0.19796045 0.22624166 0.69212796 0.77002924
 0.18488568 0.00336895 0.29176485 0.55967522 0.84163603 0.14969106
 0.27423335 0.14969106 0.71851426 0.16077182 0.55967522 0.84163603
 0.45963725 0.21173982 0.19796045 0.22624166 0.61225166 0.58582128
 0.84163603 0.77002924 0.63886042 0.22624166 0.31007573 0.39108739
 0.16077182 0.01100057 0.88359176 0.63886042 0.31007573 0.32916807
 0.43609338 0.01641475 0.66552932 0.90235528 0.55967522 0.01100057
 0.3490397  0.55967522 0.06932183 0.74453538 0.43609338 0.12937218
 0.58582128 0.45963725]","[0.94837208 0.88359176 0.79482654 0.55967522 0.55967522 0.50859953
 0.24148215 0.08151459 0.99765093 0.08825991 0.29176485 0.79482654
 0.12937218 0.12937218 0.31007573 0.94837208 0.43609338 0.79482654
 0.11135888 0.74453538 0.39108739 0.1200888  0.77002924 0.96996014
 0.53390728 0.55967522 0.58582128 0.27423335 0.88359176 0.25747545
 0.01993114 0.48382277 0.24148215 0.25747545 0.58582128 0.3490397
 0.02410401 0.3490397  0.97808957 0.53390728 0.0539576  0.48382277
 0.50859953 0.8633028  0.79482654 0.91946676 0.58582128 0.01100057
 0.63886042 0.09546732]",0.42033693068030187,0.489559084089544,0.2672750600583252,0.30489445001298615
df1,0.1,0.0,0.1,"[7.25488863e-03 4.54286666e-02 1.20088801e-01 8.63302804e-01
 6.38860419e-01 4.13232440e-01 1.34646549e-02 8.83591758e-01
 1.60771824e-01 1.64147482e-02 4.59637254e-01 3.48322136e-02
 9.19466758e-01 3.49039701e-01 3.77043497e-03 2.74233349e-01
 1.34646549e-02 5.33907283e-01 1.91681353e-04 7.44535382e-01
 4.36093382e-01 6.12251659e-01 3.80948244e-02 1.97960446e-01
 3.80948244e-02 1.29372179e-01 5.08599525e-01 1.11358879e-01
 4.59637254e-01 2.90339156e-02 6.12251659e-01 4.83822766e-01
 8.15145929e-02 6.38860419e-01 2.41040115e-02 4.13232440e-01
 7.44535382e-01 1.03159376e-01 5.59675216e-01 6.65529322e-01
 7.44535382e-01 9.02355278e-01 1.91681353e-04 6.93218252e-02
 5.33907283e-01 3.18171260e-02 9.34827271e-01 2.26241661e-01
 4.59637254e-01 7.11507895e-04]","[0.8633028  0.58582128 0.02192948 0.91946676 0.58582128 0.8633028
 0.17249627 0.84163603 0.1200888  0.06932183 0.94837208 0.55967522
 0.79482654 0.69212796 0.02646763 0.74453538 0.8633028  0.53390728
 0.00336895 0.45963725 0.43609338 0.63886042 0.00470847 0.61225166
 0.66552932 0.39108739 0.08825991 0.06383124 0.139232   0.24148215
 0.16077182 0.50859953 0.71851426 0.32916807 0.93482727 0.41323244
 0.41323244 0.32916807 0.27423335 0.21173982 0.90235528 0.43609338
 0.91946676 0.06383124 0.1200888  0.12937218 0.139232   0.69212796
 0.8633028  0.09546732]",0.34572436121551225,0.45211138297476494,0.3061068624955773,0.31079069717343927
df1,0.15000000000000002,0.0,0.15000000000000002,"[2.38884447e-03 6.38860419e-01 3.49039701e-01 1.11358879e-01
 8.06268875e-03 2.26241661e-01 4.13232440e-01 1.89004559e-03
 1.11358879e-01 5.39576008e-02 2.41040115e-02 8.15145929e-02
 1.11358879e-01 1.84885683e-01 8.15145929e-02 3.77043497e-03
 3.91087390e-01 2.41040115e-02 9.54673207e-02 1.20088801e-01
 3.80948244e-02 6.93218252e-02 4.59637254e-01 9.54673207e-02
 2.41482152e-01 4.16212987e-02 3.91087390e-01 1.64147482e-02
 2.91764847e-01 4.83822766e-01 1.39231997e-01 1.45688880e-04
 5.39576008e-02 7.25488863e-03 2.26241661e-01 5.85633896e-03
 3.69683622e-01 3.49039701e-01 4.13232440e-01 2.51182002e-04
 1.84885683e-01 6.92127962e-01 5.85633896e-03 6.52148041e-03
 2.19534247e-04 1.64147482e-02 8.15145929e-02 5.87165796e-02
 1.21765095e-02 1.80967606e-02]","[0.39108739 0.3490397  0.98457739 0.18488568 0.84163603 0.22624166
 0.06383124 0.69212796 0.1200888  0.29176485 0.58582128 0.08825991
 0.1200888  0.29176485 0.01346465 0.10315938 0.90235528 0.61225166
 0.79482654 0.10315938 0.96007647 0.8633028  0.08151459 0.94837208
 0.11135888 0.29176485 0.61225166 0.66552932 0.41323244 0.90235528
 0.31007573 0.09546732 0.66552932 0.27423335 0.0539576  0.61225166
 0.29176485 0.61225166 0.50859953 0.10315938 0.45963725 0.53390728
 0.32916807 0.81875363 0.00992823 0.50859953 0.50859953 0.53390728
 0.14969106 0.08151459]",0.15608853221308228,0.4214237526604919,0.17805243380279936,0.2947519988459211
df1,0.2,0.0,0.2,"[2.90339156e-02 2.19294824e-02 2.57475452e-01 2.38884447e-03
 1.34646549e-02 1.60771824e-01 3.36894521e-03 2.26241661e-01
 1.89004559e-03 4.54286666e-02 8.31541824e-05 4.70847031e-03
 1.34646549e-02 5.85633896e-03 1.10005675e-02 8.95145539e-03
 6.24499263e-07 4.85152370e-04 2.12592488e-03 5.25376643e-03
 3.48322136e-02 1.48741570e-02 3.29168072e-01 4.83822766e-01
 2.19294824e-02 5.25376643e-03 8.06268875e-03 1.48741570e-02
 2.74233349e-01 1.99311438e-02 1.45688880e-04 8.31541824e-05
 1.72496272e-01 5.85633896e-03 6.26876255e-04 3.27832948e-04
 1.16899447e-03 1.03408932e-03 1.10005675e-02 7.11507895e-04
 3.36894521e-03 1.73569175e-06 2.99835482e-05 1.02917236e-05
 1.67865304e-03 1.03408932e-03 9.92823487e-03 2.26241661e-01
 3.00718998e-03 1.03159376e-01]","[0.43609338 0.24148215 0.16077182 0.58582128 0.12937218 0.58582128
 0.8633028  0.17249627 0.0416213  0.96007647 0.01993114 0.27423335
 0.66552932 0.97808957 0.55967522 0.48382277 0.01346465 0.00421554
 0.09546732 0.0416213  0.0416213  0.55967522 0.48382277 0.77002924
 0.50859953 0.02903392 0.39108739 0.96007647 0.53390728 0.93482727
 0.53390728 0.32916807 0.21173982 0.18488568 0.07520917 0.03181713
 0.17249627 0.61225166 0.24148215 0.61225166 0.00585634 0.07520917
 0.63886042 0.3490397  0.18488568 0.03809482 0.18488568 0.19796045
 0.71851426 0.139232  ]",0.051256337564567926,0.3612667377869924,0.10277713580219844,0.2938094497441374
df1,0.25,0.0,0.25,"[1.10287908e-04 1.02917236e-05 4.03308445e-05 1.48741570e-02
 6.24445815e-05 2.51182002e-04 2.38884447e-03 2.51182002e-04
 6.41076366e-06 2.64676308e-02 1.48940867e-03 4.67045972e-05
 6.52148041e-03 1.60771824e-01 1.48940867e-03 1.89004559e-03
 2.68158880e-03 4.95346404e-02 1.34646549e-02 1.91681353e-04
 3.09615598e-07 1.32017364e-03 2.99835482e-05 1.32017364e-03
 1.45688880e-04 1.91681353e-04 7.25488863e-03 2.64676308e-02
 6.93218252e-02 4.67045972e-05 9.92823487e-03 1.64147482e-02
 1.90755446e-05 1.48940867e-03 1.20265345e-05 2.22014992e-05
 2.51182002e-04 1.90755446e-05 4.85152370e-04 8.79830246e-06
 1.04585220e-06 6.38312357e-02 6.41076366e-06 1.16899447e-03
 1.89004559e-03 8.31541824e-05 2.64676308e-02 2.68158880e-03
 6.52148041e-03 5.85633896e-03]","[0.10315938 0.00268159 0.14969106 0.00585634 0.24148215 0.06932183
 0.53390728 0.16077182 0.69212796 0.24148215 0.17249627 0.19796045
 0.12937218 0.19796045 0.00525377 0.08825991 0.48382277 0.90235528
 0.79482654 0.04542867 0.12937218 0.06932183 0.02646763 0.71851426
 0.81875363 0.18488568 0.06932183 0.32916807 0.79482654 0.81875363
 0.11135888 0.16077182 0.07520917 0.79482654 0.139232   0.17249627
 0.88359176 0.27423335 0.48382277 0.74453538 0.21173982 0.48382277
 0.21173982 0.10315938 0.18488568 0.04953464 0.17249627 0.07520917
 0.03181713 0.50859953]",0.01051602176793708,0.3010137044612811,0.02635727781737674,0.28008652781722065
df1,0.30000000000000004,0.0,0.30000000000000004,"[3.73964604e-04 1.48940867e-03 2.87103585e-04 4.65235514e-06
 1.16899447e-03 4.26159664e-04 7.25098046e-08 2.68158880e-03
 9.92823487e-03 1.25918603e-07 9.58129418e-05 1.23948622e-06
 1.45688880e-04 2.41040115e-02 1.67865304e-03 9.58129418e-05
 8.79830246e-06 4.70847031e-03 7.20954134e-05 1.07881685e-08
 1.32017364e-03 1.48940867e-03 1.90755446e-05 1.89004559e-03
 8.06755085e-04 3.36269816e-06 1.10287908e-04 8.31541824e-05
 2.64676308e-02 2.12592488e-03 1.31118659e-08 7.11507895e-04
 1.02917236e-05 3.18171260e-02 1.26822204e-04 7.11507895e-04
 5.51757155e-04 7.42361542e-07 3.73964604e-04 1.64147482e-02
 3.36269816e-06 4.26159664e-04 1.73569175e-06 3.27832948e-04
 6.18553174e-12 7.20954134e-05 1.32017364e-03 7.11507895e-04
 5.40313022e-05 4.13773042e-08]","[0.01993114 0.81875363 0.04953464 0.03181713 0.09546732 0.02646763
 0.53390728 0.3490397  0.27423335 0.04953464 0.00212592 0.19796045
 0.02410401 0.61225166 0.09546732 0.77002924 0.03181713 0.02192948
 0.43609338 0.08151459 0.50859953 0.10315938 0.55967522 0.24148215
 0.00336895 0.07520917 0.02192948 0.17249627 0.63886042 0.17249627
 0.00132017 0.14969106 0.63886042 0.77002924 0.24148215 0.17249627
 0.08151459 0.48382277 0.17249627 0.16077182 0.10315938 0.00268159
 0.22624166 0.10315938 0.00895146 0.3490397  0.22624166 0.50859953
 0.18488568 0.3490397 ]",0.002704442799033362,0.23907481927041993,0.006854394777418616,0.23274704191111203
df1,0.35000000000000003,0.0,0.35000000000000003,"[2.85456402e-06 7.79334122e-10 4.03308445e-05 6.41076366e-06
 1.59199965e-08 1.92461767e-12 1.02917236e-05 2.59150246e-07
 2.12592488e-03 1.81007354e-07 1.10287908e-04 2.59150246e-07
 1.63732496e-05 1.26822204e-04 2.05084189e-06 8.81579698e-07
 6.24499263e-07 1.18065325e-09 6.41076366e-06 2.05084189e-06
 2.19534247e-04 5.51757155e-04 2.05084189e-06 2.83236331e-08
 3.69535722e-07 2.18488808e-09 8.06755085e-04 3.09615598e-07
 1.91681353e-04 8.06755085e-04 4.40608072e-07 1.04585220e-06
 3.47919250e-05 3.09615598e-07 2.38884447e-03 5.40313022e-05
 2.58137431e-05 1.03408932e-03 1.20265345e-05 8.06755085e-04
 4.99357648e-08 5.51757155e-04 4.67045972e-05 8.31541824e-05
 2.85456402e-06 1.90755446e-05 3.09615598e-07 3.09615598e-07
 2.99835482e-05 8.86732425e-09]","[8.82599083e-02 4.16212987e-02 1.97960446e-01 5.85821277e-01
 2.64676308e-02 2.19294824e-02 1.11358879e-01 1.34646549e-02
 3.29168072e-01 8.95145539e-03 2.64676308e-02 4.36093382e-01
 3.49039701e-01 4.36093382e-01 8.95145539e-03 2.41482152e-01
 1.60771824e-01 5.51757155e-04 7.70029237e-01 6.65529322e-01
 9.54673207e-02 4.13232440e-01 6.93218252e-02 2.90339156e-02
 3.48322136e-02 4.54286666e-02 7.52091658e-02 7.52091658e-02
 9.92823487e-03 5.33907283e-01 1.03159376e-01 4.95346404e-02
 1.97960446e-01 1.80967606e-02 5.85821277e-01 1.80967606e-02
 6.65529322e-01 3.49039701e-01 3.77043497e-03 3.29168072e-01
 8.15145929e-02 5.33907283e-01 2.41482152e-01 3.18171260e-02
 1.84885683e-01 3.29168072e-01 1.80967606e-02 1.60771824e-01
 1.03159376e-01 9.92823487e-03]",0.00020247262715762773,0.19832982144653893,0.0004886256033777097,0.21238418717684596
df1,0.4,0.0,0.4,"[1.80967606e-02 4.13773042e-08 1.04585220e-06 6.32216726e-10
 6.24445815e-05 3.27672622e-09 1.04585220e-06 8.86732425e-09
 3.73964604e-04 1.07881685e-08 5.46398884e-06 1.81007354e-07
 3.77043497e-03 2.67703473e-09 1.51046944e-07 1.31118659e-08
 4.67045972e-05 1.23948622e-06 9.79737413e-12 3.47919250e-05
 6.52148041e-03 7.28113471e-09 8.79830246e-06 4.00670801e-09
 4.65235514e-06 1.07881685e-08 8.79830246e-06 7.28113471e-09
 2.58137431e-05 4.89436847e-09 2.51182002e-04 5.46398884e-06
 1.91681353e-04 5.40313022e-05 4.89436847e-09 2.18772050e-10
 7.42361542e-07 1.07881685e-08 4.65235514e-06 1.40396435e-05
 8.81579698e-07 1.25918603e-07 5.12353012e-10 3.95729931e-06
 1.20265345e-05 1.46749215e-06 1.40396435e-05 3.95729931e-06
 2.33983459e-08 8.79830246e-06]","[0.45963725 0.01809676 0.1200888  0.00725489 0.1200888  0.0539576
 0.00470847 0.14969106 0.71851426 0.03809482 0.17249627 0.00421554
 0.27423335 0.00585634 0.07520917 0.04542867 0.3490397  0.00585634
 0.0416213  0.139232   0.0416213  0.24148215 0.16077182 0.12937218
 0.01993114 0.29176485 0.10315938 0.06383124 0.01993114 0.01993114
 0.17249627 0.00238884 0.00652148 0.09546732 0.0539576  0.01809676
 0.11135888 0.00895146 0.02410401 0.11135888 0.58582128 0.09546732
 0.00525377 0.02903392 0.0416213  0.03809482 0.14969106 0.01641475
 0.03483221 0.43609338]",0.0005906194706251494,0.11864286063671572,0.0027094225845256284,0.15343769663509527
df1,0.45,0.0,0.45,"[4.40608072e-07 6.02037032e-08 4.99357648e-08 6.02037032e-08
 3.69535722e-07 7.38137688e-11 1.31118659e-08 3.89102510e-17
 1.51920849e-12 2.42077577e-06 2.43574207e-12 2.81965513e-13
 1.31118659e-08 2.18772050e-10 1.25918603e-07 5.46398884e-06
 6.32216726e-10 2.59150246e-07 2.67703473e-09 3.95729931e-06
 1.18065325e-09 5.24820678e-07 1.25918603e-07 5.97265054e-09
 4.99357648e-08 5.92172623e-11 4.90739183e-12 2.05084189e-06
 1.73569175e-06 7.78867068e-12 2.16691945e-07 1.23948622e-06
 8.86732425e-09 7.51402754e-06 2.71047184e-10 7.51402754e-06
 1.31118659e-08 8.72433497e-08 4.99357648e-08 1.18065325e-09
 1.51046944e-07 1.45098666e-09 5.40313022e-05 4.03308445e-05
 4.03308445e-05 4.40608072e-07 4.99357648e-08 3.35473948e-10
 5.24820678e-07 5.97265054e-09]","[3.48322136e-02 1.20088801e-01 9.54673207e-02 1.48741570e-02
 1.34646549e-02 2.26241661e-01 2.38884447e-03 4.67045972e-05
 1.11358879e-01 1.16899447e-03 2.68158880e-03 5.51757155e-04
 1.49691056e-01 4.83822766e-01 1.16899447e-03 8.06268875e-03
 4.95346404e-02 1.29372179e-01 8.15145929e-02 3.10075730e-01
 9.92823487e-03 1.99311438e-02 1.21765095e-02 2.19294824e-02
 8.82599083e-02 2.41040115e-02 3.18171260e-02 3.48322136e-02
 4.21554189e-03 6.26876255e-04 2.11739817e-01 1.26822204e-04
 2.90339156e-02 2.68158880e-03 9.54673207e-02 3.48322136e-02
 3.48322136e-02 1.10005675e-02 4.21554189e-03 2.38884447e-03
 5.85821277e-01 1.32017364e-03 2.57475452e-01 4.70847031e-03
 1.84885683e-01 5.25376643e-03 6.93218252e-02 4.26159664e-04
 9.54673207e-02 1.72496272e-01]",3.404877770494423e-06,0.07775449034319153,1.0739830122817255e-05,0.12012511010107112
df1,0.5,0.0,0.5,"[6.32216726e-10 4.40608072e-07 4.89436847e-09 4.89436847e-09
 7.78867068e-12 3.69535722e-07 9.59715417e-10 3.59754634e-13
 1.76400398e-10 1.51046944e-07 7.51402754e-06 3.88941584e-12
 1.73569175e-06 2.20772463e-13 1.07881685e-08 3.36269816e-06
 1.25918603e-07 3.95007214e-19 6.24499263e-07 1.54798729e-16
 6.02037032e-08 3.69535722e-07 6.18553174e-12 4.00670801e-09
 2.18488808e-09 7.38137688e-11 4.58538879e-13 1.54554888e-11
 5.24820678e-07 6.24499263e-07 2.43574207e-12 4.00670801e-09
 1.76400398e-10 1.23116467e-11 3.36269816e-06 4.00670801e-09
 6.02037032e-08 2.18772050e-10 4.00670801e-09 3.00652497e-14
 5.83855471e-13 2.71047184e-10 2.59150246e-07 6.02037032e-08
 2.42826791e-11 1.42091476e-10 1.42091476e-10 2.43574207e-12
 3.03909276e-11 4.13773042e-08]","[1.03159376e-01 1.84885683e-01 9.54673207e-02 1.48940867e-03
 5.25376643e-03 9.54673207e-02 5.39576008e-02 1.48741570e-02
 3.48322136e-02 1.32017364e-03 4.95346404e-02 6.26876255e-04
 4.16212987e-02 3.36894521e-03 2.41040115e-02 2.41482152e-01
 4.83822766e-01 6.26876255e-04 2.19294824e-02 3.00718998e-03
 4.21554189e-03 1.80967606e-02 3.80948244e-02 4.03308445e-05
 5.51757155e-04 6.26876255e-04 3.29168072e-01 1.02917236e-05
 5.87165796e-02 8.15145929e-02 4.85152370e-04 1.99311438e-02
 3.18171260e-02 2.90339156e-02 7.11507895e-04 5.87165796e-02
 3.36894521e-03 1.21765095e-02 1.80967606e-02 3.18171260e-02
 5.87165796e-02 8.06268875e-03 1.64147482e-02 4.70847031e-03
 2.41040115e-02 3.18171260e-02 1.26822204e-04 2.41040115e-02
 1.03159376e-01 3.00718998e-03]",3.945681310338235e-07,0.04944485353874976,1.2324434853131323e-06,0.08796914901672181
df1,0.55,0.0,0.55,"[6.18553174e-12 3.59754634e-13 4.40608072e-07 5.12353012e-10
 2.42826791e-11 1.73569175e-06 1.42091476e-10 9.59715417e-10
 4.14795066e-10 1.92461767e-12 1.19798113e-12 6.18553174e-12
 1.39985076e-14 1.34933703e-13 6.32216726e-10 9.19151252e-11
 8.21358136e-14 5.74326505e-21 1.63732496e-05 2.71047184e-10
 2.20772463e-13 5.83855471e-13 3.00652497e-14 4.58538879e-13
 5.46398884e-06 1.26570821e-17 5.13913233e-17 4.90739183e-12
 6.45842239e-15 3.35473948e-10 5.13913233e-17 3.59754634e-13
 1.26570821e-17 6.00359848e-16 1.80794013e-14 1.54554888e-11
 2.33262567e-14 3.03909276e-11 7.79334122e-10 3.07948375e-12
 1.42091476e-10 1.78141737e-09 3.59754634e-13 5.24820678e-07
 8.21358136e-14 4.58740572e-16 1.51046944e-07 6.32216726e-10
 2.43574207e-12 1.92461767e-12]","[7.11507895e-04 1.34646549e-02 1.21765095e-02 1.67865304e-03
 5.85633896e-03 1.32017364e-03 2.90339156e-02 1.80967606e-02
 2.19534247e-04 1.89004559e-03 8.95145539e-03 1.63732496e-05
 3.36269816e-06 3.00718998e-03 2.12592488e-03 1.34646549e-02
 6.38312357e-02 5.46398884e-06 5.85633896e-03 1.49691056e-01
 4.16212987e-02 3.18171260e-02 1.91681353e-04 2.19534247e-04
 1.34646549e-02 4.95346404e-02 8.95145539e-03 2.99835482e-05
 8.06755085e-04 1.20088801e-01 7.51402754e-06 5.40313022e-05
 7.11507895e-04 1.32017364e-03 9.58129418e-05 3.00718998e-03
 3.27832948e-04 9.13835051e-04 1.21765095e-02 2.19294824e-02
 8.06268875e-03 1.67865304e-03 1.11358879e-01 1.34646549e-02
 1.99311438e-02 9.58129418e-05 2.19294824e-02 9.13835051e-04
 3.80948244e-02 9.54673207e-02]",4.939240258828966e-07,0.018993365294371574,2.405183776952339e-06,0.033140344721414326
df1,0.6000000000000001,0.0,0.6000000000000001,"[1.33749750e-15 8.21358136e-14 4.97944383e-14 1.74328977e-15
 1.17682447e-16 7.78867068e-12 9.79737413e-12 3.88941584e-12
 2.94303610e-17 1.93100400e-08 7.25098046e-08 3.59754634e-13
 3.59754634e-13 1.92461767e-12 7.42666811e-13 9.43717929e-13
 1.19798113e-12 1.08277464e-14 1.34933703e-13 2.18772050e-10
 5.83855471e-13 6.39848579e-14 6.32216726e-10 1.24351631e-31
 1.23116467e-11 2.20772463e-13 6.18553174e-12 2.43574207e-12
 2.94303610e-17 2.27745029e-18 3.59754634e-13 2.33262567e-14
 4.13773042e-08 3.87118023e-14 1.51920849e-12 1.17682447e-16
 2.93930826e-19 1.51920849e-12 3.87118023e-14 1.54554888e-11
 3.95007214e-19 3.89102510e-17 3.79972059e-11 4.58538879e-13
 1.33749750e-15 5.13913233e-17 1.20730402e-21 1.92461767e-12
 2.43574207e-12 6.39848579e-14]","[1.48940867e-03 2.11739817e-01 3.73964604e-04 4.26159664e-04
 1.10005675e-02 2.64676308e-02 2.87103585e-04 4.54286666e-02
 1.26822204e-04 2.87103585e-04 3.80948244e-02 1.26822204e-04
 2.38884447e-03 3.18171260e-02 5.25376643e-03 4.16212987e-02
 1.03159376e-01 5.51757155e-04 3.00718998e-03 2.90339156e-02
 1.26822204e-04 2.38884447e-03 6.52148041e-03 6.24445815e-05
 7.11507895e-04 2.42077577e-06 3.18171260e-02 9.54673207e-02
 2.58137431e-05 9.13835051e-04 8.06268875e-03 1.91681353e-04
 1.16899447e-03 4.21554189e-03 1.48741570e-02 1.48940867e-03
 3.48322136e-02 4.85152370e-04 3.27832948e-04 1.21765095e-02
 2.68158880e-03 8.95145539e-03 3.36894521e-03 4.16212987e-02
 3.95729931e-06 1.63732496e-05 1.90755446e-05 3.09615598e-07
 5.85633896e-03 6.24445815e-05]",2.6831812015390367e-09,0.016622514985557016,1.1817873981479247e-08,0.03559228315745682
df1,0.65,0.0,0.65,"[2.22374207e-17 6.39848579e-14 1.76400398e-10 5.83855471e-13
 5.83855471e-13 6.78067547e-17 9.53441021e-18 9.53441021e-18
 1.30270202e-22 1.54798729e-16 2.94303610e-17 8.21358136e-14
 1.44619791e-20 2.18494984e-19 2.27745029e-18 2.33262567e-14
 2.94303610e-17 8.21358136e-14 1.08277464e-14 2.18494984e-19
 2.43574207e-12 8.21358136e-14 3.60824945e-20 4.58538879e-13
 2.66308246e-20 2.43574207e-12 7.42666811e-13 3.87118023e-14
 6.42340318e-22 6.78067547e-17 2.81965513e-13 9.43717929e-13
 1.20365650e-19 1.39985076e-14 1.42091476e-10 7.11203305e-19
 4.88387176e-20 4.58538879e-13 1.42091476e-10 1.33749750e-15
 6.78067547e-17 2.03413945e-16 1.17682447e-16 6.39848579e-14
 1.19798113e-12 4.74591296e-11 2.43574207e-12 1.80794013e-14
 5.13913233e-17 1.80794013e-14]","[1.20265345e-05 3.77043497e-03 1.99311438e-02 8.06755085e-04
 8.79830246e-06 3.00718998e-03 8.06755085e-04 1.45688880e-04
 3.36269816e-06 2.68158880e-03 1.16899447e-03 1.10287908e-04
 7.11507895e-04 5.51757155e-04 1.03159376e-01 8.79830246e-06
 1.63732496e-05 1.10005675e-02 2.19294824e-02 7.11507895e-04
 1.03408932e-03 2.87103585e-04 1.16899447e-03 8.31541824e-05
 1.59199965e-08 8.95145539e-03 2.99835482e-05 2.87103585e-04
 1.81007354e-07 9.13835051e-04 3.48322136e-02 1.99311438e-02
 9.13835051e-04 1.99311438e-02 3.48322136e-02 3.47919250e-05
 9.58129418e-05 9.13835051e-04 2.19294824e-02 2.51182002e-04
 9.58129418e-05 1.29372179e-01 2.99835482e-05 5.51757155e-04
 2.41040115e-02 1.64147482e-02 1.32017364e-03 2.64676308e-02
 2.12592488e-03 5.85633896e-03]",1.0422007947023483e-11,0.010466050558676953,3.6970372145887684e-11,0.023797009564754466
df1,0.7000000000000001,0.0,0.7000000000000001,"[1.34933703e-13 5.30299497e-19 6.25831333e-28 9.43717929e-13
 8.93744884e-17 4.05057199e-18 8.93744884e-17 2.18494984e-19
 3.03881495e-18 1.30270202e-22 5.30299497e-19 3.03881495e-18
 3.55797286e-24 2.93930826e-19 2.27745029e-18 9.53441021e-18
 3.50171296e-16 8.92004797e-20 6.60370667e-20 2.22374207e-17
 3.59754634e-13 1.67853513e-17 5.83855471e-13 8.93744884e-17
 6.60370667e-20 1.79605588e-22 4.58740572e-16 6.78067547e-17
 9.43717929e-13 3.50171296e-16 3.03881495e-18 6.00359848e-16
 2.67024896e-16 1.06410050e-20 1.54798729e-16 4.88387176e-20
 5.83855471e-13 1.80794013e-14 1.06410050e-20 6.78067547e-17
 3.55797286e-24 3.40355762e-22 2.03413945e-16 7.84899525e-16
 4.88387176e-20 4.14795066e-10 3.88941584e-12 5.39368124e-18
 6.78067547e-17 3.55797286e-24]","[3.95729931e-06 7.20954134e-05 2.59150246e-07 5.85633896e-03
 2.38884447e-03 1.80967606e-02 4.85152370e-04 1.91681353e-04
 5.51757155e-04 8.79830246e-06 2.68158880e-03 1.10287908e-04
 4.70847031e-03 7.11507895e-04 3.77043497e-03 7.11507895e-04
 1.67194217e-04 1.32017364e-03 8.81579698e-07 3.36269816e-06
 1.99311438e-02 2.99835482e-05 2.05084189e-06 3.00718998e-03
 6.24445815e-05 1.46749215e-06 1.32017364e-03 8.06755085e-04
 8.95145539e-03 3.73964604e-04 1.16899447e-03 1.67865304e-03
 1.90755446e-05 7.42361542e-07 5.51757155e-04 7.11507895e-04
 9.92823487e-03 1.11358879e-01 1.63732496e-05 6.24445815e-05
 4.65235514e-06 2.87103585e-04 3.00718998e-03 8.06755085e-04
 1.67194217e-04 8.06268875e-03 1.48741570e-02 4.03308445e-05
 2.87103585e-04 1.49691056e-01]",8.445122175413787e-12,0.00758105154316819,5.805285192212596e-11,0.02578282807106094
df1,0.75,0.0,0.75,"[3.60824945e-20 1.27528784e-18 6.39848579e-14 9.43897459e-23
 1.70487812e-25 9.43717929e-13 4.58740572e-16 2.66308246e-20
 8.93744884e-17 3.08714081e-21 2.93930826e-19 5.74326505e-21
 2.93930826e-19 2.94303610e-17 4.58740572e-16 4.88387176e-20
 4.96114708e-24 9.61617488e-24 4.74591296e-11 2.54904105e-24
 4.96114708e-24 3.95007214e-19 2.43574207e-12 4.21288896e-21
 1.20365650e-19 2.26988766e-15 7.82155399e-21 3.55797286e-24
 1.33672873e-23 2.67024896e-16 1.06410050e-20 4.88387176e-20
 3.83661921e-15 1.65262693e-21 5.39368124e-18 1.33672873e-23
 8.93744884e-17 1.08277464e-14 2.03413945e-16 6.00359848e-16
 3.95007214e-19 8.92004797e-20 1.27528784e-18 6.39848579e-14
 2.12365474e-28 2.94303610e-17 4.88387176e-20 3.40355762e-22
 1.30270202e-22 6.83217462e-23]","[8.79830246e-06 1.90755446e-05 2.87103585e-04 6.24445815e-05
 8.31541824e-05 7.51402754e-06 1.45688880e-04 3.27832948e-04
 8.72433497e-08 1.26822204e-04 1.91681353e-04 2.87103585e-04
 1.26822204e-04 3.95729931e-06 2.85456402e-06 3.36269816e-06
 3.27832948e-04 1.10287908e-04 7.20954134e-05 1.91681353e-04
 7.20954134e-05 1.10005675e-02 5.25376643e-03 1.02917236e-05
 1.20265345e-05 5.46398884e-06 7.11507895e-04 7.20954134e-05
 4.13773042e-08 1.91681353e-04 2.33983459e-08 1.02917236e-05
 8.31541824e-05 5.24820678e-07 1.89004559e-03 1.10287908e-04
 5.40313022e-05 9.13835051e-04 3.47919250e-05 4.85152370e-04
 7.51402754e-06 3.73964604e-04 4.40608072e-07 2.12592488e-03
 7.51402754e-06 1.40396435e-05 4.70847031e-03 5.24820678e-07
 1.89004559e-03 3.47919250e-05]",1.0197145848211697e-12,0.0006492221422603043,6.64410996431441e-12,0.0018094091508344852
df1,0.8,0.0,0.8,"[2.25989398e-21 8.81076169e-22 6.91059303e-24 2.54904105e-24
 7.78867068e-12 3.60824945e-20 2.57505865e-23 2.94303610e-17
 2.27745029e-18 7.82155399e-21 2.93930826e-19 1.79605588e-22
 1.20365650e-19 2.25989398e-21 2.54904105e-24 1.62253462e-19
 1.51920849e-12 1.21017203e-25 1.70510155e-18 1.65262693e-21
 2.25989398e-21 8.58131384e-26 1.08277464e-14 3.89102510e-17
 3.40355762e-22 3.71348188e-27 3.60824945e-20 1.06757971e-26
 2.27745029e-18 9.43897459e-23 6.91059303e-24 4.21288896e-21
 5.28569498e-27 1.70510155e-18 2.47371214e-22 6.64674147e-25
 2.42826791e-11 1.44619791e-20 3.71348188e-27 3.71348188e-27
 6.91059303e-24 5.74326505e-21 2.22374207e-17 1.30270202e-22
 6.78067547e-17 1.67853513e-17 1.21017203e-25 2.67024896e-16
 1.30270202e-22 2.25989398e-21]","[5.24820678e-07 1.26822204e-04 4.40608072e-07 2.05084189e-06
 3.36269816e-06 4.65235514e-06 1.03408932e-03 1.80967606e-02
 1.90755446e-05 8.06755085e-04 8.31541824e-05 6.24445815e-05
 6.24445815e-05 4.03308445e-05 4.99357648e-08 1.10287908e-04
 2.64676308e-02 3.09615598e-07 3.09615598e-07 4.21554189e-03
 1.16899447e-03 1.45688880e-04 1.04585220e-06 1.23948622e-06
 1.04585220e-06 4.13773042e-08 2.12592488e-03 1.90755446e-05
 8.06755085e-04 4.26159664e-04 6.41076366e-06 6.24445815e-05
 7.20954134e-05 1.16899447e-03 1.20265345e-05 7.42361542e-07
 2.19534247e-04 1.91681353e-04 4.03308445e-05 2.58137431e-05
 2.12592488e-03 4.65235514e-06 1.63732496e-05 5.85633896e-03
 1.48940867e-03 2.87103585e-04 1.48940867e-03 2.83236331e-08
 1.67194217e-04 1.48940867e-03]",6.720367383737344e-13,0.0014111785017323212,3.5497558798526798e-12,0.00447611023144432
df1,0.8500000000000001,0.0,0.8500000000000001,"[8.81076169e-22 4.58740572e-16 1.06410050e-20 9.61617488e-24
 4.73751051e-25 3.37322101e-25 3.55797286e-24 7.82155399e-21
 2.14737506e-26 3.60824945e-20 1.65262693e-21 1.06757971e-26
 1.51487883e-26 1.17682447e-16 1.70487812e-25 1.30432533e-24
 1.06410050e-20 5.41174667e-30 3.37322101e-25 2.25989398e-21
 6.42340318e-22 2.54904105e-24 1.96348850e-20 1.02511949e-15
 9.31581113e-25 1.06410050e-20 2.60622931e-27 4.67812431e-22
 4.73751051e-25 1.51487883e-26 2.18494984e-19 7.82155399e-21
 2.03413945e-16 7.84899525e-16 6.42340318e-22 1.82198508e-31
 5.30299497e-19 2.57505865e-23 2.66308246e-20 1.30270202e-22
 2.27745029e-18 2.37806656e-29 6.00359848e-16 1.06757971e-26
 6.64674147e-25 1.70510155e-18 1.79605588e-22 2.57505865e-23
 3.04782586e-28 6.83217462e-23]","[1.04585220e-06 3.73964604e-04 3.73964604e-04 9.58129418e-05
 4.99357648e-08 7.20954134e-05 1.63732496e-05 2.83236331e-08
 1.23948622e-06 1.26822204e-04 7.51402754e-06 1.40396435e-05
 1.63732496e-05 7.42361542e-07 4.67045972e-05 5.40313022e-05
 2.33983459e-08 8.72433497e-08 1.40396435e-05 2.99835482e-05
 1.04585220e-06 2.99835482e-05 1.67194217e-04 2.19534247e-04
 3.27832948e-04 6.24445815e-05 8.79830246e-06 2.67703473e-09
 2.16691945e-07 9.79737413e-12 2.22014992e-05 3.69535722e-07
 3.77043497e-03 2.58137431e-05 1.04864874e-07 2.05084189e-06
 2.19534247e-04 2.51182002e-04 2.51182002e-04 2.12592488e-03
 9.58129418e-05 3.09615598e-07 6.24445815e-05 1.26822204e-04
 7.51402754e-06 3.27832948e-04 1.46749215e-06 2.99835482e-05
 4.13773042e-08 6.41076366e-06]",6.390168177158307e-17,0.00018778853575906622,2.0439548292744167e-16,0.0005965122139558214
df1,0.9,0.0,0.9,"[7.82155399e-21 7.11203305e-19 7.88918156e-34 5.30299497e-19
 2.39934411e-25 3.37322101e-25 3.71348188e-27 1.51487883e-26
 1.79605588e-22 3.71348188e-27 3.72814291e-30 2.57505865e-23
 1.79605588e-22 2.47371214e-22 4.73751051e-25 5.69539852e-31
 6.42340318e-22 8.58131384e-26 1.27976799e-27 1.21132482e-30
 1.64503886e-29 5.28569498e-27 3.55797286e-24 4.58740572e-16
 5.69539852e-31 6.83217462e-23 2.37806656e-29 2.60622931e-27
 2.67038982e-32 1.47818613e-28 4.21288896e-21 3.40355762e-22
 2.37806656e-29 6.42340318e-22 8.81076169e-22 2.32827146e-37
 6.91059303e-24 2.37806656e-29 8.95402666e-28 1.02784044e-28
 2.57505865e-23 1.79605588e-22 3.71348188e-27 1.96348850e-20
 2.57505865e-23 2.94303610e-17 3.72814291e-30 2.54904105e-24
 1.70487812e-25 6.83217462e-23]","[1.04864874e-07 5.46398884e-06 1.51046944e-07 7.25098046e-08
 1.91681353e-04 2.83236331e-08 2.33983459e-08 7.51402754e-06
 6.24445815e-05 2.42077577e-06 1.31118659e-08 3.42511079e-08
 1.78141737e-09 2.22014992e-05 5.51757155e-04 6.02037032e-08
 7.42361542e-07 1.10287908e-04 4.13773042e-08 3.36269816e-06
 1.26822204e-04 3.36894521e-03 6.24445815e-05 9.58129418e-05
 1.23948622e-06 2.33983459e-08 7.25098046e-08 4.65235514e-06
 3.69535722e-07 1.23948622e-06 5.46398884e-06 1.81007354e-07
 5.24820678e-07 1.23948622e-06 4.67045972e-05 4.99357648e-08
 3.36269816e-06 1.25918603e-07 3.36269816e-06 1.04585220e-06
 3.09615598e-07 9.58129418e-05 2.83236331e-08 3.47919250e-05
 1.45688880e-04 1.26822204e-04 3.69535722e-07 8.86732425e-09
 8.79830246e-06 1.93824891e-11]",9.788952510067953e-18,0.0001018944109080455,6.426798056567958e-17,0.00047471481967349173
df1,0.9500000000000001,0.0,0.9500000000000001,"[6.91059303e-24 1.70487812e-25 1.24351631e-31 2.60622931e-27
 3.04782586e-28 3.43417798e-29 3.81363460e-33 6.25831333e-28
 1.27976799e-27 6.07873598e-26 3.89924968e-31 3.56853685e-23
 1.81313081e-32 3.72814291e-30 3.72814291e-30 3.71348188e-27
 2.14737506e-26 1.76381982e-30 5.74326505e-21 2.66678482e-31
 8.31031105e-31 1.24351631e-31 4.30155538e-26 3.04782586e-28
 4.73751051e-25 1.82724155e-27 6.42340318e-22 7.84752977e-30
 4.95418960e-29 4.95418960e-29 2.56565447e-30 6.91059303e-24
 1.64503886e-29 4.36966274e-28 2.14737506e-26 7.84752977e-30
 1.82198508e-31 7.84752977e-30 2.39365688e-34 2.12365474e-28
 1.82198508e-31 9.31581113e-25 1.30270202e-22 2.12365474e-28
 1.30432533e-24 3.04782586e-28 3.40355762e-22 2.56565447e-30
 3.37322101e-25 6.25831333e-28]","[1.45688880e-04 7.51402754e-06 4.03308445e-05 4.40608072e-07
 7.38137688e-11 1.26822204e-04 1.23948622e-06 1.04585220e-06
 1.23948622e-06 7.20954134e-05 7.25098046e-08 4.03308445e-05
 7.42361542e-07 1.18065325e-09 1.04864874e-07 4.03308445e-05
 4.67045972e-05 1.46749215e-06 4.03308445e-05 2.19534247e-04
 1.04864874e-07 2.33983459e-08 1.04585220e-06 1.73569175e-06
 5.24820678e-07 1.73569175e-06 1.23116467e-11 5.12353012e-10
 1.59199965e-08 1.04585220e-06 7.51402754e-06 3.69535722e-07
 5.46398884e-06 5.12353012e-10 1.23948622e-06 5.97265054e-09
 3.69535722e-07 2.99835482e-05 1.25918603e-07 1.23116467e-11
 2.22014992e-05 2.05084189e-06 2.22014992e-05 7.51402754e-06
 1.25918603e-07 2.67703473e-09 2.85456402e-06 1.02917236e-05
 2.42077577e-06 1.23948622e-06]",1.3818229492015222e-22,1.8164896618862297e-05,8.071822770134369e-22,4.125985120691633e-05
df1,1.0,0.0,1.0,"[1.82198508e-31 5.77449424e-32 6.07873598e-26 1.07520219e-34
 4.36966274e-28 8.47828272e-32 1.82433512e-24 1.42774613e-35
 9.31581113e-25 2.57505865e-23 4.73751051e-25 2.58531714e-40
 2.67038982e-32 1.17161696e-33 7.84752977e-30 8.47828272e-32
 1.21132482e-30 3.89924968e-31 1.79605588e-22 2.18494984e-19
 5.77449424e-32 2.58531714e-40 3.92888730e-32 1.82433512e-24
 1.84715262e-36 2.60622931e-27 4.96114708e-24 9.61617488e-24
 2.67038982e-32 1.82724155e-27 8.33270257e-33 3.53047956e-37
 1.79605588e-22 5.64011511e-33 1.82198508e-31 2.57596005e-33
 1.73815304e-33 3.56590826e-34 6.63610190e-38 2.22993385e-39
 6.64674147e-25 1.00942344e-37 1.22979552e-32 2.67038982e-32
 3.89924968e-31 9.31581113e-25 1.82724155e-27 1.76381982e-30
 8.02241615e-39 1.22979552e-32]","[1.02917236e-05 2.18488808e-09 2.85456402e-06 1.51046944e-07
 5.46398884e-06 6.41076366e-06 1.90755446e-05 6.02037032e-08
 2.85456402e-06 7.79334122e-10 4.99357648e-08 1.23948622e-06
 4.67045972e-05 1.78141737e-09 3.36269816e-06 7.42361542e-07
 2.18488808e-09 8.81579698e-07 1.10287908e-04 8.31541824e-05
 1.02917236e-05 2.22014992e-05 2.67703473e-09 5.46398884e-06
 3.03909276e-11 1.07881685e-08 3.42511079e-08 2.99835482e-05
 1.04864874e-07 1.51046944e-07 1.93824891e-11 7.28113471e-09
 5.46398884e-06 6.32216726e-10 1.78141737e-09 3.03909276e-11
 9.19151252e-11 1.73569175e-06 1.93824891e-11 3.03909276e-11
 2.85456402e-06 2.59150246e-07 8.81579698e-07 6.02037032e-08
 5.97265054e-09 1.23948622e-06 2.83236331e-08 2.33983459e-08
 3.42511079e-08 2.59150246e-07]",4.378024818371504e-21,7.493842875959916e-06,3.0588157285936986e-20,2.029478917568525e-05
df2,0.0,0.0,0.0,"[0.41323244 0.63886042 0.24148215 0.02903392 0.43609338 0.53390728
 0.81875363 0.79482654 0.77002924 0.88359176 0.53390728 0.39108739
 0.39108739 0.58582128 0.96996014 0.29176485 0.74453538 0.69212796
 0.69212796 0.61225166 0.29176485 0.25747545 0.18488568 0.05871658
 0.71851426 0.07520917 0.12937218 0.53390728 0.63886042 0.88359176
 0.91946676 0.01487416 0.63886042 0.12937218 0.63886042 0.58582128
 0.25747545 0.90235528 0.88359176 0.10315938 0.98957839 0.96996014
 0.06932183 0.21173982 0.97808957 0.71851426 0.29176485 0.66552932
 0.99973335 0.17249627]","[0.29176485 0.45963725 0.36968362 0.21173982 0.11135888 0.43609338
 0.91946676 0.88359176 0.91946676 0.71851426 0.77002924 0.99328163
 0.25747545 0.45963725 0.25747545 0.3490397  0.45963725 0.66552932
 0.90235528 0.27423335 0.88359176 0.94837208 0.02410401 0.94837208
 0.29176485 0.22624166 0.93482727 0.84163603 0.55967522 0.58582128
 0.90235528 0.18488568 0.98457739 0.39108739 0.98457739 0.39108739
 0.96007647 0.93482727 0.66552932 0.29176485 0.97808957 0.21173982
 0.39108739 0.39108739 0.06932183 0.58582128 0.14969106 0.17249627
 0.66552932 0.0416213 ]",0.5275468906804036,0.546033422650169,0.30385805813042904,0.31220855272370523
df2,0.05,0.05,0.0,"[1.34646549e-02 4.83822766e-01 7.25488863e-03 2.74233349e-01
 1.10005675e-02 4.16212987e-02 9.78089566e-01 2.57475452e-01
 1.48741570e-02 2.19294824e-02 9.54673207e-02 6.38860419e-01
 1.72496272e-01 9.89578389e-01 3.10075730e-01 4.36093382e-01
 9.92823487e-03 3.18171260e-02 1.11358879e-01 2.57475452e-01
 3.00718998e-03 6.12251659e-01 4.83822766e-01 3.10075730e-01
 1.20088801e-01 2.91764847e-01 3.18171260e-02 1.48940867e-03
 2.57475452e-01 6.93218252e-02 5.85821277e-01 4.67045972e-05
 5.87165796e-02 9.92823487e-03 5.87165796e-02 1.49691056e-01
 2.26241661e-01 6.92127962e-01 4.59637254e-01 4.95346404e-02
 2.91764847e-01 5.33907283e-01 8.15145929e-02 8.18753631e-01
 7.44535382e-01 4.95346404e-02 3.80948244e-02 7.70029237e-01
 1.48741570e-02 1.97960446e-01]","[0.91946676 0.81875363 0.31007573 0.22624166 0.8633028  0.69212796
 0.81875363 0.16077182 0.77002924 0.139232   0.36968362 0.96996014
 0.01487416 0.41323244 0.21173982 0.74453538 0.19796045 0.98957839
 0.27423335 0.39108739 0.31007573 0.45963725 0.99328163 0.58582128
 0.97808957 0.66552932 0.22624166 0.0539576  0.63886042 0.04953464
 0.02192948 0.07520917 0.10315938 0.14969106 0.24148215 0.32916807
 0.00336895 0.96007647 0.98457739 0.21173982 0.08151459 0.90235528
 0.90235528 0.48382277 0.45963725 0.63886042 0.12937218 0.06932183
 0.43609338 0.05871658]",0.26338926358565073,0.44998241881941686,0.27891966579059124,0.33205828901658196
df2,0.1,0.1,0.0,"[3.91087390e-01 1.49691056e-01 4.65235514e-06 1.16899447e-03
 9.13835051e-04 1.20265345e-05 1.39231997e-01 4.85152370e-04
 1.34646549e-02 1.97960446e-01 9.92823487e-03 4.36093382e-01
 1.10287908e-04 2.38884447e-03 6.12251659e-01 1.03408932e-03
 1.48741570e-02 8.06268875e-03 7.94826541e-01 8.95145539e-03
 4.70847031e-03 9.92823487e-03 1.99311438e-02 5.85633896e-03
 1.84885683e-01 4.16212987e-02 1.89004559e-03 6.24445815e-05
 3.00718998e-03 7.52091658e-02 1.21765095e-02 1.48741570e-02
 4.95346404e-02 3.00718998e-03 6.93218252e-02 6.26876255e-04
 4.21554189e-03 5.39576008e-02 1.99311438e-02 1.63732496e-05
 1.67194217e-04 1.89004559e-03 1.60771824e-01 8.06268875e-03
 8.06268875e-03 3.29168072e-01 1.16899447e-03 1.48741570e-02
 1.48741570e-02 9.48372085e-01]","[0.77002924 0.61225166 0.00725489 0.19796045 0.03181713 0.09546732
 0.79482654 0.16077182 0.98457739 0.79482654 0.14969106 0.98457739
 0.58582128 0.12937218 0.07520917 0.22624166 0.58582128 0.43609338
 0.14969106 0.96007647 0.09546732 0.55967522 0.0539576  0.25747545
 0.18488568 0.84163603 0.58582128 0.01641475 0.71851426 0.61225166
 0.0416213  0.21173982 0.8633028  0.81875363 0.50859953 0.139232
 0.139232   0.93482727 0.58582128 0.48382277 0.36968362 0.09546732
 0.22624166 0.31007573 0.77002924 0.55967522 0.22624166 0.16077182
 0.58582128 0.16077182]",0.09689430646486322,0.4170041775816041,0.20244637678720717,0.30634021494940156
df2,0.15000000000000002,0.15000000000000002,0.0,"[2.68158880e-03 1.40396435e-05 1.02917236e-05 4.85152370e-04
 4.26159664e-04 7.20954134e-05 3.47919250e-05 3.48322136e-02
 5.24820678e-07 9.58129418e-05 1.89004559e-03 4.85152370e-04
 9.13835051e-04 2.87103585e-04 3.73964604e-04 9.92823487e-03
 4.03308445e-05 4.85152370e-04 1.03408932e-03 9.13835051e-04
 5.51757155e-04 2.38884447e-03 6.41076366e-06 1.20265345e-05
 3.27832948e-04 6.52148041e-03 1.10287908e-04 5.85633896e-03
 2.87103585e-04 1.20265345e-05 6.26876255e-04 8.95145539e-03
 6.26876255e-04 1.67865304e-03 5.40313022e-05 2.38884447e-03
 6.41076366e-06 4.65235514e-06 2.19534247e-04 1.72496272e-01
 2.22014992e-05 5.46398884e-06 1.48741570e-02 8.95145539e-03
 4.95346404e-02 3.77043497e-03 2.87103585e-04 8.06268875e-03
 1.80967606e-02 9.13835051e-04]","[0.19796045 0.50859953 0.10315938 0.17249627 0.1200888  0.01809676
 0.81875363 0.08151459 0.00421554 0.00238884 0.08151459 0.25747545
 0.14969106 0.79482654 0.32916807 0.3490397  0.12937218 0.18488568
 0.27423335 0.55967522 0.19796045 0.25747545 0.50859953 0.11135888
 0.48382277 0.41323244 0.06932183 0.22624166 0.53390728 0.18488568
 0.43609338 0.50859953 0.1200888  0.00377043 0.74453538 0.01346465
 0.91946676 0.03809482 0.08825991 0.71851426 0.0539576  0.04542867
 0.66552932 0.14969106 0.41323244 0.03181713 0.69212796 0.39108739
 0.81875363 0.24148215]",0.0072530174147228225,0.304359137337042,0.025213626242977773,0.25857482002663706
df2,0.2,0.2,0.0,"[1.04585220e-06 2.22014992e-05 3.03909276e-11 5.24820678e-07
 5.46398884e-06 1.78141737e-09 2.05084189e-06 7.79334122e-10
 3.27832948e-04 3.95729931e-06 1.03408932e-03 2.99835482e-05
 1.40396435e-05 3.69535722e-07 4.99357648e-08 4.40608072e-07
 1.16899447e-03 1.03408932e-03 7.28113471e-09 1.10287908e-04
 2.16691945e-07 1.10287908e-04 2.83236331e-08 2.71047184e-10
 5.46398884e-06 2.42077577e-06 7.20954134e-05 2.33983459e-08
 8.86732425e-09 1.42091476e-10 9.13835051e-04 2.19534247e-04
 8.72433497e-08 4.03308445e-05 4.67045972e-05 9.58129418e-05
 9.13835051e-04 7.51402754e-06 3.95729931e-06 8.31541824e-05
 1.63732496e-05 7.11507895e-04 2.99835482e-05 2.19534247e-04
 5.51757155e-04 4.85152370e-04 6.32216726e-10 4.40608072e-07
 7.51402754e-06 4.89436847e-09]","[6.26876255e-04 2.64676308e-02 2.68158880e-03 5.39576008e-02
 5.33907283e-01 1.64147482e-02 1.84885683e-01 6.26876255e-04
 6.12251659e-01 9.54673207e-02 4.13232440e-01 2.26241661e-01
 2.26241661e-01 8.15145929e-02 1.20088801e-01 2.38884447e-03
 6.92127962e-01 6.38860419e-01 8.06755085e-04 3.29168072e-01
 1.99311438e-02 3.18171260e-02 1.60771824e-01 3.91087390e-01
 1.72496272e-01 3.36894521e-03 1.20088801e-01 8.82599083e-02
 1.80967606e-02 1.99311438e-02 3.36894521e-03 6.93218252e-02
 4.59637254e-01 7.44535382e-01 7.18514257e-01 7.18514257e-01
 3.49039701e-01 2.41040115e-02 5.59675216e-01 6.38312357e-02
 4.59637254e-01 6.65529322e-01 1.64147482e-02 6.93218252e-02
 4.36093382e-01 7.44535382e-01 9.92823487e-03 1.11358879e-01
 1.03159376e-01 7.94826541e-01]",0.00016586022602226253,0.24810309637089134,0.00031944496829731933,0.26280485177771445
df2,0.25,0.25,0.0,"[3.95729931e-06 6.24499263e-07 1.63732496e-05 2.71047184e-10
 2.42077577e-06 7.42361542e-07 1.31118659e-08 1.23948622e-06
 2.71047184e-10 1.42091476e-10 7.28113471e-09 4.13773042e-08
 2.18488808e-09 4.90739183e-12 2.33983459e-08 7.42361542e-07
 1.72684385e-13 5.92172623e-11 4.14795066e-10 4.13773042e-08
 7.51402754e-06 5.24820678e-07 1.40396435e-05 5.97265054e-09
 2.59150246e-07 7.25098046e-08 7.38137688e-11 3.03909276e-11
 3.03909276e-11 4.40608072e-07 1.51046944e-07 8.86732425e-09
 5.40313022e-05 1.25918603e-07 1.90755446e-05 1.73569175e-06
 3.42511079e-08 2.42077577e-06 8.81579698e-07 4.00670801e-09
 4.03308445e-05 3.79972059e-11 7.42361542e-07 4.99357648e-08
 7.25098046e-08 4.13773042e-08 7.42666811e-13 1.59199965e-08
 3.35473948e-10 3.27672622e-09]","[5.08599525e-01 5.59675216e-01 1.99311438e-02 6.38860419e-01
 6.38312357e-02 1.60771824e-01 5.87165796e-02 4.36093382e-01
 1.16899447e-03 2.26241661e-01 1.21765095e-02 2.57475452e-01
 2.26241661e-01 1.72496272e-01 1.39231997e-01 4.59637254e-01
 1.34646549e-02 8.06268875e-03 3.48322136e-02 2.74233349e-01
 1.03159376e-01 1.11358879e-01 8.41636027e-01 9.92823487e-03
 2.12592488e-03 2.64676308e-02 1.49691056e-01 1.72496272e-01
 3.80948244e-02 8.06755085e-04 3.10075730e-01 2.11739817e-01
 3.10075730e-01 1.80967606e-02 3.10075730e-01 4.21554189e-03
 2.64676308e-02 8.15145929e-02 1.29372179e-01 3.48322136e-02
 2.11739817e-01 9.54673207e-02 8.95145539e-03 1.84885683e-01
 8.15145929e-02 5.08599525e-01 1.84885683e-01 2.26241661e-01
 3.69683622e-01 7.52091658e-02]",3.3762475820289795e-06,0.18222302926037334,9.896346815209424e-06,0.18844446197709822
df2,0.30000000000000004,0.30000000000000004,0.0,"[1.93824891e-11 1.51920849e-12 1.80794013e-14 1.42091476e-10
 7.38137688e-11 1.51920849e-12 7.38137688e-11 3.87118023e-14
 1.39985076e-14 8.86732425e-09 6.18553174e-12 1.92461767e-12
 1.14339735e-10 3.83661921e-15 1.92461767e-12 1.80794013e-14
 9.19151252e-11 3.07948375e-12 2.43574207e-12 1.07881685e-08
 9.19151252e-11 8.36667685e-15 1.93824891e-11 9.79737413e-12
 5.92172623e-11 7.79334122e-10 2.42826791e-11 9.43717929e-13
 3.89102510e-17 1.33749750e-15 8.81579698e-07 5.83855471e-13
 1.23116467e-11 4.05057199e-18 4.90739183e-12 6.18553174e-12
 1.23116467e-11 1.54554888e-11 6.32216726e-10 7.42666811e-13
 5.92172623e-11 3.03909276e-11 1.31118659e-08 1.14339735e-10
 1.45688880e-04 5.92172623e-11 2.95255083e-15 3.00652497e-14
 3.00652497e-14 4.90739183e-12]","[3.69683622e-01 2.90339156e-02 1.84885683e-01 1.49691056e-01
 1.49691056e-01 2.26241661e-01 9.13835051e-04 1.03159376e-01
 5.39576008e-02 3.80948244e-02 4.13232440e-01 1.03159376e-01
 5.39576008e-02 6.93218252e-02 5.85821277e-01 8.06755085e-04
 1.97960446e-01 7.18514257e-01 1.10005675e-02 1.10005675e-02
 1.64147482e-02 4.95346404e-02 1.10005675e-02 1.20088801e-01
 4.59637254e-01 2.64676308e-02 1.39231997e-01 2.38884447e-03
 4.16212987e-02 6.93218252e-02 1.60771824e-01 1.99311438e-02
 4.70847031e-03 8.82599083e-02 1.72496272e-01 2.90339156e-02
 2.19294824e-02 9.92823487e-03 1.48741570e-02 9.92823487e-03
 4.95346404e-02 4.13232440e-01 6.26876255e-04 5.87165796e-02
 5.85821277e-01 1.34646549e-02 3.18171260e-02 1.10005675e-02
 1.10005675e-02 3.77043497e-03]",2.9321139845018896e-06,0.12233364311661526,2.039419662619376e-05,0.17113947435989169
df2,0.35000000000000003,0.35000000000000003,0.0,"[9.79737413e-12 2.42826791e-11 9.53441021e-18 5.39368124e-18
 5.92172623e-11 1.45098666e-09 1.70510155e-18 6.18553174e-12
 1.79605588e-22 2.20772463e-13 4.98033280e-15 1.33749750e-15
 1.74328977e-15 9.53441021e-18 4.97944383e-14 4.97944383e-14
 2.22374207e-17 7.79334122e-10 1.67853513e-17 2.20772463e-13
 5.13913233e-17 2.47371214e-22 3.87118023e-14 3.88941584e-12
 5.92172623e-11 1.34933703e-13 2.67024896e-16 2.81965513e-13
 1.54798729e-16 3.03881495e-18 1.05328756e-13 3.59754634e-13
 7.11203305e-19 7.38137688e-11 5.74326505e-21 3.87118023e-14
 3.83661921e-15 2.27745029e-18 4.98033280e-15 6.83217462e-23
 4.74591296e-11 6.91059303e-24 3.00652497e-14 1.33749750e-15
 1.80794013e-14 8.21358136e-14 7.78867068e-12 2.20772463e-13
 3.87118023e-14 5.12353012e-10]","[4.95346404e-02 1.03408932e-03 2.90339156e-02 1.10287908e-04
 1.72496272e-01 5.87165796e-02 1.16899447e-03 1.49691056e-01
 3.48322136e-02 2.26241661e-01 1.03159376e-01 1.10005675e-02
 8.06268875e-03 1.60771824e-01 8.15145929e-02 4.67045972e-05
 1.64147482e-02 2.26241661e-01 1.91681353e-04 1.10287908e-04
 1.29372179e-01 2.19294824e-02 4.95346404e-02 4.16212987e-02
 3.91087390e-01 2.26241661e-01 2.74233349e-01 3.18171260e-02
 1.97960446e-01 5.87165796e-02 4.13232440e-01 5.39576008e-02
 8.95145539e-03 5.39576008e-02 3.00718998e-03 8.15145929e-02
 3.00718998e-03 1.34646549e-02 2.90339156e-02 4.95346404e-02
 1.11358879e-01 5.85633896e-03 5.87165796e-02 2.57475452e-01
 3.80948244e-02 1.48741570e-02 1.03159376e-01 5.39576008e-02
 2.41482152e-01 1.64147482e-02]",6.072467914499011e-11,0.08727878761383474,2.369122010190407e-10,0.10123082464824205
df2,0.4,0.4,0.0,"[2.66678482e-31 1.02511949e-15 1.06757971e-26 3.83661921e-15
 4.73751051e-25 2.26988766e-15 4.58740572e-16 2.93930826e-19
 7.51579753e-27 3.87118023e-14 1.65262693e-21 7.11203305e-19
 7.13959478e-29 4.97944383e-14 1.62253462e-19 3.50171296e-16
 9.31581113e-25 1.33749750e-15 1.08277464e-14 7.51579753e-27
 8.58131384e-26 1.67853513e-17 1.20730402e-21 2.27745029e-18
 5.39368124e-18 7.84899525e-16 6.42340318e-22 7.84899525e-16
 1.79605588e-22 2.27745029e-18 3.71348188e-27 2.93930826e-19
 4.88387176e-20 1.44619791e-20 1.20365650e-19 2.27745029e-18
 2.22374207e-17 4.58538879e-13 9.52846065e-19 1.70487812e-25
 2.03413945e-16 2.22374207e-17 1.33749750e-15 2.18494984e-19
 2.93930826e-19 4.05057199e-18 2.93930826e-19 2.18494984e-19
 2.95255083e-15 4.67812431e-22]","[4.70847031e-03 4.54286666e-02 3.47919250e-05 2.64676308e-02
 2.41040115e-02 3.77043497e-03 3.18171260e-02 4.70847031e-03
 1.80967606e-02 1.80967606e-02 4.21554189e-03 1.10005675e-02
 3.73964604e-04 1.20088801e-01 5.25376643e-03 9.92823487e-03
 3.36894521e-03 1.84885683e-01 1.34646549e-02 4.21554189e-03
 8.82599083e-02 2.38884447e-03 2.19294824e-02 9.92823487e-03
 4.16212987e-02 5.51757155e-04 2.64676308e-02 3.18171260e-02
 1.99311438e-02 4.16212987e-02 1.67865304e-03 2.26241661e-01
 4.54286666e-02 1.34646549e-02 1.67194217e-04 4.54286666e-02
 2.91764847e-01 1.49691056e-01 3.80948244e-02 2.58137431e-05
 3.27832948e-04 8.06268875e-03 6.52148041e-03 2.90339156e-02
 3.36894521e-03 2.91764847e-01 1.80967606e-02 6.26876255e-04
 3.80948244e-02 7.11507895e-04]",1.1465906540776178e-14,0.0405428253058516,6.446932747301928e-14,0.06903120634255219
df2,0.45,0.45,0.0,"[9.31581113e-25 1.70487812e-25 3.55797286e-24 2.57505865e-23
 9.31581113e-25 4.73751051e-25 6.60370667e-20 3.88941584e-12
 5.30299497e-19 2.14737506e-26 2.67024896e-16 4.88387176e-20
 3.40355762e-22 1.30270202e-22 2.47371214e-22 3.04081795e-26
 1.20730402e-21 1.27976799e-27 1.33672873e-23 6.91059303e-24
 2.54904105e-24 3.04081795e-26 9.61617488e-24 6.60370667e-20
 2.47371214e-22 2.25989398e-21 7.11203305e-19 2.37806656e-29
 3.56853685e-23 2.18494984e-19 2.57505865e-23 1.79605588e-22
 3.71348188e-27 9.31581113e-25 3.37322101e-25 3.71348188e-27
 4.96114708e-24 1.82433512e-24 6.83217462e-23 1.27976799e-27
 8.95402666e-28 7.82155399e-21 2.14251154e-35 3.37322101e-25
 3.43417798e-29 8.81076169e-22 6.64674147e-25 4.67812431e-22
 4.30155538e-26 1.30270202e-22]","[1.21765095e-02 1.89004559e-03 1.48741570e-02 1.10005675e-02
 3.48322136e-02 6.24445815e-05 7.52091658e-02 1.34646549e-02
 2.12592488e-03 1.20088801e-01 1.10287908e-04 1.60771824e-01
 7.25488863e-03 1.20265345e-05 1.21765095e-02 1.21765095e-02
 8.31541824e-05 1.67865304e-03 1.48940867e-03 1.16899447e-03
 3.80948244e-02 1.34646549e-02 1.11358879e-01 3.47919250e-05
 6.24445815e-05 8.06268875e-03 2.90339156e-02 1.16899447e-03
 5.87165796e-02 5.87165796e-02 1.20265345e-05 1.97960446e-01
 2.58137431e-05 1.39231997e-01 6.52148041e-03 2.19294824e-02
 1.63732496e-05 1.80967606e-02 1.20088801e-01 3.49039701e-01
 1.20265345e-05 4.54286666e-02 7.25488863e-03 3.36894521e-03
 2.68158880e-03 6.52148041e-03 7.25488863e-03 3.18171260e-02
 1.64147482e-02 1.89004559e-03]",7.779369037325713e-14,0.03553856760074695,5.445174510491601e-13,0.06419545787029868
df2,0.5,0.5,0.0,"[3.43417798e-29 6.63610190e-38 7.88918156e-34 5.41174667e-30
 8.95402666e-28 3.72814291e-30 4.95418960e-29 9.61617488e-24
 1.51487883e-26 1.13678721e-29 7.19492833e-35 4.94023307e-23
 1.67491922e-40 3.04782586e-28 1.47818613e-28 3.81363460e-33
 3.92888730e-32 2.66308246e-20 1.76381982e-30 5.13913233e-17
 5.28569498e-27 1.21132482e-30 1.85625733e-23 1.85625733e-23
 1.82724155e-27 2.54904105e-24 3.37322101e-25 1.85625733e-23
 1.73815304e-33 1.64503886e-29 1.82433512e-24 3.04081795e-26
 1.47818613e-28 2.14737506e-26 1.24351631e-31 3.04782586e-28
 1.07520219e-34 1.79605588e-22 3.04782586e-28 1.65262693e-21
 4.73751051e-25 1.21017203e-25 1.76381982e-30 3.71348188e-27
 2.54904105e-24 1.27976799e-27 9.31581113e-25 3.71348188e-27
 2.57596005e-33 1.24351631e-31]","[4.95346404e-02 6.24445815e-05 7.25488863e-03 7.52091658e-02
 1.89004559e-03 5.85633896e-03 7.11507895e-04 3.48322136e-02
 1.21765095e-02 1.29372179e-01 2.12592488e-03 2.64676308e-02
 6.41076366e-06 2.68158880e-03 6.52148041e-03 1.21765095e-02
 1.40396435e-05 1.64147482e-02 3.18171260e-02 1.64147482e-02
 5.85633896e-03 2.19534247e-04 1.26822204e-04 1.60771824e-01
 6.52148041e-03 1.21765095e-02 3.73964604e-04 2.19294824e-02
 1.39231997e-01 7.25488863e-03 1.21765095e-02 8.95145539e-03
 1.99311438e-02 9.92823487e-03 1.34646549e-02 1.20265345e-05
 4.26159664e-04 1.10005675e-02 1.64147482e-02 1.21765095e-02
 1.67194217e-04 8.82599083e-02 8.06755085e-04 2.19294824e-02
 4.16212987e-02 3.48322136e-02 4.54286666e-02 1.67865304e-03
 3.36894521e-03 6.93218252e-02]",1.0283981992130043e-18,0.023957998698540425,7.194704555951786e-18,0.03621923082880694
df2,0.55,0.55,0.0,"[3.43417798e-29 1.81313081e-32 1.44479841e-44 3.21175996e-35
 2.39365688e-34 5.00547265e-42 3.81363460e-33 8.02241615e-39
 3.56590826e-34 1.02784044e-28 8.47828272e-32 2.56565447e-30
 5.41174667e-30 1.24351631e-31 1.02784044e-28 2.14251154e-35
 4.80962056e-35 1.82433512e-24 3.49058990e-47 6.63610190e-38
 1.45226397e-39 8.33270257e-33 2.57505865e-23 1.82433512e-24
 2.17967002e-47 6.07873598e-26 4.95418960e-29 1.21132482e-30
 3.04782586e-28 4.80962056e-35 8.95402666e-28 1.06757971e-26
 1.07520219e-34 1.76381982e-30 1.70487812e-25 4.95418960e-29
 1.02784044e-28 2.66678482e-31 1.07520219e-34 5.69539852e-31
 8.33270257e-33 5.69539852e-31 8.47828272e-32 1.22324939e-36
 2.78636314e-36 1.82724155e-27 1.00942344e-37 1.53384053e-37
 3.98638164e-40 1.60509935e-34]","[5.51757155e-04 8.31541824e-05 2.12592488e-03 1.89004559e-03
 5.25376643e-03 5.39576008e-02 4.85152370e-04 3.18171260e-02
 1.60771824e-01 3.18171260e-02 1.48940867e-03 7.52091658e-02
 6.38312357e-02 1.48940867e-03 1.64147482e-02 6.26876255e-04
 7.25488863e-03 5.87165796e-02 1.64147482e-02 3.73964604e-04
 7.20954134e-05 5.85633896e-03 4.21554189e-03 6.38312357e-02
 1.73569175e-06 1.45688880e-04 1.45688880e-04 5.85633896e-03
 2.19294824e-02 2.16691945e-07 2.41040115e-02 4.95346404e-02
 4.85152370e-04 2.51182002e-04 4.70847031e-03 8.06755085e-04
 1.80967606e-02 1.97960446e-01 6.52148041e-03 1.34646549e-02
 2.41040115e-02 5.85633896e-03 1.45688880e-04 4.16212987e-02
 5.25376643e-03 7.52091658e-02 1.21765095e-02 1.26822204e-04
 1.21765095e-02 1.03408932e-03]",5.928937913784921e-25,0.022525332387000434,3.611663958006233e-24,0.038728243026350244
df2,0.6000000000000001,0.6000000000000001,0.0,"[1.08397407e-40 1.88177121e-41 2.32827146e-37 3.98638164e-40
 7.00791465e-41 1.41820348e-51 3.53047956e-37 3.53047956e-37
 7.84752977e-30 3.00027002e-49 9.14645852e-45 4.19874897e-36
 2.57596005e-33 7.79126605e-42 4.35811909e-38 6.14029324e-40
 1.39869353e-43 1.42774613e-35 3.21175996e-35 9.14645852e-45
 2.05945159e-42 6.32047121e-36 3.59372037e-44 4.73751051e-25
 7.79126605e-42 1.22979552e-32 5.00547265e-42 3.55862494e-54
 2.58531714e-40 1.47818613e-28 1.73815304e-33 3.56590826e-34
 8.66108972e-52 2.58531714e-40 3.98638164e-40 3.56590826e-34
 5.34786658e-37 4.52588482e-41 3.56590826e-34 2.05945159e-42
 3.89924968e-31 1.31892718e-42 3.42045584e-39 7.00791465e-41
 6.32047121e-36 2.67038982e-32 8.31031105e-31 3.89924968e-31
 1.87374272e-38 8.47828272e-32]","[3.95729931e-06 1.40396435e-05 4.21554189e-03 7.42361542e-07
 2.19294824e-02 4.95346404e-02 1.21765095e-02 1.26822204e-04
 2.19294824e-02 1.34646549e-02 2.87103585e-04 2.64676308e-02
 2.87103585e-04 8.06755085e-04 7.25098046e-08 1.26822204e-04
 9.58129418e-05 4.67045972e-05 2.22014992e-05 1.89004559e-03
 5.39576008e-02 4.85152370e-04 5.85633896e-03 1.91681353e-04
 1.10005675e-02 7.52091658e-02 6.02037032e-08 3.95729931e-06
 2.90339156e-02 1.67865304e-03 1.03159376e-01 4.85152370e-04
 9.54673207e-02 2.42077577e-06 5.85633896e-03 4.26159664e-04
 7.42361542e-07 1.64147482e-02 1.21765095e-02 2.83236331e-08
 3.27832948e-04 5.40313022e-05 9.13835051e-04 8.79830246e-06
 1.34646549e-02 4.21554189e-03 2.26241661e-01 1.84885683e-01
 1.10287908e-04 1.10005675e-02]",9.47816914883248e-27,0.02012109817018023,6.632470066125313e-26,0.04465230137518471
df2,0.65,0.65,0.0,"[2.14251154e-35 2.30592786e-45 5.66557381e-58 3.27921374e-48
 7.00791465e-41 3.44263650e-43 3.98638164e-40 3.21237555e-42
 1.31892718e-42 2.67335366e-50 1.31892718e-42 3.59372037e-44
 2.91986566e-41 1.08397407e-40 3.61877620e-46 1.22668930e-38
 3.98638164e-40 3.61877620e-46 1.35963995e-47 1.67491922e-40
 8.47223917e-48 1.35963995e-47 4.52588482e-41 5.39250695e-43
 3.81363460e-33 2.03688601e-48 8.92358057e-47 9.44810349e-40
 1.73815304e-33 2.27167277e-46 1.00833823e-55 2.31976235e-51
 1.87374272e-38 2.14572537e-54 5.89559709e-54 4.35811909e-38
 2.85911373e-38 8.92358057e-47 2.15460932e-56 1.21147719e-41
 5.24109088e-39 1.45365542e-45 2.27983976e-44 1.07520219e-34
 3.49058990e-47 4.07987974e-59 1.39869353e-43 2.05945159e-42
 1.21147719e-41 7.83398323e-49]","[8.79830246e-06 8.06755085e-04 1.64147482e-02 5.39576008e-02
 2.19294824e-02 9.13835051e-04 3.47919250e-05 2.12592488e-03
 1.10287908e-04 1.80967606e-02 7.11507895e-04 1.10005675e-02
 2.87103585e-04 8.06755085e-04 1.10287908e-04 1.99311438e-02
 2.38884447e-03 5.25376643e-03 8.06268875e-03 7.11507895e-04
 2.12592488e-03 5.40313022e-05 1.90755446e-05 3.48322136e-02
 5.85633896e-03 9.13835051e-04 2.87103585e-04 1.03408932e-03
 3.77043497e-03 4.67045972e-05 1.23948622e-06 2.19534247e-04
 2.58137431e-05 1.89004559e-03 4.21554189e-03 1.84885683e-01
 3.00718998e-03 1.21765095e-02 5.40313022e-05 6.24445815e-05
 3.18171260e-02 4.03308445e-05 1.21765095e-02 8.31541824e-05
 2.58137431e-05 4.03308445e-05 9.58129418e-05 1.46749215e-06
 1.45688880e-04 2.38884447e-03]",1.136168716189078e-34,0.009319120446564076,5.819203514623749e-34,0.027227704426520484
df2,0.7000000000000001,0.7000000000000001,0.0,"[4.39427779e-53 1.88177121e-41 3.53047956e-37 8.66108972e-52
 1.45365542e-45 4.39427779e-53 5.39250695e-43 1.39869353e-43
 5.27367686e-48 1.45365542e-45 4.39427779e-53 1.21147719e-41
 1.42453006e-46 6.18686551e-51 3.84964189e-62 1.26387580e-48
 5.58403660e-47 2.80617232e-55 8.02241615e-39 3.22000728e-52
 9.55803990e-58 2.66373322e-53 7.77624575e-55 5.66557381e-58
 9.14645852e-45 1.67491922e-40 4.39427779e-53 3.00027002e-49
 1.61075424e-57 5.27367686e-48 3.00027002e-49 1.61299095e-53
 1.61299095e-53 3.44263650e-43 2.03688601e-48 2.19550867e-43
 5.73182083e-61 1.61075424e-57 3.44263650e-43 8.92358057e-47
 2.27983976e-44 1.39869353e-43 4.34507678e-50 1.64306603e-50
 7.24139755e-53 3.55535840e-70 4.55991975e-57 1.85378592e-49
 3.27921374e-48 1.64306603e-50]","[2.68158880e-03 1.67865304e-03 2.12592488e-03 1.67865304e-03
 1.81007354e-07 8.31541824e-05 1.63732496e-05 3.95729931e-06
 4.03308445e-05 8.06755085e-04 6.24445815e-05 8.06755085e-04
 4.03308445e-05 7.25488863e-03 8.06755085e-04 8.31541824e-05
 6.93218252e-02 1.45688880e-04 2.64676308e-02 8.31541824e-05
 2.58137431e-05 5.25376643e-03 1.67194217e-04 3.77043497e-03
 2.99835482e-05 2.19534247e-04 1.90755446e-05 1.48741570e-02
 4.67045972e-05 2.38884447e-03 9.92823487e-03 1.10287908e-04
 2.22014992e-05 7.11507895e-04 3.00718998e-03 4.67045972e-05
 3.77043497e-03 2.51182002e-04 1.91681353e-04 8.31541824e-05
 1.16899447e-03 5.85633896e-03 1.80967606e-02 4.21554189e-03
 1.03408932e-03 7.51402754e-06 7.11507895e-04 4.70847031e-03
 4.16212987e-02 2.05084189e-06]",7.225411171434576e-39,0.004730577079248565,4.941597281738091e-38,0.011821524324538871
df2,0.75,0.75,0.0,"[1.96022961e-52 1.13754661e-61 1.13754661e-61 1.61299095e-53
 3.27921374e-48 8.30820763e-60 9.71516714e-74 1.26387580e-48
 8.30820763e-60 1.28537148e-56 5.66557381e-58 4.67383798e-55
 4.55991975e-57 8.30820763e-60 7.77624575e-55 5.28378753e-52
 9.55803990e-58 1.14419204e-49 1.84628285e-66 1.14419204e-49
 9.75688065e-54 3.56463042e-69 2.95679025e-74 8.47223917e-48
 7.65993218e-57 5.73182083e-61 2.15460932e-56 3.22000728e-52
 9.44810349e-40 2.15460932e-56 4.85066545e-49 5.66557381e-58
 3.40157297e-67 2.27167277e-46 8.30820763e-60 5.66557381e-58
 1.61075424e-57 7.51786428e-63 4.35229159e-63 1.17241363e-58
 1.19205281e-52 9.55803990e-58 8.66108972e-52 5.73182083e-61
 5.65883768e-44 2.15460932e-56 2.78496894e-64 1.00877229e-50
 2.71159835e-57 3.79042144e-51]","[3.77043497e-03 9.13835051e-04 3.18171260e-02 8.31541824e-05
 5.51757155e-04 1.11358879e-01 2.87103585e-04 5.25376643e-03
 1.67194217e-04 1.45688880e-04 2.64676308e-02 8.06268875e-03
 8.06755085e-04 2.64676308e-02 1.10005675e-02 8.82599083e-02
 1.03408932e-03 5.24820678e-07 1.04864874e-07 3.27832948e-04
 2.38884447e-03 5.24820678e-07 2.05084189e-06 1.32017364e-03
 4.65235514e-06 4.26159664e-04 7.25488863e-03 1.10005675e-02
 1.49691056e-01 6.26876255e-04 1.67194217e-04 1.16899447e-03
 6.93218252e-02 4.85152370e-04 2.38884447e-03 1.02917236e-05
 4.85152370e-04 7.11507895e-04 3.95729931e-06 4.26159664e-04
 5.51757155e-04 1.51046944e-07 1.21765095e-02 5.46398884e-06
 1.45688880e-04 2.99835482e-05 8.72433497e-08 4.85152370e-04
 1.04864874e-07 5.51757155e-04]",1.889734356964846e-41,0.011572164036786453,1.3227328675476506e-40,0.029560513291695876
df2,0.8,0.8,0.0,"[9.75688065e-54 3.51245105e-68 4.55991975e-57 2.51694654e-63
 2.14384629e-77 1.98426668e-58 1.45399317e-63 5.73909492e-73
 1.13754661e-61 9.92411958e-66 4.35229159e-63 3.35470507e-58
 2.40288390e-59 9.92411958e-66 9.75688065e-54 1.98571665e-68
 1.75814506e-73 4.39427779e-53 1.41368557e-59 3.23766600e-66
 3.84964189e-62 7.51786428e-63 9.92411958e-66 1.45399317e-63
 1.17241363e-58 2.67335366e-50 1.93137901e-67 2.86035082e-60
 3.40157297e-67 1.05170761e-66 1.67562367e-60 1.12821388e-69
 9.75688065e-54 1.03520885e-72 1.61075424e-57 4.39427779e-53
 7.12229959e-81 1.12138242e-68 1.19205281e-52 2.66373322e-53
 2.51694654e-63 2.71159835e-57 2.23586471e-62 3.23766600e-66
 1.32590390e-76 1.12138242e-68 1.11555042e-70 9.20417879e-65
 8.39040599e-64 1.03520885e-72]","[3.73964604e-04 7.51402754e-06 7.51402754e-06 3.73964604e-04
 9.13835051e-04 1.48741570e-02 5.40313022e-05 1.26822204e-04
 7.51402754e-06 2.68158880e-03 8.79830246e-06 3.77043497e-03
 7.11507895e-04 5.51757155e-04 2.64676308e-02 6.24445815e-05
 6.52148041e-03 6.26876255e-04 7.11507895e-04 3.69535722e-07
 9.58129418e-05 1.04864874e-07 6.52148041e-03 1.16899447e-03
 8.06755085e-04 1.10005675e-02 1.26822204e-04 7.11507895e-04
 5.51757155e-04 1.51046944e-07 2.87103585e-04 1.73569175e-06
 1.90755446e-05 2.12592488e-03 2.99835482e-05 3.27832948e-04
 4.03308445e-05 2.87103585e-04 1.63732496e-05 1.31118659e-08
 4.40608072e-07 4.26159664e-04 1.90755446e-05 8.06755085e-04
 8.31541824e-05 9.58129418e-05 1.76400398e-10 3.00718998e-03
 5.97265054e-09 5.25376643e-03]",5.399308995929506e-52,0.0018533100914670479,3.7419908521715624e-51,0.004528813357080219
df2,0.8500000000000001,0.8500000000000001,0.0,"[1.86526077e-72 8.83329437e-83 1.96475612e-84 7.51786428e-63
 1.45399317e-63 2.78496894e-64 9.92411958e-66 3.35720833e-72
 1.84628285e-66 1.62852672e-74 3.43236847e-78 1.11555042e-70
 1.03520885e-72 1.03520885e-72 6.20630182e-68 1.93137901e-67
 4.83655003e-64 8.39040599e-64 9.71516714e-74 3.48503975e-71
 6.33684532e-70 1.75814506e-73 3.11335148e-82 6.32786916e-89
 1.95228637e-61 1.99260921e-70 1.08402131e-71 5.44137500e-79
 1.45399317e-63 1.13754661e-61 5.67148232e-66 2.51694654e-63
 1.21792979e-88 2.70316908e-75 6.23856139e-71 9.92411958e-66
 7.99410344e-86 1.75814506e-73 8.95973634e-75 2.20389449e-86
 3.81678704e-81 9.55803990e-58 1.65295008e-87 1.94472818e-71
 3.02883737e-65 1.16538558e-77 3.93950762e-77 2.42847792e-76
 2.40288390e-59 8.54149129e-80]","[8.79830246e-06 1.20265345e-05 4.03308445e-05 5.40313022e-05
 1.26822204e-04 2.22014992e-05 2.16691945e-07 9.58129418e-05
 1.93100400e-08 2.33983459e-08 8.06268875e-03 1.67194217e-04
 7.79334122e-10 2.51182002e-04 1.20265345e-05 2.85456402e-06
 2.51182002e-04 1.67194217e-04 7.51402754e-06 4.13773042e-08
 2.51182002e-04 2.22014992e-05 3.47919250e-05 2.68158880e-03
 3.95729931e-06 1.90755446e-05 1.23948622e-06 4.67045972e-05
 4.54286666e-02 3.27832948e-04 1.89004559e-03 1.91681353e-04
 1.90755446e-05 2.68158880e-03 7.52091658e-02 1.90755446e-05
 2.38884447e-03 7.51402754e-06 3.47919250e-05 9.13835051e-04
 1.07881685e-08 6.52148041e-03 4.21554189e-03 1.48741570e-02
 2.12592488e-03 4.03308445e-05 1.45688880e-04 1.10287908e-04
 9.58129418e-05 6.24499263e-07]",1.9603128290847295e-59,0.0033916976074929712,1.3378524375013226e-58,0.012264612238833263
df2,0.9,0.9,0.0,"[4.69733763e-083 7.12229959e-081 1.16538558e-077 3.71514939e-084
 1.58514471e-079 8.11994820e-076 1.94472818e-071 1.11555042e-070
 1.65926127e-082 4.44304977e-076 5.83529742e-082 1.65295008e-087
 1.93137901e-067 2.34155676e-088 3.71514939e-084 1.05170761e-066
 2.95679025e-074 1.70247332e-089 1.99260921e-070 2.95679025e-074
 1.58514471e-079 1.96475612e-084 7.12229959e-081 3.89617725e-108
 3.40157297e-067 7.23127196e-077 3.93950762e-077 1.09249502e-081
 3.43236847e-078 4.92403790e-075 8.54149129e-080 3.16384036e-087
 3.56463042e-069 1.65926127e-082 6.04906014e-087 1.45399317e-063
 4.59749627e-080 5.73909492e-073 1.65926127e-082 1.03520885e-072
 2.35609537e-090 1.03791356e-084 1.84628285e-066 1.32759256e-080
 4.56007306e-090 1.21599162e-090 6.32585939e-069 4.44304977e-076
 5.44137500e-079 2.47190518e-080]","[6.41076366e-06 2.19534247e-04 2.51182002e-04 1.67865304e-03
 7.51402754e-06 4.65235514e-06 2.51182002e-04 8.79830246e-06
 1.81007354e-07 2.42077577e-06 3.73964604e-04 4.85152370e-04
 1.20265345e-05 4.67045972e-05 2.20772463e-13 2.22014992e-05
 1.91681353e-04 8.06755085e-04 2.90339156e-02 1.67865304e-03
 4.65235514e-06 2.85456402e-06 7.51402754e-06 1.63732496e-05
 1.67194217e-04 3.73964604e-04 4.89436847e-09 1.45688880e-04
 2.51182002e-04 1.81007354e-07 1.04864874e-07 8.06755085e-04
 1.04864874e-07 1.81007354e-07 5.40313022e-05 8.72433497e-08
 3.42511079e-08 6.32216726e-10 1.40396435e-05 6.24445815e-05
 9.58129418e-05 4.85152370e-04 2.68158880e-03 1.67865304e-03
 3.69535722e-07 1.04864874e-07 3.69535722e-07 2.22014992e-05
 4.03308445e-05 1.02917236e-05]",2.9148693557151002e-65,0.0008400770321854123,2.0354942833937903e-64,0.004063800368318556
df2,0.9500000000000001,0.9500000000000001,0.0,"[1.65295008e-87 6.78202527e-96 1.70247332e-89 8.83329437e-83
 3.11335148e-82 3.71514939e-84 8.83329437e-83 7.12229959e-81
 1.65295008e-87 6.32786916e-89 8.83329437e-83 1.10963247e-97
 4.59749627e-80 1.48234930e-75 1.15526050e-86 6.26880529e-91
 8.53187607e-92 1.70247332e-89 8.81591837e-90 4.59749627e-80
 2.93851005e-79 4.19972342e-86 3.71514939e-84 1.65295008e-87
 1.65295008e-87 1.53350669e-93 4.49681448e-88 1.86526077e-72
 1.48234930e-75 2.24489973e-92 4.56007306e-90 4.49681448e-88
 6.04906014e-87 1.65926127e-82 2.88686263e-85 2.42847792e-76
 3.28405359e-89 8.54149129e-80 2.04313811e-81 5.73909492e-73
 5.47688639e-85 1.00649935e-78 6.99261346e-99 1.32395344e-83
 3.16384036e-87 6.32786916e-89 4.39057786e-97 1.53350669e-93
 1.65295008e-87 4.69733763e-83]","[7.25098046e-08 1.51046944e-07 1.02917236e-05 3.42511079e-08
 1.48940867e-03 2.33983459e-08 6.24499263e-07 4.85152370e-04
 2.51182002e-04 1.02917236e-05 1.10287908e-04 2.99835482e-05
 8.72433497e-08 4.89436847e-09 3.73964604e-04 2.59150246e-07
 4.13773042e-08 6.24499263e-07 4.67045972e-05 2.83236331e-08
 9.13835051e-04 1.73569175e-06 2.22014992e-05 2.71047184e-10
 3.09615598e-07 3.47919250e-05 2.19534247e-04 1.90755446e-05
 2.58137431e-05 3.47919250e-05 3.73964604e-04 1.23948622e-06
 2.22014992e-05 4.13773042e-08 1.90755446e-05 2.42077577e-06
 9.58129418e-05 1.45688880e-04 3.36269816e-06 1.07881685e-08
 1.23948622e-06 1.67194217e-04 1.59199965e-08 4.85152370e-04
 1.04585220e-06 2.58137431e-05 2.51182002e-04 8.79830246e-06
 2.99835482e-05 2.05084189e-06]",4.8847585926749466e-74,0.00011435205455844434,2.7163467989496555e-73,0.00026094926269280133
df2,1.0,1.0,0.0,"[2.20848376e-097 1.03791356e-084 3.43531867e-107 2.88686263e-085
 2.59001339e-105 4.56007306e-090 9.07714507e-109 2.63087943e-101
 1.08427351e-104 1.39799851e-098 1.10963247e-097 1.58514471e-079
 3.18287512e-102 1.65295008e-087 1.14959907e-092 4.39057786e-097
 6.32786916e-089 3.42673436e-096 1.57064610e-102 6.99261346e-099
 4.39057786e-097 2.35609537e-090 1.21792979e-088 2.02515198e-094
 1.65295008e-087 2.24489973e-092 9.20882547e-104 1.62522975e-116
 1.14959907e-092 6.44273589e-102 1.09249502e-081 2.35609537e-090
 2.33113443e-110 1.32395344e-083 6.26880529e-091 3.43236847e-078
 2.49517973e-083 2.34155676e-088 3.16384036e-087 9.71516714e-074
 4.37383916e-109 1.70247332e-089 2.88686263e-085 2.04313811e-081
 1.03791356e-084 4.32796803e-100 1.70247332e-089 1.06947759e-100
 5.47688639e-085 5.88045765e-093]","[2.19294824e-02 7.42361542e-07 2.18488808e-09 6.24499263e-07
 4.99357648e-08 3.36269816e-06 4.40608072e-07 2.22014992e-05
 4.14795066e-10 2.58137431e-05 3.73964604e-04 2.42077577e-06
 5.24820678e-07 1.46749215e-06 7.25098046e-08 2.22014992e-05
 5.40313022e-05 2.22014992e-05 9.58129418e-05 8.79830246e-06
 4.26159664e-04 1.02917236e-05 2.12592488e-03 2.58137431e-05
 5.46398884e-06 1.02917236e-05 2.59150246e-07 1.45688880e-04
 7.79334122e-10 4.21554189e-03 1.91681353e-04 1.67865304e-03
 2.05084189e-06 1.90755446e-05 8.81579698e-07 4.13773042e-08
 6.02037032e-08 1.73569175e-06 3.47919250e-05 6.24445815e-05
 4.40608072e-07 2.42077577e-06 2.18488808e-09 1.20265345e-05
 3.27672622e-09 5.25376643e-03 7.20954134e-05 9.19151252e-11
 1.40396435e-05 1.26822204e-04]",1.9431053089604367e-75,0.0007400537154621403,1.3601223734070484e-74,0.0031832382869284594
df3,0.0,-1.0,0.0,"[4.37383916e-109 6.68471205e-114 2.20848376e-097 4.56007306e-090
 1.87460385e-103 5.81830416e-112 5.30232749e-105 5.30739252e-101
 4.51863753e-104 2.99814789e-106 4.37383916e-109 4.39057786e-097
 3.54443794e-122 7.91123773e-120 2.59001339e-105 2.55501261e-111
 5.30232749e-105 8.05827457e-108 5.30232749e-105 2.55501261e-111
 8.71890126e-097 6.99261346e-099 1.31890515e-112 7.84645245e-121
 1.88166010e-108 5.04562598e-129 2.79180826e-098 9.20882547e-104
 1.70515873e-119 5.30232749e-105 5.30232749e-105 9.11197923e-131
 3.67099579e-119 3.22816176e-091 6.84127225e-125 1.45786612e-106
 3.46283303e-116 2.55501261e-111 7.74187875e-103 1.21599162e-090
 7.61901024e-117 1.88166010e-108 3.56765397e-117 1.06947759e-100
 1.87460385e-103 8.05827457e-108 1.67153521e-121 1.30265891e-101
 2.99814789e-106 2.15264578e-100]","[5.39250695e-43 1.24351631e-31 6.07873598e-26 3.92888730e-32
 1.27976799e-27 5.30672790e-34 1.07520219e-34 8.47828272e-32
 3.81363460e-33 8.31031105e-31 1.53384053e-37 1.84715262e-36
 1.31892718e-42 4.52588482e-41 3.04782586e-28 2.66678482e-31
 8.31031105e-31 4.35811909e-38 5.64011511e-33 3.53047956e-37
 7.84752977e-30 2.66678482e-31 5.64011511e-33 1.00942344e-37
 3.59372037e-44 2.32827146e-37 3.71348188e-27 1.24351631e-31
 1.22324939e-36 7.88918156e-34 7.88918156e-34 2.85911373e-38
 2.14251154e-35 1.76381982e-30 1.87374272e-38 3.53047956e-37
 1.07520219e-34 8.31031105e-31 3.71348188e-27 3.55797286e-24
 1.31892718e-42 3.43417798e-29 3.98638164e-40 4.95418960e-29
 1.07520219e-34 5.77449424e-32 1.67491922e-40 9.31581113e-25
 2.78636314e-36 2.14251154e-35]",1.219776484630062e-91,9.11889963695069e-26,6.577717669614664e-91,5.121516771290225e-25
df3,0.05,-1.0,0.05,"[1.30265891e-101 2.03839988e-130 9.07714507e-109 2.10514288e-109
 1.45786612e-106 2.97606811e-113 7.70163359e-122 1.97454306e-136
 7.61901024e-117 3.18287512e-102 1.66475925e-107 1.69706671e-120
 4.37383916e-109 1.67153521e-121 1.11687624e-110 2.77174564e-112
 5.30232749e-105 2.21472141e-104 2.99814789e-106 3.16268593e-114
 4.32796803e-100 7.70163359e-122 2.77174564e-112 1.31890515e-112
 1.88166010e-108 1.62522975e-116 1.26370308e-105 1.39799851e-098
 3.16268593e-114 8.05827457e-108 2.71351259e-127 2.99814789e-106
 5.81830416e-112 2.79180826e-098 6.15879083e-106 1.31890515e-112
 7.05518906e-115 7.70163359e-122 2.99814789e-106 8.05827457e-108
 6.15879083e-106 7.19151616e-124 2.77174564e-112 1.31890515e-112
 1.70515873e-119 7.74187875e-103 2.21472141e-104 3.43101012e-123
 8.69173129e-100 1.31890515e-112]","[5.64011511e-33 6.14029324e-40 4.19874897e-36 1.22668930e-38
 2.27983976e-44 1.87374272e-38 1.31892718e-42 1.41820348e-51
 8.02241615e-39 3.71348188e-27 5.34786658e-37 2.19550867e-43
 1.24351631e-31 2.91986566e-41 4.80962056e-35 4.19874897e-36
 1.24351631e-31 2.12365474e-28 2.32827146e-37 4.80962056e-35
 1.22979552e-32 5.28378753e-52 1.42774613e-35 5.64011511e-33
 8.43789069e-43 1.67491922e-40 2.66678482e-31 3.72814291e-30
 2.58531714e-40 1.60509935e-34 9.14645852e-45 1.21132482e-30
 1.88177121e-41 7.19492833e-35 3.56590826e-34 8.09234334e-37
 8.31031105e-31 2.27167277e-46 8.02241615e-39 1.00942344e-37
 5.00547265e-42 4.52588482e-41 5.00547265e-42 6.14029324e-40
 8.02241615e-39 1.60509935e-34 1.47818613e-28 2.27167277e-46
 2.66678482e-31 7.19492833e-35]",8.643414886892348e-100,8.160486094491575e-29,4.332315693386854e-99,5.200758728182166e-28
df3,0.1,-1.0,0.1,"[5.99978104e-127 4.06843613e-131 1.72947631e-096 4.32796803e-100
 9.07714507e-109 6.15879083e-106 3.62364483e-121 1.49462228e-114
 5.81830416e-112 1.81440195e-131 5.81830416e-112 6.84127225e-125
 2.10514288e-109 4.85997494e-110 1.32505188e-126 2.77174564e-112
 7.19151616e-124 1.41127475e-113 2.75002067e-146 7.79563234e-118
 1.56663455e-115 9.07714507e-109 7.05518906e-115 1.11687624e-110
 6.44036529e-126 1.66865694e-117 4.37383916e-109 2.33113443e-110
 5.34499160e-111 1.12215372e-128 3.16268593e-114 5.81830416e-112
 1.66865694e-117 5.81830416e-112 3.28672716e-124 2.10514288e-109
 4.37383916e-109 1.41739559e-125 7.08090934e-107 2.15264578e-100
 2.99814789e-106 1.49462228e-114 8.65193381e-137 7.36968843e-116
 3.56765397e-117 1.32505188e-126 2.59001339e-105 7.91123773e-120
 2.33113443e-110 8.65193381e-137]","[2.27983976e-44 7.79126605e-42 1.64503886e-29 1.73815304e-33
 1.67491922e-40 2.22993385e-39 1.14419204e-49 1.22668930e-38
 1.35963995e-47 7.83398323e-49 6.63610190e-38 1.39869353e-43
 2.91986566e-41 8.47828272e-32 7.83398323e-49 1.67491922e-40
 9.14645852e-45 2.91986566e-41 1.41368557e-59 3.61877620e-46
 4.35811909e-38 2.05945159e-42 3.49058990e-47 1.53384053e-37
 9.15418035e-46 1.45226397e-39 5.65883768e-44 5.65883768e-44
 3.59372037e-44 2.30592786e-45 2.14251154e-35 2.19550867e-43
 3.44263650e-43 2.27983976e-44 3.21237555e-42 1.44479841e-44
 2.85911373e-38 3.61877620e-46 2.19550867e-43 6.32047121e-36
 1.42774613e-35 1.21147719e-41 8.90129708e-44 8.47223917e-48
 2.27983976e-44 2.27983976e-44 2.27167277e-46 3.53047956e-37
 2.05945159e-42 1.00877229e-50]",3.460248755205769e-98,3.307390446712171e-31,2.4212484145177637e-97,2.3028376383713718e-30
df3,0.15000000000000002,-1.0,0.15000000000000002,"[1.57171273e-123 3.67099579e-119 7.89408622e-119 8.05827457e-108
 1.32505188e-126 3.67099579e-119 1.69558264e-118 1.20103174e-134
 3.46283303e-116 1.67153521e-121 1.81440195e-131 1.67153521e-121
 2.49277144e-128 1.67153521e-121 4.55467848e-130 2.72168499e-134
 1.56663455e-115 1.67153521e-121 1.70515873e-119 7.34927700e-142
 7.05518906e-115 1.22580667e-127 1.67153521e-121 6.15879083e-106
 1.21995247e-111 9.11197923e-131 7.74187875e-103 9.11197923e-131
 3.63777125e-118 3.63777125e-118 1.69558264e-118 1.97454306e-136
 1.62932937e-122 1.65526914e-137 7.05518906e-115 2.03839988e-130
 7.19151616e-124 3.32649959e-115 5.34499160e-111 2.11520456e-140
 1.70515873e-119 3.89617725e-108 1.97454306e-136 5.97340427e-139
 1.37294733e-138 1.69558264e-118 5.99978104e-127 7.91123773e-120
 5.99978104e-127 9.11197923e-131]","[3.00027002e-49 4.85066545e-49 8.90129708e-44 2.27167277e-46
 2.19550867e-43 8.47223917e-48 3.22000728e-52 5.28378753e-52
 2.91986566e-41 5.78417409e-45 5.27367686e-48 1.19205281e-52
 5.89559709e-54 2.30592786e-45 1.98426668e-58 2.14572537e-54
 3.42045584e-39 2.17967002e-47 3.44263650e-43 7.65993218e-57
 3.21237555e-42 3.55862494e-54 2.03688601e-48 5.00547265e-42
 1.00877229e-50 5.28378753e-52 1.00942344e-37 2.17967002e-47
 2.30592786e-45 5.39250695e-43 1.44479841e-44 3.84964189e-62
 5.00547265e-42 1.39869353e-43 5.27367686e-48 1.08397407e-40
 8.90129708e-44 3.27921374e-48 9.44810349e-40 4.07987974e-59
 1.00942344e-37 7.00791465e-41 1.00877229e-50 8.30820763e-60
 2.23586471e-62 2.03688601e-48 3.79042144e-51 1.26387580e-48
 3.27921374e-48 2.67335366e-50]",1.5496314298557192e-104,4.129445973952408e-39,1.0838454290843396e-103,1.976800807100498e-38
df3,0.2,-1.0,0.2,"[2.92297102e-126 1.20103174e-134 1.41739559e-125 1.52170582e-145
 3.11577768e-125 2.77174564e-112 7.19151616e-124 7.79563234e-118
 1.96307101e-144 3.67099579e-119 1.12671987e-139 8.08221677e-132
 7.19151616e-124 3.28672716e-124 7.36968843e-116 2.92297102e-126
 8.38015691e-145 1.96307101e-144 8.08221677e-132 2.03839988e-130
 1.32505188e-126 5.99978104e-127 1.88166010e-108 3.16268593e-114
 7.19151616e-124 3.66625391e-120 2.26605441e-129 4.55467848e-130
 1.56663455e-115 1.69706671e-120 5.97340427e-139 1.70527622e-141
 1.49462228e-114 1.01652477e-129 1.01652477e-129 1.70527622e-141
 8.38015691e-145 1.81440195e-131 9.11197923e-131 2.72168499e-134
 2.72168499e-134 1.37294733e-138 6.16042076e-134 3.78658116e-137
 1.36018053e-142 5.29370851e-135 2.26605441e-129 3.46283303e-116
 1.22580667e-127 1.32505188e-126]","[1.29241929e-54 3.55862494e-54 4.39427779e-53 1.61299095e-53
 1.17241363e-58 1.45365542e-45 1.85378592e-49 2.03688601e-48
 1.93137901e-67 1.19205281e-52 1.61075424e-57 1.68303018e-55
 2.66373322e-53 2.17967002e-47 1.19205281e-52 3.27921374e-48
 1.86526077e-72 1.41368557e-59 5.28378753e-52 1.29241929e-54
 2.31976235e-51 1.61299095e-53 1.35963995e-47 3.27921374e-48
 5.27367686e-48 1.64306603e-50 8.47223917e-48 1.96022961e-52
 1.31892718e-42 1.45365542e-45 6.03472099e-56 4.07987974e-59
 1.19205281e-52 1.61075424e-57 2.40288390e-59 1.17241363e-58
 5.66557381e-58 1.19205281e-52 5.28378753e-52 7.77624575e-55
 2.80617232e-55 4.83655003e-64 5.28378753e-52 1.28537148e-56
 3.23766600e-66 5.66557381e-58 1.67491922e-40 2.86035082e-60
 1.41820348e-51 9.75688065e-54]",3.7638843998952846e-110,3.376276283170612e-42,2.634316111789655e-109,2.3445818961838735e-41
df3,0.25,-1.0,0.25,"[5.97340427e-139 1.57721865e-148 4.93392456e-150 2.33052754e-135
 1.65526914e-137 1.96307101e-144 4.50098708e-136 7.22731515e-138
 1.59807269e-132 5.53102464e-128 3.78658116e-137 1.02479477e-135
 2.59582860e-139 3.32649959e-115 6.47280639e-146 1.81440195e-131
 5.53102464e-128 3.59598810e-132 4.50098708e-136 3.14502261e-133
 1.09619158e-152 8.85357293e-148 1.57721865e-148 1.65526914e-137
 3.15189803e-138 8.65193381e-137 2.33052754e-135 2.49277144e-128
 1.32505188e-126 1.97454306e-136 1.01652477e-129 1.50038437e-124
 2.29586024e-155 1.65526914e-137 3.14502261e-133 2.75002067e-146
 1.20103174e-134 1.51408902e-151 7.19151616e-124 1.81440195e-131
 1.12671987e-139 7.84645245e-121 1.12671987e-139 7.34927700e-142
 1.39274712e-133 1.02479477e-135 2.71351259e-127 8.08221677e-132
 1.81440195e-131 2.92297102e-126]","[5.28280757e-65 2.00649704e-69 1.05170761e-66 2.78496894e-64
 1.29719007e-62 2.78496894e-64 1.98426668e-58 7.65993218e-57
 3.35470507e-58 3.40157297e-67 1.41820348e-51 1.60190536e-64
 1.67562367e-60 4.39427779e-53 3.55535840e-70 2.71159835e-57
 8.66108972e-52 5.28378753e-52 1.29241929e-54 3.84964189e-62
 1.12138242e-68 6.33684532e-70 3.17823276e-73 7.51786428e-63
 2.00649704e-69 5.67148232e-66 1.68303018e-55 4.55991975e-57
 6.91984994e-59 3.60781842e-56 1.17241363e-58 7.24139755e-53
 6.20630182e-68 1.61075424e-57 3.35470507e-58 1.09543157e-67
 8.30820763e-60 7.51786428e-63 6.91984994e-59 4.87748802e-60
 2.51694654e-63 5.66557381e-58 3.34696584e-61 1.09543157e-67
 7.51786428e-63 6.32585939e-69 7.65993218e-57 4.35229159e-63
 9.92411958e-66 7.05469515e-50]",6.653014881055462e-117,1.4695504441674404e-51,4.6570991950504745e-116,9.87111062853112e-51
df3,0.30000000000000004,-1.0,0.30000000000000004,"[1.57721865e-148 4.50098708e-136 1.70527622e-141 1.34579277e-154
 7.48112939e-123 1.41739559e-125 7.85078471e-154 4.93392456e-150
 5.97340427e-139 1.60309113e-156 1.37294733e-138 2.59582860e-139
 1.57721865e-148 3.54443794e-122 1.01652477e-129 1.65526914e-137
 7.22731515e-138 9.14846799e-141 1.22580667e-127 1.89275526e-153
 1.12215372e-128 3.59598810e-132 8.85357293e-148 6.16042076e-134
 1.16697210e-146 3.16357866e-142 9.14846799e-141 7.84645245e-121
 3.62364483e-121 1.97454306e-136 1.60309113e-156 1.97454306e-136
 1.12671987e-139 6.26869005e-113 7.22731515e-138 1.50038437e-124
 2.72168499e-134 3.14502261e-133 7.09357420e-133 1.59807269e-132
 1.89275526e-153 2.59582860e-139 1.12671987e-139 2.79630084e-149
 1.38326502e-161 1.17530003e-149 3.57314355e-145 7.09357420e-133
 4.59306180e-144 4.88474039e-140]","[7.23127196e-77 2.40288390e-59 1.12138242e-68 3.51245105e-68
 2.51694654e-63 1.28537148e-56 7.51786428e-63 1.98571665e-68
 8.30820763e-60 6.32585939e-69 7.51786428e-63 1.86526077e-72
 1.09543157e-67 7.77624575e-55 1.41368557e-59 8.30820763e-60
 1.13754661e-61 5.67148232e-66 1.98426668e-58 1.03520885e-72
 1.41368557e-59 4.35229159e-63 6.91984994e-59 9.80545229e-61
 1.86526077e-72 6.33684532e-70 2.51694654e-63 3.84964189e-62
 1.93137901e-67 6.32804820e-78 1.00649935e-78 2.14572537e-54
 9.92411958e-66 2.30592786e-45 9.55803990e-58 1.95228637e-61
 2.78496894e-64 1.13754661e-61 8.39040599e-64 5.67148232e-66
 1.62852672e-74 1.09543157e-67 8.11994820e-76 3.35720833e-72
 1.32759256e-80 5.28280757e-65 1.45399317e-63 3.84964189e-62
 1.84628285e-66 4.87748802e-60]",1.2537380342053296e-114,4.61185572133805e-47,8.776166069423082e-114,3.228299000740203e-46
df3,0.35000000000000003,-1.0,0.35000000000000003,"[3.08488950e-159 5.56191291e-155 4.50098708e-136 1.07337441e-143
 6.58533558e-157 3.31837362e-173 9.46545979e-156 1.12671987e-139
 3.28672716e-124 2.25889419e-162 4.55467848e-130 3.57314355e-145
 3.57314355e-145 2.59582860e-139 3.78897656e-169 3.25242831e-154
 1.37294733e-138 2.41889424e-168 5.53102464e-128 3.57314355e-145
 5.84114683e-143 2.72168499e-134 1.41383100e-171 6.31809023e-152
 9.11197923e-131 5.59326537e-162 1.20103174e-134 6.47280639e-146
 2.63328336e-152 4.88474039e-140 1.17530003e-149 1.16697210e-146
 1.37294733e-138 1.16697210e-146 9.14846799e-141 2.79630084e-149
 1.70527622e-141 4.59306180e-144 1.09619158e-152 6.16042076e-134
 6.31809023e-152 4.06843613e-131 3.73908448e-148 3.95211198e-141
 7.34927700e-142 3.15189803e-138 3.25242831e-154 2.29586024e-155
 9.14846799e-141 3.25242831e-154]","[6.32804820e-78 3.35720833e-72 1.58514471e-79 2.51694654e-63
 1.03520885e-72 1.09249502e-81 1.94472818e-71 3.81678704e-81
 1.73467612e-65 1.03791356e-84 5.36256123e-74 6.32585939e-69
 6.23856139e-71 1.73467612e-65 2.93851005e-79 5.73909492e-73
 6.03593190e-72 4.49681448e-88 3.00027002e-49 3.23766600e-66
 5.44137500e-79 1.13754661e-61 3.81678704e-81 1.93137901e-67
 3.51245105e-68 6.23856139e-71 5.67148232e-66 8.95973634e-75
 5.44137500e-79 2.78496894e-64 6.03593190e-72 9.71516714e-74
 1.75814506e-73 4.92403790e-75 1.93137901e-67 1.32590390e-76
 9.71516714e-74 1.95228637e-61 2.04313811e-81 1.60190536e-64
 8.95973634e-75 1.45399317e-63 1.45399317e-63 1.93137901e-67
 1.12138242e-68 6.20630182e-68 1.65926127e-82 6.03593190e-72
 1.98571665e-68 5.83529742e-82]",6.574572274447835e-126,6.000540032798167e-51,4.601402119793479e-125,4.2003780229542185e-50
df3,0.4,-1.0,0.4,"[1.12215372e-128 2.09388117e-147 2.59582860e-139 7.56450039e-159
 1.97454306e-136 5.56191291e-155 4.55776756e-153 2.75002067e-146
 2.59582860e-139 1.57721865e-148 8.85357293e-148 2.38284114e-164
 6.68471205e-114 6.11074430e-166 6.10046832e-168 5.84114683e-143
 1.12671987e-139 1.16697210e-146 9.11163913e-163 8.65193381e-137
 1.22580667e-127 5.11181442e-160 3.15189803e-138 3.73908448e-148
 1.70527622e-141 2.07706765e-160 4.55776756e-153 5.56191291e-155
 1.25652552e-159 3.62405363e-151 5.84114683e-143 3.57314355e-145
 9.14846799e-141 1.37294733e-138 1.96307101e-144 5.56191291e-155
 8.66394516e-151 2.79630084e-149 2.75002067e-146 8.65193381e-137
 1.16697210e-146 3.73908448e-148 5.11181442e-160 1.17530003e-149
 2.75002067e-146 1.36018053e-142 1.65526914e-137 1.17530003e-149
 7.56450039e-159 3.59598810e-132]","[4.83655003e-64 1.65926127e-82 1.05170761e-66 8.54149129e-80
 3.51245105e-68 1.65295008e-87 1.65926127e-82 3.40157297e-67
 3.55535840e-70 2.42847792e-76 1.85969560e-78 3.71514939e-84
 6.62107000e-62 6.32804820e-78 2.20389449e-86 4.92403790e-75
 4.92403790e-75 2.47190518e-80 1.48234930e-75 2.70316908e-75
 6.32585939e-69 2.14384629e-77 7.51786428e-63 3.35720833e-72
 2.93851005e-79 1.48234930e-75 5.36256123e-74 4.59749627e-80
 1.85969560e-78 1.03791356e-84 3.35720833e-72 2.95679025e-74
 8.54149129e-80 1.73467612e-65 1.62852672e-74 2.42847792e-76
 3.02883737e-65 1.00649935e-78 4.49681448e-88 3.93950762e-77
 1.93137901e-67 1.03520885e-72 2.88686263e-85 2.88686263e-85
 1.99260921e-70 8.83329437e-83 1.11555042e-70 1.51998109e-85
 1.85969560e-78 8.39040599e-64]",1.336942410995316e-115,1.5020104434895548e-63,9.358596876967016e-115,9.304313455938425e-63
df3,0.45,-1.0,0.45,"[2.09388117e-147 1.51408902e-151 2.50543477e-143 1.85265048e-158
 3.89773873e-156 7.56450039e-159 7.85078471e-154 2.41889424e-168
 1.52982644e-165 1.39274712e-133 6.58533558e-157 3.60100749e-171
 1.60309113e-156 1.85265048e-158 3.62405363e-151 3.16357866e-142
 3.08488950e-159 1.65526914e-137 8.85357293e-148 2.63328336e-152
 4.53189266e-158 3.73908448e-148 8.85357293e-148 8.66394516e-151
 1.09619158e-152 9.11163913e-163 3.78897656e-169 8.38015691e-145
 7.34927700e-142 9.16040170e-171 9.14846799e-141 1.16697210e-146
 2.75002067e-146 8.65193381e-137 5.59326537e-162 2.75002067e-146
 3.73908448e-148 1.25652552e-159 6.31809023e-152 5.11181442e-160
 5.84114683e-143 1.09619158e-152 2.50543477e-143 6.47280639e-146
 1.52170582e-145 1.51408902e-151 3.73908448e-148 6.10046832e-168
 1.34579277e-154 4.53189266e-158]","[4.69733763e-083 5.36256123e-074 3.17823276e-073 4.56007306e-090
 2.35609537e-090 2.47190518e-080 2.88686263e-085 6.99261346e-099
 1.65295008e-087 6.32804820e-078 8.53187607e-092 6.44273589e-102
 4.49681448e-088 1.08402131e-071 1.32395344e-083 1.32590390e-076
 4.56007306e-090 8.83329437e-083 4.69733763e-083 1.11555042e-070
 4.69733763e-083 1.94472818e-071 4.19972342e-086 1.21792979e-088
 1.65926127e-082 1.70247332e-089 2.04313811e-081 1.62852672e-074
 6.32804820e-078 3.98124764e-094 7.12229959e-081 3.28405359e-089
 1.16538558e-077 4.69733763e-083 2.34155676e-088 1.10963247e-097
 2.04313811e-081 1.15526050e-086 3.28405359e-089 1.10963247e-097
 2.93851005e-079 6.04906014e-087 3.43236847e-078 7.12229959e-081
 3.55535840e-070 3.17823276e-073 4.69733763e-083 2.20389449e-086
 2.47190518e-080 6.04906014e-087]",2.787555892036777e-135,9.961681895766788e-72,1.9498169064283201e-134,5.184291997986591e-71
df3,0.5,-1.0,0.5,"[1.25652552e-159 1.12215372e-128 1.10723264e-157 2.41889424e-168
 8.49373747e-173 7.22731515e-138 6.31809023e-152 7.63577865e-175
 1.07337441e-143 1.09619158e-152 7.22731515e-138 3.67085321e-163
 1.34579277e-154 3.82523532e-165 2.75002067e-146 5.97340427e-139
 7.34927700e-142 5.62429767e-190 1.10723264e-157 2.32739056e-170
 1.38326502e-161 2.63328336e-152 5.59326537e-162 4.53189266e-158
 1.38326502e-161 6.11074430e-166 9.55305708e-165 5.54414590e-172
 3.57314355e-145 4.59306180e-144 3.78897656e-169 4.93392456e-150
 2.70191421e-157 3.73908448e-148 8.66394516e-151 3.62405363e-151
 1.70527622e-141 6.11074430e-166 5.11181442e-160 1.14970548e-175
 1.52982644e-165 2.29586024e-155 2.29586024e-155 2.70191421e-157
 1.49683070e-169 5.11181442e-160 2.38284114e-164 2.41889424e-168
 3.25242831e-154 2.79630084e-149]","[2.49517973e-083 1.09249502e-081 1.66051167e-091 8.69173129e-100
 3.22816176e-091 3.11335148e-082 5.22248187e-095 5.88045765e-093
 1.09249502e-081 7.81799073e-094 1.51998109e-085 6.78202527e-096
 8.83329437e-083 2.20848376e-097 8.53187607e-092 1.62852672e-074
 7.12229959e-081 1.30265891e-101 1.58514471e-079 2.88686263e-085
 7.81799073e-094 1.32395344e-083 1.96475612e-084 1.34076199e-095
 1.70247332e-089 4.32796803e-100 3.43236847e-078 5.30739252e-101
 3.71514939e-084 1.48234930e-075 3.18287512e-102 8.81591837e-090
 8.81591837e-090 1.32759256e-080 4.39057786e-097 2.49517973e-083
 1.65295008e-087 4.56007306e-090 7.01720636e-084 4.56007306e-090
 8.62627431e-088 1.03791356e-084 3.98124764e-094 1.72947631e-096
 3.00462961e-093 8.81591837e-090 2.21472141e-104 6.78202527e-096
 1.21792979e-088 6.32786916e-089]",2.24430745084584e-130,3.554246097874356e-76,1.5710152134414556e-129,2.2851300525505303e-75
df3,0.55,-1.0,0.55,"[2.25889419e-162 5.90593359e-170 5.11181442e-160 2.75002067e-146
 4.55776756e-153 2.06878284e-150 9.55305708e-165 3.41677257e-161
 6.64504909e-149 1.41383100e-171 1.41383100e-171 2.29586024e-155
 3.60100749e-171 2.43788785e-166 1.38326502e-161 8.66394516e-151
 6.10046832e-168 4.71525476e-196 2.79630084e-149 6.47280639e-146
 1.17530003e-149 9.57936136e-169 5.93631016e-164 5.54414590e-172
 8.66394516e-151 5.93631016e-164 2.15605296e-179 2.07706765e-160
 2.56791027e-177 3.73908448e-148 4.06755305e-189 2.96475930e-175
 9.71405854e-167 9.63808018e-183 2.17137680e-172 2.25889419e-162
 3.67085321e-163 1.53665271e-167 1.25652552e-159 1.52982644e-165
 6.58533558e-157 7.56450039e-159 9.16040170e-171 1.12671987e-139
 8.49373747e-173 2.86449109e-191 4.55776756e-153 3.82523532e-165
 9.71405854e-167 9.11163913e-163]","[3.49368581e-099 1.66051167e-091 1.65295008e-087 7.74187875e-103
 1.06947759e-100 1.15526050e-086 6.26880529e-091 1.53350669e-093
 1.66051167e-091 1.66475925e-107 8.05827457e-108 2.97606811e-113
 4.37383916e-109 3.42673436e-096 3.00462961e-093 6.04906014e-087
 3.18287512e-102 3.46283303e-116 1.53350669e-093 5.47688639e-085
 1.51998109e-085 1.14959907e-092 8.53187607e-092 6.15879083e-106
 5.47688639e-085 3.98124764e-094 6.15879083e-106 1.26370308e-105
 7.81799073e-094 5.22248187e-095 1.31890515e-112 4.32796803e-100
 3.28405359e-089 1.66475925e-107 2.10514288e-109 3.49368581e-099
 8.69173129e-100 5.30739252e-101 8.71890126e-097 1.70247332e-089
 4.56007306e-090 2.24489973e-092 2.02515198e-094 5.44137500e-079
 4.39057786e-097 1.11687624e-110 7.99410344e-086 1.39799851e-098
 6.99261346e-099 4.56007306e-090]",2.2534415957719518e-141,1.0882776925881094e-80,1.5774077925812931e-140,7.617924610537302e-80
df3,0.6000000000000001,-1.0,0.6000000000000001,"[5.54414590e-172 1.25652552e-159 1.41383100e-171 9.71405854e-167
 5.54414590e-172 1.47709060e-163 2.07706765e-160 6.64504909e-149
 8.25754125e-180 1.16697210e-146 3.25242831e-154 3.67085321e-163
 7.56450039e-159 1.09619158e-152 1.25652552e-159 5.59326537e-162
 4.53189266e-158 2.41889424e-168 1.29483446e-173 1.49683070e-169
 6.11074430e-166 1.38326502e-161 5.59326537e-162 5.49201459e-209
 9.11163913e-163 9.16040170e-171 7.56450039e-159 5.59326537e-162
 3.65456332e-183 1.29483446e-173 1.53665271e-167 2.07706765e-160
 1.51408902e-151 3.82523532e-165 2.70191421e-157 3.80921130e-178
 4.45291617e-176 2.17137680e-172 1.46437154e-178 1.57721865e-148
 1.72251454e-176 1.29162726e-195 1.10723264e-157 3.73908448e-148
 7.46045840e-185 3.15863793e-180 2.84661371e-206 1.46437154e-178
 1.25652552e-159 6.11074430e-166]","[7.81799073e-094 1.34076199e-095 1.01205796e-109 2.24489973e-092
 1.31890515e-112 1.39799851e-098 1.26370308e-105 1.14959907e-092
 7.61901024e-117 3.49368581e-099 8.53187607e-092 1.21599162e-090
 3.81174187e-103 1.08427351e-104 1.08427351e-104 1.72947631e-096
 1.10963247e-097 7.81799073e-094 1.08427351e-104 4.37887891e-092
 6.15879083e-106 7.74187875e-103 3.00462961e-093 4.06843613e-131
 3.42673436e-096 1.11687624e-110 1.06947759e-100 4.19972342e-086
 1.62522975e-116 2.77174564e-112 1.21792979e-088 4.32796803e-100
 3.98124764e-094 1.30265891e-101 8.69173129e-100 1.62522975e-116
 4.32796803e-100 1.08427351e-104 3.18287512e-102 1.87460385e-103
 5.30232749e-105 1.08427351e-104 5.22248187e-095 2.02515198e-094
 7.48112939e-123 1.88166010e-108 1.41739559e-125 7.79563234e-118
 1.34076199e-095 2.99814789e-106]",2.4535929032567823e-148,8.424082301759413e-88,1.6330427362778194e-147,5.879285563556448e-87
df3,0.65,-1.0,0.65,"[1.49266032e-186 3.41677257e-161 9.46545979e-156 3.78897656e-169
 1.97742990e-184 1.46437154e-178 6.67832938e-182 8.25754125e-180
 2.08742782e-190 2.17137680e-172 4.60436904e-181 4.53189266e-158
 1.20671971e-180 4.06755305e-189 9.16040170e-171 3.78897656e-169
 9.57936136e-169 6.10046832e-168 7.85078471e-154 2.81115002e-185
 3.08488950e-159 6.65489851e-177 8.49373747e-173 3.82523532e-165
 7.46045840e-185 4.53189266e-158 3.78897656e-169 9.16040170e-171
 7.73757074e-191 3.15863793e-180 5.11181442e-160 1.85265048e-158
 3.80921130e-178 2.41889424e-168 3.60100749e-171 7.46045840e-185
 4.45291617e-176 2.32739056e-170 3.62405363e-151 3.78897656e-169
 1.96416771e-174 3.78897656e-169 9.89641318e-178 8.42942072e-161
 1.60309113e-156 6.31809023e-152 3.86593734e-167 4.55776756e-153
 5.93631016e-164 3.97632682e-186]","[1.50038437e-124 2.79180826e-098 4.51863753e-104 6.26869005e-113
 7.79563234e-118 1.31890515e-112 2.77174564e-112 1.41127475e-113
 3.67099579e-119 1.69558264e-118 1.57064610e-102 3.89617725e-108
 2.33113443e-110 2.10514288e-109 8.71890126e-097 3.46283303e-116
 1.62522975e-116 1.66475925e-107 3.42673436e-096 5.99978104e-127
 1.87460385e-103 7.89408622e-119 3.42673436e-096 2.33113443e-110
 7.19151616e-124 8.69173129e-100 6.68471205e-114 1.21995247e-111
 3.59598810e-132 4.85997494e-110 7.81799073e-094 5.30739252e-101
 2.77174564e-112 1.01205796e-109 2.63087943e-101 7.79563234e-118
 1.69706671e-120 1.21995247e-111 4.39057786e-097 4.51863753e-104
 9.20882547e-104 5.22248187e-095 7.91123773e-120 6.15879083e-106
 4.37887891e-092 2.20848376e-097 6.26869005e-113 3.16384036e-087
 9.20882547e-104 6.26869005e-113]",8.618805851371861e-153,6.327769991722197e-89,5.131016904958067e-152,4.4293752357335636e-88
df3,0.7000000000000001,-1.0,0.7000000000000001,"[9.89641318e-178 1.09179716e-188 2.84661371e-206 1.29483446e-173
 5.54414590e-172 2.43788785e-166 4.60436904e-181 1.51347567e-189
 2.41889424e-168 2.37040639e-210 4.60436904e-181 1.20671971e-180
 1.44235064e-192 1.97742990e-184 7.83634509e-188 6.67832938e-182
 6.67832938e-182 1.09179716e-188 3.91093778e-192 6.65122023e-201
 1.34579277e-154 3.78897656e-169 6.67832938e-182 1.29483446e-173
 1.14970548e-175 2.09544875e-187 1.96416771e-174 2.32739056e-170
 6.31809023e-152 3.15863793e-180 1.46437154e-178 9.71405854e-167
 2.17137680e-172 2.63457939e-194 1.38399900e-183 5.23469135e-184
 5.59326537e-162 1.14970548e-175 2.81115002e-185 1.96416771e-174
 9.63808018e-183 6.67832938e-182 6.10046832e-168 2.32739056e-170
 1.51347567e-189 1.47709060e-163 1.60309113e-156 1.05792849e-185
 5.62245732e-179 7.73757074e-191]","[7.19151616e-124 3.46283303e-116 4.50098708e-136 2.55501261e-111
 2.21472141e-104 8.69173129e-100 3.89617725e-108 3.54443794e-122
 3.89617725e-108 4.06843613e-131 2.33113443e-110 3.56765397e-117
 3.62364483e-121 2.10514288e-109 7.05518906e-115 7.48112939e-123
 7.61901024e-117 3.43101012e-123 6.16042076e-134 3.28672716e-124
 2.64763111e-095 3.63777125e-118 3.32649959e-115 3.66625391e-120
 2.55501261e-111 3.54443794e-122 3.43101012e-123 6.26869005e-113
 7.74187875e-103 2.55501261e-111 2.77174564e-112 6.26869005e-113
 1.01652477e-129 9.11197923e-131 1.49462228e-114 2.33113443e-110
 2.77174564e-112 6.78202527e-096 3.67099579e-119 6.68471205e-114
 3.66625391e-120 7.89408622e-119 1.26370308e-105 2.10514288e-109
 2.11520456e-140 4.32796803e-100 3.49368581e-099 7.84645245e-121
 2.97606811e-113 1.66475925e-107]",1.266341692935725e-153,6.65262656712585e-97,8.844957277410541e-153,3.807524681249624e-96
df3,0.75,-1.0,0.75,"[1.10238235e-202 7.18008740e-194 7.63577865e-175 7.46045840e-185
 3.53358345e-195 3.86593734e-167 2.96475930e-175 3.78897656e-169
 3.15863793e-180 6.65489851e-177 5.59619386e-187 7.73757074e-191
 1.72251454e-176 9.63808018e-183 1.96416771e-174 6.67832938e-182
 3.65456332e-183 1.38399900e-183 9.55305708e-165 2.08742782e-190
 2.37040639e-210 5.62245732e-179 7.56450039e-159 1.40829494e-203
 1.97742990e-184 2.15605296e-179 8.26859081e-198 1.49266032e-186
 2.92686009e-188 5.04621141e-174 5.31262531e-193 7.83634509e-188
 3.80921130e-178 9.63808018e-183 1.20671971e-180 1.44235064e-192
 1.29483446e-173 3.31837362e-173 8.49373747e-173 4.60436904e-181
 7.83634509e-188 5.62245732e-179 5.62245732e-179 7.85078471e-154
 1.92897507e-209 9.16040170e-171 2.81115002e-185 1.05792849e-185
 1.05792849e-185 3.07831128e-202]","[2.72168499e-134 4.55467848e-130 3.32649959e-115 7.84645245e-121
 2.49277144e-128 1.41127475e-113 1.01652477e-129 1.49462228e-114
 2.49277144e-128 1.69706671e-120 1.62932937e-122 3.62364483e-121
 2.10514288e-109 3.66625391e-120 2.71351259e-127 1.57171273e-123
 3.46283303e-116 1.62932937e-122 6.44273589e-102 3.28672716e-124
 1.12215372e-128 5.81830416e-112 2.97606811e-113 1.81440195e-131
 7.48112939e-123 1.22580667e-127 8.08221677e-132 2.71351259e-127
 1.97454306e-136 1.66865694e-117 3.14502261e-133 1.22580667e-127
 1.67153521e-121 6.84127225e-125 1.41127475e-113 2.72168499e-134
 1.81440195e-131 3.32649959e-115 5.53102464e-128 1.66865694e-117
 7.84645245e-121 2.55501261e-111 5.99978104e-127 3.46283303e-116
 5.29370851e-135 3.11577768e-125 1.57171273e-123 5.53102464e-128
 7.89408622e-119 5.97340427e-139]",1.570172071937467e-155,1.2885472209951127e-103,1.0991096439643894e-154,9.01983024166387e-103
df3,0.8,-1.0,0.8,"[5.31262531e-193 2.15605296e-179 6.26005417e-197 5.62429767e-190
 1.41383100e-171 3.31837362e-173 4.06755305e-189 9.71405854e-167
 3.60100749e-171 3.60100749e-171 7.83634509e-188 2.15605296e-179
 5.62245732e-179 2.08742782e-190 7.73757074e-191 1.05792849e-185
 3.82523532e-165 1.95431960e-193 7.46045840e-185 6.65489851e-177
 1.72251454e-176 2.92686009e-188 2.96475930e-175 4.60436904e-181
 1.49683070e-169 1.29162726e-195 4.60436904e-181 8.58487380e-202
 9.89641318e-178 2.08742782e-190 2.08742782e-190 5.12669163e-200
 3.91093778e-192 9.89641318e-178 2.92686009e-188 5.31262531e-193
 1.52982644e-165 4.45291617e-176 1.05910660e-191 1.00763382e-206
 2.96475930e-175 1.41383100e-171 2.15605296e-179 1.51347567e-189
 5.90593359e-170 4.06755305e-189 5.23469135e-184 2.53864056e-182
 9.89641318e-178 2.08742782e-190]","[2.59582860e-139 3.16268593e-114 3.14502261e-133 1.96307101e-144
 1.62932937e-122 2.71351259e-127 4.85997494e-110 6.15879083e-106
 1.66865694e-117 1.50038437e-124 2.92297102e-126 1.57171273e-123
 3.63777125e-118 1.81440195e-131 2.59582860e-139 6.44036529e-126
 2.21472141e-104 3.11577768e-125 1.62932937e-122 1.66865694e-117
 3.63777125e-118 3.59598810e-132 2.49277144e-128 3.14502261e-133
 2.26605441e-129 9.14846799e-141 1.70515873e-119 3.15189803e-138
 1.31890515e-112 4.55467848e-130 4.55467848e-130 4.59306180e-144
 5.53102464e-128 1.50038437e-124 4.55467848e-130 8.08221677e-132
 3.66625391e-120 2.92297102e-126 3.43101012e-123 1.02479477e-135
 7.05518906e-115 3.66625391e-120 7.05518906e-115 1.67153521e-121
 1.11687624e-110 6.44036529e-126 3.16268593e-114 1.37294733e-138
 1.56663455e-115 1.22580667e-127]",1.0904842299298752e-166,4.5526306253078705e-106,0.0,3.100048961574182e-105
df3,0.8500000000000001,-1.0,0.8500000000000001,"[5.12669163e-200 3.78897656e-169 1.51347567e-189 1.38399900e-183
 1.40829494e-203 5.62429767e-190 1.97742990e-184 1.09179716e-188
 5.62429767e-190 1.96416771e-174 5.04621141e-174 8.58487380e-202
 2.99933556e-198 5.04621141e-174 2.81115002e-185 1.49266032e-186
 7.83634509e-188 1.84777053e-200 8.26859081e-198 2.09544875e-187
 1.05910660e-191 2.27657730e-197 2.92686009e-188 3.65456332e-183
 3.80921130e-178 1.49266032e-186 1.09179716e-188 2.89773338e-211
 1.38399900e-183 4.43455361e-208 5.54414590e-172 8.49373747e-173
 5.90593359e-170 9.89641318e-178 1.75465082e-181 1.92897507e-209
 5.59619386e-187 2.81115002e-185 1.09179716e-188 7.73757074e-191
 1.46437154e-178 8.58487380e-202 2.53864056e-182 1.38399900e-183
 2.27657730e-197 3.80921130e-178 5.02382596e-204 3.80921130e-178
 3.07831128e-202 2.39109446e-201]","[1.37294733e-138 7.19151616e-124 3.66625391e-120 1.62932937e-122
 4.88474039e-140 2.92297102e-126 3.54443794e-122 8.38015691e-145
 2.03839988e-130 7.91123773e-120 1.12215372e-128 2.63328336e-152
 2.72168499e-134 1.01652477e-129 5.99978104e-127 4.55467848e-130
 2.50543477e-143 4.50098708e-136 5.29370851e-135 1.20103174e-134
 3.15189803e-138 4.88474039e-140 4.50098708e-136 2.03839988e-130
 1.01652477e-129 1.50038437e-124 1.12671987e-139 2.29586024e-155
 4.88474039e-140 1.60309113e-156 7.36968843e-116 5.04562598e-129
 1.41127475e-113 2.71351259e-127 1.12215372e-128 6.64504909e-149
 2.72168499e-134 4.55467848e-130 2.92297102e-126 6.16042076e-134
 2.71351259e-127 5.29370851e-135 3.54443794e-122 4.06843613e-131
 1.65526914e-137 2.97606811e-113 2.72168499e-134 3.78658116e-137
 5.97340427e-139 1.96307101e-144]",8.772168046830584e-171,8.789427424659824e-115,0.0,4.57437688722191e-114
df3,0.9,-1.0,0.9,"[2.81115002e-185 5.90593359e-170 5.84341813e-231 1.08658258e-198
 1.46437154e-178 5.62429767e-190 7.18008740e-194 9.65472569e-195
 5.62429767e-190 2.08742782e-190 1.86909163e-221 2.84661371e-206
 1.97742990e-184 3.80921130e-178 9.65472569e-195 3.49929737e-218
 2.17137680e-172 1.40829494e-203 1.40829494e-203 1.40829494e-203
 3.93137265e-199 1.20671971e-180 1.09179716e-188 1.46437154e-178
 1.00763382e-206 3.91093778e-192 1.78984444e-204 7.83634509e-188
 2.51952642e-216 1.84777053e-200 5.93631016e-164 2.09544875e-187
 5.12669163e-200 7.18008740e-194 2.43788785e-166 2.51952642e-216
 2.92686009e-188 2.26305188e-205 5.02382596e-204 5.02382596e-204
 8.58487380e-202 9.57936136e-169 4.71525476e-196 3.15863793e-180
 3.97632682e-186 2.41889424e-168 1.71917031e-196 1.14970548e-175
 4.06755305e-189 1.08658258e-198]","[9.14846799e-141 8.08221677e-132 3.86593734e-167 8.85357293e-148
 7.09357420e-133 4.59306180e-144 2.75002067e-146 2.11520456e-140
 1.37294733e-138 2.72168499e-134 9.46545979e-156 1.60309113e-156
 8.85357293e-148 5.53102464e-128 1.97454306e-136 1.60309113e-156
 2.49277144e-128 1.52170582e-145 1.09619158e-152 4.94613442e-147
 2.59582860e-139 3.43101012e-123 2.72168499e-134 3.14502261e-133
 9.14846799e-141 3.62405363e-151 3.62405363e-151 5.04562598e-129
 2.29586024e-155 4.55776756e-153 2.59582860e-139 1.70527622e-141
 3.73908448e-148 1.59807269e-132 3.15189803e-138 8.85357293e-148
 1.70527622e-141 1.07337441e-143 3.78658116e-137 1.07337441e-143
 2.06878284e-150 6.84127225e-125 8.38015691e-145 3.59598810e-132
 3.59598810e-132 1.69558264e-118 7.34927700e-142 3.15189803e-138
 1.20103174e-134 8.38015691e-145]",1.1922065306850924e-165,3.3912352725177435e-120,0.0,2.3738146982744447e-119
df3,0.9500000000000001,-1.0,0.9500000000000001,"[1.75465082e-181 4.71525476e-196 2.89773338e-211 3.53358345e-195
 1.22649857e-212 5.12669163e-200 1.00763382e-206 2.92686009e-188
 5.12669163e-200 8.25754125e-180 2.44962142e-223 1.08658258e-198
 1.29162726e-195 3.07831128e-202 8.03142016e-206 8.58487380e-202
 1.42059127e-199 1.71917031e-196 1.97742990e-184 3.53358345e-195
 1.78984444e-204 1.71917031e-196 2.09544875e-187 5.62429767e-190
 5.62429767e-190 6.36847393e-205 1.42059127e-199 3.94269086e-203
 8.29322344e-211 5.02382596e-204 8.29322344e-211 2.08742782e-190
 4.71525476e-196 6.33664599e-222 1.95431960e-193 5.02382596e-204
 1.25766151e-207 1.78984444e-204 2.14542849e-222 5.49201459e-209
 3.53358345e-195 1.09179716e-188 2.08742782e-190 2.86449109e-191
 2.99933556e-198 8.58487380e-202 2.09544875e-187 8.29322344e-211
 9.65472569e-195 1.09179716e-188]","[1.59807269e-132 4.50098708e-136 2.06878284e-150 1.70527622e-141
 1.47709060e-163 1.37294733e-138 1.09619158e-152 5.84114683e-143
 3.78658116e-137 3.14502261e-133 2.43788785e-166 6.31809023e-152
 4.88474039e-140 2.43788785e-166 2.06878284e-150 1.36018053e-142
 2.79630084e-149 7.09357420e-133 4.50098708e-136 4.55467848e-130
 9.14846799e-141 4.59306180e-144 1.97454306e-136 1.20103174e-134
 1.17530003e-149 1.09619158e-152 1.57721865e-148 4.93392456e-150
 1.85265048e-158 8.85357293e-148 1.57721865e-148 8.85357293e-148
 4.50098708e-136 3.82523532e-165 1.96307101e-144 4.93392456e-150
 5.59326537e-162 3.57314355e-145 2.43788785e-166 7.63577865e-175
 5.84114683e-143 8.65193381e-137 3.95211198e-141 1.12671987e-139
 5.84114683e-143 8.85357293e-148 4.50098708e-136 6.58533558e-157
 9.46545979e-156 1.16697210e-146]",1.6866409093576544e-181,9.162078286144207e-132,0.0,6.37584398437028e-131
df3,1.0,-1.0,1.0,"[6.67832938e-182 2.84661371e-206 1.29162726e-195 6.36847393e-205
 6.36847393e-205 1.95431960e-193 1.08658258e-198 5.50589418e-221
 1.78984444e-204 3.91093778e-192 3.91093778e-192 2.78216167e-224
 3.07831128e-202 5.02382596e-204 5.62429767e-190 1.77639648e-214
 6.76639127e-210 1.25766151e-207 1.38399900e-183 5.93631016e-164
 2.89773338e-211 8.66642612e-217 1.86909163e-221 1.75465082e-181
 3.14312166e-225 3.52395716e-212 4.43455361e-208 6.67832938e-182
 8.66642612e-217 5.02382596e-204 1.19734428e-218 7.25427491e-223
 3.65456332e-183 4.43455361e-208 1.00763382e-206 6.76639127e-210
 1.19734428e-218 1.05910660e-191 1.02134242e-217 1.61976355e-220
 1.05910660e-191 3.49929737e-218 1.77639648e-214 8.58487380e-202
 7.18008740e-194 7.73757074e-191 2.37040639e-210 3.56216963e-207
 4.75885256e-220 2.27657730e-197]","[5.97340427e-139 2.25889419e-162 1.17530003e-149 3.73908448e-148
 8.66394516e-151 1.51408902e-151 7.85078471e-154 4.53189266e-158
 2.70191421e-157 3.67085321e-163 6.64504909e-149 7.85078471e-154
 8.38015691e-145 2.75002067e-146 1.12671987e-139 5.56191291e-155
 4.53189266e-158 2.09388117e-147 1.12215372e-128 5.99978104e-127
 6.64504909e-149 1.60309113e-156 5.59326537e-162 1.59807269e-132
 4.45291617e-176 2.25889419e-162 5.11181442e-160 2.11520456e-140
 3.62405363e-151 6.31809023e-152 2.07706765e-160 9.55305708e-165
 4.88474039e-140 1.60309113e-156 2.25889419e-162 7.56450039e-159
 1.53665271e-167 3.73908448e-148 7.63577865e-175 3.86593734e-167
 2.09388117e-147 3.08488950e-159 1.34579277e-154 2.63328336e-152
 1.10723264e-157 4.94613442e-147 1.85265048e-158 5.59326537e-162
 7.85078471e-154 7.85078471e-154]",1.187262032848805e-165,1.2224024787420657e-128,0.0,8.397955812575902e-128
