setting,delta,mu1,mu2,pval,pval_base,ks_p_prop,ks_p_base,cvm_p_prop,cvm_p_base,ad_p_prop,ad_p_base,ks_u_stat_prop,ks_u_stat_base,ks_u_p_prop,ks_u_p_base,mmd_u_prop,mmd_u_base,wass_u_prop,wass_u_base,ks_p_prop_mean,ks_p_base_mean,ks_p_prop_std,ks_p_base_std,cvm_p_prop_mean,cvm_p_base_mean,cvm_p_prop_std,cvm_p_base_std,ad_p_prop_mean,ad_p_base_mean,ad_p_prop_std,ad_p_base_std,ks_u_stat_prop_mean,ks_u_stat_base_mean,ks_u_stat_prop_std,ks_u_stat_base_std,mmd_u_prop_mean,mmd_u_base_mean,mmd_u_prop_std,mmd_u_base_std,wass_u_prop_mean,wass_u_base_mean,wass_u_prop_std,wass_u_base_std
df1,0.0,0.0,0.0,"[0.39108739 0.8633028  0.98457739 0.39108739 0.43609338 0.50859953
 0.90235528 0.31007573 0.69212796 0.48382277 0.79482654 0.58582128
 0.3490397  0.88359176 0.50859953 0.18488568 0.41323244 0.55967522
 0.53390728 0.27423335 0.63886042 0.27423335 0.08825991 0.90235528
 0.12937218 0.43609338 0.29176485 0.02192948 0.71851426 0.8633028
 0.32916807 0.14969106 0.45963725 0.41323244 0.93482727 0.81875363
 0.04953464 0.53390728 0.22624166 0.3490397  0.71851426 0.55967522
 0.8633028  0.24148215 0.97808957 0.93482727 0.27423335 0.98457739
 0.02903392 0.22624166]","[0.45963725 0.31007573 0.17249627 0.05871658 0.69212796 0.88359176
 0.53390728 0.61225166 0.27423335 0.55967522 0.58582128 0.90235528
 0.17249627 0.55967522 0.97808957 0.17249627 0.53390728 0.79482654
 0.39108739 0.74453538 0.53390728 0.63886042 0.08825991 0.31007573
 0.32916807 0.98457739 0.3490397  0.58582128 0.45963725 0.43609338
 0.77002924 0.53390728 0.18488568 0.01641475 0.91946676 0.32916807
 0.41323244 0.71851426 0.91946676 0.0539576  0.98457739 0.63886042
 0.06383124 0.41323244 0.21173982 0.77002924 0.25747545 0.66552932
 0.94837208 0.45963725]","[0.39108739 0.8633028  0.98457739 0.39108739 0.43609338 0.50859953
 0.90235528 0.31007573 0.69212796 0.48382277 0.79482654 0.58582128
 0.3490397  0.88359176 0.50859953 0.18488568 0.41323244 0.55967522
 0.53390728 0.27423335 0.63886042 0.27423335 0.08825991 0.90235528
 0.12937218 0.43609338 0.29176485 0.02192948 0.71851426 0.8633028
 0.32916807 0.14969106 0.45963725 0.41323244 0.93482727 0.81875363
 0.04953464 0.53390728 0.22624166 0.3490397  0.71851426 0.55967522
 0.8633028  0.24148215 0.97808957 0.93482727 0.27423335 0.98457739
 0.02903392 0.22624166]","[0.45963725 0.31007573 0.17249627 0.05871658 0.69212796 0.88359176
 0.53390728 0.61225166 0.27423335 0.55967522 0.58582128 0.90235528
 0.17249627 0.55967522 0.97808957 0.17249627 0.53390728 0.79482654
 0.39108739 0.74453538 0.53390728 0.63886042 0.08825991 0.31007573
 0.32916807 0.98457739 0.3490397  0.58582128 0.45963725 0.43609338
 0.77002924 0.53390728 0.18488568 0.01641475 0.91946676 0.32916807
 0.41323244 0.71851426 0.91946676 0.0539576  0.98457739 0.63886042
 0.06383124 0.41323244 0.21173982 0.77002924 0.25747545 0.66552932
 0.94837208 0.45963725]","[0.45117269 0.98475959 0.95528318 0.26923794 0.39519408 0.27022668
 0.71566899 0.23169218 0.72744155 0.55758365 0.85451327 0.52733035
 0.25902559 0.96270585 0.5393669  0.14038315 0.59522988 0.57056578
 0.77358336 0.32874826 0.71151719 0.19296182 0.07893773 0.79542643
 0.12870361 0.3989092  0.14257069 0.0346205  0.65384331 0.90249866
 0.85621367 0.10204174 0.58437815 0.60426617 0.96092992 0.87603343
 0.07180551 0.32635669 0.25134654 0.40303862 0.58784197 0.50043209
 0.53856888 0.24655596 0.97472926 0.98847574 0.17264241 0.99189338
 0.03880684 0.14102916]","[0.52592673 0.36049273 0.09552079 0.06112005 0.47112371 0.75190975
 0.39576198 0.46155447 0.19784425 0.52925596 0.77823149 0.79683048
 0.17843868 0.53225617 0.9861163  0.14880071 0.36345613 0.61375358
 0.32881591 0.74098268 0.33819585 0.70843177 0.16743874 0.14438502
 0.29487576 0.93709511 0.29477276 0.88815068 0.38927638 0.48007996
 0.76060248 0.52746465 0.20326557 0.05380427 0.72173934 0.22842194
 0.59159163 0.77046971 0.84867676 0.06223975 0.99052186 0.69596642
 0.07310277 0.46073444 0.19791492 0.78933757 0.29200857 0.59847129
 0.86076115 0.375252  ]","[0.0025     0.0025     0.0025     0.0025     0.0025     0.00167106
 0.0025     0.00182877 0.0025     0.0025     0.0025     0.0025
 0.00201686 0.0025     0.0025     0.00064105 0.0025     0.0025
 0.0025     0.00241601 0.0025     0.00219176 0.00085407 0.0025
 0.0019122  0.0025     0.00102753 0.00044144 0.0025     0.0025
 0.0025     0.00094342 0.0025     0.0025     0.0025     0.0025
 0.00109002 0.0025     0.0025     0.0025     0.0025     0.0025
 0.0025     0.0025     0.0025     0.0025     0.00160606 0.0025
 0.0005724  0.00144741]","[0.0025     0.0025     0.00132567 0.00053055 0.0025     0.0025
 0.0025     0.0025     0.00217976 0.0025     0.0025     0.0025
 0.0025     0.0025     0.0025     0.00104785 0.0025     0.0025
 0.0025     0.0025     0.00245045 0.0025     0.00138198 0.00162301
 0.0025     0.0025     0.0025     0.0025     0.0025     0.0025
 0.0025     0.0025     0.0025     0.00054831 0.0025     0.0025
 0.0025     0.0025     0.0025     0.00071563 0.0025     0.0025
 0.00111216 0.0025     0.00239839 0.0025     0.0025     0.0025
 0.0025     0.0025    ]","[0.02279467 0.02465688 0.02781183 0.02606687 0.02889051 0.03038343
 0.02462597 0.02549421 0.02468612 0.02811253 0.02520517 0.03037903
 0.023195   0.0227755  0.03076923 0.04043446 0.02650358 0.02814149
 0.02326783 0.03238255 0.0216623  0.02821424 0.03697339 0.02545589
 0.02764799 0.01998855 0.0427991  0.04361909 0.01856449 0.02804344
 0.02899688 0.02361761 0.03189601 0.02664445 0.0245987  0.02550583
 0.02989155 0.02582754 0.03978374 0.03403385 0.03779836 0.02277376
 0.02013409 0.02254551 0.02102334 0.02198324 0.02553917 0.02592169
 0.01908755 0.02714541]","[0.02820653 0.03246141 0.03848113 0.03186969 0.02662298 0.01909481
 0.02157554 0.02243129 0.02899904 0.02144351 0.01762823 0.02235049
 0.02425639 0.01962622 0.03370651 0.02917714 0.02435767 0.0236812
 0.01716823 0.02608153 0.02582293 0.03610621 0.02484559 0.01478597
 0.02187381 0.03684463 0.02295018 0.01727836 0.01153859 0.01045306
 0.017975   0.01407829 0.02100401 0.03812852 0.01149364 0.01926211
 0.01173557 0.01315152 0.0296555  0.02644484 0.02285667 0.03218878
 0.02557416 0.02283799 0.02626875 0.02409138 0.02230516 0.02371448
 0.02351241 0.03297544]","[0.24602625 0.17276181 0.08895139 0.12969889 0.06959555 0.04879696
 0.17381935 0.14600054 0.17176608 0.08314815 0.15483408 0.04884942
 0.22858087 0.2468859  0.04439009 0.00280808 0.11828987 0.0826065
 0.22550985 0.02949663 0.30067201 0.0812589  0.00822407 0.14714772
 0.09225385 0.39602374 0.00127524 0.00095976 0.4900528  0.08445254
 0.06789742 0.21119496 0.0334395  0.11479054 0.17475651 0.14565394
 0.05496074 0.1363219  0.00346205 0.01899768 0.00642149 0.24696425
 0.38705292 0.25737265 0.33502848 0.28437809 0.14466372 0.13368445
 0.45426309 0.10302974]","[0.0814007  0.0288977  0.00521092 0.03366542 0.11531824 0.45377604
 0.30518752 0.26270093 0.06786327 0.31214897 0.55712468 0.26651846
 0.18686337 0.41889538 0.02076496 0.06510003 0.18321506 0.20866905
 0.59116138 0.1293018  0.13645231 0.01060427 0.16641491 0.76853591
 0.28986149 0.00854365 0.23913559 0.58296399 0.9499414  0.97948362
 0.53188811 0.81740055 0.33610751 0.00580723 0.95150215 0.44262901
 0.94275028 0.87491624 0.05814915 0.11977478 0.24326161 0.031015
 0.14363007 0.24409221 0.12431792 0.1929288  0.26867772 0.20735622
 0.2154255  0.02524996]","[-8.46385956e-05  1.22785568e-04  1.50203705e-04  1.39713287e-04
  2.14815140e-04  2.35080719e-04 -1.60217285e-04  2.95519829e-04
  7.51018524e-06  3.64780426e-05 -1.07526779e-04  6.85214996e-04
 -1.58905983e-04 -1.89542770e-05  6.79492950e-06  1.46150589e-04
  1.45912170e-04 -2.09808350e-05 -3.65972519e-05  2.03728676e-04
  5.59091568e-05 -1.80006027e-05  7.94649124e-04  2.06351280e-04
  2.36749649e-04 -1.38044357e-04  1.54268742e-03  1.86920166e-04
 -1.16467476e-04  1.00255013e-04  2.31862068e-04 -8.29696655e-05
 -7.79628754e-05 -1.33395195e-04  1.05857849e-04  1.53303146e-04
 -1.49011612e-05  1.70469284e-05  6.94751740e-04  9.53674316e-07
 -7.15255737e-05  1.29103661e-04 -1.11103058e-04 -1.50918961e-04
  2.88486481e-04  1.88827515e-04  5.60283661e-06  2.30073929e-04
 -1.83582306e-05  4.02927399e-05]","[ 1.15871429e-04  1.47581100e-04  4.40955162e-04  3.58819962e-05
 -1.39832497e-04 -1.55329704e-04 -1.07288361e-04  2.31385231e-04
  1.10864639e-04 -1.78217888e-04 -5.96046448e-05  1.13368034e-04
  3.85046005e-05 -1.70469284e-04  3.55005264e-04 -1.51634216e-04
  2.80499458e-04  1.27434731e-04 -1.44362450e-04 -3.63588333e-05
 -7.51018524e-05  7.54475594e-04 -1.61767006e-04 -1.93357468e-04
 -2.00748444e-04  1.02281570e-04  3.47733498e-04 -1.09791756e-04
 -1.85370445e-04  2.55823135e-04  8.35657120e-05 -1.93357468e-04
 -1.65700912e-05  3.93033028e-04 -1.92165375e-04  2.68697739e-04
  1.25408173e-04 -1.42455101e-04  2.01463699e-05  2.68220901e-05
  7.99894333e-05  5.67317009e-04  1.24216080e-04  7.45058060e-05
  1.14798546e-04  3.57866287e-04  8.29696655e-05  7.09295273e-05
 -1.14440918e-05  1.47104263e-04]","[0.00910563 0.01339093 0.01348806 0.01386268 0.01400942 0.01517908
 0.00564804 0.01556303 0.01269394 0.01234732 0.00953946 0.02191695
 0.00711306 0.01056257 0.0099608  0.0135247  0.01338411 0.01313812
 0.01000786 0.01577688 0.01338313 0.01061586 0.02194245 0.0138287
 0.01555188 0.00706778 0.03226846 0.01305089 0.00712829 0.01195122
 0.01573294 0.0099676  0.00969434 0.00688875 0.01211746 0.01553138
 0.00987128 0.01232301 0.01954249 0.01059219 0.00908311 0.01384101
 0.00890498 0.0098668  0.01539258 0.01504881 0.01106583 0.01550848
 0.01001818 0.01174805]","[0.01219712 0.0144968  0.01726644 0.01108586 0.00636452 0.00678599
 0.00760609 0.01553404 0.01331457 0.00519094 0.00877278 0.01431968
 0.01125175 0.00578157 0.01838039 0.00807076 0.01642243 0.01589714
 0.00752343 0.01067772 0.01006134 0.0196309  0.00690587 0.00402944
 0.00451052 0.01187018 0.0197856  0.00766608 0.00574468 0.01515123
 0.01277044 0.00484608 0.01058267 0.01518333 0.00486432 0.01503203
 0.01253338 0.00666916 0.01348248 0.0122044  0.01238017 0.02077211
 0.01261974 0.01273851 0.01433845 0.01618874 0.01134632 0.01429954
 0.01175006 0.01259619]",0.5097927776232024,0.5075954288362823,0.2846208169577532,0.2767662510572204,0.5073417629392817,0.48126483264489567,0.3043628374957591,0.2731789345686915,0.0021632010597122313,0.00225627517944743,0.0006123947275257179,0.0005558781917042274,0.02748587215840817,0.023819460975527756,0.005841909948472215,0.0069918763678068424,0.00012156248092651367,6.739616394042969e-05,0.0002883779323609174,0.00021265844265687481,0.012794811530381745,0.011589879010733755,0.004424017914050735,0.0043154301696538295
df1,0.05,0.0,0.05,"[0.22624166 0.32916807 0.31007573 0.32916807 0.00132017 0.29176485
 0.84163603 0.17249627 0.139232   0.99939196 0.39108739 0.55967522
 0.71851426 0.91946676 0.45963725 0.79482654 0.32916807 0.27423335
 0.45963725 0.04542867 0.77002924 0.25747545 0.94837208 0.45963725
 0.79482654 0.45963725 0.17249627 0.58582128 0.94837208 0.55967522
 0.93482727 0.77002924 0.53390728 0.41323244 0.66552932 0.3490397
 0.24148215 0.19796045 0.71851426 0.27423335 0.01809676 0.90235528
 0.43609338 0.50859953 0.18488568 0.55967522 0.66552932 0.07520917
 0.61225166 0.90235528]","[0.31007573 0.01809676 0.11135888 0.06383124 0.14969106 0.48382277
 0.08151459 0.00421554 0.90235528 0.45963725 0.94837208 0.22624166
 0.39108739 0.0539576  0.90235528 0.69212796 0.79482654 0.91946676
 0.29176485 0.14969106 0.45963725 0.01346465 0.22624166 0.10315938
 0.12937218 0.09546732 0.41323244 0.63886042 0.61225166 0.25747545
 0.10315938 0.0539576  0.99875113 0.93482727 0.18488568 0.39108739
 0.50859953 0.08825991 0.63886042 0.8633028  0.05871658 0.01993114
 0.10315938 0.22624166 0.16077182 0.81875363 0.84163603 0.3490397
 0.41323244 0.48382277]","[0.22624166 0.32916807 0.31007573 0.32916807 0.00132017 0.29176485
 0.84163603 0.17249627 0.139232   0.99939196 0.39108739 0.55967522
 0.71851426 0.91946676 0.45963725 0.79482654 0.32916807 0.27423335
 0.45963725 0.04542867 0.77002924 0.25747545 0.94837208 0.45963725
 0.79482654 0.45963725 0.17249627 0.58582128 0.94837208 0.55967522
 0.93482727 0.77002924 0.53390728 0.41323244 0.66552932 0.3490397
 0.24148215 0.19796045 0.71851426 0.27423335 0.01809676 0.90235528
 0.43609338 0.50859953 0.18488568 0.55967522 0.66552932 0.07520917
 0.61225166 0.90235528]","[0.31007573 0.01809676 0.11135888 0.06383124 0.14969106 0.48382277
 0.08151459 0.00421554 0.90235528 0.45963725 0.94837208 0.22624166
 0.39108739 0.0539576  0.90235528 0.69212796 0.79482654 0.91946676
 0.29176485 0.14969106 0.45963725 0.01346465 0.22624166 0.10315938
 0.12937218 0.09546732 0.41323244 0.63886042 0.61225166 0.25747545
 0.10315938 0.0539576  0.99875113 0.93482727 0.18488568 0.39108739
 0.50859953 0.08825991 0.63886042 0.8633028  0.05871658 0.01993114
 0.10315938 0.22624166 0.16077182 0.81875363 0.84163603 0.3490397
 0.41323244 0.48382277]","[7.66072542e-02 2.81929775e-01 6.19920757e-01 2.58760971e-01
 2.44719885e-04 5.35869792e-01 8.47365695e-01 1.79556516e-01
 1.25334345e-01 9.98358395e-01 5.97170782e-01 6.34598796e-01
 8.14308756e-01 9.38566538e-01 4.60114279e-01 6.98464293e-01
 5.86134779e-01 2.62455445e-01 6.06914760e-01 8.69621498e-03
 6.73384287e-01 3.34562602e-01 9.47248276e-01 3.28321040e-01
 7.97304633e-01 3.34352254e-01 7.79019452e-02 6.11755828e-01
 9.45519683e-01 3.74966519e-01 8.38173446e-01 7.33021244e-01
 4.80839976e-01 3.67817685e-01 7.00490879e-01 4.20993856e-01
 2.27258007e-01 2.07593771e-01 9.01489712e-01 3.85988310e-01
 3.52952431e-02 7.99080769e-01 3.23142051e-01 5.43734264e-01
 1.88826047e-01 7.43508338e-01 5.91846409e-01 9.51845277e-02
 6.10086592e-01 8.54950230e-01]","[0.36240066 0.00385017 0.22612755 0.0705356  0.3113285  0.59696116
 0.03216136 0.0013524  0.84999493 0.58731099 0.979861   0.16700412
 0.49978275 0.03199519 0.81627348 0.73406138 0.67719864 0.95420524
 0.32029066 0.13849507 0.62255031 0.00909502 0.2394669  0.09306166
 0.23301409 0.07720633 0.35031428 0.65514917 0.29830508 0.27062111
 0.03774812 0.20921828 0.99645237 0.90483601 0.19834173 0.28679319
 0.845979   0.05820185 0.56776165 0.95416814 0.02464039 0.00989413
 0.10889907 0.11907523 0.10527375 0.97069815 0.91126407 0.07328533
 0.52021637 0.52691926]","[6.71549579e-04 2.50000000e-03 2.50000000e-03 2.50000000e-03
 1.00000000e-05 2.50000000e-03 2.50000000e-03 1.65695292e-03
 1.30106282e-03 2.50000000e-03 2.50000000e-03 2.50000000e-03
 2.50000000e-03 2.50000000e-03 2.50000000e-03 2.50000000e-03
 2.50000000e-03 2.50000000e-03 2.50000000e-03 3.92492805e-05
 2.50000000e-03 1.91006799e-03 2.50000000e-03 2.50000000e-03
 2.50000000e-03 2.50000000e-03 6.54026763e-04 2.50000000e-03
 2.50000000e-03 2.50000000e-03 2.50000000e-03 2.50000000e-03
 2.50000000e-03 2.50000000e-03 2.50000000e-03 2.50000000e-03
 2.50000000e-03 2.11564885e-03 2.50000000e-03 2.50000000e-03
 4.48755244e-04 2.50000000e-03 1.51429359e-03 2.50000000e-03
 1.75801032e-03 2.50000000e-03 2.50000000e-03 1.33282237e-03
 2.50000000e-03 2.50000000e-03]","[2.50000000e-03 3.41185939e-05 2.50000000e-03 6.22879975e-04
 2.29193402e-03 2.50000000e-03 3.44313395e-04 1.56472661e-05
 2.50000000e-03 2.50000000e-03 2.50000000e-03 1.67011107e-03
 2.50000000e-03 3.60730918e-04 2.50000000e-03 2.50000000e-03
 2.50000000e-03 2.50000000e-03 2.50000000e-03 1.07614468e-03
 2.50000000e-03 1.04426152e-04 2.50000000e-03 1.03120947e-03
 2.19854245e-03 8.62933994e-04 2.50000000e-03 2.50000000e-03
 2.50000000e-03 2.50000000e-03 2.38320313e-04 2.42744594e-03
 2.50000000e-03 2.50000000e-03 1.78630075e-03 2.50000000e-03
 2.50000000e-03 5.26773850e-04 2.50000000e-03 2.50000000e-03
 1.88207838e-04 7.89756147e-05 9.70881453e-04 1.63186387e-03
 9.67998762e-04 2.50000000e-03 2.50000000e-03 2.88605196e-04
 2.50000000e-03 2.50000000e-03]","[0.04356071 0.02152164 0.02729781 0.03678198 0.0395143  0.03849574
 0.02555165 0.03744696 0.02246228 0.02382653 0.02241494 0.01381649
 0.03991964 0.02859059 0.02406589 0.01681031 0.02474796 0.03080532
 0.02768461 0.02493536 0.03430537 0.01863786 0.01611456 0.02470061
 0.03264401 0.04386962 0.04437498 0.02788014 0.02747736 0.02264432
 0.03210273 0.01738891 0.01889331 0.02478219 0.04550426 0.03274159
 0.02465055 0.01951776 0.01943691 0.02191122 0.05434225 0.02011493
 0.01868093 0.03068837 0.03056881 0.0257016  0.02266589 0.0423496
 0.02960446 0.01678948]","[0.02102423 0.02351904 0.02368632 0.03467426 0.02487507 0.01904763
 0.02557596 0.04069842 0.02101847 0.01856074 0.02500218 0.04909655
 0.01120952 0.0231001  0.0203516  0.02844352 0.02602554 0.01524193
 0.03219238 0.0204918  0.02319784 0.04095087 0.02324867 0.01514213
 0.0260206  0.02885037 0.02553043 0.01749091 0.02645586 0.03338999
 0.03404312 0.01999837 0.02445915 0.01501757 0.02515711 0.02105944
 0.02824055 0.03260821 0.0225263  0.02999083 0.03423096 0.03345734
 0.02627499 0.03727582 0.03421716 0.01932585 0.01930656 0.01740507
 0.02033535 0.01477168]","[9.79555444e-04 3.08015967e-01 9.96569140e-02 8.70317553e-03
 3.77181145e-03 5.18746281e-03 1.44294362e-01 7.13992908e-03
 2.61247081e-01 2.02982839e-01 2.63469817e-01 8.34500943e-01
 3.31485980e-03 7.45796843e-02 1.93879478e-01 6.17964841e-01
 1.69675102e-01 4.39961014e-02 9.15070655e-02 1.63461133e-01
 1.76349648e-02 4.84952113e-01 6.70405355e-01 1.71274173e-01
 2.75518780e-02 8.78995501e-04 7.35042644e-04 8.76041089e-02
 9.58015122e-02 2.52827778e-01 3.17110373e-02 5.74763169e-01
 4.67394881e-01 1.68526282e-01 4.89243396e-04 2.68555751e-02
 1.72977918e-01 4.25887970e-01 4.31144049e-01 2.87978568e-01
 1.42054612e-05 3.88226365e-01 4.81970035e-01 4.52839460e-02
 4.66343152e-02 1.39915944e-01 2.51843543e-01 1.48681455e-03
 5.88590953e-02 6.19530894e-01]","[3.34978892e-01 2.15156942e-01 2.08466753e-01 1.59237321e-02
 1.65440237e-01 4.56946119e-01 1.43577088e-01 2.57695020e-03
 3.35299634e-01 4.90313787e-01 1.61289971e-01 1.25201164e-04
 9.60679317e-01 2.32629937e-01 3.73882060e-01 7.71322571e-02
 1.30823412e-01 7.35508195e-01 3.09861615e-02 3.65543767e-01
 2.28460632e-01 2.37248782e-03 2.26314976e-01 7.42816635e-01
 1.30958326e-01 7.02457297e-02 1.44922886e-01 5.67225744e-01
 1.19495048e-01 2.26115421e-02 1.89496415e-02 3.95414408e-01
 1.79615348e-01 7.51879774e-01 1.56343752e-01 3.33019061e-01
 8.07759917e-02 2.78112698e-02 2.58263130e-01 5.36652006e-02
 1.79994514e-02 2.22068553e-02 1.24154683e-01 7.51570803e-03
 1.80677547e-02 4.38421911e-01 4.39692517e-01 5.73567708e-01
 3.74855924e-01 7.69554949e-01]","[ 6.66856766e-04  3.47137451e-04  3.80277634e-04  1.22189522e-04
  4.14490700e-04  2.83241272e-04  2.33650208e-04 -9.90629196e-05
  1.22785568e-04 -4.98294830e-05  2.89440155e-04  1.41501427e-04
  1.10864639e-04  4.25815582e-04  7.73668289e-05 -1.23858452e-04
 -3.42130661e-05  8.82148743e-06 -7.09295273e-05  1.16944313e-04
  1.06811523e-04 -4.76837158e-05  1.54972076e-06  1.57594681e-04
  9.30666924e-04  4.80651855e-04  2.98023224e-04  1.35898590e-04
  3.76701355e-05  1.01208687e-04  2.85625458e-04 -5.35249710e-05
 -1.99079514e-04  1.08480453e-05  9.45329666e-05  1.54376030e-04
  3.74317169e-04  2.38418579e-04  2.87771225e-04 -2.57492065e-05
  2.28047371e-04 -5.96046448e-05  2.81333923e-05  4.98652458e-04
 -3.89814377e-05 -5.60283661e-05 -3.58819962e-05  2.26140022e-04
 -3.57627869e-07 -6.07967377e-05]","[-1.00493431e-04 -1.26838684e-04 -1.23262405e-04  1.81317329e-04
  3.65972519e-05 -1.22189522e-04 -1.53899193e-04  7.82012939e-05
 -1.52707100e-04 -1.21474266e-04  8.62360001e-04  2.02476978e-03
 -1.84297562e-04  3.34501266e-04 -1.95384026e-04 -1.02400780e-04
  3.00765038e-04 -5.79357147e-05  1.43051147e-05 -1.17063522e-04
 -4.04119492e-05  3.68237495e-04 -1.53064728e-04 -2.05397606e-04
  6.63518906e-04  5.15460968e-04 -3.01599503e-05 -1.87873840e-04
  2.56180763e-04 -1.19805336e-04  2.73227692e-04  2.98619270e-04
  1.14440918e-05 -1.22308731e-04  2.53915787e-05 -1.75952911e-04
 -1.70946121e-04  1.41501427e-03 -6.00814819e-05 -5.61475754e-05
  1.80125237e-04  9.53674316e-05  1.57833099e-04  4.82916832e-04
  2.16960907e-05  7.22408295e-05 -3.44514847e-05 -1.49965286e-04
 -1.32918358e-04 -1.51515007e-04]","[0.01830641 0.01662955 0.01752045 0.01388656 0.01637426 0.01673745
 0.01462537 0.00818815 0.01337582 0.00896598 0.01429139 0.01400003
 0.01213377 0.01843836 0.0123413  0.00756471 0.00976259 0.01184731
 0.00914949 0.01175548 0.01476785 0.00917846 0.01013645 0.01422445
 0.02395655 0.02047994 0.0145739  0.01359152 0.0115988  0.01217862
 0.01461244 0.01086445 0.0044796  0.00953659 0.01115683 0.01307475
 0.01829617 0.01625056 0.01580425 0.01168232 0.01460344 0.00989996
 0.01102445 0.01863395 0.01004421 0.00859667 0.01040335 0.01400913
 0.00985595 0.00915906]","[0.00908427 0.00664132 0.00797992 0.01354377 0.01174813 0.00817289
 0.00614737 0.01261972 0.0060828  0.00730192 0.02292945 0.03296905
 0.00656467 0.01502194 0.00466244 0.00746852 0.01423731 0.00981855
 0.01058893 0.00791474 0.01133091 0.01604438 0.0067194  0.00305987
 0.02216148 0.0181633  0.01013658 0.0046195  0.01526337 0.00835861
 0.01704023 0.01608667 0.01134785 0.00775667 0.01169069 0.0070285
 0.00691096 0.02803274 0.00976257 0.00950096 0.01314864 0.01300314
 0.01512494 0.01747465 0.01072967 0.01120231 0.0103274  0.00639475
 0.00704935 0.00626855]",0.49024637944699045,0.3828929788886882,0.27855226062693306,0.3118902008971832,0.5001202257172125,0.3927928181894099,0.28349752121803673,0.3302190649627957,0.0021682487943869583,0.001794367311188525,0.0006817521240116022,0.0009443351308374691,0.028226706170737737,0.02547628684639931,0.009064797446514141,0.0075961684691736924,0.00014925479888916015,0.00010642290115356445,0.0002163976664932957,0.000409417296777385,0.01305138226432363,0.011464726616875134,0.0036925606909183114,0.0058509143346122065
df1,0.1,0.0,0.1,"[0.22624166 0.74453538 0.06383124 0.1200888  0.06932183 0.27423335
 0.41323244 0.90235528 0.07520917 0.21173982 0.50859953 0.27423335
 0.66552932 0.12937218 0.61225166 0.3490397  0.17249627 0.05871658
 0.61225166 0.71851426 0.21173982 0.58582128 0.41323244 0.24148215
 0.22624166 0.17249627 0.48382277 0.17249627 0.11135888 0.16077182
 0.61225166 0.17249627 0.39108739 0.50859953 0.36968362 0.02646763
 0.81875363 0.71851426 0.90235528 0.29176485 0.31007573 0.61225166
 0.39108739 0.81875363 0.19796045 0.25747545 0.22624166 0.74453538
 0.53390728 0.58582128]","[1.89004559e-03 5.87165796e-02 9.60076470e-01 3.10075730e-01
 1.60771824e-01 4.36093382e-01 7.11507895e-04 3.49039701e-01
 1.48741570e-02 3.00718998e-03 8.15145929e-02 4.26159664e-04
 1.72496272e-01 5.87165796e-02 4.70847031e-03 2.57475452e-01
 2.68158880e-03 1.64147482e-02 3.95729931e-06 3.69683622e-01
 2.41482152e-01 6.92127962e-01 9.92823487e-03 1.64147482e-02
 7.25488863e-03 1.03159376e-01 5.59675216e-01 1.20088801e-01
 8.15145929e-02 1.32017364e-03 8.82599083e-02 3.36894521e-03
 6.93218252e-02 2.74233349e-01 1.21765095e-02 1.29372179e-01
 2.91764847e-01 6.38312357e-02 1.29372179e-01 7.94826541e-01
 4.13232440e-01 1.29372179e-01 3.47919250e-05 8.82599083e-02
 2.41040115e-02 6.52148041e-03 9.48372085e-01 1.29372179e-01
 2.74233349e-01 4.03308445e-05]","[0.22624166 0.74453538 0.06383124 0.1200888  0.06932183 0.27423335
 0.41323244 0.90235528 0.07520917 0.21173982 0.50859953 0.27423335
 0.66552932 0.12937218 0.61225166 0.3490397  0.17249627 0.05871658
 0.61225166 0.71851426 0.21173982 0.58582128 0.41323244 0.24148215
 0.22624166 0.17249627 0.48382277 0.17249627 0.11135888 0.16077182
 0.61225166 0.17249627 0.39108739 0.50859953 0.36968362 0.02646763
 0.81875363 0.71851426 0.90235528 0.29176485 0.31007573 0.61225166
 0.39108739 0.81875363 0.19796045 0.25747545 0.22624166 0.74453538
 0.53390728 0.58582128]","[1.89004559e-03 5.87165796e-02 9.60076470e-01 3.10075730e-01
 1.60771824e-01 4.36093382e-01 7.11507895e-04 3.49039701e-01
 1.48741570e-02 3.00718998e-03 8.15145929e-02 4.26159664e-04
 1.72496272e-01 5.87165796e-02 4.70847031e-03 2.57475452e-01
 2.68158880e-03 1.64147482e-02 3.95729931e-06 3.69683622e-01
 2.41482152e-01 6.92127962e-01 9.92823487e-03 1.64147482e-02
 7.25488863e-03 1.03159376e-01 5.59675216e-01 1.20088801e-01
 8.15145929e-02 1.32017364e-03 8.82599083e-02 3.36894521e-03
 6.93218252e-02 2.74233349e-01 1.21765095e-02 1.29372179e-01
 2.91764847e-01 6.38312357e-02 1.29372179e-01 7.94826541e-01
 4.13232440e-01 1.29372179e-01 3.47919250e-05 8.82599083e-02
 2.41040115e-02 6.52148041e-03 9.48372085e-01 1.29372179e-01
 2.74233349e-01 4.03308445e-05]","[0.16771707 0.47677469 0.04603713 0.07337431 0.02128432 0.15512793
 0.25161409 0.69226946 0.05013431 0.1442249  0.46812125 0.11483307
 0.43429404 0.11526736 0.73461624 0.21636451 0.07025339 0.05377771
 0.3332895  0.62441396 0.24835528 0.55947819 0.39997652 0.32997878
 0.48615331 0.10987308 0.48511014 0.08561799 0.09576287 0.18847234
 0.63832727 0.06043927 0.34629064 0.39389267 0.25055319 0.00809177
 0.80452702 0.77817142 0.91767608 0.27457535 0.16094071 0.68306104
 0.66424314 0.82924507 0.21433754 0.26028317 0.22963736 0.59000447
 0.39856385 0.4005218 ]","[4.54725999e-04 4.48070659e-02 9.09147507e-01 3.29084802e-01
 1.14330517e-01 4.69310405e-01 5.81495993e-04 2.63213793e-01
 4.14962572e-03 2.16126736e-03 5.60842121e-02 1.06559567e-04
 1.23723736e-01 9.80264328e-02 1.41455655e-03 1.30369872e-01
 1.27571721e-03 5.22295403e-03 3.53624013e-06 1.63933826e-01
 1.69897802e-01 4.32990992e-01 1.97230898e-03 1.47588341e-02
 6.15323660e-03 1.48803728e-02 2.63599004e-01 2.11306414e-01
 2.56332648e-02 2.37255596e-04 1.39586927e-01 2.34049031e-02
 8.69150271e-03 1.11427669e-01 1.44499247e-03 1.33290372e-01
 1.81665746e-01 2.75786330e-02 7.22867385e-02 7.92124547e-01
 2.35751227e-01 7.94612835e-02 1.00135004e-05 2.64157008e-02
 1.77531840e-02 1.14116846e-03 9.08418160e-01 9.70773779e-02
 1.22043591e-01 7.52455458e-06]","[9.83846506e-04 2.50000000e-03 2.94467131e-04 4.88446567e-04
 2.40278987e-04 1.44105954e-03 1.94449023e-03 2.50000000e-03
 3.71411516e-04 1.41856510e-03 2.50000000e-03 9.52113374e-04
 2.50000000e-03 9.61204706e-04 2.50000000e-03 9.88866722e-04
 4.13731306e-04 4.76795320e-04 2.50000000e-03 2.50000000e-03
 1.32161285e-03 2.50000000e-03 2.50000000e-03 1.12067612e-03
 2.50000000e-03 9.26165553e-04 2.50000000e-03 5.95711868e-04
 1.17924370e-03 1.62326204e-03 2.50000000e-03 3.06673499e-04
 2.50000000e-03 2.50000000e-03 2.50000000e-03 9.18408439e-05
 2.50000000e-03 2.50000000e-03 2.50000000e-03 2.50000000e-03
 1.22931337e-03 2.50000000e-03 2.50000000e-03 2.50000000e-03
 2.50000000e-03 2.50000000e-03 2.23155607e-03 2.50000000e-03
 2.50000000e-03 2.50000000e-03]","[1.00000000e-05 5.06617577e-04 2.50000000e-03 2.50000000e-03
 1.66588237e-03 2.32635099e-03 1.00000000e-05 2.18578177e-03
 6.20627117e-05 2.02562420e-05 4.36050031e-04 1.00000000e-05
 1.17904359e-03 9.00153266e-04 1.00000000e-05 1.58914012e-03
 1.81742264e-05 3.99809776e-05 1.00000000e-05 1.30081639e-03
 1.84041804e-03 2.50000000e-03 1.00000000e-05 4.52937578e-05
 7.53078125e-05 6.05660485e-05 1.95698656e-03 2.50000000e-03
 2.66023634e-04 1.00000000e-05 1.08001699e-03 2.76196987e-04
 3.06050512e-05 1.14896907e-03 1.00000000e-05 1.36454889e-03
 1.71806335e-03 2.61275092e-04 4.33836888e-04 2.50000000e-03
 2.23653622e-03 4.92315416e-04 1.00000000e-05 2.58079196e-04
 1.46572697e-04 1.00000000e-05 2.50000000e-03 1.20357879e-03
 1.05891014e-03 1.00000000e-05]","[0.04454266 0.02643909 0.03963438 0.0360128  0.02874311 0.02483378
 0.01489929 0.02922213 0.04015806 0.0299808  0.02246949 0.0345969
 0.0411201  0.04749703 0.02499433 0.03546149 0.04318458 0.03564362
 0.02849766 0.02053161 0.03366273 0.03418171 0.01904338 0.03968061
 0.03149071 0.02415828 0.03233509 0.03486306 0.02694865 0.03639504
 0.03194283 0.02480194 0.02555213 0.02528195 0.0315069  0.03319068
 0.02788691 0.02401642 0.01973458 0.03568192 0.03746322 0.02355278
 0.02513149 0.02285255 0.02531193 0.0284625  0.03170885 0.01997609
 0.02598766 0.02794747]","[0.0436223  0.03629534 0.01675694 0.03308277 0.03711742 0.03577345
 0.05031776 0.03088649 0.04846288 0.05032099 0.02507373 0.04782754
 0.03319619 0.02509194 0.04325313 0.04516758 0.05510873 0.02898987
 0.05744522 0.03011935 0.03194015 0.02857247 0.0502914  0.02528362
 0.04473183 0.02857109 0.03188112 0.03546584 0.03658009 0.05224308
 0.02857963 0.03610654 0.04724149 0.02293749 0.03488844 0.04769647
 0.02950791 0.05315445 0.03474997 0.02822912 0.02049082 0.03223159
 0.04484272 0.03549175 0.03727987 0.04473489 0.0415924  0.03677346
 0.03326211 0.05202867]","[6.92378271e-04 1.19921081e-01 3.63073147e-03 1.08947383e-02
 7.20085688e-02 1.66806393e-01 7.60420137e-01 6.44173187e-02
 3.07050287e-03 5.37948897e-02 2.60909867e-01 1.62697416e-02
 2.24393979e-03 2.32659167e-04 1.61543723e-01 1.27602594e-02
 1.11650309e-03 1.21143337e-02 7.61841820e-02 3.63197868e-01
 2.10120708e-02 1.82443520e-02 4.57232015e-01 3.57773379e-03
 3.70698777e-02 1.90451551e-01 2.98623203e-02 1.51068230e-02
 1.07523942e-01 9.74997152e-03 3.30409220e-02 1.67866207e-01
 1.44280167e-01 1.52447035e-01 3.69185225e-02 2.38478721e-02
 8.74715067e-02 1.95734295e-01 4.11976088e-01 1.19823370e-02
 7.10513469e-03 2.13794542e-01 1.57153166e-01 2.43444469e-01
 1.51522748e-01 7.67987672e-02 3.50752492e-02 3.96797421e-01
 1.31861337e-01 8.62929956e-02]","[9.58686745e-04 1.00375502e-02 6.21978156e-01 2.45418836e-02
 7.87947639e-03 1.16720739e-02 7.69381609e-05 4.31210280e-02
 1.60430395e-04 7.68377908e-05 1.58990438e-01 2.05042861e-04
 2.38128802e-02 1.58409334e-01 1.09028399e-03 5.52962152e-04
 1.01465908e-05 6.80082386e-02 3.53347157e-06 5.20273918e-02
 3.30636161e-02 7.48902582e-02 7.77608092e-05 1.52395355e-01
 6.47035126e-04 7.49139390e-02 3.35671701e-02 1.27445128e-02
 9.23588366e-03 3.48490628e-05 7.47674484e-02 1.06032703e-02
 2.56382184e-04 2.39692095e-01 1.49999246e-02 2.15601620e-04
 6.02223776e-02 2.37067316e-05 1.55915121e-02 8.09855624e-02
 3.65601558e-01 3.06736789e-02 6.21765836e-04 1.26508607e-02
 7.50660895e-03 6.46324016e-04 1.91852784e-03 8.72509577e-03
 2.33980330e-02 3.81183694e-05]","[ 9.51290131e-05 -2.02655792e-05  5.57422638e-04  4.62770462e-04
  4.08411026e-04 -1.81674957e-04 -1.28269196e-04  1.49846077e-04
  2.17914581e-04 -4.30345535e-05  3.97443771e-04 -8.26120377e-05
  1.19209290e-06  6.92009926e-04 -1.07407570e-04 -1.37090683e-05
  5.54800034e-04  8.82148743e-05  2.04682350e-04 -9.94205475e-05
 -7.10487366e-05  3.46899033e-04 -1.00493431e-04  1.56164169e-04
 -1.13725662e-04  3.81708145e-04 -3.70740891e-05  2.36153603e-04
  4.70876694e-05  1.94072723e-04  6.39319420e-04 -4.33921814e-05
 -3.32593918e-05 -1.01327896e-04  3.51667404e-04  3.46779823e-04
  2.51531601e-05 -1.01804733e-04 -1.55568123e-04  3.83138657e-04
  7.74860382e-05 -1.25527382e-04 -5.12599945e-06 -1.43170357e-04
  1.81674957e-04 -1.74045563e-04  1.92403793e-04  6.78300858e-05
 -1.20997429e-04  1.70469284e-05]","[ 4.69923019e-04  2.00271606e-04  1.77621841e-05  3.79562378e-04
  3.76462936e-04  1.54256821e-04  4.83751297e-04  3.23295593e-04
  1.67500973e-03  6.58988953e-04  1.64747238e-04  1.13034248e-03
  8.77380371e-05  2.76327133e-04  2.96115875e-04  5.16414642e-04
  2.04622746e-03 -1.50203705e-05  2.32684612e-03  7.38859177e-04
  4.38213348e-04  1.85012817e-04  1.67250633e-03 -6.31809235e-05
  5.03063202e-05  9.60707664e-04  2.02417374e-04  2.04205513e-04
  4.92930412e-04  1.50632858e-03  1.14440918e-05  3.13997269e-04
  6.75439835e-04  1.57475471e-04  6.61969185e-04  1.81114674e-03
  7.89165497e-05  7.40766525e-04  1.08647346e-03  3.39031219e-04
 -1.35779381e-04  2.19225883e-04  1.56915188e-03  5.72204590e-04
  3.88264656e-04  1.59943104e-03  3.10540199e-04 -4.83989716e-05
  1.84297562e-04  9.72270966e-04]","[0.01203859 0.01049315 0.0170201  0.01739949 0.01698886 0.00610627
 0.00785879 0.01427459 0.01661762 0.00919254 0.01654818 0.009567
 0.01132923 0.01862633 0.00919914 0.010802   0.02029017 0.01260344
 0.01563478 0.01052566 0.01234485 0.01711837 0.0095928  0.01199205
 0.0095293  0.01818635 0.0108435  0.01487832 0.01022366 0.01757463
 0.02088318 0.01128479 0.01080497 0.00945781 0.01526806 0.01849516
 0.01163917 0.01017346 0.00632435 0.01722421 0.01118098 0.00884466
 0.00992322 0.01047633 0.01264244 0.0088552  0.01281876 0.01227136
 0.00894239 0.01259616]","[0.01752487 0.01308082 0.01185856 0.01917248 0.01797455 0.01307265
 0.0179543  0.01654841 0.02972258 0.0200794  0.01333328 0.02778056
 0.01237641 0.01769655 0.01978302 0.02051543 0.03461444 0.01082798
 0.03424996 0.0188336  0.01704102 0.01379922 0.03336637 0.01011216
 0.01136407 0.02592531 0.01471975 0.0131341  0.01839254 0.02958557
 0.01158679 0.0153335  0.0229737  0.01250733 0.02294133 0.03324565
 0.01134926 0.02194092 0.02779552 0.01712261 0.00656312 0.01657583
 0.03169825 0.01738855 0.01675477 0.02911315 0.01493616 0.0100142
 0.01284935 0.02481867]",0.3894268167175368,0.17924828895880346,0.24676549993383107,0.24118063733087572,0.3427190108857338,0.13676826705491804,0.24754159662654737,0.21619332994743842,0.0017820266583540884,0.0008658882178883706,0.0008645132630625403,0.0009239495945638144,0.03018425965309143,0.037625802197456364,0.007092681553589804,0.00972493979522661,0.00010942935943603516,0.000589303970336914,0.0002311698120600714,0.0006002555943647299,0.012710127582765574,0.0190389727249551,0.0036572992553611256,0.007252175188005158
df1,0.15000000000000002,0.0,0.15000000000000002,"[0.139232   0.39108739 0.66552932 0.55967522 0.18488568 0.21173982
 0.01100057 0.50859953 0.63886042 0.16077182 0.16077182 0.3490397
 0.0416213  0.19796045 0.66552932 0.24148215 0.27423335 0.36968362
 0.27423335 0.8633028  0.139232   0.03809482 0.02192948 0.01217651
 0.08825991 0.43609338 0.50859953 0.03809482 0.07520917 0.31007573
 0.19796045 0.00148941 0.02192948 0.01993114 0.41323244 0.02903392
 0.16077182 0.43609338 0.19796045 0.01993114 0.08825991 0.84163603
 0.63886042 0.0539576  0.00189005 0.29176485 0.21173982 0.50859953
 0.19796045 0.55967522]","[4.03308445e-05 3.48322136e-02 8.82599083e-02 5.39576008e-02
 1.16899447e-03 9.54673207e-02 1.67865304e-03 8.31541824e-05
 6.93218252e-02 6.52148041e-03 2.12592488e-03 8.95145539e-03
 2.12592488e-03 2.68158880e-03 5.51757155e-04 6.26876255e-04
 7.52091658e-02 1.16899447e-03 5.85633896e-03 1.99311438e-02
 3.18171260e-02 2.38884447e-03 7.25488863e-03 9.92823487e-03
 9.13835051e-04 8.06755085e-04 1.84885683e-01 8.31541824e-05
 2.38884447e-03 3.91087390e-01 1.99311438e-02 2.59150246e-07
 4.21554189e-03 7.25488863e-03 4.16212987e-02 3.73964604e-04
 3.80948244e-02 3.80948244e-02 4.95346404e-02 2.05084189e-06
 1.84885683e-01 4.95346404e-02 2.58137431e-05 2.42077577e-06
 4.99357648e-08 1.89004559e-03 1.10005675e-02 2.19294824e-02
 1.16899447e-03 8.06755085e-04]","[0.139232   0.39108739 0.66552932 0.55967522 0.18488568 0.21173982
 0.01100057 0.50859953 0.63886042 0.16077182 0.16077182 0.3490397
 0.0416213  0.19796045 0.66552932 0.24148215 0.27423335 0.36968362
 0.27423335 0.8633028  0.139232   0.03809482 0.02192948 0.01217651
 0.08825991 0.43609338 0.50859953 0.03809482 0.07520917 0.31007573
 0.19796045 0.00148941 0.02192948 0.01993114 0.41323244 0.02903392
 0.16077182 0.43609338 0.19796045 0.01993114 0.08825991 0.84163603
 0.63886042 0.0539576  0.00189005 0.29176485 0.21173982 0.50859953
 0.19796045 0.55967522]","[4.03308445e-05 3.48322136e-02 8.82599083e-02 5.39576008e-02
 1.16899447e-03 9.54673207e-02 1.67865304e-03 8.31541824e-05
 6.93218252e-02 6.52148041e-03 2.12592488e-03 8.95145539e-03
 2.12592488e-03 2.68158880e-03 5.51757155e-04 6.26876255e-04
 7.52091658e-02 1.16899447e-03 5.85633896e-03 1.99311438e-02
 3.18171260e-02 2.38884447e-03 7.25488863e-03 9.92823487e-03
 9.13835051e-04 8.06755085e-04 1.84885683e-01 8.31541824e-05
 2.38884447e-03 3.91087390e-01 1.99311438e-02 2.59150246e-07
 4.21554189e-03 7.25488863e-03 4.16212987e-02 3.73964604e-04
 3.80948244e-02 3.80948244e-02 4.95346404e-02 2.05084189e-06
 1.84885683e-01 4.95346404e-02 2.58137431e-05 2.42077577e-06
 4.99357648e-08 1.89004559e-03 1.10005675e-02 2.19294824e-02
 1.16899447e-03 8.06755085e-04]","[1.17161364e-01 3.55509212e-01 5.92026161e-01 4.10096672e-01
 2.94826226e-01 5.31289977e-02 1.78509614e-02 3.07042244e-01
 5.67230038e-01 1.44404388e-01 5.56409483e-02 3.79011267e-01
 4.89157357e-03 3.21928911e-01 6.97415126e-01 3.94603169e-01
 1.99074280e-01 2.17374539e-01 2.87752692e-01 6.94928689e-01
 1.22225325e-01 4.01847074e-02 2.42189711e-02 1.72786178e-03
 1.88821949e-01 4.48657925e-01 4.84188937e-01 5.63245310e-02
 1.24075397e-02 1.56074904e-01 9.79829198e-02 1.08331750e-04
 1.83328507e-02 7.16800129e-02 2.91112540e-01 7.82243682e-03
 6.07192834e-02 4.73007327e-01 3.24738152e-01 7.42742799e-03
 1.68538527e-01 6.70094627e-01 6.61095173e-01 4.43655494e-02
 3.47540455e-03 1.22965691e-01 2.01415367e-01 4.09684556e-01
 4.57198194e-01 4.75612701e-01]","[4.23256483e-06 2.91109016e-02 2.90350931e-02 1.30513017e-02
 9.26873309e-04 1.86242916e-02 1.37772598e-03 9.30467899e-07
 1.15799982e-01 1.05475866e-02 8.87614876e-04 2.07311683e-03
 7.28264684e-05 1.85797444e-03 6.17072358e-05 3.09724890e-06
 2.76789074e-02 4.08600351e-04 1.68890532e-03 3.30507389e-03
 8.09581077e-03 6.03735221e-05 3.88831326e-03 1.09719482e-03
 1.82098627e-03 7.14518213e-05 7.13922850e-02 4.51929536e-05
 3.24567014e-04 1.78076094e-01 6.02452354e-03 1.51386630e-07
 8.01276756e-04 9.85275193e-04 3.11463373e-02 4.56560313e-05
 7.37583927e-03 1.12812100e-02 3.83881241e-02 9.44294062e-08
 4.01122679e-02 5.95515763e-02 3.03655089e-06 3.07540845e-06
 9.93860882e-09 5.95520956e-05 1.16014485e-03 3.19693659e-03
 1.23882606e-04 9.02670009e-04]","[7.34461902e-04 2.50000000e-03 2.50000000e-03 2.50000000e-03
 1.99819199e-03 2.44716302e-04 8.03214534e-05 2.35644766e-03
 2.50000000e-03 4.28132723e-04 3.61639529e-04 2.50000000e-03
 2.36838577e-05 1.30475089e-03 2.50000000e-03 1.50230942e-03
 1.88108268e-03 1.35100149e-03 1.25205226e-03 2.50000000e-03
 7.51060557e-04 1.55224132e-04 3.36073823e-04 1.18031930e-05
 1.75403421e-03 2.50000000e-03 2.50000000e-03 2.95993075e-04
 1.00459506e-04 1.30555726e-03 8.12195621e-04 1.00000000e-05
 1.32189319e-04 1.70491059e-04 2.50000000e-03 3.06097151e-05
 4.73184313e-04 2.50000000e-03 1.87272473e-03 3.32758817e-05
 1.28851353e-03 2.50000000e-03 2.50000000e-03 3.11348529e-04
 1.00000000e-05 7.13559550e-04 1.60029577e-03 2.50000000e-03
 2.50000000e-03 2.50000000e-03]","[1.00000000e-05 2.42913138e-04 5.97168051e-05 3.64952174e-05
 1.00000000e-05 1.49195148e-04 1.32965877e-05 1.00000000e-05
 8.79978333e-04 1.28394068e-04 1.00000000e-05 1.59991480e-05
 1.00000000e-05 1.00000000e-05 1.00000000e-05 1.00000000e-05
 1.54194273e-04 1.00000000e-05 1.44310478e-05 3.75611134e-05
 3.89199744e-05 1.00000000e-05 4.53796985e-05 1.00000000e-05
 2.71790727e-05 1.00000000e-05 6.44470383e-04 1.00000000e-05
 1.00000000e-05 1.81200888e-03 6.87930648e-05 1.00000000e-05
 1.00000000e-05 1.00000000e-05 1.89905548e-04 1.00000000e-05
 3.35633472e-05 6.37462562e-05 4.54024329e-04 1.00000000e-05
 2.26897399e-04 4.20273763e-04 1.00000000e-05 1.00000000e-05
 1.00000000e-05 1.00000000e-05 1.02577379e-05 2.98255373e-05
 1.00000000e-05 1.00000000e-05]","[0.05097946 0.02385131 0.03422084 0.03475128 0.04290716 0.03985405
 0.02788155 0.03652065 0.03302106 0.02093756 0.02869358 0.02049549
 0.04640372 0.02922214 0.02146481 0.02123709 0.02945743 0.0395555
 0.03138057 0.03607109 0.02861428 0.03448044 0.04229422 0.04310148
 0.04605442 0.02797364 0.03057995 0.0325357  0.03919575 0.03072994
 0.03507558 0.03989123 0.03226893 0.03921336 0.03778719 0.03600603
 0.04259182 0.03383225 0.02424913 0.05676893 0.0333381  0.03198369
 0.02929951 0.03955016 0.03694812 0.03985581 0.03331826 0.03093965
 0.02675159 0.03012677]","[0.04715693 0.04705201 0.03649061 0.05187361 0.03663601 0.05686639
 0.05481306 0.06323864 0.03620199 0.04526205 0.04806951 0.05859534
 0.05193799 0.04681556 0.05269788 0.05577691 0.03988054 0.04769634
 0.0443659  0.04729887 0.03599697 0.05039477 0.0403175  0.04912174
 0.05645847 0.0416235  0.03895582 0.05122368 0.04185714 0.04271715
 0.05312207 0.06949831 0.05798607 0.0554841  0.05605278 0.06150283
 0.04336851 0.05081964 0.05078085 0.07977237 0.03509065 0.03015156
 0.06055838 0.06957355 0.06896414 0.05546085 0.04623629 0.05653582
 0.04919177 0.06109977]","[5.88015335e-05 2.02025622e-01 1.80495354e-02 1.55858070e-02
 1.22873720e-03 3.38516408e-03 8.75764240e-02 9.39827308e-03
 2.49467953e-02 3.39834514e-01 7.28351371e-02 3.65326128e-01
 3.51185369e-04 6.44172755e-02 3.11018462e-01 3.23251119e-01
 6.09459779e-02 3.72284606e-03 3.81141195e-02 1.07126397e-02
 7.41752694e-02 1.68033077e-02 1.51503318e-03 1.14907496e-03
 3.99748757e-04 8.57878810e-02 4.65070741e-02 2.83432941e-02
 4.17084324e-03 4.48224813e-02 1.42324855e-02 3.34514442e-03
 3.03787882e-02 4.14780675e-03 6.44326705e-03 1.09160679e-02
 1.36905480e-03 2.00694730e-02 1.87127014e-01 4.81683547e-06
 2.29278283e-02 3.26964930e-02 6.32576469e-02 3.72915670e-03
 8.28590179e-03 3.38325680e-03 2.30497671e-02 4.25561477e-02
 1.12186359e-01 5.19342751e-02]","[2.64722700e-04 2.75428276e-04 9.48132072e-03 4.06628861e-05
 9.08546072e-03 4.60753528e-06 1.15593987e-05 2.13841767e-07
 1.03137632e-02 5.34339042e-04 1.86821778e-04 2.06872327e-06
 3.95872873e-05 3.01069533e-04 2.87777373e-05 7.53795362e-06
 3.35660637e-03 2.15612260e-04 7.37422332e-04 2.50864473e-04
 1.09446467e-02 7.45815164e-05 2.91649109e-03 1.23964754e-04
 5.54623960e-06 1.89871445e-03 4.49661141e-03 5.32001899e-05
 1.75584893e-03 1.31159015e-03 2.40362686e-05 7.62409314e-09
 2.75070073e-06 8.59024386e-06 6.66058878e-06 5.09745398e-07
 1.04744315e-03 6.27663919e-05 6.37664542e-05 1.61686677e-11
 1.41722441e-02 5.16237584e-02 8.09470167e-07 7.31058305e-09
 1.02586529e-08 8.67955905e-06 3.73725606e-04 5.35516700e-06
 1.20588677e-04 6.21512755e-07]","[ 1.04427338e-03 -2.50339508e-05  8.84532928e-05  3.66806984e-04
  2.52246857e-04  6.74009323e-04  1.06334686e-04  1.84774399e-04
 -3.99351120e-05 -1.83939934e-04 -1.84774399e-04 -4.52995300e-06
 -6.33001328e-05 -5.60283661e-06 -1.54614449e-04 -6.33001328e-05
  4.40239906e-04  6.73413277e-04 -1.01447105e-04  3.75032425e-04
 -6.46114349e-05 -9.82284546e-05  6.07609749e-04  9.82999802e-04
 -4.41074371e-05  3.11851501e-04 -1.08480453e-05  1.51634216e-04
  2.00510025e-04  4.22835350e-04  5.20467758e-04  2.55227089e-04
 -1.12056732e-04  5.16176224e-04  2.34603882e-04  1.03473663e-04
  1.92999840e-04  1.81913376e-04 -5.24520874e-05  6.35504723e-04
  2.06112862e-04  1.54256821e-04  7.71284103e-05  1.37448311e-04
  1.19566917e-04  5.68509102e-04  2.29120255e-04  6.00337982e-04
  2.88486481e-05 -1.28865242e-04]","[ 1.77109241e-03  4.37140465e-04  2.00271606e-04  1.68466568e-03
  7.41481781e-04  1.42300129e-03  1.32346153e-03  1.96921825e-03
  3.36647034e-04  4.10795212e-04  4.07099724e-04  1.18529797e-03
  2.35438347e-04  1.44577026e-03  1.21891499e-03  7.26103783e-04
  1.62994862e-03  1.27780437e-03  8.87870789e-04  4.18901443e-04
  4.97221947e-04  5.65767288e-04  8.64863396e-04  2.39622593e-03
  2.90989876e-04  1.52838230e-03  8.77141953e-04  1.19709969e-03
  2.26140022e-04  8.08358192e-04  1.34027004e-03  2.40182877e-03
  9.95874405e-04  2.78472900e-03  8.07523727e-04  2.09033489e-03
  3.41176987e-04  1.12557411e-03  2.49743462e-04  2.80582905e-03
  1.72853470e-05 -5.84125519e-05  3.55887413e-03  2.33411789e-03
  2.22444534e-03  2.18141079e-03  1.26290321e-03  2.30908394e-03
  1.27089024e-03  1.28459930e-03]","[0.02584095 0.01164702 0.01247742 0.01641648 0.01537372 0.02459224
 0.01598356 0.01208465 0.01085439 0.00491072 0.0057703  0.01114139
 0.00939979 0.01131601 0.00652934 0.00877606 0.01709734 0.02062173
 0.01068806 0.01781378 0.00925294 0.00916907 0.02101936 0.02759385
 0.00922521 0.01465634 0.01102246 0.01638321 0.01407029 0.01726649
 0.02056735 0.01808294 0.00951685 0.02325633 0.01623836 0.01415133
 0.01245268 0.01571622 0.00965373 0.02201388 0.0147007  0.01401846
 0.01390675 0.014538   0.01518572 0.02317801 0.01509863 0.02127872
 0.01207608 0.00854317]","[0.03229959 0.01773221 0.01746601 0.03485703 0.02364634 0.03056874
 0.02798909 0.03644962 0.01708033 0.01573166 0.0185428  0.0300465
 0.01497127 0.02972121 0.02793861 0.02323911 0.03297448 0.03102816
 0.02300492 0.01881521 0.01888078 0.02110147 0.02227763 0.03811311
 0.01605271 0.02971613 0.02126412 0.02741412 0.01706208 0.02356389
 0.03032299 0.03744083 0.02769137 0.04089197 0.02169054 0.03280587
 0.01789527 0.02875619 0.014016   0.04095104 0.01214035 0.00951425
 0.04462707 0.03743816 0.03762907 0.03892807 0.02815232 0.03480094
 0.03040797 0.02756638]",0.2693936491807834,0.03144966594069087,0.23284166675517518,0.06568435429130452,0.24428214363042106,0.014451013054375622,0.2131391952049833,0.03187560360713875,0.001313747718767718,0.00012094839735703697,0.0009990681249560406,0.0002952346842176314,0.03428524518489837,0.050572862973213194,0.007550159092787105,0.010013176306449899,0.00020614147186279297,0.0012062239646911622,0.0002925481835420885,0.000824363125993305,0.01466336167368342,0.026664311310793297,0.005242065668762297,0.008486455474400386
df1,0.2,0.0,0.2,"[1.29372179e-01 1.29372179e-01 4.26159664e-04 6.92127962e-01
 6.52148041e-03 1.10287908e-04 6.38312357e-02 2.91764847e-01
 3.49039701e-01 2.11739817e-01 5.33907283e-01 7.44535382e-01
 3.18171260e-02 1.03408932e-03 1.97960446e-01 2.26241661e-01
 2.85456402e-06 4.83822766e-01 1.39231997e-01 1.99311438e-02
 1.10005675e-02 2.41040115e-02 1.10005675e-02 3.77043497e-03
 1.49691056e-01 1.89004559e-03 4.59637254e-01 3.18171260e-02
 2.26241661e-01 1.67865304e-03 5.87165796e-02 2.68158880e-03
 1.97960446e-01 4.16212987e-02 4.85152370e-04 7.44535382e-01
 3.80948244e-02 1.80967606e-02 5.85821277e-01 6.93218252e-02
 7.52091658e-02 5.39576008e-02 3.36894521e-03 5.59675216e-01
 1.21765095e-02 1.99311438e-02 2.41040115e-02 1.48741570e-02
 2.90339156e-02 5.08599525e-01]","[4.21554189e-03 1.91681353e-04 2.38884447e-03 4.26159664e-04
 2.68158880e-03 1.32017364e-03 2.22014992e-05 2.19294824e-02
 2.58137431e-05 2.38884447e-03 1.25918603e-07 3.73964604e-04
 2.19534247e-04 8.06755085e-04 1.16899447e-03 1.32017364e-03
 1.80794013e-14 4.65235514e-06 5.40313022e-05 2.42077577e-06
 1.02917236e-05 7.20954134e-05 8.06268875e-03 1.64147482e-02
 6.24445815e-05 2.19534247e-04 1.02917236e-05 8.31541824e-05
 7.25488863e-03 5.40313022e-05 2.85456402e-06 3.42511079e-08
 1.16899447e-03 6.24445815e-05 1.51046944e-07 2.99835482e-05
 2.22014992e-05 2.42077577e-06 2.19534247e-04 4.67045972e-05
 5.51757155e-04 7.28113471e-09 2.33983459e-08 1.59199965e-08
 6.41076366e-06 1.73569175e-06 4.85152370e-04 9.13835051e-04
 2.58137431e-05 4.21554189e-03]","[1.29372179e-01 1.29372179e-01 4.26159664e-04 6.92127962e-01
 6.52148041e-03 1.10287908e-04 6.38312357e-02 2.91764847e-01
 3.49039701e-01 2.11739817e-01 5.33907283e-01 7.44535382e-01
 3.18171260e-02 1.03408932e-03 1.97960446e-01 2.26241661e-01
 2.85456402e-06 4.83822766e-01 1.39231997e-01 1.99311438e-02
 1.10005675e-02 2.41040115e-02 1.10005675e-02 3.77043497e-03
 1.49691056e-01 1.89004559e-03 4.59637254e-01 3.18171260e-02
 2.26241661e-01 1.67865304e-03 5.87165796e-02 2.68158880e-03
 1.97960446e-01 4.16212987e-02 4.85152370e-04 7.44535382e-01
 3.80948244e-02 1.80967606e-02 5.85821277e-01 6.93218252e-02
 7.52091658e-02 5.39576008e-02 3.36894521e-03 5.59675216e-01
 1.21765095e-02 1.99311438e-02 2.41040115e-02 1.48741570e-02
 2.90339156e-02 5.08599525e-01]","[4.21554189e-03 1.91681353e-04 2.38884447e-03 4.26159664e-04
 2.68158880e-03 1.32017364e-03 2.22014992e-05 2.19294824e-02
 2.58137431e-05 2.38884447e-03 1.25918603e-07 3.73964604e-04
 2.19534247e-04 8.06755085e-04 1.16899447e-03 1.32017364e-03
 1.80794013e-14 4.65235514e-06 5.40313022e-05 2.42077577e-06
 1.02917236e-05 7.20954134e-05 8.06268875e-03 1.64147482e-02
 6.24445815e-05 2.19534247e-04 1.02917236e-05 8.31541824e-05
 7.25488863e-03 5.40313022e-05 2.85456402e-06 3.42511079e-08
 1.16899447e-03 6.24445815e-05 1.51046944e-07 2.99835482e-05
 2.22014992e-05 2.42077577e-06 2.19534247e-04 4.67045972e-05
 5.51757155e-04 7.28113471e-09 2.33983459e-08 1.59199965e-08
 6.41076366e-06 1.73569175e-06 4.85152370e-04 9.13835051e-04
 2.58137431e-05 4.21554189e-03]","[1.59963847e-01 3.55986552e-02 4.11640848e-04 6.76093596e-01
 5.27167235e-03 3.06786340e-06 1.08469124e-01 2.26893099e-01
 5.08755682e-01 6.16731359e-02 2.79180634e-01 6.28515814e-01
 2.69422547e-02 1.49864586e-03 1.25330065e-01 1.62322426e-01
 4.70482154e-06 2.80602713e-01 8.73753436e-02 2.06942409e-03
 9.52915976e-03 5.20865977e-02 1.14721759e-02 2.34188245e-02
 1.41648716e-01 5.36170008e-04 6.12975764e-01 1.05902224e-02
 6.78374932e-02 1.66366533e-03 1.28551805e-02 8.41719434e-05
 1.26569046e-01 3.70082996e-02 4.68779895e-04 6.37635161e-01
 1.70944599e-02 7.61941297e-03 4.56097219e-01 2.04651720e-02
 2.41946463e-02 8.51687698e-02 2.78472553e-04 3.89432841e-01
 6.58703865e-02 5.65392703e-03 9.44957472e-03 3.07567086e-02
 1.30645765e-02 3.24479034e-01]","[3.75403391e-04 7.65400874e-05 1.60315841e-04 4.30444830e-05
 3.06154317e-05 1.76968352e-04 5.82390885e-06 2.47738079e-03
 1.02470823e-07 3.17130265e-05 3.24773616e-08 6.82350889e-06
 3.38831246e-05 2.42165251e-04 1.23971520e-04 2.60047385e-04
 1.11334053e-10 1.47318231e-08 1.04578612e-05 5.27048642e-07
 1.30026879e-05 1.80807448e-05 2.38329661e-03 5.47583394e-03
 1.56971802e-05 8.57567170e-06 5.24576451e-07 7.23288448e-05
 1.74910438e-04 3.95932995e-05 4.23335871e-08 3.78933285e-09
 2.03149124e-04 6.93746561e-07 6.99841385e-09 4.95400881e-07
 2.22220911e-07 2.29057574e-07 6.40893680e-06 1.22958211e-06
 4.70080408e-05 5.74114756e-09 7.82431120e-10 1.96808247e-09
 3.97662733e-08 3.87649600e-08 1.36036728e-04 8.11252936e-04
 2.27121504e-06 2.45843752e-04]","[5.77620785e-04 1.39527548e-04 1.00000000e-05 2.50000000e-03
 2.00353521e-05 1.00000000e-05 2.03054816e-04 1.54936631e-03
 2.50000000e-03 1.49861668e-04 2.41666450e-03 2.50000000e-03
 2.44296202e-04 1.00000000e-05 7.31786659e-04 5.52627000e-04
 1.00000000e-05 1.19983871e-03 3.99668252e-04 1.00000000e-05
 4.48224530e-05 1.39048592e-04 5.06507523e-05 1.86358746e-04
 9.18167063e-04 1.00000000e-05 2.50000000e-03 4.50728493e-05
 2.79369683e-04 1.34212747e-05 4.62242173e-05 1.00000000e-05
 9.67031005e-04 2.28411848e-04 1.00000000e-05 2.50000000e-03
 9.01115342e-05 4.02018094e-05 2.50000000e-03 1.00255330e-04
 1.87208070e-04 6.13459136e-04 1.00000000e-05 2.50000000e-03
 2.31275619e-04 2.29246513e-05 3.42995473e-05 2.21410025e-04
 5.66694697e-05 2.50000000e-03]","[1.00000000e-05 1.00000000e-05 1.00000000e-05 1.00000000e-05
 1.00000000e-05 1.00000000e-05 1.00000000e-05 1.96078491e-05
 1.00000000e-05 1.00000000e-05 1.00000000e-05 1.00000000e-05
 1.00000000e-05 1.00000000e-05 1.00000000e-05 1.00000000e-05
 1.00000000e-05 1.00000000e-05 1.00000000e-05 1.00000000e-05
 1.00000000e-05 1.00000000e-05 1.58741290e-05 4.44693197e-05
 1.00000000e-05 1.00000000e-05 1.00000000e-05 1.00000000e-05
 1.00000000e-05 1.00000000e-05 1.00000000e-05 1.00000000e-05
 1.00000000e-05 1.00000000e-05 1.00000000e-05 1.00000000e-05
 1.00000000e-05 1.00000000e-05 1.00000000e-05 1.00000000e-05
 1.00000000e-05 1.00000000e-05 1.00000000e-05 1.00000000e-05
 1.00000000e-05 1.00000000e-05 1.00000000e-05 1.00000000e-05
 1.00000000e-05 1.00000000e-05]","[0.02446748 0.03437536 0.05710792 0.02821216 0.04423605 0.05304664
 0.0390629  0.03094179 0.02654587 0.0413245  0.02969685 0.02332326
 0.04693647 0.04515521 0.03527997 0.03095393 0.05878742 0.03780775
 0.02825498 0.0362805  0.0448945  0.04454413 0.04036504 0.04142971
 0.0282154  0.03534937 0.03280274 0.03982733 0.04080796 0.05010026
 0.04125254 0.04932181 0.02848907 0.03173178 0.03399544 0.03222299
 0.03444616 0.04379916 0.04000183 0.04073729 0.03425659 0.03727082
 0.053873   0.04465356 0.03408923 0.03486066 0.04957166 0.04007729
 0.03383355 0.05477224]","[0.05468317 0.07302788 0.06304659 0.07185704 0.06867041 0.07188034
 0.05588951 0.04850631 0.07690925 0.06025915 0.07029203 0.05987297
 0.06977438 0.06582166 0.06806414 0.05322547 0.08668293 0.06325756
 0.0746626  0.07644722 0.06660793 0.0835932  0.06084288 0.0528451
 0.06066074 0.05695186 0.05812438 0.06039869 0.05464557 0.05174385
 0.06563355 0.07277573 0.05191837 0.07059411 0.07534563 0.07145991
 0.0667387  0.07592655 0.06522785 0.06464145 0.05776962 0.07781249
 0.0722835  0.07789002 0.07249871 0.07797772 0.06080045 0.07185436
 0.0604421  0.04620436]","[1.79322639e-01 1.72981728e-02 4.12584383e-06 8.12971142e-02
 7.72244499e-04 2.48208022e-05 4.34843876e-03 4.25335640e-02
 1.17230242e-01 2.09729423e-03 5.75794949e-02 2.23193794e-01
 2.87688406e-04 5.55446610e-04 1.34347469e-02 4.24055218e-02
 1.88982943e-06 6.40321453e-03 8.05122282e-02 1.00810015e-02
 6.10286977e-04 6.92013664e-04 2.87196330e-03 2.02531827e-03
 8.12374945e-02 1.31731701e-02 2.64272675e-02 3.41419624e-03
 2.48631178e-03 8.39815426e-05 2.14787918e-03 1.14549138e-04
 7.63339971e-02 3.48711809e-02 1.91978375e-02 3.07420159e-02
 1.69633219e-02 9.01046396e-04 3.22867654e-03 2.54444538e-03
 1.78731284e-02 7.52694804e-03 1.74145180e-05 6.65448115e-04
 1.87123493e-02 1.51169664e-02 1.03741901e-04 3.15136068e-03
 2.00623932e-02 1.17686353e-05]","[1.22379823e-05 1.01246126e-09 2.35694674e-07 2.00017448e-09
 1.20654807e-08 1.97346647e-09 7.16722259e-06 1.57743434e-04
 9.79162898e-11 9.35806183e-07 4.88439299e-09 1.12722573e-06
 6.53399323e-09 5.61325084e-08 1.68273250e-08 2.29991253e-05
 1.59372237e-13 2.11797928e-07 3.84165100e-10 1.30132341e-10
 3.69630977e-08 1.31861053e-12 7.04737078e-07 2.70389814e-05
 7.70164651e-07 4.43120232e-06 2.57908281e-06 8.74686611e-07
 1.24414523e-05 4.29158295e-05 6.19876502e-08 1.17344762e-09
 3.99122358e-05 4.11751437e-09 2.54624363e-10 2.51345807e-09
 3.44653292e-08 1.78936966e-10 7.67037497e-08 1.04115395e-07
 3.04152096e-06 5.58723311e-11 1.56286649e-09 5.32290556e-11
 1.37914809e-09 5.03867778e-11 7.19482473e-07 2.00326900e-09
 8.56472513e-07 3.78175431e-04]","[ 4.04715538e-04  1.36673450e-03  8.82387161e-04 -4.91142273e-05
  9.70005989e-04  6.23345375e-04  1.44004822e-04  3.39746475e-05
 -1.38759613e-04  2.60829926e-04  2.22682953e-04  1.08003616e-04
  1.04856491e-03  1.14035606e-03  8.47458839e-04 -7.74860382e-05
  1.27696991e-03  5.36441803e-05  4.00543213e-05  3.82423401e-04
  4.30822372e-04  4.69565392e-04  8.08477402e-04  9.49740410e-04
  3.64422798e-04  5.64098358e-04  1.05261803e-04  1.12688541e-03
  6.09755516e-04  9.68933105e-04  5.35011292e-04  6.22510910e-04
 -4.86373901e-05  1.65700912e-04  5.04374504e-04  4.62174416e-04
  2.25782394e-04  5.25236130e-04  1.82628632e-04  8.45193863e-05
 -1.05023384e-04  1.62124634e-04  9.74774361e-04  7.53760338e-04
  2.87055969e-04  8.17179680e-04  8.83936882e-04  7.55667686e-04
 -8.07046890e-05  9.86933708e-04]","[0.00279284 0.00495827 0.00243568 0.0022043  0.00287569 0.00234652
 0.00075805 0.00127792 0.00264704 0.00148571 0.00302982 0.00238431
 0.00306463 0.00269282 0.00398958 0.00062609 0.00295568 0.0012753
 0.00213385 0.00339675 0.00151956 0.00430155 0.00308263 0.00252998
 0.00311279 0.00242031 0.00214458 0.00285137 0.00237751 0.00153434
 0.00323689 0.00313079 0.00074947 0.00285375 0.00271273 0.0043292
 0.00239122 0.0023421  0.00201213 0.00259304 0.00100052 0.00199842
 0.00317156 0.00413036 0.00370526 0.00472891 0.00253212 0.00408149
 0.0013175  0.00106335]","[0.02111529 0.03136503 0.02526368 0.01054639 0.02840837 0.02298239
 0.01405655 0.01042573 0.00799722 0.01686042 0.0159902  0.01328447
 0.02807565 0.02907456 0.02209026 0.0105057  0.03018103 0.01165204
 0.01224901 0.0189602  0.02174676 0.02092065 0.0258042  0.02667196
 0.02056953 0.02202007 0.01585807 0.02988357 0.02248362 0.0244567
 0.02021023 0.02374897 0.01085148 0.01548982 0.02121271 0.01969728
 0.01781872 0.02051294 0.01605477 0.01341968 0.00759849 0.0140509
 0.0275366  0.02577322 0.01929391 0.02631935 0.02547667 0.02520678
 0.00941458 0.02512563]","[0.0419632  0.05585419 0.03987695 0.03617775 0.04276909 0.03688758
 0.02493044 0.02804905 0.04108719 0.03413735 0.04640004 0.04044539
 0.0436622  0.03795191 0.04879239 0.02009231 0.04123652 0.03035734
 0.0357252  0.04332147 0.02901249 0.04816133 0.0419126  0.04143151
 0.04375814 0.03581122 0.03856093 0.0436396  0.04133782 0.02895222
 0.0451066  0.04418918 0.02072587 0.04179284 0.04112837 0.05155406
 0.04221972 0.0377728  0.03494092 0.03849673 0.02595991 0.034333
 0.04285542 0.05199795 0.04956371 0.05385234 0.04082909 0.05003073
 0.02744016 0.02800422]",0.1646377459594241,0.0015908153983821638,0.21980267968422645,0.004010925828703415,0.1314596035136278,0.0002742531136704707,0.19262471875206474,0.0008855611461204411,0.0006558148295090295,1.0999025956280796e-05,0.0009183046006550274,5.030005000356988e-06,0.038867802298069,0.06590080016136168,0.008513704661245637,0.009237525183712157,0.0004926753044128418,0.0025857257843017577,0.00040653987833099065,0.0010251616977519494,0.019926241156201622,0.03930178044363453,0.0064367995039461235,0.008181500413649494
df1,0.25,0.0,0.25,"[1.29372179e-01 8.15145929e-02 4.03308445e-05 2.12592488e-03
 2.64676308e-02 6.52148041e-03 4.70847031e-03 2.26241661e-01
 2.90339156e-02 2.90339156e-02 1.03159376e-01 9.13835051e-04
 2.19294824e-02 2.41482152e-01 1.48741570e-02 2.90339156e-02
 1.21765095e-02 1.48940867e-03 1.03159376e-01 3.36894521e-03
 5.39576008e-02 1.91681353e-04 4.03308445e-05 8.15145929e-02
 2.99835482e-05 1.03408932e-03 3.48322136e-02 4.70847031e-03
 4.59637254e-01 6.93218252e-02 1.20088801e-01 2.41040115e-02
 8.15145929e-02 1.34646549e-02 6.93218252e-02 2.90339156e-02
 3.36894521e-03 1.10005675e-02 2.38884447e-03 2.38884447e-03
 1.16899447e-03 8.06268875e-03 4.21554189e-03 1.64147482e-02
 2.41040115e-02 1.89004559e-03 1.21765095e-02 1.03408932e-03
 2.19534247e-04 2.74233349e-01]","[1.25918603e-07 5.24820678e-07 3.88941584e-12 4.67045972e-05
 1.59199965e-08 1.59199965e-08 1.25918603e-07 1.90755446e-05
 5.24820678e-07 6.24445815e-05 2.51182002e-04 7.42361542e-07
 2.05084189e-06 7.20954134e-05 1.59199965e-08 4.40608072e-07
 9.58129418e-05 1.16899447e-03 9.13835051e-04 1.23948622e-06
 1.93824891e-11 6.24499263e-07 1.42091476e-10 2.85456402e-06
 4.13773042e-08 2.85456402e-06 1.90755446e-05 3.95729931e-06
 9.13835051e-04 4.13773042e-08 6.24445815e-05 1.32017364e-03
 2.83236331e-08 4.40608072e-07 2.42077577e-06 7.42361542e-07
 2.16691945e-07 8.81579698e-07 1.46749215e-06 1.18065325e-09
 3.79972059e-11 4.85152370e-04 1.04864874e-07 1.93100400e-08
 1.23948622e-06 7.25098046e-08 2.51182002e-04 7.42361542e-07
 2.85456402e-06 4.85152370e-04]","[1.29372179e-01 8.15145929e-02 4.03308445e-05 2.12592488e-03
 2.64676308e-02 6.52148041e-03 4.70847031e-03 2.26241661e-01
 2.90339156e-02 2.90339156e-02 1.03159376e-01 9.13835051e-04
 2.19294824e-02 2.41482152e-01 1.48741570e-02 2.90339156e-02
 1.21765095e-02 1.48940867e-03 1.03159376e-01 3.36894521e-03
 5.39576008e-02 1.91681353e-04 4.03308445e-05 8.15145929e-02
 2.99835482e-05 1.03408932e-03 3.48322136e-02 4.70847031e-03
 4.59637254e-01 6.93218252e-02 1.20088801e-01 2.41040115e-02
 8.15145929e-02 1.34646549e-02 6.93218252e-02 2.90339156e-02
 3.36894521e-03 1.10005675e-02 2.38884447e-03 2.38884447e-03
 1.16899447e-03 8.06268875e-03 4.21554189e-03 1.64147482e-02
 2.41040115e-02 1.89004559e-03 1.21765095e-02 1.03408932e-03
 2.19534247e-04 2.74233349e-01]","[1.25918603e-07 5.24820678e-07 3.88941584e-12 4.67045972e-05
 1.59199965e-08 1.59199965e-08 1.25918603e-07 1.90755446e-05
 5.24820678e-07 6.24445815e-05 2.51182002e-04 7.42361542e-07
 2.05084189e-06 7.20954134e-05 1.59199965e-08 4.40608072e-07
 9.58129418e-05 1.16899447e-03 9.13835051e-04 1.23948622e-06
 1.93824891e-11 6.24499263e-07 1.42091476e-10 2.85456402e-06
 4.13773042e-08 2.85456402e-06 1.90755446e-05 3.95729931e-06
 9.13835051e-04 4.13773042e-08 6.24445815e-05 1.32017364e-03
 2.83236331e-08 4.40608072e-07 2.42077577e-06 7.42361542e-07
 2.16691945e-07 8.81579698e-07 1.46749215e-06 1.18065325e-09
 3.79972059e-11 4.85152370e-04 1.04864874e-07 1.93100400e-08
 1.23948622e-06 7.25098046e-08 2.51182002e-04 7.42361542e-07
 2.85456402e-06 4.85152370e-04]","[4.98865708e-02 3.69828379e-02 9.26367272e-05 2.76192523e-04
 2.13400057e-02 4.14298786e-04 4.35663906e-03 1.98249956e-01
 5.92256916e-02 5.56529047e-03 7.60707297e-02 2.13268634e-04
 1.17421306e-01 1.12409550e-01 4.56972965e-03 4.74951260e-02
 1.61506028e-02 7.18448154e-04 9.40712485e-02 1.03203544e-03
 2.19472329e-02 5.99441617e-06 1.91060931e-05 4.28910898e-02
 6.04395209e-05 9.96115766e-05 2.13651578e-02 6.13311220e-03
 1.47525668e-01 5.37947614e-02 1.08714185e-01 4.30147067e-03
 1.76453670e-01 5.96660987e-03 2.00599381e-01 3.78761992e-02
 1.37552010e-03 4.36204188e-02 8.29059587e-04 2.73637017e-03
 7.98211842e-04 1.37681887e-03 5.83260160e-03 6.26554528e-03
 1.07940165e-02 4.10284177e-04 3.78027510e-03 4.62786277e-04
 9.28768504e-05 2.31261593e-01]","[9.12305387e-09 4.51887006e-09 1.12620691e-10 3.04743601e-07
 2.66993094e-11 6.85858370e-10 3.34011707e-10 1.42184844e-07
 3.43762950e-06 1.11340623e-06 2.31060104e-05 6.87370483e-09
 4.02452162e-08 9.55406280e-06 2.57646671e-09 5.01473252e-09
 1.48108788e-06 3.89853398e-04 7.50154816e-06 7.37125805e-09
 5.59674529e-12 1.51160218e-08 1.99067873e-10 9.21340800e-08
 3.44515527e-11 2.35112485e-10 1.03159850e-06 4.80607054e-07
 8.46076905e-06 3.42071393e-09 1.06522637e-06 1.09345798e-05
 4.57350824e-11 2.50276510e-08 9.56739710e-09 2.88198088e-09
 1.02552710e-08 1.44909307e-10 8.37354408e-10 6.12067519e-09
 1.36853862e-10 1.14075828e-05 1.26834676e-09 4.19194934e-09
 1.08617657e-08 6.92147339e-10 4.14003381e-06 1.56121588e-07
 2.18771970e-07 6.91752804e-06]","[2.72485498e-04 1.20808739e-04 1.00000000e-05 1.00000000e-05
 7.37850247e-05 1.00000000e-05 1.00000000e-05 6.87998970e-04
 1.82790861e-04 1.78658153e-05 3.05443005e-04 1.00000000e-05
 6.74676018e-04 2.75653745e-04 2.89342416e-05 2.40861681e-04
 1.28871657e-04 1.00000000e-05 5.99153076e-04 1.00000000e-05
 6.06355664e-05 1.00000000e-05 1.00000000e-05 2.02707389e-04
 1.00000000e-05 1.00000000e-05 8.28379824e-05 1.32461470e-05
 9.59889975e-04 2.35564285e-04 2.48126974e-04 1.78290791e-05
 4.33631409e-04 1.11216720e-05 7.92560697e-04 1.22692191e-04
 1.00000000e-05 5.14950012e-05 1.00000000e-05 1.37057598e-05
 1.00000000e-05 1.00000000e-05 1.64084893e-05 3.54559201e-05
 7.96135786e-05 1.00000000e-05 1.00000000e-05 1.00000000e-05
 1.00000000e-05 1.42198199e-03]","[1.e-05 1.e-05 1.e-05 1.e-05 1.e-05 1.e-05 1.e-05 1.e-05 1.e-05 1.e-05
 1.e-05 1.e-05 1.e-05 1.e-05 1.e-05 1.e-05 1.e-05 1.e-05 1.e-05 1.e-05
 1.e-05 1.e-05 1.e-05 1.e-05 1.e-05 1.e-05 1.e-05 1.e-05 1.e-05 1.e-05
 1.e-05 1.e-05 1.e-05 1.e-05 1.e-05 1.e-05 1.e-05 1.e-05 1.e-05 1.e-05
 1.e-05 1.e-05 1.e-05 1.e-05 1.e-05 1.e-05 1.e-05 1.e-05 1.e-05 1.e-05]","[0.03958193 0.04685156 0.05993571 0.06132926 0.03118613 0.06197266
 0.04517562 0.02342807 0.02800496 0.04774305 0.05127685 0.04101021
 0.02608472 0.0419863  0.04931843 0.04776509 0.05902294 0.04774557
 0.04716409 0.04117564 0.04197618 0.05036532 0.04913439 0.04613618
 0.0615496  0.05148815 0.05475575 0.03779258 0.03228729 0.04353525
 0.033555   0.03911232 0.03848427 0.03938473 0.02781836 0.04226138
 0.04236976 0.04093216 0.03963452 0.04983883 0.04712566 0.03312738
 0.03808711 0.0519955  0.03429682 0.03905417 0.05540417 0.03768955
 0.0401299  0.03499603]","[0.08346279 0.0908751  0.09600913 0.07858088 0.07552609 0.08246652
 0.08132186 0.06844442 0.08648957 0.0824839  0.06459012 0.08004807
 0.08072098 0.0750589  0.07640786 0.07294435 0.07774184 0.06576069
 0.07180114 0.08183761 0.09034969 0.0797881  0.1046333  0.07656429
 0.09453398 0.08406259 0.08052153 0.06770786 0.0808622  0.08291853
 0.07382816 0.07397025 0.0732734  0.07649777 0.07267351 0.09138296
 0.0957669  0.0814602  0.09006035 0.09238652 0.08930621 0.0735393
 0.0846376  0.08231278 0.09258831 0.08373858 0.07818745 0.07799893
 0.08180904 0.07277193]","[3.69174800e-03 2.97025048e-04 1.09374618e-06 5.55261915e-07
 4.00204892e-02 4.03904859e-07 5.51354612e-04 2.18863539e-01
 8.51865068e-02 2.11791330e-04 5.20499206e-05 2.32665640e-03
 1.29215605e-01 1.68122004e-03 1.14702404e-04 2.10011466e-04
 1.69076683e-06 2.11587219e-04 2.64006647e-04 2.20318179e-03
 1.68695775e-03 7.54745010e-05 1.23348095e-04 3.87845476e-04
 4.98111730e-07 4.77084689e-05 1.18542305e-05 6.43275013e-03
 3.02346489e-02 9.88305258e-04 2.16314001e-02 4.28157020e-03
 5.20586772e-03 3.92967661e-03 8.88219544e-02 1.53200066e-03
 1.47666469e-03 2.38710834e-03 3.63057405e-03 9.32593694e-05
 2.67871223e-04 2.42528395e-02 5.88120094e-03 3.86496251e-05
 1.76764956e-02 4.36033979e-03 8.90110595e-06 6.63656495e-03
 3.09848002e-03 1.45543091e-02]","[1.43917446e-12 8.01124927e-15 1.69473813e-16 3.44879949e-11
 2.28263276e-10 2.79530628e-12 5.93458336e-12 1.36630614e-08
 1.82316675e-13 2.76330524e-12 1.06923768e-07 1.35469476e-11
 8.77384955e-12 3.02749014e-10 1.33313792e-10 1.06324491e-09
 5.83927394e-11 5.79689869e-08 2.06568564e-09 4.23291020e-12
 1.17449968e-14 1.60065860e-11 1.61201658e-19 1.21102998e-10
 5.24500800e-16 9.61293291e-13 9.98325423e-12 2.04320956e-08
 8.00565566e-12 2.07037744e-12 6.31706434e-10 5.80637979e-10
 8.76531983e-10 1.26155336e-10 1.24559854e-09 5.52301159e-15
 2.04264937e-16 5.42151721e-12 1.44855590e-14 2.63227840e-15
 2.49435429e-14 7.49407715e-10 6.51115452e-13 3.09464007e-12
 2.26563691e-15 1.19587975e-12 4.41783639e-11 4.97218384e-11
 4.31315135e-12 1.17605403e-09]","[ 2.82287598e-04  2.22563744e-04  1.56748295e-03  1.63936615e-03
  5.11050224e-04  1.65784359e-03  3.07559967e-04 -1.90734863e-04
 -3.40938568e-05  3.56316566e-04  9.15050507e-04  6.81400299e-04
 -1.55448914e-04  1.77633762e-03  6.28709793e-04  3.75628471e-04
  2.84731388e-03  1.83367729e-03  9.89675522e-04  9.40918922e-04
  8.17894936e-04  6.48498535e-04  2.20537186e-05  3.90172005e-04
  1.78813934e-03  8.63671303e-04  1.10113621e-03  1.33156776e-04
  6.89148903e-04  1.83808804e-03 -9.88245010e-05  1.08146667e-03
  5.60641289e-04  5.19871712e-04 -5.25712967e-05  6.63757324e-04
  4.53829765e-04  6.38961792e-05  1.03104115e-03  7.01427460e-04
  5.93423843e-04  4.70519066e-04  1.74999237e-04  4.92930412e-04
  3.42965126e-04  4.77433205e-04  8.17060471e-04  5.29766083e-04
  1.04534626e-03 -2.12192535e-05]","[0.00379884 0.00440013 0.00504363 0.00345254 0.0039562  0.00377989
 0.0034982  0.00206351 0.00222099 0.00392854 0.00219798 0.00391972
 0.0026232  0.00727975 0.00322032 0.00269759 0.00523949 0.00402069
 0.00360906 0.00592434 0.0064472  0.00269067 0.00406945 0.0019995
 0.00613868 0.00420237 0.0049336  0.00205708 0.00513744 0.00610447
 0.00171375 0.00455165 0.00460815 0.00369382 0.00306869 0.00489175
 0.0037725  0.00377297 0.00566339 0.0043757  0.00374115 0.00343645
 0.00355446 0.00320697 0.00531816 0.00477684 0.00298333 0.00358176
 0.00392044 0.00212395]","[0.0183464  0.01662153 0.03346979 0.03589812 0.02272015 0.0366424
 0.01951889 0.00487583 0.01098506 0.02009322 0.02798157 0.02409792
 0.00719876 0.03691079 0.02317189 0.02007152 0.04434775 0.03826601
 0.02593321 0.02758845 0.02350403 0.02287043 0.0117092  0.02062619
 0.03732621 0.02520855 0.02760714 0.01551243 0.02370778 0.03582009
 0.01087748 0.02980875 0.02233543 0.02246757 0.01135986 0.02392849
 0.02146123 0.01425854 0.02892317 0.02504056 0.02285673 0.02252301
 0.01658875 0.02049037 0.01875696 0.02213584 0.02725381 0.02142694
 0.02949483 0.01161942]","[0.04878171 0.04865444 0.05245666 0.04736954 0.05068024 0.0507389
 0.04594645 0.03647635 0.03783255 0.05070051 0.03831791 0.04826834
 0.04058806 0.06785914 0.04570373 0.04506885 0.05749069 0.04868351
 0.05008516 0.06128526 0.06194799 0.04093087 0.04692556 0.0371791
 0.06300056 0.05150165 0.05337946 0.03371234 0.05582024 0.05984973
 0.03419576 0.05282089 0.05363559 0.04857671 0.04621647 0.05450427
 0.04834703 0.0497992  0.05861034 0.05040785 0.04799748 0.04886163
 0.04575943 0.04453326 0.05559463 0.05758212 0.04247098 0.04604404
 0.04921936 0.03919199]",0.0494421963070578,0.0001238917739253295,0.0856595444753166,0.00030444087214231215,0.039678644649024215,9.631339002635908e-06,0.059968376059533146,5.4485434874151295e-05,0.00017197664880955202,1e-05,0.000287682001468701,0.0,0.043441542071104046,0.08105408097267151,0.009265486021111349,0.008332320849805955,0.0007058525085449219,0.003948218822479248,0.0006238394483003552,0.0012484441994352622,0.023244782098298552,0.04903209084803088,0.008371290397706727,0.00746637276599242
df1,0.30000000000000004,0.0,0.30000000000000004,"[9.13835051e-04 1.03408932e-03 9.13835051e-04 1.34646549e-02
 3.69535722e-07 1.11358879e-01 3.77043497e-03 2.51182002e-04
 6.41076366e-06 2.68158880e-03 7.11507895e-04 3.09615598e-07
 7.25488863e-03 2.64676308e-02 7.25488863e-03 8.15145929e-02
 2.12592488e-03 5.85633896e-03 3.48322136e-02 1.32017364e-03
 4.21554189e-03 4.26159664e-04 6.38312357e-02 4.21554189e-03
 2.19534247e-04 5.51757155e-04 1.48741570e-02 2.58137431e-05
 2.87103585e-04 1.99311438e-02 1.64147482e-02 1.20088801e-01
 1.67865304e-03 5.25376643e-03 9.58129418e-05 4.26159664e-04
 4.16212987e-02 2.22014992e-05 9.92823487e-03 2.87103585e-04
 8.79830246e-06 3.77043497e-03 6.26876255e-04 1.48940867e-03
 1.32017364e-03 5.25376643e-03 1.67865304e-03 3.47919250e-05
 3.80948244e-02 5.40313022e-05]","[5.92172623e-11 7.42361542e-07 1.04864874e-07 3.79972059e-11
 2.83236331e-08 3.09615598e-07 2.71047184e-10 3.09615598e-07
 6.41076366e-06 1.54554888e-11 8.72433497e-08 4.58538879e-13
 5.97265054e-09 3.27832948e-04 3.36269816e-06 1.04864874e-07
 4.14795066e-10 1.23948622e-06 8.81579698e-07 2.71047184e-10
 3.09615598e-07 3.69535722e-07 3.09615598e-07 8.86732425e-09
 9.59715417e-10 1.42091476e-10 6.24499263e-07 2.16691945e-07
 2.85456402e-06 3.36269816e-06 1.93824891e-11 9.58129418e-05
 3.88941584e-12 2.19294824e-02 1.04864874e-07 7.79334122e-10
 9.59715417e-10 7.38137688e-11 5.24820678e-07 4.13773042e-08
 1.54554888e-11 2.42826791e-11 1.54554888e-11 4.40608072e-07
 2.03413945e-16 8.72433497e-08 2.42077577e-06 1.07881685e-08
 2.59150246e-07 2.71047184e-10]","[9.13835051e-04 1.03408932e-03 9.13835051e-04 1.34646549e-02
 3.69535722e-07 1.11358879e-01 3.77043497e-03 2.51182002e-04
 6.41076366e-06 2.68158880e-03 7.11507895e-04 3.09615598e-07
 7.25488863e-03 2.64676308e-02 7.25488863e-03 8.15145929e-02
 2.12592488e-03 5.85633896e-03 3.48322136e-02 1.32017364e-03
 4.21554189e-03 4.26159664e-04 6.38312357e-02 4.21554189e-03
 2.19534247e-04 5.51757155e-04 1.48741570e-02 2.58137431e-05
 2.87103585e-04 1.99311438e-02 1.64147482e-02 1.20088801e-01
 1.67865304e-03 5.25376643e-03 9.58129418e-05 4.26159664e-04
 4.16212987e-02 2.22014992e-05 9.92823487e-03 2.87103585e-04
 8.79830246e-06 3.77043497e-03 6.26876255e-04 1.48940867e-03
 1.32017364e-03 5.25376643e-03 1.67865304e-03 3.47919250e-05
 3.80948244e-02 5.40313022e-05]","[5.92172623e-11 7.42361542e-07 1.04864874e-07 3.79972059e-11
 2.83236331e-08 3.09615598e-07 2.71047184e-10 3.09615598e-07
 6.41076366e-06 1.54554888e-11 8.72433497e-08 4.58538879e-13
 5.97265054e-09 3.27832948e-04 3.36269816e-06 1.04864874e-07
 4.14795066e-10 1.23948622e-06 8.81579698e-07 2.71047184e-10
 3.09615598e-07 3.69535722e-07 3.09615598e-07 8.86732425e-09
 9.59715417e-10 1.42091476e-10 6.24499263e-07 2.16691945e-07
 2.85456402e-06 3.36269816e-06 1.93824891e-11 9.58129418e-05
 3.88941584e-12 2.19294824e-02 1.04864874e-07 7.79334122e-10
 9.59715417e-10 7.38137688e-11 5.24820678e-07 4.13773042e-08
 1.54554888e-11 2.42826791e-11 1.54554888e-11 4.40608072e-07
 2.03413945e-16 8.72433497e-08 2.42077577e-06 1.07881685e-08
 2.59150246e-07 2.71047184e-10]","[4.56833581e-04 1.27041250e-03 1.52505387e-05 5.95285086e-03
 6.97490146e-08 9.37051394e-02 3.22065763e-03 2.57797821e-05
 1.66201556e-05 8.74178625e-03 2.07890304e-04 2.30604657e-07
 8.45901901e-04 5.99836085e-03 1.48212357e-03 4.86075927e-02
 7.62290585e-03 4.52941156e-04 8.04951763e-03 5.35459624e-04
 9.84786630e-04 5.97381458e-04 6.37789385e-02 1.23822596e-03
 9.20289974e-06 7.84465193e-05 2.21696747e-02 7.88398210e-06
 2.21911287e-05 4.63686856e-03 6.02742392e-03 5.83511468e-02
 7.81220504e-03 2.14536838e-03 6.13738994e-05 5.26234309e-04
 4.59266218e-02 1.12638005e-03 1.42855363e-02 1.27350377e-05
 4.61817312e-07 3.59571443e-04 3.32565884e-04 2.10526091e-04
 1.75931181e-03 3.13483240e-03 1.07419129e-03 2.02490298e-06
 4.10233538e-03 3.15555821e-04]","[3.48281404e-11 1.75573767e-09 3.09796977e-09 9.08126907e-11
 3.50512286e-10 1.29656291e-08 1.14290022e-10 2.51158205e-10
 1.01922484e-07 9.62803171e-11 5.38549205e-11 1.64599445e-11
 1.36826439e-10 3.66123276e-06 4.04898526e-09 7.19541315e-10
 5.19226884e-11 6.89709068e-10 3.56482732e-10 1.34328104e-11
 8.65612804e-10 1.49289086e-08 7.93786259e-10 4.67538230e-11
 1.75608861e-10 5.59159719e-10 1.33658018e-09 1.00235487e-10
 1.98640432e-08 3.54392973e-08 2.15701901e-11 2.57930890e-07
 2.70556022e-10 2.13960932e-03 8.06055223e-11 5.61490854e-11
 1.74296133e-10 9.29745170e-11 5.50327384e-09 2.68056419e-08
 1.61027858e-11 3.56636942e-12 4.20669055e-11 4.75658080e-09
 7.40149053e-11 5.28400657e-11 1.40607415e-09 6.80101975e-10
 7.40502104e-11 5.17384247e-10]","[1.00000000e-05 1.00000000e-05 1.00000000e-05 2.20749191e-05
 1.00000000e-05 4.77571202e-04 1.00000000e-05 1.00000000e-05
 1.00000000e-05 1.00000000e-05 1.00000000e-05 1.00000000e-05
 1.00000000e-05 1.51322408e-05 1.00000000e-05 2.83997939e-04
 1.43648654e-05 1.00000000e-05 1.73780099e-05 1.00000000e-05
 1.00000000e-05 1.00000000e-05 1.19346774e-04 1.00000000e-05
 1.00000000e-05 1.00000000e-05 4.13153137e-05 1.00000000e-05
 1.00000000e-05 1.00000000e-05 1.73187397e-05 2.08483891e-04
 1.21676597e-05 1.00000000e-05 1.00000000e-05 1.00000000e-05
 9.82292392e-05 1.00000000e-05 4.55613302e-05 1.00000000e-05
 1.00000000e-05 1.00000000e-05 1.00000000e-05 1.00000000e-05
 1.00000000e-05 1.00000000e-05 1.00000000e-05 1.00000000e-05
 1.33086624e-05 1.00000000e-05]","[1.e-05 1.e-05 1.e-05 1.e-05 1.e-05 1.e-05 1.e-05 1.e-05 1.e-05 1.e-05
 1.e-05 1.e-05 1.e-05 1.e-05 1.e-05 1.e-05 1.e-05 1.e-05 1.e-05 1.e-05
 1.e-05 1.e-05 1.e-05 1.e-05 1.e-05 1.e-05 1.e-05 1.e-05 1.e-05 1.e-05
 1.e-05 1.e-05 1.e-05 1.e-05 1.e-05 1.e-05 1.e-05 1.e-05 1.e-05 1.e-05
 1.e-05 1.e-05 1.e-05 1.e-05 1.e-05 1.e-05 1.e-05 1.e-05 1.e-05 1.e-05]","[0.04504279 0.051464   0.06257981 0.05702944 0.06799955 0.04130355
 0.04711895 0.05584532 0.06390548 0.03952572 0.05051635 0.04659125
 0.05736353 0.0485954  0.04981673 0.04264852 0.04148817 0.04823449
 0.03184659 0.04429465 0.06180178 0.0482542  0.04271626 0.04014204
 0.0578194  0.05172501 0.05059845 0.05167416 0.04950785 0.04394015
 0.05203718 0.04611564 0.04993508 0.04412145 0.05045766 0.03667746
 0.04777971 0.04966165 0.04267269 0.05559542 0.0631032  0.04712959
 0.05210773 0.053044   0.03974107 0.04053747 0.05639098 0.06459153
 0.04538433 0.05321589]","[0.1016244  0.09344506 0.09471782 0.11456932 0.09277177 0.08188183
 0.10086221 0.10001513 0.09061839 0.10263938 0.08188482 0.1070709
 0.08971811 0.07376761 0.07327408 0.09052647 0.09564748 0.0819647
 0.09052525 0.106204   0.09439773 0.08948817 0.0805577  0.0945187
 0.08105492 0.09667167 0.07729247 0.10074499 0.09208781 0.10211572
 0.11180766 0.07552172 0.09232706 0.05793056 0.08384919 0.08711428
 0.11192906 0.09058618 0.09523468 0.08650333 0.10670419 0.08515939
 0.10326659 0.09375491 0.10841841 0.09834678 0.08934562 0.0894065
 0.08575818 0.10057957]","[5.78499926e-04 4.81866738e-05 2.98208964e-07 4.27678516e-06
 1.74313288e-08 2.11190202e-03 2.68552368e-04 7.31056428e-06
 1.52181622e-07 3.75817217e-03 7.10005750e-05 3.27461461e-04
 3.66893497e-06 1.52364221e-04 9.40869997e-05 1.34277006e-03
 1.98632798e-03 1.75288382e-04 3.38647828e-02 7.56342280e-04
 4.39673785e-07 1.73956377e-04 1.31198793e-03 3.08639520e-03
 2.97211990e-06 4.32526077e-05 6.86754235e-05 4.41745714e-05
 1.06406083e-04 8.57432230e-04 3.79831937e-05 3.90804915e-04
 8.97358388e-05 8.04252349e-04 7.27082282e-05 8.97539497e-03
 2.08838073e-04 1.00092089e-04 1.33171065e-03 8.17454728e-06
 2.29037271e-07 2.67473531e-04 3.68802484e-05 2.48487637e-05
 3.50948576e-03 2.71569633e-03 5.71828727e-06 1.06845960e-07
 5.11105711e-04 2.30934028e-05]","[1.95604121e-18 1.19404692e-15 4.56054521e-16 2.51693049e-23
 1.97624711e-15 4.11162403e-12 3.63834433e-18 7.21193542e-18
 9.66050810e-15 8.49722835e-19 4.10356977e-12 2.02199065e-20
 1.85479455e-14 6.54774752e-10 8.76180371e-10 1.03289683e-14
 2.23922034e-16 3.89344905e-12 1.03381194e-14 4.25421226e-20
 5.81670284e-16 2.18874484e-14 9.75240626e-12 5.30624544e-16
 7.06285980e-12 1.01448269e-16 7.72372595e-11 4.00107981e-18
 3.28473061e-15 1.30782317e-18 3.11779972e-22 2.28869096e-10
 2.75106008e-15 2.82261337e-06 1.11008429e-12 1.17931819e-13
 2.79492276e-22 9.88977581e-15 3.07357634e-16 1.80582429e-13
 2.77174288e-20 4.56158159e-13 5.05481216e-19 9.45766195e-16
 6.28613391e-21 2.72838151e-17 2.42479314e-14 2.32106832e-14
 3.02406759e-13 4.57438894e-18]","[ 1.35362148e-03  1.03199482e-03  1.64592266e-03  1.95872784e-03
  3.63349915e-03 -8.60691071e-05  2.76446342e-04  1.31154060e-03
  2.64680386e-03  6.03556633e-04  7.48753548e-04  1.84786320e-03
  2.17700005e-03  2.69627571e-03  7.07507133e-04  2.03251839e-04
  1.08480453e-05  1.48880482e-03  1.55448914e-04  1.22439861e-03
  3.67105007e-03  1.10471249e-03  7.71284103e-05  1.96218491e-04
  2.12347507e-03  8.52584839e-04  7.02142715e-04  9.40203667e-04
  1.99961662e-03  1.25169754e-04  8.57472420e-04  9.26017761e-04
  1.68144703e-03  7.14421272e-04  1.75607204e-03  9.77516174e-05
  3.77893448e-05  9.35554504e-04  1.66201591e-03  1.46567822e-03
  2.68185139e-03  2.27808952e-04  5.06520271e-04  7.11202621e-04
  4.09603119e-04  3.13043594e-04  1.30605698e-03  1.92236900e-03
  6.81877136e-05  1.77323818e-03]","[0.00783193 0.00506043 0.00573397 0.00931656 0.00670993 0.00250494
 0.0049727  0.00558865 0.00657284 0.00665355 0.00431597 0.00877845
 0.00538528 0.00468087 0.0028497  0.00380445 0.00420964 0.0059979
 0.00438857 0.00840318 0.00719821 0.00553083 0.00417542 0.004565
 0.00464904 0.00432503 0.00401568 0.0050565  0.00722229 0.00437939
 0.00800645 0.00315881 0.00727761 0.00213194 0.00555336 0.0032078
 0.00551128 0.00616992 0.00870275 0.00450671 0.00755382 0.00255215
 0.00561476 0.0053643  0.00670147 0.00469172 0.00500095 0.00474775
 0.00382018 0.00882387]","[0.03322193 0.02997607 0.03630753 0.03637532 0.04739569 0.00902299
 0.01894484 0.03264377 0.04379585 0.02451599 0.02640352 0.03513248
 0.03582255 0.04286872 0.02340129 0.01483207 0.01333094 0.0349472
 0.01594325 0.03270912 0.0492165  0.02797847 0.01405771 0.01597537
 0.0399903  0.02520084 0.02438551 0.0276283  0.03925404 0.01664085
 0.0261926  0.02683494 0.03639641 0.0252728  0.03432203 0.01407411
 0.0142643  0.02805716 0.03325816 0.03326732 0.04348622 0.01641914
 0.02189344 0.02578698 0.01993451 0.01973024 0.03277695 0.03827491
 0.01423049 0.03492142]","[0.06712588 0.05714025 0.05977728 0.07326692 0.06212113 0.03860442
 0.05354624 0.06094157 0.06185321 0.06414803 0.05350554 0.07045536
 0.05911495 0.05463461 0.04440497 0.04515134 0.05028034 0.06274374
 0.05519922 0.07304732 0.06648893 0.05794511 0.05235269 0.05538957
 0.05579729 0.04887486 0.05288794 0.05418011 0.06653515 0.05048056
 0.06860103 0.04618329 0.0658907  0.03986356 0.05861015 0.04244199
 0.05750932 0.05977557 0.06909284 0.0519238  0.06703583 0.04128473
 0.05729497 0.05701705 0.06438715 0.05359431 0.05613815 0.05133458
 0.05114341 0.07164027]",0.013169205535891166,0.00044757331371973226,0.02661628615399951,0.0030692111023836975,0.008565966547301353,4.287539979249244e-05,0.019077499208030365,0.00029953385573132184,3.492501572237882e-05,1e-05,8.053967312969217e-05,0.0,0.0496337868475914,0.09252404978275297,0.007648309170205221,0.011105487663602306,0.0011496520042419433,0.005479490756988526,0.0009165447396327757,0.0017602371239713265,0.028146261946033854,0.057175144139009586,0.009917271178599108,0.008644549008197359
df1,0.35000000000000003,0.0,0.35000000000000003,"[6.24445815e-05 7.51402754e-06 1.89004559e-03 1.48741570e-02
 3.47919250e-05 4.65235514e-06 2.51182002e-04 1.73569175e-06
 1.63732496e-05 9.58129418e-05 1.10287908e-04 1.51046944e-07
 1.48940867e-03 3.00718998e-03 1.89004559e-03 8.31541824e-05
 1.46749215e-06 4.03308445e-05 1.45688880e-04 9.92823487e-03
 1.16899447e-03 8.31541824e-05 4.21554189e-03 3.77043497e-03
 4.70847031e-03 8.79830246e-06 7.51402754e-06 6.24445815e-05
 5.25376643e-03 3.36894521e-03 8.06755085e-04 1.45688880e-04
 5.51757155e-04 5.25376643e-03 1.20265345e-05 2.85456402e-06
 8.81579698e-07 4.21554189e-03 1.67865304e-03 7.51402754e-06
 1.67194217e-04 2.38884447e-03 3.77043497e-03 1.02917236e-05
 1.51046944e-07 4.26159664e-04 8.81579698e-07 1.48741570e-02
 7.11507895e-04 1.67865304e-03]","[1.92461767e-12 1.26570821e-17 4.89436847e-09 8.86732425e-09
 1.33749750e-15 5.39368124e-18 2.18488808e-09 4.58740572e-16
 8.81579698e-07 6.39848579e-14 1.23116467e-11 3.79972059e-11
 6.32216726e-10 8.72433497e-08 7.42666811e-13 5.83855471e-13
 2.71047184e-10 6.42340318e-22 4.58538879e-13 9.43717929e-13
 2.18488808e-09 1.81007354e-07 3.79972059e-11 6.39848579e-14
 4.74591296e-11 2.26988766e-15 1.45098666e-09 3.87118023e-14
 2.67703473e-09 1.31118659e-08 6.18553174e-12 1.02511949e-15
 2.67703473e-09 3.59754634e-13 6.02037032e-08 1.76400398e-10
 6.39848579e-14 4.13773042e-08 2.83236331e-08 2.59150246e-07
 2.43574207e-12 1.63732496e-05 1.07881685e-08 3.03909276e-11
 5.92172623e-11 1.76400398e-10 5.83855471e-13 6.18553174e-12
 8.21358136e-14 4.97944383e-14]","[6.24445815e-05 7.51402754e-06 1.89004559e-03 1.48741570e-02
 3.47919250e-05 4.65235514e-06 2.51182002e-04 1.73569175e-06
 1.63732496e-05 9.58129418e-05 1.10287908e-04 1.51046944e-07
 1.48940867e-03 3.00718998e-03 1.89004559e-03 8.31541824e-05
 1.46749215e-06 4.03308445e-05 1.45688880e-04 9.92823487e-03
 1.16899447e-03 8.31541824e-05 4.21554189e-03 3.77043497e-03
 4.70847031e-03 8.79830246e-06 7.51402754e-06 6.24445815e-05
 5.25376643e-03 3.36894521e-03 8.06755085e-04 1.45688880e-04
 5.51757155e-04 5.25376643e-03 1.20265345e-05 2.85456402e-06
 8.81579698e-07 4.21554189e-03 1.67865304e-03 7.51402754e-06
 1.67194217e-04 2.38884447e-03 3.77043497e-03 1.02917236e-05
 1.51046944e-07 4.26159664e-04 8.81579698e-07 1.48741570e-02
 7.11507895e-04 1.67865304e-03]","[1.92461767e-12 1.26570821e-17 4.89436847e-09 8.86732425e-09
 1.33749750e-15 5.39368124e-18 2.18488808e-09 4.58740572e-16
 8.81579698e-07 6.39848579e-14 1.23116467e-11 3.79972059e-11
 6.32216726e-10 8.72433497e-08 7.42666811e-13 5.83855471e-13
 2.71047184e-10 6.42340318e-22 4.58538879e-13 9.43717929e-13
 2.18488808e-09 1.81007354e-07 3.79972059e-11 6.39848579e-14
 4.74591296e-11 2.26988766e-15 1.45098666e-09 3.87118023e-14
 2.67703473e-09 1.31118659e-08 6.18553174e-12 1.02511949e-15
 2.67703473e-09 3.59754634e-13 6.02037032e-08 1.76400398e-10
 6.39848579e-14 4.13773042e-08 2.83236331e-08 2.59150246e-07
 2.43574207e-12 1.63732496e-05 1.07881685e-08 3.03909276e-11
 5.92172623e-11 1.76400398e-10 5.83855471e-13 6.18553174e-12
 8.21358136e-14 4.97944383e-14]","[3.03062515e-05 2.00472459e-07 5.04342949e-05 5.70330443e-03
 7.15752597e-06 4.27210318e-07 2.10612434e-04 1.15981165e-08
 1.04160358e-06 3.21794257e-05 2.45591885e-04 5.94126461e-08
 6.62412635e-05 3.33733204e-04 7.79368023e-05 1.88039885e-05
 2.21377970e-08 7.54088945e-05 1.10445834e-06 2.93710973e-02
 7.72797409e-05 5.70968956e-06 1.78169700e-03 1.73890072e-03
 8.48612393e-05 2.12252059e-07 6.01041750e-08 3.73217383e-06
 1.02244628e-03 4.05425152e-03 5.59107705e-05 4.28946285e-05
 4.51586247e-03 1.22975570e-04 7.10576486e-06 3.08654553e-06
 1.60468602e-07 3.15180238e-04 8.84123204e-04 3.10541971e-06
 2.23356720e-04 1.23310499e-03 3.34547668e-02 7.38901117e-08
 8.59408766e-10 1.45178910e-05 5.78651397e-08 6.60558147e-03
 7.77385330e-04 1.10517343e-03]","[3.07868842e-10 1.44541379e-10 3.46960238e-11 3.67291753e-11
 2.33436714e-10 2.16678675e-09 3.57402996e-12 5.96177219e-10
 1.02030817e-09 1.28545397e-10 1.53469459e-11 9.95115101e-12
 2.90582003e-10 3.36572992e-11 2.22109997e-10 1.52163859e-09
 3.26141336e-11 2.06607953e-10 7.11164461e-12 6.70026257e-11
 1.23181465e-11 2.04355199e-10 2.03552730e-11 9.41355327e-10
 2.11201390e-10 7.67854558e-10 1.70733427e-11 3.84577925e-10
 2.80868662e-11 9.99001992e-11 3.74493991e-10 8.75271633e-10
 2.91245916e-10 5.26255706e-10 2.71569434e-11 2.72136758e-11
 4.77540230e-12 2.11231699e-10 3.05986347e-11 2.04431265e-08
 1.32817857e-09 8.97118466e-08 6.24119645e-11 2.87210256e-11
 1.15959464e-11 1.03560494e-11 1.30767330e-09 1.71301862e-11
 2.72866840e-10 2.19294582e-11]","[1.00000000e-05 1.00000000e-05 1.00000000e-05 1.00000000e-05
 1.00000000e-05 1.00000000e-05 1.00000000e-05 1.00000000e-05
 1.00000000e-05 1.00000000e-05 1.00000000e-05 1.00000000e-05
 1.00000000e-05 1.00000000e-05 1.00000000e-05 1.00000000e-05
 1.00000000e-05 1.00000000e-05 1.00000000e-05 4.70698410e-05
 1.00000000e-05 1.00000000e-05 1.00000000e-05 1.00000000e-05
 1.00000000e-05 1.00000000e-05 1.00000000e-05 1.00000000e-05
 1.00000000e-05 1.00000000e-05 1.00000000e-05 1.00000000e-05
 1.00000000e-05 1.00000000e-05 1.00000000e-05 1.00000000e-05
 1.00000000e-05 1.00000000e-05 1.00000000e-05 1.00000000e-05
 1.00000000e-05 1.00000000e-05 1.90793059e-05 1.00000000e-05
 1.00000000e-05 1.00000000e-05 1.00000000e-05 1.71985701e-05
 1.00000000e-05 1.00000000e-05]","[1.e-05 1.e-05 1.e-05 1.e-05 1.e-05 1.e-05 1.e-05 1.e-05 1.e-05 1.e-05
 1.e-05 1.e-05 1.e-05 1.e-05 1.e-05 1.e-05 1.e-05 1.e-05 1.e-05 1.e-05
 1.e-05 1.e-05 1.e-05 1.e-05 1.e-05 1.e-05 1.e-05 1.e-05 1.e-05 1.e-05
 1.e-05 1.e-05 1.e-05 1.e-05 1.e-05 1.e-05 1.e-05 1.e-05 1.e-05 1.e-05
 1.e-05 1.e-05 1.e-05 1.e-05 1.e-05 1.e-05 1.e-05 1.e-05 1.e-05 1.e-05]","[0.05184746 0.0617323  0.05591325 0.04327811 0.06705337 0.05870753
 0.05816431 0.06569692 0.05946847 0.06345066 0.05502888 0.06075448
 0.06077896 0.06605578 0.0522058  0.06553329 0.06260695 0.05153149
 0.05649527 0.05118922 0.05367941 0.06544518 0.05189481 0.06295904
 0.05349046 0.06017929 0.06642712 0.05830491 0.05310659 0.05672483
 0.06520706 0.05138127 0.04809438 0.05977621 0.06362052 0.06774975
 0.06849203 0.06153122 0.06477013 0.06288865 0.04380844 0.06024332
 0.04503344 0.06335671 0.0746975  0.06439009 0.06833656 0.05411604
 0.04233702 0.05428665]","[0.1095242  0.12764873 0.10228476 0.11107657 0.11517244 0.12166674
 0.11153659 0.13408894 0.10752332 0.11499537 0.11935483 0.10345963
 0.10400663 0.09676083 0.1105218  0.10838895 0.12157855 0.12605108
 0.10190646 0.10395203 0.10656728 0.10139052 0.10296435 0.10527805
 0.10226978 0.10569992 0.09274969 0.11450598 0.09515228 0.08728288
 0.10604001 0.11108257 0.11331508 0.10754579 0.11522948 0.10533401
 0.12491398 0.0854226  0.10075019 0.09176641 0.10718559 0.09813159
 0.10315599 0.10104007 0.0891372  0.10677521 0.12455399 0.11194656
 0.09580499 0.12201598]","[4.11075046e-05 4.55075857e-07 7.09132834e-06 1.08086996e-03
 2.91083218e-08 1.96234449e-06 2.53148995e-06 5.99518542e-08
 1.36808320e-06 1.91995402e-07 1.05108982e-05 7.35792201e-07
 7.27061485e-07 4.95921746e-08 3.53975780e-05 6.53463431e-08
 2.94172546e-07 4.68617588e-05 5.45453954e-06 5.39584564e-05
 1.89312840e-05 6.84430235e-08 4.03056963e-05 2.46360814e-07
 2.05330396e-05 9.72621797e-07 4.07086121e-08 2.37054789e-06
 2.41952814e-05 4.91450579e-06 7.75429821e-08 4.98593477e-05
 1.85038150e-04 1.18081252e-06 1.76068367e-07 1.99722023e-08
 1.33102598e-08 5.02652173e-07 9.73867255e-08 2.55273426e-07
 8.98111652e-04 9.42997675e-07 5.80457578e-04 2.01394825e-07
 3.76211134e-10 1.18585329e-07 1.44963263e-08 1.56745079e-05
 1.49318405e-03 1.45538247e-05]","[2.38351494e-21 7.20679712e-29 1.13816205e-18 6.00729445e-22
 1.44074449e-23 2.93878975e-26 3.97812510e-22 8.04073511e-32
 1.36816315e-20 1.69767508e-23 2.77364265e-25 4.30526337e-19
 2.72752787e-19 9.46537252e-17 9.85277944e-22 6.44980834e-21
 3.20408449e-26 3.69275290e-28 1.55280258e-18 2.85496863e-19
 3.11723652e-20 2.36756272e-18 6.49498910e-19 9.35267035e-20
 1.15227411e-18 6.53791565e-20 2.00904760e-15 2.66833822e-23
 3.27359954e-16 1.04793480e-13 4.89364057e-20 5.97514115e-22
 7.95425912e-23 1.34182078e-20 1.36649440e-23 8.91963436e-20
 1.16650487e-27 3.80887805e-13 3.98425671e-18 4.16506059e-15
 1.83166145e-20 3.23390083e-17 5.54093528e-19 3.14915665e-18
 2.81565462e-14 2.60773301e-20 1.67523557e-27 2.75117700e-22
 1.98361338e-16 2.08570059e-26]","[0.00136721 0.00189102 0.00188756 0.0006963  0.0026865  0.00294948
 0.001091   0.00440753 0.00216842 0.00299251 0.00142205 0.00299788
 0.0024035  0.00152647 0.00157738 0.00321376 0.00163376 0.00087893
 0.00363266 0.00025618 0.00062609 0.00233781 0.00169218 0.00199544
 0.00174761 0.00248909 0.00382411 0.00208461 0.0015986  0.00043499
 0.00411534 0.00119495 0.00070167 0.00155818 0.0015862  0.00112665
 0.00439095 0.00148606 0.00328434 0.0009141  0.00127876 0.00290012
 0.00017619 0.00188744 0.00362182 0.00194955 0.00385404 0.00188339
 0.00097859 0.00122988]","[0.00816548 0.01225591 0.00678682 0.00808215 0.00907254 0.01184452
 0.0074271  0.01449776 0.00736213 0.01164353 0.00962448 0.01038837
 0.00833714 0.00774336 0.00829995 0.01097572 0.00845933 0.00891912
 0.01003373 0.00498688 0.00503969 0.00804377 0.00718188 0.00871861
 0.00817895 0.00823975 0.00849247 0.0083977  0.00693357 0.00280058
 0.01101315 0.00707626 0.00862861 0.00785255 0.00741851 0.00686359
 0.01281536 0.00430799 0.00836074 0.00277758 0.00826228 0.00871384
 0.00591135 0.00609946 0.00534189 0.00666654 0.01078987 0.00982404
 0.0069679  0.00902271]","[0.03026139 0.03623569 0.03936501 0.02348024 0.04272858 0.04758326
 0.0302636  0.05459568 0.03928174 0.04479058 0.03370109 0.04665207
 0.04268959 0.03418915 0.03505495 0.046313   0.03620195 0.02584548
 0.04940673 0.01627655 0.02464816 0.03945681 0.03694911 0.0381961
 0.0356346  0.04342272 0.0515714  0.0380176  0.035429   0.02165256
 0.05243986 0.03178774 0.02546184 0.03533636 0.03397345 0.02924555
 0.05191257 0.03524692 0.04639698 0.02856571 0.03218852 0.04435033
 0.01690478 0.03832963 0.05083766 0.03885804 0.04992343 0.03650728
 0.02873983 0.0306014 ]","[0.06959697 0.08712375 0.06726254 0.06856075 0.07366404 0.08755158
 0.06764052 0.09226705 0.06664255 0.08103914 0.07550556 0.08154196
 0.07061395 0.06869643 0.07128013 0.08031727 0.07024727 0.07347078
 0.07602377 0.05699924 0.05759943 0.06984382 0.06831086 0.07266326
 0.07242757 0.07111234 0.07222373 0.07185966 0.06582678 0.04351346
 0.08263693 0.06792233 0.07427572 0.07114344 0.06679273 0.06452349
 0.08486072 0.05241444 0.06879466 0.04480968 0.0723274  0.07144356
 0.0611776  0.06351492 0.05882645 0.06364066 0.07835995 0.07665775
 0.06512494 0.07251167]",0.0018657289585913498,3.592494739483837e-07,0.0033245735700232447,2.2913819735599116e-06,0.0018871849946448193,2.5070088871537164e-09,0.006210623601412341,1.2780651653802037e-08,1.1066954340687883e-05,1e-05,5.387962031046502e-06,0.0,0.05867642202854156,0.10773012912034988,0.0072004193596350045,0.010611674632061778,0.0020125770568847658,0.008232944011688233,0.0010869453852304452,0.0023075428214823996,0.03715004547030651,0.07026370386468786,0.009172274554296788,0.009457017312769656
df1,0.4,0.0,0.4,"[8.81579698e-07 5.46398884e-06 1.40396435e-05 3.73964604e-04
 1.04585220e-06 2.19534247e-04 2.99835482e-05 5.25376643e-03
 6.41076366e-06 1.63732496e-05 1.46749215e-06 4.03308445e-05
 5.40313022e-05 8.79830246e-06 3.77043497e-03 7.51402754e-06
 4.67045972e-05 4.40608072e-07 7.25098046e-08 6.24499263e-07
 7.42361542e-07 1.20265345e-05 5.85633896e-03 9.13835051e-04
 2.19534247e-04 4.00670801e-09 1.04585220e-06 2.12592488e-03
 1.20265345e-05 1.93100400e-08 1.63732496e-05 1.59199965e-08
 5.46398884e-06 1.91681353e-04 1.63732496e-05 1.26822204e-04
 6.02037032e-08 4.65235514e-06 7.25098046e-08 1.02917236e-05
 2.59150246e-07 1.23948622e-06 1.23948622e-06 1.45688880e-04
 2.42077577e-06 1.31118659e-08 1.67194217e-04 2.58137431e-05
 5.51757155e-04 7.42361542e-07]","[5.46398884e-06 2.03413945e-16 1.45098666e-09 1.39985076e-14
 5.97265054e-09 3.00652497e-14 1.08277464e-14 1.23116467e-11
 5.12353012e-10 1.17682447e-16 1.51920849e-12 1.05328756e-13
 2.42077577e-06 7.84899525e-16 3.59754634e-13 3.50171296e-16
 4.58538879e-13 9.53441021e-18 1.96348850e-20 3.79972059e-11
 5.12353012e-10 2.33262567e-14 5.97265054e-09 3.83661921e-15
 1.23116467e-11 8.21358136e-14 6.18553174e-12 1.80794013e-14
 1.14339735e-10 1.67853513e-17 7.79334122e-10 9.43717929e-13
 2.33262567e-14 7.28113471e-09 5.83855471e-13 2.26988766e-15
 4.98033280e-15 1.26570821e-17 2.95255083e-15 1.76400398e-10
 2.42826791e-11 3.00652497e-14 1.17682447e-16 3.59754634e-13
 6.39848579e-14 8.36667685e-15 2.42826791e-11 1.05328756e-13
 2.95255083e-15 7.38137688e-11]","[8.81579698e-07 5.46398884e-06 1.40396435e-05 3.73964604e-04
 1.04585220e-06 2.19534247e-04 2.99835482e-05 5.25376643e-03
 6.41076366e-06 1.63732496e-05 1.46749215e-06 4.03308445e-05
 5.40313022e-05 8.79830246e-06 3.77043497e-03 7.51402754e-06
 4.67045972e-05 4.40608072e-07 7.25098046e-08 6.24499263e-07
 7.42361542e-07 1.20265345e-05 5.85633896e-03 9.13835051e-04
 2.19534247e-04 4.00670801e-09 1.04585220e-06 2.12592488e-03
 1.20265345e-05 1.93100400e-08 1.63732496e-05 1.59199965e-08
 5.46398884e-06 1.91681353e-04 1.63732496e-05 1.26822204e-04
 6.02037032e-08 4.65235514e-06 7.25098046e-08 1.02917236e-05
 2.59150246e-07 1.23948622e-06 1.23948622e-06 1.45688880e-04
 2.42077577e-06 1.31118659e-08 1.67194217e-04 2.58137431e-05
 5.51757155e-04 7.42361542e-07]","[5.46398884e-06 2.03413945e-16 1.45098666e-09 1.39985076e-14
 5.97265054e-09 3.00652497e-14 1.08277464e-14 1.23116467e-11
 5.12353012e-10 1.17682447e-16 1.51920849e-12 1.05328756e-13
 2.42077577e-06 7.84899525e-16 3.59754634e-13 3.50171296e-16
 4.58538879e-13 9.53441021e-18 1.96348850e-20 3.79972059e-11
 5.12353012e-10 2.33262567e-14 5.97265054e-09 3.83661921e-15
 1.23116467e-11 8.21358136e-14 6.18553174e-12 1.80794013e-14
 1.14339735e-10 1.67853513e-17 7.79334122e-10 9.43717929e-13
 2.33262567e-14 7.28113471e-09 5.83855471e-13 2.26988766e-15
 4.98033280e-15 1.26570821e-17 2.95255083e-15 1.76400398e-10
 2.42826791e-11 3.00652497e-14 1.17682447e-16 3.59754634e-13
 6.39848579e-14 8.36667685e-15 2.42826791e-11 1.05328756e-13
 2.95255083e-15 7.38137688e-11]","[3.52496325e-07 1.21514548e-05 1.76974466e-06 1.16314101e-03
 5.69734970e-09 1.54183421e-04 9.03504859e-06 5.35575797e-04
 3.72130193e-09 2.71282445e-05 6.03901319e-07 7.42726803e-06
 8.93119897e-07 2.96699478e-07 2.42678201e-03 6.75613290e-06
 5.86090791e-06 3.05081471e-09 4.32354008e-09 4.07363043e-09
 2.14628884e-08 1.64747257e-05 9.76179785e-03 9.39803471e-05
 4.95927941e-05 5.35309103e-08 4.87669646e-08 1.45939409e-03
 9.39128574e-06 1.26550659e-10 3.11558950e-06 1.65985892e-10
 1.47057964e-08 5.87815378e-05 1.30212051e-06 7.19406288e-07
 4.04778433e-11 1.31517359e-06 7.48574203e-10 1.42053542e-06
 2.60702545e-07 1.45168295e-05 3.22942889e-08 4.33811683e-06
 2.04520378e-08 4.31101299e-09 4.42305459e-05 4.18414365e-06
 1.77983720e-04 1.87063804e-08]","[3.86485244e-09 6.41783293e-11 8.95106211e-12 5.63226132e-11
 3.98490019e-10 1.11560872e-10 1.23319133e-10 1.66642256e-10
 1.46255896e-10 1.61737879e-09 7.81115395e-10 6.36833919e-11
 1.23352351e-09 2.15635065e-10 6.49711174e-10 9.75929781e-10
 1.93468574e-11 1.08961473e-09 7.82561571e-10 9.71381864e-11
 7.77332643e-11 1.61915603e-09 4.25338653e-11 1.56030966e-10
 5.58905144e-11 4.36134462e-11 6.12340290e-10 1.37239431e-09
 2.64734901e-11 3.99687505e-10 1.82474369e-10 1.68397851e-10
 5.52312640e-11 3.81550347e-12 5.58988744e-10 7.93915933e-10
 9.12373732e-10 1.68206671e-09 2.95374059e-10 2.59180455e-11
 3.33981731e-11 1.37882816e-10 1.17518528e-09 3.36611738e-10
 4.05440459e-10 1.08476561e-10 3.04088976e-11 4.88322716e-11
 1.95345962e-11 1.04314335e-11]","[1.00000000e-05 1.00000000e-05 1.00000000e-05 1.00000000e-05
 1.00000000e-05 1.00000000e-05 1.00000000e-05 1.00000000e-05
 1.00000000e-05 1.00000000e-05 1.00000000e-05 1.00000000e-05
 1.00000000e-05 1.00000000e-05 1.00000000e-05 1.00000000e-05
 1.00000000e-05 1.00000000e-05 1.00000000e-05 1.00000000e-05
 1.00000000e-05 1.00000000e-05 1.07477942e-05 1.00000000e-05
 1.00000000e-05 1.00000000e-05 1.00000000e-05 1.00000000e-05
 1.00000000e-05 1.00000000e-05 1.00000000e-05 1.00000000e-05
 1.00000000e-05 1.00000000e-05 1.00000000e-05 1.00000000e-05
 1.00000000e-05 1.00000000e-05 1.00000000e-05 1.00000000e-05
 1.00000000e-05 1.00000000e-05 1.00000000e-05 1.00000000e-05
 1.00000000e-05 1.00000000e-05 1.00000000e-05 1.00000000e-05
 1.00000000e-05 1.00000000e-05]","[1.e-05 1.e-05 1.e-05 1.e-05 1.e-05 1.e-05 1.e-05 1.e-05 1.e-05 1.e-05
 1.e-05 1.e-05 1.e-05 1.e-05 1.e-05 1.e-05 1.e-05 1.e-05 1.e-05 1.e-05
 1.e-05 1.e-05 1.e-05 1.e-05 1.e-05 1.e-05 1.e-05 1.e-05 1.e-05 1.e-05
 1.e-05 1.e-05 1.e-05 1.e-05 1.e-05 1.e-05 1.e-05 1.e-05 1.e-05 1.e-05
 1.e-05 1.e-05 1.e-05 1.e-05 1.e-05 1.e-05 1.e-05 1.e-05 1.e-05 1.e-05]","[0.05360705 0.06926503 0.06395719 0.0493071  0.07508109 0.05993572
 0.0630913  0.06219827 0.06494884 0.06611225 0.07118357 0.07189344
 0.05518797 0.06546475 0.05765343 0.07388533 0.0750731  0.06871125
 0.07212359 0.07064044 0.06878279 0.05368494 0.04965426 0.05661352
 0.06042039 0.08852989 0.06372908 0.04993685 0.06640918 0.06881979
 0.0588229  0.07884086 0.06929295 0.05457051 0.06810014 0.05809192
 0.06320935 0.0632133  0.07867899 0.06539434 0.07411888 0.0564692
 0.06667397 0.05228807 0.0708037  0.08101349 0.05184895 0.05188006
 0.05199631 0.07106251]","[0.09180686 0.13157451 0.10519824 0.12866093 0.10170859 0.14307174
 0.12390949 0.10782376 0.10910509 0.12785205 0.12471188 0.12818176
 0.09937248 0.11101143 0.12584285 0.13479882 0.13192224 0.12919789
 0.13066843 0.11370815 0.10021825 0.12081569 0.09599237 0.11704786
 0.11353066 0.12583844 0.11163762 0.11672408 0.11797797 0.13465148
 0.10840036 0.11150095 0.12977227 0.11395242 0.12245337 0.11055083
 0.11068651 0.12633989 0.14291177 0.12117818 0.11741206 0.12585752
 0.12700413 0.12595311 0.11775018 0.12510379 0.11177997 0.12595094
 0.12164111 0.10060843]","[1.95300566e-05 8.68168064e-09 1.48197922e-07 1.15217714e-04
 2.98726949e-10 1.09373659e-06 2.30422185e-07 3.60969525e-07
 8.87371295e-08 4.81290275e-08 2.94424823e-09 1.95860096e-09
 9.79706243e-06 6.77430774e-08 3.20962441e-06 6.10653335e-10
 3.00169316e-10 1.17969179e-08 1.71464636e-09 4.01079122e-09
 1.13402930e-08 1.88862444e-05 1.00387438e-04 5.16960556e-06
 8.65536742e-07 4.34349131e-14 1.66568680e-07 8.96723037e-05
 4.10996954e-08 1.11109877e-08 1.85845892e-06 2.92622085e-11
 8.54796622e-09 1.28573398e-05 1.64995431e-08 2.61841360e-06
 2.17042200e-07 2.16608547e-07 3.24164411e-11 7.02943909e-08
 5.31541677e-10 5.51933531e-06 3.56804426e-08 3.41979561e-05
 3.65581384e-09 7.25585499e-12 4.10820424e-05 4.05537970e-05
 3.86365079e-05 3.15492182e-09]","[4.04261698e-15 1.19003425e-30 1.00064626e-19 2.53204784e-29
 1.82591347e-18 3.47209444e-36 3.19408328e-27 1.05459306e-20
 3.44630674e-21 5.84500621e-29 1.42951598e-27 4.15886453e-29
 1.20726050e-17 6.36747538e-22 4.56219144e-28 3.72248686e-32
 8.22356453e-31 1.44881088e-29 3.10279423e-30 5.55374577e-23
 6.12395130e-18 6.74901427e-26 1.71679531e-16 2.49448611e-24
 6.53283678e-23 4.58260989e-28 3.63300178e-22 3.38342658e-24
 1.03430627e-24 4.36917764e-32 6.38593448e-21 4.10743539e-22
 7.95277935e-30 4.43975227e-23 1.35564590e-26 9.60149626e-22
 8.50891997e-22 2.75261423e-28 4.17675675e-36 4.73979524e-26
 1.76863477e-24 4.49475494e-28 1.39680098e-28 4.07915372e-28
 1.28400128e-24 9.63427606e-28 3.19646662e-22 4.08815679e-28
 3.01356344e-26 4.46884175e-18]","[0.00206888 0.00251186 0.00310862 0.00071502 0.00437582 0.00152469
 0.00318575 0.00233483 0.00242352 0.00268614 0.0019387  0.00448418
 0.00090885 0.00449383 0.00075591 0.00260329 0.00352919 0.00192904
 0.00100493 0.00304186 0.00231254 0.00277615 0.00095892 0.00174534
 0.00173748 0.0032506  0.00191128 0.00189054 0.00152481 0.00337517
 0.00153339 0.00653875 0.00221658 0.00128543 0.00301826 0.00057912
 0.0031296  0.00085282 0.00349069 0.00271869 0.00257707 0.00049806
 0.00396097 0.00062811 0.00387073 0.0020628  0.00187111 0.00222874
 0.00047028 0.0020901 ]","[0.00694728 0.01073015 0.00924075 0.0102787  0.00863028 0.01241505
 0.01359665 0.00849557 0.00749397 0.01292264 0.00823164 0.01419556
 0.0046891  0.01174736 0.00855708 0.01191032 0.01131761 0.0090723
 0.00748622 0.01030469 0.00601852 0.01278377 0.00686324 0.00977719
 0.00901735 0.01072896 0.00771224 0.01145196 0.00969219 0.01330149
 0.00809252 0.01181364 0.01000726 0.00835967 0.01069772 0.0064832
 0.00956345 0.00794959 0.01421666 0.00958192 0.00912941 0.00798893
 0.01366937 0.0083344  0.00993359 0.00815701 0.00880218 0.01158953
 0.00734162 0.00520325]","[0.03765415 0.04045477 0.04638366 0.02602502 0.05589258 0.03525717
 0.04636307 0.04210402 0.04273317 0.04451544 0.04024623 0.05704447
 0.02691882 0.0554894  0.02669404 0.04255237 0.05043086 0.03866789
 0.02799981 0.04626969 0.04146531 0.04569824 0.02981462 0.03453859
 0.03553161 0.04658091 0.03578695 0.03712062 0.03487185 0.05012818
 0.03498533 0.06609744 0.04160429 0.03267506 0.04669723 0.02387641
 0.04777847 0.02778871 0.04910542 0.04614634 0.04255632 0.02369806
 0.05338538 0.02391141 0.05296497 0.03763775 0.03734557 0.04004076
 0.02270105 0.04007576]","[0.06541083 0.08115871 0.07593897 0.08096857 0.07589079 0.08692169
 0.08894324 0.07330622 0.06782421 0.0900298  0.07240242 0.09372419
 0.05407247 0.08614493 0.07180915 0.08446521 0.08282617 0.0742851
 0.06894357 0.07632391 0.06385174 0.08913377 0.06690537 0.07599275
 0.07455964 0.07944065 0.06795299 0.08261306 0.07792385 0.09085268
 0.07098139 0.08639471 0.07876716 0.07358097 0.07912416 0.06508276
 0.07951105 0.07050624 0.09329679 0.0765816  0.07496007 0.07264646
 0.09096106 0.07046156 0.08185204 0.07042802 0.0738789  0.08444091
 0.06750805 0.05810795]",0.0004052311184504351,1.58154654990583e-07,0.001215825874696084,8.302386673090467e-07,0.0003210998590650438,4.771364636724229e-10,0.0014132951797348118,6.827697009863553e-10,1.0014955884564511e-05,1e-05,1.0469119195157371e-07,0.0,0.0644454355955124,0.11902738851070403,0.009022340794386428,0.01157005255916419,0.002334580421447754,0.009650495052337647,0.00122573492141159,0.002304271630393979,0.04024610463370534,0.07679376948397922,0.009736406755367773,0.008895501098377657
df1,0.45,0.0,0.45,"[5.46398884e-06 2.16691945e-07 2.16691945e-07 7.42361542e-07
 2.59150246e-07 2.71047184e-10 3.95729931e-06 1.04864874e-07
 1.18065325e-09 6.02037032e-08 4.13773042e-08 2.59150246e-07
 3.42511079e-08 6.24499263e-07 2.67703473e-09 4.40608072e-07
 2.16691945e-07 4.89436847e-09 4.14795066e-10 6.41076366e-06
 6.24499263e-07 5.40313022e-05 9.59715417e-10 8.21358136e-14
 4.89436847e-09 5.24820678e-07 2.58137431e-05 2.22014992e-05
 6.24499263e-07 2.33983459e-08 2.33983459e-08 8.79830246e-06
 8.81579698e-07 5.12353012e-10 8.79830246e-06 4.40608072e-07
 1.23948622e-06 1.02917236e-05 4.00670801e-09 6.41076366e-06
 7.28113471e-09 2.22014992e-05 8.79830246e-06 1.46749215e-06
 6.26876255e-04 3.36269816e-06 7.78867068e-12 7.25098046e-08
 1.81007354e-07 1.04585220e-06]","[3.59754634e-13 2.33262567e-14 1.51920849e-12 1.74328977e-15
 3.50171296e-16 7.84899525e-16 1.74328977e-15 3.04081795e-26
 1.20365650e-19 1.34933703e-13 8.92004797e-20 6.83217462e-23
 8.93744884e-17 3.07948375e-12 4.58740572e-16 4.58740572e-16
 7.84899525e-16 1.08277464e-14 6.45842239e-15 3.07948375e-12
 1.17682447e-16 1.39985076e-14 1.67853513e-17 3.95007214e-19
 9.53441021e-18 2.27745029e-18 2.66308246e-20 5.83855471e-13
 1.80794013e-14 1.30270202e-22 1.39985076e-14 3.50171296e-16
 6.39848579e-14 2.22374207e-17 5.39368124e-18 2.67024896e-16
 8.93744884e-17 1.54798729e-16 4.05057199e-18 9.52846065e-19
 2.67024896e-16 5.39368124e-18 1.72684385e-13 4.90739183e-12
 1.42091476e-10 3.00652497e-14 5.30299497e-19 3.83661921e-15
 7.84899525e-16 4.05057199e-18]","[5.46398884e-06 2.16691945e-07 2.16691945e-07 7.42361542e-07
 2.59150246e-07 2.71047184e-10 3.95729931e-06 1.04864874e-07
 1.18065325e-09 6.02037032e-08 4.13773042e-08 2.59150246e-07
 3.42511079e-08 6.24499263e-07 2.67703473e-09 4.40608072e-07
 2.16691945e-07 4.89436847e-09 4.14795066e-10 6.41076366e-06
 6.24499263e-07 5.40313022e-05 9.59715417e-10 8.21358136e-14
 4.89436847e-09 5.24820678e-07 2.58137431e-05 2.22014992e-05
 6.24499263e-07 2.33983459e-08 2.33983459e-08 8.79830246e-06
 8.81579698e-07 5.12353012e-10 8.79830246e-06 4.40608072e-07
 1.23948622e-06 1.02917236e-05 4.00670801e-09 6.41076366e-06
 7.28113471e-09 2.22014992e-05 8.79830246e-06 1.46749215e-06
 6.26876255e-04 3.36269816e-06 7.78867068e-12 7.25098046e-08
 1.81007354e-07 1.04585220e-06]","[3.59754634e-13 2.33262567e-14 1.51920849e-12 1.74328977e-15
 3.50171296e-16 7.84899525e-16 1.74328977e-15 3.04081795e-26
 1.20365650e-19 1.34933703e-13 8.92004797e-20 6.83217462e-23
 8.93744884e-17 3.07948375e-12 4.58740572e-16 4.58740572e-16
 7.84899525e-16 1.08277464e-14 6.45842239e-15 3.07948375e-12
 1.17682447e-16 1.39985076e-14 1.67853513e-17 3.95007214e-19
 9.53441021e-18 2.27745029e-18 2.66308246e-20 5.83855471e-13
 1.80794013e-14 1.30270202e-22 1.39985076e-14 3.50171296e-16
 6.39848579e-14 2.22374207e-17 5.39368124e-18 2.67024896e-16
 8.93744884e-17 1.54798729e-16 4.05057199e-18 9.52846065e-19
 2.67024896e-16 5.39368124e-18 1.72684385e-13 4.90739183e-12
 1.42091476e-10 3.00652497e-14 5.30299497e-19 3.83661921e-15
 7.84899525e-16 4.05057199e-18]","[1.26109160e-07 1.90433658e-09 3.60474522e-08 6.80050793e-10
 2.19431362e-10 1.07217901e-10 3.42319061e-07 5.81194903e-09
 7.76869469e-09 1.58440538e-09 4.99437436e-09 1.52560953e-09
 1.67029057e-10 2.77446215e-07 9.55848733e-11 1.19432516e-08
 3.12900927e-10 1.49767754e-10 6.69022615e-11 5.90399591e-06
 1.61859814e-08 2.22706208e-06 1.00104636e-09 3.51435547e-11
 1.16300014e-08 7.48202500e-10 7.37558262e-07 3.39820493e-05
 2.43545769e-07 2.35432362e-09 3.41718542e-10 5.30242332e-07
 5.37551410e-07 3.94478894e-11 1.99640570e-07 1.34062846e-08
 3.89333435e-08 3.72841881e-06 3.15858555e-08 1.72898289e-08
 2.59497979e-11 2.46394101e-07 3.71596696e-08 6.06016101e-07
 7.31887825e-05 4.44834580e-09 5.30906430e-11 1.77014003e-07
 9.55847956e-10 2.64263336e-07]","[1.08689613e-10 6.32010000e-11 5.87846438e-11 2.63079447e-10
 5.90660965e-10 1.58733715e-09 1.90653882e-09 2.46126575e-09
 1.19594223e-10 2.05467865e-11 9.72770753e-11 2.68196021e-10
 1.38150436e-09 3.68440833e-11 1.61312297e-10 2.06119521e-09
 1.18012378e-10 2.45306886e-10 7.97417798e-10 6.02740080e-11
 1.91226668e-09 6.75079992e-11 2.31977670e-09 1.03465680e-10
 1.97623362e-10 1.28610012e-10 2.92548985e-10 4.46287451e-11
 1.34204536e-10 2.28975972e-09 3.36435324e-11 2.49951615e-10
 9.47952050e-10 7.74808218e-10 7.24924787e-10 1.36371248e-10
 1.47096835e-09 8.99028185e-10 2.15635498e-09 3.40556583e-10
 1.92416061e-09 2.10430673e-10 4.67043404e-10 6.49991505e-10
 6.41131592e-12 1.16402665e-10 6.78124223e-11 8.87564910e-10
 4.85042007e-11 8.99046393e-11]","[1.e-05 1.e-05 1.e-05 1.e-05 1.e-05 1.e-05 1.e-05 1.e-05 1.e-05 1.e-05
 1.e-05 1.e-05 1.e-05 1.e-05 1.e-05 1.e-05 1.e-05 1.e-05 1.e-05 1.e-05
 1.e-05 1.e-05 1.e-05 1.e-05 1.e-05 1.e-05 1.e-05 1.e-05 1.e-05 1.e-05
 1.e-05 1.e-05 1.e-05 1.e-05 1.e-05 1.e-05 1.e-05 1.e-05 1.e-05 1.e-05
 1.e-05 1.e-05 1.e-05 1.e-05 1.e-05 1.e-05 1.e-05 1.e-05 1.e-05 1.e-05]","[1.e-05 1.e-05 1.e-05 1.e-05 1.e-05 1.e-05 1.e-05 1.e-05 1.e-05 1.e-05
 1.e-05 1.e-05 1.e-05 1.e-05 1.e-05 1.e-05 1.e-05 1.e-05 1.e-05 1.e-05
 1.e-05 1.e-05 1.e-05 1.e-05 1.e-05 1.e-05 1.e-05 1.e-05 1.e-05 1.e-05
 1.e-05 1.e-05 1.e-05 1.e-05 1.e-05 1.e-05 1.e-05 1.e-05 1.e-05 1.e-05
 1.e-05 1.e-05 1.e-05 1.e-05 1.e-05 1.e-05 1.e-05 1.e-05 1.e-05 1.e-05]","[0.06821379 0.07747529 0.06237326 0.0727056  0.07524576 0.08095117
 0.0722828  0.07844418 0.08687401 0.06886431 0.08841515 0.08865233
 0.07654121 0.0838128  0.07427043 0.0709755  0.07981896 0.07594921
 0.09061466 0.06026345 0.07769884 0.07263307 0.08132693 0.10350926
 0.07445741 0.07930377 0.07578882 0.07560425 0.07320506 0.0762734
 0.0863317  0.06498956 0.08113039 0.07278373 0.0764686  0.07390611
 0.06720709 0.06313433 0.08842116 0.06690752 0.0847327  0.06661602
 0.06702133 0.06725672 0.06713192 0.07153606 0.08741088 0.07898378
 0.07873511 0.07163416]","[0.12040679 0.12100212 0.12117801 0.13367462 0.14411054 0.13623832
 0.12757343 0.15345657 0.15170914 0.11261606 0.13884231 0.16187775
 0.13021565 0.13170719 0.13326371 0.13322858 0.14196198 0.12655211
 0.14184513 0.12494157 0.13451217 0.11737515 0.14416024 0.13281467
 0.13468432 0.14388689 0.13829957 0.13288409 0.13553513 0.13579714
 0.13930886 0.12765621 0.13546024 0.12815485 0.14856615 0.14142856
 0.13978446 0.12652965 0.13756347 0.13977714 0.13343879 0.12643134
 0.11959119 0.12204782 0.11013752 0.11318408 0.1414764  0.13716421
 0.12815902 0.14335187]","[1.55051084e-08 6.89435339e-11 3.30741260e-07 1.22249246e-09
 2.70470949e-10 7.55598839e-12 1.56350029e-09 3.75919955e-11
 1.39495724e-13 1.08409818e-08 4.71260543e-14 3.98096408e-14
 1.22833688e-10 1.13761504e-12 4.85663979e-10 3.31535341e-09
 1.56930913e-11 1.76482311e-10 9.68680527e-15 9.33865042e-07
 5.99809191e-11 1.27532599e-09 5.91499014e-12 4.13100940e-19
 4.34367761e-10 2.18100995e-11 1.94593936e-10 2.17691975e-10
 9.12462511e-10 1.44766230e-10 2.03433052e-13 8.68728305e-08
 6.72409574e-12 1.16797600e-09 1.28435862e-10 6.03169475e-10
 2.67947684e-08 2.25455018e-07 4.69253171e-14 3.14820969e-08
 6.10329302e-13 3.68036390e-08 2.96144013e-08 2.60868591e-08
 2.79028804e-08 2.40598008e-09 9.57907782e-14 2.67285167e-11
 3.12868919e-11 2.27410425e-09]","[1.00417026e-25 5.62809693e-26 4.74061291e-26 1.25798937e-31
 1.04057074e-36 7.71077138e-33 7.78738020e-29 1.36584676e-41
 1.18017232e-40 1.50209826e-22 4.28052892e-34 2.93995865e-46
 4.99617277e-30 1.03364269e-30 1.95819849e-31 2.03356201e-31
 1.24567316e-35 2.21711638e-28 1.42417256e-35 1.13453911e-27
 5.08282186e-32 1.83144857e-24 9.82061621e-37 3.17087143e-31
 4.21603664e-32 1.34978784e-36 7.85575286e-34 2.94350076e-31
 1.66732904e-32 1.25151828e-32 2.53500424e-34 7.15147851e-29
 1.80962759e-32 4.27614323e-29 5.35671928e-39 2.29357479e-35
 1.48337018e-34 2.26850232e-28 1.78300767e-33 1.49568179e-34
 1.62197497e-31 2.50769923e-28 2.20927871e-25 2.02141700e-26
 1.38599380e-21 8.96342830e-23 2.17160269e-35 2.77597175e-33
 4.25777388e-29 2.51100850e-36]","[0.00358605 0.00419283 0.00164425 0.00370455 0.0042671  0.00424063
 0.00482595 0.00298667 0.00352573 0.0023489  0.00357234 0.00447249
 0.004408   0.00389862 0.00343812 0.00359416 0.00232661 0.00430846
 0.0028131  0.0009613  0.00435042 0.00723362 0.00327206 0.01055217
 0.00269592 0.00442553 0.00377989 0.00416183 0.0023191  0.00431108
 0.0039711  0.00273144 0.00385678 0.00272238 0.00294185 0.00248945
 0.00188279 0.00155509 0.00347292 0.00292456 0.00525463 0.00304234
 0.00283349 0.00239742 0.00343573 0.00204635 0.00503981 0.00423336
 0.00440645 0.00292492]","[0.01216507 0.01279438 0.00840068 0.01318836 0.01747036 0.01278341
 0.01568258 0.01447582 0.01313126 0.00729275 0.01205695 0.01734257
 0.01310682 0.0138545  0.01275945 0.01234961 0.01321864 0.01252115
 0.01048028 0.00880015 0.01335239 0.01752353 0.01390207 0.01738
 0.01120663 0.01493227 0.01436555 0.01480234 0.01066947 0.01370752
 0.01235366 0.01172471 0.01197076 0.01053941 0.0115571  0.01169038
 0.01046443 0.00944448 0.01173687 0.01371098 0.01322424 0.01275873
 0.0100913  0.01040256 0.00991809 0.00673091 0.01288521 0.01451015
 0.01247144 0.01523709]","[0.05118632 0.05447976 0.03693484 0.04986368 0.05556652 0.055799
 0.05727101 0.03962273 0.04880999 0.04393911 0.0485321  0.05633476
 0.05569773 0.05265034 0.05041333 0.05195108 0.04234604 0.05334151
 0.04441072 0.02929671 0.0551019  0.06849246 0.0479906  0.08167742
 0.04610495 0.05362555 0.05141928 0.05498355 0.0426933  0.05539173
 0.05131482 0.04463002 0.05235392 0.04568124 0.04550517 0.04410328
 0.03936892 0.0357998  0.04873517 0.0470316  0.05969434 0.04834285
 0.04490284 0.03966592 0.05041494 0.04048511 0.05890638 0.05391632
 0.05673244 0.04492653]","[0.08780689 0.09014635 0.07510131 0.08988626 0.10371504 0.09039325
 0.09871226 0.08972644 0.08844997 0.07035544 0.08562737 0.10276802
 0.09130882 0.09339898 0.09188155 0.089099   0.09096997 0.08759914
 0.07941481 0.07651742 0.09029929 0.10364289 0.0925669  0.10135945
 0.0841325  0.09122919 0.0954012  0.09692491 0.0818557  0.09169366
 0.08678086 0.0850977  0.08583316 0.08156661 0.08204102 0.08481664
 0.08275261 0.07678851 0.085005   0.0922765  0.09037804 0.0888052
 0.07687731 0.07855543 0.07967274 0.06674626 0.08742735 0.09540756
 0.08737117 0.09481407]",1.6476184750848862e-05,3.122427269268831e-12,8.768780953306874e-05,1.9873797606599664e-11,2.4713596386360947e-06,6.420043363597472e-10,1.1190776167151399e-05,7.555288309081772e-10,1e-05,1e-05,0.0,0.0,0.07609767121076585,0.13351125580310821,0.008376023679417767,0.010486730293906019,0.0036076068878173827,0.012582781314849854,0.0014698747490190969,0.0023868568699429936,0.049768793478503846,0.0878199542165302,0.008369073081289246,0.007917717924126651
df1,0.5,0.0,0.5,"[1.63732496e-05 2.33983459e-08 5.92172623e-11 1.31118659e-08
 9.59715417e-10 1.07881685e-08 2.43574207e-12 2.83236331e-08
 3.27672622e-09 2.42826791e-11 4.99357648e-08 1.02917236e-05
 4.99357648e-08 6.02037032e-08 4.14795066e-10 4.65235514e-06
 3.03909276e-11 2.33983459e-08 3.47919250e-05 7.42666811e-13
 4.98033280e-15 9.59715417e-10 3.09615598e-07 2.71047184e-10
 1.93100400e-08 1.74328977e-15 5.24820678e-07 6.02037032e-08
 4.89436847e-09 1.54554888e-11 9.59715417e-10 1.31118659e-08
 3.35473948e-10 4.14795066e-10 7.79334122e-10 1.07881685e-08
 1.81007354e-07 1.17682447e-16 5.92172623e-11 4.14795066e-10
 8.72433497e-08 1.59199965e-08 1.18065325e-09 4.74591296e-11
 2.16691945e-07 8.86732425e-09 2.18772050e-10 1.23116467e-11
 4.98033280e-15 4.14795066e-10]","[1.26570821e-17 2.03413945e-16 1.17682447e-16 8.81076169e-22
 4.88387176e-20 8.36667685e-15 1.06410050e-20 4.94023307e-23
 7.11203305e-19 1.67853513e-17 1.92461767e-12 3.40355762e-22
 9.19151252e-11 7.82155399e-21 7.11203305e-19 4.98033280e-15
 9.52846065e-19 5.28569498e-27 2.67024896e-16 6.25831333e-28
 2.57505865e-23 7.11203305e-19 2.66308246e-20 1.21017203e-25
 1.44619791e-20 2.37806656e-29 2.18494984e-19 2.57505865e-23
 2.94303610e-17 3.50171296e-16 1.65262693e-21 3.95007214e-19
 9.61617488e-24 2.57505865e-23 1.17682447e-16 1.27528784e-18
 6.78067547e-17 3.04081795e-26 3.60824945e-20 3.56853685e-23
 6.91059303e-24 2.18494984e-19 7.11203305e-19 2.94303610e-17
 6.42340318e-22 4.21288896e-21 9.43897459e-23 8.58131384e-26
 1.62253462e-19 1.27528784e-18]","[1.63732496e-05 2.33983459e-08 5.92172623e-11 1.31118659e-08
 9.59715417e-10 1.07881685e-08 2.43574207e-12 2.83236331e-08
 3.27672622e-09 2.42826791e-11 4.99357648e-08 1.02917236e-05
 4.99357648e-08 6.02037032e-08 4.14795066e-10 4.65235514e-06
 3.03909276e-11 2.33983459e-08 3.47919250e-05 7.42666811e-13
 4.98033280e-15 9.59715417e-10 3.09615598e-07 2.71047184e-10
 1.93100400e-08 1.74328977e-15 5.24820678e-07 6.02037032e-08
 4.89436847e-09 1.54554888e-11 9.59715417e-10 1.31118659e-08
 3.35473948e-10 4.14795066e-10 7.79334122e-10 1.07881685e-08
 1.81007354e-07 1.17682447e-16 5.92172623e-11 4.14795066e-10
 8.72433497e-08 1.59199965e-08 1.18065325e-09 4.74591296e-11
 2.16691945e-07 8.86732425e-09 2.18772050e-10 1.23116467e-11
 4.98033280e-15 4.14795066e-10]","[1.26570821e-17 2.03413945e-16 1.17682447e-16 8.81076169e-22
 4.88387176e-20 8.36667685e-15 1.06410050e-20 4.94023307e-23
 7.11203305e-19 1.67853513e-17 1.92461767e-12 3.40355762e-22
 9.19151252e-11 7.82155399e-21 7.11203305e-19 4.98033280e-15
 9.52846065e-19 5.28569498e-27 2.67024896e-16 6.25831333e-28
 2.57505865e-23 7.11203305e-19 2.66308246e-20 1.21017203e-25
 1.44619791e-20 2.37806656e-29 2.18494984e-19 2.57505865e-23
 2.94303610e-17 3.50171296e-16 1.65262693e-21 3.95007214e-19
 9.61617488e-24 2.57505865e-23 1.17682447e-16 1.27528784e-18
 6.78067547e-17 3.04081795e-26 3.60824945e-20 3.56853685e-23
 6.91059303e-24 2.18494984e-19 7.11203305e-19 2.94303610e-17
 6.42340318e-22 4.21288896e-21 9.43897459e-23 8.58131384e-26
 1.62253462e-19 1.27528784e-18]","[2.30600902e-07 1.19150401e-09 4.82813789e-12 3.00128811e-11
 3.20099502e-11 2.88518098e-11 1.43263068e-10 7.30365768e-10
 2.53123522e-10 7.08066938e-12 5.85628213e-11 4.04135331e-06
 1.75675063e-09 3.27239347e-11 6.90952406e-10 1.67505558e-07
 1.03748121e-11 1.41537665e-07 9.97248815e-07 4.53702742e-10
 2.01180961e-10 3.97142241e-09 5.69005852e-08 1.45391810e-10
 1.08638876e-10 7.51221751e-10 1.22837140e-08 3.84923737e-09
 1.23275948e-08 2.71761502e-11 1.03249409e-10 3.78485021e-11
 2.86401680e-10 4.48610038e-11 8.89236573e-10 1.76992865e-09
 1.16735799e-09 3.25981464e-11 8.23734414e-11 7.49187379e-11
 2.10631824e-08 9.45587164e-10 8.49794679e-11 2.15954032e-10
 4.65686482e-08 2.98340241e-11 3.06840997e-10 1.32822642e-11
 6.07535133e-11 2.95584668e-11]","[5.10327447e-10 1.88639515e-09 2.80136092e-09 1.65014358e-09
 4.81944262e-10 6.91839364e-10 3.15173609e-09 9.95499683e-10
 7.77473419e-10 1.49859569e-10 2.11395346e-11 1.41668599e-09
 5.52727863e-11 6.96455227e-10 2.62117217e-10 1.60722435e-10
 7.12669035e-10 8.20087442e-10 3.46737306e-10 4.94170149e-10
 2.88997593e-09 3.64317909e-10 1.01136155e-09 2.21253460e-10
 2.31509589e-10 9.76190129e-10 2.18156848e-09 6.04709505e-10
 1.07163345e-09 1.25076682e-09 3.92449762e-09 1.96461414e-09
 3.83257759e-10 3.32622152e-10 2.25985364e-09 2.76490386e-10
 6.43318954e-10 1.26137178e-09 1.71236914e-09 1.88043880e-09
 4.70086980e-09 7.96431809e-11 7.57007790e-11 3.33874151e-10
 3.72777809e-10 1.18444143e-09 6.55306809e-10 8.25227886e-10
 9.56643320e-10 4.03816536e-10]","[1.e-05 1.e-05 1.e-05 1.e-05 1.e-05 1.e-05 1.e-05 1.e-05 1.e-05 1.e-05
 1.e-05 1.e-05 1.e-05 1.e-05 1.e-05 1.e-05 1.e-05 1.e-05 1.e-05 1.e-05
 1.e-05 1.e-05 1.e-05 1.e-05 1.e-05 1.e-05 1.e-05 1.e-05 1.e-05 1.e-05
 1.e-05 1.e-05 1.e-05 1.e-05 1.e-05 1.e-05 1.e-05 1.e-05 1.e-05 1.e-05
 1.e-05 1.e-05 1.e-05 1.e-05 1.e-05 1.e-05 1.e-05 1.e-05 1.e-05 1.e-05]","[1.e-05 1.e-05 1.e-05 1.e-05 1.e-05 1.e-05 1.e-05 1.e-05 1.e-05 1.e-05
 1.e-05 1.e-05 1.e-05 1.e-05 1.e-05 1.e-05 1.e-05 1.e-05 1.e-05 1.e-05
 1.e-05 1.e-05 1.e-05 1.e-05 1.e-05 1.e-05 1.e-05 1.e-05 1.e-05 1.e-05
 1.e-05 1.e-05 1.e-05 1.e-05 1.e-05 1.e-05 1.e-05 1.e-05 1.e-05 1.e-05
 1.e-05 1.e-05 1.e-05 1.e-05 1.e-05 1.e-05 1.e-05 1.e-05 1.e-05 1.e-05]","[0.07335416 0.08735805 0.08574234 0.08693739 0.08552623 0.08541668
 0.1099173  0.08674802 0.08407159 0.08303312 0.08840646 0.07184094
 0.09189576 0.08726988 0.07849021 0.07561951 0.10746883 0.077239
 0.0662465  0.09906882 0.10597735 0.08987105 0.09387471 0.09837974
 0.08852392 0.10854067 0.07672514 0.08271347 0.08106671 0.09134887
 0.09409977 0.08843279 0.08185508 0.0891117  0.08724511 0.08358313
 0.07544963 0.12107429 0.08883061 0.08975723 0.08339502 0.07402574
 0.09764336 0.09394797 0.07821349 0.08781563 0.08661155 0.10027842
 0.10360151 0.10030385]","[0.1194324  0.14008777 0.14354662 0.14652261 0.15423139 0.13824388
 0.15544793 0.14511754 0.13823544 0.13540714 0.13682374 0.1587975
 0.13103841 0.15995083 0.14556909 0.13569096 0.14190287 0.15672746
 0.1269096  0.15563504 0.16196531 0.13818894 0.14582298 0.1519883
 0.14764304 0.16542142 0.13961694 0.15570331 0.1305198  0.13311545
 0.14825322 0.15256371 0.15330829 0.14562741 0.14579918 0.14907317
 0.14890481 0.14084252 0.14114842 0.15672376 0.15095204 0.14387325
 0.15656917 0.14505019 0.14074735 0.14969995 0.14815097 0.16322475
 0.14847389 0.14890064]","[8.35845584e-10 9.94106868e-14 3.05725376e-13 1.33457526e-13
 3.54727406e-13 3.82437423e-13 1.68445110e-21 1.52307676e-13
 9.55467963e-13 1.91816224e-12 4.74178850e-14 2.01883184e-09
 3.78583939e-15 1.05753530e-13 3.65174750e-11 2.15685645e-10
 1.43420357e-20 7.98418635e-11 4.48171160e-08 1.53823319e-17
 5.16227167e-20 1.66099920e-14 8.64076073e-16 2.65818250e-17
 4.36197769e-14 5.64978129e-21 1.09690555e-10 2.37293458e-12
 7.00883356e-12 5.66302740e-15 7.28972963e-16 4.65392284e-14
 4.18459556e-12 2.86755815e-14 1.07605810e-13 1.32755356e-12
 2.39089411e-10 5.24559204e-26 3.50575520e-14 1.80320048e-14
 1.50603727e-12 5.61813043e-10 4.74907514e-17 8.17587614e-16
 4.34619106e-11 7.20431684e-14 1.67491180e-13 5.83394720e-18
 3.82546363e-19 5.71552610e-18]","[2.57423099e-25 1.05295219e-34 2.00373728e-36 6.12719595e-38
 5.20753575e-42 8.35961576e-34 1.13442802e-42 3.20840675e-37
 8.43879103e-34 1.91775008e-32 4.04506539e-33 1.60320501e-44
 2.09971966e-30 3.62023543e-45 1.88791786e-37 1.40589580e-32
 1.33299730e-35 2.25381966e-43 1.53872061e-28 8.96419916e-43
 2.62104001e-46 8.88811507e-34 1.40013611e-37 8.37652716e-41
 1.61745610e-38 2.68012385e-48 1.79190519e-34 8.22549308e-43
 3.62864306e-30 2.29640259e-31 7.79716925e-39 4.12386757e-41
 1.64173129e-41 1.76273486e-37 1.43995473e-37 2.91070079e-39
 3.56500408e-39 4.47306545e-35 3.15744934e-35 2.26442320e-43
 2.98067976e-40 1.37136580e-36 2.75465026e-43 3.47201551e-37
 4.98424137e-35 1.36536898e-39 8.81321998e-39 4.99073050e-47
 5.98414549e-39 3.58294336e-39]","[0.00412023 0.00399661 0.00737393 0.00732827 0.00527513 0.00516307
 0.0071671  0.00367939 0.00325489 0.00299454 0.00647175 0.00470901
 0.00684249 0.00623631 0.00509    0.00515664 0.00691485 0.00270092
 0.00243139 0.00420403 0.0064739  0.00638795 0.00294125 0.00701821
 0.00468588 0.00740433 0.00635099 0.00523031 0.00500226 0.00593853
 0.00699008 0.00524652 0.00337315 0.00435436 0.00297987 0.00525403
 0.00268698 0.00629687 0.00467193 0.00459898 0.00475502 0.00432396
 0.00527787 0.00591648 0.00514042 0.00463462 0.00477254 0.00858867
 0.00782287 0.00822544]","[0.01120079 0.01365674 0.01785612 0.01896799 0.01675773 0.0145129
 0.0148406  0.01320744 0.01322842 0.01082563 0.01482201 0.01966941
 0.01494086 0.02059424 0.01865721 0.01483011 0.01311457 0.01939166
 0.01315022 0.01528203 0.01775587 0.01870513 0.01268303 0.01742411
 0.01371193 0.01744592 0.01907897 0.02024913 0.01446009 0.01495409
 0.01795292 0.01744664 0.01520598 0.01365685 0.01239014 0.01875126
 0.01345956 0.01096046 0.01179147 0.0159775  0.01637948 0.01535249
 0.01707399 0.01458108 0.01697004 0.01612031 0.01652431 0.02205229
 0.01708972 0.02088225]","[0.05467313 0.05478602 0.06905453 0.07121132 0.05880119 0.06021867
 0.0715732  0.05035432 0.04969992 0.0459947  0.06379349 0.05725565
 0.06766475 0.06330654 0.06058479 0.05776053 0.0670692  0.0455488
 0.04198754 0.05628887 0.06663631 0.06442852 0.04333252 0.06961383
 0.05673022 0.0701674  0.06707909 0.0590729  0.05941154 0.06364709
 0.0670706  0.06192871 0.04903866 0.05714092 0.04688861 0.05702619
 0.0427142  0.06468299 0.05821127 0.0568375  0.05577421 0.05551234
 0.06072775 0.06451527 0.06070535 0.05833411 0.05861786 0.0755338
 0.07372298 0.07540821]","[0.08423006 0.09249787 0.10341859 0.1079324  0.09957571 0.09699556
 0.09540803 0.09028199 0.09411585 0.08348616 0.09237344 0.10889507
 0.09448074 0.1113509  0.1088567  0.0938505  0.088058   0.11139337
 0.09032515 0.09845495 0.10163935 0.10652681 0.08587171 0.10385592
 0.09026049 0.10182414 0.11038055 0.11062229 0.09382265 0.09583702
 0.10284982 0.10572366 0.09675764 0.09307668 0.09066101 0.10644517
 0.08886298 0.08293405 0.08655504 0.09971207 0.09739279 0.09604699
 0.10471823 0.09602644 0.10164757 0.10000155 0.09998153 0.11489748
 0.1037117  0.11472269]",1.3566335055966425e-06,1.877086188183151e-12,5.503774512782313e-06,1.2865396886063427e-11,1.1496087835238811e-07,1.0622611901212053e-09,5.79201272995388e-07,1.018776950913916e-09,1e-05,1e-05,0.0,0.0,0.08867896480083466,0.14626380823612212,0.010760568999783995,0.009541387326422183,0.005289096832275391,0.015931873321533202,0.001537060832719898,0.002725687582609583,0.05976276225205582,0.09858694043420212,0.00839707309299531,0.008327026863794062
df1,0.55,0.0,0.55,"[3.09615598e-07 5.12353012e-10 5.92172623e-11 2.71047184e-10
 1.93824891e-11 8.21358136e-14 1.51920849e-12 2.59150246e-07
 7.79334122e-10 1.92461767e-12 3.79972059e-11 1.51920849e-12
 1.34933703e-13 1.42091476e-10 1.59199965e-08 7.42666811e-13
 7.28113471e-09 1.39985076e-14 1.93100400e-08 8.21358136e-14
 1.42091476e-10 3.88941584e-12 9.43717929e-13 7.84899525e-16
 5.83855471e-13 8.86732425e-09 3.07948375e-12 9.43717929e-13
 9.79737413e-12 2.95255083e-15 2.81965513e-13 3.35473948e-10
 3.79972059e-11 4.74591296e-11 3.03909276e-11 1.74328977e-15
 9.59715417e-10 3.42511079e-08 9.59715417e-10 2.20772463e-13
 2.71047184e-10 3.00652497e-14 2.03413945e-16 2.33983459e-08
 3.35473948e-10 3.07948375e-12 7.51402754e-06 6.00359848e-16
 5.92172623e-11 4.13773042e-08]","[2.25989398e-21 8.81076169e-22 1.26570821e-17 3.08714081e-21
 1.30270202e-22 3.95007214e-19 2.25989398e-21 1.27528784e-18
 9.43897459e-23 1.06757971e-26 8.31031105e-31 7.51579753e-27
 5.69539852e-31 2.37806656e-29 1.20730402e-21 1.85625733e-23
 9.31581113e-25 5.30672790e-34 1.33749750e-15 4.67812431e-22
 1.44619791e-20 1.65262693e-21 7.13959478e-29 5.69539852e-31
 3.50171296e-16 1.33672873e-23 5.69539852e-31 4.95418960e-29
 3.04782586e-28 1.44619791e-20 3.56590826e-34 2.60622931e-27
 2.57505865e-23 4.30155538e-26 5.64011511e-33 5.69539852e-31
 1.27976799e-27 9.43897459e-23 2.66308246e-20 8.81076169e-22
 5.28569498e-27 6.83217462e-23 8.58131384e-26 2.94303610e-17
 2.57505865e-23 1.47818613e-28 2.22374207e-17 4.94023307e-23
 3.40355762e-22 5.39368124e-18]","[3.09615598e-07 5.12353012e-10 5.92172623e-11 2.71047184e-10
 1.93824891e-11 8.21358136e-14 1.51920849e-12 2.59150246e-07
 7.79334122e-10 1.92461767e-12 3.79972059e-11 1.51920849e-12
 1.34933703e-13 1.42091476e-10 1.59199965e-08 7.42666811e-13
 7.28113471e-09 1.39985076e-14 1.93100400e-08 8.21358136e-14
 1.42091476e-10 3.88941584e-12 9.43717929e-13 7.84899525e-16
 5.83855471e-13 8.86732425e-09 3.07948375e-12 9.43717929e-13
 9.79737413e-12 2.95255083e-15 2.81965513e-13 3.35473948e-10
 3.79972059e-11 4.74591296e-11 3.03909276e-11 1.74328977e-15
 9.59715417e-10 3.42511079e-08 9.59715417e-10 2.20772463e-13
 2.71047184e-10 3.00652497e-14 2.03413945e-16 2.33983459e-08
 3.35473948e-10 3.07948375e-12 7.51402754e-06 6.00359848e-16
 5.92172623e-11 4.13773042e-08]","[2.25989398e-21 8.81076169e-22 1.26570821e-17 3.08714081e-21
 1.30270202e-22 3.95007214e-19 2.25989398e-21 1.27528784e-18
 9.43897459e-23 1.06757971e-26 8.31031105e-31 7.51579753e-27
 5.69539852e-31 2.37806656e-29 1.20730402e-21 1.85625733e-23
 9.31581113e-25 5.30672790e-34 1.33749750e-15 4.67812431e-22
 1.44619791e-20 1.65262693e-21 7.13959478e-29 5.69539852e-31
 3.50171296e-16 1.33672873e-23 5.69539852e-31 4.95418960e-29
 3.04782586e-28 1.44619791e-20 3.56590826e-34 2.60622931e-27
 2.57505865e-23 4.30155538e-26 5.64011511e-33 5.69539852e-31
 1.27976799e-27 9.43897459e-23 2.66308246e-20 8.81076169e-22
 5.28569498e-27 6.83217462e-23 8.58131384e-26 2.94303610e-17
 2.57505865e-23 1.47818613e-28 2.22374207e-17 4.94023307e-23
 3.40355762e-22 5.39368124e-18]","[1.51493958e-08 2.60486077e-11 3.28573835e-11 8.13438206e-12
 1.54160240e-10 4.58513116e-10 2.84182677e-11 1.08575515e-09
 6.60060895e-12 1.37631018e-11 2.56120680e-11 6.96915858e-11
 3.91474408e-10 1.28784428e-10 6.80790646e-10 4.50091076e-11
 5.95890004e-11 2.45881315e-10 7.35080885e-11 9.10498343e-11
 4.41224834e-12 1.79538606e-11 4.03644895e-11 1.68423819e-09
 1.08673959e-10 1.99387884e-09 7.60749241e-11 1.57991398e-11
 2.20953256e-10 8.12277356e-10 2.86678459e-11 1.64877556e-10
 2.56126231e-11 8.15254531e-11 3.60382835e-11 1.67973857e-10
 2.65375721e-10 9.32332733e-09 2.90011792e-10 6.50413057e-12
 1.35922829e-10 9.43622958e-12 3.32624706e-10 3.54772545e-10
 6.40891784e-11 3.86766175e-11 3.95674244e-08 1.38852041e-10
 3.56612073e-10 1.38542571e-08]","[6.38815334e-10 4.28132862e-10 1.80940030e-09 7.91682719e-10
 2.00177597e-09 1.25590438e-09 8.68319860e-10 1.54339852e-09
 6.48748721e-10 2.56399924e-09 1.73058456e-09 1.53287016e-09
 1.60524971e-09 3.19103488e-09 4.29082880e-10 6.01150796e-10
 8.27569679e-10 6.18116469e-09 8.56662297e-10 1.38775602e-09
 2.67529732e-09 5.53994073e-10 4.58375338e-10 3.70259323e-09
 3.69608233e-10 1.94578353e-10 2.89455282e-09 1.91924032e-09
 5.92528437e-09 2.66985245e-09 8.94601726e-10 1.13296483e-09
 4.46670900e-09 2.26636676e-09 2.45151155e-09 9.69555658e-10
 2.20777263e-09 3.66373709e-10 3.53237273e-09 2.34495645e-10
 5.63210822e-09 2.30049246e-09 1.26291999e-09 1.51859014e-09
 6.41780185e-10 1.82318172e-09 5.23254440e-10 1.66155756e-10
 1.53361879e-09 4.73870609e-10]","[1.e-05 1.e-05 1.e-05 1.e-05 1.e-05 1.e-05 1.e-05 1.e-05 1.e-05 1.e-05
 1.e-05 1.e-05 1.e-05 1.e-05 1.e-05 1.e-05 1.e-05 1.e-05 1.e-05 1.e-05
 1.e-05 1.e-05 1.e-05 1.e-05 1.e-05 1.e-05 1.e-05 1.e-05 1.e-05 1.e-05
 1.e-05 1.e-05 1.e-05 1.e-05 1.e-05 1.e-05 1.e-05 1.e-05 1.e-05 1.e-05
 1.e-05 1.e-05 1.e-05 1.e-05 1.e-05 1.e-05 1.e-05 1.e-05 1.e-05 1.e-05]","[1.e-05 1.e-05 1.e-05 1.e-05 1.e-05 1.e-05 1.e-05 1.e-05 1.e-05 1.e-05
 1.e-05 1.e-05 1.e-05 1.e-05 1.e-05 1.e-05 1.e-05 1.e-05 1.e-05 1.e-05
 1.e-05 1.e-05 1.e-05 1.e-05 1.e-05 1.e-05 1.e-05 1.e-05 1.e-05 1.e-05
 1.e-05 1.e-05 1.e-05 1.e-05 1.e-05 1.e-05 1.e-05 1.e-05 1.e-05 1.e-05
 1.e-05 1.e-05 1.e-05 1.e-05 1.e-05 1.e-05 1.e-05 1.e-05 1.e-05 1.e-05]","[0.08411089 0.10109707 0.08597091 0.09070573 0.09856811 0.11013968
 0.10134248 0.09118279 0.09650056 0.10552226 0.09172665 0.10542619
 0.10121788 0.09814878 0.08283251 0.10503082 0.08956166 0.11379462
 0.08698686 0.09970262 0.10310912 0.08951884 0.10611374 0.10914889
 0.10555584 0.0949749  0.10565552 0.08500666 0.10107973 0.12366745
 0.10473961 0.09386622 0.0929371  0.10367356 0.09050712 0.11456563
 0.09005622 0.08523934 0.0963966  0.1161409  0.10095658 0.11431267
 0.12885557 0.08354079 0.0895414  0.1046679  0.08245949 0.10991171
 0.1023131  0.09298509]","[0.15731163 0.17075299 0.15084023 0.15907718 0.14900108 0.14861578
 0.16102262 0.15012415 0.15835266 0.16533734 0.17709792 0.16662651
 0.18448232 0.17787676 0.15930901 0.15024687 0.15812463 0.1812371
 0.14049481 0.16433849 0.14219336 0.15060812 0.15255152 0.17284061
 0.14710129 0.16043846 0.17698498 0.17113741 0.16717108 0.17601419
 0.18092789 0.15748496 0.14564798 0.17296539 0.17475923 0.16774038
 0.17547605 0.15686946 0.15518136 0.14853552 0.16069336 0.1555542
 0.16764598 0.14210109 0.15948193 0.16752698 0.1436074  0.15317913
 0.16186266 0.15089761]","[9.30442484e-13 3.00656025e-18 2.61135890e-13 9.06498106e-15
 2.28985722e-17 1.38334557e-21 2.46211568e-18 6.39660700e-15
 1.15863896e-16 7.60326806e-20 4.28897620e-15 8.24905337e-20
 2.72512742e-18 3.19031727e-17 2.19239242e-12 1.15284209e-19
 2.07603823e-14 5.13089802e-23 1.28923229e-13 9.26914112e-18
 5.76059192e-19 2.14098517e-14 4.59517719e-20 3.31627407e-21
 7.38955621e-20 3.74881500e-16 6.78948147e-20 5.06348192e-13
 3.04926827e-18 4.06652687e-27 1.47395472e-19 8.69623771e-16
 1.74685602e-15 3.60246041e-19 1.04753928e-14 2.52550682e-23
 1.45289540e-14 4.31867893e-13 1.25590768e-16 5.84588988e-24
 3.37012450e-18 3.18844986e-23 2.06872609e-29 1.36582414e-12
 2.10651741e-14 1.56573291e-19 2.80834231e-12 1.69280794e-21
 1.11192368e-18 1.68532412e-15]","[1.07283463e-43 1.87630390e-51 3.41634470e-40 1.11869991e-44
 3.17478035e-39 5.04669401e-39 8.99265944e-46 8.16498452e-40
 2.83773826e-44 2.99976981e-48 2.42605512e-55 5.29717377e-49
 4.73857201e-60 7.89861378e-56 8.29777661e-45 7.03463138e-40
 3.80028925e-44 5.88325906e-58 6.63963641e-35 1.13875770e-47
 9.55188409e-36 4.53331273e-40 4.18635229e-41 1.02333514e-52
 3.08370823e-38 1.92335990e-45 2.85357556e-55 1.10120087e-51
 2.53596455e-49 1.14649670e-54 9.27124288e-58 8.60277218e-44
 1.72057327e-37 8.59039010e-53 6.84058546e-54 1.17102763e-49
 2.47007288e-54 1.88220297e-43 1.58583339e-42 5.55742351e-39
 1.38083193e-45 9.92456371e-43 1.33135055e-49 1.06193589e-35
 6.63831327e-45 1.56492664e-49 1.86732596e-36 1.92677473e-41
 2.99869346e-46 3.18539469e-40]","[0.00338709 0.00638974 0.00645673 0.00464439 0.00882435 0.00761878
 0.00796819 0.00541925 0.00490093 0.00912738 0.00277019 0.00616312
 0.00385296 0.00716233 0.00462365 0.00714648 0.00674284 0.00964236
 0.00523949 0.00505996 0.00515425 0.00347924 0.00681269 0.00788176
 0.00546086 0.00639915 0.00642574 0.0045346  0.00662363 0.01042628
 0.00977921 0.00598836 0.00466776 0.00652099 0.00400805 0.00931394
 0.00493014 0.00667012 0.00505388 0.00804055 0.00656509 0.00917447
 0.00596476 0.00655937 0.00512493 0.00400984 0.00329471 0.00660622
 0.00606108 0.00480187]","[0.01569378 0.02357495 0.0214628  0.01692843 0.01849031 0.01706982
 0.02035642 0.01763296 0.01425302 0.02200818 0.01799178 0.01846206
 0.01984012 0.02270544 0.01969492 0.01831877 0.02160656 0.02517331
 0.01616991 0.01594234 0.01151192 0.01342273 0.01852953 0.02272296
 0.01208007 0.01969111 0.02314734 0.01935458 0.02015245 0.02315867
 0.0268513  0.01827657 0.01459265 0.02313137 0.01945889 0.02167547
 0.02168763 0.01965511 0.01372313 0.01606703 0.0183692  0.02031684
 0.01627207 0.01713753 0.0177176  0.0186621  0.01432085 0.01533568
 0.02024853 0.01587772]","[0.04574863 0.06380206 0.06653994 0.05818904 0.07496163 0.07293265
 0.07430748 0.06132673 0.05909838 0.07663626 0.04454587 0.06623882
 0.05294393 0.06971481 0.05661818 0.06983755 0.06909472 0.07926908
 0.06141681 0.05839597 0.06194487 0.05149788 0.06523871 0.0710596
 0.06098187 0.06750242 0.06881952 0.05334083 0.0670138  0.08472395
 0.08119327 0.06168756 0.0575318  0.06318991 0.05242434 0.07823088
 0.05600597 0.06668718 0.05605134 0.07297847 0.07004678 0.0789393
 0.05935583 0.0671316  0.06048769 0.05203093 0.04908989 0.06764056
 0.06114625 0.05535132]","[0.09891113 0.12001429 0.11295431 0.10436013 0.10556028 0.10258129
 0.11116112 0.10318481 0.09521033 0.11610497 0.10355826 0.10864534
 0.11030498 0.11796586 0.11111731 0.10607659 0.11665289 0.12165185
 0.10049931 0.10075958 0.08638344 0.09299504 0.10644319 0.11858494
 0.08688103 0.11050168 0.12066455 0.1065354  0.1108336  0.11966467
 0.1272895  0.10651816 0.09615021 0.11464343 0.10664644 0.11494925
 0.11239808 0.11005329 0.09036133 0.10040791 0.11034405 0.11237575
 0.09813221 0.10436728 0.10448276 0.10622182 0.09563947 0.09658664
 0.11064518 0.09767034]",1.6476455040051216e-07,3.518253492524002e-17,1.0513843876655189e-06,1.9241521140939174e-16,1.7798449158945574e-09,1.733107533041789e-09,6.206221383450221e-09,1.451021062449572e-09,1e-05,1e-05,0.0,0.0,0.09922132723331449,0.1609089930486679,0.010636730162811194,0.011507868503820207,0.0061894750595092776,0.018730490207672118,0.0018136177381727055,0.00332849514056589,0.06401885729536189,0.1068529054785014,0.009233965388231784,0.009076776816809606
df1,0.6000000000000001,0.0,0.6000000000000001,"[1.93824891e-11 1.39985076e-14 1.54798729e-16 1.72684385e-13
 6.78067547e-17 2.18772050e-10 1.26570821e-17 3.95007214e-19
 8.21358136e-14 1.33749750e-15 5.30299497e-19 1.51920849e-12
 2.33262567e-14 1.26570821e-17 2.22374207e-17 2.81965513e-13
 6.78067547e-17 5.74326505e-21 1.17682447e-16 8.21358136e-14
 4.58538879e-13 1.34933703e-13 3.50171296e-16 1.80794013e-14
 2.26988766e-15 1.74328977e-15 1.08277464e-14 1.31118659e-08
 1.74328977e-15 6.39848579e-14 1.92461767e-12 7.78867068e-12
 1.05328756e-13 8.93744884e-17 1.39985076e-14 5.83855471e-13
 1.27528784e-18 6.39848579e-14 2.20772463e-13 3.03881495e-18
 6.39848579e-14 4.98033280e-15 1.44619791e-20 1.74328977e-15
 8.92004797e-20 2.20772463e-13 3.50171296e-16 2.22374207e-17
 5.92172623e-11 7.78867068e-12]","[8.58131384e-26 1.85625733e-23 1.60509935e-34 8.58131384e-26
 1.82198508e-31 1.79605588e-22 1.76381982e-30 9.31581113e-25
 2.14251154e-35 1.79605588e-22 3.55797286e-24 1.30432533e-24
 3.72814291e-30 3.72814291e-30 2.66678482e-31 3.72814291e-30
 1.30270202e-22 8.95402666e-28 1.02784044e-28 6.83217462e-23
 4.30155538e-26 7.51579753e-27 1.85625733e-23 1.39869353e-43
 4.73751051e-25 1.17161696e-33 1.85625733e-23 3.95007214e-19
 8.31031105e-31 1.60509935e-34 1.30432533e-24 1.47818613e-28
 4.94023307e-23 3.92888730e-32 1.82724155e-27 3.81363460e-33
 7.19492833e-35 4.96114708e-24 2.60622931e-27 2.39934411e-25
 1.22979552e-32 7.51579753e-27 6.07873598e-26 1.30270202e-22
 6.63610190e-38 6.32047121e-36 2.05945159e-42 2.32827146e-37
 3.40355762e-22 8.31031105e-31]","[1.93824891e-11 1.39985076e-14 1.54798729e-16 1.72684385e-13
 6.78067547e-17 2.18772050e-10 1.26570821e-17 3.95007214e-19
 8.21358136e-14 1.33749750e-15 5.30299497e-19 1.51920849e-12
 2.33262567e-14 1.26570821e-17 2.22374207e-17 2.81965513e-13
 6.78067547e-17 5.74326505e-21 1.17682447e-16 8.21358136e-14
 4.58538879e-13 1.34933703e-13 3.50171296e-16 1.80794013e-14
 2.26988766e-15 1.74328977e-15 1.08277464e-14 1.31118659e-08
 1.74328977e-15 6.39848579e-14 1.92461767e-12 7.78867068e-12
 1.05328756e-13 8.93744884e-17 1.39985076e-14 5.83855471e-13
 1.27528784e-18 6.39848579e-14 2.20772463e-13 3.03881495e-18
 6.39848579e-14 4.98033280e-15 1.44619791e-20 1.74328977e-15
 8.92004797e-20 2.20772463e-13 3.50171296e-16 2.22374207e-17
 5.92172623e-11 7.78867068e-12]","[8.58131384e-26 1.85625733e-23 1.60509935e-34 8.58131384e-26
 1.82198508e-31 1.79605588e-22 1.76381982e-30 9.31581113e-25
 2.14251154e-35 1.79605588e-22 3.55797286e-24 1.30432533e-24
 3.72814291e-30 3.72814291e-30 2.66678482e-31 3.72814291e-30
 1.30270202e-22 8.95402666e-28 1.02784044e-28 6.83217462e-23
 4.30155538e-26 7.51579753e-27 1.85625733e-23 1.39869353e-43
 4.73751051e-25 1.17161696e-33 1.85625733e-23 3.95007214e-19
 8.31031105e-31 1.60509935e-34 1.30432533e-24 1.47818613e-28
 4.94023307e-23 3.92888730e-32 1.82724155e-27 3.81363460e-33
 7.19492833e-35 4.96114708e-24 2.60622931e-27 2.39934411e-25
 1.22979552e-32 7.51579753e-27 6.07873598e-26 1.30270202e-22
 6.63610190e-38 6.32047121e-36 2.05945159e-42 2.32827146e-37
 3.40355762e-22 8.31031105e-31]","[3.89846821e-10 1.35776168e-10 5.54465363e-10 3.31860761e-10
 4.23473034e-10 9.64018865e-11 5.99077010e-10 1.58204339e-10
 8.46409498e-10 2.08779438e-10 8.23964230e-11 7.08322734e-10
 7.14821535e-11 1.26578859e-10 2.03403183e-10 1.21508470e-10
 2.32031505e-10 1.30599309e-10 1.67809633e-09 2.13198348e-11
 6.64812649e-12 1.50953694e-11 4.08868939e-10 6.04411854e-10
 4.51440441e-10 3.16655591e-11 2.81124013e-11 3.19058391e-09
 9.08773057e-12 2.76456635e-11 4.87872742e-10 2.04503747e-10
 3.04824721e-10 9.72838476e-11 1.09231069e-09 4.82627938e-10
 4.09035028e-11 7.39946882e-10 4.51583215e-12 2.33866593e-10
 7.55497886e-11 4.10258050e-10 3.33340022e-10 3.93546196e-10
 1.70915460e-09 5.29031152e-10 1.49926016e-09 5.97653815e-10
 7.28721528e-11 5.08829645e-11]","[1.88259164e-09 7.62530039e-10 3.20323179e-09 3.44356099e-10
 5.58190272e-09 2.62036415e-09 9.24595733e-10 1.12012666e-09
 9.35450273e-10 4.40720238e-10 4.68920935e-09 4.84684037e-09
 1.72125381e-09 3.33605854e-09 4.86189533e-10 7.57994334e-10
 3.80183673e-09 1.53108193e-09 1.83608762e-09 3.32282424e-10
 2.40050613e-09 7.37411687e-10 3.74876907e-10 4.41739456e-09
 2.14749640e-09 1.34531453e-09 1.89691174e-09 2.07183826e-10
 3.11358206e-09 1.48764190e-09 3.81890619e-09 9.64732183e-10
 3.85883658e-09 2.76048084e-09 4.10111500e-10 8.37560621e-09
 2.75968293e-09 1.94464378e-09 9.02851793e-10 1.43978973e-09
 8.02434474e-09 1.05480891e-09 6.38176956e-10 8.71220762e-10
 2.94238278e-09 1.64787994e-09 1.25725697e-09 4.27662172e-09
 6.13062823e-10 5.42789191e-09]","[1.e-05 1.e-05 1.e-05 1.e-05 1.e-05 1.e-05 1.e-05 1.e-05 1.e-05 1.e-05
 1.e-05 1.e-05 1.e-05 1.e-05 1.e-05 1.e-05 1.e-05 1.e-05 1.e-05 1.e-05
 1.e-05 1.e-05 1.e-05 1.e-05 1.e-05 1.e-05 1.e-05 1.e-05 1.e-05 1.e-05
 1.e-05 1.e-05 1.e-05 1.e-05 1.e-05 1.e-05 1.e-05 1.e-05 1.e-05 1.e-05
 1.e-05 1.e-05 1.e-05 1.e-05 1.e-05 1.e-05 1.e-05 1.e-05 1.e-05 1.e-05]","[1.e-05 1.e-05 1.e-05 1.e-05 1.e-05 1.e-05 1.e-05 1.e-05 1.e-05 1.e-05
 1.e-05 1.e-05 1.e-05 1.e-05 1.e-05 1.e-05 1.e-05 1.e-05 1.e-05 1.e-05
 1.e-05 1.e-05 1.e-05 1.e-05 1.e-05 1.e-05 1.e-05 1.e-05 1.e-05 1.e-05
 1.e-05 1.e-05 1.e-05 1.e-05 1.e-05 1.e-05 1.e-05 1.e-05 1.e-05 1.e-05
 1.e-05 1.e-05 1.e-05 1.e-05 1.e-05 1.e-05 1.e-05 1.e-05 1.e-05 1.e-05]","[0.10001079 0.11589264 0.12666999 0.11159885 0.12478547 0.10514355
 0.11658988 0.13057703 0.12297254 0.11859564 0.12307571 0.10619366
 0.12137249 0.13800715 0.13081869 0.1185093  0.1209782  0.12880381
 0.12936543 0.1202776  0.11524836 0.11302346 0.11365545 0.11325059
 0.11051549 0.11996219 0.10854746 0.09227438 0.12617961 0.11723753
 0.10999649 0.11430563 0.11016764 0.12431175 0.1211353  0.10453753
 0.12895906 0.1052882  0.10424607 0.12885781 0.12048971 0.12117402
 0.11967564 0.12233854 0.12618582 0.12018516 0.11015471 0.12278687
 0.10778931 0.11319937]","[0.15860246 0.16892891 0.19442615 0.17654046 0.17857225 0.16198228
 0.17513428 0.17014977 0.19300666 0.16269456 0.16437374 0.15558702
 0.17962758 0.18670969 0.19307739 0.18506732 0.16581399 0.16036973
 0.17803599 0.17784216 0.17652051 0.16424837 0.15866386 0.20264594
 0.1684221  0.19068795 0.16905849 0.14731207 0.18841543 0.19144016
 0.16223224 0.1704722  0.1588715  0.18253557 0.17470347 0.18711071
 0.18658585 0.17144137 0.17198124 0.18386664 0.1922298  0.17542583
 0.16729864 0.17819148 0.19832658 0.18605535 0.18706881 0.19402786
 0.16291677 0.17068016]","[7.23717201e-18 7.37200404e-24 1.96577337e-28 3.76178036e-22
 1.32755202e-27 1.04804515e-19 3.83809239e-24 3.41643627e-30
 8.11280536e-27 5.74186612e-25 7.32394250e-27 4.29196718e-20
 3.92012346e-26 1.08849989e-33 2.64810499e-30 6.23535766e-25
 5.76091382e-26 2.18302148e-29 1.21661343e-29 1.13816742e-25
 1.34276433e-23 1.03751793e-22 5.82822568e-23 8.43618625e-23
 9.90817104e-22 1.54444661e-25 5.61636680e-21 2.86069202e-15
 3.24040924e-28 2.08575380e-24 1.57043793e-21 3.20919728e-23
 1.34947556e-21 2.13595596e-27 4.94241362e-26 1.74728344e-19
 1.85772380e-29 9.27260710e-20 2.23185147e-19 2.06392245e-29
 9.26536586e-26 4.75908360e-26 2.03659116e-25 1.51820630e-26
 3.22000555e-28 1.24479296e-25 1.36503420e-21 9.75035385e-27
 1.08658936e-20 8.83944466e-23]","[2.05972148e-44 2.31323483e-50 1.04831148e-66 5.39972112e-55
 2.88731415e-56 2.56334550e-46 4.01664884e-54 4.31912665e-51
 9.83118150e-66 1.00482895e-46 1.08654088e-47 9.52283290e-43
 6.22238210e-57 1.64536435e-61 8.79717701e-66 1.96834248e-60
 1.58255924e-48 2.10295176e-45 6.27542713e-56 8.30316507e-56
 5.55629462e-55 1.28387773e-47 1.90354746e-44 1.76264747e-72
 4.62580286e-50 3.67032315e-64 1.93695949e-50 2.39975998e-38
 1.22020737e-62 1.13986827e-64 1.84621942e-46 2.76706317e-51
 1.45770370e-44 8.63731126e-59 7.40339471e-54 8.94527357e-62
 1.98554326e-61 7.21910599e-52 3.40375998e-52 1.19083692e-59
 3.32283011e-65 2.65317340e-54 2.13330572e-49 5.01174686e-56
 2.04816348e-69 4.43468928e-61 9.53401574e-62 1.96785795e-66
 7.49613598e-47 2.07536706e-51]","[0.00533712 0.00834846 0.01055789 0.00814497 0.01205599 0.00600779
 0.00804329 0.01161897 0.01155329 0.00819457 0.01205969 0.00597107
 0.01028776 0.01205564 0.00911999 0.00675213 0.01030123 0.01122236
 0.00975525 0.00954485 0.00615299 0.00806296 0.00684619 0.00742233
 0.00697982 0.01039958 0.00724423 0.00283599 0.00886309 0.00865293
 0.0078789  0.00847173 0.0068413  0.01020002 0.00990033 0.01036191
 0.01038647 0.00615227 0.00762391 0.00991499 0.00817287 0.01022148
 0.00802195 0.00645924 0.01077163 0.00765383 0.00667298 0.00664842
 0.00463879 0.00922048]","[0.01581156 0.02031529 0.02838111 0.02629948 0.026788   0.01543212
 0.01964211 0.02209806 0.02902281 0.01891363 0.02395797 0.01833713
 0.02438009 0.02411604 0.02451444 0.01975226 0.0224719  0.01943004
 0.02327001 0.02331209 0.01847804 0.01989639 0.01466477 0.02748346
 0.01838255 0.0276953  0.02132416 0.01186728 0.02712905 0.02692258
 0.01777875 0.0241046  0.01508319 0.02513421 0.02310514 0.02911639
 0.02533364 0.01856565 0.02243114 0.02378571 0.02453196 0.02227068
 0.02115703 0.02112722 0.0285759  0.02572608 0.02243388 0.02304077
 0.01488197 0.02631223]","[0.06232538 0.07496277 0.081375   0.07087502 0.08844068 0.06487591
 0.07350152 0.08711532 0.0869448  0.07516946 0.09020597 0.06108264
 0.08276758 0.08630862 0.07787882 0.06788774 0.08199712 0.08691013
 0.07690573 0.08002405 0.06470977 0.07614164 0.06814641 0.06945488
 0.06835606 0.084106   0.06952918 0.0454529  0.0784885  0.07559468
 0.07417704 0.07434891 0.06955599 0.08023591 0.08072283 0.08201442
 0.08329052 0.06492633 0.07226516 0.08144004 0.07268101 0.08379212
 0.07423806 0.06731393 0.07963135 0.06855864 0.06671597 0.06857148
 0.05891761 0.07803156]","[0.10082656 0.11112994 0.13129028 0.12804374 0.12830648 0.09799151
 0.11067082 0.11480076 0.13330359 0.11047902 0.12468911 0.1049507
 0.12366062 0.12098076 0.12422666 0.11137847 0.11791127 0.11173408
 0.11982998 0.12082387 0.1066075  0.11252943 0.09657882 0.12915192
 0.10583121 0.13098868 0.11342175 0.08690397 0.12975242 0.12839488
 0.10621157 0.12110599 0.09907191 0.1226777  0.11817579 0.13376898
 0.12402794 0.10777975 0.11763771 0.1219396  0.12240178 0.11852654
 0.11475151 0.11480185 0.12978959 0.12300449 0.11782377 0.12066078
 0.09782129 0.12799271]",2.686177847253304e-10,7.923076040096074e-21,1.835021103820562e-09,5.529776934337767e-20,4.2507596997864993e-10,2.2654462594751123e-09,5.647012374853634e-10,1.887164277944908e-09,1e-05,1e-05,0.0,0.0,0.11751835088014602,0.17611958683013915,0.009014397551360402,0.012628650243903645,0.008532118797302247,0.022291717529296876,0.002060929720274342,0.004169076619998299,0.07477926317734704,0.11694320125983798,0.008777504469147494,0.010733671944707139
df1,0.65,0.0,0.65,"[2.39934411e-25 9.43897459e-23 2.18488808e-09 1.33749750e-15
 1.33749750e-15 1.65262693e-21 1.26570821e-17 3.89102510e-17
 1.20365650e-19 1.62253462e-19 9.61617488e-24 2.26988766e-15
 8.92004797e-20 5.30299497e-19 7.84899525e-16 3.56853685e-23
 1.20730402e-21 6.78067547e-17 1.72684385e-13 3.95007214e-19
 1.19798113e-12 1.33672873e-23 1.70510155e-18 8.92004797e-20
 6.78067547e-17 3.03881495e-18 3.56853685e-23 2.18494984e-19
 6.78067547e-17 4.05057199e-18 3.89102510e-17 1.70510155e-18
 3.60824945e-20 4.05057199e-18 2.22374207e-17 3.87118023e-14
 9.52846065e-19 2.93930826e-19 3.95007214e-19 2.18494984e-19
 6.78067547e-17 1.65262693e-21 9.53441021e-18 5.30299497e-19
 2.26988766e-15 2.93930826e-19 8.93744884e-17 3.00652497e-14
 2.33262567e-14 1.30432533e-24]","[1.67491922e-40 8.33270257e-33 4.05057199e-18 2.56565447e-30
 1.22324939e-36 8.02241615e-39 1.76381982e-30 5.30672790e-34
 7.79126605e-42 3.43417798e-29 5.64011511e-33 2.37806656e-29
 1.07520219e-34 2.78636314e-36 2.57596005e-33 6.14029324e-40
 3.42045584e-39 1.22979552e-32 2.14737506e-26 7.00791465e-41
 8.81076169e-22 7.88918156e-34 8.33270257e-33 3.56590826e-34
 1.08397407e-40 1.47818613e-28 2.56565447e-30 3.81363460e-33
 2.19550867e-43 5.64011511e-33 7.51579753e-27 1.27976799e-27
 2.85911373e-38 1.22979552e-32 1.30432533e-24 2.14251154e-35
 4.35811909e-38 8.47828272e-32 6.91059303e-24 5.30672790e-34
 7.19492833e-35 1.13678721e-29 4.95418960e-29 1.67491922e-40
 1.27976799e-27 1.85625733e-23 3.92888730e-32 3.37322101e-25
 1.60509935e-34 2.14251154e-35]","[2.39934411e-25 9.43897459e-23 2.18488808e-09 1.33749750e-15
 1.33749750e-15 1.65262693e-21 1.26570821e-17 3.89102510e-17
 1.20365650e-19 1.62253462e-19 9.61617488e-24 2.26988766e-15
 8.92004797e-20 5.30299497e-19 7.84899525e-16 3.56853685e-23
 1.20730402e-21 6.78067547e-17 1.72684385e-13 3.95007214e-19
 1.19798113e-12 1.33672873e-23 1.70510155e-18 8.92004797e-20
 6.78067547e-17 3.03881495e-18 3.56853685e-23 2.18494984e-19
 6.78067547e-17 4.05057199e-18 3.89102510e-17 1.70510155e-18
 3.60824945e-20 4.05057199e-18 2.22374207e-17 3.87118023e-14
 9.52846065e-19 2.93930826e-19 3.95007214e-19 2.18494984e-19
 6.78067547e-17 1.65262693e-21 9.53441021e-18 5.30299497e-19
 2.26988766e-15 2.93930826e-19 8.93744884e-17 3.00652497e-14
 2.33262567e-14 1.30432533e-24]","[1.67491922e-40 8.33270257e-33 4.05057199e-18 2.56565447e-30
 1.22324939e-36 8.02241615e-39 1.76381982e-30 5.30672790e-34
 7.79126605e-42 3.43417798e-29 5.64011511e-33 2.37806656e-29
 1.07520219e-34 2.78636314e-36 2.57596005e-33 6.14029324e-40
 3.42045584e-39 1.22979552e-32 2.14737506e-26 7.00791465e-41
 8.81076169e-22 7.88918156e-34 8.33270257e-33 3.56590826e-34
 1.08397407e-40 1.47818613e-28 2.56565447e-30 3.81363460e-33
 2.19550867e-43 5.64011511e-33 7.51579753e-27 1.27976799e-27
 2.85911373e-38 1.22979552e-32 1.30432533e-24 2.14251154e-35
 4.35811909e-38 8.47828272e-32 6.91059303e-24 5.30672790e-34
 7.19492833e-35 1.13678721e-29 4.95418960e-29 1.67491922e-40
 1.27976799e-27 1.85625733e-23 3.92888730e-32 3.37322101e-25
 1.60509935e-34 2.14251154e-35]","[1.73678938e-09 1.48388080e-10 3.84126064e-12 4.38333814e-10
 2.35428343e-11 1.58073665e-09 1.59006608e-09 2.46701215e-10
 7.57587881e-10 1.55010116e-10 2.61221611e-09 3.59866581e-11
 2.47309329e-09 4.66673922e-10 5.68760594e-11 2.07283080e-10
 1.07198028e-10 3.08965076e-11 4.87609952e-11 1.75588322e-10
 2.60137467e-11 2.84348156e-09 1.03135167e-10 1.65377367e-09
 6.37241371e-11 6.75036471e-10 2.57685762e-09 3.01196956e-10
 3.20457993e-10 3.62060382e-11 1.40569889e-10 6.59452493e-11
 7.65919328e-10 3.13280291e-10 2.60779842e-10 3.45372619e-11
 2.35417486e-09 1.35694456e-10 2.23096275e-09 6.12776718e-10
 7.14426296e-10 1.79031046e-09 1.12284748e-09 4.25304347e-10
 1.40857215e-10 1.42778722e-09 4.27672009e-10 1.60722546e-11
 1.01333608e-10 1.72791537e-09]","[1.04714658e-08 1.12805321e-09 3.20654947e-10 4.07087442e-09
 7.44876272e-10 9.04237873e-09 8.52634630e-09 2.03222139e-09
 1.50897983e-09 9.80125758e-10 1.63162706e-09 1.87333704e-09
 6.27758490e-09 3.04091963e-09 4.16691293e-09 5.60653868e-09
 5.23623123e-09 3.88976484e-09 1.06182052e-09 1.37090594e-09
 5.32575095e-10 9.48730094e-10 1.75906290e-09 9.45676648e-10
 2.97950375e-09 5.86123428e-09 1.34740852e-09 1.20525068e-09
 1.39336609e-09 2.90964008e-09 2.38972164e-09 3.70516928e-09
 2.44680476e-09 3.34809436e-09 1.81212201e-09 5.62083369e-09
 2.00499117e-09 6.42545894e-09 1.73562742e-09 1.03784348e-09
 2.73071843e-09 5.48372636e-09 2.30566011e-09 3.02500858e-09
 3.58497998e-09 2.31025954e-09 3.11198967e-09 3.55465768e-10
 6.69423073e-10 1.39586409e-09]","[1.e-05 1.e-05 1.e-05 1.e-05 1.e-05 1.e-05 1.e-05 1.e-05 1.e-05 1.e-05
 1.e-05 1.e-05 1.e-05 1.e-05 1.e-05 1.e-05 1.e-05 1.e-05 1.e-05 1.e-05
 1.e-05 1.e-05 1.e-05 1.e-05 1.e-05 1.e-05 1.e-05 1.e-05 1.e-05 1.e-05
 1.e-05 1.e-05 1.e-05 1.e-05 1.e-05 1.e-05 1.e-05 1.e-05 1.e-05 1.e-05
 1.e-05 1.e-05 1.e-05 1.e-05 1.e-05 1.e-05 1.e-05 1.e-05 1.e-05 1.e-05]","[1.e-05 1.e-05 1.e-05 1.e-05 1.e-05 1.e-05 1.e-05 1.e-05 1.e-05 1.e-05
 1.e-05 1.e-05 1.e-05 1.e-05 1.e-05 1.e-05 1.e-05 1.e-05 1.e-05 1.e-05
 1.e-05 1.e-05 1.e-05 1.e-05 1.e-05 1.e-05 1.e-05 1.e-05 1.e-05 1.e-05
 1.e-05 1.e-05 1.e-05 1.e-05 1.e-05 1.e-05 1.e-05 1.e-05 1.e-05 1.e-05
 1.e-05 1.e-05 1.e-05 1.e-05 1.e-05 1.e-05 1.e-05 1.e-05 1.e-05 1.e-05]","[0.14988929 0.14384627 0.10869627 0.12351886 0.12650651 0.1378319
 0.13488429 0.13492838 0.12568073 0.14280816 0.13999956 0.12690481
 0.12849376 0.13605191 0.11873822 0.13067837 0.14423384 0.12257756
 0.10957282 0.13439084 0.11636384 0.13761438 0.12568437 0.14277786
 0.12614708 0.13753858 0.14298632 0.14075158 0.13008025 0.12586758
 0.13298004 0.11715225 0.14281079 0.13716208 0.11753947 0.12288363
 0.13935746 0.13767402 0.1232116  0.14667113 0.13075305 0.12062246
 0.12716146 0.14698629 0.12091811 0.13051228 0.13573151 0.12444821
 0.1215108  0.13956569]","[0.20484693 0.19022669 0.16489906 0.18499732 0.18879377 0.18954267
 0.17917869 0.21121295 0.20448524 0.18130916 0.18886013 0.18426375
 0.18188463 0.1980138  0.18393355 0.19354569 0.20418103 0.18562595
 0.18169055 0.19830521 0.16388277 0.19695443 0.18571673 0.18618333
 0.19746603 0.17755328 0.19147516 0.18644701 0.21096068 0.20311825
 0.18739306 0.17373612 0.19214641 0.18033296 0.1782703  0.19013538
 0.20323762 0.19026104 0.17098151 0.19481389 0.18674214 0.18091576
 0.16843089 0.19872185 0.17428583 0.18573318 0.17628573 0.17006541
 0.19864566 0.19619889]","[1.08557850e-39 1.41504521e-36 4.93129866e-21 4.71525812e-27
 2.32269345e-28 1.32301899e-33 3.39190072e-32 3.23292739e-32
 5.37716632e-28 4.70719404e-36 1.16339198e-34 1.54627471e-28
 3.01125418e-29 9.46357543e-33 5.01025968e-25 3.07046424e-30
 9.01365114e-37 1.19921093e-26 2.28350913e-21 5.79798191e-32
 4.74464300e-24 1.68498062e-33 5.35733753e-28 4.87463709e-36
 3.34940468e-28 1.83296028e-33 3.83224879e-36 4.96033768e-35
 5.75920326e-30 4.44913228e-28 2.65567077e-31 2.26058610e-24
 4.69297418e-36 2.78253932e-33 1.56776493e-24 8.85977487e-27
 2.40011377e-34 1.57693375e-33 6.39995211e-27 5.13860582e-38
 2.83797486e-30 8.14442815e-26 1.18885374e-28 3.53531270e-38
 6.10831858e-26 3.65748561e-30 1.34482185e-32 1.86284811e-27
 3.42387001e-26 1.89845427e-34]","[4.54878057e-74 7.50059108e-64 5.39181545e-48 2.18685579e-60
 6.82965841e-63 2.15757089e-63 1.19665378e-56 9.19655511e-79
 8.31989714e-74 5.29097317e-58 6.16784598e-63 6.57475266e-60
 2.26389707e-58 3.39365572e-69 1.07753482e-59 4.21047142e-66
 1.38133318e-73 8.48381202e-61 3.01529073e-58 2.12009703e-69
 2.08714883e-47 1.86539160e-68 7.39754033e-61 3.65397189e-61
 8.20095461e-69 1.25958505e-55 1.07937900e-64 2.45082866e-61
 1.42066692e-78 8.06943584e-73 5.81960006e-62 2.90593880e-53
 3.78574223e-65 2.21917858e-57 4.47153579e-56 8.63870434e-64
 6.62138865e-73 7.11225371e-64 1.36706073e-51 5.67116423e-67
 1.56626807e-61 9.43797413e-58 4.57062675e-50 1.08069818e-69
 1.33731802e-53 7.21603693e-61 7.77630585e-55 4.85213901e-51
 1.22255616e-69 6.25319860e-68]","[0.01122022 0.01300454 0.00714862 0.01159978 0.00847948 0.01054168
 0.01233077 0.00915897 0.01317143 0.01237798 0.01056755 0.0111444
 0.00909042 0.00886655 0.00833583 0.01117218 0.01054013 0.00916469
 0.00662768 0.01042926 0.00486183 0.01291621 0.00843477 0.01326585
 0.01012552 0.01523244 0.01495516 0.01081741 0.01217401 0.00952411
 0.01164663 0.00906479 0.01169872 0.01690388 0.00737333 0.00973737
 0.01081789 0.01228356 0.00920558 0.014027   0.01086664 0.00841725
 0.01254272 0.01196671 0.00812805 0.01380789 0.01536131 0.00956202
 0.0068152  0.01319826]","[0.02686918 0.02648818 0.01900566 0.02902842 0.02200782 0.02330422
 0.02782762 0.02951515 0.0348202  0.02483332 0.02407968 0.02878821
 0.02306151 0.02516818 0.02440131 0.02934718 0.02747715 0.02429938
 0.02181756 0.02501535 0.01639211 0.03076601 0.02069175 0.02361047
 0.02920806 0.02841091 0.02984941 0.02538836 0.03108966 0.03127038
 0.02347684 0.02400768 0.02583158 0.02705872 0.01926112 0.02435958
 0.0267117  0.02663207 0.01958656 0.03113818 0.0259223  0.02334237
 0.02270114 0.02680564 0.02286637 0.02816164 0.02712798 0.02156186
 0.02372754 0.02780175]","[0.08533954 0.09418519 0.07120222 0.09021211 0.07696706 0.08243903
 0.08831693 0.07737518 0.09229907 0.09065844 0.08400013 0.08571327
 0.07866812 0.07678927 0.07403074 0.08319875 0.08218607 0.07963303
 0.06916324 0.08432316 0.05796275 0.09253288 0.07674969 0.09246304
 0.08277755 0.0968762  0.0980993  0.08662573 0.08816253 0.0791056
 0.08639478 0.07875978 0.08530487 0.10723285 0.07087274 0.07882335
 0.08352793 0.09031971 0.07898396 0.09442695 0.08507945 0.07565227
 0.09071213 0.08855599 0.07527673 0.09702287 0.10157438 0.08147007
 0.06193646 0.09322336]","[0.12996734 0.12826415 0.11169999 0.13707725 0.11594052 0.12073
 0.13107267 0.13193231 0.14416315 0.1245796  0.12370169 0.13312885
 0.11832461 0.12385968 0.12078762 0.1329396  0.1281984  0.12275691
 0.11692569 0.12527042 0.10243793 0.13709907 0.11396227 0.11996917
 0.13361476 0.13095769 0.13719018 0.12508177 0.13632418 0.13887118
 0.11982674 0.12240825 0.12279833 0.13110021 0.11022987 0.12293899
 0.12700223 0.12727275 0.11179959 0.13850741 0.12652704 0.12109504
 0.11764488 0.13066333 0.12144176 0.13334707 0.13151775 0.11712445
 0.11919819 0.13083175]",4.372718701499601e-11,8.102960434582198e-20,3.058801741913306e-10,5.670774977051878e-19,7.260924106411437e-10,2.967276597765078e-09,8.487613772862888e-10,2.299160138826314e-09,1e-05,1e-05,0.0,0.0,0.1312339312338829,0.18793776191234593,0.009839764895717718,0.011273513642363519,0.010814085006713867,0.025638301372528077,0.0024628694219703236,0.003614080148950982,0.08406412904617368,0.12560208586337646,0.009452850567984908,0.008451215663940527
df1,0.7000000000000001,0.0,0.7000000000000001,"[3.60824945e-20 5.30299497e-19 2.47371214e-22 1.30270202e-22
 3.08714081e-21 3.55797286e-24 7.82155399e-21 3.71348188e-27
 1.67853513e-17 3.89102510e-17 1.21017203e-25 1.08277464e-14
 1.06757971e-26 2.25989398e-21 1.21017203e-25 1.79605588e-22
 4.96114708e-24 4.21288896e-21 6.42340318e-22 1.51487883e-26
 5.30299497e-19 2.93930826e-19 4.94023307e-23 1.70487812e-25
 4.88387176e-20 1.30432533e-24 3.60824945e-20 6.91059303e-24
 7.11203305e-19 2.66308246e-20 2.27745029e-18 5.74326505e-21
 8.58131384e-26 1.96348850e-20 2.57505865e-23 8.92004797e-20
 9.53441021e-18 2.66308246e-20 9.53441021e-18 3.55797286e-24
 1.20730402e-21 1.30270202e-22 6.39848579e-14 1.08277464e-14
 1.47818613e-28 8.81076169e-22 9.43897459e-23 1.26570821e-17
 1.05328756e-13 3.03881495e-18]","[5.34786658e-37 9.44810349e-40 3.00027002e-49 7.88918156e-34
 4.35811909e-38 5.30672790e-34 2.14251154e-35 2.05945159e-42
 5.64011511e-33 9.15418035e-46 2.39365688e-34 1.84715262e-36
 2.27983976e-44 8.02241615e-39 2.14251154e-35 5.00547265e-42
 6.32047121e-36 2.32827146e-37 3.27921374e-48 2.19550867e-43
 3.37322101e-25 1.53384053e-37 3.98638164e-40 1.84715262e-36
 1.67491922e-40 8.90129708e-44 4.19874897e-36 1.22668930e-38
 1.27976799e-27 1.53384053e-37 8.33270257e-33 1.07520219e-34
 5.64011511e-33 3.49058990e-47 1.22668930e-38 2.78636314e-36
 5.30672790e-34 1.73815304e-33 2.22993385e-39 1.84715262e-36
 1.44479841e-44 1.00942344e-37 5.41174667e-30 1.81313081e-32
 5.65883768e-44 6.25831333e-28 2.67038982e-32 2.58531714e-40
 1.21132482e-30 2.22993385e-39]","[3.60824945e-20 5.30299497e-19 2.47371214e-22 1.30270202e-22
 3.08714081e-21 3.55797286e-24 7.82155399e-21 3.71348188e-27
 1.67853513e-17 3.89102510e-17 1.21017203e-25 1.08277464e-14
 1.06757971e-26 2.25989398e-21 1.21017203e-25 1.79605588e-22
 4.96114708e-24 4.21288896e-21 6.42340318e-22 1.51487883e-26
 5.30299497e-19 2.93930826e-19 4.94023307e-23 1.70487812e-25
 4.88387176e-20 1.30432533e-24 3.60824945e-20 6.91059303e-24
 7.11203305e-19 2.66308246e-20 2.27745029e-18 5.74326505e-21
 8.58131384e-26 1.96348850e-20 2.57505865e-23 8.92004797e-20
 9.53441021e-18 2.66308246e-20 9.53441021e-18 3.55797286e-24
 1.20730402e-21 1.30270202e-22 6.39848579e-14 1.08277464e-14
 1.47818613e-28 8.81076169e-22 9.43897459e-23 1.26570821e-17
 1.05328756e-13 3.03881495e-18]","[5.34786658e-37 9.44810349e-40 3.00027002e-49 7.88918156e-34
 4.35811909e-38 5.30672790e-34 2.14251154e-35 2.05945159e-42
 5.64011511e-33 9.15418035e-46 2.39365688e-34 1.84715262e-36
 2.27983976e-44 8.02241615e-39 2.14251154e-35 5.00547265e-42
 6.32047121e-36 2.32827146e-37 3.27921374e-48 2.19550867e-43
 3.37322101e-25 1.53384053e-37 3.98638164e-40 1.84715262e-36
 1.67491922e-40 8.90129708e-44 4.19874897e-36 1.22668930e-38
 1.27976799e-27 1.53384053e-37 8.33270257e-33 1.07520219e-34
 5.64011511e-33 3.49058990e-47 1.22668930e-38 2.78636314e-36
 5.30672790e-34 1.73815304e-33 2.22993385e-39 1.84715262e-36
 1.44479841e-44 1.00942344e-37 5.41174667e-30 1.81313081e-32
 5.65883768e-44 6.25831333e-28 2.67038982e-32 2.58531714e-40
 1.21132482e-30 2.22993385e-39]","[3.94364208e-10 3.79083209e-10 7.48447970e-11 2.67854405e-10
 2.20960694e-10 1.17117194e-09 6.62125910e-10 1.36271272e-09
 4.48762139e-11 1.35438882e-10 3.16164328e-09 4.93185937e-10
 2.25992558e-10 1.41194945e-10 4.56740090e-10 7.82666931e-10
 1.28400290e-10 4.59258520e-10 3.23057214e-09 5.48588841e-10
 1.77029169e-10 3.39466344e-10 7.14795667e-10 8.56327786e-10
 2.01599848e-10 5.34810862e-10 2.11306972e-10 1.13538334e-09
 2.00112593e-10 2.41929909e-09 5.14525089e-11 1.32595712e-10
 2.67224298e-09 5.73328385e-10 1.72305492e-09 2.46011012e-09
 8.25842283e-10 2.04607220e-09 1.59779578e-09 3.44236317e-09
 1.73558978e-09 2.41139664e-10 8.35220781e-12 1.52061919e-10
 1.39447864e-09 6.95568048e-10 6.14996165e-10 1.69984915e-10
 7.73601183e-11 8.54545323e-11]","[7.03358338e-09 1.55500735e-09 6.86851420e-09 3.09060999e-09
 4.53816185e-09 7.79156961e-10 4.76682682e-09 3.71380238e-09
 7.75021125e-09 8.46622583e-09 5.58121593e-09 3.58805918e-09
 1.25644889e-08 2.29912289e-09 4.73037443e-09 9.48801082e-09
 7.13705162e-09 3.78225884e-09 1.16234701e-08 3.58748820e-09
 4.62019978e-10 4.73763884e-09 1.09028642e-09 8.48850290e-09
 7.50677676e-09 2.73864631e-09 2.53890420e-09 6.96218094e-09
 1.76276682e-09 1.98107131e-09 2.84912005e-09 1.61066149e-09
 1.33671652e-09 2.21585383e-09 2.27763119e-09 1.36725908e-09
 6.96490821e-09 1.42744139e-09 1.38309519e-09 5.74839087e-09
 1.90480542e-09 9.17044540e-09 3.40167716e-09 2.05020001e-09
 2.76104817e-09 7.13089365e-10 5.37469069e-09 1.67677727e-09
 5.70147674e-09 5.48649848e-09]","[1.e-05 1.e-05 1.e-05 1.e-05 1.e-05 1.e-05 1.e-05 1.e-05 1.e-05 1.e-05
 1.e-05 1.e-05 1.e-05 1.e-05 1.e-05 1.e-05 1.e-05 1.e-05 1.e-05 1.e-05
 1.e-05 1.e-05 1.e-05 1.e-05 1.e-05 1.e-05 1.e-05 1.e-05 1.e-05 1.e-05
 1.e-05 1.e-05 1.e-05 1.e-05 1.e-05 1.e-05 1.e-05 1.e-05 1.e-05 1.e-05
 1.e-05 1.e-05 1.e-05 1.e-05 1.e-05 1.e-05 1.e-05 1.e-05 1.e-05 1.e-05]","[1.e-05 1.e-05 1.e-05 1.e-05 1.e-05 1.e-05 1.e-05 1.e-05 1.e-05 1.e-05
 1.e-05 1.e-05 1.e-05 1.e-05 1.e-05 1.e-05 1.e-05 1.e-05 1.e-05 1.e-05
 1.e-05 1.e-05 1.e-05 1.e-05 1.e-05 1.e-05 1.e-05 1.e-05 1.e-05 1.e-05
 1.e-05 1.e-05 1.e-05 1.e-05 1.e-05 1.e-05 1.e-05 1.e-05 1.e-05 1.e-05
 1.e-05 1.e-05 1.e-05 1.e-05 1.e-05 1.e-05 1.e-05 1.e-05 1.e-05 1.e-05]","[0.1445503  0.13782565 0.15929406 0.15910826 0.14028761 0.14667057
 0.14157029 0.16999914 0.13787326 0.13311786 0.14891112 0.12759949
 0.16705869 0.14820245 0.15621352 0.15155208 0.13455558 0.14769698
 0.13905151 0.16358199 0.13735083 0.14194919 0.1527189  0.15279587
 0.13772267 0.16045078 0.15197925 0.1354525  0.13540968 0.13631454
 0.12427044 0.1398716  0.15972592 0.14700467 0.14297865 0.13517606
 0.13670318 0.13440467 0.142166   0.16100254 0.145092   0.15973916
 0.12609224 0.13561845 0.14919874 0.14052294 0.13524823 0.14096587
 0.14462336 0.13572471]","[0.20300542 0.20965749 0.22622127 0.20245924 0.19445984 0.19900661
 0.20510511 0.21951912 0.19636748 0.22018133 0.18437498 0.19894511
 0.2148178  0.20311752 0.19762153 0.22661805 0.18822452 0.21009122
 0.2156103  0.21158716 0.18252899 0.21491548 0.21200773 0.20138137
 0.20568499 0.21451782 0.21046645 0.19689092 0.17925856 0.21203716
 0.18995342 0.20300111 0.21721253 0.20990624 0.19292027 0.18680977
 0.19733056 0.18545967 0.20284744 0.20090913 0.19963096 0.20402227
 0.18460191 0.18966613 0.21907522 0.18538582 0.19122563 0.2059474
 0.19233973 0.19495997]","[6.23116858e-37 1.33225469e-33 8.45932721e-45 1.07481467e-44
 8.39771791e-35 5.14202687e-38 1.95062614e-35 5.31629473e-51
 1.26351772e-33 2.29045250e-31 3.53802892e-39 7.58136565e-29
 2.95293142e-49 8.28618905e-39 4.32052310e-43 1.43081639e-40
 4.84887176e-32 1.51661227e-38 3.38512681e-34 3.11036357e-47
 2.25745187e-33 1.26407496e-35 3.40482610e-41 3.09596833e-41
 1.49392685e-33 1.89283040e-45 8.47018640e-41 1.82500987e-32
 1.91243867e-32 7.09069976e-33 2.22619705e-27 1.34437143e-34
 4.84325222e-45 3.45896569e-38 3.86632339e-36 2.46811886e-32
 4.62085804e-33 5.71166223e-32 9.85676674e-36 9.23117865e-46
 3.30594277e-37 4.76105925e-45 3.54148009e-28 1.52205077e-32
 2.50174996e-39 6.43110841e-35 2.28121338e-32 3.88732725e-35
 5.72146428e-37 1.35488453e-32]","[9.72695347e-73 1.33171204e-77 2.00940938e-90 2.39924900e-72
 9.93870999e-67 6.81275674e-70 2.95402513e-74 4.10715644e-85
 4.77600468e-68 1.24816642e-85 5.56565781e-60 7.52711326e-70
 1.73414206e-81 8.07913498e-73 6.38548244e-69 9.62567754e-91
 1.63459959e-62 6.33331358e-78 4.30199147e-82 4.81989802e-79
 8.72203228e-59 1.46079245e-81 2.32844427e-79 1.41466043e-71
 1.11801718e-74 2.93523610e-81 3.32528285e-78 2.06544614e-68
 1.06533840e-56 2.21271933e-79 1.14452468e-63 9.79654093e-73
 2.52676625e-83 8.69713337e-78 1.12598343e-65 1.41340094e-61
 1.01968989e-68 1.09020462e-60 1.26329500e-72 3.06841191e-71
 2.47135084e-70 1.79916709e-73 3.96048959e-60 1.78348271e-63
 9.10686301e-85 1.21856223e-60 1.59186053e-64 7.19602492e-75
 2.79768689e-65 4.49781533e-67]","[0.01368105 0.00817013 0.01266265 0.01905906 0.00996566 0.01508534
 0.01311421 0.01652253 0.01222241 0.01365268 0.0127039  0.01177001
 0.0155592  0.00992572 0.01698923 0.01467752 0.01231146 0.01689029
 0.01278341 0.01902235 0.01052666 0.01284981 0.01551867 0.01650655
 0.01439762 0.01645434 0.01491177 0.01100564 0.01235819 0.01256776
 0.01102543 0.01446736 0.01067805 0.01447809 0.01255786 0.01074195
 0.01053536 0.00923979 0.0121628  0.02006745 0.01442134 0.014256
 0.0102433  0.01062632 0.01245451 0.01019728 0.01118469 0.012393
 0.01125693 0.01563704]","[0.03187644 0.02507007 0.03247321 0.03347075 0.02479148 0.03088808
 0.03443074 0.03204393 0.0280962  0.03814971 0.02473259 0.02996588
 0.03127694 0.0270772  0.03350818 0.0336473  0.02861798 0.03426647
 0.03311884 0.03603208 0.02164793 0.03203487 0.03266799 0.03350997
 0.03180385 0.0323174  0.03307354 0.02880383 0.02268636 0.03296626
 0.03020406 0.03385139 0.02671635 0.03384447 0.02864647 0.02569997
 0.0243187  0.02105296 0.02905941 0.03440917 0.03322744 0.03133786
 0.0259043  0.0267179  0.03293896 0.02247274 0.02395785 0.02811444
 0.02506697 0.02955449]","[0.09198813 0.07276719 0.09041122 0.11140807 0.08130289 0.09656104
 0.09366431 0.1033789  0.08981022 0.09104613 0.09249863 0.08674801
 0.0979997  0.08382312 0.10545928 0.09732927 0.09094209 0.10159583
 0.09278831 0.11170206 0.08437453 0.09039492 0.10057186 0.1013255
 0.095711   0.10176196 0.09899599 0.08393926 0.08994541 0.08885837
 0.0884395  0.09863612 0.08274474 0.0991251  0.09098825 0.08528473
 0.0828306  0.07637606 0.09008497 0.11168416 0.0954622  0.09495148
 0.07675403 0.08337736 0.08919783 0.08365621 0.08565917 0.08907852
 0.08507475 0.09961363]","[0.13875617 0.12500984 0.14037719 0.14401174 0.12519873 0.13506229
 0.14650141 0.14025797 0.13157072 0.15057193 0.12582414 0.13489945
 0.13665434 0.13161039 0.14454496 0.14378055 0.13396937 0.14261666
 0.14401643 0.150564   0.11610613 0.14112354 0.14226018 0.14404399
 0.13853956 0.1384335  0.140993   0.1331384  0.11782921 0.14188274
 0.14076394 0.14553174 0.12765355 0.14534008 0.13435991 0.12714562
 0.12315606 0.11360614 0.13521259 0.14606985 0.14263178 0.13679864
 0.12414798 0.12922617 0.14173148 0.11697715 0.12166066 0.12989627
 0.12415309 0.13401069]",3.8212843959267384e-15,6.784687829360263e-27,1.7142100490561892e-14,4.722004439376858e-26,8.366330450648718e-10,4.332684437891032e-09,9.152071306628209e-10,2.932154228122026e-09,1e-05,1e-05,0.0,0.0,0.14465988088846207,0.20219771477699283,0.010669006330314992,0.011766053131095326,0.013249807357788086,0.029842839241027833,0.0026384887761476497,0.004085246299710301,0.09216245176336796,0.13520443882027594,0.00874030763207014,0.009283700557660443
df1,0.75,0.0,0.75,"[1.76381982e-30 2.56565447e-30 1.13678721e-29 1.82433512e-24
 7.84752977e-30 6.83217462e-23 3.56853685e-23 3.37322101e-25
 2.39934411e-25 4.95418960e-29 4.30155538e-26 3.40355762e-22
 1.82433512e-24 2.93930826e-19 1.06757971e-26 3.37322101e-25
 2.39934411e-25 4.95418960e-29 3.55797286e-24 2.27745029e-18
 2.39934411e-25 9.61617488e-24 1.60509935e-34 5.64011511e-33
 4.95418960e-29 2.93930826e-19 3.72814291e-30 8.81076169e-22
 2.39934411e-25 1.06410050e-20 1.79605588e-22 6.42340318e-22
 3.08714081e-21 2.12365474e-28 1.27976799e-27 1.24351631e-31
 9.31581113e-25 1.82724155e-27 6.32047121e-36 1.30432533e-24
 2.54904105e-24 6.25831333e-28 2.54904105e-24 2.14251154e-35
 3.89924968e-31 1.85625733e-23 3.55797286e-24 1.70487812e-25
 1.79605588e-22 5.28569498e-27]","[6.18686551e-51 5.78417409e-45 5.39250695e-43 2.17967002e-47
 7.05469515e-50 4.52588482e-41 3.53047956e-37 5.39250695e-43
 9.44810349e-40 3.21237555e-42 1.44479841e-44 2.19550867e-43
 6.32047121e-36 3.56590826e-34 5.34786658e-37 7.79126605e-42
 1.42453006e-46 3.21237555e-42 4.80962056e-35 5.65883768e-44
 3.27921374e-48 1.84715262e-36 1.87374272e-38 7.24139755e-53
 8.43789069e-43 5.64011511e-33 3.44263650e-43 3.65403168e-45
 2.66373322e-53 2.14251154e-35 3.65403168e-45 2.91986566e-41
 2.14251154e-35 2.17967002e-47 4.35811909e-38 8.92358057e-47
 5.24109088e-39 3.42045584e-39 4.52588482e-41 8.02241615e-39
 7.79126605e-42 1.35963995e-47 9.44810349e-40 1.45226397e-39
 4.67383798e-55 6.32047121e-36 1.22668930e-38 8.43789069e-43
 1.08397407e-40 3.00027002e-49]","[1.76381982e-30 2.56565447e-30 1.13678721e-29 1.82433512e-24
 7.84752977e-30 6.83217462e-23 3.56853685e-23 3.37322101e-25
 2.39934411e-25 4.95418960e-29 4.30155538e-26 3.40355762e-22
 1.82433512e-24 2.93930826e-19 1.06757971e-26 3.37322101e-25
 2.39934411e-25 4.95418960e-29 3.55797286e-24 2.27745029e-18
 2.39934411e-25 9.61617488e-24 1.60509935e-34 5.64011511e-33
 4.95418960e-29 2.93930826e-19 3.72814291e-30 8.81076169e-22
 2.39934411e-25 1.06410050e-20 1.79605588e-22 6.42340318e-22
 3.08714081e-21 2.12365474e-28 1.27976799e-27 1.24351631e-31
 9.31581113e-25 1.82724155e-27 6.32047121e-36 1.30432533e-24
 2.54904105e-24 6.25831333e-28 2.54904105e-24 2.14251154e-35
 3.89924968e-31 1.85625733e-23 3.55797286e-24 1.70487812e-25
 1.79605588e-22 5.28569498e-27]","[6.18686551e-51 5.78417409e-45 5.39250695e-43 2.17967002e-47
 7.05469515e-50 4.52588482e-41 3.53047956e-37 5.39250695e-43
 9.44810349e-40 3.21237555e-42 1.44479841e-44 2.19550867e-43
 6.32047121e-36 3.56590826e-34 5.34786658e-37 7.79126605e-42
 1.42453006e-46 3.21237555e-42 4.80962056e-35 5.65883768e-44
 3.27921374e-48 1.84715262e-36 1.87374272e-38 7.24139755e-53
 8.43789069e-43 5.64011511e-33 3.44263650e-43 3.65403168e-45
 2.66373322e-53 2.14251154e-35 3.65403168e-45 2.91986566e-41
 2.14251154e-35 2.17967002e-47 4.35811909e-38 8.92358057e-47
 5.24109088e-39 3.42045584e-39 4.52588482e-41 8.02241615e-39
 7.79126605e-42 1.35963995e-47 9.44810349e-40 1.45226397e-39
 4.67383798e-55 6.32047121e-36 1.22668930e-38 8.43789069e-43
 1.08397407e-40 3.00027002e-49]","[3.83684617e-09 3.68483466e-10 1.71631520e-09 1.23079902e-09
 2.37175024e-09 8.71239303e-10 1.62910241e-10 5.08584286e-10
 2.98508507e-09 6.18227569e-09 6.68102629e-09 1.61549774e-09
 2.26084595e-10 2.16072604e-10 2.90508773e-09 2.11304196e-10
 1.56649238e-09 1.68153980e-09 2.57382282e-09 1.62428848e-10
 2.25175911e-09 2.95505731e-10 2.44579890e-09 6.69655331e-10
 1.67326819e-10 2.40808129e-09 1.05599074e-09 8.51592130e-11
 1.83318138e-10 6.53616050e-11 3.80508958e-10 3.81206844e-10
 2.05589534e-09 9.91243310e-10 4.09327428e-09 2.37290143e-09
 5.42748846e-10 8.38987657e-10 4.88995278e-09 9.37122158e-10
 3.80979293e-09 2.63417343e-09 2.41066500e-10 1.15942234e-09
 9.95231564e-10 2.02331152e-10 2.30439778e-10 2.58545885e-09
 4.59599914e-10 3.61344399e-10]","[5.66882052e-09 3.70282904e-09 1.96789507e-09 7.65259123e-09
 6.95038638e-09 5.22923105e-09 1.63963432e-09 8.66840244e-09
 5.34424427e-09 7.75315956e-09 1.11889810e-08 3.58008023e-09
 1.28332844e-09 4.65684369e-09 1.91485117e-09 3.23810301e-09
 8.65012462e-09 7.98169741e-09 8.68771943e-10 3.62035535e-09
 4.10141010e-09 5.05406950e-09 7.42715078e-09 1.30121010e-08
 7.36604255e-09 1.21720523e-09 2.29719965e-09 1.34712937e-08
 1.28073571e-08 7.84367737e-09 1.18365192e-08 4.81857809e-09
 3.66483510e-09 2.97648284e-09 1.12037420e-08 1.12658191e-08
 1.01734077e-09 7.82276588e-09 1.82512827e-09 7.31562011e-09
 5.44894496e-09 6.85537005e-09 4.08977086e-09 1.55493662e-09
 2.87340285e-09 8.38563785e-09 9.91101767e-09 4.21544666e-09
 1.57413238e-09 8.67284722e-09]","[1.e-05 1.e-05 1.e-05 1.e-05 1.e-05 1.e-05 1.e-05 1.e-05 1.e-05 1.e-05
 1.e-05 1.e-05 1.e-05 1.e-05 1.e-05 1.e-05 1.e-05 1.e-05 1.e-05 1.e-05
 1.e-05 1.e-05 1.e-05 1.e-05 1.e-05 1.e-05 1.e-05 1.e-05 1.e-05 1.e-05
 1.e-05 1.e-05 1.e-05 1.e-05 1.e-05 1.e-05 1.e-05 1.e-05 1.e-05 1.e-05
 1.e-05 1.e-05 1.e-05 1.e-05 1.e-05 1.e-05 1.e-05 1.e-05 1.e-05 1.e-05]","[1.e-05 1.e-05 1.e-05 1.e-05 1.e-05 1.e-05 1.e-05 1.e-05 1.e-05 1.e-05
 1.e-05 1.e-05 1.e-05 1.e-05 1.e-05 1.e-05 1.e-05 1.e-05 1.e-05 1.e-05
 1.e-05 1.e-05 1.e-05 1.e-05 1.e-05 1.e-05 1.e-05 1.e-05 1.e-05 1.e-05
 1.e-05 1.e-05 1.e-05 1.e-05 1.e-05 1.e-05 1.e-05 1.e-05 1.e-05 1.e-05
 1.e-05 1.e-05 1.e-05 1.e-05 1.e-05 1.e-05 1.e-05 1.e-05 1.e-05 1.e-05]","[0.17343111 0.15684094 0.15084243 0.15191845 0.1680308  0.145358
 0.15335588 0.15196631 0.16884736 0.1595056  0.16678802 0.15585675
 0.15107048 0.15444947 0.15734631 0.14937356 0.16214078 0.16324524
 0.14278416 0.15072618 0.15281084 0.1630393  0.17195886 0.17233753
 0.16917756 0.13335486 0.16586589 0.15550668 0.1527108  0.15963685
 0.15321493 0.14628121 0.14664471 0.16715435 0.1678306  0.17933684
 0.14980979 0.15936944 0.17984185 0.16358129 0.15932725 0.1579208
 0.15708467 0.18243713 0.17981818 0.14696937 0.15279143 0.14990978
 0.15860496 0.16698056]","[0.23142779 0.22457853 0.20854901 0.22419494 0.22551288 0.19823507
 0.20548944 0.21361051 0.21995705 0.21312204 0.21041112 0.21002792
 0.2037957  0.19911147 0.21346222 0.21066146 0.22248588 0.23015354
 0.20065193 0.21720595 0.2205049  0.21575674 0.21155985 0.24155208
 0.22006205 0.19544263 0.2145246  0.21894969 0.21904174 0.20812309
 0.21706637 0.21598556 0.21062705 0.2202524  0.21281159 0.21951438
 0.21178992 0.20391294 0.23254074 0.20371912 0.22154914 0.21261379
 0.20791011 0.21704235 0.23718499 0.19782486 0.21097472 0.21564219
 0.20764054 0.21853199]","[4.46505878e-53 1.95158627e-43 3.40722191e-40 9.12727838e-41
 7.88728316e-50 2.41957239e-37 1.54762086e-41 8.60597051e-41
 2.58648112e-50 6.43847202e-45 4.25869835e-49 6.77898335e-43
 2.57929546e-40 3.96621541e-42 1.02649182e-43 2.02589455e-39
 2.08189270e-46 4.85737287e-47 4.83934626e-36 3.92605099e-40
 3.03921059e-41 6.37661041e-47 3.51171500e-52 2.06961439e-52
 1.64520084e-50 1.77532866e-31 1.47594161e-48 1.05361502e-42
 3.43908323e-41 5.43431314e-45 1.84315669e-41 8.15261968e-38
 5.30206499e-38 2.59409132e-49 1.03580967e-49 9.50581100e-57
 1.19534351e-39 7.67559341e-45 4.55129504e-57 3.11326225e-47
 8.10489806e-45 4.93218618e-44 1.43195485e-43 9.99451001e-59
 4.71139346e-57 3.60710395e-38 3.11298093e-41 1.05895896e-39
 2.05310719e-44 3.28231892e-49]","[1.15376941e-094 4.17030335e-089 8.83448858e-077 8.43859365e-089
 7.45195450e-090 2.37442911e-069 1.55196656e-074 1.43518432e-080
 1.86915325e-085 3.36298568e-080 3.65693405e-078 7.05963415e-078
 2.62240863e-073 5.74724694e-070 1.85895609e-080 2.37795750e-078
 1.92057419e-087 1.28649749e-093 4.67422274e-071 2.55647193e-083
 6.96511224e-086 3.32312409e-082 5.05280274e-079 3.34765103e-103
 1.54725319e-085 2.08853209e-067 2.90055451e-081 1.14033910e-084
 9.66994179e-085 1.82277034e-076 3.27538547e-083 2.21913777e-082
 2.52296177e-078 1.09814004e-085 5.77178726e-080 4.14224928e-085
 3.39458259e-079 2.15798874e-073 1.38809739e-095 2.97829869e-073
 1.05362552e-086 8.13920642e-080 2.61679792e-076 3.41805281e-083
 1.79689649e-099 4.60221844e-069 1.38672666e-078 4.06682811e-082
 4.13330691e-076 2.40761818e-084]","[0.018852   0.01519406 0.01684046 0.01175058 0.01807761 0.01200688
 0.01661587 0.01388311 0.02099884 0.01520395 0.01463079 0.01430023
 0.01371181 0.01358998 0.01435363 0.01444674 0.0208925  0.01716173
 0.01205289 0.01377261 0.01203966 0.01760745 0.01676404 0.02033639
 0.02144945 0.01068115 0.01927781 0.01428163 0.01160586 0.01713479
 0.01628578 0.01343131 0.01167297 0.01578188 0.01696861 0.02055025
 0.01567876 0.01512492 0.0221734  0.01659858 0.01668644 0.0146836
 0.01587331 0.01687181 0.02219617 0.01080561 0.01912868 0.01215959
 0.01400876 0.01480353]","[0.03790307 0.03335965 0.03117573 0.03297579 0.03588736 0.02573478
 0.03245854 0.03141785 0.04127729 0.03121185 0.0280385  0.02875268
 0.02951789 0.02867174 0.02817023 0.03381622 0.04054546 0.03891206
 0.02797079 0.03383088 0.03159595 0.03902125 0.02777398 0.04328012
 0.04072273 0.02703047 0.03466082 0.03405893 0.02864885 0.03517735
 0.03509152 0.03485382 0.02680278 0.03338408 0.03040981 0.03691971
 0.02973247 0.02941668 0.03872979 0.0332104  0.0345813  0.03002274
 0.03262424 0.02892029 0.04237533 0.02338481 0.03766227 0.03054214
 0.02961719 0.03236294]","[0.11058086 0.10019318 0.1043906  0.08853165 0.10750392 0.08957138
 0.10752402 0.09706159 0.11565847 0.09976691 0.09480185 0.0976663
 0.09563619 0.09326768 0.09332426 0.09664017 0.1159885  0.10181211
 0.08859901 0.09430946 0.08974011 0.10544115 0.1026941  0.1127864
 0.1175249  0.08603344 0.11119644 0.0972062  0.08804434 0.10609853
 0.10556813 0.0952768  0.08827988 0.09997907 0.10291658 0.11391826
 0.10183748 0.09767877 0.12007767 0.1027187  0.10699847 0.09718938
 0.10032302 0.10530608 0.11862254 0.08494799 0.1069334  0.09214134
 0.09351774 0.09900664]","[0.15256046 0.14398163 0.13640734 0.14324948 0.14865131 0.12665843
 0.14322583 0.14072856 0.15849771 0.13906559 0.13003942 0.13318696
 0.13522742 0.13403746 0.13074018 0.14413892 0.15797391 0.15227345
 0.13150878 0.14453943 0.14134061 0.1537687  0.12820134 0.16143464
 0.15909679 0.13110336 0.14651489 0.14538308 0.13357161 0.1492932
 0.15104469 0.14962464 0.12783209 0.14398925 0.13597018 0.14825146
 0.13640097 0.136277   0.15421538 0.14319583 0.14852894 0.13530583
 0.14194821 0.13343365 0.16207456 0.12108566 0.15033988 0.14003855
 0.13186541 0.14031833]",5.762830452038942e-20,1.2206246325494987e-34,3.222931448618263e-19,7.898912357955865e-34,1.5572861000734405e-09,5.869723522788917e-09,1.5673990712828215e-09,3.509317964880467e-09,1e-05,1e-05,0.0,0.0,0.15910372269392015,0.21486593166828158,0.010400404002877926,0.009792148636792945,0.015819969177246093,0.03288486242294311,0.003026830645063927,0.0045713084459800745,0.10085663379562983,0.14216282004968112,0.008966859474262514,0.009734644125098644
df1,0.8,0.0,0.8,"[3.89924968e-31 1.82724155e-27 1.84715262e-36 8.31031105e-31
 1.51487883e-26 2.57596005e-33 8.33270257e-33 4.73751051e-25
 1.24351631e-31 1.17161696e-33 1.06757971e-26 2.57505865e-23
 6.64674147e-25 2.37806656e-29 4.95418960e-29 1.06757971e-26
 6.07873598e-26 5.34786658e-37 1.21017203e-25 5.69539852e-31
 3.56590826e-34 5.77449424e-32 3.04081795e-26 1.84715262e-36
 3.81363460e-33 5.69539852e-31 1.42774613e-35 8.31031105e-31
 7.84752977e-30 4.19874897e-36 1.06757971e-26 1.17161696e-33
 5.64011511e-33 4.35811909e-38 4.80962056e-35 4.80962056e-35
 2.57505865e-23 5.64011511e-33 2.66678482e-31 1.76381982e-30
 2.37806656e-29 3.92888730e-32 3.55797286e-24 4.36966274e-28
 1.24351631e-31 1.81313081e-32 5.69539852e-31 1.06757971e-26
 9.44810349e-40 5.41174667e-30]","[3.49058990e-47 3.98638164e-40 4.39427779e-53 3.22000728e-52
 5.24109088e-39 7.83398323e-49 3.21237555e-42 4.52588482e-41
 1.88177121e-41 6.14029324e-40 7.00791465e-41 3.21237555e-42
 1.88177121e-41 7.24139755e-53 6.18686551e-51 8.02241615e-39
 1.60509935e-34 1.64306603e-50 7.79126605e-42 2.58531714e-40
 2.19550867e-43 7.83398323e-49 1.67491922e-40 7.79126605e-42
 2.30592786e-45 4.67383798e-55 1.39869353e-43 1.61299095e-53
 2.19550867e-43 3.79042144e-51 4.85066545e-49 2.67335366e-50
 1.29241929e-54 5.00547265e-42 5.28378753e-52 2.80617232e-55
 2.32827146e-37 3.42045584e-39 7.77624575e-55 2.15460932e-56
 2.30592786e-45 3.27921374e-48 3.65403168e-45 3.49058990e-47
 2.91986566e-41 1.08397407e-40 7.00791465e-41 8.43789069e-43
 3.59372037e-44 2.30592786e-45]","[3.89924968e-31 1.82724155e-27 1.84715262e-36 8.31031105e-31
 1.51487883e-26 2.57596005e-33 8.33270257e-33 4.73751051e-25
 1.24351631e-31 1.17161696e-33 1.06757971e-26 2.57505865e-23
 6.64674147e-25 2.37806656e-29 4.95418960e-29 1.06757971e-26
 6.07873598e-26 5.34786658e-37 1.21017203e-25 5.69539852e-31
 3.56590826e-34 5.77449424e-32 3.04081795e-26 1.84715262e-36
 3.81363460e-33 5.69539852e-31 1.42774613e-35 8.31031105e-31
 7.84752977e-30 4.19874897e-36 1.06757971e-26 1.17161696e-33
 5.64011511e-33 4.35811909e-38 4.80962056e-35 4.80962056e-35
 2.57505865e-23 5.64011511e-33 2.66678482e-31 1.76381982e-30
 2.37806656e-29 3.92888730e-32 3.55797286e-24 4.36966274e-28
 1.24351631e-31 1.81313081e-32 5.69539852e-31 1.06757971e-26
 9.44810349e-40 5.41174667e-30]","[3.49058990e-47 3.98638164e-40 4.39427779e-53 3.22000728e-52
 5.24109088e-39 7.83398323e-49 3.21237555e-42 4.52588482e-41
 1.88177121e-41 6.14029324e-40 7.00791465e-41 3.21237555e-42
 1.88177121e-41 7.24139755e-53 6.18686551e-51 8.02241615e-39
 1.60509935e-34 1.64306603e-50 7.79126605e-42 2.58531714e-40
 2.19550867e-43 7.83398323e-49 1.67491922e-40 7.79126605e-42
 2.30592786e-45 4.67383798e-55 1.39869353e-43 1.61299095e-53
 2.19550867e-43 3.79042144e-51 4.85066545e-49 2.67335366e-50
 1.29241929e-54 5.00547265e-42 5.28378753e-52 2.80617232e-55
 2.32827146e-37 3.42045584e-39 7.77624575e-55 2.15460932e-56
 2.30592786e-45 3.27921374e-48 3.65403168e-45 3.49058990e-47
 2.91986566e-41 1.08397407e-40 7.00791465e-41 8.43789069e-43
 3.59372037e-44 2.30592786e-45]","[6.37204001e-09 2.05000872e-09 5.58000335e-09 7.71466113e-10
 7.24518334e-10 5.49566104e-09 1.91958460e-09 3.54603680e-10
 7.06380732e-10 8.15166712e-10 1.88190286e-09 4.66377381e-10
 1.35344047e-09 4.33866387e-10 6.30534924e-09 3.73861408e-09
 1.43279622e-09 2.87202628e-09 7.95109312e-10 9.66769553e-10
 6.98175184e-10 3.75662612e-10 1.13342302e-09 1.10797815e-09
 2.62862498e-09 7.04065917e-10 6.55659660e-09 5.86952487e-09
 3.80328680e-09 5.09058007e-09 4.45179482e-09 3.96852107e-09
 5.69136960e-10 1.45678014e-09 1.06317388e-09 2.94252867e-09
 3.19420701e-09 9.95188265e-10 1.07043574e-09 5.40688927e-09
 4.23589286e-09 5.89264426e-09 1.64959824e-10 9.21218546e-10
 7.02985781e-10 3.71790343e-09 4.24324165e-09 8.38013103e-10
 6.26802943e-10 3.52564389e-09]","[3.76019882e-09 3.87770249e-09 1.66272143e-08 2.33895614e-09
 5.78001802e-09 2.03091377e-09 1.80346760e-09 1.31407840e-09
 2.17010299e-09 4.41650017e-09 8.21730406e-09 7.38529882e-09
 7.79438869e-09 7.37657135e-09 1.20911008e-08 7.85130805e-09
 4.64376138e-09 9.70720737e-09 1.33199171e-08 1.09432480e-08
 3.98205824e-09 5.05862285e-09 3.78783171e-09 1.08434415e-08
 1.69688963e-09 3.45219231e-09 1.94673011e-09 4.39976022e-09
 4.77242001e-09 3.97003697e-09 7.36388484e-09 5.12011056e-09
 1.19757086e-08 1.07624770e-08 1.36172271e-08 1.24748833e-08
 3.27610339e-09 1.41027223e-09 1.53419892e-08 1.20811356e-08
 9.12189868e-09 2.18540785e-09 4.76014894e-09 1.41070935e-08
 8.64637550e-09 2.13802065e-09 4.06730860e-09 1.29532336e-08
 6.21401175e-09 2.29682240e-09]","[1.e-05 1.e-05 1.e-05 1.e-05 1.e-05 1.e-05 1.e-05 1.e-05 1.e-05 1.e-05
 1.e-05 1.e-05 1.e-05 1.e-05 1.e-05 1.e-05 1.e-05 1.e-05 1.e-05 1.e-05
 1.e-05 1.e-05 1.e-05 1.e-05 1.e-05 1.e-05 1.e-05 1.e-05 1.e-05 1.e-05
 1.e-05 1.e-05 1.e-05 1.e-05 1.e-05 1.e-05 1.e-05 1.e-05 1.e-05 1.e-05
 1.e-05 1.e-05 1.e-05 1.e-05 1.e-05 1.e-05 1.e-05 1.e-05 1.e-05 1.e-05]","[1.e-05 1.e-05 1.e-05 1.e-05 1.e-05 1.e-05 1.e-05 1.e-05 1.e-05 1.e-05
 1.e-05 1.e-05 1.e-05 1.e-05 1.e-05 1.e-05 1.e-05 1.e-05 1.e-05 1.e-05
 1.e-05 1.e-05 1.e-05 1.e-05 1.e-05 1.e-05 1.e-05 1.e-05 1.e-05 1.e-05
 1.e-05 1.e-05 1.e-05 1.e-05 1.e-05 1.e-05 1.e-05 1.e-05 1.e-05 1.e-05
 1.e-05 1.e-05 1.e-05 1.e-05 1.e-05 1.e-05 1.e-05 1.e-05 1.e-05 1.e-05]","[0.16428789 0.17804123 0.18283369 0.17285567 0.17321666 0.17143911
 0.1868165  0.17377302 0.17302322 0.17828981 0.17433546 0.1560892
 0.15520736 0.17599611 0.17903238 0.1726723  0.15227811 0.18082146
 0.16215236 0.17717674 0.18564513 0.180313   0.1619136  0.18496519
 0.18463173 0.17750803 0.1824312  0.18787605 0.17521422 0.19061458
 0.1625812  0.18209195 0.18552681 0.18183547 0.1831091  0.18014097
 0.16638272 0.18161312 0.16651053 0.19240669 0.17016607 0.17452792
 0.17508012 0.17223994 0.17481196 0.17224547 0.18024415 0.15650657
 0.1919395  0.17681284]","[0.22049492 0.2259659  0.23929791 0.23968119 0.2256012  0.22819622
 0.21236693 0.21697553 0.2199907  0.21806753 0.22422145 0.22396552
 0.21455737 0.22812755 0.23251042 0.2190069  0.19902757 0.22181477
 0.21513453 0.22019077 0.21874298 0.23133563 0.22028927 0.22516127
 0.22433279 0.24023519 0.21378517 0.23807811 0.20906015 0.23585494
 0.21804422 0.24004049 0.23924355 0.22719718 0.23553006 0.23353577
 0.21426199 0.23313875 0.23601346 0.24859407 0.22049924 0.21755852
 0.20874655 0.22034246 0.21935276 0.21589374 0.22537987 0.2217557
 0.2144394  0.21767079]","[1.21808680e-47 6.22804146e-56 5.54890399e-59 1.00195587e-52
 6.03644831e-53 7.24182837e-52 1.39903722e-61 2.75862386e-53
 7.92071428e-53 4.34702789e-56 1.24666653e-53 5.05545307e-43
 1.53489230e-42 1.17649413e-54 1.48038868e-56 1.29554667e-52
 5.86411465e-41 1.08403086e-57 2.05048494e-46 2.16609757e-55
 8.24181743e-61 2.28501002e-57 2.80496790e-46 2.29510307e-60
 3.78717238e-60 1.34446241e-55 1.00828177e-58 2.78514422e-62
 3.58519301e-54 4.11268621e-64 1.16665333e-46 1.66625976e-58
 9.85231210e-61 2.43442330e-58 3.68456700e-59 2.93932225e-57
 7.36051412e-49 3.38027674e-58 6.19491240e-49 2.51925591e-65
 4.22309112e-51 9.49403142e-54 4.33798918e-54 2.37202725e-52
 6.34773348e-54 2.35377114e-52 2.52736493e-57 2.98198896e-43
 5.23098954e-65 3.65369445e-55]","[7.09172217e-086 3.22459927e-090 2.87679129e-101 1.35329021e-101
 6.33000715e-090 5.08502544e-092 1.24932632e-079 3.84828313e-083
 1.75931262e-085 5.51722664e-084 8.03770261e-089 1.28552831e-088
 2.73858543e-081 5.78179937e-092 1.47075393e-095 1.02927162e-084
 6.58511367e-070 6.50711777e-087 9.94041049e-082 1.22710923e-085
 1.65092425e-084 1.37425805e-094 1.02754982e-085 1.42590576e-089
 6.55130133e-089 4.53951609e-102 1.05794044e-080 3.14462262e-100
 3.69669681e-077 2.37809372e-098 5.75130198e-084 6.66582489e-102
 3.20122291e-101 3.27982232e-091 4.45874224e-098 2.07132541e-096
 4.59518388e-081 4.42929350e-096 1.74939612e-098 2.28564357e-109
 7.03667229e-086 1.36604558e-083 6.31057882e-077 9.33598442e-086
 5.53644084e-085 2.60959752e-082 9.52641391e-090 7.24357786e-087
 3.36772048e-081 1.11867251e-083]","[0.0167073  0.01985753 0.01953149 0.02190065 0.01488924 0.02090204
 0.0228312  0.01802838 0.02125311 0.01911616 0.0185082  0.01511025
 0.01538742 0.01659143 0.02648032 0.01646185 0.01288807 0.02130759
 0.02007997 0.02193391 0.02558911 0.02047157 0.02119482 0.02335477
 0.02316475 0.02171707 0.02100503 0.02759361 0.02091789 0.0256027
 0.01816452 0.02250612 0.02200615 0.01909292 0.02326393 0.02026629
 0.0168215  0.02432024 0.01728308 0.01921248 0.01720047 0.02205122
 0.01827836 0.02141798 0.02246952 0.01469624 0.02302217 0.01531982
 0.02337623 0.02221322]","[0.03618205 0.03641331 0.03981638 0.04661357 0.02885973 0.04152596
 0.03427947 0.03097224 0.03617656 0.03637779 0.03570962 0.03675544
 0.03586507 0.03563607 0.04697919 0.0294596  0.02702081 0.03605592
 0.0414443  0.0380286  0.03761506 0.03889    0.04366791 0.03773832
 0.03603292 0.04226625 0.03557348 0.0492357  0.03649867 0.04414344
 0.03753293 0.04302514 0.04056597 0.03748417 0.04155982 0.0395844
 0.03351009 0.0424459  0.03978252 0.03649485 0.0346384  0.03764772
 0.02765369 0.03874099 0.03857899 0.02990723 0.04342568 0.03709841
 0.03520191 0.03930795]","[0.10404498 0.11246655 0.10997491 0.11564267 0.09580622 0.11840009
 0.12193058 0.10689852 0.11717314 0.1105271  0.10866413 0.09931482
 0.10417957 0.10366272 0.13081941 0.10203641 0.09438972 0.11578412
 0.11291348 0.11669038 0.12868173 0.11114993 0.11798072 0.12081818
 0.11858898 0.11610933 0.11530623 0.12927402 0.11503896 0.12641227
 0.11020228 0.11807803 0.11486616 0.11072752 0.12242345 0.11404934
 0.1019791  0.12393094 0.10385304 0.10876308 0.10538432 0.11825213
 0.10617392 0.11774921 0.12032043 0.09578934 0.11847626 0.10005919
 0.1208798  0.12102583]","[0.15022273 0.15166766 0.15639069 0.16830247 0.13029786 0.16211409
 0.14873664 0.13852891 0.14943043 0.14957845 0.14804453 0.15041318
 0.15208619 0.14972511 0.17091743 0.1342426  0.13254878 0.14939043
 0.16214905 0.15343733 0.15314722 0.15217878 0.16588882 0.15412383
 0.14715771 0.15976201 0.14719237 0.17151316 0.14865685 0.16327362
 0.15292781 0.16125961 0.15626543 0.15233633 0.16083905 0.15511692
 0.14361386 0.15911392 0.15532352 0.14834357 0.14787482 0.15253803
 0.13038458 0.15536202 0.15365365 0.13614939 0.16307481 0.15234715
 0.14546737 0.15677384]",1.1294003290026012e-24,3.215225481413507e-36,5.051244415468928e-24,2.2470696405045054e-35,2.4598313075330223e-09,6.745467104884995e-09,1.9910440917798863e-09,4.248920456514883e-09,1e-05,1e-05,0.0,0.0,0.17556448262453078,0.22418617930889131,0.00944471507872589,0.009914003200573665,0.02026719808578491,0.03772040367126465,0.0032572259181796407,0.004682097947784429,0.1130732648247763,0.1521976923992278,0.008799732388407037,0.009329257140627588
df1,0.8500000000000001,0.0,0.8500000000000001,"[2.78636314e-36 2.85911373e-38 1.64503886e-29 2.57596005e-33
 9.44810349e-40 7.19492833e-35 2.22993385e-39 3.21237555e-42
 1.82433512e-24 1.42774613e-35 2.39365688e-34 9.14645852e-45
 3.42045584e-39 1.82724155e-27 1.21132482e-30 1.02784044e-28
 1.53384053e-37 1.22324939e-36 4.35811909e-38 7.88918156e-34
 2.39365688e-34 3.61877620e-46 3.04782586e-28 7.88918156e-34
 8.33270257e-33 1.00942344e-37 1.35963995e-47 6.32047121e-36
 1.76381982e-30 1.53384053e-37 1.13678721e-29 2.78636314e-36
 3.42045584e-39 5.77449424e-32 5.41174667e-30 2.19550867e-43
 1.76381982e-30 2.56565447e-30 6.32047121e-36 7.88918156e-34
 2.32827146e-37 8.33270257e-33 5.30672790e-34 1.76381982e-30
 3.42045584e-39 7.19492833e-35 3.72814291e-30 2.14251154e-35
 5.00547265e-42 2.19550867e-43]","[1.28537148e-56 9.15418035e-46 3.98638164e-40 2.31976235e-51
 4.39427779e-53 1.41820348e-51 2.71159835e-57 1.61299095e-53
 5.78417409e-45 3.79042144e-51 8.43789069e-43 1.13754661e-61
 1.28537148e-56 1.53384053e-37 8.66108972e-52 1.96022961e-52
 7.77624575e-55 1.14419204e-49 7.65993218e-57 5.27367686e-48
 1.61299095e-53 7.24139755e-53 2.30592786e-45 2.19550867e-43
 1.64306603e-50 7.83398323e-49 1.41820348e-51 3.35470507e-58
 9.80545229e-61 1.86526077e-72 2.19550867e-43 4.67383798e-55
 2.22993385e-39 2.27983976e-44 5.28378753e-52 2.51694654e-63
 4.85066545e-49 5.27367686e-48 1.85378592e-49 5.39250695e-43
 1.26387580e-48 1.68303018e-55 3.98638164e-40 6.03472099e-56
 4.83655003e-64 1.08397407e-40 4.39427779e-53 2.17967002e-47
 3.35470507e-58 1.17241363e-58]","[2.78636314e-36 2.85911373e-38 1.64503886e-29 2.57596005e-33
 9.44810349e-40 7.19492833e-35 2.22993385e-39 3.21237555e-42
 1.82433512e-24 1.42774613e-35 2.39365688e-34 9.14645852e-45
 3.42045584e-39 1.82724155e-27 1.21132482e-30 1.02784044e-28
 1.53384053e-37 1.22324939e-36 4.35811909e-38 7.88918156e-34
 2.39365688e-34 3.61877620e-46 3.04782586e-28 7.88918156e-34
 8.33270257e-33 1.00942344e-37 1.35963995e-47 6.32047121e-36
 1.76381982e-30 1.53384053e-37 1.13678721e-29 2.78636314e-36
 3.42045584e-39 5.77449424e-32 5.41174667e-30 2.19550867e-43
 1.76381982e-30 2.56565447e-30 6.32047121e-36 7.88918156e-34
 2.32827146e-37 8.33270257e-33 5.30672790e-34 1.76381982e-30
 3.42045584e-39 7.19492833e-35 3.72814291e-30 2.14251154e-35
 5.00547265e-42 2.19550867e-43]","[1.28537148e-56 9.15418035e-46 3.98638164e-40 2.31976235e-51
 4.39427779e-53 1.41820348e-51 2.71159835e-57 1.61299095e-53
 5.78417409e-45 3.79042144e-51 8.43789069e-43 1.13754661e-61
 1.28537148e-56 1.53384053e-37 8.66108972e-52 1.96022961e-52
 7.77624575e-55 1.14419204e-49 7.65993218e-57 5.27367686e-48
 1.61299095e-53 7.24139755e-53 2.30592786e-45 2.19550867e-43
 1.64306603e-50 7.83398323e-49 1.41820348e-51 3.35470507e-58
 9.80545229e-61 1.86526077e-72 2.19550867e-43 4.67383798e-55
 2.22993385e-39 2.27983976e-44 5.28378753e-52 2.51694654e-63
 4.85066545e-49 5.27367686e-48 1.85378592e-49 5.39250695e-43
 1.26387580e-48 1.68303018e-55 3.98638164e-40 6.03472099e-56
 4.83655003e-64 1.08397407e-40 4.39427779e-53 2.17967002e-47
 3.35470507e-58 1.17241363e-58]","[3.36393369e-09 2.90447344e-09 6.16964146e-10 2.07805850e-09
 3.13423243e-09 2.73901801e-09 2.27921182e-09 3.01470837e-09
 1.77191040e-10 1.60151536e-09 1.25845878e-09 5.76509218e-09
 1.05510312e-09 4.15317636e-09 5.72324843e-09 1.33554445e-09
 9.49260115e-10 6.01647210e-09 7.93754762e-09 3.56971164e-09
 1.11851639e-09 4.67214001e-09 3.86039534e-10 1.17169918e-09
 1.04349007e-09 7.40702610e-10 1.82077409e-09 1.00842823e-09
 4.91218932e-09 2.18921148e-09 6.60073773e-10 1.04149578e-09
 1.10498566e-09 9.57707358e-10 4.57188776e-09 3.88095844e-09
 3.82908849e-09 1.75159620e-09 5.80070836e-09 1.72141368e-09
 6.97811275e-09 3.90383614e-10 5.31967825e-09 1.42730716e-09
 6.70726885e-09 5.28776656e-09 6.87680135e-10 4.81766682e-09
 1.57611302e-09 3.32510575e-09]","[3.71029352e-09 1.29894830e-08 9.17209242e-09 3.36988315e-09
 5.38209699e-09 1.36352126e-08 3.25080285e-09 3.33940797e-09
 4.74506523e-09 5.17218102e-09 2.22213636e-09 1.91300233e-08
 3.54022123e-09 2.30329322e-09 4.36690206e-09 1.15081783e-08
 3.59726027e-09 5.34640254e-09 2.76289602e-09 7.33959749e-09
 1.10787806e-08 2.63432487e-09 1.62812941e-09 1.03623505e-08
 2.48168242e-09 3.50437479e-09 1.64652276e-08 3.64206798e-09
 1.00266017e-08 7.80266585e-09 9.28554256e-09 2.67100631e-09
 1.99816397e-09 7.56339735e-09 4.57035854e-09 1.51716282e-08
 3.05582504e-09 7.43206774e-09 7.63222530e-09 5.00892228e-09
 2.24295538e-09 5.39616163e-09 3.13122661e-09 9.05592523e-09
 1.11818611e-08 6.73260847e-09 1.27339670e-08 3.87051302e-09
 1.23710538e-08 1.08214471e-08]","[1.e-05 1.e-05 1.e-05 1.e-05 1.e-05 1.e-05 1.e-05 1.e-05 1.e-05 1.e-05
 1.e-05 1.e-05 1.e-05 1.e-05 1.e-05 1.e-05 1.e-05 1.e-05 1.e-05 1.e-05
 1.e-05 1.e-05 1.e-05 1.e-05 1.e-05 1.e-05 1.e-05 1.e-05 1.e-05 1.e-05
 1.e-05 1.e-05 1.e-05 1.e-05 1.e-05 1.e-05 1.e-05 1.e-05 1.e-05 1.e-05
 1.e-05 1.e-05 1.e-05 1.e-05 1.e-05 1.e-05 1.e-05 1.e-05 1.e-05 1.e-05]","[1.e-05 1.e-05 1.e-05 1.e-05 1.e-05 1.e-05 1.e-05 1.e-05 1.e-05 1.e-05
 1.e-05 1.e-05 1.e-05 1.e-05 1.e-05 1.e-05 1.e-05 1.e-05 1.e-05 1.e-05
 1.e-05 1.e-05 1.e-05 1.e-05 1.e-05 1.e-05 1.e-05 1.e-05 1.e-05 1.e-05
 1.e-05 1.e-05 1.e-05 1.e-05 1.e-05 1.e-05 1.e-05 1.e-05 1.e-05 1.e-05
 1.e-05 1.e-05 1.e-05 1.e-05 1.e-05 1.e-05 1.e-05 1.e-05 1.e-05 1.e-05]","[0.19111868 0.19375337 0.17501064 0.1760064  0.19121318 0.18454258
 0.18155642 0.19933811 0.17052071 0.2013288  0.19210702 0.20741756
 0.1842407  0.1742342  0.17710625 0.17392717 0.18692378 0.18781895
 0.18172639 0.18133913 0.18389026 0.20631645 0.18755406 0.18246305
 0.18391346 0.18405635 0.20947631 0.19403461 0.19093094 0.19398935
 0.16265875 0.19560867 0.19769686 0.18465423 0.16835296 0.19931046
 0.17562054 0.19420243 0.19173126 0.18612866 0.1819994  0.18919511
 0.17424554 0.16458364 0.17698997 0.18482397 0.17804435 0.18599989
 0.1911081  0.20386049]","[0.23440868 0.23713377 0.21675113 0.22629771 0.24723581 0.2252438
 0.25108447 0.24316086 0.23444762 0.25175144 0.23318972 0.25230191
 0.23613466 0.23049504 0.24401008 0.23908379 0.23626531 0.22258432
 0.24779514 0.24059591 0.24271911 0.24450547 0.24505283 0.22707188
 0.23260696 0.2386555  0.24853952 0.250482   0.24461427 0.25685637
 0.21938371 0.25083182 0.22369919 0.2266799  0.22979178 0.25292698
 0.2319284  0.2302285  0.22363092 0.23334998 0.23792023 0.24751171
 0.22582044 0.23015228 0.24847527 0.22265388 0.24153105 0.25400457
 0.23801073 0.24962324]","[1.87996719e-64 3.03497816e-66 4.78797728e-54 1.15931734e-54
 1.62298661e-64 4.32911669e-60 3.67512490e-58 3.97813393e-70
 2.58754967e-51 1.54214109e-71 4.02626256e-65 6.02985281e-76
 6.80561876e-60 1.43859487e-53 2.39715330e-55 2.21955581e-53
 1.18860460e-61 3.03899292e-62 2.85993301e-58 5.06249565e-58
 1.14955622e-59 3.86847383e-75 4.55305734e-62 9.61774893e-59
 1.11038128e-59 8.96780103e-60 1.81567188e-77 1.94701396e-66
 2.51694646e-64 2.09127709e-66 1.05337253e-46 1.60336023e-67
 5.65609914e-69 3.66145665e-60 5.08367738e-50 4.16085366e-70
 2.01053919e-54 1.49343899e-66 7.24045555e-65 3.96913160e-61
 1.91067519e-58 3.68524596e-63 1.41570617e-53 8.21428479e-48
 2.83318222e-55 2.83772646e-60 6.20005521e-56 4.82269371e-61
 1.91114528e-64 2.35464287e-73]","[3.87624710e-097 1.98535489e-099 5.72879216e-083 1.74397559e-090
 3.65457413e-108 1.22456480e-089 1.36021135e-111 1.35721831e-104
 3.59644570e-097 3.41674409e-112 4.01779353e-096 1.08931018e-112
 1.38316543e-098 6.75041270e-094 2.47666637e-105 4.38158949e-101
 1.07360484e-098 1.60529565e-087 1.16935722e-108 2.22590230e-102
 3.27994788e-104 9.15483531e-106 3.04097812e-106 4.14116912e-091
 1.22335412e-095 1.01535377e-100 2.55557997e-109 4.72195173e-111
 7.35530197e-106 7.68013693e-117 5.23730182e-085 2.29321534e-111
 2.09442044e-088 8.58142231e-091 2.54467913e-093 2.96490250e-113
 4.45663335e-095 1.11679101e-093 2.37332992e-088 2.95659057e-096
 4.28151778e-100 2.08388765e-108 4.22058893e-090 1.28955479e-093
 2.91460910e-109 1.41417893e-087 3.49043090e-103 3.12076336e-114
 3.58740808e-100 2.76822862e-110]","[0.0188458  0.01967955 0.02258587 0.01973975 0.02788234 0.01971865
 0.02263045 0.02130008 0.01906157 0.02831721 0.02448893 0.02563465
 0.02503133 0.01981246 0.01975381 0.01866877 0.02338576 0.02195704
 0.0232048  0.02040243 0.02206063 0.02672243 0.02010369 0.02158535
 0.01748848 0.02377319 0.02726495 0.02574992 0.02229035 0.02384126
 0.01868403 0.02376175 0.0237143  0.01975608 0.01939964 0.02187943
 0.02191985 0.02526999 0.02217436 0.02226222 0.02146983 0.01829088
 0.02148902 0.02035105 0.01852477 0.02332652 0.02174246 0.02503884
 0.02295697 0.02536607]","[0.03601897 0.03895867 0.03801417 0.03922272 0.05244982 0.03535998
 0.04338527 0.04055083 0.04074144 0.04832387 0.04137647 0.04619193
 0.04696441 0.03875124 0.0421772  0.03753173 0.04342914 0.03659081
 0.04763508 0.04778707 0.04596364 0.04729044 0.04171908 0.03887093
 0.03490353 0.04119909 0.04506338 0.04585528 0.0402559  0.04532278
 0.03505898 0.04136503 0.03596568 0.03360903 0.04050875 0.04123545
 0.04112494 0.04319537 0.03717971 0.04179955 0.04158688 0.04082072
 0.04305506 0.03825247 0.04004908 0.03592396 0.041592   0.05072641
 0.04219544 0.04785717]","[0.1083955  0.11027663 0.12121545 0.11155419 0.13266118 0.11218075
 0.12072093 0.11680138 0.10861858 0.1291796  0.12233388 0.12883018
 0.12424536 0.11363202 0.11264322 0.10821267 0.12159893 0.11825665
 0.12138424 0.11389494 0.11919772 0.1282971  0.11379518 0.11915014
 0.10663392 0.12233379 0.13246682 0.12496331 0.12029061 0.12215527
 0.11055325 0.12226248 0.12269189 0.11228265 0.10944633 0.11735975
 0.1189146  0.12563272 0.11769354 0.11956515 0.11726633 0.10830553
 0.11801461 0.11210636 0.11052968 0.123459   0.11910148 0.12586767
 0.11947014 0.12538385]","[0.14938484 0.15307946 0.15370601 0.15678296 0.18018172 0.14819209
 0.16477351 0.15972765 0.15904931 0.16802042 0.15869198 0.16930921
 0.17106466 0.15633879 0.16106141 0.15224017 0.16345107 0.15184702
 0.16918571 0.17232536 0.16867526 0.1699815  0.16026283 0.15596973
 0.14866068 0.15903684 0.16796382 0.16534347 0.15808542 0.16571099
 0.14734122 0.15935966 0.149062   0.14456456 0.15503896 0.15835361
 0.15793745 0.16429929 0.15111577 0.15889894 0.16063379 0.1603506
 0.16386688 0.15128292 0.1579421  0.15028921 0.15990179 0.17603228
 0.16154693 0.17009254]",3.6532320762551313e-26,3.130430288057319e-39,2.554005309304456e-25,2.1467179674032464e-38,2.8114622185881897e-09,6.7687298388463545e-09,2.03381310624371e-09,4.283466623062659e-09,1e-05,1e-05,0.0,0.0,0.1862934032869339,0.23798459341764452,0.010621713701493675,0.010349915262842468,0.022207190990448,0.04162013053894043,0.00264650980642023,0.004300418635224077,0.11843654294028283,0.15992028783931325,0.006599693390307325,0.007866728829959136
df1,0.9,0.0,0.9,"[5.89559709e-54 2.78636314e-36 2.91986566e-41 4.35811909e-38
 6.91984994e-59 3.21237555e-42 1.53384053e-37 5.58403660e-47
 3.65403168e-45 1.44479841e-44 4.67383798e-55 3.65403168e-45
 5.34786658e-37 1.88177121e-41 3.65403168e-45 1.67491922e-40
 4.95418960e-29 1.28537148e-56 1.88177121e-41 7.05469515e-50
 1.82198508e-31 8.92358057e-47 1.31892718e-42 1.07520219e-34
 9.44810349e-40 2.05945159e-42 1.93137901e-67 5.00547265e-42
 3.61877620e-46 8.47223917e-48 3.27921374e-48 2.14251154e-35
 4.34507678e-50 5.24109088e-39 1.45226397e-39 6.14029324e-40
 3.49058990e-47 1.96022961e-52 4.52588482e-41 1.85378592e-49
 1.22324939e-36 1.22979552e-32 2.17967002e-47 7.88918156e-34
 1.39869353e-43 5.39250695e-43 3.49058990e-47 1.14419204e-49
 1.53384053e-37 1.42774613e-35]","[7.77624575e-55 3.61877620e-46 5.67148232e-66 1.41368557e-59
 1.17241363e-58 2.78496894e-64 4.55991975e-57 5.67148232e-66
 2.71159835e-57 4.55991975e-57 3.56463042e-69 4.67383798e-55
 5.73182083e-61 2.67335366e-50 5.28378753e-52 3.35720833e-72
 1.41820348e-51 5.67148232e-66 4.83655003e-64 3.40157297e-67
 5.89559709e-54 5.28378753e-52 1.68303018e-55 3.59372037e-44
 2.15460932e-56 5.67148232e-66 6.03593190e-72 7.65993218e-57
 8.39040599e-64 5.73182083e-61 1.68303018e-55 6.18686551e-51
 3.56463042e-69 7.24139755e-53 3.22000728e-52 8.39040599e-64
 3.22000728e-52 3.51245105e-68 6.03472099e-56 5.67148232e-66
 1.29719007e-62 8.92358057e-47 1.29719007e-62 2.66373322e-53
 5.58403660e-47 8.90129708e-44 1.29719007e-62 2.31976235e-51
 3.49058990e-47 1.28537148e-56]","[5.89559709e-54 2.78636314e-36 2.91986566e-41 4.35811909e-38
 6.91984994e-59 3.21237555e-42 1.53384053e-37 5.58403660e-47
 3.65403168e-45 1.44479841e-44 4.67383798e-55 3.65403168e-45
 5.34786658e-37 1.88177121e-41 3.65403168e-45 1.67491922e-40
 4.95418960e-29 1.28537148e-56 1.88177121e-41 7.05469515e-50
 1.82198508e-31 8.92358057e-47 1.31892718e-42 1.07520219e-34
 9.44810349e-40 2.05945159e-42 1.93137901e-67 5.00547265e-42
 3.61877620e-46 8.47223917e-48 3.27921374e-48 2.14251154e-35
 4.34507678e-50 5.24109088e-39 1.45226397e-39 6.14029324e-40
 3.49058990e-47 1.96022961e-52 4.52588482e-41 1.85378592e-49
 1.22324939e-36 1.22979552e-32 2.17967002e-47 7.88918156e-34
 1.39869353e-43 5.39250695e-43 3.49058990e-47 1.14419204e-49
 1.53384053e-37 1.42774613e-35]","[7.77624575e-55 3.61877620e-46 5.67148232e-66 1.41368557e-59
 1.17241363e-58 2.78496894e-64 4.55991975e-57 5.67148232e-66
 2.71159835e-57 4.55991975e-57 3.56463042e-69 4.67383798e-55
 5.73182083e-61 2.67335366e-50 5.28378753e-52 3.35720833e-72
 1.41820348e-51 5.67148232e-66 4.83655003e-64 3.40157297e-67
 5.89559709e-54 5.28378753e-52 1.68303018e-55 3.59372037e-44
 2.15460932e-56 5.67148232e-66 6.03593190e-72 7.65993218e-57
 8.39040599e-64 5.73182083e-61 1.68303018e-55 6.18686551e-51
 3.56463042e-69 7.24139755e-53 3.22000728e-52 8.39040599e-64
 3.22000728e-52 3.51245105e-68 6.03472099e-56 5.67148232e-66
 1.29719007e-62 8.92358057e-47 1.29719007e-62 2.66373322e-53
 5.58403660e-47 8.90129708e-44 1.29719007e-62 2.31976235e-51
 3.49058990e-47 1.28537148e-56]","[2.02031802e-09 7.79966203e-10 1.15008580e-09 7.31340621e-09
 1.27995832e-08 7.39898953e-09 6.69009736e-10 1.23119592e-09
 1.64722125e-09 3.99812006e-09 9.94949245e-09 2.20738561e-09
 5.59737434e-09 2.60999300e-09 1.14723619e-09 8.74448247e-09
 5.00358199e-10 5.68209169e-09 1.57191571e-09 2.75842327e-09
 3.78007714e-09 4.21180035e-09 7.11728232e-10 2.50458831e-09
 1.33021782e-09 6.42054443e-09 3.05214398e-09 6.23206842e-09
 1.91859739e-09 3.93572464e-09 5.32268551e-09 7.86184617e-09
 6.93300639e-09 1.19774080e-09 3.48112628e-09 1.98446404e-09
 1.55970370e-09 3.21887317e-09 5.94507421e-09 5.13261633e-09
 8.00717015e-09 9.12857345e-10 2.45315657e-09 1.26693256e-09
 3.13558712e-09 1.02544605e-08 4.99649644e-09 2.33550579e-09
 2.31323505e-09 1.47808854e-09]","[2.76755707e-09 3.49639251e-09 8.86554063e-09 5.99246164e-09
 1.97766775e-08 3.44184425e-09 9.73740932e-09 6.96089397e-09
 4.73639727e-09 1.17317310e-08 1.12568961e-08 7.46354201e-09
 6.02308747e-09 3.42793161e-09 1.29398565e-08 1.42768639e-08
 8.80286166e-09 6.35581632e-09 1.09571808e-08 3.08296300e-09
 5.09646336e-09 5.05305497e-09 1.53502392e-08 1.85029980e-09
 1.09265171e-08 6.75209000e-09 1.37683922e-08 4.19718205e-09
 8.53621018e-09 5.42270839e-09 1.41227975e-08 6.13667950e-09
 8.15954349e-09 2.45244425e-09 1.50250149e-08 1.21260983e-08
 1.45710393e-08 5.54489887e-09 8.52928550e-09 7.94976174e-09
 6.85760704e-09 5.56004631e-09 5.42251677e-09 1.18499072e-08
 6.85427737e-09 1.78403947e-09 3.29401051e-09 3.16017956e-09
 7.89776189e-09 6.34409814e-09]","[1.e-05 1.e-05 1.e-05 1.e-05 1.e-05 1.e-05 1.e-05 1.e-05 1.e-05 1.e-05
 1.e-05 1.e-05 1.e-05 1.e-05 1.e-05 1.e-05 1.e-05 1.e-05 1.e-05 1.e-05
 1.e-05 1.e-05 1.e-05 1.e-05 1.e-05 1.e-05 1.e-05 1.e-05 1.e-05 1.e-05
 1.e-05 1.e-05 1.e-05 1.e-05 1.e-05 1.e-05 1.e-05 1.e-05 1.e-05 1.e-05
 1.e-05 1.e-05 1.e-05 1.e-05 1.e-05 1.e-05 1.e-05 1.e-05 1.e-05 1.e-05]","[1.e-05 1.e-05 1.e-05 1.e-05 1.e-05 1.e-05 1.e-05 1.e-05 1.e-05 1.e-05
 1.e-05 1.e-05 1.e-05 1.e-05 1.e-05 1.e-05 1.e-05 1.e-05 1.e-05 1.e-05
 1.e-05 1.e-05 1.e-05 1.e-05 1.e-05 1.e-05 1.e-05 1.e-05 1.e-05 1.e-05
 1.e-05 1.e-05 1.e-05 1.e-05 1.e-05 1.e-05 1.e-05 1.e-05 1.e-05 1.e-05
 1.e-05 1.e-05 1.e-05 1.e-05 1.e-05 1.e-05 1.e-05 1.e-05 1.e-05 1.e-05]","[0.21495686 0.19028016 0.20176206 0.19557203 0.22953514 0.19829129
 0.19287014 0.21712395 0.22461332 0.20473689 0.21455929 0.21973807
 0.1947947  0.20363498 0.2109654  0.21160719 0.17187531 0.22649032
 0.20709615 0.21164153 0.18724542 0.209413   0.20750041 0.19685244
 0.20450574 0.20142976 0.24432175 0.19679871 0.21003018 0.22095078
 0.21530458 0.19555793 0.21358323 0.1942782  0.21455449 0.21142968
 0.21532271 0.22145004 0.20430021 0.21824733 0.19777737 0.18024692
 0.22551215 0.19523134 0.19671015 0.1990197  0.21383686 0.19679238
 0.19980571 0.20017859]","[0.25494922 0.22684321 0.27181201 0.23865496 0.25579813 0.24840223
 0.24651167 0.25379035 0.26208641 0.24368662 0.25525742 0.25564163
 0.25010028 0.23962408 0.23963234 0.26638627 0.22521055 0.25900485
 0.25483352 0.26267057 0.24851438 0.2462143  0.2398546  0.24520366
 0.25131195 0.25866095 0.26723635 0.24284212 0.25288035 0.25631301
 0.25540668 0.24267493 0.27062725 0.25386965 0.25039023 0.27100208
 0.24944057 0.26969993 0.25659298 0.26103489 0.26061027 0.23924026
 0.26852321 0.25664081 0.22990115 0.23960531 0.26833053 0.23864369
 0.2437741  0.25225644]","[1.35837157e-081 6.90491341e-064 7.56795083e-072 1.69971096e-067
 4.12550584e-093 2.16831681e-069 1.21817781e-065 2.95719163e-083
 3.91180814e-089 5.46669238e-074 2.72941269e-081 2.77134063e-085
 5.84635773e-067 3.42501279e-073 1.40917437e-078 4.65586377e-079
 3.94559216e-052 1.22009530e-090 1.03847706e-075 4.38758986e-079
 7.28710520e-062 2.02326101e-077 5.24073880e-076 2.19687101e-068
 8.04022771e-074 1.30661518e-071 1.32448435e-105 2.39450027e-068
 7.03229812e-078 3.11307921e-086 7.37044205e-082 1.73831242e-067
 1.50515221e-080 1.32480546e-066 2.75247154e-081 6.32671377e-079
 7.13897068e-082 1.26097208e-086 1.13260210e-073 4.00312136e-084
 4.96817269e-069 2.51714644e-057 7.46190476e-090 2.92272366e-067
 2.75962079e-068 6.66970376e-070 9.66577525e-081 2.41892735e-068
 1.85960216e-070 1.01271333e-070]","[4.30028644e-115 6.33565815e-091 4.95236718e-131 1.01642733e-100
 7.19577096e-116 3.38422919e-109 1.59147775e-107 4.88640162e-114
 1.04774658e-121 4.73786719e-105 2.24873624e-115 1.00098194e-115
 1.03722836e-110 1.51432952e-101 1.48990708e-101 8.75150958e-126
 1.30203790e-089 7.93294524e-119 5.48417842e-115 2.95373769e-122
 2.69050561e-109 2.90813606e-107 9.61667413e-102 2.24343965e-106
 8.49495073e-112 1.65383509e-118 1.34104521e-126 2.56585895e-104
 3.26759441e-113 2.42567953e-116 1.64228712e-115 3.58224739e-104
 7.08383320e-130 4.13926885e-114 5.70609376e-111 3.05697993e-130
 4.02917745e-110 5.63482373e-129 1.34160073e-116 1.01575578e-120
 2.53499144e-120 3.22198829e-101 7.74366411e-128 1.21239948e-116
 2.07076464e-093 1.57133397e-101 1.18791547e-127 1.03913844e-100
 3.97586885e-105 1.19731276e-112]","[0.02863634 0.02274227 0.02956688 0.02316785 0.04355049 0.02356172
 0.02621508 0.03289461 0.03443348 0.02986705 0.03179896 0.02817726
 0.02386224 0.02897429 0.02866495 0.02613521 0.01965106 0.02579439
 0.03229678 0.02672434 0.02567971 0.0314976  0.03288233 0.02089131
 0.0254066  0.02611351 0.03711367 0.02759492 0.02762449 0.0278728
 0.0316335  0.02815449 0.02995622 0.02485359 0.03119886 0.0276444
 0.03157866 0.02886343 0.02781177 0.03501403 0.02646995 0.0213362
 0.03200483 0.02743375 0.02473247 0.02559865 0.02997553 0.02401924
 0.02851665 0.02835643]","[0.04548156 0.03838372 0.05848718 0.0395906  0.05695224 0.04406536
 0.04666567 0.05106747 0.05238211 0.04637861 0.05242884 0.0456109
 0.04665196 0.04587114 0.04673445 0.04617751 0.03685987 0.04339683
 0.0515523  0.0472616  0.04689741 0.04696238 0.04931748 0.03984034
 0.04577291 0.04959679 0.05066812 0.04425406 0.04534841 0.05167127
 0.05019152 0.04690576 0.05475008 0.04604244 0.04632819 0.05092931
 0.04966736 0.05179214 0.05234241 0.05809772 0.04559851 0.04217076
 0.05058277 0.04770863 0.04133523 0.04483044 0.0554744  0.04333258
 0.04773283 0.04893243]","[0.13288151 0.11888766 0.13772407 0.12248154 0.16529916 0.12308661
 0.13143309 0.14412305 0.14545713 0.13822134 0.14161477 0.13318036
 0.12305837 0.13626911 0.1369543  0.12669743 0.11514927 0.12907613
 0.14421688 0.13125633 0.12646581 0.1418777  0.14416424 0.11705708
 0.12674658 0.12806543 0.1487823  0.12982148 0.13266339 0.13204976
 0.14068784 0.13208919 0.13753136 0.12367566 0.14002316 0.12893483
 0.13555309 0.13465436 0.13479554 0.14563849 0.13012199 0.11642084
 0.14155322 0.12964153 0.12512661 0.12916553 0.13677144 0.12621561
 0.13680236 0.13412578]","[0.16607075 0.15354234 0.18860141 0.15859773 0.18633552 0.16689948
 0.17072087 0.17687241 0.17830271 0.1697915  0.17844935 0.16918937
 0.16933873 0.16984313 0.17096481 0.16710609 0.15264069 0.16516718
 0.1803951  0.17233604 0.16856619 0.17147864 0.17336305 0.15627837
 0.16833015 0.17417788 0.17478889 0.16493596 0.16791311 0.17772711
 0.17450552 0.16950621 0.18151861 0.16721015 0.16906288 0.17597119
 0.17085746 0.17820103 0.18036959 0.18550201 0.1669318  0.16095763
 0.17600316 0.16903475 0.15930864 0.16761082 0.18401951 0.16637693
 0.17216975 0.17360659]",9.947465905578165e-31,2.5098414533194893e-45,6.935354021904043e-30,1.3341641300126852e-44,3.873295324474668e-09,7.853781389677294e-09,2.8838752210465175e-09,4.131978080216995e-09,1e-05,1e-05,0.0,0.0,0.20660665143489837,0.2519638584542274,0.013097998258591733,0.011326047663926954,0.028290896415710448,0.04774149179458618,0.004241961383213116,0.004698850618719162,0.13328580538737167,0.17114897554676672,0.009197735994894441,0.007791244712266156
df1,0.9500000000000001,0.0,0.9500000000000001,"[9.44810349e-40 2.27167277e-46 3.00027002e-49 8.90129708e-44
 1.41820348e-51 3.22000728e-52 2.67335366e-50 2.15460932e-56
 1.96022961e-52 1.42453006e-46 8.30820763e-60 2.30592786e-45
 5.27367686e-48 1.64306603e-50 2.58531714e-40 3.21237555e-42
 1.60190536e-64 5.24109088e-39 2.85911373e-38 1.41368557e-59
 1.14419204e-49 8.66108972e-52 9.15418035e-46 8.66108972e-52
 7.83398323e-49 2.71159835e-57 3.00027002e-49 5.66557381e-58
 1.31892718e-42 2.31976235e-51 3.21237555e-42 3.49058990e-47
 1.26387580e-48 2.31976235e-51 4.55991975e-57 1.61075424e-57
 3.61877620e-46 5.75863544e-46 4.34507678e-50 9.80545229e-61
 1.85378592e-49 1.29241929e-54 8.47223917e-48 3.44263650e-43
 9.92411958e-66 2.19550867e-43 1.42453006e-46 3.00027002e-49
 2.27167277e-46 2.03688601e-48]","[7.24139755e-53 1.67562367e-60 3.51245105e-68 1.61075424e-57
 2.42847792e-76 2.71159835e-57 3.55535840e-70 5.66557381e-58
 5.28280757e-65 6.91984994e-59 2.04313811e-81 2.86035082e-60
 1.05170761e-66 3.35720833e-72 8.30820763e-60 1.60190536e-64
 3.02883737e-65 4.67383798e-55 2.66373322e-53 1.05170761e-66
 4.35229159e-63 4.83655003e-64 2.67335366e-50 6.18686551e-51
 1.93137901e-67 5.28280757e-65 1.93137901e-67 2.93851005e-79
 6.03593190e-72 8.39040599e-64 3.23766600e-66 2.23586471e-62
 1.67562367e-60 5.36256123e-74 9.80545229e-61 1.62852672e-74
 2.86035082e-60 8.39040599e-64 1.11555042e-70 1.62852672e-74
 3.34696584e-61 1.45399317e-63 1.28537148e-56 1.13754661e-61
 2.51694654e-63 1.45399317e-63 2.31976235e-51 4.35229159e-63
 9.20417879e-65 5.67148232e-66]","[9.44810349e-40 2.27167277e-46 3.00027002e-49 8.90129708e-44
 1.41820348e-51 3.22000728e-52 2.67335366e-50 2.15460932e-56
 1.96022961e-52 1.42453006e-46 8.30820763e-60 2.30592786e-45
 5.27367686e-48 1.64306603e-50 2.58531714e-40 3.21237555e-42
 1.60190536e-64 5.24109088e-39 2.85911373e-38 1.41368557e-59
 1.14419204e-49 8.66108972e-52 9.15418035e-46 8.66108972e-52
 7.83398323e-49 2.71159835e-57 3.00027002e-49 5.66557381e-58
 1.31892718e-42 2.31976235e-51 3.21237555e-42 3.49058990e-47
 1.26387580e-48 2.31976235e-51 4.55991975e-57 1.61075424e-57
 3.61877620e-46 5.75863544e-46 4.34507678e-50 9.80545229e-61
 1.85378592e-49 1.29241929e-54 8.47223917e-48 3.44263650e-43
 9.92411958e-66 2.19550867e-43 1.42453006e-46 3.00027002e-49
 2.27167277e-46 2.03688601e-48]","[7.24139755e-53 1.67562367e-60 3.51245105e-68 1.61075424e-57
 2.42847792e-76 2.71159835e-57 3.55535840e-70 5.66557381e-58
 5.28280757e-65 6.91984994e-59 2.04313811e-81 2.86035082e-60
 1.05170761e-66 3.35720833e-72 8.30820763e-60 1.60190536e-64
 3.02883737e-65 4.67383798e-55 2.66373322e-53 1.05170761e-66
 4.35229159e-63 4.83655003e-64 2.67335366e-50 6.18686551e-51
 1.93137901e-67 5.28280757e-65 1.93137901e-67 2.93851005e-79
 6.03593190e-72 8.39040599e-64 3.23766600e-66 2.23586471e-62
 1.67562367e-60 5.36256123e-74 9.80545229e-61 1.62852672e-74
 2.86035082e-60 8.39040599e-64 1.11555042e-70 1.62852672e-74
 3.34696584e-61 1.45399317e-63 1.28537148e-56 1.13754661e-61
 2.51694654e-63 1.45399317e-63 2.31976235e-51 4.35229159e-63
 9.20417879e-65 5.67148232e-66]","[6.93328839e-10 1.07268336e-08 1.23910062e-08 9.64563696e-09
 1.11267870e-08 4.54980376e-09 1.95874061e-09 1.85027182e-09
 9.92833282e-09 3.79189791e-09 3.58387986e-09 4.47634130e-09
 1.12697687e-08 2.93630575e-09 4.79189155e-09 6.12309581e-09
 1.75499406e-08 2.43163822e-09 9.31070010e-09 5.20624066e-09
 3.24790639e-09 3.28836003e-09 8.06225697e-09 7.51500695e-09
 1.40170414e-08 6.17704710e-09 1.21116431e-08 2.85611779e-09
 2.31512109e-09 5.21979915e-09 8.73085404e-09 5.66403302e-09
 3.49737495e-09 8.35998759e-09 8.61670169e-09 1.38135006e-08
 2.25197205e-09 6.93323743e-09 6.31905950e-09 3.89362864e-09
 5.03506092e-09 2.38527786e-09 3.27106142e-09 1.79170201e-09
 7.74237374e-09 2.13305240e-09 8.28541502e-09 3.73924525e-09
 2.89367230e-09 1.16624366e-09]","[9.97823058e-09 1.43202926e-08 1.40980467e-08 1.73343980e-08
 1.60140103e-08 1.62312407e-08 2.09416666e-08 4.50032822e-09
 3.56803598e-09 1.82122363e-08 1.55746069e-08 1.14695342e-08
 6.78088685e-09 2.32744358e-08 1.86851286e-08 9.96205873e-09
 1.60840761e-08 1.57942510e-08 7.22829518e-09 4.17407287e-09
 6.11347128e-09 1.36867677e-08 2.59586108e-09 4.46540915e-09
 4.25295543e-09 1.17139030e-08 4.20419677e-09 1.32709274e-08
 1.55172544e-08 4.59654026e-09 9.45090894e-09 1.32779117e-08
 3.87628551e-09 1.20192502e-08 4.15993451e-09 6.29188435e-09
 4.75245987e-09 1.39455087e-08 4.48519522e-09 2.32192134e-08
 1.02244460e-08 5.23560739e-09 6.15705931e-09 4.31187708e-09
 1.11665136e-08 4.81100659e-09 4.49435733e-09 5.14643550e-09
 6.54632026e-09 6.06071948e-09]","[1.e-05 1.e-05 1.e-05 1.e-05 1.e-05 1.e-05 1.e-05 1.e-05 1.e-05 1.e-05
 1.e-05 1.e-05 1.e-05 1.e-05 1.e-05 1.e-05 1.e-05 1.e-05 1.e-05 1.e-05
 1.e-05 1.e-05 1.e-05 1.e-05 1.e-05 1.e-05 1.e-05 1.e-05 1.e-05 1.e-05
 1.e-05 1.e-05 1.e-05 1.e-05 1.e-05 1.e-05 1.e-05 1.e-05 1.e-05 1.e-05
 1.e-05 1.e-05 1.e-05 1.e-05 1.e-05 1.e-05 1.e-05 1.e-05 1.e-05 1.e-05]","[1.e-05 1.e-05 1.e-05 1.e-05 1.e-05 1.e-05 1.e-05 1.e-05 1.e-05 1.e-05
 1.e-05 1.e-05 1.e-05 1.e-05 1.e-05 1.e-05 1.e-05 1.e-05 1.e-05 1.e-05
 1.e-05 1.e-05 1.e-05 1.e-05 1.e-05 1.e-05 1.e-05 1.e-05 1.e-05 1.e-05
 1.e-05 1.e-05 1.e-05 1.e-05 1.e-05 1.e-05 1.e-05 1.e-05 1.e-05 1.e-05
 1.e-05 1.e-05 1.e-05 1.e-05 1.e-05 1.e-05 1.e-05 1.e-05 1.e-05 1.e-05]","[0.20551833 0.21147552 0.22312002 0.22034008 0.22392094 0.2343218
 0.23717805 0.23610908 0.22334736 0.22133463 0.23855901 0.22160568
 0.22005331 0.23331703 0.19902881 0.2122006  0.24228451 0.20678633
 0.20487322 0.2452161  0.22646454 0.21835189 0.21238958 0.22993552
 0.22295187 0.23805406 0.22412766 0.23451878 0.22256655 0.22661208
 0.21061039 0.21537467 0.22479119 0.22523314 0.23617165 0.2316767
 0.22485767 0.22100356 0.223048   0.24405674 0.22819638 0.23263663
 0.22526543 0.2209388  0.24035713 0.22085166 0.21631049 0.22360739
 0.23133905 0.21634887]","[0.24854207 0.2526684  0.27660485 0.26790402 0.28476957 0.25724665
 0.27471723 0.26171941 0.25022013 0.25418611 0.26659103 0.2700653
 0.26551754 0.27975809 0.25199978 0.2676047  0.26582608 0.24530302
 0.25443952 0.27277092 0.25627323 0.25556053 0.25211278 0.24575085
 0.27604494 0.26883749 0.26421299 0.27838574 0.26850976 0.25799097
 0.26900238 0.27570114 0.25729222 0.27609577 0.25072007 0.27509665
 0.26382622 0.2664531  0.27660198 0.28195807 0.26825135 0.26319809
 0.26554001 0.25956036 0.26140181 0.26807098 0.25890011 0.27318601
 0.27293909 0.26093496]","[1.47860202e-074 5.84515957e-079 6.04132784e-088 9.37621502e-086
 1.39501804e-088 4.58117570e-097 1.82131956e-099 1.45348465e-098
 3.98741808e-088 1.55420734e-086 1.22673043e-100 9.50945429e-087
 1.57181438e-085 3.14906260e-096 6.57191536e-070 1.66701646e-079
 7.80142247e-104 1.75230221e-075 4.35322102e-074 2.18783751e-106
 1.27987492e-090 3.32144167e-084 1.20119712e-079 1.94084801e-093
 8.21228738e-088 3.29603004e-100 9.54776058e-089 3.13620607e-097
 1.65810828e-087 9.73308644e-091 2.59630963e-078 6.51509622e-082
 2.81988899e-089 1.24889623e-089 1.28745336e-098 7.19167671e-095
 2.49500682e-089 2.82970518e-086 6.89050300e-088 2.25528667e-105
 5.08353377e-092 1.15600736e-095 1.17667842e-089 3.18121999e-086
 3.56813889e-102 3.72396615e-086 1.24977760e-082 2.47781676e-088
 1.36535541e-094 1.16777216e-082]","[2.54228045e-109 5.08136656e-113 9.23145149e-136 3.05954970e-127
 5.05299459e-144 3.35679737e-117 6.89524567e-134 2.31770783e-121
 8.10280022e-111 2.13355493e-114 5.57334833e-126 2.49131787e-129
 5.91201761e-125 6.38598776e-139 2.04072132e-112 5.93727117e-127
 3.00198999e-125 1.83591340e-106 1.25418214e-114 5.69722598e-132
 2.63847681e-116 1.18758722e-115 1.61383016e-112 7.42984960e-107
 3.32935959e-135 3.85044795e-128 1.02840335e-123 1.53206253e-137
 7.97850514e-128 6.89915158e-118 2.66780361e-128 7.30856291e-135
 3.04730656e-117 2.96373541e-135 2.88864367e-111 2.90479771e-134
 2.39153926e-123 7.55334973e-126 9.29235680e-136 3.78161944e-141
 1.41619278e-127 9.39031364e-123 5.62743764e-125 2.41594798e-119
 4.60285307e-121 2.11301069e-127 9.92331573e-119 2.22855306e-132
 3.89576793e-132 1.25987519e-120]","[0.02320862 0.0316658  0.03477395 0.0311166  0.0271951  0.0362165
 0.03230524 0.0343219  0.02946973 0.02824616 0.03670084 0.03684795
 0.02867699 0.03840971 0.03249061 0.02939105 0.03666723 0.02497542
 0.02630246 0.03603721 0.03251171 0.03421187 0.02953708 0.03022695
 0.03883123 0.03556573 0.03400314 0.03308344 0.03567421 0.03157437
 0.02877712 0.03174734 0.03966939 0.03128552 0.03814137 0.03538656
 0.03432977 0.02663386 0.03301299 0.03732407 0.03062952 0.03553867
 0.0371418  0.03106499 0.0403223  0.02547717 0.03227687 0.0265249
 0.03225231 0.0322504 ]","[0.04293764 0.04901409 0.05745804 0.05233252 0.05080926 0.05134821
 0.05053878 0.05283499 0.043661   0.0461148  0.0508467  0.05970645
 0.05038929 0.0609988  0.05421162 0.04975295 0.04965055 0.0431006
 0.04193521 0.04949129 0.0492481  0.05363333 0.04876673 0.04427814
 0.05960631 0.05288517 0.05127656 0.0519321  0.05577135 0.0484606
 0.05375814 0.0601908  0.05952156 0.05200684 0.049824   0.05474651
 0.05154693 0.04696465 0.05770838 0.05840933 0.04647458 0.05487788
 0.05276227 0.04921591 0.05409932 0.04817653 0.05110502 0.04701209
 0.05202067 0.05159652]","[0.11799926 0.14015232 0.14666723 0.13836171 0.12973107 0.15230672
 0.14024942 0.14720401 0.13504622 0.13245144 0.15101361 0.15224867
 0.13091956 0.1553027  0.14308151 0.13444035 0.15063608 0.1274085
 0.1316617  0.14950201 0.14383055 0.14595992 0.13912504 0.13554294
 0.15541909 0.1452445  0.1453543  0.14223726 0.14943275 0.1390355
 0.13432268 0.14135607 0.15499578 0.1374255  0.15202598 0.1484051
 0.14711081 0.12865437 0.14351197 0.1504702  0.13907826 0.15076054
 0.15394405 0.13632262 0.15826004 0.12595112 0.14193206 0.1243264
 0.14364942 0.14193532]","[0.16221613 0.17435673 0.1857889  0.17942167 0.17601115 0.17853003
 0.17578347 0.18081615 0.16443818 0.16777949 0.17722011 0.19044048
 0.17374783 0.19439834 0.18240509 0.17447836 0.17472992 0.16472324
 0.16248197 0.17399699 0.1738803  0.18280023 0.17722919 0.16386223
 0.18885752 0.1763025  0.17719647 0.17797815 0.18418313 0.17145316
 0.18087447 0.19217625 0.19018955 0.17588081 0.17447238 0.18272147
 0.17789208 0.16853668 0.18671244 0.18794029 0.16989614 0.18545545
 0.18156336 0.17220726 0.18135108 0.17154337 0.17803005 0.16713818
 0.18050029 0.17630898]",7.0087943333778605e-40,7.067940196533486e-52,4.05294977144799e-39,3.8298006351366725e-51,6.11352392487774e-09,1.0085520272262728e-08,3.8605960227759955e-09,5.678695156570819e-09,1e-05,1e-05,0.0,0.0,0.2245847698044777,0.26473728189229967,0.010405398172390704,0.009809169983969395,0.03260051488876343,0.05150018215179444,0.004045306166535186,0.004605125118386639,0.14204008436054458,0.17737795356418762,0.00909608139157676,0.007721405137518067
df1,1.0,0.0,1.0,"[4.85066545e-49 4.34507678e-50 7.05469515e-50 6.62107000e-62
 1.17241363e-58 4.07987974e-59 3.60781842e-56 2.40288390e-59
 2.66373322e-53 1.67562367e-60 4.34507678e-50 5.67148232e-66
 3.35470507e-58 4.55991975e-57 6.91984994e-59 1.32590390e-76
 1.85378592e-49 7.65993218e-57 9.14645852e-45 1.68303018e-55
 2.86035082e-60 1.64306603e-50 3.34696584e-61 1.41820348e-51
 6.20630182e-68 1.12138242e-68 1.41368557e-59 1.44479841e-44
 1.99260921e-70 8.47223917e-48 1.61075424e-57 1.45399317e-63
 9.55803990e-58 1.29241929e-54 3.79042144e-51 3.22000728e-52
 4.35229159e-63 8.39040599e-64 4.07987974e-59 8.66108972e-52
 8.47223917e-48 1.61075424e-57 2.15460932e-56 1.41368557e-59
 1.17241363e-58 2.27167277e-46 7.24139755e-53 4.07987974e-59
 1.93137901e-67 8.66108972e-52]","[1.84628285e-66 2.00649704e-69 2.86035082e-60 1.62852672e-74
 4.35229159e-63 3.56463042e-69 1.94472818e-71 8.11994820e-76
 2.23586471e-62 9.20417879e-65 1.13754661e-61 3.43236847e-78
 3.23766600e-66 6.32804820e-78 3.23766600e-66 3.48503975e-71
 1.93137901e-67 6.32804820e-78 6.03472099e-56 1.29241929e-54
 1.86526077e-72 8.62627431e-88 1.03520885e-72 9.75688065e-54
 3.16384036e-87 2.42847792e-76 5.98442251e-67 4.07987974e-59
 2.04313811e-81 6.20630182e-68 1.62852672e-74 3.11335148e-82
 6.62107000e-62 1.03520885e-72 1.99260921e-70 8.11994820e-76
 5.47688639e-85 6.32585939e-69 5.83529742e-82 1.65926127e-82
 1.60190536e-64 9.92411958e-66 1.03520885e-72 1.85969560e-78
 3.23766600e-66 1.67562367e-60 3.56463042e-69 1.32759256e-80
 4.59749627e-80 1.84628285e-66]","[4.85066545e-49 4.34507678e-50 7.05469515e-50 6.62107000e-62
 1.17241363e-58 4.07987974e-59 3.60781842e-56 2.40288390e-59
 2.66373322e-53 1.67562367e-60 4.34507678e-50 5.67148232e-66
 3.35470507e-58 4.55991975e-57 6.91984994e-59 1.32590390e-76
 1.85378592e-49 7.65993218e-57 9.14645852e-45 1.68303018e-55
 2.86035082e-60 1.64306603e-50 3.34696584e-61 1.41820348e-51
 6.20630182e-68 1.12138242e-68 1.41368557e-59 1.44479841e-44
 1.99260921e-70 8.47223917e-48 1.61075424e-57 1.45399317e-63
 9.55803990e-58 1.29241929e-54 3.79042144e-51 3.22000728e-52
 4.35229159e-63 8.39040599e-64 4.07987974e-59 8.66108972e-52
 8.47223917e-48 1.61075424e-57 2.15460932e-56 1.41368557e-59
 1.17241363e-58 2.27167277e-46 7.24139755e-53 4.07987974e-59
 1.93137901e-67 8.66108972e-52]","[1.84628285e-66 2.00649704e-69 2.86035082e-60 1.62852672e-74
 4.35229159e-63 3.56463042e-69 1.94472818e-71 8.11994820e-76
 2.23586471e-62 9.20417879e-65 1.13754661e-61 3.43236847e-78
 3.23766600e-66 6.32804820e-78 3.23766600e-66 3.48503975e-71
 1.93137901e-67 6.32804820e-78 6.03472099e-56 1.29241929e-54
 1.86526077e-72 8.62627431e-88 1.03520885e-72 9.75688065e-54
 3.16384036e-87 2.42847792e-76 5.98442251e-67 4.07987974e-59
 2.04313811e-81 6.20630182e-68 1.62852672e-74 3.11335148e-82
 6.62107000e-62 1.03520885e-72 1.99260921e-70 8.11994820e-76
 5.47688639e-85 6.32585939e-69 5.83529742e-82 1.65926127e-82
 1.60190536e-64 9.92411958e-66 1.03520885e-72 1.85969560e-78
 3.23766600e-66 1.67562367e-60 3.56463042e-69 1.32759256e-80
 4.59749627e-80 1.84628285e-66]","[1.39977741e-08 1.38645070e-08 3.02444314e-09 3.15063997e-09
 2.43769538e-09 1.44783251e-08 1.27782523e-08 4.42454706e-09
 6.74267975e-09 1.20935105e-08 2.57430355e-09 1.61704848e-08
 3.56531726e-09 4.46293980e-09 7.32170480e-09 3.97215982e-09
 1.42116855e-08 4.34743697e-09 1.38922340e-09 5.49038970e-09
 1.36983246e-08 3.35379025e-09 1.60886097e-08 1.33444384e-08
 9.08448050e-09 1.05766329e-08 4.59624450e-09 1.35891531e-09
 1.58576408e-08 2.50210963e-09 1.38619238e-08 3.19451399e-09
 6.82476853e-09 1.32031349e-08 1.65087521e-09 4.12523482e-09
 8.58958860e-09 4.75487683e-09 1.47639866e-08 9.56787927e-09
 8.48653381e-09 4.02340117e-09 2.02402939e-09 3.70504494e-09
 6.86956170e-09 3.20477922e-09 1.34092316e-08 2.70124068e-09
 6.91284774e-09 5.46853673e-09]","[6.44840925e-09 1.78060112e-08 1.78172779e-08 1.09177475e-08
 5.84713278e-09 1.62488046e-08 1.07089617e-08 1.59121998e-08
 1.39716632e-08 3.38223038e-09 1.49627545e-08 7.12019321e-09
 1.19950280e-08 8.57404192e-09 6.10335382e-09 1.25686839e-08
 1.39888665e-08 6.83610812e-09 6.97952873e-09 3.36047168e-09
 4.99447628e-09 2.64276759e-08 7.97828748e-09 7.58999730e-09
 9.03005160e-09 7.36973182e-09 9.19730925e-09 9.40930567e-09
 2.53369157e-08 9.61694635e-09 2.47671096e-08 1.13329356e-08
 1.42524326e-08 6.56103527e-09 4.31435065e-09 6.93279201e-09
 6.62672328e-09 6.10465545e-09 5.27245181e-09 1.75776269e-08
 3.43451856e-09 1.25271061e-08 7.18627635e-09 1.19356373e-08
 1.77330665e-08 5.03137221e-09 4.69910189e-09 7.14533122e-09
 2.26086617e-08 5.21021792e-09]","[1.e-05 1.e-05 1.e-05 1.e-05 1.e-05 1.e-05 1.e-05 1.e-05 1.e-05 1.e-05
 1.e-05 1.e-05 1.e-05 1.e-05 1.e-05 1.e-05 1.e-05 1.e-05 1.e-05 1.e-05
 1.e-05 1.e-05 1.e-05 1.e-05 1.e-05 1.e-05 1.e-05 1.e-05 1.e-05 1.e-05
 1.e-05 1.e-05 1.e-05 1.e-05 1.e-05 1.e-05 1.e-05 1.e-05 1.e-05 1.e-05
 1.e-05 1.e-05 1.e-05 1.e-05 1.e-05 1.e-05 1.e-05 1.e-05 1.e-05 1.e-05]","[1.e-05 1.e-05 1.e-05 1.e-05 1.e-05 1.e-05 1.e-05 1.e-05 1.e-05 1.e-05
 1.e-05 1.e-05 1.e-05 1.e-05 1.e-05 1.e-05 1.e-05 1.e-05 1.e-05 1.e-05
 1.e-05 1.e-05 1.e-05 1.e-05 1.e-05 1.e-05 1.e-05 1.e-05 1.e-05 1.e-05
 1.e-05 1.e-05 1.e-05 1.e-05 1.e-05 1.e-05 1.e-05 1.e-05 1.e-05 1.e-05
 1.e-05 1.e-05 1.e-05 1.e-05 1.e-05 1.e-05 1.e-05 1.e-05 1.e-05 1.e-05]","[0.21809639 0.2314241  0.22671445 0.23272572 0.25108583 0.25042897
 0.24854295 0.24122126 0.24776846 0.23728156 0.22949431 0.24515502
 0.24065553 0.24029414 0.24710087 0.26956305 0.22889018 0.23476116
 0.22514563 0.23365579 0.2321865  0.23480015 0.24770637 0.23594528
 0.26160997 0.25595103 0.24585978 0.21232227 0.25767534 0.22030813
 0.2471358  0.24741008 0.24746291 0.24890285 0.2334029  0.24434174
 0.25108468 0.25038569 0.24546075 0.2412831  0.23737222 0.23640715
 0.23993662 0.24001849 0.25433428 0.2196258  0.23005637 0.23907929
 0.25582598 0.23609108]","[0.26212772 0.28397296 0.27442727 0.26808434 0.27580177 0.28055601
 0.27739475 0.27217141 0.29043757 0.26932946 0.27394639 0.26883802
 0.26522878 0.28485204 0.27125224 0.28791032 0.27482488 0.26950907
 0.25303658 0.26159375 0.27364373 0.28493075 0.27002362 0.25692784
 0.29434678 0.2723169  0.27508375 0.27127543 0.28322066 0.27352473
 0.28440345 0.28492127 0.27769402 0.28628373 0.28155256 0.27350964
 0.29436926 0.2829885  0.29223458 0.30088144 0.2688039  0.26250636
 0.2824512  0.27402936 0.27795498 0.26191196 0.27533662 0.28859624
 0.27170145 0.27650018]","[5.24040305e-084 1.16187733e-094 8.04807473e-091 9.75249281e-096
 1.35637545e-111 5.26780248e-111 2.53769489e-109 6.45356585e-103
 1.23475828e-108 1.48872208e-099 4.45493922e-093 2.47470204e-106
 1.97835734e-102 4.04075527e-102 4.80899316e-108 7.64778671e-129
 1.38600801e-092 1.96654384e-097 1.46764041e-089 1.64565133e-096
 2.72679522e-095 1.82421202e-097 1.40141349e-108 1.99642065e-098
 2.93612693e-121 5.21131595e-116 5.96080823e-107 1.34996957e-079
 1.35031407e-117 9.93200372e-086 4.47925902e-108 2.56315357e-108
 2.30167250e-108 1.21439145e-109 2.67165614e-096 1.27233987e-105
 1.35962620e-111 5.75967618e-111 1.33525788e-106 5.70880276e-103
 1.24762953e-099 8.15316652e-099 8.18104499e-102 6.96150671e-102
 1.56393802e-114 3.39095802e-085 1.54534443e-093 4.42055653e-101
 6.78523940e-116 1.50508257e-098]","[9.58099318e-122 3.31918989e-143 1.33378466e-133 2.05131991e-127
 5.80675176e-135 9.98808649e-140 1.50411575e-136 2.20412206e-131
 6.54074292e-150 1.28751411e-128 3.97722174e-133 3.84591296e-128
 1.11393922e-124 4.15698987e-144 1.74346464e-130 2.86042120e-147
 5.39622997e-134 8.62649318e-129 2.35920948e-113 3.04088595e-121
 7.90233410e-133 3.45023116e-144 2.73453749e-129 6.60069994e-117
 4.80275927e-154 1.58770292e-131 2.99153451e-134 1.65497489e-130
 1.95326582e-142 1.03488631e-132 1.20107172e-143 3.52853194e-144
 7.55281436e-137 1.38968153e-145 9.76527071e-141 1.07088258e-132
 4.54515928e-154 3.37182888e-142 8.36883359e-152 4.33241215e-161
 4.14913321e-128 4.21770451e-122 1.19064707e-141 3.29433595e-133
 4.13947227e-137 1.52832887e-121 1.68030187e-134 5.52279582e-148
 6.35136017e-131 1.17357553e-135]","[0.03562808 0.03508484 0.03705323 0.03047621 0.04537523 0.03639591
 0.04025412 0.03593564 0.04249966 0.03375757 0.03854024 0.03882909
 0.03810751 0.03697753 0.03958166 0.04479599 0.03813887 0.03567111
 0.03405046 0.03668189 0.0338695  0.03902876 0.03908861 0.03244126
 0.04061449 0.04525292 0.04216361 0.02832365 0.04730785 0.03120041
 0.04113567 0.04202652 0.03945076 0.03704453 0.03248501 0.04189146
 0.03753698 0.03899348 0.03868663 0.03244674 0.03536189 0.03200102
 0.04171312 0.03659475 0.04135418 0.02853775 0.0362916  0.04324913
 0.04337037 0.0392499 ]","[0.05296803 0.05896676 0.06057715 0.04850006 0.05873525 0.05199194
 0.05424869 0.05268109 0.06147718 0.04917002 0.05630279 0.05676496
 0.05511558 0.05640554 0.05470383 0.06268418 0.05906057 0.05402768
 0.04829216 0.05242383 0.05388737 0.05975807 0.05383062 0.04901624
 0.05998909 0.05699325 0.05880356 0.05162108 0.06282091 0.05465806
 0.06151855 0.06216347 0.05450785 0.05370116 0.05679202 0.05983722
 0.0574683  0.05675745 0.06160378 0.05601549 0.05269814 0.0475955
 0.06458211 0.05314493 0.06081486 0.049312   0.05823743 0.06488085
 0.05734587 0.06098318]","[0.15144295 0.14509106 0.15104005 0.13455595 0.16748275 0.14824555
 0.16055059 0.14916041 0.16356505 0.14557486 0.15474305 0.15430684
 0.1511448  0.15273331 0.15476071 0.16636863 0.15068893 0.14686593
 0.14625148 0.15268748 0.14569067 0.15313835 0.15723307 0.14100647
 0.15660099 0.1652832  0.16235094 0.13376579 0.16963361 0.1403913
 0.16153579 0.15585555 0.15666089 0.15115978 0.14036697 0.15902402
 0.1513601  0.15768088 0.15539949 0.1418848  0.14633873 0.13948521
 0.16136321 0.15010999 0.15855409 0.13147734 0.15233076 0.15960683
 0.16425993 0.15139155]","[0.18202173 0.1875454  0.19043497 0.17290238 0.18954259 0.17807058
 0.18379953 0.17798148 0.19376266 0.17360345 0.18542336 0.18615168
 0.18288232 0.18708784 0.18237996 0.19671975 0.18896125 0.17970537
 0.17280995 0.18230052 0.1817591  0.18896988 0.1842885  0.17412569
 0.19108394 0.1863441  0.18946079 0.17791178 0.19544117 0.18222415
 0.19752366 0.19113001 0.18268018 0.18157958 0.18462226 0.1900265
 0.18537251 0.18798598 0.19284111 0.1840823  0.1792829  0.16938874
 0.19823603 0.18062715 0.19293751 0.17122998 0.1900516  0.19521397
 0.1881872  0.19101923]",4.767881216021554e-46,2.2219385372313078e-55,2.371022360433033e-45,1.3740611627126398e-54,7.56602392071315e-09,1.0595071375796294e-08,4.7881432249636894e-09,5.864506622649497e-09,1e-05,1e-05,0.0,0.0,0.24059975938081743,0.27638440420150756,0.011462457602336475,0.009937193245906457,0.03785094738006592,0.05632871389389038,0.004311749151210533,0.004402369800231371,0.15236401399288493,0.185194285599807,0.008753148765496996,0.006997288806152022
df2,0.0,0.0,0.0,"[0.39108739 0.8633028  0.98457739 0.39108739 0.43609338 0.50859953
 0.90235528 0.31007573 0.69212796 0.48382277 0.79482654 0.58582128
 0.3490397  0.88359176 0.50859953 0.18488568 0.41323244 0.55967522
 0.53390728 0.27423335 0.63886042 0.27423335 0.08825991 0.90235528
 0.12937218 0.43609338 0.29176485 0.02192948 0.71851426 0.8633028
 0.32916807 0.14969106 0.45963725 0.41323244 0.93482727 0.81875363
 0.04953464 0.53390728 0.22624166 0.3490397  0.71851426 0.55967522
 0.8633028  0.24148215 0.97808957 0.93482727 0.27423335 0.98457739
 0.02903392 0.22624166]","[0.45963725 0.31007573 0.17249627 0.05871658 0.69212796 0.88359176
 0.53390728 0.61225166 0.27423335 0.55967522 0.58582128 0.90235528
 0.17249627 0.55967522 0.97808957 0.17249627 0.53390728 0.79482654
 0.39108739 0.74453538 0.53390728 0.63886042 0.08825991 0.31007573
 0.32916807 0.98457739 0.3490397  0.58582128 0.45963725 0.43609338
 0.77002924 0.53390728 0.18488568 0.01641475 0.91946676 0.32916807
 0.41323244 0.71851426 0.91946676 0.0539576  0.98457739 0.63886042
 0.06383124 0.41323244 0.21173982 0.77002924 0.25747545 0.66552932
 0.94837208 0.45963725]","[0.39108739 0.8633028  0.98457739 0.39108739 0.43609338 0.50859953
 0.90235528 0.31007573 0.69212796 0.48382277 0.79482654 0.58582128
 0.3490397  0.88359176 0.50859953 0.18488568 0.41323244 0.55967522
 0.53390728 0.27423335 0.63886042 0.27423335 0.08825991 0.90235528
 0.12937218 0.43609338 0.29176485 0.02192948 0.71851426 0.8633028
 0.32916807 0.14969106 0.45963725 0.41323244 0.93482727 0.81875363
 0.04953464 0.53390728 0.22624166 0.3490397  0.71851426 0.55967522
 0.8633028  0.24148215 0.97808957 0.93482727 0.27423335 0.98457739
 0.02903392 0.22624166]","[0.45963725 0.31007573 0.17249627 0.05871658 0.69212796 0.88359176
 0.53390728 0.61225166 0.27423335 0.55967522 0.58582128 0.90235528
 0.17249627 0.55967522 0.97808957 0.17249627 0.53390728 0.79482654
 0.39108739 0.74453538 0.53390728 0.63886042 0.08825991 0.31007573
 0.32916807 0.98457739 0.3490397  0.58582128 0.45963725 0.43609338
 0.77002924 0.53390728 0.18488568 0.01641475 0.91946676 0.32916807
 0.41323244 0.71851426 0.91946676 0.0539576  0.98457739 0.63886042
 0.06383124 0.41323244 0.21173982 0.77002924 0.25747545 0.66552932
 0.94837208 0.45963725]","[0.45117269 0.98475959 0.95528318 0.26923794 0.39519408 0.27022668
 0.71566899 0.23169218 0.72744155 0.55758365 0.85451327 0.52733035
 0.25902559 0.96270585 0.5393669  0.14038315 0.59522988 0.57056578
 0.77358336 0.32874826 0.71151719 0.19296182 0.07893773 0.79542643
 0.12870361 0.3989092  0.14257069 0.0346205  0.65384331 0.90249866
 0.85621367 0.10204174 0.58437815 0.60426617 0.96092992 0.87603343
 0.07180551 0.32635669 0.25134654 0.40303862 0.58784197 0.50043209
 0.53856888 0.24655596 0.97472926 0.98847574 0.17264241 0.99189338
 0.03880684 0.14102916]","[0.52592673 0.36049273 0.09552079 0.06112005 0.47112371 0.75190975
 0.39576198 0.46155447 0.19784425 0.52925596 0.77823149 0.79683048
 0.17843868 0.53225617 0.9861163  0.14880071 0.36345613 0.61375358
 0.32881591 0.74098268 0.33819585 0.70843177 0.16743874 0.14438502
 0.29487576 0.93709511 0.29477276 0.88815068 0.38927638 0.48007996
 0.76060248 0.52746465 0.20326557 0.05380427 0.72173934 0.22842194
 0.59159163 0.77046971 0.84867676 0.06223975 0.99052186 0.69596642
 0.07310277 0.46073444 0.19791492 0.78933757 0.29200857 0.59847129
 0.86076115 0.375252  ]","[0.0025     0.0025     0.0025     0.0025     0.0025     0.00167106
 0.0025     0.00182877 0.0025     0.0025     0.0025     0.0025
 0.00201686 0.0025     0.0025     0.00064105 0.0025     0.0025
 0.0025     0.00241601 0.0025     0.00219176 0.00085407 0.0025
 0.0019122  0.0025     0.00102753 0.00044144 0.0025     0.0025
 0.0025     0.00094342 0.0025     0.0025     0.0025     0.0025
 0.00109002 0.0025     0.0025     0.0025     0.0025     0.0025
 0.0025     0.0025     0.0025     0.0025     0.00160606 0.0025
 0.0005724  0.00144741]","[0.0025     0.0025     0.00132567 0.00053055 0.0025     0.0025
 0.0025     0.0025     0.00217976 0.0025     0.0025     0.0025
 0.0025     0.0025     0.0025     0.00104785 0.0025     0.0025
 0.0025     0.0025     0.00245045 0.0025     0.00138198 0.00162301
 0.0025     0.0025     0.0025     0.0025     0.0025     0.0025
 0.0025     0.0025     0.0025     0.00054831 0.0025     0.0025
 0.0025     0.0025     0.0025     0.00071563 0.0025     0.0025
 0.00111216 0.0025     0.00239839 0.0025     0.0025     0.0025
 0.0025     0.0025    ]","[0.02279467 0.02465688 0.02781183 0.02606687 0.02889051 0.03038343
 0.02462597 0.02549421 0.02468612 0.02811253 0.02520517 0.03037903
 0.023195   0.0227755  0.03076923 0.04043446 0.02650358 0.02814149
 0.02326783 0.03238255 0.0216623  0.02821424 0.03697339 0.02545589
 0.02764799 0.01998855 0.0427991  0.04361909 0.01856449 0.02804344
 0.02899688 0.02361761 0.03189601 0.02664445 0.0245987  0.02550583
 0.02989155 0.02582754 0.03978374 0.03403385 0.03779836 0.02277376
 0.02013409 0.02254551 0.02102334 0.02198324 0.02553917 0.02592169
 0.01908755 0.02714541]","[0.02820653 0.03246141 0.03848113 0.03186969 0.02662298 0.01909481
 0.02157554 0.02243129 0.02899904 0.02144351 0.01762823 0.02235049
 0.02425639 0.01962622 0.03370651 0.02917714 0.02435767 0.0236812
 0.01716823 0.02608153 0.02582293 0.03610621 0.02484559 0.01478597
 0.02187381 0.03684463 0.02295018 0.01727836 0.01153859 0.01045306
 0.017975   0.01407829 0.02100401 0.03812852 0.01149364 0.01926211
 0.01173557 0.01315152 0.0296555  0.02644484 0.02285667 0.03218878
 0.02557416 0.02283799 0.02626875 0.02409138 0.02230516 0.02371448
 0.02351241 0.03297544]","[0.24602625 0.17276181 0.08895139 0.12969889 0.06959555 0.04879696
 0.17381935 0.14600054 0.17176608 0.08314815 0.15483408 0.04884942
 0.22858087 0.2468859  0.04439009 0.00280808 0.11828987 0.0826065
 0.22550985 0.02949663 0.30067201 0.0812589  0.00822407 0.14714772
 0.09225385 0.39602374 0.00127524 0.00095976 0.4900528  0.08445254
 0.06789742 0.21119496 0.0334395  0.11479054 0.17475651 0.14565394
 0.05496074 0.1363219  0.00346205 0.01899768 0.00642149 0.24696425
 0.38705292 0.25737265 0.33502848 0.28437809 0.14466372 0.13368445
 0.45426309 0.10302974]","[0.0814007  0.0288977  0.00521092 0.03366542 0.11531824 0.45377604
 0.30518752 0.26270093 0.06786327 0.31214897 0.55712468 0.26651846
 0.18686337 0.41889538 0.02076496 0.06510003 0.18321506 0.20866905
 0.59116138 0.1293018  0.13645231 0.01060427 0.16641491 0.76853591
 0.28986149 0.00854365 0.23913559 0.58296399 0.9499414  0.97948362
 0.53188811 0.81740055 0.33610751 0.00580723 0.95150215 0.44262901
 0.94275028 0.87491624 0.05814915 0.11977478 0.24326161 0.031015
 0.14363007 0.24409221 0.12431792 0.1929288  0.26867772 0.20735622
 0.2154255  0.02524996]","[-8.46385956e-05  1.22785568e-04  1.50203705e-04  1.39713287e-04
  2.14815140e-04  2.35080719e-04 -1.60217285e-04  2.95519829e-04
  7.51018524e-06  3.64780426e-05 -1.07526779e-04  6.85214996e-04
 -1.58905983e-04 -1.89542770e-05  6.79492950e-06  1.46150589e-04
  1.45912170e-04 -2.09808350e-05 -3.65972519e-05  2.03728676e-04
  5.59091568e-05 -1.80006027e-05  7.94649124e-04  2.06351280e-04
  2.36749649e-04 -1.38044357e-04  1.54268742e-03  1.86920166e-04
 -1.16467476e-04  1.00255013e-04  2.31862068e-04 -8.29696655e-05
 -7.79628754e-05 -1.33395195e-04  1.05857849e-04  1.53303146e-04
 -1.49011612e-05  1.70469284e-05  6.94751740e-04  9.53674316e-07
 -7.15255737e-05  1.29103661e-04 -1.11103058e-04 -1.50918961e-04
  2.88486481e-04  1.88827515e-04  5.60283661e-06  2.30073929e-04
 -1.83582306e-05  4.02927399e-05]","[ 1.15871429e-04  1.47581100e-04  4.40955162e-04  3.58819962e-05
 -1.39832497e-04 -1.55329704e-04 -1.07288361e-04  2.31385231e-04
  1.10864639e-04 -1.78217888e-04 -5.96046448e-05  1.13368034e-04
  3.85046005e-05 -1.70469284e-04  3.55005264e-04 -1.51634216e-04
  2.80499458e-04  1.27434731e-04 -1.44362450e-04 -3.63588333e-05
 -7.51018524e-05  7.54475594e-04 -1.61767006e-04 -1.93357468e-04
 -2.00748444e-04  1.02281570e-04  3.47733498e-04 -1.09791756e-04
 -1.85370445e-04  2.55823135e-04  8.35657120e-05 -1.93357468e-04
 -1.65700912e-05  3.93033028e-04 -1.92165375e-04  2.68697739e-04
  1.25408173e-04 -1.42455101e-04  2.01463699e-05  2.68220901e-05
  7.99894333e-05  5.67317009e-04  1.24216080e-04  7.45058060e-05
  1.14798546e-04  3.57866287e-04  8.29696655e-05  7.09295273e-05
 -1.14440918e-05  1.47104263e-04]","[0.00910563 0.01339093 0.01348806 0.01386268 0.01400942 0.01517908
 0.00564804 0.01556303 0.01269394 0.01234732 0.00953946 0.02191695
 0.00711306 0.01056257 0.0099608  0.0135247  0.01338411 0.01313812
 0.01000786 0.01577688 0.01338313 0.01061586 0.02194245 0.0138287
 0.01555188 0.00706778 0.03226846 0.01305089 0.00712829 0.01195122
 0.01573294 0.0099676  0.00969434 0.00688875 0.01211746 0.01553138
 0.00987128 0.01232301 0.01954249 0.01059219 0.00908311 0.01384101
 0.00890498 0.0098668  0.01539258 0.01504881 0.01106583 0.01550848
 0.01001818 0.01174805]","[0.01219712 0.0144968  0.01726644 0.01108586 0.00636452 0.00678599
 0.00760609 0.01553404 0.01331457 0.00519094 0.00877278 0.01431968
 0.01125175 0.00578157 0.01838039 0.00807076 0.01642243 0.01589714
 0.00752343 0.01067772 0.01006134 0.0196309  0.00690587 0.00402944
 0.00451052 0.01187018 0.0197856  0.00766608 0.00574468 0.01515123
 0.01277044 0.00484608 0.01058267 0.01518333 0.00486432 0.01503203
 0.01253338 0.00666916 0.01348248 0.0122044  0.01238017 0.02077211
 0.01261974 0.01273851 0.01433845 0.01618874 0.01134632 0.01429954
 0.01175006 0.01259619]",0.5097927776232024,0.5075954288362823,0.2846208169577532,0.2767662510572204,0.5073417629392817,0.48126483264489567,0.3043628374957591,0.2731789345686915,0.0021632010597122313,0.00225627517944743,0.0006123947275257179,0.0005558781917042274,0.02748587215840817,0.023819460975527756,0.005841909948472215,0.0069918763678068424,0.00012156248092651367,6.739616394042969e-05,0.0002883779323609174,0.00021265844265687481,0.012794811530381745,0.011589879010733755,0.004424017914050735,0.0043154301696538295
df2,0.05,0.05,0.0,"[0.09546732 0.50859953 0.19796045 0.39108739 0.00212592 0.18488568
 0.96996014 0.22624166 0.29176485 0.96996014 0.39108739 0.77002924
 0.48382277 0.93482727 0.50859953 0.94837208 0.55967522 0.139232
 0.41323244 0.03483221 0.63886042 0.45963725 0.94837208 0.22624166
 0.79482654 0.50859953 0.0539576  0.43609338 0.81875363 0.81875363
 0.66552932 0.96996014 0.53390728 0.21173982 0.69212796 0.32916807
 0.31007573 0.45963725 0.96007647 0.27423335 0.02646763 0.84163603
 0.50859953 0.53390728 0.19796045 0.81875363 0.3490397  0.0416213
 0.61225166 0.91946676]","[4.70847031e-03 3.10075730e-01 2.57475452e-01 9.84577388e-01
 1.39231997e-01 4.59637254e-01 9.60076470e-01 4.13232440e-01
 1.84885683e-01 1.20088801e-01 1.60771824e-01 7.18514257e-01
 3.29168072e-01 5.59675216e-01 6.12251659e-01 3.29168072e-01
 5.87165796e-02 9.54673207e-02 5.08599525e-01 5.08599525e-01
 9.54673207e-02 5.85821277e-01 6.38860419e-01 7.70029237e-01
 6.12251659e-01 9.60076470e-01 2.91764847e-01 1.64147482e-02
 6.92127962e-01 4.95346404e-02 9.19466758e-01 1.45688880e-04
 1.49691056e-01 3.18171260e-02 8.82599083e-02 6.65529322e-01
 6.93218252e-02 5.59675216e-01 4.36093382e-01 2.57475452e-01
 5.85821277e-01 7.70029237e-01 6.12251659e-01 9.48372085e-01
 7.44535382e-01 4.54286666e-02 1.29372179e-01 9.19466758e-01
 2.90339156e-02 7.52091658e-02]","[0.09546732 0.50859953 0.19796045 0.39108739 0.00212592 0.18488568
 0.96996014 0.22624166 0.29176485 0.96996014 0.39108739 0.77002924
 0.48382277 0.93482727 0.50859953 0.94837208 0.55967522 0.139232
 0.41323244 0.03483221 0.63886042 0.45963725 0.94837208 0.22624166
 0.79482654 0.50859953 0.0539576  0.43609338 0.81875363 0.81875363
 0.66552932 0.96996014 0.53390728 0.21173982 0.69212796 0.32916807
 0.31007573 0.45963725 0.96007647 0.27423335 0.02646763 0.84163603
 0.50859953 0.53390728 0.19796045 0.81875363 0.3490397  0.0416213
 0.61225166 0.91946676]","[4.70847031e-03 3.10075730e-01 2.57475452e-01 9.84577388e-01
 1.39231997e-01 4.59637254e-01 9.60076470e-01 4.13232440e-01
 1.84885683e-01 1.20088801e-01 1.60771824e-01 7.18514257e-01
 3.29168072e-01 5.59675216e-01 6.12251659e-01 3.29168072e-01
 5.87165796e-02 9.54673207e-02 5.08599525e-01 5.08599525e-01
 9.54673207e-02 5.85821277e-01 6.38860419e-01 7.70029237e-01
 6.12251659e-01 9.60076470e-01 2.91764847e-01 1.64147482e-02
 6.92127962e-01 4.95346404e-02 9.19466758e-01 1.45688880e-04
 1.49691056e-01 3.18171260e-02 8.82599083e-02 6.65529322e-01
 6.93218252e-02 5.59675216e-01 4.36093382e-01 2.57475452e-01
 5.85821277e-01 7.70029237e-01 6.12251659e-01 9.48372085e-01
 7.44535382e-01 4.54286666e-02 1.29372179e-01 9.19466758e-01
 2.90339156e-02 7.52091658e-02]","[6.00592593e-02 3.22347627e-01 3.58079746e-01 2.43789701e-01
 2.25089700e-04 3.60573202e-01 9.21582348e-01 2.16334178e-01
 2.03439783e-01 9.68981801e-01 6.01033708e-01 6.09236154e-01
 5.81063329e-01 9.00659538e-01 5.07808083e-01 9.28275675e-01
 5.17819967e-01 2.27977079e-01 4.50147002e-01 1.07048620e-02
 4.87330061e-01 5.04630676e-01 9.45165433e-01 2.25914167e-01
 7.09381613e-01 4.12673585e-01 5.57405612e-02 5.76456967e-01
 7.48339162e-01 6.65765191e-01 7.02066908e-01 8.98619739e-01
 6.00588648e-01 3.75452126e-01 5.39071261e-01 3.10241354e-01
 2.93992889e-01 4.07871930e-01 9.71485650e-01 3.36260721e-01
 3.54829031e-02 8.10816689e-01 4.95617006e-01 4.88759681e-01
 1.63742563e-01 8.67885232e-01 4.77469219e-01 6.90316634e-02
 5.90473353e-01 9.70824828e-01]","[0.00360804 0.40482796 0.23668394 0.97281416 0.09608219 0.35902837
 0.93254842 0.237695   0.20354708 0.08121783 0.10310548 0.6438052
 0.26409589 0.83288141 0.23290691 0.20059731 0.02469768 0.02797879
 0.36166176 0.45492573 0.06239893 0.48296888 0.61841566 0.76475039
 0.41992471 0.95848942 0.28600893 0.00748184 0.67497636 0.1264765
 0.90999088 0.00574897 0.04693298 0.01986511 0.16124123 0.50813296
 0.096635   0.89266705 0.24623662 0.08478392 0.7411809  0.60656354
 0.52150438 0.89828586 0.89597341 0.03853857 0.04862844 0.90727705
 0.04505607 0.13019872]","[5.30400187e-04 2.50000000e-03 2.50000000e-03 2.50000000e-03
 1.00000000e-05 2.50000000e-03 2.50000000e-03 2.22848567e-03
 2.50000000e-03 2.50000000e-03 2.50000000e-03 2.50000000e-03
 2.50000000e-03 2.50000000e-03 2.50000000e-03 2.50000000e-03
 2.50000000e-03 2.50000000e-03 2.50000000e-03 5.78242904e-05
 2.50000000e-03 2.50000000e-03 2.50000000e-03 2.50000000e-03
 2.50000000e-03 2.50000000e-03 4.39175555e-04 2.50000000e-03
 2.50000000e-03 2.50000000e-03 2.50000000e-03 2.50000000e-03
 2.50000000e-03 2.50000000e-03 2.50000000e-03 2.50000000e-03
 2.50000000e-03 2.50000000e-03 2.50000000e-03 2.50000000e-03
 4.20656712e-04 2.50000000e-03 2.50000000e-03 2.50000000e-03
 1.82814527e-03 2.50000000e-03 2.50000000e-03 8.85286962e-04
 2.50000000e-03 2.50000000e-03]","[5.10961584e-05 2.50000000e-03 2.50000000e-03 2.50000000e-03
 7.07696009e-04 2.50000000e-03 2.50000000e-03 2.09445971e-03
 2.23439187e-03 9.02061168e-04 1.34617324e-03 2.50000000e-03
 2.50000000e-03 2.50000000e-03 2.50000000e-03 2.07309966e-03
 2.04780785e-04 3.15567573e-04 2.50000000e-03 2.50000000e-03
 4.06432851e-04 2.50000000e-03 2.50000000e-03 2.50000000e-03
 2.50000000e-03 2.50000000e-03 2.50000000e-03 6.85890793e-05
 2.50000000e-03 1.01856434e-03 2.50000000e-03 1.11024191e-04
 3.64186951e-04 2.11988750e-04 1.34331869e-03 2.50000000e-03
 1.09915936e-03 2.50000000e-03 1.94100778e-03 8.22640351e-04
 2.50000000e-03 2.50000000e-03 2.50000000e-03 2.50000000e-03
 2.50000000e-03 4.80860564e-04 4.96955017e-04 2.50000000e-03
 7.65740505e-04 1.02072042e-03]","[0.052412   0.02783162 0.0330169  0.04349166 0.04132542 0.04001074
 0.03206636 0.04137436 0.02066708 0.02448798 0.02434269 0.01863324
 0.0396414  0.03445157 0.02702593 0.02534417 0.0250267  0.0320902
 0.03215431 0.02589539 0.03644499 0.02358033 0.02295568 0.03037429
 0.03388258 0.04351733 0.04919263 0.0273128  0.0298862  0.01912528
 0.03727676 0.01905878 0.01981886 0.02646196 0.04307399 0.03968952
 0.03203307 0.02309077 0.02099739 0.02793327 0.0564193  0.02282745
 0.02150847 0.0361064  0.03372562 0.03516365 0.02730923 0.04550122
 0.02991767 0.02192129]","[0.03340224 0.01943948 0.02127752 0.02667093 0.03582672 0.03827447
 0.02753451 0.02966587 0.03630173 0.04299393 0.03519364 0.02204626
 0.03254429 0.03351664 0.02391671 0.03163368 0.02566961 0.04210277
 0.03321774 0.02591146 0.03672324 0.02572593 0.02793177 0.03111168
 0.03528583 0.03082738 0.02330007 0.0342669  0.0236233  0.02630564
 0.01494873 0.0306348  0.02827622 0.03808906 0.01849298 0.0421132
 0.04749395 0.02043475 0.02662629 0.02436338 0.03236879 0.02562616
 0.02692092 0.02376407 0.02154177 0.03895575 0.04139417 0.03156426
 0.04440324 0.03644866]","[3.24637155e-05 8.85593795e-02 2.49743058e-02 1.00345955e-03
 2.09665652e-03 3.21945529e-03 3.20093194e-02 2.06289617e-03
 3.55288324e-01 1.78602922e-01 1.83751198e-01 4.85272661e-01
 3.62263705e-03 1.69379879e-02 1.05739749e-01 1.50533944e-01
 1.60498682e-01 3.18135105e-02 3.12921516e-02 1.34417059e-01
 9.60871445e-03 2.12686990e-01 2.38894175e-01 4.89058749e-02
 1.97969851e-02 9.94510593e-04 1.20547798e-04 9.93301064e-02
 5.50312718e-02 4.51734804e-01 7.51359021e-03 4.56195684e-01
 4.06640745e-01 1.19340379e-01 1.16004516e-03 3.56760182e-03
 3.22844524e-02 2.33030588e-01 3.36477405e-01 8.65680870e-02
 5.64547360e-06 2.44561749e-01 3.08710253e-01 1.06036935e-02
 2.06578693e-02 1.38836776e-02 9.94078985e-02 4.89786595e-04
 5.46172964e-02 2.87472889e-01]","[2.25374415e-02 4.30976439e-01 3.21055602e-01 1.14142371e-01
 1.14948673e-02 5.55322822e-03 9.46008955e-02 5.80058283e-02
 1.00188943e-02 1.19255068e-03 1.37666661e-02 2.81253759e-01
 2.82797868e-02 2.18558366e-02 1.99515085e-01 3.57516990e-02
 1.40840725e-01 1.61646071e-03 2.36765688e-02 1.33968931e-01
 8.85523782e-03 1.39215471e-01 8.65971397e-02 4.07720866e-02
 1.34125016e-02 4.37567388e-02 2.24160764e-01 1.78225337e-02
 2.10968028e-01 1.23354792e-01 7.56858503e-01 4.58847066e-02
 8.01254090e-02 5.87769967e-03 4.95047456e-01 1.61077939e-03
 2.32932614e-04 3.68922294e-01 1.15236869e-01 1.83010876e-01
 2.96022221e-02 1.42104974e-01 1.08170199e-01 2.05412016e-01
 3.06957631e-01 4.49670052e-03 2.04937381e-03 3.63865698e-02
 7.27683510e-04 9.59838742e-03]","[ 9.65595245e-04  5.71131706e-04  6.39915466e-04  2.12669373e-04
  5.60641289e-04  4.29391861e-04  3.58343124e-04 -3.03983688e-05
  1.50322914e-04  7.40289688e-05  4.22716141e-04  2.75611877e-04
  2.91824341e-04  6.74128532e-04  1.58190727e-04 -4.31537628e-05
  7.35521317e-05  1.39951706e-04 -1.53779984e-05  3.18408012e-04
  2.78949738e-04  4.41074371e-05  1.50918961e-04  3.42130661e-04
  1.14417076e-03  5.54084778e-04  4.93407249e-04  3.01599503e-04
  2.25424767e-04  8.32080841e-05  5.48243523e-04  2.36034393e-05
 -1.84655190e-04  1.21593475e-04  1.94549561e-04  4.08768654e-04
  5.92112541e-04  4.19259071e-04  4.96506691e-04  1.08718872e-04
  3.39388847e-04 -3.76701355e-05  1.39117241e-04  6.54101372e-04
  1.07884407e-04  8.01086426e-05  5.44786453e-05  3.64184380e-04
  8.58306885e-05  4.88758087e-05]","[ 1.04546547e-04  2.00271606e-04  6.43014908e-04  1.49011612e-04
 -1.87158585e-05  7.66396523e-04  4.08887863e-04  2.41875648e-04
  4.73022461e-04  4.54068184e-04 -2.09808350e-05  3.61204147e-04
  3.13878059e-04  6.86645508e-05  5.89609146e-04  4.69923019e-04
 -1.19328499e-04  7.52687454e-04  8.50439072e-04  2.36034393e-05
  6.41703606e-04 -1.47819519e-05  1.42812729e-04  4.06742096e-04
 -5.98430634e-05 -3.92198563e-05 -6.25848770e-05  4.17828560e-04
 -1.46508217e-04  1.36971474e-04 -1.87516212e-04 -6.09159470e-05
  3.53097916e-04  2.38418579e-04 -9.32216644e-05  6.04629517e-04
  4.89354134e-04  9.50098038e-05 -4.50611115e-05 -2.12192535e-05
  6.13451004e-04  4.85897064e-04 -1.58786774e-04 -9.67979431e-05
 -4.49419022e-05  5.15460968e-04  1.53779984e-04  5.53011894e-04
  4.90665436e-04  1.94430351e-04]","[0.02091747 0.01932218 0.02079463 0.01537179 0.01728955 0.01887859
 0.0168587  0.00952706 0.01312511 0.01155681 0.01626268 0.01630042
 0.01480614 0.02145473 0.0140483  0.01005077 0.01215284 0.01353416
 0.01088133 0.01538076 0.01689086 0.01167648 0.01311617 0.01639191
 0.02540176 0.02069807 0.0164025  0.01657425 0.014945   0.0116295
 0.01832043 0.01245498 0.00459152 0.01222606 0.01243069 0.01678657
 0.02055371 0.01899892 0.01877624 0.01400351 0.01592587 0.01074933
 0.01259632 0.02034359 0.012653   0.01153505 0.01205305 0.01581748
 0.01178312 0.01126524]","[0.01398515 0.01658094 0.02053375 0.01214664 0.0099383  0.02601624
 0.02068285 0.01574575 0.02068096 0.01817901 0.00932069 0.01616098
 0.01855969 0.01397799 0.02274274 0.01950039 0.00851903 0.02183678
 0.02372901 0.01198234 0.02481186 0.00904293 0.0147196  0.02007311
 0.00860416 0.00885944 0.0107099  0.02013885 0.00643488 0.01586363
 0.00420425 0.00921883 0.02024948 0.01663776 0.00924005 0.02321933
 0.01979158 0.0113365  0.01024458 0.0110657  0.02070105 0.01794214
 0.00785526 0.00817638 0.00983906 0.01787124 0.01421986 0.02188968
 0.01793142 0.01699025]",0.49964036627978714,0.4092853275048111,0.2984089664994893,0.3114835643225497,0.49454579820638966,0.37764084940626735,0.28252137879442163,0.3242498429695281,0.0022279994930170764,0.0017516103001786144,0.0006935056557812677,0.0009300701644656573,0.03154792980074883,0.0305340616607666,0.009099655379492902,0.0073356291857359975,0.0002882099151611328,0.0002442789077758789,0.00026300836837376944,0.0002843832489446307,0.015122104103403264,0.015374039649683846,0.0038468139774533693,0.005484299395783693
df2,0.1,0.1,0.0,"[0.07520917 0.96996014 0.03483221 0.01809676 0.04542867 0.31007573
 0.41323244 0.43609338 0.03483221 0.17249627 0.69212796 0.17249627
 0.79482654 0.01993114 0.8633028  0.32916807 0.139232   0.01809676
 0.36968362 0.77002924 0.29176485 0.41323244 0.55967522 0.11135888
 0.84163603 0.11135888 0.53390728 0.12937218 0.24148215 0.06932183
 0.50859953 0.1200888  0.139232   0.48382277 0.24148215 0.02646763
 0.58582128 0.94837208 0.79482654 0.16077182 0.25747545 0.53390728
 0.36968362 0.94837208 0.12937218 0.53390728 0.11135888 0.69212796
 0.27423335 0.69212796]","[7.44535382e-01 8.82599083e-02 2.19534247e-04 8.95145539e-03
 2.19294824e-02 6.26876255e-04 6.92127962e-01 6.52148041e-03
 6.38860419e-01 1.03159376e-01 8.95145539e-03 9.60076470e-01
 1.39231997e-01 1.64147482e-02 4.36093382e-01 6.93218252e-02
 6.65529322e-01 4.13232440e-01 4.36093382e-01 4.16212987e-02
 8.15145929e-02 1.67865304e-03 4.59637254e-01 1.03159376e-01
 1.84885683e-01 7.52091658e-02 9.92823487e-03 8.06268875e-03
 1.29372179e-01 8.83591758e-01 6.52148041e-03 5.39576008e-02
 4.59637254e-01 6.93218252e-02 6.38860419e-01 2.90339156e-02
 1.21765095e-02 1.97960446e-01 5.39576008e-02 5.51757155e-04
 7.25488863e-03 1.80967606e-02 6.65529322e-01 2.41482152e-01
 1.72496272e-01 9.02355278e-01 1.67194217e-04 5.39576008e-02
 1.21765095e-02 6.38860419e-01]","[0.07520917 0.96996014 0.03483221 0.01809676 0.04542867 0.31007573
 0.41323244 0.43609338 0.03483221 0.17249627 0.69212796 0.17249627
 0.79482654 0.01993114 0.8633028  0.32916807 0.139232   0.01809676
 0.36968362 0.77002924 0.29176485 0.41323244 0.55967522 0.11135888
 0.84163603 0.11135888 0.53390728 0.12937218 0.24148215 0.06932183
 0.50859953 0.1200888  0.139232   0.48382277 0.24148215 0.02646763
 0.58582128 0.94837208 0.79482654 0.16077182 0.25747545 0.53390728
 0.36968362 0.94837208 0.12937218 0.53390728 0.11135888 0.69212796
 0.27423335 0.69212796]","[7.44535382e-01 8.82599083e-02 2.19534247e-04 8.95145539e-03
 2.19294824e-02 6.26876255e-04 6.92127962e-01 6.52148041e-03
 6.38860419e-01 1.03159376e-01 8.95145539e-03 9.60076470e-01
 1.39231997e-01 1.64147482e-02 4.36093382e-01 6.93218252e-02
 6.65529322e-01 4.13232440e-01 4.36093382e-01 4.16212987e-02
 8.15145929e-02 1.67865304e-03 4.59637254e-01 1.03159376e-01
 1.84885683e-01 7.52091658e-02 9.92823487e-03 8.06268875e-03
 1.29372179e-01 8.83591758e-01 6.52148041e-03 5.39576008e-02
 4.59637254e-01 6.93218252e-02 6.38860419e-01 2.90339156e-02
 1.21765095e-02 1.97960446e-01 5.39576008e-02 5.51757155e-04
 7.25488863e-03 1.80967606e-02 6.65529322e-01 2.41482152e-01
 1.72496272e-01 9.02355278e-01 1.67194217e-04 5.39576008e-02
 1.21765095e-02 6.38860419e-01]","[0.1285705  0.99663332 0.03209227 0.02628816 0.01727921 0.23449855
 0.45635788 0.3015374  0.01969991 0.16511157 0.50537647 0.14018715
 0.52021852 0.02893601 0.88065208 0.21781707 0.09199628 0.02618092
 0.58608563 0.58969921 0.31081603 0.24882471 0.64307479 0.22777645
 0.78496712 0.08598706 0.30969062 0.07610143 0.10403773 0.09714184
 0.47055259 0.08133688 0.18049551 0.4190443  0.13189179 0.00815083
 0.59922946 0.97397589 0.82542942 0.08898162 0.1620947  0.59883327
 0.429464   0.95696321 0.15102549 0.31929851 0.17324342 0.77296549
 0.25736637 0.78512284]","[6.90605102e-01 3.20577755e-02 1.08087581e-04 4.50943926e-03
 7.86353384e-03 1.21837811e-04 6.12812466e-01 4.37821385e-03
 3.61823012e-01 1.85869427e-01 2.13794314e-02 8.67985357e-01
 2.19116434e-02 7.44570446e-03 3.78541614e-01 1.64231916e-02
 5.43322665e-01 3.00452008e-01 5.13329045e-01 1.58907991e-02
 1.29292895e-02 1.34976750e-03 3.82137709e-01 5.34412269e-02
 2.06616173e-01 1.16952792e-01 5.56587716e-03 5.39967868e-03
 8.03351965e-02 7.77843792e-01 3.85909023e-03 3.92287103e-02
 1.86661936e-01 2.32890921e-02 4.24965345e-01 1.14172765e-02
 2.94947973e-03 1.09241819e-01 3.81364353e-02 7.89124454e-05
 5.96765497e-03 9.06737449e-03 4.12337071e-01 1.53751107e-01
 1.30353087e-01 7.99000984e-01 1.20988482e-04 3.41226417e-02
 2.32384072e-02 6.64729078e-01]","[8.45232701e-04 2.50000000e-03 1.53840866e-04 1.21359020e-04
 2.15955696e-04 2.50000000e-03 2.50000000e-03 1.77202870e-03
 8.24555292e-05 1.63171061e-03 2.50000000e-03 1.56443753e-03
 2.50000000e-03 1.68460189e-04 2.50000000e-03 1.41208676e-03
 3.61601092e-04 1.94116125e-04 2.50000000e-03 2.50000000e-03
 1.61762429e-03 2.32284110e-03 2.50000000e-03 8.58103612e-04
 2.50000000e-03 8.49503286e-04 2.50000000e-03 3.73488287e-04
 1.24536260e-03 6.14508920e-04 2.50000000e-03 3.71426719e-04
 1.40744547e-03 2.50000000e-03 8.83931162e-04 7.65237600e-05
 2.50000000e-03 2.50000000e-03 2.50000000e-03 5.48289787e-04
 1.09119321e-03 2.50000000e-03 2.50000000e-03 2.50000000e-03
 1.69735653e-03 2.50000000e-03 1.19506363e-03 2.50000000e-03
 2.24966206e-03 2.50000000e-03]","[2.50000000e-03 2.65900878e-04 1.00000000e-05 5.81537053e-05
 3.19543658e-05 1.00000000e-05 2.50000000e-03 3.08418990e-05
 2.50000000e-03 1.88003827e-03 2.00763835e-04 2.50000000e-03
 1.25382613e-04 8.19331567e-05 2.50000000e-03 1.49046453e-04
 2.50000000e-03 2.02439145e-03 2.50000000e-03 1.28952909e-04
 1.18300406e-04 1.58374000e-05 2.50000000e-03 5.97768687e-04
 2.02456927e-03 1.68838302e-03 8.66817565e-05 3.92285757e-05
 4.61598122e-04 2.50000000e-03 5.41623635e-05 3.81465925e-04
 1.97506524e-03 2.40007345e-04 2.50000000e-03 9.80801008e-05
 1.00000000e-05 1.21912569e-03 5.28956851e-04 1.00000000e-05
 7.55713765e-05 8.40081866e-05 2.50000000e-03 1.79917569e-03
 1.63745370e-03 2.50000000e-03 1.00000000e-05 2.90887181e-04
 3.25579455e-04 2.50000000e-03]","[0.05232846 0.01877645 0.04455217 0.04274895 0.03434179 0.02767702
 0.02669505 0.03738561 0.04904104 0.03986632 0.03377154 0.03816665
 0.04181468 0.05877788 0.02727015 0.03629644 0.05090803 0.0412588
 0.0346814  0.02934237 0.04029779 0.04324509 0.02822548 0.05036636
 0.0390098  0.03454241 0.0356706  0.04557925 0.02660848 0.04476925
 0.03805571 0.03451743 0.03373168 0.03264139 0.03860802 0.04737769
 0.02970929 0.02801527 0.02328214 0.03971893 0.04180967 0.02756876
 0.03035495 0.03279881 0.03310284 0.0254818  0.04560999 0.02595133
 0.03245531 0.0397777 ]","[0.02931479 0.04582254 0.05124487 0.04589869 0.04478122 0.04233832
 0.02783691 0.03751283 0.02631883 0.03750457 0.05213805 0.02713967
 0.05183265 0.04515633 0.03485893 0.03126127 0.02070431 0.04316991
 0.0225545  0.04331304 0.03666212 0.05524075 0.02502225 0.05270132
 0.02967805 0.0418699  0.04420529 0.04308855 0.0336382  0.02520644
 0.04990608 0.04611778 0.03787615 0.04885877 0.03860177 0.02839645
 0.04415945 0.03135973 0.03451799 0.03846936 0.06138308 0.0433576
 0.03315133 0.04435703 0.03535319 0.03716389 0.04643202 0.03941628
 0.04770283 0.03530506]","[3.36231482e-05 4.75387696e-01 6.90028518e-04 1.29736795e-03
 1.74589662e-02 9.16613232e-02 1.13554524e-01 7.27262643e-03
 1.27966293e-04 3.37190894e-03 2.04026462e-02 5.73986403e-03
 1.78104606e-03 1.89834518e-06 1.00262115e-01 1.00343272e-02
 6.05432178e-05 2.14343464e-03 1.58921160e-02 6.26228456e-02
 2.93513523e-03 1.09332747e-03 8.10523524e-02 7.54429563e-05
 4.42133841e-03 1.65174782e-02 1.20212183e-02 4.76021580e-04
 1.15675853e-01 6.38402053e-04 5.93787271e-03 1.66321718e-02
 2.06240577e-02 2.75707401e-02 5.01043970e-03 2.43468164e-04
 5.74090170e-02 8.49892961e-02 2.24910505e-01 3.53433305e-03
 1.78404162e-03 9.38873593e-02 4.91368107e-02 2.64545549e-02
 2.44114984e-02 1.46371195e-01 4.70700999e-04 1.32862680e-01
 2.89436341e-02 3.46872187e-03]","[6.30306817e-02 4.35407088e-04 5.27387859e-05 4.23379185e-04
 6.35663159e-04 1.49252408e-03 8.84548080e-02 6.99991309e-03
 1.23011724e-01 7.01733108e-03 3.64156411e-05 1.03158553e-01
 4.13615616e-05 5.55220784e-04 1.51242839e-02 3.92740871e-02
 3.53134527e-01 1.12218901e-03 2.56956662e-01 1.06783829e-03
 9.01598483e-03 9.57065865e-06 1.60642295e-01 2.87358645e-05
 5.78378166e-02 1.74833963e-03 7.80716778e-04 1.15422534e-03
 2.11517179e-02 1.54794402e-01 9.07838995e-05 3.90495598e-04
 6.27163765e-03 1.37460307e-04 5.02013988e-03 7.79647365e-02
 7.93504064e-04 3.83145294e-02 1.66295914e-02 5.22988751e-03
 5.40745861e-07 1.05142507e-03 2.40988805e-02 7.39753509e-04
 1.31589066e-02 7.77113739e-03 3.47504197e-04 3.89068836e-03
 2.15077374e-04 1.33396556e-02]","[ 4.25457954e-04 -9.11951065e-05  8.80837440e-04  8.22901726e-04
  8.48054886e-04 -5.14984131e-05 -4.89950180e-05  4.90069389e-04
  4.91976738e-04  2.45213509e-04  8.92400742e-04  4.01735306e-05
  5.63859940e-05  1.29330158e-03  1.14440918e-04  2.11238861e-04
  8.05258751e-04  4.03761864e-04  3.62634659e-04 -4.68492508e-05
 -1.22785568e-05  7.72833824e-04  2.26497650e-05  5.84006310e-04
  5.17368317e-05  6.96420670e-04  1.98245049e-04  7.18832016e-04
  3.08036804e-04  3.54647636e-04  1.11889839e-03  2.66313553e-04
  2.03967094e-04 -3.45706940e-05  8.16345215e-04  6.77824020e-04
  2.52723694e-04  1.50322914e-04  3.57627869e-06  8.33034515e-04
  3.57866287e-04  5.96046448e-07  3.28421593e-04 -5.78165054e-05
  6.09397888e-04 -8.39233398e-05  5.36322594e-04  1.80363655e-04
  3.46899033e-05  2.31504440e-04]","[ 6.08682632e-04  1.05071068e-03  8.74280930e-04  4.60743904e-04
  1.28579140e-03  1.33609772e-03  4.80890274e-04  4.82201576e-04
  7.03334808e-06  3.26871872e-04  1.48963928e-03  5.86509705e-05
  1.83236599e-03  5.25355339e-04  6.12616539e-04  3.42249870e-04
 -1.57952309e-04  1.01757050e-03 -4.79221344e-05  8.57472420e-04
  5.59091568e-04  8.01563263e-04 -8.82148743e-05  1.24645233e-03
  1.16097927e-03  3.88622284e-05  8.18610191e-04  9.23633575e-04
  3.70860100e-04  2.69412994e-05  1.30939484e-03  7.10010529e-04
  2.84910202e-04  1.55365467e-03  1.89542770e-04 -1.60455704e-04
  9.31620598e-04  1.63197517e-04 -8.34465027e-07  5.01751900e-04
  1.63745880e-03  6.21438026e-04 -1.31964684e-04  8.38756561e-04
  5.03778458e-04  3.03983688e-05  5.68032265e-04  1.20925903e-03
  1.18637085e-03  1.15513802e-04]","[0.01608232 0.01015015 0.02011541 0.0208185  0.02202889 0.0105846
 0.01076623 0.01762472 0.01969085 0.01421578 0.02192748 0.01116277
 0.01208634 0.02324777 0.01270576 0.01330422 0.01971162 0.01634933
 0.01676244 0.01042615 0.01312313 0.02231547 0.01165626 0.01778031
 0.01271764 0.02041498 0.01415533 0.01953758 0.01504883 0.01941686
 0.02566443 0.01690764 0.0150117  0.01101732 0.02052146 0.01943046
 0.01490462 0.01426694 0.00926292 0.02125966 0.01603271 0.00978737
 0.01602266 0.01204192 0.01842622 0.00956368 0.01870705 0.01497615
 0.01077998 0.01507111]","[0.02223343 0.02922426 0.0259928  0.01827594 0.02884445 0.02871661
 0.02096625 0.02127004 0.01126683 0.01911341 0.03277669 0.01150312
 0.03436697 0.02109409 0.02004965 0.01876108 0.00534476 0.02807064
 0.01108357 0.02130065 0.02184349 0.02485067 0.00718186 0.02897263
 0.03020931 0.0129295  0.02411397 0.02870672 0.02084781 0.01121837
 0.02878873 0.02419674 0.01573969 0.03110145 0.01575026 0.00659427
 0.02819625 0.0164915  0.01096227 0.02199483 0.03359139 0.02164654
 0.00764681 0.02153439 0.02336968 0.01068601 0.02325726 0.0310037
 0.027738   0.01399303]",0.3706862355618971,0.23326305975016579,0.2898103692941272,0.2889688491493867,0.34478203027129567,0.18603836692230794,0.2918880306481933,0.25205236136072084,0.0016185121848839995,0.0010253853175446934,0.0009281582729399894,0.0010586557696779899,0.036691680655479425,0.03939801898002624,0.008328560256296143,0.009098507982044736,0.0003653311729431152,0.0006272792816162109,0.0003515752638433055,0.0005221220056873221,0.015911673483696223,0.021108247104272743,0.004178694461226498,0.007708298904677902
df2,0.15000000000000002,0.15000000000000002,0.0,"[0.08825991 0.08825991 0.63886042 0.25747545 0.55967522 0.09546732
 0.12937218 0.19796045 0.17249627 0.71851426 0.16077182 0.97808957
 0.01809676 0.94837208 0.48382277 0.61225166 0.14969106 0.41323244
 0.84163603 0.24148215 0.25747545 0.21173982 0.01641475 0.00525377
 0.24148215 0.14969106 0.74453538 0.45963725 0.02646763 0.05871658
 0.19796045 0.01217651 0.139232   0.1200888  0.24148215 0.00421554
 0.02903392 0.14969106 0.45963725 0.07520917 0.14969106 0.22624166
 0.53390728 0.06932183 0.03809482 0.08151459 0.45963725 0.77002924
 0.29176485 0.21173982]","[3.18171260e-02 3.73964604e-04 1.91681353e-04 1.32017364e-03
 5.85633896e-03 2.68158880e-03 2.64676308e-02 4.59637254e-01
 6.41076366e-06 3.00718998e-03 1.64147482e-02 1.99311438e-02
 1.49691056e-01 1.89004559e-03 8.82599083e-02 4.16212987e-02
 1.45688880e-04 2.41040115e-02 1.03159376e-01 5.85633896e-03
 7.25488863e-03 1.11358879e-01 1.64147482e-02 4.26159664e-04
 1.48741570e-02 6.93218252e-02 4.85152370e-04 2.11739817e-01
 1.10005675e-02 1.91681353e-04 8.06268875e-03 5.08599525e-01
 2.19294824e-02 8.06268875e-03 1.89004559e-03 1.34646549e-02
 1.89004559e-03 3.00718998e-03 1.48940867e-03 8.18753631e-01
 1.26822204e-04 1.63732496e-05 9.54673207e-02 4.83822766e-01
 7.70029237e-01 6.93218252e-02 3.18171260e-02 7.25488863e-03
 4.95346404e-02 1.16899447e-03]","[0.08825991 0.08825991 0.63886042 0.25747545 0.55967522 0.09546732
 0.12937218 0.19796045 0.17249627 0.71851426 0.16077182 0.97808957
 0.01809676 0.94837208 0.48382277 0.61225166 0.14969106 0.41323244
 0.84163603 0.24148215 0.25747545 0.21173982 0.01641475 0.00525377
 0.24148215 0.14969106 0.74453538 0.45963725 0.02646763 0.05871658
 0.19796045 0.01217651 0.139232   0.1200888  0.24148215 0.00421554
 0.02903392 0.14969106 0.45963725 0.07520917 0.14969106 0.22624166
 0.53390728 0.06932183 0.03809482 0.08151459 0.45963725 0.77002924
 0.29176485 0.21173982]","[3.18171260e-02 3.73964604e-04 1.91681353e-04 1.32017364e-03
 5.85633896e-03 2.68158880e-03 2.64676308e-02 4.59637254e-01
 6.41076366e-06 3.00718998e-03 1.64147482e-02 1.99311438e-02
 1.49691056e-01 1.89004559e-03 8.82599083e-02 4.16212987e-02
 1.45688880e-04 2.41040115e-02 1.03159376e-01 5.85633896e-03
 7.25488863e-03 1.11358879e-01 1.64147482e-02 4.26159664e-04
 1.48741570e-02 6.93218252e-02 4.85152370e-04 2.11739817e-01
 1.10005675e-02 1.91681353e-04 8.06268875e-03 5.08599525e-01
 2.19294824e-02 8.06268875e-03 1.89004559e-03 1.34646549e-02
 1.89004559e-03 3.00718998e-03 1.48940867e-03 8.18753631e-01
 1.26822204e-04 1.63732496e-05 9.54673207e-02 4.83822766e-01
 7.70029237e-01 6.93218252e-02 3.18171260e-02 7.25488863e-03
 4.95346404e-02 1.16899447e-03]","[1.84654727e-01 1.08234208e-01 4.12385212e-01 1.12869204e-01
 4.39029665e-01 1.39176288e-01 3.53173563e-02 2.59967392e-01
 1.62744313e-01 4.87520326e-01 5.91296117e-02 9.71898883e-01
 4.34695230e-03 8.91268214e-01 4.69446646e-01 4.51577375e-01
 9.47158740e-02 2.29717086e-01 8.58774595e-01 1.83741328e-01
 1.42435878e-01 8.40584582e-02 1.15485612e-02 2.86393667e-03
 2.09204340e-01 1.35133119e-01 6.15477245e-01 1.86169885e-01
 1.30601166e-02 5.87717414e-02 1.97601305e-01 6.48858554e-04
 6.69925259e-02 2.12192093e-01 1.39443556e-01 6.55817169e-03
 3.85697721e-02 2.01065099e-01 4.36675138e-01 3.21329387e-02
 1.39718231e-01 2.42592150e-01 5.71008892e-01 4.85555211e-02
 8.65503529e-03 7.48748449e-02 5.89655616e-01 6.92516548e-01
 3.44182172e-01 2.83087796e-01]","[5.93921650e-02 9.96349557e-05 4.14869734e-05 3.67312407e-04
 8.03336984e-03 2.62915506e-04 4.71801373e-03 3.34414328e-01
 1.28190978e-06 3.95584158e-04 9.90461914e-03 5.10713566e-03
 7.31523612e-02 2.52022185e-03 3.31471891e-02 7.07679852e-02
 1.12860245e-04 2.00941980e-02 9.05007161e-03 9.40788316e-04
 9.63399037e-04 4.34790534e-02 2.61812732e-03 3.59633862e-03
 2.47348537e-03 3.85884032e-02 4.98006044e-05 6.37675102e-02
 9.37123252e-03 5.62316827e-06 1.40122428e-03 3.93916410e-01
 7.04535984e-03 3.17100986e-03 3.46812892e-04 2.93199893e-02
 4.24440583e-04 8.95631718e-04 2.08160121e-04 6.66326297e-01
 5.96907793e-05 5.58965136e-05 1.34011065e-01 1.99500746e-01
 6.54141956e-01 3.57784936e-02 8.42730074e-03 2.13950848e-03
 4.51426288e-02 2.46546445e-03]","[5.24668237e-04 4.30081610e-04 2.16652744e-03 6.07663234e-04
 2.50000000e-03 5.55476840e-04 1.71899702e-04 2.03657452e-03
 8.39012876e-04 2.50000000e-03 4.83172267e-04 2.50000000e-03
 1.80682913e-05 2.50000000e-03 2.50000000e-03 2.50000000e-03
 6.10055982e-04 1.35463342e-03 2.50000000e-03 6.81290150e-04
 1.00706496e-03 5.80148841e-04 1.17319391e-04 1.44591106e-05
 1.61679608e-03 1.44256767e-03 2.50000000e-03 1.27210752e-03
 7.95009433e-05 1.77811838e-04 1.03642385e-03 1.00000000e-05
 5.68999256e-04 1.55305044e-03 7.61455630e-04 6.00267731e-05
 2.90607371e-04 1.43664689e-03 2.50000000e-03 3.80818369e-04
 1.05525810e-03 9.87241703e-04 2.50000000e-03 3.34907329e-04
 4.85213359e-05 4.77278969e-04 2.50000000e-03 2.50000000e-03
 2.50000000e-03 2.50000000e-03]","[5.99566714e-04 1.00000000e-05 1.00000000e-05 1.00000000e-05
 1.08825240e-04 1.00000000e-05 2.62478002e-05 2.50000000e-03
 1.00000000e-05 1.00000000e-05 6.70715840e-05 5.41630174e-05
 7.61522523e-04 4.09949078e-05 2.42349471e-04 1.04833252e-03
 1.00000000e-05 1.48097038e-04 6.85154620e-05 1.00000000e-05
 1.00000000e-05 5.05637427e-04 1.58850011e-05 6.60199576e-05
 1.22828740e-05 3.16527722e-04 1.00000000e-05 4.85771846e-04
 1.26013301e-04 1.00000000e-05 1.04194733e-05 2.50000000e-03
 7.58379274e-05 2.95206554e-05 1.00000000e-05 2.84257493e-04
 1.00000000e-05 1.00000000e-05 1.00000000e-05 2.50000000e-03
 1.00000000e-05 1.00000000e-05 1.59986056e-03 1.34652762e-03
 2.50000000e-03 5.03834635e-04 8.67263436e-05 1.53945863e-05
 7.06976845e-04 2.60911210e-05]","[0.05433749 0.03548531 0.04465938 0.04450421 0.04728578 0.05290391
 0.03553832 0.04843278 0.04294537 0.03478385 0.03653292 0.02447126
 0.06006532 0.03837509 0.02999324 0.03854323 0.03920751 0.0479143
 0.03742915 0.05065318 0.03229407 0.04186875 0.05626365 0.04868571
 0.05019747 0.03358287 0.03491426 0.04532949 0.05198678 0.04489631
 0.04610015 0.04462296 0.0401377  0.04908028 0.04283855 0.0452082
 0.04306468 0.04304655 0.03489353 0.05231357 0.04474147 0.04119027
 0.03085321 0.0461514  0.04640038 0.04703846 0.04377365 0.04303506
 0.05016408 0.03739048]","[0.05220446 0.05011874 0.05668336 0.04491063 0.05391505 0.05265665
 0.05198501 0.03627058 0.06729398 0.05501512 0.04736104 0.04503997
 0.04426416 0.05881994 0.04400753 0.04218171 0.06024605 0.04903517
 0.05590496 0.05115244 0.06296888 0.05157974 0.057566   0.05042417
 0.04741044 0.05969337 0.06239985 0.05162572 0.05886419 0.05954713
 0.04548641 0.03531758 0.04322561 0.04146575 0.06046218 0.04032704
 0.06416798 0.04956831 0.06290067 0.03257607 0.06673494 0.06724577
 0.03928368 0.03428395 0.03861318 0.04948367 0.05078118 0.04059239
 0.05119037 0.05003608]","[1.42349600e-05 1.26740537e-02 6.64062117e-04 7.01949610e-04
 2.52113681e-04 2.63728524e-05 1.24841136e-02 1.62317908e-04
 1.21268039e-03 1.54448470e-02 9.36452898e-03 1.79189616e-01
 1.02758756e-06 5.38406791e-03 5.36341760e-02 5.11190856e-03
 4.15544742e-03 1.98324105e-04 7.17823142e-03 6.71661045e-05
 3.01816224e-02 1.74901733e-03 6.05695974e-06 1.47089361e-04
 8.07609677e-05 2.14696661e-02 1.48919015e-02 5.21404437e-04
 3.87903208e-05 6.09887731e-04 3.93049779e-04 6.72777614e-04
 3.09070229e-03 1.26005405e-04 1.25807489e-03 5.44880503e-04
 1.16378214e-03 1.17109236e-03 1.49785813e-02 3.38339922e-05
 6.44800099e-04 2.19255944e-03 4.34779510e-02 3.85666936e-04
 3.51622246e-04 2.76840360e-04 9.09154259e-04 1.17574819e-03
 8.18538134e-05 7.26201479e-03]","[3.54174952e-05 8.33601249e-05 5.00810872e-06 6.06750516e-04
 1.71008061e-05 2.92835239e-05 3.88190403e-05 1.01101487e-02
 2.55672462e-08 1.05749404e-05 2.45012746e-04 5.79090864e-04
 7.64578531e-04 1.86105043e-06 8.37293621e-04 1.57389706e-03
 9.41753559e-07 1.28262313e-04 7.11771782e-06 5.47791544e-05
 2.45138642e-07 4.59360175e-05 3.34196976e-06 7.37001691e-05
 2.40455072e-04 1.22863853e-06 3.26368137e-07 4.50699645e-05
 1.82257929e-06 1.31765956e-06 4.92440162e-04 1.32924210e-02
 1.10073835e-03 2.00120075e-03 8.48173764e-07 2.90750068e-03
 1.32979455e-07 1.03880387e-04 2.53729980e-07 2.80459632e-02
 3.45346503e-08 2.62415279e-08 4.05698074e-03 1.77391815e-02
 5.00243730e-03 1.07432477e-04 6.37578344e-05 2.66759658e-03
 5.39329242e-05 8.61744130e-05]","[1.08230114e-03 3.55243683e-04 7.17401505e-04 9.56416130e-04
 6.83069229e-04 8.22544098e-04 1.77621841e-04 7.34448433e-04
 3.96370888e-04 1.68800354e-04 1.09553337e-04 2.01582909e-04
 4.83632088e-04 1.07884407e-04 1.08718872e-04 8.74996185e-05
 1.04141235e-03 1.45149231e-03 3.86238098e-05 1.12807751e-03
 1.99198723e-04 1.45077705e-04 1.06716156e-03 9.91940498e-04
 4.08291817e-04 1.07872486e-03 1.47819519e-04 4.91976738e-04
 5.84959984e-04 1.08349323e-03 7.46250153e-04 3.98039818e-04
 2.93016434e-04 7.46726990e-04 5.79237938e-04 2.04563141e-04
 7.85470009e-04 4.65035439e-04 1.17182732e-04 7.95006752e-04
 8.69750977e-04 8.46505165e-04 3.32593918e-05 5.33938408e-04
 3.42488289e-04 9.38892365e-04 9.07659531e-04 8.84652138e-04
 5.22017479e-04 1.80959702e-04]","[0.00080991 0.002231   0.00283158 0.00076234 0.00151694 0.00107634
 0.00130606 0.00045586 0.00262415 0.00255883 0.00215328 0.001212
 0.00283098 0.00128222 0.00119555 0.00213981 0.00078177 0.00099564
 0.0017755  0.0024991  0.00207353 0.00202537 0.0016315  0.00039792
 0.00258827 0.00094736 0.0020746  0.00129509 0.00264108 0.00161314
 0.00103903 0.00042462 0.00144076 0.00028682 0.00157237 0.00090146
 0.00264406 0.00108576 0.00327075 0.00036907 0.00328112 0.0035454
 0.0002346  0.00030482 0.00040209 0.00048566 0.00102007 0.00045824
 0.00101113 0.00130725]","[0.02497307 0.01778819 0.02134577 0.02165484 0.01878281 0.02074904
 0.01518035 0.0197505  0.01555976 0.01431275 0.0120697  0.01529518
 0.01880764 0.01264481 0.01411856 0.01294645 0.02321546 0.02503719
 0.01092227 0.02624752 0.01453195 0.01196247 0.02432089 0.02565911
 0.01630863 0.02359536 0.0129818  0.01888406 0.01949157 0.02521943
 0.01970993 0.01612864 0.01665574 0.0227414  0.01958856 0.01471958
 0.02186214 0.01634505 0.01423976 0.02280502 0.02383872 0.02264616
 0.01139471 0.01744807 0.01596249 0.02395139 0.02141174 0.02120377
 0.01591575 0.01273315]","[0.02604552 0.03891539 0.0414993  0.02325382 0.03296515 0.02776934
 0.02934189 0.0202778  0.04151255 0.04406216 0.03809898 0.0269763
 0.042547   0.02705481 0.03019593 0.03563444 0.02467789 0.02567085
 0.03477638 0.03999388 0.03874347 0.03702465 0.0360531  0.01909062
 0.04243578 0.02916688 0.03667764 0.03001893 0.0413211  0.03411296
 0.02735632 0.02057469 0.03044151 0.01763946 0.0342049  0.02627765
 0.04090329 0.02791962 0.04561687 0.0182193  0.04574012 0.04810281
 0.01408791 0.01931154 0.01899456 0.01955103 0.02881092 0.02268048
 0.02570758 0.03102241]",0.28451741571969497,0.08642420412145185,0.2629478717169711,0.18549647270023617,0.24683929597953547,0.05964429166091821,0.24550495829145047,0.14466204212616826,0.0012157627390833882,0.0003909854334534981,0.0009385897811440468,0.0007118767584475342,0.043122511789798736,0.050897777304649346,0.007187458068499061,0.008943041769097814,0.0005648398399353028,0.0015082359313964844,0.00036431708024574187,0.0008946511783981377,0.018513178496074426,0.03118154913950365,0.004381026363925189,0.008654246789230388
df2,0.2,0.2,0.0,"[3.29168072e-01 2.19294824e-02 3.36894521e-03 2.91764847e-01
 1.11358879e-01 2.87103585e-04 8.15145929e-02 1.20088801e-01
 8.18753631e-01 6.93218252e-02 9.19466758e-01 6.92127962e-01
 1.99311438e-02 6.52148041e-03 4.95346404e-02 1.97960446e-01
 1.03408932e-03 2.41482152e-01 4.16212987e-02 1.48741570e-02
 1.34646549e-02 7.18514257e-01 4.16212987e-02 3.27832948e-04
 5.33907283e-01 1.80967606e-02 6.65529322e-01 1.64147482e-02
 2.41040115e-02 8.31541824e-05 1.49691056e-01 9.92823487e-03
 4.36093382e-01 5.39576008e-02 1.21765095e-02 5.59675216e-01
 8.15145929e-02 1.10005675e-02 3.91087390e-01 4.95346404e-02
 3.48322136e-02 2.11739817e-01 1.89004559e-03 1.20088801e-01
 3.91087390e-01 3.80948244e-02 3.00718998e-03 1.72496272e-01
 5.39576008e-02 1.11358879e-01]","[2.85456402e-06 7.11507895e-04 1.90755446e-05 2.58137431e-05
 3.47919250e-05 4.67045972e-05 8.06755085e-04 2.05084189e-06
 1.03408932e-03 4.03308445e-05 1.34646549e-02 1.10287908e-04
 1.16899447e-03 2.87103585e-04 4.67045972e-05 6.26876255e-04
 8.15145929e-02 2.19294824e-02 1.10287908e-04 8.95145539e-03
 2.12592488e-03 5.25376643e-03 1.90755446e-05 2.42077577e-06
 3.36894521e-03 1.21765095e-02 1.67865304e-03 4.26159664e-04
 4.03308445e-05 1.63732496e-05 3.48322136e-02 4.54286666e-02
 1.02917236e-05 1.21765095e-02 8.95145539e-03 1.34646549e-02
 8.06268875e-03 5.25376643e-03 6.52148041e-03 9.92823487e-03
 4.26159664e-04 3.80948244e-02 2.64676308e-02 2.19294824e-02
 5.39576008e-02 5.39576008e-02 3.95729931e-06 5.40313022e-05
 1.21765095e-02 2.99835482e-05]","[3.29168072e-01 2.19294824e-02 3.36894521e-03 2.91764847e-01
 1.11358879e-01 2.87103585e-04 8.15145929e-02 1.20088801e-01
 8.18753631e-01 6.93218252e-02 9.19466758e-01 6.92127962e-01
 1.99311438e-02 6.52148041e-03 4.95346404e-02 1.97960446e-01
 1.03408932e-03 2.41482152e-01 4.16212987e-02 1.48741570e-02
 1.34646549e-02 7.18514257e-01 4.16212987e-02 3.27832948e-04
 5.33907283e-01 1.80967606e-02 6.65529322e-01 1.64147482e-02
 2.41040115e-02 8.31541824e-05 1.49691056e-01 9.92823487e-03
 4.36093382e-01 5.39576008e-02 1.21765095e-02 5.59675216e-01
 8.15145929e-02 1.10005675e-02 3.91087390e-01 4.95346404e-02
 3.48322136e-02 2.11739817e-01 1.89004559e-03 1.20088801e-01
 3.91087390e-01 3.80948244e-02 3.00718998e-03 1.72496272e-01
 5.39576008e-02 1.11358879e-01]","[2.85456402e-06 7.11507895e-04 1.90755446e-05 2.58137431e-05
 3.47919250e-05 4.67045972e-05 8.06755085e-04 2.05084189e-06
 1.03408932e-03 4.03308445e-05 1.34646549e-02 1.10287908e-04
 1.16899447e-03 2.87103585e-04 4.67045972e-05 6.26876255e-04
 8.15145929e-02 2.19294824e-02 1.10287908e-04 8.95145539e-03
 2.12592488e-03 5.25376643e-03 1.90755446e-05 2.42077577e-06
 3.36894521e-03 1.21765095e-02 1.67865304e-03 4.26159664e-04
 4.03308445e-05 1.63732496e-05 3.48322136e-02 4.54286666e-02
 1.02917236e-05 1.21765095e-02 8.95145539e-03 1.34646549e-02
 8.06268875e-03 5.25376643e-03 6.52148041e-03 9.92823487e-03
 4.26159664e-04 3.80948244e-02 2.64676308e-02 2.19294824e-02
 5.39576008e-02 5.39576008e-02 3.95729931e-06 5.40313022e-05
 1.21765095e-02 2.99835482e-05]","[2.78651933e-01 2.28359023e-02 1.78562683e-03 2.55316067e-01
 3.87024789e-02 7.57518568e-06 1.64799539e-01 1.62188998e-01
 6.61907015e-01 1.06582934e-01 7.37703426e-01 4.76788036e-01
 2.24373939e-02 9.44563451e-03 9.33120280e-02 1.59229975e-01
 4.16897581e-04 1.57034264e-01 1.27050262e-01 6.97782622e-03
 1.80723277e-02 6.30415814e-01 1.89843389e-02 1.56579670e-03
 3.95322778e-01 2.40011372e-03 5.87800371e-01 2.56434751e-02
 2.39508180e-02 3.79079157e-04 8.53485427e-02 2.38918599e-03
 2.77900226e-01 1.77524197e-02 6.96179576e-03 3.21755319e-01
 3.88454032e-02 1.45122124e-02 5.57016454e-01 3.74057238e-02
 4.69119843e-02 2.38503124e-01 8.61092307e-04 9.54391713e-02
 2.42845435e-01 3.06860073e-02 3.40201868e-03 1.13035266e-01
 2.53744224e-02 9.30797521e-02]","[5.87876337e-06 4.21790753e-05 1.47787795e-05 1.23852271e-05
 6.56100233e-05 1.98621371e-05 3.21534561e-04 1.20160495e-06
 3.72899649e-03 3.57840749e-05 9.17393511e-03 2.26512596e-04
 2.48064759e-04 2.78925083e-05 5.63995821e-05 1.83053845e-05
 1.15690780e-01 8.24473048e-03 3.28200310e-05 2.32274259e-03
 2.55546191e-04 3.24310609e-04 1.69978136e-06 6.57899801e-08
 4.48761132e-04 6.39710106e-04 1.61775224e-03 1.69677676e-05
 1.44096739e-05 1.15599009e-05 8.73536034e-03 2.99756458e-02
 1.06541313e-05 2.61501799e-03 1.42841898e-02 7.63326015e-03
 8.23855908e-03 3.18675518e-03 1.81101620e-03 1.31627885e-03
 5.18951559e-05 1.37655479e-02 3.46359365e-02 1.89390488e-02
 1.79232347e-02 1.34180597e-02 2.18780406e-06 2.82596873e-06
 1.21425582e-03 2.19345384e-05]","[1.15483242e-03 9.88774399e-05 1.00000000e-05 1.55910902e-03
 2.16878240e-04 1.00000000e-05 4.71441789e-04 8.07814881e-04
 2.50000000e-03 3.37207718e-04 2.50000000e-03 2.50000000e-03
 1.51228362e-04 4.78083216e-05 3.31989806e-04 5.55456037e-04
 1.00000000e-05 6.68842980e-04 2.52599166e-04 4.13235190e-05
 1.64367555e-04 2.50000000e-03 1.05216127e-04 1.00000000e-05
 2.50000000e-03 1.00000000e-05 2.50000000e-03 1.53604733e-04
 1.24164221e-04 1.00000000e-05 6.14835120e-04 1.74105956e-05
 1.89488551e-03 1.02280994e-04 7.90217781e-05 2.50000000e-03
 3.59721280e-04 9.39930988e-05 2.50000000e-03 1.64163986e-04
 6.19124323e-04 1.83871779e-03 1.00000000e-05 3.36705930e-04
 1.44465291e-03 1.71764047e-04 1.94815916e-05 6.98550011e-04
 1.01722230e-04 6.87700726e-04]","[1.00000000e-05 1.00000000e-05 1.00000000e-05 1.00000000e-05
 1.00000000e-05 1.00000000e-05 1.00000000e-05 1.00000000e-05
 5.04617725e-05 1.00000000e-05 5.45888208e-05 1.00000000e-05
 1.00000000e-05 1.00000000e-05 1.00000000e-05 1.00000000e-05
 7.62070741e-04 9.36059379e-05 1.00000000e-05 2.56641704e-05
 1.00000000e-05 1.00000000e-05 1.00000000e-05 1.00000000e-05
 1.00000000e-05 1.00000000e-05 1.68168893e-05 1.00000000e-05
 1.00000000e-05 1.00000000e-05 5.08783211e-05 2.93942872e-04
 1.00000000e-05 3.47992831e-05 1.88693561e-04 7.17559861e-05
 8.91650174e-05 1.96908542e-05 1.96160317e-05 1.00000000e-05
 1.00000000e-05 4.84413946e-05 1.10722159e-04 1.17428861e-04
 1.52928843e-04 1.41054238e-04 1.00000000e-05 1.00000000e-05
 1.00000000e-05 1.00000000e-05]","[0.04175981 0.04993593 0.05960059 0.04940135 0.0620151  0.05546431
 0.05249261 0.0466822  0.04601071 0.05220758 0.03873816 0.03770897
 0.06138261 0.05675503 0.04139544 0.04092098 0.05030155 0.04654488
 0.05024634 0.04678224 0.06499654 0.03435406 0.05352482 0.05635763
 0.04583113 0.04313938 0.04668346 0.0586167  0.05869139 0.0636884
 0.04059359 0.05833908 0.03804419 0.04377988 0.03763279 0.04473508
 0.04918989 0.05534244 0.03905418 0.04988479 0.04182802 0.04720346
 0.06400081 0.05352949 0.04853239 0.0492786  0.0591556  0.0439104
 0.0462731  0.07124659]","[0.06716452 0.05125433 0.06840391 0.06471304 0.05741047 0.055999
 0.06929426 0.07193808 0.05139093 0.0683914  0.0610573  0.06890532
 0.05628593 0.0586443  0.06149465 0.07238711 0.05500578 0.06079053
 0.06930076 0.05747001 0.07261416 0.04092863 0.06379086 0.07622587
 0.06389386 0.06821058 0.06344624 0.06462606 0.07282737 0.07802
 0.05923465 0.05187898 0.07289041 0.05196215 0.06514237 0.05374897
 0.0603659  0.0552126  0.0600684  0.05725431 0.0707147  0.049829
 0.05378481 0.05132606 0.05337172 0.04794446 0.07110277 0.05323834
 0.06521527 0.07679423]","[1.81410583e-03 8.97052031e-05 1.28441688e-06 1.10997728e-04
 3.95468167e-07 8.66619773e-06 3.13811157e-05 3.16507668e-04
 4.06254070e-04 3.53712926e-05 4.81218056e-03 6.59770252e-03
 5.40869437e-07 4.84741925e-06 2.04850667e-03 2.39588493e-03
 7.74429565e-05 3.33183001e-04 7.91866565e-05 3.04859424e-04
 8.65574649e-08 1.74000456e-02 2.02324604e-05 5.80519813e-06
 4.34033868e-04 1.13411197e-03 3.16358508e-04 2.04805049e-06
 1.97731193e-06 1.70068561e-07 2.66655532e-03 2.33294740e-06
 5.95880304e-03 9.07166986e-04 6.75134564e-03 6.46281497e-04
 1.20677990e-04 9.14855932e-06 4.36033197e-03 9.15607405e-05
 1.77309188e-03 2.60102521e-04 1.44915984e-07 2.01919416e-05
 1.56150358e-04 1.16523538e-04 1.58771021e-06 8.66467850e-04
 3.68656000e-04 2.84007521e-09]","[2.74169683e-08 5.25340530e-05 1.39703715e-08 1.00318103e-07
 3.59050943e-06 6.82353644e-06 8.54174602e-09 1.90877863e-09
 4.96612806e-05 1.40666552e-08 6.34582068e-07 1.05979709e-08
 5.99633633e-06 2.02162607e-06 5.11807792e-07 1.47161852e-09
 1.06186096e-05 7.22969173e-07 8.51088601e-09 3.49332371e-06
 1.28946374e-09 2.38987317e-03 1.61386109e-07 1.49040342e-10
 1.53091092e-07 1.55323148e-08 1.92427876e-07 1.04949838e-07
 1.13856094e-09 4.90698638e-11 1.52920805e-06 4.05720386e-05
 1.09734869e-09 3.91907622e-05 8.02110355e-08 1.83722818e-05
 8.88694947e-07 9.69076778e-06 1.02606111e-06 3.85787758e-06
 3.84533846e-09 9.36265976e-05 1.80904269e-05 5.10063442e-05
 2.16050702e-05 1.96037768e-04 3.08328354e-09 2.28730734e-05
 7.72104522e-08 1.05117458e-10]","[ 9.95159149e-04  2.16412544e-03  9.59277153e-04  7.82132149e-04
  1.32822990e-03  7.90238380e-04  9.41276550e-04  7.79509544e-04
  4.45604324e-04  7.54952431e-04  7.81297684e-04  1.11758709e-03
  1.41310692e-03  1.09732151e-03  1.50918961e-03  3.38077545e-04
  1.27530098e-03  9.96828079e-04  7.54475594e-04  3.01122665e-04
  7.75933266e-04  2.76088715e-04  1.15931034e-03  1.79421902e-03
  7.98940659e-04  6.08444214e-04  3.73244286e-04  1.55341625e-03
  1.37591362e-03  2.03227997e-03  7.57813454e-04  6.77824020e-04
 -8.17775726e-05  9.35912132e-04  4.93168831e-04  1.04904175e-03
  7.03573227e-04  1.07145309e-03  3.44991684e-04  5.02943993e-04
  4.74095345e-04  1.14393234e-03  1.31964684e-03  1.19149685e-03
  7.98463821e-04  9.19580460e-04  1.66380405e-03  7.19070435e-04
  4.21762466e-04  2.14660168e-03]","[0.00164247 0.00049698 0.00207949 0.00269485 0.00166631 0.00233328
 0.00434422 0.00326741 0.00185764 0.0031718  0.00153637 0.00218403
 0.00144076 0.00195479 0.00071836 0.00482583 0.00159991 0.00357246
 0.00287843 0.00163221 0.0039202  0.00071383 0.00144005 0.00214386
 0.00128138 0.00207591 0.00250697 0.00181699 0.00206721 0.00349379
 0.00144625 0.00145733 0.00531125 0.00155711 0.00183034 0.0006218
 0.00194359 0.00216281 0.00224113 0.00208318 0.00410783 0.00265777
 0.00145066 0.00102866 0.00103164 0.00058639 0.00222731 0.00083971
 0.0034337  0.0033356 ]","[0.02311326 0.03224849 0.0231907  0.02232818 0.02663652 0.0232982
 0.02527606 0.02011336 0.01717002 0.0201666  0.0195527  0.02538141
 0.02861103 0.02581479 0.02644937 0.0153928  0.02707612 0.02447125
 0.0209043  0.01773891 0.02162004 0.01673006 0.02560011 0.02711889
 0.0193942  0.02099358 0.01670425 0.02644406 0.02391722 0.03190019
 0.01963457 0.01859993 0.01025101 0.02268953 0.01792883 0.02188115
 0.01758763 0.02257871 0.01654225 0.0167214  0.01815491 0.02593021
 0.02509459 0.02408508 0.02196061 0.02395737 0.0289073  0.02259152
 0.01700463 0.03094223]","[0.03427931 0.02048054 0.03648237 0.0424787  0.03335397 0.040169
 0.05232863 0.04773753 0.03592968 0.04334851 0.03085386 0.03708147
 0.03181236 0.03697315 0.0254846  0.05585102 0.03486526 0.04775868
 0.04384378 0.03211288 0.0469165  0.02628652 0.03099614 0.03614463
 0.0310277  0.03973298 0.0383455  0.03424597 0.03485934 0.04913493
 0.03240525 0.03178416 0.05620051 0.03396243 0.03579554 0.02342055
 0.03285769 0.03963125 0.03921026 0.03854683 0.05036487 0.0424592
 0.03392624 0.02592742 0.02617431 0.02299853 0.03729072 0.02498054
 0.04893177 0.04684444]",0.17914771703017127,0.010155406329856276,0.24179135888367706,0.0172936890689487,0.14875468561194377,0.006428056838139453,0.19705740044637468,0.017361479023694743,0.0007311498851575644,5.304651509827954e-05,0.0008970161004864863,0.00011573618039647665,0.04987568495750427,0.061859308509826655,0.008343082379604577,0.008500352398584895,0.0009505200386047363,0.00217423677444458,0.00048505658636189067,0.0011009983280399897,0.022368002955195303,0.03709256002456013,0.004540047704596565,0.008490119486700516
df2,0.25,0.25,0.0,"[6.93218252e-02 2.57475452e-01 1.11358879e-01 2.90339156e-02
 1.39231997e-01 3.18171260e-02 6.38312357e-02 5.08599525e-01
 6.65529322e-01 9.13835051e-04 1.29372179e-01 3.48322136e-02
 3.91087390e-01 2.11739817e-01 1.60771824e-01 4.59637254e-01
 1.64147482e-02 2.41040115e-02 2.90339156e-02 8.06268875e-03
 2.19294824e-02 1.91681353e-04 3.18171260e-02 2.11739817e-01
 4.54286666e-02 1.67865304e-03 7.25488863e-03 1.11358879e-01
 1.29372179e-01 8.41636027e-01 8.15145929e-02 5.85633896e-03
 9.48372085e-01 3.18171260e-02 3.91087390e-01 3.29168072e-01
 4.54286666e-02 4.13232440e-01 1.80967606e-02 3.48322136e-02
 1.60771824e-01 5.85633896e-03 6.93218252e-02 8.82599083e-02
 1.20088801e-01 2.19294824e-02 3.36894521e-03 5.85633896e-03
 4.85152370e-04 3.49039701e-01]","[4.03308445e-05 5.51757155e-04 1.21765095e-02 1.67194217e-04
 2.68158880e-03 9.13835051e-04 3.27832948e-04 1.20265345e-05
 6.24499263e-07 2.05084189e-06 1.78141737e-09 2.51182002e-04
 1.63732496e-05 3.42511079e-08 8.31541824e-05 2.58137431e-05
 1.20265345e-05 7.25098046e-08 1.04585220e-06 5.51757155e-04
 1.67865304e-03 6.24445815e-05 1.99311438e-02 1.23948622e-06
 2.68158880e-03 8.31541824e-05 4.40608072e-07 3.95729931e-06
 2.85456402e-06 4.85152370e-04 1.23948622e-06 6.24499263e-07
 1.16899447e-03 2.85456402e-06 7.20954134e-05 2.22014992e-05
 3.27832948e-04 2.19534247e-04 2.99835482e-05 2.51182002e-04
 2.12592488e-03 7.28113471e-09 4.26159664e-04 1.63732496e-05
 5.40313022e-05 5.51757155e-04 6.24499263e-07 2.99835482e-05
 2.59150246e-07 2.59150246e-07]","[6.93218252e-02 2.57475452e-01 1.11358879e-01 2.90339156e-02
 1.39231997e-01 3.18171260e-02 6.38312357e-02 5.08599525e-01
 6.65529322e-01 9.13835051e-04 1.29372179e-01 3.48322136e-02
 3.91087390e-01 2.11739817e-01 1.60771824e-01 4.59637254e-01
 1.64147482e-02 2.41040115e-02 2.90339156e-02 8.06268875e-03
 2.19294824e-02 1.91681353e-04 3.18171260e-02 2.11739817e-01
 4.54286666e-02 1.67865304e-03 7.25488863e-03 1.11358879e-01
 1.29372179e-01 8.41636027e-01 8.15145929e-02 5.85633896e-03
 9.48372085e-01 3.18171260e-02 3.91087390e-01 3.29168072e-01
 4.54286666e-02 4.13232440e-01 1.80967606e-02 3.48322136e-02
 1.60771824e-01 5.85633896e-03 6.93218252e-02 8.82599083e-02
 1.20088801e-01 2.19294824e-02 3.36894521e-03 5.85633896e-03
 4.85152370e-04 3.49039701e-01]","[4.03308445e-05 5.51757155e-04 1.21765095e-02 1.67194217e-04
 2.68158880e-03 9.13835051e-04 3.27832948e-04 1.20265345e-05
 6.24499263e-07 2.05084189e-06 1.78141737e-09 2.51182002e-04
 1.63732496e-05 3.42511079e-08 8.31541824e-05 2.58137431e-05
 1.20265345e-05 7.25098046e-08 1.04585220e-06 5.51757155e-04
 1.67865304e-03 6.24445815e-05 1.99311438e-02 1.23948622e-06
 2.68158880e-03 8.31541824e-05 4.40608072e-07 3.95729931e-06
 2.85456402e-06 4.85152370e-04 1.23948622e-06 6.24499263e-07
 1.16899447e-03 2.85456402e-06 7.20954134e-05 2.22014992e-05
 3.27832948e-04 2.19534247e-04 2.99835482e-05 2.51182002e-04
 2.12592488e-03 7.28113471e-09 4.26159664e-04 1.63732496e-05
 5.40313022e-05 5.51757155e-04 6.24499263e-07 2.99835482e-05
 2.59150246e-07 2.59150246e-07]","[7.50539817e-02 2.60639674e-01 1.90887301e-02 3.45662822e-03
 1.00794062e-01 9.19326587e-03 3.18847110e-02 6.19028442e-01
 5.33618589e-01 6.39450565e-03 2.28963243e-01 1.30954875e-02
 3.70323369e-01 2.41234008e-01 5.92961735e-02 3.33162241e-01
 1.83721683e-02 2.34526361e-03 1.03636771e-01 3.10146578e-03
 3.13077024e-02 1.17774325e-05 3.15644246e-03 8.89324382e-02
 9.18968649e-03 1.02447767e-03 1.62591168e-02 5.73242076e-02
 7.19541998e-02 7.50654703e-01 9.83111705e-02 1.40793853e-03
 9.76598651e-01 4.56853852e-02 4.56426765e-01 2.71649841e-01
 4.67498708e-02 3.38640563e-01 7.01524884e-03 1.35196955e-02
 6.00554548e-02 1.40455289e-03 2.74538894e-02 9.45066560e-02
 6.55175135e-02 3.94619022e-03 8.24671179e-03 3.07589051e-03
 9.32371673e-04 3.36658776e-01]","[1.19054111e-05 7.35092281e-05 3.73188045e-03 6.55424526e-06
 6.80029663e-04 2.14746047e-04 4.01491814e-04 1.58918845e-06
 2.93445658e-08 1.73548049e-07 2.92072622e-09 1.84327892e-05
 1.35054854e-06 1.78690809e-08 1.65053973e-05 5.10367859e-05
 4.73338073e-07 1.58798752e-10 5.87237869e-09 3.03440556e-05
 4.22188674e-03 2.70030879e-06 5.40466030e-03 2.45787223e-06
 5.06885401e-04 7.30486962e-05 2.16284653e-07 4.12857058e-07
 5.91598258e-08 2.61675588e-05 2.20149461e-07 1.14750581e-07
 1.59277205e-03 8.82685543e-07 3.91278092e-06 2.95478852e-06
 1.94355820e-05 1.56471543e-04 1.64446735e-04 4.42915909e-05
 1.71104411e-03 1.59604940e-09 3.29627254e-05 1.22613050e-05
 5.78546941e-06 5.15988691e-05 7.82798948e-08 6.95342920e-07
 1.61032718e-07 1.40779708e-08]","[4.41328711e-04 1.77026685e-03 7.02986704e-05 1.82760487e-05
 4.06038852e-04 3.51773076e-05 1.20478606e-04 2.50000000e-03
 2.50000000e-03 1.00000000e-05 4.91859351e-04 5.83748452e-05
 2.24158776e-03 7.53978374e-04 3.32671176e-04 2.35195043e-03
 4.05174624e-05 1.00000000e-05 2.14095094e-04 1.07969046e-05
 7.57916382e-05 1.00000000e-05 1.61709565e-05 2.61718010e-04
 2.33217449e-05 1.00000000e-05 4.16108392e-05 1.17003227e-04
 2.05358611e-04 2.50000000e-03 3.67166792e-04 1.00000000e-05
 2.50000000e-03 8.13702856e-05 2.06648643e-03 2.39270561e-03
 1.29260112e-04 1.42337324e-03 2.36994980e-05 5.07971520e-05
 2.75234884e-04 1.00000000e-05 1.29872278e-04 6.07702605e-04
 2.52000313e-04 1.05611075e-05 4.23479684e-05 1.00000000e-05
 1.00000000e-05 1.47425407e-03]","[1.00000000e-05 1.00000000e-05 2.68231294e-05 1.00000000e-05
 1.00000000e-05 1.00000000e-05 1.00000000e-05 1.00000000e-05
 1.00000000e-05 1.00000000e-05 1.00000000e-05 1.00000000e-05
 1.00000000e-05 1.00000000e-05 1.00000000e-05 1.00000000e-05
 1.00000000e-05 1.00000000e-05 1.00000000e-05 1.00000000e-05
 2.29142201e-05 1.00000000e-05 3.79752320e-05 1.00000000e-05
 1.00000000e-05 1.00000000e-05 1.00000000e-05 1.00000000e-05
 1.00000000e-05 1.00000000e-05 1.00000000e-05 1.00000000e-05
 2.88564811e-05 1.00000000e-05 1.00000000e-05 1.00000000e-05
 1.00000000e-05 1.00000000e-05 1.00000000e-05 1.00000000e-05
 1.00000000e-05 1.00000000e-05 1.00000000e-05 1.00000000e-05
 1.00000000e-05 1.00000000e-05 1.00000000e-05 1.00000000e-05
 1.00000000e-05 1.00000000e-05]","[0.05010029 0.05040856 0.06134898 0.06333805 0.04454042 0.06335437
 0.06111472 0.03801718 0.04048855 0.05661124 0.07227445 0.04648268
 0.03783522 0.04668757 0.0456534  0.0457361  0.0716439  0.0650138
 0.06332897 0.05202579 0.05525488 0.07028396 0.05376619 0.05859987
 0.06463744 0.05504138 0.06210561 0.05201892 0.04544164 0.05187309
 0.04332452 0.06618552 0.04831689 0.05990857 0.04040123 0.05108295
 0.05563229 0.04767282 0.05358493 0.0696137  0.05455707 0.05551381
 0.04928502 0.06034046 0.04592642 0.05245934 0.07461307 0.04492921
 0.05419145 0.04065352]","[0.07321331 0.0603627  0.05529526 0.07274477 0.0780824  0.08084764
 0.06938861 0.08466896 0.06669058 0.06750682 0.08988118 0.07577944
 0.07504806 0.07631388 0.07460254 0.08314585 0.08018995 0.07895353
 0.07920075 0.06629461 0.06314554 0.07726297 0.05949576 0.07560747
 0.05135474 0.06587634 0.06862284 0.08510987 0.06765011 0.0701748
 0.08937553 0.07958476 0.07495524 0.08500436 0.08086619 0.06882976
 0.05814747 0.066322   0.07027879 0.06549546 0.06441979 0.07779398
 0.07071763 0.06962915 0.06598715 0.06563763 0.0783728  0.08086399
 0.07357897 0.08400498]","[8.39806575e-05 7.41670558e-05 5.49899159e-07 2.03314082e-07
 6.92932291e-04 2.01634439e-07 6.16972550e-07 6.00809720e-03
 2.75920910e-03 5.17496590e-06 1.57109647e-09 3.41005141e-04
 6.35008046e-03 3.15871659e-04 4.63280564e-04 4.49448825e-04
 2.26140957e-09 8.57814362e-08 2.04254452e-07 3.81642716e-05
 9.51091363e-06 4.90667752e-09 1.82363644e-05 2.06431316e-06
 1.04332419e-07 1.04530420e-05 3.78039741e-07 3.82737153e-05
 5.00545569e-04 4.06716409e-05 1.06358869e-03 4.62930795e-08
 1.69783792e-04 1.10810950e-06 2.83849731e-03 5.63626072e-05
 8.04119364e-06 2.17560746e-04 1.97166432e-05 7.14844158e-09
 1.29331623e-05 8.47735642e-06 1.16228165e-04 8.99709249e-07
 4.19078518e-04 3.18236545e-05 3.95737146e-10 6.02701541e-04
 1.51693011e-05 2.61498015e-03]","[9.08051187e-10 8.90071697e-07 9.34213175e-06 1.19485997e-09
 4.71881378e-11 8.08172034e-12 8.10480626e-09 6.37378695e-13
 3.53647986e-08 2.27869112e-08 1.64889056e-14 1.95708112e-10
 3.04732543e-10 1.41220853e-10 3.98241830e-10 1.77914170e-12
 1.23650749e-11 2.72463077e-11 2.32879004e-11 4.36849798e-08
 2.24178544e-07 7.86638010e-11 1.35038007e-06 2.17266928e-10
 5.04075230e-05 5.45338569e-08 1.23859283e-08 4.71870289e-13
 2.10832094e-08 5.21808830e-09 2.37326864e-14 1.82309116e-11
 3.22248808e-10 5.07144304e-13 7.98492321e-12 1.10499622e-08
 2.55145652e-06 4.30528587e-08 4.92102102e-09 6.66588697e-08
 1.16778515e-07 5.65221234e-11 3.83895928e-09 7.08700741e-09
 5.14286660e-08 6.18545284e-08 3.93198492e-11 7.99638466e-12
 7.32059683e-10 9.99409249e-13]","[0.00071847 0.00028145 0.00117505 0.00144136 0.00104547 0.00156915
 0.00079179 0.00045538 0.0005312  0.00045776 0.00130188 0.00061655
 0.0004642  0.00162017 0.00071895 0.00051761 0.00278044 0.00188088
 0.00179112 0.00135112 0.00207675 0.00152898 0.00018525 0.00101113
 0.00157046 0.0016582  0.00155151 0.00056052 0.00134492 0.00153995
 0.00050867 0.00178087 0.0009954  0.00113821 0.0005374  0.0010581
 0.00091207 0.00046885 0.00105369 0.00100577 0.00077963 0.00095022
 0.0005604  0.00112343 0.00059307 0.0011065  0.00106561 0.00035405
 0.00151503 0.00049722]","[0.00356197 0.002895   0.00230503 0.00324667 0.0031544  0.00312257
 0.00320792 0.00564122 0.00536144 0.00359726 0.00566971 0.00335813
 0.00488579 0.00103295 0.00384867 0.00411308 0.0020293  0.00351679
 0.00377357 0.00159824 0.0019722  0.00469446 0.00337768 0.00540948
 0.00152159 0.00295496 0.00248361 0.00561941 0.00203156 0.00177336
 0.00595522 0.00284982 0.00248575 0.0038383  0.00425661 0.00295198
 0.00330746 0.0033257  0.00200438 0.00282776 0.00360501 0.00390995
 0.00381219 0.00423741 0.00241578 0.00276375 0.00470066 0.00370383
 0.00269556 0.00535691]","[0.0191019  0.01505622 0.02589217 0.02981837 0.02287167 0.02864924
 0.01924544 0.01806918 0.01930143 0.0155537  0.02693309 0.0201678
 0.01896312 0.03076972 0.01888902 0.01735005 0.03871294 0.03569795
 0.02716315 0.02674557 0.02999127 0.02905727 0.01397216 0.02347877
 0.02879215 0.02845509 0.02777469 0.01706527 0.02523648 0.0278998
 0.01859792 0.03204433 0.02158163 0.02268066 0.01926756 0.02362463
 0.02152097 0.0173304  0.02557499 0.02305918 0.02032126 0.02170653
 0.01774653 0.02310936 0.01844548 0.02243076 0.02486638 0.01778296
 0.02950035 0.01820446]","[0.0465612  0.0446762  0.04206689 0.04437432 0.04497919 0.04271214
 0.0467091  0.05878032 0.05761764 0.04488576 0.05675494 0.04751262
 0.05575553 0.02618735 0.05030266 0.04767815 0.03738504 0.04502704
 0.04755446 0.03323118 0.0358916  0.05565809 0.04703512 0.05815454
 0.03133297 0.04460349 0.04261368 0.06150777 0.03885515 0.03624183
 0.06164745 0.04026794 0.04092423 0.0477258  0.05082417 0.04453129
 0.04717419 0.04492611 0.03590632 0.04391886 0.04845051 0.0470239
 0.05102015 0.05228311 0.04134252 0.03971194 0.05181527 0.04949553
 0.04313438 0.0567187 ]",0.15737921114354658,0.0009609552576164346,0.21589677010574862,0.003240512025059759,0.13840601335078093,0.0003855735862470566,0.21193586341666357,0.0010953824075189038,0.0005901100762171222,1.1531381251511574e-05,0.0008677368539223133,5.423502226375181e-06,0.054264400758743295,0.07284753786087035,0.009361907303211134,0.008585000923789598,0.0010508370399475097,0.0034552407264709472,0.000535056410322823,0.001190714323349788,0.02332141996707268,0.046229767069230106,0.005450911961773217,0.007614914365231679
df2,0.30000000000000004,0.30000000000000004,0.0,"[9.92823487e-03 4.16212987e-02 2.87103585e-04 2.41040115e-02
 3.77043497e-03 6.93218252e-02 3.80948244e-02 5.85633896e-03
 2.99835482e-05 1.29372179e-01 4.21554189e-03 1.32017364e-03
 2.68158880e-03 2.64676308e-02 1.03408932e-03 5.39576008e-02
 1.39231997e-01 2.87103585e-04 1.48741570e-02 6.52148041e-03
 2.26241661e-01 2.19294824e-02 6.93218252e-02 9.54673207e-02
 4.21554189e-03 1.64147482e-02 1.99311438e-02 2.19294824e-02
 4.21554189e-03 5.25376643e-03 3.48322136e-02 2.74233349e-01
 8.15145929e-02 3.77043497e-03 9.92823487e-03 1.64147482e-02
 2.26241661e-01 1.60771824e-01 4.16212987e-02 5.25376643e-03
 2.12592488e-03 1.10005675e-02 4.54286666e-02 4.85152370e-04
 1.20088801e-01 3.80948244e-02 4.70847031e-03 3.73964604e-04
 1.48741570e-02 1.64147482e-02]","[1.04585220e-06 1.04585220e-06 2.67703473e-09 2.99835482e-05
 6.24499263e-07 1.73569175e-06 1.04585220e-06 7.25098046e-08
 1.45098666e-09 2.05084189e-06 1.73569175e-06 2.51182002e-04
 4.65235514e-06 2.20772463e-13 7.79334122e-10 4.00670801e-09
 3.69535722e-07 7.25098046e-08 1.81007354e-07 6.24445815e-05
 1.25918603e-07 2.71047184e-10 2.83236331e-08 2.16691945e-07
 6.24499263e-07 7.20954134e-05 1.31118659e-08 7.42361542e-07
 1.78141737e-09 1.51046944e-07 6.41076366e-06 4.74591296e-11
 1.04585220e-06 2.22374207e-17 1.04864874e-07 6.41076366e-06
 2.85456402e-06 7.51402754e-06 2.05084189e-06 2.33983459e-08
 2.99835482e-05 2.99835482e-05 1.20265345e-05 2.67703473e-09
 5.85633896e-03 7.25098046e-08 4.14795066e-10 1.46749215e-06
 8.72433497e-08 1.04585220e-06]","[9.92823487e-03 4.16212987e-02 2.87103585e-04 2.41040115e-02
 3.77043497e-03 6.93218252e-02 3.80948244e-02 5.85633896e-03
 2.99835482e-05 1.29372179e-01 4.21554189e-03 1.32017364e-03
 2.68158880e-03 2.64676308e-02 1.03408932e-03 5.39576008e-02
 1.39231997e-01 2.87103585e-04 1.48741570e-02 6.52148041e-03
 2.26241661e-01 2.19294824e-02 6.93218252e-02 9.54673207e-02
 4.21554189e-03 1.64147482e-02 1.99311438e-02 2.19294824e-02
 4.21554189e-03 5.25376643e-03 3.48322136e-02 2.74233349e-01
 8.15145929e-02 3.77043497e-03 9.92823487e-03 1.64147482e-02
 2.26241661e-01 1.60771824e-01 4.16212987e-02 5.25376643e-03
 2.12592488e-03 1.10005675e-02 4.54286666e-02 4.85152370e-04
 1.20088801e-01 3.80948244e-02 4.70847031e-03 3.73964604e-04
 1.48741570e-02 1.64147482e-02]","[1.04585220e-06 1.04585220e-06 2.67703473e-09 2.99835482e-05
 6.24499263e-07 1.73569175e-06 1.04585220e-06 7.25098046e-08
 1.45098666e-09 2.05084189e-06 1.73569175e-06 2.51182002e-04
 4.65235514e-06 2.20772463e-13 7.79334122e-10 4.00670801e-09
 3.69535722e-07 7.25098046e-08 1.81007354e-07 6.24445815e-05
 1.25918603e-07 2.71047184e-10 2.83236331e-08 2.16691945e-07
 6.24499263e-07 7.20954134e-05 1.31118659e-08 7.42361542e-07
 1.78141737e-09 1.51046944e-07 6.41076366e-06 4.74591296e-11
 1.04585220e-06 2.22374207e-17 1.04864874e-07 6.41076366e-06
 2.85456402e-06 7.51402754e-06 2.05084189e-06 2.33983459e-08
 2.99835482e-05 2.99835482e-05 1.20265345e-05 2.67703473e-09
 5.85633896e-03 7.25098046e-08 4.14795066e-10 1.46749215e-06
 8.72433497e-08 1.04585220e-06]","[7.86561130e-03 1.70746204e-02 1.58452896e-04 5.13546733e-03
 1.47277078e-04 7.71122734e-02 1.90996262e-02 7.46718658e-04
 7.68596452e-05 1.40528526e-01 2.46674492e-03 2.17975962e-04
 8.48952597e-03 4.24908162e-02 1.91692475e-03 5.81824625e-02
 8.14309520e-02 4.54440231e-04 1.88944186e-02 3.04773447e-03
 1.43560232e-01 7.90349428e-03 2.02765084e-01 3.03042891e-02
 7.31662908e-04 6.55875731e-03 1.29515578e-01 4.44973618e-03
 1.00524929e-03 1.16639541e-02 2.66399739e-02 2.27337760e-01
 7.46577145e-02 9.14126236e-03 2.21357914e-03 3.05667416e-02
 1.59865725e-01 3.64437609e-02 1.12637351e-01 6.12606629e-04
 3.13605597e-04 1.11631401e-02 2.34625477e-02 1.65123804e-03
 4.56196922e-02 5.86120412e-02 4.54689238e-03 5.76241740e-05
 3.03503211e-02 2.31819048e-02]","[6.49282208e-08 1.94262468e-08 1.87760141e-10 4.35055744e-05
 3.82029730e-09 8.45283732e-10 1.36050396e-07 3.92364385e-09
 4.91175989e-11 1.26928847e-05 8.86915674e-07 5.91522172e-06
 1.62038517e-06 5.07971443e-12 1.64757430e-10 2.55285459e-10
 7.80203786e-08 9.16416787e-09 5.57556901e-09 1.22609007e-05
 1.31862177e-09 4.28963531e-11 1.00060615e-09 6.06358164e-08
 2.60518435e-07 3.96373333e-06 7.20473681e-10 4.35251535e-08
 1.20150889e-10 3.14302140e-10 1.32849427e-05 2.61279887e-11
 3.95210762e-07 4.61556349e-11 5.89836557e-09 9.10495832e-08
 1.26539426e-08 1.82782496e-06 2.25955343e-09 1.15342513e-10
 7.79712663e-06 5.99783166e-06 8.29374220e-06 8.22042434e-11
 4.42673886e-03 2.71275837e-08 7.37423567e-10 2.01327411e-08
 5.43018952e-09 1.55962282e-06]","[5.77869209e-05 1.03001444e-04 1.00000000e-05 1.65578807e-05
 1.00000000e-05 2.31386962e-04 4.57045565e-05 1.00000000e-05
 1.00000000e-05 6.59121558e-04 1.00000000e-05 1.00000000e-05
 3.68187879e-05 4.35426524e-05 1.00000000e-05 7.19402604e-05
 4.32826258e-04 1.00000000e-05 5.98870966e-05 1.00000000e-05
 1.18552007e-03 2.04189218e-05 2.23585932e-04 1.01065038e-04
 1.00000000e-05 2.49947649e-05 1.67738031e-04 1.00000000e-05
 1.00000000e-05 1.30681260e-05 2.16370363e-04 8.98464733e-04
 2.01251506e-04 1.48740729e-05 1.00000000e-05 4.30953093e-05
 6.43540304e-04 1.75218660e-04 4.00757232e-04 1.00000000e-05
 1.00000000e-05 1.29909245e-05 6.51504918e-05 1.00000000e-05
 1.46051045e-04 2.62178397e-04 1.16695697e-05 1.00000000e-05
 5.30171476e-05 8.45174704e-05]","[1.00000000e-05 1.00000000e-05 1.00000000e-05 1.00000000e-05
 1.00000000e-05 1.00000000e-05 1.00000000e-05 1.00000000e-05
 1.00000000e-05 1.00000000e-05 1.00000000e-05 1.00000000e-05
 1.00000000e-05 1.00000000e-05 1.00000000e-05 1.00000000e-05
 1.00000000e-05 1.00000000e-05 1.00000000e-05 1.00000000e-05
 1.00000000e-05 1.00000000e-05 1.00000000e-05 1.00000000e-05
 1.00000000e-05 1.00000000e-05 1.00000000e-05 1.00000000e-05
 1.00000000e-05 1.00000000e-05 1.00000000e-05 1.00000000e-05
 1.00000000e-05 1.00000000e-05 1.00000000e-05 1.00000000e-05
 1.00000000e-05 1.00000000e-05 1.00000000e-05 1.00000000e-05
 1.00000000e-05 1.00000000e-05 1.00000000e-05 1.00000000e-05
 5.13475231e-05 1.00000000e-05 1.00000000e-05 1.00000000e-05
 1.00000000e-05 1.00000000e-05]","[0.05449603 0.06020109 0.07502737 0.05957693 0.06307567 0.05809498
 0.06358829 0.06951265 0.06734863 0.05393816 0.07451985 0.06082608
 0.06220392 0.05909508 0.06186939 0.04905278 0.04758594 0.06633756
 0.04447485 0.06438604 0.06273779 0.0636231  0.05310507 0.04622683
 0.06234596 0.05797291 0.06758472 0.05563393 0.05868454 0.05576702
 0.05891405 0.06408313 0.06332483 0.06359682 0.0584939  0.0530993
 0.05169415 0.04820982 0.05719509 0.05875516 0.07041663 0.06088287
 0.05370319 0.0623882  0.04788411 0.05950238 0.06880661 0.06289695
 0.04461875 0.05306144]","[0.0780471  0.07919962 0.09034947 0.06915101 0.08230449 0.09510429
 0.0835427  0.08227022 0.09109061 0.08449054 0.08829745 0.07137998
 0.09073605 0.10827772 0.10945822 0.09438186 0.0830839  0.09450868
 0.09408937 0.07205376 0.08593118 0.09461811 0.09209695 0.08423714
 0.09652957 0.08325371 0.10508241 0.07748462 0.08151697 0.07629876
 0.07235125 0.10294328 0.08568065 0.12339839 0.10108961 0.09192737
 0.06899182 0.09260667 0.08293676 0.09138207 0.07418873 0.0949508
 0.08401021 0.0881097  0.07440382 0.08012194 0.09878193 0.09013454
 0.08695567 0.0807351 ]","[1.32831581e-05 9.62434850e-07 3.08554297e-10 1.29903007e-06
 2.32251694e-07 2.61467810e-06 1.78988701e-07 7.56335737e-09
 2.48233871e-08 1.69306423e-05 4.18448532e-10 7.10538724e-07
 3.59951717e-07 1.63394869e-06 4.25169163e-07 1.27376673e-04
 2.24903411e-04 4.26977891e-08 7.09344974e-04 1.18833423e-07
 2.75439776e-07 1.75837215e-07 2.42109748e-05 3.75038062e-04
 3.35290623e-07 2.76759004e-06 2.18447925e-08 8.03530565e-06
 1.98370381e-06 7.57138582e-06 1.78014703e-06 1.38913991e-07
 2.04684529e-07 1.78210923e-07 2.16966755e-06 2.42705770e-05
 4.38098537e-05 1.76969265e-04 3.96419417e-06 1.91879216e-06
 4.55255670e-09 6.91107941e-07 1.87384092e-05 3.28278620e-07
 2.00637775e-04 1.34612225e-06 1.11921613e-08 2.54206340e-07
 6.73792353e-04 2.46649798e-05]","[4.82436548e-11 2.33046863e-11 1.17468511e-14 9.24930416e-09
 3.11165329e-12 3.39597503e-16 1.36406934e-12 3.18292269e-12
 6.84334563e-15 7.19516734e-13 5.12327310e-14 2.63129345e-09
 8.86678576e-15 7.10658627e-21 2.52622397e-21 5.88718594e-16
 1.85426193e-12 5.34680356e-16 7.34726386e-16 1.78534642e-09
 2.68398129e-13 4.92007014e-16 3.26257717e-15 8.54315536e-13
 1.13284876e-16 1.65542681e-12 1.10365487e-19 6.85443555e-11
 5.22377374e-12 1.42534328e-10 1.50259863e-09 6.60929760e-19
 3.18991111e-13 5.31571463e-27 3.02487017e-18 3.69847722e-15
 1.01026695e-08 2.23488464e-15 2.04539086e-12 5.52664300e-15
 5.09892842e-10 3.81842459e-16 9.95889464e-13 5.85240358e-14
 4.48500800e-10 1.29183929e-11 1.93255441e-17 1.37280499e-14
 1.31763813e-13 8.69392079e-12]","[0.00131738 0.0012778  0.00144553 0.0014571  0.00270414 0.00087464
 0.00095582 0.00197518 0.00299239 0.00104761 0.00125647 0.00169623
 0.00336969 0.002563   0.00153828 0.00095928 0.00070131 0.00202429
 0.00104654 0.00176895 0.00241566 0.00156665 0.00096691 0.00115573
 0.00160027 0.00059223 0.00139737 0.00073564 0.00185311 0.00048554
 0.00131917 0.00164306 0.00180924 0.00140405 0.00145793 0.00027764
 0.0007     0.00134873 0.00133204 0.00120509 0.00214803 0.00109851
 0.00133705 0.00133777 0.00045609 0.0007503  0.00174701 0.00168264
 0.00072598 0.00120556]","[0.00331509 0.00467455 0.00519979 0.00276148 0.00372601 0.00865841
 0.00614285 0.00484955 0.00416028 0.00435627 0.00586689 0.00293195
 0.00437677 0.00583231 0.008304   0.00775063 0.00664473 0.00433433
 0.00607669 0.00266576 0.00376809 0.00492311 0.00651515 0.00548315
 0.00606382 0.00654089 0.00671065 0.00519133 0.00309527 0.00571573
 0.00293624 0.00727391 0.00381172 0.00935233 0.00548971 0.0077858
 0.0049932  0.00417757 0.00262094 0.0055877  0.0034914  0.00842488
 0.00545061 0.0049715  0.00366497 0.00576532 0.00561118 0.00574696
 0.00714636 0.00280023]","[0.0253198  0.02565604 0.02767896 0.0287098  0.03847532 0.02210288
 0.02279724 0.02790606 0.04099403 0.02246195 0.02391702 0.02745071
 0.03867906 0.03675485 0.0261311  0.02415461 0.02089552 0.03041845
 0.02394596 0.02788828 0.03663487 0.02526471 0.0228421  0.02550092
 0.03221395 0.02036741 0.02463881 0.0201386  0.03167255 0.01675619
 0.02534805 0.027752   0.03142504 0.02492245 0.02888524 0.01551946
 0.02126715 0.02797892 0.02788293 0.02698358 0.03165304 0.02473178
 0.02585169 0.02337414 0.01677285 0.02044387 0.02928556 0.03238545
 0.02244254 0.02760474]","[0.04657858 0.05476836 0.05457415 0.04247243 0.05200115 0.07519743
 0.06290626 0.05370103 0.05185494 0.05233133 0.05879857 0.04610506
 0.0537429  0.06093744 0.07062564 0.07181095 0.0657924  0.04963986
 0.06009881 0.0419631  0.04958242 0.05662074 0.06324178 0.05814841
 0.05831185 0.06552444 0.06275335 0.05957084 0.04543736 0.06170862
 0.04523699 0.06708465 0.04979949 0.07365162 0.05776736 0.06948997
 0.05653765 0.05336984 0.0442564  0.06051749 0.04830155 0.07212466
 0.05904411 0.05600573 0.04797434 0.05991536 0.05858489 0.0606217
 0.0651107  0.04401362]",0.04332151022396854,0.0001277934914740925,0.06364185047980235,0.0008192114565589132,0.03806141898190801,9.095193897676435e-05,0.05517065964880096,0.0006194353968723346,0.00013788224973343644,1.082695046243115e-05,0.0002390163143030898,5.788653237018045e-06,0.05920841069221497,0.08769133565902712,0.0071728431191584625,0.01096292944799788,0.0014145326614379882,0.005274760723114014,0.0006332692860412001,0.0016858701963163164,0.02661756421071122,0.05712416606756038,0.005491430729029212,0.008519547627250582
df2,0.35000000000000003,0.35000000000000003,0.0,"[6.38312357e-02 2.68158880e-03 2.38884447e-03 2.90339156e-02
 4.16212987e-02 4.85152370e-04 1.48741570e-02 3.00718998e-03
 3.00718998e-03 1.34646549e-02 7.25488863e-03 4.85152370e-04
 3.73964604e-04 5.85633896e-03 2.87103585e-04 1.64147482e-02
 1.16899447e-03 2.91764847e-01 1.26822204e-04 1.03159376e-01
 4.21554189e-03 1.91681353e-04 3.18171260e-02 1.48741570e-02
 2.38884447e-03 2.51182002e-04 1.45688880e-04 4.16212987e-02
 6.52148041e-03 1.11358879e-01 1.21765095e-02 1.21765095e-02
 9.92823487e-03 1.89004559e-03 2.68158880e-03 4.21554189e-03
 1.21765095e-02 5.39576008e-02 1.34646549e-02 4.70847031e-03
 3.18171260e-02 1.48940867e-03 1.99311438e-02 6.24445815e-05
 8.79830246e-06 3.36894521e-03 4.85152370e-04 4.54286666e-02
 7.52091658e-02 1.21765095e-02]","[1.46749215e-06 1.26822204e-04 6.32216726e-10 1.92461767e-12
 3.47919250e-05 7.20954134e-05 1.23116467e-11 3.47919250e-05
 2.81965513e-13 2.42077577e-06 1.04864874e-07 1.76400398e-10
 1.54554888e-11 1.54554888e-11 6.32216726e-10 2.18488808e-09
 3.42511079e-08 3.47919250e-05 1.14339735e-10 1.51046944e-07
 7.79334122e-10 2.26988766e-15 7.79334122e-10 7.42361542e-07
 3.09615598e-07 1.40396435e-05 1.31118659e-08 2.16691945e-07
 1.93824891e-11 7.79334122e-10 2.16691945e-07 6.41076366e-06
 1.14339735e-10 2.59150246e-07 1.80794013e-14 5.92172623e-11
 1.45098666e-09 9.43717929e-13 7.38137688e-11 2.95255083e-15
 3.09615598e-07 4.98033280e-15 5.12353012e-10 7.28113471e-09
 5.12353012e-10 3.42511079e-08 2.22014992e-05 5.97265054e-09
 8.79830246e-06 3.36269816e-06]","[6.38312357e-02 2.68158880e-03 2.38884447e-03 2.90339156e-02
 4.16212987e-02 4.85152370e-04 1.48741570e-02 3.00718998e-03
 3.00718998e-03 1.34646549e-02 7.25488863e-03 4.85152370e-04
 3.73964604e-04 5.85633896e-03 2.87103585e-04 1.64147482e-02
 1.16899447e-03 2.91764847e-01 1.26822204e-04 1.03159376e-01
 4.21554189e-03 1.91681353e-04 3.18171260e-02 1.48741570e-02
 2.38884447e-03 2.51182002e-04 1.45688880e-04 4.16212987e-02
 6.52148041e-03 1.11358879e-01 1.21765095e-02 1.21765095e-02
 9.92823487e-03 1.89004559e-03 2.68158880e-03 4.21554189e-03
 1.21765095e-02 5.39576008e-02 1.34646549e-02 4.70847031e-03
 3.18171260e-02 1.48940867e-03 1.99311438e-02 6.24445815e-05
 8.79830246e-06 3.36894521e-03 4.85152370e-04 4.54286666e-02
 7.52091658e-02 1.21765095e-02]","[1.46749215e-06 1.26822204e-04 6.32216726e-10 1.92461767e-12
 3.47919250e-05 7.20954134e-05 1.23116467e-11 3.47919250e-05
 2.81965513e-13 2.42077577e-06 1.04864874e-07 1.76400398e-10
 1.54554888e-11 1.54554888e-11 6.32216726e-10 2.18488808e-09
 3.42511079e-08 3.47919250e-05 1.14339735e-10 1.51046944e-07
 7.79334122e-10 2.26988766e-15 7.79334122e-10 7.42361542e-07
 3.09615598e-07 1.40396435e-05 1.31118659e-08 2.16691945e-07
 1.93824891e-11 7.79334122e-10 2.16691945e-07 6.41076366e-06
 1.14339735e-10 2.59150246e-07 1.80794013e-14 5.92172623e-11
 1.45098666e-09 9.43717929e-13 7.38137688e-11 2.95255083e-15
 3.09615598e-07 4.98033280e-15 5.12353012e-10 7.28113471e-09
 5.12353012e-10 3.42511079e-08 2.22014992e-05 5.97265054e-09
 8.79830246e-06 3.36269816e-06]","[3.52753344e-02 2.17777761e-04 1.08190121e-02 3.66410694e-02
 1.46046483e-02 3.74761379e-04 1.87811437e-02 3.72686203e-04
 6.22809029e-04 2.40088420e-02 3.17598079e-02 1.92646096e-05
 5.97624574e-03 4.87734253e-03 2.24323924e-04 1.77865642e-02
 6.95945143e-04 2.31620314e-01 1.88075424e-04 2.60126513e-01
 1.77841720e-03 1.47506266e-04 5.62860398e-02 7.60345241e-02
 5.75458027e-03 5.19930396e-05 2.57507306e-05 1.66305758e-02
 3.35800235e-02 1.10047271e-01 1.69944523e-02 2.61784795e-03
 1.90489361e-02 1.98668793e-03 2.97267212e-03 4.16635914e-03
 2.71952076e-03 2.01813247e-02 4.62886171e-03 3.44657768e-04
 7.43994073e-02 4.58385597e-03 8.21516162e-02 1.68514930e-05
 7.10266659e-06 7.76784411e-03 2.56010116e-04 5.34271991e-02
 3.03123293e-02 6.99898843e-02]","[9.15924792e-09 4.06197869e-05 6.25774987e-11 7.29683425e-10
 8.41014549e-06 1.80224683e-05 3.23182592e-11 9.00681635e-06
 2.01181738e-10 1.77323642e-06 9.17349530e-10 2.87108115e-11
 2.98018277e-11 1.47428292e-10 7.08001213e-10 9.65133495e-09
 1.38463696e-09 7.62538619e-06 1.49992241e-10 2.08923778e-09
 2.84853918e-10 1.39492085e-10 1.74968262e-10 1.73412266e-07
 3.12628560e-08 1.17234847e-05 7.83346832e-10 6.39248732e-09
 1.75392700e-10 1.90115479e-10 2.51390988e-08 7.02975024e-08
 4.46962467e-11 1.42141717e-08 4.23072688e-12 1.52764135e-10
 5.66817704e-11 1.96450634e-11 5.79148729e-10 3.74658971e-10
 2.97031690e-08 1.59833058e-09 3.84711152e-11 1.01566078e-09
 1.02160169e-10 3.89504429e-09 1.71185607e-07 1.49229518e-10
 3.10980511e-08 1.15329736e-07]","[1.77391982e-04 1.00000000e-05 1.19058393e-05 6.39407578e-05
 4.67056331e-05 1.00000000e-05 1.45343904e-05 1.00000000e-05
 1.00000000e-05 3.67119143e-05 4.10517809e-05 1.00000000e-05
 1.00000000e-05 1.00000000e-05 1.00000000e-05 4.08111360e-05
 1.00000000e-05 1.03512042e-03 1.00000000e-05 7.26959310e-04
 1.00000000e-05 1.00000000e-05 1.99885983e-04 7.20194160e-05
 1.00000000e-05 1.00000000e-05 1.00000000e-05 2.72438967e-05
 3.10661618e-05 1.97364905e-04 1.81095842e-05 1.08006427e-05
 2.22331876e-05 1.00000000e-05 1.00000000e-05 1.00000000e-05
 1.00000000e-05 3.71358620e-05 1.00000000e-05 1.00000000e-05
 1.07844310e-04 1.00000000e-05 1.63232253e-04 1.00000000e-05
 1.00000000e-05 1.09884896e-05 1.00000000e-05 1.37146045e-04
 1.52647938e-04 6.20384636e-05]","[1.e-05 1.e-05 1.e-05 1.e-05 1.e-05 1.e-05 1.e-05 1.e-05 1.e-05 1.e-05
 1.e-05 1.e-05 1.e-05 1.e-05 1.e-05 1.e-05 1.e-05 1.e-05 1.e-05 1.e-05
 1.e-05 1.e-05 1.e-05 1.e-05 1.e-05 1.e-05 1.e-05 1.e-05 1.e-05 1.e-05
 1.e-05 1.e-05 1.e-05 1.e-05 1.e-05 1.e-05 1.e-05 1.e-05 1.e-05 1.e-05
 1.e-05 1.e-05 1.e-05 1.e-05 1.e-05 1.e-05 1.e-05 1.e-05 1.e-05 1.e-05]","[0.0542471  0.05024696 0.07470608 0.05658163 0.05812059 0.06651457
 0.06007952 0.06376825 0.05724834 0.06709009 0.05758077 0.07124177
 0.07094217 0.07074097 0.07594313 0.06422051 0.05950372 0.04777746
 0.06991323 0.05167442 0.06195113 0.0696315  0.07228729 0.06846344
 0.05768024 0.06839479 0.07158588 0.0661188  0.06211346 0.06266124
 0.06725942 0.06068491 0.0581417  0.06243664 0.05999296 0.0693584
 0.05461117 0.0739663  0.0757635  0.07815309 0.05847923 0.07866058
 0.05933011 0.07152489 0.07656839 0.07183701 0.07240808 0.06416144
 0.05078023 0.05474439]","[0.092083   0.08649559 0.09683155 0.10462968 0.0905826  0.08536998
 0.09745466 0.07503498 0.09873963 0.08670614 0.08352958 0.10225318
 0.10606728 0.10361159 0.1009487  0.10117308 0.08422777 0.0903282
 0.1055837  0.10314617 0.09969855 0.10764557 0.09960348 0.09331201
 0.09999263 0.10026181 0.10763347 0.09554558 0.11324104 0.1112618
 0.0976457  0.09802977 0.09215189 0.10274793 0.10327845 0.10044643
 0.08883085 0.12295854 0.10677526 0.11482071 0.09925593 0.11228753
 0.09695202 0.10581224 0.12103845 0.09768931 0.08687024 0.0935979
 0.10722628 0.08198854]","[1.48065476e-05 7.91668137e-05 3.74279843e-10 5.24501170e-06
 2.58364982e-06 3.88531288e-08 1.02057637e-06 1.63264284e-07
 3.86846407e-06 2.85386078e-08 3.31925337e-06 2.84791007e-09
 3.37888130e-09 3.78841959e-09 1.77138003e-10 1.29429398e-07
 1.34525870e-06 2.09018017e-04 6.04468837e-09 4.41697695e-05
 4.08251523e-07 7.07772081e-09 1.55943496e-09 1.35210348e-08
 3.17005707e-06 1.40405393e-08 2.33809706e-09 4.79620576e-08
 3.76564331e-07 2.86254944e-07 2.60489080e-08 7.61158379e-07
 2.55833398e-06 3.20410971e-07 1.06402839e-06 8.24229100e-09
 1.26304297e-05 5.82003149e-10 1.97614811e-10 4.51414659e-11
 2.18465385e-06 3.27957338e-11 1.46132683e-06 2.42144927e-09
 1.20798306e-10 2.02340943e-09 1.45379839e-09 1.33428040e-07
 6.37825450e-05 1.19135393e-05]","[3.29642988e-15 1.81555630e-13 8.95851323e-17 1.61693268e-19
 9.91559121e-15 3.94887240e-13 5.50660140e-17 3.07143247e-10
 1.99856321e-17 1.56816848e-13 1.37613718e-12 1.16811187e-18
 4.78106364e-20 3.79347008e-19 3.39174476e-18 2.82631261e-18
 8.59746236e-13 1.19296123e-14 7.21669681e-20 5.58627546e-19
 9.29947770e-18 1.23077194e-20 1.00356202e-17 1.31944077e-15
 7.34364071e-18 5.91262524e-18 1.24373878e-20 2.42161335e-16
 8.50993246e-23 5.08971490e-22 4.74033802e-17 3.50426876e-17
 3.13253095e-15 7.76852357e-19 5.00526984e-19 5.09414914e-18
 3.50515510e-14 8.22615974e-27 2.60763526e-20 1.99543591e-23
 1.32502544e-17 2.02239558e-22 8.15606799e-17 5.94204241e-20
 5.43220479e-26 4.58074799e-17 1.39862821e-13 1.06445387e-15
 1.76847625e-20 3.83282640e-12]","[0.00033689 0.00097072 0.00172317 0.0003047  0.00143301 0.00248849
 0.00084245 0.00204456 0.00185454 0.00147855 0.00110638 0.00327396
 0.00170255 0.00138474 0.0019083  0.00195706 0.00070715 0.00044298
 0.00316405 0.00047374 0.00071001 0.00218499 0.00224602 0.00147891
 0.00121379 0.00182712 0.00273204 0.00199354 0.00159192 0.00076103
 0.00246894 0.0011555  0.00118399 0.00167871 0.0007211  0.00096846
 0.00189126 0.00124002 0.00407219 0.00149834 0.00117278 0.00308907
 0.00095975 0.00179398 0.0023756  0.00106418 0.00208116 0.00163722
 0.00103891 0.00075591]","[0.00651729 0.00392783 0.00692487 0.00718236 0.00531232 0.00363982
 0.00733435 0.00242913 0.00721622 0.00368083 0.00463188 0.00479209
 0.0061897  0.0065335  0.00680852 0.00459206 0.00573409 0.00626981
 0.0048852  0.00947094 0.00963414 0.00702596 0.00667405 0.00540257
 0.00577724 0.00628614 0.00574839 0.00616157 0.00692999 0.01237369
 0.0036937  0.00704074 0.00599039 0.00651228 0.00734425 0.00744891
 0.00319028 0.01080096 0.00627947 0.01322079 0.00618589 0.00592327
 0.00809348 0.00795567 0.00922132 0.0072453  0.00438786 0.00508022
 0.00718343 0.00560319]","[0.01656894 0.02449195 0.02538097 0.0153414  0.02954983 0.03487545
 0.02177937 0.03449579 0.0320869  0.02698251 0.02195545 0.03810347
 0.0291673  0.02538442 0.02964543 0.03187172 0.01925982 0.01701924
 0.04069339 0.01745386 0.01862184 0.03160529 0.03205108 0.0266968
 0.02463451 0.03269321 0.03998069 0.02952527 0.02705336 0.02020098
 0.03735319 0.02393967 0.02326641 0.0287657  0.02074799 0.02216448
 0.03564533 0.02566467 0.04653699 0.02608645 0.02308053 0.03910269
 0.02398951 0.02972094 0.03623609 0.02383849 0.03641579 0.02893851
 0.0241737  0.02142047]","[0.06225006 0.04886288 0.06368853 0.06669057 0.05855999 0.04701284
 0.06681637 0.04175485 0.06879321 0.04949913 0.05554874 0.05452692
 0.06096328 0.06341344 0.06433918 0.05500138 0.06087882 0.06120836
 0.05742742 0.07504621 0.07499497 0.0665639  0.06325185 0.05829956
 0.05967648 0.0620787  0.05938491 0.06260743 0.06533679 0.08629146
 0.04871599 0.06372852 0.05956834 0.06213714 0.0661602  0.0674034
 0.04730459 0.07944374 0.06558247 0.08856349 0.0618199  0.06184887
 0.07056778 0.06803695 0.07300903 0.06615816 0.05421929 0.05724481
 0.0675266  0.06188933]",0.022640527384840146,7.288166824769674e-06,0.0460417354595535,2.1487658528106187e-05,0.027878051673648006,1.957688594897977e-06,0.05144888062738772,6.532710021566051e-06,7.38978060288374e-05,1e-05,0.00017576482583843013,0.0,0.06455782940864563,0.09906793926239015,0.007880221629879376,0.009776481587867482,0.001583688259124756,0.006489758491516113,0.0008007323173599225,0.0020864658857220357,0.027845156705197743,0.06263393613303357,0.0070101372865716055,0.008998652552365842
df2,0.4,0.4,0.0,"[3.77043497e-03 8.82599083e-02 1.89004559e-03 2.41482152e-01
 1.03408932e-03 2.41040115e-02 2.64676308e-02 6.52148041e-03
 1.81007354e-07 4.95346404e-02 4.21554189e-03 2.41040115e-02
 6.26876255e-04 1.89004559e-03 2.90339156e-02 1.11358879e-01
 6.26876255e-04 6.52148041e-03 1.26822204e-04 3.95729931e-06
 5.25376643e-03 5.39576008e-02 1.72496272e-01 1.60771824e-01
 2.11739817e-01 3.80948244e-02 1.67865304e-03 1.72496272e-01
 3.80948244e-02 9.58129418e-05 7.11507895e-04 2.38884447e-03
 2.90339156e-02 5.87165796e-02 1.45688880e-04 5.25376643e-03
 1.10287908e-04 1.80967606e-02 1.91681353e-04 3.36894521e-03
 2.41040115e-02 1.29372179e-01 6.26876255e-04 4.21554189e-03
 4.21554189e-03 7.25488863e-03 4.70847031e-03 1.67865304e-03
 3.77043497e-03 2.58137431e-05]","[6.83217462e-23 1.59199965e-08 1.27528784e-18 1.54554888e-11
 2.26988766e-15 9.59715417e-10 1.14339735e-10 1.19798113e-12
 1.02511949e-15 5.97265054e-09 6.18553174e-12 1.92461767e-12
 3.60824945e-20 7.38137688e-11 1.19798113e-12 4.89436847e-09
 8.21358136e-14 2.16691945e-07 6.24499263e-07 4.98033280e-15
 6.00359848e-16 1.76400398e-10 2.67024896e-16 1.54554888e-11
 7.38137688e-11 1.14339735e-10 1.74328977e-15 2.18772050e-10
 5.13913233e-17 6.32216726e-10 5.13913233e-17 1.19798113e-12
 5.97265054e-09 3.87118023e-14 1.19798113e-12 4.00670801e-09
 4.14795066e-10 3.42511079e-08 1.93824891e-11 1.80794013e-14
 1.05328756e-13 9.19151252e-11 1.31118659e-08 4.90739183e-12
 8.36667685e-15 5.97265054e-09 7.42666811e-13 7.42666811e-13
 4.14795066e-10 1.19798113e-12]","[3.77043497e-03 8.82599083e-02 1.89004559e-03 2.41482152e-01
 1.03408932e-03 2.41040115e-02 2.64676308e-02 6.52148041e-03
 1.81007354e-07 4.95346404e-02 4.21554189e-03 2.41040115e-02
 6.26876255e-04 1.89004559e-03 2.90339156e-02 1.11358879e-01
 6.26876255e-04 6.52148041e-03 1.26822204e-04 3.95729931e-06
 5.25376643e-03 5.39576008e-02 1.72496272e-01 1.60771824e-01
 2.11739817e-01 3.80948244e-02 1.67865304e-03 1.72496272e-01
 3.80948244e-02 9.58129418e-05 7.11507895e-04 2.38884447e-03
 2.90339156e-02 5.87165796e-02 1.45688880e-04 5.25376643e-03
 1.10287908e-04 1.80967606e-02 1.91681353e-04 3.36894521e-03
 2.41040115e-02 1.29372179e-01 6.26876255e-04 4.21554189e-03
 4.21554189e-03 7.25488863e-03 4.70847031e-03 1.67865304e-03
 3.77043497e-03 2.58137431e-05]","[6.83217462e-23 1.59199965e-08 1.27528784e-18 1.54554888e-11
 2.26988766e-15 9.59715417e-10 1.14339735e-10 1.19798113e-12
 1.02511949e-15 5.97265054e-09 6.18553174e-12 1.92461767e-12
 3.60824945e-20 7.38137688e-11 1.19798113e-12 4.89436847e-09
 8.21358136e-14 2.16691945e-07 6.24499263e-07 4.98033280e-15
 6.00359848e-16 1.76400398e-10 2.67024896e-16 1.54554888e-11
 7.38137688e-11 1.14339735e-10 1.74328977e-15 2.18772050e-10
 5.13913233e-17 6.32216726e-10 5.13913233e-17 1.19798113e-12
 5.97265054e-09 3.87118023e-14 1.19798113e-12 4.00670801e-09
 4.14795066e-10 3.42511079e-08 1.93824891e-11 1.80794013e-14
 1.05328756e-13 9.19151252e-11 1.31118659e-08 4.90739183e-12
 8.36667685e-15 5.97265054e-09 7.42666811e-13 7.42666811e-13
 4.14795066e-10 1.19798113e-12]","[2.50875232e-03 2.19681396e-01 2.11511339e-03 3.03496431e-01
 8.65070392e-05 1.93960151e-01 1.88946591e-02 9.59780416e-03
 2.80296624e-07 5.60218168e-02 1.73513883e-02 1.01104376e-02
 4.49338365e-03 6.33409767e-04 7.11609262e-02 5.25442832e-02
 2.19203432e-03 1.88916340e-03 1.27982553e-04 1.92124107e-05
 1.48774861e-03 9.11911234e-02 9.78982530e-02 1.90190253e-01
 1.38841168e-01 6.23742952e-03 4.65249231e-04 1.78390079e-01
 8.67635217e-02 7.00263756e-06 7.71763081e-04 2.68679663e-04
 2.27952104e-02 3.66183642e-02 1.09673462e-03 4.71300773e-03
 8.57751006e-06 8.75582404e-03 2.42274798e-04 7.59616545e-03
 1.13390084e-02 1.94784720e-01 2.04285492e-03 2.74415058e-03
 3.36536674e-04 2.06938648e-03 4.56400383e-02 3.61422062e-03
 9.38198462e-03 3.31652995e-05]","[4.94105534e-10 3.16132676e-11 1.55882307e-09 3.22392335e-10
 4.93691421e-10 2.72299960e-11 6.46075415e-11 4.35141922e-11
 1.69084158e-09 7.32210959e-10 5.52997981e-10 1.34946276e-10
 2.60418365e-09 2.80654389e-11 5.12512255e-12 6.77923384e-10
 4.69077555e-10 3.44401507e-10 3.23805368e-08 9.50433066e-11
 7.73788811e-11 4.34233094e-10 9.27758981e-11 1.17750143e-10
 4.08131307e-11 1.10327081e-10 4.59037253e-11 1.24126709e-10
 1.52998392e-09 2.56092925e-11 1.05560671e-10 2.73211453e-11
 2.56106247e-11 1.79369186e-10 1.93837169e-11 1.43636991e-10
 1.21822441e-10 2.05248363e-09 2.84817614e-10 1.06527898e-10
 1.72381331e-10 2.91775493e-11 5.57272006e-11 4.10926848e-12
 2.74751333e-11 1.16359145e-10 9.98583438e-11 2.38312703e-11
 1.97683092e-10 4.54738802e-10]","[1.00000000e-05 2.80745541e-04 1.00000000e-05 8.99624161e-04
 1.00000000e-05 1.75715421e-04 2.19514378e-05 1.23994980e-05
 1.00000000e-05 1.15387242e-04 1.09321547e-05 3.46301599e-05
 1.00000000e-05 1.00000000e-05 3.51089674e-05 1.05114999e-04
 1.00000000e-05 1.00000000e-05 1.00000000e-05 1.00000000e-05
 1.00000000e-05 1.63237238e-04 1.89212485e-04 4.06235103e-04
 3.78168442e-04 1.73497343e-05 1.00000000e-05 1.16950019e-03
 1.12637995e-04 1.00000000e-05 1.00000000e-05 1.00000000e-05
 5.66099207e-05 1.23568701e-04 1.00000000e-05 1.00000000e-05
 1.00000000e-05 1.46760325e-05 1.00000000e-05 1.00000000e-05
 1.43638035e-05 5.84009500e-04 1.00000000e-05 1.00000000e-05
 1.00000000e-05 1.00000000e-05 4.49666752e-05 1.00000000e-05
 1.78266251e-05 1.00000000e-05]","[1.e-05 1.e-05 1.e-05 1.e-05 1.e-05 1.e-05 1.e-05 1.e-05 1.e-05 1.e-05
 1.e-05 1.e-05 1.e-05 1.e-05 1.e-05 1.e-05 1.e-05 1.e-05 1.e-05 1.e-05
 1.e-05 1.e-05 1.e-05 1.e-05 1.e-05 1.e-05 1.e-05 1.e-05 1.e-05 1.e-05
 1.e-05 1.e-05 1.e-05 1.e-05 1.e-05 1.e-05 1.e-05 1.e-05 1.e-05 1.e-05
 1.e-05 1.e-05 1.e-05 1.e-05 1.e-05 1.e-05 1.e-05 1.e-05 1.e-05 1.e-05]","[0.06921127 0.05337828 0.06794663 0.04778212 0.06360286 0.06028346
 0.05660056 0.07179563 0.07619286 0.06151642 0.06676264 0.06982321
 0.06559025 0.06857658 0.05590969 0.05851373 0.06873177 0.06062792
 0.06547333 0.0734136  0.06113876 0.0538657  0.05215962 0.05258852
 0.05105759 0.0607147  0.06564859 0.05975913 0.05859348 0.07480215
 0.06709472 0.07094089 0.05705238 0.05680745 0.07850182 0.05202475
 0.07489185 0.05795663 0.06950301 0.06979464 0.05673833 0.05330383
 0.07159918 0.05668436 0.07334122 0.06171242 0.05983766 0.06227594
 0.05995093 0.08540617]","[0.14163147 0.10350027 0.12599142 0.10978082 0.12813402 0.09123225
 0.10449271 0.12630117 0.13000917 0.11082154 0.10664327 0.10818394
 0.1382182  0.12342798 0.11110912 0.09660638 0.11817196 0.09620587
 0.10709629 0.12323395 0.12613823 0.11307195 0.12997339 0.12186114
 0.11077109 0.11355528 0.12715481 0.12000891 0.11741319 0.10518875
 0.12822487 0.11464807 0.09632691 0.11613359 0.10923134 0.12185218
 0.11923986 0.10721874 0.09353733 0.1047744  0.11369328 0.1098964
 0.10259496 0.10292645 0.12506063 0.10214959 0.12323267 0.11775687
 0.10740704 0.13525891]","[8.94495544e-09 2.15444691e-05 1.79418473e-08 2.08645272e-04
 1.77662489e-07 9.24869566e-07 5.20011196e-06 2.07225973e-09
 1.52080537e-10 5.06337677e-07 3.40260065e-08 6.35766132e-09
 6.34170926e-08 1.27053939e-08 7.10264873e-06 2.14956650e-06
 1.16641077e-08 7.82563990e-07 6.74384643e-08 8.07082108e-10
 6.09742651e-07 1.74695572e-05 3.60884470e-05 3.01378894e-05
 5.69511554e-05 7.50193286e-07 6.14985625e-08 1.19052482e-06
 2.07053070e-06 3.53311307e-10 2.84675580e-08 3.38135191e-09
 4.23212875e-06 4.73303627e-06 3.62510607e-11 3.81807781e-05
 3.34772935e-10 2.78862170e-06 7.60412834e-09 6.46024815e-09
 4.88441731e-06 2.22419070e-05 2.32029407e-09 5.00582225e-06
 8.42235112e-10 4.59578121e-07 1.14650363e-06 3.47236043e-07
 1.08576763e-06 3.85205099e-13]","[1.81880424e-35 4.16207234e-19 3.92351061e-28 1.90047904e-21
 4.36918709e-29 6.16886732e-15 1.81438101e-19 2.86332247e-28
 6.20496922e-30 7.54389165e-22 2.92052601e-20 7.71141046e-21
 8.60271022e-34 5.16155284e-27 5.83497915e-22 1.06727088e-16
 8.60043058e-25 1.45574127e-16 1.97823739e-20 6.25949534e-27
 3.37969423e-28 9.92726525e-23 6.44216015e-30 2.42845567e-26
 7.89106275e-22 6.38743452e-23 1.19698296e-28 1.47623915e-25
 1.76673086e-24 1.00871646e-19 3.97760314e-29 2.34049956e-23
 1.32557077e-16 5.88597127e-24 3.08447707e-21 2.44991861e-26
 3.09768439e-25 1.78002821e-20 1.11406106e-15 1.43136904e-19
 5.62985371e-23 1.71587741e-21 8.81454688e-19 6.70205422e-19
 1.00628332e-27 1.27194099e-18 6.26744489e-27 1.27588464e-24
 1.51289034e-20 2.25478319e-32]","[0.00109196 0.00049376 0.00123203 0.00072086 0.00222492 0.0008229
 0.00142241 0.0021342  0.00255322 0.00132966 0.00132358 0.00319672
 0.0008409  0.00352085 0.00172794 0.00065303 0.00254571 0.0005182
 0.00085068 0.00171936 0.0017699  0.00169551 0.00130928 0.00083828
 0.00064278 0.0012275  0.00083458 0.00170565 0.0007087  0.00326312
 0.00165284 0.00381649 0.00085258 0.00131452 0.00246131 0.00066876
 0.00176585 0.00099528 0.00179613 0.00135899 0.00128818 0.00140202
 0.00345552 0.00067818 0.00287056 0.00057018 0.0012573  0.00177515
 0.0011797  0.00244546]","[0.01299858 0.00837302 0.01083326 0.0085454  0.00974381 0.00647235
 0.00599635 0.01046836 0.01114404 0.00645173 0.01030695 0.00540268
 0.01558912 0.00683033 0.01019752 0.00770569 0.00775743 0.00952756
 0.01179564 0.00903261 0.01245415 0.00652719 0.01229775 0.00963557
 0.00943887 0.00836158 0.01227832 0.00711548 0.00960231 0.0060581
 0.01096725 0.00614488 0.0076834  0.00924957 0.00828636 0.01271403
 0.00900471 0.00992513 0.006078   0.00905919 0.00942254 0.01041007
 0.00597179 0.00968146 0.00859749 0.01032925 0.00978589 0.0083096
 0.01113236 0.01507962]","[0.02290014 0.01835465 0.02697883 0.02019743 0.03749643 0.02120096
 0.02934688 0.02983699 0.03508806 0.02682598 0.0246984  0.04361615
 0.02303217 0.03949135 0.03036038 0.02261617 0.03348124 0.01518024
 0.02156001 0.02847184 0.02974491 0.02778634 0.02786348 0.02075713
 0.01925726 0.02744309 0.02136464 0.02699023 0.01890641 0.03682898
 0.02731264 0.04322636 0.02159346 0.02478452 0.03192788 0.02209516
 0.02963629 0.02218021 0.02888279 0.02511711 0.02719827 0.02700188
 0.03730891 0.01919384 0.03818032 0.01915993 0.02377405 0.02907203
 0.02450101 0.03266441]","[0.08756666 0.07018062 0.0775989  0.07163472 0.07343149 0.06329286
 0.06211203 0.07852192 0.0832705  0.06130741 0.08006868 0.05740117
 0.09669591 0.06515476 0.08032576 0.06836542 0.0706739  0.07550281
 0.08422003 0.07645535 0.08723742 0.06300462 0.085746   0.07856158
 0.07669752 0.07238745 0.08515026 0.06683378 0.07534229 0.0617523
 0.08187222 0.06310004 0.06997211 0.07567712 0.07350475 0.08639478
 0.07204441 0.07917005 0.06201164 0.07458161 0.07702413 0.07828536
 0.06239793 0.07753064 0.07099106 0.0782306  0.07762973 0.07180295
 0.08312462 0.09590659]",0.03548486071539199,1.8692983457878465e-08,0.059829012424639824,9.178569266081574e-08,0.042264192561477565,9.91962156859927e-10,0.07149308874195406,4.518668380673028e-09,0.00010487944049869002,1e-05,0.00022417362679262403,0.0,0.06334958520889283,0.11474185252666472,0.00811096341078597,0.011711520927187687,0.0015704631805419922,0.009335486888885499,0.0008578827561745553,0.0023071483317351356,0.027249755545048625,0.07495492984722567,0.00655202150255824,0.008831652635320998
df2,0.45,0.45,0.0,"[2.68158880e-03 6.26876255e-04 1.10005675e-02 5.46398884e-06
 3.27832948e-04 8.06755085e-04 8.06268875e-03 1.48741570e-02
 1.89004559e-03 8.06755085e-04 3.36894521e-03 1.91681353e-04
 7.25488863e-03 3.48322136e-02 9.92823487e-03 2.19294824e-02
 1.45688880e-04 1.23948622e-06 9.13835051e-04 2.38884447e-03
 6.26876255e-04 1.03408932e-03 4.85152370e-04 1.45688880e-04
 1.03159376e-01 4.67045972e-05 1.48741570e-02 3.48322136e-02
 4.26159664e-04 1.34646549e-02 5.25376643e-03 1.11358879e-01
 4.95346404e-02 2.51182002e-04 2.12592488e-03 8.31541824e-05
 2.90339156e-02 4.21554189e-03 3.48322136e-02 2.05084189e-06
 1.26822204e-04 1.90755446e-05 1.32017364e-03 8.82599083e-02
 1.99311438e-02 6.52148041e-03 3.47919250e-05 8.15145929e-02
 7.20954134e-05 8.06268875e-03]","[2.03413945e-16 1.67853513e-17 2.67024896e-16 8.93744884e-17
 4.97944383e-14 6.39848579e-14 4.90739183e-12 7.42361542e-07
 7.38137688e-11 7.84899525e-16 6.18553174e-12 4.14795066e-10
 3.00652497e-14 6.60370667e-20 1.05328756e-13 4.58538879e-13
 7.84899525e-16 6.00359848e-16 3.59754634e-13 2.18494984e-19
 2.95255083e-15 1.54798729e-16 4.97944383e-14 1.08277464e-14
 4.58538879e-13 1.54554888e-11 7.38137688e-11 4.98033280e-15
 3.83661921e-15 2.18772050e-10 7.84899525e-16 4.58538879e-13
 8.93744884e-17 3.59754634e-13 1.02511949e-15 6.45842239e-15
 2.26988766e-15 1.02511949e-15 3.83661921e-15 1.72684385e-13
 1.05328756e-13 1.51920849e-12 4.88387176e-20 3.03881495e-18
 4.88387176e-20 4.58740572e-16 3.87118023e-14 2.26988766e-15
 1.39985076e-14 8.21358136e-14]","[2.68158880e-03 6.26876255e-04 1.10005675e-02 5.46398884e-06
 3.27832948e-04 8.06755085e-04 8.06268875e-03 1.48741570e-02
 1.89004559e-03 8.06755085e-04 3.36894521e-03 1.91681353e-04
 7.25488863e-03 3.48322136e-02 9.92823487e-03 2.19294824e-02
 1.45688880e-04 1.23948622e-06 9.13835051e-04 2.38884447e-03
 6.26876255e-04 1.03408932e-03 4.85152370e-04 1.45688880e-04
 1.03159376e-01 4.67045972e-05 1.48741570e-02 3.48322136e-02
 4.26159664e-04 1.34646549e-02 5.25376643e-03 1.11358879e-01
 4.95346404e-02 2.51182002e-04 2.12592488e-03 8.31541824e-05
 2.90339156e-02 4.21554189e-03 3.48322136e-02 2.05084189e-06
 1.26822204e-04 1.90755446e-05 1.32017364e-03 8.82599083e-02
 1.99311438e-02 6.52148041e-03 3.47919250e-05 8.15145929e-02
 7.20954134e-05 8.06268875e-03]","[2.03413945e-16 1.67853513e-17 2.67024896e-16 8.93744884e-17
 4.97944383e-14 6.39848579e-14 4.90739183e-12 7.42361542e-07
 7.38137688e-11 7.84899525e-16 6.18553174e-12 4.14795066e-10
 3.00652497e-14 6.60370667e-20 1.05328756e-13 4.58538879e-13
 7.84899525e-16 6.00359848e-16 3.59754634e-13 2.18494984e-19
 2.95255083e-15 1.54798729e-16 4.97944383e-14 1.08277464e-14
 4.58538879e-13 1.54554888e-11 7.38137688e-11 4.98033280e-15
 3.83661921e-15 2.18772050e-10 7.84899525e-16 4.58538879e-13
 8.93744884e-17 3.59754634e-13 1.02511949e-15 6.45842239e-15
 2.26988766e-15 1.02511949e-15 3.83661921e-15 1.72684385e-13
 1.05328756e-13 1.51920849e-12 4.88387176e-20 3.03881495e-18
 4.88387176e-20 4.58740572e-16 3.87118023e-14 2.26988766e-15
 1.39985076e-14 8.21358136e-14]","[1.20810558e-02 1.42890705e-04 3.18780898e-03 1.95947628e-05
 7.95297386e-06 7.50012148e-04 1.49960534e-02 9.60367822e-02
 2.90123094e-03 5.11918525e-05 1.54067046e-02 1.30968457e-03
 3.81768121e-03 1.13378165e-02 3.60547701e-03 1.47326785e-02
 2.48855424e-04 7.01604017e-06 6.70201757e-04 1.37170146e-03
 3.45236043e-03 3.01791534e-03 6.11594907e-04 6.89815750e-06
 1.24731946e-02 5.49248335e-05 7.94307077e-03 9.45661124e-02
 7.99057022e-03 2.87322314e-02 1.40482760e-02 6.76264398e-02
 1.06162356e-01 1.38116140e-04 2.48001021e-03 4.09086466e-04
 3.60651608e-02 1.52188626e-02 9.86238534e-02 2.25692918e-06
 4.42896303e-04 1.13996311e-04 4.14299523e-03 1.43106867e-01
 5.13612774e-02 1.15821243e-02 3.91004758e-07 5.57457163e-02
 1.46047174e-04 6.62705411e-03]","[3.21355165e-11 1.62154734e-10 1.14107945e-10 2.63039590e-11
 1.01442321e-09 3.25203864e-10 7.77189424e-12 1.28919627e-08
 5.21094279e-12 2.41534903e-10 4.08628686e-12 4.00333100e-11
 2.71024980e-10 8.68121131e-11 4.02043954e-11 2.22427632e-11
 8.58176863e-11 7.40653872e-10 2.11828222e-10 8.35646441e-10
 2.17614926e-10 9.50214352e-11 1.48779100e-10 1.72976078e-11
 4.34529079e-11 3.77180509e-11 7.49778017e-12 2.24082974e-11
 3.69403175e-10 8.70328254e-11 5.97771832e-11 4.24967839e-10
 1.10297660e-10 6.84714507e-11 2.66667799e-11 2.27251551e-11
 3.12198711e-10 1.80575777e-10 3.77390341e-10 4.58660887e-11
 5.27384914e-10 2.82810442e-11 2.09582862e-09 2.05780060e-10
 1.87613480e-10 4.08847067e-10 9.75582948e-11 7.45678408e-10
 7.74544651e-10 3.96760402e-11]","[1.00000000e-05 1.00000000e-05 1.00000000e-05 1.00000000e-05
 1.00000000e-05 1.00000000e-05 2.23387395e-05 6.47953609e-04
 1.00000000e-05 1.00000000e-05 1.00000000e-05 1.00000000e-05
 1.00000000e-05 1.90547978e-05 1.00000000e-05 2.63758932e-05
 1.00000000e-05 1.00000000e-05 1.00000000e-05 1.00000000e-05
 1.00000000e-05 1.00000000e-05 1.00000000e-05 1.00000000e-05
 4.60305840e-05 1.00000000e-05 1.00000000e-05 9.28559738e-05
 1.00000000e-05 2.25209319e-05 1.00000000e-05 1.65088914e-04
 1.04589267e-04 1.00000000e-05 1.00000000e-05 1.00000000e-05
 4.39390154e-05 1.00000000e-05 1.24549904e-04 1.00000000e-05
 1.00000000e-05 1.00000000e-05 1.00000000e-05 2.11489019e-04
 3.38665761e-05 1.26804035e-05 1.00000000e-05 2.18789349e-04
 1.00000000e-05 1.00000000e-05]","[1.e-05 1.e-05 1.e-05 1.e-05 1.e-05 1.e-05 1.e-05 1.e-05 1.e-05 1.e-05
 1.e-05 1.e-05 1.e-05 1.e-05 1.e-05 1.e-05 1.e-05 1.e-05 1.e-05 1.e-05
 1.e-05 1.e-05 1.e-05 1.e-05 1.e-05 1.e-05 1.e-05 1.e-05 1.e-05 1.e-05
 1.e-05 1.e-05 1.e-05 1.e-05 1.e-05 1.e-05 1.e-05 1.e-05 1.e-05 1.e-05
 1.e-05 1.e-05 1.e-05 1.e-05 1.e-05 1.e-05 1.e-05 1.e-05 1.e-05 1.e-05]","[0.06381455 0.07223149 0.06341752 0.07931885 0.06564745 0.06811162
 0.0672811  0.05555398 0.06975795 0.06814305 0.06326878 0.0738081
 0.06814308 0.07066838 0.05961409 0.06537786 0.06744403 0.07669601
 0.06313252 0.06093057 0.07583234 0.07741475 0.06645905 0.07444532
 0.06145976 0.07817621 0.07665508 0.05368859 0.07225148 0.06168013
 0.0601432  0.04705098 0.06407959 0.06029164 0.08039526 0.0736106
 0.05844582 0.06778786 0.06310328 0.08580887 0.07589427 0.07949351
 0.06671335 0.0467988  0.0671672  0.05748757 0.07482451 0.06304453
 0.07323169 0.06058241]","[0.13845037 0.13768031 0.13449137 0.12930554 0.10758735 0.1204324
 0.12017279 0.1058771  0.10696864 0.14341816 0.12240109 0.09896355
 0.13160739 0.12940574 0.13020818 0.12376679 0.11629602 0.12901016
 0.11860204 0.12630424 0.12997589 0.13923207 0.11623738 0.12828255
 0.12151141 0.1190279  0.11594784 0.12519814 0.12265089 0.12530222
 0.11928856 0.12767757 0.12281728 0.12513301 0.12286592 0.12295991
 0.12426017 0.12858259 0.12697304 0.12302302 0.12812188 0.13250806
 0.15080234 0.12902845 0.14502087 0.14684963 0.1261372  0.12995809
 0.12359333 0.12197877]","[1.59440450e-07 1.61073700e-09 1.95261549e-07 2.16016308e-11
 6.15355417e-08 1.63963644e-08 2.57456882e-08 8.32700698e-06
 6.59437653e-09 1.61170181e-08 2.10595622e-07 6.39258092e-10
 1.61167533e-08 3.94776258e-09 1.27615317e-06 7.09051054e-08
 2.35750609e-08 1.11676221e-10 2.25662115e-07 6.75185970e-07
 1.89507776e-10 7.15883310e-11 4.00212881e-08 4.37517136e-10
 5.20692573e-07 4.44912312e-11 1.14525648e-10 1.88565705e-05
 1.59217426e-09 4.66982603e-07 9.89712324e-07 2.75535386e-04
 1.39167085e-07 9.21218631e-07 1.08318902e-11 7.18505998e-10
 2.21915668e-06 1.95624503e-08 2.29028976e-07 2.92025952e-13
 1.82492678e-10 1.93250079e-11 3.49362678e-08 3.02970034e-04
 2.73774009e-08 3.46516344e-06 3.48598349e-10 2.35940012e-07
 8.98291365e-10 8.00072270e-07]","[6.63786411e-34 1.56595882e-33 5.19891120e-32 1.29503311e-29
 1.29440709e-20 9.79528716e-26 1.25979298e-25 5.62272063e-20
 2.20812970e-20 2.32544249e-36 1.42739162e-26 1.67272022e-17
 1.14921992e-30 1.16649541e-29 5.03553564e-30 3.68303343e-27
 5.05586622e-24 1.76156476e-29 5.70685869e-25 2.85439715e-28
 6.42531511e-30 2.76362101e-34 5.34127106e-24 3.74727007e-29
 3.42185247e-26 3.79645709e-25 7.00174076e-24 8.75956448e-28
 1.11538708e-26 7.88579209e-28 2.95607970e-25 6.99600638e-29
 9.46136016e-27 9.35449373e-28 9.01652985e-27 8.21499426e-27
 2.24921285e-27 2.74639337e-29 1.44198646e-28 7.71685757e-27
 4.42434097e-29 4.40242567e-31 3.57792884e-40 1.72835151e-29
 3.59338598e-37 4.15816255e-38 3.38323751e-28 6.54630408e-30
 4.37821848e-27 2.16342509e-26]","[0.00142968 0.00251043 0.00166786 0.00260627 0.00229883 0.002195
 0.00203991 0.00034869 0.00140846 0.00185633 0.00111926 0.00194752
 0.00182223 0.00216174 0.00158632 0.00186253 0.00162745 0.00261939
 0.00074029 0.00146103 0.00226772 0.00548375 0.00144088 0.00461948
 0.00177526 0.00171971 0.00281119 0.00233102 0.00168371 0.00145125
 0.00131428 0.00077832 0.00089705 0.00069082 0.00201821 0.00220704
 0.00090766 0.00128925 0.00130904 0.00372016 0.00200891 0.00238621
 0.00083292 0.00043821 0.00208247 0.0007627  0.00201046 0.00180912
 0.00255537 0.00116038]","[0.01156461 0.01115632 0.01566339 0.01007795 0.00718117 0.01115286
 0.00788224 0.00976849 0.01044226 0.0140326  0.01095843 0.00755537
 0.01042378 0.00997341 0.01057231 0.01036906 0.01061559 0.01104438
 0.01312828 0.01357687 0.01088953 0.00716782 0.00991488 0.00682092
 0.01150179 0.01013923 0.0094856  0.00832391 0.01210821 0.01002502
 0.01099944 0.01083052 0.01141179 0.01232374 0.01355183 0.01159108
 0.01348865 0.01380718 0.01181352 0.01069307 0.01098502 0.01099432
 0.0148592  0.01242566 0.01312089 0.01640522 0.01130354 0.00982141
 0.0099299  0.00905955]","[0.02568215 0.03437875 0.0280648  0.03389904 0.03653959 0.03059063
 0.03202564 0.01597146 0.02645784 0.02907265 0.02304412 0.02938018
 0.02929301 0.03395251 0.02593931 0.02902964 0.02761359 0.03555911
 0.01982151 0.02463501 0.03159839 0.05232808 0.02502602 0.05177867
 0.0289189  0.03016112 0.03438825 0.03576914 0.0281141  0.02756147
 0.02481745 0.01997314 0.02191306 0.01894359 0.02983052 0.03128971
 0.02181778 0.02420975 0.02433295 0.03862441 0.03234174 0.03117857
 0.02144269 0.01764931 0.03041252 0.02003403 0.03408693 0.0299024
 0.03238226 0.02446536]","[0.08267702 0.08138084 0.09567669 0.07928861 0.06715663 0.08164889
 0.0686727  0.07984555 0.08048337 0.09005393 0.08277076 0.06851944
 0.07962398 0.07741123 0.07834021 0.07901487 0.0795715  0.08237645
 0.09183748 0.09018452 0.08002174 0.06775712 0.07840881 0.0641802
 0.08538244 0.08032674 0.07602286 0.07212046 0.08540729 0.07716132
 0.08298148 0.08250613 0.08353607 0.08463412 0.09243374 0.08382799
 0.08895261 0.09064023 0.0848099  0.08000245 0.08166793 0.08178604
 0.09403566 0.08697604 0.08869716 0.09836664 0.08171368 0.07546255
 0.07869672 0.07435649]",0.014673737986422615,1.4863473089665567e-08,0.02671273166848482,1.0392831643536437e-07,0.01911150095606727,4.989103086217028e-10,0.033395957176235176,1.8064439871421797e-09,4.284245953410809e-05,1e-05,9.938981797717607e-05,0.0,0.0673275715637207,0.1258379032087326,0.008242928620359616,0.009890976211148978,0.001841435432434082,0.011058635711669922,0.0009353982833870156,0.0020489720194826755,0.028924856610286986,0.0815881462073971,0.007042639328251716,0.007252343250899732
df2,0.5,0.5,0.0,"[1.48940867e-03 5.51757155e-04 1.48940867e-03 2.85456402e-06
 2.41040115e-02 9.58129418e-05 4.26159664e-04 2.41040115e-02
 4.70847031e-03 2.58137431e-05 6.26876255e-04 6.93218252e-02
 6.52148041e-03 3.95729931e-06 2.68158880e-03 8.95145539e-03
 1.26822204e-04 1.29372179e-01 2.87103585e-04 5.85633896e-03
 8.06755085e-04 2.90339156e-02 1.48741570e-02 8.06268875e-03
 7.25488863e-03 2.99835482e-05 2.38884447e-03 3.18171260e-02
 8.95145539e-03 2.38884447e-03 5.51757155e-04 2.68158880e-03
 2.38884447e-03 1.02917236e-05 1.39231997e-01 8.06268875e-03
 6.26876255e-04 1.10287908e-04 1.32017364e-03 2.90339156e-02
 1.20088801e-01 3.00718998e-03 9.92823487e-03 5.51757155e-04
 5.25376643e-03 6.26876255e-04 3.73964604e-04 8.06755085e-04
 6.24499263e-07 7.11507895e-04]","[1.96348850e-20 1.67853513e-17 2.93930826e-19 2.03413945e-16
 2.94303610e-17 5.39368124e-18 1.39985076e-14 2.81965513e-13
 1.67853513e-17 7.82155399e-21 3.56853685e-23 6.78067547e-17
 1.76381982e-30 7.11203305e-19 3.89102510e-17 3.08714081e-21
 8.92004797e-20 2.81965513e-13 6.64674147e-25 4.00670801e-09
 1.08277464e-14 9.52846065e-19 6.00359848e-16 7.84899525e-16
 4.58740572e-16 4.90739183e-12 2.03413945e-16 1.72684385e-13
 4.88387176e-20 8.81076169e-22 4.98033280e-15 3.50171296e-16
 6.00359848e-16 5.83855471e-13 2.57505865e-23 1.44619791e-20
 2.47371214e-22 8.36667685e-15 8.93744884e-17 1.39985076e-14
 7.42666811e-13 2.27745029e-18 2.27745029e-18 2.22374207e-17
 4.98033280e-15 1.02511949e-15 8.21358136e-14 1.02511949e-15
 6.78067547e-17 5.30299497e-19]","[1.48940867e-03 5.51757155e-04 1.48940867e-03 2.85456402e-06
 2.41040115e-02 9.58129418e-05 4.26159664e-04 2.41040115e-02
 4.70847031e-03 2.58137431e-05 6.26876255e-04 6.93218252e-02
 6.52148041e-03 3.95729931e-06 2.68158880e-03 8.95145539e-03
 1.26822204e-04 1.29372179e-01 2.87103585e-04 5.85633896e-03
 8.06755085e-04 2.90339156e-02 1.48741570e-02 8.06268875e-03
 7.25488863e-03 2.99835482e-05 2.38884447e-03 3.18171260e-02
 8.95145539e-03 2.38884447e-03 5.51757155e-04 2.68158880e-03
 2.38884447e-03 1.02917236e-05 1.39231997e-01 8.06268875e-03
 6.26876255e-04 1.10287908e-04 1.32017364e-03 2.90339156e-02
 1.20088801e-01 3.00718998e-03 9.92823487e-03 5.51757155e-04
 5.25376643e-03 6.26876255e-04 3.73964604e-04 8.06755085e-04
 6.24499263e-07 7.11507895e-04]","[1.96348850e-20 1.67853513e-17 2.93930826e-19 2.03413945e-16
 2.94303610e-17 5.39368124e-18 1.39985076e-14 2.81965513e-13
 1.67853513e-17 7.82155399e-21 3.56853685e-23 6.78067547e-17
 1.76381982e-30 7.11203305e-19 3.89102510e-17 3.08714081e-21
 8.92004797e-20 2.81965513e-13 6.64674147e-25 4.00670801e-09
 1.08277464e-14 9.52846065e-19 6.00359848e-16 7.84899525e-16
 4.58740572e-16 4.90739183e-12 2.03413945e-16 1.72684385e-13
 4.88387176e-20 8.81076169e-22 4.98033280e-15 3.50171296e-16
 6.00359848e-16 5.83855471e-13 2.57505865e-23 1.44619791e-20
 2.47371214e-22 8.36667685e-15 8.93744884e-17 1.39985076e-14
 7.42666811e-13 2.27745029e-18 2.27745029e-18 2.22374207e-17
 4.98033280e-15 1.02511949e-15 8.21358136e-14 1.02511949e-15
 6.78067547e-17 5.30299497e-19]","[1.26781011e-02 5.61408358e-04 3.68761753e-05 5.18551461e-05
 7.62012717e-03 2.28855957e-03 6.33480367e-05 4.82466140e-02
 2.79534394e-03 5.22806010e-06 2.79419385e-04 5.52517225e-02
 5.40738221e-03 1.46214691e-05 9.52653538e-03 4.04634310e-02
 1.09319279e-04 2.18285968e-01 4.52164334e-04 3.78430499e-03
 2.57173820e-05 1.42789352e-01 8.80331033e-03 4.11943389e-03
 3.79665310e-03 4.17366066e-06 4.74769233e-03 1.20233436e-02
 5.96917693e-03 1.35798449e-03 8.57322824e-04 4.73433683e-03
 1.39117697e-02 2.18067872e-06 4.15433915e-02 2.63848774e-02
 6.40189110e-04 3.50532503e-06 1.21990125e-02 3.01366102e-02
 1.92005497e-01 1.39529324e-03 1.31565056e-02 3.11053955e-04
 1.30399774e-02 3.79901644e-05 1.42514991e-04 7.71960911e-04
 4.64466920e-09 5.03898723e-04]","[2.52947574e-09 9.52719459e-10 2.03380734e-09 2.90693247e-10
 3.29938632e-10 1.25575994e-09 1.32827149e-09 1.89162019e-11
 2.72186718e-11 7.00826064e-11 7.68753061e-10 2.25036656e-11
 3.19840199e-09 3.55889762e-10 3.17627258e-10 6.13076812e-10
 1.92339478e-10 7.39952544e-12 1.43145495e-09 7.34864392e-11
 1.47600099e-09 1.17568189e-09 7.15765225e-11 1.41810008e-10
 7.31419370e-11 6.00430816e-12 7.27772287e-11 2.81952572e-10
 4.85853913e-10 1.61224700e-10 1.59245017e-09 5.47882739e-10
 1.92408312e-11 2.28364216e-10 1.35799372e-10 1.07565401e-10
 2.02451278e-10 1.34656619e-10 5.78820325e-11 1.88675187e-10
 5.19278842e-10 2.45303755e-09 9.75657111e-10 9.32044109e-10
 6.23190055e-10 1.43388967e-10 1.60132596e-09 4.31406133e-10
 3.18197357e-10 1.44498313e-09]","[1.00000000e-05 1.00000000e-05 1.00000000e-05 1.00000000e-05
 1.24630403e-05 1.00000000e-05 1.00000000e-05 4.66510012e-05
 1.00000000e-05 1.00000000e-05 1.00000000e-05 7.15280672e-05
 1.00000000e-05 1.00000000e-05 1.00000000e-05 2.45907428e-05
 1.00000000e-05 3.59063850e-04 1.00000000e-05 1.00000000e-05
 1.00000000e-05 1.13064277e-04 1.00000000e-05 1.00000000e-05
 1.00000000e-05 1.00000000e-05 1.00000000e-05 2.54351320e-05
 1.00000000e-05 1.00000000e-05 1.00000000e-05 1.00000000e-05
 1.00000000e-05 1.00000000e-05 1.36675669e-04 1.20302028e-05
 1.00000000e-05 1.00000000e-05 1.00000000e-05 3.21949332e-05
 3.17019482e-04 1.00000000e-05 1.50344596e-05 1.00000000e-05
 1.00000000e-05 1.00000000e-05 1.00000000e-05 1.00000000e-05
 1.00000000e-05 1.00000000e-05]","[1.e-05 1.e-05 1.e-05 1.e-05 1.e-05 1.e-05 1.e-05 1.e-05 1.e-05 1.e-05
 1.e-05 1.e-05 1.e-05 1.e-05 1.e-05 1.e-05 1.e-05 1.e-05 1.e-05 1.e-05
 1.e-05 1.e-05 1.e-05 1.e-05 1.e-05 1.e-05 1.e-05 1.e-05 1.e-05 1.e-05
 1.e-05 1.e-05 1.e-05 1.e-05 1.e-05 1.e-05 1.e-05 1.e-05 1.e-05 1.e-05
 1.e-05 1.e-05 1.e-05 1.e-05 1.e-05 1.e-05 1.e-05 1.e-05 1.e-05 1.e-05]","[0.07742921 0.06052326 0.07301352 0.09081064 0.06215898 0.07119949
 0.0801201  0.06976812 0.06813255 0.06905545 0.07612793 0.06390103
 0.073854   0.08386469 0.05944139 0.07168586 0.08563629 0.05987169
 0.06942955 0.0704897  0.07243985 0.05530947 0.06319188 0.06539125
 0.06758302 0.06964058 0.07953474 0.06895368 0.06634765 0.06515974
 0.07287843 0.0700592  0.07185308 0.07192777 0.06106734 0.05833858
 0.06763871 0.07254016 0.07141919 0.06858689 0.06476509 0.06482186
 0.06095519 0.07681353 0.08412158 0.06961803 0.06702352 0.07134979
 0.09114525 0.07271807]","[0.16767878 0.14277855 0.13910755 0.13778072 0.13072055 0.13583355
 0.12718141 0.15091672 0.14239415 0.15239182 0.14701361 0.1351412
 0.1589694  0.13089904 0.13912845 0.15553533 0.14547484 0.1388876
 0.15555713 0.12954792 0.12232314 0.15293253 0.13822812 0.14009513
 0.13524965 0.12304226 0.14827662 0.1176161  0.15565357 0.15181642
 0.13595501 0.12766492 0.1392326  0.1385053  0.14337751 0.14117427
 0.14237321 0.15439538 0.1434804  0.12954813 0.13615557 0.1432477
 0.12122655 0.13866777 0.14616618 0.13777782 0.13203894 0.13017328
 0.14499379 0.13842454]","[7.09476303e-11 8.23399707e-07 1.02102264e-09 8.39722398e-15
 3.68113739e-07 2.91759361e-09 1.29337124e-11 6.55694089e-09
 1.62098080e-08 9.75272803e-09 1.58240269e-10 1.52529873e-07
 6.22104706e-10 1.09855046e-12 1.38586688e-06 2.20747784e-09
 3.28878454e-13 1.12792204e-06 7.92202223e-09 4.36827984e-09
 1.42718724e-09 9.28343671e-06 2.18973716e-07 7.04087031e-08
 2.18649146e-08 7.04189764e-09 1.88229217e-11 1.03181856e-08
 4.24690949e-08 7.94861535e-08 1.10506989e-09 5.56885168e-09
 2.00474607e-09 1.92017192e-09 6.31470150e-07 2.33349780e-06
 2.12140669e-08 1.34627227e-09 2.57282651e-09 1.26335200e-08
 9.76419935e-08 9.48023136e-08 6.67105025e-07 1.03873909e-10
 9.23743318e-13 7.13119205e-09 2.95795499e-08 2.67720155e-09
 6.57493545e-15 1.21362968e-09]","[1.27330022e-49 4.87078105e-36 3.17865616e-34 1.40054139e-33
 2.93692663e-30 1.20254679e-32 1.16478078e-28 3.11197242e-40
 7.58346648e-36 5.09754095e-41 3.42243399e-38 2.56377045e-32
 1.28520668e-44 2.43277489e-30 3.10490939e-34 1.01630330e-42
 2.10919389e-37 4.06859348e-34 9.88801447e-43 1.00555632e-29
 1.54143766e-26 2.61464765e-41 8.50794111e-34 1.04421552e-34
 2.27766917e-32 7.57099961e-27 7.58150571e-39 1.45801435e-24
 8.75737805e-43 1.03457363e-40 1.05256552e-32 7.08767134e-29
 2.76197269e-34 6.24249997e-34 2.43755778e-36 3.06577698e-35
 7.76833727e-36 4.24349885e-42 2.16362369e-36 1.00534043e-29
 8.44504686e-33 2.83282245e-36 4.52110980e-26 5.20489287e-34
 9.33967299e-38 1.40506181e-33 7.26271116e-31 5.22349240e-30
 3.70919761e-37 6.83224747e-34]","[0.00209558 0.00208902 0.00279951 0.00425673 0.00153852 0.00226617
 0.00239325 0.00120175 0.00147736 0.00107515 0.0026381  0.00165641
 0.00279546 0.00284111 0.0017494  0.00281084 0.00257921 0.00191653
 0.00180197 0.00133193 0.00188208 0.0016439  0.00104988 0.00250161
 0.00154674 0.0019691  0.00415683 0.00169456 0.00333464 0.00278556
 0.00177264 0.00190437 0.00128245 0.00203848 0.00107074 0.00086546
 0.00133204 0.0016042  0.00177968 0.00180602 0.00070751 0.00281918
 0.00156462 0.00211787 0.00312924 0.00259483 0.00216126 0.00260603
 0.00396347 0.00421596]","[0.01968217 0.01464069 0.01183796 0.01092005 0.01183999 0.01318848
 0.01414645 0.01560175 0.01503134 0.01895344 0.01356161 0.01006281
 0.01485956 0.01023126 0.01023078 0.01417911 0.01645303 0.0112462
 0.01619899 0.01328218 0.01080167 0.01106584 0.01676393 0.01028776
 0.01399219 0.0124979  0.01114345 0.00972855 0.01407051 0.01373076
 0.01197433 0.01028562 0.01504064 0.01501215 0.0161761  0.01270998
 0.01600921 0.0183953  0.01723778 0.014238   0.01346898 0.01253176
 0.01112854 0.01419365 0.01262867 0.01308227 0.0130198  0.00949061
 0.01256299 0.00960302]","[0.0289878  0.03141468 0.04079986 0.04261525 0.02819142 0.03005302
 0.03367307 0.02439059 0.02596241 0.02235135 0.03889084 0.02742024
 0.03809651 0.03817915 0.0280243  0.03480443 0.03543216 0.02944284
 0.03143105 0.02468032 0.03320582 0.02884258 0.02362494 0.03515821
 0.02678133 0.02883691 0.04312571 0.02994447 0.04011464 0.03784009
 0.0341498  0.02834128 0.02389367 0.03062148 0.02238553 0.02237627
 0.02537349 0.02933872 0.02775692 0.0281171  0.02047109 0.03536284
 0.02613047 0.03380354 0.03717407 0.03596873 0.03141082 0.03657455
 0.04347874 0.04226232]","[0.10676632 0.09400522 0.08543203 0.0812942  0.08793532 0.08882539
 0.09330105 0.09697756 0.09236409 0.10496424 0.09283279 0.07795131
 0.09500982 0.07842305 0.0769595  0.09522104 0.09986486 0.08030825
 0.09952172 0.0894927  0.08260797 0.08122789 0.10249758 0.08041812
 0.09396086 0.08891405 0.0803405  0.07723983 0.09464019 0.09098111
 0.08413123 0.07823177 0.09385389 0.09543758 0.0972426  0.08644671
 0.09893664 0.10440599 0.10197129 0.09252843 0.09078424 0.08960258
 0.0820574  0.09168418 0.08798344 0.08929473 0.08967333 0.0760759
 0.08567342 0.07518675]",0.014234477878640607,8.027646875458513e-11,0.03159720889218238,5.609192214954061e-10,0.018866741210705022,6.484263481709718e-10,0.04446261196773267,7.468246994154275e-10,3.0915017121624185e-05,1e-05,6.738128638117158e-05,0.0,0.0703941307926178,0.14025501453399658,0.007760843864043348,0.01033248889648934,0.002144298553466797,0.013380396366119384,0.0008452313208518296,0.002491737471958096,0.03154614821439679,0.0896296122109839,0.006052723476206759,0.008211587266488789
df2,0.55,0.55,0.0,"[1.80967606e-02 7.25488863e-03 3.73964604e-04 6.26876255e-04
 2.51182002e-04 3.73964604e-04 2.19294824e-02 6.26876255e-04
 2.19534247e-04 1.21765095e-02 1.10005675e-02 2.51182002e-04
 1.48940867e-03 1.80967606e-02 1.64147482e-02 4.26159664e-04
 2.51182002e-04 4.85152370e-04 6.26876255e-04 9.58129418e-05
 4.70847031e-03 4.26159664e-04 3.80948244e-02 2.58137431e-05
 1.67865304e-03 9.92823487e-03 5.25376643e-03 3.00718998e-03
 7.25488863e-03 6.24445815e-05 9.13835051e-04 1.21765095e-02
 2.38884447e-03 1.48940867e-03 8.06755085e-04 1.99311438e-02
 1.21765095e-02 2.57475452e-01 3.47919250e-05 1.34646549e-02
 2.85456402e-06 8.06755085e-04 2.22014992e-05 4.21554189e-03
 1.34646549e-02 2.90339156e-02 4.21554189e-03 6.26876255e-04
 1.10287908e-04 3.36894521e-03]","[2.47371214e-22 4.96114708e-24 7.13959478e-29 3.60824945e-20
 4.94023307e-23 1.70487812e-25 6.91059303e-24 2.39934411e-25
 3.40355762e-22 1.67853513e-17 2.93930826e-19 1.06410050e-20
 4.05057199e-18 6.60370667e-20 8.92004797e-20 7.11203305e-19
 6.42340318e-22 1.34933703e-13 5.69539852e-31 4.96114708e-24
 2.57505865e-23 5.74326505e-21 6.00359848e-16 2.42826791e-11
 3.89924968e-31 4.05057199e-18 3.50171296e-16 1.02511949e-15
 9.52846065e-19 4.67812431e-22 2.81965513e-13 2.94303610e-17
 1.20365650e-19 2.93930826e-19 1.54798729e-16 1.39985076e-14
 5.39368124e-18 2.93930826e-19 3.08714081e-21 3.95007214e-19
 5.39368124e-18 2.47371214e-22 8.81076169e-22 9.61617488e-24
 6.42340318e-22 6.39848579e-14 4.94023307e-23 8.81076169e-22
 1.51487883e-26 3.37322101e-25]","[1.80967606e-02 7.25488863e-03 3.73964604e-04 6.26876255e-04
 2.51182002e-04 3.73964604e-04 2.19294824e-02 6.26876255e-04
 2.19534247e-04 1.21765095e-02 1.10005675e-02 2.51182002e-04
 1.48940867e-03 1.80967606e-02 1.64147482e-02 4.26159664e-04
 2.51182002e-04 4.85152370e-04 6.26876255e-04 9.58129418e-05
 4.70847031e-03 4.26159664e-04 3.80948244e-02 2.58137431e-05
 1.67865304e-03 9.92823487e-03 5.25376643e-03 3.00718998e-03
 7.25488863e-03 6.24445815e-05 9.13835051e-04 1.21765095e-02
 2.38884447e-03 1.48940867e-03 8.06755085e-04 1.99311438e-02
 1.21765095e-02 2.57475452e-01 3.47919250e-05 1.34646549e-02
 2.85456402e-06 8.06755085e-04 2.22014992e-05 4.21554189e-03
 1.34646549e-02 2.90339156e-02 4.21554189e-03 6.26876255e-04
 1.10287908e-04 3.36894521e-03]","[2.47371214e-22 4.96114708e-24 7.13959478e-29 3.60824945e-20
 4.94023307e-23 1.70487812e-25 6.91059303e-24 2.39934411e-25
 3.40355762e-22 1.67853513e-17 2.93930826e-19 1.06410050e-20
 4.05057199e-18 6.60370667e-20 8.92004797e-20 7.11203305e-19
 6.42340318e-22 1.34933703e-13 5.69539852e-31 4.96114708e-24
 2.57505865e-23 5.74326505e-21 6.00359848e-16 2.42826791e-11
 3.89924968e-31 4.05057199e-18 3.50171296e-16 1.02511949e-15
 9.52846065e-19 4.67812431e-22 2.81965513e-13 2.94303610e-17
 1.20365650e-19 2.93930826e-19 1.54798729e-16 1.39985076e-14
 5.39368124e-18 2.93930826e-19 3.08714081e-21 3.95007214e-19
 5.39368124e-18 2.47371214e-22 8.81076169e-22 9.61617488e-24
 6.42340318e-22 6.39848579e-14 4.94023307e-23 8.81076169e-22
 1.51487883e-26 3.37322101e-25]","[5.06906126e-02 9.15097436e-03 6.43476928e-04 6.08047346e-03
 8.28051767e-05 1.11070849e-05 3.47696848e-02 2.24326163e-03
 1.59511134e-03 5.37588720e-02 1.40626899e-02 1.42893327e-04
 1.96927833e-03 2.29237339e-02 2.45191208e-02 1.49942622e-04
 2.59954767e-03 7.71210658e-04 3.10678850e-03 7.70150766e-05
 1.76880925e-03 1.44186647e-04 1.22918887e-01 3.40437985e-06
 9.54203107e-04 5.51888553e-02 3.21273067e-02 5.08873807e-04
 6.11315772e-03 3.16327006e-04 1.09406044e-02 1.23728013e-02
 3.90184240e-03 2.78162665e-03 7.31402346e-03 2.40098239e-03
 2.66035286e-02 4.14498824e-01 6.53193074e-05 1.10731332e-02
 7.25711620e-06 8.18348361e-05 2.80879231e-05 1.91298285e-02
 4.32867049e-03 1.57498670e-02 7.67242272e-03 6.06069584e-05
 1.04406541e-04 2.94620412e-02]","[7.85453924e-11 5.56740209e-10 3.52159413e-09 3.19635429e-10
 9.27907751e-10 2.15682994e-09 1.70103820e-10 4.29963665e-09
 1.90575067e-09 1.75411685e-09 1.64093705e-09 2.54990618e-09
 6.39825859e-10 1.20341237e-09 1.74282599e-09 8.59334826e-11
 1.08744036e-09 1.38643319e-10 5.91300675e-10 1.95592209e-10
 2.66509925e-10 5.04703390e-10 1.08506204e-10 2.30910846e-11
 3.91126986e-09 2.27952313e-09 7.36063432e-11 1.05770592e-09
 2.27398322e-10 6.01291017e-10 2.06615502e-10 2.19760876e-11
 9.96325245e-10 1.52371615e-09 4.58151295e-11 8.41934300e-11
 1.31828248e-09 1.47633528e-09 7.32862881e-10 1.29009581e-10
 3.35438233e-10 4.53127758e-10 2.60523270e-10 6.16324880e-10
 5.29343902e-10 2.27871055e-11 5.83590176e-10 2.70662159e-09
 5.30922972e-10 4.20416513e-09]","[3.42174155e-05 1.00000000e-05 1.00000000e-05 1.00000000e-05
 1.00000000e-05 1.00000000e-05 3.85919818e-05 1.00000000e-05
 1.00000000e-05 1.92638731e-05 1.00000000e-05 1.00000000e-05
 1.00000000e-05 2.70884394e-05 3.55374101e-05 1.00000000e-05
 1.00000000e-05 1.00000000e-05 1.00000000e-05 1.00000000e-05
 1.00000000e-05 1.00000000e-05 1.63515507e-04 1.00000000e-05
 1.00000000e-05 1.91542040e-05 2.29963751e-05 1.00000000e-05
 1.00000000e-05 1.00000000e-05 1.00000000e-05 1.54388532e-05
 1.00000000e-05 1.00000000e-05 1.00000000e-05 1.00000000e-05
 1.00000000e-05 1.16702006e-03 1.00000000e-05 1.00000000e-05
 1.00000000e-05 1.00000000e-05 1.00000000e-05 1.06066353e-05
 1.00000000e-05 2.33500477e-05 1.00000000e-05 1.00000000e-05
 1.00000000e-05 1.00000000e-05]","[1.e-05 1.e-05 1.e-05 1.e-05 1.e-05 1.e-05 1.e-05 1.e-05 1.e-05 1.e-05
 1.e-05 1.e-05 1.e-05 1.e-05 1.e-05 1.e-05 1.e-05 1.e-05 1.e-05 1.e-05
 1.e-05 1.e-05 1.e-05 1.e-05 1.e-05 1.e-05 1.e-05 1.e-05 1.e-05 1.e-05
 1.e-05 1.e-05 1.e-05 1.e-05 1.e-05 1.e-05 1.e-05 1.e-05 1.e-05 1.e-05
 1.e-05 1.e-05 1.e-05 1.e-05 1.e-05 1.e-05 1.e-05 1.e-05 1.e-05 1.e-05]","[0.059677   0.0636381  0.06794498 0.0639184  0.06938251 0.07245429
 0.07965949 0.07575692 0.0725132  0.07013286 0.06984331 0.0710378
 0.06540307 0.06242731 0.06293556 0.06872574 0.07487055 0.07762182
 0.07661521 0.06771017 0.06540442 0.07862527 0.05585851 0.0724978
 0.06715525 0.07471097 0.07171999 0.05995953 0.07148012 0.07545097
 0.07641275 0.06530188 0.06947527 0.07867905 0.07002587 0.05895737
 0.07229291 0.05273384 0.07667777 0.06947686 0.08265741 0.08313005
 0.08821322 0.06438402 0.07619208 0.06056756 0.06432848 0.08262396
 0.07528493 0.0632764 ]","[0.15947437 0.14737131 0.16427424 0.1501237  0.17104333 0.16372871
 0.15601024 0.1652772  0.15024119 0.14308483 0.15168486 0.14953686
 0.13949308 0.14516364 0.14333491 0.15795036 0.16202893 0.13763136
 0.17314942 0.16572352 0.16872774 0.15637998 0.15974895 0.12602791
 0.16959589 0.14571409 0.14320311 0.13688251 0.14989834 0.13300458
 0.14171137 0.15617142 0.1660766  0.14088063 0.14138694 0.15211478
 0.13989682 0.15127951 0.15757972 0.16020773 0.14431992 0.15564741
 0.1538636  0.16710246 0.15486236 0.14113091 0.15843764 0.15409121
 0.16626105 0.16127884]","[1.23830315e-06 1.74495399e-07 1.79580194e-08 1.51177161e-07
 8.13236427e-09 1.41525345e-09 1.73802695e-11 1.98407563e-10
 1.36757170e-09 5.34277286e-09 6.28645701e-09 3.19970068e-09
 6.99732825e-08 3.21911885e-07 2.49299326e-07 1.17029846e-08
 3.39085816e-10 6.29318669e-11 1.17369742e-10 2.04065357e-08
 6.99234270e-08 3.35351995e-11 7.26749270e-06 1.37987810e-09
 2.75542180e-08 3.73184720e-10 2.16453795e-09 1.08128292e-06
 2.48447815e-09 2.38894884e-10 1.32914524e-10 7.37868118e-08
 7.72268329e-09 3.24151911e-11 5.67418029e-09 1.74405411e-06
 1.55435512e-09 2.83434019e-05 1.12937105e-10 7.71585058e-09
 2.46295317e-12 1.79801252e-12 5.43859369e-14 1.18957644e-07
 1.52153129e-10 8.05868062e-07 1.22418579e-07 2.51823892e-12
 2.64143996e-10 2.09781881e-07]","[6.70346167e-45 2.23630245e-38 1.24043212e-47 8.16952484e-40
 1.25473828e-51 2.56058844e-47 5.58544056e-43 3.25139503e-48
 7.08328510e-40 3.41997710e-36 1.21584897e-40 1.66311692e-39
 2.06029869e-34 3.03956445e-37 2.56083127e-36 4.74929180e-44
 2.41115199e-46 1.65348944e-33 6.63456640e-53 1.78705079e-48
 3.04644894e-50 3.50029949e-43 4.70117088e-45 3.78073213e-28
 9.26219571e-51 1.59175318e-37 2.98281807e-36 3.79079079e-33
 1.07374232e-39 2.58664733e-31 1.65989678e-35 4.55664669e-43
 1.11172769e-48 4.28331435e-35 2.40523822e-35 7.16993862e-41
 1.30662430e-34 1.99768502e-40 7.62371334e-44 2.59500720e-45
 8.15314941e-37 8.82563798e-43 8.23537299e-42 2.78298260e-49
 2.36601487e-42 3.22109623e-35 2.54481763e-44 6.20232710e-42
 8.67216160e-49 6.43693961e-46]","[0.00063014 0.00124204 0.00266707 0.00163531 0.00263739 0.00210941
 0.00290239 0.00219285 0.00183499 0.00152612 0.00182211 0.00223053
 0.00142765 0.00243127 0.00158632 0.00231278 0.00270569 0.00260055
 0.00306678 0.00183308 0.0017767  0.00240028 0.00110066 0.00207233
 0.00160158 0.00224864 0.00325716 0.00131726 0.002388   0.00289571
 0.00234103 0.00115025 0.00203538 0.00173414 0.0017463  0.00209749
 0.00141406 0.00100684 0.00121427 0.0022819  0.00261235 0.00456488
 0.0015347  0.0023452  0.00168419 0.00069189 0.00138724 0.00269628
 0.00160527 0.0009768 ]","[0.02011156 0.01372945 0.01424086 0.01858294 0.01615846 0.01754177
 0.01530898 0.01848149 0.01993394 0.01396954 0.01998758 0.015499
 0.01617086 0.01269615 0.01410425 0.01555622 0.01602733 0.01161122
 0.01920998 0.02044499 0.02360666 0.02215946 0.0161916  0.01134288
 0.02313292 0.01467645 0.01384568 0.01474869 0.01459897 0.0116024
 0.01112735 0.01632237 0.02120304 0.01372349 0.01639807 0.01409614
 0.01487553 0.01472878 0.02269185 0.01835406 0.0160023  0.01384008
 0.02114761 0.01716888 0.01843953 0.01672745 0.01950967 0.02004778
 0.01765382 0.01936805]","[0.01953832 0.0289273  0.03448193 0.02840803 0.03692881 0.03615916
 0.03892601 0.03122942 0.02896241 0.02895172 0.03027015 0.02874713
 0.02614405 0.03203108 0.02710585 0.03401972 0.03564894 0.03635339
 0.03446868 0.02698461 0.02864315 0.03401284 0.02430619 0.03418209
 0.02680039 0.03130071 0.03672049 0.02648225 0.03488372 0.03875839
 0.03133315 0.02363749 0.02990377 0.03032546 0.02912809 0.03657286
 0.02565649 0.02393639 0.02420253 0.03259865 0.03256414 0.04865297
 0.02636275 0.03433911 0.02735197 0.01929446 0.02580451 0.03461068
 0.02818199 0.02334967]","[0.1069254  0.09052445 0.09404415 0.10446888 0.09966873 0.09985018
 0.0963871  0.10604948 0.11049879 0.0910122  0.10886486 0.09524783
 0.09926148 0.08829709 0.09225585 0.09769743 0.09561301 0.08409053
 0.10662071 0.10904226 0.11928998 0.11589609 0.09923664 0.0829879
 0.11858192 0.09372298 0.08927924 0.09750229 0.09427932 0.08437459
 0.08153148 0.09723262 0.11349788 0.09235606 0.10256926 0.09282979
 0.09579411 0.09305387 0.11801611 0.1053718  0.0969923  0.09237685
 0.11123943 0.10122504 0.10356069 0.09997991 0.1064592  0.11065986
 0.10178679 0.10884019]",0.011164676298750906,4.955952111256826e-13,0.036170053769512975,3.398440168732302e-12,0.020359406406461503,1.0279652062905597e-09,0.06019973555823748,1.1250403401850363e-09,3.9135616002511773e-05,1e-05,0.0001626476606757369,0.0,0.07031645665168762,0.15299620117664336,0.0074146871991206155,0.010809297641293989,0.001991465091705322,0.01677396297454834,0.0007191210018353663,0.0031725868931656706,0.030563682075364126,0.09993889218890464,0.0053813380749268116,0.009321294830167208
df2,0.6000000000000001,0.6000000000000001,0.0,"[7.25488863e-03 6.52148041e-03 1.10005675e-02 4.21554189e-03
 4.03308445e-05 3.36894521e-03 1.16899447e-03 4.70847031e-03
 1.48940867e-03 4.03308445e-05 7.20954134e-05 9.92823487e-03
 5.46398884e-06 3.73964604e-04 1.32017364e-03 3.77043497e-03
 1.16899447e-03 6.52148041e-03 2.90339156e-02 3.27832948e-04
 4.21554189e-03 9.92823487e-03 2.51182002e-04 1.20088801e-01
 9.92823487e-03 8.06268875e-03 1.67194217e-04 3.36894521e-03
 3.73964604e-04 6.52148041e-03 5.39576008e-02 4.85152370e-04
 1.03408932e-03 1.03408932e-03 7.11507895e-04 4.85152370e-04
 1.10005675e-02 4.85152370e-04 1.99311438e-02 4.21554189e-03
 1.16899447e-03 7.11507895e-04 4.03308445e-05 2.38884447e-03
 1.10287908e-04 1.21765095e-02 8.95145539e-03 7.25488863e-03
 1.99311438e-02 3.48322136e-02]","[5.77449424e-32 1.06757971e-26 4.96114708e-24 6.64674147e-25
 1.06410050e-20 7.88918156e-34 6.60370667e-20 1.33672873e-23
 5.30299497e-19 1.60509935e-34 3.92888730e-32 4.67812431e-22
 6.42340318e-22 1.06757971e-26 9.61617488e-24 8.81076169e-22
 1.47818613e-28 3.08714081e-21 6.91059303e-24 5.69539852e-31
 1.64503886e-29 1.44619791e-20 1.82724155e-27 1.33749750e-15
 7.51579753e-27 1.02511949e-15 1.51487883e-26 5.39250695e-43
 1.85625733e-23 5.13913233e-17 6.83217462e-23 1.33672873e-23
 4.19874897e-36 6.07873598e-26 6.07873598e-26 1.21017203e-25
 3.08714081e-21 4.36966274e-28 3.40355762e-22 8.95402666e-28
 3.56853685e-23 1.47818613e-28 3.40355762e-22 3.37322101e-25
 1.20730402e-21 7.11203305e-19 7.84899525e-16 7.17482117e-18
 6.07873598e-26 1.62253462e-19]","[7.25488863e-03 6.52148041e-03 1.10005675e-02 4.21554189e-03
 4.03308445e-05 3.36894521e-03 1.16899447e-03 4.70847031e-03
 1.48940867e-03 4.03308445e-05 7.20954134e-05 9.92823487e-03
 5.46398884e-06 3.73964604e-04 1.32017364e-03 3.77043497e-03
 1.16899447e-03 6.52148041e-03 2.90339156e-02 3.27832948e-04
 4.21554189e-03 9.92823487e-03 2.51182002e-04 1.20088801e-01
 9.92823487e-03 8.06268875e-03 1.67194217e-04 3.36894521e-03
 3.73964604e-04 6.52148041e-03 5.39576008e-02 4.85152370e-04
 1.03408932e-03 1.03408932e-03 7.11507895e-04 4.85152370e-04
 1.10005675e-02 4.85152370e-04 1.99311438e-02 4.21554189e-03
 1.16899447e-03 7.11507895e-04 4.03308445e-05 2.38884447e-03
 1.10287908e-04 1.21765095e-02 8.95145539e-03 7.25488863e-03
 1.99311438e-02 3.48322136e-02]","[5.77449424e-32 1.06757971e-26 4.96114708e-24 6.64674147e-25
 1.06410050e-20 7.88918156e-34 6.60370667e-20 1.33672873e-23
 5.30299497e-19 1.60509935e-34 3.92888730e-32 4.67812431e-22
 6.42340318e-22 1.06757971e-26 9.61617488e-24 8.81076169e-22
 1.47818613e-28 3.08714081e-21 6.91059303e-24 5.69539852e-31
 1.64503886e-29 1.44619791e-20 1.82724155e-27 1.33749750e-15
 7.51579753e-27 1.02511949e-15 1.51487883e-26 5.39250695e-43
 1.85625733e-23 5.13913233e-17 6.83217462e-23 1.33672873e-23
 4.19874897e-36 6.07873598e-26 6.07873598e-26 1.21017203e-25
 3.08714081e-21 4.36966274e-28 3.40355762e-22 8.95402666e-28
 3.56853685e-23 1.47818613e-28 3.40355762e-22 3.37322101e-25
 1.20730402e-21 7.11203305e-19 7.84899525e-16 7.17482117e-18
 6.07873598e-26 1.62253462e-19]","[4.27465763e-02 1.84316990e-02 3.18202123e-02 3.77508880e-02
 5.52118394e-05 1.83008400e-02 1.23541984e-04 1.46878557e-03
 6.67922142e-03 4.13324616e-05 1.60446977e-06 3.29807955e-03
 2.61208864e-04 9.67125921e-04 1.45210561e-04 2.73238587e-03
 1.85042748e-04 7.82404363e-04 4.08317292e-02 4.10288118e-03
 9.18133379e-03 6.31349392e-02 2.14709003e-04 1.58839893e-01
 9.22565328e-03 9.68639888e-03 2.64008880e-05 1.81351374e-02
 2.32624031e-03 1.61171073e-02 7.67945275e-02 1.36480173e-02
 2.11232573e-03 5.11398562e-03 9.45879039e-03 8.35672035e-04
 9.34926111e-03 3.02083389e-05 8.37330576e-02 1.78925952e-02
 2.48365322e-02 1.13956773e-03 3.32589310e-05 4.40941899e-03
 6.82939011e-04 2.86768191e-02 1.06498185e-02 1.55097865e-03
 8.07407390e-02 8.10908361e-02]","[5.01711972e-09 1.42738721e-09 1.05555498e-09 4.28945213e-10
 1.22193589e-10 1.10039278e-09 4.08184375e-10 3.49073326e-10
 4.10335654e-10 4.33923231e-10 5.78443182e-10 1.49146995e-09
 2.85072299e-10 8.09344480e-10 2.81967782e-10 1.73885384e-09
 4.12660239e-10 1.73988046e-10 1.05833686e-09 2.46558707e-09
 9.38856215e-10 1.64180725e-09 3.01988756e-09 2.08796314e-11
 7.54768026e-10 1.32290512e-10 3.67222697e-10 6.70149958e-09
 4.48432180e-09 1.70401693e-10 5.18761922e-10 1.60996383e-09
 3.53317486e-10 9.43651934e-10 4.37117809e-09 1.09700737e-09
 1.16369947e-09 1.02086262e-09 6.20221874e-10 1.94543859e-09
 7.41117168e-11 2.37227349e-10 1.63155922e-09 7.52359841e-10
 1.52008406e-10 1.23231314e-09 1.38307366e-10 7.02946590e-11
 2.29286035e-10 1.09832810e-10]","[1.95209123e-05 1.00000000e-05 1.60308577e-05 1.08356972e-05
 1.00000000e-05 1.00000000e-05 1.00000000e-05 1.00000000e-05
 1.00000000e-05 1.00000000e-05 1.00000000e-05 1.00000000e-05
 1.00000000e-05 1.00000000e-05 1.00000000e-05 1.00000000e-05
 1.00000000e-05 1.00000000e-05 2.53251634e-05 1.00000000e-05
 1.00000000e-05 2.55839013e-05 1.00000000e-05 2.21994934e-04
 1.00000000e-05 1.00000000e-05 1.00000000e-05 1.00000000e-05
 1.00000000e-05 1.00000000e-05 7.91429976e-05 1.00000000e-05
 1.00000000e-05 1.00000000e-05 1.00000000e-05 1.00000000e-05
 1.00000000e-05 1.00000000e-05 6.29578367e-05 1.00000000e-05
 1.00000000e-05 1.00000000e-05 1.00000000e-05 1.00000000e-05
 1.00000000e-05 1.64553585e-05 1.15910444e-05 1.00000000e-05
 2.45466733e-05 6.14376093e-05]","[1.e-05 1.e-05 1.e-05 1.e-05 1.e-05 1.e-05 1.e-05 1.e-05 1.e-05 1.e-05
 1.e-05 1.e-05 1.e-05 1.e-05 1.e-05 1.e-05 1.e-05 1.e-05 1.e-05 1.e-05
 1.e-05 1.e-05 1.e-05 1.e-05 1.e-05 1.e-05 1.e-05 1.e-05 1.e-05 1.e-05
 1.e-05 1.e-05 1.e-05 1.e-05 1.e-05 1.e-05 1.e-05 1.e-05 1.e-05 1.e-05
 1.e-05 1.e-05 1.e-05 1.e-05 1.e-05 1.e-05 1.e-05 1.e-05 1.e-05 1.e-05]","[0.06280038 0.07276638 0.07093023 0.05944433 0.08369528 0.07684373
 0.06903437 0.06603996 0.06981001 0.06633033 0.07789337 0.05915716
 0.07392767 0.06918654 0.06954197 0.06262675 0.07600017 0.06836031
 0.06021688 0.07869373 0.08103658 0.06546475 0.07070173 0.08178624
 0.07731889 0.06288389 0.0626466  0.06669381 0.09280185 0.07530224
 0.07280883 0.06550111 0.07503775 0.07108395 0.07534429 0.07590738
 0.06604399 0.07224611 0.06467905 0.06700332 0.07568852 0.09160223
 0.06774841 0.06336897 0.07488961 0.06147169 0.07462384 0.06826562
 0.06572728 0.05440097]","[0.18944972 0.16748335 0.1594627  0.16469454 0.16426692 0.19372848
 0.15854487 0.17067924 0.1472382  0.18245501 0.16875759 0.17494875
 0.15631708 0.16648346 0.15291375 0.16387729 0.17462122 0.16821598
 0.16146509 0.16941173 0.16888012 0.16226202 0.17626167 0.15494955
 0.17491826 0.13796521 0.16506696 0.20380394 0.15377908 0.15106028
 0.16956419 0.1679102  0.1834458  0.16403701 0.1671758  0.16022269
 0.17083977 0.17434921 0.16289188 0.15279502 0.15854141 0.17561343
 0.16689615 0.15539467 0.15372728 0.16131654 0.15782758 0.13522221
 0.17246827 0.16651217]","[2.66893245e-07 1.17987581e-09 3.40194123e-09 1.38392908e-06
 1.23120725e-12 1.01957126e-10 9.86730516e-09 5.00097382e-08
 6.40485888e-09 4.28625300e-08 5.31176400e-11 1.58653461e-06
 5.95501817e-10 9.06864254e-09 7.44061476e-09 2.91260567e-07
 1.71080484e-10 1.43087349e-08 9.55120392e-07 3.21160097e-11
 7.14765643e-12 6.77433150e-08 3.87376587e-09 4.37823697e-12
 7.59806794e-11 2.55887695e-07 2.88369557e-07 3.53036238e-08
 1.93240667e-15 2.61393839e-10 1.15096738e-09 6.64613674e-08
 3.06630551e-10 3.11658010e-09 2.54831518e-10 1.81040298e-10
 4.99030608e-08 1.59714149e-09 1.02103885e-07 2.99026471e-08
 2.06831286e-10 4.70065949e-15 1.99866827e-08 2.00143689e-07
 3.35224324e-10 5.17638078e-07 3.93192373e-10 1.50711658e-08
 5.89998129e-08 1.38462893e-05]","[2.48994346e-63 1.66042969e-49 6.80516731e-45 7.08485492e-48
 1.25256599e-47 3.15647554e-66 2.21775118e-44 2.07800265e-51
 2.62030322e-38 9.73316670e-59 2.92456512e-50 5.22770452e-54
 3.79020426e-43 6.42539703e-49 2.67609577e-41 2.10239448e-47
 8.31866245e-54 6.12810234e-50 5.04632954e-46 1.19298003e-50
 2.47306101e-50 1.77538817e-46 8.04867504e-55 2.12110248e-42
 5.45894541e-54 1.14055494e-33 4.30787511e-48 2.58674116e-73
 9.14865043e-42 2.61165205e-40 9.67491765e-51 9.29483025e-50
 2.23162544e-59 1.70053036e-47 2.51979845e-49 2.54511746e-45
 1.66381201e-51 1.22265085e-53 7.74642323e-47 3.09921477e-41
 2.22760347e-44 2.03100875e-54 3.67940725e-49 1.21301083e-42
 9.75745130e-42 6.12765129e-46 5.55610733e-44 2.34693016e-32
 1.72381196e-52 6.18122430e-49]","[0.0013696  0.00227666 0.00176251 0.00129271 0.00340414 0.0025425
 0.00155473 0.00220549 0.00215089 0.00144422 0.00438058 0.00079143
 0.00215042 0.00257432 0.00245202 0.00156534 0.00241816 0.00212371
 0.00080597 0.0036509  0.00175142 0.00205863 0.00130105 0.00246596
 0.00129032 0.00205183 0.00121951 0.00164402 0.0043329  0.00176466
 0.00178194 0.00214243 0.00217021 0.00096118 0.00275254 0.00245452
 0.00166357 0.00152278 0.00153172 0.00140071 0.00215769 0.0035001
 0.00207186 0.00180995 0.00155902 0.00137496 0.00207162 0.00133848
 0.00195837 0.00160801]","[0.02750146 0.02044761 0.01543999 0.01791096 0.01628768 0.027282
 0.02073061 0.01918828 0.01320446 0.02288699 0.01651537 0.02300811
 0.01683438 0.01855004 0.01765907 0.02299321 0.01976943 0.01958632
 0.01906359 0.01799083 0.02286541 0.02032864 0.02700245 0.01735985
 0.0236547  0.01327932 0.02004349 0.03439522 0.01512802 0.01511919
 0.02130115 0.01736689 0.02472401 0.01841509 0.01869524 0.01483893
 0.01907909 0.02381611 0.01772976 0.01853895 0.01832759 0.02095985
 0.01959646 0.01941097 0.01647282 0.01748633 0.02028871 0.01652467
 0.02532029 0.01569319]","[0.02576888 0.03391205 0.02655849 0.02537924 0.03826092 0.03324402
 0.02544327 0.03591532 0.03482341 0.02675283 0.04377276 0.02399126
 0.03122661 0.03559182 0.03340636 0.02640146 0.0361495  0.03184479
 0.02238291 0.04032419 0.02703115 0.03029594 0.02440777 0.03255327
 0.02357605 0.0300794  0.02708922 0.02886368 0.04445349 0.02900835
 0.02834522 0.03200927 0.03061625 0.02189014 0.0338209  0.0348279
 0.03071986 0.02535582 0.02673225 0.02423828 0.03124234 0.03935419
 0.03287847 0.02981272 0.02780403 0.02547124 0.03126504 0.024736
 0.03080045 0.02742905]","[0.12659885 0.11294984 0.09443685 0.10044734 0.09823452 0.12677144
 0.11178891 0.10742016 0.08899401 0.11344871 0.09927227 0.1175392
 0.10058085 0.10679838 0.10315783 0.11591706 0.10804175 0.10677567
 0.10517407 0.10407219 0.11585147 0.10997406 0.12620609 0.10113475
 0.1187929  0.08896974 0.10926466 0.14139597 0.09614829 0.09581158
 0.1121556  0.10371474 0.12093289 0.10334706 0.10669786 0.09325621
 0.1054196  0.11657934 0.10291064 0.10472397 0.1039286  0.10839346
 0.10877566 0.10835304 0.10003958 0.10443437 0.1086777  0.09922437
 0.12330923 0.0968992 ]",0.008722879833236703,6.415175565382214e-17,0.018747575812026837,2.550591214996172e-16,0.019007862881026877,1.1310434500089173e-09,0.03065721298239994,1.3737087248933218e-09,1.9108459720035285e-05,1e-05,3.22136645637672e-05,0.0,0.07066758052825928,0.16561426654338834,0.007720559219578069,0.012307990381372426,0.0020125651359558104,0.019732255935668946,0.0007740092793077282,0.003993944781334687,0.030357156143366027,0.10767485068316164,0.005217227665056423,0.01020978002575907
df2,0.65,0.65,0.0,"[3.00718998e-03 4.26159664e-04 2.38884447e-03 7.51402754e-06
 8.06755085e-04 1.26822204e-04 1.11358879e-01 1.67194217e-04
 6.41076366e-06 5.51757155e-04 3.36894521e-03 5.25376643e-03
 4.67045972e-05 2.87103585e-04 9.92823487e-03 7.11507895e-04
 1.91681353e-04 2.87103585e-04 3.18171260e-02 9.13835051e-04
 2.51182002e-04 4.21554189e-03 2.41040115e-02 2.12592488e-03
 9.92823487e-03 7.20954134e-05 1.03408932e-03 1.45688880e-04
 1.32017364e-03 1.67865304e-03 3.73964604e-04 3.27832948e-04
 1.45688880e-04 4.40608072e-07 1.45688880e-04 1.91681353e-04
 8.06755085e-04 6.26876255e-04 2.99835482e-05 4.67045972e-05
 4.70847031e-03 8.31541824e-05 1.67865304e-03 8.06755085e-04
 2.68158880e-03 2.99835482e-05 7.25488863e-03 9.92823487e-03
 1.34646549e-02 3.73964604e-04]","[4.94023307e-23 2.66678482e-31 6.63610190e-38 5.77449424e-32
 1.21017203e-25 1.33672873e-23 2.60622931e-27 4.30155538e-26
 2.57505865e-23 2.37806656e-29 1.21017203e-25 6.25831333e-28
 6.60370667e-20 4.94023307e-23 3.72814291e-30 1.30270202e-22
 6.91059303e-24 1.82724155e-27 2.78636314e-36 7.82155399e-21
 2.78636314e-36 1.82724155e-27 1.47818613e-28 2.57505865e-23
 2.25989398e-21 1.81313081e-32 2.14251154e-35 1.27976799e-27
 3.60824945e-20 7.88918156e-34 8.09234334e-37 5.41174667e-30
 1.85625733e-23 1.17161696e-33 2.14251154e-35 1.79605588e-22
 1.70487812e-25 1.30432533e-24 7.19492833e-35 8.33270257e-33
 3.08714081e-21 8.31031105e-31 1.13678721e-29 2.57505865e-23
 5.64011511e-33 3.56590826e-34 4.95418960e-29 3.72814291e-30
 8.95402666e-28 1.81313081e-32]","[3.00718998e-03 4.26159664e-04 2.38884447e-03 7.51402754e-06
 8.06755085e-04 1.26822204e-04 1.11358879e-01 1.67194217e-04
 6.41076366e-06 5.51757155e-04 3.36894521e-03 5.25376643e-03
 4.67045972e-05 2.87103585e-04 9.92823487e-03 7.11507895e-04
 1.91681353e-04 2.87103585e-04 3.18171260e-02 9.13835051e-04
 2.51182002e-04 4.21554189e-03 2.41040115e-02 2.12592488e-03
 9.92823487e-03 7.20954134e-05 1.03408932e-03 1.45688880e-04
 1.32017364e-03 1.67865304e-03 3.73964604e-04 3.27832948e-04
 1.45688880e-04 4.40608072e-07 1.45688880e-04 1.91681353e-04
 8.06755085e-04 6.26876255e-04 2.99835482e-05 4.67045972e-05
 4.70847031e-03 8.31541824e-05 1.67865304e-03 8.06755085e-04
 2.68158880e-03 2.99835482e-05 7.25488863e-03 9.92823487e-03
 1.34646549e-02 3.73964604e-04]","[4.94023307e-23 2.66678482e-31 6.63610190e-38 5.77449424e-32
 1.21017203e-25 1.33672873e-23 2.60622931e-27 4.30155538e-26
 2.57505865e-23 2.37806656e-29 1.21017203e-25 6.25831333e-28
 6.60370667e-20 4.94023307e-23 3.72814291e-30 1.30270202e-22
 6.91059303e-24 1.82724155e-27 2.78636314e-36 7.82155399e-21
 2.78636314e-36 1.82724155e-27 1.47818613e-28 2.57505865e-23
 2.25989398e-21 1.81313081e-32 2.14251154e-35 1.27976799e-27
 3.60824945e-20 7.88918156e-34 8.09234334e-37 5.41174667e-30
 1.85625733e-23 1.17161696e-33 2.14251154e-35 1.79605588e-22
 1.70487812e-25 1.30432533e-24 7.19492833e-35 8.33270257e-33
 3.08714081e-21 8.31031105e-31 1.13678721e-29 2.57505865e-23
 5.64011511e-33 3.56590826e-34 4.95418960e-29 3.72814291e-30
 8.95402666e-28 1.81313081e-32]","[2.28864981e-03 2.43703301e-04 9.41211611e-03 3.37664860e-05
 2.28202962e-03 1.67192967e-05 8.33237880e-02 8.64670445e-04
 1.72149696e-04 2.14584861e-04 8.02997803e-03 7.35709203e-04
 8.20976203e-05 6.54737654e-04 1.89348427e-02 7.17103303e-05
 1.05133148e-04 2.05739772e-03 3.18235460e-02 2.59950905e-03
 5.34599891e-03 1.08676195e-03 1.86386882e-02 1.43599821e-02
 4.88955681e-03 4.65504365e-05 1.43459626e-04 6.20189582e-04
 2.08598253e-03 4.87058373e-04 1.42409362e-02 5.44165012e-04
 1.25360485e-03 3.77597242e-05 2.10056813e-04 2.09368062e-03
 9.59756713e-04 1.16926384e-04 1.00801614e-03 5.05437030e-03
 3.70742638e-03 2.21398288e-05 3.17219276e-04 3.41081986e-02
 4.88043858e-03 1.24178966e-04 2.74505119e-03 6.74080912e-02
 5.79590330e-02 1.48128624e-03]","[4.10038670e-10 5.05456121e-10 1.12960186e-09 6.11802498e-10
 9.47214862e-10 8.54819437e-10 1.48613355e-09 7.35184469e-10
 8.92134477e-10 3.05322434e-10 7.72949593e-10 6.24258201e-10
 1.28793531e-10 2.04763406e-09 3.38592487e-10 1.25433375e-09
 2.46628318e-09 5.35333489e-09 6.33533515e-09 5.64930103e-10
 6.55198373e-09 5.48099899e-10 1.34014078e-09 5.55880009e-10
 6.47423226e-11 7.74854403e-10 1.68044090e-09 1.82871496e-10
 3.01906500e-09 2.00013006e-09 9.94547777e-10 2.92527957e-09
 3.56363605e-10 5.63688762e-10 3.39086514e-09 1.80651494e-09
 4.44924209e-10 3.88918164e-09 4.66368766e-09 1.13254728e-09
 1.09961407e-09 4.02302125e-09 2.37290176e-09 7.64698749e-10
 3.33891836e-09 1.63730307e-09 3.34140926e-09 6.18091045e-09
 1.17704180e-09 6.45724418e-09]","[1.00000000e-05 1.00000000e-05 1.00000000e-05 1.00000000e-05
 1.00000000e-05 1.00000000e-05 8.06725054e-05 1.00000000e-05
 1.00000000e-05 1.00000000e-05 1.00000000e-05 1.00000000e-05
 1.00000000e-05 1.00000000e-05 1.00000000e-05 1.00000000e-05
 1.00000000e-05 1.00000000e-05 1.51205729e-05 1.00000000e-05
 1.00000000e-05 1.00000000e-05 1.45930870e-05 1.00000000e-05
 1.00000000e-05 1.00000000e-05 1.00000000e-05 1.00000000e-05
 1.00000000e-05 1.00000000e-05 1.00000000e-05 1.00000000e-05
 1.00000000e-05 1.00000000e-05 1.00000000e-05 1.00000000e-05
 1.00000000e-05 1.00000000e-05 1.00000000e-05 1.00000000e-05
 1.00000000e-05 1.00000000e-05 1.00000000e-05 1.00000000e-05
 1.00000000e-05 1.00000000e-05 1.00000000e-05 2.30967907e-05
 2.98373898e-05 1.00000000e-05]","[1.e-05 1.e-05 1.e-05 1.e-05 1.e-05 1.e-05 1.e-05 1.e-05 1.e-05 1.e-05
 1.e-05 1.e-05 1.e-05 1.e-05 1.e-05 1.e-05 1.e-05 1.e-05 1.e-05 1.e-05
 1.e-05 1.e-05 1.e-05 1.e-05 1.e-05 1.e-05 1.e-05 1.e-05 1.e-05 1.e-05
 1.e-05 1.e-05 1.e-05 1.e-05 1.e-05 1.e-05 1.e-05 1.e-05 1.e-05 1.e-05
 1.e-05 1.e-05 1.e-05 1.e-05 1.e-05 1.e-05 1.e-05 1.e-05 1.e-05 1.e-05]","[0.06812253 0.0691441  0.06817528 0.07547834 0.07249858 0.07038083
 0.05631521 0.07403994 0.08223745 0.0767113  0.07014195 0.05697915
 0.07770846 0.07524946 0.06931308 0.06609936 0.08256789 0.07048492
 0.06206969 0.07566005 0.06656632 0.06729962 0.06982406 0.06875042
 0.06490661 0.07000543 0.07305822 0.07532889 0.07004533 0.06757128
 0.08602758 0.06916276 0.08186657 0.08714825 0.07334909 0.07742434
 0.07766514 0.07291167 0.07428376 0.07185768 0.06878087 0.07206163
 0.07356486 0.06200244 0.06546092 0.07604543 0.07012931 0.07219631
 0.06202846 0.07815978]","[0.15360321 0.17973596 0.19249145 0.18485402 0.17635566 0.18430618
 0.18532023 0.15913327 0.17562729 0.18263254 0.18229896 0.1719498
 0.16976832 0.16797395 0.19400691 0.16484841 0.1641693  0.18264892
 0.19363486 0.17469274 0.19941372 0.18289396 0.19219271 0.1792832
 0.17245269 0.1899357  0.17755469 0.17853282 0.15192192 0.19383908
 0.19725066 0.18453878 0.17252811 0.19831286 0.1858624  0.17481784
 0.17732611 0.16755514 0.19866751 0.17989584 0.16632622 0.18981912
 0.19446915 0.16536919 0.18736729 0.18652144 0.18221216 0.20041188
 0.17384316 0.18789874]","[1.62988596e-08 9.28485082e-09 1.58353174e-08 2.34967494e-10
 1.37925448e-09 4.64556955e-09 5.91755121e-06 5.57090125e-10
 3.25258059e-12 1.10629698e-10 5.31551330e-09 4.37627797e-06
 5.96219860e-11 2.69865785e-10 8.45279023e-09 4.84594350e-08
 2.61366919e-12 4.38010265e-09 3.84866293e-07 2.10439868e-10
 3.77942061e-08 2.54895060e-08 6.35464474e-09 1.15447485e-08
 9.07109176e-08 5.73972927e-09 9.94608736e-10 2.57215943e-10
 5.61244756e-09 2.20045564e-08 2.51109186e-13 9.18919215e-09
 4.15310895e-12 1.15160819e-13 8.38341414e-10 7.11631093e-11
 6.12548649e-11 1.08378370e-09 4.81819002e-10 1.99943031e-09
 1.13523142e-08 1.77723920e-09 7.38182008e-10 3.97966058e-07
 6.78795940e-08 1.66419570e-10 5.35347138e-09 1.64391394e-09
 3.92847538e-07 4.49522750e-11]","[1.13845534e-41 5.31227411e-57 2.20606723e-65 2.71244454e-60
 7.03582886e-55 6.16993031e-60 1.34511462e-60 1.04074058e-44
 1.99129389e-54 7.48004273e-59 1.22650787e-58 3.55636524e-52
 7.30625347e-51 8.52217257e-50 2.03409026e-66 5.76930029e-48
 1.42627275e-47 7.30044971e-59 3.65846739e-66 7.51679712e-54
 3.51830618e-70 5.07361868e-59 3.52135006e-65 1.02780622e-56
 1.76178551e-52 1.17629330e-63 1.25702903e-55 3.05714943e-56
 9.08844319e-41 2.65111414e-66 1.15939049e-68 4.35384241e-60
 1.58534250e-52 2.09405460e-69 5.93666968e-61 6.29500693e-54
 1.74718076e-55 1.50620170e-49 1.18007369e-69 4.20613935e-57
 7.94304488e-49 1.40836306e-63 9.79322576e-67 2.87444093e-48
 6.05269121e-62 2.18930593e-61 1.39470485e-58 6.91985657e-71
 2.49885957e-53 2.69023894e-62]","[0.00174236 0.00266242 0.00176466 0.00301588 0.00230968 0.00148892
 0.00133538 0.00172603 0.00429809 0.00244713 0.00186467 0.00213921
 0.001719   0.00169933 0.00224543 0.00131989 0.00231957 0.00227261
 0.00233102 0.0021776  0.00137818 0.00315583 0.002244   0.00172102
 0.00203657 0.00266576 0.00270343 0.00225616 0.0014751  0.00251889
 0.00210345 0.0019573  0.00215006 0.00487387 0.00175023 0.00193119
 0.00185502 0.00276089 0.00170958 0.00251007 0.00161052 0.00233853
 0.00269282 0.00123358 0.00179458 0.00238407 0.00357282 0.00266218
 0.00083554 0.00182724]","[0.01971853 0.02048373 0.02839601 0.02049804 0.02464056 0.02584136
 0.02144825 0.02130687 0.01734793 0.02328563 0.02469277 0.01816869
 0.02368677 0.02266955 0.02690673 0.01958764 0.0209887  0.02478707
 0.02547395 0.02432096 0.03203511 0.01846886 0.02597427 0.02436829
 0.0195986  0.02060652 0.01954961 0.02158654 0.01704812 0.02122414
 0.02823722 0.02474701 0.02317536 0.02196264 0.02908945 0.02366483
 0.02298033 0.02272379 0.02867651 0.01885879 0.02117002 0.02603567
 0.02377319 0.01986694 0.0252403  0.02123237 0.02037477 0.02568877
 0.02696538 0.0241487 ]","[0.02802201 0.03453659 0.02808825 0.03563992 0.03139302 0.02668321
 0.02895892 0.02803882 0.04248812 0.03244935 0.02770803 0.03476197
 0.02803185 0.02797489 0.03236953 0.03022361 0.03340162 0.03207263
 0.03256925 0.02949174 0.02579695 0.03892567 0.03256349 0.02862183
 0.0319976  0.04113086 0.03390082 0.03478536 0.02658164 0.03511985
 0.02831536 0.03049452 0.03364534 0.04717385 0.02703681 0.02769177
 0.02793753 0.03634341 0.02759475 0.03509792 0.02852891 0.03381405
 0.03889057 0.0237472  0.0310192  0.03411389 0.0431717  0.03422381
 0.02329669 0.02737157]","[0.10909022 0.10902762 0.12889973 0.10737014 0.12295535 0.12266995
 0.11344925 0.11415704 0.10197332 0.11604693 0.11953311 0.10484945
 0.12028494 0.11768337 0.12568336 0.10778434 0.11353006 0.12249982
 0.12275045 0.1183796  0.13620556 0.10554909 0.12487431 0.12150508
 0.10827445 0.10943197 0.10595608 0.11415572 0.10143835 0.10876282
 0.12832787 0.11976213 0.12061965 0.11274639 0.1309865  0.11847079
 0.11563617 0.11884997 0.12872344 0.10628212 0.11237769 0.12336892
 0.11949653 0.10904666 0.12172948 0.10911977 0.11025222 0.12454791
 0.12675567 0.11770269]",0.005204701908085269,2.3162938382601366e-21,0.01630221749071643,1.0459876364034234e-20,0.008198468071390162,1.9008605089965158e-09,0.01737383633441189,1.8092316149358127e-09,1.226640691490687e-05,1e-05,1.0344213526525062e-05,0.0,0.07169721188545226,0.1805813213586807,0.006381718695619969,0.011732641949696879,0.002191746234893799,0.023066437244415282,0.0007168494581895222,0.0032638344295022473,0.03187672475223886,0.11659148031227047,0.004970620902441881,0.008077586111417462
df2,0.7000000000000001,0.7000000000000001,0.0,"[5.51757155e-04 5.25376643e-03 1.32017364e-03 7.20954134e-05
 8.06268875e-03 2.87103585e-04 8.95145539e-03 5.51757155e-04
 6.93218252e-02 1.32017364e-03 3.00718998e-03 1.34646549e-02
 9.13835051e-04 1.20265345e-05 1.48940867e-03 1.48741570e-02
 3.73964604e-04 1.45688880e-04 5.40313022e-05 1.32017364e-03
 1.02917236e-05 6.24445815e-05 3.80948244e-02 1.16899447e-03
 2.19534247e-04 6.52148041e-03 6.41076366e-06 8.31541824e-05
 1.63732496e-05 1.67865304e-03 2.68158880e-03 3.73964604e-04
 3.95729931e-06 4.21554189e-03 7.25488863e-03 4.21554189e-03
 1.03408932e-03 7.25488863e-03 7.25488863e-03 3.36894521e-03
 1.34646549e-02 5.40313022e-05 9.92823487e-03 6.52148041e-03
 1.45688880e-04 2.51182002e-04 2.51182002e-04 3.77043497e-03
 5.85633896e-03 7.25488863e-03]","[1.84715262e-36 1.21132482e-30 3.60824945e-20 1.22979552e-32
 4.95418960e-29 8.09234334e-37 1.21132482e-30 9.31581113e-25
 3.89924968e-31 1.02784044e-28 3.92888730e-32 1.82724155e-27
 1.02784044e-28 5.64011511e-33 3.98638164e-40 2.39365688e-34
 2.12365474e-28 6.32047121e-36 3.55797286e-24 3.56590826e-34
 2.14251154e-35 2.66678482e-31 3.21175996e-35 4.19874897e-36
 8.33270257e-33 4.36966274e-28 3.53047956e-37 7.88918156e-34
 9.50443824e-36 5.69539852e-31 2.57596005e-33 5.34786658e-37
 2.78636314e-36 2.60622931e-27 1.17161696e-33 2.60622931e-27
 2.58531714e-40 1.00942344e-37 5.28569498e-27 1.24351631e-31
 1.21017203e-25 8.95402666e-28 4.19874897e-36 5.30672790e-34
 3.21175996e-35 3.65403168e-45 1.53384053e-37 1.02784044e-28
 7.88918156e-34 3.92888730e-32]","[5.51757155e-04 5.25376643e-03 1.32017364e-03 7.20954134e-05
 8.06268875e-03 2.87103585e-04 8.95145539e-03 5.51757155e-04
 6.93218252e-02 1.32017364e-03 3.00718998e-03 1.34646549e-02
 9.13835051e-04 1.20265345e-05 1.48940867e-03 1.48741570e-02
 3.73964604e-04 1.45688880e-04 5.40313022e-05 1.32017364e-03
 1.02917236e-05 6.24445815e-05 3.80948244e-02 1.16899447e-03
 2.19534247e-04 6.52148041e-03 6.41076366e-06 8.31541824e-05
 1.63732496e-05 1.67865304e-03 2.68158880e-03 3.73964604e-04
 3.95729931e-06 4.21554189e-03 7.25488863e-03 4.21554189e-03
 1.03408932e-03 7.25488863e-03 7.25488863e-03 3.36894521e-03
 1.34646549e-02 5.40313022e-05 9.92823487e-03 6.52148041e-03
 1.45688880e-04 2.51182002e-04 2.51182002e-04 3.77043497e-03
 5.85633896e-03 7.25488863e-03]","[1.84715262e-36 1.21132482e-30 3.60824945e-20 1.22979552e-32
 4.95418960e-29 8.09234334e-37 1.21132482e-30 9.31581113e-25
 3.89924968e-31 1.02784044e-28 3.92888730e-32 1.82724155e-27
 1.02784044e-28 5.64011511e-33 3.98638164e-40 2.39365688e-34
 2.12365474e-28 6.32047121e-36 3.55797286e-24 3.56590826e-34
 2.14251154e-35 2.66678482e-31 3.21175996e-35 4.19874897e-36
 8.33270257e-33 4.36966274e-28 3.53047956e-37 7.88918156e-34
 9.50443824e-36 5.69539852e-31 2.57596005e-33 5.34786658e-37
 2.78636314e-36 2.60622931e-27 1.17161696e-33 2.60622931e-27
 2.58531714e-40 1.00942344e-37 5.28569498e-27 1.24351631e-31
 1.21017203e-25 8.95402666e-28 4.19874897e-36 5.30672790e-34
 3.21175996e-35 3.65403168e-45 1.53384053e-37 1.02784044e-28
 7.88918156e-34 3.92888730e-32]","[4.46914941e-04 8.83388113e-03 5.40815910e-03 1.42330771e-04
 1.33647109e-03 2.87603621e-04 1.04312046e-02 1.69163164e-04
 8.18183120e-02 1.91602632e-02 4.61666058e-03 7.29608928e-02
 2.45133357e-03 2.41553994e-06 2.66272068e-03 2.86152012e-02
 2.88537562e-04 4.95730404e-05 2.20238632e-04 8.60128767e-03
 2.84057175e-06 9.14716912e-04 8.60553347e-03 1.62860422e-04
 1.63928307e-03 3.56320072e-02 9.34276002e-05 1.05466834e-04
 5.23357757e-04 2.67166346e-03 7.81418510e-03 2.80918883e-03
 6.53567744e-05 2.48365375e-03 1.54771742e-03 9.07058498e-04
 4.84400474e-03 1.19226109e-02 2.25675747e-03 4.24561170e-02
 4.37164042e-02 1.86760776e-04 1.80385200e-02 2.07018089e-02
 4.11667505e-04 2.74537299e-05 1.64520430e-03 6.06758404e-02
 2.36481227e-02 5.74819633e-03]","[7.06559322e-09 3.54547092e-09 1.15518928e-10 6.42652598e-09
 1.93702443e-09 7.37597639e-09 1.05787867e-09 9.13625287e-10
 6.09451156e-10 1.91093341e-09 9.99804461e-10 6.49049892e-09
 4.53461380e-10 2.29647712e-09 8.26516644e-09 4.01730649e-10
 4.14832502e-09 2.35514963e-09 3.05039549e-10 5.88549176e-09
 3.76036458e-09 1.43062662e-09 5.04489484e-09 5.06844056e-09
 5.67014213e-10 1.12170284e-09 2.74399281e-09 2.03739736e-09
 1.12572063e-09 6.51746335e-09 3.13575188e-09 6.32952901e-09
 2.55500243e-09 2.31106800e-10 5.99955752e-10 2.07276440e-09
 1.36288858e-09 7.14531434e-10 1.24594224e-09 9.52019796e-10
 4.35957159e-09 4.08966172e-09 5.71731573e-09 1.97380290e-09
 2.29971853e-09 2.94822866e-09 8.23476398e-10 3.81106702e-09
 2.81417556e-09 5.06704789e-10]","[1.00000000e-05 1.00000000e-05 1.00000000e-05 1.00000000e-05
 1.00000000e-05 1.00000000e-05 1.00000000e-05 1.00000000e-05
 1.46214807e-04 1.00000000e-05 1.00000000e-05 3.01665482e-05
 1.00000000e-05 1.00000000e-05 1.00000000e-05 1.97762482e-05
 1.00000000e-05 1.00000000e-05 1.00000000e-05 1.00000000e-05
 1.00000000e-05 1.00000000e-05 1.00000000e-05 1.00000000e-05
 1.00000000e-05 1.00000000e-05 1.00000000e-05 1.00000000e-05
 1.00000000e-05 1.00000000e-05 1.00000000e-05 1.00000000e-05
 1.00000000e-05 1.00000000e-05 1.00000000e-05 1.00000000e-05
 1.00000000e-05 1.00000000e-05 1.00000000e-05 1.14589251e-05
 1.40196038e-05 1.00000000e-05 1.00000000e-05 1.00000000e-05
 1.00000000e-05 1.00000000e-05 1.00000000e-05 1.33923786e-05
 1.00000000e-05 1.00000000e-05]","[1.e-05 1.e-05 1.e-05 1.e-05 1.e-05 1.e-05 1.e-05 1.e-05 1.e-05 1.e-05
 1.e-05 1.e-05 1.e-05 1.e-05 1.e-05 1.e-05 1.e-05 1.e-05 1.e-05 1.e-05
 1.e-05 1.e-05 1.e-05 1.e-05 1.e-05 1.e-05 1.e-05 1.e-05 1.e-05 1.e-05
 1.e-05 1.e-05 1.e-05 1.e-05 1.e-05 1.e-05 1.e-05 1.e-05 1.e-05 1.e-05
 1.e-05 1.e-05 1.e-05 1.e-05 1.e-05 1.e-05 1.e-05 1.e-05 1.e-05 1.e-05]","[0.07499712 0.05992846 0.07884361 0.07967057 0.06693639 0.07065575
 0.07251995 0.07586173 0.07020139 0.06687655 0.06698422 0.0599964
 0.07555782 0.08610898 0.08181867 0.05994904 0.07632511 0.08543357
 0.07212131 0.07157937 0.08804824 0.06325983 0.07259165 0.06782943
 0.07597314 0.06611181 0.08919452 0.07006057 0.07626656 0.06231538
 0.07956484 0.06749531 0.07902783 0.07216523 0.06188582 0.07327408
 0.06634343 0.06796588 0.06838178 0.06970643 0.05763328 0.08194294
 0.06887611 0.07219731 0.07132202 0.07188313 0.0663317  0.06251483
 0.06527567 0.07537336]","[0.19579775 0.19236074 0.16995339 0.19321308 0.18829698 0.1933919
 0.18115483 0.17287427 0.18786407 0.18146665 0.20046216 0.18657337
 0.19261617 0.1881685  0.21464876 0.18385218 0.18630678 0.19083671
 0.17146636 0.18939187 0.20278613 0.18730159 0.17582174 0.20302088
 0.19263237 0.19261748 0.19936873 0.19925135 0.20415698 0.18216051
 0.19815056 0.19764476 0.18658853 0.18357611 0.2057358  0.19741293
 0.2043866  0.21327793 0.18992276 0.19376426 0.19201549 0.18872454
 0.20028455 0.2036142  0.18650899 0.21414841 0.20789058 0.18646056
 0.19369965 0.21114504]","[3.14226063e-10 1.09756489e-06 2.92112296e-11 1.72575552e-11
 3.09977370e-08 3.97614079e-09 1.36220723e-09 1.86145700e-10
 5.14051441e-09 3.20099248e-08 3.02112186e-08 1.06226830e-06
 2.23912197e-10 2.37366555e-13 4.28594864e-12 1.08675620e-06
 1.40252019e-10 3.78031345e-13 1.71690280e-09 2.34685877e-09
 6.11253809e-14 2.11553649e-07 1.30649133e-09 1.91249092e-08
 1.73925696e-10 4.81403583e-08 2.70238160e-14 5.56455296e-09
 1.45373624e-10 3.40457488e-07 1.84644350e-11 2.29294216e-08
 2.59919615e-11 1.67378754e-09 4.21715218e-07 8.76179757e-10
 4.25646651e-08 1.77544979e-08 1.41410972e-08 6.78729835e-09
 3.23966452e-06 3.94962719e-12 1.07705321e-08 1.64296750e-09
 2.72011672e-09 1.97029219e-09 4.28311654e-08 3.08095250e-07
 7.48069440e-08 2.50388961e-10]","[1.18622430e-67 2.70716393e-65 5.66232284e-51 7.10730226e-66
 1.46296203e-62 5.36423504e-66 6.64050500e-58 9.76153930e-53
 2.83658636e-62 4.19525515e-58 6.37415674e-71 2.02349493e-61
 1.81440854e-65 1.78094645e-62 2.33304557e-81 1.21685957e-59
 3.03103069e-61 2.91360915e-64 6.97261312e-52 2.72207292e-63
 1.39808983e-72 6.68971201e-62 1.50903127e-54 9.48123786e-73
 1.76892971e-65 1.81068801e-65 3.78508991e-70 4.58005296e-70
 1.43776749e-73 1.50552025e-58 2.72160172e-69 6.15114080e-69
 1.97749082e-61 1.83750534e-59 1.02663646e-74 8.93219378e-69
 9.80723098e-74 2.56327466e-80 1.20004099e-63 2.98326960e-66
 4.64546950e-65 7.59551657e-63 8.51900367e-71 3.54525219e-73
 2.23101709e-61 5.60584884e-81 2.70499426e-76 2.40100405e-61
 3.30327744e-66 1.03393863e-78]","[0.00186551 0.00142789 0.00167632 0.00263739 0.00138748 0.00180304
 0.003111   0.00210631 0.00223374 0.00159466 0.00157905 0.0014987
 0.00159848 0.00231683 0.00297773 0.00174701 0.00223637 0.00319147
 0.0016427  0.00240123 0.00179267 0.00176013 0.00203228 0.00199163
 0.00219154 0.00154042 0.0034641  0.00185668 0.00141203 0.00196481
 0.00325966 0.00269282 0.00232303 0.00221264 0.00132346 0.0023917
 0.00149417 0.00098455 0.00273502 0.00245833 0.00133944 0.00275326
 0.00096262 0.001706   0.00239754 0.00255394 0.0017575  0.00073349
 0.00164354 0.00284028]","[0.02762806 0.03178048 0.02506304 0.02302527 0.02780819 0.02762437
 0.02126265 0.02407229 0.02496111 0.0215795  0.03161323 0.02458942
 0.02671063 0.0297488  0.02715266 0.02304173 0.02502549 0.02351475
 0.02258503 0.02181351 0.03582287 0.0249474  0.02160454 0.02502739
 0.02506721 0.02428877 0.02431905 0.02792549 0.03265727 0.0240823
 0.02631474 0.02261806 0.03172827 0.02248573 0.02853906 0.02863693
 0.03377199 0.03870499 0.02551055 0.0225997  0.0235548  0.02453113
 0.03281569 0.03073859 0.02577674 0.03612614 0.03254151 0.02864945
 0.02942443 0.02838874]","[0.0283822  0.02849128 0.02619511 0.03715543 0.02403506 0.03268528
 0.03818256 0.03274031 0.03113626 0.02781912 0.02643019 0.02892177
 0.02791581 0.0329734  0.03362937 0.02733451 0.03460675 0.04219376
 0.02645932 0.02968231 0.0305478  0.02903873 0.0324637  0.03058743
 0.03040972 0.02611465 0.03864202 0.02825501 0.02679801 0.03071486
 0.03558372 0.03191381 0.03323274 0.03207993 0.02664247 0.03308391
 0.02782752 0.02166688 0.03501434 0.03204442 0.02595507 0.03847699
 0.02724794 0.02661374 0.03373715 0.03429075 0.02781433 0.0215692
 0.02853588 0.03687597]","[0.12714035 0.13488862 0.12076685 0.11423555 0.1291585  0.12785066
 0.11368866 0.12074669 0.12142437 0.11325452 0.13448273 0.12318852
 0.12597321 0.13025056 0.12120845 0.1159556  0.12090407 0.11874822
 0.11535748 0.11058419 0.14360586 0.12083147 0.11354908 0.12017152
 0.12119107 0.12192952 0.121029   0.1287172  0.13922626 0.12207296
 0.12113499 0.11464614 0.13807911 0.11475671 0.12850578 0.13181075
 0.13861153 0.15064561 0.12401635 0.11509978 0.11793122 0.12149769
 0.13501662 0.13423564 0.12205922 0.14751197 0.13918947 0.13007936
 0.13360786 0.12887489]",0.005287329997828774,7.217423870488836e-22,0.01107795779912976,5.051536049130045e-21,0.011015219028765033,2.810399526431695e-09,0.018874074375620168,2.2251162671878763e-09,1.3500570213630416e-05,1e-05,1.9221775462504337e-05,0.0,0.07166356218338014,0.19309533026695253,0.007421649578152666,0.010478403189115712,0.0020320439338684083,0.026995995044708253,0.0006166101383506008,0.004171616894807844,0.030614969547321774,0.12558884835355752,0.004370529491722685,0.009355586757239284
df2,0.75,0.75,0.0,"[5.85633896e-03 1.45688880e-04 4.26159664e-04 3.00718998e-03
 1.67194217e-04 3.73964604e-04 2.87103585e-04 7.20954134e-05
 4.67045972e-05 6.24445815e-05 7.20954134e-05 6.26876255e-04
 4.70847031e-03 5.25376643e-03 4.21554189e-03 2.87103585e-04
 2.87103585e-04 2.38884447e-03 2.90339156e-02 1.64147482e-02
 2.12592488e-03 3.73964604e-04 8.06755085e-04 9.58129418e-05
 3.77043497e-03 2.12592488e-03 7.11507895e-04 1.67865304e-03
 1.99311438e-02 1.03408932e-03 1.80967606e-02 1.34646549e-02
 1.45688880e-04 2.99835482e-05 3.73964604e-04 1.63732496e-05
 8.06755085e-04 1.32017364e-03 3.36269816e-06 9.92823487e-03
 1.48741570e-02 9.92823487e-03 5.87165796e-02 7.20954134e-05
 8.95145539e-03 7.11507895e-04 1.48741570e-02 3.36894521e-03
 5.85633896e-03 2.38884447e-03]","[7.84752977e-30 1.84715262e-36 4.35811909e-38 2.57596005e-33
 1.76381982e-30 8.09234334e-37 1.35963995e-47 8.47828272e-32
 1.22324939e-36 1.60509935e-34 4.80962056e-35 3.42045584e-39
 1.00942344e-37 5.65883768e-44 1.45226397e-39 9.50443824e-36
 1.08397407e-40 8.33270257e-33 5.75863544e-46 3.21175996e-35
 3.56590826e-34 2.67335366e-50 9.15418035e-46 8.58131384e-26
 2.32827146e-37 2.19550867e-43 1.07520219e-34 3.81363460e-33
 1.30270202e-22 3.21175996e-35 1.22668930e-38 1.84715262e-36
 7.79126605e-42 8.31031105e-31 3.21175996e-35 2.14251154e-35
 3.56590826e-34 3.98638164e-40 3.98638164e-40 1.08397407e-40
 8.31031105e-31 5.24109088e-39 1.21132482e-30 1.42774613e-35
 1.06757971e-26 7.79126605e-42 1.39869353e-43 3.81363460e-33
 1.22668930e-38 8.47828272e-32]","[5.85633896e-03 1.45688880e-04 4.26159664e-04 3.00718998e-03
 1.67194217e-04 3.73964604e-04 2.87103585e-04 7.20954134e-05
 4.67045972e-05 6.24445815e-05 7.20954134e-05 6.26876255e-04
 4.70847031e-03 5.25376643e-03 4.21554189e-03 2.87103585e-04
 2.87103585e-04 2.38884447e-03 2.90339156e-02 1.64147482e-02
 2.12592488e-03 3.73964604e-04 8.06755085e-04 9.58129418e-05
 3.77043497e-03 2.12592488e-03 7.11507895e-04 1.67865304e-03
 1.99311438e-02 1.03408932e-03 1.80967606e-02 1.34646549e-02
 1.45688880e-04 2.99835482e-05 3.73964604e-04 1.63732496e-05
 8.06755085e-04 1.32017364e-03 3.36269816e-06 9.92823487e-03
 1.48741570e-02 9.92823487e-03 5.87165796e-02 7.20954134e-05
 8.95145539e-03 7.11507895e-04 1.48741570e-02 3.36894521e-03
 5.85633896e-03 2.38884447e-03]","[7.84752977e-30 1.84715262e-36 4.35811909e-38 2.57596005e-33
 1.76381982e-30 8.09234334e-37 1.35963995e-47 8.47828272e-32
 1.22324939e-36 1.60509935e-34 4.80962056e-35 3.42045584e-39
 1.00942344e-37 5.65883768e-44 1.45226397e-39 9.50443824e-36
 1.08397407e-40 8.33270257e-33 5.75863544e-46 3.21175996e-35
 3.56590826e-34 2.67335366e-50 9.15418035e-46 8.58131384e-26
 2.32827146e-37 2.19550867e-43 1.07520219e-34 3.81363460e-33
 1.30270202e-22 3.21175996e-35 1.22668930e-38 1.84715262e-36
 7.79126605e-42 8.31031105e-31 3.21175996e-35 2.14251154e-35
 3.56590826e-34 3.98638164e-40 3.98638164e-40 1.08397407e-40
 8.31031105e-31 5.24109088e-39 1.21132482e-30 1.42774613e-35
 1.06757971e-26 7.79126605e-42 1.39869353e-43 3.81363460e-33
 1.22668930e-38 8.47828272e-32]","[3.34269454e-03 5.59144310e-05 7.66318532e-05 3.31636929e-03
 4.07915239e-03 3.50078525e-03 1.49411303e-02 2.18534235e-04
 5.85186136e-04 3.60391234e-04 2.41468210e-05 1.77776280e-02
 5.81669683e-04 1.19481550e-02 1.24929829e-02 7.87290691e-04
 2.15079317e-04 1.77018530e-03 4.49490351e-02 1.63644095e-02
 9.63245819e-03 2.35425173e-03 7.36668312e-04 1.48408417e-05
 6.68451886e-02 2.63370726e-03 3.86198604e-03 3.87759725e-02
 1.31603354e-01 1.98901446e-03 8.59292055e-02 1.92774963e-02
 1.22273194e-02 1.26497617e-03 8.82257889e-04 8.78444433e-04
 4.00646074e-04 1.21120044e-03 2.30566215e-05 1.82485197e-02
 1.41101347e-02 1.67233056e-02 9.00947333e-02 2.80328587e-05
 1.06808645e-02 1.06910060e-02 6.22920758e-02 8.73659258e-03
 3.52792537e-02 3.52714924e-02]","[3.99493683e-09 2.06967909e-09 1.18395993e-09 1.02049114e-09
 3.47361806e-10 9.22435239e-10 3.61194552e-09 1.04805964e-09
 4.17573820e-09 3.12157722e-09 4.08880463e-09 8.30909230e-10
 2.02198214e-09 1.07149023e-08 1.77651716e-09 3.00254721e-09
 8.61591254e-09 3.02102909e-09 2.69091371e-09 3.28322936e-09
 2.64716316e-09 5.38426648e-09 3.63974839e-09 6.13351259e-10
 3.67754427e-09 1.12025140e-08 4.54455118e-09 1.09178866e-09
 3.03345904e-10 9.04783914e-10 4.00461786e-09 6.07044159e-09
 2.11029116e-09 6.56109278e-10 1.29806099e-09 8.40291992e-09
 1.65255443e-09 7.52724427e-09 2.00823558e-09 1.01319398e-08
 9.24666677e-10 2.59661903e-09 1.25117849e-09 6.99187708e-10
 1.33873768e-09 7.24216531e-09 1.24827015e-09 4.19650648e-09
 1.83944071e-09 1.53999880e-09]","[1.00000000e-05 1.00000000e-05 1.00000000e-05 1.00000000e-05
 1.00000000e-05 1.00000000e-05 1.00000000e-05 1.00000000e-05
 1.00000000e-05 1.00000000e-05 1.00000000e-05 1.00000000e-05
 1.00000000e-05 1.00000000e-05 1.00000000e-05 1.00000000e-05
 1.00000000e-05 1.00000000e-05 2.06913965e-05 1.00000000e-05
 1.00000000e-05 1.00000000e-05 1.00000000e-05 1.00000000e-05
 1.16706199e-05 1.00000000e-05 1.00000000e-05 1.00000000e-05
 5.27875057e-05 1.00000000e-05 4.56474149e-05 1.00000000e-05
 1.00000000e-05 1.00000000e-05 1.00000000e-05 1.00000000e-05
 1.00000000e-05 1.00000000e-05 1.00000000e-05 1.00000000e-05
 1.00000000e-05 1.00000000e-05 5.23528710e-05 1.00000000e-05
 1.00000000e-05 1.00000000e-05 2.33042695e-05 1.00000000e-05
 1.01256997e-05 1.00000000e-05]","[1.e-05 1.e-05 1.e-05 1.e-05 1.e-05 1.e-05 1.e-05 1.e-05 1.e-05 1.e-05
 1.e-05 1.e-05 1.e-05 1.e-05 1.e-05 1.e-05 1.e-05 1.e-05 1.e-05 1.e-05
 1.e-05 1.e-05 1.e-05 1.e-05 1.e-05 1.e-05 1.e-05 1.e-05 1.e-05 1.e-05
 1.e-05 1.e-05 1.e-05 1.e-05 1.e-05 1.e-05 1.e-05 1.e-05 1.e-05 1.e-05
 1.e-05 1.e-05 1.e-05 1.e-05 1.e-05 1.e-05 1.e-05 1.e-05 1.e-05 1.e-05]","[0.08236895 0.07795982 0.07267585 0.0705038  0.07658393 0.06980375
 0.06713052 0.07510206 0.07974203 0.08161638 0.07322988 0.07152707
 0.06317693 0.07044403 0.06878701 0.06608964 0.06658257 0.0658887
 0.06149284 0.07306882 0.07305425 0.07103558 0.06410324 0.07900229
 0.06755934 0.07079105 0.0706013  0.06780915 0.06235427 0.08101254
 0.05765523 0.07146411 0.07275253 0.06698668 0.07227296 0.08227261
 0.0832907  0.06786669 0.08065466 0.06047902 0.07305908 0.06805905
 0.06923    0.06645374 0.07018726 0.0655586  0.06762837 0.06362153
 0.06592182 0.07085787]","[0.18549053 0.19957569 0.20742512 0.18897638 0.2022323  0.21540238
 0.21974726 0.20327411 0.19294431 0.19430183 0.20868105 0.21259955
 0.2060939  0.2184751  0.21462663 0.19553662 0.21862843 0.18812228
 0.21066674 0.20894952 0.20140034 0.21804239 0.21757245 0.18021133
 0.19627746 0.21688156 0.20266737 0.20813441 0.18517436 0.20432988
 0.20009468 0.20556284 0.2083177  0.20544948 0.19577776 0.21120209
 0.19903144 0.21409355 0.19610583 0.2094485  0.203093   0.22200783
 0.19858918 0.19375695 0.18646104 0.21869447 0.22793191 0.19560902
 0.21618395 0.20348069]","[2.98178784e-12 5.09544982e-11 1.24390136e-09 4.33355667e-09
 1.19650009e-10 6.42736199e-09 2.79238403e-08 2.94974468e-10
 1.64859899e-11 4.89443480e-12 8.99250228e-10 2.41843164e-09
 2.20640237e-07 4.48258362e-09 1.13139108e-08 4.87097342e-08
 3.74675057e-08 5.41787262e-08 5.12264478e-07 9.88446082e-10
 9.96932180e-10 3.20375806e-09 1.37484498e-07 2.64166385e-11
 2.21474989e-08 3.68218098e-09 4.10078746e-09 1.93371967e-08
 3.33899315e-07 7.26036120e-12 3.20695145e-06 2.50740291e-09
 1.18945922e-09 3.01712469e-08 1.57245176e-09 3.17789733e-12
 1.61497432e-12 1.87407660e-08 9.15910655e-12 8.41270669e-07
 9.94108208e-10 1.68741464e-08 8.85235510e-09 4.01347033e-08
 5.18158530e-09 6.44819808e-08 2.13335258e-08 1.75977625e-07
 5.32379874e-08 3.54493643e-09]","[1.04064255e-60 2.70381446e-70 5.95319768e-76 5.15893762e-63
 3.48876840e-72 6.20485762e-82 2.72593004e-85 6.23283557e-73
 1.08427131e-65 1.27622251e-66 7.05563195e-77 8.34305145e-80
 5.62532005e-75 2.66529503e-84 2.42538341e-81 1.79829575e-67
 2.02635434e-84 1.91144179e-62 2.35646761e-78 4.46469077e-77
 1.37128054e-71 5.77017485e-84 1.33261063e-83 2.65173807e-57
 5.51526260e-68 4.54621906e-83 1.70131667e-72 1.78804761e-76
 1.67551933e-60 1.07796348e-73 1.16125149e-70 1.37226692e-74
 1.30946151e-76 1.65948520e-74 1.22463272e-67 9.37044077e-79
 6.54391248e-70 6.17068297e-81 7.25543464e-68 1.90410050e-77
 8.41403523e-73 4.58248961e-87 1.33956759e-69 3.01787612e-66
 2.39926565e-61 1.80060469e-84 8.33364973e-92 1.60246966e-67
 1.56310959e-82 4.42482897e-73]","[0.00223029 0.00266182 0.00196564 0.00233185 0.00169897 0.001086
 0.00182581 0.00260782 0.00324357 0.00185084 0.00128746 0.0021112
 0.00139439 0.00161576 0.00165832 0.00144696 0.00363767 0.0009104
 0.00083923 0.00201905 0.00156105 0.00278533 0.00100303 0.00307369
 0.00176775 0.00243402 0.00198996 0.00138164 0.00144076 0.00353384
 0.00205243 0.00258887 0.0014137  0.00188899 0.00098026 0.00241566
 0.00278723 0.00162125 0.00254571 0.00152802 0.00296175 0.00200379
 0.0015111  0.0013665  0.00176656 0.00184965 0.00193441 0.00203872
 0.00125468 0.00232553]","[0.02635169 0.03123581 0.03113031 0.03172052 0.02931178 0.03501463
 0.03152883 0.03214896 0.02374303 0.03176439 0.0364188  0.03646457
 0.03410876 0.03519058 0.03526926 0.02699339 0.02712238 0.02666748
 0.03489363 0.02922952 0.03457046 0.03065896 0.03604114 0.02195358
 0.0239296  0.03392231 0.03101206 0.03134251 0.03104758 0.02767825
 0.02748287 0.02805173 0.03704369 0.02975833 0.03310347 0.02945113
 0.03168178 0.03491116 0.02596092 0.0309211  0.02718973 0.03734565
 0.02916503 0.03296793 0.02407503 0.04191756 0.02966297 0.03074682
 0.03640938 0.03416371]","[0.03166444 0.03374082 0.03033374 0.03226894 0.02621124 0.02148043
 0.02660757 0.03321545 0.04233778 0.02773643 0.02475523 0.03161564
 0.02849831 0.02823078 0.02936013 0.02686275 0.04196095 0.02193893
 0.02153555 0.02939204 0.02727908 0.03407872 0.02195252 0.03954716
 0.02863427 0.03255991 0.02971295 0.02424152 0.02861832 0.04164566
 0.02940109 0.03316691 0.02820006 0.02849793 0.02223583 0.03479473
 0.03452902 0.02837796 0.03041432 0.02825683 0.03447428 0.032329
 0.02784873 0.02613834 0.02727975 0.03146936 0.03205368 0.03102965
 0.02469643 0.03410006]","[0.1252204  0.13519744 0.1363076  0.13940387 0.13005045 0.14311731
 0.13224676 0.13731903 0.11802815 0.13632803 0.14676372 0.14514956
 0.14260797 0.14464138 0.14728865 0.12660649 0.1254639  0.12559408
 0.14453713 0.13138471 0.1405499  0.13308246 0.14736982 0.11518925
 0.12066385 0.14241927 0.13592107 0.13466023 0.13769726 0.12755534
 0.12399694 0.12799775 0.14835245 0.13247192 0.13830524 0.13338994
 0.13921053 0.14278771 0.12331141 0.13425864 0.12850564 0.14738639
 0.13000669 0.14101527 0.11737159 0.1564526  0.1298992  0.13471812
 0.1479981  0.14231613]",0.005406316591386667,2.6073340820894852e-24,0.009924626958182907,1.8237556626456393e-23,0.016401708561753575,3.2458235033061554e-09,0.027077487262848494,2.7728440545210683e-09,1.2931595543118505e-05,1e-05,9.756718921483034e-06,0.0,0.07074740221977233,0.20466666357040406,0.006049372280095595,0.010870962455300795,0.0019645786285400393,0.031209495067596436,0.0006613050252642988,0.004083773416011585,0.029946224322854174,0.1353623469410647,0.004905576603521577,0.009126670367004057
df2,0.8,0.8,0.0,"[5.51757155e-04 1.21765095e-02 1.89004559e-03 8.06755085e-04
 3.73964604e-04 2.38884447e-03 1.80967606e-02 7.11507895e-04
 3.77043497e-03 4.03308445e-05 3.48322136e-02 9.13835051e-04
 8.06755085e-04 2.19534247e-04 3.00718998e-03 8.95145539e-03
 5.40313022e-05 9.92823487e-03 8.06755085e-04 2.68158880e-03
 2.51182002e-04 3.27832948e-04 1.45688880e-04 8.31541824e-05
 1.48940867e-03 8.31541824e-05 7.11507895e-04 2.51182002e-04
 9.58129418e-05 3.27832948e-04 3.27832948e-04 7.11507895e-04
 1.32017364e-03 5.46398884e-06 2.68158880e-03 4.21554189e-03
 5.85633896e-03 1.16899447e-03 3.47919250e-05 6.52148041e-03
 5.51757155e-04 1.10005675e-02 2.41040115e-02 2.38884447e-03
 5.51757155e-04 1.67194217e-04 4.26159664e-04 4.03308445e-05
 1.48940867e-03 1.80967606e-02]","[2.78636314e-36 8.47223917e-48 1.22324939e-36 6.14029324e-40
 1.14419204e-49 1.53384053e-37 2.91986566e-41 3.61877620e-46
 1.44479841e-44 2.05945159e-42 4.52588482e-41 2.58531714e-40
 2.85911373e-38 3.98638164e-40 1.73815304e-33 7.83398323e-49
 5.65883768e-44 2.67038982e-32 1.22668930e-38 2.27167277e-46
 5.00547265e-42 2.91986566e-41 1.31892718e-42 4.52588482e-41
 1.87374272e-38 2.14251154e-35 2.91986566e-41 2.32827146e-37
 1.21147719e-41 5.58403660e-47 9.44810349e-40 1.31892718e-42
 1.22979552e-32 1.08397407e-40 2.67038982e-32 5.30672790e-34
 3.55862494e-54 2.67335366e-50 1.60509935e-34 1.81313081e-32
 2.27167277e-46 3.21175996e-35 2.17967002e-47 2.91986566e-41
 8.47223917e-48 1.96022961e-52 2.17967002e-47 3.49058990e-47
 1.14419204e-49 5.75863544e-46]","[5.51757155e-04 1.21765095e-02 1.89004559e-03 8.06755085e-04
 3.73964604e-04 2.38884447e-03 1.80967606e-02 7.11507895e-04
 3.77043497e-03 4.03308445e-05 3.48322136e-02 9.13835051e-04
 8.06755085e-04 2.19534247e-04 3.00718998e-03 8.95145539e-03
 5.40313022e-05 9.92823487e-03 8.06755085e-04 2.68158880e-03
 2.51182002e-04 3.27832948e-04 1.45688880e-04 8.31541824e-05
 1.48940867e-03 8.31541824e-05 7.11507895e-04 2.51182002e-04
 9.58129418e-05 3.27832948e-04 3.27832948e-04 7.11507895e-04
 1.32017364e-03 5.46398884e-06 2.68158880e-03 4.21554189e-03
 5.85633896e-03 1.16899447e-03 3.47919250e-05 6.52148041e-03
 5.51757155e-04 1.10005675e-02 2.41040115e-02 2.38884447e-03
 5.51757155e-04 1.67194217e-04 4.26159664e-04 4.03308445e-05
 1.48940867e-03 1.80967606e-02]","[2.78636314e-36 8.47223917e-48 1.22324939e-36 6.14029324e-40
 1.14419204e-49 1.53384053e-37 2.91986566e-41 3.61877620e-46
 1.44479841e-44 2.05945159e-42 4.52588482e-41 2.58531714e-40
 2.85911373e-38 3.98638164e-40 1.73815304e-33 7.83398323e-49
 5.65883768e-44 2.67038982e-32 1.22668930e-38 2.27167277e-46
 5.00547265e-42 2.91986566e-41 1.31892718e-42 4.52588482e-41
 1.87374272e-38 2.14251154e-35 2.91986566e-41 2.32827146e-37
 1.21147719e-41 5.58403660e-47 9.44810349e-40 1.31892718e-42
 1.22979552e-32 1.08397407e-40 2.67038982e-32 5.30672790e-34
 3.55862494e-54 2.67335366e-50 1.60509935e-34 1.81313081e-32
 2.27167277e-46 3.21175996e-35 2.17967002e-47 2.91986566e-41
 8.47223917e-48 1.96022961e-52 2.17967002e-47 3.49058990e-47
 1.14419204e-49 5.75863544e-46]","[1.45155567e-04 3.90143628e-02 8.77916547e-03 2.07712702e-02
 1.35505117e-02 3.58917742e-03 5.43266720e-02 6.18017621e-03
 4.30445063e-02 3.01868699e-05 2.92910493e-02 1.01347592e-02
 9.40804088e-05 1.04299276e-04 2.96127121e-02 1.00918960e-02
 2.28287527e-05 3.98124911e-03 1.83580311e-03 2.63035683e-02
 1.01490642e-03 2.06425795e-03 1.73797925e-03 6.14249394e-04
 2.92126482e-02 4.94677503e-03 3.84447966e-05 2.73381185e-03
 2.68158162e-04 2.03755176e-03 4.32193028e-04 5.34488018e-03
 1.02846574e-02 1.02678681e-05 4.78749143e-03 7.21436659e-03
 2.29333789e-03 1.41543530e-03 2.98145535e-05 2.74874170e-02
 7.94623314e-03 9.51361724e-02 9.59257525e-02 8.60153737e-03
 1.62346508e-02 1.97184742e-03 1.15364765e-03 1.52291918e-03
 3.58774984e-03 9.07679389e-02]","[1.35418032e-09 2.45714316e-09 6.58438193e-10 2.70765632e-09
 5.32153022e-09 6.44638287e-09 7.97774824e-09 3.75261655e-09
 7.71403419e-09 1.77918325e-09 9.12431708e-09 1.64428460e-09
 2.21311502e-09 2.86260404e-09 3.02109682e-09 5.67881298e-09
 3.13512316e-09 8.10236278e-09 3.43033157e-09 1.97494199e-09
 1.68557768e-09 4.33496894e-09 1.10359044e-09 6.56479604e-09
 3.31650352e-09 4.58874594e-09 7.28714844e-09 7.60477314e-09
 1.11068122e-08 1.32383371e-09 3.00595959e-09 1.32006617e-09
 3.31837446e-09 1.39674861e-09 2.58332067e-09 6.94202162e-09
 5.42400058e-09 4.42985959e-09 7.67935726e-09 3.41278017e-09
 2.51039622e-09 7.05691505e-10 3.09128467e-09 5.42688161e-09
 2.11623230e-09 3.25682881e-09 8.58479354e-09 1.10509445e-08
 3.51220097e-09 1.98834138e-09]","[1.00000000e-05 1.00000000e-05 1.00000000e-05 1.00000000e-05
 1.00000000e-05 1.00000000e-05 1.08660012e-05 1.00000000e-05
 1.00000000e-05 1.00000000e-05 1.60933520e-05 1.00000000e-05
 1.00000000e-05 1.00000000e-05 1.00000000e-05 1.00000000e-05
 1.00000000e-05 1.00000000e-05 1.00000000e-05 1.00000000e-05
 1.00000000e-05 1.00000000e-05 1.00000000e-05 1.00000000e-05
 1.00000000e-05 1.00000000e-05 1.00000000e-05 1.00000000e-05
 1.00000000e-05 1.00000000e-05 1.00000000e-05 1.00000000e-05
 1.00000000e-05 1.00000000e-05 1.00000000e-05 1.00000000e-05
 1.00000000e-05 1.00000000e-05 1.00000000e-05 1.00000000e-05
 1.00000000e-05 2.75290847e-05 2.80853026e-05 1.00000000e-05
 1.00000000e-05 1.00000000e-05 1.00000000e-05 1.00000000e-05
 1.00000000e-05 4.02683832e-05]","[1.e-05 1.e-05 1.e-05 1.e-05 1.e-05 1.e-05 1.e-05 1.e-05 1.e-05 1.e-05
 1.e-05 1.e-05 1.e-05 1.e-05 1.e-05 1.e-05 1.e-05 1.e-05 1.e-05 1.e-05
 1.e-05 1.e-05 1.e-05 1.e-05 1.e-05 1.e-05 1.e-05 1.e-05 1.e-05 1.e-05
 1.e-05 1.e-05 1.e-05 1.e-05 1.e-05 1.e-05 1.e-05 1.e-05 1.e-05 1.e-05
 1.e-05 1.e-05 1.e-05 1.e-05 1.e-05 1.e-05 1.e-05 1.e-05 1.e-05 1.e-05]","[0.07215791 0.06170235 0.06798497 0.05509632 0.06377049 0.06653779
 0.06932371 0.07097085 0.06881265 0.08095563 0.07171747 0.07170614
 0.06932816 0.06837063 0.07082808 0.0769869  0.07300291 0.07300466
 0.06710062 0.06583553 0.07521784 0.07068223 0.0646841  0.06928792
 0.06101443 0.07674844 0.07083258 0.07305    0.07353063 0.08441649
 0.06936358 0.07681735 0.07920043 0.07581615 0.06745123 0.06941656
 0.05524544 0.06933293 0.07981289 0.07074873 0.06891707 0.06072847
 0.06682336 0.07207226 0.06815791 0.07525874 0.06818072 0.0676171
 0.06624626 0.06202362]","[0.21109894 0.22569994 0.20435249 0.21508175 0.21502201 0.20844009
 0.23228048 0.22949326 0.2134904  0.21872813 0.21591417 0.22105842
 0.21460626 0.20922441 0.20630244 0.23218068 0.22491362 0.21619528
 0.21640147 0.23085243 0.22128435 0.22134013 0.20938946 0.21184803
 0.2185357  0.2083284  0.22347769 0.21813352 0.22348847 0.21742793
 0.22146218 0.20906413 0.2089887  0.21446916 0.18857263 0.20078721
 0.22684572 0.21925195 0.20729483 0.20193592 0.23208795 0.21452884
 0.23819357 0.23074613 0.22737786 0.22681587 0.2333712  0.22410663
 0.23602475 0.23748863]","[1.68090224e-09 4.61874831e-07 1.75705288e-08 1.02024171e-05
 1.63077324e-07 3.83745275e-08 8.40294790e-09 3.32414840e-09
 1.11548906e-08 7.53413001e-12 2.16767566e-09 2.18186263e-09
 8.38218201e-09 1.42279122e-08 3.60550289e-09 9.33292951e-11
 1.02738986e-09 1.02633592e-09 2.83771969e-08 5.57228590e-08
 2.75069604e-10 3.91685355e-09 1.01836803e-07 8.57189328e-09
 6.48045307e-07 1.08126889e-10 3.59628787e-09 9.99414890e-10
 7.53252689e-10 7.56585993e-13 8.21851437e-09 1.03629935e-10
 2.32926467e-11 1.91384474e-10 2.34833283e-08 7.97957500e-09
 9.55080468e-06 8.35993539e-09 1.57542986e-11 3.77177125e-09
 1.05293051e-08 7.45178768e-07 3.29364089e-08 1.76634495e-09
 1.59865639e-08 2.68357578e-10 1.57882341e-08 2.14643000e-08
 4.48228650e-08 3.93794178e-07]","[1.11946163e-078 5.27400239e-090 1.03810123e-073 1.09069841e-081
 1.21145103e-081 1.06336582e-076 2.27981762e-095 4.46377410e-093
 1.76978404e-080 1.69539346e-084 2.51717693e-082 2.56242460e-086
 2.51357973e-081 2.79262495e-077 3.96078764e-075 2.75717682e-095
 2.25071672e-089 1.53211441e-082 1.06401108e-082 3.43360060e-094
 1.70240433e-086 1.53881913e-086 2.10636132e-077 3.06990066e-079
 2.39171594e-084 1.28584663e-076 3.14166706e-088 4.90457437e-084
 3.08031353e-088 1.72317976e-083 1.23351956e-086 3.67166943e-077
 4.17603544e-077 3.19659039e-081 9.58910618e-063 3.74621839e-071
 6.30614557e-091 6.63394806e-085 7.42173783e-076 5.68503150e-072
 3.28960120e-095 2.87909252e-081 2.50898904e-100 4.19879338e-094
 2.34269997e-091 6.66586321e-091 2.83886265e-096 9.92338629e-089
 1.71154930e-098 9.94279477e-100]","[0.00162935 0.00124288 0.00143719 0.00098562 0.00075614 0.00354803
 0.00161612 0.0013926  0.00164366 0.00251758 0.00142884 0.00126493
 0.00225723 0.00157058 0.00251997 0.00224328 0.00253594 0.00219488
 0.00150323 0.00201535 0.00313127 0.00135231 0.00332463 0.00146067
 0.00051713 0.00177455 0.00190282 0.00252664 0.00290835 0.00289154
 0.00224781 0.00110137 0.00267828 0.00185716 0.00140727 0.00179279
 0.00109494 0.00265706 0.00184309 0.00166857 0.00150335 0.00129366
 0.00089312 0.00309134 0.00218534 0.00154102 0.00193763 0.00169551
 0.00165033 0.00190628]","[0.03353882 0.03753984 0.03355813 0.03061843 0.04165149 0.02700663
 0.04026616 0.04224372 0.03538871 0.03415561 0.03650641 0.03375626
 0.03178847 0.03690255 0.02493083 0.04230917 0.03922272 0.03448451
 0.03010821 0.03681374 0.03242326 0.03685093 0.02491152 0.03281343
 0.03536487 0.03068674 0.03657293 0.0283258  0.03405964 0.0305903
 0.03517616 0.03274512 0.03215575 0.03588498 0.0275898  0.03170359
 0.03894269 0.03003311 0.03357995 0.03568184 0.03840947 0.02991509
 0.04654014 0.03476286 0.03470385 0.04455197 0.03469574 0.03421974
 0.03753579 0.03578055]","[0.02725376 0.02432106 0.02660429 0.02330135 0.0225443  0.03986674
 0.02685568 0.0260541  0.02595497 0.03377101 0.02719105 0.02361529
 0.02982513 0.02810418 0.03268591 0.03180582 0.03266596 0.03164357
 0.03233381 0.03224396 0.03918742 0.0270417  0.03853815 0.0254517
 0.01594731 0.02801927 0.03227498 0.03682812 0.03665776 0.03585581
 0.03362434 0.02329523 0.03392362 0.02805491 0.02466857 0.02901634
 0.02409658 0.03882268 0.02888728 0.02763736 0.02635166 0.0270557
 0.0214326  0.03872995 0.03139164 0.02731491 0.0334456  0.02720266
 0.02921755 0.02824094]","[0.14022773 0.14522705 0.1392949  0.13156032 0.15735442 0.12733965
 0.15186407 0.15616962 0.14419478 0.14246822 0.14613988 0.13846992
 0.13665441 0.14766161 0.12024846 0.15952227 0.15388217 0.14252682
 0.13030844 0.1459289  0.13954861 0.14759737 0.12323247 0.13881793
 0.14443336 0.13519899 0.14816875 0.12887149 0.14421372 0.13492085
 0.14498847 0.1386987  0.13923134 0.14381009 0.12746697 0.13755095
 0.15251071 0.1326697  0.14058341 0.14717145 0.15012564 0.13368074
 0.16425352 0.14079323 0.14380906 0.16240082 0.14019098 0.14132899
 0.1496177  0.14312741]",0.0037687153495854437,1.726487922147239e-33,0.00685270304738,5.93375499430265e-33,0.01455441046399095,4.240574753566761e-09,0.023626977554373835,2.696963573881286e-09,1.1456842475747383e-05,1e-05,5.4447798851726555e-06,0.0,0.06987778491020202,0.21868008417606355,0.005821213345390779,0.01039982194679553,0.001882784366607666,0.03459995985031128,0.0006768704902667919,0.004525254924038413,0.02953708545849689,0.14232114167149906,0.005150496551305224,0.009340475219462666
df2,0.8500000000000001,0.8500000000000001,0.0,"[3.48322136e-02 2.51182002e-04 1.48741570e-02 1.03408932e-03
 3.00718998e-03 3.77043497e-03 1.16899447e-03 1.10005675e-02
 1.10005675e-02 3.36894521e-03 1.26822204e-04 8.95145539e-03
 1.91681353e-04 6.26876255e-04 1.64147482e-02 1.32017364e-03
 1.16899447e-03 2.38884447e-03 9.92823487e-03 4.21554189e-03
 6.52148041e-03 7.25488863e-03 1.10005675e-02 1.45688880e-04
 2.19534247e-04 4.21554189e-03 4.21554189e-03 1.89004559e-03
 3.27832948e-04 1.04585220e-06 8.95145539e-03 7.25488863e-03
 1.89004559e-03 2.68158880e-03 1.89004559e-03 4.85152370e-04
 3.27832948e-04 9.13835051e-04 1.48940867e-03 6.26876255e-04
 4.16212987e-02 5.85633896e-03 2.51182002e-04 1.32017364e-03
 5.85633896e-03 2.68158880e-03 7.11507895e-04 4.67045972e-05
 5.40313022e-05 1.16899447e-03]","[3.21237555e-42 3.35470507e-58 2.40288390e-59 1.87374272e-38
 1.39869353e-43 2.05945159e-42 1.31892718e-42 7.05469515e-50
 3.00027002e-49 2.27167277e-46 3.79042144e-51 8.43789069e-43
 1.35963995e-47 2.03688601e-48 4.34507678e-50 9.14645852e-45
 5.39250695e-43 2.58531714e-40 1.26387580e-48 6.03472099e-56
 3.22000728e-52 1.26387580e-48 1.41368557e-59 4.55991975e-57
 6.14029324e-40 5.58403660e-47 3.27921374e-48 7.77624575e-55
 6.14029324e-40 2.22993385e-39 1.35963995e-47 3.42045584e-39
 4.55991975e-57 3.27921374e-48 5.27367686e-48 3.65403168e-45
 6.03472099e-56 2.27983976e-44 1.85378592e-49 1.95228637e-61
 1.95228637e-61 7.00791465e-41 4.87748802e-60 8.47223917e-48
 3.42045584e-39 1.35963995e-47 7.05469515e-50 1.96022961e-52
 9.50443824e-36 4.85066545e-49]","[3.48322136e-02 2.51182002e-04 1.48741570e-02 1.03408932e-03
 3.00718998e-03 3.77043497e-03 1.16899447e-03 1.10005675e-02
 1.10005675e-02 3.36894521e-03 1.26822204e-04 8.95145539e-03
 1.91681353e-04 6.26876255e-04 1.64147482e-02 1.32017364e-03
 1.16899447e-03 2.38884447e-03 9.92823487e-03 4.21554189e-03
 6.52148041e-03 7.25488863e-03 1.10005675e-02 1.45688880e-04
 2.19534247e-04 4.21554189e-03 4.21554189e-03 1.89004559e-03
 3.27832948e-04 1.04585220e-06 8.95145539e-03 7.25488863e-03
 1.89004559e-03 2.68158880e-03 1.89004559e-03 4.85152370e-04
 3.27832948e-04 9.13835051e-04 1.48940867e-03 6.26876255e-04
 4.16212987e-02 5.85633896e-03 2.51182002e-04 1.32017364e-03
 5.85633896e-03 2.68158880e-03 7.11507895e-04 4.67045972e-05
 5.40313022e-05 1.16899447e-03]","[3.21237555e-42 3.35470507e-58 2.40288390e-59 1.87374272e-38
 1.39869353e-43 2.05945159e-42 1.31892718e-42 7.05469515e-50
 3.00027002e-49 2.27167277e-46 3.79042144e-51 8.43789069e-43
 1.35963995e-47 2.03688601e-48 4.34507678e-50 9.14645852e-45
 5.39250695e-43 2.58531714e-40 1.26387580e-48 6.03472099e-56
 3.22000728e-52 1.26387580e-48 1.41368557e-59 4.55991975e-57
 6.14029324e-40 5.58403660e-47 3.27921374e-48 7.77624575e-55
 6.14029324e-40 2.22993385e-39 1.35963995e-47 3.42045584e-39
 4.55991975e-57 3.27921374e-48 5.27367686e-48 3.65403168e-45
 6.03472099e-56 2.27983976e-44 1.85378592e-49 1.95228637e-61
 1.95228637e-61 7.00791465e-41 4.87748802e-60 8.47223917e-48
 3.42045584e-39 1.35963995e-47 7.05469515e-50 1.96022961e-52
 9.50443824e-36 4.85066545e-49]","[5.18259484e-02 5.00380611e-03 3.55351342e-02 6.20328138e-03
 4.64323512e-02 6.94085587e-03 8.40850274e-04 3.39349863e-02
 1.46792852e-02 2.89626681e-02 6.60599531e-04 9.15170604e-03
 1.04003388e-03 1.70236706e-03 6.82884490e-02 1.14519227e-02
 2.14012710e-02 6.70618270e-02 5.93671009e-02 3.30221786e-02
 4.58963006e-02 7.11991143e-02 1.17741964e-02 7.68315602e-05
 8.47208454e-03 3.35279142e-02 1.37208522e-02 7.87559147e-03
 1.96606001e-03 4.99695039e-06 2.00703397e-02 1.97320901e-02
 7.55058759e-03 3.37619238e-03 3.77331021e-03 3.99902318e-05
 7.67457165e-04 1.12602608e-02 3.51568987e-03 1.58014198e-03
 1.10934594e-01 5.99391272e-02 6.85681060e-04 3.70292639e-03
 3.05629945e-02 1.33494794e-02 1.31578715e-02 2.58312005e-03
 9.31254187e-05 6.38859976e-03]","[1.31692734e-09 5.12821396e-09 2.51198617e-09 4.89058605e-09
 2.30718611e-09 7.36677297e-09 1.42014978e-09 7.33710281e-09
 7.18512316e-09 4.92498065e-09 1.27103174e-08 6.93179125e-09
 1.23250149e-08 1.83430859e-09 5.88599303e-09 4.97988417e-09
 1.11252406e-08 3.67937247e-09 2.54751209e-09 3.15918169e-09
 5.59125923e-09 7.43534523e-09 8.19027612e-09 7.32943339e-09
 7.37806150e-09 6.33473851e-09 6.04654249e-09 4.74889927e-09
 1.35793776e-09 6.22551344e-10 7.94612809e-09 3.53990937e-09
 2.66225275e-09 5.51020385e-09 6.78186540e-09 4.66478289e-09
 3.26997640e-09 7.39846573e-09 3.47497076e-09 6.57490706e-09
 2.97880043e-09 2.48926546e-09 2.43968534e-09 2.75108814e-09
 4.23373558e-09 2.05286754e-09 2.05996786e-09 2.30044817e-09
 1.08970788e-09 2.06276252e-09]","[2.18262795e-05 1.00000000e-05 1.00000000e-05 1.00000000e-05
 1.00000000e-05 1.00000000e-05 1.00000000e-05 1.00000000e-05
 1.00000000e-05 1.00000000e-05 1.00000000e-05 1.00000000e-05
 1.00000000e-05 1.00000000e-05 1.72328065e-05 1.00000000e-05
 1.00000000e-05 1.00000000e-05 1.04157851e-05 1.00000000e-05
 1.05215643e-05 1.20338256e-05 1.00000000e-05 1.00000000e-05
 1.00000000e-05 1.00000000e-05 1.00000000e-05 1.00000000e-05
 1.00000000e-05 1.00000000e-05 1.00000000e-05 1.00000000e-05
 1.00000000e-05 1.00000000e-05 1.00000000e-05 1.00000000e-05
 1.00000000e-05 1.00000000e-05 1.00000000e-05 1.00000000e-05
 4.87704305e-05 2.68663943e-05 1.00000000e-05 1.00000000e-05
 1.00000000e-05 1.00000000e-05 1.00000000e-05 1.00000000e-05
 1.00000000e-05 1.00000000e-05]","[1.e-05 1.e-05 1.e-05 1.e-05 1.e-05 1.e-05 1.e-05 1.e-05 1.e-05 1.e-05
 1.e-05 1.e-05 1.e-05 1.e-05 1.e-05 1.e-05 1.e-05 1.e-05 1.e-05 1.e-05
 1.e-05 1.e-05 1.e-05 1.e-05 1.e-05 1.e-05 1.e-05 1.e-05 1.e-05 1.e-05
 1.e-05 1.e-05 1.e-05 1.e-05 1.e-05 1.e-05 1.e-05 1.e-05 1.e-05 1.e-05
 1.e-05 1.e-05 1.e-05 1.e-05 1.e-05 1.e-05 1.e-05 1.e-05 1.e-05 1.e-05]","[0.05201366 0.06217455 0.07058745 0.0693342  0.06536327 0.06819002
 0.06276646 0.06183232 0.05098071 0.06272637 0.06863567 0.06225974
 0.06844772 0.06475676 0.06157554 0.06794517 0.06218536 0.06182275
 0.05631401 0.06299688 0.06144012 0.06810246 0.05979541 0.06737199
 0.06760253 0.06366453 0.06571582 0.06399325 0.0665909  0.0848016
 0.06133544 0.05420476 0.06620469 0.0653374  0.07039966 0.08330864
 0.06702221 0.0593839  0.0719768  0.06716181 0.05952996 0.06611394
 0.0628694  0.067845   0.05642653 0.07421108 0.08011782 0.06243032
 0.07440701 0.06610494]","[0.2283034  0.23969    0.25362367 0.22836946 0.2256901  0.24207049
 0.23360639 0.2277609  0.2391493  0.21546975 0.23412003 0.22796667
 0.2344273  0.22201144 0.23520458 0.2292876  0.22928448 0.24941393
 0.23242113 0.22779725 0.23203017 0.23646494 0.24405288 0.23999655
 0.23616323 0.22304471 0.2305146  0.24185783 0.22177731 0.22202946
 0.23790753 0.21923167 0.24557692 0.23255258 0.24690234 0.22557073
 0.2434219  0.23130202 0.23722806 0.25440046 0.25111174 0.22225039
 0.25072978 0.25162134 0.23214942 0.23991742 0.23900304 0.22527645
 0.22483279 0.2252154 ]","[3.83579309e-05 3.65266997e-07 4.13307825e-09 8.35401918e-09
 7.14497092e-08 1.57080912e-08 2.71492071e-07 4.33063452e-07
 5.87715116e-05 2.77027936e-07 1.22986492e-08 3.50058252e-07
 1.36382753e-08 9.80656031e-08 4.91771148e-07 1.79561658e-08
 3.63301055e-07 4.35124214e-07 5.92076322e-06 2.41694245e-07
 5.25758599e-07 1.64786422e-08 1.16998858e-06 2.45119038e-08
 2.16347071e-08 1.72155335e-07 5.93575244e-08 1.45480122e-07
 3.73011513e-08 5.82355778e-13 5.53575896e-07 1.50817792e-05
 4.58239824e-08 7.24256287e-08 4.59641895e-09 1.59569704e-12
 2.96002681e-08 1.42437272e-06 1.86655933e-09 2.74570218e-08
 1.32850952e-06 4.80860476e-08 2.57764708e-07 1.89634532e-08
 5.62703134e-06 5.03151367e-10 1.29526574e-11 3.21426309e-07
 4.47648029e-10 4.83160884e-08]","[4.16128433e-092 1.33000681e-101 6.92428498e-114 3.67738388e-092
 5.37085258e-090 1.19459091e-103 1.80913646e-096 1.14684916e-091
 3.85252939e-101 5.51071244e-082 6.75150707e-097 7.80969595e-092
 3.73985134e-097 4.55254702e-087 8.36173392e-098 6.57142941e-093
 6.60997689e-093 4.25581141e-110 1.74374011e-095 1.07162868e-091
 3.67204954e-095 7.28796561e-099 2.27279759e-105 7.26930314e-102
 1.30864193e-098 6.93198465e-088 6.50542584e-094 1.82356305e-103
 6.96495650e-087 4.40590015e-087 4.38909271e-100 6.87970734e-085
 1.05597777e-106 1.35709443e-095 7.19994230e-108 6.69659990e-090
 8.05087709e-105 1.46471077e-094 1.65227938e-099 1.36126774e-114
 1.28560803e-111 2.94835590e-087 2.83133439e-111 4.47487208e-112
 2.92630559e-095 8.49671133e-102 5.13458048e-101 1.15298569e-089
 2.61197846e-089 1.29042785e-089]","[0.00111592 0.00118446 0.00175667 0.00200856 0.00243342 0.00106955
 0.00233674 0.00136292 0.00105321 0.00070012 0.00090289 0.00236428
 0.00187945 0.00176823 0.00169659 0.00170791 0.0011903  0.00125504
 0.00269318 0.00175858 0.00136721 0.00161374 0.00146782 0.00149918
 0.00163448 0.00140071 0.00189269 0.00120246 0.00182152 0.0024519
 0.00144958 0.00104511 0.00130749 0.00099921 0.00133407 0.0017333
 0.00196779 0.00113714 0.00134385 0.00264192 0.0015744  0.00154662
 0.00175774 0.00128329 0.0014962  0.00317752 0.00314736 0.00202346
 0.00217223 0.00126374]","[0.04376519 0.04314458 0.04599583 0.0388267  0.03014147 0.04509258
 0.03709495 0.04092646 0.04150605 0.03482974 0.04019034 0.03776443
 0.03704226 0.03732896 0.03905606 0.04430389 0.036075   0.04274344
 0.03687906 0.03471935 0.03458679 0.03801775 0.04203033 0.0419687
 0.04526353 0.03619432 0.03762925 0.04117072 0.03913236 0.03615272
 0.04085791 0.03757191 0.04673684 0.04452896 0.04143894 0.03956854
 0.04112148 0.0384165  0.04294014 0.04332256 0.04379022 0.038311
 0.03766811 0.04241574 0.04000914 0.04156232 0.03917491 0.03290629
 0.03655314 0.0366919 ]","[0.02714445 0.02519639 0.02812687 0.02923858 0.03383073 0.02130831
 0.03281657 0.02749917 0.02482827 0.0224187  0.02118477 0.03377866
 0.02891038 0.02781234 0.02889351 0.02929023 0.02331906 0.02582143
 0.03706702 0.02765378 0.0243427  0.02820086 0.02610664 0.02597571
 0.02832343 0.0255594  0.02901553 0.02362273 0.02981038 0.03475488
 0.02567124 0.02415651 0.02315423 0.02074345 0.02483498 0.02804462
 0.02967147 0.02283255 0.02631139 0.03531794 0.02866154 0.02692542
 0.02651822 0.02465743 0.0283674  0.03666227 0.03671384 0.02822804
 0.03052961 0.02442228]","[0.16020418 0.15828064 0.16380765 0.15285345 0.13333147 0.16143067
 0.14775602 0.15754435 0.15634712 0.14300998 0.151261   0.14810475
 0.14562937 0.14933797 0.14877533 0.16232755 0.14642228 0.15749872
 0.14825743 0.14095633 0.14048052 0.14836657 0.15648577 0.15378447
 0.16299452 0.14853692 0.14744152 0.1544724  0.15157386 0.14706821
 0.15735856 0.15022225 0.1633796  0.16013207 0.15724376 0.15114884
 0.15598236 0.14901765 0.15888886 0.15949694 0.16029576 0.14863792
 0.14740603 0.15737309 0.15427771 0.1589169  0.15168792 0.13823562
 0.14768256 0.14499686]",0.0050302634122646505,1.9067622666653084e-37,0.007926926156960702,1.3305401565141403e-36,0.020221682894694493,4.817689625014054e-09,0.0242725338951693,2.8204538931324675e-09,1.155334171562557e-05,1e-05,6.10529891891996e-06,0.0,0.06536757123947144,0.23439603083610533,0.006586470422044349,0.009603816888693991,0.001659834384918213,0.03970318794250488,0.0005469470862113968,0.003544726031935506,0.02768551857349798,0.15233444559773066,0.004036369150947016,0.006903587711143843
df2,0.9,0.9,0.0,"[5.25376643e-03 6.26876255e-04 9.92823487e-03 2.68158880e-03
 1.51046944e-07 2.12592488e-03 2.12592488e-03 1.16899447e-03
 1.64147482e-02 2.12592488e-03 4.26159664e-04 2.12592488e-03
 2.68158880e-03 8.95145539e-03 2.68158880e-03 4.26159664e-04
 5.85633896e-03 3.09615598e-07 4.70847031e-03 5.85633896e-03
 1.10005675e-02 1.16899447e-03 1.99311438e-02 1.67194217e-04
 1.67865304e-03 8.06755085e-04 1.26822204e-04 1.32017364e-03
 1.89004559e-03 4.67045972e-05 4.03308445e-05 1.03408932e-03
 1.48940867e-03 1.99311438e-02 9.58129418e-05 9.92823487e-03
 3.36894521e-03 8.06268875e-03 1.20265345e-05 1.02917236e-05
 5.85633896e-03 2.51182002e-04 3.27832948e-04 3.77043497e-03
 5.51757155e-04 4.85152370e-04 3.36894521e-03 3.00718998e-03
 7.25488863e-03 3.77043497e-03]","[2.86035082e-60 9.80545229e-61 1.41820348e-51 7.24139755e-53
 1.45365542e-45 3.35470507e-58 1.35963995e-47 1.42453006e-46
 1.73467612e-65 2.67335366e-50 5.28378753e-52 1.61299095e-53
 2.17967002e-47 3.40157297e-67 1.84628285e-66 1.44479841e-44
 7.24139755e-53 8.92358057e-47 2.17967002e-47 3.22000728e-52
 2.66373322e-53 2.15460932e-56 1.00877229e-50 6.20630182e-68
 8.47223917e-48 7.05469515e-50 3.27921374e-48 4.87748802e-60
 2.31976235e-51 2.03688601e-48 2.15460932e-56 2.51694654e-63
 3.65403168e-45 1.67562367e-60 1.95228637e-61 1.42453006e-46
 4.39427779e-53 1.19205281e-52 1.00877229e-50 3.27921374e-48
 3.34696584e-61 4.07987974e-59 3.98638164e-40 2.15460932e-56
 3.84964189e-62 1.73467612e-65 7.24139755e-53 1.61299095e-53
 1.00833823e-55 5.28378753e-52]","[5.25376643e-03 6.26876255e-04 9.92823487e-03 2.68158880e-03
 1.51046944e-07 2.12592488e-03 2.12592488e-03 1.16899447e-03
 1.64147482e-02 2.12592488e-03 4.26159664e-04 2.12592488e-03
 2.68158880e-03 8.95145539e-03 2.68158880e-03 4.26159664e-04
 5.85633896e-03 3.09615598e-07 4.70847031e-03 5.85633896e-03
 1.10005675e-02 1.16899447e-03 1.99311438e-02 1.67194217e-04
 1.67865304e-03 8.06755085e-04 1.26822204e-04 1.32017364e-03
 1.89004559e-03 4.67045972e-05 4.03308445e-05 1.03408932e-03
 1.48940867e-03 1.99311438e-02 9.58129418e-05 9.92823487e-03
 3.36894521e-03 8.06268875e-03 1.20265345e-05 1.02917236e-05
 5.85633896e-03 2.51182002e-04 3.27832948e-04 3.77043497e-03
 5.51757155e-04 4.85152370e-04 3.36894521e-03 3.00718998e-03
 7.25488863e-03 3.77043497e-03]","[2.86035082e-60 9.80545229e-61 1.41820348e-51 7.24139755e-53
 1.45365542e-45 3.35470507e-58 1.35963995e-47 1.42453006e-46
 1.73467612e-65 2.67335366e-50 5.28378753e-52 1.61299095e-53
 2.17967002e-47 3.40157297e-67 1.84628285e-66 1.44479841e-44
 7.24139755e-53 8.92358057e-47 2.17967002e-47 3.22000728e-52
 2.66373322e-53 2.15460932e-56 1.00877229e-50 6.20630182e-68
 8.47223917e-48 7.05469515e-50 3.27921374e-48 4.87748802e-60
 2.31976235e-51 2.03688601e-48 2.15460932e-56 2.51694654e-63
 3.65403168e-45 1.67562367e-60 1.95228637e-61 1.42453006e-46
 4.39427779e-53 1.19205281e-52 1.00877229e-50 3.27921374e-48
 3.34696584e-61 4.07987974e-59 3.98638164e-40 2.15460932e-56
 3.84964189e-62 1.73467612e-65 7.24139755e-53 1.61299095e-53
 1.00833823e-55 5.28378753e-52]","[1.67670948e-02 1.41175017e-03 1.15162570e-02 5.38613418e-03
 3.85686120e-07 2.49270258e-02 8.00994770e-02 1.29687402e-02
 7.25762408e-02 5.03546126e-03 1.19818352e-03 1.02714130e-02
 8.64775704e-03 9.44910164e-02 2.34365757e-03 1.17701726e-02
 5.85525719e-02 3.30359300e-07 1.54303389e-02 5.52905305e-02
 7.99511161e-03 2.73059616e-03 9.05683751e-02 1.52619498e-03
 3.99150519e-02 1.08985769e-02 4.26125923e-04 1.57835181e-02
 5.86166828e-03 2.37465549e-03 4.37553006e-03 8.06890543e-03
 2.26892011e-03 8.75025888e-02 8.84352466e-03 4.73401676e-02
 3.68710621e-03 9.37028489e-03 6.07444707e-05 9.80373756e-05
 8.86104793e-02 3.66964390e-04 1.47233388e-02 1.01309123e-02
 8.69756783e-03 2.47558737e-04 5.55549862e-02 4.67802923e-03
 9.60415769e-02 1.46133723e-02]","[1.39058376e-08 2.53491983e-09 9.54740109e-09 3.98759226e-09
 4.44841575e-09 2.31738273e-09 7.29239080e-09 3.10257264e-09
 3.20914817e-09 3.85784626e-09 2.69838241e-09 6.13382789e-09
 3.05908210e-09 5.84099069e-09 3.05905790e-09 1.24606703e-09
 6.73007328e-09 4.00838573e-09 3.91795840e-09 2.10794604e-09
 7.59653052e-09 3.27390448e-09 5.88281535e-09 1.35778706e-08
 1.07753166e-08 1.55249613e-09 9.92019977e-09 1.00323860e-08
 2.30875341e-09 9.69811731e-09 2.84597401e-09 2.28635744e-09
 2.37083531e-09 3.02153513e-09 8.38652148e-09 1.49025192e-09
 9.27722077e-09 8.81702389e-09 2.08388196e-09 3.98661926e-09
 3.61673791e-09 3.05377557e-09 1.48059009e-09 4.13771584e-09
 9.10128384e-09 7.31606220e-09 1.22514936e-08 5.66735436e-09
 1.23820579e-08 5.92150606e-09]","[1.00000000e-05 1.00000000e-05 1.00000000e-05 1.00000000e-05
 1.00000000e-05 1.00000000e-05 1.58175262e-05 1.00000000e-05
 1.23677252e-05 1.00000000e-05 1.00000000e-05 1.00000000e-05
 1.00000000e-05 1.90101040e-05 1.00000000e-05 1.00000000e-05
 1.00000000e-05 1.00000000e-05 1.00000000e-05 1.02040246e-05
 1.00000000e-05 1.00000000e-05 1.62199092e-05 1.00000000e-05
 1.00000000e-05 1.00000000e-05 1.00000000e-05 1.00000000e-05
 1.00000000e-05 1.00000000e-05 1.00000000e-05 1.00000000e-05
 1.00000000e-05 2.43965497e-05 1.00000000e-05 1.00000000e-05
 1.00000000e-05 1.00000000e-05 1.00000000e-05 1.00000000e-05
 1.77175128e-05 1.00000000e-05 1.00000000e-05 1.00000000e-05
 1.00000000e-05 1.00000000e-05 1.00000000e-05 1.00000000e-05
 1.75854647e-05 1.00000000e-05]","[1.e-05 1.e-05 1.e-05 1.e-05 1.e-05 1.e-05 1.e-05 1.e-05 1.e-05 1.e-05
 1.e-05 1.e-05 1.e-05 1.e-05 1.e-05 1.e-05 1.e-05 1.e-05 1.e-05 1.e-05
 1.e-05 1.e-05 1.e-05 1.e-05 1.e-05 1.e-05 1.e-05 1.e-05 1.e-05 1.e-05
 1.e-05 1.e-05 1.e-05 1.e-05 1.e-05 1.e-05 1.e-05 1.e-05 1.e-05 1.e-05
 1.e-05 1.e-05 1.e-05 1.e-05 1.e-05 1.e-05 1.e-05 1.e-05 1.e-05 1.e-05]","[0.05942299 0.06495992 0.06932355 0.06438218 0.07079413 0.06467991
 0.06678036 0.06413845 0.06573784 0.06768146 0.07434349 0.06235524
 0.06371095 0.05701045 0.06402238 0.07414344 0.06195717 0.07780363
 0.06543783 0.06688909 0.06364342 0.0662269  0.06812509 0.06961673
 0.06821199 0.06524595 0.07385873 0.06045555 0.06974971 0.07610976
 0.06818781 0.06184829 0.06438606 0.06386035 0.06409008 0.06471607
 0.06828689 0.06837654 0.07760337 0.0755572  0.05821647 0.06262301
 0.06991946 0.06390251 0.06958173 0.06360185 0.06305855 0.05829759
 0.05686177 0.06471703]","[0.2438949  0.25726871 0.24229041 0.24058524 0.23545744 0.25986156
 0.24010152 0.24333226 0.25643975 0.24968738 0.2540028  0.24298171
 0.22700574 0.25737329 0.27220445 0.2392395  0.24993027 0.23650619
 0.24204524 0.24683674 0.25278133 0.25372149 0.25277321 0.2559577
 0.23872458 0.24206218 0.23953005 0.26920496 0.25074048 0.23891368
 0.23483421 0.25414915 0.23660796 0.24642899 0.26100621 0.24440482
 0.24302746 0.23322219 0.24684841 0.24685553 0.2490386  0.2565896
 0.21985265 0.24964375 0.27070851 0.25629755 0.24067774 0.2374
 0.24389335 0.235426  ]","[1.39808134e-06 8.82257941e-08 8.40366355e-09 1.19070434e-07
 3.67573470e-09 1.02058486e-07 3.37044492e-08 1.35016148e-07
 5.86719202e-08 2.07273075e-08 4.64952060e-10 3.33738444e-07
 1.68119551e-07 4.31409844e-06 1.43319624e-07 5.23830736e-10
 4.07026813e-07 5.61823773e-11 6.87079845e-08 3.17951194e-08
 1.74022153e-07 4.52865141e-08 1.62760833e-08 7.13636379e-09
 1.55203547e-08 7.59801158e-08 6.20360867e-10 8.50904319e-07
 6.62486855e-09 1.60007135e-10 1.57271550e-08 4.29644457e-07
 1.18832194e-07 1.55743670e-07 1.38417931e-07 1.00160724e-07
 1.48964977e-08 1.41818422e-08 6.36593865e-11 2.23996669e-10
 2.47059724e-06 2.91808635e-07 6.02358691e-09 1.52413672e-07
 7.27728158e-09 1.77754343e-07 2.34273095e-07 2.37867218e-06
 4.61726044e-06 1.00110561e-07]","[3.12055216e-105 3.20321043e-117 7.71027673e-104 2.27337583e-102
 5.13067014e-098 1.26655681e-119 5.90981607e-102 9.63292566e-105
 1.85539309e-116 2.42621260e-110 3.13235460e-114 1.94155094e-104
 4.68332684e-091 2.56546888e-117 2.04590798e-131 3.22679307e-101
 1.47200433e-110 6.72697961e-099 1.25616204e-103 8.22647248e-108
 4.01632909e-113 5.64336918e-114 4.08487959e-113 5.13849524e-116
 8.86739693e-101 1.21452627e-103 1.82224954e-101 1.69918185e-128
 2.76945605e-111 6.11906541e-101 1.70830549e-097 2.30534702e-114
 5.52045692e-099 1.88203300e-107 1.08053409e-120 1.12083287e-105
 1.77194939e-104 3.77580422e-096 8.03368440e-108 7.91836128e-108
 9.19387580e-110 1.35123546e-116 2.25537097e-085 2.65389291e-110
 5.90464259e-130 2.50628069e-116 1.89334732e-102 1.18185537e-099
 3.13024036e-105 5.45209075e-098]","[0.00104558 0.00126493 0.00308239 0.00179684 0.00220954 0.00164557
 0.0014689  0.00181901 0.00165689 0.00197816 0.00254083 0.00159454
 0.00161779 0.00167251 0.00205398 0.00191426 0.00160396 0.00219011
 0.00173295 0.00168121 0.00232232 0.00140333 0.00206769 0.0020957
 0.0019269  0.00131238 0.0008409  0.00131297 0.00150406 0.00191152
 0.00094402 0.00180101 0.00217021 0.00115895 0.00159049 0.00171137
 0.00166237 0.00211811 0.00322521 0.00255263 0.00150323 0.00149405
 0.00128579 0.00104904 0.00185454 0.00253546 0.0015043  0.00129783
 0.0014739  0.00142896]","[0.04287386 0.05036592 0.03660107 0.0456593  0.03575516 0.04561114
 0.04064    0.0394814  0.04248893 0.04409802 0.04143679 0.04521728
 0.03705978 0.04272294 0.04955065 0.04478788 0.04818606 0.04753089
 0.04126072 0.04373586 0.04570436 0.04532337 0.03950632 0.05285358
 0.04295468 0.04117489 0.0445838  0.05003095 0.04982293 0.04122686
 0.03894782 0.04209268 0.03738976 0.04488385 0.04550922 0.04279351
 0.04142487 0.03794861 0.03964543 0.03699279 0.04749203 0.04892743
 0.03813732 0.04314327 0.05170929 0.04407632 0.03808379 0.04165983
 0.0398736  0.03964043]","[0.02425624 0.0251824  0.03912398 0.03009738 0.03842641 0.02829623
 0.0261717  0.02875789 0.02859222 0.02903797 0.03329882 0.02795798
 0.02514782 0.02835061 0.03161502 0.03065278 0.0274367  0.03096479
 0.02723343 0.0282054  0.03454859 0.02641026 0.03106143 0.03336261
 0.03109374 0.02513718 0.02102502 0.02728597 0.02619179 0.03230292
 0.02233631 0.03092084 0.03185225 0.02372898 0.02765449 0.02995105
 0.03088861 0.0298006  0.03826808 0.03827841 0.02917014 0.02824918
 0.02401859 0.02265245 0.02903203 0.03473777 0.02576151 0.02506463
 0.0263271  0.02490211]","[0.16007054 0.17268412 0.14493559 0.16454856 0.14421495 0.16056987
 0.15495115 0.15371387 0.15651441 0.16055031 0.15611323 0.16443189
 0.14808576 0.15814014 0.16867137 0.1629027  0.16920082 0.16609801
 0.15242485 0.15885651 0.1650487  0.15971981 0.15263917 0.17468396
 0.16213463 0.15567238 0.16032283 0.16764323 0.16920528 0.15492511
 0.14968609 0.15810969 0.14899459 0.16076059 0.16190552 0.15729357
 0.15615167 0.1494765  0.15197547 0.14550201 0.16729139 0.168756
 0.15058729 0.15829522 0.17333081 0.16256423 0.15026551 0.15460512
 0.15300975 0.15145324]",0.00373841307458988,7.97316335722909e-42,0.004795614446896292,5.580928579740975e-41,0.022640900171254044,5.5423693479106364e-09,0.029842089941439734,3.4705958596503993e-09,1.1066376329307556e-05,1e-05,2.921857639910331e-06,0.0,0.06629021900177003,0.24676734832763675,0.00500737847915142,0.010427565547736434,0.0017525839805603027,0.04317234516143799,0.0004890119183139659,0.0042030732419982226,0.029016408777414335,0.15859376014408466,0.00417052589800783,0.0075666485359077084
df2,0.9500000000000001,0.9500000000000001,0.0,"[1.45688880e-04 1.21765095e-02 1.32017364e-03 5.25376643e-03
 2.38884447e-03 4.21554189e-03 3.36894521e-03 1.16899447e-03
 7.11507895e-04 1.02917236e-05 7.11507895e-04 1.45688880e-04
 5.85633896e-03 3.73964604e-04 8.06268875e-03 1.64147482e-02
 1.45688880e-04 3.36894521e-03 2.12592488e-03 4.95346404e-02
 3.36894521e-03 5.25376643e-03 3.80948244e-02 3.77043497e-03
 3.00718998e-03 5.40313022e-05 1.67865304e-03 3.77043497e-03
 3.80948244e-02 5.25376643e-03 4.03308445e-05 1.48940867e-03
 2.68158880e-03 5.25376643e-03 7.11507895e-04 1.91681353e-04
 8.06268875e-03 8.06268875e-03 4.26159664e-04 3.48322136e-02
 2.12592488e-03 1.10287908e-04 1.03408932e-03 6.26876255e-04
 2.51182002e-04 3.27832948e-04 3.73964604e-04 8.95145539e-03
 1.16899447e-03 7.11507895e-04]","[1.98571665e-68 6.33684532e-70 1.17241363e-58 1.61075424e-57
 1.00833823e-55 1.13754661e-61 6.03472099e-56 1.28537148e-56
 2.51694654e-63 1.61075424e-57 2.66373322e-53 3.02883737e-65
 2.80617232e-55 4.39427779e-53 9.80545229e-61 4.35229159e-63
 7.65993218e-57 2.23586471e-62 4.83655003e-64 1.64306603e-50
 1.29241929e-54 1.41368557e-59 3.84964189e-62 4.35229159e-63
 3.34696584e-61 1.41368557e-59 3.60781842e-56 9.15418035e-46
 1.00877229e-50 3.84964189e-62 8.39040599e-64 8.39040599e-64
 7.65993218e-57 3.55862494e-54 1.28537148e-56 1.26387580e-48
 3.35470507e-58 1.85378592e-49 1.17241363e-58 4.85066545e-49
 5.67148232e-66 2.66373322e-53 1.98571665e-68 1.19205281e-52
 5.89559709e-54 1.61075424e-57 7.51786428e-63 1.29719007e-62
 9.55803990e-58 3.84964189e-62]","[1.45688880e-04 1.21765095e-02 1.32017364e-03 5.25376643e-03
 2.38884447e-03 4.21554189e-03 3.36894521e-03 1.16899447e-03
 7.11507895e-04 1.02917236e-05 7.11507895e-04 1.45688880e-04
 5.85633896e-03 3.73964604e-04 8.06268875e-03 1.64147482e-02
 1.45688880e-04 3.36894521e-03 2.12592488e-03 4.95346404e-02
 3.36894521e-03 5.25376643e-03 3.80948244e-02 3.77043497e-03
 3.00718998e-03 5.40313022e-05 1.67865304e-03 3.77043497e-03
 3.80948244e-02 5.25376643e-03 4.03308445e-05 1.48940867e-03
 2.68158880e-03 5.25376643e-03 7.11507895e-04 1.91681353e-04
 8.06268875e-03 8.06268875e-03 4.26159664e-04 3.48322136e-02
 2.12592488e-03 1.10287908e-04 1.03408932e-03 6.26876255e-04
 2.51182002e-04 3.27832948e-04 3.73964604e-04 8.95145539e-03
 1.16899447e-03 7.11507895e-04]","[1.98571665e-68 6.33684532e-70 1.17241363e-58 1.61075424e-57
 1.00833823e-55 1.13754661e-61 6.03472099e-56 1.28537148e-56
 2.51694654e-63 1.61075424e-57 2.66373322e-53 3.02883737e-65
 2.80617232e-55 4.39427779e-53 9.80545229e-61 4.35229159e-63
 7.65993218e-57 2.23586471e-62 4.83655003e-64 1.64306603e-50
 1.29241929e-54 1.41368557e-59 3.84964189e-62 4.35229159e-63
 3.34696584e-61 1.41368557e-59 3.60781842e-56 9.15418035e-46
 1.00877229e-50 3.84964189e-62 8.39040599e-64 8.39040599e-64
 7.65993218e-57 3.55862494e-54 1.28537148e-56 1.26387580e-48
 3.35470507e-58 1.85378592e-49 1.17241363e-58 4.85066545e-49
 5.67148232e-66 2.66373322e-53 1.98571665e-68 1.19205281e-52
 5.89559709e-54 1.61075424e-57 7.51786428e-63 1.29719007e-62
 9.55803990e-58 3.84964189e-62]","[0.00513601 0.02801577 0.03741386 0.02311381 0.01083764 0.04158905
 0.01420644 0.01897944 0.03557351 0.00176789 0.0090682  0.00038628
 0.05938738 0.00227347 0.07789801 0.03073487 0.001677   0.05098859
 0.00401319 0.10459356 0.01512419 0.01037301 0.09442937 0.03767801
 0.01748709 0.00280225 0.00116362 0.0039574  0.08978928 0.06121517
 0.00238787 0.04588002 0.04383447 0.01868324 0.00955455 0.00067463
 0.02691855 0.0359244  0.0026512  0.03482942 0.019443   0.0001067
 0.0153198  0.01171137 0.00475185 0.01449886 0.00865638 0.01922844
 0.00611725 0.00988811]","[1.26529268e-08 8.76867212e-09 1.22079638e-08 8.92110030e-09
 7.47852169e-09 5.24057808e-09 8.14827494e-09 6.93683033e-09
 3.56724750e-09 9.65243752e-09 1.06528719e-08 1.81072206e-08
 7.39862949e-09 3.05582992e-09 4.01361477e-09 9.84409776e-09
 9.66705549e-09 6.62032429e-09 1.12415425e-08 2.64784417e-09
 6.57820454e-09 3.26830718e-09 1.00679262e-08 1.55980316e-08
 3.85156096e-09 3.72084374e-09 1.05501857e-08 3.75640263e-09
 2.59669286e-09 5.68120051e-09 2.84036616e-09 4.99640385e-09
 2.83956580e-09 6.37794617e-09 5.66811131e-09 8.74365469e-09
 6.97373204e-09 6.24637775e-09 1.65905573e-08 1.08449020e-08
 5.97862038e-09 8.01675482e-09 1.55832209e-08 6.67788180e-09
 6.15087725e-09 2.81856383e-09 6.34533226e-09 1.30450836e-08
 1.07813535e-08 1.25921750e-08]","[1.00000000e-05 1.03226401e-05 1.00000000e-05 1.00000000e-05
 1.00000000e-05 1.00000000e-05 1.00000000e-05 1.00000000e-05
 1.00000000e-05 1.00000000e-05 1.00000000e-05 1.00000000e-05
 1.32455266e-05 1.00000000e-05 1.62975300e-05 1.00000000e-05
 1.00000000e-05 1.00000000e-05 1.00000000e-05 4.55647157e-05
 1.00000000e-05 1.00000000e-05 4.30966978e-05 1.00000000e-05
 1.00000000e-05 1.00000000e-05 1.00000000e-05 1.00000000e-05
 2.83435652e-05 1.00000000e-05 1.00000000e-05 1.00000000e-05
 1.00000000e-05 1.00000000e-05 1.00000000e-05 1.00000000e-05
 1.00000000e-05 1.00000000e-05 1.00000000e-05 1.67867180e-05
 1.00000000e-05 1.00000000e-05 1.00000000e-05 1.00000000e-05
 1.00000000e-05 1.00000000e-05 1.00000000e-05 1.00000000e-05
 1.00000000e-05 1.00000000e-05]","[1.e-05 1.e-05 1.e-05 1.e-05 1.e-05 1.e-05 1.e-05 1.e-05 1.e-05 1.e-05
 1.e-05 1.e-05 1.e-05 1.e-05 1.e-05 1.e-05 1.e-05 1.e-05 1.e-05 1.e-05
 1.e-05 1.e-05 1.e-05 1.e-05 1.e-05 1.e-05 1.e-05 1.e-05 1.e-05 1.e-05
 1.e-05 1.e-05 1.e-05 1.e-05 1.e-05 1.e-05 1.e-05 1.e-05 1.e-05 1.e-05
 1.e-05 1.e-05 1.e-05 1.e-05 1.e-05 1.e-05 1.e-05 1.e-05 1.e-05 1.e-05]","[0.07098429 0.06393521 0.06594998 0.06133537 0.06844492 0.06432281
 0.06631544 0.06692511 0.06867241 0.06455194 0.06745276 0.07087221
 0.06400886 0.05958496 0.06086868 0.05971459 0.06525574 0.05953784
 0.07488265 0.06231105 0.06815977 0.06181114 0.05969408 0.0667074
 0.06542861 0.0694264  0.06778947 0.0625379  0.06484068 0.06001141
 0.07637033 0.06554689 0.05915831 0.06698195 0.06578727 0.06473309
 0.06379733 0.06374475 0.07682052 0.06415992 0.07099367 0.07140467
 0.06702005 0.07310067 0.0673369  0.06627459 0.06339253 0.06813879
 0.06876977 0.06625977]","[0.27685007 0.28046273 0.25627577 0.25695382 0.24554881 0.2628898
 0.26395875 0.25393781 0.2727164  0.26609183 0.26026222 0.25861839
 0.25126393 0.24452591 0.27088745 0.26519117 0.26214155 0.27726462
 0.26374829 0.25165353 0.27092642 0.26518669 0.2587908  0.27381447
 0.25449403 0.2710737  0.25102636 0.25068571 0.25322204 0.25818795
 0.27137992 0.24956101 0.26103336 0.24070739 0.2620605  0.24697156
 0.26444081 0.26191477 0.25942216 0.23147232 0.26168869 0.25181054
 0.26582225 0.26417846 0.25382209 0.25504973 0.2614323  0.26525434
 0.25436083 0.2737896 ]","[3.29878758e-09 1.49879048e-07 5.24505380e-08 5.53595642e-07
 1.36592827e-08 1.22777386e-07 4.32033599e-08 3.11862442e-08
 1.20522291e-08 1.09060200e-07 2.34638606e-08 3.51614831e-09
 1.44317981e-07 1.29404894e-06 6.95915518e-07 1.21620982e-06
 7.55919135e-08 1.32352005e-06 3.36628862e-10 3.41196353e-07
 1.59702973e-08 4.37637407e-07 1.22821885e-06 3.50477825e-08
 6.90411481e-08 7.93597123e-09 1.95453558e-08 3.04549822e-07
 9.38785686e-08 1.05462291e-06 1.36417814e-10 6.48804314e-08
 1.58566988e-06 3.02481559e-08 5.71611407e-08 9.92788968e-08
 1.60852476e-07 1.65238865e-07 1.03427548e-10 1.33532146e-07
 3.28120836e-09 2.59433017e-09 2.96348069e-08 9.70149794e-10
 2.49813381e-08 4.41526519e-08 1.97759474e-07 1.61546136e-08
 1.14221170e-08 4.45021006e-08]","[5.25898189e-136 1.24108078e-139 2.62433842e-116 6.24705110e-117
 1.11769428e-106 1.83513681e-122 1.79125453e-123 3.58890705e-114
 6.44394311e-132 1.67340485e-125 5.35823903e-120 1.81114494e-118
 9.38272514e-112 8.78610855e-106 3.95333952e-130 1.20970766e-124
 9.29835285e-122 2.02892774e-136 2.83433614e-123 4.18593711e-112
 3.62251441e-130 1.22164943e-124 1.25337180e-118 5.36521510e-133
 1.11863656e-114 2.60313752e-130 1.53389930e-111 3.10106025e-111
 1.60224602e-113 4.53530566e-118 1.30870806e-130 3.14594816e-110
 1.01912543e-120 1.78551680e-102 1.10818191e-121 6.25515349e-108
 6.25191197e-124 1.51906770e-121 3.24829421e-119 1.06025331e-094
 2.47679224e-121 3.02250005e-112 3.02737307e-125 1.10895871e-123
 4.57238656e-114 3.48108473e-115 4.30960739e-121 1.05322899e-124
 1.47922276e-114 5.67661588e-133]","[0.00097537 0.00203204 0.00154746 0.00162339 0.00217438 0.00103831
 0.00184941 0.00127017 0.00081718 0.00132442 0.00106382 0.00217569
 0.00137579 0.00246549 0.00153112 0.00138581 0.0018419  0.00170982
 0.0016042  0.00149775 0.00176811 0.00124896 0.00176072 0.00089121
 0.00163805 0.00154054 0.00219655 0.0014466  0.00100422 0.0013665
 0.00310969 0.00184596 0.0011003  0.00077927 0.00078559 0.00186658
 0.00152528 0.00149286 0.00177431 0.0013814  0.00238931 0.00280476
 0.00161409 0.00135148 0.00137854 0.00142241 0.00119591 0.00134099
 0.0025121  0.00173318]","[0.05420482 0.05266178 0.04687393 0.04725361 0.04666638 0.0485667
 0.05313194 0.04633152 0.05476487 0.05417717 0.04953992 0.04371715
 0.05126643 0.03897321 0.04647803 0.0522635  0.05224693 0.05790102
 0.05415261 0.04886985 0.05158019 0.04800308 0.04520965 0.05659616
 0.04081595 0.05200052 0.04390371 0.0465461  0.04487658 0.05133879
 0.05036581 0.03815246 0.04181695 0.0459888  0.04814053 0.04368687
 0.05049646 0.05307961 0.04867172 0.03918123 0.05238795 0.04195881
 0.04930639 0.0521307  0.04389215 0.05338502 0.04805458 0.05696452
 0.04747283 0.04914343]","[0.02116956 0.03014055 0.02928697 0.02911142 0.03347854 0.02204167
 0.03149431 0.02378117 0.02055638 0.02662646 0.02316115 0.03238842
 0.0274174  0.03245675 0.0267537  0.02555971 0.03171264 0.02956654
 0.02694775 0.02647158 0.02908181 0.02513797 0.02892157 0.0204258
 0.02751314 0.02725628 0.03214893 0.02754813 0.02322577 0.02817943
 0.03812243 0.02868933 0.02315097 0.0194812  0.02099575 0.02743302
 0.02777308 0.0267992  0.02855469 0.02706208 0.03545913 0.03507721
 0.02702152 0.02756988 0.02466414 0.02870147 0.02308891 0.02913352
 0.03364022 0.02797672]","[0.17698534 0.17506475 0.16499378 0.16658605 0.16539876 0.16902685
 0.17480867 0.16336214 0.17753157 0.17692871 0.1683941  0.15898739
 0.17374003 0.15214447 0.16472598 0.17368059 0.17532165 0.18587486
 0.17678563 0.16802516 0.17478026 0.16636554 0.16344273 0.18376153
 0.15550163 0.17620583 0.16252019 0.16656765 0.16202638 0.17409073
 0.17247056 0.15079911 0.1560745  0.16405525 0.16673307 0.16126598
 0.17022571 0.17798127 0.16782392 0.15027053 0.17376515 0.15691419
 0.1674536  0.17285829 0.16118402 0.17548252 0.16291561 0.1799961
 0.16781144 0.17000807]",0.005945628447821665,1.834758204358892e-47,0.010737240534839385,1.2815306146640703e-46,0.024454669142041044,7.852088403925705e-09,0.02560896904352878,3.890515979859266e-09,1.2073147867189958e-05,1e-05,7.180787771800209e-06,0.0,0.06604250861167907,0.2600964729118347,0.004201163915215494,0.009808402997915801,0.0015913796424865722,0.04870377779006958,0.0004998922366273132,0.004729586869523558,0.027599118910180395,0.1683943562674359,0.004060484662807956,0.00810095156146381
df2,1.0,1.0,0.0,"[4.70847031e-03 6.52148041e-03 6.26876255e-04 1.10005675e-02
 2.12592488e-03 6.24445815e-05 6.26876255e-04 2.38884447e-03
 1.64147482e-02 6.26876255e-04 3.36894521e-03 3.36894521e-03
 8.06268875e-03 5.25376643e-03 1.48741570e-02 2.68158880e-03
 6.52148041e-03 1.16899447e-03 1.48940867e-03 6.52148041e-03
 2.38884447e-03 4.85152370e-04 8.95145539e-03 1.64147482e-02
 1.10005675e-02 2.68158880e-03 1.48741570e-02 1.10287908e-04
 7.25488863e-03 5.25376643e-03 3.36894521e-03 2.38884447e-03
 5.51757155e-04 2.19294824e-02 2.51182002e-04 2.38884447e-03
 9.58129418e-05 2.12592488e-03 9.13835051e-04 1.10005675e-02
 1.99311438e-02 1.80967606e-02 1.21765095e-02 1.16899447e-03
 6.52148041e-03 1.63732496e-05 9.92823487e-03 4.85152370e-04
 9.92823487e-03 1.48940867e-03]","[7.51786428e-63 4.87748802e-60 5.44137500e-79 3.35470507e-58
 9.71516714e-74 7.51786428e-63 1.99260921e-70 3.40157297e-67
 5.73909492e-73 1.12821388e-69 5.73909492e-73 1.29241929e-54
 1.12138242e-68 1.29719007e-62 6.20630182e-68 6.91984994e-59
 5.73182083e-61 9.20417879e-65 1.98571665e-68 3.51245105e-68
 1.67562367e-60 6.20630182e-68 1.45399317e-63 2.42847792e-76
 1.00833823e-55 9.80545229e-61 6.20630182e-68 6.32804820e-78
 3.23766600e-66 1.08402131e-71 2.15460932e-56 1.29719007e-62
 3.11335148e-82 2.71159835e-57 2.51694654e-63 3.22000728e-52
 2.67335366e-50 1.67562367e-60 2.86035082e-60 7.05469515e-50
 3.17823276e-73 9.20417879e-65 3.60781842e-56 1.61299095e-53
 2.51694654e-63 1.61075424e-57 1.93137901e-67 6.33684532e-70
 7.65993218e-57 1.60190536e-64]","[4.70847031e-03 6.52148041e-03 6.26876255e-04 1.10005675e-02
 2.12592488e-03 6.24445815e-05 6.26876255e-04 2.38884447e-03
 1.64147482e-02 6.26876255e-04 3.36894521e-03 3.36894521e-03
 8.06268875e-03 5.25376643e-03 1.48741570e-02 2.68158880e-03
 6.52148041e-03 1.16899447e-03 1.48940867e-03 6.52148041e-03
 2.38884447e-03 4.85152370e-04 8.95145539e-03 1.64147482e-02
 1.10005675e-02 2.68158880e-03 1.48741570e-02 1.10287908e-04
 7.25488863e-03 5.25376643e-03 3.36894521e-03 2.38884447e-03
 5.51757155e-04 2.19294824e-02 2.51182002e-04 2.38884447e-03
 9.58129418e-05 2.12592488e-03 9.13835051e-04 1.10005675e-02
 1.99311438e-02 1.80967606e-02 1.21765095e-02 1.16899447e-03
 6.52148041e-03 1.63732496e-05 9.92823487e-03 4.85152370e-04
 9.92823487e-03 1.48940867e-03]","[7.51786428e-63 4.87748802e-60 5.44137500e-79 3.35470507e-58
 9.71516714e-74 7.51786428e-63 1.99260921e-70 3.40157297e-67
 5.73909492e-73 1.12821388e-69 5.73909492e-73 1.29241929e-54
 1.12138242e-68 1.29719007e-62 6.20630182e-68 6.91984994e-59
 5.73182083e-61 9.20417879e-65 1.98571665e-68 3.51245105e-68
 1.67562367e-60 6.20630182e-68 1.45399317e-63 2.42847792e-76
 1.00833823e-55 9.80545229e-61 6.20630182e-68 6.32804820e-78
 3.23766600e-66 1.08402131e-71 2.15460932e-56 1.29719007e-62
 3.11335148e-82 2.71159835e-57 2.51694654e-63 3.22000728e-52
 2.67335366e-50 1.67562367e-60 2.86035082e-60 7.05469515e-50
 3.17823276e-73 9.20417879e-65 3.60781842e-56 1.61299095e-53
 2.51694654e-63 1.61075424e-57 1.93137901e-67 6.33684532e-70
 7.65993218e-57 1.60190536e-64]","[0.03428016 0.13088205 0.01709559 0.01055153 0.0061111  0.00203809
 0.03018777 0.03131321 0.0256604  0.0322381  0.03021338 0.05422644
 0.02135058 0.00880379 0.06146645 0.04068923 0.03570082 0.02490403
 0.01478623 0.05486321 0.01146982 0.0027544  0.05542235 0.08134391
 0.01573482 0.02194477 0.04328488 0.01208918 0.05243279 0.01694205
 0.04944038 0.12429403 0.03576026 0.04542791 0.00167969 0.06034868
 0.00040325 0.05000294 0.00906247 0.03130457 0.03389689 0.058249
 0.09279788 0.0012951  0.03186901 0.00426396 0.00648537 0.02195142
 0.06287149 0.03642288]","[6.75134182e-09 3.62600627e-09 4.52608329e-09 3.14170201e-09
 6.76448919e-09 6.78636847e-09 1.77860592e-08 1.36803348e-08
 1.87620970e-08 1.06912024e-08 6.43554299e-09 2.36893372e-09
 6.71229816e-09 3.15044657e-09 3.62194452e-09 4.49876503e-09
 6.03521533e-09 4.71006234e-09 1.71745654e-08 8.62555904e-09
 1.23148777e-08 4.65038164e-09 5.92450744e-09 1.67475387e-08
 1.55719740e-08 2.96632341e-09 1.54315849e-08 2.29800937e-08
 1.05805027e-08 1.95383922e-08 9.83696069e-09 8.57713001e-09
 4.90746932e-09 7.15106152e-09 1.59544840e-08 5.96364358e-09
 2.47552812e-09 1.36256525e-08 1.48502659e-08 3.13992810e-09
 1.18299729e-08 1.48185411e-08 1.53538017e-08 6.67232436e-09
 3.27696914e-09 5.25692767e-09 4.22420876e-09 8.82466233e-09
 1.69965448e-08 1.02253317e-08]","[1.00000000e-05 2.07707519e-05 1.00000000e-05 1.00000000e-05
 1.00000000e-05 1.00000000e-05 1.00000000e-05 1.00000000e-05
 1.00000000e-05 1.00000000e-05 1.00000000e-05 1.00000000e-05
 1.00000000e-05 1.00000000e-05 1.00000000e-05 1.00000000e-05
 1.00000000e-05 1.00000000e-05 1.00000000e-05 1.00000000e-05
 1.00000000e-05 1.00000000e-05 1.46757232e-05 1.50957642e-05
 1.00000000e-05 1.00000000e-05 1.00000000e-05 1.00000000e-05
 1.00000000e-05 1.00000000e-05 1.00000000e-05 1.71014056e-05
 1.00000000e-05 1.00000000e-05 1.00000000e-05 1.00000000e-05
 1.00000000e-05 1.00000000e-05 1.00000000e-05 1.00000000e-05
 1.00000000e-05 1.73324917e-05 1.25007578e-05 1.00000000e-05
 1.00000000e-05 1.00000000e-05 1.00000000e-05 1.00000000e-05
 1.00000000e-05 1.00000000e-05]","[1.e-05 1.e-05 1.e-05 1.e-05 1.e-05 1.e-05 1.e-05 1.e-05 1.e-05 1.e-05
 1.e-05 1.e-05 1.e-05 1.e-05 1.e-05 1.e-05 1.e-05 1.e-05 1.e-05 1.e-05
 1.e-05 1.e-05 1.e-05 1.e-05 1.e-05 1.e-05 1.e-05 1.e-05 1.e-05 1.e-05
 1.e-05 1.e-05 1.e-05 1.e-05 1.e-05 1.e-05 1.e-05 1.e-05 1.e-05 1.e-05
 1.e-05 1.e-05 1.e-05 1.e-05 1.e-05 1.e-05 1.e-05 1.e-05 1.e-05 1.e-05]","[0.05633773 0.06206123 0.06683853 0.0658046  0.06741504 0.06868495
 0.06377718 0.06157408 0.06054117 0.06560266 0.0727705  0.06630195
 0.06633104 0.05941012 0.05691335 0.06655474 0.05849313 0.05667808
 0.06220118 0.05568754 0.06423217 0.06525517 0.06672248 0.05835646
 0.07099284 0.06013296 0.06171093 0.06284721 0.05658553 0.06833554
 0.06530498 0.07048123 0.0613233  0.06219642 0.07039081 0.07110454
 0.07298756 0.05853527 0.06239571 0.06653346 0.05415073 0.06692812
 0.06278272 0.06643606 0.06129609 0.07025326 0.06534742 0.06384825
 0.06251806 0.05902905]","[0.2927843  0.26114721 0.28926873 0.27679123 0.27175166 0.27987664
 0.28232699 0.29214521 0.2641814  0.2665876  0.27753256 0.28171868
 0.29123324 0.27044151 0.28409438 0.26874586 0.26752468 0.28878207
 0.27684979 0.26957914 0.27680803 0.29450275 0.28229535 0.27837562
 0.25500051 0.28079018 0.27178438 0.28922149 0.27783626 0.27483058
 0.26128414 0.28016871 0.28841463 0.25559275 0.26503584 0.25938503
 0.24141221 0.27366191 0.27250841 0.24339105 0.28749097 0.27929853
 0.25936808 0.26243006 0.26625368 0.27079737 0.26277477 0.27669911
 0.28143313 0.2722329 ]","[5.85763404e-06 3.86490519e-07 3.26695568e-08 5.66405314e-08
 2.39477743e-08 1.19691937e-08 1.62519948e-07 4.92125316e-07
 8.16267506e-07 6.30040074e-08 1.17703391e-09 4.35146511e-08
 4.28462685e-08 1.40668366e-06 4.50983157e-06 3.80287614e-08
 2.17044838e-06 5.02014274e-06 3.60445734e-07 7.84524671e-06
 1.28653958e-07 7.56142647e-08 3.47658516e-08 2.31403984e-06
 3.28275736e-09 9.94613241e-07 4.59917986e-07 2.60665668e-07
 5.23572189e-06 1.45044707e-08 7.36668615e-08 4.38926342e-09
 5.56894362e-07 3.61301761e-07 4.61945062e-09 3.08016876e-09
 1.03667397e-09 2.12794267e-06 3.27046157e-07 3.84632765e-08
 1.54401027e-05 3.11357117e-08 2.69277408e-07 4.05150108e-08
 5.64398287e-07 4.99239530e-09 7.20459526e-08 1.56711836e-07
 3.07595133e-07 1.68588010e-06]","[2.19308826e-152 7.97282341e-121 1.09670677e-148 6.01952973e-136
 5.67286014e-131 4.84925073e-139 1.59326279e-141 1.04017366e-151
 1.10186371e-123 5.61560758e-126 1.09535940e-136 6.62183942e-141
 9.52850496e-151 1.07380889e-129 2.49222719e-143 4.72077500e-128
 7.08754683e-127 3.53455772e-148 5.26244288e-136 7.37820251e-129
 5.79185570e-136 3.27571889e-154 1.71594034e-141 1.56827493e-137
 3.86070624e-115 5.78815502e-140 5.27016348e-131 1.22874453e-148
 5.44242010e-137 5.32662643e-134 5.93376811e-121 2.45977531e-139
 8.53989192e-148 1.10961617e-115 1.70026354e-124 3.51706801e-119
 4.41890740e-103 7.58322902e-133 1.03065863e-131 8.56361766e-105
 7.80216218e-147 1.85430807e-138 3.64706731e-119 4.97652388e-122
 1.17191683e-125 4.83826295e-130 2.35582346e-122 7.43655646e-136
 1.29091686e-140 1.91882943e-131]","[0.00211525 0.00087774 0.00209558 0.00069249 0.00212395 0.00255144
 0.00164926 0.00111055 0.00161397 0.00133562 0.00199115 0.00100935
 0.00181317 0.00156271 0.00114071 0.00141418 0.0009979  0.00083947
 0.00146449 0.00119936 0.00134337 0.00177395 0.00195312 0.00057936
 0.00140023 0.00093007 0.00172746 0.00095463 0.00100088 0.00214887
 0.00168502 0.00059438 0.00068605 0.00167823 0.00128984 0.00096488
 0.00171101 0.00150001 0.00155377 0.00194967 0.00067675 0.00090766
 0.00226152 0.00138211 0.00167572 0.00109708 0.00203836 0.00107229
 0.00242889 0.00083542]","[0.05398023 0.0494442  0.05239356 0.06262076 0.05151141 0.06089234
 0.05502391 0.06227899 0.05035186 0.05651951 0.05136871 0.05458474
 0.05882514 0.05432737 0.05718386 0.05157077 0.04920328 0.05768168
 0.05630958 0.05085242 0.05731452 0.05744314 0.0521338  0.06055796
 0.05337965 0.05215788 0.04946721 0.06108618 0.0525409  0.05495381
 0.04764569 0.05398238 0.05801797 0.05243433 0.0536257  0.04677153
 0.04990232 0.05158281 0.05458927 0.05092001 0.06163204 0.0638808
 0.04476249 0.05258989 0.04986477 0.05631816 0.04665101 0.05245113
 0.05273962 0.05140615]","[0.03279287 0.02217847 0.03186342 0.02301616 0.03188204 0.03861277
 0.02657564 0.02574673 0.02685323 0.02730655 0.02966697 0.02214427
 0.03117273 0.02886903 0.02648292 0.027702   0.02331433 0.02043815
 0.02604547 0.02375974 0.02697854 0.02999837 0.02875494 0.01944543
 0.02755689 0.02139389 0.02833358 0.02313502 0.02377652 0.03213927
 0.02750246 0.02104332 0.02115155 0.03160475 0.02489608 0.0243094
 0.0280904  0.02789233 0.02969642 0.03289573 0.01966567 0.02327219
 0.03346488 0.0263599  0.02848459 0.02367536 0.03251557 0.0225864
 0.03325813 0.0212586 ]","[0.1793875  0.1706996  0.175291   0.18828764 0.17083012 0.18844599
 0.17838436 0.18877182 0.17378003 0.18213633 0.17486045 0.17650655
 0.18438739 0.17770711 0.18233459 0.17296367 0.17019824 0.182884
 0.18218173 0.17229607 0.18363116 0.18076858 0.17382035 0.18796513
 0.17584023 0.17290617 0.17000421 0.18815606 0.17288283 0.17986039
 0.16529195 0.17410863 0.18147288 0.17576244 0.17777594 0.16628244
 0.17260903 0.17259714 0.17382009 0.1732467  0.18846321 0.19290784
 0.1642405  0.17609578 0.17164111 0.1838427  0.16526988 0.17623279
 0.17675703 0.17469751]",0.005851750197515819,1.9524016408612235e-51,0.005863302352286486,1.0489103572464125e-50,0.03477216668788185,9.330332040313749e-09,0.02859255921766114,5.4525732949176134e-09,1.074953789051974e-05,1e-05,2.2189958589592126e-06,0.0,0.06377986355781555,0.2738888261032104,0.004659384639208703,0.011986638585646938,0.0014279794692993164,0.05399454832077026,0.0005089351872861069,0.004382303155454694,0.026831193167056712,0.1772256981411954,0.004294817145003819,0.00674039195570203
df3,0.0,-1.0,0.0,"[1.85378592e-49 1.98426668e-58 3.34696584e-61 1.85378592e-49
 1.28537148e-56 7.65993218e-57 3.61877620e-46 2.86035082e-60
 3.79042144e-51 2.40288390e-59 2.80617232e-55 9.75688065e-54
 4.34507678e-50 1.00877229e-50 6.18686551e-51 5.73182083e-61
 6.91984994e-59 3.79042144e-51 4.39427779e-53 1.12138242e-68
 4.55991975e-57 7.77624575e-55 1.75814506e-73 4.39427779e-53
 1.41820348e-51 1.12138242e-68 9.20417879e-65 2.66373322e-53
 8.30820763e-60 6.03472099e-56 1.61075424e-57 5.28280757e-65
 2.40288390e-59 1.00833823e-55 4.07987974e-59 3.79042144e-51
 7.23127196e-77 7.51786428e-63 1.29719007e-62 8.90129708e-44
 4.39427779e-53 1.84628285e-66 3.55862494e-54 2.31976235e-51
 1.19205281e-52 1.45399317e-63 7.51786428e-63 1.61075424e-57
 2.03688601e-48 3.55862494e-54]","[1.68303018e-55 4.85066545e-49 2.32827146e-37 2.58531714e-40
 1.21147719e-41 3.27921374e-48 7.24139755e-53 3.42045584e-39
 1.87374272e-38 2.27167277e-46 2.17967002e-47 1.26387580e-48
 9.55803990e-58 4.55991975e-57 4.34507678e-50 2.67335366e-50
 1.31892718e-42 2.67335366e-50 2.17967002e-47 1.96022961e-52
 2.22993385e-39 6.14029324e-40 1.39869353e-43 3.35470507e-58
 7.24139755e-53 9.14645852e-45 3.98638164e-40 1.14419204e-49
 1.00877229e-50 4.52588482e-41 3.61877620e-46 1.29241929e-54
 7.77624575e-55 1.22668930e-38 1.68303018e-55 5.66557381e-58
 7.05469515e-50 2.27983976e-44 2.30592786e-45 5.24109088e-39
 3.27921374e-48 1.35963995e-47 7.77624575e-55 7.00791465e-41
 3.44263650e-43 3.27921374e-48 7.77624575e-55 2.19550867e-43
 3.49058990e-47 3.59372037e-44]","[1.85378592e-49 1.98426668e-58 3.34696584e-61 1.85378592e-49
 1.28537148e-56 7.65993218e-57 3.61877620e-46 2.86035082e-60
 3.79042144e-51 2.40288390e-59 2.80617232e-55 9.75688065e-54
 4.34507678e-50 1.00877229e-50 6.18686551e-51 5.73182083e-61
 6.91984994e-59 3.79042144e-51 4.39427779e-53 1.12138242e-68
 4.55991975e-57 7.77624575e-55 1.75814506e-73 4.39427779e-53
 1.41820348e-51 1.12138242e-68 9.20417879e-65 2.66373322e-53
 8.30820763e-60 6.03472099e-56 1.61075424e-57 5.28280757e-65
 2.40288390e-59 1.00833823e-55 4.07987974e-59 3.79042144e-51
 7.23127196e-77 7.51786428e-63 1.29719007e-62 8.90129708e-44
 4.39427779e-53 1.84628285e-66 3.55862494e-54 2.31976235e-51
 1.19205281e-52 1.45399317e-63 7.51786428e-63 1.61075424e-57
 2.03688601e-48 3.55862494e-54]","[1.68303018e-55 4.85066545e-49 2.32827146e-37 2.58531714e-40
 1.21147719e-41 3.27921374e-48 7.24139755e-53 3.42045584e-39
 1.87374272e-38 2.27167277e-46 2.17967002e-47 1.26387580e-48
 9.55803990e-58 4.55991975e-57 4.34507678e-50 2.67335366e-50
 1.31892718e-42 2.67335366e-50 2.17967002e-47 1.96022961e-52
 2.22993385e-39 6.14029324e-40 1.39869353e-43 3.35470507e-58
 7.24139755e-53 9.14645852e-45 3.98638164e-40 1.14419204e-49
 1.00877229e-50 4.52588482e-41 3.61877620e-46 1.29241929e-54
 7.77624575e-55 1.22668930e-38 1.68303018e-55 5.66557381e-58
 7.05469515e-50 2.27983976e-44 2.30592786e-45 5.24109088e-39
 3.27921374e-48 1.35963995e-47 7.77624575e-55 7.00791465e-41
 3.44263650e-43 3.27921374e-48 7.77624575e-55 2.19550867e-43
 3.49058990e-47 3.59372037e-44]","[1.75104564e-09 6.37307274e-09 3.78517506e-09 1.07387860e-08
 1.83094417e-09 3.68364306e-09 3.85619425e-09 3.67751385e-09
 7.16001991e-09 5.23736587e-09 2.27831720e-09 5.08609499e-09
 1.73048975e-09 3.24199012e-09 9.29534538e-09 2.86818558e-09
 2.45720255e-09 5.60206737e-09 6.04250927e-09 2.45649967e-09
 1.22564794e-08 2.64450994e-09 1.22408971e-08 7.75573505e-09
 2.11150220e-09 4.86409724e-09 2.48101328e-09 1.02347342e-09
 2.25466112e-09 1.34285149e-08 1.94210104e-09 2.68458178e-09
 1.26707007e-08 1.32671318e-08 7.71810382e-09 1.84084181e-09
 5.98656758e-09 1.34202117e-08 7.53060869e-09 4.16226986e-09
 2.47732990e-09 2.94462377e-09 5.24286992e-09 4.08000067e-09
 4.53091153e-09 1.19873527e-08 8.24392898e-09 4.92125074e-09
 5.85440096e-09 3.71434727e-09]","[1.62272107e-09 2.18288732e-09 1.40059031e-09 2.46421539e-09
 1.02745806e-08 5.29556687e-09 2.17217910e-09 7.28447025e-09
 4.61679028e-09 2.68678557e-09 4.01818645e-09 3.70507391e-09
 1.71735925e-09 5.77025472e-09 4.34843983e-09 1.36596809e-08
 5.21797838e-09 2.30869979e-09 2.58806487e-09 7.68414210e-09
 2.11733531e-09 8.85723239e-09 1.26203448e-09 1.21780200e-08
 2.59717126e-09 1.14171783e-09 3.35959705e-09 4.40391823e-09
 1.68033887e-09 1.75752479e-09 1.32036393e-09 2.64301936e-09
 2.06625361e-09 8.25600077e-09 4.64097494e-09 1.08598126e-08
 9.85643356e-09 1.74189230e-09 1.13826637e-09 2.88292490e-09
 5.88085614e-09 1.58292968e-09 6.07174655e-09 6.67216404e-09
 6.21335583e-09 1.36670120e-09 1.60815394e-09 1.97332883e-09
 1.86177052e-09 9.42066614e-09]","[1.e-05 1.e-05 1.e-05 1.e-05 1.e-05 1.e-05 1.e-05 1.e-05 1.e-05 1.e-05
 1.e-05 1.e-05 1.e-05 1.e-05 1.e-05 1.e-05 1.e-05 1.e-05 1.e-05 1.e-05
 1.e-05 1.e-05 1.e-05 1.e-05 1.e-05 1.e-05 1.e-05 1.e-05 1.e-05 1.e-05
 1.e-05 1.e-05 1.e-05 1.e-05 1.e-05 1.e-05 1.e-05 1.e-05 1.e-05 1.e-05
 1.e-05 1.e-05 1.e-05 1.e-05 1.e-05 1.e-05 1.e-05 1.e-05 1.e-05 1.e-05]","[1.e-05 1.e-05 1.e-05 1.e-05 1.e-05 1.e-05 1.e-05 1.e-05 1.e-05 1.e-05
 1.e-05 1.e-05 1.e-05 1.e-05 1.e-05 1.e-05 1.e-05 1.e-05 1.e-05 1.e-05
 1.e-05 1.e-05 1.e-05 1.e-05 1.e-05 1.e-05 1.e-05 1.e-05 1.e-05 1.e-05
 1.e-05 1.e-05 1.e-05 1.e-05 1.e-05 1.e-05 1.e-05 1.e-05 1.e-05 1.e-05
 1.e-05 1.e-05 1.e-05 1.e-05 1.e-05 1.e-05 1.e-05 1.e-05 1.e-05 1.e-05]","[0.21326563 0.24680882 0.23924859 0.22770399 0.23600622 0.23069959
 0.22088534 0.24237088 0.22750627 0.23397377 0.22449555 0.23196012
 0.22648173 0.21875395 0.22570877 0.24493212 0.23881831 0.22806161
 0.22641191 0.25742264 0.2252408  0.22967855 0.25912521 0.22736023
 0.22891329 0.24666009 0.25306305 0.23377464 0.22939484 0.2444035
 0.2482232  0.24870716 0.22992765 0.24028007 0.23832632 0.22415631
 0.26623463 0.24755615 0.25803631 0.21333025 0.22607939 0.23708016
 0.23955667 0.24204454 0.23119606 0.24930835 0.23620692 0.23981849
 0.2232259  0.23134608]","[0.24663782 0.2176234  0.2085366  0.21538452 0.22855052 0.23850809
 0.25151939 0.22098202 0.22311352 0.23485085 0.22998586 0.2323919
 0.23715604 0.24668436 0.21895594 0.2252525  0.21984829 0.22521082
 0.22742006 0.24083342 0.21865882 0.2085783  0.24131387 0.23786687
 0.23657378 0.20834196 0.21609095 0.2371484  0.23657524 0.23496449
 0.22717809 0.23571524 0.22668943 0.22098789 0.23753805 0.24412394
 0.23364169 0.23647642 0.22817162 0.22707776 0.2412687  0.21887743
 0.23116228 0.22398414 0.22537048 0.23510162 0.24594181 0.2226629
 0.21984393 0.21500952]","[2.61881786e-080 8.70653625e-108 3.16963419e-101 1.27534838e-091
 1.77409654e-098 4.58524540e-094 3.50401978e-086 6.56816983e-104
 1.84408774e-091 8.94116635e-097 4.85766070e-089 4.19566356e-095
 1.23970897e-090 1.61883789e-084 5.18864189e-090 3.87846884e-106
 7.37829124e-101 6.54017849e-092 1.41112493e-090 2.31017580e-117
 1.23136407e-089 3.14953267e-093 6.13273518e-119 2.42092952e-091
 1.32718701e-092 1.17760362e-107 2.23253194e-113 1.31026421e-096
 5.37156720e-093 1.12381179e-105 4.87981690e-109 1.81326090e-109
 1.96986940e-093 4.15455085e-102 1.93495494e-100 9.05866340e-089
 1.22211162e-125 1.90349710e-108 6.26436134e-118 2.33990439e-080
 2.61347322e-090 2.20377268e-099 1.72923680e-101 1.25790571e-103
 1.79071550e-094 5.28612276e-110 1.20235434e-098 1.03258483e-101
 4.97866353e-088 1.34727284e-094]","[1.23206201e-107 1.21712093e-083 9.02319667e-077 6.40305063e-082
 2.61999211e-092 1.35543066e-100 5.52774215e-112 2.94212202e-086
 6.11346871e-088 1.65439580e-097 1.76513468e-093 1.84368036e-095
 1.90108490e-099 1.12098611e-107 1.12763856e-084 1.20507550e-089
 2.27311119e-085 1.30138645e-089 2.16553160e-091 1.39142236e-102
 1.91915221e-084 8.40484128e-077 5.37082052e-103 4.75196676e-100
 5.89949544e-099 1.25654137e-076 1.84225504e-082 1.92959801e-099
 5.88270908e-099 1.32887395e-097 3.39848374e-091 3.11645560e-098
 8.43087274e-091 2.91104661e-086 9.02913753e-100 1.97063922e-105
 1.69076698e-096 7.12726967e-099 5.32449096e-092 4.09614589e-091
 5.87414077e-103 1.29784385e-084 1.90914565e-094 1.24238256e-088
 9.69300044e-090 1.02001115e-097 5.04926258e-107 1.39112969e-087
 2.29102005e-085 1.23834203e-081]","[0.03008294 0.03739476 0.0406189  0.02981007 0.03399861 0.03306353
 0.03245759 0.04030371 0.03604078 0.03620601 0.03502893 0.04056144
 0.03567684 0.03375101 0.0325526  0.03822386 0.03977799 0.03731596
 0.03350723 0.04056418 0.0335021  0.03739631 0.04736555 0.03310895
 0.03591526 0.03970158 0.04995143 0.03566647 0.03549099 0.03112817
 0.04360878 0.03747046 0.0350343  0.0369072  0.03689897 0.02770138
 0.04429924 0.03768265 0.04347026 0.03177142 0.0402236  0.03657365
 0.03947723 0.04003608 0.03751028 0.03523993 0.03428495 0.0417608
 0.0337379  0.03657949]","[0.04085124 0.03021705 0.02894151 0.03590465 0.03569543 0.04016566
 0.0398463  0.03212786 0.03059852 0.03719401 0.03579152 0.03065789
 0.03529596 0.04090595 0.03132188 0.03617716 0.03053451 0.03213799
 0.03654325 0.03760052 0.03150713 0.03101468 0.03680205 0.03886521
 0.03382862 0.03074479 0.02843249 0.03550279 0.03805482 0.04386663
 0.03239262 0.03807247 0.03394568 0.03277922 0.0401957  0.04690039
 0.03893375 0.03891671 0.03020763 0.03412366 0.03576207 0.02828622
 0.03629613 0.03356862 0.03008425 0.04560792 0.04127681 0.03209949
 0.03062284 0.03144372]","[0.13369463 0.14843027 0.15146315 0.12915247 0.13750198 0.14084066
 0.1322294  0.15326027 0.14554659 0.14245637 0.14171925 0.15437464
 0.14348184 0.13876038 0.13809345 0.15048746 0.15080632 0.14950935
 0.1391053  0.15526705 0.14231041 0.14442812 0.16516006 0.13832173
 0.1430829  0.15179066 0.17251929 0.14137863 0.14193191 0.13495547
 0.15712621 0.1501361  0.14265475 0.14352661 0.14503136 0.12208877
 0.1528263  0.14373271 0.15880439 0.13455584 0.15012155 0.14784412
 0.14783159 0.15084543 0.15198436 0.13845941 0.14140651 0.1576412
 0.13746507 0.14676077]","[0.14781784 0.1295883  0.12525711 0.13875923 0.14365153 0.15074989
 0.14720736 0.12995564 0.12890882 0.14290514 0.14006723 0.13147867
 0.13476948 0.14974479 0.12846041 0.14360749 0.12839946 0.12932535
 0.14136998 0.14286261 0.13113774 0.12969794 0.14201597 0.14730595
 0.13955876 0.13060718 0.12380872 0.139672   0.14422238 0.1604196
 0.13211155 0.14745878 0.13362    0.13138386 0.14938988 0.16057485
 0.14395758 0.15034901 0.12902184 0.13679682 0.13719633 0.12523719
 0.13961295 0.13312953 0.12770812 0.15642533 0.15077467 0.13208424
 0.13051509 0.13292732]",1.7875466236793917e-45,5.522473848671203e-39,1.2460877803742488e-44,3.262818201088411e-38,5.508669624898488e-09,4.368623449657605e-09,3.6084967775996383e-09,3.214251654384488e-09,1e-05,1e-05,0.0,0.0,0.23579541269302368,0.22924763034820558,0.01172627876648824,0.010512390455950189,0.03692864656448364,0.035172879695892334,0.00431293983737599,0.0044521823283481385,0.1454580616755442,0.1384721504062192,0.008948520869907085,0.009298160901802624
df3,0.05,-1.0,0.05,"[5.39250695e-43 2.23586471e-62 1.26387580e-48 1.42453006e-46
 1.67491922e-40 7.05469515e-50 1.67562367e-60 7.24139755e-53
 1.29241929e-54 5.28378753e-52 4.07987974e-59 8.39040599e-64
 2.67335366e-50 5.28378753e-52 9.55803990e-58 5.27367686e-48
 4.67383798e-55 2.30592786e-45 7.05469515e-50 1.44479841e-44
 2.03688601e-48 2.27167277e-46 3.79042144e-51 1.41820348e-51
 7.77624575e-55 3.79042144e-51 5.27367686e-48 8.47223917e-48
 7.24139755e-53 1.61075424e-57 2.14572537e-54 2.03688601e-48
 1.61299095e-53 3.21237555e-42 1.26387580e-48 6.18686551e-51
 3.55862494e-54 1.11555042e-70 2.67335366e-50 3.49058990e-47
 2.03688601e-48 1.00833823e-55 7.65993218e-57 6.18686551e-51
 2.14572537e-54 5.73182083e-61 2.67335366e-50 5.89559709e-54
 3.27921374e-48 1.00877229e-50]","[3.61877620e-46 1.05170761e-66 3.55862494e-54 3.55862494e-54
 1.64306603e-50 4.67383798e-55 2.23586471e-62 1.09543157e-67
 8.66108972e-52 9.14645852e-45 3.59372037e-44 6.03472099e-56
 1.96022961e-52 1.17241363e-58 1.64306603e-50 2.31976235e-51
 9.15418035e-46 5.27367686e-48 7.83398323e-49 3.84964189e-62
 1.19205281e-52 1.73467612e-65 5.28378753e-52 5.89559709e-54
 1.35963995e-47 2.23586471e-62 4.67383798e-55 1.26387580e-48
 1.29241929e-54 2.17967002e-47 2.86035082e-60 1.88177121e-41
 3.79042144e-51 1.96022961e-52 8.66108972e-52 2.40288390e-59
 2.67335366e-50 2.80617232e-55 6.18686551e-51 3.60781842e-56
 4.35229159e-63 7.51786428e-63 8.30820763e-60 3.60781842e-56
 7.65993218e-57 7.79126605e-42 1.61299095e-53 2.15460932e-56
 4.34507678e-50 3.60781842e-56]","[5.39250695e-43 2.23586471e-62 1.26387580e-48 1.42453006e-46
 1.67491922e-40 7.05469515e-50 1.67562367e-60 7.24139755e-53
 1.29241929e-54 5.28378753e-52 4.07987974e-59 8.39040599e-64
 2.67335366e-50 5.28378753e-52 9.55803990e-58 5.27367686e-48
 4.67383798e-55 2.30592786e-45 7.05469515e-50 1.44479841e-44
 2.03688601e-48 2.27167277e-46 3.79042144e-51 1.41820348e-51
 7.77624575e-55 3.79042144e-51 5.27367686e-48 8.47223917e-48
 7.24139755e-53 1.61075424e-57 2.14572537e-54 2.03688601e-48
 1.61299095e-53 3.21237555e-42 1.26387580e-48 6.18686551e-51
 3.55862494e-54 1.11555042e-70 2.67335366e-50 3.49058990e-47
 2.03688601e-48 1.00833823e-55 7.65993218e-57 6.18686551e-51
 2.14572537e-54 5.73182083e-61 2.67335366e-50 5.89559709e-54
 3.27921374e-48 1.00877229e-50]","[3.61877620e-46 1.05170761e-66 3.55862494e-54 3.55862494e-54
 1.64306603e-50 4.67383798e-55 2.23586471e-62 1.09543157e-67
 8.66108972e-52 9.14645852e-45 3.59372037e-44 6.03472099e-56
 1.96022961e-52 1.17241363e-58 1.64306603e-50 2.31976235e-51
 9.15418035e-46 5.27367686e-48 7.83398323e-49 3.84964189e-62
 1.19205281e-52 1.73467612e-65 5.28378753e-52 5.89559709e-54
 1.35963995e-47 2.23586471e-62 4.67383798e-55 1.26387580e-48
 1.29241929e-54 2.17967002e-47 2.86035082e-60 1.88177121e-41
 3.79042144e-51 1.96022961e-52 8.66108972e-52 2.40288390e-59
 2.67335366e-50 2.80617232e-55 6.18686551e-51 3.60781842e-56
 4.35229159e-63 7.51786428e-63 8.30820763e-60 3.60781842e-56
 7.65993218e-57 7.79126605e-42 1.61299095e-53 2.15460932e-56
 4.34507678e-50 3.60781842e-56]","[2.71217104e-09 1.28347671e-08 1.91392668e-09 3.44256978e-09
 1.31976174e-09 2.68007805e-09 2.83390844e-09 6.89605661e-09
 9.37589817e-09 4.89243301e-09 4.83833706e-09 6.39457376e-09
 3.46179652e-09 4.44229153e-09 8.51444892e-09 1.05578557e-09
 6.39333786e-09 1.93259020e-09 2.25224772e-09 5.06409947e-09
 1.03585762e-09 6.14891082e-09 4.77804707e-09 6.11044548e-09
 6.31170427e-09 1.37211587e-09 6.65654054e-09 9.46703427e-09
 6.30383334e-09 4.67176964e-09 4.82263540e-09 2.17610463e-09
 6.51219279e-09 8.05183364e-10 2.58055843e-09 1.65167058e-09
 1.65682790e-09 7.06263359e-09 6.25964736e-09 7.07244996e-09
 2.35326281e-09 8.00120137e-09 7.38170181e-09 1.80716841e-09
 5.07995612e-09 1.98340888e-09 2.60301947e-09 2.56380561e-09
 5.54533330e-09 7.53425089e-09]","[1.52863822e-09 2.00251160e-08 4.54062699e-09 1.01598427e-08
 1.84077897e-09 1.90974259e-09 2.99823277e-09 8.89724816e-09
 1.76272907e-09 1.98812078e-09 3.15694171e-09 6.80462087e-09
 3.35199069e-09 9.60830371e-09 1.42121431e-08 1.74314163e-09
 3.53355734e-09 2.51745302e-09 1.34452084e-08 2.48258281e-09
 4.81623808e-09 5.86431836e-09 1.99317085e-09 5.60844915e-09
 1.31658509e-08 1.43836100e-08 1.88995863e-09 3.04260683e-09
 4.56370186e-09 1.18134142e-08 4.62746064e-09 1.27222788e-09
 1.06136673e-08 8.73188299e-09 9.90655602e-09 2.37762376e-09
 5.11534370e-09 5.39357214e-09 8.14558387e-09 4.92471264e-09
 2.90691138e-09 5.24624955e-09 1.53013454e-08 5.98932670e-09
 1.15980663e-08 1.28256772e-09 4.60645655e-09 1.15134706e-08
 8.86181417e-09 4.00229394e-09]","[1.e-05 1.e-05 1.e-05 1.e-05 1.e-05 1.e-05 1.e-05 1.e-05 1.e-05 1.e-05
 1.e-05 1.e-05 1.e-05 1.e-05 1.e-05 1.e-05 1.e-05 1.e-05 1.e-05 1.e-05
 1.e-05 1.e-05 1.e-05 1.e-05 1.e-05 1.e-05 1.e-05 1.e-05 1.e-05 1.e-05
 1.e-05 1.e-05 1.e-05 1.e-05 1.e-05 1.e-05 1.e-05 1.e-05 1.e-05 1.e-05
 1.e-05 1.e-05 1.e-05 1.e-05 1.e-05 1.e-05 1.e-05 1.e-05 1.e-05 1.e-05]","[1.e-05 1.e-05 1.e-05 1.e-05 1.e-05 1.e-05 1.e-05 1.e-05 1.e-05 1.e-05
 1.e-05 1.e-05 1.e-05 1.e-05 1.e-05 1.e-05 1.e-05 1.e-05 1.e-05 1.e-05
 1.e-05 1.e-05 1.e-05 1.e-05 1.e-05 1.e-05 1.e-05 1.e-05 1.e-05 1.e-05
 1.e-05 1.e-05 1.e-05 1.e-05 1.e-05 1.e-05 1.e-05 1.e-05 1.e-05 1.e-05
 1.e-05 1.e-05 1.e-05 1.e-05 1.e-05 1.e-05 1.e-05 1.e-05 1.e-05 1.e-05]","[0.20178256 0.23803923 0.21543458 0.21210598 0.21549222 0.22288007
 0.23851881 0.21882359 0.22602847 0.22831652 0.23798886 0.25353973
 0.21867692 0.22123533 0.23723413 0.20823695 0.22655134 0.21569653
 0.22598093 0.2252112  0.21747471 0.22136093 0.2241115  0.22088416
 0.23172806 0.21133601 0.22234548 0.222925   0.23119513 0.23614406
 0.23081185 0.22174994 0.21990615 0.20991662 0.21480538 0.2187068
 0.21967772 0.24586864 0.2305991  0.22109821 0.20774595 0.2306676
 0.22304348 0.20958748 0.23783653 0.22819493 0.23216216 0.21983541
 0.21621545 0.21886498]","[0.24159058 0.26303427 0.25456917 0.25137286 0.24431455 0.23923424
 0.25265646 0.25681741 0.24381236 0.22195653 0.23938201 0.25626489
 0.23842757 0.24210114 0.24003277 0.24504613 0.24338164 0.22955955
 0.23715369 0.25037427 0.24751049 0.26249139 0.23755925 0.23824617
 0.23318056 0.25691417 0.25778303 0.24624195 0.24775193 0.24979008
 0.26186207 0.23622653 0.25177599 0.24785522 0.24801654 0.23529213
 0.24229652 0.2438074  0.2410633  0.25988298 0.25339343 0.2521956
 0.24557401 0.25214815 0.25705574 0.22703636 0.23406986 0.23758259
 0.23618405 0.25311394]","[7.31708349e-072 3.39300350e-100 5.86285655e-082 1.96405363e-079
 5.29694018e-082 9.36199147e-088 1.32725691e-100 1.42916501e-084
 2.87192827e-090 4.06030146e-092 3.74408313e-100 8.25236694e-114
 1.85803156e-084 1.86040115e-086 1.63286544e-099 1.50214813e-076
 1.08947599e-090 3.69536277e-082 3.13613988e-090 1.30047509e-089
 1.58564349e-083 1.48192184e-086 9.83519404e-089 3.51147496e-086
 6.52293894e-095 7.43722019e-079 2.47992364e-087 8.62503969e-088
 1.79385248e-094 1.35819299e-098 3.70773479e-094 7.31963343e-087
 2.04843196e-085 8.54388622e-078 1.77236539e-081 1.76133929e-084
 3.08888334e-085 5.85490765e-107 5.54500381e-094 2.38442287e-086
 3.45699459e-076 4.87120334e-094 6.94758588e-088 1.50122469e-077
 5.04213200e-100 5.09736318e-092 2.85619034e-095 2.32638704e-085
 1.47844493e-082 1.32710343e-084]","[3.10126349e-103 1.34074878e-122 9.55457521e-115 7.48832438e-112
 1.34379899e-105 3.26034468e-101 5.20930539e-113 8.34103840e-117
 3.68229284e-105 5.03016274e-087 2.43832833e-101 2.68540534e-116
 1.58700641e-100 1.12390487e-103 6.76812379e-102 3.08232162e-106
 8.72649078e-105 3.94032257e-093 1.90980526e-099 5.89693007e-111
 2.08907146e-108 4.35684945e-122 8.66334544e-100 2.26357901e-100
 4.08882444e-096 6.79477920e-117 1.07391691e-117 2.74969863e-107
 1.27709944e-108 1.96422397e-110 1.70250344e-121 1.15748775e-098
 3.24709673e-112 1.03446760e-108 7.44262414e-109 7.06117791e-098
 7.61701137e-104 3.71908461e-105 8.82593934e-103 1.20967334e-119
 1.12026946e-113 1.35869439e-112 1.06220491e-106 1.49946934e-112
 5.03297423e-117 4.42403150e-091 7.43457598e-097 8.27770513e-100
 1.25686333e-098 2.00766569e-113]","[0.02678668 0.03929615 0.03350747 0.02933824 0.0266906  0.03688586
 0.04106545 0.03193128 0.03523707 0.03078628 0.03000855 0.03482461
 0.03272986 0.0275681  0.03880644 0.03127158 0.02995622 0.02888584
 0.03766179 0.02845347 0.03325248 0.03230584 0.03362167 0.03160787
 0.02636433 0.02690971 0.03134251 0.03132379 0.03384352 0.03665388
 0.03735065 0.02867782 0.02965677 0.02620113 0.03095365 0.0320015
 0.03182566 0.03261173 0.03304815 0.0313437  0.0309186  0.03806961
 0.02921832 0.0271523  0.03787339 0.03281534 0.03197443 0.03474164
 0.03044927 0.02716923]","[0.03957844 0.04148638 0.03693008 0.04180825 0.04078281 0.03332829
 0.03655899 0.03882599 0.03686738 0.03670311 0.04803932 0.05407929
 0.03967881 0.04268074 0.03488934 0.03753245 0.04544461 0.03643286
 0.03341997 0.04122901 0.03638089 0.04377925 0.03780413 0.03594685
 0.04453003 0.04699361 0.04224861 0.03921342 0.0444119  0.03999221
 0.04476178 0.04388618 0.04110551 0.04369938 0.04299343 0.03503489
 0.03553224 0.04986084 0.0383637  0.04469454 0.03868675 0.04050863
 0.04442608 0.04557478 0.04271579 0.03833818 0.04207921 0.03580046
 0.03856707 0.04263973]","[0.12458939 0.15139824 0.13936857 0.12949969 0.12427157 0.14657205
 0.15464213 0.13345359 0.14176536 0.13171475 0.13021026 0.1395114
 0.13612732 0.12679889 0.15002304 0.13201538 0.12915844 0.12688116
 0.14873886 0.12584559 0.13865955 0.13544301 0.13867889 0.13862567
 0.11737229 0.12031657 0.1319292  0.13497082 0.13728989 0.14236643
 0.1472161  0.12412995 0.12912619 0.11987016 0.13156761 0.13600653
 0.13663608 0.13456376 0.14043757 0.13374175 0.1303536  0.14365116
 0.12973289 0.12473133 0.14532685 0.13497891 0.13244011 0.14257602
 0.13079816 0.12293875]","[0.15048896 0.15231084 0.14512131 0.15096434 0.15203685 0.13613045
 0.1412753  0.14384606 0.14330145 0.14452462 0.16568469 0.17475669
 0.14891587 0.15163389 0.1402451  0.14532223 0.1579443  0.14172288
 0.13551397 0.15339423 0.13996393 0.15637955 0.14549751 0.14225853
 0.16151458 0.16262183 0.15263426 0.14753305 0.15982777 0.14789559
 0.16025529 0.15790152 0.14637512 0.15295454 0.15349545 0.1398255
 0.14369806 0.16597932 0.14894862 0.15860947 0.14755506 0.14948238
 0.15803122 0.1589921  0.15490647 0.14647658 0.15145719 0.13956213
 0.1474331  0.15370705]",3.4252147520482204e-42,5.3310763881158834e-43,2.3442503876804777e-41,2.8305522561482212e-42,4.631207017880001e-09,6.3213094336767025e-09,2.6569109633613425e-09,4.47345739822433e-09,1e-05,1e-05,0.0,0.0,0.22369146741867066,0.2456996707820892,0.010150147318531484,0.009369830694046042,0.03205940008163452,0.04073732376098633,0.0036900513257744107,0.004293337749455402,0.13458122959743823,0.15053813558827783,0.008493713564655496,0.008193303675920425
df3,0.1,-1.0,0.1,"[8.47223917e-48 4.55991975e-57 1.22324939e-36 1.39869353e-43
 5.78417409e-45 2.30592786e-45 9.75688065e-54 1.61299095e-53
 9.14645852e-45 5.27367686e-48 2.27167277e-46 1.85378592e-49
 8.90129708e-44 3.65403168e-45 3.22000728e-52 9.14645852e-45
 1.44479841e-44 8.09234334e-37 3.49058990e-47 1.35963995e-47
 2.17967002e-47 3.00027002e-49 8.90129708e-44 1.00942344e-37
 1.00877229e-50 1.44479841e-44 8.92358057e-47 9.44810349e-40
 1.44479841e-44 3.49058990e-47 1.98426668e-58 1.53384053e-37
 5.27367686e-48 1.96022961e-52 3.61877620e-46 4.52588482e-41
 1.26387580e-48 3.00027002e-49 1.45365542e-45 2.27983976e-44
 2.27983976e-44 3.79042144e-51 7.24139755e-53 9.75688065e-54
 1.26387580e-48 1.00833823e-55 3.65403168e-45 4.67383798e-55
 1.85378592e-49 4.39427779e-53]","[1.45399317e-63 3.34696584e-61 2.67335366e-50 1.61299095e-53
 2.40288390e-59 9.75688065e-54 3.43236847e-78 1.61299095e-53
 3.40157297e-67 1.48234930e-75 4.83655003e-64 3.17823276e-73
 3.35470507e-58 6.03472099e-56 3.23766600e-66 4.83655003e-64
 3.56463042e-69 3.84964189e-62 1.65926127e-82 4.39427779e-53
 4.87748802e-60 1.19205281e-52 7.51786428e-63 3.60781842e-56
 1.45399317e-63 5.66557381e-58 5.66557381e-58 1.95228637e-61
 8.39040599e-64 1.86526077e-72 7.65993218e-57 6.03593190e-72
 2.40288390e-59 6.91984994e-59 1.99260921e-70 2.80617232e-55
 2.86035082e-60 3.23766600e-66 5.66557381e-58 4.34507678e-50
 4.55991975e-57 1.67562367e-60 4.44304977e-76 8.30820763e-60
 5.67148232e-66 1.11555042e-70 2.66373322e-53 1.00833823e-55
 7.77624575e-55 6.33684532e-70]","[8.47223917e-48 4.55991975e-57 1.22324939e-36 1.39869353e-43
 5.78417409e-45 2.30592786e-45 9.75688065e-54 1.61299095e-53
 9.14645852e-45 5.27367686e-48 2.27167277e-46 1.85378592e-49
 8.90129708e-44 3.65403168e-45 3.22000728e-52 9.14645852e-45
 1.44479841e-44 8.09234334e-37 3.49058990e-47 1.35963995e-47
 2.17967002e-47 3.00027002e-49 8.90129708e-44 1.00942344e-37
 1.00877229e-50 1.44479841e-44 8.92358057e-47 9.44810349e-40
 1.44479841e-44 3.49058990e-47 1.98426668e-58 1.53384053e-37
 5.27367686e-48 1.96022961e-52 3.61877620e-46 4.52588482e-41
 1.26387580e-48 3.00027002e-49 1.45365542e-45 2.27983976e-44
 2.27983976e-44 3.79042144e-51 7.24139755e-53 9.75688065e-54
 1.26387580e-48 1.00833823e-55 3.65403168e-45 4.67383798e-55
 1.85378592e-49 4.39427779e-53]","[1.45399317e-63 3.34696584e-61 2.67335366e-50 1.61299095e-53
 2.40288390e-59 9.75688065e-54 3.43236847e-78 1.61299095e-53
 3.40157297e-67 1.48234930e-75 4.83655003e-64 3.17823276e-73
 3.35470507e-58 6.03472099e-56 3.23766600e-66 4.83655003e-64
 3.56463042e-69 3.84964189e-62 1.65926127e-82 4.39427779e-53
 4.87748802e-60 1.19205281e-52 7.51786428e-63 3.60781842e-56
 1.45399317e-63 5.66557381e-58 5.66557381e-58 1.95228637e-61
 8.39040599e-64 1.86526077e-72 7.65993218e-57 6.03593190e-72
 2.40288390e-59 6.91984994e-59 1.99260921e-70 2.80617232e-55
 2.86035082e-60 3.23766600e-66 5.66557381e-58 4.34507678e-50
 4.55991975e-57 1.67562367e-60 4.44304977e-76 8.30820763e-60
 5.67148232e-66 1.11555042e-70 2.66373322e-53 1.00833823e-55
 7.77624575e-55 6.33684532e-70]","[1.04633460e-08 2.93089075e-09 2.04155837e-09 2.36330600e-09
 2.61995736e-09 3.46006590e-09 9.92575322e-09 3.25580352e-09
 6.45676546e-09 3.44760043e-09 5.76659098e-09 7.88500920e-09
 1.42803858e-09 4.02888667e-09 1.35663303e-09 6.33627761e-09
 2.07199757e-09 3.34153538e-09 5.81654369e-09 1.29302813e-09
 3.68418218e-09 9.30198629e-09 2.77685808e-09 5.87548155e-09
 2.96308289e-09 6.19921003e-10 6.16181894e-09 2.66940436e-09
 6.47308873e-10 4.13544998e-09 5.32347855e-09 7.66361308e-10
 9.56249380e-09 1.78565807e-09 3.89396715e-09 2.02379080e-09
 6.97614966e-09 6.95828495e-09 9.25884935e-09 4.01083233e-09
 7.77297782e-10 1.23129407e-09 4.37591163e-09 1.02473385e-09
 3.17030391e-09 1.19060606e-08 4.53656623e-09 3.06282655e-09
 5.80676252e-09 7.16207937e-09]","[1.59846602e-08 2.66001754e-09 1.00769821e-08 3.14679449e-09
 1.55058483e-08 8.27871505e-09 1.05027047e-08 6.21093954e-09
 8.53468041e-09 1.48256840e-08 4.57480009e-09 8.69885464e-09
 1.43876688e-08 3.21471194e-09 6.47134824e-09 3.99390365e-09
 1.97718133e-08 4.65418937e-09 4.13496448e-09 6.34859376e-09
 3.31000505e-09 2.36764841e-09 5.95883576e-09 5.57317847e-09
 9.90317051e-09 7.59089125e-09 1.12374726e-08 2.32886110e-09
 7.45852791e-09 4.35172032e-09 2.39994025e-09 1.28939932e-08
 6.96454328e-09 2.79166290e-09 5.57610913e-09 1.56896319e-08
 5.59402069e-09 7.94744948e-09 2.77932566e-09 8.85364260e-09
 1.02886276e-08 1.67572511e-08 2.08923359e-08 3.93219635e-09
 6.69678235e-09 4.93597718e-09 1.95144256e-09 9.93734905e-09
 1.36983094e-08 7.74137621e-09]","[1.e-05 1.e-05 1.e-05 1.e-05 1.e-05 1.e-05 1.e-05 1.e-05 1.e-05 1.e-05
 1.e-05 1.e-05 1.e-05 1.e-05 1.e-05 1.e-05 1.e-05 1.e-05 1.e-05 1.e-05
 1.e-05 1.e-05 1.e-05 1.e-05 1.e-05 1.e-05 1.e-05 1.e-05 1.e-05 1.e-05
 1.e-05 1.e-05 1.e-05 1.e-05 1.e-05 1.e-05 1.e-05 1.e-05 1.e-05 1.e-05
 1.e-05 1.e-05 1.e-05 1.e-05 1.e-05 1.e-05 1.e-05 1.e-05 1.e-05 1.e-05]","[1.e-05 1.e-05 1.e-05 1.e-05 1.e-05 1.e-05 1.e-05 1.e-05 1.e-05 1.e-05
 1.e-05 1.e-05 1.e-05 1.e-05 1.e-05 1.e-05 1.e-05 1.e-05 1.e-05 1.e-05
 1.e-05 1.e-05 1.e-05 1.e-05 1.e-05 1.e-05 1.e-05 1.e-05 1.e-05 1.e-05
 1.e-05 1.e-05 1.e-05 1.e-05 1.e-05 1.e-05 1.e-05 1.e-05 1.e-05 1.e-05
 1.e-05 1.e-05 1.e-05 1.e-05 1.e-05 1.e-05 1.e-05 1.e-05 1.e-05 1.e-05]","[0.21206132 0.23875761 0.19854296 0.22365139 0.22459378 0.21340103
 0.22937517 0.23520361 0.21236737 0.22440428 0.21021203 0.22211878
 0.19297261 0.21237126 0.22518526 0.22387239 0.20364547 0.19693118
 0.20802524 0.21918616 0.22003481 0.21408831 0.19781491 0.19368867
 0.22141551 0.21557807 0.21671729 0.20062712 0.22857356 0.21940867
 0.23900886 0.20610326 0.23201942 0.22946479 0.21866546 0.21220886
 0.21270901 0.21433645 0.22566864 0.21991668 0.20470606 0.21381107
 0.2193088  0.22412597 0.21613036 0.22936909 0.21702417 0.23538307
 0.2224405  0.21416826]","[0.27058686 0.25367559 0.25052694 0.2518136  0.25827793 0.26036371
 0.27761485 0.25897107 0.2727914  0.27688742 0.25936889 0.27214763
 0.25369717 0.25407048 0.27033322 0.28153882 0.2812318  0.25031218
 0.27564716 0.24920435 0.26393102 0.2456017  0.26405606 0.25434309
 0.26530417 0.24906789 0.25951574 0.26759308 0.27168761 0.27266144
 0.25977057 0.26735062 0.26416383 0.2500836  0.26516726 0.27682423
 0.25468764 0.27437113 0.26349185 0.26444969 0.25262697 0.26007862
 0.27096044 0.25237838 0.25661428 0.2651054  0.26700727 0.25981076
 0.24916314 0.26922139]","[2.12203447e-079 8.31115802e-101 1.44356972e-069 2.28601430e-088
 4.05492253e-089 2.06829932e-080 5.57387062e-093 8.37745137e-098
 1.24838882e-079 5.74488742e-089 5.14758339e-078 3.74567219e-087
 1.03713591e-065 1.23999153e-079 1.36421687e-089 1.52487691e-088
 3.36583470e-073 1.93628781e-068 2.15229321e-076 7.46457735e-085
 1.62503192e-085 6.22749960e-081 4.67655378e-069 3.36093277e-066
 1.34238554e-086 4.55341971e-082 6.08283452e-083 4.86774754e-071
 2.50933996e-092 5.00789490e-085 5.07620057e-101 5.53751325e-075
 3.74795302e-095 4.70938981e-093 1.89648934e-084 1.64333073e-079
 6.89832010e-080 4.03335782e-081 5.58823958e-090 2.00998147e-085
 5.75547135e-074 1.01113296e-080 5.99078336e-085 9.57745948e-089
 1.71836886e-082 5.63799383e-093 3.53011892e-083 5.92362629e-098
 2.08600572e-087 5.41446323e-081]","[7.75459889e-130 6.21190923e-114 4.30383248e-111 3.00334843e-112
 3.74392694e-118 4.30814229e-120 9.06323103e-137 8.52683396e-119
 5.43958407e-132 4.82688038e-136 3.64076728e-119 2.32549180e-131
 5.93788799e-114 2.71842411e-114 1.36831378e-129 1.00840156e-140
 2.06597993e-140 6.70244345e-111 8.26819303e-135 6.54396503e-110
 1.90292477e-123 1.00441538e-106 1.44859018e-123 1.53529766e-114
 9.44209971e-125 8.65788766e-110 2.65829531e-119 6.09199457e-127
 6.55219602e-131 7.29566041e-132 1.53952221e-119 1.04165086e-126
 1.14494955e-123 1.07348900e-110 1.27478328e-124 5.58035988e-136
 7.45062640e-115 1.51541317e-133 4.95524384e-123 6.13182252e-124
 5.53913951e-113 7.94875037e-120 3.35634415e-130 9.29166083e-113
 1.28243824e-116 1.45989667e-124 2.22454665e-126 1.41239392e-119
 7.12141417e-110 1.63811156e-128]","[0.03203642 0.03991914 0.02342558 0.02880788 0.03180242 0.03287351
 0.03389585 0.03243589 0.02741909 0.03060341 0.02816856 0.03131127
 0.02756548 0.02730012 0.03162372 0.02755082 0.02637744 0.02702022
 0.02617407 0.03225946 0.03005397 0.02709055 0.02577984 0.02430856
 0.03757346 0.02411938 0.0276227  0.02528548 0.02905214 0.02954125
 0.03541231 0.02729058 0.03403652 0.03324592 0.02825034 0.02436376
 0.02760303 0.0284853  0.02973723 0.02828324 0.02755499 0.0275625
 0.02916312 0.02938819 0.02925837 0.03062665 0.03053379 0.03527749
 0.03162444 0.03168046]","[0.04664922 0.04282928 0.04446971 0.04589117 0.04298997 0.04607666
 0.04972672 0.04629445 0.05413115 0.04777896 0.04343092 0.05421972
 0.04216027 0.04562593 0.04857838 0.0496099  0.05754924 0.0412941
 0.05805326 0.04620409 0.04977846 0.0439024  0.05051923 0.04426479
 0.04302633 0.05118978 0.04663837 0.04588282 0.04837549 0.05373168
 0.04453051 0.047153   0.04755831 0.04450738 0.05185521 0.05591917
 0.04443717 0.05014825 0.05226421 0.04646146 0.04159331 0.04899657
 0.05707431 0.04605269 0.04582524 0.0561583  0.04615664 0.04102874
 0.04407823 0.04873908]","[0.1341402  0.1469928  0.11664452 0.12333464 0.13689618 0.13379252
 0.13737068 0.13507511 0.12124291 0.13263306 0.13292136 0.12368658
 0.12381514 0.1239168  0.13219857 0.11820781 0.12013164 0.12451742
 0.12161809 0.12992932 0.12523787 0.12203883 0.12036059 0.11426968
 0.14483951 0.11274374 0.12170656 0.12145224 0.12888839 0.12207054
 0.14180108 0.12439009 0.13522886 0.13114605 0.12620681 0.11722111
 0.12500883 0.12514063 0.1276956  0.12989201 0.12375165 0.12360139
 0.12708605 0.12501221 0.13235956 0.12879237 0.13352029 0.14213458
 0.13036247 0.13202738]","[0.15968987 0.15545034 0.15774936 0.16361114 0.15762039 0.16083832
 0.16516219 0.16190025 0.17041114 0.16184158 0.15683007 0.17291788
 0.15381309 0.16108197 0.16984986 0.16693597 0.17858176 0.15333313
 0.17818839 0.15880342 0.16574779 0.1591893  0.17160458 0.16030355
 0.15337619 0.17092018 0.16216365 0.15996478 0.16407234 0.17390276
 0.16113404 0.16288785 0.16635951 0.15588643 0.173068   0.17935745
 0.15759092 0.16707595 0.17270025 0.1624032  0.15281988 0.16597315
 0.18176345 0.15982161 0.15863735 0.17512566 0.16020386 0.15134749
 0.15541208 0.16555544]",4.5756012638671167e-38,1.4083475276488995e-51,2.039723294883206e-37,7.07601092501366e-51,4.374775688376076e-09,8.007603056192636e-09,2.8425272318905705e-09,4.794549969103175e-09,1e-05,1e-05,0.0,0.0,0.2172278922367096,0.26272299857616427,0.011124274050099909,0.009426086113411298,0.02956751823425293,0.04782820463180542,0.0034135646884480464,0.00443049236118232,0.12770104656948839,0.1638195766970502,0.007511161003911137,0.007538234927804843
df3,0.15000000000000002,-1.0,0.15000000000000002,"[5.34786658e-37 2.05945159e-42 2.14572537e-54 3.21237555e-42
 2.27167277e-46 2.32827146e-37 9.50443824e-36 3.61877620e-46
 5.65883768e-44 3.00027002e-49 2.30592786e-45 5.28378753e-52
 5.24109088e-39 2.14572537e-54 8.47223917e-48 2.80617232e-55
 5.75863544e-46 1.31892718e-42 7.05469515e-50 4.67383798e-55
 5.27367686e-48 5.65883768e-44 3.65403168e-45 2.57596005e-33
 2.19550867e-43 2.27983976e-44 1.08397407e-40 8.92358057e-47
 1.53384053e-37 5.65883768e-44 8.43789069e-43 9.50443824e-36
 5.78417409e-45 7.05469515e-50 2.27983976e-44 8.90129708e-44
 2.19550867e-43 1.87374272e-38 2.91986566e-41 1.00877229e-50
 1.21147719e-41 8.90129708e-44 2.17967002e-47 9.15418035e-46
 8.43789069e-43 2.30592786e-45 2.27983976e-44 3.44263650e-43
 7.24139755e-53 1.14419204e-49]","[3.11335148e-82 1.12138242e-68 4.87748802e-60 8.39040599e-64
 1.98571665e-68 9.92411958e-66 8.95973634e-75 3.93950762e-77
 2.51694654e-63 1.93137901e-67 1.05170761e-66 5.67148232e-66
 1.11555042e-70 6.20630182e-68 8.95973634e-75 2.42847792e-76
 3.02883737e-65 3.55535840e-70 4.83655003e-64 1.62852672e-74
 3.23766600e-66 6.33684532e-70 3.55535840e-70 1.73467612e-65
 2.00649704e-69 2.51694654e-63 9.55803990e-58 1.03520885e-72
 1.05170761e-66 2.15460932e-56 1.86526077e-72 6.04906014e-87
 4.92403790e-75 3.17823276e-73 5.73182083e-61 1.93137901e-67
 1.94472818e-71 6.62107000e-62 1.17241363e-58 2.47190518e-80
 3.55535840e-70 1.67562367e-60 5.44137500e-79 1.65926127e-82
 4.19972342e-86 9.92411958e-66 1.99260921e-70 5.73909492e-73
 1.05170761e-66 1.93137901e-67]","[5.34786658e-37 2.05945159e-42 2.14572537e-54 3.21237555e-42
 2.27167277e-46 2.32827146e-37 9.50443824e-36 3.61877620e-46
 5.65883768e-44 3.00027002e-49 2.30592786e-45 5.28378753e-52
 5.24109088e-39 2.14572537e-54 8.47223917e-48 2.80617232e-55
 5.75863544e-46 1.31892718e-42 7.05469515e-50 4.67383798e-55
 5.27367686e-48 5.65883768e-44 3.65403168e-45 2.57596005e-33
 2.19550867e-43 2.27983976e-44 1.08397407e-40 8.92358057e-47
 1.53384053e-37 5.65883768e-44 8.43789069e-43 9.50443824e-36
 5.78417409e-45 7.05469515e-50 2.27983976e-44 8.90129708e-44
 2.19550867e-43 1.87374272e-38 2.91986566e-41 1.00877229e-50
 1.21147719e-41 8.90129708e-44 2.17967002e-47 9.15418035e-46
 8.43789069e-43 2.30592786e-45 2.27983976e-44 3.44263650e-43
 7.24139755e-53 1.14419204e-49]","[3.11335148e-82 1.12138242e-68 4.87748802e-60 8.39040599e-64
 1.98571665e-68 9.92411958e-66 8.95973634e-75 3.93950762e-77
 2.51694654e-63 1.93137901e-67 1.05170761e-66 5.67148232e-66
 1.11555042e-70 6.20630182e-68 8.95973634e-75 2.42847792e-76
 3.02883737e-65 3.55535840e-70 4.83655003e-64 1.62852672e-74
 3.23766600e-66 6.33684532e-70 3.55535840e-70 1.73467612e-65
 2.00649704e-69 2.51694654e-63 9.55803990e-58 1.03520885e-72
 1.05170761e-66 2.15460932e-56 1.86526077e-72 6.04906014e-87
 4.92403790e-75 3.17823276e-73 5.73182083e-61 1.93137901e-67
 1.94472818e-71 6.62107000e-62 1.17241363e-58 2.47190518e-80
 3.55535840e-70 1.67562367e-60 5.44137500e-79 1.65926127e-82
 4.19972342e-86 9.92411958e-66 1.99260921e-70 5.73909492e-73
 1.05170761e-66 1.93137901e-67]","[6.51689025e-09 8.92717045e-09 4.46457360e-09 5.08979370e-09
 6.55351207e-09 3.56424112e-10 5.12616394e-10 1.39521572e-09
 8.51575688e-09 1.94621952e-09 1.44586643e-09 1.20454524e-09
 1.67050973e-09 1.06767792e-08 1.47333357e-09 6.37211528e-09
 2.29044594e-09 5.11861198e-09 4.98465480e-09 2.41588771e-09
 4.92087782e-09 4.92458219e-09 5.05437214e-09 1.17776178e-09
 8.31365643e-10 4.53652438e-09 9.22935617e-10 5.66530578e-09
 4.56888638e-10 7.65362873e-09 2.02250328e-09 4.81300111e-10
 1.22472943e-09 9.59950230e-10 4.72094042e-09 5.31139122e-09
 6.16757312e-10 3.72961406e-09 5.46956935e-09 6.10542450e-09
 4.15525925e-09 1.73602688e-09 7.47364992e-09 1.55750124e-09
 5.57713020e-09 1.18094445e-09 8.82787632e-09 1.68848890e-09
 2.69400247e-09 4.58656901e-09]","[7.15594139e-09 8.34126057e-09 5.67902514e-09 9.81332759e-09
 5.02766428e-09 3.15184001e-09 4.41857706e-09 4.79305440e-09
 3.15296200e-09 1.85800841e-08 5.82948922e-09 4.43467563e-09
 8.59796312e-09 6.50658449e-09 1.65281407e-08 1.01024266e-08
 9.33636890e-09 4.57957827e-09 1.03387385e-08 7.70028397e-09
 1.28364909e-08 1.94740092e-08 1.55821067e-08 3.76391496e-09
 3.66314423e-09 7.67694563e-09 3.45679441e-09 9.69311109e-09
 8.81334206e-09 2.66973410e-09 3.16712423e-09 1.88959116e-08
 1.03316095e-08 9.28602639e-09 5.55279978e-09 7.33755767e-09
 7.26168237e-09 6.74851508e-09 2.29760411e-09 1.23941025e-08
 1.32732110e-08 1.01616271e-08 5.81735227e-09 6.28720931e-09
 2.44947286e-08 1.85542310e-08 8.85491780e-09 4.57421856e-09
 5.09634923e-09 4.00689804e-09]","[1.e-05 1.e-05 1.e-05 1.e-05 1.e-05 1.e-05 1.e-05 1.e-05 1.e-05 1.e-05
 1.e-05 1.e-05 1.e-05 1.e-05 1.e-05 1.e-05 1.e-05 1.e-05 1.e-05 1.e-05
 1.e-05 1.e-05 1.e-05 1.e-05 1.e-05 1.e-05 1.e-05 1.e-05 1.e-05 1.e-05
 1.e-05 1.e-05 1.e-05 1.e-05 1.e-05 1.e-05 1.e-05 1.e-05 1.e-05 1.e-05
 1.e-05 1.e-05 1.e-05 1.e-05 1.e-05 1.e-05 1.e-05 1.e-05 1.e-05 1.e-05]","[1.e-05 1.e-05 1.e-05 1.e-05 1.e-05 1.e-05 1.e-05 1.e-05 1.e-05 1.e-05
 1.e-05 1.e-05 1.e-05 1.e-05 1.e-05 1.e-05 1.e-05 1.e-05 1.e-05 1.e-05
 1.e-05 1.e-05 1.e-05 1.e-05 1.e-05 1.e-05 1.e-05 1.e-05 1.e-05 1.e-05
 1.e-05 1.e-05 1.e-05 1.e-05 1.e-05 1.e-05 1.e-05 1.e-05 1.e-05 1.e-05
 1.e-05 1.e-05 1.e-05 1.e-05 1.e-05 1.e-05 1.e-05 1.e-05 1.e-05 1.e-05]","[0.18707587 0.21739369 0.22317185 0.20279763 0.20204362 0.19171985
 0.1986861  0.21205314 0.21272414 0.21948211 0.21574695 0.22346716
 0.19984303 0.2131808  0.20989444 0.22322123 0.2126371  0.19684921
 0.21172278 0.23136217 0.21375436 0.20750814 0.21083513 0.19705995
 0.19903739 0.22002325 0.19822135 0.19730422 0.19236166 0.21310201
 0.1999657  0.19876085 0.20760693 0.20889204 0.20371564 0.22161234
 0.20936331 0.2046029  0.20805417 0.21494914 0.20036098 0.20692279
 0.21061324 0.2221937  0.20480386 0.20971335 0.20048172 0.19823521
 0.21502067 0.21454873]","[0.28787597 0.27619787 0.26857698 0.28611066 0.27412697 0.28420945
 0.28467338 0.28452062 0.27308096 0.27403548 0.27626403 0.27960029
 0.27759635 0.27288817 0.27946373 0.28232705 0.27651573 0.27498059
 0.26231959 0.27898765 0.26386747 0.27591412 0.2730782  0.28008131
 0.2785666  0.25474391 0.26042389 0.27166165 0.27403881 0.26472483
 0.28385089 0.29913386 0.28572375 0.28786225 0.27305653 0.27976211
 0.27360354 0.27426332 0.26812241 0.29891556 0.27084811 0.26526165
 0.29457473 0.29572307 0.2886306  0.27560754 0.27774242 0.28759233
 0.26521271 0.27399607]","[9.43210571e-62 1.83132971e-83 5.49549989e-88 1.37175074e-72
 4.76109013e-72 7.37051183e-65 1.14510079e-69 2.15230157e-79
 6.71924519e-80 4.38936444e-85 3.38100658e-82 3.20277219e-88
 1.74994744e-70 3.03589555e-80 8.87481524e-78 5.02136683e-88
 7.81630798e-80 2.20830435e-68 3.81252817e-79 1.30676968e-94
 1.11641861e-80 5.17253802e-76 1.76362465e-78 1.57483523e-68
 6.48109200e-70 1.65921653e-85 2.42761416e-69 1.06378999e-68
 2.70328467e-65 3.48235453e-80 1.43297775e-70 1.01456211e-69
 4.37551839e-76 4.92453187e-77 2.99557439e-73 9.39533237e-87
 2.20263287e-77 6.83701937e-74 2.04913569e-76 1.37693924e-81
 7.51973359e-71 1.39179782e-75 2.58360931e-78 3.26859348e-87
 4.88815188e-74 1.21025773e-77 6.17368312e-71 2.37390164e-69
 1.21430093e-81 2.78042743e-81]","[3.10565650e-147 2.34596173e-135 6.87155634e-128 2.09772888e-145
 2.63936650e-133 1.89933852e-143 6.34439328e-144 9.10510767e-144
 2.82654323e-132 3.24893948e-133 2.01613569e-135 9.21053069e-139
 9.45778372e-137 4.37105231e-132 1.26432442e-138 1.59304194e-141
 1.13247620e-135 3.78455573e-134 6.32288082e-122 3.80971871e-138
 2.18582412e-123 4.49108869e-135 2.84423785e-132 3.01397486e-139
 1.00883403e-137 6.62009220e-115 3.78521479e-120 6.94624307e-131
 3.22443123e-133 3.35942398e-124 4.42661874e-143 3.44513134e-159
 5.26164378e-145 3.20938793e-147 2.98714749e-132 6.32666508e-139
 8.65618542e-133 1.93623662e-133 1.88522472e-127 5.93973337e-159
 4.31799950e-130 1.03648383e-124 2.74524591e-154 1.62834670e-155
 5.08541864e-148 9.05157874e-135 6.75604248e-137 6.12272025e-147
 1.15389167e-124 3.55302328e-133]","[0.01828706 0.03063953 0.03420961 0.0230304  0.02603269 0.0197134
 0.02470601 0.02726603 0.02722311 0.03096771 0.03257561 0.0328778
 0.03156745 0.02849495 0.03077722 0.03810954 0.02533197 0.021505
 0.02717257 0.03536797 0.02566659 0.02799261 0.02350843 0.01997578
 0.02801681 0.02674425 0.02578592 0.02250123 0.02479899 0.02457857
 0.02232993 0.02176738 0.0268966  0.02290392 0.02865219 0.02978361
 0.02815545 0.02329195 0.0308162  0.02837503 0.02693427 0.0289197
 0.026739   0.02900481 0.02725458 0.0252316  0.0213722  0.02186334
 0.02609181 0.0295397 ]","[0.06135726 0.04774094 0.04697049 0.0564394  0.05194545 0.05753779
 0.0536598  0.05667925 0.0503391  0.04906428 0.0482167  0.05373418
 0.04414296 0.05624878 0.05541885 0.05218315 0.05815077 0.05262256
 0.04842603 0.04897189 0.0481497  0.05047333 0.05155385 0.05974174
 0.04751933 0.05328345 0.05073202 0.05240881 0.04794395 0.05075681
 0.05545866 0.06066823 0.05417717 0.06353438 0.0498085  0.05723631
 0.05028439 0.05301201 0.04278481 0.06052566 0.04629147 0.0457443
 0.06574488 0.05861199 0.05776536 0.05982077 0.05542278 0.0598979
 0.051476   0.05190933]","[0.09956591 0.13183869 0.1374108  0.10917284 0.11970604 0.10157471
 0.11268619 0.12371883 0.11994393 0.12827615 0.13294567 0.13257406
 0.13310198 0.11755297 0.13264696 0.13962002 0.11852353 0.11019336
 0.12062725 0.13734031 0.11719349 0.11974705 0.11249115 0.10035306
 0.12376675 0.12531933 0.11820181 0.10968034 0.11658409 0.11679282
 0.1089057  0.10576327 0.12238796 0.10421487 0.12566502 0.12210073
 0.12387743 0.11215513 0.12752524 0.12131259 0.1248442  0.13158977
 0.11545899 0.12597112 0.1220466  0.11265143 0.10834835 0.11059259
 0.11545575 0.12839926]","[0.18399987 0.16415084 0.16532286 0.18126856 0.17096902 0.1830344
 0.17366584 0.18203936 0.16684305 0.16295821 0.16459483 0.17672095
 0.1553586  0.17825311 0.17765391 0.17077385 0.18232232 0.17757434
 0.16417661 0.16727282 0.16483518 0.16845509 0.16760844 0.1834816
 0.16257311 0.17487134 0.16780552 0.17289483 0.16691952 0.17174749
 0.17841991 0.18397311 0.17630999 0.18906449 0.16710402 0.17753597
 0.16924478 0.17520207 0.15413286 0.18538919 0.16326826 0.16114841
 0.19064288 0.18313601 0.18181171 0.1868663  0.17818389 0.1825013
 0.17340068 0.17048222]",5.191828127868898e-35,4.525267505184553e-58,3.605821910491726e-34,3.016363520060872e-57,3.763895877195722e-09,8.521825107798975e-09,2.6598687861621893e-09,5.049686234939039e-09,1e-05,1e-05,0.0,0.0,0.20829395210266113,0.27741871495723724,0.009463640579639006,0.009456181624764384,0.026826961040496825,0.05325175046920776,0.004103946568128179,0.005135462834251875,0.11976832140006827,0.17355927068951543,0.009861775459246658,0.008665337210041238
df3,0.2,-1.0,0.2,"[2.19550867e-43 2.05945159e-42 6.63610190e-38 7.65993218e-57
 2.91986566e-41 4.19874897e-36 9.44810349e-40 2.05945159e-42
 3.44263650e-43 8.02241615e-39 1.64306603e-50 1.21147719e-41
 1.67491922e-40 4.80962056e-35 1.42774613e-35 9.14645852e-45
 3.71348188e-27 2.27983976e-44 5.00547265e-42 8.47828272e-32
 1.39869353e-43 3.44263650e-43 6.32047121e-36 1.87374272e-38
 3.44263650e-43 4.80962056e-35 3.27921374e-48 4.19874897e-36
 1.67491922e-40 1.00942344e-37 5.58403660e-47 2.66678482e-31
 2.78636314e-36 2.32827146e-37 4.80962056e-35 9.15418035e-46
 3.21237555e-42 1.21147719e-41 2.91986566e-41 9.44810349e-40
 3.65403168e-45 2.27983976e-44 1.22668930e-38 3.65403168e-45
 2.67335366e-50 9.44810349e-40 4.52588482e-41 2.32827146e-37
 9.44810349e-40 1.31892718e-42]","[1.08402131e-071 4.92403790e-075 2.14384629e-077 5.73909492e-073
 9.71516714e-074 1.05170761e-066 8.54149129e-080 3.40157297e-067
 3.71514939e-084 2.14384629e-077 1.03791356e-084 8.81591837e-090
 1.99260921e-070 3.17823276e-073 1.99260921e-070 1.03520885e-072
 2.21472141e-104 1.03791356e-084 3.71514939e-084 1.09249502e-081
 1.03520885e-072 2.42847792e-076 1.05170761e-066 1.84628285e-066
 2.14384629e-077 2.49517973e-083 1.16538558e-077 2.04313811e-081
 1.12821388e-069 3.48503975e-071 2.34155676e-088 2.64763111e-095
 3.48503975e-071 2.42847792e-076 7.99410344e-086 5.36256123e-074
 1.85969560e-078 3.43236847e-078 1.16538558e-077 1.32395344e-083
 5.73909492e-073 1.21792979e-088 2.34155676e-088 1.32395344e-083
 1.58514471e-079 2.49517973e-083 1.93137901e-067 6.03593190e-072
 1.58514471e-079 3.55535840e-070]","[2.19550867e-43 2.05945159e-42 6.63610190e-38 7.65993218e-57
 2.91986566e-41 4.19874897e-36 9.44810349e-40 2.05945159e-42
 3.44263650e-43 8.02241615e-39 1.64306603e-50 1.21147719e-41
 1.67491922e-40 4.80962056e-35 1.42774613e-35 9.14645852e-45
 3.71348188e-27 2.27983976e-44 5.00547265e-42 8.47828272e-32
 1.39869353e-43 3.44263650e-43 6.32047121e-36 1.87374272e-38
 3.44263650e-43 4.80962056e-35 3.27921374e-48 4.19874897e-36
 1.67491922e-40 1.00942344e-37 5.58403660e-47 2.66678482e-31
 2.78636314e-36 2.32827146e-37 4.80962056e-35 9.15418035e-46
 3.21237555e-42 1.21147719e-41 2.91986566e-41 9.44810349e-40
 3.65403168e-45 2.27983976e-44 1.22668930e-38 3.65403168e-45
 2.67335366e-50 9.44810349e-40 4.52588482e-41 2.32827146e-37
 9.44810349e-40 1.31892718e-42]","[1.08402131e-071 4.92403790e-075 2.14384629e-077 5.73909492e-073
 9.71516714e-074 1.05170761e-066 8.54149129e-080 3.40157297e-067
 3.71514939e-084 2.14384629e-077 1.03791356e-084 8.81591837e-090
 1.99260921e-070 3.17823276e-073 1.99260921e-070 1.03520885e-072
 2.21472141e-104 1.03791356e-084 3.71514939e-084 1.09249502e-081
 1.03520885e-072 2.42847792e-076 1.05170761e-066 1.84628285e-066
 2.14384629e-077 2.49517973e-083 1.16538558e-077 2.04313811e-081
 1.12821388e-069 3.48503975e-071 2.34155676e-088 2.64763111e-095
 3.48503975e-071 2.42847792e-076 7.99410344e-086 5.36256123e-074
 1.85969560e-078 3.43236847e-078 1.16538558e-077 1.32395344e-083
 5.73909492e-073 1.21792979e-088 2.34155676e-088 1.32395344e-083
 1.58514471e-079 2.49517973e-083 1.93137901e-067 6.03593190e-072
 1.58514471e-079 3.55535840e-070]","[8.87909846e-09 7.69723441e-09 2.85481094e-09 3.61761010e-09
 5.46861556e-10 2.24255325e-09 1.84125759e-09 9.37703359e-10
 8.88803808e-09 1.00926112e-09 2.25536501e-09 7.16634418e-09
 3.54763463e-09 2.17897478e-09 4.37870185e-10 7.94431854e-10
 8.35324698e-10 7.11841808e-10 5.66929270e-09 2.97439517e-10
 1.57971225e-09 3.91805677e-09 3.73929887e-10 6.62343291e-10
 2.45798371e-09 5.76190318e-10 7.88006138e-09 2.19193852e-09
 1.11415877e-09 7.67756636e-10 2.52225596e-09 2.51716981e-10
 1.46762524e-09 8.18853652e-10 2.65878475e-09 9.17864451e-10
 1.41701240e-09 3.28555594e-09 6.88341051e-09 1.96373662e-09
 1.30199496e-09 5.80504245e-09 3.56914942e-10 2.76908974e-09
 1.35687150e-09 5.72177949e-09 2.69133771e-09 5.34861377e-10
 5.75357983e-10 5.20979215e-09]","[1.74645793e-08 1.71075113e-08 5.40908229e-09 1.61518768e-08
 2.01718101e-08 8.55081850e-09 1.26311051e-08 3.66465069e-09
 2.34616485e-08 8.19369850e-09 1.51817879e-08 1.24760302e-08
 8.49398407e-09 1.41162350e-08 1.00578275e-08 8.59287608e-09
 1.93381394e-08 6.45451592e-09 1.49928355e-08 9.08254427e-09
 1.45061299e-08 4.88865548e-09 3.69004405e-09 1.78700779e-08
 1.50933360e-08 6.91078250e-09 5.25432875e-09 6.24648566e-09
 7.65860475e-09 1.55956346e-08 2.33593234e-08 8.12720014e-09
 2.01337480e-08 1.06285158e-08 8.36640235e-09 4.94916574e-09
 1.19190917e-08 8.21421697e-09 4.94497154e-09 1.24265001e-08
 1.05850081e-08 5.53649682e-09 2.45759643e-08 1.92772023e-08
 2.10763969e-08 1.43368649e-08 1.29765612e-08 8.29989533e-09
 6.03957206e-09 1.15379095e-08]","[1.e-05 1.e-05 1.e-05 1.e-05 1.e-05 1.e-05 1.e-05 1.e-05 1.e-05 1.e-05
 1.e-05 1.e-05 1.e-05 1.e-05 1.e-05 1.e-05 1.e-05 1.e-05 1.e-05 1.e-05
 1.e-05 1.e-05 1.e-05 1.e-05 1.e-05 1.e-05 1.e-05 1.e-05 1.e-05 1.e-05
 1.e-05 1.e-05 1.e-05 1.e-05 1.e-05 1.e-05 1.e-05 1.e-05 1.e-05 1.e-05
 1.e-05 1.e-05 1.e-05 1.e-05 1.e-05 1.e-05 1.e-05 1.e-05 1.e-05 1.e-05]","[1.e-05 1.e-05 1.e-05 1.e-05 1.e-05 1.e-05 1.e-05 1.e-05 1.e-05 1.e-05
 1.e-05 1.e-05 1.e-05 1.e-05 1.e-05 1.e-05 1.e-05 1.e-05 1.e-05 1.e-05
 1.e-05 1.e-05 1.e-05 1.e-05 1.e-05 1.e-05 1.e-05 1.e-05 1.e-05 1.e-05
 1.e-05 1.e-05 1.e-05 1.e-05 1.e-05 1.e-05 1.e-05 1.e-05 1.e-05 1.e-05
 1.e-05 1.e-05 1.e-05 1.e-05 1.e-05 1.e-05 1.e-05 1.e-05 1.e-05 1.e-05]","[0.20366011 0.21334988 0.19298913 0.23424489 0.18006479 0.19946403
 0.19119733 0.20764037 0.20021884 0.19450303 0.20616926 0.19838824
 0.19696739 0.18388449 0.19882191 0.2125913  0.16537902 0.20274082
 0.20568826 0.19109758 0.19120178 0.20306416 0.19008255 0.19998951
 0.19987974 0.20018047 0.207595   0.18571639 0.1970604  0.1970921
 0.20914216 0.18161164 0.18969502 0.19809897 0.18713673 0.20273401
 0.20068221 0.20267169 0.19426404 0.20459699 0.20311524 0.20429855
 0.19260489 0.20762187 0.20268456 0.19884486 0.20466297 0.18398012
 0.20177731 0.18526361]","[0.28879407 0.29530098 0.30443123 0.29707887 0.29123132 0.28918242
 0.29526168 0.28008374 0.30430729 0.29145927 0.28641705 0.30248868
 0.28729971 0.29122698 0.2898858  0.27685714 0.31268596 0.29107618
 0.30695013 0.29878417 0.27442904 0.30746481 0.28533851 0.2794482
 0.28721728 0.29360075 0.28472083 0.2958638  0.28277633 0.28120728
 0.30150134 0.30409311 0.28060486 0.29154706 0.29047666 0.29440895
 0.29566363 0.29751522 0.29373665 0.29383966 0.27929656 0.30823415
 0.29484638 0.30544312 0.29423021 0.2994293  0.28912711 0.2918014
 0.28405396 0.2801941 ]","[3.28501664e-73 2.26119067e-80 1.01056970e-65 5.31125989e-97
 3.28577088e-57 3.24206651e-70 1.66351233e-64 4.13448607e-76
 9.48344354e-71 9.28168879e-67 4.95568933e-75 1.85391623e-69
 1.82700681e-68 1.15950492e-59 9.19028121e-70 8.46341862e-80
 2.83682923e-48 1.50682939e-72 1.11190610e-74 1.94267009e-64
 1.65202142e-64 8.82557382e-73 9.37421166e-64 1.37842474e-70
 1.64839332e-70 1.00961000e-70 4.46485496e-76 7.40134087e-61
 1.57371348e-68 1.49564006e-68 3.21378747e-77 3.38767071e-58
 1.70573701e-63 2.95793027e-69 8.59808642e-62 1.52389083e-72
 4.44836065e-71 1.68923568e-72 1.35482198e-66 6.90482750e-74
 8.10965025e-73 1.13574800e-73 1.84679774e-65 4.26612415e-76
 1.65367150e-72 8.85490657e-70 6.18477150e-74 1.00505917e-59
 7.38046000e-72 1.46486342e-60]","[3.43408593e-148 4.60565787e-155 5.48503846e-165 5.70932152e-157
 9.57308707e-151 1.34988735e-148 5.07327051e-155 2.99696025e-139
 7.51808974e-165 5.50706982e-151 1.01174491e-145 7.55452937e-163
 1.23234217e-146 9.67435131e-151 2.47921334e-149 5.17435578e-136
 3.03651022e-174 1.39431865e-150 8.77468036e-168 8.24226888e-159
 1.32842016e-133 2.33801054e-168 1.31278764e-144 1.31066908e-138
 1.50054391e-146 2.98586424e-153 5.67069989e-144 1.15089400e-155
 5.55092656e-142 2.18769887e-140 9.11350377e-162 1.29591585e-164
 8.91395895e-140 4.45029289e-151 5.95080532e-150 4.12349583e-154
 1.88527742e-155 1.93519889e-157 2.14129355e-153 1.66409299e-153
 1.86277598e-138 3.22320213e-169 1.40872918e-154 4.15924152e-166
 6.39201084e-154 1.64728205e-159 1.54200986e-148 2.39955681e-151
 2.74167848e-143 2.31872828e-139]","[0.02155101 0.02111471 0.02226233 0.0347631  0.01938188 0.02579165
 0.02597702 0.02600873 0.02440965 0.02304697 0.02395225 0.02256346
 0.02211273 0.02013481 0.01810765 0.02862597 0.01579762 0.02837884
 0.02689421 0.02113962 0.02395785 0.02260315 0.02023804 0.02120829
 0.01984131 0.02030575 0.02715635 0.0174737  0.02194631 0.02282166
 0.02250493 0.01944184 0.02923429 0.02337742 0.02066433 0.02134693
 0.02360284 0.02521729 0.0237422  0.02604628 0.02507699 0.02703154
 0.02318192 0.02489829 0.02441382 0.01961601 0.02353847 0.01967502
 0.02573633 0.01935267]","[0.06444573 0.06961811 0.06400466 0.05829465 0.06029844 0.05949593
 0.0535748  0.05448174 0.06101537 0.05856431 0.0614326  0.06347513
 0.06043983 0.0621326  0.06618381 0.04881644 0.06025183 0.05476809
 0.06219804 0.06230962 0.05319738 0.06732833 0.06187117 0.06230915
 0.06203032 0.06242621 0.05906093 0.0658325  0.05968535 0.0568583
 0.06585169 0.06397247 0.05219114 0.06110549 0.0620997  0.06558609
 0.05978775 0.0593667  0.05852783 0.06262302 0.04986632 0.05789697
 0.06354105 0.06710458 0.0660311  0.06798232 0.06252086 0.06728411
 0.05446446 0.05387414]","[0.10590448 0.10316693 0.10609269 0.13632414 0.09982816 0.11235547
 0.11942877 0.11808841 0.11501879 0.1107297  0.1123113  0.11185121
 0.10756946 0.09965548 0.10051558 0.12290036 0.09396291 0.12507527
 0.11703259 0.10264821 0.10568214 0.10391539 0.10199956 0.1030524
 0.09765986 0.10174409 0.11605393 0.09055378 0.10342721 0.11283649
 0.10826552 0.1015326  0.12230827 0.11568283 0.10428138 0.1066488
 0.11066961 0.11510356 0.11306605 0.11784424 0.11760956 0.12349729
 0.10735186 0.11129379 0.11068657 0.09965279 0.10939551 0.10051132
 0.11832573 0.10318417]","[0.19348728 0.20272902 0.19016385 0.18173657 0.18626089 0.18353252
 0.17595078 0.17471763 0.18677017 0.18656217 0.19173136 0.19272609
 0.18730765 0.18670755 0.19574012 0.16659988 0.18655616 0.17826129
 0.18894439 0.18748052 0.17400648 0.19433746 0.1857752  0.19028597
 0.18980109 0.18552915 0.1841055  0.19494627 0.186822   0.17767926
 0.1943945  0.19088955 0.16983919 0.18791371 0.18894816 0.19520085
 0.18905289 0.18458603 0.18213739 0.18760342 0.16979411 0.18207612
 0.18950624 0.19712403 0.19769681 0.19855955 0.18909525 0.19729401
 0.17329269 0.17731141]",7.427667036174387e-29,8.969931603764931e-68,5.198864599819142e-28,3.277697511733533e-67,2.6488187709894363e-09,1.193237286978288e-08,2.4234691378692886e-09,5.646230836925114e-09,1e-05,1e-05,0.0,0.0,0.1981282040309906,0.29245825868129727,0.010457200966523245,0.00889299439517459,0.023145320415496825,0.06076158285140991,0.003383855421903028,0.004724391242805756,0.10948592422577441,0.1865914039101676,0.008752510393631232,0.007969891709677511
df3,0.25,-1.0,0.25,"[6.14029324e-40 3.59372037e-44 3.21175996e-35 7.88918156e-34
 8.09234334e-37 1.22324939e-36 1.00942344e-37 9.15418035e-46
 3.59372037e-44 3.89924968e-31 8.90129708e-44 5.34786658e-37
 2.91986566e-41 4.35811909e-38 2.14251154e-35 2.85911373e-38
 1.67491922e-40 7.00791465e-41 2.58531714e-40 5.30672790e-34
 9.50443824e-36 6.14029324e-40 1.84715262e-36 1.08397407e-40
 5.41174667e-30 6.32047121e-36 1.53384053e-37 8.43789069e-43
 2.32827146e-37 1.67491922e-40 7.19492833e-35 2.32827146e-37
 4.85066545e-49 8.09234334e-37 2.58531714e-40 8.02241615e-39
 2.57596005e-33 2.85911373e-38 1.22979552e-32 3.21237555e-42
 3.42045584e-39 3.81363460e-33 9.44810349e-40 1.17161696e-33
 3.53047956e-37 1.81313081e-32 4.52588482e-41 5.30672790e-34
 5.34786658e-37 3.53047956e-37]","[4.19972342e-086 2.49517973e-083 5.30232749e-105 4.69733763e-083
 1.70247332e-089 8.81591837e-090 1.74357044e-099 5.44137500e-079
 1.09249502e-081 2.14384629e-077 4.44304977e-076 3.16384036e-087
 1.21599162e-090 1.03520885e-072 5.88045765e-093 7.99410344e-086
 1.16538558e-077 1.00649935e-078 8.11994820e-076 4.56007306e-090
 2.21472141e-104 3.00462961e-093 1.34076199e-095 4.19972342e-086
 1.30265891e-101 1.70247332e-089 3.81678704e-081 4.59749627e-080
 7.23127196e-077 1.21599162e-090 1.16538558e-077 3.55535840e-070
 1.34076199e-095 1.21792979e-088 5.47688639e-085 2.24489973e-092
 6.26880529e-091 3.98124764e-094 8.81591837e-090 1.96475612e-084
 3.81174187e-103 1.09249502e-081 8.53187607e-092 3.28405359e-089
 1.65295008e-087 4.56007306e-090 1.75814506e-073 1.09249502e-081
 3.16384036e-087 1.03520885e-072]","[6.14029324e-40 3.59372037e-44 3.21175996e-35 7.88918156e-34
 8.09234334e-37 1.22324939e-36 1.00942344e-37 9.15418035e-46
 3.59372037e-44 3.89924968e-31 8.90129708e-44 5.34786658e-37
 2.91986566e-41 4.35811909e-38 2.14251154e-35 2.85911373e-38
 1.67491922e-40 7.00791465e-41 2.58531714e-40 5.30672790e-34
 9.50443824e-36 6.14029324e-40 1.84715262e-36 1.08397407e-40
 5.41174667e-30 6.32047121e-36 1.53384053e-37 8.43789069e-43
 2.32827146e-37 1.67491922e-40 7.19492833e-35 2.32827146e-37
 4.85066545e-49 8.09234334e-37 2.58531714e-40 8.02241615e-39
 2.57596005e-33 2.85911373e-38 1.22979552e-32 3.21237555e-42
 3.42045584e-39 3.81363460e-33 9.44810349e-40 1.17161696e-33
 3.53047956e-37 1.81313081e-32 4.52588482e-41 5.30672790e-34
 5.34786658e-37 3.53047956e-37]","[4.19972342e-086 2.49517973e-083 5.30232749e-105 4.69733763e-083
 1.70247332e-089 8.81591837e-090 1.74357044e-099 5.44137500e-079
 1.09249502e-081 2.14384629e-077 4.44304977e-076 3.16384036e-087
 1.21599162e-090 1.03520885e-072 5.88045765e-093 7.99410344e-086
 1.16538558e-077 1.00649935e-078 8.11994820e-076 4.56007306e-090
 2.21472141e-104 3.00462961e-093 1.34076199e-095 4.19972342e-086
 1.30265891e-101 1.70247332e-089 3.81678704e-081 4.59749627e-080
 7.23127196e-077 1.21599162e-090 1.16538558e-077 3.55535840e-070
 1.34076199e-095 1.21792979e-088 5.47688639e-085 2.24489973e-092
 6.26880529e-091 3.98124764e-094 8.81591837e-090 1.96475612e-084
 3.81174187e-103 1.09249502e-081 8.53187607e-092 3.28405359e-089
 1.65295008e-087 4.56007306e-090 1.75814506e-073 1.09249502e-081
 3.16384036e-087 1.03520885e-072]","[3.94737487e-09 4.57113680e-09 8.50160276e-10 3.92978428e-10
 4.08606260e-10 4.43612036e-10 2.25231844e-09 8.94413432e-09
 4.04640610e-09 2.35918751e-09 6.57313193e-09 1.68300007e-09
 2.00052752e-09 1.02776265e-09 5.16508791e-09 1.89175486e-09
 4.66990457e-09 3.86618459e-09 3.15462112e-09 9.10671094e-10
 3.99733491e-09 3.43353346e-10 7.65439712e-10 1.52551316e-09
 1.36274814e-09 1.12394893e-09 3.83018495e-09 5.17559995e-09
 1.85610682e-09 1.07688336e-09 2.48899024e-09 3.77008536e-10
 2.23287766e-09 1.48400092e-09 1.90320315e-09 1.60391656e-09
 2.96427105e-10 4.09120848e-10 2.94883895e-10 2.38055531e-09
 3.69276099e-09 1.74059778e-09 4.09124468e-09 4.77771489e-09
 2.65165268e-09 1.68144720e-10 4.20649149e-09 6.49731047e-10
 3.14257342e-09 9.75920789e-10]","[5.74533454e-09 2.53357506e-08 1.00156665e-08 1.14774912e-08
 1.78262674e-08 1.27159193e-08 2.00040251e-08 1.83875078e-08
 1.31800696e-08 1.18455105e-08 4.93524555e-09 8.51697901e-09
 1.20805739e-08 6.13112827e-09 1.29472741e-08 1.28797698e-08
 7.69438513e-09 9.88548365e-09 7.42125439e-09 9.16558396e-09
 1.50973074e-08 1.44898700e-08 2.65331808e-08 1.93572082e-08
 1.01005331e-08 2.49304435e-08 1.00913101e-08 1.71639599e-08
 8.25542601e-09 6.87501089e-09 1.54941646e-08 1.28256828e-08
 8.71370276e-09 1.50098531e-08 1.46753684e-08 1.21530271e-08
 6.58524368e-09 2.65610169e-08 8.30365676e-09 1.73104201e-08
 2.73312255e-08 1.24275924e-08 8.13308432e-09 6.96630365e-09
 6.92319135e-09 1.62211130e-08 4.84513984e-09 1.93908222e-08
 2.20264833e-08 7.94558286e-09]","[1.e-05 1.e-05 1.e-05 1.e-05 1.e-05 1.e-05 1.e-05 1.e-05 1.e-05 1.e-05
 1.e-05 1.e-05 1.e-05 1.e-05 1.e-05 1.e-05 1.e-05 1.e-05 1.e-05 1.e-05
 1.e-05 1.e-05 1.e-05 1.e-05 1.e-05 1.e-05 1.e-05 1.e-05 1.e-05 1.e-05
 1.e-05 1.e-05 1.e-05 1.e-05 1.e-05 1.e-05 1.e-05 1.e-05 1.e-05 1.e-05
 1.e-05 1.e-05 1.e-05 1.e-05 1.e-05 1.e-05 1.e-05 1.e-05 1.e-05 1.e-05]","[1.e-05 1.e-05 1.e-05 1.e-05 1.e-05 1.e-05 1.e-05 1.e-05 1.e-05 1.e-05
 1.e-05 1.e-05 1.e-05 1.e-05 1.e-05 1.e-05 1.e-05 1.e-05 1.e-05 1.e-05
 1.e-05 1.e-05 1.e-05 1.e-05 1.e-05 1.e-05 1.e-05 1.e-05 1.e-05 1.e-05
 1.e-05 1.e-05 1.e-05 1.e-05 1.e-05 1.e-05 1.e-05 1.e-05 1.e-05 1.e-05
 1.e-05 1.e-05 1.e-05 1.e-05 1.e-05 1.e-05 1.e-05 1.e-05 1.e-05 1.e-05]","[0.19185171 0.19700179 0.17144395 0.17506022 0.18739844 0.17772118
 0.18201703 0.19715175 0.20456562 0.1903281  0.17448229 0.17731825
 0.1992003  0.19032533 0.18279822 0.18315622 0.18947329 0.18535123
 0.19354348 0.19335344 0.19534822 0.19705638 0.18696731 0.19066884
 0.17407659 0.19194482 0.1920657  0.19440684 0.1990517  0.18861336
 0.19036176 0.19510292 0.19754199 0.1869621  0.19825925 0.18859395
 0.17918063 0.18729214 0.18119379 0.1909745  0.18754088 0.19075372
 0.20163203 0.17483106 0.19036048 0.18682501 0.18749345 0.19098635
 0.18612682 0.18934953]","[0.31071786 0.31170422 0.32534435 0.30533175 0.29815456 0.30623955
 0.32677673 0.29533977 0.32390776 0.30596826 0.29495582 0.30596999
 0.31546296 0.31193922 0.30358778 0.29778285 0.31047205 0.29863768
 0.30118312 0.31665008 0.32724487 0.30921874 0.32589944 0.30694418
 0.33458021 0.31546207 0.3180826  0.29659039 0.31320959 0.31806935
 0.29648542 0.29723732 0.3116639  0.31683004 0.30636496 0.32260715
 0.32304827 0.31764997 0.31515156 0.3129283  0.32198067 0.30094157
 0.30879694 0.31539685 0.32083386 0.31983039 0.29832239 0.2945234
 0.30423468 0.29517434]","[5.99964450e-65 1.72891631e-68 7.19333484e-52 4.46235647e-54
 5.77212760e-62 9.88724589e-56 1.86150993e-58 1.35902605e-68
 7.27580265e-74 6.41097018e-64 1.01276742e-53 1.76706226e-55
 4.97574652e-70 6.43854913e-64 5.84907393e-59 3.43505402e-59
 2.40109538e-63 1.28374148e-60 4.22511322e-66 5.69903104e-66
 2.42701318e-67 1.58389857e-68 1.11250269e-61 3.78074533e-64
 1.79745318e-53 5.18775172e-65 4.29485019e-65 1.08084922e-66
 6.33241495e-70 9.00836993e-63 6.08530532e-64 3.58440378e-67
 7.25765133e-69 1.12135094e-61 2.28351202e-69 9.28052905e-63
 1.19327545e-56 6.78667408e-62 6.27057028e-58 2.35226963e-64
 4.64554344e-62 3.31421519e-64 9.37196737e-72 6.17805497e-54
 6.09746408e-64 1.38107072e-61 4.99394283e-62 2.30932922e-64
 3.98020119e-61 2.90551098e-63]","[5.17632035e-172 3.95831209e-173 5.72566052e-189 5.52716841e-166
 3.95299264e-158 5.42638425e-167 1.12453088e-190 4.18617275e-155
 2.89302227e-187 1.08664514e-166 1.07650856e-154 1.08186220e-166
 2.02852541e-177 2.14252751e-173 4.67493681e-164 9.95800291e-158
 9.80993443e-172 1.18740902e-158 2.02967277e-161 8.71817244e-179
 3.09983188e-191 2.53236179e-170 1.25127989e-189 8.90977999e-168
 4.03604648e-200 2.03329068e-177 1.92130975e-180 1.91294104e-156
 7.69166930e-175 1.99049969e-180 2.47981482e-156 3.85525689e-157
 4.39776993e-173 5.40419379e-179 3.93554259e-167 9.91834639e-186
 2.99609141e-186 6.09317591e-180 4.62141100e-177 1.60885286e-174
 5.41281933e-185 3.72490656e-161 7.53845339e-170 2.41618426e-177
 1.19793397e-183 1.78230554e-182 2.60365889e-158 3.11384523e-154
 9.04257544e-165 6.28970758e-155]","[0.02059042 0.02500558 0.01762283 0.01723695 0.01926506 0.01670802
 0.02121198 0.02656257 0.02719724 0.02502143 0.02179503 0.02037609
 0.02668262 0.01717162 0.02126467 0.01799643 0.01534259 0.01947141
 0.02058983 0.01839614 0.01866293 0.02491629 0.0260309  0.02337456
 0.01446545 0.01912594 0.01931942 0.02259445 0.0208931  0.01564765
 0.02295458 0.02097964 0.02065051 0.01854777 0.02310145 0.02003336
 0.01851606 0.02246988 0.01777506 0.02435517 0.02093983 0.02236903
 0.02265477 0.02065885 0.02167213 0.01880658 0.02199447 0.02247775
 0.01801002 0.02359092]","[0.06712747 0.06512702 0.07100344 0.06453884 0.06820416 0.0660218
 0.06824112 0.0595969  0.0627892  0.06733286 0.05975437 0.06807077
 0.06448042 0.07975781 0.06502807 0.06504238 0.0735352  0.0667671
 0.06468582 0.07577813 0.07634616 0.06270766 0.06350374 0.05885744
 0.07644701 0.06874609 0.07106256 0.05959833 0.07225621 0.07665622
 0.05846632 0.06580174 0.07069004 0.07129371 0.06616604 0.06879103
 0.06654477 0.06844974 0.07192075 0.06705964 0.06741726 0.06597877
 0.06597829 0.06453502 0.07363224 0.07037532 0.06091094 0.06548214
 0.0649184  0.06053102]","[0.1017492  0.11256667 0.09403856 0.09058151 0.10045774 0.08905168
 0.10277686 0.11775808 0.11707914 0.11265839 0.10300328 0.10409401
 0.11782466 0.08870505 0.10847574 0.09588397 0.08349337 0.09456956
 0.10512904 0.09573024 0.10094785 0.11643483 0.11802397 0.10944107
 0.08198343 0.09678666 0.10032621 0.10684137 0.10460527 0.08512201
 0.10947133 0.10157235 0.10316063 0.09661152 0.10853779 0.09872837
 0.09894863 0.10478058 0.09071251 0.10977334 0.10319739 0.10494999
 0.10665987 0.10381934 0.10368698 0.09743456 0.10099079 0.10494002
 0.09696673 0.11068729]","[0.1956814  0.19122611 0.19974179 0.19291834 0.20016214 0.19752506
 0.1964536  0.18449249 0.18774503 0.19762241 0.18488922 0.19681037
 0.1922666  0.21523283 0.19499061 0.19685195 0.20631633 0.19487336
 0.19780389 0.20949242 0.21168284 0.19107937 0.18933318 0.18631373
 0.21087042 0.20098274 0.20050909 0.182017   0.20538219 0.21014913
 0.18524138 0.1945059  0.20107647 0.20198008 0.19761993 0.19915182
 0.19618186 0.19877564 0.20405883 0.19390175 0.19562941 0.1971628
 0.19439225 0.19394315 0.20463657 0.20547103 0.18622844 0.19291972
 0.19463573 0.18837713]",1.1683321982044482e-31,7.155668938965124e-72,7.583804736377728e-31,4.976901198359968e-71,2.395669826960045e-09,1.3218562897598928e-08,1.859100608334329e-09,6.0422019475744e-09,1e-05,1e-05,0.0,0.0,0.18870207893371582,0.3106285954141617,0.007582068963048622,0.0102606674476389,0.020861940383911134,0.06728014945983887,0.0030075752227517174,0.0049167141927452945,0.10223538869259845,0.1969461113118706,0.008720935866068527,0.007473334093054686
df3,0.30000000000000004,-1.0,0.30000000000000004,"[4.80962056e-35 1.22324939e-36 1.13678721e-29 5.30672790e-34
 2.39934411e-25 2.27983976e-44 2.85911373e-38 8.33270257e-33
 3.53047956e-37 5.39250695e-43 1.22324939e-36 1.17161696e-33
 6.63610190e-38 1.13678721e-29 2.66678482e-31 1.17161696e-33
 1.17161696e-33 1.82198508e-31 2.78636314e-36 1.00942344e-37
 9.50443824e-36 4.80962056e-35 9.14645852e-45 3.81363460e-33
 1.81313081e-32 2.57596005e-33 6.63610190e-38 5.69539852e-31
 7.13959478e-29 1.07520219e-34 7.00791465e-41 2.39365688e-34
 1.60509935e-34 5.41174667e-30 7.84752977e-30 1.24351631e-31
 3.53047956e-37 2.39365688e-34 5.77449424e-32 8.31031105e-31
 4.95418960e-29 5.64011511e-33 8.33270257e-33 1.22668930e-38
 4.19874897e-36 3.81363460e-33 1.82198508e-31 1.51487883e-26
 1.82198508e-31 1.24351631e-31]","[3.81174187e-103 4.49681448e-088 6.26880529e-091 4.39057786e-097
 3.22816176e-091 2.04313811e-081 1.39799851e-098 7.81799073e-094
 2.88686263e-085 9.07714507e-109 1.34076199e-095 1.45786612e-106
 3.00462961e-093 4.69733763e-083 8.81591837e-090 8.71890126e-097
 2.79180826e-098 1.66051167e-091 4.69733763e-083 7.08090934e-107
 1.53350669e-093 3.22816176e-091 2.64763111e-095 2.64763111e-095
 5.30232749e-105 3.42673436e-096 1.66051167e-091 1.70247332e-089
 8.83329437e-083 3.71514939e-084 2.10514288e-109 1.00649935e-078
 5.30739252e-101 3.55535840e-070 1.66051167e-091 3.98124764e-094
 1.14959907e-092 1.74357044e-099 4.69733763e-083 4.56007306e-090
 3.43531867e-107 5.34499160e-111 2.99814789e-106 3.42673436e-096
 1.66865694e-117 1.66051167e-091 4.39057786e-097 1.66051167e-091
 2.63087943e-101 1.57064610e-102]","[4.80962056e-35 1.22324939e-36 1.13678721e-29 5.30672790e-34
 2.39934411e-25 2.27983976e-44 2.85911373e-38 8.33270257e-33
 3.53047956e-37 5.39250695e-43 1.22324939e-36 1.17161696e-33
 6.63610190e-38 1.13678721e-29 2.66678482e-31 1.17161696e-33
 1.17161696e-33 1.82198508e-31 2.78636314e-36 1.00942344e-37
 9.50443824e-36 4.80962056e-35 9.14645852e-45 3.81363460e-33
 1.81313081e-32 2.57596005e-33 6.63610190e-38 5.69539852e-31
 7.13959478e-29 1.07520219e-34 7.00791465e-41 2.39365688e-34
 1.60509935e-34 5.41174667e-30 7.84752977e-30 1.24351631e-31
 3.53047956e-37 2.39365688e-34 5.77449424e-32 8.31031105e-31
 4.95418960e-29 5.64011511e-33 8.33270257e-33 1.22668930e-38
 4.19874897e-36 3.81363460e-33 1.82198508e-31 1.51487883e-26
 1.82198508e-31 1.24351631e-31]","[3.81174187e-103 4.49681448e-088 6.26880529e-091 4.39057786e-097
 3.22816176e-091 2.04313811e-081 1.39799851e-098 7.81799073e-094
 2.88686263e-085 9.07714507e-109 1.34076199e-095 1.45786612e-106
 3.00462961e-093 4.69733763e-083 8.81591837e-090 8.71890126e-097
 2.79180826e-098 1.66051167e-091 4.69733763e-083 7.08090934e-107
 1.53350669e-093 3.22816176e-091 2.64763111e-095 2.64763111e-095
 5.30232749e-105 3.42673436e-096 1.66051167e-091 1.70247332e-089
 8.83329437e-083 3.71514939e-084 2.10514288e-109 1.00649935e-078
 5.30739252e-101 3.55535840e-070 1.66051167e-091 3.98124764e-094
 1.14959907e-092 1.74357044e-099 4.69733763e-083 4.56007306e-090
 3.43531867e-107 5.34499160e-111 2.99814789e-106 3.42673436e-096
 1.66865694e-117 1.66051167e-091 4.39057786e-097 1.66051167e-091
 2.63087943e-101 1.57064610e-102]","[1.09236009e-09 6.99448277e-10 5.39819411e-10 6.88113233e-10
 1.51303736e-09 3.90656330e-09 4.62923144e-10 2.96708680e-09
 3.81636955e-09 1.45358448e-09 1.43428602e-09 2.02958250e-09
 8.23398905e-10 2.57620081e-09 1.09911169e-09 1.50379165e-09
 4.82260565e-10 3.39059325e-09 2.10411633e-09 2.90572433e-09
 2.52142140e-09 1.02676034e-09 2.29417807e-09 6.53828547e-10
 1.24290833e-09 1.13861987e-09 3.88954258e-09 4.01247802e-09
 1.51677115e-10 1.28430389e-09 8.61282268e-10 6.49848730e-10
 5.51464308e-09 8.08848544e-10 9.72444125e-10 2.35915620e-10
 4.34326664e-09 3.70765418e-10 6.26883989e-10 2.27819497e-09
 3.93960198e-10 2.12420637e-10 8.16308354e-10 2.41881815e-09
 3.00177805e-09 4.41291115e-10 7.16706805e-10 1.22327926e-10
 1.96672012e-10 1.17826238e-09]","[7.79808806e-09 8.67892480e-09 2.24437429e-08 1.84853468e-08
 2.00685742e-08 1.55543233e-08 8.40573811e-09 7.22329985e-09
 2.46624432e-08 2.31456971e-08 7.15744153e-09 1.84791963e-08
 8.38362479e-09 1.82521700e-08 1.51668390e-08 6.92823043e-09
 2.65530524e-08 1.91179677e-08 1.18209453e-08 2.32026731e-08
 1.69753864e-08 1.24738890e-08 2.71810043e-08 9.08856712e-09
 2.42060465e-08 1.29737440e-08 2.32519939e-08 1.77000158e-08
 7.87061494e-09 5.53027812e-09 2.43994867e-08 6.28214003e-09
 1.04932061e-08 1.68287837e-08 1.53558642e-08 1.97765641e-08
 1.88997840e-08 6.80281698e-09 2.65224128e-08 6.42847509e-09
 3.16942460e-08 2.51557944e-08 3.09792459e-08 2.44188210e-08
 1.44185769e-08 6.46952281e-09 2.05585738e-08 1.19298678e-08
 1.28741392e-08 1.29237691e-08]","[1.e-05 1.e-05 1.e-05 1.e-05 1.e-05 1.e-05 1.e-05 1.e-05 1.e-05 1.e-05
 1.e-05 1.e-05 1.e-05 1.e-05 1.e-05 1.e-05 1.e-05 1.e-05 1.e-05 1.e-05
 1.e-05 1.e-05 1.e-05 1.e-05 1.e-05 1.e-05 1.e-05 1.e-05 1.e-05 1.e-05
 1.e-05 1.e-05 1.e-05 1.e-05 1.e-05 1.e-05 1.e-05 1.e-05 1.e-05 1.e-05
 1.e-05 1.e-05 1.e-05 1.e-05 1.e-05 1.e-05 1.e-05 1.e-05 1.e-05 1.e-05]","[1.e-05 1.e-05 1.e-05 1.e-05 1.e-05 1.e-05 1.e-05 1.e-05 1.e-05 1.e-05
 1.e-05 1.e-05 1.e-05 1.e-05 1.e-05 1.e-05 1.e-05 1.e-05 1.e-05 1.e-05
 1.e-05 1.e-05 1.e-05 1.e-05 1.e-05 1.e-05 1.e-05 1.e-05 1.e-05 1.e-05
 1.e-05 1.e-05 1.e-05 1.e-05 1.e-05 1.e-05 1.e-05 1.e-05 1.e-05 1.e-05
 1.e-05 1.e-05 1.e-05 1.e-05 1.e-05 1.e-05 1.e-05 1.e-05 1.e-05 1.e-05]","[0.17511242 0.17512126 0.17223303 0.1812765  0.15676191 0.19378247
 0.18468011 0.17238521 0.18647235 0.20042615 0.18286325 0.18577527
 0.17720578 0.17255507 0.18463645 0.18205718 0.18638285 0.18367522
 0.19648317 0.1908603  0.16705068 0.17976596 0.20009984 0.18415314
 0.17206784 0.17345281 0.18650533 0.17612738 0.15976189 0.19412135
 0.19574486 0.1656846  0.17546387 0.17476218 0.17365394 0.1837938
 0.18402267 0.17393391 0.17778952 0.17673165 0.16095458 0.18267817
 0.17859845 0.19439861 0.19145675 0.17923316 0.17758604 0.16099107
 0.18849078 0.17703529]","[0.32409287 0.32077247 0.33493067 0.33337582 0.32941019 0.30108654
 0.33448556 0.32570937 0.31706558 0.32772522 0.31681183 0.33773656
 0.31020196 0.30458546 0.31213868 0.32415076 0.32167606 0.31467125
 0.31194385 0.34046874 0.32650148 0.32623829 0.32159362 0.33202817
 0.32004418 0.32080096 0.32070108 0.32989196 0.31412022 0.32073108
 0.3402286  0.30463988 0.33384919 0.29825797 0.31273348 0.31273032
 0.33037933 0.32335904 0.31694308 0.31658507 0.34012753 0.31793532
 0.33100713 0.33013841 0.33016197 0.33277816 0.32606948 0.31808259
 0.33398284 0.33664715]","[4.14337394e-54 4.09166954e-54 2.39502316e-52 5.55164466e-58
 2.15744971e-43 2.89880634e-66 3.52193554e-60 1.93615361e-52
 2.35846215e-61 6.76044365e-71 5.31051382e-59 6.77173536e-61
 2.07747180e-55 1.52665777e-52 3.76042928e-60 1.75420059e-58
 2.70109238e-61 1.58490718e-59 3.96907371e-68 2.80882358e-64
 2.98511572e-49 5.08463353e-57 1.15152409e-70 7.75880030e-60
 3.01634574e-52 4.33081215e-53 2.24341983e-61 9.75269107e-55
 4.62312857e-45 1.69765647e-66 1.29057238e-67 1.88291572e-48
 2.51329913e-54 6.81205485e-54 3.26270738e-53 1.32774434e-59
 9.43108084e-60 2.19855107e-53 8.95871485e-56 4.10514304e-55
 9.82663317e-46 6.99026799e-59 2.77968023e-56 1.09502265e-66
 1.11077927e-64 1.10545468e-56 1.20148311e-55 9.37020994e-46
 1.08712469e-62 2.65456024e-55]","[1.74706741e-187 1.41348770e-183 1.49952495e-200 1.20191645e-198
 7.78411571e-194 2.58755202e-161 5.27220711e-200 2.10692162e-189
 2.88878681e-179 8.24465954e-192 5.67230651e-179 5.18941925e-204
 1.97901427e-171 3.70428753e-165 1.27201597e-173 1.49204859e-187
 1.23366729e-184 1.64272203e-176 2.11678499e-173 2.06163158e-207
 2.39669868e-190 4.93810616e-190 1.54159135e-184 5.27359455e-197
 1.00349681e-182 1.30902855e-183 1.71327168e-183 2.04229239e-194
 7.01947440e-176 1.58021278e-183 4.11486873e-207 3.22504926e-165
 3.17157454e-199 3.05634752e-158 2.68101116e-174 2.70329483e-174
 5.26377956e-195 1.28773822e-186 4.00142160e-179 1.03614017e-178
 5.50307156e-207 2.84657841e-180 9.14964574e-196 1.02916260e-194
 9.63876265e-195 6.44303020e-198 7.84849719e-190 1.92138068e-180
 2.17644990e-199 1.15516849e-202]","[0.01755381 0.01752698 0.01799726 0.01762903 0.01133263 0.02635968
 0.02390146 0.01701248 0.01489556 0.02115083 0.02107954 0.01786923
 0.01364899 0.01208532 0.02150774 0.0215919  0.02068269 0.0169214
 0.02186024 0.01990986 0.01426876 0.01882958 0.02449596 0.02088141
 0.01644111 0.01905119 0.01856279 0.02005875 0.01363921 0.02433932
 0.02103257 0.01483011 0.01696277 0.01562965 0.0156635  0.02266502
 0.0229522  0.0156424  0.01552403 0.0177139  0.01471138 0.02135444
 0.01950443 0.02144575 0.02194381 0.01977003 0.01459241 0.01590884
 0.02306724 0.01498079]","[0.07989275 0.07106292 0.07795763 0.08444929 0.0767256  0.0596329
 0.07297361 0.07663512 0.0772413  0.07512343 0.06881952 0.08376038
 0.07011259 0.0726192  0.06523764 0.07182813 0.06751788 0.07645488
 0.06858027 0.08220744 0.07980978 0.07485092 0.07200205 0.07159507
 0.07428765 0.06990886 0.07122505 0.07094383 0.07712722 0.06785929
 0.08004427 0.06724322 0.08211517 0.06433928 0.07360446 0.06499708
 0.07329214 0.07677937 0.08189511 0.06896567 0.082546   0.06496632
 0.07354271 0.07425916 0.07611334 0.07200623 0.0733422  0.06901109
 0.07281542 0.08460581]","[0.08952426 0.09300779 0.09061376 0.08745766 0.0709347  0.11660881
 0.10591275 0.09024916 0.08062322 0.09998531 0.10235968 0.09093508
 0.08694854 0.07698366 0.10387468 0.10503101 0.10326506 0.0893504
 0.10387301 0.09753942 0.08108658 0.10064585 0.10899389 0.10502263
 0.08264021 0.09410621 0.09593609 0.09849824 0.08083403 0.1105575
 0.10152092 0.08877415 0.09059004 0.08919985 0.08384572 0.10716946
 0.10520576 0.08659277 0.08426298 0.09171929 0.08245304 0.10638046
 0.10233194 0.10034037 0.10362793 0.09733359 0.08197811 0.08405315
 0.10509783 0.08032238]","[0.21356213 0.20513796 0.21062932 0.21910786 0.20972927 0.18544121
 0.2023649  0.21320957 0.2109409  0.20872951 0.20001982 0.21808582
 0.2060643  0.20705315 0.1958122  0.20007293 0.19748003 0.21228647
 0.20329276 0.22044555 0.21561968 0.20699705 0.20447206 0.20614405
 0.20848361 0.19762063 0.2039829  0.20045286 0.2132405  0.19753437
 0.2146496  0.19986406 0.21705181 0.1942562  0.20611678 0.18946571
 0.20628107 0.20924802 0.2158296  0.19905817 0.21818234 0.19396722
 0.20702051 0.2055595  0.20997864 0.20315752 0.20596942 0.19775102
 0.20597474 0.21915893]",5.104854162953356e-27,7.110716815634185e-72,3.361399665514152e-26,4.9775017565328475e-71,1.5972945766051793e-09,1.623983899134984e-08,1.2978786301669703e-09,7.265327983822103e-09,1e-05,1e-05,0.0,0.0,0.18013712188720704,0.3232465397310257,0.010095844504265563,0.010229840494781844,0.018579599857330324,0.07369852542877198,0.0034540624580050245,0.005673299217886755,0.09432397806082495,0.206251084817188,0.010223709576759298,0.007904091557038449
df3,0.35000000000000003,-1.0,0.35000000000000003,"[2.78636314e-36 7.84752977e-30 5.28569498e-27 3.56590826e-34
 3.04782586e-28 2.66678482e-31 1.73815304e-33 1.30432533e-24
 3.43417798e-29 1.21017203e-25 2.37806656e-29 8.95402666e-28
 2.56565447e-30 1.24351631e-31 4.80962056e-35 1.02784044e-28
 1.70487812e-25 1.42774613e-35 4.95418960e-29 3.42045584e-39
 8.31031105e-31 1.76381982e-30 6.14029324e-40 1.45226397e-39
 5.41174667e-30 4.95418960e-29 1.06757971e-26 1.53384053e-37
 8.31031105e-31 1.22979552e-32 1.64503886e-29 3.89924968e-31
 7.84752977e-30 3.43417798e-29 1.47818613e-28 5.28569498e-27
 3.04782586e-28 3.53047956e-37 5.77449424e-32 3.89924968e-31
 8.31031105e-31 1.60509935e-34 1.17161696e-33 7.51579753e-27
 8.58131384e-26 4.95418960e-29 7.51579753e-27 1.22324939e-36
 1.22668930e-38 5.69539852e-31]","[1.88166010e-108 1.50038437e-124 1.87460385e-103 8.69173129e-100
 2.33113443e-110 1.41739559e-125 5.56898878e-098 3.56765397e-117
 8.62627431e-088 2.55501261e-111 2.15264578e-100 2.21472141e-104
 5.34499160e-111 1.72947631e-096 6.26869005e-113 1.66865694e-117
 1.66475925e-107 3.16357866e-142 1.30265891e-101 4.85997494e-110
 1.08427351e-104 1.66051167e-091 3.32649959e-115 1.45786612e-106
 1.08427351e-104 3.43101012e-123 2.21472141e-104 2.33113443e-110
 7.74187875e-103 4.32796803e-100 7.08090934e-107 6.68471205e-114
 3.42673436e-096 1.31890515e-112 1.39799851e-098 1.45786612e-106
 9.07714507e-109 1.72947631e-096 3.42673436e-096 1.21792979e-088
 1.45786612e-106 1.21792979e-088 2.15264578e-100 2.02515198e-094
 1.57064610e-102 2.20848376e-097 5.30232749e-105 2.99814789e-106
 1.06947759e-100 2.10514288e-109]","[2.78636314e-36 7.84752977e-30 5.28569498e-27 3.56590826e-34
 3.04782586e-28 2.66678482e-31 1.73815304e-33 1.30432533e-24
 3.43417798e-29 1.21017203e-25 2.37806656e-29 8.95402666e-28
 2.56565447e-30 1.24351631e-31 4.80962056e-35 1.02784044e-28
 1.70487812e-25 1.42774613e-35 4.95418960e-29 3.42045584e-39
 8.31031105e-31 1.76381982e-30 6.14029324e-40 1.45226397e-39
 5.41174667e-30 4.95418960e-29 1.06757971e-26 1.53384053e-37
 8.31031105e-31 1.22979552e-32 1.64503886e-29 3.89924968e-31
 7.84752977e-30 3.43417798e-29 1.47818613e-28 5.28569498e-27
 3.04782586e-28 3.53047956e-37 5.77449424e-32 3.89924968e-31
 8.31031105e-31 1.60509935e-34 1.17161696e-33 7.51579753e-27
 8.58131384e-26 4.95418960e-29 7.51579753e-27 1.22324939e-36
 1.22668930e-38 5.69539852e-31]","[1.88166010e-108 1.50038437e-124 1.87460385e-103 8.69173129e-100
 2.33113443e-110 1.41739559e-125 5.56898878e-098 3.56765397e-117
 8.62627431e-088 2.55501261e-111 2.15264578e-100 2.21472141e-104
 5.34499160e-111 1.72947631e-096 6.26869005e-113 1.66865694e-117
 1.66475925e-107 3.16357866e-142 1.30265891e-101 4.85997494e-110
 1.08427351e-104 1.66051167e-091 3.32649959e-115 1.45786612e-106
 1.08427351e-104 3.43101012e-123 2.21472141e-104 2.33113443e-110
 7.74187875e-103 4.32796803e-100 7.08090934e-107 6.68471205e-114
 3.42673436e-096 1.31890515e-112 1.39799851e-098 1.45786612e-106
 9.07714507e-109 1.72947631e-096 3.42673436e-096 1.21792979e-088
 1.45786612e-106 1.21792979e-088 2.15264578e-100 2.02515198e-094
 1.57064610e-102 2.20848376e-097 5.30232749e-105 2.99814789e-106
 1.06947759e-100 2.10514288e-109]","[1.16309229e-09 1.33727029e-09 4.59126515e-10 4.57677529e-09
 1.76213377e-10 7.85096654e-10 4.03874201e-09 2.76506595e-11
 1.22980071e-10 1.72671433e-10 3.51480578e-09 1.10598641e-10
 5.87029425e-10 1.24010779e-09 4.08454159e-10 1.35318978e-10
 2.48787546e-10 1.18290533e-09 5.60858138e-10 2.86876467e-09
 6.76533385e-10 3.55151408e-09 4.25031899e-10 2.28156138e-09
 7.93289545e-10 2.51281940e-09 1.45059342e-09 3.29095973e-10
 1.99820271e-10 1.66257785e-09 2.54905119e-09 1.50490975e-09
 3.23725202e-09 1.01395692e-09 3.37907369e-10 9.80507897e-11
 2.71029088e-10 2.13069895e-10 7.11874448e-10 5.97476624e-10
 2.99071101e-10 7.56570695e-10 1.26882049e-09 1.34168732e-09
 8.28671687e-10 2.80880430e-10 5.75493764e-10 1.57973623e-09
 1.92210670e-09 2.78833290e-10]","[1.60120068e-08 1.28085818e-08 1.34064434e-08 1.28550064e-08
 1.50818869e-08 9.92147009e-09 3.17946831e-08 3.03282114e-08
 1.46515333e-08 2.47130373e-08 7.93018973e-09 3.29955582e-08
 2.81669810e-08 1.14541201e-08 1.15642019e-08 3.12053711e-08
 1.02449678e-08 3.33198916e-08 9.96818073e-09 2.92010061e-08
 2.69488049e-08 2.77111175e-08 9.10938791e-09 1.07942228e-08
 2.82762279e-08 3.18485545e-08 2.78474614e-08 1.11886685e-08
 1.18038804e-08 1.02174323e-08 1.06172453e-08 1.46106800e-08
 1.47153638e-08 1.22332535e-08 1.02018394e-08 1.27426278e-08
 1.62040932e-08 7.94576638e-09 8.17727774e-09 9.75518355e-09
 2.24261399e-08 2.13443888e-08 1.34735159e-08 2.19627730e-08
 2.87765949e-08 1.37817220e-08 1.11326186e-08 2.57568145e-08
 2.60438436e-08 2.09017713e-08]","[1.e-05 1.e-05 1.e-05 1.e-05 1.e-05 1.e-05 1.e-05 1.e-05 1.e-05 1.e-05
 1.e-05 1.e-05 1.e-05 1.e-05 1.e-05 1.e-05 1.e-05 1.e-05 1.e-05 1.e-05
 1.e-05 1.e-05 1.e-05 1.e-05 1.e-05 1.e-05 1.e-05 1.e-05 1.e-05 1.e-05
 1.e-05 1.e-05 1.e-05 1.e-05 1.e-05 1.e-05 1.e-05 1.e-05 1.e-05 1.e-05
 1.e-05 1.e-05 1.e-05 1.e-05 1.e-05 1.e-05 1.e-05 1.e-05 1.e-05 1.e-05]","[1.e-05 1.e-05 1.e-05 1.e-05 1.e-05 1.e-05 1.e-05 1.e-05 1.e-05 1.e-05
 1.e-05 1.e-05 1.e-05 1.e-05 1.e-05 1.e-05 1.e-05 1.e-05 1.e-05 1.e-05
 1.e-05 1.e-05 1.e-05 1.e-05 1.e-05 1.e-05 1.e-05 1.e-05 1.e-05 1.e-05
 1.e-05 1.e-05 1.e-05 1.e-05 1.e-05 1.e-05 1.e-05 1.e-05 1.e-05 1.e-05
 1.e-05 1.e-05 1.e-05 1.e-05 1.e-05 1.e-05 1.e-05 1.e-05 1.e-05 1.e-05]","[0.18097788 0.18482429 0.15445042 0.18580437 0.16486806 0.1741284
 0.17865182 0.15908307 0.1732945  0.15381623 0.1630401  0.17299203
 0.16777711 0.17002894 0.19321044 0.15810647 0.15711275 0.17264219
 0.1779358  0.18990326 0.17078164 0.17590176 0.18149392 0.17914961
 0.18150952 0.16613967 0.16694252 0.17932269 0.17100246 0.16936973
 0.16202768 0.1727517  0.17596355 0.16289373 0.17250925 0.15177183
 0.16805934 0.17092298 0.17564546 0.16587172 0.16664056 0.17939471
 0.17896057 0.16527374 0.15141232 0.16038166 0.1649045  0.18314259
 0.1788691  0.18092291]","[0.3362459  0.35610856 0.3345041  0.34049449 0.3419366  0.35213334
 0.34373447 0.36168159 0.33147979 0.3418334  0.34195494 0.34044772
 0.34921499 0.33852946 0.34043535 0.34552022 0.35337389 0.35917954
 0.33641395 0.35076804 0.33231319 0.33317114 0.33748207 0.34325774
 0.33343317 0.33952564 0.32807771 0.34784643 0.33511961 0.32972211
 0.3363681  0.33658964 0.33908389 0.34648609 0.34462389 0.34373469
 0.34925493 0.31909104 0.33012724 0.32691334 0.33414682 0.33194193
 0.33942925 0.32553499 0.32253599 0.33150838 0.34262956 0.35088023
 0.3206919  0.35214133]","[8.61444505e-58 2.83633240e-60 3.96151032e-42 6.48050227e-61
 5.61977646e-48 1.67059418e-53 2.57263383e-56 1.11024640e-44
 5.41088374e-53 8.73545716e-42 6.36981794e-47 8.27516051e-53
 1.11397981e-49 5.10238045e-51 7.13685292e-66 3.88963103e-44
 1.38172879e-43 1.35134738e-52 7.25296701e-56 1.23674066e-63
 1.80333355e-51 1.34617648e-54 4.02994687e-58 1.24835798e-56
 3.93828904e-58 1.02123728e-48 3.45571948e-49 9.70379807e-57
 1.32791347e-51 1.26381789e-50 2.41510874e-46 1.15916458e-52
 1.23249600e-54 7.72746419e-47 1.62774766e-52 1.09278562e-40
 7.58655993e-50 1.48261100e-51 1.94038654e-54 1.46442646e-48
 5.19759361e-49 8.73750270e-57 1.64325865e-56 3.26651572e-48
 1.69800265e-40 2.07063625e-45 5.35280173e-48 3.50544295e-59
 1.87679572e-56 9.33933996e-58]","[3.61187032e-202 1.79184448e-227 5.00351823e-200 1.91429137e-207
 2.98133922e-209 2.80836378e-222 1.61772696e-211 7.22249731e-235
 2.44474653e-196 4.01837104e-209 2.82730657e-209 2.19021701e-207
 1.66156089e-218 5.38644707e-205 2.26964081e-207 8.82031936e-214
 6.82763346e-224 1.56552042e-231 2.24110676e-202 1.65027114e-220
 2.37357451e-197 2.13683937e-198 1.07234266e-203 6.47042857e-211
 1.02288144e-198 3.10168999e-206 3.11532667e-192 9.48988565e-217
 8.78851977e-201 3.27408773e-194 2.55286477e-202 1.36032966e-202
 1.10115156e-205 5.19699188e-215 1.21119067e-212 1.61667114e-211
 1.47617872e-218 1.29515277e-181 1.06166395e-194 7.72254287e-191
 1.37092742e-199 6.71335850e-197 4.09013765e-206 3.39732308e-189
 1.20291717e-185 2.25702746e-196 4.00667709e-210 1.18163111e-220
 1.75616441e-183 2.74205014e-222]","[0.02085972 0.0191195  0.01491606 0.02056026 0.01333439 0.01380324
 0.0189116  0.01020229 0.0144192  0.01277304 0.01729214 0.01258528
 0.01478744 0.01709425 0.01964593 0.01146889 0.01578522 0.02022564
 0.01324332 0.0205555  0.01983607 0.01788139 0.01687694 0.01799774
 0.01627707 0.01496935 0.01328492 0.01574075 0.01569057 0.01751876
 0.01282215 0.01746452 0.01740623 0.01562583 0.01761115 0.01628339
 0.01384032 0.01715398 0.01440346 0.01756775 0.0161128  0.0156014
 0.01973844 0.01550567 0.01233363 0.01564491 0.01623559 0.01679242
 0.018525   0.01824176]","[0.08399737 0.09163404 0.08047712 0.08602643 0.08309174 0.0896467
 0.08324659 0.09904599 0.07718086 0.09164274 0.08802879 0.08966601
 0.08799863 0.083758   0.08407569 0.0962317  0.08464289 0.08569586
 0.08818388 0.07603121 0.07495117 0.08334422 0.07957649 0.08610976
 0.08219969 0.08395231 0.08514845 0.0828737  0.07980669 0.06763518
 0.09083593 0.07972395 0.08376777 0.08350563 0.08180952 0.08100367
 0.0947336  0.07264054 0.08135414 0.06467652 0.08510506 0.08144391
 0.07742441 0.07480431 0.07520521 0.0764482  0.0881362  0.08885217
 0.07882929 0.08602238]","[0.09861873 0.09168212 0.08520316 0.09448049 0.07668419 0.0802812
 0.09164436 0.06490739 0.0824332  0.07936972 0.08888729 0.07825738
 0.08109444 0.08600873 0.09680369 0.06990491 0.08628274 0.09619946
 0.07638173 0.09939042 0.09627697 0.09022565 0.09050379 0.09152368
 0.08790348 0.08327238 0.07621247 0.08713746 0.08641435 0.09111808
 0.0761717  0.08974524 0.0914268  0.0858969  0.08909081 0.08861554
 0.07806599 0.08740951 0.08014081 0.09361562 0.0870534  0.08267243
 0.09619191 0.08776462 0.07491    0.08612758 0.08490119 0.08840588
 0.09182248 0.09261459]","[0.21910344 0.23143557 0.2186328  0.21900939 0.21890816 0.23202068
 0.21822899 0.23939494 0.21235758 0.22735563 0.22421763 0.23169704
 0.22357227 0.21803482 0.21995594 0.23434832 0.21858578 0.22147089
 0.22539001 0.20886409 0.20873023 0.218218   0.21685418 0.22071433
 0.21990285 0.22013551 0.22110426 0.21989867 0.2151982  0.19889475
 0.22879403 0.21686549 0.22150872 0.2215245  0.21516242 0.21451726
 0.23155324 0.20399558 0.2153706  0.19587949 0.22263799 0.21616799
 0.21170644 0.20955608 0.20873626 0.2098505  0.2236384  0.22500215
 0.21413036 0.2224462 ]",3.4399302300208244e-26,2.2127593052776894e-89,1.8403575534300802e-25,1.2241827088869976e-88,1.1453307213749042e-09,1.8123452001361786e-08,1.125912333388486e-09,8.266583923064358e-09,1e-05,1e-05,0.0,0.0,0.1712516308784485,0.3395930470871925,0.009716819754434133,0.009517533573046754,0.01625133752822876,0.0832444453239441,0.002518929103158253,0.006560210714753241,0.08635493374918109,0.21902557329469638,0.007354044477154543,0.008384838416899965
df3,0.4,-1.0,0.4,"[2.39934411e-25 6.83217462e-23 6.25831333e-28 7.88918156e-34
 1.96348850e-20 1.17161696e-33 4.95418960e-29 1.73815304e-33
 6.64674147e-25 1.47818613e-28 9.43897459e-23 2.67038982e-32
 3.89102510e-17 9.31581113e-25 9.50443824e-36 5.77449424e-32
 1.82433512e-24 9.61617488e-24 1.82433512e-24 2.18494984e-19
 7.82155399e-21 5.64011511e-33 1.17161696e-33 3.43417798e-29
 3.43417798e-29 7.13959478e-29 6.07873598e-26 1.42774613e-35
 5.69539852e-31 1.82724155e-27 5.77449424e-32 4.88387176e-20
 1.79605588e-22 4.73751051e-25 1.82724155e-27 2.39934411e-25
 1.85625733e-23 2.12365474e-28 1.33672873e-23 3.04782586e-28
 1.27976799e-27 8.58131384e-26 3.37322101e-25 2.54904105e-24
 1.64503886e-29 1.44619791e-20 1.30432533e-24 2.39934411e-25
 8.95402666e-28 3.37322101e-25]","[1.72947631e-096 1.62932937e-122 1.30265891e-101 7.89408622e-119
 2.59001339e-105 7.05518906e-115 7.48112939e-123 2.97606811e-113
 1.06947759e-100 7.79563234e-118 1.66475925e-107 7.84645245e-121
 1.70247332e-089 3.62364483e-121 3.16268593e-114 6.68471205e-114
 1.01205796e-109 7.91123773e-120 1.02479477e-135 3.63777125e-118
 4.51863753e-104 3.16268593e-114 5.22248187e-095 3.28672716e-124
 1.87460385e-103 3.32649959e-115 1.56663455e-115 2.77174564e-112
 7.05518906e-115 5.99978104e-127 9.20882547e-104 5.34499160e-111
 1.31890515e-112 8.71890126e-097 7.89408622e-119 1.12215372e-128
 1.70515873e-119 3.56765397e-117 7.84645245e-121 1.57064610e-102
 7.08090934e-107 7.79563234e-118 1.67153521e-121 5.34499160e-111
 3.89617725e-108 7.05518906e-115 5.30739252e-101 3.67099579e-119
 3.63777125e-118 1.08427351e-104]","[2.39934411e-25 6.83217462e-23 6.25831333e-28 7.88918156e-34
 1.96348850e-20 1.17161696e-33 4.95418960e-29 1.73815304e-33
 6.64674147e-25 1.47818613e-28 9.43897459e-23 2.67038982e-32
 3.89102510e-17 9.31581113e-25 9.50443824e-36 5.77449424e-32
 1.82433512e-24 9.61617488e-24 1.82433512e-24 2.18494984e-19
 7.82155399e-21 5.64011511e-33 1.17161696e-33 3.43417798e-29
 3.43417798e-29 7.13959478e-29 6.07873598e-26 1.42774613e-35
 5.69539852e-31 1.82724155e-27 5.77449424e-32 4.88387176e-20
 1.79605588e-22 4.73751051e-25 1.82724155e-27 2.39934411e-25
 1.85625733e-23 2.12365474e-28 1.33672873e-23 3.04782586e-28
 1.27976799e-27 8.58131384e-26 3.37322101e-25 2.54904105e-24
 1.64503886e-29 1.44619791e-20 1.30432533e-24 2.39934411e-25
 8.95402666e-28 3.37322101e-25]","[1.72947631e-096 1.62932937e-122 1.30265891e-101 7.89408622e-119
 2.59001339e-105 7.05518906e-115 7.48112939e-123 2.97606811e-113
 1.06947759e-100 7.79563234e-118 1.66475925e-107 7.84645245e-121
 1.70247332e-089 3.62364483e-121 3.16268593e-114 6.68471205e-114
 1.01205796e-109 7.91123773e-120 1.02479477e-135 3.63777125e-118
 4.51863753e-104 3.16268593e-114 5.22248187e-095 3.28672716e-124
 1.87460385e-103 3.32649959e-115 1.56663455e-115 2.77174564e-112
 7.05518906e-115 5.99978104e-127 9.20882547e-104 5.34499160e-111
 1.31890515e-112 8.71890126e-097 7.89408622e-119 1.12215372e-128
 1.70515873e-119 3.56765397e-117 7.84645245e-121 1.57064610e-102
 7.08090934e-107 7.79563234e-118 1.67153521e-121 5.34499160e-111
 3.89617725e-108 7.05518906e-115 5.30739252e-101 3.67099579e-119
 3.63777125e-118 1.08427351e-104]","[4.36567782e-10 2.31076047e-10 1.07149178e-10 5.27639932e-10
 2.67306399e-10 1.78178572e-09 1.62889591e-10 1.43470658e-09
 1.88376426e-10 6.86564139e-11 3.34832162e-11 2.44656140e-09
 5.73063819e-12 2.39281817e-10 2.71331291e-10 4.43114767e-10
 2.19167351e-10 7.24589277e-11 3.41548123e-10 4.92974550e-11
 1.46141721e-09 4.02656530e-09 4.65880223e-09 1.89591454e-10
 1.47116141e-09 2.11194973e-09 1.00714059e-09 8.33751290e-10
 2.25029662e-10 1.06872755e-09 1.35321088e-10 1.51647583e-09
 6.79956091e-11 1.55542257e-09 1.00289332e-10 2.71088707e-10
 3.51035867e-11 1.18631993e-10 6.37880859e-11 1.73534964e-10
 2.49290910e-09 1.80479010e-09 5.55622659e-10 1.17732524e-09
 9.53644386e-10 5.92465632e-10 2.04286932e-09 2.80278822e-09
 9.73566339e-10 1.75349191e-09]","[9.37697309e-09 1.20178618e-08 1.16251566e-08 1.08721336e-08
 2.16263092e-08 3.53423441e-08 1.28820672e-08 1.85537848e-08
 1.37263102e-08 1.96239808e-08 1.97726066e-08 3.13468811e-08
 9.25476729e-09 1.31673173e-08 2.77621126e-08 2.21345674e-08
 3.23090142e-08 1.22839094e-08 2.82054075e-08 1.84789559e-08
 2.17322870e-08 2.61481207e-08 9.48529377e-09 1.10811407e-08
 8.70808892e-09 2.66361223e-08 1.56317923e-08 1.56749227e-08
 2.11298802e-08 1.06905921e-08 2.85024119e-08 1.14156226e-08
 3.36301493e-08 1.92368592e-08 1.81909247e-08 2.43037005e-08
 1.17957962e-08 1.29145854e-08 1.25490557e-08 9.21568122e-09
 1.32342410e-08 2.99418805e-08 2.13296139e-08 1.49876480e-08
 1.51009780e-08 1.74614596e-08 2.80694430e-08 1.86505744e-08
 1.77995740e-08 2.27949964e-08]","[1.e-05 1.e-05 1.e-05 1.e-05 1.e-05 1.e-05 1.e-05 1.e-05 1.e-05 1.e-05
 1.e-05 1.e-05 1.e-05 1.e-05 1.e-05 1.e-05 1.e-05 1.e-05 1.e-05 1.e-05
 1.e-05 1.e-05 1.e-05 1.e-05 1.e-05 1.e-05 1.e-05 1.e-05 1.e-05 1.e-05
 1.e-05 1.e-05 1.e-05 1.e-05 1.e-05 1.e-05 1.e-05 1.e-05 1.e-05 1.e-05
 1.e-05 1.e-05 1.e-05 1.e-05 1.e-05 1.e-05 1.e-05 1.e-05 1.e-05 1.e-05]","[1.e-05 1.e-05 1.e-05 1.e-05 1.e-05 1.e-05 1.e-05 1.e-05 1.e-05 1.e-05
 1.e-05 1.e-05 1.e-05 1.e-05 1.e-05 1.e-05 1.e-05 1.e-05 1.e-05 1.e-05
 1.e-05 1.e-05 1.e-05 1.e-05 1.e-05 1.e-05 1.e-05 1.e-05 1.e-05 1.e-05
 1.e-05 1.e-05 1.e-05 1.e-05 1.e-05 1.e-05 1.e-05 1.e-05 1.e-05 1.e-05
 1.e-05 1.e-05 1.e-05 1.e-05 1.e-05 1.e-05 1.e-05 1.e-05 1.e-05 1.e-05]","[0.15688503 0.14343255 0.16589488 0.17640111 0.14330321 0.16722308
 0.16016804 0.16922966 0.1535618  0.15998943 0.14502702 0.16639168
 0.1363565  0.14979274 0.18002097 0.16728466 0.15711894 0.1462384
 0.15446406 0.1543477  0.14279174 0.17486934 0.1744856  0.16125715
 0.16250377 0.1563224  0.15800965 0.17183689 0.16912129 0.16361194
 0.16942606 0.13905447 0.14363307 0.15613122 0.16688263 0.16103816
 0.15518691 0.16305882 0.15849609 0.15938564 0.16108546 0.15122048
 0.1557296  0.16266356 0.16312783 0.14046247 0.15361462 0.16627113
 0.1695745  0.15646282]","[0.33850145 0.36878169 0.35219018 0.36423731 0.3413971  0.37145979
 0.36523338 0.34888436 0.33991838 0.36267858 0.35035753 0.35876023
 0.33499665 0.34676329 0.36334864 0.363528   0.35926522 0.35254429
 0.36214193 0.35815545 0.33576198 0.35517616 0.32394237 0.35868036
 0.34866456 0.36003432 0.34492817 0.34570592 0.36061695 0.37330486
 0.34903418 0.34515257 0.35603476 0.33945053 0.36006577 0.35919953
 0.34693814 0.34497566 0.37121108 0.34878985 0.3496655  0.35712199
 0.36012654 0.35441096 0.34578393 0.35458807 0.3396082  0.35526984
 0.35113027 0.33484334]","[1.84535614e-43 2.28699422e-36 1.41953442e-48 6.59256565e-55
 2.65655401e-36 2.36340849e-49 2.73209019e-45 1.53172324e-50
 1.19854717e-41 3.44371432e-45 3.56755679e-37 7.27213601e-49
 6.77076600e-33 1.22028787e-39 3.50317096e-57 2.17412316e-49
 1.37090646e-43 8.57578730e-38 3.89455842e-42 4.50384149e-42
 4.79720024e-36 5.85140554e-54 1.00803497e-53 6.62190181e-46
 1.29184691e-46 3.76478550e-43 4.40257044e-44 4.16265866e-52
 1.77718451e-50 2.98932811e-47 1.16972024e-50 3.37388954e-34
 1.81254056e-36 4.79407070e-43 3.74734471e-49 8.81228781e-46
 1.57481753e-42 6.21426980e-47 2.36099454e-44 7.51683484e-45
 8.28507797e-46 2.14725786e-40 7.95749701e-43 1.04671535e-46
 5.67285702e-47 6.88780563e-35 1.12242115e-41 8.55519197e-49
 9.53873318e-51 3.15185658e-43]","[5.83573389e-205 1.77203536e-244 2.36939760e-222 2.65441417e-238
 1.41791085e-208 3.69931180e-248 1.19631025e-239 4.42222103e-218
 1.00401606e-206 3.32718894e-236 5.59706371e-220 5.63832491e-231
 1.24434229e-200 2.30206560e-215 4.18213655e-237 2.39877264e-237
 1.20466192e-231 8.21188350e-223 1.74606304e-235 3.56865923e-230
 1.42544221e-201 3.00439174e-226 2.63272441e-187 7.19559466e-231
 8.47241337e-218 1.14272323e-232 4.98145778e-213 5.12095217e-214
 1.91152833e-233 1.03464643e-250 2.83832961e-218 2.58551316e-213
 2.24052170e-227 3.84781592e-206 1.03768037e-232 1.47268671e-231
 1.37688299e-215 4.33613747e-213 8.15074778e-248 5.84893274e-218
 4.37053183e-219 8.28513506e-229 8.61230095e-233 3.01947814e-225
 4.07486673e-214 1.77085178e-225 2.44726391e-206 2.26413049e-226
 5.60980585e-221 1.91934244e-200]","[0.01357579 0.01209378 0.01639795 0.01756275 0.00945032 0.0161016
 0.01334417 0.01417291 0.01391935 0.01187932 0.01113474 0.01185405
 0.0118047  0.00891078 0.01683497 0.01610529 0.01040494 0.01440108
 0.01711607 0.01469004 0.01001728 0.01306009 0.01505041 0.01357019
 0.01565135 0.01301432 0.01580513 0.01448572 0.01542675 0.01174104
 0.01439917 0.00738811 0.01153648 0.01207614 0.01372588 0.01724911
 0.01197159 0.01589334 0.01176763 0.0147264  0.01267886 0.0128206
 0.00923979 0.01714563 0.0105145  0.01279426 0.01246774 0.01291895
 0.01818621 0.01465762]","[0.0855931  0.0960089  0.09180129 0.09116137 0.08658743 0.09569085
 0.10010588 0.08924794 0.08185434 0.09867775 0.0866456  0.098804
 0.07605803 0.09515274 0.08611262 0.09070075 0.09246123 0.08378172
 0.07977748 0.09437203 0.07798743 0.09783959 0.07936001 0.09137261
 0.08737624 0.09164047 0.08206141 0.09282422 0.09190893 0.09541571
 0.08525944 0.09183383 0.08909631 0.08266401 0.08926094 0.08491528
 0.0876404  0.08039391 0.09694409 0.08870542 0.0875982  0.08324969
 0.09831512 0.08189356 0.08768845 0.08107686 0.08483028 0.09848475
 0.07929802 0.07550943]","[0.07681986 0.07485472 0.08555075 0.09101067 0.06424414 0.08556669
 0.07581515 0.08105551 0.0805375  0.07300064 0.07112049 0.0722173
 0.07531859 0.06257559 0.08901776 0.08168734 0.06838587 0.08193829
 0.09068681 0.07936308 0.0688243  0.07550872 0.08320632 0.07686035
 0.08599661 0.07688895 0.08318514 0.08095477 0.082812   0.07395577
 0.08068353 0.05789553 0.07476774 0.07499208 0.07959193 0.08890429
 0.07425825 0.08796163 0.07375744 0.08192437 0.07344948 0.08062417
 0.06736486 0.09127344 0.07147403 0.07594281 0.07774853 0.07664162
 0.09550445 0.0816528 ]","[0.22105026 0.23590377 0.22850477 0.23110949 0.22579237 0.23503681
 0.23879809 0.22693962 0.21740407 0.23994096 0.22552873 0.2411516
 0.20850766 0.23800323 0.22405402 0.22671107 0.23368457 0.22079429
 0.21528664 0.22984378 0.21660518 0.24112168 0.2175392  0.22856813
 0.22415044 0.22828906 0.2156833  0.23120588 0.22965282 0.23791571
 0.22285292 0.23320932 0.22826685 0.22215723 0.22765294 0.22110751
 0.22811161 0.21850378 0.2395726  0.22597315 0.22601887 0.22321755
 0.24183284 0.21819167 0.23159526 0.21629417 0.22392853 0.23940009
 0.21583207 0.21025596]",7.843979610765446e-19,3.404957605665692e-91,5.446640069146691e-18,2.383462491640025e-90,9.113878030042599e-10,1.856811793876645e-08,1.037594882162215e-09,7.276587423156655e-09,1e-05,1e-05,0.0,0.0,0.1588089350605011,0.3526671961784363,0.010177606932314499,0.010541087391907603,0.013474698066711427,0.08846079349517823,0.0024430946367843542,0.006491644369576444,0.07830745331952314,0.22697504256661186,0.0076156619858370415,0.00842361917265592
df3,0.45,-1.0,0.45,"[6.91059303e-24 3.56853685e-23 4.94023307e-23 1.62253462e-19
 6.64674147e-25 7.82155399e-21 6.64674147e-25 4.73751051e-25
 1.06757971e-26 3.71348188e-27 1.85625733e-23 1.62253462e-19
 7.82155399e-21 2.66678482e-31 5.74326505e-21 1.85625733e-23
 6.60370667e-20 5.74326505e-21 7.11203305e-19 2.12365474e-28
 3.08714081e-21 5.28569498e-27 3.95007214e-19 2.22374207e-17
 4.73751051e-25 3.04081795e-26 3.04081795e-26 2.60622931e-27
 4.73751051e-25 5.41174667e-30 5.39368124e-18 1.96348850e-20
 1.06757971e-26 5.39368124e-18 2.39934411e-25 1.17682447e-16
 2.60622931e-27 2.54904105e-24 4.67812431e-22 2.14737506e-26
 1.67853513e-17 1.33672873e-23 2.57505865e-23 9.53441021e-18
 4.73751051e-25 7.82155399e-21 3.95007214e-19 7.88918156e-34
 2.18494984e-19 1.02784044e-28]","[3.62364483e-121 3.63777125e-118 2.99814789e-106 3.62364483e-121
 1.49462228e-114 1.41739559e-125 7.84645245e-121 5.84114683e-143
 1.49462228e-114 6.15879083e-106 3.54443794e-122 8.65193381e-137
 1.69706671e-120 7.79563234e-118 1.22580667e-127 3.56765397e-117
 1.59807269e-132 1.69706671e-120 1.49462228e-114 3.81174187e-103
 7.70163359e-122 7.08090934e-107 2.71351259e-127 5.53102464e-128
 7.05518906e-115 6.44036529e-126 3.43101012e-123 4.51863753e-104
 7.05518906e-115 5.97340427e-139 7.36968843e-116 3.56765397e-117
 1.62522975e-116 1.62932937e-122 7.19151616e-124 7.36968843e-116
 5.53102464e-128 1.02479477e-135 7.19151616e-124 2.92297102e-126
 1.22580667e-127 2.92297102e-126 1.12215372e-128 1.66865694e-117
 2.99814789e-106 1.41739559e-125 6.44036529e-126 1.67153521e-121
 1.57171273e-123 1.39274712e-133]","[6.91059303e-24 3.56853685e-23 4.94023307e-23 1.62253462e-19
 6.64674147e-25 7.82155399e-21 6.64674147e-25 4.73751051e-25
 1.06757971e-26 3.71348188e-27 1.85625733e-23 1.62253462e-19
 7.82155399e-21 2.66678482e-31 5.74326505e-21 1.85625733e-23
 6.60370667e-20 5.74326505e-21 7.11203305e-19 2.12365474e-28
 3.08714081e-21 5.28569498e-27 3.95007214e-19 2.22374207e-17
 4.73751051e-25 3.04081795e-26 3.04081795e-26 2.60622931e-27
 4.73751051e-25 5.41174667e-30 5.39368124e-18 1.96348850e-20
 1.06757971e-26 5.39368124e-18 2.39934411e-25 1.17682447e-16
 2.60622931e-27 2.54904105e-24 4.67812431e-22 2.14737506e-26
 1.67853513e-17 1.33672873e-23 2.57505865e-23 9.53441021e-18
 4.73751051e-25 7.82155399e-21 3.95007214e-19 7.88918156e-34
 2.18494984e-19 1.02784044e-28]","[3.62364483e-121 3.63777125e-118 2.99814789e-106 3.62364483e-121
 1.49462228e-114 1.41739559e-125 7.84645245e-121 5.84114683e-143
 1.49462228e-114 6.15879083e-106 3.54443794e-122 8.65193381e-137
 1.69706671e-120 7.79563234e-118 1.22580667e-127 3.56765397e-117
 1.59807269e-132 1.69706671e-120 1.49462228e-114 3.81174187e-103
 7.70163359e-122 7.08090934e-107 2.71351259e-127 5.53102464e-128
 7.05518906e-115 6.44036529e-126 3.43101012e-123 4.51863753e-104
 7.05518906e-115 5.97340427e-139 7.36968843e-116 3.56765397e-117
 1.62522975e-116 1.62932937e-122 7.19151616e-124 7.36968843e-116
 5.53102464e-128 1.02479477e-135 7.19151616e-124 2.92297102e-126
 1.22580667e-127 2.92297102e-126 1.12215372e-128 1.66865694e-117
 2.99814789e-106 1.41739559e-125 6.44036529e-126 1.67153521e-121
 1.57171273e-123 1.39274712e-133]","[1.29108468e-09 2.77755929e-10 5.26469091e-10 1.21218757e-09
 4.37268888e-10 6.93939906e-10 1.18427013e-09 4.44484893e-10
 1.05184583e-09 1.57039948e-09 1.52842727e-09 6.57831900e-10
 1.12569520e-09 5.18784349e-10 1.73401982e-09 1.92899696e-10
 6.91087187e-11 6.56599219e-11 1.19471655e-10 3.49051232e-10
 6.17744744e-10 2.18327478e-09 6.91007584e-10 2.43509657e-10
 2.22795227e-10 1.87962867e-10 2.82677737e-09 1.24163413e-09
 8.50898907e-10 1.76395620e-09 1.51791857e-09 2.58554622e-10
 8.92676044e-10 6.42641496e-12 1.32989764e-09 5.47307755e-11
 2.03449324e-09 1.24430799e-10 2.06745732e-11 2.01085437e-09
 8.14609491e-11 3.97479494e-10 2.49479326e-11 7.86467558e-11
 1.39365364e-09 8.81233420e-10 1.10215070e-09 6.92767732e-10
 1.72310943e-10 1.53909274e-09]","[1.37838180e-08 3.30918662e-08 3.22945853e-08 9.66675662e-09
 1.36717748e-08 2.45063018e-08 1.41491034e-08 3.36488455e-08
 1.73549718e-08 1.04677922e-08 1.81654163e-08 2.05044739e-08
 1.67772413e-08 3.10717020e-08 3.44432072e-08 1.69629014e-08
 1.82774270e-08 1.29540069e-08 1.55867635e-08 7.83814458e-09
 2.14558181e-08 3.47703552e-08 2.46319606e-08 2.27398190e-08
 1.15700257e-08 1.76337559e-08 2.57124154e-08 2.22436337e-08
 1.09057408e-08 2.65131742e-08 2.01870897e-08 1.38702644e-08
 3.05008526e-08 2.32309081e-08 1.22359780e-08 1.54981770e-08
 2.77755783e-08 2.42441403e-08 2.78582253e-08 2.90796683e-08
 3.06687722e-08 2.85801504e-08 9.78155335e-09 1.22998300e-08
 2.67315120e-08 1.38959224e-08 1.45587126e-08 1.57222526e-08
 3.37939621e-08 2.98346758e-08]","[1.e-05 1.e-05 1.e-05 1.e-05 1.e-05 1.e-05 1.e-05 1.e-05 1.e-05 1.e-05
 1.e-05 1.e-05 1.e-05 1.e-05 1.e-05 1.e-05 1.e-05 1.e-05 1.e-05 1.e-05
 1.e-05 1.e-05 1.e-05 1.e-05 1.e-05 1.e-05 1.e-05 1.e-05 1.e-05 1.e-05
 1.e-05 1.e-05 1.e-05 1.e-05 1.e-05 1.e-05 1.e-05 1.e-05 1.e-05 1.e-05
 1.e-05 1.e-05 1.e-05 1.e-05 1.e-05 1.e-05 1.e-05 1.e-05 1.e-05 1.e-05]","[1.e-05 1.e-05 1.e-05 1.e-05 1.e-05 1.e-05 1.e-05 1.e-05 1.e-05 1.e-05
 1.e-05 1.e-05 1.e-05 1.e-05 1.e-05 1.e-05 1.e-05 1.e-05 1.e-05 1.e-05
 1.e-05 1.e-05 1.e-05 1.e-05 1.e-05 1.e-05 1.e-05 1.e-05 1.e-05 1.e-05
 1.e-05 1.e-05 1.e-05 1.e-05 1.e-05 1.e-05 1.e-05 1.e-05 1.e-05 1.e-05
 1.e-05 1.e-05 1.e-05 1.e-05 1.e-05 1.e-05 1.e-05 1.e-05 1.e-05 1.e-05]","[0.14629983 0.1540904  0.14531237 0.1488714  0.17004268 0.14213848
 0.14323908 0.14130037 0.14817892 0.15171977 0.15450558 0.14020466
 0.1393603  0.16344337 0.14531499 0.14367898 0.14519309 0.1519805
 0.14618359 0.17366488 0.13981828 0.15718866 0.14293823 0.1235173
 0.14845653 0.163457   0.14383094 0.14528652 0.14875195 0.1541478
 0.13765384 0.13460793 0.1488724  0.13269528 0.15408012 0.1290349
 0.1637664  0.15084464 0.13247238 0.16438342 0.13737581 0.1536209
 0.15620572 0.12826422 0.14581495 0.14401873 0.1422456  0.15876491
 0.14434134 0.16671015]","[0.36831424 0.35904677 0.34469025 0.36254265 0.36912694 0.37263814
 0.36796873 0.37606787 0.36113429 0.33445524 0.37226304 0.3877248
 0.36082396 0.37602533 0.37263577 0.36104837 0.39022203 0.37058457
 0.36685017 0.35104009 0.37233813 0.35588355 0.3767856  0.36444939
 0.35339334 0.37422919 0.36662232 0.36260995 0.36499085 0.37175015
 0.36646446 0.35350054 0.37233928 0.36481064 0.37281758 0.36803592
 0.36995844 0.37344103 0.36763995 0.36472144 0.37110068 0.35700246
 0.36852117 0.36320267 0.34597362 0.35784436 0.36761482 0.36625842
 0.36815739 0.37614101]","[7.97517466e-38 6.20864179e-42 2.55278044e-37 3.71129835e-39
 5.00664283e-51 1.01732366e-35 2.86122511e-36 2.65505651e-35
 8.52299905e-39 1.16487477e-40 3.69762571e-42 9.22487338e-35
 2.39245811e-34 3.73725325e-47 2.54491454e-37 1.71849178e-36
 2.93635681e-37 8.45718520e-41 9.14945885e-38 3.21282114e-53
 1.42780036e-34 1.25457943e-43 4.05106949e-36 4.72257176e-27
 6.11015437e-39 3.67039472e-47 1.44047543e-36 2.63142089e-37
 4.28478839e-39 5.77980520e-42 1.61269796e-33 4.58090113e-32
 3.70683069e-39 3.60339729e-31 6.28867018e-42 1.71679943e-29
 2.43571047e-47 3.39803442e-40 4.57358671e-31 1.07262084e-47
 2.19579674e-33 1.11369499e-41 4.36332931e-43 3.81898965e-29
 1.41345790e-37 1.15791887e-36 8.99554548e-36 1.67179710e-44
 7.95204264e-37 4.73127787e-49]","[7.72225729e-244 2.34938385e-231 9.97928119e-213 5.06469653e-236
 5.96652679e-245 8.69187524e-250 2.28904897e-243 1.45879374e-254
 3.89626425e-234 5.74337063e-200 2.87283327e-249 3.60303080e-271
 1.01188867e-233 1.67316178e-254 8.75803895e-250 5.07515421e-234
 8.36484530e-275 5.94608428e-247 7.65507446e-242 7.33934820e-221
 2.26164131e-249 3.54095697e-227 1.43999553e-255 1.37309690e-238
 6.44038485e-224 5.37274664e-252 1.56245387e-241 4.11353127e-236
 2.54679584e-239 1.46980034e-248 2.56058649e-241 4.66782760e-224
 2.25342037e-249 4.46344272e-239 4.90375949e-250 1.85317898e-243
 4.31613469e-246 6.69544769e-251 6.43038110e-243 5.89140330e-239
 1.15715643e-247 1.19120450e-228 4.02593111e-244 6.57319279e-237
 2.33725432e-214 9.20676494e-230 6.95846262e-243 4.87766818e-241
 1.26482543e-243 1.15244597e-254]","[0.00988364 0.01165795 0.01323915 0.01116192 0.01363683 0.00929844
 0.01086867 0.01355398 0.01363063 0.01329446 0.01052868 0.01013327
 0.00882006 0.01357257 0.01044631 0.01003122 0.01016462 0.01276147
 0.01230216 0.01670957 0.00923574 0.00818813 0.01126492 0.0058552
 0.00920343 0.01453769 0.01141798 0.00929141 0.01362753 0.0118109
 0.01059389 0.00885069 0.01154506 0.00996089 0.01362073 0.01023734
 0.0146786  0.01548648 0.00910771 0.01425493 0.00928724 0.01303709
 0.01269388 0.01003277 0.00980663 0.01199555 0.01199746 0.01300871
 0.00885665 0.01371193]","[0.09944594 0.09730124 0.08443546 0.09432995 0.10575831 0.09908473
 0.10561156 0.09885907 0.09397328 0.07651997 0.0934608  0.1061852
 0.09709978 0.10055637 0.09710336 0.09457135 0.10196269 0.09770799
 0.09051955 0.08228922 0.09808731 0.10995948 0.09885859 0.1066829
 0.09152031 0.10091102 0.09946144 0.10066473 0.09168756 0.10234499
 0.09259939 0.09483898 0.09790039 0.0942775  0.09210145 0.09560299
 0.09376132 0.09057617 0.0947299  0.0961864  0.10078537 0.095644
 0.09590077 0.09426522 0.08861697 0.08153546 0.09307206 0.09986413
 0.09729385 0.10439026]","[0.06542161 0.07235716 0.08197875 0.07115339 0.07713188 0.06513226
 0.06863692 0.07638063 0.07905828 0.0810084  0.06781012 0.06658374
 0.06268535 0.07727943 0.06982891 0.06741008 0.06835153 0.0761485
 0.07435209 0.08978287 0.06314908 0.05760869 0.07266971 0.04962516
 0.06312924 0.07913922 0.07504643 0.06241042 0.07858111 0.07308256
 0.06930141 0.06398984 0.07158947 0.06535692 0.07816937 0.07115514
 0.08027717 0.08464208 0.06309017 0.08206586 0.06494276 0.07801096
 0.07162075 0.06741289 0.06826513 0.07433404 0.07307064 0.07605985
 0.0640989  0.07793194]","[0.24063055 0.23993859 0.22518284 0.23557961 0.25045929 0.24253814
 0.24684852 0.23604487 0.2357075  0.21502616 0.23329231 0.25002793
 0.24042997 0.2416446  0.24078202 0.23734034 0.24425896 0.23846304
 0.22847849 0.2228712  0.23864129 0.25435728 0.24101199 0.24809559
 0.23442185 0.23775533 0.24305564 0.24500673 0.23207728 0.24345218
 0.23309404 0.23818809 0.23838214 0.23453294 0.23109951 0.23674797
 0.23594211 0.22873284 0.23467232 0.23867596 0.2424638  0.23692289
 0.23223192 0.23323198 0.22864277 0.21936841 0.23185872 0.24247335
 0.2379071  0.24526832]",3.5839112823991885e-18,8.552937597820744e-105,1.681261440441153e-17,5.36056892893471e-104,8.09892379827204e-10,2.1074840472756762e-08,6.825472313108426e-10,7.851387673481135e-09,1e-05,1e-05,0.0,0.0,0.14775780148506165,0.3660760314226151,0.010650580379023146,0.009791201916714527,0.011457855701446534,0.09621793508529664,0.0021549019499566167,0.006392312026621261,0.07156637669387554,0.23727714551848664,0.0074512990265557105,0.007535980091245238
df3,0.5,-1.0,0.5,"[1.44619791e-20 1.02511949e-15 4.94023307e-23 1.62253462e-19
 1.30270202e-22 5.30299497e-19 2.94303610e-17 9.61617488e-24
 4.88387176e-20 7.11203305e-19 3.03881495e-18 3.71348188e-27
 6.64674147e-25 1.65262693e-21 4.88387176e-20 9.61617488e-24
 2.22374207e-17 7.84752977e-30 3.72814291e-30 1.79605588e-22
 4.05057199e-18 6.42340318e-22 6.83217462e-23 1.67853513e-17
 2.25989398e-21 4.58538879e-13 9.61617488e-24 2.14737506e-26
 3.56853685e-23 1.26570821e-17 4.21288896e-21 1.06410050e-20
 6.60370667e-20 1.54798729e-16 4.96114708e-24 2.60622931e-27
 2.66308246e-20 7.84899525e-16 9.53441021e-18 1.65262693e-21
 2.14737506e-26 1.30432533e-24 1.27528784e-18 7.17482117e-18
 3.04782586e-28 8.81076169e-22 5.74326505e-21 1.65262693e-21
 1.54798729e-16 1.67853513e-17]","[1.02479477e-135 7.91123773e-120 3.11577768e-125 2.50543477e-143
 4.55467848e-130 1.62932937e-122 9.11197923e-131 1.52170582e-145
 7.70163359e-122 2.49277144e-128 7.05518906e-115 5.99978104e-127
 7.91123773e-120 2.72168499e-134 1.12215372e-128 1.69706671e-120
 3.54443794e-122 2.29586024e-155 6.84127225e-125 8.85357293e-148
 2.72168499e-134 2.59582860e-139 8.08221677e-132 1.07337441e-143
 1.12215372e-128 9.46545979e-156 3.59598810e-132 1.16697210e-146
 3.95211198e-141 7.19151616e-124 1.70527622e-141 4.06843613e-131
 3.16357866e-142 1.81440195e-131 1.62932937e-122 1.59807269e-132
 3.11577768e-125 9.14846799e-141 1.59807269e-132 8.85357293e-148
 4.50098708e-136 1.62932937e-122 1.32505188e-126 4.55467848e-130
 5.97340427e-139 3.59598810e-132 2.09388117e-147 4.59306180e-144
 1.59807269e-132 1.59807269e-132]","[1.44619791e-20 1.02511949e-15 4.94023307e-23 1.62253462e-19
 1.30270202e-22 5.30299497e-19 2.94303610e-17 9.61617488e-24
 4.88387176e-20 7.11203305e-19 3.03881495e-18 3.71348188e-27
 6.64674147e-25 1.65262693e-21 4.88387176e-20 9.61617488e-24
 2.22374207e-17 7.84752977e-30 3.72814291e-30 1.79605588e-22
 4.05057199e-18 6.42340318e-22 6.83217462e-23 1.67853513e-17
 2.25989398e-21 4.58538879e-13 9.61617488e-24 2.14737506e-26
 3.56853685e-23 1.26570821e-17 4.21288896e-21 1.06410050e-20
 6.60370667e-20 1.54798729e-16 4.96114708e-24 2.60622931e-27
 2.66308246e-20 7.84899525e-16 9.53441021e-18 1.65262693e-21
 2.14737506e-26 1.30432533e-24 1.27528784e-18 7.17482117e-18
 3.04782586e-28 8.81076169e-22 5.74326505e-21 1.65262693e-21
 1.54798729e-16 1.67853513e-17]","[1.02479477e-135 7.91123773e-120 3.11577768e-125 2.50543477e-143
 4.55467848e-130 1.62932937e-122 9.11197923e-131 1.52170582e-145
 7.70163359e-122 2.49277144e-128 7.05518906e-115 5.99978104e-127
 7.91123773e-120 2.72168499e-134 1.12215372e-128 1.69706671e-120
 3.54443794e-122 2.29586024e-155 6.84127225e-125 8.85357293e-148
 2.72168499e-134 2.59582860e-139 8.08221677e-132 1.07337441e-143
 1.12215372e-128 9.46545979e-156 3.59598810e-132 1.16697210e-146
 3.95211198e-141 7.19151616e-124 1.70527622e-141 4.06843613e-131
 3.16357866e-142 1.81440195e-131 1.62932937e-122 1.59807269e-132
 3.11577768e-125 9.14846799e-141 1.59807269e-132 8.85357293e-148
 4.50098708e-136 1.62932937e-122 1.32505188e-126 4.55467848e-130
 5.97340427e-139 3.59598810e-132 2.09388117e-147 4.59306180e-144
 1.59807269e-132 1.59807269e-132]","[1.99956385e-10 8.47533155e-12 6.14762574e-10 3.42240014e-10
 3.05905301e-11 8.24304180e-10 1.07788223e-11 2.43751686e-11
 1.34669620e-09 3.49578144e-11 5.25196775e-10 6.30181463e-11
 5.61741764e-11 4.07406331e-11 1.36050315e-09 3.20702687e-10
 3.02721181e-11 3.55267149e-10 2.80814483e-10 4.62078154e-11
 7.06922298e-11 8.37507619e-10 3.14581694e-11 3.68272079e-12
 1.67475001e-09 2.79568590e-11 3.04390513e-10 2.74081868e-10
 9.65916236e-11 1.84695925e-10 1.96449967e-10 4.37941017e-10
 4.19506652e-11 8.81528184e-12 1.00209974e-09 2.70054090e-10
 3.47297746e-11 6.21114271e-12 3.90925070e-11 4.39519532e-11
 9.65303726e-10 8.54548654e-11 2.73222001e-10 2.81146662e-10
 1.02885700e-10 5.78874726e-11 6.82954804e-11 2.06094031e-11
 1.43987045e-11 6.85952406e-11]","[2.55860945e-08 1.86444976e-08 2.13602961e-08 2.16417186e-08
 3.24801855e-08 1.58939082e-08 1.99768082e-08 1.71848663e-08
 3.78611004e-08 1.32698803e-08 2.83115708e-08 3.91230588e-08
 2.53847662e-08 1.30786629e-08 1.30575182e-08 1.00842655e-08
 1.57474980e-08 3.68244473e-08 2.20264943e-08 2.00636902e-08
 1.46626314e-08 2.07475310e-08 1.32170038e-08 2.56480747e-08
 2.56073880e-08 3.72269363e-08 1.52386218e-08 1.33911098e-08
 1.13642475e-08 2.53323754e-08 2.33281271e-08 1.87892271e-08
 4.10685024e-08 2.23274405e-08 3.42699006e-08 1.95125416e-08
 1.61849140e-08 3.23463273e-08 2.24810427e-08 1.72220759e-08
 1.66762520e-08 2.02999422e-08 3.50795007e-08 2.07075593e-08
 2.72162511e-08 1.16820218e-08 1.75050919e-08 3.82172543e-08
 1.85586490e-08 1.27686973e-08]","[1.e-05 1.e-05 1.e-05 1.e-05 1.e-05 1.e-05 1.e-05 1.e-05 1.e-05 1.e-05
 1.e-05 1.e-05 1.e-05 1.e-05 1.e-05 1.e-05 1.e-05 1.e-05 1.e-05 1.e-05
 1.e-05 1.e-05 1.e-05 1.e-05 1.e-05 1.e-05 1.e-05 1.e-05 1.e-05 1.e-05
 1.e-05 1.e-05 1.e-05 1.e-05 1.e-05 1.e-05 1.e-05 1.e-05 1.e-05 1.e-05
 1.e-05 1.e-05 1.e-05 1.e-05 1.e-05 1.e-05 1.e-05 1.e-05 1.e-05 1.e-05]","[1.e-05 1.e-05 1.e-05 1.e-05 1.e-05 1.e-05 1.e-05 1.e-05 1.e-05 1.e-05
 1.e-05 1.e-05 1.e-05 1.e-05 1.e-05 1.e-05 1.e-05 1.e-05 1.e-05 1.e-05
 1.e-05 1.e-05 1.e-05 1.e-05 1.e-05 1.e-05 1.e-05 1.e-05 1.e-05 1.e-05
 1.e-05 1.e-05 1.e-05 1.e-05 1.e-05 1.e-05 1.e-05 1.e-05 1.e-05 1.e-05
 1.e-05 1.e-05 1.e-05 1.e-05 1.e-05 1.e-05 1.e-05 1.e-05 1.e-05 1.e-05]","[0.13152429 0.13652551 0.14209848 0.13375421 0.14320794 0.13320752
 0.12050722 0.14150992 0.13667808 0.13858309 0.13032668 0.1511867
 0.14474913 0.15473347 0.1404143  0.13407542 0.1206996  0.15565259
 0.17130093 0.14030944 0.12879502 0.14185375 0.14088335 0.12448154
 0.1397637  0.12214916 0.14468443 0.14453657 0.14076088 0.1283683
 0.14107574 0.13349289 0.13551446 0.13486546 0.13432801 0.15140307
 0.14593956 0.12112517 0.12942528 0.12953869 0.14396316 0.14340395
 0.13220481 0.13450991 0.14942664 0.14823274 0.14404302 0.14716897
 0.1370993  0.12975921]","[0.3621089  0.37123762 0.3775319  0.38477689 0.3843894  0.38000694
 0.383225   0.3843022  0.37359012 0.36934561 0.37419582 0.37999027
 0.38158036 0.39374662 0.37756696 0.36751242 0.37772653 0.39471623
 0.36372221 0.38361212 0.38061031 0.38139453 0.37797646 0.38726426
 0.37325907 0.39202962 0.37819992 0.39386506 0.37251985 0.37233083
 0.38729259 0.38605903 0.38767762 0.37604423 0.38101789 0.39541959
 0.38627099 0.36624089 0.37393896 0.39080077 0.385461   0.36505939
 0.38723255 0.37683129 0.37589535 0.37970296 0.38684132 0.40274447
 0.3853871  0.38826722]","[1.25516725e-30 5.62092310e-33 1.06511353e-35 1.15448047e-31
 2.96618240e-36 2.08010456e-31 9.10913355e-26 2.08998525e-35
 4.75060200e-33 5.72230443e-34 4.44605697e-30 2.23779322e-40
 4.93916919e-37 2.78047287e-42 7.27447303e-35 8.15921688e-32
 7.55599332e-26 8.76825034e-43 8.77518511e-52 8.19260998e-35
 2.20302583e-29 1.41017719e-35 4.27008041e-35 1.80159084e-27
 1.51853913e-34 1.82959147e-26 5.32731755e-37 6.33187318e-37
 4.90819899e-35 3.42907930e-29 3.43011928e-35 1.53018000e-31
 1.70545554e-32 3.46213693e-32 6.20665719e-32 1.71733298e-40
 1.22036590e-37 4.99154521e-26 1.14294783e-29 1.01530142e-29
 1.23525153e-36 2.36403553e-36 6.08583280e-31 5.09534370e-32
 1.90008266e-39 7.99081813e-39 1.12564597e-36 2.84525131e-38
 2.98277074e-33 8.06227800e-30]","[1.93344951e-235 7.49203662e-248 1.28927612e-256 6.48475176e-267
 2.33580115e-266 4.14564769e-260 1.08864287e-264 3.11586055e-266
 4.15666401e-251 2.99258815e-245 5.97900342e-252 4.37732702e-260
 2.41826718e-262 5.58292163e-280 1.15095163e-256 9.59659570e-243
 6.86504696e-257 2.05842806e-281 1.31352727e-237 3.03974739e-265
 5.78275066e-261 4.44559544e-262 3.05441503e-257 1.67466382e-270
 1.19767483e-250 1.88329027e-277 1.47992861e-257 3.73249514e-280
 1.26741143e-249 2.31486474e-249 1.52372634e-270 9.24255948e-269
 4.21758673e-271 1.57425787e-254 1.52540251e-261 1.86726990e-282
 4.57000814e-269 5.15245158e-241 1.36122165e-251 1.19217979e-275
 6.72612268e-268 2.05727076e-239 1.86139377e-270 1.24239081e-255
 2.54325184e-254 1.11683547e-259 6.85338686e-270 1.93607548e-293
 8.59344625e-268 5.88293305e-272]","[0.00795221 0.0086416  0.00943589 0.00735128 0.00974572 0.00912309
 0.00870073 0.01061535 0.01115775 0.01281726 0.0095365  0.01108897
 0.00921941 0.0124048  0.00939274 0.00847149 0.00850952 0.01183975
 0.0152576  0.01014566 0.00920856 0.00737333 0.01244986 0.0058645
 0.01055396 0.00762939 0.00795639 0.01134443 0.00780737 0.00764406
 0.0100261  0.00859845 0.01130843 0.00979924 0.00959158 0.01363373
 0.01407433 0.0083859  0.00748801 0.00986588 0.0121268  0.0087682
 0.00885463 0.00969291 0.01058364 0.010939   0.0110873  0.00948918
 0.00853133 0.00620329]","[0.09953642 0.09963298 0.10996759 0.11132979 0.10246503 0.10278177
 0.10146129 0.10352337 0.098104   0.09423769 0.10158563 0.11101615
 0.10605073 0.11577237 0.11299193 0.10313988 0.09814489 0.11507821
 0.10066402 0.10296762 0.10449135 0.11614215 0.09693706 0.1078856
 0.09720504 0.10742593 0.11367595 0.11680508 0.1051743  0.10322642
 0.1105448  0.10776496 0.10629594 0.09853482 0.09651518 0.11661649
 0.0984484  0.09016812 0.09618843 0.10614967 0.10742581 0.09988153
 0.1084739  0.10469162 0.10821342 0.10303807 0.10774302 0.11940861
 0.10869753 0.11524868]","[0.06082741 0.06299898 0.06479613 0.05787408 0.0662645  0.06486715
 0.0641439  0.07009942 0.07317667 0.07582129 0.06535855 0.07124311
 0.06370096 0.07341248 0.06776307 0.06223507 0.06209187 0.07421588
 0.08262468 0.06722183 0.06378525 0.05630352 0.07235712 0.05321811
 0.0680121  0.06014675 0.06003279 0.07087161 0.05829368 0.05886342
 0.06543748 0.06279473 0.07144717 0.06536695 0.06545173 0.07795646
 0.07946014 0.0619855  0.05862934 0.06779863 0.07297725 0.06167639
 0.06473105 0.06574463 0.06907629 0.06948166 0.07043302 0.0641441
 0.06326765 0.05316144]","[0.24151319 0.2430066  0.25176947 0.25719038 0.24446771 0.24782558
 0.24452147 0.24487972 0.24208065 0.23462616 0.24173909 0.25430186
 0.24709893 0.25922421 0.26012662 0.24475404 0.23675598 0.26210076
 0.24201749 0.24697626 0.247194   0.25962082 0.23560455 0.25308609
 0.23774941 0.2496604  0.26083006 0.25886729 0.24967229 0.2464159
 0.25050687 0.25365496 0.24788052 0.24100634 0.24015996 0.25868203
 0.23531291 0.23039263 0.23904061 0.25039113 0.24669887 0.24273712
 0.25437676 0.24844099 0.25256051 0.24646265 0.25117743 0.2632941
 0.25357285 0.26284467]",9.215662074381407e-15,1.411073175096509e-116,6.418928253800937e-14,9.877259630698683e-116,2.8081874159369134e-10,2.2325571324977034e-08,3.9216490427862876e-10,8.341852489591835e-09,1e-05,1e-05,0.0,0.0,0.13847682576179504,0.38077038470506674,0.009739160197266122,0.008745702095163739,0.00976574182510376,0.10538938522338867,0.0019430846090295498,0.006654638420207608,0.06607285997044367,0.24829741792095603,0.006283452373884327,0.008067864712750616
df3,0.55,-1.0,0.55,"[6.60370667e-20 8.81076169e-22 6.83217462e-23 8.36667685e-15
 1.08277464e-14 4.05057199e-18 4.96114708e-24 6.42340318e-22
 1.74328977e-15 2.94303610e-17 4.36966274e-28 6.45842239e-15
 2.66308246e-20 5.74326505e-21 2.18494984e-19 1.96348850e-20
 9.43897459e-23 1.70510155e-18 8.92004797e-20 1.34933703e-13
 4.05057199e-18 6.60370667e-20 1.70510155e-18 2.67024896e-16
 2.03413945e-16 1.65262693e-21 6.60370667e-20 2.18494984e-19
 1.65262693e-21 2.95255083e-15 6.78067547e-17 4.88387176e-20
 1.27528784e-18 8.58131384e-26 3.60824945e-20 8.93744884e-17
 2.57505865e-23 2.18494984e-19 1.39985076e-14 4.58740572e-16
 6.45842239e-15 3.08714081e-21 1.54798729e-16 3.08714081e-21
 1.70487812e-25 2.57505865e-23 1.44619791e-20 1.26570821e-17
 8.93744884e-17 7.17482117e-18]","[2.11520456e-140 8.65193381e-137 3.14502261e-133 1.96307101e-144
 3.57314355e-145 8.08221677e-132 3.11577768e-125 1.02479477e-135
 1.20103174e-134 6.47280639e-146 8.49373747e-173 4.93392456e-150
 1.60309113e-156 1.16697210e-146 3.14502261e-133 1.97454306e-136
 1.70527622e-141 2.43788785e-166 3.14502261e-133 4.06843613e-131
 2.26605441e-129 1.09619158e-152 4.55776756e-153 3.89773873e-156
 6.44036529e-126 1.12671987e-139 2.43788785e-166 3.73908448e-148
 7.34927700e-142 8.38015691e-145 2.43788785e-166 1.60309113e-156
 8.38015691e-145 4.93392456e-150 1.34579277e-154 6.47280639e-146
 6.64504909e-149 6.16042076e-134 1.97454306e-136 7.09357420e-133
 4.59306180e-144 5.53102464e-128 2.50543477e-143 6.26869005e-113
 3.95211198e-141 1.52170582e-145 1.50038437e-124 2.09388117e-147
 8.85357293e-148 3.59598810e-132]","[6.60370667e-20 8.81076169e-22 6.83217462e-23 8.36667685e-15
 1.08277464e-14 4.05057199e-18 4.96114708e-24 6.42340318e-22
 1.74328977e-15 2.94303610e-17 4.36966274e-28 6.45842239e-15
 2.66308246e-20 5.74326505e-21 2.18494984e-19 1.96348850e-20
 9.43897459e-23 1.70510155e-18 8.92004797e-20 1.34933703e-13
 4.05057199e-18 6.60370667e-20 1.70510155e-18 2.67024896e-16
 2.03413945e-16 1.65262693e-21 6.60370667e-20 2.18494984e-19
 1.65262693e-21 2.95255083e-15 6.78067547e-17 4.88387176e-20
 1.27528784e-18 8.58131384e-26 3.60824945e-20 8.93744884e-17
 2.57505865e-23 2.18494984e-19 1.39985076e-14 4.58740572e-16
 6.45842239e-15 3.08714081e-21 1.54798729e-16 3.08714081e-21
 1.70487812e-25 2.57505865e-23 1.44619791e-20 1.26570821e-17
 8.93744884e-17 7.17482117e-18]","[2.11520456e-140 8.65193381e-137 3.14502261e-133 1.96307101e-144
 3.57314355e-145 8.08221677e-132 3.11577768e-125 1.02479477e-135
 1.20103174e-134 6.47280639e-146 8.49373747e-173 4.93392456e-150
 1.60309113e-156 1.16697210e-146 3.14502261e-133 1.97454306e-136
 1.70527622e-141 2.43788785e-166 3.14502261e-133 4.06843613e-131
 2.26605441e-129 1.09619158e-152 4.55776756e-153 3.89773873e-156
 6.44036529e-126 1.12671987e-139 2.43788785e-166 3.73908448e-148
 7.34927700e-142 8.38015691e-145 2.43788785e-166 1.60309113e-156
 8.38015691e-145 4.93392456e-150 1.34579277e-154 6.47280639e-146
 6.64504909e-149 6.16042076e-134 1.97454306e-136 7.09357420e-133
 4.59306180e-144 5.53102464e-128 2.50543477e-143 6.26869005e-113
 3.95211198e-141 1.52170582e-145 1.50038437e-124 2.09388117e-147
 8.85357293e-148 3.59598810e-132]","[1.20940702e-10 2.43088993e-10 1.16996113e-09 4.52546223e-10
 1.62521108e-10 5.76489967e-11 6.91721125e-11 4.37875292e-11
 1.15404797e-10 5.23515675e-11 1.91155480e-09 1.80651050e-10
 4.33264757e-10 5.69233771e-10 9.99625160e-10 1.38257961e-10
 1.84821047e-11 6.81837919e-11 1.65240044e-10 5.68229130e-10
 9.02833364e-12 1.16550769e-10 1.14918075e-11 8.36708480e-12
 5.67834668e-12 5.81485970e-10 1.60159708e-09 4.71416906e-10
 7.81967380e-10 3.86402021e-12 9.78852555e-11 2.78116419e-10
 7.31034344e-10 5.20267163e-11 5.52929813e-10 2.51506815e-10
 1.93062011e-10 1.29649180e-10 2.81979995e-11 2.93422064e-10
 1.73151493e-11 2.18154939e-10 2.20974350e-11 1.31521471e-09
 2.85583224e-10 1.82240667e-10 4.42802461e-10 8.40659764e-11
 3.27157412e-10 1.88411509e-11]","[1.67152310e-08 3.78826774e-08 3.86621046e-08 2.37459233e-08
 2.48416973e-08 1.78653325e-08 3.59936830e-08 2.14133302e-08
 3.46938228e-08 2.31443283e-08 2.19044927e-08 1.95414257e-08
 1.52365925e-08 1.80290214e-08 3.12848758e-08 3.57532162e-08
 1.52732192e-08 1.66778384e-08 1.36799231e-08 1.19114236e-08
 1.90857296e-08 2.18815654e-08 3.12435195e-08 3.77950339e-08
 2.20245066e-08 2.56417445e-08 2.04106416e-08 1.41165792e-08
 1.97491639e-08 3.84496393e-08 3.47232081e-08 2.76804806e-08
 1.88277761e-08 1.72975911e-08 3.66935292e-08 1.80113181e-08
 1.48987307e-08 2.17585551e-08 3.11663277e-08 2.19656873e-08
 1.67984040e-08 1.12787966e-08 4.08158125e-08 1.68391461e-08
 4.22517047e-08 3.29107843e-08 1.26721649e-08 3.18732580e-08
 2.14708646e-08 2.29799985e-08]","[1.e-05 1.e-05 1.e-05 1.e-05 1.e-05 1.e-05 1.e-05 1.e-05 1.e-05 1.e-05
 1.e-05 1.e-05 1.e-05 1.e-05 1.e-05 1.e-05 1.e-05 1.e-05 1.e-05 1.e-05
 1.e-05 1.e-05 1.e-05 1.e-05 1.e-05 1.e-05 1.e-05 1.e-05 1.e-05 1.e-05
 1.e-05 1.e-05 1.e-05 1.e-05 1.e-05 1.e-05 1.e-05 1.e-05 1.e-05 1.e-05
 1.e-05 1.e-05 1.e-05 1.e-05 1.e-05 1.e-05 1.e-05 1.e-05 1.e-05 1.e-05]","[1.e-05 1.e-05 1.e-05 1.e-05 1.e-05 1.e-05 1.e-05 1.e-05 1.e-05 1.e-05
 1.e-05 1.e-05 1.e-05 1.e-05 1.e-05 1.e-05 1.e-05 1.e-05 1.e-05 1.e-05
 1.e-05 1.e-05 1.e-05 1.e-05 1.e-05 1.e-05 1.e-05 1.e-05 1.e-05 1.e-05
 1.e-05 1.e-05 1.e-05 1.e-05 1.e-05 1.e-05 1.e-05 1.e-05 1.e-05 1.e-05
 1.e-05 1.e-05 1.e-05 1.e-05 1.e-05 1.e-05 1.e-05 1.e-05 1.e-05 1.e-05]","[0.13728204 0.14399918 0.14671517 0.12205098 0.12417131 0.13229614
 0.12539557 0.14041182 0.116459   0.1173479  0.1494939  0.12293219
 0.14077217 0.13523296 0.13237561 0.13424457 0.1435529  0.13138959
 0.1312147  0.12348514 0.12342659 0.13378448 0.12709059 0.12101868
 0.12262397 0.12230134 0.12638743 0.14462079 0.13352527 0.12645854
 0.11912196 0.13342854 0.13416697 0.14272068 0.13839853 0.12043176
 0.14026765 0.12149846 0.12773511 0.11441723 0.12816534 0.13061956
 0.12348702 0.13918802 0.14133472 0.14474872 0.14055697 0.12407038
 0.1352292  0.1270841 ]","[0.39569205 0.41125157 0.39020572 0.40112113 0.39735227 0.38149426
 0.38278639 0.39317433 0.38667843 0.39951905 0.41752199 0.40030179
 0.40768447 0.39812801 0.38695634 0.38239592 0.39920574 0.41802149
 0.38254148 0.3880626  0.37817636 0.39975676 0.38838345 0.40385433
 0.38350937 0.3971772  0.41746924 0.39829171 0.39248172 0.41451221
 0.41780673 0.39151542 0.38276623 0.41109229 0.3905184  0.38920134
 0.41493265 0.38480028 0.3930104  0.38304248 0.392775   0.37887071
 0.40034377 0.37101145 0.38969692 0.3994349  0.38183665 0.38707298
 0.40222629 0.39254343]","[2.43632627e-33 1.18455910e-36 4.87717940e-38 2.01515343e-26
 2.45848806e-27 5.52076070e-31 7.17599844e-28 7.29496946e-35
 4.33968734e-24 1.87923808e-24 1.75176953e-39 8.44375278e-27
 4.84563011e-35 2.31954649e-32 5.07170063e-31 6.79402919e-32
 1.98919150e-36 1.44789561e-30 1.74252752e-30 4.87617955e-27
 5.16867251e-27 1.11736458e-31 1.27841825e-28 5.53796551e-26
 1.14546179e-26 1.57491795e-26 2.62247518e-28 5.73863004e-37
 1.47773155e-31 2.43913575e-28 3.46892276e-25 1.63997123e-31
 7.38962825e-32 5.20685665e-36 7.03375725e-34 9.80136655e-26
 8.58973370e-35 3.46549414e-26 6.59353879e-29 2.89576016e-23
 4.23002626e-29 3.26677300e-30 4.86706145e-27 2.90388637e-34
 2.55297954e-35 4.94153027e-37 6.18747023e-35 2.71969846e-27
 2.32908976e-32 1.28694649e-28]","[7.35974276e-283 1.70297103e-306 8.83648966e-275 5.51675060e-291
 2.48857820e-285 3.20652280e-262 4.61163328e-264 3.89860165e-279
 1.17866802e-269 1.42193588e-288 2.51507832e-316 9.46767431e-290
 5.55745136e-301 1.72686732e-286 4.67250795e-270 1.66458915e-263
 4.19848347e-288 4.07217008e-317 1.03173553e-263 1.16587001e-271
 1.59743634e-257 6.24915587e-289 3.98814885e-272 3.99859333e-295
 4.26536808e-265 4.54022895e-285 3.04785164e-316 9.82649479e-287
 4.07861780e-278 1.38463582e-311 8.91111522e-317 1.07031892e-276
 4.92774208e-264 3.01037255e-306 3.08559876e-275 2.57720098e-273
 3.03074350e-312 6.00185961e-267 6.79867206e-279 1.98558380e-264
 1.51019619e-278 1.67610734e-258 8.18581131e-290 1.53594827e-247
 4.88543994e-274 1.90199133e-288 1.04375479e-262 3.16805325e-270
 1.17967514e-292 3.30946579e-278]","[0.01096034 0.0102731  0.00923562 0.00897372 0.00717497 0.01011276
 0.00748765 0.01081133 0.00753987 0.0070442  0.01392019 0.00728583
 0.01116371 0.00729752 0.00940979 0.00811744 0.00965095 0.00880027
 0.00703037 0.0087806  0.00745976 0.00994325 0.00733387 0.00918591
 0.00823414 0.00749171 0.00679994 0.01008892 0.0086962  0.00747657
 0.00791979 0.00955868 0.00985026 0.01167715 0.01035082 0.00901449
 0.01180601 0.00699925 0.00957596 0.00572276 0.00942183 0.00677836
 0.01135814 0.00844753 0.01195288 0.01415002 0.01058304 0.00868881
 0.00937867 0.00900948]","[0.1091423  0.12361634 0.12104702 0.11166954 0.11425209 0.1067245
 0.11177742 0.11119938 0.10040867 0.12188327 0.11275303 0.11156416
 0.11183894 0.11861682 0.11390805 0.11113036 0.12106752 0.12526643
 0.10806739 0.10138106 0.09442019 0.10339332 0.11462426 0.11864579
 0.09702635 0.11702442 0.12245798 0.11184871 0.11274219 0.12351656
 0.13275993 0.10958254 0.10260201 0.12182069 0.11085856 0.11422694
 0.11887527 0.11291111 0.10271907 0.10535717 0.10889375 0.10996628
 0.10560036 0.10682535 0.11023867 0.11052299 0.10298502 0.10429168
 0.11906886 0.11083591]","[0.06924085 0.06657786 0.06441576 0.0663002  0.05625299 0.06821877
 0.05787993 0.07146687 0.05897336 0.05681766 0.07970997 0.05916661
 0.07230473 0.05779865 0.06427546 0.06079964 0.06521876 0.06236852
 0.05761116 0.06508573 0.05816793 0.06815404 0.05566036 0.06555124
 0.06214437 0.05785239 0.057891   0.06624913 0.06182752 0.05801699
 0.05990301 0.06575221 0.06741524 0.07096191 0.06617424 0.06491535
 0.07168163 0.05739551 0.06619251 0.05050901 0.06841964 0.05533371
 0.07190093 0.06217621 0.07211292 0.07914029 0.06845774 0.06193923
 0.0647504  0.06257021]","[0.2515449  0.26735155 0.26473576 0.25752805 0.25696999 0.24938878
 0.25664838 0.25357774 0.24460604 0.26571471 0.25449654 0.25740686
 0.25736945 0.26580274 0.25921375 0.25473299 0.26813812 0.26871753
 0.25423121 0.24584123 0.23702439 0.24737846 0.25854181 0.26353815
 0.23888857 0.262149   0.27066378 0.25443083 0.25798607 0.26987498
 0.27791571 0.25290497 0.24658072 0.26189394 0.25353439 0.25912564
 0.26064714 0.25849982 0.24358302 0.24927528 0.25725926 0.25760534
 0.24523114 0.25302741 0.25301627 0.250839   0.2467124  0.24515884
 0.26179258 0.25329839]",3.742660139487856e-15,1.2537380104070917e-114,1.896600973936955e-14,8.77616607282283e-114,3.330579434468461e-10,2.435124841770886e-08,4.1985110471729134e-10,8.698246042840574e-09,1e-05,1e-05,0.0,0.0,0.13117462920188905,0.394964114215374,0.008865263227358568,0.011625205627747383,0.009120488166809082,0.11207912445068359,0.0017968707902272238,0.007664229702378635,0.06399400697321872,0.25604787193075057,0.006043201368692307,0.008413975833947469
df3,0.6000000000000001,-1.0,0.6000000000000001,"[2.27745029e-18 2.27745029e-18 4.58740572e-16 1.70510155e-18
 2.33262567e-14 2.22374207e-17 3.87118023e-14 2.20772463e-13
 1.74328977e-15 9.19151252e-11 3.87118023e-14 3.95007214e-19
 4.90739183e-12 9.19151252e-11 4.58538879e-13 5.39368124e-18
 4.58538879e-13 1.51920849e-12 2.95255083e-15 5.13913233e-17
 7.17482117e-18 3.50171296e-16 1.80794013e-14 4.73751051e-25
 7.11203305e-19 7.84899525e-16 1.33749750e-15 1.20365650e-19
 1.44619791e-20 1.80794013e-14 7.82155399e-21 2.27745029e-18
 1.42091476e-10 1.80794013e-14 2.43574207e-12 5.39368124e-18
 1.54798729e-16 1.17682447e-16 1.70510155e-18 1.05328756e-13
 1.02511949e-15 6.83217462e-23 8.21358136e-14 1.02511949e-15
 1.72684385e-13 8.93744884e-17 6.60370667e-20 4.97944383e-14
 9.53441021e-18 6.45842239e-15]","[1.85265048e-158 2.11520456e-140 5.54414590e-172 1.89275526e-153
 5.93631016e-164 4.88474039e-140 6.31809023e-152 1.97454306e-136
 7.56450039e-159 1.51408902e-151 1.36018053e-142 4.59306180e-144
 2.29586024e-155 1.17530003e-149 7.85078471e-154 3.57314355e-145
 2.63328336e-152 1.60309113e-156 3.41677257e-161 4.88474039e-140
 2.75002067e-146 2.09388117e-147 1.57721865e-148 3.97632682e-186
 2.75002067e-146 4.53189266e-158 2.79630084e-149 2.71351259e-127
 1.25652552e-159 8.42942072e-161 5.97340427e-139 1.09619158e-152
 1.39274712e-133 2.25889419e-162 8.66394516e-151 7.63577865e-175
 5.90593359e-170 4.59306180e-144 4.53189266e-158 1.09619158e-152
 5.59326537e-162 3.89773873e-156 3.62405363e-151 7.34927700e-142
 9.16040170e-171 5.54414590e-172 4.06755305e-189 2.17137680e-172
 3.16357866e-142 5.93631016e-164]","[2.27745029e-18 2.27745029e-18 4.58740572e-16 1.70510155e-18
 2.33262567e-14 2.22374207e-17 3.87118023e-14 2.20772463e-13
 1.74328977e-15 9.19151252e-11 3.87118023e-14 3.95007214e-19
 4.90739183e-12 9.19151252e-11 4.58538879e-13 5.39368124e-18
 4.58538879e-13 1.51920849e-12 2.95255083e-15 5.13913233e-17
 7.17482117e-18 3.50171296e-16 1.80794013e-14 4.73751051e-25
 7.11203305e-19 7.84899525e-16 1.33749750e-15 1.20365650e-19
 1.44619791e-20 1.80794013e-14 7.82155399e-21 2.27745029e-18
 1.42091476e-10 1.80794013e-14 2.43574207e-12 5.39368124e-18
 1.54798729e-16 1.17682447e-16 1.70510155e-18 1.05328756e-13
 1.02511949e-15 6.83217462e-23 8.21358136e-14 1.02511949e-15
 1.72684385e-13 8.93744884e-17 6.60370667e-20 4.97944383e-14
 9.53441021e-18 6.45842239e-15]","[1.85265048e-158 2.11520456e-140 5.54414590e-172 1.89275526e-153
 5.93631016e-164 4.88474039e-140 6.31809023e-152 1.97454306e-136
 7.56450039e-159 1.51408902e-151 1.36018053e-142 4.59306180e-144
 2.29586024e-155 1.17530003e-149 7.85078471e-154 3.57314355e-145
 2.63328336e-152 1.60309113e-156 3.41677257e-161 4.88474039e-140
 2.75002067e-146 2.09388117e-147 1.57721865e-148 3.97632682e-186
 2.75002067e-146 4.53189266e-158 2.79630084e-149 2.71351259e-127
 1.25652552e-159 8.42942072e-161 5.97340427e-139 1.09619158e-152
 1.39274712e-133 2.25889419e-162 8.66394516e-151 7.63577865e-175
 5.90593359e-170 4.59306180e-144 4.53189266e-158 1.09619158e-152
 5.59326537e-162 3.89773873e-156 3.62405363e-151 7.34927700e-142
 9.16040170e-171 5.54414590e-172 4.06755305e-189 2.17137680e-172
 3.16357866e-142 5.93631016e-164]","[3.10494408e-10 8.61020144e-11 4.74498218e-12 2.62343480e-11
 3.48336915e-11 2.23734364e-11 6.22932816e-10 4.74897899e-12
 8.14749046e-10 4.42739179e-11 1.25790489e-11 2.83631674e-10
 2.70129474e-11 1.64167013e-10 6.46804832e-12 6.70781208e-10
 9.95576954e-11 7.40110528e-10 6.79491019e-10 6.12311313e-11
 1.28480560e-11 2.07152073e-11 1.07945874e-11 1.79402182e-09
 1.45232937e-10 8.95827856e-12 4.55502303e-12 5.26523269e-11
 1.21125143e-09 4.91784391e-12 2.83108648e-10 9.73180425e-11
 1.65568337e-10 1.52839963e-11 2.56779042e-11 1.44914969e-10
 7.63900054e-12 9.94804239e-12 6.99643676e-11 3.06869974e-10
 2.27115549e-10 2.59289257e-11 3.08349235e-10 1.23936417e-11
 2.80094836e-11 3.77586851e-12 1.49549706e-10 1.38455136e-10
 1.27166055e-11 4.96316543e-10]","[3.76225493e-08 3.39304231e-08 2.61608740e-08 2.78407154e-08
 1.79395135e-08 3.25528444e-08 3.19234231e-08 3.95120590e-08
 2.05821091e-08 2.18384354e-08 1.44632407e-08 2.35612432e-08
 1.73436956e-08 2.61950110e-08 2.64135046e-08 2.63783405e-08
 3.11464541e-08 4.45332101e-08 2.24744225e-08 3.76290085e-08
 1.50986219e-08 4.46557118e-08 1.71018826e-08 3.48088636e-08
 3.02287855e-08 2.29986322e-08 1.90338212e-08 1.57615840e-08
 1.57691222e-08 2.99536559e-08 1.62193371e-08 3.60752436e-08
 3.13776070e-08 1.87368308e-08 3.69449923e-08 3.25941413e-08
 4.44539685e-08 1.51694042e-08 4.61139186e-08 2.45948709e-08
 2.07995509e-08 1.70933433e-08 3.44419527e-08 1.46916069e-08
 3.24050069e-08 3.23356850e-08 2.90404416e-08 4.62383182e-08
 4.02381732e-08 2.69821435e-08]","[1.e-05 1.e-05 1.e-05 1.e-05 1.e-05 1.e-05 1.e-05 1.e-05 1.e-05 1.e-05
 1.e-05 1.e-05 1.e-05 1.e-05 1.e-05 1.e-05 1.e-05 1.e-05 1.e-05 1.e-05
 1.e-05 1.e-05 1.e-05 1.e-05 1.e-05 1.e-05 1.e-05 1.e-05 1.e-05 1.e-05
 1.e-05 1.e-05 1.e-05 1.e-05 1.e-05 1.e-05 1.e-05 1.e-05 1.e-05 1.e-05
 1.e-05 1.e-05 1.e-05 1.e-05 1.e-05 1.e-05 1.e-05 1.e-05 1.e-05 1.e-05]","[1.e-05 1.e-05 1.e-05 1.e-05 1.e-05 1.e-05 1.e-05 1.e-05 1.e-05 1.e-05
 1.e-05 1.e-05 1.e-05 1.e-05 1.e-05 1.e-05 1.e-05 1.e-05 1.e-05 1.e-05
 1.e-05 1.e-05 1.e-05 1.e-05 1.e-05 1.e-05 1.e-05 1.e-05 1.e-05 1.e-05
 1.e-05 1.e-05 1.e-05 1.e-05 1.e-05 1.e-05 1.e-05 1.e-05 1.e-05 1.e-05
 1.e-05 1.e-05 1.e-05 1.e-05 1.e-05 1.e-05 1.e-05 1.e-05 1.e-05 1.e-05]","[0.12940308 0.1203763  0.10939263 0.13656286 0.11311097 0.11888075
 0.11047019 0.10659379 0.11677353 0.11519192 0.11684561 0.13727328
 0.1096111  0.10597833 0.11710406 0.12564408 0.1076972  0.09742969
 0.11910303 0.12172676 0.11369019 0.11197093 0.12368226 0.12937463
 0.11970691 0.11250221 0.13124537 0.13133211 0.12988262 0.10591983
 0.11442279 0.13277321 0.09572378 0.1203305  0.1014937  0.12329329
 0.12100736 0.13257147 0.11482163 0.10762498 0.10576439 0.13121978
 0.11959895 0.12112773 0.11195924 0.12062655 0.1192044  0.1029521
 0.11741496 0.11660269]","[0.40641874 0.40021307 0.43047763 0.42058638 0.42428634 0.39453383
 0.41355655 0.39471799 0.42526146 0.40386595 0.40244188 0.39064118
 0.4125687  0.41800529 0.41640501 0.40487688 0.41354971 0.40098177
 0.4153865  0.40986456 0.39981693 0.39465077 0.40272736 0.43184702
 0.40513295 0.42322697 0.41248163 0.38971289 0.4136985  0.42077165
 0.38596748 0.4022406  0.37859073 0.42166148 0.41277022 0.42413653
 0.42173536 0.40302497 0.41084575 0.42416169 0.42918545 0.4124661
 0.40735649 0.41389958 0.42618571 0.42041069 0.42886507 0.42462852
 0.39573091 0.41161769]","[1.16973726e-29 1.03431712e-25 2.67643083e-21 5.39420677e-33
 9.58070497e-23 4.37137874e-25 1.03155526e-21 3.04718406e-20
 3.22969999e-24 1.41494926e-23 3.01795469e-24 2.46007928e-33
 2.20768640e-21 5.15796441e-20 2.36573482e-24 5.58054006e-28
 1.17692486e-20 5.61535953e-17 3.53252474e-25 2.77079736e-26
 5.64583455e-23 2.69141808e-22 4.00691609e-27 1.20498977e-29
 1.97609967e-25 1.66534000e-22 1.68687537e-30 1.53882305e-30
 7.08504030e-30 5.42167824e-20 2.88097740e-23 3.31488878e-31
 2.11158215e-16 1.08128032e-25 2.17641108e-18 5.90113185e-27
 5.59942754e-26 4.11383161e-31 1.99375280e-23 1.25291580e-20
 6.18902827e-20 1.73319339e-30 2.19283035e-25 4.97907025e-26
 2.71992444e-22 8.11218373e-26 3.20498078e-25 6.56122467e-19
 1.76377598e-24 3.79217905e-24]","[4.87129088e-299 1.28746126e-289 0.00000000e+000 3.37940902e-321
 0.00000000e+000 3.83242202e-281 4.34587429e-310 2.04605097e-281
 0.00000000e+000 3.83913074e-295 5.56392775e-293 2.04079970e-275
 1.51676578e-308 4.32005961e-317 1.46119445e-314 1.10819618e-296
 4.45426225e-310 8.95125813e-291 5.86721817e-313 2.40916063e-304
 5.07476004e-289 2.57293980e-281 2.05520447e-293 0.00000000e+000
 4.50722929e-297 0.00000000e+000 2.07344056e-308 4.63028721e-274
 2.60624375e-310 1.69958582e-321 1.25270838e-268 1.12230700e-292
 4.16248185e-258 0.00000000e+000 7.35409229e-309 0.00000000e+000
 0.00000000e+000 7.27071195e-294 7.26712900e-306 0.00000000e+000
 0.00000000e+000 2.19234918e-308 1.77408795e-300 1.26270097e-310
 0.00000000e+000 6.47225996e-321 0.00000000e+000 0.00000000e+000
 6.44420414e-283 4.59270630e-307]","[0.00928736 0.00677836 0.00736761 0.01129389 0.00624347 0.00684154
 0.00771332 0.0076884  0.00724506 0.00791967 0.00629127 0.01153564
 0.00657177 0.00722528 0.00722313 0.00858188 0.00626528 0.00529444
 0.00840402 0.0063442  0.00779688 0.00609756 0.0091002  0.01005316
 0.00895619 0.00690103 0.01019692 0.00943112 0.00702751 0.00767875
 0.00742221 0.00857604 0.00465894 0.00971448 0.00453269 0.00944161
 0.00791836 0.01038897 0.00723422 0.00732505 0.00585258 0.00889075
 0.00669122 0.00824714 0.00937998 0.00747919 0.00820208 0.00681961
 0.0064261  0.00643337]","[0.11114168 0.11188018 0.13619184 0.13029814 0.13193774 0.10577238
 0.11316955 0.11804831 0.13049698 0.11542094 0.12480509 0.1132021
 0.12769687 0.12589037 0.12078631 0.11239231 0.1239574  0.11342347
 0.12566078 0.12234771 0.10731685 0.11688638 0.10581064 0.12954068
 0.1155175  0.12721264 0.11823905 0.09915721 0.12487328 0.1305263
 0.10874653 0.12415123 0.10262358 0.12767303 0.1230911  0.13447797
 0.12985694 0.1097635  0.12120867 0.12492001 0.1229701  0.12212062
 0.11745393 0.11623979 0.12882638 0.12789214 0.12182164 0.11765993
 0.10396826 0.13291407]","[0.06483533 0.05544232 0.05893779 0.07297944 0.05363734 0.05722948
 0.06102489 0.06033991 0.05778425 0.0607239  0.05447951 0.07128054
 0.05548834 0.05848258 0.05865243 0.06445502 0.05462729 0.04939209
 0.06302017 0.05343936 0.05975912 0.05272484 0.06510011 0.06852974
 0.06355757 0.05710569 0.06817324 0.06528316 0.05646876 0.06006168
 0.05964522 0.06212525 0.0477487  0.06779381 0.04606572 0.06654803
 0.05958099 0.07172586 0.05730179 0.0590659  0.05314363 0.06421226
 0.05538426 0.06135085 0.0659403  0.05837539 0.06290922 0.05782479
 0.0535933  0.05411316]","[0.25558014 0.2568816  0.28215152 0.27573351 0.27772186 0.24920705
 0.25810358 0.26336541 0.27725147 0.26127997 0.27528917 0.25678646
 0.27453835 0.2723089  0.26939459 0.26041542 0.26882619 0.25897633
 0.27147982 0.26975368 0.25092912 0.26401015 0.24901641 0.27513345
 0.25826654 0.27380583 0.26203139 0.24106282 0.27301253 0.27689773
 0.25453099 0.26897553 0.24882319 0.27086699 0.26935727 0.28030564
 0.27523779 0.25331098 0.26752061 0.27132727 0.26887288 0.26837384
 0.26401245 0.26257417 0.27312099 0.27210026 0.26657286 0.26389502
 0.24897649 0.28140174]",6.730069207797344e-12,5.427027963009404e-129,2.6402622463830212e-11,3.798917581637313e-128,2.102273888304751e-10,2.8039965891402118e-08,3.439920105582331e-10,9.313900512632424e-09,1e-05,1e-05,0.0,0.0,0.11750019454956057,0.41096374246120454,0.009825234625581273,0.012458122794444582,0.007739789485931396,0.12015960216522217,0.0015421416708546508,0.008968168672782738,0.05974928654479388,0.26578735860094577,0.005922823404529183,0.00973783422624138
df3,0.65,-1.0,0.65,"[2.33262567e-14 3.03909276e-11 4.58538879e-13 7.38137688e-11
 4.97944383e-14 3.03909276e-11 1.74328977e-15 1.51920849e-12
 4.58740572e-16 9.19151252e-11 7.78867068e-12 1.72684385e-13
 3.88941584e-12 2.81965513e-13 1.74328977e-15 9.79737413e-12
 4.58538879e-13 9.79737413e-12 1.08277464e-14 2.20772463e-13
 4.97944383e-14 1.74328977e-15 1.70510155e-18 3.79972059e-11
 2.95255083e-15 9.79737413e-12 1.51920849e-12 3.87118023e-14
 4.74591296e-11 1.70510155e-18 1.19798113e-12 5.12353012e-10
 6.00359848e-16 6.32216726e-10 4.58740572e-16 9.43717929e-13
 4.90739183e-12 2.43574207e-12 1.76400398e-10 9.79737413e-12
 7.17482117e-18 1.05328756e-13 6.45842239e-15 5.97265054e-09
 3.50171296e-16 9.19151252e-11 2.43574207e-12 9.53441021e-18
 4.58740572e-16 1.80794013e-14]","[4.60436904e-181 1.10723264e-157 1.17530003e-149 2.38284114e-164
 1.29483446e-173 1.38399900e-183 1.41383100e-171 2.07706765e-160
 1.09179716e-188 6.10046832e-168 2.25889419e-162 6.31809023e-152
 3.60100749e-171 8.42942072e-161 8.42942072e-161 9.57936136e-169
 3.60100749e-171 5.59326537e-162 8.38015691e-145 9.89641318e-178
 4.88474039e-140 9.55305708e-165 1.25652552e-159 9.71405854e-167
 1.46437154e-178 2.29586024e-155 2.25889419e-162 6.11074430e-166
 3.86593734e-167 1.53665271e-167 8.85357293e-148 6.58533558e-157
 9.71405854e-167 1.53665271e-167 3.16357866e-142 1.14970548e-175
 5.04621141e-174 7.56450039e-159 1.57721865e-148 9.71405854e-167
 2.17137680e-172 3.08488950e-159 2.38284114e-164 1.75465082e-181
 1.36018053e-142 1.16697210e-146 3.41677257e-161 8.66394516e-151
 1.38326502e-161 5.04621141e-174]","[2.33262567e-14 3.03909276e-11 4.58538879e-13 7.38137688e-11
 4.97944383e-14 3.03909276e-11 1.74328977e-15 1.51920849e-12
 4.58740572e-16 9.19151252e-11 7.78867068e-12 1.72684385e-13
 3.88941584e-12 2.81965513e-13 1.74328977e-15 9.79737413e-12
 4.58538879e-13 9.79737413e-12 1.08277464e-14 2.20772463e-13
 4.97944383e-14 1.74328977e-15 1.70510155e-18 3.79972059e-11
 2.95255083e-15 9.79737413e-12 1.51920849e-12 3.87118023e-14
 4.74591296e-11 1.70510155e-18 1.19798113e-12 5.12353012e-10
 6.00359848e-16 6.32216726e-10 4.58740572e-16 9.43717929e-13
 4.90739183e-12 2.43574207e-12 1.76400398e-10 9.79737413e-12
 7.17482117e-18 1.05328756e-13 6.45842239e-15 5.97265054e-09
 3.50171296e-16 9.19151252e-11 2.43574207e-12 9.53441021e-18
 4.58740572e-16 1.80794013e-14]","[4.60436904e-181 1.10723264e-157 1.17530003e-149 2.38284114e-164
 1.29483446e-173 1.38399900e-183 1.41383100e-171 2.07706765e-160
 1.09179716e-188 6.10046832e-168 2.25889419e-162 6.31809023e-152
 3.60100749e-171 8.42942072e-161 8.42942072e-161 9.57936136e-169
 3.60100749e-171 5.59326537e-162 8.38015691e-145 9.89641318e-178
 4.88474039e-140 9.55305708e-165 1.25652552e-159 9.71405854e-167
 1.46437154e-178 2.29586024e-155 2.25889419e-162 6.11074430e-166
 3.86593734e-167 1.53665271e-167 8.85357293e-148 6.58533558e-157
 9.71405854e-167 1.53665271e-167 3.16357866e-142 1.14970548e-175
 5.04621141e-174 7.56450039e-159 1.57721865e-148 9.71405854e-167
 2.17137680e-172 3.08488950e-159 2.38284114e-164 1.75465082e-181
 1.36018053e-142 1.16697210e-146 3.41677257e-161 8.66394516e-151
 1.38326502e-161 5.04621141e-174]","[1.86692883e-11 3.07678882e-10 8.84365914e-11 2.77629031e-11
 7.81408271e-12 1.51449520e-10 1.13770104e-11 8.21760882e-10
 8.51363424e-11 4.26593205e-11 5.54530089e-10 3.93750588e-11
 1.45071066e-10 6.77345402e-10 3.20647953e-11 3.95228295e-12
 4.49683180e-10 1.00494613e-10 1.80410131e-11 6.63851307e-10
 7.84062815e-11 6.40808517e-11 2.04501749e-10 6.48617826e-11
 1.07854836e-11 7.38776706e-10 4.21227053e-10 1.01358921e-11
 8.19493362e-11 5.60620439e-11 5.49591705e-10 2.83498780e-11
 4.62809790e-11 8.13804579e-11 6.42580100e-10 1.23861144e-10
 1.48192680e-10 3.05101389e-10 5.38502576e-11 2.56179411e-10
 2.31131447e-10 9.55813206e-12 2.93789437e-10 2.60382826e-11
 1.50399693e-11 6.05424599e-11 8.32782732e-11 3.72688658e-10
 1.45122803e-11 1.81701321e-11]","[3.07025875e-08 4.46401179e-08 2.52185686e-08 3.38971257e-08
 3.16812144e-08 2.53456466e-08 3.72583790e-08 2.48698924e-08
 2.72889388e-08 4.74904979e-08 4.73936426e-08 3.37955431e-08
 1.96195460e-08 3.37936656e-08 1.93151561e-08 4.18021476e-08
 4.12101995e-08 3.00936470e-08 1.29591350e-08 2.38495427e-08
 1.47033787e-08 3.21758574e-08 4.12546493e-08 4.06236169e-08
 3.53776470e-08 2.97355249e-08 2.15524132e-08 3.78574707e-08
 2.25158812e-08 2.27432664e-08 2.28251891e-08 3.26188668e-08
 3.54145849e-08 1.99564165e-08 2.46880612e-08 1.70108276e-08
 4.85576912e-08 2.06896962e-08 3.64076692e-08 3.36552219e-08
 4.22143053e-08 2.19349883e-08 2.01594862e-08 4.47845602e-08
 2.56855865e-08 2.90454593e-08 1.69631363e-08 2.96532825e-08
 2.25826335e-08 5.11106839e-08]","[1.e-05 1.e-05 1.e-05 1.e-05 1.e-05 1.e-05 1.e-05 1.e-05 1.e-05 1.e-05
 1.e-05 1.e-05 1.e-05 1.e-05 1.e-05 1.e-05 1.e-05 1.e-05 1.e-05 1.e-05
 1.e-05 1.e-05 1.e-05 1.e-05 1.e-05 1.e-05 1.e-05 1.e-05 1.e-05 1.e-05
 1.e-05 1.e-05 1.e-05 1.e-05 1.e-05 1.e-05 1.e-05 1.e-05 1.e-05 1.e-05
 1.e-05 1.e-05 1.e-05 1.e-05 1.e-05 1.e-05 1.e-05 1.e-05 1.e-05 1.e-05]","[1.e-05 1.e-05 1.e-05 1.e-05 1.e-05 1.e-05 1.e-05 1.e-05 1.e-05 1.e-05
 1.e-05 1.e-05 1.e-05 1.e-05 1.e-05 1.e-05 1.e-05 1.e-05 1.e-05 1.e-05
 1.e-05 1.e-05 1.e-05 1.e-05 1.e-05 1.e-05 1.e-05 1.e-05 1.e-05 1.e-05
 1.e-05 1.e-05 1.e-05 1.e-05 1.e-05 1.e-05 1.e-05 1.e-05 1.e-05 1.e-05
 1.e-05 1.e-05 1.e-05 1.e-05 1.e-05 1.e-05 1.e-05 1.e-05 1.e-05 1.e-05]","[0.10696543 0.10313837 0.10342972 0.10501525 0.11267873 0.10701847
 0.10793808 0.11501845 0.12759946 0.09829526 0.10166232 0.11566287
 0.10059716 0.10942839 0.11498664 0.11022916 0.11274933 0.10996615
 0.10975374 0.10634619 0.11877366 0.11535992 0.11935491 0.09675738
 0.11058751 0.11007255 0.10518687 0.11430352 0.10130001 0.12578748
 0.09835182 0.09471264 0.12110782 0.09264877 0.11796999 0.1108168
 0.09599887 0.10069251 0.08987224 0.11184441 0.11863744 0.10878659
 0.1058653  0.09511883 0.11597724 0.10742729 0.09877985 0.11078817
 0.11875073 0.11065602]","[0.43580488 0.41891706 0.41861892 0.42214644 0.42009483 0.43201066
 0.42510953 0.43239498 0.4461009  0.43126819 0.41997741 0.41568817
 0.42149065 0.42478496 0.41590124 0.42165736 0.42901903 0.41974974
 0.41196737 0.42781814 0.40006355 0.4247429  0.42364144 0.41953436
 0.42884752 0.41594553 0.4309222  0.41893756 0.43084185 0.4316136
 0.41842604 0.41590656 0.418452   0.41983779 0.41112902 0.42216085
 0.43936348 0.42396162 0.41124794 0.42984012 0.42824308 0.41455907
 0.41162835 0.43322646 0.41019864 0.4231803  0.41051306 0.40948657
 0.42648721 0.4318746 ]","[2.21424039e-20 5.62250136e-19 4.41374331e-19 1.16811229e-19
 1.41911825e-22 2.11540916e-20 9.54961013e-21 1.66177200e-23
 7.58162042e-29 2.84180754e-17 1.89633059e-18 9.13323027e-24
 4.50976318e-18 2.59346627e-21 1.71145289e-23 1.27781183e-21
 1.33104319e-22 1.61318665e-21 1.94649801e-21 3.76716897e-20
 4.84324226e-25 1.21063651e-23 2.77341502e-25 9.49079216e-17
 9.29315826e-22 1.46813531e-21 1.01032760e-19 3.21541194e-23
 2.54881218e-18 4.82572206e-28 2.71753684e-17 4.57858782e-16
 5.07677164e-26 2.16592768e-15 1.04217709e-24 7.57580916e-22
 1.70820480e-16 4.17481682e-18 1.65957132e-14 3.01635789e-22
 5.51708164e-25 4.55652046e-21 5.67952962e-20 3.35842676e-16
 6.81213848e-24 1.48664919e-20 1.93575346e-17 7.77174638e-22
 4.95068515e-25 8.74314971e-22]","[0.00000000e+000 1.54612903e-318 4.59809110e-318 0.00000000e+000
 2.06519440e-320 0.00000000e+000 0.00000000e+000 0.00000000e+000
 0.00000000e+000 0.00000000e+000 3.18079463e-320 1.96750693e-313
 2.96439388e-323 0.00000000e+000 9.08924342e-314 0.00000000e+000
 0.00000000e+000 7.32798166e-320 1.31198081e-307 0.00000000e+000
 2.16096114e-289 0.00000000e+000 0.00000000e+000 1.61401365e-319
 0.00000000e+000 7.74062250e-314 0.00000000e+000 1.43446031e-318
 0.00000000e+000 0.00000000e+000 9.30196166e-318 8.91550971e-314
 8.46056786e-318 5.30428877e-320 2.63987680e-306 0.00000000e+000
 0.00000000e+000 0.00000000e+000 1.72527110e-306 0.00000000e+000
 0.00000000e+000 1.16905418e-311 4.42073720e-307 0.00000000e+000
 7.32214517e-305 0.00000000e+000 2.38450122e-305 9.25725783e-304
 0.00000000e+000 0.00000000e+000]","[0.00629902 0.00631309 0.00553703 0.00653565 0.00671244 0.00701654
 0.00866783 0.00921452 0.00747395 0.00572944 0.00664651 0.00687575
 0.00697243 0.00791669 0.00736678 0.00882924 0.0074681  0.00683725
 0.00650883 0.00794792 0.00786722 0.00670266 0.00641835 0.00646985
 0.00765491 0.00731301 0.00632739 0.00760961 0.00712919 0.00895381
 0.00672007 0.00612402 0.00882137 0.00469005 0.00795805 0.00712085
 0.00736415 0.00722528 0.00640798 0.00709367 0.00922692 0.00765789
 0.00626814 0.00584459 0.00819027 0.00746906 0.00602829 0.00704122
 0.00956357 0.00778806]","[0.12989283 0.12821627 0.11858964 0.13708818 0.11779761 0.12460124
 0.13691938 0.12858617 0.14506757 0.12955475 0.12482572 0.13112664
 0.12251902 0.12336504 0.12580526 0.13250804 0.12613928 0.1292398
 0.11591613 0.12548852 0.10795856 0.13665104 0.11642802 0.12552249
 0.13376224 0.13576388 0.13740504 0.12739491 0.13455188 0.14203155
 0.12662399 0.12946546 0.12409508 0.13003218 0.11562598 0.12353075
 0.1303314  0.12750733 0.11909258 0.13804662 0.12807047 0.12338507
 0.12268829 0.13077366 0.12317801 0.13778341 0.12963796 0.12147522
 0.12279546 0.13427699]","[0.05485819 0.0550287  0.05140844 0.05625301 0.05640921 0.05720947
 0.06341005 0.06605562 0.05747758 0.05228509 0.05592282 0.05679106
 0.05766274 0.06006572 0.05933886 0.06446211 0.05806931 0.05611392
 0.05656282 0.06180538 0.06110829 0.05525279 0.05236341 0.05506581
 0.05958015 0.05793953 0.05343717 0.05987077 0.05792451 0.06444726
 0.05643543 0.05411029 0.06296569 0.04648926 0.06165676 0.05832607
 0.05949101 0.05922222 0.05492773 0.0572037  0.0649816  0.05958687
 0.05417209 0.05314389 0.06163377 0.05953113 0.05242651 0.05739245
 0.06666755 0.06075574]","[0.27761595 0.27629125 0.2654194  0.2875972  0.26456256 0.2707282
 0.28317753 0.27329212 0.29231602 0.27514164 0.27271015 0.27900268
 0.26761787 0.26903673 0.27214322 0.27652076 0.27161743 0.27633435
 0.26387172 0.27285551 0.25281861 0.2855234  0.26318667 0.2705575
 0.28019524 0.28153944 0.28504752 0.27350344 0.28032353 0.28808404
 0.27155417 0.27618264 0.26853419 0.28060103 0.26046507 0.26904126
 0.27483051 0.27458199 0.26695769 0.28533907 0.27410784 0.26964101
 0.26842139 0.27876434 0.27245412 0.28590115 0.27896181 0.26974851
 0.26742216 0.27930528]",1.5530469614277638e-10,9.860126117600169e-142,8.389074985107477e-10,6.837508919000843e-141,1.8676115765003942e-10,3.053446492762291e-08,2.2424011626145756e-10,9.635036427146903e-09,1e-05,1e-05,0.0,0.0,0.10841532615780831,0.4225066740822791,0.008452764550855509,0.00865831208839307,0.007198369503021241,0.12778265237808228,0.0010145323216694893,0.007245088213524469,0.05790599152988744,0.2744289376586926,0.0040398182895976,0.007712350839814641
df3,0.7000000000000001,-1.0,0.7000000000000001,"[1.14339735e-10 9.79737413e-12 3.00652497e-14 1.72684385e-13
 3.03909276e-11 9.43717929e-13 2.67024896e-16 3.87118023e-14
 1.08277464e-14 1.33749750e-15 1.33749750e-15 1.74328977e-15
 7.84899525e-16 1.05328756e-13 9.43717929e-13 4.74591296e-11
 4.58538879e-13 1.51920849e-12 1.92461767e-12 2.81965513e-13
 2.20772463e-13 3.35473948e-10 1.05328756e-13 4.97944383e-14
 1.23116467e-11 1.23116467e-11 1.93824891e-11 1.93824891e-11
 1.45098666e-09 3.88941584e-12 2.03413945e-16 6.18553174e-12
 1.14339735e-10 4.90739183e-12 2.81965513e-13 8.21358136e-14
 6.32216726e-10 1.34933703e-13 1.34933703e-13 6.39848579e-14
 9.43717929e-13 1.93824891e-11 1.17682447e-16 1.33749750e-15
 2.20772463e-13 1.19798113e-12 2.18772050e-10 2.43574207e-12
 1.19798113e-12 1.72684385e-13]","[1.96416771e-174 8.25754125e-180 7.73757074e-191 2.38284114e-164
 4.45291617e-176 2.43788785e-166 2.41889424e-168 2.15605296e-179
 3.08488950e-159 2.63457939e-194 1.75465082e-181 9.71405854e-167
 2.99933556e-198 6.10046832e-168 9.63808018e-183 1.72251454e-176
 1.14970548e-175 3.15863793e-180 1.71917031e-196 4.71525476e-196
 1.51408902e-151 6.65489851e-177 2.32739056e-170 2.81115002e-185
 3.31837362e-173 2.09544875e-187 1.25652552e-159 1.38399900e-183
 3.08488950e-159 1.49683070e-169 1.96416771e-174 2.32739056e-170
 1.52982644e-165 1.71917031e-196 3.97632682e-186 1.96416771e-174
 5.54414590e-172 9.11163913e-163 6.67832938e-182 6.67832938e-182
 2.15605296e-179 1.41383100e-171 1.60309113e-156 2.38284114e-164
 1.95431960e-193 8.42942072e-161 6.58533558e-157 2.92686009e-188
 2.63328336e-152 7.63577865e-175]","[1.14339735e-10 9.79737413e-12 3.00652497e-14 1.72684385e-13
 3.03909276e-11 9.43717929e-13 2.67024896e-16 3.87118023e-14
 1.08277464e-14 1.33749750e-15 1.33749750e-15 1.74328977e-15
 7.84899525e-16 1.05328756e-13 9.43717929e-13 4.74591296e-11
 4.58538879e-13 1.51920849e-12 1.92461767e-12 2.81965513e-13
 2.20772463e-13 3.35473948e-10 1.05328756e-13 4.97944383e-14
 1.23116467e-11 1.23116467e-11 1.93824891e-11 1.93824891e-11
 1.45098666e-09 3.88941584e-12 2.03413945e-16 6.18553174e-12
 1.14339735e-10 4.90739183e-12 2.81965513e-13 8.21358136e-14
 6.32216726e-10 1.34933703e-13 1.34933703e-13 6.39848579e-14
 9.43717929e-13 1.93824891e-11 1.17682447e-16 1.33749750e-15
 2.20772463e-13 1.19798113e-12 2.18772050e-10 2.43574207e-12
 1.19798113e-12 1.72684385e-13]","[1.96416771e-174 8.25754125e-180 7.73757074e-191 2.38284114e-164
 4.45291617e-176 2.43788785e-166 2.41889424e-168 2.15605296e-179
 3.08488950e-159 2.63457939e-194 1.75465082e-181 9.71405854e-167
 2.99933556e-198 6.10046832e-168 9.63808018e-183 1.72251454e-176
 1.14970548e-175 3.15863793e-180 1.71917031e-196 4.71525476e-196
 1.51408902e-151 6.65489851e-177 2.32739056e-170 2.81115002e-185
 3.31837362e-173 2.09544875e-187 1.25652552e-159 1.38399900e-183
 3.08488950e-159 1.49683070e-169 1.96416771e-174 2.32739056e-170
 1.52982644e-165 1.71917031e-196 3.97632682e-186 1.96416771e-174
 5.54414590e-172 9.11163913e-163 6.67832938e-182 6.67832938e-182
 2.15605296e-179 1.41383100e-171 1.60309113e-156 2.38284114e-164
 1.95431960e-193 8.42942072e-161 6.58533558e-157 2.92686009e-188
 2.63328336e-152 7.63577865e-175]","[6.06629191e-11 2.34027575e-10 5.34288169e-11 1.01978537e-10
 3.95783406e-12 4.96325203e-12 7.91688937e-11 3.44652085e-11
 1.74932291e-11 1.60627289e-10 2.33424391e-11 1.17178489e-11
 6.69198030e-12 4.06052969e-12 2.10885975e-10 2.08410067e-10
 8.15336687e-12 8.74922357e-12 2.23979280e-10 7.76588349e-10
 7.86968934e-10 3.61533026e-11 5.29355448e-11 7.09614700e-10
 2.97795122e-10 5.20646526e-10 5.16656717e-11 2.13996265e-10
 2.63750133e-11 2.61656252e-11 1.84791848e-10 1.07313713e-10
 2.60574895e-11 6.78401779e-12 9.12303566e-12 1.15357834e-10
 2.64826938e-10 3.20937721e-11 7.04695302e-10 4.27446967e-12
 3.50934393e-10 2.59450683e-10 1.35218503e-11 7.40189909e-10
 6.17761398e-12 5.22170307e-10 5.94718719e-11 4.52436311e-10
 8.01095856e-11 1.26855193e-11]","[2.24525766e-08 3.62568373e-08 2.95330838e-08 4.30128436e-08
 4.84843372e-08 2.53982656e-08 1.74864534e-08 3.39393204e-08
 2.24813204e-08 2.33047777e-08 3.15591212e-08 3.56553793e-08
 2.96889779e-08 2.75085229e-08 3.30445198e-08 1.80827823e-08
 3.42910116e-08 1.93379043e-08 2.46162862e-08 2.19142782e-08
 2.61605253e-08 2.56365270e-08 3.98065519e-08 3.57079889e-08
 5.04253146e-08 4.20682222e-08 4.00625346e-08 2.48904234e-08
 2.17035871e-08 3.44929519e-08 4.47350406e-08 1.78423195e-08
 3.74629967e-08 3.92873729e-08 5.22526569e-08 3.60545376e-08
 3.26960091e-08 4.76981561e-08 2.13765052e-08 2.49719398e-08
 2.81117093e-08 1.83255771e-08 4.48899503e-08 4.49048506e-08
 2.15178371e-08 2.99326858e-08 2.71197957e-08 3.68303215e-08
 1.85878840e-08 4.32709548e-08]","[1.e-05 1.e-05 1.e-05 1.e-05 1.e-05 1.e-05 1.e-05 1.e-05 1.e-05 1.e-05
 1.e-05 1.e-05 1.e-05 1.e-05 1.e-05 1.e-05 1.e-05 1.e-05 1.e-05 1.e-05
 1.e-05 1.e-05 1.e-05 1.e-05 1.e-05 1.e-05 1.e-05 1.e-05 1.e-05 1.e-05
 1.e-05 1.e-05 1.e-05 1.e-05 1.e-05 1.e-05 1.e-05 1.e-05 1.e-05 1.e-05
 1.e-05 1.e-05 1.e-05 1.e-05 1.e-05 1.e-05 1.e-05 1.e-05 1.e-05 1.e-05]","[1.e-05 1.e-05 1.e-05 1.e-05 1.e-05 1.e-05 1.e-05 1.e-05 1.e-05 1.e-05
 1.e-05 1.e-05 1.e-05 1.e-05 1.e-05 1.e-05 1.e-05 1.e-05 1.e-05 1.e-05
 1.e-05 1.e-05 1.e-05 1.e-05 1.e-05 1.e-05 1.e-05 1.e-05 1.e-05 1.e-05
 1.e-05 1.e-05 1.e-05 1.e-05 1.e-05 1.e-05 1.e-05 1.e-05 1.e-05 1.e-05
 1.e-05 1.e-05 1.e-05 1.e-05 1.e-05 1.e-05 1.e-05 1.e-05 1.e-05 1.e-05]","[0.09992606 0.10178377 0.108074   0.11414519 0.10383641 0.10552315
 0.10610262 0.11716767 0.09769601 0.12047949 0.10821333 0.11377296
 0.11933773 0.11319489 0.1087025  0.10128397 0.10202964 0.10420591
 0.09950685 0.11141384 0.10766968 0.1024376  0.10343587 0.09922061
 0.1104902  0.11145218 0.10213006 0.10768287 0.09468024 0.10362372
 0.11406241 0.10281347 0.09768158 0.0989515  0.10024073 0.10633819
 0.09736752 0.10552755 0.10447201 0.1087363  0.10815499 0.10458668
 0.11822621 0.10865485 0.0973896  0.10263635 0.09585871 0.11017163
 0.10424825 0.09931285]","[0.43324118 0.4413278  0.45403182 0.43304659 0.42862735 0.4316369
 0.43185344 0.44389382 0.43054368 0.45412262 0.42985378 0.4282186
 0.45109966 0.42585824 0.44087684 0.45021809 0.42868337 0.44198072
 0.44662693 0.45214808 0.42151467 0.45187313 0.43147739 0.44236936
 0.4321938  0.45234722 0.42853699 0.43381855 0.42105487 0.43553809
 0.42918796 0.43545799 0.44002714 0.44328433 0.4320709  0.42358125
 0.43435579 0.4128317  0.43647158 0.44230694 0.4387067  0.43339306
 0.42008351 0.43557693 0.45727181 0.42826468 0.42017214 0.44766759
 0.42081135 0.43440728]","[7.74730391e-18 1.71695813e-18 8.48553127e-21 3.71947538e-23
 3.14463377e-19 7.59753441e-20 4.63899529e-20 2.22792978e-24
 4.55672659e-17 9.35771226e-26 7.51657117e-21 5.23370340e-23
 2.81960982e-25 8.87553956e-23 4.90451414e-21 2.58233519e-18
 1.40359562e-18 2.30828043e-19 1.08427370e-17 4.44134924e-22
 1.20532874e-20 1.00358565e-18 4.39122644e-19 1.36291129e-17
 1.01336206e-21 4.29118634e-22 1.29251127e-18 1.19163251e-20
 4.69289853e-16 3.75528924e-19 4.01338911e-23 7.35878382e-19
 4.60866572e-17 1.68882856e-17 6.01398289e-18 3.79305165e-20
 5.89551151e-17 7.56920448e-20 1.84622408e-19 4.76158762e-21
 7.90818771e-21 1.67652002e-19 8.16747079e-25 5.11322164e-21
 5.79445617e-17 8.51855270e-19 1.90318866e-16 1.34471210e-21
 2.22777186e-19 1.26616809e-17]","[0.00000000e+000 0.00000000e+000 0.00000000e+000 0.00000000e+000
 0.00000000e+000 0.00000000e+000 0.00000000e+000 0.00000000e+000
 0.00000000e+000 0.00000000e+000 0.00000000e+000 0.00000000e+000
 0.00000000e+000 0.00000000e+000 0.00000000e+000 0.00000000e+000
 0.00000000e+000 0.00000000e+000 0.00000000e+000 0.00000000e+000
 0.00000000e+000 0.00000000e+000 0.00000000e+000 0.00000000e+000
 0.00000000e+000 0.00000000e+000 0.00000000e+000 0.00000000e+000
 5.53353523e-322 0.00000000e+000 0.00000000e+000 0.00000000e+000
 0.00000000e+000 0.00000000e+000 0.00000000e+000 0.00000000e+000
 0.00000000e+000 5.89642067e-309 0.00000000e+000 0.00000000e+000
 0.00000000e+000 0.00000000e+000 2.15511435e-320 0.00000000e+000
 0.00000000e+000 0.00000000e+000 1.55433052e-320 0.00000000e+000
 1.46243431e-321 0.00000000e+000]","[0.00783002 0.00870061 0.00951993 0.00863361 0.0066601  0.00943339
 0.00647414 0.00848889 0.00651574 0.01035595 0.00781119 0.00794208
 0.0079664  0.00931609 0.00774491 0.00622487 0.00803387 0.01009405
 0.00765359 0.00729096 0.00987828 0.00701737 0.0082016  0.00790489
 0.00779045 0.00802445 0.00673342 0.00712609 0.00745511 0.00595617
 0.00709617 0.00636208 0.00608671 0.00745082 0.00716054 0.00758541
 0.00662005 0.0085839  0.00618708 0.00737011 0.00744367 0.0077045
 0.01168823 0.00766742 0.00585318 0.00654507 0.00592816 0.00860536
 0.00656402 0.00733411]","[0.13879645 0.12683523 0.13807333 0.14327562 0.12389672 0.13628411
 0.14270353 0.13651133 0.1322825  0.15384519 0.13105047 0.13316453
 0.14143467 0.12661815 0.1480881  0.13787985 0.13778937 0.14502943
 0.14158463 0.14987147 0.11855519 0.14284205 0.14042461 0.14590037
 0.13750136 0.1419096  0.13945317 0.13561642 0.12447762 0.13942623
 0.13580668 0.14461422 0.12439179 0.14551854 0.13702857 0.12949181
 0.12778831 0.12107396 0.13228524 0.1472075  0.14238572 0.13566375
 0.12958217 0.13338482 0.14177382 0.12620175 0.12444317 0.13431168
 0.12451327 0.1379993 ]","[0.0605735  0.06416983 0.06679478 0.06182312 0.05558187 0.06568468
 0.05422865 0.06266301 0.05634222 0.06952266 0.06187268 0.06029958
 0.06086825 0.06548894 0.05946737 0.05350269 0.06185725 0.06811817
 0.06028768 0.05675505 0.06863521 0.05669926 0.06201963 0.06088533
 0.0598948  0.06080608 0.05564914 0.05852259 0.05899252 0.0528473
 0.05802509 0.05416856 0.05386597 0.05883271 0.05817694 0.06002176
 0.05637516 0.0629079  0.05366434 0.05678476 0.05890103 0.060194
 0.07412209 0.05962311 0.0530512  0.05526892 0.05232716 0.06370669
 0.05503657 0.05786975]","[0.28420258 0.27430701 0.28350782 0.29057436 0.27210157 0.27987311
 0.29185253 0.28386339 0.27881637 0.29823368 0.27800865 0.28126784
 0.28598308 0.27592357 0.29654464 0.28767569 0.28451011 0.29021733
 0.28955349 0.29912322 0.26269268 0.29009905 0.28992525 0.29229822
 0.283039   0.28727448 0.28622798 0.28233096 0.26915929 0.28676811
 0.28703458 0.29405646 0.27142726 0.2943799  0.28488813 0.27805227
 0.27252603 0.26506204 0.28097816 0.29484194 0.28964214 0.28197745
 0.27117647 0.27991146 0.28958521 0.2730065  0.27180354 0.27771882
 0.27161587 0.2829754 ]",6.130417261190845e-11,3.554880103431718e-153,2.2398656472903806e-10,2.1441182452225043e-152,1.7816271569159881e-10,3.173744654416666e-08,2.30236593305592e-10,9.578189422728391e-09,1e-05,1e-05,0.0,0.0,0.10569300778627397,0.43589088413000104,0.006231952349754298,0.010346005340127928,0.007692296504974366,0.13613174676895143,0.0012358228127737892,0.008007543196309082,0.059675550802862964,0.2829722935613793,0.004701123837565168,0.00860209660267982
df3,0.75,-1.0,0.75,"[1.02511949e-15 8.21358136e-14 1.74328977e-15 5.83855471e-13
 2.67024896e-16 9.79737413e-12 1.54554888e-11 7.78867068e-12
 3.00652497e-14 8.21358136e-14 1.34933703e-13 9.19151252e-11
 1.34933703e-13 2.43574207e-12 4.90739183e-12 1.23116467e-11
 1.74328977e-15 8.36667685e-15 6.45842239e-15 9.19151252e-11
 1.34933703e-13 5.83855471e-13 2.94303610e-17 1.39985076e-14
 7.84899525e-16 9.43717929e-13 1.26570821e-17 1.05328756e-13
 4.97944383e-14 6.18553174e-12 4.58740572e-16 3.88941584e-12
 1.54554888e-11 5.13913233e-17 2.20772463e-13 1.26570821e-17
 9.43717929e-13 2.20772463e-13 1.26570821e-17 4.58538879e-13
 1.14339735e-10 5.74326505e-21 6.18553174e-12 4.21288896e-21
 4.98033280e-15 4.58740572e-16 1.74328977e-15 7.42666811e-13
 1.51920849e-12 1.26570821e-17]","[1.08658258e-198 5.62429767e-190 1.38399900e-183 1.97742990e-184
 1.78984444e-204 1.49683070e-169 1.97742990e-184 1.38399900e-183
 1.46437154e-178 3.97632682e-186 7.83634509e-188 1.51347567e-189
 5.90593359e-170 6.65489851e-177 8.26859081e-198 4.60436904e-181
 5.31262531e-193 1.09179716e-188 3.86593734e-167 2.15605296e-179
 6.36847393e-205 2.15605296e-179 9.11163913e-163 2.99933556e-198
 1.51347567e-189 1.29483446e-173 8.58487380e-202 1.44235064e-192
 2.26305188e-205 3.60100749e-171 1.25766151e-207 2.09544875e-187
 1.14970548e-175 4.06755305e-189 2.32739056e-170 2.81115002e-185
 3.60100749e-171 6.65489851e-177 4.45291617e-176 7.63577865e-175
 1.46437154e-178 1.05910660e-191 3.78897656e-169 1.14970548e-175
 1.10238235e-202 5.59619386e-187 1.49266032e-186 2.56791027e-177
 4.60436904e-181 1.25766151e-207]","[1.02511949e-15 8.21358136e-14 1.74328977e-15 5.83855471e-13
 2.67024896e-16 9.79737413e-12 1.54554888e-11 7.78867068e-12
 3.00652497e-14 8.21358136e-14 1.34933703e-13 9.19151252e-11
 1.34933703e-13 2.43574207e-12 4.90739183e-12 1.23116467e-11
 1.74328977e-15 8.36667685e-15 6.45842239e-15 9.19151252e-11
 1.34933703e-13 5.83855471e-13 2.94303610e-17 1.39985076e-14
 7.84899525e-16 9.43717929e-13 1.26570821e-17 1.05328756e-13
 4.97944383e-14 6.18553174e-12 4.58740572e-16 3.88941584e-12
 1.54554888e-11 5.13913233e-17 2.20772463e-13 1.26570821e-17
 9.43717929e-13 2.20772463e-13 1.26570821e-17 4.58538879e-13
 1.14339735e-10 5.74326505e-21 6.18553174e-12 4.21288896e-21
 4.98033280e-15 4.58740572e-16 1.74328977e-15 7.42666811e-13
 1.51920849e-12 1.26570821e-17]","[1.08658258e-198 5.62429767e-190 1.38399900e-183 1.97742990e-184
 1.78984444e-204 1.49683070e-169 1.97742990e-184 1.38399900e-183
 1.46437154e-178 3.97632682e-186 7.83634509e-188 1.51347567e-189
 5.90593359e-170 6.65489851e-177 8.26859081e-198 4.60436904e-181
 5.31262531e-193 1.09179716e-188 3.86593734e-167 2.15605296e-179
 6.36847393e-205 2.15605296e-179 9.11163913e-163 2.99933556e-198
 1.51347567e-189 1.29483446e-173 8.58487380e-202 1.44235064e-192
 2.26305188e-205 3.60100749e-171 1.25766151e-207 2.09544875e-187
 1.14970548e-175 4.06755305e-189 2.32739056e-170 2.81115002e-185
 3.60100749e-171 6.65489851e-177 4.45291617e-176 7.63577865e-175
 1.46437154e-178 1.05910660e-191 3.78897656e-169 1.14970548e-175
 1.10238235e-202 5.59619386e-187 1.49266032e-186 2.56791027e-177
 4.60436904e-181 1.25766151e-207]","[2.34210429e-10 4.91633512e-10 5.29642996e-12 3.20730109e-11
 1.97180050e-11 2.71436207e-11 4.05320222e-12 3.52071927e-10
 3.72588183e-10 4.78783679e-12 3.29663852e-10 5.12706544e-11
 6.17871310e-11 1.08790643e-10 3.39306139e-10 3.34778871e-11
 3.70137254e-12 2.50266474e-11 1.01947339e-11 2.62104782e-11
 1.88939975e-11 1.14976917e-10 6.06563688e-11 3.89244192e-12
 5.94045924e-11 3.58857388e-12 2.42366127e-11 4.75204320e-11
 8.35522762e-11 6.72370493e-10 1.64031011e-11 6.81319001e-10
 7.69186936e-11 2.94595459e-11 2.31372588e-10 9.78694903e-11
 2.75255374e-10 6.93134439e-12 6.03928019e-12 6.90640878e-11
 4.82011098e-11 6.39572839e-11 3.68889919e-10 3.52837093e-10
 1.54833923e-11 1.24283916e-11 1.68662861e-10 5.40423262e-12
 6.60728361e-10 1.12872156e-10]","[3.89534052e-08 4.70224527e-08 5.48849686e-08 5.00677537e-08
 4.56166237e-08 4.31746418e-08 2.69760332e-08 1.97962458e-08
 4.58582209e-08 2.51597871e-08 5.52334855e-08 2.04926782e-08
 3.35766713e-08 3.20864209e-08 2.10135302e-08 3.42894708e-08
 2.17457835e-08 5.04345236e-08 4.27443083e-08 4.28292541e-08
 4.98012366e-08 2.83472545e-08 3.32096798e-08 3.69244645e-08
 2.48680267e-08 1.79967885e-08 5.01698521e-08 2.75933150e-08
 2.57524562e-08 1.74674138e-08 4.53943850e-08 2.01470783e-08
 3.64940097e-08 3.70050227e-08 3.08346867e-08 5.42132276e-08
 2.32614820e-08 3.30067793e-08 3.41514752e-08 3.39556321e-08
 3.25923717e-08 2.30697368e-08 2.71016923e-08 3.63103745e-08
 2.76580576e-08 4.81749142e-08 1.93328139e-08 4.56503354e-08
 2.89526787e-08 2.88264128e-08]","[1.e-05 1.e-05 1.e-05 1.e-05 1.e-05 1.e-05 1.e-05 1.e-05 1.e-05 1.e-05
 1.e-05 1.e-05 1.e-05 1.e-05 1.e-05 1.e-05 1.e-05 1.e-05 1.e-05 1.e-05
 1.e-05 1.e-05 1.e-05 1.e-05 1.e-05 1.e-05 1.e-05 1.e-05 1.e-05 1.e-05
 1.e-05 1.e-05 1.e-05 1.e-05 1.e-05 1.e-05 1.e-05 1.e-05 1.e-05 1.e-05
 1.e-05 1.e-05 1.e-05 1.e-05 1.e-05 1.e-05 1.e-05 1.e-05 1.e-05 1.e-05]","[1.e-05 1.e-05 1.e-05 1.e-05 1.e-05 1.e-05 1.e-05 1.e-05 1.e-05 1.e-05
 1.e-05 1.e-05 1.e-05 1.e-05 1.e-05 1.e-05 1.e-05 1.e-05 1.e-05 1.e-05
 1.e-05 1.e-05 1.e-05 1.e-05 1.e-05 1.e-05 1.e-05 1.e-05 1.e-05 1.e-05
 1.e-05 1.e-05 1.e-05 1.e-05 1.e-05 1.e-05 1.e-05 1.e-05 1.e-05 1.e-05
 1.e-05 1.e-05 1.e-05 1.e-05 1.e-05 1.e-05 1.e-05 1.e-05 1.e-05 1.e-05]","[0.11891587 0.09776634 0.10781423 0.10317792 0.11543091 0.09384654
 0.10865817 0.0929344  0.11496449 0.10174125 0.10791606 0.10288715
 0.11300059 0.11223078 0.09989893 0.10259064 0.12033177 0.11739114
 0.10624269 0.09811364 0.1088853  0.11220005 0.11777844 0.10528435
 0.12386425 0.10279991 0.11922576 0.11301884 0.10981599 0.10846975
 0.11989896 0.1019381  0.10135207 0.12357908 0.11261163 0.12793281
 0.11041512 0.10426785 0.12061919 0.10646586 0.10244275 0.12767164
 0.1066144  0.14058464 0.11674148 0.11772795 0.1229391  0.10503221
 0.10996765 0.12426628]","[0.46048293 0.45581959 0.44205195 0.44872327 0.45806542 0.42058621
 0.45164906 0.44359968 0.4450149  0.4512122  0.43978456 0.45565622
 0.43495911 0.44696547 0.45969222 0.44359505 0.45754934 0.46137637
 0.43079022 0.44430607 0.46237521 0.45309788 0.43724889 0.46590896
 0.46333851 0.43663678 0.46572521 0.4570489  0.4569064  0.44435071
 0.46305157 0.45813449 0.44282094 0.44476209 0.44078331 0.44181069
 0.43620224 0.44250862 0.45224541 0.4387595  0.44518601 0.43614584
 0.42895118 0.44752809 0.46644033 0.44753764 0.44686693 0.44356212
 0.44540755 0.46418359]","[4.22678798e-25 4.31173991e-17 1.06335433e-20 5.44101336e-19
 1.13334455e-23 8.82633983e-16 5.09838834e-21 1.75038019e-15
 1.74689919e-23 1.77777480e-18 9.73397878e-21 6.92366421e-19
 1.05933403e-22 2.12881819e-22 7.91801024e-18 8.84609437e-19
 1.07995351e-25 1.80395864e-24 4.11584921e-20 3.28002483e-17
 4.17912838e-21 2.18874229e-22 1.25004118e-24 9.30288926e-20
 3.34169951e-27 7.44176538e-19 3.13990924e-25 1.04188787e-22
 1.84231982e-21 6.01070795e-21 1.64175049e-25 1.51304370e-18
 2.44294850e-18 4.44079011e-27 1.50815296e-22 5.37791043e-29
 1.08330699e-21 2.19144534e-19 8.17038803e-26 3.40031924e-20
 9.99331305e-19 7.03879918e-29 2.99379371e-20 5.99614323e-35
 3.32853268e-24 1.31136190e-24 8.38613668e-27 1.15149256e-19
 1.61105570e-21 2.23548555e-27]","[0.00e+000 0.00e+000 0.00e+000 0.00e+000 0.00e+000 3.39e-321 0.00e+000
 0.00e+000 0.00e+000 0.00e+000 0.00e+000 0.00e+000 0.00e+000 0.00e+000
 0.00e+000 0.00e+000 0.00e+000 0.00e+000 0.00e+000 0.00e+000 0.00e+000
 0.00e+000 0.00e+000 0.00e+000 0.00e+000 0.00e+000 0.00e+000 0.00e+000
 0.00e+000 0.00e+000 0.00e+000 0.00e+000 0.00e+000 0.00e+000 0.00e+000
 0.00e+000 0.00e+000 0.00e+000 0.00e+000 0.00e+000 0.00e+000 0.00e+000
 0.00e+000 0.00e+000 0.00e+000 0.00e+000 0.00e+000 0.00e+000 0.00e+000
 0.00e+000]","[0.00813699 0.00629866 0.0064863  0.00698602 0.00826311 0.00625682
 0.00726676 0.00637853 0.00873017 0.00652373 0.00786698 0.00563025
 0.00856376 0.00721705 0.00532293 0.00663936 0.00775743 0.00981224
 0.00709999 0.00604975 0.00789237 0.00774586 0.00741947 0.00731528
 0.00920701 0.00618398 0.00695741 0.00896299 0.00643742 0.00789416
 0.00663316 0.00580478 0.00660384 0.00809908 0.00835741 0.0097363
 0.00593638 0.00711536 0.00742042 0.00727224 0.00469446 0.00809228
 0.00741506 0.00710309 0.00812888 0.00681829 0.01093769 0.00580871
 0.00788569 0.00718129]","[0.14907157 0.1408422  0.1410619  0.1374656  0.14725113 0.12374151
 0.14522779 0.13967419 0.15404475 0.13859618 0.12892365 0.13677752
 0.1348244  0.13753104 0.13555133 0.14109671 0.15779555 0.14942873
 0.13352466 0.14355564 0.14142299 0.15430415 0.13182044 0.15401042
 0.15816283 0.13168013 0.14945877 0.14764321 0.13348377 0.14513993
 0.14939475 0.14598382 0.13220227 0.14290547 0.13678634 0.14731944
 0.13296711 0.13769758 0.14932251 0.14392126 0.13983035 0.13819981
 0.13601971 0.13459337 0.15788341 0.12732863 0.15895534 0.13525105
 0.13528609 0.1437552 ]","[0.06123256 0.05486701 0.05399443 0.05826599 0.06157981 0.05380521
 0.05742126 0.05471579 0.06326877 0.05530537 0.06065586 0.05162726
 0.06294471 0.05758081 0.05015367 0.05561578 0.05965859 0.06720033
 0.05893996 0.0539614  0.06109724 0.05941974 0.05917846 0.05810198
 0.06421795 0.05400358 0.05620966 0.06366117 0.05479843 0.06153635
 0.05362265 0.05276279 0.05670687 0.06047443 0.06224129 0.06715677
 0.05325609 0.05772345 0.05777254 0.05808822 0.04597701 0.0601222
 0.05807035 0.05587976 0.05977152 0.05557112 0.07020885 0.05261438
 0.06090102 0.0572786 ]","[0.29682338 0.28878517 0.28540734 0.28741051 0.29348219 0.27231341
 0.29423979 0.28893634 0.30177836 0.28576994 0.27393362 0.28313795
 0.28221143 0.28472708 0.27996458 0.28750377 0.30593058 0.2949348
 0.27972198 0.29244453 0.28960733 0.30167618 0.27661003 0.30206492
 0.30721889 0.28078859 0.2965879  0.29468865 0.28104983 0.294008
 0.30066821 0.29656781 0.27837612 0.29097328 0.28205437 0.29343175
 0.28167239 0.28625871 0.29813154 0.29229575 0.29343567 0.28501299
 0.28397115 0.28044518 0.30647241 0.27346342 0.30452541 0.28552128
 0.27896938 0.28973185]",7.791915890766208e-12,1.822406381517309e-164,2.3600003539368133e-11,0.0,1.3844391411055312e-10,3.4604398264637125e-08,1.8388709447016782e-10,1.0866860545307801e-08,1e-05,1e-05,0.0,0.0,0.11120529803156855,0.4485481084680557,0.009573083125711267,0.010553698610592629,0.007326943874359131,0.14177432298660278,0.0011959758146200378,0.008450675252272952,0.05802438055142724,0.28931471508228124,0.004496974291820954,0.008980194227715775
df3,0.8,-1.0,0.8,"[1.74328977e-15 1.54798729e-16 5.30299497e-19 5.74326505e-21
 3.88941584e-12 1.72684385e-13 9.52846065e-19 1.72684385e-13
 1.67853513e-17 1.34933703e-13 1.67853513e-17 1.23116467e-11
 2.33262567e-14 1.70510155e-18 1.39985076e-14 1.05328756e-13
 3.89102510e-17 2.66308246e-20 1.67853513e-17 8.93744884e-17
 2.25989398e-21 3.50171296e-16 1.70510155e-18 1.67853513e-17
 2.66308246e-20 2.94303610e-17 5.39368124e-18 6.00359848e-16
 3.87118023e-14 6.60370667e-20 3.50171296e-16 5.13913233e-17
 2.18494984e-19 7.11203305e-19 3.40355762e-22 2.67024896e-16
 1.51920849e-12 3.03881495e-18 7.17482117e-18 8.93744884e-17
 1.20365650e-19 2.22374207e-17 1.54798729e-16 2.67024896e-16
 1.20365650e-19 5.30299497e-19 1.62253462e-19 2.95255083e-15
 3.08714081e-21 2.67024896e-16]","[3.91093778e-192 1.38399900e-183 1.22649857e-212 2.12113147e-215
 2.96475930e-175 1.09179716e-188 1.71917031e-196 1.75465082e-181
 1.75465082e-181 9.63808018e-183 7.73757074e-191 6.26005417e-197
 1.05792849e-185 7.73757074e-191 6.65122023e-201 1.75465082e-181
 9.57936136e-169 6.65122023e-201 2.92686009e-188 2.99933556e-198
 1.05910660e-191 2.99933556e-198 4.60436904e-181 3.91093778e-192
 1.51347567e-189 2.39109446e-201 2.27657730e-197 4.43455361e-208
 7.46045840e-185 1.01117804e-211 9.65472569e-195 2.84661371e-206
 6.26005417e-197 4.06755305e-189 7.31522988e-216 5.02382596e-204
 3.80921130e-178 5.90593359e-170 1.42059127e-199 1.42059127e-199
 1.05910660e-191 7.73757074e-191 3.53358345e-195 5.59619386e-187
 9.89641318e-178 2.09544875e-187 1.49266032e-186 7.73757074e-191
 1.08658258e-198 3.94269086e-203]","[1.74328977e-15 1.54798729e-16 5.30299497e-19 5.74326505e-21
 3.88941584e-12 1.72684385e-13 9.52846065e-19 1.72684385e-13
 1.67853513e-17 1.34933703e-13 1.67853513e-17 1.23116467e-11
 2.33262567e-14 1.70510155e-18 1.39985076e-14 1.05328756e-13
 3.89102510e-17 2.66308246e-20 1.67853513e-17 8.93744884e-17
 2.25989398e-21 3.50171296e-16 1.70510155e-18 1.67853513e-17
 2.66308246e-20 2.94303610e-17 5.39368124e-18 6.00359848e-16
 3.87118023e-14 6.60370667e-20 3.50171296e-16 5.13913233e-17
 2.18494984e-19 7.11203305e-19 3.40355762e-22 2.67024896e-16
 1.51920849e-12 3.03881495e-18 7.17482117e-18 8.93744884e-17
 1.20365650e-19 2.22374207e-17 1.54798729e-16 2.67024896e-16
 1.20365650e-19 5.30299497e-19 1.62253462e-19 2.95255083e-15
 3.08714081e-21 2.67024896e-16]","[3.91093778e-192 1.38399900e-183 1.22649857e-212 2.12113147e-215
 2.96475930e-175 1.09179716e-188 1.71917031e-196 1.75465082e-181
 1.75465082e-181 9.63808018e-183 7.73757074e-191 6.26005417e-197
 1.05792849e-185 7.73757074e-191 6.65122023e-201 1.75465082e-181
 9.57936136e-169 6.65122023e-201 2.92686009e-188 2.99933556e-198
 1.05910660e-191 2.99933556e-198 4.60436904e-181 3.91093778e-192
 1.51347567e-189 2.39109446e-201 2.27657730e-197 4.43455361e-208
 7.46045840e-185 1.01117804e-211 9.65472569e-195 2.84661371e-206
 6.26005417e-197 4.06755305e-189 7.31522988e-216 5.02382596e-204
 3.80921130e-178 5.90593359e-170 1.42059127e-199 1.42059127e-199
 1.05910660e-191 7.73757074e-191 3.53358345e-195 5.59619386e-187
 9.89641318e-178 2.09544875e-187 1.49266032e-186 7.73757074e-191
 1.08658258e-198 3.94269086e-203]","[2.63007394e-11 4.14509538e-11 2.11581863e-11 1.46752910e-09
 2.63741251e-11 6.10051787e-10 5.48552426e-10 3.85489640e-10
 1.11738396e-10 4.15845136e-12 1.46583856e-09 3.11854764e-10
 1.72510894e-11 9.32136590e-11 3.81705778e-12 6.09368112e-12
 5.32318634e-12 9.39695877e-10 1.65887082e-10 2.28740360e-11
 1.62526625e-09 1.16029408e-11 5.61883873e-12 6.17038642e-11
 7.87432342e-11 3.62898600e-12 7.02859104e-10 5.33084688e-12
 2.79747447e-10 2.54948285e-10 6.02804473e-11 1.26262556e-10
 1.18015264e-10 4.06873757e-10 2.76328960e-11 2.26590857e-10
 2.84000601e-11 5.62684344e-11 1.01709641e-10 4.48838744e-11
 4.66745531e-10 1.04453446e-10 5.87829785e-12 1.72171832e-10
 9.70576952e-11 2.36813347e-10 9.95079574e-10 2.01152095e-10
 5.65608671e-11 9.71007719e-11]","[4.26921195e-08 2.27105619e-08 2.79381361e-08 3.62100766e-08
 2.12590169e-08 3.19473792e-08 3.71638282e-08 4.00918925e-08
 5.04526492e-08 2.08353627e-08 2.84316954e-08 1.90150911e-08
 2.37452443e-08 2.64676052e-08 5.18513162e-08 2.85062779e-08
 2.84869656e-08 5.07360182e-08 3.41003733e-08 4.21424865e-08
 5.33747538e-08 2.27048267e-08 5.44557578e-08 3.48219894e-08
 3.42943386e-08 5.15126840e-08 4.78590478e-08 3.04979859e-08
 4.58518757e-08 4.43669904e-08 5.18669796e-08 4.20530087e-08
 4.23799809e-08 3.41680773e-08 2.71150196e-08 4.82113577e-08
 2.85041568e-08 2.45434767e-08 5.15818843e-08 3.29951864e-08
 3.36777938e-08 3.41672072e-08 2.09181030e-08 2.53908723e-08
 3.71643977e-08 2.29308194e-08 5.50299005e-08 3.48720125e-08
 2.81956447e-08 3.62173882e-08]","[1.e-05 1.e-05 1.e-05 1.e-05 1.e-05 1.e-05 1.e-05 1.e-05 1.e-05 1.e-05
 1.e-05 1.e-05 1.e-05 1.e-05 1.e-05 1.e-05 1.e-05 1.e-05 1.e-05 1.e-05
 1.e-05 1.e-05 1.e-05 1.e-05 1.e-05 1.e-05 1.e-05 1.e-05 1.e-05 1.e-05
 1.e-05 1.e-05 1.e-05 1.e-05 1.e-05 1.e-05 1.e-05 1.e-05 1.e-05 1.e-05
 1.e-05 1.e-05 1.e-05 1.e-05 1.e-05 1.e-05 1.e-05 1.e-05 1.e-05 1.e-05]","[1.e-05 1.e-05 1.e-05 1.e-05 1.e-05 1.e-05 1.e-05 1.e-05 1.e-05 1.e-05
 1.e-05 1.e-05 1.e-05 1.e-05 1.e-05 1.e-05 1.e-05 1.e-05 1.e-05 1.e-05
 1.e-05 1.e-05 1.e-05 1.e-05 1.e-05 1.e-05 1.e-05 1.e-05 1.e-05 1.e-05
 1.e-05 1.e-05 1.e-05 1.e-05 1.e-05 1.e-05 1.e-05 1.e-05 1.e-05 1.e-05
 1.e-05 1.e-05 1.e-05 1.e-05 1.e-05 1.e-05 1.e-05 1.e-05 1.e-05 1.e-05]","[0.11106633 0.13668129 0.1310088  0.12980826 0.11244872 0.10055716
 0.13558682 0.12880955 0.12490548 0.10657748 0.12875022 0.10917573
 0.11438379 0.13002906 0.12187268 0.11907043 0.1222489  0.12520513
 0.13072857 0.12402044 0.13792312 0.12354595 0.1276872  0.12295179
 0.13699883 0.11791228 0.1275148  0.13481698 0.1162403  0.13027994
 0.11976396 0.12429316 0.1359296  0.11834887 0.13295944 0.12346178
 0.11633096 0.13206133 0.1188855  0.14244582 0.12513464 0.11903874
 0.12780742 0.1265834  0.13075196 0.12680569 0.13729585 0.10960965
 0.13603269 0.11992235]","[0.4560344  0.4617307  0.47984584 0.48172326 0.44602127 0.44415256
 0.46461393 0.44665818 0.45361694 0.45193799 0.45969072 0.46372575
 0.45151953 0.45243015 0.46332861 0.45267483 0.43430868 0.45912238
 0.4568715  0.46812586 0.45926173 0.46349805 0.45142381 0.46715401
 0.45783306 0.46019345 0.45878239 0.47286884 0.4494512  0.46918696
 0.45255338 0.46908079 0.47441173 0.46915649 0.47611931 0.4635815
 0.4508628  0.45403071 0.45763717 0.47631449 0.45706836 0.4434263
 0.44867278 0.45475488 0.45570161 0.45699291 0.46373215 0.45873825
 0.45637695 0.459494  ]","[6.06255275e-22 4.73380063e-33 2.16647149e-30 7.65873257e-30
 1.74799119e-22 4.65804256e-18 1.57566845e-32 2.17004418e-29
 1.17652887e-27 3.09009675e-20 2.30793607e-29 3.23897244e-21
 2.98635971e-23 6.07690360e-30 2.40108157e-26 3.64475008e-25
 1.65843694e-26 8.69796504e-28 2.91220174e-30 2.85892678e-27
 1.19529648e-33 4.58976565e-27 6.92693800e-29 8.28136808e-27
 3.33340676e-33 1.10090195e-24 8.27134266e-29 3.64967840e-32
 5.32666616e-24 4.66988970e-30 1.87027949e-25 2.17609537e-27
 1.08232135e-32 7.26654433e-25 2.71501661e-31 4.99088606e-27
 4.89310004e-24 7.09156851e-31 4.35156545e-25 7.14586914e-36
 9.33915798e-28 3.75719993e-25 6.12013723e-29 2.14744776e-28
 2.84123965e-30 1.71124893e-28 2.39933255e-33 2.21051048e-21
 9.66544450e-33 1.60505921e-25]","[0. 0. 0. 0. 0. 0. 0. 0. 0. 0. 0. 0. 0. 0. 0. 0. 0. 0. 0. 0. 0. 0. 0. 0.
 0. 0. 0. 0. 0. 0. 0. 0. 0. 0. 0. 0. 0. 0. 0. 0. 0. 0. 0. 0. 0. 0. 0. 0.
 0. 0.]","[0.00841522 0.00933206 0.00912631 0.01165485 0.0075146  0.00538182
 0.00890267 0.00886726 0.0083226  0.00735962 0.00989664 0.00859404
 0.00732386 0.00864971 0.00877404 0.00752175 0.00538754 0.00821698
 0.01212072 0.00767112 0.00908446 0.00960517 0.00771272 0.00862098
 0.01006639 0.00777602 0.00929928 0.01199782 0.00774968 0.00945234
 0.00806332 0.00960636 0.00829446 0.00840676 0.00962842 0.00773549
 0.00815105 0.00929725 0.0092895  0.00798321 0.00871336 0.00876725
 0.00818133 0.00929236 0.0086664  0.00838447 0.01337409 0.00682175
 0.01019371 0.00835788]","[0.14875019 0.15317881 0.15434933 0.17030787 0.13080466 0.15416801
 0.15061617 0.14335585 0.14817524 0.14930809 0.14902318 0.15178299
 0.14942789 0.13934231 0.16652811 0.13521326 0.132339   0.1476717
 0.16195059 0.15799701 0.151999   0.15903723 0.16172528 0.15358686
 0.15028214 0.15276349 0.15238523 0.17144775 0.14906824 0.16134894
 0.15093899 0.15783823 0.15181839 0.15301239 0.15835428 0.15100193
 0.14637959 0.15331161 0.15179849 0.14144897 0.14897776 0.15143526
 0.13378119 0.15463984 0.15652585 0.13855433 0.16523194 0.15033305
 0.14951611 0.15545249]","[0.06298827 0.064102   0.06366378 0.07327184 0.05932187 0.04908195
 0.06155846 0.0624579  0.0605743  0.05908151 0.06660719 0.0638448
 0.05703875 0.0632949  0.06166462 0.05895908 0.04964784 0.05945467
 0.07283657 0.05817567 0.06262351 0.06505916 0.05725789 0.06234733
 0.06689645 0.0593478  0.06585013 0.07356806 0.06105744 0.06586117
 0.0601528  0.06634394 0.06108964 0.06158973 0.06486448 0.05898384
 0.06047517 0.06425269 0.06536493 0.05951181 0.0637645  0.06285263
 0.06106432 0.06278685 0.06253627 0.06177737 0.0763515  0.05541479
 0.06840757 0.06128621]","[0.29663694 0.3012359  0.29993293 0.31440996 0.27464748 0.30675885
 0.29948771 0.28978981 0.29525722 0.29698604 0.29550946 0.29746405
 0.30066418 0.2878474  0.31470978 0.28270383 0.28333567 0.29499432
 0.31013126 0.30478734 0.30219837 0.3030402  0.31271525 0.30122694
 0.29416568 0.29958764 0.29816342 0.31535435 0.2969836  0.30989776
 0.29975013 0.304469   0.29943396 0.30040687 0.30598843 0.29826444
 0.29328142 0.29972928 0.29746426 0.28814535 0.29805851 0.2999696
 0.28019031 0.30354496 0.30370697 0.28568816 0.31094413 0.29858539
 0.29582361 0.3043646 ]",3.67789127372337e-13,2.033991540050049e-170,1.801887588554292e-12,0.0,2.586806768789529e-10,3.593015227565388e-08,3.933277896712403e-10,1.0519761257389013e-08,1e-05,1e-05,0.0,0.0,0.12484537707567217,0.45912986263513567,0.008969261475732229,0.00962941232836571,0.008752133846282959,0.15156570196151734,0.0014352009459465498,0.008598770676916273,0.06252731892691026,0.29896865443751275,0.00499515420563811,0.00860840406288043
df3,0.8500000000000001,-1.0,0.8500000000000001,"[8.81076169e-22 8.92004797e-20 8.93744884e-17 9.52846065e-19
 3.37322101e-25 5.74326505e-21 3.08714081e-21 1.27976799e-27
 6.78067547e-17 4.88387176e-20 3.95007214e-19 4.73751051e-25
 3.56853685e-23 6.00359848e-16 1.27528784e-18 3.95007214e-19
 2.25989398e-21 2.47371214e-22 3.55797286e-24 9.61617488e-24
 1.20365650e-19 1.27976799e-27 1.17682447e-16 5.74326505e-21
 1.62253462e-19 4.73751051e-25 1.82724155e-27 4.67812431e-22
 3.89102510e-17 8.92004797e-20 5.30299497e-19 2.66308246e-20
 1.70487812e-25 3.89102510e-17 3.89102510e-17 1.44619791e-20
 1.27528784e-18 6.42340318e-22 3.56853685e-23 7.17482117e-18
 1.30432533e-24 1.26570821e-17 1.27528784e-18 1.26570821e-17
 1.70487812e-25 2.66308246e-20 1.26570821e-17 1.20365650e-19
 4.67812431e-22 3.71348188e-27]","[1.47992178e-213 3.94269086e-203 2.27657730e-197 2.99933556e-198
 2.44962142e-223 3.93137265e-199 1.22649857e-212 6.36847393e-205
 1.42059127e-199 1.05792849e-185 1.42059127e-199 7.93820122e-235
 2.51952642e-216 3.80921130e-178 1.56161030e-208 6.36847393e-205
 1.01117804e-211 7.25427491e-223 9.35750435e-225 3.56216963e-207
 1.47992178e-213 2.37040639e-210 1.29162726e-195 7.83634509e-188
 1.42059127e-199 1.42059127e-199 3.14312166e-225 1.61125783e-229
 2.44962142e-223 5.34047521e-230 1.05792849e-185 1.10238235e-202
 5.62245732e-179 5.59619386e-187 5.12669163e-200 4.85478287e-229
 6.26005417e-197 5.49201459e-209 2.26305188e-205 6.65122023e-201
 6.65122023e-201 6.76639127e-210 7.73757074e-191 8.29322344e-211
 5.13066115e-214 9.63808018e-183 3.56216963e-207 2.26305188e-205
 6.76639127e-210 1.18168499e-226]","[8.81076169e-22 8.92004797e-20 8.93744884e-17 9.52846065e-19
 3.37322101e-25 5.74326505e-21 3.08714081e-21 1.27976799e-27
 6.78067547e-17 4.88387176e-20 3.95007214e-19 4.73751051e-25
 3.56853685e-23 6.00359848e-16 1.27528784e-18 3.95007214e-19
 2.25989398e-21 2.47371214e-22 3.55797286e-24 9.61617488e-24
 1.20365650e-19 1.27976799e-27 1.17682447e-16 5.74326505e-21
 1.62253462e-19 4.73751051e-25 1.82724155e-27 4.67812431e-22
 3.89102510e-17 8.92004797e-20 5.30299497e-19 2.66308246e-20
 1.70487812e-25 3.89102510e-17 3.89102510e-17 1.44619791e-20
 1.27528784e-18 6.42340318e-22 3.56853685e-23 7.17482117e-18
 1.30432533e-24 1.26570821e-17 1.27528784e-18 1.26570821e-17
 1.70487812e-25 2.66308246e-20 1.26570821e-17 1.20365650e-19
 4.67812431e-22 3.71348188e-27]","[1.47992178e-213 3.94269086e-203 2.27657730e-197 2.99933556e-198
 2.44962142e-223 3.93137265e-199 1.22649857e-212 6.36847393e-205
 1.42059127e-199 1.05792849e-185 1.42059127e-199 7.93820122e-235
 2.51952642e-216 3.80921130e-178 1.56161030e-208 6.36847393e-205
 1.01117804e-211 7.25427491e-223 9.35750435e-225 3.56216963e-207
 1.47992178e-213 2.37040639e-210 1.29162726e-195 7.83634509e-188
 1.42059127e-199 1.42059127e-199 3.14312166e-225 1.61125783e-229
 2.44962142e-223 5.34047521e-230 1.05792849e-185 1.10238235e-202
 5.62245732e-179 5.59619386e-187 5.12669163e-200 4.85478287e-229
 6.26005417e-197 5.49201459e-209 2.26305188e-205 6.65122023e-201
 6.65122023e-201 6.76639127e-210 7.73757074e-191 8.29322344e-211
 5.13066115e-214 9.63808018e-183 3.56216963e-207 2.26305188e-205
 6.76639127e-210 1.18168499e-226]","[7.00418390e-10 1.88418947e-10 1.94125160e-10 2.08971285e-10
 9.49814671e-11 2.07615036e-11 2.61002331e-11 7.51761320e-10
 5.33696420e-11 3.98768685e-10 7.50158824e-11 3.81434662e-10
 7.57028884e-11 2.90437563e-10 4.13584944e-10 1.05321085e-10
 1.66435199e-09 3.48183704e-11 5.77783821e-10 4.64165373e-11
 2.20875540e-11 6.51646515e-11 5.81698023e-11 1.71764269e-10
 7.55601914e-10 9.72850689e-11 1.24007682e-09 5.52816237e-10
 4.52848870e-12 2.78700618e-10 3.22866067e-10 8.41724246e-10
 1.38121514e-10 1.03127507e-11 3.67041952e-11 2.21018981e-10
 2.39856357e-10 3.09003267e-10 3.45673490e-11 1.34975364e-11
 1.19273447e-09 1.03218167e-09 1.32778244e-09 2.35557795e-10
 1.38218659e-10 2.66250355e-11 1.21756494e-10 4.32852865e-10
 5.99620353e-11 1.97434880e-09]","[3.64392880e-08 4.85203701e-08 5.26428837e-08 2.69318352e-08
 4.58854221e-08 5.12094577e-08 2.83671959e-08 2.78459883e-08
 2.24525719e-08 3.40208851e-08 3.75949218e-08 3.06467388e-08
 3.57527398e-08 5.39312934e-08 5.25906245e-08 2.76265645e-08
 3.99059171e-08 4.95530429e-08 4.54352630e-08 3.12863152e-08
 2.58936714e-08 4.22186004e-08 4.00926998e-08 2.88286898e-08
 2.14359067e-08 5.03691837e-08 4.68668536e-08 5.56057541e-08
 5.23107813e-08 4.75695298e-08 2.77831823e-08 3.32117499e-08
 5.02645777e-08 5.27847933e-08 4.05217602e-08 5.93646151e-08
 4.16136318e-08 2.55430941e-08 5.29192666e-08 2.67055917e-08
 5.32645883e-08 3.20500707e-08 2.90800605e-08 2.22313549e-08
 5.25692609e-08 5.31883562e-08 5.75285578e-08 4.95528383e-08
 3.45915521e-08 2.95007954e-08]","[1.e-05 1.e-05 1.e-05 1.e-05 1.e-05 1.e-05 1.e-05 1.e-05 1.e-05 1.e-05
 1.e-05 1.e-05 1.e-05 1.e-05 1.e-05 1.e-05 1.e-05 1.e-05 1.e-05 1.e-05
 1.e-05 1.e-05 1.e-05 1.e-05 1.e-05 1.e-05 1.e-05 1.e-05 1.e-05 1.e-05
 1.e-05 1.e-05 1.e-05 1.e-05 1.e-05 1.e-05 1.e-05 1.e-05 1.e-05 1.e-05
 1.e-05 1.e-05 1.e-05 1.e-05 1.e-05 1.e-05 1.e-05 1.e-05 1.e-05 1.e-05]","[1.e-05 1.e-05 1.e-05 1.e-05 1.e-05 1.e-05 1.e-05 1.e-05 1.e-05 1.e-05
 1.e-05 1.e-05 1.e-05 1.e-05 1.e-05 1.e-05 1.e-05 1.e-05 1.e-05 1.e-05
 1.e-05 1.e-05 1.e-05 1.e-05 1.e-05 1.e-05 1.e-05 1.e-05 1.e-05 1.e-05
 1.e-05 1.e-05 1.e-05 1.e-05 1.e-05 1.e-05 1.e-05 1.e-05 1.e-05 1.e-05
 1.e-05 1.e-05 1.e-05 1.e-05 1.e-05 1.e-05 1.e-05 1.e-05 1.e-05 1.e-05]","[0.14799331 0.13446115 0.12748217 0.12667405 0.14606123 0.13518084
 0.1382405  0.15771446 0.14470575 0.14600753 0.1387931  0.15176931
 0.13851334 0.13717314 0.1370836  0.1280724  0.13719232 0.14792084
 0.14904133 0.14343674 0.13339255 0.15333707 0.14545262 0.14307915
 0.13742145 0.14549495 0.15153153 0.1503216  0.13359751 0.13699695
 0.12469951 0.1445551  0.15215509 0.13304563 0.12466151 0.13709503
 0.12771611 0.14973688 0.1431786  0.12617544 0.15210164 0.13135808
 0.12174832 0.12424433 0.13548272 0.13633095 0.13302796 0.139977
 0.13372141 0.1570205 ]","[0.47193191 0.47662034 0.46712172 0.45956182 0.48421144 0.45963979
 0.47866339 0.47433921 0.48175313 0.46482666 0.47480835 0.49205804
 0.47269148 0.47169026 0.49048012 0.47774996 0.47410502 0.47407615
 0.49149026 0.48344323 0.47794759 0.48652815 0.47170487 0.45767139
 0.46776528 0.47549938 0.49266456 0.48459928 0.48164593 0.47481812
 0.45096011 0.48231964 0.45470633 0.45670708 0.46433545 0.48615045
 0.46124546 0.477775   0.4661869  0.47905415 0.47912527 0.4776441
 0.46748299 0.46832224 0.46584068 0.45512679 0.47394401 0.49138143
 0.46711312 0.48652874]","[1.06435014e-38 5.37219592e-32 8.55349517e-29 1.95762565e-28
 1.05717169e-37 2.45527203e-32 8.39122550e-34 6.41959359e-44
 5.19616886e-37 1.12632971e-37 4.52321428e-34 1.09617173e-40
 6.18658732e-34 2.74867787e-33 3.03504396e-33 4.65631081e-29
 2.69091032e-33 1.16070814e-38 3.02451489e-39 2.27591361e-36
 1.70475758e-31 1.58415411e-41 2.16499756e-37 3.44250219e-36
 2.08739882e-33 2.05991169e-37 1.46730741e-40 6.42399296e-40
 1.36705941e-31 3.34034323e-33 1.44740186e-27 6.19635435e-37
 6.82297650e-41 2.47516088e-31 1.50374980e-27 2.99690682e-33
 6.72377985e-29 1.30568056e-39 3.06856928e-36 3.25416840e-28
 7.28674699e-41 1.49706460e-30 2.71282719e-26 2.28517885e-27
 1.76569195e-32 6.96386933e-33 2.52256575e-31 1.19344545e-34
 1.19606870e-31 1.55363739e-43]","[0. 0. 0. 0. 0. 0. 0. 0. 0. 0. 0. 0. 0. 0. 0. 0. 0. 0. 0. 0. 0. 0. 0. 0.
 0. 0. 0. 0. 0. 0. 0. 0. 0. 0. 0. 0. 0. 0. 0. 0. 0. 0. 0. 0. 0. 0. 0. 0.
 0. 0.]","[0.00893319 0.00934875 0.00956845 0.00739455 0.01192224 0.009781
 0.00811076 0.00885534 0.01029265 0.01428294 0.01068223 0.01021457
 0.01158547 0.00775278 0.0084722  0.00818539 0.00933421 0.0095191
 0.01001513 0.01080215 0.01008868 0.01278353 0.01012659 0.01096904
 0.00848126 0.00978839 0.0105058  0.01389349 0.0072794  0.00948381
 0.00772011 0.01040602 0.01109612 0.0088172  0.00958407 0.01000631
 0.00916207 0.01124036 0.01032543 0.00719893 0.01109719 0.00876927
 0.00956833 0.00964582 0.00787091 0.00799537 0.00723338 0.01041055
 0.00958228 0.01316071]","[0.14813709 0.15779877 0.15885592 0.15290368 0.17686105 0.14637232
 0.15847552 0.15099347 0.16094124 0.16666949 0.15936029 0.16721392
 0.16745925 0.15476799 0.16293633 0.15227008 0.162485   0.15367198
 0.17138755 0.17220819 0.16426384 0.17247164 0.15830183 0.15221977
 0.14415455 0.15694904 0.16955245 0.16810477 0.15575266 0.15489888
 0.14706182 0.15972221 0.14927566 0.1425947  0.15896153 0.15621209
 0.15710056 0.16648269 0.15123188 0.15839267 0.16174018 0.15553391
 0.16441858 0.15456235 0.15563703 0.14568257 0.15612745 0.17399156
 0.15357864 0.17117858]","[0.06136715 0.06410284 0.06506594 0.05724223 0.0746381  0.06475425
 0.0587537  0.06218403 0.067497   0.08053123 0.06901218 0.06659116
 0.07105976 0.05763682 0.06210456 0.06153724 0.06462405 0.06375182
 0.06665462 0.0695838  0.06566955 0.07508301 0.06791232 0.06885083
 0.06129323 0.06642717 0.06756958 0.07882935 0.05670122 0.06422031
 0.06016898 0.06838392 0.06847375 0.06238395 0.0664408  0.06797396
 0.0629698  0.06940736 0.06787422 0.0576711  0.06941458 0.06308588
 0.065149   0.06580909 0.05857187 0.06019164 0.0560948  0.06690677
 0.06612748 0.07509552]","[0.29463512 0.30304934 0.30635464 0.30271296 0.32471521 0.29326422
 0.30942286 0.30107582 0.30710559 0.30978393 0.3040531  0.31626252
 0.3151193  0.30386567 0.30917244 0.29958389 0.31022768 0.30271581
 0.31817104 0.31823837 0.31313122 0.31835099 0.30639328 0.30028856
 0.29320604 0.30582736 0.31798776 0.3127982  0.3038422  0.30167109
 0.29641654 0.30689825 0.29703565 0.28969729 0.30183409 0.3010018
 0.30525636 0.31320667 0.29715497 0.30537263 0.30947686 0.30484775
 0.31317307 0.2997816  0.30505476 0.29608747 0.30462961 0.32108212
 0.30249671 0.31671726]",2.087833915885128e-17,8.743107267300395e-180,8.604091704144408e-17,0.0,3.6516864643232336e-10,4.0282013749060045e-08,4.5196408492917804e-10,1.116401851349274e-08,1e-05,1e-05,0.0,0.0,0.13944348677635193,0.47408113558530807,0.009226469045466763,0.010566533181648172,0.00978687047958374,0.15875850439071656,0.0016148133562068386,0.008185457831448887,0.06558887042563744,0.30620495372173506,0.005352883829813398,0.007835699454650593
df3,0.9,-1.0,0.9,"[8.09234334e-37 4.21288896e-21 1.06757971e-26 9.43897459e-23
 2.58531714e-40 7.13959478e-29 1.51487883e-26 1.82198508e-31
 1.76381982e-30 1.27976799e-27 1.27976799e-27 2.39934411e-25
 2.18494984e-19 4.73751051e-25 8.31031105e-31 2.25989398e-21
 8.92004797e-20 3.04782586e-28 1.70487812e-25 4.95418960e-29
 7.11203305e-19 4.80962056e-35 4.94023307e-23 2.93930826e-19
 4.67812431e-22 6.07873598e-26 7.00791465e-41 5.74326505e-21
 6.25831333e-28 6.64674147e-25 2.39934411e-25 2.93930826e-19
 2.37806656e-29 6.07873598e-26 4.21288896e-21 9.31581113e-25
 3.71348188e-27 3.81363460e-33 2.39934411e-25 1.76381982e-30
 1.21017203e-25 1.20730402e-21 4.96114708e-24 4.05057199e-18
 2.67038982e-32 1.70487812e-25 2.60622931e-27 3.04782586e-28
 2.54904105e-24 1.85625733e-23]","[9.35750435e-225 3.07831128e-202 1.18204429e-247 4.38975014e-228
 5.50589418e-221 3.05812398e-238 5.50589418e-221 1.61125783e-229
 5.13066115e-214 7.25427491e-223 8.45564584e-236 6.33664599e-222
 1.92897507e-209 1.10238235e-202 7.25427491e-223 6.88429486e-233
 4.26320822e-213 2.44962142e-223 3.43583428e-241 2.14542849e-222
 1.61976355e-220 1.61976355e-220 8.03142016e-206 2.27657730e-197
 1.46081292e-228 7.41239578e-234 3.61373398e-243 1.86909163e-221
 3.67595363e-244 8.66642612e-217 7.31522988e-216 1.78984444e-204
 5.34047521e-230 3.56216963e-207 1.56161030e-208 2.59254914e-235
 1.25766151e-207 1.18168499e-226 1.01117804e-211 1.05435156e-225
 5.34047521e-230 6.65122023e-201 5.50589418e-221 3.91093778e-192
 3.94269086e-203 5.31262531e-193 1.86909163e-221 7.31522988e-216
 3.56216963e-207 2.44962142e-223]","[8.09234334e-37 4.21288896e-21 1.06757971e-26 9.43897459e-23
 2.58531714e-40 7.13959478e-29 1.51487883e-26 1.82198508e-31
 1.76381982e-30 1.27976799e-27 1.27976799e-27 2.39934411e-25
 2.18494984e-19 4.73751051e-25 8.31031105e-31 2.25989398e-21
 8.92004797e-20 3.04782586e-28 1.70487812e-25 4.95418960e-29
 7.11203305e-19 4.80962056e-35 4.94023307e-23 2.93930826e-19
 4.67812431e-22 6.07873598e-26 7.00791465e-41 5.74326505e-21
 6.25831333e-28 6.64674147e-25 2.39934411e-25 2.93930826e-19
 2.37806656e-29 6.07873598e-26 4.21288896e-21 9.31581113e-25
 3.71348188e-27 3.81363460e-33 2.39934411e-25 1.76381982e-30
 1.21017203e-25 1.20730402e-21 4.96114708e-24 4.05057199e-18
 2.67038982e-32 1.70487812e-25 2.60622931e-27 3.04782586e-28
 2.54904105e-24 1.85625733e-23]","[9.35750435e-225 3.07831128e-202 1.18204429e-247 4.38975014e-228
 5.50589418e-221 3.05812398e-238 5.50589418e-221 1.61125783e-229
 5.13066115e-214 7.25427491e-223 8.45564584e-236 6.33664599e-222
 1.92897507e-209 1.10238235e-202 7.25427491e-223 6.88429486e-233
 4.26320822e-213 2.44962142e-223 3.43583428e-241 2.14542849e-222
 1.61976355e-220 1.61976355e-220 8.03142016e-206 2.27657730e-197
 1.46081292e-228 7.41239578e-234 3.61373398e-243 1.86909163e-221
 3.67595363e-244 8.66642612e-217 7.31522988e-216 1.78984444e-204
 5.34047521e-230 3.56216963e-207 1.56161030e-208 2.59254914e-235
 1.25766151e-207 1.18168499e-226 1.01117804e-211 1.05435156e-225
 5.34047521e-230 6.65122023e-201 5.50589418e-221 3.91093778e-192
 3.94269086e-203 5.31262531e-193 1.86909163e-221 7.31522988e-216
 3.56216963e-207 2.44962142e-223]","[2.57498356e-10 1.41574774e-09 3.53944318e-10 1.89107507e-10
 3.30978034e-09 3.06586867e-10 4.75597672e-10 2.93185809e-10
 2.75234502e-10 7.05072667e-11 4.93136199e-10 1.26700272e-09
 4.02966438e-10 6.37137343e-10 8.58354166e-10 3.85619314e-11
 5.78985415e-10 1.27232225e-10 4.54396076e-10 6.70434153e-10
 2.22665664e-10 2.19283924e-10 2.27496910e-11 3.92916144e-10
 1.42385881e-10 4.76316875e-10 5.31665167e-09 2.23429830e-10
 6.90502100e-11 6.93049174e-10 1.28377464e-09 3.06352499e-10
 7.57786611e-10 4.17133328e-10 3.71990216e-11 6.80058565e-10
 1.60384894e-09 6.59165611e-10 4.56268689e-10 7.15144610e-11
 6.01790395e-10 5.87591087e-10 5.51688695e-11 2.25392593e-10
 3.63787001e-10 1.38682066e-10 2.29914432e-09 2.68936351e-09
 2.78707468e-09 3.71358500e-11]","[4.52455455e-08 4.39701153e-08 4.82307208e-08 6.21321012e-08
 5.18859185e-08 3.23530737e-08 5.13166004e-08 4.25600234e-08
 4.00767305e-08 2.92052885e-08 4.33177084e-08 2.48955581e-08
 3.72618509e-08 4.50186073e-08 3.73031540e-08 3.95585006e-08
 3.72199999e-08 3.02085286e-08 2.68326487e-08 3.49258588e-08
 4.91665703e-08 4.47663110e-08 2.99018532e-08 4.83476845e-08
 5.61649595e-08 5.26915298e-08 4.71368174e-08 4.41368686e-08
 5.21785973e-08 3.04436060e-08 3.19303065e-08 2.21325213e-08
 4.47968153e-08 4.03205060e-08 2.49884924e-08 4.72595812e-08
 2.18097597e-08 2.91936042e-08 5.40624204e-08 3.20238329e-08
 6.26021992e-08 5.84597430e-08 5.61707811e-08 5.65682319e-08
 3.16403745e-08 3.27887902e-08 2.73424592e-08 4.44732408e-08
 2.86234491e-08 2.42874778e-08]","[1.e-05 1.e-05 1.e-05 1.e-05 1.e-05 1.e-05 1.e-05 1.e-05 1.e-05 1.e-05
 1.e-05 1.e-05 1.e-05 1.e-05 1.e-05 1.e-05 1.e-05 1.e-05 1.e-05 1.e-05
 1.e-05 1.e-05 1.e-05 1.e-05 1.e-05 1.e-05 1.e-05 1.e-05 1.e-05 1.e-05
 1.e-05 1.e-05 1.e-05 1.e-05 1.e-05 1.e-05 1.e-05 1.e-05 1.e-05 1.e-05
 1.e-05 1.e-05 1.e-05 1.e-05 1.e-05 1.e-05 1.e-05 1.e-05 1.e-05 1.e-05]","[1.e-05 1.e-05 1.e-05 1.e-05 1.e-05 1.e-05 1.e-05 1.e-05 1.e-05 1.e-05
 1.e-05 1.e-05 1.e-05 1.e-05 1.e-05 1.e-05 1.e-05 1.e-05 1.e-05 1.e-05
 1.e-05 1.e-05 1.e-05 1.e-05 1.e-05 1.e-05 1.e-05 1.e-05 1.e-05 1.e-05
 1.e-05 1.e-05 1.e-05 1.e-05 1.e-05 1.e-05 1.e-05 1.e-05 1.e-05 1.e-05
 1.e-05 1.e-05 1.e-05 1.e-05 1.e-05 1.e-05 1.e-05 1.e-05 1.e-05 1.e-05]","[0.17682072 0.14124422 0.16089332 0.15112273 0.18549116 0.16104169
 0.1592825  0.17227714 0.17693645 0.15859179 0.15032849 0.1631609
 0.13384696 0.16211079 0.17030768 0.15430555 0.14194384 0.16095769
 0.15932908 0.15525023 0.14502153 0.17879267 0.14890165 0.14731951
 0.14751482 0.14912262 0.18342078 0.1494015  0.15925159 0.15319045
 0.15765612 0.14196899 0.15567268 0.15292045 0.15662334 0.15682361
 0.15574987 0.16941456 0.15936155 0.16451826 0.15788008 0.1427999
 0.15635075 0.1455438  0.16440024 0.14943042 0.15986515 0.14610632
 0.15627219 0.153941  ]","[0.49654577 0.46829203 0.51375576 0.4786437  0.49312372 0.48697807
 0.48454247 0.48467587 0.49201321 0.48733286 0.48032125 0.49631239
 0.47227017 0.4763841  0.48990082 0.4915208  0.47160181 0.48597387
 0.49644808 0.48948585 0.48867671 0.49696162 0.47421497 0.48212896
 0.49705377 0.4890473  0.49633946 0.4880773  0.4974956  0.48257659
 0.49186618 0.47757115 0.50344032 0.48320807 0.48182126 0.5087634
 0.47807676 0.49197342 0.4906394  0.489051   0.49622195 0.47706801
 0.49167552 0.471882   0.47501289 0.47346923 0.4950377  0.48183469
 0.48901663 0.4909279 ]","[3.61264105e-55 2.83072195e-35 1.06432803e-45 2.41978717e-40
 1.03964271e-60 8.77180792e-46 8.58637779e-45 2.25186898e-52
 3.05956006e-55 2.08812578e-44 6.37043563e-40 5.43023525e-47
 1.04446982e-31 2.16552056e-46 3.47327927e-51 4.74720965e-42
 1.27184492e-35 9.78687633e-46 8.08573957e-45 1.45443559e-42
 3.59059430e-37 2.09707321e-56 3.57857903e-39 2.37859125e-38
 1.88476803e-38 2.74225127e-39 2.31640049e-59 1.95866650e-39
 8.93548034e-45 1.89992891e-41 6.91578910e-44 1.23568923e-35
 8.54906979e-43 2.65401571e-41 2.57188079e-43 1.99499803e-43
 7.75679374e-43 1.18835118e-50 7.75405404e-45 8.96239390e-48
 5.19569158e-44 4.75228595e-36 3.63214760e-43 1.94492364e-37
 1.04885980e-47 1.89142990e-39 4.04492387e-45 1.00237260e-37
 4.01164006e-43 7.47887917e-42]","[0. 0. 0. 0. 0. 0. 0. 0. 0. 0. 0. 0. 0. 0. 0. 0. 0. 0. 0. 0. 0. 0. 0. 0.
 0. 0. 0. 0. 0. 0. 0. 0. 0. 0. 0. 0. 0. 0. 0. 0. 0. 0. 0. 0. 0. 0. 0. 0.
 0. 0.]","[0.01374483 0.01028562 0.01230717 0.00889957 0.02071452 0.01141143
 0.01150084 0.0162183  0.01655364 0.0118407  0.01300204 0.01141775
 0.00950515 0.0121249  0.01543999 0.00901818 0.00854373 0.00927472
 0.01309633 0.0121026  0.00969136 0.01499534 0.01291335 0.00996828
 0.01000583 0.01178479 0.01765764 0.01229405 0.01248229 0.01389587
 0.01373768 0.01115    0.01313555 0.01206362 0.01251602 0.01221693
 0.0143286  0.01334131 0.0119307  0.01632845 0.01113808 0.00982404
 0.01168251 0.01278949 0.01358509 0.00924528 0.01423323 0.00974226
 0.01353872 0.01208425]","[0.1659534  0.1531527  0.185974   0.15612519 0.18149364 0.16207671
 0.16540539 0.17679095 0.17495012 0.16926181 0.17315078 0.16574454
 0.1648314  0.1657331  0.17052293 0.16037428 0.15517092 0.15652835
 0.18095613 0.16995406 0.17007279 0.16999865 0.17419565 0.15610456
 0.16573131 0.17310214 0.17085207 0.16741979 0.16557109 0.17253387
 0.17527711 0.1684773  0.17987776 0.16546237 0.16557693 0.17347836
 0.1681596  0.17054176 0.17674446 0.18328965 0.16545701 0.16238439
 0.16696966 0.16777134 0.16288161 0.16183746 0.18149781 0.16210532
 0.17117572 0.1713841 ]","[0.08049567 0.06705127 0.07287134 0.0616379  0.09354425 0.07104687
 0.06957725 0.08538025 0.08452655 0.07095665 0.07669024 0.07099968
 0.06623183 0.07301104 0.08027614 0.06195348 0.0614805  0.06237622
 0.07563422 0.07266311 0.06741446 0.08086659 0.0758942  0.06468666
 0.06908901 0.07113979 0.08408668 0.07346594 0.07040766 0.07767226
 0.07727841 0.07063182 0.07683449 0.07264664 0.07413933 0.074194
 0.07920892 0.07498902 0.07053322 0.08463287 0.06947266 0.06540742
 0.07057757 0.07479395 0.07652473 0.06304359 0.07946116 0.06449426
 0.07736223 0.07070501]","[0.31231888 0.29963413 0.33081487 0.30557212 0.3268806  0.31163309
 0.31491856 0.32363169 0.32004304 0.31704325 0.32154073 0.31444953
 0.31387564 0.31613522 0.31930042 0.30801023 0.30327299 0.30569162
 0.3274532  0.31925729 0.3163048  0.31673409 0.32209078 0.3033636
 0.31335946 0.32013146 0.31548331 0.31323993 0.31382087 0.31898427
 0.32010888 0.31518971 0.32559842 0.31075374 0.31367808 0.31995381
 0.3122796  0.31874733 0.32566378 0.32590191 0.31197592 0.30839121
 0.31317046 0.31361326 0.31029977 0.31174908 0.32750602 0.31145623
 0.31942858 0.31810389]",1.1351219483459444e-19,8.884446167572198e-194,5.744084857573432e-19,0.0,7.262425771870084e-10,4.059855834626092e-08,9.81230148652866e-10,1.1031719120595287e-08,1e-05,1e-05,0.0,0.0,0.15720958751797676,0.4873450467586518,0.010941540869534094,0.009614857346332533,0.01242605209350586,0.1688016414642334,0.0024078349049356427,0.007397551175191338,0.07320118049573662,0.31597118646879957,0.006830937298218418,0.006734782394791963
df3,0.9500000000000001,-1.0,0.9500000000000001,"[1.51487883e-26 2.56565447e-30 2.56565447e-30 1.51487883e-26
 1.30432533e-24 3.56590826e-34 1.81313081e-32 1.17161696e-33
 5.41174667e-30 1.64503886e-29 2.14251154e-35 7.51579753e-27
 1.27976799e-27 1.73815304e-33 6.25831333e-28 1.82724155e-27
 2.78636314e-36 2.37806656e-29 1.79605588e-22 3.92888730e-32
 2.66678482e-31 8.33270257e-33 8.33270257e-33 1.24351631e-31
 5.41174667e-30 2.85911373e-38 1.64503886e-29 8.09234334e-37
 1.21017203e-25 4.36966274e-28 2.47371214e-22 1.76381982e-30
 3.72814291e-30 5.69539852e-31 7.84752977e-30 2.58531714e-40
 3.04782586e-28 5.77449424e-32 4.95418960e-29 3.21175996e-35
 6.25831333e-28 2.56565447e-30 7.88918156e-34 8.81076169e-22
 2.32827146e-37 3.37322101e-25 2.14737506e-26 3.04081795e-26
 5.28569498e-27 3.72814291e-30]","[2.99933556e-198 1.31736402e-227 8.45564584e-236 1.86909163e-221
 9.43988833e-238 5.50589418e-221 1.15334471e-243 1.77639648e-214
 3.94814391e-227 1.18168499e-226 8.55304933e-258 1.39630443e-219
 3.53209531e-226 3.46004799e-252 3.61373398e-243 1.18168499e-226
 9.43988833e-238 4.38975014e-228 2.63457939e-194 2.12113147e-215
 2.51952642e-216 7.93820122e-235 8.66642612e-217 1.77639648e-214
 1.31736402e-227 9.89363299e-239 7.25427491e-223 1.07736663e-252
 1.61125783e-229 8.45564584e-236 2.09379917e-232 1.61976355e-220
 1.05435156e-225 5.84341813e-231 5.84341813e-231 1.92902733e-231
 3.05812398e-238 4.75885256e-220 3.43583428e-241 2.75410864e-236
 1.01117804e-211 5.13066115e-214 2.44962142e-223 5.13066115e-214
 3.61373398e-243 3.14312166e-225 1.56161030e-208 1.61125783e-229
 1.76772217e-230 3.94814391e-227]","[1.51487883e-26 2.56565447e-30 2.56565447e-30 1.51487883e-26
 1.30432533e-24 3.56590826e-34 1.81313081e-32 1.17161696e-33
 5.41174667e-30 1.64503886e-29 2.14251154e-35 7.51579753e-27
 1.27976799e-27 1.73815304e-33 6.25831333e-28 1.82724155e-27
 2.78636314e-36 2.37806656e-29 1.79605588e-22 3.92888730e-32
 2.66678482e-31 8.33270257e-33 8.33270257e-33 1.24351631e-31
 5.41174667e-30 2.85911373e-38 1.64503886e-29 8.09234334e-37
 1.21017203e-25 4.36966274e-28 2.47371214e-22 1.76381982e-30
 3.72814291e-30 5.69539852e-31 7.84752977e-30 2.58531714e-40
 3.04782586e-28 5.77449424e-32 4.95418960e-29 3.21175996e-35
 6.25831333e-28 2.56565447e-30 7.88918156e-34 8.81076169e-22
 2.32827146e-37 3.37322101e-25 2.14737506e-26 3.04081795e-26
 5.28569498e-27 3.72814291e-30]","[2.99933556e-198 1.31736402e-227 8.45564584e-236 1.86909163e-221
 9.43988833e-238 5.50589418e-221 1.15334471e-243 1.77639648e-214
 3.94814391e-227 1.18168499e-226 8.55304933e-258 1.39630443e-219
 3.53209531e-226 3.46004799e-252 3.61373398e-243 1.18168499e-226
 9.43988833e-238 4.38975014e-228 2.63457939e-194 2.12113147e-215
 2.51952642e-216 7.93820122e-235 8.66642612e-217 1.77639648e-214
 1.31736402e-227 9.89363299e-239 7.25427491e-223 1.07736663e-252
 1.61125783e-229 8.45564584e-236 2.09379917e-232 1.61976355e-220
 1.05435156e-225 5.84341813e-231 5.84341813e-231 1.92902733e-231
 3.05812398e-238 4.75885256e-220 3.43583428e-241 2.75410864e-236
 1.01117804e-211 5.13066115e-214 2.44962142e-223 5.13066115e-214
 3.61373398e-243 3.14312166e-225 1.56161030e-208 1.61125783e-229
 1.76772217e-230 3.94814391e-227]","[1.06970832e-09 1.23976185e-09 1.16141741e-09 1.46842016e-09
 3.33419403e-10 8.75642892e-10 4.35102443e-09 2.04540274e-09
 1.13902110e-09 2.46396814e-09 6.19464591e-10 6.90166813e-10
 1.93393968e-10 1.38344669e-09 2.11309825e-09 1.01270170e-09
 3.63532304e-09 1.25449762e-10 1.56014479e-09 3.25397065e-09
 1.04475428e-10 4.34133185e-09 6.24357566e-10 2.24684826e-10
 7.92993227e-10 4.84153606e-10 3.54946628e-10 7.31633421e-10
 1.84352889e-09 9.63205071e-11 2.39614995e-11 1.47837964e-10
 1.52130641e-10 3.59314356e-10 9.80402537e-10 4.46666260e-10
 9.81056347e-11 3.13687187e-10 1.57355351e-10 3.51944973e-09
 1.93187533e-09 7.69321495e-10 2.46399789e-10 1.64520508e-10
 1.04041242e-09 1.77798065e-09 1.67537006e-09 9.05041597e-11
 2.82353363e-10 2.90287039e-09]","[2.47921913e-08 3.02173659e-08 5.76326774e-08 3.08957629e-08
 5.36425837e-08 3.18565264e-08 3.12840553e-08 3.32434582e-08
 4.07257033e-08 3.01989834e-08 6.02818720e-08 2.57178718e-08
 3.25741502e-08 6.50799702e-08 4.39160900e-08 6.25748440e-08
 2.65468985e-08 4.08215074e-08 5.43039274e-08 2.89586325e-08
 2.54256503e-08 6.40698514e-08 5.73309050e-08 5.38114509e-08
 2.91268160e-08 2.67608574e-08 5.83918759e-08 2.85071202e-08
 3.35271587e-08 4.69449938e-08 4.31928442e-08 2.54119292e-08
 4.01495686e-08 3.54678854e-08 3.54916053e-08 6.20636208e-08
 4.86786387e-08 3.81654280e-08 2.62690484e-08 4.64686600e-08
 5.19313366e-08 3.44456945e-08 2.57631569e-08 2.61732084e-08
 5.86825722e-08 3.56635806e-08 3.94081989e-08 4.20424662e-08
 4.28869551e-08 3.27888470e-08]","[1.e-05 1.e-05 1.e-05 1.e-05 1.e-05 1.e-05 1.e-05 1.e-05 1.e-05 1.e-05
 1.e-05 1.e-05 1.e-05 1.e-05 1.e-05 1.e-05 1.e-05 1.e-05 1.e-05 1.e-05
 1.e-05 1.e-05 1.e-05 1.e-05 1.e-05 1.e-05 1.e-05 1.e-05 1.e-05 1.e-05
 1.e-05 1.e-05 1.e-05 1.e-05 1.e-05 1.e-05 1.e-05 1.e-05 1.e-05 1.e-05
 1.e-05 1.e-05 1.e-05 1.e-05 1.e-05 1.e-05 1.e-05 1.e-05 1.e-05 1.e-05]","[1.e-05 1.e-05 1.e-05 1.e-05 1.e-05 1.e-05 1.e-05 1.e-05 1.e-05 1.e-05
 1.e-05 1.e-05 1.e-05 1.e-05 1.e-05 1.e-05 1.e-05 1.e-05 1.e-05 1.e-05
 1.e-05 1.e-05 1.e-05 1.e-05 1.e-05 1.e-05 1.e-05 1.e-05 1.e-05 1.e-05
 1.e-05 1.e-05 1.e-05 1.e-05 1.e-05 1.e-05 1.e-05 1.e-05 1.e-05 1.e-05
 1.e-05 1.e-05 1.e-05 1.e-05 1.e-05 1.e-05 1.e-05 1.e-05 1.e-05 1.e-05]","[0.16144323 0.16667522 0.17518688 0.16803938 0.14856837 0.1871159
 0.18558099 0.17961778 0.16306655 0.16951899 0.17920683 0.16715803
 0.1626057  0.18280076 0.15857436 0.16913113 0.18303692 0.17530017
 0.14949073 0.1717722  0.17414735 0.16938701 0.1745707  0.17966644
 0.17849374 0.188973   0.16683394 0.18277045 0.16965473 0.16592376
 0.1429524  0.17037235 0.16644061 0.17354413 0.16621592 0.18771398
 0.17458958 0.17411326 0.17066297 0.17807132 0.16626742 0.16575452
 0.18323529 0.1455427  0.18072343 0.16550468 0.15537375 0.15755937
 0.16532149 0.16625531]","[0.47263523 0.49550901 0.5171367  0.50647574 0.49834936 0.49546325
 0.51367562 0.49606294 0.48472198 0.49887435 0.50251532 0.49449502
 0.50241041 0.52185656 0.50346082 0.50196669 0.49909867 0.49878963
 0.47991942 0.50010463 0.48224728 0.49812098 0.49981852 0.48791957
 0.50426692 0.50824006 0.4821319  0.5078519  0.49566078 0.50072109
 0.50481857 0.50254954 0.49893339 0.49895137 0.49071968 0.49642798
 0.5153479  0.49367867 0.50811973 0.50775478 0.4958825  0.48663904
 0.50700806 0.48818139 0.50354551 0.50360115 0.4996913  0.51120597
 0.50511793 0.48478477]","[5.19268365e-46 4.95989604e-49 3.72732210e-54 7.79564086e-50
 5.34247940e-39 8.87495977e-62 9.07929634e-61 6.31198600e-57
 6.15117969e-47 1.02949974e-50 1.14863310e-56 2.58116890e-49
 1.12961053e-46 5.82702213e-59 2.13537517e-44 1.75335704e-50
 4.10219025e-59 3.17269800e-54 1.75849431e-39 4.55530698e-52
 1.62647437e-53 1.23417802e-50 8.93592424e-54 5.87943302e-57
 3.23530735e-56 5.18582050e-63 4.00238563e-49 6.09537282e-59
 8.54229365e-51 1.36548486e-48 3.98533558e-36 3.17645711e-51
 6.80773487e-49 3.80843064e-53 9.21572583e-49 3.56728848e-62
 8.70003592e-54 1.70671252e-53 2.12532945e-51 5.96291698e-56
 8.59803242e-49 1.71417977e-48 3.05363541e-59 1.94745402e-37
 1.25185525e-57 2.39704967e-48 1.24533338e-42 7.82415059e-44
 3.06413126e-48 8.73956312e-49]","[0. 0. 0. 0. 0. 0. 0. 0. 0. 0. 0. 0. 0. 0. 0. 0. 0. 0. 0. 0. 0. 0. 0. 0.
 0. 0. 0. 0. 0. 0. 0. 0. 0. 0. 0. 0. 0. 0. 0. 0. 0. 0. 0. 0. 0. 0. 0. 0.
 0. 0.]","[0.01339602 0.01337266 0.01567519 0.01356757 0.01076663 0.01847041
 0.01559043 0.01595783 0.01321423 0.01295304 0.01617897 0.01599634
 0.01384246 0.01618922 0.01424468 0.01349807 0.01495636 0.01231337
 0.00970399 0.01550865 0.01426697 0.01567507 0.01394522 0.01630604
 0.01753449 0.01784861 0.0143497  0.01386869 0.01581657 0.01310611
 0.00961733 0.01534688 0.01692975 0.01477277 0.01607072 0.01552629
 0.01492155 0.01361442 0.01527524 0.0166328  0.01136291 0.01562703
 0.01813519 0.01192629 0.01694298 0.01227665 0.01335943 0.01242423
 0.01146686 0.01475823]","[0.16227114 0.17165458 0.18545115 0.17935693 0.1693871  0.17701447
 0.17655921 0.17699027 0.16367805 0.16788113 0.17829347 0.19047105
 0.17185473 0.18758702 0.1864984  0.17385721 0.17352509 0.16507721
 0.15798998 0.17167807 0.16899419 0.18073976 0.17623448 0.16518879
 0.18505406 0.17983782 0.16809833 0.16938913 0.17818761 0.17137396
 0.17664826 0.18754125 0.19241953 0.1689496  0.1764468  0.1750505
 0.17810965 0.16579735 0.18394887 0.17925286 0.16301632 0.18010199
 0.18204904 0.1701293  0.1792953  0.1688776  0.17417109 0.16885185
 0.17504001 0.1747489 ]","[0.07672916 0.07497526 0.08151936 0.07784312 0.07011172 0.09096057
 0.08161575 0.0830419  0.07674231 0.07175187 0.08299252 0.08214929
 0.07879241 0.08616256 0.07916582 0.07502046 0.08088345 0.07450467
 0.06391642 0.08303963 0.07807171 0.08323366 0.08030864 0.08504175
 0.08816244 0.08662247 0.08015436 0.07743731 0.08188555 0.07617165
 0.06667495 0.08253218 0.08830644 0.08035085 0.08409363 0.08055708
 0.07926574 0.07776481 0.08003277 0.08543799 0.06898242 0.08252685
 0.08917547 0.07487025 0.08638667 0.07169766 0.07499857 0.072251
 0.06901548 0.08202278]","[0.30917785 0.31979118 0.32854301 0.32585036 0.31739689 0.32428329
 0.32114103 0.32346242 0.31051946 0.31360493 0.3244335  0.3349348
 0.3158385  0.33573595 0.33181024 0.32129616 0.31994945 0.31382164
 0.30695823 0.31903213 0.31698588 0.32616998 0.32637539 0.31065304
 0.32888603 0.32278221 0.31826578 0.31636792 0.3231015  0.31676575
 0.3238968  0.33401183 0.33709499 0.31327583 0.32133136 0.3229031
 0.32375637 0.31164644 0.32751921 0.32462011 0.31165703 0.32823612
 0.32742289 0.31658775 0.32401239 0.31496089 0.31915174 0.31146207
 0.32469606 0.32074233]",2.6198317206687416e-23,5.269758640077838e-196,1.292617608170396e-22,0.0,1.1482778394800165e-09,4.0406139929505256e-08,1.13348164444705e-09,1.2419492902076538e-08,1e-05,1e-05,0.0,0.0,0.1702105143451691,0.4990691913700104,0.010583693184630028,0.009736461276701044,0.01450202226638794,0.17501240968704224,0.002032995558586073,0.00761736676469729,0.0793190270076692,0.3212583971369153,0.005905234075790092,0.007118108943944774
df3,1.0,-1.0,1.0,"[1.76381982e-30 1.81313081e-32 1.22979552e-32 1.39869353e-43
 1.17161696e-33 3.56590826e-34 1.87374272e-38 1.67491922e-40
 5.30672790e-34 5.30672790e-34 8.33270257e-33 5.78417409e-45
 1.13678721e-29 3.56590826e-34 1.60509935e-34 8.43789069e-43
 1.82198508e-31 3.21175996e-35 1.64503886e-29 2.78636314e-36
 5.00547265e-42 2.57596005e-33 4.35811909e-38 3.92888730e-32
 6.14029324e-40 2.19550867e-43 5.24109088e-39 1.70487812e-25
 5.65883768e-44 4.73751051e-25 3.56590826e-34 1.22668930e-38
 1.53384053e-37 3.81363460e-33 5.41174667e-30 1.07520219e-34
 1.22668930e-38 1.22668930e-38 1.45226397e-39 2.56565447e-30
 1.82198508e-31 1.07520219e-34 2.14251154e-35 8.02241615e-39
 2.39365688e-34 4.30155538e-26 3.04081795e-26 5.39250695e-43
 5.24109088e-39 1.81313081e-32]","[4.85478287e-229 1.17000699e-244 2.78216167e-224 1.04022368e-253
 3.05812398e-238 8.95837920e-237 3.05812398e-238 3.54769787e-268
 1.19734428e-218 5.84341813e-231 3.53209531e-226 1.04022368e-253
 1.17000699e-244 1.17315853e-248 7.41239578e-234 3.71889573e-245
 7.41239578e-234 3.63051355e-250 1.47992178e-213 8.03142016e-206
 3.67595363e-244 1.62712727e-264 3.67595363e-244 1.77639648e-214
 2.78095482e-270 3.74183611e-246 1.17315853e-248 4.75885256e-220
 9.36598866e-270 6.88429486e-233 3.22557899e-254 2.28756206e-260
 7.25427491e-223 1.15334471e-243 3.32298747e-240 1.10968942e-251
 1.07736663e-252 7.93820122e-235 4.42473502e-266 3.05812398e-238
 2.44962142e-223 2.90999006e-237 2.75410864e-236 1.10968942e-251
 1.13073699e-242 2.97708325e-217 1.05435156e-225 1.13073699e-242
 2.45633759e-259 5.39567339e-264]","[1.76381982e-30 1.81313081e-32 1.22979552e-32 1.39869353e-43
 1.17161696e-33 3.56590826e-34 1.87374272e-38 1.67491922e-40
 5.30672790e-34 5.30672790e-34 8.33270257e-33 5.78417409e-45
 1.13678721e-29 3.56590826e-34 1.60509935e-34 8.43789069e-43
 1.82198508e-31 3.21175996e-35 1.64503886e-29 2.78636314e-36
 5.00547265e-42 2.57596005e-33 4.35811909e-38 3.92888730e-32
 6.14029324e-40 2.19550867e-43 5.24109088e-39 1.70487812e-25
 5.65883768e-44 4.73751051e-25 3.56590826e-34 1.22668930e-38
 1.53384053e-37 3.81363460e-33 5.41174667e-30 1.07520219e-34
 1.22668930e-38 1.22668930e-38 1.45226397e-39 2.56565447e-30
 1.82198508e-31 1.07520219e-34 2.14251154e-35 8.02241615e-39
 2.39365688e-34 4.30155538e-26 3.04081795e-26 5.39250695e-43
 5.24109088e-39 1.81313081e-32]","[4.85478287e-229 1.17000699e-244 2.78216167e-224 1.04022368e-253
 3.05812398e-238 8.95837920e-237 3.05812398e-238 3.54769787e-268
 1.19734428e-218 5.84341813e-231 3.53209531e-226 1.04022368e-253
 1.17000699e-244 1.17315853e-248 7.41239578e-234 3.71889573e-245
 7.41239578e-234 3.63051355e-250 1.47992178e-213 8.03142016e-206
 3.67595363e-244 1.62712727e-264 3.67595363e-244 1.77639648e-214
 2.78095482e-270 3.74183611e-246 1.17315853e-248 4.75885256e-220
 9.36598866e-270 6.88429486e-233 3.22557899e-254 2.28756206e-260
 7.25427491e-223 1.15334471e-243 3.32298747e-240 1.10968942e-251
 1.07736663e-252 7.93820122e-235 4.42473502e-266 3.05812398e-238
 2.44962142e-223 2.90999006e-237 2.75410864e-236 1.10968942e-251
 1.13073699e-242 2.97708325e-217 1.05435156e-225 1.13073699e-242
 2.45633759e-259 5.39567339e-264]","[1.38920797e-09 1.80330595e-09 1.20394139e-10 7.45387085e-10
 3.82749721e-09 7.85029153e-10 9.35123090e-10 1.38197176e-09
 4.39573533e-09 2.07567630e-10 7.06840808e-10 6.20195895e-10
 1.87670657e-10 1.88617544e-09 1.49876944e-09 1.54958646e-09
 1.51336232e-09 1.17161869e-09 7.53215268e-11 1.72957559e-09
 3.37296224e-09 3.31597483e-09 5.76024672e-10 4.65780392e-09
 3.94506161e-09 7.95430943e-10 4.59240979e-10 9.86526083e-10
 7.18734738e-10 2.65581301e-09 1.83904669e-10 2.95244784e-09
 2.01726236e-09 1.67169389e-10 1.16070176e-09 1.83691062e-10
 5.74029935e-10 3.78234299e-09 2.46081056e-09 1.63956293e-10
 2.21175633e-10 2.66428435e-10 2.03223882e-10 1.05653197e-09
 5.69720160e-10 5.46686696e-10 2.77496137e-10 1.92763294e-09
 2.86400281e-09 1.48443369e-09]","[3.79534761e-08 2.60887538e-08 2.85085839e-08 5.69652077e-08
 5.18436533e-08 6.31395960e-08 4.37425534e-08 2.93619525e-08
 2.55168895e-08 3.73050254e-08 2.45551054e-08 2.94421159e-08
 2.81726361e-08 2.99560414e-08 3.93791689e-08 4.08883813e-08
 5.04236435e-08 3.02383690e-08 4.14298278e-08 4.37867911e-08
 3.28453963e-08 5.33435919e-08 3.78778087e-08 5.15916322e-08
 6.21018236e-08 3.61716562e-08 5.80452593e-08 5.63762038e-08
 3.37942561e-08 4.50492141e-08 5.88012818e-08 3.92426616e-08
 3.70169977e-08 2.61730362e-08 6.12092583e-08 2.83274402e-08
 4.74670572e-08 3.26361256e-08 6.39622834e-08 3.30242946e-08
 2.99772539e-08 4.67159214e-08 2.68161106e-08 3.69522496e-08
 6.66293325e-08 2.55226318e-08 3.79390074e-08 3.45036235e-08
 4.52939350e-08 4.27883785e-08]","[1.e-05 1.e-05 1.e-05 1.e-05 1.e-05 1.e-05 1.e-05 1.e-05 1.e-05 1.e-05
 1.e-05 1.e-05 1.e-05 1.e-05 1.e-05 1.e-05 1.e-05 1.e-05 1.e-05 1.e-05
 1.e-05 1.e-05 1.e-05 1.e-05 1.e-05 1.e-05 1.e-05 1.e-05 1.e-05 1.e-05
 1.e-05 1.e-05 1.e-05 1.e-05 1.e-05 1.e-05 1.e-05 1.e-05 1.e-05 1.e-05
 1.e-05 1.e-05 1.e-05 1.e-05 1.e-05 1.e-05 1.e-05 1.e-05 1.e-05 1.e-05]","[1.e-05 1.e-05 1.e-05 1.e-05 1.e-05 1.e-05 1.e-05 1.e-05 1.e-05 1.e-05
 1.e-05 1.e-05 1.e-05 1.e-05 1.e-05 1.e-05 1.e-05 1.e-05 1.e-05 1.e-05
 1.e-05 1.e-05 1.e-05 1.e-05 1.e-05 1.e-05 1.e-05 1.e-05 1.e-05 1.e-05
 1.e-05 1.e-05 1.e-05 1.e-05 1.e-05 1.e-05 1.e-05 1.e-05 1.e-05 1.e-05
 1.e-05 1.e-05 1.e-05 1.e-05 1.e-05 1.e-05 1.e-05 1.e-05 1.e-05 1.e-05]","[0.17817045 0.18135152 0.17983805 0.19060074 0.18776637 0.18709332
 0.19436536 0.19475467 0.19682688 0.17156718 0.18204828 0.19731762
 0.17386003 0.18277899 0.18599236 0.19789358 0.180991   0.18262467
 0.17830311 0.18589648 0.18732451 0.18710039 0.18656792 0.18252973
 0.20037361 0.20373882 0.19908863 0.1640026  0.2013262  0.15740135
 0.18554423 0.18575302 0.1983801  0.19169083 0.17910665 0.19066834
 0.18433712 0.19323094 0.19648368 0.18113053 0.19433467 0.18541832
 0.19033892 0.18962401 0.19076459 0.15767678 0.16205576 0.20214684
 0.18805557 0.17306688]","[0.50254877 0.52259156 0.49800836 0.51026122 0.52020655 0.51844482
 0.50793059 0.51943037 0.51602486 0.50272718 0.51094301 0.50500414
 0.5054468  0.51005029 0.50975573 0.51908202 0.50508435 0.49853398
 0.49148285 0.4935469  0.50615956 0.52186509 0.50287818 0.49843848
 0.52665815 0.5039302  0.51931505 0.50770829 0.5198113  0.50577888
 0.51675199 0.52281184 0.50488419 0.51646816 0.5099208  0.50850382
 0.51460948 0.51540402 0.53064111 0.52093228 0.50089113 0.50888879
 0.5110142  0.503268   0.51882729 0.49531347 0.49970911 0.5137766
 0.50470969 0.52486457]","[5.16658722e-56 4.97090969e-58 4.57661948e-57 4.20191116e-64
 3.29308972e-62 9.18507186e-62 1.15418142e-66 6.22954461e-67
 2.28876829e-68 6.06020570e-52 1.77742968e-58 1.04111088e-68
 2.44009343e-53 6.01849128e-59 4.87788350e-61 4.11969298e-69
 8.44983944e-58 7.56789326e-59 4.26413211e-56 5.63868757e-61
 6.46019919e-62 9.08681590e-62 2.04027875e-61 8.71239139e-59
 7.36614758e-71 2.88238319e-73 5.96418847e-70 1.78008036e-47
 1.54873338e-71 9.56988057e-44 9.59690165e-61 7.00311942e-61
 1.87846608e-69 7.71175799e-65 1.32885600e-56 3.78368569e-64
 5.89049953e-60 6.91037659e-66 3.96583221e-68 6.88228919e-58
 1.21159816e-66 1.16031455e-60 6.30443869e-64 1.90320821e-63
 3.25875721e-64 6.73584949e-44 2.32774527e-46 4.01652377e-72
 2.11677434e-62 7.44985046e-53]","[0. 0. 0. 0. 0. 0. 0. 0. 0. 0. 0. 0. 0. 0. 0. 0. 0. 0. 0. 0. 0. 0. 0. 0.
 0. 0. 0. 0. 0. 0. 0. 0. 0. 0. 0. 0. 0. 0. 0. 0. 0. 0. 0. 0. 0. 0. 0. 0.
 0. 0.]","[0.01487982 0.016505   0.01611817 0.01819837 0.01869738 0.01678991
 0.01817834 0.01655352 0.01949739 0.01440465 0.01559198 0.02127838
 0.0176897  0.01700091 0.02000713 0.02186096 0.01781011 0.01956499
 0.01556504 0.01867378 0.01691961 0.01869857 0.01624036 0.01701677
 0.01901352 0.02296579 0.02067697 0.01318252 0.02333319 0.01325643
 0.01703894 0.0218159  0.02168357 0.01508486 0.0159781  0.02058578
 0.01513863 0.01821411 0.02004981 0.0125711  0.02031839 0.01547611
 0.01987576 0.01642895 0.01981556 0.01139724 0.0146184  0.02166224
 0.01812017 0.01696408]","[0.17927837 0.18758881 0.18721056 0.17538738 0.18857074 0.17768168
 0.17607236 0.17909062 0.19001079 0.17141044 0.18177211 0.18569422
 0.18672264 0.18059278 0.1821605  0.1918875  0.18691432 0.17961621
 0.17038834 0.17962587 0.17933178 0.18790483 0.17705524 0.1722486
 0.1832099  0.18524814 0.18815088 0.17395341 0.19705057 0.17754233
 0.18852091 0.19262111 0.18192184 0.17376482 0.17941034 0.18746483
 0.17709947 0.18215024 0.19054794 0.17467618 0.17722833 0.16886139
 0.19093394 0.17672169 0.18973827 0.16734254 0.1846149  0.19363439
 0.18077898 0.19571483]","[0.08315348 0.08607931 0.08510587 0.08639981 0.09180352 0.08510437
 0.08992251 0.08341125 0.09238568 0.0796592  0.0846137  0.09657998
 0.0920242  0.08737167 0.09455729 0.09804326 0.09107706 0.0919899
 0.08330496 0.09249555 0.08675743 0.09116556 0.08671237 0.0853157
 0.08945106 0.10030694 0.09752501 0.07388456 0.10023682 0.07703588
 0.08712053 0.09594711 0.09715788 0.08128893 0.08425512 0.09523186
 0.08002587 0.08739133 0.09122498 0.07123962 0.09174067 0.08155045
 0.09453758 0.08411925 0.0953067  0.06963164 0.07983002 0.0980377
 0.09335242 0.08630967]","[0.32853556 0.32962793 0.33260506 0.3196318  0.33325547 0.32318891
 0.32588731 0.32344717 0.33503235 0.31873978 0.32768233 0.33184238
 0.33077083 0.3278176  0.32725344 0.33661125 0.33142276 0.32421102
 0.31835585 0.32839892 0.32548442 0.33096833 0.32634737 0.31704634
 0.32782969 0.32970712 0.33344343 0.32032368 0.33974578 0.32357581
 0.33625631 0.33264862 0.32716244 0.32142594 0.32303428 0.33075369
 0.32158366 0.32939283 0.33410997 0.32083455 0.32234437 0.31256289
 0.33816093 0.32286091 0.33495722 0.31328852 0.3323666  0.33573116
 0.32996073 0.33547796]",1.4354012529563276e-26,1.606284064342799e-207,7.013975539019256e-26,0.0,1.4215511678905556e-09,4.0937869896229276e-08,1.2514694673961042e-09,1.19378112617717e-08,1e-05,1e-05,0.0,0.0,0.1859860445737839,0.5104367611432075,0.010749732598676396,0.009093164791738332,0.017780139446258544,0.18226237773895262,0.002725210091882027,0.007122413047207572,0.08817546442215501,0.32767406542596406,0.007124168281518646,0.00633172933022023
