setting,delta,mu1,mu2,pval,pval_base,ks_p_prop_mean,ks_p_base_mean,ks_p_prop_std,ks_p_base_std
df1,0.0,0.0,0.0,"[0.53390728 0.98957839 0.07520917 0.08151459 0.31007573 0.39108739
 0.04542867 0.45963725 0.3490397  0.74453538 0.8633028  0.8633028
 0.01217651 0.58582128 0.36968362 0.55967522 0.50859953 0.63886042
 0.32916807 0.48382277 0.21173982 0.48382277 0.63886042 0.05871658
 0.31007573 0.63886042 0.07520917 0.50859953 0.27423335 0.27423335
 0.84163603 0.55967522 0.81875363 0.03483221 0.69212796 0.25747545
 0.81875363 0.08825991 0.29176485 0.139232   0.63886042 0.93482727
 0.29176485 0.18488568 0.50859953 0.58582128 0.50859953 0.25747545
 0.36968362 0.1200888 ]","[0.17249627 0.74453538 0.19796045 0.1200888  0.84163603 0.90235528
 0.55967522 0.93482727 0.74453538 0.55967522 0.17249627 0.18488568
 0.31007573 0.8633028  0.93482727 0.43609338 0.99875113 0.74453538
 0.29176485 0.84163603 0.3490397  0.25747545 0.24148215 0.1200888
 0.74453538 0.17249627 0.41323244 0.53390728 0.63886042 0.74453538
 0.99328163 0.02646763 0.43609338 0.27423335 0.58582128 0.71851426
 0.09546732 0.77002924 0.8633028  0.24148215 0.96996014 0.97808957
 0.08151459 0.07520917 0.97808957 0.50859953 0.55967522 0.32916807
 0.91946676 0.39108739]",0.4322378999155205,0.5313472025960015,0.26369532792149974,0.30787641335144805
df1,0.05,0.0,0.05,"[0.3490397  0.01346465 0.29176485 0.09546732 0.05871658 0.84163603
 0.16077182 0.00806269 0.69212796 0.79482654 0.41323244 0.79482654
 0.11135888 0.36968362 0.19796045 0.29176485 0.96007647 0.88359176
 0.94837208 0.02646763 0.21173982 0.07520917 0.61225166 0.06383124
 0.84163603 0.08151459 0.08825991 0.77002924 0.139232   0.43609338
 0.88359176 0.05871658 0.84163603 0.21173982 0.0539576  0.139232
 0.36968362 0.09546732 0.74453538 0.21173982 0.01346465 0.02646763
 0.55967522 0.1200888  0.09546732 0.91946676 0.25747545 0.06932183
 0.48382277 0.48382277]","[0.69212796 0.06383124 0.58582128 0.11135888 0.50859953 0.91946676
 0.04953464 0.00806269 0.39108739 0.61225166 0.81875363 0.139232
 0.17249627 0.16077182 0.55967522 0.31007573 0.53390728 0.55967522
 0.07520917 0.14969106 0.24148215 0.1200888  0.66552932 0.77002924
 0.90235528 0.39108739 0.63886042 0.17249627 0.18488568 0.93482727
 0.11135888 0.01641475 0.98457739 0.58582128 0.58582128 0.50859953
 0.84163603 0.03809482 0.77002924 0.84163603 0.55967522 0.02903392
 0.21173982 0.32916807 0.139232   0.71851426 0.55967522 0.45963725
 0.53390728 0.45963725]",0.365247659958804,0.4345496144318568,0.3179498393859582,0.2896986910205254
df1,0.1,0.0,0.1,"[4.85152370e-04 2.41482152e-01 2.41482152e-01 1.60771824e-01
 1.80967606e-02 2.41482152e-01 1.64147482e-02 1.29372179e-01
 4.21554189e-03 3.27832948e-04 8.95145539e-03 2.68158880e-03
 9.54673207e-02 1.80967606e-02 1.91681353e-04 1.11358879e-01
 2.22014992e-05 6.26876255e-04 2.22014992e-05 3.49039701e-01
 5.39576008e-02 1.72496272e-01 2.64676308e-02 3.00718998e-03
 2.19294824e-02 1.34646549e-02 7.52091658e-02 1.03408932e-03
 5.87165796e-02 8.06755085e-04 3.80948244e-02 1.16899447e-03
 5.85633896e-03 1.29372179e-01 2.99835482e-05 4.54286666e-02
 2.41040115e-02 1.39231997e-01 3.29168072e-01 8.63302804e-01
 3.49039701e-01 1.49691056e-01 1.23948622e-06 3.69683622e-01
 1.80967606e-02 1.10005675e-02 4.95346404e-02 1.80967606e-02
 5.39576008e-02 4.21554189e-03]","[2.90339156e-02 1.11358879e-01 5.85821277e-01 9.48372085e-01
 4.13232440e-01 1.97960446e-01 3.36894521e-03 8.18753631e-01
 1.39231997e-01 1.48741570e-02 5.85821277e-01 1.49691056e-01
 3.91087390e-01 5.08599525e-01 4.21554189e-03 4.59637254e-01
 3.18171260e-02 4.83822766e-01 1.90755446e-05 6.65529322e-01
 9.19466758e-01 6.65529322e-01 3.48322136e-02 4.83822766e-01
 5.87165796e-02 2.91764847e-01 4.36093382e-01 3.69683622e-01
 6.38860419e-01 9.54673207e-02 5.85821277e-01 1.97960446e-01
 2.11739817e-01 6.12251659e-01 9.54673207e-02 8.41636027e-01
 4.59637254e-01 1.97960446e-01 2.26241661e-01 5.33907283e-01
 6.65529322e-01 3.29168072e-01 1.32017364e-03 3.91087390e-01
 4.59637254e-01 7.52091658e-02 9.19466758e-01 3.49039701e-01
 3.10075730e-01 3.00718998e-03]",0.09333507881006822,0.3600529856231789,0.15168587416718968,0.2752266926484187
df1,0.15000000000000002,0.0,0.15000000000000002,"[3.27672622e-09 1.49691056e-01 4.21554189e-03 8.06755085e-04
 4.26159664e-04 2.19534247e-04 8.31541824e-05 2.99835482e-05
 3.77043497e-03 8.06268875e-03 3.73964604e-04 2.12592488e-03
 1.26822204e-04 8.15145929e-02 2.19294824e-02 7.20954134e-05
 2.19294824e-02 2.99835482e-05 8.95145539e-03 4.21554189e-03
 5.85633896e-03 4.67045972e-05 7.25488863e-03 4.03308445e-05
 7.11507895e-04 1.89004559e-03 1.21765095e-02 1.26822204e-04
 1.26822204e-04 7.52091658e-02 7.20954134e-05 3.09615598e-07
 4.85152370e-04 5.51757155e-04 2.41040115e-02 1.02917236e-05
 3.00718998e-03 1.64147482e-02 1.03408932e-03 2.16691945e-07
 4.70847031e-03 2.41040115e-02 8.06755085e-04 1.73569175e-06
 3.36269816e-06 2.51182002e-04 1.32017364e-03 3.77043497e-03
 7.11507895e-04 2.19294824e-02]","[3.48322136e-02 5.08599525e-01 8.18753631e-01 2.41482152e-01
 9.54673207e-02 4.83822766e-01 5.33907283e-01 1.03408932e-03
 4.59637254e-01 6.93218252e-02 1.99311438e-02 5.87165796e-02
 1.20088801e-01 1.34646549e-02 4.36093382e-01 3.77043497e-03
 5.85821277e-01 1.84885683e-01 1.20088801e-01 1.29372179e-01
 1.97960446e-01 1.84885683e-01 9.78089566e-01 3.29168072e-01
 1.60771824e-01 3.18171260e-02 4.59637254e-01 5.25376643e-03
 3.69683622e-01 5.08599525e-01 9.54673207e-02 3.77043497e-03
 2.57475452e-01 3.36894521e-03 4.13232440e-01 5.87165796e-02
 6.12251659e-01 4.59637254e-01 3.49039701e-01 1.10287908e-04
 5.85821277e-01 8.63302804e-01 1.34646549e-02 5.25376643e-03
 8.79830246e-06 1.03159376e-01 2.26241661e-01 1.84885683e-01
 4.16212987e-02 7.25488863e-03]",0.010306015424056847,0.2485808432803552,0.025597539375239155,0.25204673622147294
df1,0.2,0.0,0.2,"[6.41076366e-06 3.36269816e-06 6.41076366e-06 2.99835482e-05
 3.27832948e-04 8.72433497e-08 4.13773042e-08 9.13835051e-04
 1.91681353e-04 5.24820678e-07 4.67045972e-05 4.65235514e-06
 2.05084189e-06 7.25098046e-08 2.19534247e-04 5.40313022e-05
 2.03413945e-16 7.42361542e-07 7.79334122e-10 8.72433497e-08
 1.63732496e-05 1.20265345e-05 5.51757155e-04 4.85152370e-04
 1.46749215e-06 1.93100400e-08 2.19534247e-04 6.24499263e-07
 1.32017364e-03 3.27832948e-04 9.59715417e-10 9.59715417e-10
 6.26876255e-04 4.03308445e-05 3.09615598e-07 8.79830246e-06
 4.65235514e-06 7.25098046e-08 3.47919250e-05 2.33983459e-08
 4.67045972e-05 7.25098046e-08 9.19151252e-11 2.83236331e-08
 8.81579698e-07 4.65235514e-06 1.67865304e-03 6.24445815e-05
 3.42511079e-08 5.85633896e-03]","[4.16212987e-02 8.95145539e-03 4.59637254e-01 1.34646549e-02
 8.06268875e-03 2.91764847e-01 2.64676308e-02 8.82599083e-02
 3.00718998e-03 6.93218252e-02 2.87103585e-04 1.99311438e-02
 1.21765095e-02 1.20088801e-01 2.11739817e-01 4.16212987e-02
 1.67194217e-04 1.16899447e-03 7.25488863e-03 3.77043497e-03
 3.48322136e-02 4.21554189e-03 1.03159376e-01 6.38860419e-01
 2.68158880e-03 5.39576008e-02 4.16212987e-02 2.64676308e-02
 7.44535382e-01 1.11358879e-01 1.89004559e-03 1.26822204e-04
 1.11358879e-01 1.10005675e-02 5.85633896e-03 1.67865304e-03
 8.31541824e-05 9.92823487e-03 2.41040115e-02 3.00718998e-03
 6.26876255e-04 1.73569175e-06 1.48940867e-03 1.67194217e-04
 1.03408932e-03 4.21554189e-03 7.52091658e-02 4.16212987e-02
 4.21554189e-03 1.29372179e-01]",0.0002621735134561266,0.07234883597301738,0.000866628245263693,0.15107332053808434
df1,0.25,0.0,0.25,"[4.89436847e-09 2.05084189e-06 4.90739183e-12 1.46749215e-06
 9.19151252e-11 7.38137688e-11 1.76400398e-10 3.36269816e-06
 2.16691945e-07 2.83236331e-08 8.31541824e-05 2.18772050e-10
 1.04864874e-07 1.90755446e-05 2.67703473e-09 3.42511079e-08
 1.04864874e-07 7.42361542e-07 7.51402754e-06 2.71047184e-10
 2.20772463e-13 5.92172623e-11 2.18772050e-10 1.25918603e-07
 1.34933703e-13 3.35473948e-10 2.05084189e-06 1.31118659e-08
 3.36269816e-06 5.97265054e-09 4.65235514e-06 1.20265345e-05
 1.51046944e-07 4.00670801e-09 4.89436847e-09 8.72433497e-08
 2.18772050e-10 1.78141737e-09 2.67703473e-09 9.79737413e-12
 1.34933703e-13 3.95729931e-06 9.19151252e-11 2.18772050e-10
 4.13773042e-08 1.19798113e-12 6.41076366e-06 8.72433497e-08
 7.51402754e-06 3.47919250e-05]","[4.21554189e-03 1.40396435e-05 2.59150246e-07 1.48940867e-03
 7.11507895e-04 1.91681353e-04 8.06268875e-03 1.32017364e-03
 8.06755085e-04 5.87165796e-02 1.48940867e-03 5.51757155e-04
 1.64147482e-02 3.69683622e-01 3.36894521e-03 3.00718998e-03
 5.87165796e-02 7.52091658e-02 1.21765095e-02 2.68158880e-03
 7.51402754e-06 1.48940867e-03 3.47919250e-05 2.38884447e-03
 1.91681353e-04 1.89004559e-03 8.82599083e-02 8.82599083e-02
 2.91764847e-01 4.26159664e-04 1.10005675e-02 1.34646549e-02
 1.04585220e-06 1.48741570e-02 2.19534247e-04 1.63732496e-05
 9.13835051e-04 6.26876255e-04 2.38884447e-03 9.58129418e-05
 6.24445815e-05 4.54286666e-02 4.03308445e-05 3.48322136e-02
 9.92823487e-03 4.54286666e-02 1.99311438e-02 4.26159664e-04
 1.67865304e-03 7.52091658e-02]",3.863148525084109e-06,0.02740217280556681,1.273781518191684e-05,0.06707520134083815
df1,0.30000000000000004,0.0,0.30000000000000004,"[2.42826791e-11 6.32216726e-10 5.92172623e-11 6.18553174e-12
 3.87118023e-14 1.81007354e-07 2.33262567e-14 2.42826791e-11
 3.27672622e-09 2.20772463e-13 4.14795066e-10 9.53441021e-18
 7.78867068e-12 1.51046944e-07 1.07881685e-08 1.19798113e-12
 2.18772050e-10 2.43574207e-12 2.18772050e-10 2.33262567e-14
 5.97265054e-09 2.71047184e-10 4.90739183e-12 3.27672622e-09
 1.34933703e-13 6.00359848e-16 3.35473948e-10 1.80794013e-14
 5.97265054e-09 3.27672622e-09 5.92172623e-11 2.83236331e-08
 4.58538879e-13 4.65235514e-06 3.79972059e-11 3.03909276e-11
 2.83236331e-08 3.03909276e-11 1.14339735e-10 1.42091476e-10
 6.78067547e-17 5.13913233e-17 1.02511949e-15 4.00670801e-09
 4.97944383e-14 7.78867068e-12 1.18065325e-09 6.32216726e-10
 4.97944383e-14 1.67853513e-17]","[8.31541824e-05 4.70847031e-03 2.41040115e-02 1.26822204e-04
 8.95145539e-03 1.89004559e-03 1.40396435e-05 4.21554189e-03
 2.68158880e-03 1.81007354e-07 3.73964604e-04 8.31541824e-05
 2.87103585e-04 3.48322136e-02 3.18171260e-02 4.85152370e-04
 3.47919250e-05 3.18171260e-02 8.06755085e-04 2.59150246e-07
 5.25376643e-03 7.25488863e-03 1.26822204e-04 3.36894521e-03
 2.12592488e-03 3.47919250e-05 1.91681353e-04 3.77043497e-03
 1.99311438e-02 8.06268875e-03 1.51046944e-07 2.41040115e-02
 3.47919250e-05 7.18514257e-01 2.12592488e-03 3.36894521e-03
 2.19534247e-04 9.58129418e-05 6.52148041e-03 8.95145539e-03
 1.03408932e-03 2.87103585e-04 4.03308445e-05 6.24445815e-05
 1.76400398e-10 1.89004559e-03 1.21765095e-02 5.25376643e-03
 1.03408932e-03 5.51757155e-04]",1.0164169085263958e-07,0.019674010921487864,6.509267038173442e-07,0.10023317957689491
df1,0.35000000000000003,0.0,0.35000000000000003,"[8.21358136e-14 6.07873598e-26 3.50171296e-16 3.88941584e-12
 6.60370667e-20 6.60370667e-20 9.43717929e-13 3.08714081e-21
 4.74591296e-11 5.13913233e-17 4.58740572e-16 1.02511949e-15
 1.72684385e-13 1.05328756e-13 1.67853513e-17 9.53441021e-18
 1.70510155e-18 9.53441021e-18 7.17482117e-18 6.78067547e-17
 3.07948375e-12 1.14339735e-10 2.20772463e-13 1.70510155e-18
 3.83661921e-15 5.74326505e-21 4.58740572e-16 1.26570821e-17
 8.36667685e-15 4.97944383e-14 3.00652497e-14 9.52846065e-19
 4.58538879e-13 8.36667685e-15 4.74591296e-11 1.39985076e-14
 5.39368124e-18 6.18553174e-12 9.79737413e-12 1.93824891e-11
 1.26570821e-17 2.18772050e-10 1.23116467e-11 1.34933703e-13
 6.78067547e-17 1.70510155e-18 9.52846065e-19 2.95255083e-15
 1.39985076e-14 2.47371214e-22]","[1.51046944e-07 1.45098666e-09 1.48940867e-03 7.11507895e-04
 2.22014992e-05 1.78141737e-09 4.26159664e-04 1.73569175e-06
 1.99311438e-02 1.46749215e-06 9.13835051e-04 6.41076366e-06
 2.19534247e-04 3.77043497e-03 3.69535722e-07 2.42077577e-06
 2.87103585e-04 2.42826791e-11 1.48940867e-03 2.19534247e-04
 6.26876255e-04 1.48741570e-02 1.04864874e-07 3.36269816e-06
 1.10287908e-04 2.42077577e-06 7.25488863e-03 7.51402754e-06
 9.13835051e-04 1.67865304e-03 2.99835482e-05 1.40396435e-05
 1.48940867e-03 5.46398884e-06 8.06268875e-03 4.03308445e-05
 7.51402754e-06 2.87103585e-04 8.31541824e-05 4.16212987e-02
 4.65235514e-06 8.06755085e-04 1.40396435e-05 1.91681353e-04
 6.41076366e-06 2.51182002e-04 4.65235514e-06 5.40313022e-05
 2.12592488e-03 5.24820678e-07]",9.698560743867503e-12,0.0022013154307941253,3.5049609363766974e-11,0.006720374554612564
df1,0.4,0.0,0.4,"[5.92172623e-11 5.74326505e-21 7.84899525e-16 2.94303610e-17
 1.39985076e-14 4.21288896e-21 1.06410050e-20 1.96348850e-20
 1.27528784e-18 5.74326505e-21 4.21288896e-21 2.93930826e-19
 1.54798729e-16 9.52846065e-19 9.52846065e-19 2.18494984e-19
 9.52846065e-19 8.95402666e-28 6.07873598e-26 1.30270202e-22
 6.39848579e-14 6.42340318e-22 6.18553174e-12 6.60370667e-20
 1.02511949e-15 1.27528784e-18 2.33262567e-14 7.84899525e-16
 8.36667685e-15 8.58131384e-26 3.00652497e-14 1.70510155e-18
 2.93930826e-19 1.80794013e-14 9.61617488e-24 4.73751051e-25
 1.85625733e-23 7.82155399e-21 2.57505865e-23 1.70510155e-18
 7.84899525e-16 8.92004797e-20 3.55797286e-24 5.39368124e-18
 3.50171296e-16 1.65262693e-21 1.27528784e-18 9.52846065e-19
 3.95007214e-19 6.91059303e-24]","[1.64147482e-02 8.81579698e-07 7.11507895e-04 7.25098046e-08
 8.06268875e-03 6.24499263e-07 1.25918603e-07 1.23948622e-06
 4.70847031e-03 8.81579698e-07 5.40313022e-05 2.42077577e-06
 1.20088801e-01 3.42511079e-08 4.65235514e-06 3.95729931e-06
 3.27832948e-04 5.24820678e-07 7.79334122e-10 2.90339156e-02
 3.36894521e-03 1.25918603e-07 1.32017364e-03 8.72433497e-08
 1.90755446e-05 4.13773042e-08 3.95729931e-06 3.69535722e-07
 2.58137431e-05 8.72433497e-08 5.85633896e-03 2.22014992e-05
 4.67045972e-05 7.20954134e-05 1.31118659e-08 2.42077577e-06
 1.23948622e-06 1.18065325e-09 2.42077577e-06 5.51757155e-04
 6.41076366e-06 2.05084189e-06 1.59199965e-08 1.20265345e-05
 4.40608072e-07 3.95729931e-06 1.10287908e-04 2.22014992e-05
 2.16691945e-07 1.67194217e-04]",1.3112909410339213e-12,0.0038207216814813514,8.3174237560121e-12,0.017285469935286474
df1,0.45,0.0,0.45,"[1.06410050e-20 4.21288896e-21 4.88387176e-20 1.79605588e-22
 5.74326505e-21 4.95418960e-29 4.96114708e-24 1.82724155e-27
 2.54904105e-24 1.67853513e-17 3.89924968e-31 1.76381982e-30
 7.51579753e-27 4.05057199e-18 1.82433512e-24 2.47371214e-22
 7.84752977e-30 2.14737506e-26 8.58131384e-26 1.26570821e-17
 3.55797286e-24 7.11203305e-19 1.44619791e-20 1.21132482e-30
 6.42340318e-22 4.30155538e-26 3.72814291e-30 9.53441021e-18
 2.54904105e-24 4.95418960e-29 1.70487812e-25 1.30432533e-24
 6.83217462e-23 8.95402666e-28 8.58131384e-26 1.82433512e-24
 3.56853685e-23 1.30432533e-24 1.30270202e-22 4.96114708e-24
 7.51579753e-27 4.94023307e-23 1.62253462e-19 5.30299497e-19
 1.67853513e-17 3.55797286e-24 7.51579753e-27 5.30299497e-19
 5.28569498e-27 2.47371214e-22]","[9.58129418e-05 7.42361542e-07 6.24499263e-07 3.36269816e-06
 8.79830246e-06 1.25918603e-07 1.25918603e-07 4.98033280e-15
 8.21358136e-14 5.51757155e-04 9.79737413e-12 1.93824891e-11
 7.25098046e-08 1.81007354e-07 2.59150246e-07 9.58129418e-05
 4.40608072e-07 1.45688880e-04 1.81007354e-07 2.42077577e-06
 2.16691945e-07 1.04864874e-07 6.02037032e-08 1.25918603e-07
 4.89436847e-09 4.14795066e-10 2.18488808e-09 8.31541824e-05
 1.73569175e-06 6.32216726e-10 1.04585220e-06 1.31118659e-08
 7.25098046e-08 1.26822204e-04 1.07881685e-08 2.58137431e-05
 5.24820678e-07 2.85456402e-06 2.18488808e-09 2.16691945e-07
 7.51402754e-06 6.02037032e-08 3.00718998e-03 3.36269816e-06
 2.42077577e-06 5.24820678e-07 1.04585220e-06 3.42511079e-08
 7.51402754e-06 4.40608072e-07]",1.2366469934675748e-18,8.358592204174517e-05,3.887524701083658e-18,0.0004257179289220358
df1,0.5,0.0,0.5,"[7.84752977e-30 3.04081795e-26 1.21017203e-25 4.36966274e-28
 6.25831333e-28 2.14737506e-26 4.80962056e-35 1.42774613e-35
 5.28569498e-27 3.43417798e-29 4.21288896e-21 1.02784044e-28
 3.08714081e-21 1.02784044e-28 5.41174667e-30 4.96114708e-24
 1.24351631e-31 8.47828272e-32 1.62253462e-19 9.44810349e-40
 5.69539852e-31 5.28569498e-27 6.07873598e-26 5.41174667e-30
 1.06757971e-26 1.88177121e-41 1.24351631e-31 6.25831333e-28
 3.40355762e-22 2.54904105e-24 3.43417798e-29 2.56565447e-30
 2.67038982e-32 4.19874897e-36 3.03881495e-18 7.51579753e-27
 1.81313081e-32 3.92888730e-32 8.33270257e-33 1.76381982e-30
 4.36966274e-28 1.33672873e-23 6.07873598e-26 2.37806656e-29
 1.22979552e-32 1.64503886e-29 3.89924968e-31 5.30672790e-34
 8.47828272e-32 8.95402666e-28]","[2.05084189e-06 2.51182002e-04 2.85456402e-06 4.99357648e-08
 6.32216726e-10 1.63732496e-05 2.83236331e-08 1.54554888e-11
 1.23948622e-06 3.42511079e-08 3.27832948e-04 7.78867068e-12
 2.87103585e-04 9.19151252e-11 4.13773042e-08 5.46398884e-06
 2.59150246e-07 2.26988766e-15 7.42361542e-07 1.74328977e-15
 4.14795066e-10 1.25918603e-07 2.18772050e-10 6.32216726e-10
 5.97265054e-09 1.92461767e-12 1.78141737e-09 2.81965513e-13
 1.25918603e-07 2.05084189e-06 9.59715417e-10 6.02037032e-08
 9.59715417e-10 2.83236331e-08 8.72433497e-08 4.99357648e-08
 3.95729931e-06 7.78867068e-12 1.18065325e-09 3.00652497e-14
 3.35473948e-10 2.67703473e-09 3.69535722e-07 1.07881685e-08
 9.79737413e-12 4.13773042e-08 1.18065325e-09 2.71047184e-10
 1.81007354e-07 7.42361542e-07]",6.417459997911366e-20,1.8062083428444533e-05,4.255544830744088e-19,6.885004777373528e-05
df1,0.55,0.0,0.55,"[1.24351631e-31 1.13678721e-29 3.04782586e-28 3.53047956e-37
 9.44810349e-40 2.66678482e-31 1.82433512e-24 3.04782586e-28
 1.21132482e-30 1.53384053e-37 6.14029324e-40 2.05945159e-42
 9.50443824e-36 2.14251154e-35 2.14737506e-26 5.77449424e-32
 4.80962056e-35 3.00027002e-49 1.70487812e-25 1.22979552e-32
 1.24351631e-31 1.87374272e-38 3.21175996e-35 6.63610190e-38
 1.06757971e-26 3.42045584e-39 2.58531714e-40 2.85911373e-38
 1.07520219e-34 6.63610190e-38 2.05945159e-42 1.42774613e-35
 1.73815304e-33 4.19874897e-36 5.34786658e-37 6.32047121e-36
 2.58531714e-40 1.47818613e-28 2.58531714e-40 1.81313081e-32
 2.32827146e-37 5.69539852e-31 1.84715262e-36 1.82433512e-24
 5.30672790e-34 1.42774613e-35 6.91059303e-24 3.56590826e-34
 8.47828272e-32 1.64503886e-29]","[2.67703473e-09 9.59715417e-10 2.33983459e-08 4.89436847e-09
 1.93100400e-08 2.42077577e-06 1.54554888e-11 1.46749215e-06
 1.59199965e-08 1.19798113e-12 9.43717929e-13 9.43717929e-13
 2.81965513e-13 6.45842239e-15 3.03909276e-11 5.12353012e-10
 9.59715417e-10 5.30299497e-19 3.36269816e-06 2.67703473e-09
 2.59150246e-07 7.78867068e-12 1.08277464e-14 1.08277464e-14
 2.85456402e-06 1.72684385e-13 1.54798729e-16 1.23116467e-11
 4.97944383e-14 7.79334122e-10 3.87118023e-14 1.39985076e-14
 1.23116467e-11 8.36667685e-15 2.22374207e-17 3.07948375e-12
 2.81965513e-13 1.93100400e-08 1.78141737e-09 2.71047184e-10
 4.89436847e-09 1.93824891e-11 1.72684385e-13 6.41076366e-06
 7.78867068e-12 3.88941584e-12 2.42077577e-06 1.23116467e-11
 7.79334122e-10 4.99357648e-08]",2.152537661701922e-25,3.8690817029701607e-07,1.0210350190211787e-24,1.1577079117369853e-06
df1,0.6000000000000001,0.0,0.6000000000000001,"[2.27983976e-44 1.81313081e-32 3.61877620e-46 8.09234334e-37
 1.00833823e-55 5.77449424e-32 3.65403168e-45 7.79126605e-42
 3.59372037e-44 3.92888730e-32 4.19874897e-36 2.78636314e-36
 1.39869353e-43 5.78417409e-45 1.22668930e-38 4.52588482e-41
 4.35811909e-38 1.39869353e-43 1.08397407e-40 3.53047956e-37
 1.82198508e-31 3.53047956e-37 2.05945159e-42 4.34507678e-50
 1.22324939e-36 9.14645852e-45 3.98638164e-40 1.51487883e-26
 1.87374272e-38 7.24139755e-53 6.32047121e-36 3.21237555e-42
 3.81363460e-33 3.59372037e-44 5.65883768e-44 3.49058990e-47
 1.42453006e-46 1.84715262e-36 2.32827146e-37 3.53047956e-37
 5.39250695e-43 4.35811909e-38 4.52588482e-41 6.14029324e-40
 3.49058990e-47 8.43789069e-43 2.80617232e-55 4.52588482e-41
 2.78636314e-36 2.05945159e-42]","[3.83661921e-15 5.92172623e-11 3.83661921e-15 4.58538879e-13
 1.80794013e-14 9.19151252e-11 1.23116467e-11 1.76400398e-10
 3.50171296e-16 2.59150246e-07 1.31118659e-08 2.42826791e-11
 4.90739183e-12 1.93824891e-11 8.36667685e-15 9.43717929e-13
 7.25098046e-08 2.33262567e-14 3.00652497e-14 4.74591296e-11
 4.58538879e-13 1.39985076e-14 1.18065325e-09 1.82724155e-27
 1.07881685e-08 6.39848579e-14 5.92172623e-11 3.42511079e-08
 2.94303610e-17 3.89102510e-17 1.54554888e-11 8.21358136e-14
 7.38137688e-11 1.54554888e-11 3.03909276e-11 9.52846065e-19
 4.58740572e-16 5.12353012e-10 2.95255083e-15 9.19151252e-11
 1.27528784e-18 2.20772463e-13 1.42091476e-10 1.45098666e-09
 1.54798729e-16 3.50171296e-16 8.81076169e-22 2.22374207e-17
 4.90739183e-12 2.95255083e-15]",3.029817891433501e-28,7.876532906296191e-09,2.120829495797357e-27,3.762441349243404e-08
df1,0.65,0.0,0.65,"[1.29241929e-54 1.35963995e-47 1.45226397e-39 3.27921374e-48
 1.42453006e-46 8.30820763e-60 5.58403660e-47 3.61877620e-46
 1.13754661e-61 3.79042144e-51 4.85066545e-49 8.90129708e-44
 2.80617232e-55 5.89559709e-54 9.14645852e-45 3.22000728e-52
 1.85378592e-49 8.92358057e-47 1.84715262e-36 1.28537148e-56
 1.60509935e-34 5.58403660e-47 6.18686551e-51 1.42453006e-46
 4.55991975e-57 1.26387580e-48 8.90129708e-44 1.35963995e-47
 1.41368557e-59 1.35963995e-47 2.05945159e-42 5.58403660e-47
 1.41820348e-51 6.18686551e-51 3.42045584e-39 7.79126605e-42
 9.55803990e-58 1.61299095e-53 7.79126605e-42 3.27921374e-48
 1.00877229e-50 1.96022961e-52 3.49058990e-47 3.49058990e-47
 5.65883768e-44 3.00027002e-49 1.44479841e-44 1.00942344e-37
 2.05945159e-42 2.31976235e-51]","[2.54904105e-24 1.02511949e-15 1.04864874e-07 4.74591296e-11
 1.67853513e-17 2.67024896e-16 2.03413945e-16 6.00359848e-16
 5.30299497e-19 1.51920849e-12 3.89102510e-17 1.42091476e-10
 6.00359848e-16 9.53441021e-18 5.13913233e-17 4.58740572e-16
 4.05057199e-18 1.19798113e-12 2.43574207e-12 8.92004797e-20
 6.32216726e-10 1.39985076e-14 3.89102510e-17 6.39848579e-14
 1.20365650e-19 9.79737413e-12 2.43574207e-12 2.43574207e-12
 2.93930826e-19 4.58740572e-16 3.03909276e-11 6.32216726e-10
 1.06410050e-20 1.23116467e-11 6.32216726e-10 6.78067547e-17
 2.67024896e-16 2.95255083e-15 1.81007354e-07 4.97944383e-14
 6.45842239e-15 1.74328977e-15 4.58538879e-13 1.17682447e-16
 1.19798113e-12 6.02037032e-08 2.81965513e-13 2.20772463e-13
 5.30299497e-19 1.05328756e-13]",3.249258455719783e-36,6.964541280052376e-09,2.2467299539067279e-35,2.9986920762190835e-08
df1,0.7000000000000001,0.0,0.7000000000000001,"[5.28378753e-52 4.67383798e-55 6.62107000e-62 7.24139755e-53
 4.67383798e-55 8.90129708e-44 1.35963995e-47 6.91984994e-59
 1.45365542e-45 9.75688065e-54 4.55991975e-57 2.67335366e-50
 8.39040599e-64 7.83398323e-49 1.00877229e-50 1.14419204e-49
 3.65403168e-45 9.75688065e-54 2.14572537e-54 6.91984994e-59
 5.75863544e-46 1.05170761e-66 5.27367686e-48 4.55991975e-57
 4.07987974e-59 7.51786428e-63 1.61299095e-53 1.28537148e-56
 5.89559709e-54 8.47223917e-48 8.47223917e-48 5.66557381e-58
 1.61299095e-53 8.30820763e-60 3.55862494e-54 4.39427779e-53
 1.85378592e-49 7.83398323e-49 2.15460932e-56 1.29241929e-54
 1.28537148e-56 1.00833823e-55 3.21237555e-42 1.00877229e-50
 1.98426668e-58 1.42453006e-46 5.75863544e-46 8.30820763e-60
 3.21237555e-42 1.45399317e-63]","[1.26570821e-17 3.95007214e-19 6.91059303e-24 1.34933703e-13
 2.22374207e-17 2.20772463e-13 1.06410050e-20 2.47371214e-22
 4.58740572e-16 6.42340318e-22 1.17682447e-16 3.03881495e-18
 7.82155399e-21 1.70510155e-18 7.17482117e-18 8.92004797e-20
 2.94303610e-17 2.25989398e-21 4.96114708e-24 1.20730402e-21
 9.59715417e-10 6.45842239e-15 3.95007214e-19 2.94303610e-17
 1.20730402e-21 1.65262693e-21 1.08277464e-14 6.45842239e-15
 1.42091476e-10 5.30299497e-19 1.02511949e-15 2.95255083e-15
 8.36667685e-15 2.66308246e-20 4.97944383e-14 1.27528784e-18
 4.58538879e-13 1.54798729e-16 1.20365650e-19 3.03881495e-18
 3.95007214e-19 2.66308246e-20 3.83661921e-15 9.79737413e-12
 8.92004797e-20 1.54554888e-11 3.87118023e-14 1.33749750e-15
 8.36667685e-15 6.60370667e-20]",1.3040407341257273e-43,2.2560259591413005e-11,6.292279668482503e-43,1.3536103906719508e-10
df1,0.75,0.0,0.75,"[4.87748802e-60 6.20630182e-68 1.98571665e-68 7.65993218e-57
 1.94472818e-71 1.00877229e-50 4.55991975e-57 5.28280757e-65
 2.15460932e-56 1.45399317e-63 3.23766600e-66 6.20630182e-68
 6.18686551e-51 2.03688601e-48 1.61075424e-57 3.34696584e-61
 1.86526077e-72 3.40157297e-67 3.00027002e-49 4.67383798e-55
 1.12821388e-69 1.68303018e-55 1.13754661e-61 1.08402131e-71
 4.07987974e-59 6.18686551e-51 2.14384629e-77 1.12138242e-68
 9.92411958e-66 7.05469515e-50 1.95228637e-61 2.86035082e-60
 1.96022961e-52 4.83655003e-64 1.98571665e-68 1.60190536e-64
 3.34696584e-61 3.34696584e-61 2.51694654e-63 2.80617232e-55
 2.71159835e-57 2.78496894e-64 3.79042144e-51 9.92411958e-66
 2.42847792e-76 1.95228637e-61 6.18686551e-51 9.80545229e-61
 1.13754661e-61 1.86526077e-72]","[1.70487812e-25 5.74326505e-21 1.17682447e-16 3.55797286e-24
 1.30432533e-24 1.08277464e-14 6.39848579e-14 8.81076169e-22
 2.94303610e-17 6.60370667e-20 2.66308246e-20 9.52846065e-19
 2.67024896e-16 8.36667685e-15 7.11203305e-19 1.62253462e-19
 1.65262693e-21 1.33672873e-23 3.50171296e-16 2.39934411e-25
 2.57505865e-23 2.27745029e-18 5.92172623e-11 8.95402666e-28
 2.66308246e-20 2.67024896e-16 4.88387176e-20 3.56853685e-23
 9.31581113e-25 2.03413945e-16 4.67812431e-22 4.21288896e-21
 2.33262567e-14 4.67812431e-22 1.67853513e-17 1.79605588e-22
 2.25989398e-21 4.05057199e-18 5.13913233e-17 1.27528784e-18
 6.60370667e-20 1.30432533e-24 1.96348850e-20 2.20772463e-13
 2.14737506e-26 3.83661921e-15 8.92004797e-20 4.88387176e-20
 1.20365650e-19 9.61617488e-24]",4.880191356389586e-50,1.190993795754586e-12,2.8722978049202065e-49,8.289528843614055e-12
df1,0.8,0.0,0.8,"[4.92403790e-75 8.39040599e-64 1.86526077e-72 1.94472818e-71
 2.15460932e-56 3.02883737e-65 8.11994820e-76 1.29719007e-62
 1.60190536e-64 2.78496894e-64 1.67562367e-60 2.23586471e-62
 1.08402131e-71 3.23766600e-66 2.47190518e-80 2.23586471e-62
 3.60781842e-56 1.03520885e-72 9.20417879e-65 6.03593190e-72
 2.14384629e-77 9.71516714e-74 1.41368557e-59 6.23856139e-71
 2.00649704e-69 3.35720833e-72 1.11555042e-70 7.23127196e-77
 1.98571665e-68 4.44304977e-76 4.83655003e-64 3.51245105e-68
 5.44137500e-79 2.42847792e-76 6.32804820e-78 2.42847792e-76
 7.24139755e-53 1.13754661e-61 2.70316908e-75 4.92403790e-75
 4.83655003e-64 9.20417879e-65 3.35470507e-58 6.32585939e-69
 1.99260921e-70 6.62107000e-62 1.99260921e-70 1.29719007e-62
 4.44304977e-76 6.33684532e-70]","[1.30270202e-22 1.20365650e-19 1.82724155e-27 2.39934411e-25
 2.20772463e-13 1.79605588e-22 8.92004797e-20 1.74328977e-15
 5.30299497e-19 5.30299497e-19 3.08714081e-21 1.70510155e-18
 2.18494984e-19 6.91059303e-24 1.70487812e-25 1.06410050e-20
 6.39848579e-14 1.82433512e-24 1.27528784e-18 1.27528784e-18
 1.20365650e-19 6.83217462e-23 3.03881495e-18 1.17682447e-16
 5.74326505e-21 1.02784044e-28 7.17482117e-18 1.47818613e-28
 1.79605588e-22 1.47818613e-28 1.65262693e-21 9.61617488e-24
 3.04782586e-28 3.83661921e-15 1.21017203e-25 6.25831333e-28
 2.95255083e-15 4.88387176e-20 7.84752977e-30 1.64503886e-29
 2.93930826e-19 4.21288896e-21 3.95007214e-19 1.65262693e-21
 6.78067547e-17 7.82155399e-21 4.21288896e-21 2.27745029e-18
 1.27528784e-18 3.95007214e-19]",1.449439025956717e-54,5.869921464881751e-15,1.0137792596942325e-53,3.1980693640526424e-14
df1,0.8500000000000001,0.0,0.8500000000000001,"[5.44137500e-79 3.17823276e-73 9.20417879e-65 1.85969560e-78
 3.93950762e-77 6.32804820e-78 5.44137500e-79 1.16538558e-77
 1.48234930e-75 1.12138242e-68 1.94472818e-71 3.16384036e-87
 2.49517973e-83 6.20630182e-68 6.32786916e-89 2.93851005e-79
 4.69733763e-83 1.32395344e-83 1.51998109e-85 1.05170761e-66
 1.32590390e-76 1.32395344e-83 2.51694654e-63 5.28280757e-65
 6.33684532e-70 8.54149129e-80 1.15526050e-86 1.85969560e-78
 1.15526050e-86 1.32395344e-83 3.55535840e-70 1.03791356e-84
 3.56463042e-69 2.80617232e-55 8.95973634e-75 1.53350669e-93
 6.33684532e-70 3.81678704e-81 6.33684532e-70 5.73909492e-73
 1.11555042e-70 1.16538558e-77 1.12821388e-69 2.88686263e-85
 1.03791356e-84 1.99260921e-70 1.65926127e-82 1.32395344e-83
 7.12229959e-81 5.83529742e-82]","[6.64674147e-25 1.20365650e-19 7.17482117e-18 2.14737506e-26
 2.37806656e-29 6.64674147e-25 2.14737506e-26 7.51579753e-27
 1.44619791e-20 3.40355762e-22 1.33749750e-15 5.41174667e-30
 5.41174667e-30 9.53441021e-18 1.82433512e-24 8.58131384e-26
 6.64674147e-25 8.81076169e-22 1.51487883e-26 8.81076169e-22
 4.94023307e-23 3.55797286e-24 4.88387176e-20 6.78067547e-17
 3.95007214e-19 8.58131384e-26 6.91059303e-24 3.04782586e-28
 6.83217462e-23 2.56565447e-30 4.21288896e-21 1.33672873e-23
 5.39368124e-18 2.22374207e-17 3.40355762e-22 5.41174667e-30
 7.82155399e-21 2.47371214e-22 1.96348850e-20 9.52846065e-19
 9.61617488e-24 1.76381982e-30 1.54798729e-16 9.31581113e-25
 3.56590826e-34 2.27745029e-18 3.37322101e-25 3.08714081e-21
 6.07873598e-26 1.06757971e-26]",5.612344700761212e-57,3.216579773606902e-17,3.928641252490725e-56,1.8795745666799392e-16
df1,0.9,0.0,0.9,"[6.04906014e-087 1.62852672e-074 8.81591837e-090 2.88686263e-085
 1.01205796e-109 4.49681448e-088 6.04906014e-087 1.21792979e-088
 2.49517973e-083 2.35609537e-090 1.02898789e-094 5.83529742e-082
 1.32590390e-076 5.83529742e-082 2.20389449e-086 2.02515198e-094
 2.42847792e-076 4.37887891e-092 1.15526050e-086 3.16384036e-087
 4.56007306e-090 2.64763111e-095 8.83329437e-083 1.86526077e-072
 4.69733763e-083 4.19972342e-086 8.69173129e-100 3.98124764e-094
 4.39057786e-097 2.70316908e-075 3.00462961e-093 8.54149129e-080
 2.64763111e-095 6.23856139e-071 3.43236847e-078 2.34155676e-088
 5.44137500e-079 7.01720636e-084 1.21792979e-088 3.00462961e-093
 7.99410344e-086 2.70316908e-075 2.35609537e-090 3.35720833e-072
 3.43236847e-078 8.95973634e-075 3.28405359e-089 4.19972342e-086
 2.49517973e-083 2.93851005e-079]","[1.79605588e-22 1.20365650e-19 5.64011511e-33 4.95418960e-29
 1.44619791e-20 3.81363460e-33 2.39934411e-25 5.69539852e-31
 8.95402666e-28 1.06757971e-26 2.67038982e-32 9.61617488e-24
 1.13678721e-29 2.57505865e-23 4.96114708e-24 2.67038982e-32
 3.40355762e-22 8.58131384e-26 1.21132482e-30 7.19492833e-35
 5.28569498e-27 2.66308246e-20 1.27976799e-27 2.26988766e-15
 3.89924968e-31 4.36966274e-28 3.81363460e-33 4.73751051e-25
 3.72814291e-30 1.02784044e-28 1.20730402e-21 4.30155538e-26
 9.50443824e-36 2.56565447e-30 1.20730402e-21 1.00942344e-37
 3.04782586e-28 2.22993385e-39 2.39934411e-25 1.64503886e-29
 7.84752977e-30 1.27528784e-18 1.21132482e-30 1.21017203e-25
 2.25989398e-21 1.67853513e-17 1.17161696e-33 9.31581113e-25
 7.82155399e-21 6.07873598e-26]",1.352782351352621e-72,4.5762456325492656e-17,8.73523236434621e-72,3.177408774153624e-16
df1,0.9500000000000001,0.0,0.9500000000000001,"[2.70316908e-075 3.16384036e-087 1.26370308e-105 4.37887891e-092
 1.21792979e-088 8.69173129e-100 2.63087943e-101 3.00462961e-093
 6.78202527e-096 9.20882547e-104 3.56765397e-117 1.66051167e-091
 1.21792979e-088 1.31890515e-112 2.15264578e-100 1.34076199e-095
 1.56663455e-115 6.78202527e-096 1.32759256e-080 3.18287512e-102
 1.34076199e-095 2.59001339e-105 2.88686263e-085 1.32395344e-083
 1.02898789e-094 6.99261346e-099 1.21792979e-088 1.41127475e-113
 1.02898789e-094 1.66051167e-091 8.69173129e-100 7.23127196e-077
 4.39057786e-097 2.24489973e-092 4.32796803e-100 7.61901024e-117
 3.49368581e-099 4.37887891e-092 7.74187875e-103 6.26880529e-091
 7.81799073e-094 1.21599162e-090 3.00462961e-093 4.37887891e-092
 3.81174187e-103 6.99261346e-099 2.20389449e-086 3.98124764e-094
 4.56007306e-090 1.02898789e-094]","[1.30432533e-24 5.41174667e-30 2.57596005e-33 2.56565447e-30
 1.22668930e-38 4.95418960e-29 1.07520219e-34 9.31581113e-25
 1.73815304e-33 1.64503886e-29 1.53384053e-37 1.47818613e-28
 2.39365688e-34 3.21175996e-35 1.82198508e-31 2.66678482e-31
 7.51579753e-27 1.30432533e-24 1.30432533e-24 1.53384053e-37
 1.64503886e-29 1.82198508e-31 2.39934411e-25 9.31581113e-25
 3.04782586e-28 1.76381982e-30 3.56590826e-34 3.98638164e-40
 1.53384053e-37 7.88918156e-34 3.92888730e-32 8.31031105e-31
 1.13678721e-29 1.00942344e-37 3.37322101e-25 1.42774613e-35
 2.14251154e-35 3.89924968e-31 4.19874897e-36 6.14029324e-40
 5.64011511e-33 1.64503886e-29 3.37322101e-25 6.07873598e-26
 1.64503886e-29 1.76381982e-30 3.40355762e-22 4.36966274e-28
 5.64011511e-33 5.77449424e-32]",5.550990187263959e-77,6.942316239994643e-24,3.7837242947092387e-76,4.763179306920493e-23
df1,1.0,0.0,1.0,"[1.57064610e-102 5.30739252e-101 3.28405359e-089 4.85997494e-110
 1.01205796e-109 1.56663455e-115 1.08427351e-104 3.63777125e-118
 1.72947631e-096 9.20882547e-104 5.56898878e-098 7.19151616e-124
 1.39799851e-098 1.01205796e-109 3.18287512e-102 1.26370308e-105
 9.20882547e-104 5.34499160e-111 2.24489973e-092 1.14959907e-092
 1.26370308e-105 6.44036529e-126 2.99814789e-106 4.56007306e-090
 7.84645245e-121 1.01205796e-109 1.87460385e-103 5.47688639e-085
 7.89408622e-119 8.53187607e-092 6.99261346e-099 1.11687624e-110
 6.44273589e-102 7.05518906e-115 3.49368581e-099 8.69173129e-100
 7.79563234e-118 9.07714507e-109 1.70515873e-119 1.08427351e-104
 1.14959907e-092 6.15879083e-106 1.57064610e-102 1.70515873e-119
 3.18287512e-102 2.02515198e-094 2.24489973e-092 5.30232749e-105
 1.41127475e-113 1.66475925e-107]","[1.21017203e-25 2.85911373e-38 6.25831333e-28 8.09234334e-37
 7.13959478e-29 1.73815304e-33 1.76381982e-30 2.78636314e-36
 8.33270257e-33 8.47828272e-32 8.95402666e-28 7.00791465e-41
 1.82724155e-27 8.09234334e-37 8.31031105e-31 8.09234334e-37
 1.60509935e-34 6.32047121e-36 3.37322101e-25 2.25989398e-21
 8.47828272e-32 1.45226397e-39 3.56590826e-34 8.58131384e-26
 5.58403660e-47 2.32827146e-37 1.73815304e-33 8.58131384e-26
 1.22324939e-36 3.21175996e-35 7.19492833e-35 2.58531714e-40
 2.14737506e-26 6.63610190e-38 7.19492833e-35 2.32827146e-37
 7.00791465e-41 1.81313081e-32 3.98638164e-40 8.92358057e-47
 1.21132482e-30 7.19492833e-35 5.34786658e-37 1.22324939e-36
 7.88918156e-34 6.07873598e-26 1.42774613e-35 1.45226397e-39
 2.58531714e-40 1.13678721e-29]",1.0954523853700737e-86,4.521219293019749e-23,7.667630225523764e-86,3.1638311741773633e-22
df2,0.0,0.0,0.0,"[0.53390728 0.98957839 0.07520917 0.08151459 0.31007573 0.39108739
 0.04542867 0.45963725 0.3490397  0.74453538 0.8633028  0.8633028
 0.01217651 0.58582128 0.36968362 0.55967522 0.50859953 0.63886042
 0.32916807 0.48382277 0.21173982 0.48382277 0.63886042 0.05871658
 0.31007573 0.63886042 0.07520917 0.50859953 0.27423335 0.27423335
 0.84163603 0.55967522 0.81875363 0.03483221 0.69212796 0.25747545
 0.81875363 0.08825991 0.29176485 0.139232   0.63886042 0.93482727
 0.29176485 0.18488568 0.50859953 0.58582128 0.50859953 0.25747545
 0.36968362 0.1200888 ]","[0.17249627 0.74453538 0.19796045 0.1200888  0.84163603 0.90235528
 0.55967522 0.93482727 0.74453538 0.55967522 0.17249627 0.18488568
 0.31007573 0.8633028  0.93482727 0.43609338 0.99875113 0.74453538
 0.29176485 0.84163603 0.3490397  0.25747545 0.24148215 0.1200888
 0.74453538 0.17249627 0.41323244 0.53390728 0.63886042 0.74453538
 0.99328163 0.02646763 0.43609338 0.27423335 0.58582128 0.71851426
 0.09546732 0.77002924 0.8633028  0.24148215 0.96996014 0.97808957
 0.08151459 0.07520917 0.97808957 0.50859953 0.55967522 0.32916807
 0.91946676 0.39108739]",0.4322378999155205,0.5313472025960015,0.26369532792149974,0.30787641335144805
df2,0.05,0.05,0.0,"[0.01993114 0.55967522 0.48382277 0.81875363 0.05871658 0.32916807
 0.98457739 0.17249627 0.27423335 0.08825991 0.02410401 0.48382277
 0.96996014 0.71851426 0.53390728 0.69212796 0.18488568 0.07520917
 0.09546732 0.21173982 0.3490397  0.71851426 0.84163603 0.8633028
 0.17249627 0.43609338 0.79482654 0.05871658 0.98957839 0.39108739
 0.71851426 0.00132017 0.14969106 0.25747545 0.88359176 0.8633028
 0.16077182 0.71851426 0.22624166 0.81875363 0.39108739 0.66552932
 0.16077182 0.79482654 0.63886042 0.08825991 0.48382277 0.8633028
 0.03181713 0.93482727]","[2.64676308e-02 9.69960143e-01 1.49691056e-01 4.13232440e-01
 1.34646549e-02 6.38312357e-02 9.34827271e-01 4.59637254e-01
 4.95346404e-02 1.21765095e-02 5.87165796e-02 6.92127962e-01
 3.49039701e-01 9.02355278e-01 3.10075730e-01 4.13232440e-01
 1.80967606e-02 1.80967606e-02 1.03159376e-01 4.36093382e-01
 3.00718998e-03 3.10075730e-01 5.59675216e-01 8.15145929e-02
 3.69683622e-01 2.11739817e-01 2.90339156e-02 1.16899447e-03
 4.59637254e-01 1.84885683e-01 5.85821277e-01 2.22014992e-05
 1.49691056e-01 7.25488863e-03 7.52091658e-02 5.33907283e-01
 3.49039701e-01 8.41636027e-01 4.13232440e-01 4.16212987e-02
 4.16212987e-02 8.18753631e-01 1.03159376e-01 7.94826541e-01
 9.60076470e-01 1.20088801e-01 2.90339156e-02 5.33907283e-01
 1.64147482e-02 1.60771824e-01]",0.4649189263832409,0.30360656099310684,0.32098576953936575,0.3023357380485135
df2,0.1,0.1,0.0,"[9.34827271e-01 9.92823487e-03 2.64676308e-02 1.20088801e-01
 1.29372179e-01 8.06755085e-04 5.08599525e-01 1.39231997e-01
 7.18514257e-01 7.94826541e-01 5.08599525e-01 7.44535382e-01
 1.29372179e-01 2.91764847e-01 7.44535382e-01 4.59637254e-01
 2.74233349e-01 4.36093382e-01 2.11739817e-01 5.39576008e-02
 2.74233349e-01 3.18171260e-02 4.16212987e-02 9.84577388e-01
 8.18753631e-01 1.49691056e-01 4.16212987e-02 4.59637254e-01
 1.72496272e-01 8.41636027e-01 4.54286666e-02 1.49691056e-01
 4.83822766e-01 1.84885683e-01 4.59637254e-01 5.87165796e-02
 1.39231997e-01 2.74233349e-01 9.54673207e-02 1.89004559e-03
 3.48322136e-02 7.52091658e-02 3.10075730e-01 8.06268875e-03
 1.03159376e-01 1.97960446e-01 1.89004559e-03 4.36093382e-01
 7.52091658e-02 6.65529322e-01]","[1.29372179e-01 1.20088801e-01 1.10287908e-04 4.85152370e-04
 4.85152370e-04 1.46749215e-06 2.26241661e-01 1.26822204e-04
 9.92823487e-03 3.49039701e-01 1.48940867e-03 2.41482152e-01
 1.63732496e-05 7.11507895e-04 3.91087390e-01 7.25488863e-03
 3.48322136e-02 5.25376643e-03 3.29168072e-01 1.99311438e-02
 1.16899447e-03 9.92823487e-03 3.36894521e-03 8.95145539e-03
 2.64676308e-02 2.64676308e-02 3.73964604e-04 9.58129418e-05
 1.67865304e-03 8.15145929e-02 1.21765095e-02 3.48322136e-02
 4.95346404e-02 4.21554189e-03 1.49691056e-01 8.31541824e-05
 1.67865304e-03 2.41040115e-02 1.10005675e-02 7.51402754e-06
 4.67045972e-05 1.91681353e-04 6.38312357e-02 1.80967606e-02
 7.25488863e-03 2.74233349e-01 1.32017364e-03 6.38312357e-02
 2.90339156e-02 9.02355278e-01]",0.29708485723694683,0.07349282745187287,0.28307616986085343,0.15424188141478767
df2,0.15000000000000002,0.15000000000000002,0.0,"[5.85821277e-01 1.67194217e-04 1.10005675e-02 1.29372179e-01
 5.87165796e-02 1.03159376e-01 2.12592488e-03 6.12251659e-01
 2.38884447e-03 1.20088801e-01 4.54286666e-02 7.52091658e-02
 1.11358879e-01 1.64147482e-02 1.99311438e-02 7.70029237e-01
 1.80967606e-02 2.41482152e-01 3.18171260e-02 1.34646549e-02
 5.39576008e-02 2.74233349e-01 6.52148041e-03 1.39231997e-01
 1.10005675e-02 1.03159376e-01 2.19294824e-02 1.11358879e-01
 1.80967606e-02 4.70847031e-03 3.48322136e-02 2.41482152e-01
 8.15145929e-02 2.74233349e-01 3.36894521e-03 4.83822766e-01
 1.64147482e-02 4.54286666e-02 2.19294824e-02 2.57475452e-01
 3.48322136e-02 1.21765095e-02 5.08599525e-01 6.38860419e-01
 1.49691056e-01 4.36093382e-01 9.54673207e-02 5.39576008e-02
 1.99311438e-02 5.85633896e-03]","[1.10287908e-04 6.24445815e-05 2.85456402e-06 3.47919250e-05
 9.58129418e-05 4.67045972e-05 1.46749215e-06 6.93218252e-02
 6.02037032e-08 2.12592488e-03 9.92823487e-03 1.16899447e-03
 3.27832948e-04 1.10287908e-04 2.58137431e-05 2.90339156e-02
 1.40396435e-05 9.58129418e-05 6.52148041e-03 6.24445815e-05
 1.32017364e-03 9.13835051e-04 2.16691945e-07 1.40396435e-05
 1.26822204e-04 2.38884447e-03 1.10287908e-04 5.25376643e-03
 1.40396435e-05 1.90755446e-05 8.06755085e-04 3.00718998e-03
 7.11507895e-04 1.80967606e-02 7.20954134e-05 8.06755085e-04
 5.46398884e-06 1.02917236e-05 2.87103585e-04 1.72496272e-01
 2.58137431e-05 5.24820678e-07 1.10005675e-02 1.16899447e-03
 5.39576008e-02 1.16899447e-03 1.67194217e-04 8.06755085e-04
 1.64147482e-02 2.38884447e-03]",0.1425698155193362,0.008253047308266055,0.19390791137177438,0.02676949806961066
df2,0.2,0.2,0.0,"[2.90339156e-02 1.67865304e-03 3.77043497e-03 3.77043497e-03
 3.36894521e-03 5.25376643e-03 5.25376643e-03 4.85152370e-04
 1.80967606e-02 2.41040115e-02 1.10005675e-02 5.87165796e-02
 2.68158880e-03 9.13835051e-04 1.48741570e-02 4.54286666e-02
 1.10005675e-02 2.90339156e-02 2.19294824e-02 1.99311438e-02
 2.38884447e-03 9.92823487e-03 1.67865304e-03 1.10287908e-04
 8.06268875e-03 1.39231997e-01 1.21765095e-02 2.41040115e-02
 5.46398884e-06 1.67865304e-03 5.08599525e-01 2.26241661e-01
 1.67865304e-03 9.92823487e-03 1.32017364e-03 1.39231997e-01
 6.93218252e-02 3.80948244e-02 1.64147482e-02 1.97960446e-01
 2.99835482e-05 1.03159376e-01 2.11739817e-01 4.13232440e-01
 1.72496272e-01 4.95346404e-02 9.13835051e-04 3.73964604e-04
 2.19294824e-02 1.67865304e-03]","[8.81579698e-07 2.99835482e-05 7.78867068e-12 3.95729931e-06
 2.85456402e-06 4.89436847e-09 1.20265345e-05 1.78141737e-09
 1.67194217e-04 8.72433497e-08 3.27832948e-04 2.58137431e-05
 1.63732496e-05 1.04585220e-06 1.51046944e-07 1.81007354e-07
 9.13835051e-04 1.20265345e-05 8.86732425e-09 9.58129418e-05
 3.36269816e-06 9.58129418e-05 1.51046944e-07 2.71047184e-10
 1.20265345e-05 3.95729931e-06 2.58137431e-05 1.51046944e-07
 4.14795066e-10 2.42826791e-11 3.73964604e-04 7.25488863e-03
 5.97265054e-09 4.67045972e-05 2.42077577e-06 1.48940867e-03
 2.99835482e-05 2.16691945e-07 2.42077577e-06 1.91681353e-04
 5.46398884e-06 1.32017364e-03 1.63732496e-05 7.20954134e-05
 9.13835051e-04 5.51757155e-04 9.59715417e-10 6.02037032e-08
 1.63732496e-05 5.12353012e-10]",0.0538714448283008,0.0002807835593668488,0.10185562286726803,0.0010485178337354668
df2,0.25,0.25,0.0,"[3.36894521e-03 1.10287908e-04 4.95346404e-02 2.85456402e-06
 1.99311438e-02 9.92823487e-03 7.52091658e-02 2.99835482e-05
 1.67865304e-03 2.99835482e-05 1.45688880e-04 2.99835482e-05
 4.26159664e-04 8.31541824e-05 3.27832948e-04 6.52148041e-03
 9.13835051e-04 7.51402754e-06 6.24445815e-05 5.25376643e-03
 4.83822766e-01 3.47919250e-05 2.38884447e-03 1.03408932e-03
 6.38312357e-02 5.25376643e-03 1.03408932e-03 1.90755446e-05
 4.85152370e-04 4.16212987e-02 4.26159664e-04 1.63732496e-05
 4.21554189e-03 2.19294824e-02 1.99311438e-02 1.21765095e-02
 1.99311438e-02 4.54286666e-02 1.99311438e-02 5.25376643e-03
 7.52091658e-02 7.20954134e-05 4.16212987e-02 1.32017364e-03
 5.25376643e-03 1.26822204e-04 2.19534247e-04 3.77043497e-03
 3.09615598e-07 5.40313022e-05]","[1.93100400e-08 1.31118659e-08 1.51046944e-07 3.03909276e-11
 4.40608072e-07 2.59150246e-07 4.00670801e-09 3.69535722e-07
 8.86732425e-09 5.92172623e-11 1.59199965e-08 4.13773042e-08
 1.18065325e-09 4.97944383e-14 1.93100400e-08 4.13773042e-08
 1.72684385e-13 5.92172623e-11 6.32216726e-10 1.51046944e-07
 5.46398884e-06 3.09615598e-07 2.85456402e-06 4.00670801e-09
 8.86732425e-09 8.86732425e-09 2.43574207e-12 3.03909276e-11
 3.03909276e-11 7.42361542e-07 1.18065325e-09 6.02037032e-08
 3.47919250e-05 1.59199965e-08 1.51046944e-07 7.51402754e-06
 1.25918603e-07 8.81579698e-07 2.33983459e-08 1.59199965e-08
 3.95729931e-06 4.74591296e-11 1.51046944e-07 1.76400398e-10
 8.86732425e-09 1.14339735e-10 3.79972059e-11 5.46398884e-06
 2.71047184e-10 7.79334122e-10]",0.021000168508586506,1.2818542895842993e-06,0.06898268953029296,5.040315413376963e-06
df2,0.30000000000000004,0.30000000000000004,0.0,"[3.36269816e-06 1.02917236e-05 2.99835482e-05 3.36894521e-03
 5.46398884e-06 1.46749215e-06 1.10005675e-02 3.47919250e-05
 1.93100400e-08 1.80967606e-02 1.63732496e-05 5.51757155e-04
 5.51757155e-04 3.36269816e-06 2.42077577e-06 1.32017364e-03
 3.47919250e-05 7.25098046e-08 7.20954134e-05 2.19294824e-02
 7.20954134e-05 2.59150246e-07 5.51757155e-04 2.99835482e-05
 5.46398884e-06 1.99311438e-02 7.51402754e-06 7.11507895e-04
 5.46398884e-06 3.47919250e-05 4.70847031e-03 5.40313022e-05
 1.67865304e-03 7.79334122e-10 5.40313022e-05 1.67194217e-04
 2.19534247e-04 5.51757155e-04 1.04585220e-06 3.69535722e-07
 3.77043497e-03 5.51757155e-04 3.80948244e-02 4.67045972e-05
 1.80967606e-02 7.11507895e-04 5.46398884e-06 2.42077577e-06
 1.03408932e-03 1.80967606e-02]","[2.20772463e-13 1.92461767e-12 4.98033280e-15 1.76400398e-10
 4.58538879e-13 1.14339735e-10 9.43717929e-13 1.08277464e-14
 8.36667685e-15 2.83236331e-08 1.19798113e-12 7.42666811e-13
 2.18772050e-10 2.22374207e-17 4.97944383e-14 2.26988766e-15
 7.78867068e-12 1.80794013e-14 3.03909276e-11 1.31118659e-08
 1.80794013e-14 8.36667685e-15 9.79737413e-12 9.43717929e-13
 2.81965513e-13 5.97265054e-09 1.51920849e-12 9.43717929e-13
 2.95255083e-15 4.97944383e-14 1.25918603e-07 8.36667685e-15
 5.83855471e-13 1.27528784e-18 1.92461767e-12 1.54554888e-11
 1.54554888e-11 9.19151252e-11 2.42826791e-11 2.81965513e-13
 6.18553174e-12 3.07948375e-12 2.71047184e-10 1.14339735e-10
 1.45688880e-04 3.87118023e-14 2.33262567e-14 3.87118023e-14
 6.00359848e-16 1.14339735e-10]",0.003324594677525937,2.9172686597968673e-06,0.007663176310335088,2.0395952498155534e-05
df2,0.35000000000000003,0.35000000000000003,0.0,"[1.40396435e-05 3.18171260e-02 5.24820678e-07 6.41076366e-06
 1.16899447e-03 5.85633896e-03 7.42361542e-07 1.03408932e-03
 3.27672622e-09 7.20954134e-05 1.46749215e-06 4.40608072e-07
 2.05084189e-06 2.16691945e-07 1.02917236e-05 2.19534247e-04
 2.99835482e-05 3.36894521e-03 1.45688880e-04 8.06755085e-04
 1.04864874e-07 5.97265054e-09 1.81007354e-07 3.00718998e-03
 6.24445815e-05 1.45688880e-04 2.83236331e-08 7.51402754e-06
 3.42511079e-08 1.04864874e-07 6.41076366e-06 8.79830246e-06
 1.23948622e-06 3.95729931e-06 3.69535722e-07 5.24820678e-07
 1.90755446e-05 8.86732425e-09 4.13773042e-08 1.76400398e-10
 4.67045972e-05 3.79972059e-11 1.02917236e-05 1.04864874e-07
 2.16691945e-07 5.40313022e-05 4.65235514e-06 6.41076366e-06
 7.25098046e-08 2.90339156e-02]","[1.39985076e-14 6.32216726e-10 7.17482117e-18 1.27528784e-18
 1.92461767e-12 1.42091476e-10 2.22374207e-17 4.58538879e-13
 6.91059303e-24 8.36667685e-15 9.53441021e-18 3.00652497e-14
 5.39368124e-18 1.06410050e-20 1.80794013e-14 3.00652497e-14
 4.05057199e-18 3.79972059e-11 3.08714081e-21 3.59754634e-13
 1.27528784e-18 1.70487812e-25 8.36667685e-15 1.92461767e-12
 1.51920849e-12 3.59754634e-13 1.96348850e-20 3.83661921e-15
 1.70510155e-18 7.17482117e-18 4.58538879e-13 1.39985076e-14
 2.93930826e-19 6.39848579e-14 9.43897459e-23 6.78067547e-17
 3.00652497e-14 2.18494984e-19 1.74328977e-15 9.61617488e-24
 5.83855471e-13 2.47371214e-22 2.95255083e-15 1.54798729e-16
 4.58740572e-16 4.98033280e-15 7.78867068e-12 2.95255083e-15
 2.67024896e-16 4.74591296e-11]",0.0015395172536760366,1.7507531167643036e-11,0.005991118996321612,9.036922680255317e-11
df2,0.4,0.4,0.0,"[2.81965513e-13 7.42361542e-07 7.79334122e-10 8.72433497e-08
 1.92461767e-12 1.26822204e-04 3.42511079e-08 4.99357648e-08
 6.39848579e-14 3.36269816e-06 2.16691945e-07 8.72433497e-08
 3.07948375e-12 1.31118659e-08 1.46749215e-06 2.58137431e-05
 2.18488808e-09 3.69535722e-07 3.77043497e-03 1.45098666e-09
 3.87118023e-14 1.25918603e-07 1.42091476e-10 4.03308445e-05
 3.69535722e-07 8.81579698e-07 6.32216726e-10 1.25918603e-07
 2.42826791e-11 5.24820678e-07 4.58538879e-13 4.90739183e-12
 1.18065325e-09 4.89436847e-09 2.22014992e-05 4.03308445e-05
 1.81007354e-07 2.22014992e-05 7.42361542e-07 4.40608072e-07
 4.99357648e-08 4.65235514e-06 8.72433497e-08 3.42511079e-08
 2.18772050e-10 2.59150246e-07 5.12353012e-10 3.09615598e-07
 2.33983459e-08 7.28113471e-09]","[2.56565447e-30 2.94303610e-17 2.39934411e-25 2.22374207e-17
 6.07873598e-26 8.93744884e-17 2.18494984e-19 2.18494984e-19
 1.64503886e-29 2.67024896e-16 3.40355762e-22 2.93930826e-19
 1.21132482e-30 1.17682447e-16 5.74326505e-21 2.93930826e-19
 3.55797286e-24 1.26570821e-17 1.08277464e-14 2.66678482e-31
 7.84752977e-30 6.78067547e-17 1.30270202e-22 2.94303610e-17
 1.62253462e-19 3.83661921e-15 2.25989398e-21 2.67024896e-16
 2.39934411e-25 1.62253462e-19 2.39934411e-25 9.43897459e-23
 3.55797286e-24 1.65262693e-21 3.95007214e-19 3.03881495e-18
 5.74326505e-21 1.19798113e-12 1.62253462e-19 8.58131384e-26
 7.11203305e-19 2.66308246e-20 1.54798729e-16 5.30299497e-19
 4.67812431e-22 2.18494984e-19 8.81076169e-22 4.67812431e-22
 1.54798729e-16 1.33672873e-23]",8.126786354881195e-05,2.427728414512212e-14,0.0005273894911719745,1.676795533315444e-13
df2,0.45,0.45,0.0,"[1.92461767e-12 9.19151252e-11 1.14339735e-10 9.19151252e-11
 1.39985076e-14 4.40608072e-07 9.59715417e-10 2.87103585e-04
 1.04585220e-06 3.59754634e-13 1.23948622e-06 4.67045972e-05
 1.07881685e-08 5.92172623e-11 1.42091476e-10 4.00670801e-09
 2.59150246e-07 6.02037032e-08 2.16691945e-07 1.34933703e-13
 5.97265054e-09 9.79737413e-12 4.90739183e-12 4.00670801e-09
 3.07948375e-12 8.72433497e-08 2.85456402e-06 1.45098666e-09
 3.27672622e-09 1.04864874e-07 1.04864874e-07 1.23116467e-11
 1.07881685e-08 4.74591296e-11 1.42091476e-10 9.79737413e-12
 2.18488808e-09 9.19151252e-11 3.79972059e-11 1.45098666e-09
 4.89436847e-09 1.76400398e-10 2.03413945e-16 9.79737413e-12
 3.00652497e-14 1.45098666e-09 4.14795066e-10 6.32216726e-10
 2.43574207e-12 2.67703473e-09]","[1.06757971e-26 1.30432533e-24 3.04081795e-26 8.95402666e-28
 4.36966274e-28 6.91059303e-24 6.83217462e-23 4.97944383e-14
 2.67024896e-16 5.69539852e-31 4.58740572e-16 2.22374207e-17
 3.55797286e-24 4.73751051e-25 1.85625733e-23 3.43417798e-29
 6.64674147e-25 5.41174667e-30 4.67812431e-22 1.21017203e-25
 1.21017203e-25 1.51487883e-26 6.42340318e-22 3.56853685e-23
 8.81076169e-22 3.40355762e-22 3.56853685e-23 8.31031105e-31
 3.71348188e-27 8.81076169e-22 2.14737506e-26 5.28569498e-27
 2.14737506e-26 5.77449424e-32 2.14737506e-26 1.13678721e-29
 1.82433512e-24 4.95418960e-29 6.07873598e-26 1.70487812e-25
 1.02784044e-28 2.93930826e-19 3.42045584e-39 1.21132482e-30
 5.69539852e-31 4.96114708e-24 6.25831333e-28 5.28569498e-27
 3.71348188e-27 1.70487812e-25]",6.805554331659408e-06,1.0108547703905494e-15,4.057218994434504e-05,6.969471942667962e-15
df2,0.5,0.5,0.0,"[1.34933703e-13 2.81965513e-13 4.98033280e-15 8.36667685e-15
 2.43574207e-12 1.23116467e-11 9.59715417e-10 1.07881685e-08
 1.80794013e-14 3.50171296e-16 1.80794013e-14 2.18488808e-09
 4.05057199e-18 4.00670801e-09 9.79737413e-12 6.39848579e-14
 2.43574207e-12 6.32216726e-10 1.26570821e-17 2.59150246e-07
 9.43717929e-13 3.88941584e-12 7.79334122e-10 1.19798113e-12
 5.83855471e-13 4.89436847e-09 9.19151252e-11 7.78867068e-12
 6.78067547e-17 1.39985076e-14 1.76400398e-10 1.76400398e-10
 1.54554888e-11 1.51920849e-12 3.89102510e-17 9.79737413e-12
 9.79737413e-12 1.51920849e-12 1.14339735e-10 3.09615598e-07
 9.59715417e-10 1.74328977e-15 2.43574207e-12 5.83855471e-13
 3.59754634e-13 9.43717929e-13 3.59754634e-13 1.81007354e-07
 2.20772463e-13 2.33262567e-14]","[3.56590826e-34 1.07520219e-34 4.19874897e-36 1.22979552e-32
 4.95418960e-29 1.24351631e-31 7.84752977e-30 3.89924968e-31
 3.43417798e-29 8.47828272e-32 8.02241615e-39 9.31581113e-25
 6.14029324e-40 4.30155538e-26 1.47818613e-28 1.22324939e-36
 1.21132482e-30 4.21288896e-21 4.80962056e-35 2.18494984e-19
 1.47818613e-28 8.33270257e-33 2.57505865e-23 7.13959478e-29
 1.02784044e-28 1.82724155e-27 1.82724155e-27 6.83217462e-23
 3.81363460e-33 5.64011511e-33 5.28569498e-27 2.37806656e-29
 5.69539852e-31 1.76381982e-30 3.21175996e-35 5.69539852e-31
 4.35811909e-38 3.71348188e-27 5.30672790e-34 1.85625733e-23
 6.91059303e-24 4.73751051e-25 1.81313081e-32 2.56565447e-30
 3.43417798e-29 2.57596005e-33 8.95402666e-28 1.64503886e-29
 1.60509935e-34 9.50443824e-36]",1.551244630304559e-08,4.4565776215839146e-21,6.064925919620663e-08,3.058259571073631e-20
df2,0.55,0.55,0.0,"[1.23116467e-11 2.81965513e-13 1.20730402e-21 1.19798113e-12
 3.89102510e-17 7.82155399e-21 4.58740572e-16 5.30299497e-19
 1.05328756e-13 6.39848579e-14 3.79972059e-11 1.72684385e-13
 7.78867068e-12 2.43574207e-12 6.39848579e-14 3.87118023e-14
 4.58740572e-16 2.71047184e-10 3.55797286e-24 2.67024896e-16
 2.26988766e-15 1.54798729e-16 4.90739183e-12 3.88941584e-12
 6.60370667e-20 3.79972059e-11 1.18065325e-09 3.59754634e-13
 9.43717929e-13 1.80794013e-14 2.71047184e-10 1.93824891e-11
 3.79972059e-11 3.07948375e-12 1.23116467e-11 3.88941584e-12
 1.23116467e-11 7.84899525e-16 7.84899525e-16 3.87118023e-14
 1.54798729e-16 1.54798729e-16 1.19798113e-12 3.95007214e-19
 3.83661921e-15 1.74328977e-15 4.58740572e-16 1.74328977e-15
 4.97944383e-14 6.39848579e-14]","[2.67038982e-32 2.32827146e-37 3.61877620e-46 8.02241615e-39
 5.34786658e-37 1.42453006e-46 8.09234334e-37 3.59372037e-44
 7.00791465e-41 8.33270257e-33 6.32047121e-36 3.81363460e-33
 3.81363460e-33 1.17161696e-33 5.30672790e-34 1.60509935e-34
 8.09234334e-37 8.58131384e-26 6.18686551e-51 3.98638164e-40
 9.15418035e-46 5.30672790e-34 1.06757971e-26 3.04081795e-26
 3.27921374e-48 1.27976799e-27 8.47828272e-32 4.95418960e-29
 8.31031105e-31 2.32827146e-37 1.21132482e-30 4.95418960e-29
 1.73815304e-33 8.31031105e-31 2.14737506e-26 5.64011511e-33
 8.47828272e-32 9.44810349e-40 6.63610190e-38 8.09234334e-37
 2.78636314e-36 2.14251154e-35 8.33270257e-33 1.21147719e-41
 4.52588482e-41 1.81313081e-32 2.22993385e-39 3.98638164e-40
 2.91986566e-41 8.09234334e-37]",3.8473135163605996e-11,2.9950567848132047e-27,1.7159034671501955e-10,1.297441418512647e-26
df2,0.6000000000000001,0.6000000000000001,0.0,"[2.22374207e-17 1.96348850e-20 1.80794013e-14 3.87118023e-14
 2.26988766e-15 7.51579753e-27 1.80794013e-14 1.70510155e-18
 1.23116467e-11 1.30432533e-24 6.42340318e-22 2.94303610e-17
 2.26988766e-15 3.50171296e-16 1.72684385e-13 2.81965513e-13
 1.62253462e-19 2.20772463e-13 1.72684385e-13 8.81076169e-22
 6.60370667e-20 8.93744884e-17 9.61617488e-24 3.09615598e-07
 1.79605588e-22 4.97944383e-14 2.27745029e-18 6.64674147e-25
 1.06410050e-20 4.90739183e-12 3.95007214e-19 8.36667685e-15
 6.07873598e-26 1.19798113e-12 8.93744884e-17 2.95255083e-15
 3.03909276e-11 5.74326505e-21 2.22374207e-17 1.74328977e-15
 1.14339735e-10 1.17682447e-16 4.88387176e-20 1.08277464e-14
 1.92461767e-12 7.38137688e-11 6.45842239e-15 2.26988766e-15
 8.93744884e-17 3.07948375e-12]","[1.39869353e-43 9.14645852e-45 3.21237555e-42 4.35811909e-38
 9.14645852e-45 5.89559709e-54 1.67491922e-40 1.21147719e-41
 4.80962056e-35 7.05469515e-50 5.27367686e-48 1.39869353e-43
 1.45226397e-39 9.15418035e-46 4.35811909e-38 1.67491922e-40
 2.67335366e-50 5.24109088e-39 3.98638164e-40 9.14645852e-45
 3.61877620e-46 2.32827146e-37 1.26387580e-48 2.60622931e-27
 2.03688601e-48 5.24109088e-39 5.39250695e-43 1.98426668e-58
 7.79126605e-42 1.24351631e-31 1.88177121e-41 1.22324939e-36
 1.00833823e-55 5.39250695e-43 5.65883768e-44 1.22324939e-36
 3.98638164e-40 3.61877620e-46 3.42045584e-39 8.92358057e-47
 6.32047121e-36 2.30592786e-45 1.21147719e-41 5.00547265e-42
 6.14029324e-40 5.34786658e-37 3.89924968e-31 4.35811909e-38
 1.39869353e-43 1.53384053e-37]",6.197171493286464e-09,5.213487284164176e-29,4.3345493805575565e-08,3.6487063797271633e-28
df2,0.65,0.65,0.0,"[4.58538879e-13 1.20365650e-19 1.17161696e-33 1.70487812e-25
 5.30299497e-19 2.94303610e-17 2.27745029e-18 1.26570821e-17
 1.19798113e-12 6.60370667e-20 2.27745029e-18 2.93930826e-19
 1.39985076e-14 2.03413945e-16 3.95007214e-19 1.20365650e-19
 5.13913233e-17 3.60824945e-20 1.70487812e-25 3.89102510e-17
 1.33672873e-23 1.44619791e-20 1.44619791e-20 7.82155399e-21
 3.00652497e-14 1.82433512e-24 1.06410050e-20 4.88387176e-20
 3.83661921e-15 9.52846065e-19 1.96348850e-20 1.20730402e-21
 2.03413945e-16 1.30270202e-22 8.95402666e-28 5.13913233e-17
 2.27745029e-18 4.94023307e-23 4.94023307e-23 2.27745029e-18
 9.53441021e-18 8.81076169e-22 6.83217462e-23 1.72684385e-13
 6.83217462e-23 2.14737506e-26 2.66308246e-20 1.26570821e-17
 6.60370667e-20 1.85625733e-23]","[2.78636314e-36 2.67335366e-50 1.13754661e-61 1.61299095e-53
 1.42453006e-46 4.34507678e-50 3.61877620e-46 1.42453006e-46
 3.21237555e-42 9.55803990e-58 5.58403660e-47 3.00027002e-49
 3.21237555e-42 8.90129708e-44 7.83398323e-49 8.90129708e-44
 9.14645852e-45 1.41820348e-51 8.66108972e-52 3.59372037e-44
 1.26387580e-48 1.96022961e-52 3.44263650e-43 3.27921374e-48
 1.22668930e-38 1.14419204e-49 8.66108972e-52 5.65883768e-44
 8.02241615e-39 2.31976235e-51 9.55803990e-58 4.39427779e-53
 3.98638164e-40 5.66557381e-58 5.66557381e-58 2.91986566e-41
 5.39250695e-43 2.03688601e-48 1.41368557e-59 8.92358057e-47
 2.91986566e-41 4.85066545e-49 1.64306603e-50 3.98638164e-40
 1.35963995e-47 1.29719007e-62 8.66108972e-52 7.79126605e-42
 1.45365542e-45 5.66557381e-58]",3.755458804427309e-14,5.61504700852499e-38,1.7921126705801347e-13,3.900356634699369e-37
df2,0.7000000000000001,0.7000000000000001,0.0,"[6.83217462e-23 4.05057199e-18 9.43717929e-13 4.67812431e-22
 2.47371214e-22 2.47371214e-22 4.88387176e-20 6.78067547e-17
 1.79605588e-22 4.21288896e-21 3.55797286e-24 1.96348850e-20
 4.05057199e-18 3.71348188e-27 2.57505865e-23 5.13913233e-17
 1.06757971e-26 3.40355762e-22 8.92004797e-20 7.82155399e-21
 1.76381982e-30 4.88387176e-20 6.07873598e-26 1.06757971e-26
 1.26570821e-17 1.74328977e-15 1.06410050e-20 6.64674147e-25
 2.60622931e-27 4.73751051e-25 3.43417798e-29 3.37322101e-25
 3.08714081e-21 1.96348850e-20 6.91059303e-24 7.11203305e-19
 1.30432533e-24 1.20730402e-21 9.53441021e-18 9.53441021e-18
 1.33672873e-23 3.95007214e-19 4.36966274e-28 1.44619791e-20
 3.40355762e-22 3.72814291e-30 4.96114708e-24 4.94023307e-23
 4.94023307e-23 1.65262693e-21]","[6.91984994e-59 1.85378592e-49 1.21147719e-41 6.91984994e-59
 1.85378592e-49 2.40288390e-59 3.27921374e-48 7.83398323e-49
 1.61299095e-53 1.64306603e-50 2.71159835e-57 2.19550867e-43
 2.31976235e-51 1.98426668e-58 1.12138242e-68 2.80617232e-55
 1.64306603e-50 4.55991975e-57 5.78417409e-45 2.71159835e-57
 2.51694654e-63 1.61075424e-57 9.55803990e-58 4.87748802e-60
 1.26387580e-48 3.00027002e-49 1.61075424e-57 7.77624575e-55
 2.86035082e-60 4.39427779e-53 4.67383798e-55 3.35470507e-58
 4.55991975e-57 3.61877620e-46 2.86035082e-60 2.31976235e-51
 1.73467612e-65 2.86035082e-60 9.15418035e-46 2.80617232e-55
 8.92358057e-47 3.27921374e-48 1.68303018e-55 1.68303018e-55
 2.86035082e-60 3.55535840e-70 3.34696584e-61 1.28537148e-56
 1.28537148e-56 1.68303018e-55]",1.8912432422747778e-14,2.4682965618955963e-43,1.3211529591326722e-13,1.6956986277751702e-42
df2,0.75,0.75,0.0,"[9.43897459e-23 4.95418960e-29 3.43417798e-29 7.51579753e-27
 5.30299497e-19 3.04782586e-28 2.57596005e-33 6.83217462e-23
 1.65262693e-21 4.94023307e-23 3.72814291e-30 2.39934411e-25
 3.92888730e-32 3.92888730e-32 8.33270257e-33 2.37806656e-29
 1.82433512e-24 5.74326505e-21 3.43417798e-29 8.81076169e-22
 4.73751051e-25 2.14737506e-26 1.17161696e-33 4.05057199e-18
 6.60370667e-20 5.64011511e-33 1.13678721e-29 1.30432533e-24
 4.67812431e-22 1.30432533e-24 4.96114708e-24 1.21132482e-30
 3.81363460e-33 2.27745029e-18 5.28569498e-27 1.85625733e-23
 3.72814291e-30 3.71348188e-27 1.30270202e-22 2.39934411e-25
 1.30432533e-24 1.65262693e-21 1.70487812e-25 2.60622931e-27
 3.03881495e-18 5.28569498e-27 1.64503886e-29 6.07873598e-26
 2.39934411e-25 1.79605588e-22]","[2.71159835e-57 1.93137901e-67 1.12138242e-68 2.66373322e-53
 4.39427779e-53 1.12821388e-69 3.81678704e-81 9.75688065e-54
 1.60190536e-64 1.61075424e-57 3.23766600e-66 1.60190536e-64
 1.45399317e-63 3.51245105e-68 9.92411958e-66 2.40288390e-59
 3.02883737e-65 6.03472099e-56 1.08402131e-71 1.00833823e-55
 4.55991975e-57 9.71516714e-74 1.65926127e-82 8.66108972e-52
 1.95228637e-61 2.51694654e-63 1.12138242e-68 2.78496894e-64
 4.85066545e-49 8.30820763e-60 1.41368557e-59 2.86035082e-60
 1.48234930e-75 1.28537148e-56 3.02883737e-65 6.62107000e-62
 5.73182083e-61 1.03520885e-72 3.02883737e-65 5.73182083e-61
 3.35470507e-58 1.95228637e-61 1.67562367e-60 3.23766600e-66
 7.83398323e-49 4.83655003e-64 1.60190536e-64 1.17241363e-58
 3.84964189e-62 2.71159835e-57]",1.9948247857286228e-19,2.538823000797994e-50,7.632072405727855e-19,1.2781041643565235e-49
df2,0.8,0.8,0.0,"[5.64011511e-33 1.24351631e-31 1.21017203e-25 1.64503886e-29
 2.39365688e-34 7.13959478e-29 7.51579753e-27 5.41174667e-30
 5.41174667e-30 5.77449424e-32 7.13959478e-29 7.84752977e-30
 8.09234334e-37 8.95402666e-28 5.69539852e-31 5.77449424e-32
 1.22668930e-38 8.58131384e-26 2.56565447e-30 2.60622931e-27
 3.43417798e-29 9.31581113e-25 1.22668930e-38 1.81313081e-32
 3.43417798e-29 1.82433512e-24 2.67038982e-32 1.33672873e-23
 5.69539852e-31 1.51487883e-26 1.82724155e-27 1.02784044e-28
 1.44619791e-20 8.47828272e-32 5.28569498e-27 3.04081795e-26
 5.24109088e-39 6.63610190e-38 1.30432533e-24 2.66308246e-20
 8.31031105e-31 2.14737506e-26 7.13959478e-29 7.13959478e-29
 5.34786658e-37 3.56590826e-34 5.64011511e-33 1.76381982e-30
 8.31031105e-31 1.42774613e-35]","[1.60190536e-64 4.92403790e-75 9.20417879e-65 3.17823276e-73
 1.51998109e-85 6.20630182e-68 4.92403790e-75 1.58514471e-79
 3.48503975e-71 3.17823276e-73 3.17823276e-73 7.51786428e-63
 1.29719007e-62 1.86526077e-72 6.62107000e-62 6.32804820e-78
 2.49517973e-83 1.17241363e-58 5.98442251e-67 6.03593190e-72
 9.71516714e-74 1.05170761e-66 1.98571665e-68 9.71516714e-74
 5.67148232e-66 4.07987974e-59 1.62852672e-74 2.51694654e-63
 5.44137500e-79 5.98442251e-67 6.20630182e-68 8.11994820e-76
 8.30820763e-60 1.03791356e-84 2.78496894e-64 2.51694654e-63
 8.83329437e-83 2.70316908e-75 3.60781842e-56 7.77624575e-55
 1.84628285e-66 3.02883737e-65 1.08402131e-71 2.70316908e-75
 8.53187607e-92 2.14384629e-77 1.99260921e-70 5.44137500e-79
 4.92403790e-75 8.83329437e-83]",8.222104746245938e-22,1.6277383994344477e-56,4.2060631002733345e-21,1.088810331315225e-55
df2,0.8500000000000001,0.8500000000000001,0.0,"[3.72814291e-30 3.56590826e-34 1.67491922e-40 1.13678721e-29
 7.88918156e-34 3.72814291e-30 4.19874897e-36 6.32047121e-36
 7.19492833e-35 1.02784044e-28 2.85911373e-38 2.60622931e-27
 1.24351631e-31 2.85911373e-38 2.14251154e-35 8.47828272e-32
 2.12365474e-28 7.88918156e-34 5.77449424e-32 1.07520219e-34
 8.09234334e-37 1.24351631e-31 1.00942344e-37 7.83398323e-49
 1.24351631e-31 3.89924968e-31 1.81313081e-32 1.84715262e-36
 5.69539852e-31 2.60622931e-27 4.35811909e-38 1.27976799e-27
 5.65883768e-44 3.42045584e-39 3.21237555e-42 3.81363460e-33
 8.90129708e-44 7.19492833e-35 2.91986566e-41 3.49058990e-47
 1.87374272e-38 8.95402666e-28 5.27367686e-48 1.22324939e-36
 2.12365474e-28 3.42045584e-39 1.13678721e-29 3.81363460e-33
 2.12365474e-28 5.77449424e-32]","[1.75814506e-73 6.26880529e-91 2.64763111e-95 3.40157297e-67
 3.55535840e-70 3.17823276e-73 5.36256123e-74 5.83529742e-82
 4.92403790e-75 7.12229959e-81 3.16384036e-87 1.09249502e-81
 9.71516714e-74 4.69733763e-83 1.58514471e-79 8.95973634e-75
 4.92403790e-75 9.71516714e-74 5.44137500e-79 8.54149129e-80
 4.69733763e-83 1.70247332e-89 2.35609537e-90 6.78202527e-96
 6.03593190e-72 3.43236847e-78 2.47190518e-80 3.28405359e-89
 1.86526077e-72 6.23856139e-71 1.16538558e-77 1.08402131e-71
 6.99261346e-99 1.09249502e-81 8.54149129e-80 1.32590390e-76
 7.81799073e-94 1.32759256e-80 2.93851005e-79 4.39057786e-97
 1.21792979e-88 1.84628285e-66 1.02898789e-94 1.58514471e-79
 3.48503975e-71 1.70247332e-89 2.34155676e-88 1.32395344e-83
 1.93137901e-67 8.62627431e-88]",1.6318525080229631e-28,4.760100636247405e-68,5.44776867674506e-28,2.6262052194145455e-67
df2,0.9,0.9,0.0,"[8.47223917e-48 4.52588482e-41 3.98638164e-40 2.19550867e-43
 5.34786658e-37 2.58531714e-40 3.53047956e-37 3.89924968e-31
 5.65883768e-44 8.02241615e-39 1.22324939e-36 1.39869353e-43
 7.13959478e-29 2.67335366e-50 2.05945159e-42 2.66678482e-31
 7.79126605e-42 2.85911373e-38 4.80962056e-35 3.42045584e-39
 6.14029324e-40 6.32047121e-36 2.39365688e-34 9.14645852e-45
 1.81313081e-32 5.34786658e-37 3.43417798e-29 5.65883768e-44
 1.53384053e-37 4.36966274e-28 1.42774613e-35 2.19550867e-43
 2.56565447e-30 2.22993385e-39 4.52588482e-41 9.31581113e-25
 2.78636314e-36 4.80962056e-35 2.05945159e-42 1.60509935e-34
 1.88177121e-41 5.78417409e-45 4.95418960e-29 1.53384053e-37
 2.30592786e-45 8.90129708e-44 2.14737506e-26 1.44479841e-44
 5.65883768e-44 2.85911373e-38]","[8.69173129e-100 2.35609537e-090 5.47688639e-085 1.21599162e-090
 1.14959907e-092 7.01720636e-084 4.59749627e-080 4.59749627e-080
 1.10963247e-097 1.09249502e-081 1.02898789e-094 2.15264578e-100
 4.92403790e-075 5.30232749e-105 1.74357044e-099 3.71514939e-084
 1.51998109e-085 2.35609537e-090 8.83329437e-083 3.81678704e-081
 3.16384036e-087 2.24489973e-092 3.00462961e-093 3.56765397e-117
 6.32804820e-078 8.62627431e-088 2.34155676e-088 1.02898789e-094
 7.99410344e-086 1.85969560e-078 3.98124764e-094 5.56898878e-098
 1.48234930e-075 6.26880529e-091 2.20848376e-097 3.35720833e-072
 7.99410344e-086 1.00649935e-078 7.99410344e-086 6.32786916e-089
 1.39799851e-098 1.34076199e-095 4.44304977e-076 5.22248187e-095
 6.78202527e-096 4.32796803e-100 1.32759256e-080 8.53187607e-092
 3.42673436e-096 6.04906014e-087]",1.9073007009825104e-26,6.7281366482826736e-74,1.3039292251192948e-25,4.6999011226391926e-73
df2,0.9500000000000001,0.9500000000000001,0.0,"[4.85066545e-49 5.65883768e-44 3.42045584e-39 2.22993385e-39
 2.05945159e-42 1.39869353e-43 1.53384053e-37 1.21147719e-41
 5.58403660e-47 1.67491922e-40 3.98638164e-40 1.42453006e-46
 2.32827146e-37 1.60509935e-34 7.05469515e-50 5.00547265e-42
 8.90129708e-44 8.43789069e-43 2.67335366e-50 2.85911373e-38
 5.00547265e-42 3.65403168e-45 2.67335366e-50 5.39250695e-43
 1.26387580e-48 2.58531714e-40 9.14645852e-45 1.60509935e-34
 3.42045584e-39 3.49058990e-47 5.39250695e-43 5.65883768e-44
 3.65403168e-45 1.22668930e-38 4.52588482e-41 1.22324939e-36
 2.03688601e-48 2.78636314e-36 7.00791465e-41 5.77449424e-32
 5.65883768e-44 7.79126605e-42 8.92358057e-47 2.22993385e-39
 8.90129708e-44 3.98638164e-40 8.92358057e-47 1.45365542e-45
 1.84715262e-36 3.42045584e-39]","[3.42673436e-096 2.63087943e-101 1.57064610e-102 3.98124764e-094
 1.66051167e-091 4.39057786e-097 1.53350669e-093 1.39799851e-098
 3.18287512e-102 2.21472141e-104 4.39057786e-097 2.59001339e-105
 2.34155676e-088 3.71514939e-084 4.32796803e-100 1.06947759e-100
 3.89617725e-108 6.99261346e-099 5.30739252e-101 1.21599162e-090
 3.98124764e-094 6.99261346e-099 2.15264578e-100 3.42673436e-096
 2.15264578e-100 1.31890515e-112 6.44273589e-102 1.32759256e-080
 7.01720636e-084 2.59001339e-105 1.06947759e-100 1.10963247e-097
 1.57064610e-102 1.70247332e-089 9.20882547e-104 3.71514939e-084
 4.32796803e-100 1.34076199e-095 1.70247332e-089 2.88686263e-085
 3.81174187e-103 2.24489973e-092 4.37383916e-109 3.42673436e-096
 8.69173129e-100 4.32796803e-100 3.81174187e-103 3.18287512e-102
 6.44273589e-102 5.56898878e-098]",1.161445243927217e-33,2.658132421779218e-82,8.083417791230541e-33,1.8585878765955867e-81
df2,1.0,1.0,0.0,"[3.22000728e-52 4.52588482e-41 2.17967002e-47 1.26387580e-48
 4.39427779e-53 1.67491922e-40 4.34507678e-50 5.39250695e-43
 4.34507678e-50 1.29241929e-54 1.29241929e-54 1.84715262e-36
 1.14419204e-49 3.98638164e-40 5.78417409e-45 2.30592786e-45
 1.45365542e-45 8.92358057e-47 9.75688065e-54 3.35470507e-58
 3.00027002e-49 1.42453006e-46 5.89559709e-54 8.30820763e-60
 8.43789069e-43 5.65883768e-44 1.14419204e-49 2.71159835e-57
 1.39869353e-43 5.28378753e-52 9.14645852e-45 8.66108972e-52
 7.24139755e-53 9.44810349e-40 3.65403168e-45 3.81363460e-33
 2.78636314e-36 4.52588482e-41 1.00942344e-37 2.85911373e-38
 4.34507678e-50 7.77624575e-55 2.91986566e-41 5.39250695e-43
 8.43789069e-43 5.58403660e-47 3.79042144e-51 1.39869353e-43
 6.63610190e-38 4.39427779e-53]","[3.46283303e-116 3.98124764e-094 3.67099579e-119 6.78202527e-096
 3.32649959e-115 1.45786612e-106 3.54443794e-122 1.67153521e-121
 6.26869005e-113 6.68471205e-114 1.11687624e-110 8.53187607e-092
 1.88166010e-108 1.30265891e-101 1.45786612e-106 1.88166010e-108
 6.15879083e-106 1.31890515e-112 7.91123773e-120 1.41127475e-113
 2.10514288e-109 8.69173129e-100 8.69173129e-100 1.49462228e-114
 8.71890126e-097 2.59001339e-105 7.79563234e-118 1.01652477e-129
 2.33113443e-110 1.70515873e-119 6.26880529e-091 1.74357044e-099
 1.22580667e-127 4.39057786e-097 1.57064610e-102 1.32395344e-083
 2.24489973e-092 7.74187875e-103 1.87460385e-103 2.34155676e-088
 3.28672716e-124 3.81174187e-103 1.72947631e-096 2.02515198e-094
 2.20848376e-097 4.85997494e-110 5.56898878e-098 5.34499160e-111
 1.74357044e-099 6.15879083e-106]",7.636931280732293e-35,2.647953850732618e-85,5.33895241195057e-34,1.853534139954717e-84
df3,0.0,-1.0,0.0,"[8.21358136e-14 1.05328756e-13 3.87118023e-14 7.42666811e-13
 2.93930826e-19 1.17682447e-16 1.27528784e-18 3.50171296e-16
 2.95255083e-15 4.21288896e-21 2.93930826e-19 1.02511949e-15
 1.02511949e-15 6.78067547e-17 3.95007214e-19 2.66308246e-20
 7.17482117e-18 3.83661921e-15 3.87118023e-14 3.87118023e-14
 2.33262567e-14 5.13913233e-17 8.93744884e-17 1.27528784e-18
 2.03413945e-16 1.26570821e-17 1.14339735e-10 3.59754634e-13
 2.22374207e-17 1.02511949e-15 1.08277464e-14 3.89102510e-17
 3.50171296e-16 1.92461767e-12 3.40355762e-22 3.08714081e-21
 2.18494984e-19 1.80794013e-14 1.05328756e-13 9.79737413e-12
 5.39368124e-18 6.78067547e-17 4.05057199e-18 1.26570821e-17
 4.98033280e-15 4.58740572e-16 4.05057199e-18 8.92004797e-20
 1.02511949e-15 6.45842239e-15]","[2.97606811e-113 3.56765397e-117 1.57064610e-102 1.39799851e-098
 3.89617725e-108 2.77174564e-112 1.26370308e-105 6.44273589e-102
 4.51863753e-104 9.07714507e-109 7.19151616e-124 1.57064610e-102
 7.89408622e-119 1.67153521e-121 9.07714507e-109 3.43531867e-107
 6.26869005e-113 1.88166010e-108 4.85997494e-110 3.67099579e-119
 5.30739252e-101 6.99261346e-099 6.68471205e-114 1.22580667e-127
 7.79563234e-118 1.22580667e-127 4.32796803e-100 1.45786612e-106
 2.55501261e-111 8.05827457e-108 3.43531867e-107 1.81440195e-131
 3.11577768e-125 1.87460385e-103 4.06843613e-131 3.63777125e-118
 1.32505188e-126 1.01205796e-109 6.15879083e-106 3.42673436e-096
 3.62364483e-121 2.10514288e-109 1.69706671e-120 6.44273589e-102
 2.55501261e-111 1.70515873e-119 7.61901024e-117 2.33113443e-110
 1.21995247e-111 6.99261346e-099]",2.5529901278021443e-12,6.910403414792e-98,1.603003135617371e-11,4.796672480405705e-97
df3,0.05,-1.0,0.05,"[2.81965513e-13 3.56853685e-23 8.92004797e-20 1.06410050e-20
 2.20772463e-13 2.94303610e-17 5.30299497e-19 5.39368124e-18
 2.03413945e-16 9.53441021e-18 1.02511949e-15 3.50171296e-16
 4.96114708e-24 6.60370667e-20 1.33749750e-15 2.95255083e-15
 1.74328977e-15 1.34933703e-13 1.33749750e-15 1.72684385e-13
 1.70510155e-18 4.67812431e-22 8.93744884e-17 6.78067547e-17
 2.93930826e-19 9.53441021e-18 7.84899525e-16 4.58538879e-13
 2.22374207e-17 6.00359848e-16 9.53441021e-18 1.72684385e-13
 7.84899525e-16 4.98033280e-15 5.30299497e-19 5.30299497e-19
 9.52846065e-19 1.30432533e-24 8.36667685e-15 1.33749750e-15
 1.27528784e-18 1.44619791e-20 2.66308246e-20 1.70510155e-18
 7.84899525e-16 1.39985076e-14 3.50171296e-16 2.25989398e-21
 1.96348850e-20 3.03881495e-18]","[7.08090934e-107 1.01652477e-129 1.41127475e-113 2.97606811e-113
 1.26370308e-105 3.63777125e-118 6.44036529e-126 1.97454306e-136
 1.31890515e-112 1.72947631e-096 4.37383916e-109 1.02479477e-135
 7.36968843e-116 2.03839988e-130 3.32649959e-115 3.46283303e-116
 3.49368581e-099 1.10963247e-097 2.33113443e-110 2.97606811e-113
 8.69173129e-100 7.70163359e-122 2.77174564e-112 3.32649959e-115
 3.32649959e-115 3.63777125e-118 1.26370308e-105 2.64763111e-095
 7.79563234e-118 1.31890515e-112 9.11197923e-131 7.74187875e-103
 2.77174564e-112 1.57064610e-102 4.32796803e-100 3.62364483e-121
 1.66865694e-117 2.49277144e-128 3.43531867e-107 3.32649959e-115
 7.74187875e-103 3.14502261e-133 1.70515873e-119 1.56663455e-115
 3.28672716e-124 6.44273589e-102 1.45786612e-106 3.43101012e-123
 3.43531867e-107 3.67099579e-119]",2.965541501100766e-14,5.664311178482363e-97,8.633528800113595e-14,3.709329464669459e-96
df3,0.1,-1.0,0.1,"[9.43897459e-23 7.17482117e-18 7.11203305e-19 3.03881495e-18
 9.52846065e-19 1.80794013e-14 6.00359848e-16 3.03881495e-18
 7.82155399e-21 3.60824945e-20 1.44619791e-20 4.88387176e-20
 9.52846065e-19 5.74326505e-21 1.33672873e-23 2.33262567e-14
 9.52846065e-19 3.56853685e-23 1.79605588e-22 3.50171296e-16
 6.78067547e-17 1.26570821e-17 3.89102510e-17 2.12365474e-28
 4.88387176e-20 4.05057199e-18 8.93744884e-17 1.26570821e-17
 1.08277464e-14 1.79605588e-22 7.17482117e-18 1.54798729e-16
 3.60824945e-20 3.89102510e-17 4.96114708e-24 1.08277464e-14
 5.30299497e-19 3.89102510e-17 1.26570821e-17 6.00359848e-16
 2.93930826e-19 5.39368124e-18 8.95402666e-28 4.98033280e-15
 1.02511949e-15 6.78067547e-17 6.39848579e-14 1.27528784e-18
 5.30299497e-19 4.96114708e-24]","[5.53102464e-128 2.49277144e-128 2.63087943e-101 3.89617725e-108
 4.37383916e-109 1.41127475e-113 1.01652477e-129 1.01205796e-109
 1.21995247e-111 9.11197923e-131 3.16268593e-114 7.91123773e-120
 2.21472141e-104 2.10514288e-109 2.26605441e-129 3.56765397e-117
 1.62932937e-122 1.56663455e-115 7.34927700e-142 2.33113443e-110
 1.49462228e-114 1.31890515e-112 6.68471205e-114 1.49462228e-114
 2.92297102e-126 7.89408622e-119 6.68471205e-114 2.55501261e-111
 1.66865694e-117 2.26605441e-129 2.55501261e-111 1.69558264e-118
 1.41739559e-125 7.36968843e-116 3.43101012e-123 2.10514288e-109
 7.61901024e-117 1.22580667e-127 4.37383916e-109 7.81799073e-094
 6.44273589e-102 2.33113443e-110 2.71351259e-127 1.67153521e-121
 7.91123773e-120 3.54443794e-122 7.08090934e-107 1.67153521e-121
 3.56765397e-117 1.12671987e-139]",2.7034622027922414e-15,1.5635982113398864e-95,9.859848116589026e-15,1.0945187011182734e-94
df3,0.15000000000000002,-1.0,0.15000000000000002,"[2.39934411e-25 3.50171296e-16 3.95007214e-19 4.88387176e-20
 5.74326505e-21 3.60824945e-20 3.89102510e-17 1.82433512e-24
 2.25989398e-21 9.52846065e-19 1.20730402e-21 9.52846065e-19
 2.18494984e-19 7.11203305e-19 7.11203305e-19 6.25831333e-28
 2.25989398e-21 1.30270202e-22 3.03881495e-18 3.50171296e-16
 1.20730402e-21 2.25989398e-21 7.84899525e-16 1.20730402e-21
 2.93930826e-19 1.21017203e-25 1.33672873e-23 1.96348850e-20
 1.65262693e-21 3.89102510e-17 1.27528784e-18 1.17682447e-16
 5.30299497e-19 4.21288896e-21 3.89102510e-17 6.42340318e-22
 2.03413945e-16 1.44619791e-20 5.30299497e-19 1.33672873e-23
 2.93930826e-19 7.82155399e-21 5.74326505e-21 2.57505865e-23
 9.31581113e-25 1.79605588e-22 1.44619791e-20 2.03413945e-16
 8.93744884e-17 7.17482117e-18]","[1.66865694e-117 7.36968843e-116 3.46283303e-116 3.46283303e-116
 1.32505188e-126 3.63777125e-118 7.79563234e-118 1.20103174e-134
 2.97606811e-113 1.12215372e-128 1.02479477e-135 3.43101012e-123
 3.54443794e-122 7.70163359e-122 7.84645245e-121 8.85357293e-148
 3.56765397e-117 7.05518906e-115 1.66865694e-117 9.11197923e-131
 3.54443794e-122 2.49277144e-128 3.67099579e-119 8.05827457e-108
 7.05518906e-115 1.81440195e-131 9.07714507e-109 1.41739559e-125
 7.89408622e-119 7.89408622e-119 1.66865694e-117 3.59598810e-132
 1.67153521e-121 3.57314355e-145 3.56765397e-117 1.50038437e-124
 3.63777125e-118 1.45786612e-106 3.89617725e-108 1.36018053e-142
 3.32649959e-115 1.21995247e-111 2.26605441e-129 4.55467848e-130
 2.11520456e-140 1.57171273e-123 3.56765397e-117 3.43101012e-123
 5.04562598e-129 1.01652477e-129]",4.466213488092092e-17,3.173000597714657e-108,1.3196752469684944e-16,2.0411408336957722e-107
df3,0.2,-1.0,0.2,"[3.56853685e-23 3.08714081e-21 1.79605588e-22 4.21288896e-21
 1.27528784e-18 1.96348850e-20 3.37322101e-25 1.26570821e-17
 5.74326505e-21 4.96114708e-24 8.92004797e-20 4.67812431e-22
 1.20730402e-21 2.27745029e-18 3.60824945e-20 6.91059303e-24
 1.85625733e-23 1.33672873e-23 4.30155538e-26 8.92004797e-20
 1.30270202e-22 1.54798729e-16 6.60370667e-20 2.18494984e-19
 5.30299497e-19 1.33672873e-23 8.58131384e-26 2.66308246e-20
 7.11203305e-19 1.06410050e-20 7.51579753e-27 1.20730402e-21
 2.57505865e-23 5.74326505e-21 2.93930826e-19 2.47371214e-22
 9.52846065e-19 4.94023307e-23 1.79605588e-22 6.42340318e-22
 2.81965513e-13 1.20365650e-19 2.54904105e-24 9.31581113e-25
 1.06757971e-26 1.20365650e-19 2.47371214e-22 9.52846065e-19
 3.56853685e-23 6.42340318e-22]","[7.09357420e-133 3.11577768e-125 3.66625391e-120 5.29370851e-135
 5.53102464e-128 2.33113443e-110 5.99978104e-127 7.79563234e-118
 4.50098708e-136 3.62364483e-121 9.11197923e-131 1.22580667e-127
 7.19151616e-124 5.99978104e-127 1.69558264e-118 7.09357420e-133
 8.38015691e-145 1.97454306e-136 3.14502261e-133 1.81440195e-131
 3.28672716e-124 6.84127225e-125 3.32649959e-115 3.32649959e-115
 3.46283303e-116 7.84645245e-121 3.11577768e-125 1.69706671e-120
 1.41127475e-113 1.69706671e-120 1.59807269e-132 7.34927700e-142
 1.49462228e-114 2.71351259e-127 2.71351259e-127 1.81440195e-131
 4.59306180e-144 1.01652477e-129 6.84127225e-125 3.14502261e-133
 1.70527622e-141 8.65193381e-137 7.09357420e-133 6.16042076e-134
 3.59598810e-132 2.72168499e-134 5.99978104e-127 7.19151616e-124
 5.04562598e-129 7.79563234e-118]",5.642815673296282e-15,4.665530665140622e-112,3.947467702857584e-14,3.2635422046534606e-111
df3,0.25,-1.0,0.25,"[4.67812431e-22 8.92004797e-20 1.70487812e-25 2.94303610e-17
 5.28569498e-27 2.12365474e-28 3.04081795e-26 5.74326505e-21
 2.25989398e-21 6.91059303e-24 1.65262693e-21 1.30270202e-22
 3.60824945e-20 5.39368124e-18 8.81076169e-22 4.73751051e-25
 1.20730402e-21 7.11203305e-19 1.21017203e-25 1.33672873e-23
 5.41174667e-30 6.42340318e-22 5.74326505e-21 1.85625733e-23
 1.79605588e-22 1.30270202e-22 5.30299497e-19 1.20365650e-19
 2.25989398e-21 6.07873598e-26 5.74326505e-21 8.92004797e-20
 7.13959478e-29 2.47371214e-22 1.06757971e-26 2.54904105e-24
 1.79605588e-22 1.30432533e-24 6.07873598e-26 3.08714081e-21
 4.95418960e-29 6.83217462e-23 3.04081795e-26 1.79605588e-22
 6.83217462e-23 1.85625733e-23 2.25989398e-21 3.55797286e-24
 4.05057199e-18 3.95007214e-19]","[1.37294733e-138 7.34927700e-142 4.93392456e-150 4.06843613e-131
 8.08221677e-132 1.37294733e-138 7.09357420e-133 1.36018053e-142
 1.81440195e-131 2.92297102e-126 1.97454306e-136 7.22731515e-138
 1.20103174e-134 1.31890515e-112 9.14846799e-141 2.26605441e-129
 2.26605441e-129 1.41739559e-125 6.44036529e-126 3.28672716e-124
 1.52170582e-145 6.47280639e-146 3.95211198e-141 4.06843613e-131
 1.20103174e-134 3.16357866e-142 2.49277144e-128 5.04562598e-129
 7.89408622e-119 1.59807269e-132 3.54443794e-122 7.19151616e-124
 5.56191291e-155 2.49277144e-128 1.20103174e-134 4.94613442e-147
 1.81440195e-131 1.96307101e-144 2.03839988e-130 4.50098708e-136
 4.88474039e-140 2.03839988e-130 8.65193381e-137 5.53102464e-128
 1.41739559e-125 2.49277144e-128 2.33052754e-135 2.03839988e-130
 1.07337441e-143 7.48112939e-123]",8.175834058983214e-19,2.6378118855266772e-114,4.1933228832632125e-18,1.8464671915136713e-113
df3,0.30000000000000004,-1.0,0.30000000000000004,"[5.74326505e-21 4.94023307e-23 1.20730402e-21 3.37322101e-25
 1.65262693e-21 1.33672873e-23 1.21132482e-30 9.61617488e-24
 6.60370667e-20 8.95402666e-28 3.08714081e-21 1.30270202e-22
 2.56565447e-30 4.94023307e-23 1.70487812e-25 1.85625733e-23
 5.74326505e-21 9.31581113e-25 2.60622931e-27 4.95418960e-29
 6.64674147e-25 3.60824945e-20 1.06757971e-26 3.08714081e-21
 3.40355762e-22 3.71348188e-27 2.47371214e-22 4.96114708e-24
 6.91059303e-24 5.74326505e-21 4.30155538e-26 5.28569498e-27
 2.12365474e-28 3.08714081e-21 1.85625733e-23 4.94023307e-23
 1.62253462e-19 1.76381982e-30 4.88387176e-20 2.47371214e-22
 1.02784044e-28 3.04782586e-28 5.64011511e-33 6.60370667e-20
 1.82198508e-31 1.85625733e-23 9.43897459e-23 7.51579753e-27
 1.02784044e-28 1.82433512e-24]","[2.50543477e-143 3.78658116e-137 2.03839988e-130 6.47280639e-146
 2.92297102e-126 3.56765397e-117 4.59306180e-144 1.37294733e-138
 1.02479477e-135 5.93631016e-164 2.33052754e-135 9.14846799e-141
 1.16697210e-146 5.04562598e-129 3.59598810e-132 3.15189803e-138
 8.65193381e-137 8.08221677e-132 8.65193381e-137 7.85078471e-154
 5.29370851e-135 6.16042076e-134 2.59582860e-139 1.20103174e-134
 7.22731515e-138 5.97340427e-139 3.78658116e-137 3.28672716e-124
 3.62364483e-121 1.59807269e-132 4.53189266e-158 9.11197923e-131
 7.22731515e-138 9.07714507e-109 3.14502261e-133 5.04562598e-129
 8.65193381e-137 1.39274712e-133 7.19151616e-124 7.09357420e-133
 7.22731515e-138 1.97454306e-136 1.70527622e-141 1.51408902e-151
 9.11163913e-163 2.50543477e-143 3.14502261e-133 1.59807269e-132
 1.97454306e-136 7.22731515e-138]",8.19804933425182e-21,1.8154290202148038e-110,2.664835771468785e-20,1.2708003090531948e-109
df3,0.35000000000000003,-1.0,0.35000000000000003,"[3.71348188e-27 5.30672790e-34 2.12365474e-28 2.37806656e-29
 1.76381982e-30 1.76381982e-30 6.64674147e-25 1.82724155e-27
 5.30299497e-19 7.13959478e-29 1.30432533e-24 2.60622931e-27
 1.30432533e-24 1.30432533e-24 1.70487812e-25 8.47828272e-32
 3.43417798e-29 1.13678721e-29 8.95402666e-28 1.21132482e-30
 1.76381982e-30 6.83217462e-23 7.51579753e-27 4.80962056e-35
 2.56565447e-30 2.56565447e-30 4.73751051e-25 6.07873598e-26
 4.73751051e-25 2.14737506e-26 1.06757971e-26 8.31031105e-31
 4.94023307e-23 1.21132482e-30 1.65262693e-21 1.21017203e-25
 2.60622931e-27 6.91059303e-24 3.04081795e-26 2.47371214e-22
 2.66678482e-31 1.33672873e-23 4.73751051e-25 1.02784044e-28
 3.43417798e-29 2.66678482e-31 1.64503886e-29 1.70487812e-25
 4.36966274e-28 8.33270257e-33]","[9.46545979e-156 1.60309113e-156 2.72168499e-134 3.16357866e-142
 2.75002067e-146 1.96416771e-174 6.47280639e-146 2.59582860e-139
 6.44036529e-126 3.25242831e-154 1.81440195e-131 1.02479477e-135
 2.75002067e-146 8.08221677e-132 9.46545979e-156 3.57314355e-145
 9.14846799e-141 1.96416771e-174 1.22580667e-127 1.07337441e-143
 4.88474039e-140 2.33052754e-135 1.14970548e-175 4.59306180e-144
 1.02479477e-135 9.46545979e-156 3.15189803e-138 1.34579277e-154
 4.59306180e-144 1.20103174e-134 3.57314355e-145 6.47280639e-146
 4.50098708e-136 6.47280639e-146 8.38015691e-145 1.12671987e-139
 1.16697210e-146 7.22731515e-138 3.57314355e-145 1.32505188e-126
 2.63328336e-152 2.33052754e-135 3.95211198e-141 1.36018053e-142
 1.70527622e-141 1.07337441e-143 1.51408902e-151 4.55776756e-153
 9.11197923e-131 1.38326502e-161]",1.0646882032831381e-20,1.577623047150036e-127,7.423645352040748e-20,9.165658339131088e-127
df3,0.4,-1.0,0.4,"[2.93930826e-19 4.94023307e-23 1.27976799e-27 5.28569498e-27
 2.54904105e-24 1.24351631e-31 8.95402666e-28 2.67038982e-32
 3.04081795e-26 2.56565447e-30 1.13678721e-29 8.31031105e-31
 8.58131384e-26 3.89924968e-31 2.47371214e-22 1.81313081e-32
 2.54904105e-24 3.72814291e-30 8.09234334e-37 5.41174667e-30
 1.82433512e-24 1.47818613e-28 4.36966274e-28 2.67038982e-32
 3.04782586e-28 1.27976799e-27 6.07873598e-26 2.39934411e-25
 1.06410050e-20 6.07873598e-26 9.43897459e-23 2.39934411e-25
 1.47818613e-28 2.54904105e-24 7.51579753e-27 6.32047121e-36
 2.57596005e-33 1.13678721e-29 1.85625733e-23 8.31031105e-31
 6.07873598e-26 3.81363460e-33 8.95402666e-28 2.57505865e-23
 3.55797286e-24 1.70487812e-25 2.39934411e-25 6.25831333e-28
 5.28569498e-27 7.13959478e-29]","[2.71351259e-127 4.88474039e-140 3.15189803e-138 3.41677257e-161
 9.11197923e-131 1.34579277e-154 1.17530003e-149 5.84114683e-143
 1.59807269e-132 3.57314355e-145 5.29370851e-135 1.38326502e-161
 1.41127475e-113 2.70191421e-157 7.85078471e-154 1.96307101e-144
 3.14502261e-133 2.50543477e-143 1.25652552e-159 1.65526914e-137
 2.49277144e-128 3.25242831e-154 1.59807269e-132 4.94613442e-147
 1.02479477e-135 1.09619158e-152 4.94613442e-147 3.62405363e-151
 4.88474039e-140 5.56191291e-155 3.59598810e-132 1.37294733e-138
 1.39274712e-133 2.72168499e-134 1.10723264e-157 2.09388117e-147
 4.59306180e-144 8.38015691e-145 1.16697210e-146 2.75002067e-146
 6.47280639e-146 3.16357866e-142 1.47709060e-163 6.64504909e-149
 3.62405363e-151 2.03839988e-130 3.11577768e-125 9.46545979e-156
 4.55776756e-153 1.07337441e-143]",6.100430991489478e-21,2.8225494913377136e-115,4.114556401186718e-20,1.9757846439319057e-114
df3,0.45,-1.0,0.45,"[3.89924968e-31 5.69539852e-31 1.42774613e-35 1.82198508e-31
 2.54904105e-24 3.81363460e-33 8.47828272e-32 1.64503886e-29
 3.81363460e-33 1.21132482e-30 1.76381982e-30 5.77449424e-32
 8.31031105e-31 7.84752977e-30 5.77449424e-32 5.69539852e-31
 1.21132482e-30 7.19492833e-35 7.13959478e-29 1.70487812e-25
 7.84752977e-30 1.24351631e-31 1.51487883e-26 3.56590826e-34
 2.66678482e-31 2.56565447e-30 1.07520219e-34 8.33270257e-33
 1.82198508e-31 5.30672790e-34 1.82724155e-27 3.72814291e-30
 1.13678721e-29 1.17161696e-33 8.95402666e-28 4.80962056e-35
 5.64011511e-33 3.81363460e-33 3.71348188e-27 1.13678721e-29
 5.69539852e-31 1.42774613e-35 3.37322101e-25 1.21017203e-25
 2.66678482e-31 8.31031105e-31 1.13678721e-29 1.21132482e-30
 3.04782586e-28 1.76381982e-30]","[1.20103174e-134 1.96307101e-144 1.70527622e-141 6.64504909e-149
 1.09619158e-152 1.51408902e-151 3.25242831e-154 2.41889424e-168
 1.47709060e-163 2.72168499e-134 3.41677257e-161 3.82523532e-165
 1.51408902e-151 1.25652552e-159 2.06878284e-150 2.59582860e-139
 1.51408902e-151 9.14846799e-141 7.85078471e-154 8.66394516e-151
 5.11181442e-160 6.31809023e-152 2.79630084e-149 7.85078471e-154
 4.55776756e-153 5.11181442e-160 5.59326537e-162 3.59598810e-132
 2.09388117e-147 5.90593359e-170 8.65193381e-137 1.36018053e-142
 4.94613442e-147 6.16042076e-134 3.08488950e-159 6.16042076e-134
 1.51408902e-151 2.06878284e-150 6.64504909e-149 3.89773873e-156
 1.16697210e-146 1.34579277e-154 1.36018053e-142 1.07337441e-143
 4.50098708e-136 2.06878284e-150 3.89773873e-156 3.60100749e-171
 1.70527622e-141 2.29586024e-155]",6.399827939436232e-26,7.517921151412277e-134,3.5918146499273674e-25,5.031304028508966e-133
df3,0.5,-1.0,0.5,"[9.14645852e-45 2.66678482e-31 3.92888730e-32 1.13678721e-29
 1.06757971e-26 1.82198508e-31 8.09234334e-37 1.31892718e-42
 8.02241615e-39 5.64011511e-33 8.58131384e-26 3.56590826e-34
 2.14737506e-26 2.56565447e-30 2.78636314e-36 5.77449424e-32
 5.41174667e-30 2.39365688e-34 2.12365474e-28 2.27983976e-44
 1.82724155e-27 1.21132482e-30 2.67038982e-32 3.43417798e-29
 3.72814291e-30 6.32047121e-36 4.35811909e-38 1.02784044e-28
 3.56853685e-23 2.66678482e-31 2.39365688e-34 3.53047956e-37
 3.21175996e-35 5.34786658e-37 1.47818613e-28 2.57596005e-33
 3.04782586e-28 7.88918156e-34 2.32827146e-37 6.14029324e-40
 5.30672790e-34 1.85625733e-23 3.72814291e-30 1.84715262e-36
 1.53384053e-37 1.81313081e-32 8.47828272e-32 1.17161696e-33
 1.73815304e-33 7.13959478e-29]","[2.07706765e-160 3.11577768e-125 3.89773873e-156 2.07706765e-160
 3.86593734e-167 7.34927700e-142 1.10723264e-157 2.96475930e-175
 2.50543477e-143 1.34579277e-154 3.78658116e-137 1.60309113e-156
 6.31809023e-152 2.07706765e-160 4.94613442e-147 2.72168499e-134
 1.52170582e-145 2.09544875e-187 2.06878284e-150 2.41889424e-168
 1.25652552e-159 8.66394516e-151 1.89275526e-153 3.89773873e-156
 4.53189266e-158 1.41383100e-171 8.42942072e-161 3.78897656e-169
 1.51408902e-151 4.59306180e-144 7.63577865e-175 3.62405363e-151
 1.34579277e-154 3.62405363e-151 1.09619158e-152 2.29586024e-155
 3.78658116e-137 1.49683070e-169 9.11163913e-163 8.25754125e-180
 9.11163913e-163 4.55776756e-153 1.17530003e-149 1.25652552e-159
 3.08488950e-159 2.07706765e-160 3.86593734e-167 3.60100749e-171
 2.70191421e-157 8.66394516e-151]",1.0873726829933666e-24,6.231555373735363e-127,5.5837328467588294e-24,4.362088757715815e-126
df3,0.55,-1.0,0.55,"[3.53047956e-37 7.84752977e-30 3.71348188e-27 8.09234334e-37
 1.22324939e-36 3.72814291e-30 1.42774613e-35 1.22324939e-36
 5.34786658e-37 2.58531714e-40 7.19492833e-35 2.32827146e-37
 5.30672790e-34 1.47818613e-28 5.30672790e-34 8.33270257e-33
 1.22324939e-36 1.00942344e-37 2.37806656e-29 9.50443824e-36
 1.31892718e-42 2.14251154e-35 2.91986566e-41 3.21175996e-35
 1.13678721e-29 2.19550867e-43 3.42045584e-39 2.39365688e-34
 1.53384053e-37 1.22979552e-32 1.39869353e-43 7.19492833e-35
 2.27983976e-44 3.53047956e-37 2.58531714e-40 2.32827146e-37
 2.67038982e-32 1.84715262e-36 2.32827146e-37 9.50443824e-36
 1.22668930e-38 3.21175996e-35 3.92888730e-32 8.47828272e-32
 1.67491922e-40 1.88177121e-41 3.56590826e-34 5.64011511e-33
 3.53047956e-37 2.85911373e-38]","[7.56450039e-159 6.10046832e-168 5.56191291e-155 1.51408902e-151
 9.46545979e-156 4.94613442e-147 3.67085321e-163 5.11181442e-160
 8.85357293e-148 1.47709060e-163 4.45291617e-176 1.60309113e-156
 1.20671971e-180 2.17137680e-172 1.10723264e-157 5.93631016e-164
 9.71405854e-167 7.46045840e-185 1.09619158e-152 3.73908448e-148
 1.51408902e-151 9.16040170e-171 3.67085321e-163 7.63577865e-175
 2.09388117e-147 1.10723264e-157 8.49373747e-173 1.10723264e-157
 4.45291617e-176 6.31809023e-152 5.23469135e-184 5.62245732e-179
 3.82523532e-165 2.53864056e-182 9.16040170e-171 3.82523532e-165
 9.71405854e-167 5.56191291e-155 5.11181442e-160 3.41677257e-161
 3.08488950e-159 3.08488950e-159 3.78897656e-169 1.70527622e-141
 5.90593359e-170 2.15605296e-179 1.36018053e-142 1.96416771e-174
 3.67085321e-163 1.51408902e-151]",7.816407358500784e-29,3.682605153076453e-143,5.197516163874099e-28,2.391091803339317e-142
df3,0.6000000000000001,-1.0,0.6000000000000001,"[1.39869353e-43 1.82198508e-31 7.19492833e-35 5.30672790e-34
 2.30592786e-45 1.07520219e-34 2.58531714e-40 3.44263650e-43
 1.08397407e-40 5.41174667e-30 8.47828272e-32 2.85911373e-38
 2.91986566e-41 3.53047956e-37 2.78636314e-36 5.24109088e-39
 6.14029324e-40 3.44263650e-43 6.63610190e-38 2.57596005e-33
 5.64011511e-33 1.44479841e-44 2.32827146e-37 1.14419204e-49
 2.22993385e-39 3.53047956e-37 1.22668930e-38 3.21237555e-42
 1.60509935e-34 3.79042144e-51 1.88177121e-41 3.21175996e-35
 5.69539852e-31 1.87374272e-38 3.21237555e-42 4.80962056e-35
 8.66108972e-52 3.92888730e-32 1.60509935e-34 5.64011511e-33
 2.58531714e-40 1.87374272e-38 1.87374272e-38 7.00791465e-41
 3.21237555e-42 2.78636314e-36 1.31892718e-42 2.14251154e-35
 9.44810349e-40 1.35963995e-47]","[1.14970548e-175 1.85265048e-158 2.17137680e-172 9.71405854e-167
 3.78897656e-169 2.38284114e-164 3.25242831e-154 1.10723264e-157
 6.65489851e-177 3.57314355e-145 1.60309113e-156 9.55305708e-165
 1.38326502e-161 1.89275526e-153 3.78897656e-169 1.47709060e-163
 3.08488950e-159 4.45291617e-176 9.89641318e-178 1.34579277e-154
 3.82523532e-165 5.93631016e-164 1.25652552e-159 7.31522988e-216
 1.14970548e-175 3.82523532e-165 5.59326537e-162 6.31809023e-152
 3.97632682e-186 2.41889424e-168 3.86593734e-167 3.41677257e-161
 1.60309113e-156 2.17137680e-172 6.31809023e-152 1.09179716e-188
 4.45291617e-176 9.71405854e-167 2.96475930e-175 2.29586024e-155
 2.96475930e-175 2.63457939e-194 3.08488950e-159 9.46545979e-156
 3.80921130e-178 4.45291617e-176 2.63457939e-194 2.53864056e-182
 3.78897656e-169 2.17137680e-172]",1.2605104808128325e-31,7.146289679323053e-147,7.5972275141257e-31,5.002400936238448e-146
df3,0.65,-1.0,0.65,"[3.65403168e-45 2.32827146e-37 2.58531714e-40 3.44263650e-43
 1.87374272e-38 1.00877229e-50 3.61877620e-46 7.79126605e-42
 3.21237555e-42 6.18686551e-51 3.49058990e-47 9.44810349e-40
 1.61075424e-57 3.79042144e-51 1.67491922e-40 3.65403168e-45
 1.67491922e-40 3.61877620e-46 1.22979552e-32 1.14419204e-49
 4.52588482e-41 1.84715262e-36 6.14029324e-40 3.61877620e-46
 1.64306603e-50 1.67491922e-40 5.24109088e-39 3.65403168e-45
 4.34507678e-50 2.17967002e-47 8.90129708e-44 1.14419204e-49
 8.90129708e-44 3.59372037e-44 9.50443824e-36 3.59372037e-44
 8.90129708e-44 2.58531714e-40 2.27167277e-46 7.79126605e-42
 1.67491922e-40 7.05469515e-50 3.61877620e-46 2.17967002e-47
 7.00791465e-41 5.65883768e-44 5.75863544e-46 5.00547265e-42
 2.85911373e-38 7.79126605e-42]","[5.31262531e-193 1.52982644e-165 1.60309113e-156 3.82523532e-165
 3.65456332e-183 3.15863793e-180 3.80921130e-178 9.57936136e-169
 1.95431960e-193 8.49373747e-173 2.81115002e-185 3.89773873e-156
 3.80921130e-178 1.38399900e-183 2.96475930e-175 1.53665271e-167
 4.45291617e-176 2.56791027e-177 2.38284114e-164 4.06755305e-189
 2.63328336e-152 3.31837362e-173 4.60436904e-181 2.96475930e-175
 6.67832938e-182 3.08488950e-159 1.14970548e-175 8.25754125e-180
 7.46045840e-185 1.20671971e-180 2.25889419e-162 8.66394516e-151
 7.83634509e-188 1.72251454e-176 9.16040170e-171 5.62429767e-190
 1.20671971e-180 9.16040170e-171 2.09388117e-147 3.60100749e-171
 2.15605296e-179 3.67085321e-163 2.53864056e-182 3.67085321e-163
 1.38326502e-161 7.85078471e-154 3.78897656e-169 1.10723264e-157
 5.54414590e-172 1.46437154e-178]",2.4619190181882718e-34,4.189549372549613e-149,1.721681001324089e-33,2.9314083571848445e-148
df3,0.7000000000000001,-1.0,0.7000000000000001,"[1.35963995e-47 1.26387580e-48 1.00833823e-55 3.61877620e-46
 5.27367686e-48 1.35963995e-47 5.00547265e-42 1.61299095e-53
 8.43789069e-43 2.30592786e-45 4.87748802e-60 2.05945159e-42
 1.00833823e-55 5.78417409e-45 2.67335366e-50 1.21147719e-41
 3.49058990e-47 1.31892718e-42 1.41820348e-51 7.24139755e-53
 3.44263650e-43 5.27367686e-48 8.02241615e-39 1.85378592e-49
 3.49058990e-47 1.96022961e-52 1.26387580e-48 1.19205281e-52
 5.65883768e-44 9.14645852e-45 1.44479841e-44 8.92358057e-47
 2.27983976e-44 1.29241929e-54 1.00833823e-55 2.15460932e-56
 1.35963995e-47 5.89559709e-54 7.05469515e-50 2.31976235e-51
 3.49058990e-47 2.17967002e-47 6.14029324e-40 1.19205281e-52
 1.45365542e-45 2.19550867e-43 5.58403660e-47 2.30592786e-45
 7.79126605e-42 5.89559709e-54]","[6.65489851e-177 1.75465082e-181 1.40829494e-203 1.29483446e-173
 2.43788785e-166 5.54414590e-172 9.65472569e-195 6.26005417e-197
 5.04621141e-174 8.58487380e-202 5.62245732e-179 1.20671971e-180
 8.58487380e-202 3.31837362e-173 9.63808018e-183 3.97632682e-186
 2.96475930e-175 4.06755305e-189 2.08742782e-190 1.40829494e-203
 2.25889419e-162 6.10046832e-168 4.45291617e-176 5.04621141e-174
 2.53864056e-182 3.91093778e-192 7.63577865e-175 5.54414590e-172
 8.42942072e-161 2.32739056e-170 4.45291617e-176 2.32739056e-170
 1.46437154e-178 1.29162726e-195 1.72251454e-176 2.99933556e-198
 3.41677257e-161 3.60100749e-171 4.06755305e-189 4.60436904e-181
 1.51347567e-189 2.08742782e-190 4.45291617e-176 6.65489851e-177
 8.58487380e-202 5.59326537e-162 5.59326537e-162 3.15863793e-180
 2.96475930e-175 2.15605296e-179]",1.7332516969829957e-40,2.638152156672065e-162,1.1245830476650107e-39,1.257382227762103e-161
df3,0.75,-1.0,0.75,"[1.00877229e-50 1.85378592e-49 2.66373322e-53 1.26387580e-48
 4.07987974e-59 1.96022961e-52 3.49058990e-47 3.60781842e-56
 2.03688601e-48 2.67335366e-50 2.15460932e-56 9.80545229e-61
 3.61877620e-46 3.49058990e-47 1.26387580e-48 4.85066545e-49
 1.00833823e-55 1.19205281e-52 2.19550867e-43 1.17241363e-58
 2.80617232e-55 1.00877229e-50 3.60781842e-56 3.22000728e-52
 2.15460932e-56 1.44479841e-44 6.91984994e-59 7.24139755e-53
 1.29241929e-54 9.15418035e-46 1.19205281e-52 3.27921374e-48
 4.85066545e-49 3.35470507e-58 1.98426668e-58 6.03472099e-56
 5.28378753e-52 7.24139755e-53 9.75688065e-54 1.41820348e-51
 4.39427779e-53 7.51786428e-63 2.15460932e-56 2.40288390e-59
 3.84964189e-62 6.91984994e-59 1.64306603e-50 1.41820348e-51
 1.29241929e-54 2.78496894e-64]","[1.40829494e-203 3.97632682e-186 3.78897656e-169 7.73757074e-191
 6.65122023e-201 3.82523532e-165 1.29483446e-173 1.05792849e-185
 1.09179716e-188 3.65456332e-183 2.39109446e-201 4.06755305e-189
 1.97742990e-184 9.63808018e-183 1.09179716e-188 2.53864056e-182
 2.09544875e-187 1.44235064e-192 1.52982644e-165 2.86449109e-191
 5.49201459e-209 1.05792849e-185 8.49373747e-173 5.12669163e-200
 3.91093778e-192 9.63808018e-183 1.84777053e-200 1.05792849e-185
 6.26005417e-197 8.25754125e-180 6.26005417e-197 2.86449109e-191
 2.15605296e-179 1.49266032e-186 2.15605296e-179 6.65122023e-201
 2.15605296e-179 1.72251454e-176 6.67832938e-182 1.97742990e-184
 2.81115002e-185 1.14970548e-175 1.97742990e-184 2.32739056e-170
 6.76639127e-210 2.15605296e-179 1.44235064e-192 7.83634509e-188
 1.05792849e-185 3.94269086e-203]",4.7071005035893766e-45,1.0710928055869398e-166,3.0758562675691683e-44,0.0
df3,0.8,-1.0,0.8,"[1.67562367e-60 6.62107000e-62 1.41368557e-59 9.55803990e-58
 5.65883768e-44 4.67383798e-55 1.13754661e-61 1.61075424e-57
 2.14572537e-54 1.41368557e-59 1.19205281e-52 1.61299095e-53
 1.67562367e-60 2.15460932e-56 1.12138242e-68 1.41820348e-51
 1.29241929e-54 2.14572537e-54 3.49058990e-47 1.93137901e-67
 2.78496894e-64 9.80545229e-61 1.17241363e-58 9.55803990e-58
 9.92411958e-66 2.80617232e-55 5.98442251e-67 1.08402131e-71
 9.80545229e-61 8.30820763e-60 1.60190536e-64 7.51786428e-63
 1.17241363e-58 1.94472818e-71 5.66557381e-58 1.13754661e-61
 5.78417409e-45 3.22000728e-52 1.93137901e-67 4.67383798e-55
 2.80617232e-55 1.95228637e-61 1.00833823e-55 9.80545229e-61
 3.34696584e-61 2.31976235e-51 5.66557381e-58 1.19205281e-52
 9.80545229e-61 2.40288390e-59]","[5.59619386e-187 4.06755305e-189 2.99933556e-198 5.12669163e-200
 9.57936136e-169 7.46045840e-185 6.65122023e-201 1.49683070e-169
 4.60436904e-181 1.05792849e-185 3.93137265e-199 9.89641318e-178
 1.96416771e-174 2.63457939e-194 6.36847393e-205 1.95431960e-193
 5.90593359e-170 8.26859081e-198 1.05910660e-191 2.81115002e-185
 5.59619386e-187 2.63457939e-194 5.04621141e-174 5.62245732e-179
 8.25754125e-180 1.40829494e-203 6.67832938e-182 1.51347567e-189
 5.62245732e-179 4.43455361e-208 1.84777053e-200 5.02382596e-204
 1.71917031e-196 3.65456332e-183 4.26320822e-213 1.10238235e-202
 9.71405854e-167 2.81115002e-185 2.63457939e-194 2.39109446e-201
 7.83634509e-188 2.08742782e-190 2.09544875e-187 9.65472569e-195
 1.72251454e-176 7.18008740e-194 2.09544875e-187 2.08742782e-190
 1.97742990e-184 7.18008740e-194]",1.2481492216777889e-45,1.9661454186715956e-168,7.947085566216742e-45,0.0
df3,0.8500000000000001,-1.0,0.8500000000000001,"[1.03520885e-72 7.51786428e-63 7.65993218e-57 5.73909492e-73
 1.28537148e-56 6.03593190e-72 1.61075424e-57 3.34696584e-61
 6.91984994e-59 1.73467612e-65 4.35229159e-63 8.95973634e-75
 9.80545229e-61 4.67383798e-55 9.71516714e-74 1.98426668e-58
 6.32585939e-69 2.14384629e-77 2.78496894e-64 3.60781842e-56
 2.71159835e-57 7.51786428e-63 7.65993218e-57 4.83655003e-64
 1.13754661e-61 1.00833823e-55 6.20630182e-68 4.67383798e-55
 4.44304977e-76 2.71159835e-57 1.98426668e-58 9.92411958e-66
 5.73182083e-61 2.71159835e-57 1.98426668e-58 9.92411958e-66
 2.40288390e-59 6.33684532e-70 2.71159835e-57 6.18686551e-51
 3.35470507e-58 2.51694654e-63 4.34507678e-50 1.45399317e-63
 6.03593190e-72 4.83655003e-64 1.95228637e-61 3.34696584e-61
 1.09543157e-67 5.67148232e-66]","[1.71917031e-196 1.75465082e-181 3.94269086e-203 4.71525476e-196
 7.31522988e-216 1.05910660e-191 1.08658258e-198 2.63457939e-194
 1.09179716e-188 1.09179716e-188 1.38399900e-183 1.02134242e-217
 2.39109446e-201 3.15863793e-180 1.97742990e-184 6.65122023e-201
 6.65122023e-201 1.40829494e-203 6.76639127e-210 9.65472569e-195
 8.58487380e-202 8.58487380e-202 7.73757074e-191 2.08742782e-190
 4.06755305e-189 1.08658258e-198 8.58487380e-202 5.50589418e-221
 4.06755305e-189 1.56161030e-208 3.80921130e-178 3.65456332e-183
 1.41383100e-171 7.63577865e-175 2.53864056e-182 2.44962142e-223
 1.95431960e-193 1.75465082e-181 6.65122023e-201 3.53358345e-195
 9.65472569e-195 5.02382596e-204 9.89641318e-178 9.65472569e-195
 1.08658258e-198 5.31262531e-193 3.52395716e-212 3.93137265e-199
 3.94269086e-203 6.76639127e-210]",9.927749331891527e-52,2.829191896497285e-173,6.126934674103612e-51,0.0
df3,0.9,-1.0,0.9,"[1.08402131e-71 9.20417879e-65 9.20417879e-65 8.11994820e-76
 5.88045765e-93 1.29719007e-62 5.98442251e-67 5.44137500e-79
 6.62107000e-62 1.86526077e-72 6.32585939e-69 9.80545229e-61
 1.11555042e-70 5.28280757e-65 6.32585939e-69 5.73909492e-73
 5.36256123e-74 2.47190518e-80 8.83329437e-83 6.23856139e-71
 3.56463042e-69 8.11994820e-76 1.03520885e-72 3.84964189e-62
 1.48234930e-75 9.92411958e-66 3.35720833e-72 1.11555042e-70
 5.73909492e-73 1.73467612e-65 9.20417879e-65 1.29719007e-62
 3.35720833e-72 1.00833823e-55 2.00649704e-69 6.33684532e-70
 5.66557381e-58 2.51694654e-63 5.28280757e-65 1.16538558e-77
 1.93137901e-67 1.45399317e-63 9.71516714e-74 1.12138242e-68
 1.05170761e-66 6.62107000e-62 6.20630182e-68 1.05170761e-66
 6.20630182e-68 8.30820763e-60]","[4.71525476e-196 6.67832938e-182 3.74183611e-246 1.00763382e-206
 2.92686009e-188 6.36847393e-205 1.22649857e-212 5.49201459e-209
 4.43455361e-208 2.89773338e-211 6.35957166e-232 2.14542849e-222
 1.29162726e-195 9.65472569e-195 1.77639648e-214 8.26092250e-224
 1.97742990e-184 6.65122023e-201 8.29322344e-211 1.01117804e-211
 3.56216963e-207 1.09179716e-188 5.12669163e-200 6.26005417e-197
 2.14542849e-222 6.14240019e-215 2.78216167e-224 3.94269086e-203
 2.42735057e-234 8.29322344e-211 2.08742782e-190 1.71917031e-196
 5.50589418e-221 5.49201459e-209 6.67832938e-182 1.39630443e-219
 4.43455361e-208 1.39630443e-219 1.10238235e-202 6.76639127e-210
 4.26320822e-213 1.75465082e-181 5.12669163e-200 2.15605296e-179
 3.93137265e-199 5.23469135e-184 1.00763382e-206 6.65122023e-201
 3.56216963e-207 6.76639127e-210]",2.02819740087983e-57,4.374056511573744e-181,1.4115311980756672e-56,0.0
df3,0.9500000000000001,-1.0,0.9500000000000001,"[1.12821388e-069 6.33684532e-070 6.32804820e-078 2.42847792e-076
 1.73467612e-065 5.47688639e-085 7.01720636e-084 1.32759256e-080
 1.00649935e-078 1.65926127e-082 3.98124764e-094 2.70316908e-075
 6.33684532e-070 3.93950762e-077 5.73909492e-073 1.84628285e-066
 7.08090934e-107 7.23127196e-077 3.23766600e-066 6.04906014e-087
 2.47190518e-080 5.83529742e-082 5.28280757e-065 1.03520885e-072
 1.99260921e-070 1.65926127e-082 3.56463042e-069 8.11994820e-076
 6.23856139e-071 1.00649935e-078 2.00649704e-069 1.17241363e-058
 1.16538558e-077 5.67148232e-066 1.21792979e-088 4.49681448e-088
 4.92403790e-075 1.96475612e-084 1.48234930e-075 1.09543157e-067
 1.62852672e-074 6.32804820e-078 1.62852672e-074 1.65295008e-087
 3.43236847e-078 1.62852672e-074 6.32585939e-069 1.12821388e-069
 1.86526077e-072 1.09249502e-081]","[2.81115002e-185 2.37040639e-210 2.89773338e-211 1.56161030e-208
 6.33664599e-222 2.89773338e-211 2.97708325e-217 2.84661371e-206
 6.14240019e-215 1.84777053e-200 1.05435156e-225 5.02382596e-204
 1.25766151e-207 8.26092250e-224 5.13066115e-214 1.47992178e-213
 3.56216963e-207 5.49201459e-209 5.59619386e-187 1.78984444e-204
 8.03142016e-206 1.18168499e-226 3.93137265e-199 2.84661371e-206
 6.14240019e-215 1.22649857e-212 4.26320822e-213 1.61125783e-229
 1.92902733e-231 1.86909163e-221 6.14240019e-215 6.65122023e-201
 2.14542849e-222 2.14542849e-222 1.00763382e-206 5.49201459e-209
 7.25427491e-223 3.94269086e-203 7.93820122e-235 3.61373398e-243
 1.40829494e-203 1.84777053e-200 1.40829494e-203 8.26859081e-198
 6.35957166e-232 1.02134242e-217 3.53358345e-195 1.46081292e-228
 2.12113147e-215 1.56161030e-208]",2.3448288870164221e-60,5.734223910465166e-187,1.641379062976004e-59,0.0
df3,1.0,-1.0,1.0,"[1.66051167e-091 1.62852672e-074 1.93137901e-067 1.65926127e-082
 5.36256123e-074 5.30739252e-101 4.59749627e-080 5.56898878e-098
 5.36256123e-074 3.81678704e-081 2.00649704e-069 1.87460385e-103
 1.65295008e-087 5.47688639e-085 7.12229959e-081 4.69733763e-083
 1.65926127e-082 8.62627431e-088 5.44137500e-079 4.59749627e-080
 3.16384036e-087 8.53187607e-092 1.21792979e-088 2.47190518e-080
 7.23127196e-077 1.02898789e-094 1.51998109e-085 3.23766600e-066
 2.20848376e-097 2.00649704e-069 7.12229959e-081 1.75814506e-073
 6.23856139e-071 2.14384629e-077 8.11994820e-076 2.70316908e-075
 2.49517973e-083 2.20389449e-086 1.65295008e-087 4.19972342e-086
 7.23127196e-077 1.96475612e-084 3.11335148e-082 4.56007306e-090
 1.58514471e-079 6.32804820e-078 3.56463042e-069 8.54149129e-080
 3.00462961e-093 2.49517973e-083]","[2.27657730e-197 1.31736402e-227 3.52395716e-212 2.44962142e-223
 1.22649857e-212 1.92897507e-209 1.61976355e-220 3.46004799e-252
 1.78984444e-204 7.31522988e-216 8.26859081e-198 3.61373398e-243
 4.09152859e-219 1.86909163e-221 5.02382596e-204 1.86909163e-221
 1.01117804e-211 9.35750435e-225 4.06755305e-189 1.46437154e-178
 2.44962142e-223 5.34047521e-230 1.61125783e-229 1.08658258e-198
 1.03131898e-239 3.49929737e-218 1.86909163e-221 1.10238235e-202
 7.93820122e-235 1.86909163e-221 1.18168499e-226 3.32298747e-240
 3.07831128e-202 1.46081292e-228 1.61976355e-220 6.88429486e-233
 3.32298747e-240 3.52395716e-212 7.41239578e-234 6.33664599e-222
 2.84661371e-206 6.35957166e-232 1.61976355e-220 2.89773338e-211
 4.26320822e-213 1.40829494e-203 2.42735057e-234 3.53209531e-226
 6.88429486e-233 1.92902733e-231]",6.87688842224307e-68,2.928743084663383e-180,4.535051520890759e-67,0.0
