setting,delta,valid_cov,mu1,mu2,cov11,cov12,cov22,pval,pval_base,ks_p_prop,ks_p_base,cvm_p_prop,cvm_p_base,ad_p_prop,ad_p_base,ks_u_stat_prop,ks_u_stat_base,ks_u_p_prop,ks_u_p_base,mmd_u_prop,mmd_u_base,wass_u_prop,wass_u_base,ks_p_prop_mean,ks_p_base_mean,ks_p_prop_std,ks_p_base_std,cvm_p_prop_mean,cvm_p_base_mean,cvm_p_prop_std,cvm_p_base_std,ad_p_prop_mean,ad_p_base_mean,ad_p_prop_std,ad_p_base_std,ks_u_stat_prop_mean,ks_u_stat_base_mean,ks_u_stat_prop_std,ks_u_stat_base_std,mmd_u_prop_mean,mmd_u_base_mean,mmd_u_prop_std,mmd_u_base_std,wass_u_prop_mean,wass_u_base_mean,wass_u_prop_std,wass_u_base_std
df1,0.0,1.0,0.0,0.0,1.0,0.0,1.0,"[0.41323244 0.96007647 0.19796045 0.08825991 0.36968362 0.55967522
 0.19796045 0.69212796 0.41323244 0.41323244 0.74453538 0.93482727
 0.29176485 0.29176485 0.84163603 0.41323244 0.53390728 0.71851426
 0.53390728 0.97808957 0.32916807 0.8633028  0.18488568 0.1200888
 0.139232   0.66552932 0.3490397  0.77002924 0.17249627 0.79482654
 0.79482654 0.27423335 0.25747545 0.01641475 0.63886042 0.11135888
 0.81875363 0.32916807 0.48382277 0.07520917 0.98957839 0.88359176
 0.0539576  0.11135888 0.8633028  0.93482727 0.58582128 0.3490397
 0.43609338 0.58582128]","[0.41323244 0.93482727 0.21173982 0.05871658 0.29176485 0.50859953
 0.39108739 0.58582128 0.61225166 0.16077182 0.61225166 0.41323244
 0.08151459 0.32916807 0.93482727 0.3490397  0.98957839 0.66552932
 0.74453538 0.45963725 0.24148215 0.74453538 0.06932183 0.11135888
 0.39108739 0.98457739 0.31007573 0.69212796 0.36968362 0.84163603
 0.98957839 0.04542867 0.3490397  0.05871658 0.88359176 0.09546732
 0.88359176 0.88359176 0.74453538 0.08151459 0.99765093 0.32916807
 0.07520917 0.0539576  0.88359176 0.90235528 0.24148215 0.84163603
 0.43609338 0.53390728]","[0.41323244 0.96007647 0.19796045 0.08825991 0.36968362 0.55967522
 0.19796045 0.69212796 0.41323244 0.41323244 0.74453538 0.93482727
 0.29176485 0.29176485 0.84163603 0.41323244 0.53390728 0.71851426
 0.53390728 0.97808957 0.32916807 0.8633028  0.18488568 0.1200888
 0.139232   0.66552932 0.3490397  0.77002924 0.17249627 0.79482654
 0.79482654 0.27423335 0.25747545 0.01641475 0.63886042 0.11135888
 0.81875363 0.32916807 0.48382277 0.07520917 0.98957839 0.88359176
 0.0539576  0.11135888 0.8633028  0.93482727 0.58582128 0.3490397
 0.43609338 0.58582128]","[0.41323244 0.93482727 0.21173982 0.05871658 0.29176485 0.50859953
 0.39108739 0.58582128 0.61225166 0.16077182 0.61225166 0.41323244
 0.08151459 0.32916807 0.93482727 0.3490397  0.98957839 0.66552932
 0.74453538 0.45963725 0.24148215 0.74453538 0.06932183 0.11135888
 0.39108739 0.98457739 0.31007573 0.69212796 0.36968362 0.84163603
 0.98957839 0.04542867 0.3490397  0.05871658 0.88359176 0.09546732
 0.88359176 0.88359176 0.74453538 0.08151459 0.99765093 0.32916807
 0.07520917 0.0539576  0.88359176 0.90235528 0.24148215 0.84163603
 0.43609338 0.53390728]","[0.42356897 0.92324265 0.10806653 0.13591585 0.56163397 0.47407984
 0.2227496  0.48493905 0.26434852 0.40230302 0.81488372 0.80762227
 0.29971205 0.26486206 0.8954482  0.25191951 0.32442544 0.76774433
 0.43980973 0.99003085 0.14772407 0.84256736 0.12488373 0.09018292
 0.25823352 0.78848139 0.15664184 0.6738735  0.2867137  0.57712344
 0.88461084 0.37540277 0.30216671 0.08078918 0.84039027 0.04816484
 0.78516627 0.34538369 0.37911962 0.07542726 0.88439644 0.94791554
 0.02948564 0.14267709 0.78994704 0.95178992 0.53088646 0.38738363
 0.41697842 0.46724399]","[0.21952756 0.92991103 0.14638672 0.14098477 0.48408517 0.44006218
 0.43364767 0.48556532 0.45210639 0.28716928 0.74024184 0.33540289
 0.28022295 0.29484528 0.88238475 0.42404942 0.95579515 0.68695228
 0.52635899 0.76954032 0.11895716 0.73136368 0.10574749 0.07792534
 0.37876926 0.95213096 0.16893456 0.51482825 0.52229752 0.90254305
 0.9048561  0.08909997 0.30589798 0.16774727 0.91544412 0.03837877
 0.60715646 0.81660113 0.67639169 0.08312218 0.99740585 0.46346524
 0.0209364  0.08775626 0.91478555 0.91206373 0.33755508 0.69727538
 0.45152574 0.63934312]","[0.0025     0.0025     0.00135494 0.00099832 0.00239861 0.0025
 0.0025     0.0025     0.0025     0.0025     0.0025     0.0025
 0.0025     0.0025     0.0025     0.00165335 0.0025     0.0025
 0.0025     0.0025     0.00088225 0.0025     0.00108388 0.00098158
 0.0025     0.0025     0.00162967 0.0025     0.0025     0.0025
 0.0025     0.0025     0.0025     0.00066727 0.0025     0.00052804
 0.0025     0.0025     0.0025     0.00089474 0.0025     0.0025
 0.00046576 0.00199639 0.0025     0.0025     0.0025     0.0025
 0.0025     0.0025    ]","[0.00226368 0.0025     0.00174693 0.00115963 0.00179862 0.0025
 0.0025     0.0025     0.0025     0.0025     0.0025     0.0025
 0.0025     0.0025     0.0025     0.0025     0.0025     0.0025
 0.0025     0.0025     0.00074706 0.0025     0.00102001 0.00097661
 0.0025     0.0025     0.0019015  0.0025     0.0025     0.0025
 0.0025     0.00110311 0.0025     0.00147479 0.0025     0.00036825
 0.0025     0.0025     0.0025     0.00091273 0.0025     0.0025
 0.00029627 0.00136372 0.0025     0.0025     0.0025     0.0025
 0.0025     0.0025    ]","[0.03494058 0.03579434 0.03505911 0.03289712 0.0430288  0.04201456
 0.03529414 0.03752546 0.03343243 0.0391266  0.03668209 0.03883838
 0.03183602 0.03706201 0.03496441 0.0409534  0.04089464 0.03802085
 0.03668661 0.03789362 0.03115258 0.03600367 0.03825073 0.03768365
 0.03847139 0.0401318  0.04124032 0.03316737 0.0390981  0.03942278
 0.03607338 0.04071251 0.03327609 0.04394354 0.04238963 0.03789517
 0.04166369 0.03443161 0.04014684 0.03638671 0.03623367 0.03756989
 0.03773499 0.03969894 0.03801305 0.0326831  0.03977999 0.04022811
 0.04132719 0.03627279]","[0.01640722 0.02754262 0.03879722 0.03460822 0.03332332 0.01980887
 0.0155972  0.02730178 0.02392988 0.04557728 0.02648735 0.04345236
 0.02232039 0.0212559  0.03206279 0.03673125 0.02623348 0.03561949
 0.02489601 0.02693515 0.03758058 0.03829833 0.03345699 0.02292795
 0.02427778 0.02726469 0.03058108 0.02921856 0.02386432 0.01830371
 0.02469688 0.02065127 0.02468123 0.03629722 0.02595891 0.0161177
 0.01363241 0.02518305 0.02894807 0.03802246 0.02293313 0.03009791
 0.01957056 0.03518709 0.01972717 0.02276453 0.02271891 0.04227982
 0.02530859 0.0319656 ]","[0.01478249 0.01160229 0.01429858 0.02577795 0.00117829 0.00166529
 0.01338099 0.00697335 0.02235578 0.00426243 0.00896316 0.00466444
 0.03395634 0.00801045 0.01468401 0.00237051 0.00241668 0.00600137
 0.00895126 0.00623843 0.04035765 0.0109235  0.00559383 0.00664841
 0.00522662 0.00309659 0.00215658 0.02399629 0.00430071 0.0038827
 0.01070556 0.00256513 0.02331088 0.00085641 0.00146673 0.00623549
 0.00187339 0.01703169 0.00308162 0.00977368 0.01021925 0.00688067
 0.00654596 0.00355691 0.00601567 0.02727102 0.0034662  0.00300194
 0.00209542 0.01010363]","[6.48333255e-01 9.44315809e-02 4.72460655e-03 1.62186768e-02
 2.30186189e-02 4.07270894e-01 7.09214408e-01 9.95703169e-02
 1.99012641e-01 4.76365920e-04 1.18698714e-01 1.01730407e-03
 2.67950878e-01 3.22228387e-01 3.20386854e-02 8.83434466e-03
 1.25244710e-01 1.21981945e-02 1.64750736e-01 1.07838182e-01
 6.85852854e-03 5.51267897e-03 2.22088905e-02 2.40111491e-01
 1.86088134e-01 1.00381918e-01 4.64941781e-02 6.44713859e-02
 2.01523989e-01 5.08378806e-01 1.71400555e-01 3.56205700e-01
 1.71932031e-01 1.00320440e-02 1.32653195e-01 6.70169456e-01
 8.46147481e-01 1.55527425e-01 6.86721394e-02 5.99842379e-03
 2.39883827e-01 5.22976957e-02 4.22475867e-01 1.37921365e-02
 4.12446933e-01 2.47378653e-01 2.49436514e-01 1.52245220e-03
 1.51625485e-01 3.28485992e-02]","[ 2.22921371e-04  2.98023224e-05  3.49521637e-04  1.01685524e-04
 -8.98838043e-05  9.88245010e-05  6.91413879e-06  3.39746475e-05
  9.41753387e-06 -1.20043755e-04 -5.26905060e-05  2.25543976e-04
 -6.30617142e-05 -1.31130219e-05  1.15633011e-05 -3.55243683e-05
  2.66671181e-04 -2.59876251e-05 -1.17540359e-04 -3.48091125e-05
  5.96046448e-07  4.29987907e-04  8.22544098e-06  3.98159027e-05
 -5.31673431e-05  9.53674316e-07  4.58836555e-04 -4.01735306e-05
 -1.04665756e-04  4.68730927e-04  2.98023224e-05 -2.68220901e-05
 -8.24928284e-05  2.33769417e-04 -6.68764114e-05  7.74741173e-04
  1.96218491e-04 -1.56164169e-05  2.26974487e-04 -4.23192978e-05
  1.44839287e-04  2.65717506e-04  3.55243683e-05  3.95774841e-05
 -3.76701355e-05  6.67333603e-04  1.69157982e-04  2.07304955e-04
  3.25441360e-05 -1.00135803e-05]","[-8.64267349e-05  4.15205956e-04  8.46982002e-04 -6.12735748e-05
  4.78029251e-05 -6.87837601e-05 -1.61290169e-04  3.96966934e-04
  3.00168991e-04  3.60727310e-04  8.70227814e-06  1.57594681e-03
  7.85589218e-05 -7.98702240e-05  3.80873680e-04  5.68628311e-05
  3.68595123e-04  5.63979149e-04 -6.94990158e-05 -9.05990601e-06
  6.17623329e-04  6.30497932e-04  5.20467758e-04 -7.95125961e-05
  2.67863274e-04  7.84397125e-05  8.79764557e-04  1.88469887e-04
 -2.62260437e-05  1.38640404e-04  2.93731689e-04 -1.18613243e-04
  1.39236450e-04  1.95503235e-04 -7.31945038e-05  1.65700912e-05
 -7.06911087e-05 -1.31726265e-04  5.05566597e-04  4.79221344e-04
  2.99453735e-04  7.03692436e-04 -9.64403152e-05  3.68952751e-04
  2.57372856e-04  7.74860382e-06 -1.34944916e-04  1.01542473e-03
  9.31024551e-05  1.21712685e-04]","[0.01979019 0.01540513 0.02074445 0.01754405 0.01097063 0.01648316
 0.01486627 0.01675372 0.01534521 0.01119183 0.01288492 0.01812331
 0.01382807 0.0137262  0.01395261 0.01441464 0.01900044 0.01380793
 0.01382514 0.01256348 0.0146056  0.0219739  0.01086218 0.01558579
 0.01383777 0.01541095 0.02275795 0.0152045  0.0114794  0.02274862
 0.01486415 0.01453373 0.0132931  0.01910771 0.01319362 0.02488106
 0.01893507 0.01286677 0.01920915 0.01305192 0.01940274 0.01897219
 0.0163402  0.01705543 0.01364438 0.02373397 0.01875348 0.01788255
 0.01701202 0.01412469]","[0.00995135 0.02002313 0.02442395 0.00956079 0.01076703 0.00852435
 0.00646951 0.02093838 0.01824133 0.01727661 0.01099797 0.03035451
 0.0151726  0.00903303 0.0203031  0.01291641 0.01896722 0.02342465
 0.01063433 0.01031879 0.02341041 0.02063651 0.01851321 0.00828941
 0.01583456 0.01403476 0.02626988 0.01574478 0.01092189 0.01332329
 0.01851571 0.00856299 0.01567385 0.01499736 0.00878049 0.00991623
 0.00868138 0.00758241 0.0204809  0.02107257 0.01850874 0.02406189
 0.00940383 0.01993057 0.01615018 0.01041443 0.00798756 0.02787173
 0.0146055  0.01535264]",0.4913946877044665,0.49628241235008225,0.2942501500529943,0.3195439561026823,0.46938114487723853,0.4903109054948703,0.29696851286928194,0.30291198065540104,0.002160696028285176,0.0021426584111243333,0.000645844956389914,0.0006496876628794295,0.037680568943023685,0.027828085992932322,0.003047998864608253,0.007624339594492673,9.510040283203125e-05,0.00023905754089355468,0.00019776000208818586,0.00035172626312221695,0.016210919091699947,0.015476573577693964,0.0034352405810389856,0.006002710416358646
df1,0.02,1.0,0.0,0.0,0.98,0.0,1.0,"[0.48382277 0.53390728 0.53390728 0.81875363 0.41323244 0.81875363
 0.94837208 0.66552932 0.81875363 0.53390728 0.25747545 0.00806269
 0.50859953 0.84163603 0.91946676 0.43609338 0.84163603 0.17249627
 0.31007573 0.25747545 0.27423335 0.27423335 0.8633028  0.10315938
 0.53390728 0.69212796 0.29176485 0.81875363 0.58582128 0.58582128
 0.43609338 0.24148215 0.48382277 0.21173982 0.12937218 0.09546732
 0.50859953 0.61225166 0.27423335 0.58582128 0.21173982 0.91946676
 0.55967522 0.79482654 0.27423335 0.96007647 0.27423335 0.27423335
 0.45963725 0.55967522]","[0.39108739 0.21173982 0.55967522 0.71851426 0.36968362 0.63886042
 0.81875363 0.88359176 0.96007647 0.43609338 0.08825991 0.00336895
 0.07520917 0.58582128 0.69212796 0.98957839 0.139232   0.12937218
 0.53390728 0.61225166 0.84163603 0.11135888 0.77002924 0.1200888
 0.91946676 0.58582128 0.0539576  0.99589898 0.66552932 0.18488568
 0.08151459 0.66552932 0.43609338 0.16077182 0.06383124 0.06383124
 0.43609338 0.58582128 0.55967522 0.79482654 0.66552932 0.66552932
 0.58582128 0.63886042 0.84163603 0.63886042 0.61225166 0.24148215
 0.24148215 0.31007573]","[0.48382277 0.53390728 0.53390728 0.81875363 0.41323244 0.81875363
 0.94837208 0.66552932 0.81875363 0.53390728 0.25747545 0.00806269
 0.50859953 0.84163603 0.91946676 0.43609338 0.84163603 0.17249627
 0.31007573 0.25747545 0.27423335 0.27423335 0.8633028  0.10315938
 0.53390728 0.69212796 0.29176485 0.81875363 0.58582128 0.58582128
 0.43609338 0.24148215 0.48382277 0.21173982 0.12937218 0.09546732
 0.50859953 0.61225166 0.27423335 0.58582128 0.21173982 0.91946676
 0.55967522 0.79482654 0.27423335 0.96007647 0.27423335 0.27423335
 0.45963725 0.55967522]","[0.39108739 0.21173982 0.55967522 0.71851426 0.36968362 0.63886042
 0.81875363 0.88359176 0.96007647 0.43609338 0.08825991 0.00336895
 0.07520917 0.58582128 0.69212796 0.98957839 0.139232   0.12937218
 0.53390728 0.61225166 0.84163603 0.11135888 0.77002924 0.1200888
 0.91946676 0.58582128 0.0539576  0.99589898 0.66552932 0.18488568
 0.08151459 0.66552932 0.43609338 0.16077182 0.06383124 0.06383124
 0.43609338 0.58582128 0.55967522 0.79482654 0.66552932 0.66552932
 0.58582128 0.63886042 0.84163603 0.63886042 0.61225166 0.24148215
 0.24148215 0.31007573]","[0.35742973 0.44084267 0.74868518 0.95741603 0.27596134 0.76911599
 0.95392128 0.770305   0.87710503 0.37066323 0.1150168  0.00323844
 0.40991374 0.76326286 0.90043577 0.51156261 0.7390422  0.23823673
 0.47052679 0.48759008 0.53607665 0.26617374 0.86041948 0.16466007
 0.61739055 0.82594882 0.22233524 0.78488887 0.73309378 0.37143468
 0.19095917 0.45244003 0.32741365 0.15937133 0.17103991 0.1071581
 0.54807216 0.63249453 0.316573   0.73923553 0.25631593 0.84291329
 0.51246818 0.79403314 0.26618    0.94218279 0.39499531 0.13758049
 0.31734137 0.61129985]","[0.4392127  0.32108726 0.71022942 0.73699804 0.20994427 0.70558231
 0.83823815 0.87820339 0.96513976 0.63279927 0.10718478 0.00389435
 0.12785942 0.49788125 0.65624301 0.98795462 0.2455105  0.19691437
 0.59282598 0.63181636 0.80278505 0.16871824 0.65786541 0.29288874
 0.94895721 0.60403076 0.13053511 0.98135167 0.92261808 0.42164927
 0.10698675 0.51965465 0.39773574 0.12274441 0.10432798 0.10842333
 0.34595797 0.56305602 0.36986652 0.79761186 0.7558293  0.65649027
 0.48587459 0.7022239  0.57506788 0.6699122  0.53367171 0.25906288
 0.22318168 0.32554398]","[2.50000000e-03 2.50000000e-03 2.50000000e-03 2.50000000e-03
 2.12810878e-03 2.50000000e-03 2.50000000e-03 2.50000000e-03
 2.50000000e-03 2.50000000e-03 1.23894749e-03 2.26515668e-05
 2.50000000e-03 2.50000000e-03 2.50000000e-03 2.50000000e-03
 2.50000000e-03 2.50000000e-03 2.50000000e-03 2.50000000e-03
 2.50000000e-03 2.50000000e-03 2.50000000e-03 2.43543602e-03
 2.50000000e-03 2.50000000e-03 1.98442127e-03 2.50000000e-03
 2.50000000e-03 2.50000000e-03 2.20770260e-03 2.50000000e-03
 2.50000000e-03 1.98213805e-03 1.27351118e-03 1.42518375e-03
 2.50000000e-03 2.50000000e-03 2.50000000e-03 2.50000000e-03
 2.50000000e-03 2.50000000e-03 2.50000000e-03 2.50000000e-03
 2.50000000e-03 2.50000000e-03 2.50000000e-03 1.77509521e-03
 2.50000000e-03 2.50000000e-03]","[2.50000000e-03 2.50000000e-03 2.50000000e-03 2.50000000e-03
 1.79857411e-03 2.50000000e-03 2.50000000e-03 2.50000000e-03
 2.50000000e-03 2.50000000e-03 1.10388464e-03 2.42790232e-05
 1.26302828e-03 2.50000000e-03 2.50000000e-03 2.50000000e-03
 2.50000000e-03 2.08353264e-03 2.50000000e-03 2.50000000e-03
 2.50000000e-03 2.25930788e-03 2.50000000e-03 2.50000000e-03
 2.50000000e-03 2.50000000e-03 1.60192333e-03 2.50000000e-03
 2.50000000e-03 2.50000000e-03 1.03616295e-03 2.50000000e-03
 2.50000000e-03 1.33312753e-03 9.02650988e-04 1.54428797e-03
 2.50000000e-03 2.50000000e-03 2.50000000e-03 2.50000000e-03
 2.50000000e-03 2.50000000e-03 2.50000000e-03 2.50000000e-03
 2.50000000e-03 2.50000000e-03 2.50000000e-03 2.50000000e-03
 2.50000000e-03 2.50000000e-03]","[0.03333357 0.04006629 0.03781063 0.03944595 0.03931428 0.03880165
 0.03774246 0.04263579 0.03655552 0.03680168 0.03427743 0.04028963
 0.03905479 0.04060077 0.03736333 0.03877553 0.03480346 0.03345506
 0.03487953 0.03501419 0.03550532 0.03561793 0.03368628 0.03634458
 0.03191095 0.03847208 0.03792717 0.03756781 0.03671961 0.03517441
 0.03760806 0.03802682 0.0388416  0.03554011 0.0365133  0.03872928
 0.0372477  0.03472233 0.03174424 0.03786892 0.03638704 0.03982871
 0.03848262 0.03544028 0.03799293 0.03355392 0.03668529 0.03612453
 0.03682558 0.03932335]","[0.01911067 0.02917577 0.02520878 0.03374302 0.02741796 0.02533452
 0.02674152 0.03811918 0.02424369 0.01632282 0.03295241 0.0499382
 0.02633845 0.0236243  0.02993661 0.025502   0.03099779 0.01772747
 0.03085653 0.02152408 0.02393167 0.0431396  0.02385519 0.02461035
 0.021878   0.02930559 0.03353177 0.01976988 0.02843252 0.03121732
 0.03892322 0.02502267 0.0249714  0.01448111 0.03775043 0.01951361
 0.01615847 0.03747495 0.02985711 0.02981131 0.0326005  0.03224921
 0.0217584  0.03491447 0.03842016 0.02006578 0.01832455 0.02751454
 0.02201907 0.01815276]","[0.02295558 0.00316252 0.00639763 0.00385434 0.00401803 0.00471809
 0.00653117 0.00134863 0.00930272 0.00865272 0.01777104 0.00294288
 0.0043595  0.00266032 0.00732138 0.00475659 0.01536054 0.02222044
 0.0150374  0.01448026 0.01260204 0.01220364 0.0208788  0.00989457
 0.03331192 0.00522549 0.00617511 0.00688497 0.00886469 0.0138416
 0.00680193 0.00599046 0.00465975 0.01247774 0.00941852 0.00482547
 0.00757916 0.01571206 0.03476065 0.00628542 0.00977276 0.00341269
 0.00520852 0.01283749 0.00605268 0.0216377  0.00895474 0.01054813
 0.00859188 0.00400656]","[4.52712722e-01 6.51208599e-02 1.54721442e-01 2.05608605e-02
 9.70629947e-02 1.50829393e-01 1.12428964e-01 5.82384781e-03
 1.87324779e-01 6.54700950e-01 2.54042178e-02 8.96236480e-05
 1.22503121e-01 2.10928159e-01 5.43694304e-02 1.45768273e-01
 4.19457393e-02 5.49860804e-01 4.34421805e-02 3.07887769e-01
 1.98944479e-01 1.13402403e-03 2.01875722e-01 1.74355838e-01
 2.89650374e-01 6.31671922e-02 2.17670717e-02 4.09736147e-01
 7.73261149e-02 3.97092059e-02 4.54262706e-03 1.60628710e-01
 1.62287286e-01 7.90004497e-01 6.51541926e-03 4.26157216e-01
 6.67096619e-01 7.08012452e-03 5.54163213e-02 5.60272221e-02
 2.78673856e-02 3.05342223e-02 2.95725792e-01 1.48910323e-02
 5.30984286e-03 3.91247438e-01 5.06903723e-01 9.50189546e-02
 2.82598856e-01 5.19121448e-01]","[-2.13384628e-05  6.05583191e-05 -1.89542770e-05 -1.63316727e-05
 -5.16176224e-05 -7.05718994e-05  1.79290771e-04  7.03215599e-04
  2.31266022e-05  6.44087791e-04  2.28047371e-04 -2.31266022e-05
 -1.04665756e-04 -5.73396683e-05  1.07288361e-04  2.30669975e-04
  1.43885612e-04  3.03268433e-04  3.21865082e-04 -4.35113907e-05
 -1.04427338e-04  4.20689583e-04 -9.96589661e-05 -8.30888748e-05
  6.01291656e-04 -6.19888306e-06 -5.37633896e-05  1.07049942e-04
 -1.40905380e-04  7.40289688e-05  2.41994858e-05  3.37719917e-04
 -1.15633011e-04  6.45875931e-04 -1.00493431e-04 -5.98430634e-05
 -7.76052475e-05  1.31607056e-04 -1.14798546e-04  8.34465027e-07
  3.55362892e-04  6.29186630e-04  5.12599945e-05 -8.08238983e-05
  2.35915184e-04  1.40547752e-04  6.75201416e-04 -9.09566879e-05
  3.78608704e-04  7.82012939e-05]","[-1.07645988e-04  7.62820244e-04  8.88347626e-04  4.52637672e-04
 -7.23600388e-05  6.14285469e-04  9.14454460e-04  1.52885914e-03
  2.96592712e-04 -1.31249428e-04 -1.47461891e-04  3.85761261e-04
 -1.43051147e-06 -8.38041306e-05  6.28113747e-04  3.03387642e-04
 -1.62482262e-04 -1.67369843e-04  7.59124756e-04  9.70363617e-05
  8.83340836e-05  1.24251842e-03  2.82049179e-04  2.35795975e-04
 -1.23739243e-04 -5.93662262e-05  5.02228737e-04 -1.04904175e-05
 -4.17232513e-05  6.62803650e-04  8.07404518e-04 -1.97887421e-04
  1.59144402e-04 -1.17182732e-04  3.62992287e-04  4.29153442e-06
  3.40938568e-05 -1.80959702e-04  1.97649002e-04  2.72154808e-04
  1.13034248e-03  1.03247166e-03 -1.37209892e-04  1.17897987e-04
  7.10844994e-04 -1.07169151e-04  1.62124634e-05  3.19600105e-04
 -1.40905380e-04 -6.93798065e-05]","[0.0152029  0.01571324 0.0145451  0.01458985 0.01517718 0.01205557
 0.01805227 0.02355917 0.0157552  0.02275162 0.01901608 0.01550174
 0.01252097 0.01387609 0.01710365 0.01878123 0.01782238 0.02056832
 0.02070222 0.01292833 0.01110108 0.02135555 0.01129196 0.01207943
 0.02386637 0.01552899 0.01274599 0.01572535 0.0095011  0.01494213
 0.01472707 0.02085112 0.01192491 0.02438853 0.01240407 0.01229941
 0.01098508 0.01636423 0.01002896 0.0149486  0.02100911 0.02510183
 0.01652642 0.01365215 0.01887775 0.01840076 0.02345356 0.0128813
 0.019704   0.01650636]","[0.00890754 0.02338124 0.02377745 0.02178499 0.00986104 0.02061134
 0.02636143 0.03212448 0.01804401 0.00678034 0.00788189 0.0180229
 0.01262276 0.00976823 0.02299657 0.0159633  0.00571092 0.00845183
 0.02668833 0.01326734 0.01419406 0.02887063 0.01781658 0.01627164
 0.00737617 0.0096591  0.02038381 0.00927406 0.01025089 0.02027859
 0.02447224 0.00554787 0.01581603 0.0075528  0.01880131 0.00971677
 0.01126347 0.00582019 0.01419018 0.01699897 0.02598371 0.02602726
 0.0074162  0.01475481 0.02385869 0.0073233  0.00956236 0.02036955
 0.00809887 0.0092026 ]",0.5002352513996087,0.48750787551343255,0.2593462111791606,0.29432941666102785,0.5052552222487456,0.5008028471646581,0.27029847224522435,0.2804880044893381,0.00232946391810452,0.0022490151868222287,0.0004567025665275719,0.0005525081958820989,0.036948686203360566,0.027489427576661115,0.002300048063781218,0.007481781143650452,0.0001259446144104004,0.0002750086784362793,0.0002446456637825506,0.0004333057748518731,0.016387926078318717,0.01540321274939329,0.004104103405876468,0.007234531300258372
df1,0.04,1.0,0.0,0.0,0.96,0.0,1.0,"[0.48382277 0.81875363 0.45963725 0.81875363 0.84163603 0.3490397
 0.24148215 0.79482654 0.99875113 0.74453538 0.21173982 0.45963725
 0.39108739 0.74453538 0.69212796 0.139232   0.39108739 0.0539576
 0.43609338 0.50859953 0.81875363 0.91946676 0.06932183 0.01487416
 0.32916807 0.63886042 0.77002924 0.94837208 0.48382277 0.90235528
 0.88359176 0.25747545 0.55967522 0.27423335 0.41323244 0.02192948
 0.63886042 0.48382277 0.55967522 0.07520917 0.29176485 0.50859953
 0.11135888 0.79482654 0.48382277 0.99328163 0.10315938 0.45963725
 0.71851426 0.84163603]","[0.43609338 0.8633028  0.48382277 0.88359176 0.58582128 0.69212796
 0.84163603 0.16077182 0.29176485 0.77002924 0.14969106 0.79482654
 0.90235528 0.43609338 0.50859953 0.02410401 0.27423335 0.22624166
 0.94837208 0.69212796 0.61225166 0.55967522 0.08151459 0.03483221
 0.39108739 0.84163603 0.74453538 0.8633028  0.48382277 0.8633028
 0.17249627 0.41323244 0.63886042 0.19796045 0.58582128 0.01100057
 0.27423335 0.58582128 0.41323244 0.00992823 0.66552932 0.36968362
 0.06383124 0.27423335 0.91946676 0.98457739 0.14969106 0.45963725
 0.45963725 0.88359176]","[0.48382277 0.81875363 0.45963725 0.81875363 0.84163603 0.3490397
 0.24148215 0.79482654 0.99875113 0.74453538 0.21173982 0.45963725
 0.39108739 0.74453538 0.69212796 0.139232   0.39108739 0.0539576
 0.43609338 0.50859953 0.81875363 0.91946676 0.06932183 0.01487416
 0.32916807 0.63886042 0.77002924 0.94837208 0.48382277 0.90235528
 0.88359176 0.25747545 0.55967522 0.27423335 0.41323244 0.02192948
 0.63886042 0.48382277 0.55967522 0.07520917 0.29176485 0.50859953
 0.11135888 0.79482654 0.48382277 0.99328163 0.10315938 0.45963725
 0.71851426 0.84163603]","[0.43609338 0.8633028  0.48382277 0.88359176 0.58582128 0.69212796
 0.84163603 0.16077182 0.29176485 0.77002924 0.14969106 0.79482654
 0.90235528 0.43609338 0.50859953 0.02410401 0.27423335 0.22624166
 0.94837208 0.69212796 0.61225166 0.55967522 0.08151459 0.03483221
 0.39108739 0.84163603 0.74453538 0.8633028  0.48382277 0.8633028
 0.17249627 0.41323244 0.63886042 0.19796045 0.58582128 0.01100057
 0.27423335 0.58582128 0.41323244 0.00992823 0.66552932 0.36968362
 0.06383124 0.27423335 0.91946676 0.98457739 0.14969106 0.45963725
 0.45963725 0.88359176]","[0.67004014 0.88477421 0.44221758 0.85522631 0.75766855 0.39678389
 0.2377372  0.84801979 0.99820598 0.63230696 0.14169495 0.42449695
 0.26142311 0.64754055 0.75815456 0.11188516 0.45284493 0.054905
 0.67460986 0.55186941 0.90259898 0.96401578 0.10092912 0.04118532
 0.28932798 0.66282732 0.86201558 0.9177922  0.64781021 0.84030134
 0.83741105 0.26979012 0.73333107 0.15740169 0.21093823 0.01043626
 0.46831147 0.46384622 0.43003638 0.06471911 0.10736221 0.55768251
 0.09974563 0.49085862 0.5491956  0.99403212 0.07057051 0.4556178
 0.73319617 0.7823261 ]","[0.69703816 0.82489147 0.48252223 0.90824375 0.62811174 0.45190144
 0.91621002 0.40309776 0.38018747 0.73371998 0.17940136 0.87403171
 0.74545568 0.36857201 0.51742862 0.07330829 0.17780314 0.21217561
 0.87575236 0.66191223 0.74498268 0.89393893 0.10867673 0.09741386
 0.34534286 0.76947664 0.73309831 0.70093514 0.36313037 0.70163962
 0.25832236 0.51670532 0.67620027 0.14524419 0.35965803 0.00182561
 0.38816245 0.6518109  0.44144635 0.00787886 0.35220209 0.21642338
 0.11580436 0.39778555 0.94918584 0.98537343 0.12521877 0.44478036
 0.51948723 0.7744023 ]","[0.0025     0.0025     0.0025     0.0025     0.0025     0.0025
 0.00244745 0.0025     0.0025     0.0025     0.00135713 0.0025
 0.00222084 0.0025     0.0025     0.00190616 0.0025     0.00079702
 0.0025     0.0025     0.0025     0.0025     0.00112606 0.00034157
 0.00234698 0.0025     0.0025     0.0025     0.0025     0.0025
 0.0025     0.00177236 0.0025     0.00105857 0.00180255 0.00010565
 0.0025     0.0025     0.0025     0.00074036 0.00097729 0.0025
 0.00104871 0.0025     0.0025     0.0025     0.00102723 0.0025
 0.0025     0.0025    ]","[2.50000000e-03 2.50000000e-03 2.50000000e-03 2.50000000e-03
 2.50000000e-03 2.50000000e-03 2.50000000e-03 2.50000000e-03
 2.50000000e-03 2.50000000e-03 1.72008960e-03 2.50000000e-03
 2.50000000e-03 2.50000000e-03 2.50000000e-03 1.24770848e-03
 1.46455030e-03 2.15202118e-03 2.50000000e-03 2.50000000e-03
 2.50000000e-03 2.50000000e-03 9.66451163e-04 8.28623467e-04
 2.50000000e-03 2.50000000e-03 2.50000000e-03 2.50000000e-03
 2.50000000e-03 2.50000000e-03 2.50000000e-03 2.50000000e-03
 2.50000000e-03 8.92766973e-04 2.50000000e-03 2.31254994e-05
 2.50000000e-03 2.50000000e-03 2.50000000e-03 9.07924625e-05
 2.50000000e-03 1.83970887e-03 1.03833951e-03 2.50000000e-03
 2.50000000e-03 2.50000000e-03 1.62749871e-03 2.50000000e-03
 2.50000000e-03 2.50000000e-03]","[0.03442578 0.04399416 0.03393602 0.03855943 0.04748081 0.03691906
 0.03519846 0.04525864 0.0334185  0.038803   0.03989017 0.03547329
 0.04555964 0.03507627 0.04378202 0.0371404  0.03984041 0.0379269
 0.04047925 0.03490209 0.03739408 0.03943417 0.03728142 0.04305676
 0.03593844 0.0409326  0.03862532 0.03819117 0.03750474 0.03693267
 0.03919784 0.03993477 0.0326319  0.04322983 0.03686316 0.03726086
 0.03615042 0.03758777 0.03517843 0.0381204  0.04379754 0.0391344
 0.03776537 0.03669096 0.03282101 0.03639339 0.03811476 0.03852614
 0.03908406 0.0364469 ]","[0.03705161 0.0257324  0.02428328 0.01928778 0.04124612 0.02366568
 0.03638754 0.02808039 0.03770761 0.03733148 0.02864388 0.03677373
 0.02085262 0.02600532 0.04018276 0.03654698 0.04097849 0.02943133
 0.04421494 0.02005382 0.02514195 0.01583369 0.03850788 0.02124672
 0.03334708 0.02873104 0.02172934 0.02754334 0.02635966 0.03882776
 0.03468334 0.02684916 0.03446593 0.01413608 0.03094429 0.04068209
 0.01994432 0.03896804 0.0308283  0.03584547 0.01686749 0.03034196
 0.03600452 0.02339414 0.02261125 0.02914171 0.03604924 0.0264321
 0.02327408 0.04052829]","[0.0170591  0.00084126 0.01951122 0.00508635 0.0002341  0.00835755
 0.01374793 0.000535   0.0224394  0.00471611 0.00334628 0.0127175
 0.00047945 0.0142297  0.00090648 0.00782572 0.00339995 0.00617561
 0.00276756 0.01494273 0.00725417 0.00386874 0.00750313 0.00116697
 0.01113106 0.00238676 0.00498365 0.00569692 0.00701699 0.00832393
 0.0041681  0.00329884 0.02763933 0.00109913 0.00849697 0.00754941
 0.01046926 0.00684367 0.0138259  0.00582168 0.00090156 0.004252
 0.00648602 0.00893981 0.02630042 0.00975466 0.00583171 0.00513898
 0.00431969 0.00960334]","[8.03525181e-03 1.39029982e-01 1.85889156e-01 4.40931939e-01
 2.15244610e-03 2.09283378e-01 9.77131737e-03 8.37528730e-02
 6.60041480e-03 7.39155983e-03 7.36725904e-02 8.72439438e-03
 3.44638991e-01 1.31376586e-01 3.04616531e-03 9.32603049e-03
 2.35104828e-03 6.13229546e-02 7.78050151e-04 3.91984955e-01
 1.56822111e-01 6.91528739e-01 5.16805779e-03 3.22727382e-01
 2.28728065e-02 7.22093186e-02 2.97215417e-01 9.44165065e-02
 1.21955271e-01 4.67989448e-03 1.58835588e-02 1.09857552e-01
 1.68708889e-02 8.13546766e-01 4.25071129e-02 2.59072586e-03
 3.98774644e-01 4.47946405e-03 4.37467712e-02 1.14330561e-02
 6.13669216e-01 4.92925632e-02 1.09208087e-02 2.20257976e-01
 2.54342276e-01 6.56419760e-02 1.07805615e-02 1.20098889e-01
 2.25247780e-01 2.72381301e-03]","[ 9.38177109e-05 -3.13520432e-05  6.96778297e-04  1.57952309e-04
  2.54392624e-04  1.46985054e-04  3.67283821e-04 -1.83582306e-05
  1.30295753e-04  2.21610069e-04  2.62975693e-04  9.82284546e-05
  2.17199326e-04  6.68764114e-05  1.90854073e-04  5.84125519e-06
 -1.35421753e-04 -1.64508820e-05 -4.36306000e-05  1.79052353e-04
  6.33001328e-05  2.14576721e-06  4.54187393e-05  5.71012497e-05
  3.89218330e-04  1.93834305e-04 -5.04255295e-05  2.02655792e-05
 -6.56843185e-05 -2.46763229e-05 -6.77108765e-05  6.31809235e-06
  4.39882278e-05  2.65836716e-04 -7.70092010e-05 -1.33872032e-04
  8.17775726e-05 -4.44650650e-05  1.78813934e-05 -1.20282173e-04
  2.83360481e-04 -8.58306885e-05 -4.35113907e-05  2.23755836e-04
 -1.83582306e-05  1.09314919e-04 -4.07695770e-05  1.37209892e-04
  4.10079956e-05  1.14321709e-04]","[ 8.47935677e-04  3.03983688e-05  1.02519989e-05 -1.89304352e-04
  9.09805298e-04  1.10387802e-04  8.16583633e-04  2.22921371e-05
  3.00526619e-04  7.93695450e-04  5.79714775e-04  2.17676163e-04
  1.37686729e-04 -1.03831291e-04  7.32421875e-04  4.33087349e-04
  2.78115273e-04  5.29289246e-05  2.56657600e-04 -8.74996185e-05
 -4.25577164e-05 -1.61528587e-04  3.91602516e-04 -1.55806541e-04
  1.37925148e-03 -9.65595245e-06 -4.87565994e-05  2.67386436e-04
  1.43289566e-04  2.12073326e-04  3.27110291e-04  3.82661819e-05
  4.50015068e-04 -1.26004219e-04  2.19345093e-05  2.74777412e-04
 -1.18613243e-04  4.44650650e-04 -1.30891800e-04  1.65939331e-04
 -1.65939331e-04  1.19686127e-04 -6.19888306e-06  4.52995300e-05
  2.08020210e-04 -1.36613846e-04  1.59740448e-04  5.95569611e-04
 -7.12871552e-05  8.64505768e-04]","[0.01714722 0.0150208  0.02504839 0.01854922 0.01583494 0.01945874
 0.02128554 0.01477621 0.01747368 0.01909829 0.01818042 0.01728224
 0.0199196  0.01536812 0.01752081 0.01446564 0.01042283 0.01487691
 0.01529698 0.01851506 0.01701675 0.01506231 0.01598955 0.01641578
 0.02232058 0.01774615 0.01404677 0.01082666 0.01408131 0.01515833
 0.0130964  0.01692887 0.01562611 0.0189698  0.011827   0.0112134
 0.01594383 0.01561046 0.01528002 0.0125781  0.01860019 0.01269993
 0.01263622 0.01830987 0.01402738 0.01625495 0.01555116 0.01849229
 0.01693067 0.01760659]","[0.02724602 0.01221715 0.01092134 0.00490793 0.0224829  0.01326134
 0.02648352 0.01031809 0.01610115 0.02560507 0.01757092 0.01590775
 0.01333748 0.00857932 0.02322402 0.01790688 0.01813426 0.01294338
 0.0178384  0.00849241 0.01033798 0.00582452 0.02008535 0.00630898
 0.03204719 0.01018427 0.01101682 0.01609907 0.01470309 0.01486661
 0.01578002 0.01213483 0.01833167 0.00755615 0.01022214 0.01640088
 0.00846128 0.01830232 0.00779968 0.01283003 0.00753193 0.01338125
 0.01014192 0.01178742 0.01722999 0.00791344 0.01480911 0.02148005
 0.00929528 0.02409365]",0.518973330126536,0.49948066607955455,0.2878129183984482,0.2944876370542984,0.5103603561840306,0.49796635606251316,0.30311178603919386,0.282143165602775,0.0021215183024518984,0.0021778335244192954,0.0006785939887115684,0.0006574770855699352,0.03836571243822575,0.030074360381364827,0.003346958323569052,0.00776528251769032,8.336782455444336e-05,0.0002216958999633789,0.00015634904804818082,0.0003488165847476511,0.016247780944389677,0.01460872457148639,0.002878207567071442,0.006128545313319442
df1,0.06,1.0,0.0,0.0,0.94,0.0,1.0,"[0.17249627 0.11135888 0.53390728 0.31007573 0.3490397  0.3490397
 0.61225166 0.27423335 0.36968362 0.25747545 0.94837208 0.43609338
 0.99765093 0.74453538 0.98957839 0.66552932 0.93482727 0.66552932
 0.41323244 0.99589898 0.90235528 0.55967522 0.63886042 0.66552932
 0.66552932 0.24148215 0.53390728 0.69212796 0.71851426 0.69212796
 0.69212796 0.66552932 0.77002924 0.53390728 0.22624166 0.50859953
 0.27423335 0.69212796 0.88359176 0.41323244 0.32916807 0.27423335
 0.58582128 0.61225166 0.50859953 0.91946676 0.19796045 0.58582128
 0.55967522 0.04953464]","[0.21173982 0.16077182 0.71851426 0.22624166 0.27423335 0.50859953
 0.41323244 0.06932183 0.29176485 0.41323244 0.94837208 0.36968362
 0.99328163 0.90235528 0.39108739 0.53390728 0.8633028  0.79482654
 0.79482654 0.77002924 0.50859953 0.91946676 0.90235528 0.53390728
 0.74453538 0.16077182 0.41323244 0.55967522 0.98957839 0.84163603
 0.90235528 0.16077182 0.77002924 0.74453538 0.21173982 0.08151459
 0.45963725 0.45963725 0.81875363 0.74453538 0.1200888  0.63886042
 0.36968362 0.12937218 0.84163603 0.79482654 0.69212796 0.58582128
 0.55967522 0.41323244]","[0.17249627 0.11135888 0.53390728 0.31007573 0.3490397  0.3490397
 0.61225166 0.27423335 0.36968362 0.25747545 0.94837208 0.43609338
 0.99765093 0.74453538 0.98957839 0.66552932 0.93482727 0.66552932
 0.41323244 0.99589898 0.90235528 0.55967522 0.63886042 0.66552932
 0.66552932 0.24148215 0.53390728 0.69212796 0.71851426 0.69212796
 0.69212796 0.66552932 0.77002924 0.53390728 0.22624166 0.50859953
 0.27423335 0.69212796 0.88359176 0.41323244 0.32916807 0.27423335
 0.58582128 0.61225166 0.50859953 0.91946676 0.19796045 0.58582128
 0.55967522 0.04953464]","[0.21173982 0.16077182 0.71851426 0.22624166 0.27423335 0.50859953
 0.41323244 0.06932183 0.29176485 0.41323244 0.94837208 0.36968362
 0.99328163 0.90235528 0.39108739 0.53390728 0.8633028  0.79482654
 0.79482654 0.77002924 0.50859953 0.91946676 0.90235528 0.53390728
 0.74453538 0.16077182 0.41323244 0.55967522 0.98957839 0.84163603
 0.90235528 0.16077182 0.77002924 0.74453538 0.21173982 0.08151459
 0.45963725 0.45963725 0.81875363 0.74453538 0.1200888  0.63886042
 0.36968362 0.12937218 0.84163603 0.79482654 0.69212796 0.58582128
 0.55967522 0.41323244]","[0.07535016 0.20832964 0.6274515  0.20923612 0.3111609  0.3992969
 0.73754524 0.28818761 0.24473963 0.2778859  0.92713056 0.36692488
 0.98378575 0.72645062 0.9886224  0.66771467 0.98858211 0.36443202
 0.48198094 0.98966556 0.6669785  0.61702718 0.60394543 0.71933657
 0.76035152 0.08202228 0.3798749  0.56678839 0.5579056  0.70292833
 0.77372618 0.66274136 0.69881345 0.47877797 0.29764358 0.37610365
 0.3990474  0.51063312 0.76886563 0.29347029 0.21815277 0.21349679
 0.62856043 0.68337328 0.54658727 0.85626682 0.31252282 0.5641553
 0.52101183 0.12436563]","[0.15753936 0.1606513  0.63946416 0.16938014 0.30383098 0.5429749
 0.4007397  0.12914761 0.16551107 0.47328625 0.94199514 0.51269136
 0.98053916 0.83057942 0.57892695 0.64935808 0.85678422 0.6211487
 0.49410105 0.89683326 0.57951402 0.82024717 0.9546191  0.75213695
 0.61048966 0.08076909 0.231851   0.73405533 0.93307414 0.81967583
 0.84449388 0.33568515 0.67231162 0.61660537 0.38293943 0.15538725
 0.51997355 0.27460184 0.62989853 0.5357022  0.14831085 0.35661764
 0.43873595 0.18562781 0.79254352 0.80307298 0.63323835 0.57537364
 0.53173293 0.30801807]","[0.00083252 0.0025     0.0025     0.0025     0.0025     0.0025
 0.0025     0.0025     0.00227857 0.0025     0.0025     0.0025
 0.0025     0.0025     0.0025     0.0025     0.0025     0.0025
 0.0025     0.0025     0.0025     0.0025     0.0025     0.0025
 0.0025     0.00076363 0.0025     0.0025     0.0025     0.0025
 0.0025     0.0025     0.0025     0.0025     0.0025     0.0025
 0.0025     0.0025     0.0025     0.0025     0.00209749 0.0025
 0.0025     0.0025     0.0025     0.0025     0.0025     0.0025
 0.0025     0.00107282]","[0.00160023 0.00217616 0.0025     0.00220953 0.0025     0.0025
 0.0025     0.0013282  0.00154244 0.0025     0.0025     0.0025
 0.0025     0.0025     0.0025     0.0025     0.0025     0.0025
 0.0025     0.0025     0.0025     0.0025     0.0025     0.0025
 0.0025     0.00068722 0.00226273 0.0025     0.0025     0.0025
 0.0025     0.0025     0.0025     0.0025     0.0025     0.00173049
 0.0025     0.00234147 0.0025     0.0025     0.0015859  0.0025
 0.0025     0.00223332 0.0025     0.0025     0.0025     0.0025
 0.0025     0.0025    ]","[0.03868518 0.04368751 0.04308481 0.03569802 0.0386796  0.04505794
 0.03558854 0.03719408 0.04096476 0.04183865 0.03675275 0.03929591
 0.03388991 0.03498147 0.04205968 0.03955039 0.03852202 0.03673734
 0.0327837  0.04307313 0.03775007 0.03751783 0.04226927 0.03820416
 0.03691392 0.04134406 0.03974891 0.03294393 0.03849318 0.03834538
 0.03983567 0.03450543 0.03707169 0.03675339 0.03704521 0.03721829
 0.0377546  0.04112259 0.03680737 0.04640891 0.03780995 0.03898631
 0.03647692 0.04042676 0.04064385 0.04009085 0.03400179 0.04185241
 0.03178124 0.03618415]","[0.02803807 0.02723606 0.03170098 0.0267908  0.02871063 0.0290726
 0.0267258  0.04311993 0.02967916 0.02929193 0.03706578 0.03516637
 0.02778929 0.03083832 0.03629245 0.04350361 0.0261776  0.02441975
 0.02635513 0.03513595 0.02438157 0.03653809 0.01974505 0.02759661
 0.02632741 0.02161232 0.02084668 0.02257564 0.02529869 0.02181929
 0.0267933  0.05009752 0.03488795 0.03440015 0.02382091 0.04050411
 0.02560169 0.03728908 0.02146015 0.04645727 0.02541636 0.0180019
 0.0353587  0.04403783 0.05275632 0.03362576 0.02442313 0.03172381
 0.02237559 0.03225013]","[0.00489201 0.00093705 0.00115572 0.01192722 0.00490049 0.00057534
 0.0123065  0.00770148 0.00236168 0.00176678 0.00877855 0.00404138
 0.01975757 0.01461391 0.00164014 0.00372889 0.00514552 0.00881852
 0.02655996 0.00116039 0.00651613 0.00698939 0.00152791 0.0056743
 0.00837029 0.00208374 0.00350073 0.02546122 0.00519157 0.00543352
 0.0034051  0.01668754 0.00798743 0.00877688 0.00805055 0.00764602
 0.00650721 0.0022421  0.0086382  0.00035051 0.00639896 0.00445395
 0.00951939 0.0028151  0.00262324 0.00313765 0.0191646  0.00175864
 0.03443448 0.01036731]","[8.45547076e-02 1.01012275e-01 3.51455355e-02 1.11245712e-01
 7.25496840e-02 6.67100847e-02 1.12808662e-01 1.14176840e-03
 5.78225467e-02 6.33704767e-02 8.00146931e-03 1.38730025e-02
 8.93998322e-02 4.36384285e-02 1.00459875e-02 9.99283314e-04
 1.26724286e-01 1.81006409e-01 1.22072113e-01 1.39925187e-02
 1.82362312e-01 9.35036189e-03 4.11311089e-01 9.33104210e-02
 1.22789166e-01 3.03267243e-01 3.44976337e-01 2.55980539e-01
 1.51930504e-01 2.92621129e-01 1.11185847e-01 8.40741836e-05
 1.50020042e-02 1.71802702e-02 2.03200654e-01 2.74530435e-03
 1.42820905e-01 7.48596433e-03 3.11265548e-01 3.44251228e-04
 1.48338917e-01 5.29948713e-01 1.31383621e-02 8.28383882e-04
 2.80751680e-05 2.12228049e-02 1.80886538e-01 3.49420005e-02
 2.65327864e-01 3.05269822e-02]","[ 2.75492668e-04  6.85453415e-05 -3.49283218e-05 -1.56283379e-04
 -7.04526901e-05 -4.26769257e-05  1.35898590e-05  2.23755836e-04
  1.20401382e-04  1.26004219e-04  2.67505646e-04  1.63674355e-04
  5.13076782e-04  1.91807747e-04  1.77621841e-05  4.96745110e-04
  4.03165817e-04  7.05718994e-05 -8.60691071e-05 -6.00814819e-05
 -2.64644623e-05 -6.79492950e-05  7.95125961e-05  2.79426575e-04
  8.95261765e-05  1.98125839e-04  5.29289246e-04 -8.89301300e-05
 -6.48498535e-05  1.83939934e-04 -8.10623169e-05 -7.41481781e-05
  6.13927841e-05 -8.34465027e-05 -1.00612640e-04  1.05261803e-04
 -8.57114792e-05 -7.33137131e-05  1.50203705e-04  5.45859337e-04
 -2.78949738e-05  4.11272049e-05  1.95026398e-04  1.29938126e-04
  3.52263451e-04  1.07288361e-05 -2.98023224e-06 -1.19209290e-05
 -9.97781754e-05  1.69754028e-04]","[-3.57627869e-05  3.18884850e-04  4.84228134e-04  7.49826431e-05
  6.91413879e-06  3.48091125e-05  1.50203705e-05  1.28364563e-03
  1.04546547e-04  4.27484512e-04  8.12411308e-04  7.38143921e-04
  1.67822838e-03 -8.80956650e-05  4.75764275e-04  1.19125843e-03
 -4.66108322e-05  2.65836716e-04 -9.78708267e-05  6.21438026e-04
 -6.58035278e-05  6.32643700e-04 -1.51515007e-04 -1.85012817e-04
  8.52346420e-04  6.11543655e-05 -8.38041306e-05 -8.77380371e-05
  3.51428986e-04  8.45193863e-05  6.92605972e-05  7.59601593e-04
  6.64710999e-04 -5.97238541e-05  2.27689743e-05  5.40733337e-04
  2.03132629e-04  1.93357468e-04  3.94821167e-04  1.30176544e-03
  6.19888306e-05  1.49011612e-05  1.14440918e-04  9.35912132e-04
  1.12795830e-03 -6.44922256e-05 -4.97102737e-05 -9.02414322e-05
 -6.52074814e-05  6.09278679e-04]","[0.01986443 0.01622532 0.01238095 0.00950487 0.01206266 0.01414852
 0.014796   0.01986178 0.01649262 0.017272   0.01985991 0.01771317
 0.0228269  0.01818529 0.01640351 0.02071599 0.02147734 0.01362571
 0.01185604 0.01060175 0.01376496 0.01222936 0.0165412  0.01912489
 0.01713196 0.01823841 0.02274804 0.01173697 0.01403167 0.01730938
 0.01438578 0.01256934 0.01803162 0.01240596 0.01311323 0.01570573
 0.01324174 0.01281554 0.01780974 0.02319838 0.01293777 0.01678608
 0.01943718 0.01788777 0.02099686 0.01541478 0.01382269 0.01439033
 0.01335666 0.01771834]","[0.0092777  0.01776974 0.01937438 0.01382276 0.01103481 0.01176691
 0.0112392  0.03030078 0.01179518 0.01967265 0.02455048 0.02271283
 0.03511932 0.00993745 0.02018159 0.02920001 0.01005464 0.0143211
 0.00932408 0.01885861 0.00834773 0.02226693 0.00579501 0.00449712
 0.02490771 0.01158898 0.00977683 0.00857827 0.01782654 0.01165084
 0.01284448 0.02390016 0.0238144  0.00835958 0.01330196 0.02235861
 0.01383255 0.01511177 0.01520571 0.03194225 0.01035348 0.00936063
 0.01295964 0.02556281 0.02890706 0.0093807  0.00874933 0.00842203
 0.00839019 0.02500538]",0.5544614206359606,0.5544383330182029,0.24940787514854562,0.277510521509633,0.5289989481214594,0.5352557136989364,0.25096494045704276,0.2604142035149363,0.002390900408950521,0.0023439534571507085,0.0003898783567423232,0.00037628189661809575,0.03848866956472397,0.030622664480805396,0.0031622311086572847,0.007978385916882115,9.467840194702149e-05,0.00032717466354370117,0.00018240435839468123,0.0004544376026111337,0.016095142470772872,0.01606625797726799,0.003398796441828017,0.007630860939561771
df1,0.08,1.0,0.0,0.0,0.92,0.0,1.0,"[0.84163603 0.16077182 0.79482654 0.11135888 0.50859953 0.63886042
 0.39108739 0.91946676 0.39108739 0.66552932 0.69212796 0.58582128
 0.50859953 0.93482727 0.90235528 0.16077182 0.27423335 0.43609338
 0.63886042 0.61225166 0.22624166 0.04542867 0.3490397  0.84163603
 0.36968362 0.11135888 0.09546732 0.58582128 0.8633028  0.04542867
 0.66552932 0.97808957 0.29176485 0.79482654 0.03809482 0.53390728
 0.74453538 0.32916807 0.55967522 0.69212796 0.32916807 0.50859953
 0.21173982 0.50859953 0.55967522 0.39108739 0.41323244 0.17249627
 0.14969106 0.06383124]","[0.97808957 0.0539576  0.69212796 0.1200888  0.31007573 0.04542867
 0.58582128 0.98957839 0.08151459 0.58582128 0.55967522 0.74453538
 0.41323244 0.63886042 0.3490397  0.08825991 0.29176485 0.84163603
 0.58582128 0.61225166 0.25747545 0.01487416 0.8633028  0.53390728
 0.69212796 0.43609338 0.27423335 0.53390728 0.74453538 0.139232
 0.77002924 0.97808957 0.61225166 0.36968362 0.21173982 0.41323244
 0.32916807 0.3490397  0.96996014 0.94837208 0.41323244 0.45963725
 0.45963725 0.14969106 0.69212796 0.3490397  0.16077182 0.18488568
 0.31007573 0.25747545]","[0.84163603 0.16077182 0.79482654 0.11135888 0.50859953 0.63886042
 0.39108739 0.91946676 0.39108739 0.66552932 0.69212796 0.58582128
 0.50859953 0.93482727 0.90235528 0.16077182 0.27423335 0.43609338
 0.63886042 0.61225166 0.22624166 0.04542867 0.3490397  0.84163603
 0.36968362 0.11135888 0.09546732 0.58582128 0.8633028  0.04542867
 0.66552932 0.97808957 0.29176485 0.79482654 0.03809482 0.53390728
 0.74453538 0.32916807 0.55967522 0.69212796 0.32916807 0.50859953
 0.21173982 0.50859953 0.55967522 0.39108739 0.41323244 0.17249627
 0.14969106 0.06383124]","[0.97808957 0.0539576  0.69212796 0.1200888  0.31007573 0.04542867
 0.58582128 0.98957839 0.08151459 0.58582128 0.55967522 0.74453538
 0.41323244 0.63886042 0.3490397  0.08825991 0.29176485 0.84163603
 0.58582128 0.61225166 0.25747545 0.01487416 0.8633028  0.53390728
 0.69212796 0.43609338 0.27423335 0.53390728 0.74453538 0.139232
 0.77002924 0.97808957 0.61225166 0.36968362 0.21173982 0.41323244
 0.32916807 0.3490397  0.96996014 0.94837208 0.41323244 0.45963725
 0.45963725 0.14969106 0.69212796 0.3490397  0.16077182 0.18488568
 0.31007573 0.25747545]","[0.60811279 0.04935286 0.561435   0.1874551  0.43111072 0.49644445
 0.51197336 0.8257989  0.46344741 0.47013332 0.88073392 0.64087663
 0.47018105 0.93327914 0.91220628 0.18202417 0.1239732  0.37675104
 0.44317188 0.44945239 0.23492028 0.02167587 0.56791356 0.8206476
 0.40006579 0.10252252 0.14645776 0.61027671 0.72857713 0.05017296
 0.72506311 0.92254907 0.19601845 0.75860179 0.15728922 0.40601931
 0.46230137 0.39185403 0.81812199 0.84386821 0.32300655 0.49139607
 0.21176561 0.47332065 0.58927733 0.46571259 0.56463802 0.15345806
 0.17371224 0.07257307]","[0.97422519 0.02877996 0.41189291 0.15489559 0.439914   0.07193913
 0.61824566 0.98283506 0.15793782 0.58699955 0.70896446 0.81408389
 0.36937874 0.79954536 0.53057001 0.14345121 0.44550306 0.65342288
 0.34376942 0.50661807 0.27687909 0.02128777 0.8527745  0.82170275
 0.58284486 0.27941335 0.20638048 0.55929145 0.7183424  0.19583603
 0.71768563 0.99455063 0.44058947 0.39360346 0.33719701 0.37799387
 0.40323593 0.34663378 0.9844177  0.90767302 0.45156009 0.42826434
 0.38588116 0.13572782 0.48808217 0.39613258 0.38777451 0.11899254
 0.24742068 0.13907488]","[0.0025     0.00036569 0.0025     0.00224993 0.0025     0.0025
 0.0025     0.0025     0.0025     0.0025     0.0025     0.0025
 0.0025     0.0025     0.0025     0.00115851 0.00128651 0.00225097
 0.0025     0.0025     0.0025     0.00024809 0.0025     0.0025
 0.0025     0.00153861 0.00188397 0.0025     0.0025     0.0005922
 0.0025     0.0025     0.00193699 0.0025     0.00140217 0.0025
 0.0025     0.0025     0.0025     0.0025     0.0025     0.0025
 0.00124946 0.0025     0.0025     0.0025     0.0025     0.00125597
 0.00184809 0.00088789]","[0.0025     0.00019173 0.0025     0.00157161 0.0025     0.00076181
 0.0025     0.0025     0.00184469 0.0025     0.0025     0.0025
 0.0025     0.0025     0.0025     0.00080471 0.0025     0.0025
 0.00219532 0.0025     0.0025     0.0002711  0.0025     0.0025
 0.0025     0.0025     0.00201409 0.0025     0.0025     0.00178181
 0.0025     0.0025     0.0025     0.0025     0.0025     0.0025
 0.0025     0.0025     0.0025     0.0025     0.0025     0.0025
 0.0025     0.00101162 0.0025     0.0025     0.0025     0.00088078
 0.00242332 0.00162223]","[0.03963004 0.04011892 0.03789852 0.03733612 0.03505644 0.04373146
 0.03571649 0.04105587 0.03679746 0.04323851 0.03882416 0.0412939
 0.0372572  0.04019169 0.03294421 0.04319799 0.03823755 0.03469811
 0.04554235 0.0350297  0.03438533 0.03918225 0.0375136  0.03690866
 0.03440196 0.03610802 0.03842358 0.04027474 0.03581957 0.04116459
 0.04413323 0.03616743 0.03959809 0.03748487 0.03661219 0.04174408
 0.0395402  0.0416374  0.03728012 0.03988497 0.03780309 0.0391824
 0.04337979 0.04181603 0.03885262 0.03488343 0.03673809 0.0375129
 0.04167468 0.04105838]","[0.02066886 0.03970379 0.03427236 0.04728914 0.03615409 0.03758998
 0.02881842 0.02234248 0.04442135 0.03280661 0.03886433 0.02750709
 0.03487462 0.02361267 0.02883726 0.01936025 0.04896872 0.02747318
 0.04131736 0.03924142 0.02197619 0.04231348 0.024513   0.01862039
 0.01945992 0.01842075 0.03320916 0.02539698 0.02466663 0.02775828
 0.03469793 0.0408997  0.02200055 0.0317655  0.03099211 0.03691061
 0.03981131 0.03559457 0.02217957 0.0266785  0.02355483 0.04326082
 0.03455012 0.04384333 0.04201021 0.03841184 0.03571315 0.03358758
 0.02293586 0.02344927]","[0.00363575 0.00310944 0.00622915 0.0073813  0.01430934 0.00092271
 0.01186427 0.00229195 0.00866352 0.00109583 0.00468515 0.00211866
 0.00755766 0.00303741 0.02545935 0.00111133 0.00561649 0.01581842
 0.00048249 0.01441729 0.01725065 0.00418857 0.0069983  0.00838332
 0.01717169 0.01059871 0.00530424 0.00295708 0.01151851 0.00221124
 0.0008009  0.01041773 0.00367284 0.00705904 0.00914927 0.00182369
 0.00374096 0.00188992 0.00750605 0.00335185 0.00641229 0.00418838
 0.00104334 0.00178024 0.00464378 0.01502101 0.00881658 0.00699977
 0.00186652 0.00229006]","[3.55185213e-01 3.55142124e-03 1.77958400e-02 2.51791937e-04
 1.04581459e-02 6.83912654e-03 7.07670239e-02 2.66898877e-01
 7.23004098e-04 2.64003206e-02 4.62686217e-03 9.51754775e-02
 1.50580521e-02 2.11392174e-01 7.04592903e-02 4.36160186e-01
 1.31656225e-04 9.58898850e-02 2.10226208e-03 4.11134044e-03
 2.84728715e-01 1.50516253e-03 1.77727993e-01 4.86164397e-01
 4.29644327e-01 5.00116353e-01 2.37307539e-02 1.48925637e-01
 1.72429158e-01 9.00197449e-02 1.58192124e-02 2.41267144e-03
 2.83517226e-01 3.45729430e-02 4.20050822e-02 8.37849044e-03
 3.43171182e-03 1.22853479e-02 2.74726481e-01 1.13957451e-01
 2.13711996e-01 1.08737543e-03 1.64822031e-02 8.87162944e-04
 1.66773251e-03 5.32346745e-03 1.18756528e-02 2.14424207e-02
 2.39763663e-01 2.17995294e-01]","[ 6.91413879e-05  1.09553337e-04 -3.39746475e-05  1.07288361e-04
 -1.52349472e-04  9.89437103e-06 -2.51531601e-05 -6.41345978e-05
  1.00016594e-04 -3.14712524e-05 -1.00612640e-04  7.90357590e-05
 -1.19209290e-04 -2.62260437e-06  2.19702721e-04 -8.04662704e-05
 -1.18017197e-05  4.87565994e-05  9.56058502e-05  1.47461891e-04
 -1.66893005e-05  5.44786453e-05  2.00390816e-04  5.95092773e-04
  1.69515610e-04  1.10745430e-04  1.35898590e-05  3.09705734e-04
  1.19090080e-04  5.73873520e-04 -8.66651535e-05 -4.05311584e-05
  3.11255455e-04 -1.31726265e-04 -9.73939896e-05 -1.28269196e-04
  3.04698944e-04  1.03712082e-04  7.51018524e-06 -7.51018524e-05
  5.92470169e-05  5.28454781e-04 -8.20159912e-05 -2.36034393e-05
  7.17639923e-05 -8.20159912e-05  1.11460686e-04  1.22070312e-04
 -9.21487808e-05  4.04834747e-04]","[-8.29696655e-05  3.05771828e-04  2.29120255e-04  9.65595245e-04
  2.11477280e-04  5.01871109e-04  5.94615936e-04 -2.52723694e-05
  1.25873089e-03  2.57492065e-04  2.08973885e-04  2.06828117e-04
  1.82747841e-04 -6.07967377e-05 -6.85453415e-05  1.19209290e-07
  5.27620316e-04  6.52313232e-04  6.66141510e-04  4.12344933e-04
  5.57899475e-05  6.30736351e-04 -9.88245010e-05 -9.53674316e-05
 -1.85370445e-04 -1.39951706e-04 -1.75237656e-05  1.26361847e-05
 -1.07645988e-04  1.46985054e-04  2.77638435e-04  6.37650490e-04
  2.94804573e-04  4.31060791e-04  2.34842300e-05  1.44481659e-04
  8.61406326e-04  7.50064850e-04  9.95397568e-05  3.61204147e-05
  3.73601913e-04  1.91545486e-03  2.86459923e-04  4.94003296e-04
  4.88162041e-04  5.82933426e-05  1.24573708e-04 -9.28640366e-05
  1.54495239e-04 -3.79085541e-05]","[0.01621726 0.01505941 0.0146243  0.01615608 0.00935561 0.01591081
 0.01519136 0.01352466 0.01767169 0.01432101 0.0114307  0.01642728
 0.01155158 0.01484466 0.01800961 0.01232705 0.01264328 0.01524213
 0.01289157 0.01897762 0.01538273 0.01516619 0.01917875 0.02524432
 0.01722895 0.01691941 0.01517165 0.02107692 0.01662394 0.02319214
 0.0126386  0.01422964 0.02092988 0.01251046 0.01185416 0.01122255
 0.01901602 0.01557226 0.01687855 0.01421873 0.0159099  0.0231225
 0.01365028 0.0137798  0.01728322 0.01378831 0.01781876 0.01760706
 0.01290512 0.02156699]","[0.00809512 0.01484287 0.01789308 0.02322207 0.01536613 0.02218791
 0.02191198 0.00953157 0.02885751 0.01571091 0.01404312 0.01561429
 0.0161838  0.00935808 0.00843887 0.01149505 0.01884096 0.02319158
 0.01945733 0.02020902 0.01325578 0.02190301 0.00942242 0.00825204
 0.00572579 0.00702549 0.01099311 0.01059746 0.00744253 0.01217335
 0.01569637 0.02189833 0.01695901 0.01818551 0.01251726 0.01504447
 0.02369616 0.02263733 0.01507632 0.01300738 0.01815893 0.03218798
 0.01731725 0.01697174 0.02048564 0.01253016 0.0119925  0.00896174
 0.01495643 0.0096204 ]",0.47276828413790356,0.46890820970143193,0.27333890689768897,0.2786125522619043,0.4580338107137765,0.46680431844384884,0.2626227666204729,0.27088682372664885,0.0021531008024528032,0.0021974964673123197,0.0006325711625879846,0.0006286619813799336,0.03877926002562046,0.03186612273812294,0.002928896793960047,0.008408582494081537,7.359981536865234e-05,0.0002893233299255371,0.00017813070488065762,0.00039574608618168276,0.015881309334317962,0.015582863348361613,0.003334075921873861,0.0058140532349581844
df1,0.1,1.0,0.0,0.0,0.9,0.0,1.0,"[0.8633028  0.10315938 0.77002924 0.29176485 0.0539576  0.18488568
 0.48382277 0.96996014 0.08151459 0.48382277 0.61225166 0.91946676
 0.93482727 0.45963725 0.39108739 0.16077182 0.41323244 0.90235528
 0.27423335 0.53390728 0.66552932 0.93482727 0.08825991 0.21173982
 0.55967522 0.99328163 0.08825991 0.29176485 0.31007573 0.3490397
 0.84163603 0.50859953 0.71851426 0.63886042 0.79482654 0.45963725
 0.06932183 0.58582128 0.81875363 0.55967522 0.1200888  0.79482654
 0.94837208 0.63886042 0.22624166 0.18488568 0.22624166 0.63886042
 0.50859953 0.91946676]","[0.43609338 0.10315938 0.88359176 0.21173982 0.36968362 0.81875363
 0.55967522 0.69212796 0.03809482 0.1200888  0.50859953 0.94837208
 0.50859953 0.08825991 0.96996014 0.63886042 0.48382277 0.55967522
 0.03483221 0.17249627 0.63886042 0.58582128 0.00470847 0.32916807
 0.04542867 0.96007647 0.10315938 0.43609338 0.04542867 0.12937218
 0.96007647 0.43609338 0.41323244 0.58582128 0.50859953 0.36968362
 0.19796045 0.25747545 0.58582128 0.74453538 0.48382277 0.96007647
 0.66552932 0.16077182 0.02646763 0.03809482 0.81875363 0.8633028
 0.50859953 0.58582128]","[0.8633028  0.10315938 0.77002924 0.29176485 0.0539576  0.18488568
 0.48382277 0.96996014 0.08151459 0.48382277 0.61225166 0.91946676
 0.93482727 0.45963725 0.39108739 0.16077182 0.41323244 0.90235528
 0.27423335 0.53390728 0.66552932 0.93482727 0.08825991 0.21173982
 0.55967522 0.99328163 0.08825991 0.29176485 0.31007573 0.3490397
 0.84163603 0.50859953 0.71851426 0.63886042 0.79482654 0.45963725
 0.06932183 0.58582128 0.81875363 0.55967522 0.1200888  0.79482654
 0.94837208 0.63886042 0.22624166 0.18488568 0.22624166 0.63886042
 0.50859953 0.91946676]","[0.43609338 0.10315938 0.88359176 0.21173982 0.36968362 0.81875363
 0.55967522 0.69212796 0.03809482 0.1200888  0.50859953 0.94837208
 0.50859953 0.08825991 0.96996014 0.63886042 0.48382277 0.55967522
 0.03483221 0.17249627 0.63886042 0.58582128 0.00470847 0.32916807
 0.04542867 0.96007647 0.10315938 0.43609338 0.04542867 0.12937218
 0.96007647 0.43609338 0.41323244 0.58582128 0.50859953 0.36968362
 0.19796045 0.25747545 0.58582128 0.74453538 0.48382277 0.96007647
 0.66552932 0.16077182 0.02646763 0.03809482 0.81875363 0.8633028
 0.50859953 0.58582128]","[0.83361986 0.10742667 0.83411469 0.34299354 0.09578617 0.29609216
 0.59294353 0.95921608 0.05617503 0.43967332 0.79936573 0.92522194
 0.86739096 0.44584253 0.42663194 0.3219156  0.2964654  0.73663262
 0.41757496 0.51022757 0.55946856 0.94411702 0.03057393 0.29103161
 0.49336305 0.98513705 0.12886259 0.15931972 0.17863424 0.29652855
 0.86312779 0.31787949 0.58935272 0.63832727 0.66906708 0.37813164
 0.23038642 0.60845664 0.66793511 0.65635749 0.26670841 0.77977128
 0.81539292 0.68972803 0.19537228 0.36144039 0.49109849 0.63770558
 0.29714902 0.82626752]","[0.31714446 0.06993214 0.78779234 0.22462673 0.2820918  0.7035919
 0.63511427 0.80298329 0.08214922 0.0955956  0.47407309 0.8794625
 0.38969739 0.09089284 0.93355727 0.54756339 0.43433551 0.46987091
 0.11059987 0.22595193 0.34799666 0.8282403  0.00505281 0.17856132
 0.12881887 0.94068111 0.06365874 0.46904854 0.02957788 0.22743293
 0.98126207 0.44073859 0.2626838  0.52093271 0.38972273 0.34049577
 0.18937857 0.4141761  0.48868374 0.73223273 0.40414815 0.94162591
 0.5456656  0.29147168 0.02334681 0.04987859 0.7296386  0.8302268
 0.43287442 0.71186596]","[0.0025     0.00146939 0.0025     0.00226977 0.00118869 0.0025
 0.0025     0.0025     0.0004279  0.0025     0.0025     0.0025
 0.0025     0.0025     0.0025     0.0025     0.00241092 0.0025
 0.0025     0.0025     0.0025     0.0025     0.00031108 0.00172052
 0.0025     0.0025     0.00125131 0.00119186 0.00178931 0.0025
 0.0025     0.0025     0.0025     0.0025     0.0025     0.0025
 0.0025     0.0025     0.0025     0.0025     0.00235114 0.0025
 0.0025     0.0025     0.00177417 0.0025     0.0025     0.0025
 0.0017048  0.0025    ]","[2.50000000e-03 8.90972179e-04 2.50000000e-03 1.54785730e-03
 2.50000000e-03 2.50000000e-03 2.50000000e-03 2.50000000e-03
 7.43781017e-04 8.08599491e-04 2.50000000e-03 2.50000000e-03
 2.50000000e-03 1.14890219e-03 2.50000000e-03 2.50000000e-03
 2.50000000e-03 2.50000000e-03 8.98926033e-04 1.36451177e-03
 1.83786054e-03 2.50000000e-03 5.41508515e-05 1.13849823e-03
 1.74006328e-03 2.50000000e-03 5.98779507e-04 2.50000000e-03
 3.39466208e-04 1.76534566e-03 2.50000000e-03 2.50000000e-03
 2.50000000e-03 2.50000000e-03 2.50000000e-03 2.50000000e-03
 2.50000000e-03 2.50000000e-03 2.50000000e-03 2.50000000e-03
 2.50000000e-03 2.50000000e-03 2.50000000e-03 2.50000000e-03
 2.06909245e-04 3.19741826e-04 2.50000000e-03 2.50000000e-03
 2.18909668e-03 2.50000000e-03]","[0.03381776 0.04234304 0.03990831 0.03770798 0.0390107  0.04121474
 0.0403589  0.03512891 0.03903964 0.0378571  0.0362861  0.03884516
 0.03858186 0.03885291 0.04263157 0.03769773 0.03773416 0.03916702
 0.04023556 0.03983638 0.04531357 0.04702918 0.05278603 0.04124521
 0.0393078  0.03713509 0.03853418 0.0412904  0.03555557 0.03921746
 0.04161111 0.03374579 0.03777377 0.04195912 0.04520891 0.03925904
 0.03632508 0.03493358 0.03306862 0.03757698 0.03767683 0.03613586
 0.03869649 0.03999026 0.03687022 0.03749776 0.03693413 0.04021455
 0.03662765 0.03820246]","[0.03858642 0.04583298 0.04233229 0.02812072 0.03032296 0.02805537
 0.03830871 0.0207469  0.04347481 0.03455915 0.02733525 0.0318168
 0.03607267 0.03536921 0.02625672 0.0305074  0.02727023 0.02325684
 0.03714032 0.03868008 0.04118731 0.03848547 0.05501792 0.03083123
 0.05088876 0.03844931 0.03419643 0.01671802 0.0351064  0.03700245
 0.02111394 0.02913304 0.04245167 0.03860195 0.03035769 0.04178055
 0.04045053 0.04287834 0.0339144  0.03802549 0.03681202 0.0328835
 0.03283282 0.03885808 0.04010769 0.04640951 0.03004844 0.02993277
 0.02382461 0.0315071 ]","[2.01485546e-02 1.49013067e-03 3.32691059e-03 6.59968130e-03
 4.42010291e-03 2.17489913e-03 2.87768236e-03 1.40203163e-02
 4.38022955e-03 6.30804627e-03 1.00645661e-02 4.65460041e-03
 5.05118101e-03 4.64335919e-03 1.35057723e-03 6.62017395e-03
 6.54759302e-03 4.20866546e-03 2.99473264e-03 3.40433325e-03
 5.24430791e-04 2.77810810e-04 2.77242611e-05 2.15309130e-03
 4.02625934e-03 7.83811086e-03 5.12621982e-03 2.12112645e-03
 1.24228472e-02 4.14245211e-03 1.90658605e-03 2.05454476e-02
 6.46951888e-03 1.69667668e-03 5.44740515e-04 4.08859150e-03
 9.95096237e-03 1.48114906e-02 2.46341961e-02 6.86598480e-03
 6.66212314e-03 1.05135557e-02 4.87486046e-03 3.24067614e-03
 8.47923373e-03 7.03172940e-03 8.32032258e-03 3.01510171e-03
 9.10779292e-03 5.67724500e-03]","[5.04405659e-03 4.33739822e-04 1.49558081e-03 8.29946951e-02
 4.95210075e-02 8.42261512e-02 5.49511727e-03 3.50681034e-01
 1.00937331e-03 1.64410068e-02 9.88424126e-02 3.41234386e-02
 1.07077436e-02 1.30992725e-02 1.24633458e-01 4.73413500e-02
 1.00260399e-01 2.25971471e-01 7.82590900e-03 4.89975485e-03
 2.19470434e-03 5.20393843e-03 1.05618804e-05 4.37150974e-02
 6.10214993e-05 5.26233339e-03 1.81708390e-02 6.24906153e-01
 1.41095317e-02 8.15343875e-03 3.30001871e-01 6.57751480e-02
 1.43608514e-03 5.01985878e-03 4.91040385e-02 1.80154371e-03
 2.79347713e-03 1.24098229e-03 1.96264037e-02 5.99289069e-03
 8.62634347e-03 2.58708146e-02 2.62187533e-02 4.63589164e-03
 3.12069864e-03 3.50428735e-04 5.29256301e-02 5.44195424e-02
 2.03057126e-01 3.69166145e-02]","[-1.28984451e-04  4.95195389e-04 -1.56164169e-05 -4.45842743e-05
  4.36306000e-05 -1.17659569e-04 -2.65836716e-05 -1.99079514e-05
  7.09414482e-04 -1.47819519e-05 -1.34825706e-04 -5.57899475e-05
 -2.24113464e-05  7.45296478e-04 -7.90357590e-05 -2.59876251e-05
  3.05175781e-04  3.60846519e-04  1.43051147e-05 -6.36577606e-05
  2.36034393e-04  1.52349472e-04  2.23004818e-03  1.56641006e-04
  1.17897987e-04  5.44786453e-05 -1.17182732e-04 -8.17775726e-05
 -1.06096268e-04  1.43408775e-04  7.22408295e-05  3.75509262e-05
 -4.67300415e-05 -1.70469284e-05  6.31809235e-05  1.77741051e-04
  1.62363052e-04  2.26497650e-05 -3.15904617e-05 -4.14848328e-05
  7.10487366e-05 -3.05175781e-05 -2.69412994e-05 -3.18288803e-05
 -1.04546547e-04  1.80006027e-05  3.79085541e-05 -7.98702240e-05
 -1.27196312e-04 -7.54594803e-05]","[ 2.40206718e-04  1.36172771e-03  1.01149082e-03  2.22802162e-04
  8.98838043e-05  8.22544098e-06  8.37326050e-04  2.79188156e-04
  1.79982185e-03  5.84125519e-04  4.05311584e-05  3.37600708e-04
  7.59601593e-04 -1.23143196e-04  4.10199165e-04  1.45316124e-04
 -1.78813934e-04 -1.86800957e-04  4.22239304e-04  1.72734261e-04
  8.81910324e-04  1.14107132e-03  3.93199921e-03  1.02877617e-03
  9.81330872e-04  7.38024712e-04  1.77979469e-04  4.14848328e-05
  2.10762024e-04 -9.98973846e-05  3.33189964e-04 -2.95639038e-05
  3.80277634e-04  4.48346138e-04  2.23994255e-04  9.93728638e-04
  1.08480453e-03  8.70347023e-04  1.28030777e-04  5.74350357e-04
  8.51511955e-04 -2.45571136e-05  4.48226929e-04  1.18422508e-03
  6.75916672e-04  1.04272366e-03  4.99606133e-04  2.39610672e-05
  2.98023224e-05  3.11136246e-04]","[0.0102404  0.02124022 0.01378445 0.0162254  0.01535835 0.01201845
 0.01419027 0.01422555 0.02587408 0.01444255 0.01107654 0.01502206
 0.01370899 0.02572458 0.01311029 0.01670759 0.02131992 0.02156629
 0.01240791 0.01343701 0.01533786 0.01792837 0.03859752 0.01606313
 0.01665676 0.013974   0.0108017  0.01171146 0.0112228  0.01784657
 0.01677596 0.01641524 0.01317039 0.01343302 0.01867376 0.01735818
 0.01787067 0.01478592 0.01541731 0.01382207 0.01707341 0.0137419
 0.01246775 0.01185736 0.01143277 0.01423737 0.01490327 0.01362884
 0.01081754 0.01289296]","[0.01509058 0.03124126 0.02682195 0.01769117 0.01210755 0.0122543
 0.02464644 0.01807485 0.03287961 0.02163324 0.0129004  0.01913083
 0.02307623 0.00691507 0.02019454 0.01506293 0.00655459 0.0049205
 0.0165602  0.01500352 0.02242673 0.02680275 0.05018242 0.02448205
 0.0251549  0.02228467 0.01504027 0.01176106 0.01656641 0.00787345
 0.01824928 0.00947868 0.01663597 0.01639358 0.01608627 0.02377261
 0.02571354 0.02431055 0.01640061 0.02190899 0.02393042 0.00961478
 0.0187218  0.02525611 0.02348946 0.02462246 0.02160508 0.01310242
 0.01108356 0.01660708]",0.5116506638672671,0.4519028558152881,0.29539506498075974,0.30149856721342444,0.5070400436003903,0.42994289846887734,0.27076112464197327,0.28896006595054197,0.0022472171015894137,0.0020018692400080775,0.0005401643838865937,0.0007888861050206873,0.039079565268158915,0.034877065630555155,0.0034522336037164625,0.007663039720345661,9.518623352050781e-05,0.0005463552474975586,0.0003617364763476677,0.0006668615063202529,0.015651935283755546,0.019046354323902295,0.004788104802469604,0.00782891083835246
df1,0.12,1.0,0.0,0.0,0.88,0.0,1.0,"[0.96996014 0.45963725 0.91946676 0.139232   0.74453538 0.24148215
 0.07520917 0.71851426 0.50859953 0.58582128 0.79482654 0.45963725
 0.06932183 0.61225166 0.63886042 0.18488568 0.88359176 0.8633028
 0.99328163 0.31007573 0.8633028  0.58582128 0.69212796 0.43609338
 0.01100057 0.48382277 0.96007647 0.55967522 0.18488568 0.00992823
 0.16077182 0.16077182 0.22624166 0.91946676 0.36968362 0.55967522
 0.02192948 0.25747545 0.12937218 0.74453538 0.43609338 0.01217651
 0.139232   0.19796045 0.98457739 0.24148215 0.91946676 0.48382277
 0.43609338 0.81875363]","[7.70029237e-01 1.72496272e-01 8.82599083e-02 8.15145929e-02
 6.12251659e-01 1.49691056e-01 4.95346404e-02 3.91087390e-01
 5.33907283e-01 4.36093382e-01 8.63302804e-01 1.03159376e-01
 4.36093382e-01 8.18753631e-01 7.18514257e-01 6.93218252e-02
 6.38860419e-01 6.65529322e-01 9.69960143e-01 2.91764847e-01
 7.70029237e-01 7.94826541e-01 4.13232440e-01 4.83822766e-01
 1.20088801e-01 2.41482152e-01 6.38860419e-01 6.12251659e-01
 2.26241661e-01 4.26159664e-04 1.60771824e-01 2.74233349e-01
 4.83822766e-01 5.59675216e-01 6.38860419e-01 6.92127962e-01
 7.25488863e-03 1.60771824e-01 1.29372179e-01 7.44535382e-01
 1.29372179e-01 2.57475452e-01 3.80948244e-02 5.85821277e-01
 9.34827271e-01 5.08599525e-01 7.44535382e-01 8.83591758e-01
 6.65529322e-01 2.41482152e-01]","[0.96996014 0.45963725 0.91946676 0.139232   0.74453538 0.24148215
 0.07520917 0.71851426 0.50859953 0.58582128 0.79482654 0.45963725
 0.06932183 0.61225166 0.63886042 0.18488568 0.88359176 0.8633028
 0.99328163 0.31007573 0.8633028  0.58582128 0.69212796 0.43609338
 0.01100057 0.48382277 0.96007647 0.55967522 0.18488568 0.00992823
 0.16077182 0.16077182 0.22624166 0.91946676 0.36968362 0.55967522
 0.02192948 0.25747545 0.12937218 0.74453538 0.43609338 0.01217651
 0.139232   0.19796045 0.98457739 0.24148215 0.91946676 0.48382277
 0.43609338 0.81875363]","[7.70029237e-01 1.72496272e-01 8.82599083e-02 8.15145929e-02
 6.12251659e-01 1.49691056e-01 4.95346404e-02 3.91087390e-01
 5.33907283e-01 4.36093382e-01 8.63302804e-01 1.03159376e-01
 4.36093382e-01 8.18753631e-01 7.18514257e-01 6.93218252e-02
 6.38860419e-01 6.65529322e-01 9.69960143e-01 2.91764847e-01
 7.70029237e-01 7.94826541e-01 4.13232440e-01 4.83822766e-01
 1.20088801e-01 2.41482152e-01 6.38860419e-01 6.12251659e-01
 2.26241661e-01 4.26159664e-04 1.60771824e-01 2.74233349e-01
 4.83822766e-01 5.59675216e-01 6.38860419e-01 6.92127962e-01
 7.25488863e-03 1.60771824e-01 1.29372179e-01 7.44535382e-01
 1.29372179e-01 2.57475452e-01 3.80948244e-02 5.85821277e-01
 9.34827271e-01 5.08599525e-01 7.44535382e-01 8.83591758e-01
 6.65529322e-01 2.41482152e-01]","[0.94973605 0.39492734 0.8101619  0.11550144 0.90167095 0.34571239
 0.1007276  0.7389727  0.43659123 0.59723378 0.71705609 0.55426523
 0.08602091 0.45783704 0.57250395 0.20304299 0.98049187 0.79164993
 0.98950098 0.25403927 0.75567729 0.68289334 0.54671294 0.67427217
 0.03426127 0.40401756 0.9240372  0.65666654 0.31274797 0.01767033
 0.14020611 0.25616177 0.23771194 0.74972071 0.41090026 0.42305445
 0.0228358  0.28345703 0.08390856 0.7203452  0.46058443 0.01158442
 0.30718301 0.22858264 0.97642645 0.32196491 0.9013417  0.39091608
 0.62066297 0.58722973]","[0.67585443 0.26804255 0.22033314 0.03495466 0.80438656 0.21062382
 0.07356815 0.28073008 0.43412106 0.48111382 0.93049952 0.07744898
 0.1591909  0.58582155 0.66421141 0.10623895 0.78557911 0.74272631
 0.98649848 0.27420297 0.69036112 0.67216883 0.30625723 0.40362592
 0.18896165 0.3991078  0.58326879 0.50391361 0.22673857 0.00196126
 0.25181041 0.36855704 0.24760705 0.60701647 0.39575402 0.63712268
 0.01147147 0.33090883 0.04522362 0.7954009  0.21513267 0.12597807
 0.13738473 0.483622   0.88409345 0.44727007 0.70362159 0.85446782
 0.55473649 0.56619271]","[2.50000000e-03 2.50000000e-03 2.50000000e-03 1.29562589e-03
 2.50000000e-03 2.50000000e-03 1.12431172e-03 2.50000000e-03
 2.50000000e-03 2.50000000e-03 2.50000000e-03 2.50000000e-03
 8.47063544e-04 2.50000000e-03 2.50000000e-03 7.18329125e-04
 2.50000000e-03 2.50000000e-03 2.50000000e-03 2.50000000e-03
 2.50000000e-03 2.50000000e-03 2.50000000e-03 2.50000000e-03
 4.22581660e-04 2.50000000e-03 2.50000000e-03 2.50000000e-03
 2.50000000e-03 2.69486863e-04 1.84777098e-03 2.32937079e-03
 1.15887682e-03 2.50000000e-03 2.50000000e-03 2.50000000e-03
 4.16909756e-04 2.50000000e-03 9.51878322e-04 2.50000000e-03
 2.50000000e-03 8.11297589e-05 2.50000000e-03 2.28809773e-03
 2.50000000e-03 2.50000000e-03 2.50000000e-03 2.50000000e-03
 2.50000000e-03 2.50000000e-03]","[2.50000000e-03 1.88613815e-03 2.31172619e-03 4.01348439e-04
 2.50000000e-03 2.08349163e-03 7.28796790e-04 2.50000000e-03
 2.50000000e-03 2.50000000e-03 2.50000000e-03 9.58770506e-04
 1.81128639e-03 2.50000000e-03 2.50000000e-03 2.68324945e-04
 2.50000000e-03 2.50000000e-03 2.50000000e-03 2.22465624e-03
 2.50000000e-03 2.50000000e-03 2.38537413e-03 2.50000000e-03
 2.40175325e-03 2.50000000e-03 2.50000000e-03 2.50000000e-03
 2.50000000e-03 2.92769435e-05 2.50000000e-03 2.50000000e-03
 1.43928812e-03 2.50000000e-03 2.50000000e-03 2.50000000e-03
 1.66552740e-04 2.50000000e-03 4.34620075e-04 2.50000000e-03
 2.02272034e-03 9.57603869e-04 1.07072565e-03 2.50000000e-03
 2.50000000e-03 2.50000000e-03 2.50000000e-03 2.50000000e-03
 2.50000000e-03 2.50000000e-03]","[0.03586213 0.03766857 0.03653837 0.03799818 0.04051098 0.03890224
 0.04010259 0.04325433 0.03533245 0.03671698 0.04108375 0.03867745
 0.03639005 0.04209176 0.04008759 0.0480264  0.0419407  0.03466276
 0.03706125 0.03774573 0.03829319 0.03951737 0.04293894 0.03977833
 0.04048452 0.03855302 0.03831987 0.04202498 0.03841217 0.04422101
 0.03778397 0.03978385 0.0428059  0.04300862 0.03581218 0.03765889
 0.03903654 0.03992684 0.03993145 0.03835318 0.04130844 0.04383345
 0.04140816 0.03784377 0.04093359 0.03668593 0.03772149 0.0365929
 0.04115929 0.03517929]","[0.03446751 0.032645   0.04178685 0.04366857 0.02853159 0.02194246
 0.04632687 0.03670226 0.02695966 0.04016823 0.03541714 0.04501206
 0.02365608 0.01349213 0.02971738 0.03021579 0.03447797 0.02713435
 0.02605326 0.04414363 0.02735145 0.03129395 0.04140972 0.0339169
 0.03193633 0.02758725 0.02893061 0.03680156 0.03127255 0.04135774
 0.0542447  0.0261916  0.04244757 0.02121504 0.03378028 0.02560245
 0.0446419  0.02719768 0.03326164 0.02545252 0.04601209 0.02066515
 0.03945707 0.03605479 0.04768498 0.03707683 0.03192241 0.01962952
 0.03837707 0.04169053]","[0.0113784  0.00667877 0.00934961 0.006043   0.00273918 0.00457248
 0.00312582 0.00108983 0.01323654 0.00887158 0.002271   0.00490376
 0.00976418 0.00162248 0.00314094 0.00018995 0.00170722 0.01597475
 0.00801226 0.00652471 0.00552138 0.00376814 0.00121537 0.00346802
 0.00276282 0.00509646 0.0054763  0.00165945 0.00532292 0.00077638
 0.00644955 0.00346192 0.00127226 0.00118653 0.01154299 0.00669835
 0.00438449 0.00330723 0.00330235 0.0054205  0.00210849 0.00089025
 0.00203988 0.00633362 0.00238598 0.00895303 0.00657275 0.00920124
 0.00221511 0.01382253]","[1.68635020e-02 2.75447131e-02 1.79774470e-03 9.43283053e-04
 7.55949670e-02 2.86412703e-01 3.61367404e-04 8.91011109e-03
 1.07268381e-01 3.06046301e-03 1.29221989e-02 5.84957569e-04
 2.09663860e-01 8.54796927e-01 5.72983477e-02 5.08269408e-02
 1.68148046e-02 1.03278174e-01 1.30068247e-01 7.97960020e-04
 9.84918066e-02 3.89533912e-02 2.03881532e-03 1.96130545e-02
 3.30960116e-02 9.35039235e-02 6.89512883e-02 8.65302919e-03
 3.91631041e-02 2.07430200e-03 1.48220203e-05 1.26352392e-01
 1.43809317e-03 3.24452731e-01 2.03543509e-02 1.42798811e-01
 6.68231787e-04 1.01862341e-01 2.34009898e-02 1.47249054e-01
 4.06047201e-04 3.55400577e-01 3.84080513e-03 1.07632741e-02
 2.16551342e-04 7.97523625e-03 3.32142470e-02 4.18683760e-01
 5.38078942e-03 1.85665906e-03]","[-6.54459000e-05 -3.95774841e-05 -4.02927399e-05  1.45435333e-05
  8.76188278e-05 -2.98023224e-06  1.83701515e-04  7.51018524e-06
 -6.43730164e-06 -2.89678574e-05  6.55651093e-05 -8.97645950e-05
  1.33275986e-04  8.74161720e-04 -8.32080841e-05  1.77621841e-05
 -3.01599503e-05  1.43408775e-04 -3.08752060e-05  1.06930733e-04
  2.09808350e-05 -1.58071518e-04  2.69412994e-05  2.19345093e-05
  2.27808952e-04  1.43051147e-05 -5.72204590e-05  1.13725662e-04
  1.04188919e-04  4.50849533e-04  2.42471695e-04  5.24520874e-05
  3.95774841e-05  4.63128090e-04  8.98838043e-05  5.36441803e-06
  7.12871552e-04  7.87973404e-05 -6.55651093e-06 -8.45193863e-05
 -5.29289246e-05 -5.40018082e-05  2.37941742e-04 -5.23328781e-05
  1.32918358e-04  8.39233398e-05 -8.52346420e-05  9.53674316e-05
 -1.13844872e-04 -4.14848328e-05]","[ 5.36441803e-06  6.67214394e-04  2.04086304e-04  5.93543053e-04
  6.79492950e-05  1.61409378e-04  1.18696690e-03  5.69224358e-04
 -1.55091286e-04  4.38213348e-04  3.53932381e-04  4.81367111e-04
  3.74913216e-04  1.13129616e-04  3.53455544e-04  4.09007072e-04
  9.10282135e-04 -1.50322914e-04  2.20179558e-04  7.79867172e-04
 -6.03199005e-05  1.66654587e-04  6.90460205e-04  9.85026360e-04
 -6.28232956e-05  6.30259514e-04  1.37329102e-04  7.67827034e-04
 -9.69171524e-05  1.30355358e-03  1.11734867e-03  8.60691071e-05
  2.57015228e-04 -1.25288963e-04 -9.89437103e-05  3.28063965e-04
  1.74677372e-03 -9.83476639e-05 -8.11815262e-05  4.70876694e-05
  7.83443451e-04  3.25083733e-04  1.32608414e-03  5.13672829e-04
  7.82132149e-04  8.76903534e-04  1.06215477e-04 -9.04798508e-05
  8.32676888e-04 -5.40018082e-05]","[0.0137904  0.0127008  0.01432936 0.01447548 0.01766241 0.01651876
 0.01860395 0.01243912 0.01426492 0.01220688 0.0169443  0.00994469
 0.0142367  0.02823782 0.0108635  0.01189465 0.01368959 0.01813458
 0.01404785 0.01638625 0.01550417 0.00992639 0.01452284 0.0150807
 0.02005908 0.01488401 0.01461259 0.01841171 0.01685151 0.02176069
 0.01926482 0.01684956 0.01539297 0.02288217 0.01587604 0.01562777
 0.02418261 0.01628424 0.01620691 0.01319342 0.00970853 0.01503138
 0.01796621 0.01266551 0.01716974 0.01595151 0.01196729 0.01680703
 0.01025509 0.01471206]","[0.01170248 0.02147585 0.01560156 0.02351465 0.01136941 0.01528641
 0.02824425 0.02046361 0.00731432 0.0164264  0.01916262 0.01873783
 0.01599553 0.01306849 0.01455467 0.0182483  0.02295127 0.00661095
 0.01602386 0.02383651 0.00997039 0.01383007 0.02056163 0.02525601
 0.01009252 0.02375679 0.01326608 0.02307292 0.00847691 0.02963077
 0.02619263 0.01172464 0.01574593 0.00699412 0.00757786 0.01965937
 0.03249238 0.00869116 0.00922587 0.01222871 0.02271694 0.01919324
 0.02720147 0.01913143 0.02499131 0.02414723 0.01219895 0.00871906
 0.02166045 0.0100461 ]",0.4835761876634283,0.44004284424075135,0.3145667837165279,0.2879639949583198,0.48282756916417896,0.42871766649847687,0.29467897831626727,0.2712641347778771,0.0021250286590843975,0.0020716490879014917,0.0007339462206726092,0.0007622694363437905,0.03939930799126626,0.03373965331137181,0.002718497362326693,0.008535767680068853,7.452011108398438e-05,0.0004125213623046875,0.00019404115758737657,0.00045580629086894195,0.015619611562258733,0.017180838305288864,0.0036232642552616115,0.006734571396035629
df1,0.14,1.0,0.0,0.0,0.86,0.0,1.0,"[0.94837208 0.96996014 0.79482654 0.32916807 0.31007573 0.32916807
 0.24148215 0.63886042 0.61225166 0.61225166 0.39108739 0.93482727
 0.84163603 0.77002924 0.48382277 0.45963725 0.8633028  0.48382277
 0.18488568 0.0416213  0.71851426 0.55967522 0.74453538 0.36968362
 0.98457739 0.08825991 0.66552932 0.61225166 0.55967522 0.31007573
 0.8633028  0.24148215 0.01809676 0.139232   0.08825991 0.71851426
 0.63886042 0.39108739 0.91946676 0.22624166 0.55967522 0.139232
 0.31007573 0.97808957 0.00377043 0.53390728 0.74453538 0.18488568
 0.06383124 0.17249627]","[0.93482727 0.55967522 0.29176485 0.06383124 0.63886042 0.19796045
 0.12937218 0.08825991 0.12937218 0.58582128 0.07520917 0.3490397
 0.22624166 0.10315938 0.31007573 0.48382277 0.21173982 0.77002924
 0.21173982 0.06383124 0.8633028  0.11135888 0.63886042 0.39108739
 0.18488568 0.50859953 0.98957839 0.39108739 0.79482654 0.3490397
 0.36968362 0.90235528 0.00992823 0.10315938 0.04542867 0.21173982
 0.48382277 0.08825991 0.63886042 0.21173982 0.61225166 0.21173982
 0.12937218 0.77002924 0.01217651 0.61225166 0.19796045 0.03809482
 0.3490397  0.19796045]","[0.94837208 0.96996014 0.79482654 0.32916807 0.31007573 0.32916807
 0.24148215 0.63886042 0.61225166 0.61225166 0.39108739 0.93482727
 0.84163603 0.77002924 0.48382277 0.45963725 0.8633028  0.48382277
 0.18488568 0.0416213  0.71851426 0.55967522 0.74453538 0.36968362
 0.98457739 0.08825991 0.66552932 0.61225166 0.55967522 0.31007573
 0.8633028  0.24148215 0.01809676 0.139232   0.08825991 0.71851426
 0.63886042 0.39108739 0.91946676 0.22624166 0.55967522 0.139232
 0.31007573 0.97808957 0.00377043 0.53390728 0.74453538 0.18488568
 0.06383124 0.17249627]","[0.93482727 0.55967522 0.29176485 0.06383124 0.63886042 0.19796045
 0.12937218 0.08825991 0.12937218 0.58582128 0.07520917 0.3490397
 0.22624166 0.10315938 0.31007573 0.48382277 0.21173982 0.77002924
 0.21173982 0.06383124 0.8633028  0.11135888 0.63886042 0.39108739
 0.18488568 0.50859953 0.98957839 0.39108739 0.79482654 0.3490397
 0.36968362 0.90235528 0.00992823 0.10315938 0.04542867 0.21173982
 0.48382277 0.08825991 0.63886042 0.21173982 0.61225166 0.21173982
 0.12937218 0.77002924 0.01217651 0.61225166 0.19796045 0.03809482
 0.3490397  0.19796045]","[0.95785601 0.92286012 0.80756874 0.41059633 0.28899737 0.49988868
 0.23103699 0.61783403 0.53616955 0.56058958 0.25480999 0.77579968
 0.69079392 0.60316099 0.5783914  0.3012602  0.71676416 0.53419963
 0.10780428 0.09545111 0.73574762 0.43289064 0.83241625 0.39421497
 0.92270701 0.05217214 0.41536117 0.74190786 0.57370137 0.145488
 0.86049215 0.3673793  0.08353014 0.33949792 0.10859123 0.80720779
 0.66276015 0.21738685 0.7837221  0.41452099 0.37836892 0.10023827
 0.32047774 0.98171631 0.00452706 0.54210322 0.56543707 0.16056062
 0.01733436 0.24064981]","[0.9472719  0.4719444  0.30776821 0.0600467  0.58455484 0.23772236
 0.09543314 0.05624086 0.1647234  0.66067312 0.02955863 0.20768029
 0.16501037 0.0957932  0.23413972 0.39413905 0.15574429 0.84149044
 0.12740111 0.08137034 0.86841297 0.08697331 0.7077598  0.32643297
 0.22123559 0.27200511 0.99117294 0.29373524 0.75707716 0.24504576
 0.62915733 0.67016775 0.01582307 0.22093715 0.01951196 0.35922602
 0.33732741 0.17805477 0.48942554 0.52321293 0.63936733 0.18823848
 0.18628722 0.49647753 0.01679558 0.65278175 0.18426851 0.06504982
 0.17413452 0.15008496]","[2.50000000e-03 2.50000000e-03 2.50000000e-03 2.50000000e-03
 2.50000000e-03 2.50000000e-03 2.08823411e-03 2.50000000e-03
 2.50000000e-03 2.50000000e-03 2.50000000e-03 2.50000000e-03
 2.50000000e-03 2.50000000e-03 2.50000000e-03 2.17776777e-03
 2.50000000e-03 2.50000000e-03 7.85094108e-04 2.58730117e-04
 2.50000000e-03 2.50000000e-03 2.50000000e-03 2.50000000e-03
 2.50000000e-03 4.78447461e-04 2.50000000e-03 2.50000000e-03
 2.50000000e-03 1.24828267e-03 2.50000000e-03 2.50000000e-03
 1.38613026e-03 1.83602754e-03 1.25088729e-03 2.50000000e-03
 2.50000000e-03 1.89583157e-03 2.50000000e-03 2.50000000e-03
 2.50000000e-03 1.25849731e-03 2.50000000e-03 2.50000000e-03
 5.93504221e-05 2.50000000e-03 2.50000000e-03 9.55543065e-04
 2.42073827e-04 8.98650871e-04]","[0.0025     0.0025     0.0018594  0.00033159 0.0025     0.00185296
 0.0006671  0.00072116 0.00219188 0.0025     0.000372   0.00161287
 0.00165026 0.00103189 0.00149547 0.00229156 0.00196067 0.0025
 0.00080164 0.00024255 0.0025     0.00062658 0.0025     0.00242835
 0.00176936 0.00206631 0.0025     0.0025     0.0025     0.00219115
 0.0025     0.0025     0.00024659 0.00112331 0.00025129 0.0025
 0.0025     0.00177473 0.0025     0.0025     0.0025     0.00186873
 0.00184543 0.0025     0.00022129 0.0025     0.00193112 0.00031512
 0.00179594 0.00061176]","[0.03757043 0.03900526 0.04067155 0.04130688 0.03689381 0.04019242
 0.03897045 0.03621791 0.03786448 0.03549918 0.04070797 0.04423148
 0.04019398 0.03600671 0.04234945 0.04074315 0.03609335 0.03594339
 0.04347175 0.04437785 0.03726239 0.04290534 0.03990129 0.03652892
 0.04057661 0.03865331 0.03873211 0.04270946 0.04369983 0.04264736
 0.04220856 0.04203574 0.03590406 0.04151822 0.03858349 0.03648017
 0.03822776 0.0431924  0.03947952 0.04124814 0.04214151 0.03663161
 0.03884104 0.03744413 0.03892764 0.03765153 0.04089856 0.04340885
 0.03940796 0.04629864]","[0.03491979 0.05148545 0.03498234 0.03761368 0.04547471 0.05214292
 0.04369537 0.04874126 0.02841009 0.04527732 0.04086955 0.04490101
 0.03576565 0.03820531 0.04627837 0.04400908 0.04044243 0.04595094
 0.03162624 0.03708226 0.03151272 0.04107591 0.03614094 0.04367698
 0.03726402 0.03202087 0.02729709 0.04339688 0.03112687 0.01651872
 0.03650488 0.0349179  0.04176464 0.03981412 0.04344484 0.04151759
 0.04169494 0.01890261 0.03273364 0.02272732 0.03435502 0.03093664
 0.0345454  0.03537075 0.0254783  0.03258976 0.04559102 0.04217083
 0.02009576 0.03827031]","[0.00687954 0.00442763 0.00259965 0.00210958 0.00842027 0.00303669
 0.0044761  0.01026616 0.00629392 0.01262412 0.00256893 0.0007735
 0.00303517 0.01091392 0.00148689 0.00253957 0.01064384 0.0111152
 0.00101045 0.00073429 0.00754595 0.00122951 0.0033344  0.00937552
 0.00268134 0.00494061 0.00482124 0.00131505 0.00093301 0.00134331
 0.00155966 0.00165344 0.01124188 0.00196655 0.00504862 0.00951032
 0.00563338 0.00111348 0.0038136  0.00215101 0.00159544 0.00909722
 0.00466057 0.00714602 0.00453637 0.00671325 0.00241358 0.00103284
 0.00390092 0.00036518]","[1.48688490e-02 4.77618534e-05 1.46103433e-02 6.79040311e-03
 4.94545675e-04 3.63415432e-05 9.34465727e-04 1.43931137e-04
 7.77227210e-02 5.31383809e-04 2.43665035e-03 6.08857593e-04
 1.16982221e-02 5.67229778e-03 3.67935851e-04 8.36835847e-04
 2.80082578e-03 4.15307678e-04 3.58192409e-02 7.96236762e-03
 3.68642411e-02 2.27686787e-03 1.04980837e-02 9.40506505e-04
 7.54227155e-03 3.23858184e-02 9.96726255e-02 1.03715293e-03
 4.06177498e-02 6.39923174e-01 9.44177827e-03 1.48767115e-02
 1.81117452e-03 3.42863346e-03 1.01997234e-03 1.96696546e-03
 1.85392294e-03 4.66761974e-01 2.69117307e-02 2.49055901e-01
 1.73954211e-02 4.25879988e-02 1.65038045e-02 1.30935250e-02
 1.46475900e-01 2.79458079e-02 4.73977308e-04 1.57970027e-03
 3.89403102e-01 5.56031121e-03]","[ 5.06639481e-05  3.73601913e-04 -4.70876694e-05 -1.63316727e-05
 -6.61611557e-05  2.13861465e-04  4.05311584e-05  5.84125519e-06
 -7.27176666e-05 -5.12599945e-05 -2.47955322e-05  2.52723694e-05
  9.11951065e-05 -7.31945038e-05 -4.41074371e-05  1.66654587e-04
  9.77516174e-06  3.07917595e-04  5.23209572e-04  1.55925751e-04
  9.40561295e-05  5.66244125e-05  5.73396683e-05 -1.01685524e-04
 -8.61883163e-05 -8.01086426e-05  4.56333160e-04  4.08887863e-05
  1.72138214e-04 -6.91413879e-05  2.04205513e-04 -1.15633011e-05
 -6.61611557e-05 -6.30617142e-05 -1.02400780e-04  1.55925751e-04
  9.26256180e-05  1.02281570e-04  9.64403152e-05 -7.10487366e-05
 -2.31266022e-05  6.04391098e-05 -2.80141830e-05 -3.69548798e-06
  2.38895416e-04 -2.25305557e-05  1.91926956e-05 -1.01566315e-04
  1.98364258e-04  2.59280205e-04]","[ 3.82661819e-04  1.06108189e-03  4.82916832e-04  1.54852867e-04
  4.40478325e-04  1.09875202e-03  8.60929489e-04  3.22937965e-04
  2.19941139e-04  1.43766403e-04  6.50525093e-04  4.49895859e-04
  9.87052917e-05  2.01225281e-04  6.04510307e-04  1.49726868e-04
  1.42931938e-03  1.30128860e-03  1.52707100e-04  9.37104225e-04
  8.65578651e-04  2.08377838e-04  5.78403473e-04  3.62038612e-04
  3.57270241e-04  3.58819962e-05 -1.30414963e-04  1.07204914e-03
  3.55243683e-05  2.77400017e-04 -4.60147858e-05  5.11884689e-04
  6.02483749e-04  6.65664673e-04  7.88927078e-04  1.19102001e-03
 -1.26719475e-04 -1.57237053e-04  6.00814819e-05  8.63671303e-04
  5.28097153e-05 -1.07169151e-04  7.13586807e-04  7.94529915e-04
 -1.39832497e-04  4.98414040e-04  5.69105148e-04  3.12566757e-04
 -1.41978264e-04  9.91225243e-04]","[0.01503239 0.02115126 0.01312703 0.01551457 0.01326069 0.01599881
 0.01526327 0.01670327 0.01022487 0.01497447 0.01573669 0.0140902
 0.01606783 0.01219842 0.0112353  0.01823118 0.01383644 0.02127742
 0.02365155 0.01658564 0.01768269 0.01523681 0.01175326 0.01154723
 0.01283242 0.01467996 0.0212987  0.01186744 0.0183145  0.01295319
 0.01847132 0.01633036 0.01233804 0.01427247 0.0114452  0.01552862
 0.01788778 0.0172159  0.01586393 0.01058074 0.0149507  0.01583742
 0.01485057 0.0156593  0.01877517 0.01452258 0.0164796  0.01161886
 0.01749648 0.02032386]","[0.01813801 0.02810962 0.01988506 0.01603462 0.01819158 0.02546681
 0.02457231 0.01848187 0.01442867 0.01507259 0.02414277 0.01590445
 0.01252823 0.01612281 0.02021915 0.01381984 0.03147893 0.02833957
 0.01290728 0.02306576 0.02421343 0.01286383 0.02024316 0.01912925
 0.01983974 0.01247167 0.00743503 0.02466744 0.01088313 0.01636479
 0.00994038 0.01909187 0.01954124 0.02092022 0.02377502 0.03093605
 0.00758389 0.00789634 0.01063417 0.02290095 0.0125687  0.00747258
 0.02306753 0.02544719 0.00637514 0.01991414 0.02283342 0.01763606
 0.00727919 0.02751497]",0.4957781926256603,0.35686229176809653,0.2970170694898348,0.27677719279824947,0.47389883633968155,0.3376977376508387,0.2799187811491745,0.26936903479566593,0.0020863909677386397,0.0017530015225250993,0.0007352674159498162,0.0008309334122556264,0.0398491518431902,0.03722662128210068,0.0027163546820551054,0.008012371961488985,6.087064743041992e-05,0.0004540491104125977,0.00014559802313930754,0.00041940070697656686,0.015455527813820964,0.018167008210345965,0.003013650146351755,0.006604620235649717
df1,0.16,1.0,0.0,0.0,0.84,0.0,1.0,"[0.58582128 0.14969106 0.74453538 0.17249627 0.74453538 0.00806269
 0.53390728 0.05871658 0.90235528 0.81875363 0.63886042 0.97808957
 0.27423335 0.1200888  0.11135888 0.19796045 0.50859953 0.74453538
 0.71851426 0.24148215 0.14969106 0.63886042 0.58582128 0.69212796
 0.88359176 0.84163603 0.45963725 0.84163603 0.139232   0.48382277
 0.25747545 0.63886042 0.71851426 0.69212796 0.29176485 0.21173982
 0.43609338 0.48382277 0.03483221 0.63886042 0.36968362 0.41323244
 0.43609338 0.43609338 0.98457739 0.96007647 0.79482654 0.41323244
 0.98457739 0.05871658]","[0.79482654 0.139232   0.48382277 0.10315938 0.81875363 0.01346465
 0.39108739 0.09546732 0.39108739 0.61225166 0.66552932 0.74453538
 0.71851426 0.04953464 0.11135888 0.11135888 0.1200888  0.69212796
 0.79482654 0.19796045 0.91946676 0.55967522 0.3490397  0.25747545
 0.74453538 0.53390728 0.74453538 0.66552932 0.02903392 0.14969106
 0.17249627 0.81875363 0.21173982 0.66552932 0.29176485 0.29176485
 0.50859953 0.31007573 0.00585634 0.66552932 0.17249627 0.77002924
 0.39108739 0.11135888 0.94837208 0.08825991 0.84163603 0.61225166
 0.50859953 0.05871658]","[0.58582128 0.14969106 0.74453538 0.17249627 0.74453538 0.00806269
 0.53390728 0.05871658 0.90235528 0.81875363 0.63886042 0.97808957
 0.27423335 0.1200888  0.11135888 0.19796045 0.50859953 0.74453538
 0.71851426 0.24148215 0.14969106 0.63886042 0.58582128 0.69212796
 0.88359176 0.84163603 0.45963725 0.84163603 0.139232   0.48382277
 0.25747545 0.63886042 0.71851426 0.69212796 0.29176485 0.21173982
 0.43609338 0.48382277 0.03483221 0.63886042 0.36968362 0.41323244
 0.43609338 0.43609338 0.98457739 0.96007647 0.79482654 0.41323244
 0.98457739 0.05871658]","[0.79482654 0.139232   0.48382277 0.10315938 0.81875363 0.01346465
 0.39108739 0.09546732 0.39108739 0.61225166 0.66552932 0.74453538
 0.71851426 0.04953464 0.11135888 0.11135888 0.1200888  0.69212796
 0.79482654 0.19796045 0.91946676 0.55967522 0.3490397  0.25747545
 0.74453538 0.53390728 0.74453538 0.66552932 0.02903392 0.14969106
 0.17249627 0.81875363 0.21173982 0.66552932 0.29176485 0.29176485
 0.50859953 0.31007573 0.00585634 0.66552932 0.17249627 0.77002924
 0.39108739 0.11135888 0.94837208 0.08825991 0.84163603 0.61225166
 0.50859953 0.05871658]","[0.71002819 0.30704567 0.76013148 0.20146804 0.61892074 0.02726167
 0.5332942  0.06549794 0.68892287 0.8556607  0.69002053 0.95682269
 0.48944681 0.11754137 0.11754732 0.33776354 0.48543022 0.60319742
 0.59657753 0.41177518 0.25618949 0.60542945 0.42341542 0.31745364
 0.9015675  0.65547387 0.52915813 0.69728557 0.12009588 0.62610154
 0.51498384 0.59056191 0.67528392 0.76725918 0.33024664 0.14600321
 0.29993489 0.31055649 0.04025078 0.63294671 0.27660781 0.6519452
 0.55584575 0.39210886 0.98774393 0.99210041 0.92143389 0.42345185
 0.96379571 0.04829932]","[0.73251891 0.15325998 0.54591991 0.28150834 0.86191406 0.00960244
 0.4861394  0.05310945 0.4042985  0.55274935 0.62651188 0.8188883
 0.60591267 0.13872061 0.07888463 0.13166613 0.06072739 0.5864737
 0.72393288 0.24501052 0.84564144 0.63016126 0.2280448  0.18301724
 0.61710244 0.43782354 0.83969127 0.52537963 0.03962282 0.27686811
 0.19351008 0.93482624 0.20658066 0.88275101 0.24844387 0.33463614
 0.68666701 0.38619858 0.00562084 0.48346411 0.19184452 0.92817002
 0.40384247 0.17722746 0.95401964 0.26749368 0.88944956 0.65796737
 0.4490023  0.08874591]","[0.0025     0.0025     0.0025     0.0025     0.0025     0.00028335
 0.0025     0.00068508 0.0025     0.0025     0.0025     0.0025
 0.0025     0.0013959  0.0012278  0.00207112 0.0025     0.0025
 0.0025     0.0018095  0.0025     0.0025     0.0025     0.00166775
 0.0025     0.0025     0.0025     0.0025     0.00149229 0.0025
 0.0025     0.0025     0.0025     0.0025     0.00212862 0.00172777
 0.0025     0.00232827 0.00056662 0.0025     0.0025     0.0025
 0.0025     0.0025     0.0025     0.0025     0.0025     0.0025
 0.0025     0.00032018]","[2.50000000e-03 2.10156990e-03 2.50000000e-03 2.50000000e-03
 2.50000000e-03 1.01525113e-04 2.50000000e-03 3.95317965e-04
 2.50000000e-03 2.50000000e-03 2.50000000e-03 2.50000000e-03
 2.50000000e-03 1.80125519e-03 8.07044301e-04 1.05385796e-03
 4.20455059e-04 2.50000000e-03 2.50000000e-03 1.49316238e-03
 2.50000000e-03 2.50000000e-03 2.22168172e-03 9.10770847e-04
 2.50000000e-03 2.50000000e-03 2.50000000e-03 2.50000000e-03
 3.44395467e-04 2.50000000e-03 2.50000000e-03 2.50000000e-03
 2.50000000e-03 2.50000000e-03 1.62656544e-03 2.50000000e-03
 2.50000000e-03 2.50000000e-03 9.78976763e-05 2.50000000e-03
 2.04760212e-03 2.50000000e-03 2.50000000e-03 1.91600467e-03
 2.50000000e-03 2.50000000e-03 2.50000000e-03 2.50000000e-03
 2.50000000e-03 5.34540043e-04]","[0.04326053 0.03709967 0.04068565 0.04369026 0.03732491 0.04319512
 0.03931402 0.03971492 0.03994174 0.03892676 0.04398803 0.04074355
 0.03982356 0.0389119  0.04380504 0.03983534 0.04369523 0.03779219
 0.03602737 0.04441526 0.04341887 0.03961405 0.04030969 0.04729155
 0.03704489 0.04136203 0.03411763 0.03888554 0.04486578 0.03822774
 0.04020977 0.03953167 0.04169555 0.03800179 0.04343669 0.03843434
 0.03277519 0.03828184 0.03780457 0.04372031 0.04445139 0.03214381
 0.04748387 0.0428258  0.03584307 0.0350071  0.03709591 0.04210897
 0.04045466 0.04391941]","[0.0252041  0.03966265 0.03851631 0.04126801 0.02639287 0.0564383
 0.04245153 0.03843996 0.03157853 0.04425478 0.0335575  0.04304895
 0.01713856 0.02933724 0.04007088 0.04556098 0.03421039 0.0372013
 0.04291434 0.0317672  0.02259475 0.04023207 0.02372511 0.03471343
 0.03421685 0.03699243 0.03320362 0.0361371  0.05101239 0.05044063
 0.03649498 0.02557245 0.04213841 0.03504758 0.03772907 0.03419926
 0.03660099 0.03646897 0.05065771 0.02873903 0.03710817 0.03555189
 0.04336382 0.0420103  0.03436806 0.04171899 0.0285405  0.02948457
 0.03618509 0.02322176]","[0.00108749 0.00792123 0.00258772 0.00093614 0.00740613 0.00111243
 0.00401836 0.00353885 0.00329148 0.00453761 0.00084308 0.00253924
 0.00341831 0.00455871 0.00089919 0.00340547 0.00093451 0.0064335
 0.01084894 0.00072457 0.00102925 0.00365428 0.00292386 0.00025156
 0.00805131 0.00207135 0.01856747 0.00459636 0.00061663 0.00563342
 0.00301975 0.00375109 0.00185355 0.00603635 0.00102287 0.00528669
 0.02661944 0.00554067 0.0064094  0.00092633 0.0007153  0.031377
 0.00023383 0.0012636  0.01144095 0.01450913 0.00793009 0.00161308
 0.00278973 0.00086372]","[1.54867743e-01 3.59823120e-03 5.15461323e-03 2.13691080e-03
 1.21101166e-01 5.59712866e-06 1.43615602e-03 5.27753674e-03
 3.62552727e-02 7.67128735e-04 2.16168740e-02 1.17012027e-03
 5.93374340e-01 6.26986090e-02 3.15786723e-03 4.79211331e-04
 1.81013571e-02 7.68488805e-03 1.22570766e-03 3.45579162e-02
 2.55100272e-01 2.99809993e-03 2.06938265e-01 1.57510719e-02
 1.80692861e-02 8.17772975e-03 2.37657799e-02 1.05097959e-02
 5.80147193e-05 7.32111300e-05 9.46919297e-03 1.43680457e-01
 1.59711355e-03 1.43450212e-02 6.55770478e-03 1.81567451e-02
 9.17940336e-03 9.54156131e-03 6.70425626e-05 7.20763296e-02
 7.90119306e-03 1.24358909e-02 1.04915394e-03 1.66767945e-03
 1.73329986e-02 1.83906576e-03 7.54409352e-02 6.05560445e-02
 1.03644725e-02 2.27448882e-01]","[ 5.84959984e-04  2.22086906e-04  9.46521759e-05  1.10387802e-04
  3.39269638e-04  5.79714775e-04  1.25408173e-04  1.69277191e-04
 -7.39097595e-06 -1.01327896e-05 -6.60419464e-05  8.97645950e-05
  2.14576721e-05  6.16431236e-04  4.86254692e-04  3.08990479e-04
 -3.81469727e-06  2.43544579e-04  6.87241554e-04  3.36289406e-04
  9.57250595e-05 -8.70227814e-06  1.56164169e-04 -3.49283218e-05
 -2.51531601e-05 -8.35657120e-05 -8.49962234e-05 -7.12871552e-05
 -1.39474869e-05  6.24656677e-05 -7.99894333e-05  4.81963158e-04
 -5.12599945e-06 -1.46150589e-04  6.68764114e-05  6.15119934e-05
 -1.13129616e-04  1.42812729e-04  1.49965286e-04 -6.34193420e-05
  3.76701355e-05  1.22904778e-04  3.04698944e-04  9.88245010e-05
 -7.37905502e-05  3.45110893e-04 -4.70876694e-05 -2.87294388e-05
  1.86562538e-04 -3.33786011e-05]","[-2.56299973e-05  4.66465950e-04 -7.82012939e-05  7.19547272e-04
 -1.19805336e-04  2.20584869e-03  1.23739243e-04  1.36017799e-04
  2.03013420e-04  3.54051590e-04  7.98821449e-04  2.01344490e-04
 -7.98702240e-06  6.29425049e-05  1.52194500e-03  1.28293037e-03
  3.56197357e-04  1.38115883e-03  2.13432312e-03 -9.44137573e-05
  2.14338303e-04  1.63674355e-04  3.18288803e-05  2.90036201e-04
  3.42607498e-04  4.98056412e-04  1.60932541e-04  7.74860382e-05
  9.05632973e-04  6.50048256e-04  4.75764275e-04 -2.67028809e-05
  1.03700161e-03  3.94225121e-04  5.13195992e-04  9.85503197e-04
  1.84774399e-04  1.24835968e-03  1.24490261e-03  3.43322754e-04
  6.45041466e-04  1.59406662e-03  6.50763512e-04  1.05988979e-03
  1.54495239e-04  1.51717663e-03  7.06911087e-05  2.06232071e-05
  1.29258633e-03  2.10642815e-04]","[0.02366172 0.02081556 0.01688669 0.01836065 0.02010315 0.02480657
 0.01936497 0.01789134 0.01273296 0.01492556 0.0131005  0.01579988
 0.01468797 0.02428054 0.02125649 0.01944556 0.01244984 0.0183278
 0.02565543 0.02154275 0.01869147 0.01259828 0.01896378 0.01477845
 0.01499274 0.01256257 0.01274467 0.01314983 0.01481602 0.01100107
 0.00968295 0.02306646 0.01628313 0.01336004 0.01239294 0.01544916
 0.0112443  0.01765958 0.01708466 0.01350849 0.01753722 0.01712425
 0.01487324 0.01658594 0.01061639 0.01998572 0.01385707 0.01408843
 0.01833203 0.01120653]","[0.00933619 0.01840619 0.00984559 0.02429385 0.00733578 0.03541235
 0.01491822 0.01174033 0.01444333 0.01814002 0.02372942 0.01364562
 0.01223356 0.01172835 0.02841397 0.03092601 0.01544763 0.02675264
 0.03760479 0.00919388 0.01507499 0.01282606 0.01053409 0.01456267
 0.01758659 0.02024538 0.01496158 0.0126913  0.02433958 0.02008228
 0.01614056 0.00959758 0.02638766 0.01842306 0.01786802 0.02748207
 0.01551495 0.02780489 0.02673102 0.01791981 0.02184995 0.03002284
 0.02162116 0.02451702 0.01286065 0.02954847 0.01184543 0.01104864
 0.02693455 0.01475778]",0.5044771063009319,0.4289358902475518,0.290968464870023,0.2915585241100565,0.5045576980282287,0.4418312614088583,0.273070456730361,0.2903725350504302,0.0022040847529534563,0.002057472917012758,0.0006109365523706573,0.0007762412719829525,0.04025109085023403,0.036349687441587446,0.003454585153808622,0.00788143647813567,0.00012656450271606446,0.0005714654922485352,0.00020929793521358114,0.0005896805171518234,0.016486666011465364,0.018906567072581613,0.003975697769196678,0.00744750677712212
df1,0.18,1.0,0.0,0.0,0.8200000000000001,0.0,1.0,"[0.74453538 0.66552932 0.18488568 0.91946676 0.0539576  0.22624166
 0.55967522 0.8633028  0.11135888 0.08151459 0.96996014 0.06932183
 0.53390728 0.02903392 0.77002924 0.81875363 0.58582128 0.45963725
 0.16077182 0.06932183 0.90235528 0.8633028  0.02410401 0.0539576
 0.93482727 0.48382277 0.29176485 0.0416213  0.93482727 0.45963725
 0.50859953 0.14969106 0.41323244 0.09546732 0.22624166 0.94837208
 0.96996014 0.58582128 0.96007647 0.66552932 0.58582128 0.39108739
 0.39108739 0.139232   0.3490397  0.03483221 0.71851426 0.17249627
 0.45963725 0.91946676]","[0.22624166 0.32916807 0.21173982 0.31007573 0.00268159 0.10315938
 0.29176485 0.91946676 0.55967522 0.25747545 0.71851426 0.00992823
 0.69212796 0.01346465 0.81875363 0.77002924 0.03181713 0.31007573
 0.03483221 0.21173982 0.32916807 0.25747545 0.03809482 0.39108739
 0.93482727 0.06383124 0.04953464 0.00470847 0.98457739 0.55967522
 0.45963725 0.50859953 0.43609338 0.84163603 0.01346465 0.08151459
 0.74453538 0.8633028  0.97808957 0.16077182 0.18488568 0.50859953
 0.41323244 0.36968362 0.18488568 0.43609338 0.77002924 0.50859953
 0.50859953 0.17249627]","[0.74453538 0.66552932 0.18488568 0.91946676 0.0539576  0.22624166
 0.55967522 0.8633028  0.11135888 0.08151459 0.96996014 0.06932183
 0.53390728 0.02903392 0.77002924 0.81875363 0.58582128 0.45963725
 0.16077182 0.06932183 0.90235528 0.8633028  0.02410401 0.0539576
 0.93482727 0.48382277 0.29176485 0.0416213  0.93482727 0.45963725
 0.50859953 0.14969106 0.41323244 0.09546732 0.22624166 0.94837208
 0.96996014 0.58582128 0.96007647 0.66552932 0.58582128 0.39108739
 0.39108739 0.139232   0.3490397  0.03483221 0.71851426 0.17249627
 0.45963725 0.91946676]","[0.22624166 0.32916807 0.21173982 0.31007573 0.00268159 0.10315938
 0.29176485 0.91946676 0.55967522 0.25747545 0.71851426 0.00992823
 0.69212796 0.01346465 0.81875363 0.77002924 0.03181713 0.31007573
 0.03483221 0.21173982 0.32916807 0.25747545 0.03809482 0.39108739
 0.93482727 0.06383124 0.04953464 0.00470847 0.98457739 0.55967522
 0.45963725 0.50859953 0.43609338 0.84163603 0.01346465 0.08151459
 0.74453538 0.8633028  0.97808957 0.16077182 0.18488568 0.50859953
 0.41323244 0.36968362 0.18488568 0.43609338 0.77002924 0.50859953
 0.50859953 0.17249627]","[0.51747081 0.54121092 0.16532651 0.96136934 0.02364277 0.45870237
 0.65744495 0.85926808 0.28483893 0.05189608 0.89658332 0.08574737
 0.58314628 0.03155257 0.61945815 0.83937148 0.44965783 0.63739345
 0.29956513 0.07319391 0.64133914 0.86692792 0.05757322 0.09771053
 0.90089116 0.3648132  0.32920832 0.13765253 0.91095549 0.27036413
 0.67305244 0.1779792  0.25158425 0.17050252 0.08552504 0.94140715
 0.8806419  0.63092788 0.93613484 0.6669904  0.49350251 0.34429238
 0.31881669 0.24059461 0.26499506 0.08299944 0.7888062  0.40981553
 0.77454129 0.76317081]","[0.20561041 0.36879938 0.12656513 0.27342631 0.00117038 0.1358191
 0.29281032 0.87069049 0.4195011  0.25688395 0.4478996  0.02391785
 0.62804403 0.02563051 0.71550966 0.90913298 0.13172382 0.26433933
 0.10568731 0.17833073 0.4159774  0.40838204 0.01972513 0.46500648
 0.89514387 0.08915029 0.11201511 0.00859046 0.98504778 0.66778966
 0.29032879 0.588466   0.1639756  0.72734347 0.01664608 0.10389566
 0.71383117 0.82076651 0.96952196 0.13150023 0.18863244 0.44029251
 0.51295563 0.53138617 0.20828775 0.38819242 0.82119251 0.41400491
 0.45622523 0.18687518]","[0.0025     0.0025     0.00206466 0.0025     0.00028475 0.0025
 0.0025     0.0025     0.0025     0.00045692 0.0025     0.00134217
 0.0025     0.00015677 0.0025     0.0025     0.0025     0.0025
 0.0025     0.00098041 0.0025     0.0025     0.00087819 0.00116934
 0.0025     0.0025     0.0025     0.00145749 0.0025     0.0025
 0.0025     0.00135498 0.00120476 0.00187647 0.00058494 0.0025
 0.0025     0.0025     0.0025     0.0025     0.0025     0.0025
 0.0025     0.00102245 0.00243926 0.00110401 0.0025     0.0025
 0.0025     0.0025    ]","[1.18349213e-03 2.50000000e-03 1.15748789e-03 2.50000000e-03
 1.48781915e-05 1.35222010e-03 2.34814228e-03 2.50000000e-03
 2.50000000e-03 2.17006256e-03 2.50000000e-03 3.19471476e-04
 2.50000000e-03 1.06538944e-04 2.50000000e-03 2.50000000e-03
 1.45280977e-03 2.10104481e-03 9.92671755e-04 1.69965488e-03
 2.50000000e-03 2.50000000e-03 3.28463408e-04 2.50000000e-03
 2.50000000e-03 5.72164369e-04 8.14667444e-04 5.48101575e-05
 2.50000000e-03 2.50000000e-03 2.50000000e-03 2.50000000e-03
 1.02136228e-03 2.50000000e-03 8.70096398e-05 1.16359603e-03
 2.50000000e-03 2.50000000e-03 2.50000000e-03 1.04445585e-03
 1.52385881e-03 2.50000000e-03 2.50000000e-03 2.50000000e-03
 1.60368176e-03 2.50000000e-03 2.50000000e-03 2.50000000e-03
 2.50000000e-03 1.88089158e-03]","[0.03864268 0.03791593 0.03845129 0.0411989  0.03922772 0.03781693
 0.03655868 0.04102598 0.0417262  0.04294584 0.03855771 0.03848226
 0.04480841 0.04398544 0.04138244 0.03811037 0.04316911 0.03789737
 0.04318437 0.03914651 0.03425132 0.03987316 0.03983176 0.03604771
 0.03934786 0.04370615 0.03660432 0.04172571 0.0416245  0.03706077
 0.03391809 0.04383883 0.04653035 0.03808664 0.04515606 0.04890279
 0.04240121 0.03831613 0.03867548 0.03943778 0.04514969 0.03778691
 0.03751249 0.04212303 0.03783908 0.03509441 0.03730662 0.0351365
 0.04268893 0.03875709]","[0.03404504 0.04142205 0.04265413 0.04438331 0.05169263 0.05080541
 0.04118721 0.04932264 0.04320925 0.02069374 0.03919655 0.05813151
 0.04075464 0.0519532  0.04009311 0.03594496 0.04800679 0.03984282
 0.03747428 0.03202546 0.03791576 0.03506514 0.03921042 0.03629881
 0.031297   0.04731967 0.04151297 0.04185571 0.02790818 0.03244914
 0.04332326 0.03301805 0.0322432  0.0314389  0.04791019 0.04092145
 0.03963643 0.03751296 0.03099644 0.04965367 0.03850661 0.03551582
 0.02734107 0.03004846 0.026433   0.01576189 0.04180187 0.03981002
 0.03050256 0.04293201]","[0.00495692 0.00619625 0.00525912 0.00218632 0.00412911 0.00638541
 0.00929409 0.00231461 0.00183463 0.00121248 0.00508906 0.0052091
 0.00062948 0.00084385 0.00205737 0.00583955 0.0011225  0.00623132
 0.00111658 0.00423587 0.01789902 0.00336454 0.00340937 0.01078536
 0.00397569 0.00093094 0.00917044 0.00183494 0.00189808 0.00801341
 0.01960668 0.00088857 0.000335   0.00588206 0.00055528 0.00013511
 0.00146096 0.00548261 0.00490676 0.00386432 0.00055656 0.00644381
 0.00700065 0.00160544 0.00634265 0.01415723 0.00744678 0.01399037
 0.00132433 0.00478395]","[1.89396779e-02 2.03048025e-03 1.34019495e-03 7.32867128e-04
 4.38375408e-05 6.31317046e-05 2.19477989e-03 1.14511414e-04
 1.10699807e-03 3.53745307e-01 4.16979596e-03 2.57052712e-06
 2.53005989e-03 3.93372249e-05 3.13536834e-03 1.11101702e-02
 1.91391468e-04 3.39733992e-03 7.08155670e-03 3.23476565e-02
 6.19657277e-03 1.42743542e-02 4.15164477e-03 1.00274156e-02
 3.89234774e-02 2.48892264e-04 1.96999455e-03 1.75669082e-03
 8.70560012e-02 2.89901414e-02 1.06405354e-03 2.49667342e-02
 3.05817214e-02 3.75579309e-02 1.98637748e-04 2.39551698e-03
 3.62836895e-03 6.99965144e-03 4.19598696e-02 1.00410882e-04
 5.17008568e-03 1.25644287e-02 9.87164293e-02 5.29254369e-02
 1.20076076e-01 6.96909867e-01 1.78871318e-03 3.43312786e-03
 4.73975078e-02 1.21827046e-03]","[ 2.54511833e-04 -3.67164612e-05 -7.62939453e-05 -9.47713852e-05
 -5.44786453e-05  8.11815262e-05  3.92198563e-05  7.32898712e-04
  2.37226486e-04 -7.21216202e-05  7.53402710e-05  3.33547592e-04
  1.31130219e-06 -5.82933426e-05 -1.26838684e-04 -7.64131546e-05
  2.82168388e-04 -5.06639481e-05  3.70979309e-04  4.16159630e-04
 -8.32080841e-05  1.29199028e-03  2.14576721e-05  6.74009323e-04
  1.33514404e-05 -1.27553940e-05 -9.45329666e-05  6.05583191e-05
  2.08616257e-05 -7.74860382e-06 -2.06232071e-05  2.05636024e-04
 -4.66108322e-05  6.25848770e-05  3.07083130e-04 -7.28368759e-05
  1.68561935e-04 -5.87701797e-05 -7.87973404e-05  2.00033188e-04
  1.45435333e-05 -2.83718109e-05  4.16278839e-04  3.09586525e-04
  5.07354736e-04 -3.92198563e-05 -6.61611557e-05 -1.46389008e-04
  6.50882721e-05 -1.35302544e-04]","[ 1.20639801e-04  1.87397003e-04  6.80685043e-04  7.59720802e-04
  6.80446625e-04  1.27494335e-03  2.39610672e-05  1.77252293e-03
  8.54372978e-04 -2.50339508e-05  8.40783119e-04  1.68645382e-03
  5.21063805e-04  7.44462013e-04  6.02841377e-04  4.87327576e-04
  1.45316124e-03  4.20451164e-04  1.42073631e-03  1.08695030e-03
  1.61528587e-04  5.65886497e-04  7.43389130e-04 -1.83105469e-04
  5.02943993e-04  8.42213631e-04  8.06927681e-04  4.71591949e-04
  4.07814980e-04  3.21865082e-05  6.92486763e-04 -1.32679939e-04
  1.66773796e-04  4.06146049e-04  1.69050694e-03  9.56416130e-04
  1.03127956e-03  7.63177872e-04  4.92930412e-04  1.04629993e-03
  2.19941139e-04  6.17504120e-05 -7.68899918e-05  6.92605972e-05
  7.53402710e-05  2.71797180e-04  4.76717949e-04  1.67608261e-04
  5.87701797e-05  2.51412392e-04]","[0.0201238  0.01244752 0.01021507 0.01020731 0.01291018 0.01301659
 0.01648964 0.024296   0.01968888 0.01316197 0.01501784 0.01880981
 0.0141731  0.01361781 0.01146791 0.01332676 0.01975739 0.01359935
 0.02201704 0.02124866 0.01187779 0.03077051 0.01668208 0.02266827
 0.0116091  0.01442348 0.01190962 0.01633819 0.01748811 0.01496402
 0.01513652 0.01969393 0.01457793 0.01739464 0.01846476 0.01299503
 0.01790691 0.01309942 0.01454546 0.01427557 0.01460245 0.01374347
 0.02101444 0.02088533 0.02321988 0.01501646 0.01410335 0.01053433
 0.01592755 0.01121458]","[0.01368389 0.01219017 0.01874203 0.02097995 0.02195823 0.02582838
 0.01144057 0.03537722 0.0231547  0.01017751 0.02363063 0.0314516
 0.01966693 0.02243645 0.02167572 0.01934439 0.0280427  0.01619464
 0.0309864  0.02570339 0.01347343 0.02007693 0.02267471 0.00527333
 0.01982064 0.02414151 0.02171999 0.01706339 0.01957916 0.01146379
 0.02256549 0.00736359 0.01524595 0.01858392 0.03026062 0.02353547
 0.02591006 0.02314472 0.02083018 0.02212759 0.01472261 0.01050555
 0.00787684 0.01171541 0.01128356 0.01705583 0.01913734 0.01517147
 0.01161703 0.014968  ]",0.4710290464521391,0.39160922494064415,0.3286505592367563,0.3020234169097449,0.470211120317644,0.3824528163973021,0.304863724327526,0.28979955836779364,0.0020675518013143165,0.0018498687221670767,0.0007246278551587197,0.000856944029157501,0.039979310097694405,0.03857958726644516,0.0032821623202510825,0.008187708294369368,0.00011251211166381837,0.0005726861953735352,0.0002688312966757497,0.0004941602538689792,0.01605351642614045,0.019031471844944647,0.004220910559174365,0.006641721172669253
df1,0.2,1.0,0.0,0.0,0.8,0.0,1.0,"[0.00189005 0.27423335 0.48382277 0.91946676 0.53390728 0.32916807
 0.19796045 0.41323244 0.8633028  0.58582128 0.96007647 0.79482654
 0.39108739 0.03809482 0.96007647 0.71851426 0.55967522 0.74453538
 0.32916807 0.43609338 0.36968362 0.74453538 0.32916807 0.81875363
 0.99589898 0.69212796 0.29176485 0.22624166 0.0539576  0.84163603
 0.94837208 0.99328163 0.41323244 0.36968362 0.53390728 0.29176485
 0.74453538 0.01993114 0.41323244 0.58582128 0.58582128 0.32916807
 0.06383124 0.94837208 0.21173982 0.81875363 0.88359176 0.39108739
 0.81875363 0.74453538]","[2.51182002e-04 6.38312357e-02 1.84885683e-01 2.26241661e-01
 2.11739817e-01 6.93218252e-02 1.84885683e-01 4.83822766e-01
 1.72496272e-01 9.19466758e-01 3.49039701e-01 1.20088801e-01
 3.49039701e-01 3.36894521e-03 2.41482152e-01 8.41636027e-01
 4.13232440e-01 5.85821277e-01 2.74233349e-01 4.59637254e-01
 1.03159376e-01 6.92127962e-01 2.26241661e-01 6.38860419e-01
 8.18753631e-01 1.49691056e-01 2.74233349e-01 1.39231997e-01
 1.97960446e-01 4.59637254e-01 1.60771824e-01 6.92127962e-01
 7.18514257e-01 6.12251659e-01 2.57475452e-01 1.99311438e-02
 4.36093382e-01 5.87165796e-02 5.08599525e-01 4.83822766e-01
 3.10075730e-01 9.02355278e-01 1.34646549e-02 7.44535382e-01
 4.13232440e-01 2.11739817e-01 9.02355278e-01 1.03159376e-01
 1.29372179e-01 7.52091658e-02]","[0.00189005 0.27423335 0.48382277 0.91946676 0.53390728 0.32916807
 0.19796045 0.41323244 0.8633028  0.58582128 0.96007647 0.79482654
 0.39108739 0.03809482 0.96007647 0.71851426 0.55967522 0.74453538
 0.32916807 0.43609338 0.36968362 0.74453538 0.32916807 0.81875363
 0.99589898 0.69212796 0.29176485 0.22624166 0.0539576  0.84163603
 0.94837208 0.99328163 0.41323244 0.36968362 0.53390728 0.29176485
 0.74453538 0.01993114 0.41323244 0.58582128 0.58582128 0.32916807
 0.06383124 0.94837208 0.21173982 0.81875363 0.88359176 0.39108739
 0.81875363 0.74453538]","[2.51182002e-04 6.38312357e-02 1.84885683e-01 2.26241661e-01
 2.11739817e-01 6.93218252e-02 1.84885683e-01 4.83822766e-01
 1.72496272e-01 9.19466758e-01 3.49039701e-01 1.20088801e-01
 3.49039701e-01 3.36894521e-03 2.41482152e-01 8.41636027e-01
 4.13232440e-01 5.85821277e-01 2.74233349e-01 4.59637254e-01
 1.03159376e-01 6.92127962e-01 2.26241661e-01 6.38860419e-01
 8.18753631e-01 1.49691056e-01 2.74233349e-01 1.39231997e-01
 1.97960446e-01 4.59637254e-01 1.60771824e-01 6.92127962e-01
 7.18514257e-01 6.12251659e-01 2.57475452e-01 1.99311438e-02
 4.36093382e-01 5.87165796e-02 5.08599525e-01 4.83822766e-01
 3.10075730e-01 9.02355278e-01 1.34646549e-02 7.44535382e-01
 4.13232440e-01 2.11739817e-01 9.02355278e-01 1.03159376e-01
 1.29372179e-01 7.52091658e-02]","[2.12291478e-04 3.91111992e-01 5.39208417e-01 8.05795657e-01
 5.41874851e-01 2.34370379e-01 2.73087928e-01 2.55901207e-01
 9.39935634e-01 5.56467019e-01 8.57111466e-01 5.90420099e-01
 3.82533939e-01 1.59214298e-02 9.80340726e-01 4.19727948e-01
 5.13839429e-01 8.97228576e-01 4.62226524e-01 3.72674741e-01
 3.47823231e-01 6.84269201e-01 5.83459485e-01 7.80967662e-01
 9.94603479e-01 6.13765514e-01 1.33078054e-01 1.80039333e-01
 6.95080439e-02 7.21197955e-01 9.32387650e-01 9.97459141e-01
 5.58538179e-01 2.92791426e-01 3.15296577e-01 2.30049186e-01
 8.37664030e-01 1.57665724e-02 1.63452271e-01 4.76963018e-01
 4.43044450e-01 5.33538646e-01 2.56880170e-02 8.68849565e-01
 2.01139454e-01 6.87028828e-01 6.43111309e-01 3.27930990e-01
 7.35652189e-01 5.34748662e-01]","[0.0031795  0.03605697 0.15576888 0.21770897 0.1961296  0.03063617
 0.23666091 0.59114907 0.25062512 0.95275555 0.24329452 0.1555375
 0.24021066 0.0046217  0.18931022 0.60354088 0.24812982 0.53991161
 0.30592984 0.43187502 0.10021487 0.70945724 0.26698129 0.40474897
 0.89185351 0.12739701 0.13343899 0.11525214 0.23569308 0.52127406
 0.29615891 0.50190352 0.51967585 0.57577838 0.17122987 0.03648203
 0.30240508 0.104878   0.5101372  0.35689369 0.14129757 0.81788965
 0.00237699 0.83777306 0.35300643 0.21060758 0.83817933 0.11888866
 0.16770586 0.05338149]","[1.00000000e-05 2.09395553e-03 2.50000000e-03 2.50000000e-03
 2.50000000e-03 1.25851631e-03 1.36946307e-03 2.50000000e-03
 2.50000000e-03 2.50000000e-03 2.50000000e-03 2.50000000e-03
 2.02915677e-03 1.37871059e-04 2.50000000e-03 2.50000000e-03
 2.50000000e-03 2.50000000e-03 2.50000000e-03 2.50000000e-03
 2.50000000e-03 2.50000000e-03 2.12266145e-03 2.50000000e-03
 2.50000000e-03 2.50000000e-03 1.01502400e-03 2.20278430e-03
 3.09900160e-04 2.50000000e-03 2.50000000e-03 2.50000000e-03
 2.50000000e-03 2.50000000e-03 2.29980887e-03 2.41706922e-03
 2.50000000e-03 1.46967019e-04 1.12306664e-03 2.50000000e-03
 2.09786250e-03 2.50000000e-03 1.73898539e-04 2.50000000e-03
 1.69829346e-03 2.50000000e-03 2.50000000e-03 2.50000000e-03
 2.50000000e-03 2.50000000e-03]","[1.64131194e-05 1.93651169e-04 1.22647416e-03 2.44828723e-03
 2.50000000e-03 1.42003268e-04 1.49264027e-03 2.50000000e-03
 2.50000000e-03 2.50000000e-03 1.90680768e-03 1.55980242e-03
 1.65127773e-03 2.12091730e-05 1.90943393e-03 2.50000000e-03
 2.37059825e-03 2.50000000e-03 2.42872417e-03 2.50000000e-03
 1.38023454e-03 2.50000000e-03 9.95922299e-04 2.50000000e-03
 2.50000000e-03 1.89987322e-03 7.97397124e-04 1.08223031e-03
 1.15019516e-03 2.50000000e-03 2.50000000e-03 2.50000000e-03
 2.50000000e-03 2.50000000e-03 1.36449196e-03 3.17107570e-04
 2.50000000e-03 1.04192968e-03 2.50000000e-03 2.40766216e-03
 7.94599884e-04 2.50000000e-03 1.40606304e-05 2.50000000e-03
 2.50000000e-03 1.92144618e-03 2.50000000e-03 1.15607234e-03
 2.29310402e-03 5.19566583e-04]","[0.04448447 0.04292762 0.04178576 0.0398501  0.03867526 0.03985227
 0.04607157 0.03662097 0.03923815 0.03842863 0.04422515 0.03707312
 0.051172   0.03690858 0.04045563 0.03744556 0.03747778 0.04036661
 0.04423236 0.03313738 0.03791737 0.03974872 0.04564552 0.04010597
 0.04116888 0.04144697 0.03825732 0.0409261  0.04500596 0.04005092
 0.03978436 0.03980941 0.03874781 0.04116919 0.04269301 0.04572857
 0.03878736 0.03839196 0.04213217 0.04064489 0.04366862 0.040681
 0.03966951 0.0459067  0.04821509 0.03933543 0.04659573 0.04082661
 0.0401492  0.03864947]","[0.03172099 0.03444585 0.04248085 0.04714409 0.04462537 0.03896725
 0.03691379 0.03689744 0.03919005 0.03356728 0.02658989 0.0492676
 0.04041346 0.0568617  0.03934274 0.02396867 0.02604785 0.0525703
 0.03542064 0.04108013 0.04484552 0.03386188 0.03784959 0.03478668
 0.02800042 0.05013691 0.04457631 0.05386794 0.02173875 0.02887291
 0.03898914 0.03982005 0.04175454 0.03706963 0.04674093 0.0470108
 0.03755615 0.02513176 0.02353843 0.04475753 0.04750155 0.03269062
 0.04765648 0.03918854 0.04134635 0.0391027  0.04216928 0.04492666
 0.04029022 0.04074099]","[7.06913996e-04 1.22011291e-03 1.79839978e-03 3.38944398e-03
 4.90707915e-03 3.38709307e-03 3.97224932e-04 9.12569867e-03
 4.11557594e-03 5.29599551e-03 7.75235335e-04 7.98403776e-03
 5.43413018e-05 8.38352593e-03 2.78886036e-03 7.14293750e-03
 7.07411043e-03 2.87050387e-03 7.73256550e-04 2.41884535e-02
 6.19354258e-03 3.50094142e-03 4.64619097e-04 3.12242508e-03
 2.20810468e-03 2.01373594e-03 5.58253195e-03 2.39186542e-03
 5.86245736e-04 3.17818471e-03 3.46135839e-03 3.43379052e-03
 4.79776553e-03 2.20788068e-03 1.32248036e-03 4.50692677e-04
 4.73912714e-03 5.35617222e-03 1.60048314e-03 2.62235479e-03
 9.43265723e-04 2.59164353e-03 3.59039039e-03 4.22132990e-04
 1.76608766e-04 3.99131377e-03 3.26913596e-04 2.47117398e-03
 3.07928686e-03 4.94649981e-03]","[3.49670369e-02 1.69648001e-02 1.42188346e-03 2.66012042e-04
 6.72198956e-04 4.48057018e-03 8.37060698e-03 8.41123792e-03
 4.17831494e-03 2.15599886e-02 1.16135588e-01 1.17030947e-04
 2.82726126e-03 4.61740205e-06 3.98212064e-03 1.97537863e-01
 1.30215262e-01 3.03703964e-05 1.29093458e-02 2.27370443e-03
 6.21139506e-04 1.99086549e-02 6.32244026e-03 1.54326796e-02
 8.52734131e-02 8.27532504e-05 6.84099573e-04 1.74526565e-05
 2.96732320e-01 6.98800438e-02 4.45000982e-03 3.42213891e-03
 1.81730935e-03 7.99231316e-03 3.09619034e-04 2.79743339e-04
 6.90921285e-03 1.57144652e-01 2.14373084e-01 6.41095380e-04
 2.32258743e-04 2.72173275e-02 2.18923858e-04 4.18029726e-03
 2.08215593e-03 4.29451528e-03 1.58052845e-03 6.03257751e-04
 2.94232786e-03 2.54136735e-03]","[ 8.35418701e-04  7.41481781e-05  9.38177109e-05  2.14338303e-04
 -5.80549240e-05 -4.38690186e-05  6.67572021e-06 -9.16719437e-05
  8.84532928e-05  4.37498093e-05  2.06589699e-04  1.93119049e-05
  5.25951385e-04 -7.83205032e-05  2.08973885e-04  5.83052635e-04
 -1.49011612e-05  1.01208687e-04  8.66651535e-05  8.48770142e-05
 -1.10864639e-05  5.72323799e-04  1.78813934e-04 -1.26361847e-05
 -9.72747803e-05  1.49726868e-04  4.00781631e-04  8.52346420e-05
  1.16169453e-03  3.97086143e-04  2.07424164e-05 -4.63724136e-05
 -7.76052475e-05 -4.11272049e-05  9.00030136e-05  2.02655792e-05
 -2.24113464e-05 -1.42216682e-04 -9.48905945e-05  1.09553337e-04
 -5.00679016e-06  7.85589218e-05  1.10864639e-04 -9.77516174e-06
  9.71555710e-05  2.58684158e-05 -7.02142715e-05 -7.06911087e-05
  3.45706940e-06  2.36988068e-04]","[ 1.34110451e-04  4.87208366e-04  2.42114067e-04  4.80175018e-04
  8.26597214e-04  7.69853592e-04  8.47458839e-04  5.38468361e-04
  1.02698803e-03  8.19325447e-04 -8.33272934e-05  2.40087509e-04
  2.63810158e-04  5.74111938e-04  6.63995743e-05  7.17639923e-05
  1.59740448e-04  1.04403496e-03  5.11407852e-05  1.17492676e-03
  8.27908516e-04  9.41753387e-05  1.11186504e-03  1.27553940e-04
  2.42471695e-04  1.63829327e-03  3.57151031e-04  7.88688660e-04
  5.53011894e-04  1.00970268e-04  2.77519226e-04  7.46965408e-04
  7.62343407e-04  8.44478607e-04  1.57415867e-03  2.72154808e-04
  6.38723373e-04  4.05788422e-04  4.38451767e-04  1.35123730e-03
  7.70330429e-04  4.83989716e-05  1.44386292e-03  3.36885452e-04
  2.29001045e-04  6.03556633e-04  7.00592995e-04  4.85539436e-04
  3.17215919e-04  3.50236893e-04]","[0.02740104 0.01610307 0.0165427  0.01712351 0.01093714 0.01267138
 0.01364022 0.01243871 0.0169199  0.01729681 0.01839646 0.01506837
 0.02291427 0.01167191 0.01889387 0.02395595 0.01355833 0.01729393
 0.01728675 0.01626299 0.01536804 0.02339439 0.01821505 0.01541522
 0.0126955  0.01711577 0.02117873 0.01655782 0.03270299 0.02009743
 0.01671665 0.01483975 0.01370203 0.01335607 0.01666257 0.01520208
 0.01593638 0.01021485 0.01146604 0.01643907 0.01541189 0.01645053
 0.01675796 0.01615277 0.0158405  0.01150461 0.012486   0.01024682
 0.01190726 0.01860431]","[0.01213838 0.01823152 0.01611471 0.01783763 0.02270997 0.02166476
 0.02369148 0.02244318 0.02670069 0.02528597 0.00844084 0.01310955
 0.01487785 0.02216294 0.0116762  0.01137985 0.01441352 0.02403186
 0.01013592 0.02758675 0.0228682  0.01147714 0.02854241 0.01338528
 0.01727742 0.03155094 0.01617011 0.02547076 0.01848805 0.01157909
 0.01769972 0.0228558  0.02192046 0.02446322 0.03178385 0.01681173
 0.02195213 0.01835625 0.01848923 0.02724725 0.02416043 0.01122948
 0.03019297 0.01776478 0.01364004 0.02020576 0.01969589 0.01781069
 0.01598168 0.01517534]",0.5401627490096845,0.3521644706100083,0.2934243610544147,0.2699351454711618,0.49919604738864876,0.32111985645137414,0.2875599256481694,0.2553379377569636,0.0021001259777257966,0.001780064324080449,0.0007548215715103961,0.0008599105644941698,0.04104577577233314,0.03908070460557937,0.0033595239138873357,0.008106255706794322,0.0001184844970703125,0.0005634903907775878,0.0002489347822598771,0.0004198717026946177,0.016380327873230686,0.019377592490325453,0.004264663388874556,0.00592014429131203
df1,0.22,1.0,0.0,0.0,0.78,0.0,1.0,"[5.85821277e-01 2.87103585e-04 9.78089566e-01 8.41636027e-01
 4.59637254e-01 9.34827271e-01 4.83822766e-01 5.08599525e-01
 6.12251659e-01 8.83591758e-01 8.41636027e-01 8.41636027e-01
 2.26241661e-01 5.85821277e-01 2.91764847e-01 3.49039701e-01
 3.69683622e-01 1.39231997e-01 9.69960143e-01 4.83822766e-01
 1.10005675e-02 6.65529322e-01 2.90339156e-02 1.72496272e-01
 8.18753631e-01 5.33907283e-01 6.12251659e-01 7.18514257e-01
 7.70029237e-01 7.11507895e-04 6.65529322e-01 6.12251659e-01
 1.80967606e-02 1.11358879e-01 5.85821277e-01 9.34827271e-01
 4.54286666e-02 3.91087390e-01 1.84885683e-01 1.60771824e-01
 3.29168072e-01 8.63302804e-01 3.10075730e-01 9.02355278e-01
 4.83822766e-01 1.20088801e-01 8.63302804e-01 5.08599525e-01
 5.85821277e-01 4.59637254e-01]","[6.92127962e-01 3.27832948e-04 3.91087390e-01 3.29168072e-01
 5.08599525e-01 8.18753631e-01 3.49039701e-01 1.29372179e-01
 5.85821277e-01 1.97960446e-01 2.74233349e-01 1.72496272e-01
 1.20088801e-01 6.12251659e-01 6.38312357e-02 8.18753631e-01
 1.34646549e-02 4.21554189e-03 6.38860419e-01 1.03159376e-01
 1.84885683e-01 5.33907283e-01 2.11739817e-01 6.93218252e-02
 8.83591758e-01 1.49691056e-01 8.15145929e-02 1.97960446e-01
 1.84885683e-01 8.06755085e-04 1.20088801e-01 7.70029237e-01
 3.36894521e-03 2.90339156e-02 3.91087390e-01 4.59637254e-01
 9.92823487e-03 1.84885683e-01 2.91764847e-01 4.13232440e-01
 2.57475452e-01 9.60076470e-01 1.03159376e-01 1.49691056e-01
 2.74233349e-01 2.19294824e-02 2.41482152e-01 7.18514257e-01
 1.29372179e-01 2.74233349e-01]","[5.85821277e-01 2.87103585e-04 9.78089566e-01 8.41636027e-01
 4.59637254e-01 9.34827271e-01 4.83822766e-01 5.08599525e-01
 6.12251659e-01 8.83591758e-01 8.41636027e-01 8.41636027e-01
 2.26241661e-01 5.85821277e-01 2.91764847e-01 3.49039701e-01
 3.69683622e-01 1.39231997e-01 9.69960143e-01 4.83822766e-01
 1.10005675e-02 6.65529322e-01 2.90339156e-02 1.72496272e-01
 8.18753631e-01 5.33907283e-01 6.12251659e-01 7.18514257e-01
 7.70029237e-01 7.11507895e-04 6.65529322e-01 6.12251659e-01
 1.80967606e-02 1.11358879e-01 5.85821277e-01 9.34827271e-01
 4.54286666e-02 3.91087390e-01 1.84885683e-01 1.60771824e-01
 3.29168072e-01 8.63302804e-01 3.10075730e-01 9.02355278e-01
 4.83822766e-01 1.20088801e-01 8.63302804e-01 5.08599525e-01
 5.85821277e-01 4.59637254e-01]","[6.92127962e-01 3.27832948e-04 3.91087390e-01 3.29168072e-01
 5.08599525e-01 8.18753631e-01 3.49039701e-01 1.29372179e-01
 5.85821277e-01 1.97960446e-01 2.74233349e-01 1.72496272e-01
 1.20088801e-01 6.12251659e-01 6.38312357e-02 8.18753631e-01
 1.34646549e-02 4.21554189e-03 6.38860419e-01 1.03159376e-01
 1.84885683e-01 5.33907283e-01 2.11739817e-01 6.93218252e-02
 8.83591758e-01 1.49691056e-01 8.15145929e-02 1.97960446e-01
 1.84885683e-01 8.06755085e-04 1.20088801e-01 7.70029237e-01
 3.36894521e-03 2.90339156e-02 3.91087390e-01 4.59637254e-01
 9.92823487e-03 1.84885683e-01 2.91764847e-01 4.13232440e-01
 2.57475452e-01 9.60076470e-01 1.03159376e-01 1.49691056e-01
 2.74233349e-01 2.19294824e-02 2.41482152e-01 7.18514257e-01
 1.29372179e-01 2.74233349e-01]","[0.55591732 0.00255916 0.92846738 0.90729416 0.29515136 0.73903308
 0.43310674 0.421152   0.58270566 0.83529685 0.86749767 0.57027624
 0.27740566 0.7023509  0.34816754 0.37506274 0.19074302 0.29432113
 0.96521686 0.6693255  0.00778269 0.53846825 0.03435207 0.22766121
 0.71286971 0.44115534 0.51571552 0.79047745 0.86483094 0.00663591
 0.80736681 0.51666746 0.01284236 0.07988738 0.72436144 0.81767188
 0.07620701 0.30633002 0.32585953 0.21058486 0.59183741 0.91876056
 0.39196281 0.87747311 0.32362295 0.17040116 0.85774592 0.55127543
 0.58972178 0.52144214]","[4.05423206e-01 1.99692715e-04 4.88827643e-01 2.02636459e-01
 2.76124299e-01 8.44288603e-01 2.28130598e-01 1.47577479e-01
 4.00960298e-01 1.73859024e-01 2.42657707e-01 2.03904513e-01
 9.99469446e-02 4.95391550e-01 1.22678479e-01 7.58631093e-01
 1.13306523e-02 1.61896769e-02 4.25601505e-01 8.63503298e-02
 9.89348457e-02 5.06773386e-01 8.83975292e-02 4.75426396e-02
 8.43650743e-01 1.27127118e-01 1.03793425e-01 3.23993404e-01
 3.39337976e-01 5.31482242e-04 1.55695828e-01 7.43593355e-01
 2.96337671e-02 6.75126392e-02 3.49668568e-01 4.33628170e-01
 1.77358391e-02 3.11159886e-01 2.89538776e-01 2.83071079e-01
 1.50088601e-01 9.37185014e-01 8.11421551e-02 3.50054586e-01
 2.20011164e-01 2.28576686e-02 1.94531673e-01 7.64649349e-01
 1.00297033e-01 1.17263609e-01]","[2.50000000e-03 1.82373495e-05 2.50000000e-03 2.50000000e-03
 2.50000000e-03 2.50000000e-03 2.50000000e-03 1.87663884e-03
 2.50000000e-03 2.50000000e-03 2.50000000e-03 2.50000000e-03
 2.50000000e-03 2.50000000e-03 2.50000000e-03 2.50000000e-03
 1.29808361e-03 2.50000000e-03 2.50000000e-03 2.50000000e-03
 6.22885785e-05 2.50000000e-03 2.49476665e-04 2.39830739e-03
 2.50000000e-03 2.50000000e-03 2.50000000e-03 2.50000000e-03
 2.50000000e-03 9.38861939e-05 2.50000000e-03 2.50000000e-03
 9.19291211e-05 9.74316981e-04 2.50000000e-03 2.50000000e-03
 8.54898402e-04 2.50000000e-03 1.82014183e-03 1.92365242e-03
 2.50000000e-03 2.50000000e-03 2.50000000e-03 2.50000000e-03
 2.50000000e-03 1.04345649e-03 2.50000000e-03 2.50000000e-03
 2.50000000e-03 2.50000000e-03]","[2.50000000e-03 1.00000000e-05 2.50000000e-03 2.00470141e-03
 2.50000000e-03 2.50000000e-03 1.60337357e-03 7.46778057e-04
 2.50000000e-03 2.07372591e-03 1.94825424e-03 2.03150018e-03
 1.31619799e-03 2.50000000e-03 1.31329491e-03 2.50000000e-03
 6.41849362e-05 1.64280314e-04 2.50000000e-03 9.56773735e-04
 5.33495623e-04 2.50000000e-03 5.44814064e-04 5.83610926e-04
 2.50000000e-03 9.27136336e-04 1.31350213e-03 2.50000000e-03
 2.50000000e-03 1.00000000e-05 1.21867409e-03 2.50000000e-03
 1.91210179e-04 8.10683458e-04 2.50000000e-03 2.50000000e-03
 1.93075204e-04 2.50000000e-03 1.60721966e-03 1.70018133e-03
 6.16958689e-04 2.50000000e-03 7.07908799e-04 2.50000000e-03
 1.60278835e-03 1.60188249e-04 1.92228787e-03 2.50000000e-03
 8.47611606e-04 7.00231325e-04]","[0.04001922 0.04103247 0.04241767 0.04134009 0.03750506 0.03537523
 0.03970929 0.04537983 0.03747385 0.03870567 0.04123518 0.03728212
 0.04476873 0.03895017 0.03711438 0.0389814  0.04260894 0.04000908
 0.04715944 0.03979859 0.04424273 0.04608755 0.03656724 0.04539298
 0.0423821  0.04359577 0.03636753 0.04221477 0.0354721  0.04266045
 0.04658456 0.03990706 0.03923138 0.03954095 0.04371217 0.03974182
 0.03668778 0.04346954 0.04455165 0.03835951 0.04398037 0.03881587
 0.04044442 0.0394141  0.03758412 0.03705748 0.03694094 0.04407278
 0.03967047 0.04433987]","[0.04017431 0.06044185 0.03602295 0.0382249  0.03679662 0.02932555
 0.0381432  0.04031299 0.03431491 0.04661884 0.05075867 0.04014997
 0.05065951 0.03705371 0.04399673 0.02917389 0.05565939 0.06282534
 0.03857772 0.03603598 0.03153833 0.04114545 0.02405397 0.05171724
 0.02602745 0.038638   0.0575714  0.04946122 0.04869509 0.05200481
 0.05933057 0.03704551 0.03645347 0.05321657 0.04521558 0.03907958
 0.04705258 0.03566045 0.03133371 0.03201336 0.04295896 0.02970413
 0.05021216 0.03048958 0.05101093 0.05895218 0.03728829 0.03911281
 0.04624498 0.03979944]","[0.0032107  0.00230968 0.0014528  0.00208648 0.0070163  0.01307688
 0.00354521 0.00051194 0.00708246 0.00486099 0.00216024 0.00750157
 0.00063852 0.00450455 0.00788661 0.00446079 0.00136107 0.00322117
 0.00026447 0.00344567 0.00077041 0.00039488 0.00927077 0.0005095
 0.00147048 0.00096762 0.00982855 0.00155639 0.01272181 0.0013373
 0.00032828 0.00332824 0.00412436 0.00374007 0.00092898 0.00350864
 0.00894816 0.00101123 0.00069016 0.00540994 0.00084536 0.00469726
 0.00279902 0.00389336 0.00685121 0.00802124 0.00830356 0.00081822
 0.00358929 0.00074428]","[3.05447568e-03 8.56577089e-07 1.08628116e-02 5.63832752e-03
 8.66567621e-03 6.28713586e-02 5.78120911e-03 2.92074978e-03
 1.75886996e-02 3.24101236e-04 6.43451923e-05 3.07852041e-03
 6.69935154e-05 8.03024180e-03 8.40492448e-04 6.51495768e-02
 7.94449393e-06 2.63555561e-07 5.05765598e-03 1.08220030e-02
 3.66261207e-02 2.22525160e-03 1.94325153e-01 4.33923080e-05
 1.30771322e-01 4.96410528e-03 3.33364911e-06 1.08393800e-04
 1.46551201e-04 3.84998192e-05 1.46101160e-06 8.04982835e-03
 9.58490099e-03 2.30867263e-05 5.43424572e-04 4.32576272e-03
 2.75368826e-04 1.20561891e-02 3.85661091e-02 3.24483940e-02
 1.20701369e-03 5.74795764e-02 8.02846493e-05 4.75482190e-02
 5.80493762e-05 1.74833939e-06 7.48773596e-03 4.28091753e-03
 3.72522953e-04 3.44474327e-03]","[ 2.08854675e-04  1.95264816e-04  5.27501106e-04 -3.54051590e-05
  4.52876091e-04  1.58548355e-04  3.25441360e-05 -9.05990601e-06
 -1.12295151e-04  2.33650208e-05  4.18066978e-04 -3.93390656e-06
  5.31077385e-04 -6.81877136e-05  9.27448273e-05  2.12430954e-04
  1.97887421e-04  9.05990601e-06  4.25696373e-04 -4.25577164e-05
  1.35183334e-04  1.67131424e-04  2.00867653e-04  4.21643257e-04
 -7.89165497e-05 -6.02006912e-05  3.30805779e-04  8.79764557e-05
 -6.49690628e-05  1.06692314e-04 -9.03606415e-05  2.16960907e-05
 -7.08103180e-05  7.33137131e-05  1.84655190e-04 -1.14917755e-04
  2.40564346e-04  3.55005264e-04  8.58306885e-06 -1.93119049e-05
 -4.36306000e-05  7.61747360e-05  3.50475311e-04  3.34262848e-04
 -5.84125519e-05  5.55515289e-04 -9.78708267e-05 -8.40425491e-05
 -1.08003616e-04 -9.39369202e-05]","[ 8.01086426e-04  1.17075443e-03  4.88758087e-05  1.06072426e-03
  1.06930733e-04 -9.66787338e-05  2.25663185e-04  4.43696976e-04
  1.16121769e-03  4.73380089e-04  2.22647190e-03  8.10980797e-04
  2.03907490e-03  3.30209732e-04  8.21590424e-04  2.51531601e-05
  8.26597214e-04  1.47140026e-03  7.97629356e-04  8.99553299e-04
  7.90715218e-04  1.44767761e-03 -9.17911530e-05  1.59430504e-03
  3.46779823e-04  2.92658806e-04  1.93130970e-03  1.15871429e-03
  6.79373741e-04  9.33766365e-04  7.87138939e-04  2.86459923e-04
  3.70264053e-04  7.71760941e-04  1.33395195e-03  2.68220901e-04
  1.17421150e-03  5.19752502e-05  5.76376915e-04  3.55482101e-04
  1.16288662e-03  3.27825546e-05  1.87277794e-03 -8.30888748e-05
  1.08158588e-03  2.34043598e-03  5.32269478e-04  6.60061836e-04
  4.01139259e-04  4.47988510e-04]","[0.01783266 0.01947314 0.02453726 0.01483367 0.02243529 0.01728362
 0.0153581  0.01308655 0.01299016 0.01744245 0.02253305 0.01523758
 0.02390406 0.01252954 0.01916767 0.01871929 0.01536266 0.01462776
 0.02150921 0.01077467 0.01428484 0.01713219 0.01951135 0.02038898
 0.01148842 0.0128852  0.01718521 0.0164003  0.01363968 0.01648958
 0.01184947 0.01674595 0.01115156 0.01607484 0.01889494 0.01119797
 0.01856919 0.0201208  0.01446084 0.01374961 0.01221762 0.01582041
 0.02168003 0.01976492 0.01207644 0.02423778 0.01220612 0.01118463
 0.01095695 0.01321621]","[0.02260778 0.02791107 0.01096825 0.02514276 0.01234102 0.00815392
 0.01438979 0.01671416 0.02718142 0.01896692 0.03396797 0.02210087
 0.03386532 0.01713633 0.02476854 0.01048409 0.0215642  0.02955507
 0.02138475 0.02180038 0.01978737 0.03048124 0.00915373 0.03298785
 0.01532482 0.01616933 0.02838033 0.02714271 0.02312727 0.02461909
 0.02122202 0.01878826 0.01540406 0.02370371 0.02945342 0.01571568
 0.02897936 0.01243557 0.02124664 0.01590344 0.02544307 0.01002052
 0.03525093 0.0088472  0.02553509 0.03911611 0.01843679 0.02017326
 0.01614586 0.01870398]",0.4971172593173155,0.3025028344633449,0.3024101786547217,0.26651561563368814,0.49546044233810954,0.2746022212599739,0.29041711914066437,0.24653068909786735,0.0021041062774446685,0.0015584928630456136,0.0007916854826323745,0.0009108910532782036,0.040719130296111114,0.0421658969426155,0.0031609313657808016,0.009565269326978869,0.00011759281158447266,0.0007830500602722168,0.00019696302245106177,0.0006190566579825099,0.0163044086589502,0.02137406670057688,0.003873199576457081,0.0075283977056193555
df1,0.24,1.0,0.0,0.0,0.76,0.0,1.0,"[0.0416213  0.25747545 0.50859953 0.01487416 0.55967522 0.39108739
 0.93482727 0.39108739 0.31007573 0.61225166 0.18488568 0.32916807
 0.79482654 0.36968362 0.139232   0.36968362 0.8633028  0.10315938
 0.58582128 0.19796045 0.74453538 0.22624166 0.39108739 0.1200888
 0.66552932 0.31007573 0.55967522 0.01100057 0.05871658 0.41323244
 0.11135888 0.79482654 0.25747545 0.71851426 0.32916807 0.25747545
 0.06383124 0.45963725 0.58582128 0.00377043 0.16077182 0.17249627
 0.93482727 0.09546732 0.27423335 0.48382277 0.69212796 0.01487416
 0.17249627 0.48382277]","[4.21554189e-03 1.80967606e-02 2.26241661e-01 4.70847031e-03
 2.41040115e-02 2.41482152e-01 8.18753631e-01 6.38860419e-01
 6.52148041e-03 5.08599525e-01 4.16212987e-02 3.91087390e-01
 4.54286666e-02 3.00718998e-03 3.48322136e-02 5.08599525e-01
 2.91764847e-01 1.84885683e-01 2.26241661e-01 1.99311438e-02
 2.90339156e-02 9.54673207e-02 7.44535382e-01 4.95346404e-02
 7.70029237e-01 8.82599083e-02 1.39231997e-01 4.70847031e-03
 2.19294824e-02 4.16212987e-02 2.11739817e-01 2.26241661e-01
 7.44535382e-01 1.34646549e-02 9.54673207e-02 1.72496272e-01
 8.15145929e-02 1.21765095e-02 2.91764847e-01 8.06755085e-04
 7.25488863e-03 1.39231997e-01 2.57475452e-01 5.85633896e-03
 3.00718998e-03 2.11739817e-01 7.18514257e-01 2.12592488e-03
 4.36093382e-01 3.69683622e-01]","[0.0416213  0.25747545 0.50859953 0.01487416 0.55967522 0.39108739
 0.93482727 0.39108739 0.31007573 0.61225166 0.18488568 0.32916807
 0.79482654 0.36968362 0.139232   0.36968362 0.8633028  0.10315938
 0.58582128 0.19796045 0.74453538 0.22624166 0.39108739 0.1200888
 0.66552932 0.31007573 0.55967522 0.01100057 0.05871658 0.41323244
 0.11135888 0.79482654 0.25747545 0.71851426 0.32916807 0.25747545
 0.06383124 0.45963725 0.58582128 0.00377043 0.16077182 0.17249627
 0.93482727 0.09546732 0.27423335 0.48382277 0.69212796 0.01487416
 0.17249627 0.48382277]","[4.21554189e-03 1.80967606e-02 2.26241661e-01 4.70847031e-03
 2.41040115e-02 2.41482152e-01 8.18753631e-01 6.38860419e-01
 6.52148041e-03 5.08599525e-01 4.16212987e-02 3.91087390e-01
 4.54286666e-02 3.00718998e-03 3.48322136e-02 5.08599525e-01
 2.91764847e-01 1.84885683e-01 2.26241661e-01 1.99311438e-02
 2.90339156e-02 9.54673207e-02 7.44535382e-01 4.95346404e-02
 7.70029237e-01 8.82599083e-02 1.39231997e-01 4.70847031e-03
 2.19294824e-02 4.16212987e-02 2.11739817e-01 2.26241661e-01
 7.44535382e-01 1.34646549e-02 9.54673207e-02 1.72496272e-01
 8.15145929e-02 1.21765095e-02 2.91764847e-01 8.06755085e-04
 7.25488863e-03 1.39231997e-01 2.57475452e-01 5.85633896e-03
 3.00718998e-03 2.11739817e-01 7.18514257e-01 2.12592488e-03
 4.36093382e-01 3.69683622e-01]","[0.0304995  0.17320313 0.48983839 0.01741814 0.47157348 0.28272613
 0.90010769 0.40539403 0.20413206 0.39548877 0.14745259 0.16659555
 0.55048955 0.23977128 0.05271972 0.46223471 0.6883935  0.03495858
 0.41881415 0.10477461 0.58150443 0.12446619 0.33087506 0.06912714
 0.73625937 0.39674183 0.49483782 0.05071859 0.0561101  0.40196085
 0.06492964 0.73561584 0.45102252 0.51356934 0.57020321 0.2615669
 0.04045449 0.43670661 0.80726447 0.0169725  0.17336864 0.24874251
 0.85386047 0.11150045 0.18636024 0.68667994 0.57388744 0.03224906
 0.24580036 0.45755572]","[0.01125619 0.0301261  0.16784794 0.00532823 0.04798911 0.20713889
 0.82136771 0.73321506 0.01223561 0.33778918 0.01026162 0.31332488
 0.07857369 0.00667391 0.0182293  0.23190507 0.12539417 0.08181756
 0.16908867 0.01700664 0.09168814 0.18325454 0.70398383 0.04063089
 0.83279812 0.0424427  0.10080185 0.02001545 0.017053   0.0468623
 0.14118192 0.43105133 0.7253905  0.02505658 0.13645    0.16061582
 0.08390365 0.0406477  0.31728667 0.00131547 0.02866748 0.24889449
 0.2060596  0.01439225 0.01204396 0.14519569 0.68625329 0.00407935
 0.37176065 0.50120718]","[0.00028998 0.00171902 0.0025     0.00015004 0.0025     0.00227219
 0.0025     0.0025     0.00207453 0.0025     0.00179335 0.0011779
 0.0025     0.00236611 0.00060262 0.00240254 0.0025     0.00035796
 0.0025     0.00065653 0.0025     0.00100058 0.0025     0.00068194
 0.0025     0.0025     0.0025     0.00035449 0.00072315 0.0025
 0.00059398 0.0025     0.0025     0.0025     0.0025     0.0025
 0.00015165 0.0025     0.0025     0.00021013 0.00177123 0.00222153
 0.0025     0.00118357 0.00195538 0.0025     0.0025     0.00043327
 0.0025     0.0025    ]","[7.23405186e-05 3.16266477e-04 1.47421976e-03 3.41720141e-05
 3.53264508e-04 1.35963913e-03 2.50000000e-03 2.50000000e-03
 1.36369751e-04 2.50000000e-03 1.02704929e-04 2.50000000e-03
 5.02324211e-04 7.84509501e-05 1.67703197e-04 1.16811827e-03
 9.93573832e-04 8.39606130e-04 1.74458050e-03 9.60507310e-05
 1.18065705e-03 1.38451440e-03 2.50000000e-03 3.05215159e-04
 2.50000000e-03 4.17727211e-04 8.57890038e-04 9.55389888e-05
 1.73192558e-04 4.09400090e-04 1.39090161e-03 2.50000000e-03
 2.50000000e-03 2.65815259e-04 1.47278113e-03 1.47357006e-03
 2.51330990e-04 4.25962599e-04 2.50000000e-03 1.43644206e-05
 2.42380431e-04 2.00486788e-03 1.82685575e-03 1.80261698e-04
 1.34132607e-04 1.06120509e-03 2.50000000e-03 6.96053739e-05
 2.50000000e-03 2.50000000e-03]","[0.04122845 0.04241592 0.03972487 0.03844978 0.03808377 0.04336525
 0.03492391 0.04022579 0.03921453 0.03667172 0.04009727 0.03967287
 0.04119638 0.0400821  0.04219319 0.04197258 0.0411074  0.03764617
 0.04003712 0.03886767 0.03828848 0.04388378 0.04087723 0.03977293
 0.03900578 0.04776187 0.04111675 0.03769736 0.03917582 0.04370877
 0.03832055 0.04097807 0.03772143 0.04454721 0.04284722 0.04034714
 0.04055893 0.03575862 0.03977147 0.04342335 0.03573129 0.03750682
 0.04006469 0.03520545 0.04009382 0.04030691 0.04202709 0.04460158
 0.04140967 0.03859048]","[0.03939692 0.04627215 0.05319536 0.05090133 0.05544926 0.03577398
 0.03825643 0.02548961 0.06317338 0.02825937 0.04130798 0.02669609
 0.04399679 0.04497668 0.04529801 0.03823142 0.04338151 0.02977546
 0.04179735 0.04459246 0.04518361 0.02973594 0.02857904 0.06646256
 0.03782517 0.05670773 0.04231816 0.04196289 0.05641307 0.05432827
 0.0233618  0.03968794 0.02200105 0.05169716 0.0421226  0.05110328
 0.05196944 0.04769041 0.04534082 0.04363707 0.06120013 0.05994146
 0.04161603 0.04306503 0.06436807 0.05387251 0.05656799 0.0570713
 0.02807373 0.03816355]","[0.00216506 0.00145367 0.00352766 0.00526157 0.00588722 0.00104863
 0.01485167 0.00300419 0.00414627 0.00899056 0.00313119 0.00358655
 0.00218814 0.00314649 0.0015678  0.00168901 0.00225336 0.00672412
 0.00319231 0.00462204 0.00552937 0.00087463 0.00243052 0.003474
 0.00442691 0.00021027 0.00224642 0.00662092 0.00419705 0.00093009
 0.00547516 0.00235138 0.00657289 0.00069125 0.00125433 0.00288866
 0.00269681 0.01172186 0.00347563 0.00102764 0.01181408 0.00701259
 0.00316415 0.0137208  0.00313466 0.0029265  0.00165827 0.00067794
 0.00203885 0.00503772]","[3.91456649e-03 3.68785633e-04 2.32966399e-05 6.07090096e-05
 8.72443026e-06 1.16702799e-02 5.58406358e-03 1.46137806e-01
 2.21037946e-07 8.04321395e-02 2.10880844e-03 1.13529300e-01
 8.40473990e-04 5.92474902e-04 5.27404372e-04 5.62706006e-03
 1.04271664e-03 5.65095281e-02 1.79142284e-03 6.80159304e-04
 5.49761008e-04 5.70451689e-02 7.47776259e-02 3.99465029e-08
 6.36947650e-03 4.95289503e-06 1.50277131e-03 1.69452424e-03
 5.66141507e-06 1.42922862e-05 2.21593869e-01 3.56939060e-03
 2.83492344e-01 4.37551957e-05 1.60566757e-03 5.58947872e-05
 3.90718976e-05 2.16101884e-04 5.19261836e-04 9.53745317e-04
 5.91649526e-07 1.09072404e-06 1.90345611e-03 1.16364164e-03
 1.19941393e-07 1.74181859e-05 5.27758300e-06 4.19562583e-06
 8.38785862e-02 5.74530605e-03]","[ 1.11460686e-04  2.61068344e-05  1.37090683e-05  4.55379486e-05
 -6.04391098e-05  1.01327896e-04 -8.58306885e-05  3.05414200e-04
 -3.17096710e-05 -1.47819519e-05  2.71797180e-05  1.10864639e-04
 -6.10351562e-05 -5.69820404e-05  3.72648239e-04  1.97410583e-04
 -6.78300858e-05 -3.52859497e-05  1.44958496e-04  1.51395798e-05
 -2.56299973e-05  5.16176224e-05 -1.36256218e-04  7.26938248e-04
 -1.22666359e-04  1.66893005e-04 -4.38690186e-05  8.67843628e-05
  1.79529190e-04  9.17911530e-06  2.15768814e-05 -1.12056732e-05
 -8.96453857e-05 -4.41074371e-05  6.60419464e-05 -5.85317612e-05
 -5.24520874e-05  1.15990639e-04 -4.94718552e-05  3.29017639e-05
  3.40700150e-04  2.03847885e-05 -2.37226486e-05  2.54392624e-04
  2.58088112e-04 -5.63859940e-05  1.96099281e-04  1.10793114e-03
  5.96046448e-07  9.17911530e-06]","[ 6.71625137e-04  9.34839249e-04  5.58257103e-04  4.63366508e-04
  7.70330429e-04  8.23736191e-04  9.35196877e-04 -1.23977661e-04
  1.15621090e-03  6.13927841e-05  5.93423843e-04 -8.05854797e-05
  7.46726990e-04  5.23686409e-04  1.52111053e-03  1.26373768e-03
  6.81519508e-04  2.05159187e-04  7.96794891e-04  9.05036926e-04
  1.20580196e-03  4.48346138e-04  5.32627106e-04  2.59125233e-03
  3.89099121e-04  1.57070160e-03  6.06775284e-04  1.18374825e-03
  1.43706799e-03  1.14643574e-03  6.59227371e-05  8.91685486e-05
  1.62839890e-04  9.65714455e-04  7.28845596e-04  5.31911850e-04
  8.10861588e-04  1.44183636e-03  5.78999519e-04  1.20139122e-03
  2.29454041e-03  1.10352039e-03  5.77092171e-04  1.68061256e-03
  1.73580647e-03  9.25064087e-04  2.12919712e-03  3.64363194e-03
  1.03831291e-03  1.01566315e-04]","[0.01486003 0.01265363 0.01709993 0.01540804 0.00967005 0.01445987
 0.01330961 0.01940345 0.01462187 0.01504747 0.01349597 0.01762864
 0.01379771 0.00998598 0.02032213 0.01574158 0.01170701 0.01465469
 0.01764509 0.01280075 0.0137867  0.01576615 0.00988469 0.02441628
 0.01269099 0.01888846 0.01123774 0.01367261 0.01474033 0.01497819
 0.01502572 0.01496938 0.01185051 0.01247388 0.0150582  0.01367268
 0.01396039 0.01659313 0.01561588 0.01524497 0.02084643 0.01188183
 0.01426054 0.02063405 0.02058249 0.01299498 0.01773875 0.0291909
 0.01273063 0.01527108]","[0.01878277 0.02372512 0.01954688 0.01920396 0.02156522 0.02059556
 0.02472657 0.00992202 0.02577597 0.01229854 0.01801063 0.00973001
 0.02222721 0.01817437 0.0293505  0.02635287 0.02048711 0.01371198
 0.02343686 0.02118722 0.02872171 0.01840197 0.01897292 0.03686957
 0.01827232 0.0311733  0.02023761 0.0247395  0.02599922 0.02866835
 0.01210413 0.0123137  0.01293408 0.02372673 0.01948738 0.02029907
 0.022597   0.02662103 0.02071149 0.02587609 0.03415215 0.02227753
 0.0205591  0.03217952 0.03320794 0.0237724  0.03375872 0.0464345
 0.02402453 0.0133886 ]",0.37052600862768403,0.20449051206050897,0.2627260292785095,0.24279493795044943,0.3389499456974663,0.19575107774263398,0.24987722827514666,0.23972520546103465,0.001842873828209355,0.001101551106116546,0.0008821915350482418,0.0009552912643195391,0.04016554479777813,0.04436578781127929,0.0025756269957055693,0.01116925031976677,7.977485656738282e-05,0.0009265255928039551,0.00021326353215106477,0.0007088551719542846,0.015299441516441897,0.022625870602245572,0.0036283372648943336,0.007252132229651698
df1,0.26,1.0,0.0,0.0,0.74,0.0,1.0,"[0.16077182 0.81875363 0.77002924 0.61225166 0.18488568 0.17249627
 0.31007573 0.02646763 0.06932183 0.61225166 0.61225166 0.77002924
 0.14969106 0.43609338 0.08151459 0.88359176 0.63886042 0.50859953
 0.71851426 0.27423335 0.53390728 0.31007573 0.71851426 0.79482654
 0.66552932 0.93482727 0.16077182 0.81875363 0.12937218 0.32916807
 0.19796045 0.17249627 0.36968362 0.08151459 0.31007573 0.63886042
 0.55967522 0.53390728 0.19796045 0.55967522 0.97808957 0.66552932
 0.11135888 0.69212796 0.84163603 0.45963725 0.36968362 0.12937218
 0.0416213  0.77002924]","[1.20088801e-01 3.10075730e-01 1.49691056e-01 5.87165796e-02
 6.38860419e-01 3.49039701e-01 1.39231997e-01 4.65235514e-06
 1.60771824e-01 8.82599083e-02 3.69683622e-01 4.95346404e-02
 1.84885683e-01 1.11358879e-01 1.80967606e-02 6.92127962e-01
 2.64676308e-02 2.74233349e-01 1.11358879e-01 1.72496272e-01
 2.74233349e-01 1.34646549e-02 5.33907283e-01 4.83822766e-01
 1.49691056e-01 9.02355278e-01 7.52091658e-02 8.83591758e-01
 1.32017364e-03 1.21765095e-02 4.95346404e-02 3.49039701e-01
 4.13232440e-01 1.84885683e-01 2.11739817e-01 2.26241661e-01
 8.06268875e-03 4.59637254e-01 1.60771824e-01 3.18171260e-02
 6.65529322e-01 4.36093382e-01 2.74233349e-01 1.20088801e-01
 1.49691056e-01 4.95346404e-02 4.36093382e-01 7.52091658e-02
 4.54286666e-02 9.54673207e-02]","[0.16077182 0.81875363 0.77002924 0.61225166 0.18488568 0.17249627
 0.31007573 0.02646763 0.06932183 0.61225166 0.61225166 0.77002924
 0.14969106 0.43609338 0.08151459 0.88359176 0.63886042 0.50859953
 0.71851426 0.27423335 0.53390728 0.31007573 0.71851426 0.79482654
 0.66552932 0.93482727 0.16077182 0.81875363 0.12937218 0.32916807
 0.19796045 0.17249627 0.36968362 0.08151459 0.31007573 0.63886042
 0.55967522 0.53390728 0.19796045 0.55967522 0.97808957 0.66552932
 0.11135888 0.69212796 0.84163603 0.45963725 0.36968362 0.12937218
 0.0416213  0.77002924]","[1.20088801e-01 3.10075730e-01 1.49691056e-01 5.87165796e-02
 6.38860419e-01 3.49039701e-01 1.39231997e-01 4.65235514e-06
 1.60771824e-01 8.82599083e-02 3.69683622e-01 4.95346404e-02
 1.84885683e-01 1.11358879e-01 1.80967606e-02 6.92127962e-01
 2.64676308e-02 2.74233349e-01 1.11358879e-01 1.72496272e-01
 2.74233349e-01 1.34646549e-02 5.33907283e-01 4.83822766e-01
 1.49691056e-01 9.02355278e-01 7.52091658e-02 8.83591758e-01
 1.32017364e-03 1.21765095e-02 4.95346404e-02 3.49039701e-01
 4.13232440e-01 1.84885683e-01 2.11739817e-01 2.26241661e-01
 8.06268875e-03 4.59637254e-01 1.60771824e-01 3.18171260e-02
 6.65529322e-01 4.36093382e-01 2.74233349e-01 1.20088801e-01
 1.49691056e-01 4.95346404e-02 4.36093382e-01 7.52091658e-02
 4.54286666e-02 9.54673207e-02]","[0.15264305 0.94977081 0.89126118 0.89401219 0.32951758 0.2284859
 0.349993   0.0139768  0.22571973 0.60554521 0.64398158 0.82028379
 0.06105034 0.40784294 0.08246636 0.71285786 0.44477969 0.56455016
 0.60646447 0.37972879 0.75787743 0.41866932 0.57558591 0.85265508
 0.60323353 0.82015149 0.07701782 0.73838951 0.15502263 0.35535783
 0.1467277  0.16266176 0.48146442 0.05840041 0.41638662 0.73941484
 0.58287387 0.68558432 0.33864297 0.37834501 0.97872526 0.50510505
 0.07662508 0.58530758 0.78682702 0.21471287 0.2921855  0.2172968
 0.09610528 0.69246843]","[9.91811112e-02 3.33295965e-01 1.49331541e-01 4.07158099e-02
 5.96033702e-01 3.04012189e-01 1.78266678e-01 1.13006609e-04
 1.39896959e-01 1.45731621e-01 3.57078775e-01 6.78031959e-02
 1.70608887e-01 7.59280191e-02 4.03024802e-02 4.15115154e-01
 4.73482041e-02 1.33535613e-01 1.49069927e-01 1.02519945e-01
 2.03415948e-01 7.47482402e-02 3.92582395e-01 4.26827504e-01
 2.36568699e-01 8.86778866e-01 2.48015632e-02 5.89192372e-01
 4.78209209e-03 1.35359232e-02 3.60493813e-02 4.75170689e-01
 3.38572396e-01 2.61117093e-01 1.36590782e-01 1.78593253e-01
 3.40768364e-02 1.98630895e-01 2.42252198e-01 3.19850615e-02
 4.80996857e-01 3.08413493e-01 2.71670811e-01 7.99535996e-02
 2.04584527e-01 3.04859655e-02 4.17669413e-01 8.89011828e-02
 5.33664838e-02 9.15720582e-02]","[0.00203835 0.0025     0.0025     0.0025     0.00190874 0.0025
 0.0025     0.00014643 0.00189938 0.0025     0.0025     0.0025
 0.00028493 0.0025     0.00033093 0.0025     0.0025     0.0025
 0.0025     0.0025     0.0025     0.0025     0.0025     0.0025
 0.0025     0.0025     0.00068593 0.0025     0.00196729 0.0025
 0.0004676  0.0012344  0.0025     0.00077369 0.0025     0.0025
 0.0025     0.0025     0.0025     0.0025     0.0025     0.0025
 0.00100791 0.0025     0.0025     0.00137767 0.00242852 0.00104458
 0.00101845 0.0025    ]","[1.36708649e-03 2.50000000e-03 9.67331928e-04 3.91528558e-04
 2.50000000e-03 2.50000000e-03 1.04812683e-03 1.00000000e-05
 9.73869208e-04 1.26180805e-03 2.50000000e-03 7.96964636e-04
 6.89072947e-04 4.95155835e-04 1.22490474e-04 2.50000000e-03
 6.32993858e-04 9.40369265e-04 1.70379770e-03 5.97855126e-04
 1.61106897e-03 1.24140556e-03 2.50000000e-03 2.50000000e-03
 2.07863941e-03 2.50000000e-03 1.96002471e-04 2.50000000e-03
 5.58795822e-05 1.11254966e-04 8.39273952e-05 2.50000000e-03
 2.50000000e-03 2.18801429e-03 9.43832850e-04 1.68129142e-03
 3.17179034e-04 1.40760382e-03 2.13634281e-03 2.36950279e-04
 2.50000000e-03 2.50000000e-03 2.50000000e-03 3.30467742e-04
 1.12523135e-03 2.45025215e-04 2.50000000e-03 4.19711048e-04
 4.88715823e-04 8.45252537e-04]","[0.04021906 0.03333635 0.04184809 0.04056702 0.04349117 0.03884128
 0.04055813 0.0398244  0.04411556 0.04136397 0.03794887 0.03491019
 0.04295354 0.03767152 0.0491912  0.04175227 0.03880291 0.03913131
 0.03765498 0.03938813 0.04566028 0.04004239 0.04409644 0.04116314
 0.03742235 0.03735925 0.04017989 0.04164568 0.04246682 0.04097911
 0.04357666 0.0434501  0.04063493 0.04242831 0.04268357 0.0410358
 0.04585212 0.0464896  0.04257229 0.04097111 0.04060243 0.03304718
 0.03950447 0.04432867 0.04087665 0.04794338 0.04067039 0.04456646
 0.03992226 0.04545777]","[0.05441428 0.03892835 0.04026314 0.0528978  0.04075116 0.0508642
 0.04259802 0.06965206 0.05385312 0.04833647 0.0464365  0.04342529
 0.04838802 0.05350628 0.03622451 0.04705683 0.04898503 0.03368269
 0.03715826 0.05191488 0.0302957  0.04808762 0.03975638 0.03239099
 0.05591606 0.02761793 0.04612088 0.03693643 0.06347894 0.06808541
 0.04472927 0.04335283 0.04244877 0.03824453 0.0459939  0.0484341
 0.06288296 0.03845322 0.04224058 0.04971281 0.04187064 0.04763425
 0.02706209 0.04606945 0.03509191 0.03983509 0.03717873 0.03052099
 0.04448475 0.05298864]","[0.00301071 0.02293857 0.00176119 0.00268971 0.00100363 0.00466023
 0.0026975  0.00341739 0.00080593 0.00207002 0.00613446 0.01490887
 0.00120927 0.00667284 0.00012062 0.00181869 0.00471624 0.00425614
 0.00670626 0.00392546 0.00046212 0.0031869  0.0008114  0.00221229
 0.00719289 0.00733034 0.00304898 0.0018847  0.0014287  0.00235057
 0.00097411 0.00101811 0.00263088 0.00144755 0.00132676 0.00230714
 0.0004307  0.00034013 0.00137822 0.00235676 0.00265888 0.02477469
 0.00378358 0.00074725 0.00243099 0.00019612 0.00260063 0.00068651
 0.00331208 0.00049761]","[1.37660724e-05 4.53535457e-03 2.96817662e-03 2.64413258e-05
 2.53293771e-03 6.16362185e-05 1.36615451e-03 6.99683730e-09
 1.75647443e-05 1.68499909e-04 3.46924415e-04 1.02694448e-03
 1.65163945e-04 2.03940960e-05 1.02464906e-02 2.74927036e-04
 1.30815824e-04 2.08991039e-02 7.78418763e-03 3.99701599e-05
 4.98504060e-02 1.85521844e-04 3.49239368e-03 2.94319937e-02
 7.08239342e-06 9.28708641e-02 3.90048086e-04 8.31465607e-03
 1.89249836e-07 1.66328647e-08 6.47629736e-04 1.05317350e-03
 1.43750479e-03 5.60448524e-03 4.08781860e-04 1.62234818e-04
 2.56007406e-07 5.25599757e-03 1.54283565e-03 9.80718382e-05
 1.74790416e-03 2.20791791e-04 1.04913418e-01 3.97535201e-04
 1.41672092e-02 3.40574057e-03 7.73682304e-03 4.71841201e-02
 7.06842224e-04 2.54407441e-05]","[ 7.09652901e-04  1.19209290e-06 -7.86781311e-05  9.84668732e-05
  3.08752060e-05 -1.77621841e-05  9.10758972e-05  5.65052032e-04
  8.30888748e-05 -5.29289246e-05 -3.67164612e-05 -4.10079956e-05
  4.36306000e-05  2.86221504e-04  6.10351562e-05  2.26020813e-04
  2.63929367e-04 -8.92877579e-05 -4.74452972e-05  1.67846680e-04
 -8.49962234e-05 -1.93119049e-05 -4.17232513e-06 -2.03847885e-05
 -6.94990158e-05  5.49077988e-04 -1.31607056e-04 -1.03235245e-04
  3.97324562e-04 -3.68356705e-05  7.41481781e-05  1.74403191e-04
 -4.27961349e-05  1.26457214e-03  1.36137009e-04  5.82933426e-05
  1.09672546e-04 -3.81469727e-05  1.10864639e-05 -3.21865082e-05
 -2.24113464e-05 -7.97510147e-05  2.32577324e-04  1.03950500e-04
 -8.54730606e-05  1.53422356e-04  2.95281410e-04  2.57492065e-05
  5.17129898e-04 -4.41074371e-06]","[ 2.56907940e-03  1.44481659e-04  7.27891922e-04  6.22034073e-04
  9.09447670e-04  1.33419037e-03  2.58445740e-04  2.78747082e-03
  7.91430473e-04  1.22916698e-03  1.23202801e-03  3.28183174e-04
  1.42025948e-03  2.05588341e-03  5.50389290e-04  7.77721405e-04
  1.72424316e-03  5.57780266e-04  9.48309898e-04  1.79898739e-03
  5.91397285e-04  6.50167465e-04  9.94205475e-04  2.73227692e-04
  9.85503197e-04 -1.92761421e-04  6.90817833e-04  6.32286072e-04
  1.86347961e-03  1.33490562e-03  7.14540482e-04  2.94208527e-04
  6.29186630e-04  7.13467598e-04  1.52349472e-03  1.40476227e-03
  1.71697140e-03  5.77688217e-04  4.33444977e-04  7.94172287e-04
  6.84738159e-04  9.03248787e-04 -1.23977661e-05  1.25133991e-03
  3.34978104e-04  5.50746918e-05  2.46644020e-04  4.93407249e-04
  1.61647797e-03  1.04880333e-03]","[0.02572369 0.01439249 0.01196232 0.01627972 0.01487615 0.01318518
 0.01722113 0.02444099 0.01411574 0.01206329 0.01334719 0.01439307
 0.01490379 0.02090114 0.01517326 0.02135554 0.02031414 0.01178384
 0.01067081 0.01636399 0.01301731 0.01112216 0.01248754 0.01535348
 0.01426819 0.02298955 0.01238593 0.01148693 0.02089937 0.01051724
 0.0150264  0.01791157 0.01206626 0.03028339 0.01680441 0.01533156
 0.01632733 0.01344267 0.01516447 0.01568132 0.01516118 0.01032372
 0.0189925  0.01854668 0.01202467 0.01772536 0.02155072 0.01372634
 0.02235345 0.01468178]","[0.03957337 0.01323889 0.01967467 0.01999806 0.02277721 0.02660127
 0.01537219 0.03943174 0.02109705 0.02515536 0.02590971 0.01493104
 0.02843421 0.03506051 0.01894665 0.02505395 0.03327684 0.01924625
 0.0224175  0.02994754 0.02010657 0.01953344 0.02226782 0.01680862
 0.02454537 0.00521674 0.01992931 0.02242125 0.03367506 0.02481601
 0.01964206 0.01572096 0.02064215 0.02175744 0.0295573  0.03018601
 0.03012605 0.02025537 0.01639651 0.02169509 0.02333583 0.02108624
 0.01013931 0.02875654 0.01697021 0.01180894 0.01593365 0.01733884
 0.03101601 0.02485644]",0.4577465016629729,0.23594176516074872,0.28020498628063106,0.2283429650407888,0.4630950558376556,0.20719550727250652,0.27713174185150274,0.18570186814666073,0.0020722960803089114,0.0013448449494059388,0.0007425693526377636,0.0009271692498902435,0.04122398910105228,0.04494505484342576,0.00327401169778159,0.009500043872445784,0.00011183738708496093,0.0009202980995178223,0.0002521459245289292,0.0006360583280595528,0.016022419366645533,0.022653703007644414,0.004300562942881708,0.007084257533921239
df1,0.28,1.0,0.0,0.0,0.72,0.0,1.0,"[0.8633028  0.96996014 0.04953464 0.63886042 0.50859953 0.16077182
 0.48382277 0.18488568 0.43609338 0.11135888 0.06383124 0.3490397
 0.3490397  0.02903392 0.21173982 0.39108739 0.48382277 0.02410401
 0.45963725 0.88359176 0.41323244 0.24148215 0.1200888  0.94837208
 0.84163603 0.63886042 0.58582128 0.50859953 0.61225166 0.27423335
 0.58582128 0.58582128 0.139232   0.71851426 0.10315938 0.0416213
 0.55967522 0.01100057 0.63886042 0.91946676 0.63886042 0.31007573
 0.19796045 0.18488568 0.09546732 0.08151459 0.29176485 0.18488568
 0.3490397  0.00238884]","[5.39576008e-02 5.87165796e-02 1.03408932e-03 8.15145929e-02
 3.29168072e-01 9.54673207e-02 2.11739817e-01 4.16212987e-02
 1.49691056e-01 5.25376643e-03 3.49039701e-01 2.11739817e-01
 3.49039701e-01 8.31541824e-05 1.11358879e-01 1.10005675e-02
 6.92127962e-01 1.34646549e-02 2.41040115e-02 1.20088801e-01
 6.12251659e-01 1.89004559e-03 6.93218252e-02 1.49691056e-01
 2.26241661e-01 9.54673207e-02 2.90339156e-02 3.69683622e-01
 6.65529322e-01 1.34646549e-02 2.74233349e-01 8.82599083e-02
 2.38884447e-03 4.83822766e-01 5.85821277e-01 1.03159376e-01
 2.74233349e-01 1.34646549e-02 4.36093382e-01 3.69683622e-01
 4.13232440e-01 2.64676308e-02 2.41482152e-01 1.72496272e-01
 1.80967606e-02 1.49691056e-01 1.97960446e-01 2.41040115e-02
 1.72496272e-01 2.41040115e-02]","[0.8633028  0.96996014 0.04953464 0.63886042 0.50859953 0.16077182
 0.48382277 0.18488568 0.43609338 0.11135888 0.06383124 0.3490397
 0.3490397  0.02903392 0.21173982 0.39108739 0.48382277 0.02410401
 0.45963725 0.88359176 0.41323244 0.24148215 0.1200888  0.94837208
 0.84163603 0.63886042 0.58582128 0.50859953 0.61225166 0.27423335
 0.58582128 0.58582128 0.139232   0.71851426 0.10315938 0.0416213
 0.55967522 0.01100057 0.63886042 0.91946676 0.63886042 0.31007573
 0.19796045 0.18488568 0.09546732 0.08151459 0.29176485 0.18488568
 0.3490397  0.00238884]","[5.39576008e-02 5.87165796e-02 1.03408932e-03 8.15145929e-02
 3.29168072e-01 9.54673207e-02 2.11739817e-01 4.16212987e-02
 1.49691056e-01 5.25376643e-03 3.49039701e-01 2.11739817e-01
 3.49039701e-01 8.31541824e-05 1.11358879e-01 1.10005675e-02
 6.92127962e-01 1.34646549e-02 2.41040115e-02 1.20088801e-01
 6.12251659e-01 1.89004559e-03 6.93218252e-02 1.49691056e-01
 2.26241661e-01 9.54673207e-02 2.90339156e-02 3.69683622e-01
 6.65529322e-01 1.34646549e-02 2.74233349e-01 8.82599083e-02
 2.38884447e-03 4.83822766e-01 5.85821277e-01 1.03159376e-01
 2.74233349e-01 1.34646549e-02 4.36093382e-01 3.69683622e-01
 4.13232440e-01 2.64676308e-02 2.41482152e-01 1.72496272e-01
 1.80967606e-02 1.49691056e-01 1.97960446e-01 2.41040115e-02
 1.72496272e-01 2.41040115e-02]","[0.73469077 0.92656443 0.08411976 0.5718538  0.58956411 0.32445827
 0.28246632 0.15759761 0.42452504 0.13073004 0.10853698 0.68179225
 0.35857056 0.07707821 0.26028786 0.23902755 0.4501538  0.03417184
 0.36278364 0.82423305 0.4266872  0.10907051 0.14911157 0.9306654
 0.80035164 0.54137822 0.38667426 0.56971701 0.38363642 0.13047521
 0.62314173 0.78022843 0.21874871 0.69347412 0.06831453 0.04086766
 0.56424544 0.00984639 0.53535693 0.93477766 0.71834687 0.1949304
 0.35869464 0.07423984 0.11023206 0.19954487 0.20488824 0.42938797
 0.33492094 0.00516549]","[0.04559484 0.10646102 0.00682177 0.04264335 0.48062265 0.08687472
 0.27492145 0.02299529 0.11761426 0.00986683 0.34666123 0.27582965
 0.18604616 0.00173755 0.09334934 0.01586268 0.85908774 0.01320222
 0.01997308 0.11351773 0.47208347 0.00130777 0.0895859  0.13695453
 0.19230913 0.22166625 0.03916406 0.40210211 0.39141757 0.01032485
 0.1878859  0.12549485 0.00839522 0.35022669 0.37660767 0.08290742
 0.10267933 0.01730266 0.2551585  0.36710777 0.44451195 0.05546203
 0.14179113 0.05945511 0.0125522  0.16185826 0.33479975 0.0199121
 0.11344952 0.00780723]","[2.50000000e-03 2.50000000e-03 8.68956133e-04 2.50000000e-03
 2.50000000e-03 2.50000000e-03 2.50000000e-03 1.48764967e-03
 2.50000000e-03 6.94523722e-04 1.50513629e-03 2.50000000e-03
 2.50000000e-03 3.55484246e-04 2.50000000e-03 2.50000000e-03
 2.50000000e-03 2.66906410e-04 2.50000000e-03 2.50000000e-03
 2.50000000e-03 9.09506902e-04 1.93384531e-03 2.50000000e-03
 2.50000000e-03 2.50000000e-03 2.50000000e-03 2.50000000e-03
 2.50000000e-03 8.95770916e-04 2.50000000e-03 2.50000000e-03
 2.50000000e-03 2.50000000e-03 8.26785901e-04 2.71261620e-04
 2.50000000e-03 3.63261786e-05 2.50000000e-03 2.50000000e-03
 2.50000000e-03 2.21068597e-03 2.50000000e-03 3.39756494e-04
 1.76202838e-03 7.06442188e-04 1.16200166e-03 2.50000000e-03
 1.73747670e-03 2.52480826e-05]","[4.13775925e-04 8.94136064e-04 6.27294973e-05 5.00388063e-04
 2.50000000e-03 5.42816027e-04 2.00318700e-03 1.37373188e-04
 8.92567573e-04 4.36579083e-05 2.50000000e-03 1.34046766e-03
 1.30383601e-03 1.00000000e-05 7.82422299e-04 2.04045923e-04
 2.50000000e-03 9.56253308e-05 1.83026122e-04 8.41032678e-04
 2.50000000e-03 1.06897914e-05 1.09031381e-03 1.41596851e-03
 1.54922946e-03 2.14472341e-03 2.44168207e-04 2.50000000e-03
 2.50000000e-03 4.19348737e-05 1.54381771e-03 9.42828298e-04
 1.05949352e-04 2.12752313e-03 2.50000000e-03 5.45945024e-04
 4.55190033e-04 6.60970780e-05 1.84301977e-03 2.50000000e-03
 2.50000000e-03 4.80349405e-04 8.07906160e-04 1.93331199e-04
 1.62242966e-04 7.14393716e-04 1.39745888e-03 1.43598630e-04
 6.01768217e-04 2.27559571e-05]","[0.04042191 0.04161641 0.04097752 0.03811814 0.04158836 0.04125272
 0.03801534 0.04185106 0.04005077 0.04587309 0.04077379 0.03833239
 0.03909365 0.03955393 0.0402482  0.03474863 0.03968321 0.0490608
 0.03841971 0.03832284 0.03721711 0.03989614 0.04416861 0.04190937
 0.03975424 0.04576333 0.04085965 0.04167488 0.04060261 0.04388017
 0.03745687 0.04318154 0.04641144 0.04597114 0.04211288 0.04429929
 0.03841397 0.04474028 0.03666593 0.03960281 0.04147543 0.03947511
 0.03814406 0.04415535 0.03986413 0.05099462 0.04092786 0.03805881
 0.04505325 0.04186927]","[0.04925275 0.05201027 0.06767526 0.04567568 0.04402573 0.04640205
 0.04947648 0.05302099 0.03727721 0.06815408 0.03869202 0.04100318
 0.05253295 0.0624034  0.05356936 0.05726498 0.04510099 0.05681007
 0.05892817 0.05691247 0.02848147 0.05315903 0.04278809 0.05758153
 0.04416761 0.05154179 0.05094995 0.04567505 0.02955625 0.05082196
 0.05131717 0.04368629 0.05116256 0.05013281 0.04833586 0.0372235
 0.03496404 0.0365163  0.04306321 0.04537097 0.04574389 0.04847707
 0.03496636 0.04358023 0.06769907 0.04000654 0.03103479 0.0520648
 0.036686   0.0547456 ]","[2.81952801e-03 1.90321147e-03 2.35180106e-03 5.82569332e-03
 1.92111031e-03 2.14774837e-03 6.01146528e-03 1.75943461e-03
 3.17833857e-03 4.27388059e-04 2.51426354e-03 5.45526935e-03
 4.30672207e-03 3.72469850e-03 2.98253201e-03 1.55973435e-02
 3.57477167e-03 1.26975565e-04 5.31057759e-03 5.47130035e-03
 7.64871549e-03 3.33989337e-03 7.90931374e-04 1.72530621e-03
 3.49477870e-03 4.44980893e-04 2.44457205e-03 1.86640308e-03
 2.65873130e-03 8.75738593e-04 7.11870034e-03 1.11768006e-03
 3.50177922e-04 4.12227364e-04 1.61095039e-03 7.55097228e-04
 5.31997534e-03 6.45075018e-04 9.00588068e-03 3.66734810e-03
 1.99476127e-03 3.81892614e-03 5.77967921e-03 7.94655974e-04
 3.37426667e-03 5.84381287e-05 2.39047933e-03 5.93226978e-03
 5.76318226e-04 1.74870989e-03]","[1.17720030e-04 3.84120739e-05 2.07972383e-08 4.59514821e-04
 8.31931041e-04 3.51403214e-04 1.07739569e-04 2.50931824e-05
 7.51258265e-03 1.60200575e-08 4.88163368e-03 2.33203964e-03
 3.08523124e-05 3.25788770e-07 1.98490628e-05 3.83901867e-06
 5.66454611e-04 4.72739336e-06 1.76830990e-06 4.51165573e-06
 7.64666001e-02 2.36604711e-05 1.28006464e-03 3.31808338e-06
 7.91212885e-04 4.66627459e-05 5.95153250e-05 4.59620959e-04
 5.95365729e-02 6.27071418e-05 5.11934283e-05 9.37445580e-04
 5.45522350e-05 8.28896918e-05 1.68539570e-04 7.63414523e-03
 1.46855351e-02 9.41025471e-03 1.16437375e-03 5.13596991e-04
 4.48166565e-04 1.59547810e-04 1.46759696e-02 9.72897881e-04
 2.05299925e-08 3.22380018e-03 4.15613286e-02 3.75476229e-05
 8.95284997e-03 1.19071954e-05]","[-3.63588333e-05  4.23312187e-04  1.50597095e-03 -8.83340836e-05
  1.24931335e-04 -8.46385956e-06 -4.18424606e-05  3.48806381e-04
 -1.10507011e-04 -5.19752502e-05 -1.09195709e-04 -5.57899475e-05
 -2.07424164e-05  3.91602516e-04  2.81810760e-04  2.78949738e-05
  3.01599503e-05 -1.50203705e-05  3.32951546e-04 -5.29289246e-05
 -4.50611115e-05  1.00135803e-04  2.70605087e-05 -3.73125076e-05
 -1.26481056e-04 -1.20759010e-04 -2.30073929e-05 -9.16719437e-05
 -4.88758087e-06 -1.76429749e-05  2.52723694e-05  1.86324120e-04
  4.65989113e-04 -1.04546547e-04 -1.07288361e-05 -4.78029251e-05
 -8.41617584e-05 -5.79357147e-05  5.54323196e-05  1.31368637e-04
 -7.36713409e-05  9.17911530e-06  2.15649605e-04 -7.16447830e-05
  3.59296799e-04  2.19941139e-04 -2.38418579e-07  8.21352005e-05
 -9.59634781e-05  2.45571136e-04]","[0.0008229  0.00229418 0.00380468 0.00045049 0.001387   0.00032806
 0.00074852 0.00223792 0.00059915 0.00107503 0.00074255 0.00028956
 0.00146747 0.00243127 0.00054455 0.0018158  0.00030541 0.00068295
 0.00224352 0.0010376  0.00043797 0.00160992 0.00037158 0.00049806
 0.00051248 0.00068855 0.00103486 0.00051665 0.00025725 0.00093079
 0.00082171 0.00042915 0.00286865 0.00093222 0.00069416 0.00051153
 0.00097907 0.00062025 0.00112951 0.00030839 0.00019968 0.00087607
 0.00012815 0.00079012 0.00254798 0.00094724 0.00041485 0.00179195
 0.00075483 0.00087488]","[0.01445364 0.02202294 0.03173671 0.0125363  0.01780276 0.01573222
 0.01382978 0.02115624 0.01140199 0.0129025  0.01150724 0.0145612
 0.01379867 0.02109247 0.01984401 0.01343468 0.01683368 0.01482186
 0.01982054 0.00988042 0.01398354 0.01718427 0.01628242 0.01337282
 0.01078437 0.01171457 0.01228507 0.01254877 0.01548355 0.0137348
 0.01196682 0.0180153  0.02147859 0.01098017 0.01403485 0.0137394
 0.01414015 0.01365411 0.0136531  0.01750841 0.01383015 0.01439835
 0.01823832 0.01343804 0.01937004 0.01731244 0.0141284  0.01588112
 0.01162761 0.01766589]","[0.02226426 0.03461007 0.04433126 0.01694813 0.0289155  0.01747831
 0.02071604 0.0356085  0.02116143 0.02395481 0.02068084 0.01644702
 0.02993475 0.03590669 0.0197549  0.02885873 0.01766338 0.02244517
 0.03636535 0.0232464  0.01828698 0.03077433 0.01684206 0.01888225
 0.02030582 0.02257446 0.02243117 0.01855607 0.01609394 0.02433177
 0.02094283 0.0167755  0.03673745 0.02276982 0.01949994 0.01861427
 0.02363269 0.01969277 0.02364429 0.01463566 0.01477269 0.02348053
 0.01290614 0.02063656 0.03512592 0.02331926 0.01828932 0.03306864
 0.02167828 0.02062887]",0.3895342211731614,0.18428156203224388,0.28159347274112895,0.1898024376932903,0.38300652533186585,0.1660392896132758,0.27282772930982896,0.17602902946475402,0.0019099158556754219,0.0010280458168917105,0.0008616380887112282,0.0009082589374248629,0.041252052667737,0.04775375769615173,0.003212555291739361,0.009338794321923244,7.972240447998047e-05,0.0010157418251037597,0.00026021228357766445,0.0007858214784177439,0.015432105717492045,0.023344437424937015,0.0038433130308034636,0.00697410576858069
df1,0.3,1.0,0.0,0.0,0.7,0.0,1.0,"[0.61225166 0.3490397  0.39108739 0.19796045 0.66552932 0.139232
 0.45963725 0.63886042 0.66552932 0.55967522 0.69212796 0.14969106
 0.74453538 0.43609338 0.96007647 0.43609338 0.21173982 0.08151459
 0.8633028  0.3490397  0.48382277 0.27423335 0.63886042 0.18488568
 0.3490397  0.93482727 0.77002924 0.24148215 0.84163603 0.12937218
 0.8633028  0.48382277 0.12937218 0.55967522 0.77002924 0.16077182
 0.58582128 0.77002924 0.24148215 0.96996014 0.74453538 0.02903392
 0.61225166 0.79482654 0.3490397  0.18488568 0.32916807 0.63886042
 0.08825991 0.18488568]","[0.14969106 0.00421554 0.8633028  0.01641475 0.21173982 0.99589898
 0.00992823 0.32916807 0.0416213  0.21173982 0.41323244 0.05871658
 0.36968362 0.02192948 0.69212796 0.06932183 0.00268159 0.01100057
 0.48382277 0.01993114 0.01346465 0.00725489 0.08151459 0.02192948
 0.12937218 0.74453538 0.12937218 0.06932183 0.3490397  0.01487416
 0.06932183 0.139232   0.02646763 0.16077182 0.0539576  0.08151459
 0.3490397  0.74453538 0.00895146 0.08151459 0.48382277 0.0416213
 0.97808957 0.01993114 0.0539576  0.11135888 0.31007573 0.18488568
 0.12937218 0.08825991]","[0.61225166 0.3490397  0.39108739 0.19796045 0.66552932 0.139232
 0.45963725 0.63886042 0.66552932 0.55967522 0.69212796 0.14969106
 0.74453538 0.43609338 0.96007647 0.43609338 0.21173982 0.08151459
 0.8633028  0.3490397  0.48382277 0.27423335 0.63886042 0.18488568
 0.3490397  0.93482727 0.77002924 0.24148215 0.84163603 0.12937218
 0.8633028  0.48382277 0.12937218 0.55967522 0.77002924 0.16077182
 0.58582128 0.77002924 0.24148215 0.96996014 0.74453538 0.02903392
 0.61225166 0.79482654 0.3490397  0.18488568 0.32916807 0.63886042
 0.08825991 0.18488568]","[0.14969106 0.00421554 0.8633028  0.01641475 0.21173982 0.99589898
 0.00992823 0.32916807 0.0416213  0.21173982 0.41323244 0.05871658
 0.36968362 0.02192948 0.69212796 0.06932183 0.00268159 0.01100057
 0.48382277 0.01993114 0.01346465 0.00725489 0.08151459 0.02192948
 0.12937218 0.74453538 0.12937218 0.06932183 0.3490397  0.01487416
 0.06932183 0.139232   0.02646763 0.16077182 0.0539576  0.08151459
 0.3490397  0.74453538 0.00895146 0.08151459 0.48382277 0.0416213
 0.97808957 0.01993114 0.0539576  0.11135888 0.31007573 0.18488568
 0.12937218 0.08825991]","[0.52157336 0.20459008 0.31750004 0.0864208  0.83833382 0.19280863
 0.59266897 0.61694027 0.44821555 0.67602875 0.70804599 0.12991549
 0.80903748 0.59026935 0.96200013 0.42369455 0.30412064 0.05369116
 0.75997979 0.25765708 0.50832648 0.07841768 0.78354223 0.20152939
 0.34519768 0.86535428 0.69411516 0.27639149 0.92693537 0.11241539
 0.90388928 0.35129438 0.32945224 0.74884137 0.62559705 0.26191322
 0.5744611  0.67458864 0.22761641 0.93382312 0.87132615 0.04720223
 0.65133283 0.81099506 0.33946099 0.12654401 0.44657537 0.81616912
 0.16742301 0.24595897]","[0.09666997 0.00724859 0.77105796 0.01056299 0.13441417 0.99596863
 0.03140265 0.17167371 0.03402063 0.17120978 0.40789287 0.0301139
 0.31538687 0.03765518 0.75084334 0.03880122 0.00555312 0.01737487
 0.40709174 0.03585155 0.04403448 0.00332201 0.12764571 0.01593249
 0.12299689 0.92516036 0.07007104 0.04305073 0.38383466 0.01127123
 0.15261959 0.09056908 0.03155274 0.14333068 0.05398467 0.03376147
 0.35860985 0.59533388 0.00725953 0.13063407 0.40792105 0.09764855
 0.92894902 0.03559864 0.02542923 0.23463985 0.26705174 0.28839264
 0.0431577  0.08903003]","[0.0025     0.00224561 0.0025     0.00081341 0.0025     0.00224237
 0.0025     0.0025     0.0025     0.0025     0.0025     0.00098879
 0.0025     0.0025     0.0025     0.0025     0.00151296 0.00077584
 0.0025     0.00235836 0.0025     0.00037688 0.0025     0.00198154
 0.00188132 0.0025     0.0025     0.0018486  0.0025     0.00057126
 0.0025     0.0025     0.0025     0.0025     0.0025     0.00192438
 0.0025     0.0025     0.0025     0.0025     0.0025     0.00059517
 0.0025     0.0025     0.0025     0.00138059 0.0025     0.0025
 0.00138798 0.001443  ]","[9.08040229e-04 5.78092773e-05 2.50000000e-03 7.18595394e-05
 1.08070700e-03 2.50000000e-03 4.38637073e-04 1.02589487e-03
 3.22701267e-04 2.10661887e-03 2.50000000e-03 2.17491842e-04
 2.11230914e-03 1.97945543e-04 2.50000000e-03 3.78934162e-04
 2.30992346e-05 1.94831758e-04 2.50000000e-03 2.31077341e-04
 2.20063216e-04 1.04933907e-05 1.54080810e-03 1.43027301e-04
 4.37268497e-04 2.50000000e-03 5.29328354e-04 2.18986367e-04
 2.50000000e-03 5.23677828e-05 1.48261461e-03 6.18316086e-04
 4.33908129e-04 7.75784403e-04 6.23080299e-04 2.34255441e-04
 2.50000000e-03 2.50000000e-03 8.35860806e-05 1.26550793e-03
 2.17918176e-03 8.28422739e-04 2.50000000e-03 3.53561867e-04
 2.31782537e-04 2.25378306e-03 2.50000000e-03 2.50000000e-03
 2.93339300e-04 5.04179825e-04]","[0.04178974 0.04829863 0.04086423 0.045196   0.03897979 0.03950725
 0.0396486  0.04327063 0.0378673  0.04276489 0.04045438 0.04111549
 0.04496767 0.04231992 0.04589585 0.03613504 0.0417462  0.03955264
 0.03772902 0.04002348 0.04274372 0.04109281 0.04317783 0.04237696
 0.04250748 0.04079232 0.04858111 0.0397767  0.0422339  0.03971664
 0.03841519 0.03853606 0.04397456 0.04514716 0.0379359  0.04160202
 0.0424361  0.0449356  0.04051499 0.0389703  0.04584352 0.04056102
 0.03927893 0.04059967 0.04397591 0.03707295 0.04359956 0.04149504
 0.04155631 0.04166516]","[0.05690033 0.0596042  0.04074526 0.05821836 0.06032392 0.02700256
 0.04643285 0.04305444 0.05291005 0.05389809 0.0484103  0.05133161
 0.04311627 0.04853001 0.0414584  0.04739785 0.06050904 0.05932319
 0.0403953  0.05034427 0.06711167 0.05446937 0.04197548 0.06260192
 0.04793062 0.04053496 0.05947386 0.05326683 0.05235425 0.04843971
 0.05862126 0.05591272 0.04338121 0.0493131  0.05099709 0.05224587
 0.04307974 0.03952369 0.05744859 0.04467293 0.0444945  0.03817778
 0.03623352 0.04642504 0.06738163 0.03842986 0.04120784 0.04975154
 0.0469613  0.05521541]","[0.001796   0.00017099 0.0024409  0.0005473  0.00446304 0.00378024
 0.00361435 0.00108368 0.00628853 0.0012903  0.00278999 0.00224735
 0.0005944  0.00150188 0.00042382 0.01051605 0.00182239 0.00372622
 0.0065578  0.00320631 0.0012997  0.00226422 0.00111912 0.00147306
 0.00140903 0.00249907 0.00015322 0.00346983 0.00154633 0.00353692
 0.00531798 0.00512325 0.00084709 0.00055707 0.00615872 0.00191237
 0.00144372 0.00060132 0.00273561 0.0044763  0.00043206 0.00269497
 0.00406306 0.00266127 0.00084669 0.00798445 0.00096634 0.00198179
 0.00194176 0.00187247]","[4.53673008e-06 1.28220044e-06 2.53782425e-03 2.46841641e-06
 9.06943499e-07 1.06276718e-01 3.47396829e-04 1.16790619e-03
 2.63042662e-05 1.72266541e-05 1.63741507e-04 5.08899031e-05
 1.14321394e-03 1.56294880e-04 2.00609684e-03 2.41609436e-04
 8.29101209e-07 1.46614840e-06 2.84395793e-03 7.61189319e-05
 2.82088740e-08 1.34388114e-05 1.68735648e-03 2.94916191e-07
 1.97084402e-04 2.71790907e-03 1.36457257e-06 2.25964348e-05
 3.32610351e-05 1.61881277e-04 2.04365558e-06 7.09299920e-06
 1.04282747e-03 1.14944657e-04 5.83791702e-05 3.48083432e-05
 1.15774375e-03 3.76060157e-03 3.52799209e-06 6.60844963e-04
 7.04386587e-04 5.72032589e-03 1.02196830e-02 3.48408461e-04
 2.43845217e-08 5.29398872e-03 2.17986836e-03 9.65684505e-05
 2.85010661e-04 9.67871277e-06]","[ 7.27176666e-06  3.43561172e-04 -1.90734863e-06  7.35282898e-04
  7.37905502e-05  5.68628311e-05  2.51531601e-04  1.81198120e-05
 -2.74181366e-05  1.01804733e-04  1.73807144e-04  6.99758530e-05
 -7.35521317e-05  1.66893005e-06  5.72204590e-06 -6.06775284e-05
  3.01241875e-04  3.76462936e-04 -9.23871994e-05 -5.66244125e-05
  5.45859337e-04  2.92897224e-04 -3.42130661e-05  2.53319740e-04
 -5.87701797e-05 -2.99215317e-05  6.22272491e-05 -3.95774841e-05
  6.73651695e-04 -5.41210175e-05 -4.56571579e-05  9.81092453e-05
  2.31266022e-05  1.81198120e-05  9.41753387e-05  1.45912170e-04
  1.82390213e-05 -7.55786896e-05 -5.38825989e-05 -4.08887863e-05
 -5.48362732e-05 -1.34825706e-04 -4.41074371e-05  1.74045563e-04
  1.97052956e-04 -7.22408295e-05  5.05924225e-04  3.59177589e-04
 -7.72476196e-05  1.95622444e-04]","[1.64973736e-03 2.41851807e-03 5.61475754e-04 2.57229805e-03
 1.72877312e-03 3.30209732e-04 9.42230225e-04 1.21772289e-03
 3.86714935e-04 1.82390213e-03 1.72388554e-03 1.79648399e-03
 6.99877739e-04 1.04296207e-03 1.37615204e-03 1.00970268e-03
 1.24406815e-03 1.67715549e-03 6.97493553e-04 1.07455254e-03
 3.32295895e-03 9.86933708e-04 7.35998154e-04 1.54840946e-03
 5.88655472e-04 9.83357430e-04 1.84500217e-03 1.17063522e-03
 3.09658051e-03 7.18355179e-04 1.54256821e-03 1.69944763e-03
 1.43492222e-03 1.19054317e-03 1.59776211e-03 1.09446049e-03
 9.24825668e-04 5.63502312e-04 1.48546696e-03 4.56094742e-04
 9.83357430e-04 6.92725182e-04 5.86390495e-04 2.48885155e-03
 2.12442875e-03 1.70493126e-03 5.26905060e-05 2.16674805e-03
 1.21402740e-03 2.33113766e-03]","[0.01326511 0.02003975 0.0155219  0.02555808 0.01627058 0.01837644
 0.01834741 0.01482062 0.01377311 0.01665605 0.01868702 0.014563
 0.01178553 0.01557979 0.01556129 0.01381359 0.01719029 0.02119361
 0.01318968 0.01081154 0.02487171 0.01806813 0.01279575 0.01922778
 0.01241236 0.01214483 0.01497531 0.01242512 0.02696725 0.01265853
 0.01243992 0.01499703 0.01515583 0.01644437 0.01681356 0.01380812
 0.01626174 0.01274671 0.01140603 0.01400088 0.01047263 0.01132751
 0.01520993 0.01805131 0.01880061 0.01338066 0.024554   0.01959964
 0.0104793  0.01657307]","[0.03012248 0.03453167 0.02028091 0.03665034 0.03149846 0.01743372
 0.02353668 0.02625391 0.01717391 0.03109241 0.03372565 0.03032043
 0.02142301 0.0237847  0.02970063 0.02753368 0.02377024 0.0321974
 0.02142505 0.02468465 0.04101989 0.02312193 0.02204124 0.03019219
 0.01946902 0.02241438 0.03141337 0.02576799 0.04358481 0.02111268
 0.02658204 0.02843893 0.02863132 0.02665442 0.03115107 0.02338175
 0.02465016 0.0197453  0.02727437 0.01684633 0.02204781 0.0195613
 0.02052677 0.03871808 0.03390524 0.02894218 0.01176024 0.03280149
 0.02562185 0.03423208]",0.4788243970820508,0.21307057483951194,0.27116178512741934,0.26907838647076854,0.48880363281804906,0.20467174740935212,0.2819537493518896,0.2650517574052296,0.0021365610048681163,0.0010936320845360307,0.0006307152425776622,0.000981367802439917,0.04158484403312207,0.0495507920217514,0.0027247199543793134,0.008436900984424199,0.00010092258453369141,0.001346113681793213,0.00020288442917998622,0.0007111220612975782,0.015881480096224327,0.02677500236534012,0.003910851027970626,0.006548296602981061
df1,0.32,1.0,0.0,0.0,0.6799999999999999,0.0,1.0,"[0.88359176 0.53390728 0.18488568 0.36968362 0.61225166 0.55967522
 0.03181713 0.08151459 0.63886042 0.27423335 0.16077182 0.58582128
 0.71851426 0.43609338 0.93482727 0.12937218 0.43609338 0.29176485
 0.48382277 0.50859953 0.45963725 0.36968362 0.27423335 0.43609338
 0.84163603 0.61225166 0.3490397  0.25747545 0.32916807 0.39108739
 0.3490397  0.39108739 0.36968362 0.61225166 0.24148215 0.8633028
 0.32916807 0.03181713 0.79482654 0.06383124 0.77002924 0.45963725
 0.00585634 0.04542867 0.69212796 0.66552932 0.17249627 0.69212796
 0.16077182 0.08151459]","[1.84885683e-01 7.52091658e-02 5.85633896e-03 1.16899447e-03
 1.80967606e-02 2.91764847e-01 2.91764847e-01 3.48322136e-02
 1.11358879e-01 1.29372179e-01 6.38312357e-02 5.87165796e-02
 2.41482152e-01 7.52091658e-02 7.52091658e-02 1.49691056e-01
 6.38860419e-01 5.59675216e-01 9.54673207e-02 1.84885683e-01
 4.16212987e-02 1.84885683e-01 4.16212987e-02 8.95145539e-03
 3.29168072e-01 2.41040115e-02 1.39231997e-01 3.00718998e-03
 4.13232440e-01 2.57475452e-01 1.60771824e-01 4.95346404e-02
 3.18171260e-02 1.67194217e-04 1.80967606e-02 2.91764847e-01
 5.87165796e-02 1.32017364e-03 7.52091658e-02 3.00718998e-03
 5.39576008e-02 5.33907283e-01 2.90339156e-02 6.93218252e-02
 1.99311438e-02 1.29372179e-01 5.85633896e-03 3.29168072e-01
 1.97960446e-01 3.91087390e-01]","[0.88359176 0.53390728 0.18488568 0.36968362 0.61225166 0.55967522
 0.03181713 0.08151459 0.63886042 0.27423335 0.16077182 0.58582128
 0.71851426 0.43609338 0.93482727 0.12937218 0.43609338 0.29176485
 0.48382277 0.50859953 0.45963725 0.36968362 0.27423335 0.43609338
 0.84163603 0.61225166 0.3490397  0.25747545 0.32916807 0.39108739
 0.3490397  0.39108739 0.36968362 0.61225166 0.24148215 0.8633028
 0.32916807 0.03181713 0.79482654 0.06383124 0.77002924 0.45963725
 0.00585634 0.04542867 0.69212796 0.66552932 0.17249627 0.69212796
 0.16077182 0.08151459]","[1.84885683e-01 7.52091658e-02 5.85633896e-03 1.16899447e-03
 1.80967606e-02 2.91764847e-01 2.91764847e-01 3.48322136e-02
 1.11358879e-01 1.29372179e-01 6.38312357e-02 5.87165796e-02
 2.41482152e-01 7.52091658e-02 7.52091658e-02 1.49691056e-01
 6.38860419e-01 5.59675216e-01 9.54673207e-02 1.84885683e-01
 4.16212987e-02 1.84885683e-01 4.16212987e-02 8.95145539e-03
 3.29168072e-01 2.41040115e-02 1.39231997e-01 3.00718998e-03
 4.13232440e-01 2.57475452e-01 1.60771824e-01 4.95346404e-02
 3.18171260e-02 1.67194217e-04 1.80967606e-02 2.91764847e-01
 5.87165796e-02 1.32017364e-03 7.52091658e-02 3.00718998e-03
 5.39576008e-02 5.33907283e-01 2.90339156e-02 6.93218252e-02
 1.99311438e-02 1.29372179e-01 5.85633896e-03 3.29168072e-01
 1.97960446e-01 3.91087390e-01]","[0.96032486 0.55470672 0.1221441  0.20882075 0.44649816 0.59774176
 0.07396436 0.0639945  0.64684342 0.57601945 0.15730855 0.65292207
 0.62355273 0.55759993 0.91301686 0.08997971 0.41706092 0.32969312
 0.49045505 0.26868212 0.67750959 0.28035319 0.23532513 0.28605945
 0.8991994  0.52706652 0.31505713 0.18413782 0.27501406 0.39092469
 0.26299913 0.25491379 0.27566402 0.46738947 0.25818951 0.90073495
 0.27939396 0.04698804 0.67883752 0.09283674 0.58327735 0.21062428
 0.00716405 0.04078827 0.57894393 0.55770083 0.21141748 0.83691051
 0.09699975 0.08683205]","[0.22273596 0.07081194 0.00579802 0.00532081 0.00835471 0.38578195
 0.15510416 0.05615031 0.11477948 0.11022072 0.04790971 0.06706449
 0.3761942  0.02660516 0.11164246 0.12912741 0.41228425 0.59964197
 0.08329545 0.174767   0.13575767 0.03901271 0.01762107 0.00796993
 0.17609358 0.03083003 0.10371674 0.0043936  0.29594504 0.14114928
 0.19813435 0.01316582 0.04814698 0.00455699 0.02387263 0.33656571
 0.02080908 0.00274879 0.07995391 0.00870632 0.05890372 0.64263132
 0.03138772 0.04961557 0.05284673 0.12851457 0.01510954 0.27457985
 0.18794142 0.19085826]","[2.50000000e-03 2.50000000e-03 1.01993773e-03 1.78231344e-03
 2.50000000e-03 2.50000000e-03 3.56210214e-04 2.88143303e-04
 2.50000000e-03 2.50000000e-03 1.72145495e-03 2.50000000e-03
 2.50000000e-03 2.50000000e-03 2.50000000e-03 3.34913844e-04
 2.27343922e-03 2.50000000e-03 2.50000000e-03 1.92453739e-03
 2.50000000e-03 1.41370318e-03 2.50000000e-03 2.50000000e-03
 2.50000000e-03 2.50000000e-03 1.36924235e-03 1.51586565e-03
 1.70438361e-03 2.50000000e-03 2.06056967e-03 1.38413158e-03
 1.68981312e-03 2.50000000e-03 2.50000000e-03 2.50000000e-03
 2.41071488e-03 6.14957103e-04 2.50000000e-03 3.84990041e-04
 2.50000000e-03 1.98657192e-03 3.48200579e-05 3.74668403e-04
 2.50000000e-03 2.50000000e-03 1.06199513e-03 2.50000000e-03
 1.02886863e-03 1.02040449e-03]","[1.96182814e-03 4.05380663e-04 3.70736498e-05 4.60520810e-05
 1.18252726e-04 2.50000000e-03 6.37094042e-04 1.73459478e-04
 8.92443400e-04 7.86211543e-04 4.50761913e-04 3.28919331e-04
 2.25268003e-03 1.21383868e-04 8.82680572e-04 6.15666849e-04
 2.50000000e-03 2.50000000e-03 3.76982022e-04 1.05840708e-03
 9.57105200e-04 1.53522572e-04 2.26981886e-04 9.12640420e-05
 1.77285020e-03 2.56630875e-04 4.07173807e-04 2.05463638e-05
 1.48568216e-03 9.90298628e-04 1.09400518e-03 6.17425081e-05
 3.41567489e-04 4.53914537e-05 2.53311036e-04 2.50000000e-03
 1.39351005e-04 2.68260956e-05 4.36654957e-04 3.59423787e-05
 4.17934221e-04 2.50000000e-03 1.15051005e-04 2.70866540e-04
 4.05360249e-04 1.08579756e-03 5.28103586e-05 2.50000000e-03
 1.76936479e-03 1.38973916e-03]","[0.04183584 0.04168167 0.04342221 0.04267495 0.04125783 0.03966505
 0.04380875 0.04018649 0.04570602 0.04550701 0.04294734 0.04181883
 0.04295041 0.04560405 0.03974374 0.04736814 0.04435002 0.04297356
 0.04296012 0.04108676 0.04493793 0.0450765  0.03476138 0.04640836
 0.04173229 0.04481552 0.04873347 0.04133896 0.04567587 0.04254136
 0.04258892 0.04385516 0.04533537 0.0442083  0.04218016 0.04234932
 0.04511943 0.04340163 0.0403245  0.04307139 0.0435031  0.03902987
 0.04754416 0.03772302 0.04266411 0.0475034  0.04440046 0.04193899
 0.04029485 0.04450108]","[0.05223633 0.04843001 0.06698904 0.06550557 0.04118504 0.0418795
 0.04228555 0.03593059 0.0441456  0.04638008 0.04665372 0.05263759
 0.04768085 0.05715659 0.05665257 0.0401426  0.02796708 0.04552718
 0.05211105 0.05328899 0.04594034 0.05135511 0.04283197 0.04900404
 0.04400045 0.06313589 0.04566428 0.06264734 0.02986059 0.05309503
 0.0530739  0.06407242 0.0571188  0.06868421 0.05689091 0.05555426
 0.03340745 0.05366662 0.06054944 0.06465287 0.04755746 0.0373697
 0.02422171 0.04593424 0.04544519 0.04290299 0.05516563 0.04669474
 0.04067303 0.0454428 ]","[0.00176845 0.00186217 0.00102805 0.00133068 0.00214412 0.00359549
 0.00089801 0.00304251 0.00045443 0.00048875 0.00121186 0.00177857
 0.00121057 0.00047172 0.0035065  0.00024435 0.0007416  0.00120095
 0.00120653 0.00226874 0.00060081 0.00057149 0.01554198 0.00035058
 0.0018309  0.00062788 0.00014437 0.00208726 0.00045948 0.00139285
 0.00137041 0.00088348 0.00052029 0.00077988 0.00157472 0.00148696
 0.00056269 0.00103544 0.00290989 0.00116109 0.00099946 0.00439365
 0.00022852 0.00656972 0.00133563 0.0002321  0.00072841 0.0017082
 0.00293793 0.00070274]","[3.49478468e-05 1.62492999e-04 3.01329680e-08 6.63054424e-08
 2.19635153e-03 1.74270922e-03 1.51949228e-03 1.11562799e-02
 7.97405223e-04 3.54288235e-04 3.19900264e-04 2.95202031e-05
 2.16893593e-04 4.03483628e-06 5.07870098e-06 3.08583677e-03
 8.59142777e-02 4.85165868e-04 3.68291325e-05 2.23834676e-05
 4.16933978e-04 5.03998152e-05 1.26092421e-03 1.29841721e-04
 8.39390977e-04 2.25277109e-07 4.61439352e-04 2.88261544e-07
 5.53701805e-02 2.43147645e-05 2.45344619e-05 1.39680711e-07
 4.10532865e-06 1.19740728e-08 4.55626417e-06 8.32594001e-06
 2.25060029e-02 1.90358515e-05 8.12995582e-07 1.03500435e-07
 2.27361053e-04 7.30740039e-03 1.88125848e-01 4.17872428e-04
 4.99898074e-04 1.23050343e-03 9.89441958e-06 3.15025324e-04
 2.59839653e-03 5.00334034e-04]","[ 9.32216644e-05 -1.54256821e-04  6.72578812e-04 -7.12871552e-05
  2.15888023e-04  2.70485878e-04 -2.65836716e-05  6.03199005e-05
  5.32865524e-05 -6.85453415e-05  5.99622726e-05 -6.16312027e-05
 -2.82526016e-05  3.85880470e-04 -7.62939453e-06 -3.71932983e-05
  1.21593475e-05 -8.73804092e-05  1.92284584e-04 -1.28746033e-05
  1.80363655e-04 -9.75131989e-05  1.12056732e-04  6.62803650e-05
  3.79085541e-05  8.42809677e-05  1.09434128e-04 -1.01923943e-04
  2.69889832e-04 -3.44514847e-05  5.65052032e-05 -1.83582306e-05
  2.39253044e-04  2.47955322e-05  1.49726868e-04  9.56058502e-05
  3.93390656e-06 -2.55107880e-05  2.68340111e-04  1.30856037e-03
 -2.99215317e-05  2.46286392e-04  9.48905945e-05  4.23073769e-04
  2.01225281e-04  1.75833702e-04  1.05261803e-04 -1.49846077e-04
  2.74658203e-04  7.42912292e-04]","[1.43444538e-03 1.05130672e-03 3.12292576e-03 1.16920471e-03
 1.98030472e-03 6.28590584e-04 6.54459000e-04 4.40001488e-04
 7.95006752e-04 6.79612160e-04 1.33311749e-03 7.18474388e-04
 8.89301300e-04 2.69496441e-03 5.94854355e-04 1.12771988e-03
 7.77721405e-04 7.46965408e-04 1.84416771e-04 9.85264778e-04
 4.71949577e-04 1.04796886e-03 2.40087509e-04 1.39284134e-03
 6.56962395e-04 1.79529190e-03 6.81281090e-04 8.23378563e-04
 1.07049942e-04 6.67572021e-04 1.16407871e-03 2.02572346e-03
 1.72948837e-03 1.97839737e-03 1.64759159e-03 1.67775154e-03
 3.01837921e-04 4.83155251e-04 1.98757648e-03 4.00710106e-03
 1.17385387e-03 1.57356262e-05 3.02195549e-04 5.94615936e-04
 4.54783440e-04 1.73604488e-03 3.32117081e-04 8.87870789e-04
 3.83734703e-04 7.38024712e-04]","[0.01600885 0.00901682 0.02508617 0.011617   0.01848533 0.02050924
 0.01369036 0.01635069 0.0183262  0.011697   0.01691403 0.01435286
 0.01340942 0.02116943 0.01383322 0.01137271 0.01299502 0.0130459
 0.01995042 0.01398312 0.01766647 0.01179337 0.01793509 0.01820382
 0.01581548 0.01717245 0.01552663 0.01048579 0.02065703 0.01178721
 0.0127733  0.01372915 0.01874408 0.01389252 0.01662231 0.01717095
 0.01719494 0.01407404 0.02075631 0.03210297 0.01355437 0.02001952
 0.0188577  0.02272398 0.0187245  0.01859422 0.01661138 0.01197038
 0.01944178 0.02584406]","[0.03015568 0.02407988 0.04059972 0.02506458 0.03339777 0.02075239
 0.01930109 0.01779074 0.02398336 0.02133643 0.02934615 0.02084436
 0.02304239 0.03799467 0.01862246 0.02309324 0.02250983 0.02114441
 0.01543117 0.02143713 0.01753905 0.02482411 0.01491545 0.03002802
 0.0222056  0.03300629 0.02064535 0.02129429 0.01233135 0.02009776
 0.02484025 0.03317801 0.03141844 0.03102222 0.03049435 0.03127993
 0.01794584 0.01730747 0.03594346 0.04514282 0.02544268 0.01203349
 0.01735091 0.02016524 0.0177365  0.03163837 0.01583159 0.02285087
 0.01464229 0.02041312]",0.41936834113050514,0.1436127698904638,0.25181038355493734,0.15727748893154994,0.3910116339919011,0.1297025815640745,0.26037192190534314,0.14845026015049526,0.0018951329979658314,0.0008089809821856085,0.0007959762151865806,0.0008367492570919471,0.04310215329766274,0.049027978091239925,0.002619761481146368,0.010011423272634004,0.00012547969818115233,0.0010702943801879884,0.0002499592451414966,0.0007903861675983974,0.016645192210837576,0.024069851381678907,0.004328545572477634,0.007392420110268042
df1,0.34,1.0,0.0,0.0,0.6599999999999999,0.0,1.0,"[0.55967522 0.94837208 0.27423335 0.41323244 0.41323244 0.10315938
 0.96007647 0.18488568 0.32916807 0.25747545 0.17249627 0.55967522
 0.77002924 0.07520917 0.29176485 0.41323244 0.48382277 0.04953464
 0.8633028  0.22624166 0.8633028  0.93482727 0.05871658 0.71851426
 0.50859953 0.66552932 0.61225166 0.96996014 0.74453538 0.84163603
 0.29176485 0.08151459 0.14969106 0.63886042 0.66552932 0.63886042
 0.55967522 0.24148215 0.39108739 0.31007573 0.81875363 0.21173982
 0.88359176 0.09546732 0.41323244 0.27423335 0.53390728 0.04953464
 0.61225166 0.39108739]","[4.36093382e-01 8.82599083e-02 1.97960446e-01 1.72496272e-01
 1.72496272e-01 1.39231997e-01 7.52091658e-02 1.03159376e-01
 9.13835051e-04 5.25376643e-03 1.26822204e-04 9.92823487e-03
 7.52091658e-02 9.92823487e-03 5.51757155e-04 5.87165796e-02
 9.02355278e-01 1.03159376e-01 3.18171260e-02 1.32017364e-03
 8.15145929e-02 8.15145929e-02 8.06755085e-04 1.10005675e-02
 8.82599083e-02 6.38312357e-02 3.80948244e-02 3.80948244e-02
 3.18171260e-02 1.20088801e-01 1.72496272e-01 1.32017364e-03
 2.41482152e-01 3.48322136e-02 5.59675216e-01 1.39231997e-01
 1.39231997e-01 7.25488863e-03 4.36093382e-01 8.06755085e-04
 2.41482152e-01 9.92823487e-03 6.52148041e-03 3.80948244e-02
 3.29168072e-01 5.08599525e-01 1.29372179e-01 9.58129418e-05
 6.38860419e-01 1.48940867e-03]","[0.55967522 0.94837208 0.27423335 0.41323244 0.41323244 0.10315938
 0.96007647 0.18488568 0.32916807 0.25747545 0.17249627 0.55967522
 0.77002924 0.07520917 0.29176485 0.41323244 0.48382277 0.04953464
 0.8633028  0.22624166 0.8633028  0.93482727 0.05871658 0.71851426
 0.50859953 0.66552932 0.61225166 0.96996014 0.74453538 0.84163603
 0.29176485 0.08151459 0.14969106 0.63886042 0.66552932 0.63886042
 0.55967522 0.24148215 0.39108739 0.31007573 0.81875363 0.21173982
 0.88359176 0.09546732 0.41323244 0.27423335 0.53390728 0.04953464
 0.61225166 0.39108739]","[4.36093382e-01 8.82599083e-02 1.97960446e-01 1.72496272e-01
 1.72496272e-01 1.39231997e-01 7.52091658e-02 1.03159376e-01
 9.13835051e-04 5.25376643e-03 1.26822204e-04 9.92823487e-03
 7.52091658e-02 9.92823487e-03 5.51757155e-04 5.87165796e-02
 9.02355278e-01 1.03159376e-01 3.18171260e-02 1.32017364e-03
 8.15145929e-02 8.15145929e-02 8.06755085e-04 1.10005675e-02
 8.82599083e-02 6.38312357e-02 3.80948244e-02 3.80948244e-02
 3.18171260e-02 1.20088801e-01 1.72496272e-01 1.32017364e-03
 2.41482152e-01 3.48322136e-02 5.59675216e-01 1.39231997e-01
 1.39231997e-01 7.25488863e-03 4.36093382e-01 8.06755085e-04
 2.41482152e-01 9.92823487e-03 6.52148041e-03 3.80948244e-02
 3.29168072e-01 5.08599525e-01 1.29372179e-01 9.58129418e-05
 6.38860419e-01 1.48940867e-03]","[0.51401825 0.93178902 0.16233835 0.20404551 0.6442996  0.06966114
 0.94399949 0.37596495 0.21741536 0.16066477 0.14595836 0.38308069
 0.6773935  0.04589664 0.32351824 0.30123591 0.40254011 0.0226254
 0.79848065 0.09910918 0.85715527 0.90244958 0.10662619 0.55575479
 0.66859296 0.51652461 0.55460151 0.90013056 0.77695323 0.7159513
 0.09778187 0.25582874 0.33483544 0.76468342 0.41552254 0.56110228
 0.76142243 0.36999749 0.32774004 0.36347785 0.83962112 0.25803262
 0.71386861 0.02895482 0.28617955 0.20372079 0.32388124 0.0251253
 0.66171483 0.26005953]","[3.05162288e-01 7.27430674e-02 1.41699753e-01 1.68867812e-01
 2.26943706e-01 1.18475657e-01 1.57023543e-01 2.60786971e-02
 6.80450100e-03 2.70283609e-03 1.75581753e-04 1.98714566e-02
 1.82406260e-01 2.35849170e-03 7.05826474e-03 2.99885209e-02
 7.53433348e-01 2.24160322e-01 4.78940680e-02 1.97316342e-03
 7.34493066e-02 1.79094615e-01 1.11569913e-03 8.64470289e-03
 6.36159809e-02 8.47958194e-02 2.38294429e-02 1.08649557e-01
 5.12016017e-02 8.67547757e-02 2.80560273e-01 7.25461497e-03
 2.30778288e-01 4.53697407e-02 2.70378234e-01 1.17253516e-01
 7.47503204e-02 8.32858257e-03 3.81106268e-01 8.77404006e-03
 1.73496074e-01 2.72498052e-02 3.58381871e-02 9.42659746e-02
 3.65220406e-01 4.24426193e-01 8.64288448e-02 2.30142651e-04
 6.14240517e-01 1.65024738e-03]","[0.0025     0.0025     0.00079964 0.00160258 0.0025     0.00059749
 0.0025     0.0025     0.00154725 0.00158215 0.00082587 0.0025
 0.0025     0.00056197 0.00164298 0.00146047 0.0025     0.00030943
 0.0025     0.00076363 0.0025     0.0025     0.00086234 0.0025
 0.0025     0.0025     0.0025     0.0025     0.0025     0.0025
 0.00057291 0.00201142 0.00219553 0.0025     0.0025     0.0025
 0.0025     0.00105793 0.0025     0.0025     0.0025     0.00164695
 0.0025     0.0002815  0.0025     0.00202712 0.00171734 0.0001705
 0.0025     0.0025    ]","[2.25336667e-03 7.87481149e-04 5.96279719e-04 7.16400006e-04
 2.50000000e-03 5.73457624e-04 1.35400617e-03 2.66933542e-04
 4.12087063e-05 1.86624611e-05 1.00000000e-05 1.30395326e-04
 1.28476315e-03 1.87927209e-05 2.67800231e-05 1.39589536e-04
 2.50000000e-03 2.04135560e-03 4.25670577e-04 1.70651421e-05
 6.70935647e-04 1.62047222e-03 1.00000000e-05 9.60902719e-05
 3.51937757e-04 8.72176064e-04 2.20656465e-04 1.24111356e-03
 3.58902571e-04 7.33214137e-04 1.76919635e-03 6.90511948e-05
 1.91594062e-03 5.31466071e-04 1.62718172e-03 5.66298357e-04
 7.08747984e-04 1.81167366e-05 2.08293627e-03 6.01843597e-05
 8.48844781e-04 1.68653761e-04 4.75640934e-04 9.10758244e-04
 2.50000000e-03 2.50000000e-03 4.49072542e-04 1.00000000e-05
 2.50000000e-03 1.84702160e-05]","[0.03794388 0.04083327 0.04796579 0.04006277 0.04210692 0.04168498
 0.04112853 0.04635635 0.04235646 0.04121126 0.04079765 0.03957188
 0.04050396 0.03658038 0.04032109 0.04809452 0.04370379 0.04013803
 0.04155357 0.04095453 0.04074703 0.0486793  0.04280851 0.04013588
 0.04223099 0.04112126 0.04356633 0.04028828 0.04214282 0.04277933
 0.04560475 0.04497431 0.04630766 0.0417888  0.04424831 0.04237816
 0.0423101  0.0448532  0.04388114 0.04809798 0.04763258 0.03825425
 0.03674701 0.04000192 0.04017132 0.0412485  0.03958361 0.04121541
 0.03869905 0.04058459]","[0.05126263 0.04972793 0.04672851 0.05034506 0.05143306 0.04793392
 0.05775244 0.05994516 0.05744809 0.05270764 0.05708706 0.06670631
 0.06089534 0.04586485 0.06989476 0.04948313 0.04528686 0.05202528
 0.05794521 0.06535898 0.05865592 0.06092228 0.0563258  0.05598608
 0.04843632 0.04833504 0.05756692 0.05625244 0.05174022 0.06015991
 0.03396038 0.05636966 0.03737927 0.03428695 0.04304529 0.06249987
 0.04899648 0.06008293 0.04653516 0.06050489 0.0444709  0.05760152
 0.05155394 0.03907722 0.0518459  0.0375917  0.05951429 0.06362081
 0.05726445 0.06877839]","[0.00614379 0.00246579 0.00019444 0.0031661  0.0016142  0.00186011
 0.00223771 0.00035743 0.00148336 0.0021774  0.00249471 0.00370354
 0.00274543 0.0092351  0.0029131  0.00018503 0.00093171 0.00309038
 0.00194353 0.00236963 0.00253636 0.00014746 0.00127112 0.00309251
 0.00154786 0.00224308 0.00097763 0.00294417 0.00159473 0.00128392
 0.0004716  0.00059298 0.00036396 0.00179657 0.00076889 0.00147245
 0.00150689 0.00061943 0.00087544 0.00018478 0.00022093 0.00558779
 0.00879342 0.00322858 0.00305742 0.00215075 0.00368977 0.00217442
 0.00487099 0.00267438]","[5.23551453e-05 9.74824108e-05 3.11064124e-04 7.60946332e-05
 4.88060217e-05 1.96834473e-04 3.06583507e-06 1.08878450e-06
 3.52880589e-06 2.86592696e-05 4.16546397e-06 3.50681817e-08
 6.86912427e-07 4.28684486e-04 6.10764647e-09 1.07455644e-04
 5.29545651e-04 3.81723777e-05 2.80346472e-06 7.16106712e-08
 2.01060425e-06 6.77928467e-07 5.88932103e-06 6.86324850e-06
 1.62094926e-04 1.68593094e-04 3.34054745e-06 6.08767911e-06
 4.29805526e-05 9.81760342e-07 1.93822112e-02 5.77368344e-06
 7.28646194e-03 1.77245550e-02 1.17160062e-03 3.10415654e-07
 1.30228135e-04 1.01890165e-06 3.34394263e-04 8.30775620e-07
 7.10343740e-04 3.28757746e-06 4.64288698e-05 4.32896309e-03
 4.11341830e-05 6.83556978e-03 1.33848520e-06 1.76042750e-07
 3.83995059e-06 1.13679170e-08]","[ 1.01208687e-04 -7.36713409e-05  3.91244888e-04 -2.87294388e-05
  1.00135803e-05 -7.70092010e-05  1.89542770e-05  3.29136848e-04
  8.72612000e-05  1.42693520e-04  2.95639038e-05  2.39014626e-04
 -6.03199005e-05  7.86781311e-05 -4.72068787e-05  2.90274620e-04
 -9.44137573e-05  4.61339951e-05  2.02775002e-04 -8.26120377e-05
 -5.73396683e-05 -4.37498093e-05  2.77757645e-05 -7.95125961e-05
  2.12550163e-04 -3.82661819e-05  4.94718552e-05 -4.68492508e-05
  6.43730164e-05  5.45978546e-04  1.61528587e-04  3.04937363e-04
  2.16603279e-04  9.21487808e-05  1.29222870e-04  6.89148903e-04
  1.97649002e-04 -6.69956207e-05 -8.09431076e-05  5.70535660e-04
  4.38690186e-05  5.00202179e-04  3.03745270e-04  4.23192978e-05
 -1.51395798e-05  1.99794769e-04  1.71184540e-04  4.41074371e-06
 -1.88350677e-05 -3.34978104e-05]","[0.00217199 0.00103366 0.00063884 0.00090992 0.00035119 0.00126612
 0.00139606 0.00285327 0.0014888  0.00069618 0.00128329 0.00275159
 0.00060356 0.00136399 0.00208759 0.00222456 0.00072396 0.0010103
 0.00150442 0.00157642 0.00102198 0.00106692 0.00163686 0.00128019
 0.00241041 0.00113499 0.00171316 0.00068641 0.00195956 0.002491
 0.00018239 0.00186992 0.00035584 0.00118279 0.00027478 0.00325036
 0.00077403 0.00130773 0.00090528 0.00157857 0.00097215 0.00243521
 0.00053811 0.00029218 0.00157166 0.00100851 0.00212324 0.00145102
 0.00129104 0.00178361]","[0.01623146 0.01377354 0.02120132 0.01451896 0.01494064 0.01504303
 0.01289167 0.0194621  0.01706818 0.02043157 0.01573964 0.01523889
 0.01286158 0.01799973 0.01224177 0.01874521 0.01347399 0.01407745
 0.01576831 0.01249038 0.01173452 0.01351267 0.0114753  0.01069897
 0.01918873 0.01308184 0.01306647 0.01223459 0.01665826 0.02403204
 0.01942324 0.02073516 0.01951137 0.01795552 0.01928574 0.026665
 0.01693822 0.01210627 0.01246165 0.02056238 0.01403921 0.02353223
 0.01993025 0.01530502 0.01297366 0.01639621 0.01395805 0.01162938
 0.01271942 0.01272557]","[0.03416652 0.02465705 0.01922656 0.02360737 0.01562902 0.02628466
 0.02564307 0.03832379 0.02907734 0.0238375  0.03119796 0.03515296
 0.01889154 0.0294549  0.03027008 0.03284735 0.0203722  0.02268085
 0.02779825 0.0277761  0.02259596 0.02335935 0.02837087 0.0253863
 0.03527673 0.02560082 0.03002165 0.01916018 0.03336923 0.03717755
 0.01242331 0.03369691 0.01719392 0.02681348 0.01488804 0.04327716
 0.02159541 0.02664984 0.02262381 0.02742688 0.02265852 0.03574405
 0.0175914  0.01483681 0.02826045 0.02308108 0.03063703 0.02740765
 0.02492885 0.03014589]",0.47038066064386336,0.1355049510227246,0.28274919173038404,0.1904048733176978,0.4366465120327686,0.12849146215663518,0.2812708396952575,0.15970537680950167,0.0019347400253186128,0.0008321653387843361,0.0007824149105575764,0.0008402823731046555,0.04213904027581215,0.053303863098621375,0.0029127363018048146,0.00850192083597532,0.00011098623275756836,0.0013697123527526855,0.00018813489237521155,0.0007191671809434877,0.01597472729823422,0.026381883953871307,0.0037017792089474428,0.006640819083689771
df1,0.36,1.0,0.0,0.0,0.64,0.0,1.0,"[0.21173982 0.69212796 0.06932183 0.50859953 0.71851426 0.3490397
 0.50859953 0.07520917 0.43609338 0.81875363 0.21173982 0.36968362
 0.63886042 0.77002924 0.08151459 0.50859953 0.25747545 0.3490397
 0.69212796 0.8633028  0.41323244 0.36968362 0.03181713 0.25747545
 0.24148215 0.61225166 0.84163603 0.11135888 0.05871658 0.25747545
 0.21173982 0.31007573 0.81875363 0.139232   0.45963725 0.32916807
 0.22624166 0.17249627 0.27423335 0.63886042 0.39108739 0.61225166
 0.39108739 0.55967522 0.48382277 0.88359176 0.58582128 0.48382277
 0.61225166 0.88359176]","[7.52091658e-02 3.69683622e-01 3.77043497e-03 1.03159376e-01
 2.68158880e-03 6.38860419e-01 9.54673207e-02 6.38312357e-02
 2.41040115e-02 3.49039701e-01 4.59637254e-01 4.70847031e-03
 2.57475452e-01 4.16212987e-02 6.38312357e-02 2.68158880e-03
 4.83822766e-01 6.26876255e-04 3.18171260e-02 3.48322136e-02
 1.72496272e-01 1.34646549e-02 1.20088801e-01 1.67865304e-03
 5.25376643e-03 1.34646549e-02 7.52091658e-02 6.38312357e-02
 1.29372179e-01 2.90339156e-02 3.36894521e-03 2.19294824e-02
 3.18171260e-02 7.25488863e-03 1.48940867e-03 1.48741570e-02
 4.54286666e-02 3.48322136e-02 4.85152370e-04 7.52091658e-02
 5.39576008e-02 1.64147482e-02 1.89004559e-03 6.52148041e-03
 3.69683622e-01 6.93218252e-02 6.93218252e-02 3.69683622e-01
 2.64676308e-02 3.48322136e-02]","[0.21173982 0.69212796 0.06932183 0.50859953 0.71851426 0.3490397
 0.50859953 0.07520917 0.43609338 0.81875363 0.21173982 0.36968362
 0.63886042 0.77002924 0.08151459 0.50859953 0.25747545 0.3490397
 0.69212796 0.8633028  0.41323244 0.36968362 0.03181713 0.25747545
 0.24148215 0.61225166 0.84163603 0.11135888 0.05871658 0.25747545
 0.21173982 0.31007573 0.81875363 0.139232   0.45963725 0.32916807
 0.22624166 0.17249627 0.27423335 0.63886042 0.39108739 0.61225166
 0.39108739 0.55967522 0.48382277 0.88359176 0.58582128 0.48382277
 0.61225166 0.88359176]","[7.52091658e-02 3.69683622e-01 3.77043497e-03 1.03159376e-01
 2.68158880e-03 6.38860419e-01 9.54673207e-02 6.38312357e-02
 2.41040115e-02 3.49039701e-01 4.59637254e-01 4.70847031e-03
 2.57475452e-01 4.16212987e-02 6.38312357e-02 2.68158880e-03
 4.83822766e-01 6.26876255e-04 3.18171260e-02 3.48322136e-02
 1.72496272e-01 1.34646549e-02 1.20088801e-01 1.67865304e-03
 5.25376643e-03 1.34646549e-02 7.52091658e-02 6.38312357e-02
 1.29372179e-01 2.90339156e-02 3.36894521e-03 2.19294824e-02
 3.18171260e-02 7.25488863e-03 1.48940867e-03 1.48741570e-02
 4.54286666e-02 3.48322136e-02 4.85152370e-04 7.52091658e-02
 5.39576008e-02 1.64147482e-02 1.89004559e-03 6.52148041e-03
 3.69683622e-01 6.93218252e-02 6.93218252e-02 3.69683622e-01
 2.64676308e-02 3.48322136e-02]","[0.26088448 0.54214406 0.09189769 0.55000259 0.47329491 0.36583834
 0.45963447 0.15135555 0.26320191 0.69699451 0.11940837 0.1173169
 0.72796933 0.80119619 0.10448846 0.43729343 0.1815947  0.40982464
 0.5168973  0.82491312 0.30127696 0.51984038 0.05092149 0.27406866
 0.1835459  0.50752261 0.93862128 0.23245306 0.13240252 0.19051937
 0.26646285 0.36967321 0.74602092 0.11143853 0.4507008  0.13744553
 0.28069057 0.211135   0.23287065 0.68673526 0.38328437 0.77214135
 0.26729964 0.47593605 0.3294031  0.83260248 0.36072294 0.58219008
 0.86261099 0.74467736]","[1.88640473e-02 2.03373194e-01 7.76064383e-03 2.69797578e-01
 4.97429670e-03 7.48344137e-01 1.90525784e-01 9.00794040e-02
 1.12981838e-02 2.37882925e-01 2.92441920e-01 2.37845392e-03
 2.11625507e-01 1.00037915e-01 3.52326104e-02 1.30949612e-02
 2.96539516e-01 6.20526823e-04 5.23234558e-02 5.19865973e-02
 3.63819087e-02 1.91413584e-02 1.68598079e-01 2.31799037e-03
 1.79705487e-02 2.01307827e-02 5.68946409e-02 5.51637914e-02
 5.65046271e-02 7.04025307e-03 5.41760925e-03 2.24536665e-02
 9.67011431e-02 8.05171485e-03 1.20656229e-02 9.20359522e-03
 1.07497832e-01 2.99653563e-02 4.11299667e-03 8.54287651e-02
 2.26154986e-02 1.37205017e-02 1.88191366e-03 2.09331390e-02
 2.95132698e-01 7.81079867e-02 4.64666616e-02 2.99832266e-01
 4.38929016e-02 5.60225065e-02]","[0.00232084 0.0025     0.00065325 0.0025     0.0025     0.0025
 0.0025     0.00062622 0.0019348  0.0025     0.0010672  0.0008366
 0.0025     0.0025     0.00057753 0.00239818 0.0014573  0.0025
 0.0025     0.0025     0.00137539 0.0025     0.00055012 0.0021841
 0.00064708 0.0025     0.0025     0.00206698 0.00070078 0.00164098
 0.0025     0.0025     0.0025     0.00176603 0.00219075 0.00097373
 0.0025     0.0025     0.00126182 0.0025     0.00217523 0.0025
 0.00229074 0.0025     0.0025     0.0025     0.00232758 0.0025
 0.0025     0.0025    ]","[1.82535533e-04 1.38345041e-03 3.26747739e-05 2.50000000e-03
 4.38188874e-05 2.50000000e-03 1.61818502e-03 3.50936885e-04
 7.13931531e-05 1.64089501e-03 2.50000000e-03 1.99271990e-05
 2.15184497e-03 8.48712857e-04 1.00242712e-04 6.89649029e-05
 1.37462675e-03 1.00000000e-05 1.78530483e-04 5.38419480e-04
 1.06099829e-04 1.42398154e-04 1.27355192e-03 2.11814089e-05
 3.72580686e-05 2.60655097e-04 7.47003169e-04 2.81507348e-04
 2.27132487e-04 4.36668288e-05 6.96368255e-05 1.70488472e-04
 9.65854322e-04 1.03907428e-04 7.21788453e-05 4.40431786e-05
 1.29033130e-03 4.11376627e-04 2.23976974e-05 8.26942769e-04
 1.05879090e-04 7.29814676e-05 1.16310410e-05 2.07222732e-04
 2.50000000e-03 7.40018023e-04 2.35033895e-04 2.50000000e-03
 4.99632334e-04 6.91889121e-04]","[0.0432567  0.049974   0.04314952 0.04038889 0.03873914 0.03958527
 0.04062267 0.04410519 0.04452832 0.0495649  0.04122549 0.04698013
 0.03838556 0.04047948 0.05054886 0.04246246 0.04093966 0.04164113
 0.04657373 0.04724116 0.04440094 0.03648933 0.04552268 0.04449482
 0.04401607 0.04282689 0.04903197 0.03923432 0.04784479 0.04491097
 0.03962611 0.04013517 0.04726058 0.04033306 0.04300482 0.04362923
 0.04153321 0.03920277 0.04559494 0.041921   0.04330828 0.0454269
 0.04063177 0.0408776  0.04630147 0.04205863 0.04578241 0.04015221
 0.04278212 0.04071769]","[0.05130742 0.03376154 0.08266481 0.05245404 0.05853139 0.0487945
 0.04871534 0.04722102 0.05768112 0.04842546 0.06498607 0.05492502
 0.04797735 0.04458453 0.05481978 0.07368998 0.03437448 0.07312226
 0.06044153 0.05732771 0.05512412 0.06084216 0.03806478 0.05066173
 0.062588   0.05521645 0.0641728  0.0521868  0.05703219 0.06629759
 0.05407338 0.04867298 0.06560408 0.05521792 0.05296537 0.065658
 0.05342052 0.05759889 0.07019111 0.05778947 0.05799837 0.05572162
 0.06322837 0.04852285 0.04157707 0.04760972 0.05579289 0.0495686
 0.0567072  0.05545748]","[1.08893406e-03 8.83473026e-05 1.13013744e-03 2.84986892e-03
 4.81070976e-03 3.68783635e-03 2.64141358e-03 8.08890362e-04
 6.95933913e-04 1.04021415e-04 2.16717942e-03 2.82996031e-04
 5.36674610e-03 2.76734753e-03 7.00711057e-05 1.43081768e-03
 2.38123218e-03 1.88756635e-03 3.29612671e-04 2.56414035e-04
 7.28279541e-04 9.48488284e-03 4.85964594e-04 7.04308134e-04
 8.34774259e-04 1.26312303e-03 1.28423945e-04 4.12053425e-03
 2.03690215e-04 6.06675896e-04 3.64029283e-03 3.09322757e-03
 2.54534158e-04 2.90184868e-03 1.18807942e-03 9.56365487e-04
 1.95675946e-03 4.16163991e-03 4.73299618e-04 1.71857528e-03
 1.06960786e-03 5.03241536e-04 2.63359026e-03 2.43022211e-03
 3.64793342e-04 1.64072655e-03 4.41874556e-04 3.07629844e-03
 1.28268956e-03 2.56078848e-03]","[5.13992439e-05 2.04580024e-02 2.45087867e-12 3.18947133e-05
 2.13182367e-06 1.40964042e-04 1.45396302e-04 2.58378193e-04
 3.16876958e-06 1.62780450e-04 8.70312017e-08 1.10035293e-05
 1.93573355e-04 6.82092793e-04 1.15252589e-05 6.85561158e-10
 1.73023702e-02 9.57931101e-10 8.56709113e-07 3.72990261e-06
 1.00777688e-05 7.04986221e-07 5.92146464e-03 6.69330033e-05
 2.96985305e-07 9.67424093e-06 1.32649391e-07 3.56802853e-05
 4.27140860e-06 4.36157704e-08 1.59673565e-05 1.47821911e-04
 6.29569335e-08 9.66795244e-06 2.56934934e-05 6.11943870e-08
 2.11582111e-05 3.29158460e-06 5.17035910e-09 3.01366870e-06
 2.73500047e-06 7.72666033e-06 2.14959239e-07 1.56731432e-04
 1.92835905e-03 2.22870821e-04 7.48425076e-06 1.03868255e-04
 4.95409476e-06 8.69258422e-06]","[-1.08480453e-04  1.11460686e-04  1.58429146e-04 -3.49283218e-05
  1.85966492e-04 -1.01804733e-04  4.47034836e-05  7.09295273e-05
 -1.01804733e-04  4.39882278e-05  3.24487686e-04  3.25083733e-04
  1.51395798e-05  2.01106071e-04  4.83632088e-04  6.77824020e-04
  4.61339951e-05  8.12888145e-04 -3.15904617e-05  6.99758530e-05
  5.97238541e-05 -7.74860382e-05  8.24093819e-04  1.31130219e-05
  3.46064568e-04  1.99079514e-05  1.63674355e-04 -9.11951065e-05
  1.54376030e-04  5.82933426e-05 -3.96966934e-05 -5.85317612e-05
  1.94311142e-05  2.43186951e-05  1.20759010e-04  2.27451324e-04
 -3.23057175e-05  1.56998634e-04  2.03609467e-04  1.11460686e-04
  1.56402588e-04 -1.23262405e-04  1.74641609e-04  8.91685486e-05
  2.12907791e-04  1.79886818e-04 -3.21865082e-05 -1.24573708e-04
  2.51293182e-04 -2.41994858e-05]","[1.28924847e-03 4.00662422e-04 2.02190876e-03 1.91068649e-03
 5.41567802e-04 1.14762783e-03 8.94069672e-04 5.47766685e-04
 1.03104115e-03 9.19699669e-04 1.12938881e-03 2.42137909e-03
 7.95483589e-04 7.24673271e-04 1.15883350e-03 4.02617455e-03
 7.08222389e-04 4.57680225e-03 1.29592419e-03 1.87182426e-03
 1.29926205e-03 1.65641308e-03 9.35792923e-05 1.88672543e-03
 2.53140926e-03 1.45995617e-03 2.48575211e-03 8.39471817e-04
 2.02226639e-03 1.74641609e-03 9.10997391e-04 6.21914864e-04
 1.64067745e-03 1.37245655e-03 8.53657722e-04 2.43782997e-03
 5.81979752e-04 1.82342529e-03 1.56462193e-03 2.95400620e-04
 2.41422653e-03 1.11377239e-03 2.82180309e-03 3.73601913e-04
 6.17504120e-04 9.53316689e-04 9.92536545e-04 1.24382973e-03
 9.90748405e-04 9.89437103e-04]","[0.01182172 0.01899418 0.01455143 0.01298089 0.01832129 0.0096068
 0.0148614  0.01662974 0.01241064 0.01620571 0.01821473 0.01993632
 0.01691934 0.01756722 0.0213802  0.02515146 0.01827024 0.02512576
 0.01412931 0.013903   0.01261084 0.01126963 0.02799737 0.01171543
 0.01864569 0.01639576 0.01725352 0.01142812 0.01460897 0.01549409
 0.01430322 0.01266293 0.01368707 0.01561027 0.01859703 0.01760236
 0.01488342 0.0156974  0.01461261 0.0169736  0.01573292 0.01110985
 0.01769609 0.01600979 0.0193967  0.01638543 0.01489172 0.01232451
 0.01835382 0.01523106]","[0.02831033 0.01853865 0.02983967 0.03168159 0.02035905 0.02321485
 0.02358303 0.01905151 0.02460691 0.02413135 0.02464709 0.03543221
 0.02198119 0.02061267 0.02506175 0.04223132 0.02234013 0.04534303
 0.02547183 0.03068163 0.0244454  0.02702324 0.01176484 0.0301609
 0.03463061 0.02937852 0.03596344 0.02029995 0.03237272 0.03159077
 0.02232887 0.01857456 0.02768152 0.02838418 0.02152153 0.03379732
 0.02110492 0.03016338 0.02732852 0.0168248  0.03534893 0.02337834
 0.04030614 0.01564652 0.02022321 0.02160869 0.02514393 0.02744043
 0.02441438 0.02467525]",0.43585886304994204,0.09971076551373428,0.24605903811028243,0.14914721161414063,0.41062729747485316,0.09077660025985514,0.24399373796662616,0.13252808833811752,0.002030464810293267,0.0006559411699658995,0.0006895966210685915,0.0008082750374590072,0.04318890012264252,0.055427357428073885,0.0032796668965249525,0.00942410778626377,0.00012314558029174804,0.0014009594917297364,0.00021331475824245785,0.0008887849851775505,0.016123252028925783,0.02641291145407754,0.0036447307412550674,0.006810456827909568
df1,0.38,1.0,0.0,0.0,0.62,0.0,1.0,"[0.84163603 0.58582128 0.0416213  0.77002924 0.06383124 0.36968362
 0.61225166 0.39108739 0.31007573 0.32916807 0.24148215 0.03809482
 0.25747545 0.63886042 0.36968362 0.36968362 0.3490397  0.08151459
 0.45963725 0.07520917 0.16077182 0.09546732 0.66552932 0.55967522
 0.50859953 0.43609338 0.43609338 0.96996014 0.32916807 0.29176485
 0.17249627 0.00992823 0.61225166 0.53390728 0.19796045 0.96007647
 0.32916807 0.02192948 0.24148215 0.32916807 0.3490397  0.98457739
 0.41323244 0.41323244 0.90235528 0.25747545 0.14969106 0.39108739
 0.50859953 0.04953464]","[5.25376643e-03 3.69683622e-01 1.73569175e-06 1.48741570e-02
 2.41040115e-02 8.15145929e-02 1.03408932e-03 4.70847031e-03
 1.84885683e-01 6.38312357e-02 5.33907283e-01 8.06755085e-04
 1.67865304e-03 9.13835051e-04 2.57475452e-01 2.74233349e-01
 1.03159376e-01 3.48322136e-02 2.41040115e-02 1.34646549e-02
 2.57475452e-01 2.57475452e-01 1.34646549e-02 5.39576008e-02
 2.19294824e-02 1.99311438e-02 1.29372179e-01 1.97960446e-01
 9.54673207e-02 3.49039701e-01 6.26876255e-04 8.31541824e-05
 8.15145929e-02 6.52148041e-03 6.12251659e-01 2.41482152e-01
 3.00718998e-03 3.48322136e-02 1.34646549e-02 6.38312357e-02
 1.48940867e-03 6.93218252e-02 4.70847031e-03 4.16212987e-02
 2.41482152e-01 1.10005675e-02 2.51182002e-04 4.21554189e-03
 2.19294824e-02 1.64147482e-02]","[0.84163603 0.58582128 0.0416213  0.77002924 0.06383124 0.36968362
 0.61225166 0.39108739 0.31007573 0.32916807 0.24148215 0.03809482
 0.25747545 0.63886042 0.36968362 0.36968362 0.3490397  0.08151459
 0.45963725 0.07520917 0.16077182 0.09546732 0.66552932 0.55967522
 0.50859953 0.43609338 0.43609338 0.96996014 0.32916807 0.29176485
 0.17249627 0.00992823 0.61225166 0.53390728 0.19796045 0.96007647
 0.32916807 0.02192948 0.24148215 0.32916807 0.3490397  0.98457739
 0.41323244 0.41323244 0.90235528 0.25747545 0.14969106 0.39108739
 0.50859953 0.04953464]","[5.25376643e-03 3.69683622e-01 1.73569175e-06 1.48741570e-02
 2.41040115e-02 8.15145929e-02 1.03408932e-03 4.70847031e-03
 1.84885683e-01 6.38312357e-02 5.33907283e-01 8.06755085e-04
 1.67865304e-03 9.13835051e-04 2.57475452e-01 2.74233349e-01
 1.03159376e-01 3.48322136e-02 2.41040115e-02 1.34646549e-02
 2.57475452e-01 2.57475452e-01 1.34646549e-02 5.39576008e-02
 2.19294824e-02 1.99311438e-02 1.29372179e-01 1.97960446e-01
 9.54673207e-02 3.49039701e-01 6.26876255e-04 8.31541824e-05
 8.15145929e-02 6.52148041e-03 6.12251659e-01 2.41482152e-01
 3.00718998e-03 3.48322136e-02 1.34646549e-02 6.38312357e-02
 1.48940867e-03 6.93218252e-02 4.70847031e-03 4.16212987e-02
 2.41482152e-01 1.10005675e-02 2.51182002e-04 4.21554189e-03
 2.19294824e-02 1.64147482e-02]","[0.82942201 0.47434021 0.09650129 0.50843845 0.06934927 0.45749126
 0.46727526 0.37847686 0.23969687 0.25052833 0.08330577 0.08097348
 0.2487042  0.43703807 0.25526074 0.34896876 0.21137129 0.0521506
 0.51777694 0.10856134 0.07394427 0.13666995 0.38702063 0.43081302
 0.34498942 0.58379336 0.36737521 0.9786627  0.50364336 0.67501033
 0.14058306 0.00980072 0.58998188 0.22762051 0.16428099 0.8634705
 0.2245236  0.02345435 0.21836365 0.18211837 0.37233536 0.99161814
 0.31487312 0.22211304 0.79999939 0.38088359 0.15815593 0.29484038
 0.28731698 0.0758936 ]","[2.47990642e-02 1.97329023e-01 1.96948146e-04 3.19494620e-02
 1.33400716e-02 7.03094508e-02 7.78846018e-03 4.11951239e-03
 2.91530337e-01 3.17400132e-02 5.63398258e-01 4.82029239e-04
 8.33586790e-03 5.65158147e-03 1.20076489e-01 7.44438191e-02
 7.11109341e-02 2.91590898e-02 3.20827050e-02 2.04743124e-02
 1.07859106e-01 2.35753833e-01 2.99413260e-02 1.14836308e-01
 1.41673695e-02 1.61235432e-02 1.55467910e-01 1.28442719e-01
 4.54737384e-02 2.26791924e-01 2.68770593e-03 1.14025477e-04
 1.16474026e-01 7.29819016e-03 3.44056266e-01 2.30331253e-01
 1.58871289e-02 2.75934851e-02 2.10190328e-02 3.04611031e-02
 5.40109176e-03 9.74354698e-02 1.15549013e-02 2.62615631e-02
 1.76582240e-01 1.53817408e-02 1.42623023e-03 6.12390049e-03
 1.95850721e-02 3.13600509e-02]","[0.0025     0.0025     0.00072181 0.0025     0.00105695 0.0025
 0.0025     0.0025     0.00201564 0.00150897 0.00061789 0.00064297
 0.0013578  0.0025     0.00150728 0.00129436 0.00152246 0.00018949
 0.0025     0.00114623 0.00052219 0.00167513 0.0025     0.00224891
 0.0025     0.0025     0.0025     0.0025     0.00167191 0.0025
 0.00062838 0.00010165 0.0025     0.00198681 0.00167675 0.0025
 0.00208934 0.00016368 0.00051236 0.00235509 0.0025     0.0025
 0.00183179 0.00187608 0.0025     0.0025     0.00178842 0.0025
 0.00198232 0.00045151]","[2.10945215e-04 1.02467440e-03 1.00000000e-05 2.04485408e-04
 1.89824534e-04 3.83900428e-04 3.82830054e-05 5.01992260e-05
 2.50000000e-03 1.65782319e-04 2.50000000e-03 1.00000000e-05
 3.37374525e-05 4.97308565e-05 5.01719348e-04 2.75110532e-04
 4.36123451e-04 5.79786073e-05 2.84924060e-04 1.91822981e-04
 4.99427161e-04 1.72094058e-03 3.47258822e-04 5.86452885e-04
 9.62512820e-05 1.51627314e-04 2.11943155e-03 1.36510138e-03
 1.34513661e-04 1.69052877e-03 1.00000000e-05 1.00000000e-05
 1.05517700e-03 5.91184652e-05 2.34180172e-03 2.28553558e-03
 1.01781677e-04 1.39729614e-04 4.10306670e-05 4.37843008e-04
 5.10422915e-05 9.09517522e-04 5.62116550e-05 1.20222090e-04
 1.71761427e-03 1.01637600e-04 1.88802586e-05 5.04868017e-05
 1.26879602e-04 1.55327899e-04]","[0.04640865 0.04460758 0.04123601 0.04064861 0.04045364 0.04222363
 0.04094866 0.0426546  0.03776105 0.0409647  0.04199194 0.04558223
 0.04496354 0.04176771 0.0455841  0.04809992 0.04888261 0.04880226
 0.04206542 0.04210922 0.04493362 0.04228248 0.04130581 0.05266
 0.04082379 0.04808834 0.04390831 0.03815409 0.04413605 0.04200989
 0.04657559 0.04255164 0.04287905 0.04373969 0.04019303 0.04229486
 0.04564068 0.03959056 0.04618874 0.04184917 0.04372224 0.04247859
 0.04321897 0.04227981 0.04615095 0.03953913 0.03711208 0.04434029
 0.04417357 0.0435218 ]","[0.0441115  0.05424862 0.08194863 0.05724514 0.06497561 0.04797306
 0.06298819 0.05979206 0.0452469  0.04843035 0.05457925 0.06321975
 0.06425411 0.06842544 0.04947123 0.04645653 0.06379078 0.04895267
 0.04681948 0.05842444 0.05082197 0.05364445 0.0530504  0.0522222
 0.06150306 0.05933608 0.04147087 0.06287629 0.05963926 0.05204447
 0.06510534 0.06642637 0.04873038 0.06735831 0.04883049 0.0542884
 0.06161763 0.0568908  0.07053789 0.06858409 0.06075292 0.0457474
 0.05910468 0.05914888 0.05663677 0.05965533 0.05667078 0.06877539
 0.05192716 0.0515012 ]","[3.50541807e-04 6.76491453e-04 2.15965341e-03 2.61917306e-03
 2.79066131e-03 1.55172095e-03 2.37420770e-03 1.33998332e-03
 6.49451113e-03 2.36172934e-03 1.67803023e-03 4.75504099e-04
 5.95289700e-04 1.80931245e-03 4.75178488e-04 1.84643238e-04
 1.36181644e-04 1.40536674e-04 1.63697125e-03 1.61294151e-03
 6.01745463e-04 1.52107660e-03 2.11032078e-03 2.92420176e-05
 2.47345852e-03 1.85470002e-04 8.67105892e-04 5.76197240e-03
 8.00106845e-04 1.66790911e-03 3.29383521e-04 1.38796844e-03
 1.24068050e-03 9.20055075e-04 3.03610212e-03 1.51470529e-03
 4.65444079e-04 3.68164300e-03 3.80370924e-04 1.76055249e-03
 9.25703196e-04 1.42297605e-03 1.10327378e-03 1.52245281e-03
 3.85732023e-04 3.74222915e-03 7.89202062e-03 7.44171888e-04
 7.89543036e-04 9.92957550e-04]","[8.07086954e-04 1.47967498e-05 3.93485368e-12 3.87416459e-06
 8.75074106e-08 1.93892944e-04 2.42758835e-07 1.17186997e-06
 5.37285761e-04 1.62471464e-04 1.28082140e-05 2.15900530e-07
 1.27206578e-07 1.38062324e-08 1.07964286e-04 3.44344952e-04
 1.61392372e-07 1.32489220e-04 3.00626247e-04 2.24151490e-06
 6.27069345e-05 1.92183300e-05 2.47811816e-05 3.51553517e-05
 5.09686868e-07 1.45718338e-06 1.99779195e-03 2.56870791e-07
 1.26087384e-06 3.78678216e-05 8.17782558e-08 4.07248145e-08
 1.44544413e-04 2.46938551e-08 1.38991735e-04 1.45427178e-05
 4.81646398e-07 4.55649819e-06 4.25074901e-09 1.26529863e-08
 7.36351011e-07 4.47588708e-04 1.62653220e-06 1.59277688e-06
 5.11529338e-06 1.25121887e-06 5.03683332e-06 1.13867484e-08
 3.97663421e-05 4.74519860e-05]","[-1.32679939e-04  2.03609467e-04  2.27808952e-04 -5.36441803e-05
  5.18798828e-04  4.95910645e-05  1.05023384e-04 -1.09076500e-04
 -1.27553940e-04 -2.94446945e-05 -8.60691071e-05  4.41074371e-05
  1.35183334e-04  1.27553940e-05  6.00934029e-04  3.55243683e-05
  9.39369202e-05  2.16960907e-04 -3.21865082e-05  1.55210495e-04
  4.68492508e-05  9.22679901e-05 -4.05311584e-06 -1.53779984e-05
 -1.60932541e-05  5.71012497e-05 -2.49147415e-05  4.34279442e-04
 -3.42130661e-05 -2.62260437e-05  2.88486481e-04 -6.97374344e-05
  4.47869301e-04  4.83751297e-04  1.01327896e-04 -6.30617142e-05
  1.31487846e-04  5.36441803e-05  1.26481056e-04  4.57167625e-04
  7.21216202e-05  8.80956650e-05  9.13143158e-05 -1.09434128e-04
 -6.48498535e-05  4.80413437e-04 -1.06811523e-04  4.42624092e-04
  2.49505043e-04  3.04102898e-04]","[0.00069654 0.00119662 0.00318825 0.00135338 0.00287592 0.00109375
 0.00280488 0.00155175 0.00089371 0.00131273 0.00142288 0.00089359
 0.00227427 0.00159192 0.00065911 0.00111556 0.00251603 0.00191677
 0.00161994 0.002087   0.00090253 0.00080347 0.00111878 0.00099063
 0.00087655 0.00154972 0.00041056 0.00295758 0.0013777  0.0012511
 0.00244701 0.00129282 0.00019228 0.00308442 0.00061512 0.00145507
 0.00181246 0.00218415 0.00207126 0.00250149 0.00296795 0.00047851
 0.0014106  0.00125515 0.00096571 0.0028317  0.00123525 0.0033648
 0.00200033 0.00079322]","[0.01068359 0.01659282 0.01707762 0.01354627 0.02416421 0.01441082
 0.01624744 0.01108974 0.00974555 0.01335176 0.01329453 0.01587275
 0.01681032 0.01237339 0.02480893 0.01299829 0.01218869 0.01424241
 0.01379147 0.01613964 0.01483783 0.01516907 0.01401571 0.01364958
 0.01277755 0.01383727 0.01482245 0.02294952 0.01507799 0.01174644
 0.01653774 0.01051405 0.02219887 0.0227315  0.01601326 0.01240743
 0.013974   0.01452846 0.0164467  0.02126697 0.01441784 0.01766406
 0.01459864 0.0113538  0.01395713 0.02326671 0.01214324 0.02243156
 0.01697691 0.01995295]","[0.01917158 0.02601472 0.03920441 0.02594065 0.03831719 0.02475785
 0.03720709 0.02855279 0.02299527 0.0264092  0.02849992 0.02302234
 0.03485871 0.02809483 0.0193214  0.0248611  0.03521174 0.03008788
 0.02889136 0.03106746 0.02174966 0.02185567 0.0237161  0.02259059
 0.02121239 0.02897644 0.01745131 0.03955643 0.02925731 0.02546402
 0.03330053 0.02547331 0.01292762 0.04090654 0.02136276 0.02809179
 0.03051905 0.03462011 0.03346857 0.03548387 0.03650809 0.01978033
 0.0261719  0.02452141 0.02397518 0.03876003 0.02506093 0.04128095
 0.03255588 0.02161394]",0.389524056763054,0.09721180530108288,0.2605392127943013,0.14168181161564078,0.34279560810375714,0.07720419365169373,0.24673721926402656,0.10927569095999545,0.001792883664465443,0.0005524122589485942,0.0007987737215073435,0.0007569330306984778,0.043281977860927585,0.05712506015777588,0.0030257188607495733,0.008235587925941592,0.00011485815048217773,0.0016052508354187011,0.00019457345557197378,0.0008220487417502075,0.015633909501265728,0.02821400331246433,0.0038169781182170836,0.00674523455980156
df1,0.4,1.0,0.0,0.0,0.6,0.0,1.0,"[0.02192948 0.14969106 0.18488568 0.10315938 0.18488568 0.25747545
 0.10315938 0.11135888 0.00336895 0.90235528 0.41323244 0.00148941
 0.12937218 0.39108739 0.25747545 0.139232   0.94837208 0.139232
 0.27423335 0.55967522 0.21173982 0.11135888 0.48382277 0.48382277
 0.17249627 0.79482654 0.66552932 0.21173982 0.48382277 0.27423335
 0.45963725 0.77002924 0.53390728 0.53390728 0.10315938 0.36968362
 0.74453538 0.36968362 0.50859953 0.05871658 0.24148215 0.32916807
 0.39108739 0.18488568 0.43609338 0.81875363 0.22624166 0.69212796
 0.03483221 0.50859953]","[7.52091658e-02 3.00718998e-03 3.48322136e-02 7.44535382e-01
 1.26822204e-04 2.38884447e-03 5.39576008e-02 1.03159376e-01
 2.58137431e-05 1.20088801e-01 2.68158880e-03 1.16899447e-03
 7.52091658e-02 5.39576008e-02 1.11358879e-01 1.03408932e-03
 1.80967606e-02 2.26241661e-01 1.99311438e-02 3.18171260e-02
 1.60771824e-01 1.10005675e-02 4.36093382e-01 8.82599083e-02
 1.21765095e-02 1.72496272e-01 7.52091658e-02 1.67194217e-04
 2.57475452e-01 6.52148041e-03 4.16212987e-02 1.03159376e-01
 8.95145539e-03 2.90339156e-02 3.77043497e-03 1.39231997e-01
 2.19294824e-02 2.38884447e-03 1.67865304e-03 3.27832948e-04
 3.48322136e-02 1.11358879e-01 6.38312357e-02 4.36093382e-01
 8.95145539e-03 3.80948244e-02 1.03159376e-01 2.38884447e-03
 2.90339156e-02 7.25488863e-03]","[0.02192948 0.14969106 0.18488568 0.10315938 0.18488568 0.25747545
 0.10315938 0.11135888 0.00336895 0.90235528 0.41323244 0.00148941
 0.12937218 0.39108739 0.25747545 0.139232   0.94837208 0.139232
 0.27423335 0.55967522 0.21173982 0.11135888 0.48382277 0.48382277
 0.17249627 0.79482654 0.66552932 0.21173982 0.48382277 0.27423335
 0.45963725 0.77002924 0.53390728 0.53390728 0.10315938 0.36968362
 0.74453538 0.36968362 0.50859953 0.05871658 0.24148215 0.32916807
 0.39108739 0.18488568 0.43609338 0.81875363 0.22624166 0.69212796
 0.03483221 0.50859953]","[7.52091658e-02 3.00718998e-03 3.48322136e-02 7.44535382e-01
 1.26822204e-04 2.38884447e-03 5.39576008e-02 1.03159376e-01
 2.58137431e-05 1.20088801e-01 2.68158880e-03 1.16899447e-03
 7.52091658e-02 5.39576008e-02 1.11358879e-01 1.03408932e-03
 1.80967606e-02 2.26241661e-01 1.99311438e-02 3.18171260e-02
 1.60771824e-01 1.10005675e-02 4.36093382e-01 8.82599083e-02
 1.21765095e-02 1.72496272e-01 7.52091658e-02 1.67194217e-04
 2.57475452e-01 6.52148041e-03 4.16212987e-02 1.03159376e-01
 8.95145539e-03 2.90339156e-02 3.77043497e-03 1.39231997e-01
 2.19294824e-02 2.38884447e-03 1.67865304e-03 3.27832948e-04
 3.48322136e-02 1.11358879e-01 6.38312357e-02 4.36093382e-01
 8.95145539e-03 3.80948244e-02 1.03159376e-01 2.38884447e-03
 2.90339156e-02 7.25488863e-03]","[1.66683492e-02 9.41378792e-02 1.06854792e-01 2.07003613e-01
 1.09262335e-01 1.58639181e-01 2.84677622e-01 1.02552799e-01
 1.35072346e-03 7.95448024e-01 3.33194878e-01 7.59687760e-04
 1.12121963e-01 5.16115753e-01 2.55563189e-01 1.17849190e-01
 8.81541232e-01 6.28562647e-02 2.39245883e-01 7.32406395e-01
 3.54009222e-01 3.58112678e-02 3.94441494e-01 5.86437430e-01
 1.73433725e-01 6.80377261e-01 6.20077211e-01 1.12486661e-01
 2.66243095e-01 2.29799376e-01 4.57918208e-01 7.39442955e-01
 5.73658157e-01 7.74465762e-01 2.05224162e-01 4.43308914e-01
 5.84983797e-01 4.69516451e-01 4.32123097e-01 4.89634005e-02
 2.19542024e-01 1.85320506e-01 3.17475799e-01 1.79155311e-01
 5.40323368e-01 8.07840740e-01 2.38665161e-01 4.60994070e-01
 2.20972019e-02 5.49985700e-01]","[5.35631515e-02 6.40079721e-03 6.29409934e-03 5.41845855e-01
 8.36801370e-04 3.15844018e-03 6.83362771e-02 1.14407187e-01
 6.35021121e-06 1.18318598e-01 4.14331106e-03 7.22190629e-03
 1.08612045e-01 2.86783141e-02 4.89917264e-02 4.57699322e-04
 3.54987445e-02 2.08044428e-01 6.45945674e-02 2.27377141e-02
 8.50807769e-02 8.07723470e-03 4.81862991e-01 6.59771747e-02
 1.00680537e-02 1.30447619e-01 5.84561074e-02 6.15921734e-04
 1.67402382e-01 9.49102253e-03 1.60097857e-02 5.27061491e-02
 2.20283436e-02 5.22257053e-02 9.97267295e-03 6.96068737e-02
 2.25264959e-02 4.47171215e-03 7.01232747e-03 4.85302907e-04
 5.31608424e-02 8.24050041e-02 3.32655657e-02 4.34999207e-01
 2.21391045e-02 4.30848522e-02 7.49435635e-02 6.34886956e-03
 6.92886515e-02 1.16315368e-02]","[1.72701786e-04 9.87899516e-04 6.67719227e-04 2.43812889e-03
 9.61434738e-04 7.24984062e-04 2.42588900e-03 1.00617078e-03
 1.00000000e-05 2.50000000e-03 2.50000000e-03 1.00000000e-05
 4.68277555e-04 2.50000000e-03 1.92017526e-03 5.78601032e-04
 2.50000000e-03 2.60929138e-04 1.26520945e-03 2.50000000e-03
 2.50000000e-03 2.16229089e-04 2.50000000e-03 2.50000000e-03
 1.60128971e-03 2.50000000e-03 2.50000000e-03 8.02885823e-04
 1.86445271e-03 2.18722751e-03 2.50000000e-03 2.50000000e-03
 2.50000000e-03 2.50000000e-03 2.18511598e-03 2.50000000e-03
 2.50000000e-03 2.50000000e-03 2.50000000e-03 4.43010947e-04
 1.35549786e-03 1.33524522e-03 1.66299900e-03 1.31167801e-03
 2.50000000e-03 2.50000000e-03 2.50000000e-03 2.50000000e-03
 1.31749584e-04 1.54883026e-03]","[3.17940910e-04 4.76679171e-05 2.65461014e-05 2.50000000e-03
 1.00000000e-05 1.13591535e-05 5.32397832e-04 9.49562860e-04
 1.00000000e-05 1.12612738e-03 3.79967198e-05 2.06208791e-05
 3.34125339e-04 1.36446182e-04 2.89079651e-04 1.00000000e-05
 2.53393514e-04 6.52110717e-04 2.96397773e-04 2.43059775e-04
 4.90697332e-04 2.41389066e-05 2.50000000e-03 3.37892096e-04
 9.33462310e-05 1.42510920e-03 5.37699989e-04 1.00000000e-05
 1.00108191e-03 8.15052798e-05 1.55889840e-04 3.85599518e-04
 2.49924795e-04 3.95577349e-04 8.52950194e-05 2.29007900e-04
 2.37765118e-04 5.57767807e-05 7.12085741e-05 1.00000000e-05
 2.93917508e-04 4.03383614e-04 1.03578719e-04 2.09235582e-03
 1.90731368e-04 3.31128930e-04 6.69668690e-04 2.55454968e-05
 3.60561208e-04 3.27650150e-05]","[0.04366729 0.04048467 0.0452038  0.03949074 0.03873408 0.04413787
 0.04308969 0.04410142 0.04732798 0.0425446  0.04010417 0.04998514
 0.04623278 0.04486985 0.04483299 0.04600696 0.04110962 0.04625135
 0.04664007 0.03863706 0.04474147 0.03950757 0.04313198 0.04266343
 0.04281815 0.04196682 0.046075   0.04353235 0.04583038 0.04000381
 0.03977457 0.04696073 0.04599015 0.03955412 0.04173022 0.04195091
 0.04320839 0.0402492  0.04023771 0.03794949 0.04515138 0.04472169
 0.04224628 0.04754473 0.04266333 0.04399877 0.04150371 0.05001878
 0.04320771 0.04619762]","[0.04763036 0.06514432 0.05503591 0.05289341 0.0717153  0.06160651
 0.05294503 0.05256771 0.06414045 0.04526702 0.05370729 0.06045141
 0.05705794 0.06309958 0.05081121 0.07371817 0.05632009 0.0480178
 0.04258906 0.04624766 0.060203   0.06918738 0.05431227 0.04327645
 0.07512857 0.05397362 0.05757005 0.05434875 0.05893043 0.06417931
 0.06645256 0.06470824 0.04988883 0.06645626 0.06860529 0.05559607
 0.0676884  0.06456855 0.06866111 0.08038852 0.04713441 0.0583425
 0.05879356 0.05125165 0.0601187  0.04434468 0.05724616 0.06887737
 0.05722945 0.06536035]","[9.43706480e-04 2.76269240e-03 5.45751243e-04 3.80006618e-03
 4.81828920e-03 7.99589155e-04 1.15377022e-03 8.09971484e-04
 2.48108022e-04 1.39130475e-03 3.12423566e-03 8.79535366e-05
 3.74211905e-04 6.15725522e-04 6.23945966e-04 4.06816444e-04
 2.25170707e-03 3.71643695e-04 3.21538357e-04 4.96555151e-03
 6.44799879e-04 3.77986656e-03 1.13702081e-03 1.33593942e-03
 1.26692244e-03 1.69228414e-03 3.96721676e-04 9.89309096e-04
 4.34153440e-04 3.22662110e-03 3.47218808e-03 2.85072380e-04
 4.09346518e-04 3.72447197e-03 1.83216890e-03 1.70136645e-03
 1.10733017e-03 2.98156925e-03 2.99265650e-03 6.13330241e-03
 5.56216667e-04 6.49393483e-04 1.53985804e-03 2.28467012e-04
 1.33598258e-03 8.39887090e-04 1.97608181e-03 8.67747311e-05
 1.10758897e-03 3.79121279e-04]","[2.21120512e-04 8.01292430e-08 1.04783160e-05 2.64906088e-05
 2.17038942e-09 4.84300916e-07 2.59165297e-05 3.04035333e-05
 1.34877551e-07 5.33374631e-04 1.87053259e-05 8.52615816e-07
 4.22137489e-06 2.29457969e-07 6.29825807e-05 6.74225305e-10
 5.90452271e-06 1.90582135e-04 1.37034714e-03 3.72152490e-04
 9.61549262e-07 9.06443180e-09 1.43923126e-05 1.08149366e-03
 2.90295955e-10 1.66728186e-05 3.33573558e-06 1.41652743e-05
 1.76641833e-06 1.32205602e-07 4.01601238e-08 1.00568545e-07
 9.14127948e-05 4.00808615e-08 1.25061544e-08 8.17218418e-06
 2.06492918e-08 1.08125689e-07 1.21275355e-08 1.08791345e-11
 2.66987457e-04 2.32921349e-06 1.88436437e-06 5.25919641e-05
 1.00148039e-06 7.43009310e-04 3.87234521e-06 1.07630539e-08
 3.90217608e-06 7.15591913e-08]","[ 1.06513500e-03  1.68085098e-04  6.51955605e-04  1.39355659e-04
  4.87565994e-05  5.42402267e-05  3.73721123e-04  5.07831573e-05
  2.41756439e-04 -6.27040863e-05 -8.44001770e-05  4.54187393e-05
  1.89185143e-04  6.91413879e-05  5.69820404e-05  1.53422356e-04
 -1.05381012e-04 -4.04119492e-05  1.06811523e-04  4.89950180e-05
  2.80141830e-05  1.23262405e-04  2.45571136e-05 -4.41074371e-05
  1.04141235e-03 -8.17775726e-05  2.19345093e-05 -5.18560410e-05
  9.54866409e-05  3.17096710e-05 -6.07967377e-06  9.53674316e-06
  5.98430634e-05  4.24742699e-04  1.88589096e-04 -6.59227371e-05
  8.20398331e-04  4.61339951e-05  7.23600388e-05  1.53493881e-03
 -5.00679016e-05  9.19103622e-05  1.19328499e-04 -3.14712524e-05
 -2.92062759e-05 -4.61339951e-05  2.28881836e-05 -2.31266022e-05
  3.86118889e-04  7.39097595e-05]","[0.00145102 0.0021292  0.00092196 0.00160468 0.0018611  0.00280428
 0.00169802 0.00154328 0.00228417 0.00149357 0.00126004 0.0009284
 0.00091302 0.00228238 0.00073016 0.00277388 0.00101578 0.00057721
 0.00044537 0.00064552 0.0016402  0.00147915 0.00112188 0.00100291
 0.0040139  0.00079525 0.00122821 0.00161064 0.000862   0.00182486
 0.00204706 0.00128996 0.0007087  0.00356007 0.00211644 0.00105333
 0.00384665 0.00257945 0.00229299 0.00609517 0.00080574 0.0023216
 0.0010879  0.0014981  0.00122309 0.00112081 0.00082254 0.00109756
 0.00160336 0.00136566]","[0.02979316 0.01805736 0.02448476 0.0178578  0.01214934 0.01576812
 0.01686114 0.01219721 0.01770715 0.01225918 0.01119365 0.01508161
 0.01775568 0.0147627  0.01660676 0.01765419 0.01175151 0.01350256
 0.01722051 0.01720457 0.01182253 0.01446616 0.01300611 0.01564002
 0.02851087 0.01331666 0.01340697 0.01087726 0.01626091 0.01354126
 0.01393411 0.01565629 0.01545796 0.02296481 0.01842209 0.01382267
 0.02708262 0.01462766 0.01561597 0.03434228 0.01224939 0.01545216
 0.01609621 0.01545717 0.01202928 0.01522486 0.01481522 0.01248407
 0.01863862 0.01806001]","[0.02740262 0.03458074 0.02297052 0.03027307 0.02899705 0.03805519
 0.02868982 0.027196   0.0351007  0.02842766 0.02514466 0.02199567
 0.0213792  0.0328706  0.01991835 0.03842756 0.02223771 0.01902504
 0.01800187 0.02071103 0.02812685 0.02596567 0.02215562 0.02542768
 0.04490299 0.02184759 0.02433627 0.02751012 0.02254542 0.02997586
 0.03248761 0.02739061 0.02050458 0.04342924 0.03253384 0.02540963
 0.04515971 0.03399318 0.03311201 0.05659517 0.02247748 0.03457757
 0.02548846 0.02952674 0.02600228 0.02536236 0.02285312 0.02397568
 0.0285801  0.02618594]",0.34968387708040344,0.08172184560733356,0.25104149358828265,0.1362117446545212,0.3366474255713787,0.0709587972665221,0.24949989572457723,0.11588454413120565,0.0017108866425866278,0.00041371969831264995,0.0009013152365625844,0.0005877201605978944,0.04337165194034576,0.05867577372550964,0.002899327723391176,0.008841222650006798,0.0001591634750366211,0.0016695642471313476,0.00032645026787115255,0.001035193256275253,0.016463022498615844,0.028596888742944512,0.004902910483647071,0.007605683478978911
df2,0.0,1.0,0.0,0.0,1.0,0.0,1.0,"[0.41323244 0.96007647 0.19796045 0.08825991 0.36968362 0.55967522
 0.19796045 0.69212796 0.41323244 0.41323244 0.74453538 0.93482727
 0.29176485 0.29176485 0.84163603 0.41323244 0.53390728 0.71851426
 0.53390728 0.97808957 0.32916807 0.8633028  0.18488568 0.1200888
 0.139232   0.66552932 0.3490397  0.77002924 0.17249627 0.79482654
 0.79482654 0.27423335 0.25747545 0.01641475 0.63886042 0.11135888
 0.81875363 0.32916807 0.48382277 0.07520917 0.98957839 0.88359176
 0.0539576  0.11135888 0.8633028  0.93482727 0.58582128 0.3490397
 0.43609338 0.58582128]","[0.41323244 0.93482727 0.21173982 0.05871658 0.29176485 0.50859953
 0.39108739 0.58582128 0.61225166 0.16077182 0.61225166 0.41323244
 0.08151459 0.32916807 0.93482727 0.3490397  0.98957839 0.66552932
 0.74453538 0.45963725 0.24148215 0.74453538 0.06932183 0.11135888
 0.39108739 0.98457739 0.31007573 0.69212796 0.36968362 0.84163603
 0.98957839 0.04542867 0.3490397  0.05871658 0.88359176 0.09546732
 0.88359176 0.88359176 0.74453538 0.08151459 0.99765093 0.32916807
 0.07520917 0.0539576  0.88359176 0.90235528 0.24148215 0.84163603
 0.43609338 0.53390728]","[0.41323244 0.96007647 0.19796045 0.08825991 0.36968362 0.55967522
 0.19796045 0.69212796 0.41323244 0.41323244 0.74453538 0.93482727
 0.29176485 0.29176485 0.84163603 0.41323244 0.53390728 0.71851426
 0.53390728 0.97808957 0.32916807 0.8633028  0.18488568 0.1200888
 0.139232   0.66552932 0.3490397  0.77002924 0.17249627 0.79482654
 0.79482654 0.27423335 0.25747545 0.01641475 0.63886042 0.11135888
 0.81875363 0.32916807 0.48382277 0.07520917 0.98957839 0.88359176
 0.0539576  0.11135888 0.8633028  0.93482727 0.58582128 0.3490397
 0.43609338 0.58582128]","[0.41323244 0.93482727 0.21173982 0.05871658 0.29176485 0.50859953
 0.39108739 0.58582128 0.61225166 0.16077182 0.61225166 0.41323244
 0.08151459 0.32916807 0.93482727 0.3490397  0.98957839 0.66552932
 0.74453538 0.45963725 0.24148215 0.74453538 0.06932183 0.11135888
 0.39108739 0.98457739 0.31007573 0.69212796 0.36968362 0.84163603
 0.98957839 0.04542867 0.3490397  0.05871658 0.88359176 0.09546732
 0.88359176 0.88359176 0.74453538 0.08151459 0.99765093 0.32916807
 0.07520917 0.0539576  0.88359176 0.90235528 0.24148215 0.84163603
 0.43609338 0.53390728]","[0.42356897 0.92324265 0.10806653 0.13591585 0.56163397 0.47407984
 0.2227496  0.48493905 0.26434852 0.40230302 0.81488372 0.80762227
 0.29971205 0.26486206 0.8954482  0.25191951 0.32442544 0.76774433
 0.43980973 0.99003085 0.14772407 0.84256736 0.12488373 0.09018292
 0.25823352 0.78848139 0.15664184 0.6738735  0.2867137  0.57712344
 0.88461084 0.37540277 0.30216671 0.08078918 0.84039027 0.04816484
 0.78516627 0.34538369 0.37911962 0.07542726 0.88439644 0.94791554
 0.02948564 0.14267709 0.78994704 0.95178992 0.53088646 0.38738363
 0.41697842 0.46724399]","[0.21952756 0.92991103 0.14638672 0.14098477 0.48408517 0.44006218
 0.43364767 0.48556532 0.45210639 0.28716928 0.74024184 0.33540289
 0.28022295 0.29484528 0.88238475 0.42404942 0.95579515 0.68695228
 0.52635899 0.76954032 0.11895716 0.73136368 0.10574749 0.07792534
 0.37876926 0.95213096 0.16893456 0.51482825 0.52229752 0.90254305
 0.9048561  0.08909997 0.30589798 0.16774727 0.91544412 0.03837877
 0.60715646 0.81660113 0.67639169 0.08312218 0.99740585 0.46346524
 0.0209364  0.08775626 0.91478555 0.91206373 0.33755508 0.69727538
 0.45152574 0.63934312]","[0.0025     0.0025     0.00135494 0.00099832 0.00239861 0.0025
 0.0025     0.0025     0.0025     0.0025     0.0025     0.0025
 0.0025     0.0025     0.0025     0.00165335 0.0025     0.0025
 0.0025     0.0025     0.00088225 0.0025     0.00108388 0.00098158
 0.0025     0.0025     0.00162967 0.0025     0.0025     0.0025
 0.0025     0.0025     0.0025     0.00066727 0.0025     0.00052804
 0.0025     0.0025     0.0025     0.00089474 0.0025     0.0025
 0.00046576 0.00199639 0.0025     0.0025     0.0025     0.0025
 0.0025     0.0025    ]","[0.00226368 0.0025     0.00174693 0.00115963 0.00179862 0.0025
 0.0025     0.0025     0.0025     0.0025     0.0025     0.0025
 0.0025     0.0025     0.0025     0.0025     0.0025     0.0025
 0.0025     0.0025     0.00074706 0.0025     0.00102001 0.00097661
 0.0025     0.0025     0.0019015  0.0025     0.0025     0.0025
 0.0025     0.00110311 0.0025     0.00147479 0.0025     0.00036825
 0.0025     0.0025     0.0025     0.00091273 0.0025     0.0025
 0.00029627 0.00136372 0.0025     0.0025     0.0025     0.0025
 0.0025     0.0025    ]","[0.03494058 0.03579434 0.03505911 0.03289712 0.0430288  0.04201456
 0.03529414 0.03752546 0.03343243 0.0391266  0.03668209 0.03883838
 0.03183602 0.03706201 0.03496441 0.0409534  0.04089464 0.03802085
 0.03668661 0.03789362 0.03115258 0.03600367 0.03825073 0.03768365
 0.03847139 0.0401318  0.04124032 0.03316737 0.0390981  0.03942278
 0.03607338 0.04071251 0.03327609 0.04394354 0.04238963 0.03789517
 0.04166369 0.03443161 0.04014684 0.03638671 0.03623367 0.03756989
 0.03773499 0.03969894 0.03801305 0.0326831  0.03977999 0.04022811
 0.04132719 0.03627279]","[0.01640722 0.02754262 0.03879722 0.03460822 0.03332332 0.01980887
 0.0155972  0.02730178 0.02392988 0.04557728 0.02648735 0.04345236
 0.02232039 0.0212559  0.03206279 0.03673125 0.02623348 0.03561949
 0.02489601 0.02693515 0.03758058 0.03829833 0.03345699 0.02292795
 0.02427778 0.02726469 0.03058108 0.02921856 0.02386432 0.01830371
 0.02469688 0.02065127 0.02468123 0.03629722 0.02595891 0.0161177
 0.01363241 0.02518305 0.02894807 0.03802246 0.02293313 0.03009791
 0.01957056 0.03518709 0.01972717 0.02276453 0.02271891 0.04227982
 0.02530859 0.0319656 ]","[0.01478249 0.01160229 0.01429858 0.02577795 0.00117829 0.00166529
 0.01338099 0.00697335 0.02235578 0.00426243 0.00896316 0.00466444
 0.03395634 0.00801045 0.01468401 0.00237051 0.00241668 0.00600137
 0.00895126 0.00623843 0.04035765 0.0109235  0.00559383 0.00664841
 0.00522662 0.00309659 0.00215658 0.02399629 0.00430071 0.0038827
 0.01070556 0.00256513 0.02331088 0.00085641 0.00146673 0.00623549
 0.00187339 0.01703169 0.00308162 0.00977368 0.01021925 0.00688067
 0.00654596 0.00355691 0.00601567 0.02727102 0.0034662  0.00300194
 0.00209542 0.01010363]","[6.48333255e-01 9.44315809e-02 4.72460655e-03 1.62186768e-02
 2.30186189e-02 4.07270894e-01 7.09214408e-01 9.95703169e-02
 1.99012641e-01 4.76365920e-04 1.18698714e-01 1.01730407e-03
 2.67950878e-01 3.22228387e-01 3.20386854e-02 8.83434466e-03
 1.25244710e-01 1.21981945e-02 1.64750736e-01 1.07838182e-01
 6.85852854e-03 5.51267897e-03 2.22088905e-02 2.40111491e-01
 1.86088134e-01 1.00381918e-01 4.64941781e-02 6.44713859e-02
 2.01523989e-01 5.08378806e-01 1.71400555e-01 3.56205700e-01
 1.71932031e-01 1.00320440e-02 1.32653195e-01 6.70169456e-01
 8.46147481e-01 1.55527425e-01 6.86721394e-02 5.99842379e-03
 2.39883827e-01 5.22976957e-02 4.22475867e-01 1.37921365e-02
 4.12446933e-01 2.47378653e-01 2.49436514e-01 1.52245220e-03
 1.51625485e-01 3.28485992e-02]","[ 2.22921371e-04  2.98023224e-05  3.49521637e-04  1.01685524e-04
 -8.98838043e-05  9.88245010e-05  6.91413879e-06  3.39746475e-05
  9.41753387e-06 -1.20043755e-04 -5.26905060e-05  2.25543976e-04
 -6.30617142e-05 -1.31130219e-05  1.15633011e-05 -3.55243683e-05
  2.66671181e-04 -2.59876251e-05 -1.17540359e-04 -3.48091125e-05
  5.96046448e-07  4.29987907e-04  8.22544098e-06  3.98159027e-05
 -5.31673431e-05  9.53674316e-07  4.58836555e-04 -4.01735306e-05
 -1.04665756e-04  4.68730927e-04  2.98023224e-05 -2.68220901e-05
 -8.24928284e-05  2.33769417e-04 -6.68764114e-05  7.74741173e-04
  1.96218491e-04 -1.56164169e-05  2.26974487e-04 -4.23192978e-05
  1.44839287e-04  2.65717506e-04  3.55243683e-05  3.95774841e-05
 -3.76701355e-05  6.67333603e-04  1.69157982e-04  2.07304955e-04
  3.25441360e-05 -1.00135803e-05]","[-8.64267349e-05  4.15205956e-04  8.46982002e-04 -6.12735748e-05
  4.78029251e-05 -6.87837601e-05 -1.61290169e-04  3.96966934e-04
  3.00168991e-04  3.60727310e-04  8.70227814e-06  1.57594681e-03
  7.85589218e-05 -7.98702240e-05  3.80873680e-04  5.68628311e-05
  3.68595123e-04  5.63979149e-04 -6.94990158e-05 -9.05990601e-06
  6.17623329e-04  6.30497932e-04  5.20467758e-04 -7.95125961e-05
  2.67863274e-04  7.84397125e-05  8.79764557e-04  1.88469887e-04
 -2.62260437e-05  1.38640404e-04  2.93731689e-04 -1.18613243e-04
  1.39236450e-04  1.95503235e-04 -7.31945038e-05  1.65700912e-05
 -7.06911087e-05 -1.31726265e-04  5.05566597e-04  4.79221344e-04
  2.99453735e-04  7.03692436e-04 -9.64403152e-05  3.68952751e-04
  2.57372856e-04  7.74860382e-06 -1.34944916e-04  1.01542473e-03
  9.31024551e-05  1.21712685e-04]","[0.01979019 0.01540513 0.02074445 0.01754405 0.01097063 0.01648316
 0.01486627 0.01675372 0.01534521 0.01119183 0.01288492 0.01812331
 0.01382807 0.0137262  0.01395261 0.01441464 0.01900044 0.01380793
 0.01382514 0.01256348 0.0146056  0.0219739  0.01086218 0.01558579
 0.01383777 0.01541095 0.02275795 0.0152045  0.0114794  0.02274862
 0.01486415 0.01453373 0.0132931  0.01910771 0.01319362 0.02488106
 0.01893507 0.01286677 0.01920915 0.01305192 0.01940274 0.01897219
 0.0163402  0.01705543 0.01364438 0.02373397 0.01875348 0.01788255
 0.01701202 0.01412469]","[0.00995135 0.02002313 0.02442395 0.00956079 0.01076703 0.00852435
 0.00646951 0.02093838 0.01824133 0.01727661 0.01099797 0.03035451
 0.0151726  0.00903303 0.0203031  0.01291641 0.01896722 0.02342465
 0.01063433 0.01031879 0.02341041 0.02063651 0.01851321 0.00828941
 0.01583456 0.01403476 0.02626988 0.01574478 0.01092189 0.01332329
 0.01851571 0.00856299 0.01567385 0.01499736 0.00878049 0.00991623
 0.00868138 0.00758241 0.0204809  0.02107257 0.01850874 0.02406189
 0.00940383 0.01993057 0.01615018 0.01041443 0.00798756 0.02787173
 0.0146055  0.01535264]",0.4913946877044665,0.49628241235008225,0.2942501500529943,0.3195439561026823,0.46938114487723853,0.4903109054948703,0.29696851286928194,0.30291198065540104,0.002160696028285176,0.0021426584111243333,0.000645844956389914,0.0006496876628794295,0.037680568943023685,0.027828085992932322,0.003047998864608253,0.007624339594492673,9.510040283203125e-05,0.00023905754089355468,0.00019776000208818586,0.00035172626312221695,0.016210919091699947,0.015476573577693964,0.0034352405810389856,0.006002710416358646
df2,0.02,1.0,0.0,0.0,1.02,0.0,1.0,"[0.00895146 0.29176485 0.8633028  0.81875363 0.17249627 0.66552932
 0.39108739 0.12937218 0.84163603 0.10315938 0.3490397  0.84163603
 0.93482727 0.50859953 0.91946676 0.99589898 0.27423335 0.39108739
 0.50859953 0.25747545 0.79482654 0.21173982 0.99328163 0.79482654
 0.69212796 0.53390728 0.91946676 0.45963725 0.8633028  0.48382277
 0.77002924 0.0539576  0.58582128 0.45963725 0.36968362 0.39108739
 0.45963725 0.81875363 0.43609338 0.74453538 0.14969106 0.139232
 0.63886042 0.29176485 0.74453538 0.48382277 0.32916807 0.66552932
 0.45963725 0.63886042]","[0.10315938 0.11135888 0.53390728 0.84163603 0.18488568 0.21173982
 0.27423335 0.11135888 0.97808957 0.12937218 0.19796045 0.50859953
 0.81875363 0.12937218 0.58582128 0.63886042 0.36968362 0.31007573
 0.39108739 0.45963725 0.29176485 0.1200888  0.98457739 0.41323244
 0.77002924 0.55967522 0.77002924 0.19796045 0.66552932 0.84163603
 0.79482654 0.03181713 0.88359176 0.77002924 0.17249627 0.79482654
 0.71851426 0.71851426 0.74453538 0.61225166 0.53390728 0.02192948
 0.27423335 0.21173982 0.39108739 0.48382277 0.18488568 0.96007647
 0.39108739 0.90235528]","[0.00895146 0.29176485 0.8633028  0.81875363 0.17249627 0.66552932
 0.39108739 0.12937218 0.84163603 0.10315938 0.3490397  0.84163603
 0.93482727 0.50859953 0.91946676 0.99589898 0.27423335 0.39108739
 0.50859953 0.25747545 0.79482654 0.21173982 0.99328163 0.79482654
 0.69212796 0.53390728 0.91946676 0.45963725 0.8633028  0.48382277
 0.77002924 0.0539576  0.58582128 0.45963725 0.36968362 0.39108739
 0.45963725 0.81875363 0.43609338 0.74453538 0.14969106 0.139232
 0.63886042 0.29176485 0.74453538 0.48382277 0.32916807 0.66552932
 0.45963725 0.63886042]","[0.10315938 0.11135888 0.53390728 0.84163603 0.18488568 0.21173982
 0.27423335 0.11135888 0.97808957 0.12937218 0.19796045 0.50859953
 0.81875363 0.12937218 0.58582128 0.63886042 0.36968362 0.31007573
 0.39108739 0.45963725 0.29176485 0.1200888  0.98457739 0.41323244
 0.77002924 0.55967522 0.77002924 0.19796045 0.66552932 0.84163603
 0.79482654 0.03181713 0.88359176 0.77002924 0.17249627 0.79482654
 0.71851426 0.71851426 0.74453538 0.61225166 0.53390728 0.02192948
 0.27423335 0.21173982 0.39108739 0.48382277 0.18488568 0.96007647
 0.39108739 0.90235528]","[0.03348755 0.13127807 0.90950451 0.61759407 0.10801508 0.71073803
 0.47221179 0.07963774 0.88219853 0.11513848 0.23303968 0.85804308
 0.91920234 0.61032032 0.87055894 0.97417474 0.22811446 0.29045385
 0.4942805  0.29110839 0.7563759  0.17056209 0.99068823 0.75296779
 0.77520719 0.85389156 0.91799055 0.26746522 0.78399624 0.56607709
 0.59938392 0.12961816 0.43660434 0.50583086 0.31709827 0.70497157
 0.50494229 0.75134077 0.34669614 0.78818052 0.12783785 0.12411463
 0.71570464 0.36148701 0.75301081 0.26984603 0.23929    0.62056117
 0.51318408 0.75248282]","[0.09024489 0.0644648  0.65968561 0.67643139 0.10525945 0.37746212
 0.34273696 0.11048714 0.9172888  0.10558965 0.25287458 0.4495732
 0.74854699 0.32209444 0.51582619 0.6577075  0.22113535 0.34258756
 0.3898348  0.26939701 0.49713561 0.13943901 0.98480975 0.68705147
 0.85705603 0.6397894  0.69371794 0.22844754 0.75147695 0.88590457
 0.69226729 0.09848353 0.77361566 0.84010662 0.38443632 0.83299729
 0.80720622 0.57358255 0.66805464 0.69352085 0.395184   0.06617022
 0.27749738 0.34148808 0.43244953 0.39322339 0.1588555  0.91307988
 0.44638776 0.91112179]","[0.00036064 0.0011794  0.0025     0.0025     0.00059879 0.0025
 0.0025     0.00077386 0.0025     0.0017051  0.0025     0.0025
 0.0025     0.0025     0.0025     0.0025     0.0019401  0.0025
 0.0025     0.00188486 0.0025     0.00177926 0.0025     0.0025
 0.0025     0.0025     0.0025     0.0025     0.0025     0.0025
 0.0025     0.00199124 0.0025     0.0025     0.0025     0.0025
 0.0025     0.0025     0.0025     0.0025     0.00161921 0.00159793
 0.0025     0.0025     0.0025     0.0025     0.0025     0.0025
 0.0025     0.0025    ]","[0.00068856 0.00059679 0.0025     0.0025     0.00068675 0.0025
 0.0025     0.0013306  0.0025     0.00158415 0.0025     0.0025
 0.0025     0.0025     0.0025     0.0025     0.00213754 0.0025
 0.0025     0.00198585 0.0025     0.00146105 0.0025     0.0025
 0.0025     0.0025     0.0025     0.0025     0.0025     0.0025
 0.0025     0.00132015 0.0025     0.0025     0.0025     0.0025
 0.0025     0.0025     0.0025     0.0025     0.0025     0.00097171
 0.0025     0.0025     0.0025     0.0025     0.00216163 0.0025
 0.0025     0.0025    ]","[0.03461743 0.03803422 0.03668218 0.04039172 0.03630939 0.03642644
 0.03999643 0.03892982 0.03607695 0.04069276 0.03900333 0.04220934
 0.03894245 0.03811674 0.03570125 0.03537422 0.03467809 0.03376146
 0.03164152 0.03572431 0.035612   0.04126373 0.0345296  0.03769764
 0.0355923  0.03527993 0.03627481 0.03631456 0.0408035  0.03287543
 0.04140911 0.04087009 0.0359699  0.03510774 0.03504819 0.03731011
 0.03396906 0.0329138  0.03076617 0.03675379 0.03892334 0.0403409
 0.03768647 0.040457   0.03773913 0.03307934 0.03555824 0.03580496
 0.03363296 0.03680639]","[0.03165014 0.02541224 0.0291076  0.01861215 0.02746619 0.03713204
 0.02799319 0.01977079 0.02224018 0.037846   0.02691492 0.02156741
 0.03087569 0.02922417 0.02187782 0.02515447 0.02818777 0.03448191
 0.03307629 0.01915035 0.0345226  0.01409348 0.02034895 0.03165754
 0.04240905 0.02056932 0.02098117 0.03475176 0.02070501 0.01864788
 0.02758621 0.03620175 0.01952491 0.02617365 0.03028375 0.02518449
 0.03379619 0.02675267 0.02312682 0.03028119 0.03416141 0.02394053
 0.02758969 0.01962235 0.01300415 0.02623816 0.03863451 0.03546997
 0.03740876 0.0248815 ]","[0.01617728 0.00597694 0.00896292 0.00284725 0.00999657 0.00966093
 0.00323427 0.00453328 0.01069451 0.00258172 0.0044303  0.00155925
 0.00451543 0.00582818 0.01191618 0.01308066 0.01590679 0.02045842
 0.03568063 0.01183771 0.01222434 0.00213994 0.01657621 0.00662035
 0.01229329 0.01343492 0.0100977  0.00998152 0.00248994 0.02592591
 0.00203923 0.00243622 0.01103052 0.0141042  0.01434254 0.00743901
 0.01933641 0.02566473 0.04442357 0.00877585 0.00454246 0.00289449
 0.00664275 0.00278762 0.00653777 0.02456425 0.01241339 0.01156696
 0.02118162 0.0086407 ]","[0.03560259 0.14846361 0.0661673  0.48673638 0.0960378  0.00784523
 0.0854121  0.40967873 0.27179483 0.00632934 0.10831051 0.30561282
 0.04323659 0.06438659 0.28965908 0.15642688 0.08174697 0.01679651
 0.02458411 0.45005881 0.01660839 0.81639029 0.37404057 0.0355358
 0.00145707 0.36098513 0.33738555 0.01558373 0.3530939  0.4842578
 0.09352555 0.01031446 0.4254255  0.12682967 0.04999538 0.15548214
 0.02026679 0.11216039 0.23148447 0.05002656 0.01834617 0.19860676
 0.0934534  0.4191438  0.88320769 0.12512143 0.00496948 0.01272953
 0.00722229 0.16522832]","[-4.93526459e-05 -6.61611557e-05  4.98294830e-05  5.82933426e-05
 -7.59363174e-05  3.35693359e-04  2.07424164e-05  1.51395798e-05
 -2.62260437e-05  8.14199448e-05  4.26054001e-04  7.08460808e-04
 -4.20808792e-05  1.51515007e-04  9.34600830e-05  1.43051147e-06
 -3.20672989e-05  1.48296356e-04  3.35693359e-04 -5.94854355e-05
  6.27040863e-05  1.43051147e-06 -1.11699104e-04  2.15768814e-05
  2.10642815e-04  1.67489052e-04 -1.14560127e-04 -3.70740891e-05
 -2.58684158e-05 -9.96589661e-05 -1.65700912e-05  5.37633896e-05
 -1.01447105e-04 -1.00612640e-04 -1.21831894e-04 -3.55243683e-05
  9.76324081e-05  2.33769417e-04 -8.24928284e-05 -6.18696213e-05
  3.32355499e-04  1.86920166e-04 -5.62667847e-05  3.25202942e-04
 -1.31726265e-04  1.04665756e-04 -9.28640366e-05  1.13964081e-04
 -4.86373901e-05 -1.23620033e-04]","[ 1.77264214e-04  2.32696533e-04  6.25491142e-04  2.72989273e-05
 -5.72204590e-06  1.37603283e-03  4.76241112e-04  1.88589096e-04
  2.22682953e-04  3.34382057e-04 -7.41481781e-05  3.24249268e-04
  2.73942947e-04  1.75237656e-05  4.17470932e-04  3.43322754e-05
 -1.20282173e-04  3.40580940e-04  7.14778900e-04 -5.00679016e-05
  6.95347786e-04 -1.54018402e-04 -1.33514404e-05  4.60743904e-04
 -1.62005424e-04 -1.59621239e-04  3.60012054e-05  3.65257263e-04
 -1.43051147e-04  1.95741653e-04  1.65700912e-05 -7.73668289e-05
  7.46250153e-05 -5.92470169e-05  1.78813934e-05  2.40206718e-04
  5.14745712e-04 -1.69157982e-04  1.44004822e-04 -1.16825104e-05
  8.54253769e-04  1.52349472e-04 -1.31011009e-04 -1.17897987e-04
 -1.25885010e-04  8.96453857e-05 -1.33514404e-05  8.77022743e-04
  1.99794769e-04 -8.78572464e-05]","[0.01420948 0.01234565 0.01436705 0.01699926 0.01426411 0.02114653
 0.01529551 0.01407856 0.01426131 0.01561072 0.02312678 0.02584311
 0.01457197 0.01909143 0.01822411 0.01500586 0.01268452 0.01960772
 0.02057046 0.01128666 0.01666587 0.01419441 0.01081646 0.01487162
 0.01947435 0.01896773 0.01226571 0.0116401  0.01369453 0.01053872
 0.01463953 0.01654967 0.01149534 0.01281849 0.01267623 0.01357379
 0.01529659 0.01773995 0.00993135 0.0124458  0.02043173 0.02146295
 0.01381069 0.02026557 0.01144762 0.01727081 0.01248787 0.01760583
 0.01547917 0.01110231]","[0.01603049 0.01615786 0.02133402 0.01266199 0.01248575 0.03146017
 0.02105118 0.01727955 0.01750322 0.01704251 0.00957726 0.01703517
 0.01842697 0.01363451 0.0206405  0.01335251 0.00949211 0.01753672
 0.02502667 0.00969951 0.02511473 0.00709981 0.01191265 0.02030172
 0.00672879 0.00613831 0.01365806 0.01722049 0.00639237 0.01580327
 0.01264567 0.0096809  0.01511105 0.01067819 0.01266722 0.01790524
 0.01927623 0.0056494  0.01343118 0.01000791 0.02282131 0.01490672
 0.00779132 0.00893221 0.00757856 0.01371085 0.01127694 0.02672698
 0.01365545 0.00856293]",0.5328838838730295,0.48201286819325595,0.2737642743030493,0.29093966239146823,0.5245301576821789,0.4936757037095552,0.2887282740795978,0.27615672299954774,0.0022586077515527768,0.0022484956469761568,0.0005286306548382425,0.0005449642949848399,0.0367940048378706,0.027325814282894142,0.0027139465264442086,0.006788633364797042,5.2490234375e-05,0.00018084049224853516,0.00016953127440259854,0.000323961235976664,0.015485032357844621,0.01461630247567883,0.0035954534234897027,0.005800839720438786
df2,0.04,1.0,0.0,0.0,1.04,0.0,1.0,"[0.77002924 0.58582128 0.16077182 0.3490397  0.41323244 0.139232
 0.45963725 0.27423335 0.79482654 0.24148215 0.81875363 0.08151459
 0.74453538 0.39108739 0.27423335 0.97808957 0.45963725 0.43609338
 0.02192948 0.09546732 0.55967522 0.29176485 0.27423335 0.69212796
 0.81875363 0.74453538 0.79482654 0.79482654 0.8633028  0.61225166
 0.69212796 0.55967522 0.94837208 0.90235528 0.32916807 0.24148215
 0.16077182 0.90235528 0.41323244 0.03483221 0.29176485 0.08151459
 0.01809676 0.79482654 0.81875363 0.63886042 0.18488568 0.53390728
 0.71851426 0.18488568]","[0.79482654 0.79482654 0.07520917 0.43609338 0.53390728 0.09546732
 0.11135888 0.25747545 0.61225166 0.39108739 0.90235528 0.16077182
 0.74453538 0.31007573 0.06383124 0.91946676 0.48382277 0.69212796
 0.00725489 0.21173982 0.43609338 0.31007573 0.24148215 0.91946676
 0.77002924 0.74453538 0.69212796 0.55967522 0.81875363 0.79482654
 0.41323244 0.79482654 0.81875363 0.90235528 0.43609338 0.48382277
 0.21173982 0.50859953 0.71851426 0.00725489 0.12937218 0.32916807
 0.00895146 0.31007573 0.58582128 0.74453538 0.14969106 0.69212796
 0.61225166 0.25747545]","[0.77002924 0.58582128 0.16077182 0.3490397  0.41323244 0.139232
 0.45963725 0.27423335 0.79482654 0.24148215 0.81875363 0.08151459
 0.74453538 0.39108739 0.27423335 0.97808957 0.45963725 0.43609338
 0.02192948 0.09546732 0.55967522 0.29176485 0.27423335 0.69212796
 0.81875363 0.74453538 0.79482654 0.79482654 0.8633028  0.61225166
 0.69212796 0.55967522 0.94837208 0.90235528 0.32916807 0.24148215
 0.16077182 0.90235528 0.41323244 0.03483221 0.29176485 0.08151459
 0.01809676 0.79482654 0.81875363 0.63886042 0.18488568 0.53390728
 0.71851426 0.18488568]","[0.79482654 0.79482654 0.07520917 0.43609338 0.53390728 0.09546732
 0.11135888 0.25747545 0.61225166 0.39108739 0.90235528 0.16077182
 0.74453538 0.31007573 0.06383124 0.91946676 0.48382277 0.69212796
 0.00725489 0.21173982 0.43609338 0.31007573 0.24148215 0.91946676
 0.77002924 0.74453538 0.69212796 0.55967522 0.81875363 0.79482654
 0.41323244 0.79482654 0.81875363 0.90235528 0.43609338 0.48382277
 0.21173982 0.50859953 0.71851426 0.00725489 0.12937218 0.32916807
 0.00895146 0.31007573 0.58582128 0.74453538 0.14969106 0.69212796
 0.61225166 0.25747545]","[0.60358049 0.70565321 0.13823037 0.38561898 0.34443399 0.18096542
 0.36795631 0.2210481  0.75955993 0.27339051 0.84815285 0.0887936
 0.77330669 0.39448152 0.14291228 0.91826683 0.52958933 0.63324268
 0.03244792 0.14871549 0.54773606 0.32870033 0.43960349 0.73417634
 0.79216691 0.69682283 0.75671358 0.75675787 0.88276228 0.35964835
 0.62008764 0.6064221  0.89272795 0.92480936 0.21288758 0.46631739
 0.28745434 0.95934971 0.69459383 0.01285351 0.29861604 0.17078414
 0.01893735 0.679599   0.71259572 0.68229544 0.08810597 0.56438864
 0.79152992 0.17791889]","[0.59747956 0.8781432  0.10755538 0.43206894 0.42286875 0.23560642
 0.15226556 0.14591563 0.76898789 0.30314164 0.9118821  0.12029745
 0.50079208 0.44980633 0.02873881 0.93316925 0.64528305 0.68855876
 0.01508683 0.23848791 0.3936374  0.56245384 0.25711994 0.76645556
 0.86472894 0.71141625 0.65972719 0.37912718 0.91125104 0.60178805
 0.64257321 0.96861854 0.81927577 0.88906194 0.27433011 0.35025884
 0.3046364  0.56089503 0.62670464 0.00614173 0.15658768 0.29798389
 0.02624003 0.34646001 0.61442003 0.73216931 0.14548246 0.71905924
 0.89513579 0.17949892]","[0.0025     0.0025     0.00188866 0.0025     0.0025     0.0019728
 0.0025     0.00216861 0.0025     0.0025     0.0025     0.00126687
 0.0025     0.0025     0.00137207 0.0025     0.0025     0.0025
 0.00059707 0.00173754 0.0025     0.0025     0.0025     0.0025
 0.0025     0.0025     0.0025     0.0025     0.0025     0.0025
 0.0025     0.0025     0.0025     0.0025     0.00167599 0.0025
 0.00162207 0.0025     0.0025     0.00012273 0.0025     0.00189151
 0.0001239  0.0025     0.0025     0.0025     0.00069034 0.0025
 0.0025     0.00194102]","[2.50000000e-03 2.50000000e-03 1.64015667e-03 2.50000000e-03
 2.50000000e-03 1.78938268e-03 1.75527373e-03 1.45527008e-03
 2.50000000e-03 2.50000000e-03 2.50000000e-03 1.61444303e-03
 2.50000000e-03 2.50000000e-03 3.10210276e-04 2.50000000e-03
 2.50000000e-03 2.50000000e-03 2.95010360e-04 2.50000000e-03
 2.50000000e-03 2.50000000e-03 2.50000000e-03 2.50000000e-03
 2.50000000e-03 2.50000000e-03 2.50000000e-03 2.50000000e-03
 2.50000000e-03 2.50000000e-03 2.50000000e-03 2.50000000e-03
 2.50000000e-03 2.50000000e-03 2.34708538e-03 2.50000000e-03
 2.02808625e-03 2.50000000e-03 2.50000000e-03 6.29964533e-05
 2.02057701e-03 2.50000000e-03 1.53867245e-04 2.50000000e-03
 2.50000000e-03 2.50000000e-03 1.04834050e-03 2.50000000e-03
 2.50000000e-03 1.80858151e-03]","[0.03668316 0.03700362 0.03767069 0.03344023 0.03665737 0.03674526
 0.03714158 0.04015033 0.03349068 0.0322687  0.03876924 0.03665855
 0.03822313 0.0339707  0.04377973 0.03455514 0.03555566 0.03897404
 0.03847351 0.03253647 0.03643727 0.03972462 0.03982926 0.03964679
 0.03650177 0.03514058 0.03309438 0.03550455 0.03568126 0.04403718
 0.03842351 0.04116212 0.03848882 0.03746308 0.03689687 0.03666168
 0.03454554 0.03665188 0.04197974 0.0379214  0.04036048 0.03824895
 0.04480098 0.03662649 0.03697481 0.0366969  0.03696008 0.03587829
 0.03292913 0.0372903 ]","[0.02013494 0.02508411 0.04999274 0.03988427 0.03451671 0.02839357
 0.0187689  0.03448149 0.02835871 0.0254255  0.0291353  0.02126289
 0.03265274 0.0332379  0.01789995 0.01784524 0.02297631 0.03602784
 0.0195993  0.02766636 0.03024244 0.03495704 0.01700431 0.02812293
 0.01755712 0.0276297  0.02257107 0.02851192 0.02023977 0.02113771
 0.02854778 0.02896103 0.02113433 0.03118195 0.0308949  0.01852725
 0.04250105 0.02169579 0.02023536 0.03415872 0.04613654 0.03207468
 0.02853809 0.02844822 0.02973147 0.0235304  0.03204475 0.02077016
 0.0302849  0.01887128]","[0.00896034 0.00815062 0.00667451 0.02230904 0.00902859 0.00879796
 0.00782298 0.00307816 0.02200887 0.03038057 0.00476591 0.00902544
 0.00564139 0.01932779 0.00090721 0.01645928 0.01242254 0.00447107
 0.00522318 0.02833756 0.00963041 0.00352794 0.00341209 0.00361644
 0.00945038 0.0139743  0.02446635 0.01260482 0.01198458 0.00082858
 0.00530437 0.00221304 0.00519856 0.00710544 0.00841264 0.00901715
 0.01650315 0.00904316 0.00168493 0.00618596 0.00287621 0.00559688
 0.00063117 0.0091109  0.00822059 0.00892418 0.00825659 0.0113256
 0.02556097 0.00748325]","[3.87000921e-01 1.58658936e-01 8.76860339e-05 3.35260252e-03
 1.66354978e-02 7.80158255e-02 4.75905953e-01 1.67984343e-02
 7.86374819e-02 1.48062793e-01 6.57403988e-02 3.21848950e-01
 2.74889415e-02 2.35496628e-02 5.37314721e-01 5.41282821e-01
 2.37991698e-01 1.08474970e-02 4.20624793e-01 9.18785141e-02
 5.04994154e-02 1.47144128e-02 6.03409900e-01 8.29533684e-02
 5.62348386e-01 9.26288438e-02 2.56191243e-01 7.59361395e-02
 3.80618264e-01 3.28691172e-01 7.53152856e-02 6.84657754e-02
 3.28877526e-01 4.00623845e-02 4.30312451e-02 4.92650982e-01
 1.41212767e-03 2.98941509e-01 3.80885314e-01 1.83597198e-02
 3.87793670e-04 3.19408207e-02 7.54825234e-02 7.70496149e-02
 5.71060683e-02 2.14697362e-01 3.21876615e-02 3.49345291e-01
 4.99814599e-02 4.68896526e-01]","[ 3.14712524e-05  2.86102295e-05 -1.29938126e-04 -3.09944153e-06
  2.30312347e-04  9.22679901e-05 -1.27434731e-04 -1.25765800e-04
  2.37464905e-04 -2.40802765e-05  2.28762627e-04  2.36988068e-04
  2.38895416e-04 -9.91821289e-05 -6.59227371e-05 -8.85725021e-05
  3.69071960e-04  3.96966934e-05  4.84585762e-04  2.43306160e-04
 -2.64644623e-05 -3.00407410e-05  2.40921974e-04 -2.71797180e-05
  4.70876694e-05 -4.81605530e-05 -7.14063644e-05  1.60932541e-05
 -2.58684158e-05  3.23772430e-04  1.15036964e-04 -4.63724136e-05
 -4.74452972e-05  1.98721886e-04 -9.15527344e-05  3.89337540e-04
 -5.56707382e-05 -1.30653381e-04  1.02996826e-04 -8.42809677e-05
  2.44975090e-04 -1.26361847e-04  1.78813934e-04  2.91109085e-04
 -5.81741333e-05  1.91807747e-04 -1.09791756e-04  1.14321709e-04
  7.67707825e-05  3.00407410e-05]","[ 1.71065331e-04  6.54459000e-05  3.36885452e-04  5.36441803e-06
  9.14692879e-04  2.51054764e-04 -1.31130219e-05  2.71916389e-04
  4.01735306e-05 -3.96966934e-05  6.77227974e-04 -8.10623169e-05
  9.62376595e-04  8.32080841e-05 -1.06692314e-04 -1.72138214e-04
 -1.51753426e-04  4.53472137e-04 -8.46385956e-06  2.74181366e-05
  2.74062157e-04 -1.90734863e-05 -1.42216682e-04  2.87890434e-04
  4.49538231e-04 -1.61647797e-04  2.90870667e-05  3.44872475e-04
 -2.55107880e-05 -8.46385956e-05  3.00526619e-04  4.16040421e-05
 -6.93798065e-05  3.54290009e-04 -5.12599945e-06 -1.11460686e-04
  1.97291374e-04 -5.25712967e-05 -1.72972679e-04  1.50680542e-04
  9.73939896e-04  6.12735748e-05 -1.25408173e-04  2.01344490e-04
  1.88589096e-04 -5.43594360e-05  1.23739243e-04  3.36170197e-04
  1.32083893e-04 -2.11000443e-05]","[0.01734694 0.01603404 0.01138969 0.01558377 0.01828007 0.01749589
 0.010797   0.01078575 0.01757373 0.0153575  0.01633842 0.01839881
 0.01949363 0.01269773 0.01144654 0.01267375 0.02062792 0.01721773
 0.02296938 0.02002397 0.01514291 0.01467527 0.01952006 0.0143051
 0.01430333 0.01322744 0.01367611 0.01443211 0.01255231 0.02034864
 0.0156782  0.01578775 0.01437698 0.01848897 0.01085164 0.02163834
 0.01440276 0.01383611 0.01691558 0.00984553 0.01760835 0.01031481
 0.01868009 0.02070796 0.01381638 0.01663492 0.01202796 0.01803331
 0.01685126 0.01669816]","[0.0160956  0.013799   0.01720948 0.01050179 0.02355554 0.01624003
 0.01223142 0.01665376 0.01227899 0.01004479 0.02169055 0.00919131
 0.02728871 0.01352784 0.00764114 0.0060087  0.00635698 0.02067283
 0.01175983 0.01111934 0.01693115 0.01090535 0.00652118 0.01764855
 0.02011722 0.00660038 0.0133927  0.01558694 0.00995022 0.00940961
 0.01662713 0.01323434 0.00918953 0.01790627 0.01000316 0.00730243
 0.01687393 0.01159576 0.00600677 0.01525372 0.0275153  0.01249248
 0.00735965 0.0147002  0.01760642 0.01007374 0.01517495 0.0192046
 0.0142505  0.01041543]",0.4877265454006509,0.48000427992880007,0.28931493269875347,0.28436172740188753,0.4929541811982802,0.4847874896805311,0.28265742971220326,0.2905411406555545,0.0021814235183281626,0.002166585623321185,0.0006290075466772716,0.0006742816195200647,0.03730613030731679,0.027591748486757276,0.0028141915170654935,0.007527394949497434,6.7596435546875e-05,0.00014177799224853515,0.00016008737944332659,0.00028011166513273826,0.01575821219243241,0.013674344112411063,0.003207444984095225,0.0052135979479966095
df2,0.06,1.0,0.0,0.0,1.06,0.0,1.0,"[0.18488568 0.1200888  0.19796045 0.88359176 0.79482654 0.69212796
 0.32916807 0.22624166 0.16077182 0.71851426 0.81875363 0.79482654
 0.48382277 0.58582128 0.91946676 0.25747545 0.31007573 0.90235528
 0.97808957 0.50859953 0.55967522 0.77002924 0.63886042 0.69212796
 0.55967522 0.71851426 0.53390728 0.79482654 0.97808957 0.11135888
 0.41323244 0.07520917 0.97808957 0.96007647 0.19796045 0.31007573
 0.63886042 0.53390728 0.63886042 0.10315938 0.77002924 0.18488568
 0.50859953 0.39108739 0.03809482 0.77002924 0.55967522 0.94837208
 0.66552932 0.43609338]","[0.1200888  0.18488568 0.14969106 0.90235528 0.93482727 0.69212796
 0.43609338 0.17249627 0.0416213  0.94837208 0.63886042 0.32916807
 0.50859953 0.45963725 0.74453538 0.14969106 0.43609338 0.96996014
 0.93482727 0.55967522 0.71851426 0.39108739 0.3490397  0.77002924
 0.41323244 0.58582128 0.96996014 0.71851426 0.22624166 0.1200888
 0.27423335 0.25747545 0.55967522 0.17249627 0.19796045 0.66552932
 0.50859953 0.45963725 0.74453538 0.00992823 0.66552932 0.36968362
 0.53390728 0.36968362 0.04953464 0.91946676 0.74453538 0.81875363
 0.43609338 0.29176485]","[0.18488568 0.1200888  0.19796045 0.88359176 0.79482654 0.69212796
 0.32916807 0.22624166 0.16077182 0.71851426 0.81875363 0.79482654
 0.48382277 0.58582128 0.91946676 0.25747545 0.31007573 0.90235528
 0.97808957 0.50859953 0.55967522 0.77002924 0.63886042 0.69212796
 0.55967522 0.71851426 0.53390728 0.79482654 0.97808957 0.11135888
 0.41323244 0.07520917 0.97808957 0.96007647 0.19796045 0.31007573
 0.63886042 0.53390728 0.63886042 0.10315938 0.77002924 0.18488568
 0.50859953 0.39108739 0.03809482 0.77002924 0.55967522 0.94837208
 0.66552932 0.43609338]","[0.1200888  0.18488568 0.14969106 0.90235528 0.93482727 0.69212796
 0.43609338 0.17249627 0.0416213  0.94837208 0.63886042 0.32916807
 0.50859953 0.45963725 0.74453538 0.14969106 0.43609338 0.96996014
 0.93482727 0.55967522 0.71851426 0.39108739 0.3490397  0.77002924
 0.41323244 0.58582128 0.96996014 0.71851426 0.22624166 0.1200888
 0.27423335 0.25747545 0.55967522 0.17249627 0.19796045 0.66552932
 0.50859953 0.45963725 0.74453538 0.00992823 0.66552932 0.36968362
 0.53390728 0.36968362 0.04953464 0.91946676 0.74453538 0.81875363
 0.43609338 0.29176485]","[0.18379427 0.13439435 0.20018462 0.93202227 0.79352606 0.86065564
 0.45503521 0.16301017 0.11853315 0.65572567 0.75489711 0.94309023
 0.45044534 0.39690601 0.95124174 0.16392611 0.20443287 0.85021394
 0.9555487  0.41147271 0.44781919 0.74986209 0.48127375 0.81042177
 0.42885576 0.71351131 0.42997889 0.68845398 0.93891439 0.05110083
 0.6005959  0.08221808 0.99330045 0.97729434 0.2505122  0.52638051
 0.61792692 0.51475259 0.54400792 0.04331544 0.53459755 0.28493778
 0.48557226 0.26225843 0.02921753 0.68473672 0.68133719 0.85413096
 0.66232772 0.43575762]","[0.27986375 0.17496086 0.33118794 0.85476498 0.82346948 0.8243098
 0.30071396 0.1272286  0.15268106 0.92550884 0.52998388 0.47408827
 0.77174749 0.33859088 0.8660238  0.06758209 0.34037651 0.92909837
 0.86406313 0.50142312 0.80585036 0.6250302  0.27665659 0.78174582
 0.59160063 0.52829858 0.88310953 0.69622659 0.52994051 0.09956974
 0.45682993 0.17838963 0.75427536 0.14925542 0.30028295 0.58981393
 0.56533254 0.45836439 0.87821854 0.00860568 0.80357493 0.30047052
 0.39394247 0.445632   0.02596386 0.67858042 0.85529853 0.67873047
 0.27480186 0.34535076]","[0.00231359 0.00146085 0.0025     0.0025     0.0025     0.0025
 0.00211989 0.00123656 0.00128849 0.0025     0.0025     0.0025
 0.0025     0.0025     0.0025     0.00125352 0.0025     0.0025
 0.0025     0.0025     0.0025     0.0025     0.0025     0.0025
 0.0025     0.0025     0.0025     0.0025     0.0025     0.00056369
 0.0025     0.0005799  0.0025     0.0025     0.0025     0.0025
 0.0025     0.0025     0.0025     0.00045476 0.0025     0.0025
 0.0025     0.0025     0.00024598 0.0025     0.0025     0.0025
 0.0025     0.0025    ]","[2.50000000e-03 2.01214575e-03 2.50000000e-03 2.50000000e-03
 2.50000000e-03 2.50000000e-03 1.88651589e-03 7.81189770e-04
 1.80585286e-03 2.50000000e-03 2.50000000e-03 2.50000000e-03
 2.50000000e-03 2.50000000e-03 2.50000000e-03 6.03107132e-04
 2.50000000e-03 2.50000000e-03 2.50000000e-03 2.50000000e-03
 2.50000000e-03 2.50000000e-03 1.95872891e-03 2.50000000e-03
 2.50000000e-03 2.50000000e-03 2.50000000e-03 2.50000000e-03
 2.50000000e-03 8.15010726e-04 2.50000000e-03 9.45622433e-04
 2.50000000e-03 2.09920310e-03 2.50000000e-03 2.50000000e-03
 2.50000000e-03 2.50000000e-03 2.50000000e-03 9.18129175e-05
 2.50000000e-03 2.50000000e-03 2.50000000e-03 2.50000000e-03
 2.74854384e-04 2.50000000e-03 2.50000000e-03 2.50000000e-03
 2.37303656e-03 2.50000000e-03]","[0.03440716 0.03874727 0.04023439 0.03516835 0.03326474 0.0365275
 0.03693068 0.04331947 0.03794524 0.03419977 0.03615153 0.03735154
 0.03370175 0.03328904 0.04088106 0.03294953 0.03873397 0.03569263
 0.0333578  0.03527346 0.03594203 0.03648445 0.03854993 0.0344384
 0.03564156 0.0416002  0.03966729 0.03408373 0.03724694 0.03571568
 0.03429256 0.03256003 0.03727487 0.03561502 0.03335725 0.03927363
 0.03648521 0.03585098 0.03609585 0.0444763  0.03608602 0.03420771
 0.03655159 0.03964899 0.03719104 0.03734114 0.03368621 0.03680553
 0.03335736 0.03697003]","[0.02634512 0.02609116 0.03005506 0.01780953 0.03158709 0.02322276
 0.02771972 0.01369244 0.03910902 0.02189821 0.01538    0.02285789
 0.02017249 0.02633011 0.02727201 0.02348097 0.0395517  0.02715159
 0.02739906 0.03192505 0.03189019 0.02492726 0.03181672 0.02686096
 0.02232435 0.03750744 0.03502126 0.02195671 0.0359565  0.03430931
 0.02311311 0.01621108 0.01832587 0.01667532 0.02780816 0.01382683
 0.02908223 0.02475094 0.03165178 0.02208051 0.03899585 0.03839813
 0.014897   0.01589333 0.01661969 0.01823758 0.02615902 0.02997703
 0.02700214 0.02393173]","[0.01714705 0.00479858 0.00299586 0.01386526 0.02338163 0.00937943
 0.00832884 0.00106545 0.00614125 0.01815419 0.01046591 0.00734728
 0.02079172 0.02323045 0.00242747 0.02542356 0.00481846 0.01194564
 0.0228073  0.01345953 0.01111954 0.00949842 0.00510133 0.01699974
 0.01212148 0.00191354 0.00359293 0.01874048 0.00758087 0.01186703
 0.01769724 0.02816377 0.00751784 0.01221378 0.02281065 0.00406985
 0.00949632 0.01141496 0.01063615 0.00070898 0.01066646 0.0181147
 0.00931343 0.00361391 0.00770845 0.00737021 0.02087924 0.0086429
 0.02280999 0.00823226]","[0.12233059 0.1290414  0.05284128 0.54387931 0.03617663 0.22740662
 0.09079557 0.84238595 0.00428601 0.28863224 0.7253373  0.24320716
 0.38470698 0.12271916 0.1002213  0.2167023  0.00372734 0.10289115
 0.09746738 0.03319184 0.03348939 0.16372611 0.03412412 0.1095785
 0.26776194 0.00701128 0.01445152 0.28570048 0.01107325 0.01761586
 0.23207166 0.66312956 0.50680996 0.62812099 0.08902438 0.83383742
 0.06656043 0.16957483 0.03558777 0.27956639 0.00444069 0.005346
 0.7605848  0.68705157 0.63231178 0.51307314 0.12721944 0.05384373
 0.10628638 0.19894212]","[ 5.55515289e-05  8.47578049e-05  3.37839127e-04  1.08480453e-04
 -1.38163567e-04  4.52995300e-05  3.68356705e-05  4.30345535e-05
  1.95503235e-05 -1.41859055e-05  9.77516174e-06 -8.55922699e-05
  4.72903252e-04  1.33514404e-04 -9.21487808e-05  2.31027603e-04
 -1.21355057e-04 -5.62667847e-05  8.28504562e-05  2.29358673e-04
 -4.23192978e-05 -1.90734863e-06 -8.10623169e-05  8.63075256e-05
  3.19480896e-05 -7.76052475e-05  1.79409981e-04  3.65972519e-05
  1.18732452e-04 -3.45706940e-05 -2.39610672e-05  6.37769699e-05
 -9.00030136e-05  3.18408012e-04  1.44243240e-05  4.18424606e-05
  5.59091568e-05 -1.19924545e-04  3.95178795e-04  4.11629677e-04
  2.66313553e-04  4.24861908e-04  5.91278076e-04  5.17368317e-05
  7.24792480e-05  7.55786896e-05 -1.04427338e-04  1.23023987e-04
 -7.54594803e-05  3.14712524e-05]","[-8.65459442e-05  3.13162804e-04  7.95364380e-04 -1.59621239e-04
  1.32560730e-04 -1.01923943e-04  2.62260437e-06 -1.18851662e-04
  2.89440155e-04  1.69157982e-04  1.16586685e-04  4.41074371e-06
  1.09255314e-03  1.57356262e-05  2.41041183e-04  3.54886055e-04
 -5.91278076e-05  1.53899193e-04  1.22904778e-04  7.19308853e-04
  1.13010406e-04  3.49760056e-04  1.80244446e-04 -1.20759010e-04
  5.05924225e-04 -2.00271606e-05  2.64286995e-04 -6.77108765e-05
  4.82559204e-04  2.56538391e-04 -1.26242638e-04 -1.92046165e-04
  1.97887421e-05 -1.42216682e-04  5.47170639e-05 -6.72340393e-05
  3.19004059e-04  4.87565994e-05  8.73327255e-04 -1.01566315e-04
  8.36730003e-04  1.01613998e-03  2.44379044e-05 -1.00374222e-04
 -1.69277191e-04 -1.93357468e-04 -1.13248825e-05 -6.53266907e-05
 -4.32729721e-05 -7.27176666e-06]","[0.0156609  0.01702436 0.01938447 0.01548713 0.01213723 0.01616752
 0.01609749 0.01543541 0.01308116 0.01343742 0.0140566  0.01200166
 0.020738   0.01681613 0.01368693 0.01854936 0.01214034 0.01157184
 0.01626908 0.01834784 0.01458439 0.01330854 0.01275082 0.01705346
 0.01516382 0.01078515 0.01979565 0.01700592 0.01723464 0.01353291
 0.0150678  0.01511467 0.01319619 0.01939294 0.01600828 0.01502434
 0.01599653 0.01148956 0.02039503 0.0230965  0.0192329  0.02322505
 0.02312655 0.01605329 0.01869749 0.01608396 0.01062114 0.01680148
 0.01277922 0.01572099]","[0.00949872 0.0188114  0.02309414 0.00638705 0.01550611 0.00885836
 0.0104139  0.00770033 0.01674679 0.01567789 0.01473497 0.01029914
 0.02823223 0.01204488 0.01799171 0.01785956 0.01054325 0.01269249
 0.01445134 0.02362539 0.0157043  0.01895296 0.01756912 0.00691574
 0.02245467 0.01103021 0.0168125  0.01014135 0.02179474 0.0155133
 0.00869474 0.00496137 0.01270322 0.00675372 0.0138497  0.00917713
 0.01958643 0.01143825 0.02501036 0.00918398 0.02551689 0.02829475
 0.01062487 0.00840979 0.00672983 0.00523509 0.01114912 0.01042158
 0.00972791 0.01256486]",0.5469271064405138,0.49250317824273393,0.2832424990638623,0.28115675341295754,0.5276885252132912,0.5087481909998124,0.29028258663593437,0.2755541086698047,0.002230344712960875,0.0022129416088909437,0.0006217292347355555,0.0006389442616920661,0.0364924881052971,0.025905179936289793,0.0026658880697931413,0.007159185243090385,8.245468139648437e-05,0.00015829563140869142,0.0001682783902493654,0.00032582592576679896,0.015928600877339515,0.014041842405198868,0.003137655659505078,0.00607791574642822
df2,0.08,1.0,0.0,0.0,1.08,0.0,1.0,"[0.19796045 0.61225166 0.71851426 0.39108739 0.41323244 0.84163603
 0.74453538 0.63886042 0.88359176 0.94837208 0.45963725 0.53390728
 0.43609338 0.77002924 0.90235528 0.90235528 0.00992823 0.36968362
 0.66552932 0.45963725 0.36968362 0.90235528 0.19796045 0.25747545
 0.53390728 0.39108739 0.61225166 0.84163603 0.25747545 0.61225166
 0.22624166 0.02646763 0.71851426 0.81875363 0.12937218 0.77002924
 0.93482727 0.32916807 0.79482654 0.58582128 0.07520917 0.24148215
 0.139232   0.71851426 0.45963725 0.41323244 0.31007573 0.29176485
 0.74453538 0.71851426]","[0.99328163 0.79482654 0.58582128 0.81875363 0.61225166 0.58582128
 0.84163603 0.69212796 0.63886042 0.98457739 0.32916807 0.93482727
 0.39108739 0.77002924 0.19796045 0.93482727 0.08825991 0.45963725
 0.25747545 0.48382277 0.10315938 0.63886042 0.41323244 0.16077182
 0.45963725 0.32916807 0.91946676 0.88359176 0.09546732 0.19796045
 0.25747545 0.09546732 0.77002924 0.79482654 0.01993114 0.55967522
 0.27423335 0.61225166 0.90235528 0.61225166 0.1200888  0.45963725
 0.29176485 0.74453538 0.16077182 0.36968362 0.32916807 0.41323244
 0.71851426 0.58582128]","[0.19796045 0.61225166 0.71851426 0.39108739 0.41323244 0.84163603
 0.74453538 0.63886042 0.88359176 0.94837208 0.45963725 0.53390728
 0.43609338 0.77002924 0.90235528 0.90235528 0.00992823 0.36968362
 0.66552932 0.45963725 0.36968362 0.90235528 0.19796045 0.25747545
 0.53390728 0.39108739 0.61225166 0.84163603 0.25747545 0.61225166
 0.22624166 0.02646763 0.71851426 0.81875363 0.12937218 0.77002924
 0.93482727 0.32916807 0.79482654 0.58582128 0.07520917 0.24148215
 0.139232   0.71851426 0.45963725 0.41323244 0.31007573 0.29176485
 0.74453538 0.71851426]","[0.99328163 0.79482654 0.58582128 0.81875363 0.61225166 0.58582128
 0.84163603 0.69212796 0.63886042 0.98457739 0.32916807 0.93482727
 0.39108739 0.77002924 0.19796045 0.93482727 0.08825991 0.45963725
 0.25747545 0.48382277 0.10315938 0.63886042 0.41323244 0.16077182
 0.45963725 0.32916807 0.91946676 0.88359176 0.09546732 0.19796045
 0.25747545 0.09546732 0.77002924 0.79482654 0.01993114 0.55967522
 0.27423335 0.61225166 0.90235528 0.61225166 0.1200888  0.45963725
 0.29176485 0.74453538 0.16077182 0.36968362 0.32916807 0.41323244
 0.71851426 0.58582128]","[0.44105536 0.50721463 0.8341999  0.54784521 0.32623431 0.79512291
 0.78034127 0.47848426 0.96916594 0.95202668 0.77180036 0.70069398
 0.70326976 0.75631661 0.79034101 0.84774351 0.00367457 0.43138454
 0.68363053 0.3416486  0.41398278 0.93528611 0.20181253 0.13653162
 0.52075809 0.25759907 0.72021533 0.84542261 0.44675858 0.39301754
 0.20601726 0.05501424 0.70394423 0.80945952 0.1185184  0.82284558
 0.89826252 0.47991977 0.96673706 0.63755838 0.1568947  0.37780734
 0.14189756 0.45721458 0.35207583 0.57027594 0.23822238 0.41480356
 0.80433344 0.72242423]","[0.97909843 0.77362694 0.50255169 0.84390732 0.59371446 0.49932778
 0.84314805 0.64615891 0.74396552 0.97506342 0.46041842 0.774217
 0.82671367 0.65542703 0.49769057 0.91480399 0.04244539 0.33897988
 0.34374044 0.35115037 0.1792972  0.50210279 0.43927388 0.07985171
 0.48779841 0.46041865 0.91972549 0.9591051  0.33163221 0.21147974
 0.10771482 0.05853402 0.68405041 0.83153921 0.0252373  0.46386431
 0.32862046 0.52388634 0.95770759 0.50826162 0.16772267 0.2902341
 0.29928013 0.50586389 0.17818604 0.31164322 0.40770045 0.35263269
 0.75490173 0.53985891]","[2.50000000e-03 2.50000000e-03 2.50000000e-03 2.50000000e-03
 2.50000000e-03 2.50000000e-03 2.50000000e-03 2.50000000e-03
 2.50000000e-03 2.50000000e-03 2.50000000e-03 2.50000000e-03
 2.50000000e-03 2.50000000e-03 2.50000000e-03 2.50000000e-03
 4.68619080e-05 2.50000000e-03 2.50000000e-03 2.50000000e-03
 2.50000000e-03 2.50000000e-03 2.29713933e-03 1.15328849e-03
 2.50000000e-03 2.50000000e-03 2.50000000e-03 2.50000000e-03
 2.50000000e-03 2.50000000e-03 2.50000000e-03 7.50738532e-04
 2.50000000e-03 2.50000000e-03 9.34104095e-04 2.50000000e-03
 2.50000000e-03 2.50000000e-03 2.50000000e-03 2.50000000e-03
 1.11609599e-03 2.50000000e-03 1.80169002e-03 2.50000000e-03
 2.50000000e-03 2.50000000e-03 2.41956356e-03 2.50000000e-03
 2.50000000e-03 2.50000000e-03]","[0.0025     0.0025     0.0025     0.0025     0.0025     0.0025
 0.0025     0.0025     0.0025     0.0025     0.0025     0.0025
 0.0025     0.0025     0.0025     0.0025     0.00041223 0.0025
 0.0025     0.0025     0.00175791 0.0025     0.0025     0.00068364
 0.0025     0.0025     0.0025     0.0025     0.0025     0.00236268
 0.00131723 0.00079624 0.0025     0.0025     0.00017809 0.0025
 0.0025     0.0025     0.0025     0.0025     0.00125388 0.0025
 0.0025     0.0025     0.00217764 0.0025     0.0025     0.0025
 0.0025     0.0025    ]","[0.03443075 0.0399924  0.03915004 0.03657668 0.03621359 0.03717076
 0.04251281 0.03701052 0.03813383 0.04457977 0.03587994 0.03718221
 0.03677804 0.0360997  0.0334721  0.03796747 0.03827282 0.03576798
 0.03836183 0.0391778  0.03952522 0.03610854 0.03237519 0.03593364
 0.03258595 0.03613064 0.03544499 0.03484771 0.03545242 0.03898889
 0.03534019 0.03710681 0.03968958 0.03340287 0.03345101 0.0352998
 0.03476449 0.0354657  0.03524112 0.03596105 0.03659345 0.03578017
 0.03781456 0.03699776 0.03952243 0.03472292 0.03591891 0.03630262
 0.03474938 0.04008867]","[0.02648337 0.01955178 0.02284984 0.02488733 0.02278912 0.02286042
 0.02931093 0.02450101 0.02297599 0.02860643 0.02229291 0.03060429
 0.02964158 0.03252904 0.03131112 0.03384418 0.02051829 0.02209355
 0.03140739 0.01590003 0.02538675 0.03028166 0.03301703 0.03294063
 0.0244819  0.02768141 0.03508408 0.02415511 0.03350682 0.04407357
 0.02599312 0.0170132  0.03019015 0.02622435 0.02701838 0.01493982
 0.01414625 0.01557184 0.02875217 0.02197734 0.02950412 0.02278327
 0.01886127 0.02201976 0.01736951 0.01829601 0.03497811 0.02365366
 0.02953884 0.04026632]","[0.01703572 0.00323846 0.00423118 0.00924515 0.01027906 0.00775523
 0.00140648 0.00813394 0.0057978  0.00068325 0.01132025 0.00772879
 0.00871332 0.01062428 0.02211901 0.00609981 0.00555604 0.01169041
 0.00540609 0.00419444 0.00375877 0.01059712 0.02955307 0.01114648
 0.02797367 0.01052948 0.01282031 0.01517181 0.01279325 0.00445035
 0.0132075  0.00790441 0.00356753 0.02253363 0.02224459 0.01335956
 0.01552853 0.012745   0.0135832  0.01105872 0.00919974 0.01164956
 0.00639002 0.00816481 0.0037621  0.01570947 0.0111939  0.0100163
 0.01559407 0.00313986]","[0.11879903 0.4236876  0.24356479 0.16503622 0.24627518 0.24309506
 0.06308791 0.17814685 0.238006   0.07430908 0.26926312 0.04622997
 0.05834206 0.02839261 0.03878569 0.02000457 0.36398211 0.27892542
 0.03785751 0.68654871 0.14923623 0.05002081 0.02497349 0.02548343
 0.17881619 0.09157199 0.01419848 0.19056846 0.02191361 0.00081799
 0.13171122 0.60274389 0.05114375 0.12548552 0.10591305 0.7575011
 0.81286542 0.71110347 0.07185817 0.28467184 0.06027651 0.24653716
 0.46957969 0.28256428 0.57620064 0.50892468 0.01462769 0.20976028
 0.05978282 0.00296513]","[-4.93526459e-05  3.89218330e-04  5.96046448e-07  1.90734863e-06
  1.43051147e-06  8.83340836e-05  2.52246857e-04 -6.67572021e-06
 -1.09553337e-04 -4.29153442e-06 -5.68628311e-05  4.50611115e-05
 -2.47955322e-05  1.82271004e-04  1.38282776e-04  4.19735909e-04
 -2.92062759e-05  6.38961792e-05 -6.35385513e-05  2.04324722e-04
  5.92231750e-04  3.35097313e-04  7.25984573e-05 -2.07424164e-05
  5.25712967e-05  2.15768814e-05  1.60336494e-04 -3.48091125e-05
 -9.17911530e-06  9.46521759e-05 -3.03983688e-05  1.78813934e-05
  6.51955605e-04 -1.17063522e-04 -6.93798065e-05  1.02996826e-04
 -5.10215759e-05 -9.46521759e-05 -9.40561295e-05 -8.28504562e-05
  2.05039978e-04 -6.27040863e-05  4.29153442e-06  6.90221786e-05
  1.55687332e-04  3.18050385e-04 -7.99894333e-05  2.55584717e-04
  9.33408737e-05  2.47955322e-05]","[-1.27196312e-04  5.05447388e-05 -6.23464584e-05  2.08377838e-04
 -1.16586685e-04  1.30653381e-04  1.02865696e-03  9.41753387e-05
  5.84125519e-06  2.49981880e-04 -1.85966492e-04  8.20159912e-05
 -6.72340393e-05  1.60932541e-04 -9.10758972e-05  7.29680061e-04
 -6.10351562e-05  3.80039215e-04  2.72035599e-04 -6.77108765e-05
  3.17096710e-04  5.74588776e-05  3.51667404e-05 -1.33037567e-04
 -1.98245049e-04 -7.68899918e-05  3.48329544e-04 -1.60932541e-04
 -6.65187836e-05  7.69376755e-04 -1.24573708e-04 -1.79290771e-04
  1.02639198e-03  2.50339508e-06 -1.09195709e-04 -1.25527382e-04
 -1.19090080e-04 -1.25408173e-04  4.76837158e-05 -1.34110451e-04
  4.73976135e-04  2.70843506e-04 -1.49369240e-04 -1.83939934e-04
 -1.58071518e-04 -6.93798065e-05 -3.96966934e-05 -1.35779381e-04
  5.45620918e-04  3.06606293e-04]","[0.01295462 0.02180357 0.01488978 0.0139021  0.01433083 0.01751752
 0.02066893 0.01378882 0.01251242 0.01484868 0.01323209 0.0136446
 0.01570576 0.01803652 0.01632058 0.02170327 0.01575185 0.01607154
 0.01172224 0.01920051 0.02369658 0.0189906  0.01623694 0.01432848
 0.01532825 0.0152623  0.01847362 0.01292789 0.01572299 0.01662201
 0.01384958 0.01656542 0.02310594 0.0112225  0.01250918 0.01726406
 0.01380764 0.01164888 0.01349554 0.01362395 0.01878366 0.01109258
 0.01659875 0.0153048  0.02004988 0.02059344 0.01351068 0.01846569
 0.01629114 0.01561235]","[0.00709524 0.01231584 0.01068217 0.01611469 0.00726656 0.01409716
 0.02762711 0.01506256 0.01233387 0.01540182 0.00483478 0.01228674
 0.01000762 0.0136442  0.00802895 0.02458926 0.00858108 0.02030459
 0.01463303 0.00981169 0.01444625 0.01100836 0.01075654 0.00675457
 0.00528143 0.0111446  0.01527687 0.00630165 0.00818018 0.02652897
 0.00743269 0.00618504 0.02634398 0.01229321 0.00806768 0.00793972
 0.00710234 0.00796242 0.01269296 0.00768549 0.02165538 0.01598626
 0.00685213 0.00707042 0.00844676 0.00911625 0.0105571  0.00704461
 0.02327224 0.01891372]",0.5264300302645868,0.5137616634828345,0.2674556169201176,0.28235767027466874,0.5493560946841659,0.5094854870781012,0.27054984558434536,0.27425422159776197,0.0023103896384091007,0.0022687908982267175,0.0005344520218527961,0.0005873555975541037,0.03672675390958787,0.026093301303982734,0.002369360057511832,0.006498577323716081,7.847785949707032e-05,9.05156135559082e-05,0.00017275812383782453,0.00030445858918669283,0.015991830901083345,0.012260375645310895,0.003100264889651506,0.005961152756088547
df2,0.1,1.0,0.0,0.0,1.1,0.0,1.0,"[0.8633028  0.63886042 0.0539576  0.31007573 0.48382277 0.27423335
 0.32916807 0.93482727 0.36968362 0.31007573 0.06383124 0.66552932
 0.96007647 0.14969106 0.24148215 0.8633028  0.81875363 0.18488568
 0.3490397  0.96996014 0.139232   0.29176485 0.03809482 0.61225166
 0.19796045 0.21173982 0.48382277 0.66552932 0.45963725 0.45963725
 0.74453538 0.1200888  0.55967522 0.55967522 0.48382277 0.81875363
 0.63886042 0.61225166 0.27423335 0.84163603 0.08825991 0.21173982
 0.63886042 0.45963725 0.58582128 0.63886042 0.69212796 0.66552932
 0.17249627 0.39108739]","[0.81875363 0.66552932 0.1200888  0.45963725 0.88359176 0.17249627
 0.50859953 0.41323244 0.41323244 0.41323244 0.79482654 0.21173982
 0.96007647 0.27423335 0.53390728 0.53390728 0.48382277 0.25747545
 0.36968362 0.69212796 0.17249627 0.53390728 0.04542867 0.58582128
 0.16077182 0.04542867 0.25747545 0.39108739 0.3490397  0.27423335
 0.84163603 0.41323244 0.1200888  0.84163603 0.22624166 0.11135888
 0.74453538 0.53390728 0.24148215 0.53390728 0.01809676 0.61225166
 0.31007573 0.91946676 0.99328163 0.48382277 0.29176485 0.17249627
 0.19796045 0.96007647]","[0.8633028  0.63886042 0.0539576  0.31007573 0.48382277 0.27423335
 0.32916807 0.93482727 0.36968362 0.31007573 0.06383124 0.66552932
 0.96007647 0.14969106 0.24148215 0.8633028  0.81875363 0.18488568
 0.3490397  0.96996014 0.139232   0.29176485 0.03809482 0.61225166
 0.19796045 0.21173982 0.48382277 0.66552932 0.45963725 0.45963725
 0.74453538 0.1200888  0.55967522 0.55967522 0.48382277 0.81875363
 0.63886042 0.61225166 0.27423335 0.84163603 0.08825991 0.21173982
 0.63886042 0.45963725 0.58582128 0.63886042 0.69212796 0.66552932
 0.17249627 0.39108739]","[0.81875363 0.66552932 0.1200888  0.45963725 0.88359176 0.17249627
 0.50859953 0.41323244 0.41323244 0.41323244 0.79482654 0.21173982
 0.96007647 0.27423335 0.53390728 0.53390728 0.48382277 0.25747545
 0.36968362 0.69212796 0.17249627 0.53390728 0.04542867 0.58582128
 0.16077182 0.04542867 0.25747545 0.39108739 0.3490397  0.27423335
 0.84163603 0.41323244 0.1200888  0.84163603 0.22624166 0.11135888
 0.74453538 0.53390728 0.24148215 0.53390728 0.01809676 0.61225166
 0.31007573 0.91946676 0.99328163 0.48382277 0.29176485 0.17249627
 0.19796045 0.96007647]","[0.7662118  0.83671631 0.05640351 0.47601451 0.47745366 0.15884865
 0.52880015 0.8870297  0.32924763 0.54057149 0.19102308 0.58053778
 0.96600035 0.18523114 0.45665561 0.61687931 0.69916202 0.07962358
 0.21578088 0.94015734 0.08987251 0.39205051 0.04382559 0.53784925
 0.09585493 0.18859096 0.4724335  0.74398459 0.36538112 0.34274283
 0.7460744  0.16295058 0.31655166 0.55649284 0.71936155 0.69386506
 0.78182435 0.487345   0.37889835 0.77166702 0.08545262 0.21820033
 0.68549823 0.62746173 0.74430766 0.66364393 0.49410434 0.5766217
 0.06452188 0.38998027]","[0.82723532 0.53138204 0.0609113  0.28008691 0.79201628 0.13307288
 0.48011348 0.57119401 0.54368792 0.46359924 0.8135877  0.27760711
 0.94987533 0.17950104 0.50691729 0.45425461 0.62224532 0.16774601
 0.29917376 0.72669019 0.06596931 0.49742728 0.03920721 0.45520696
 0.08284752 0.05258388 0.36806014 0.59940185 0.36425654 0.28263906
 0.81720759 0.46228453 0.04971999 0.90444518 0.177885   0.06546877
 0.70191946 0.335312   0.14752131 0.61320098 0.05255644 0.52919759
 0.33968959 0.77772836 0.93338992 0.63119868 0.35068674 0.30665978
 0.09115518 0.94367299]","[0.0025     0.0025     0.00065943 0.0025     0.0025     0.00098499
 0.0025     0.0025     0.00236303 0.0025     0.0025     0.0025
 0.0025     0.0025     0.0025     0.0025     0.0025     0.00045585
 0.0025     0.0025     0.00109085 0.0025     0.00052218 0.0025
 0.0007957  0.00154198 0.0025     0.0025     0.0025     0.0025
 0.0025     0.00166694 0.0025     0.0025     0.0025     0.0025
 0.0025     0.0025     0.0025     0.0025     0.00102687 0.00213973
 0.0025     0.0025     0.0025     0.0025     0.0025     0.0025
 0.00017953 0.0025    ]","[0.0025     0.0025     0.00077764 0.00187919 0.0025     0.0007098
 0.0025     0.0025     0.0025     0.0025     0.0025     0.0025
 0.0025     0.00227439 0.0025     0.0025     0.0025     0.00081823
 0.0025     0.0025     0.00070765 0.0025     0.00041304 0.0025
 0.00064969 0.00047894 0.0025     0.0025     0.0025     0.0025
 0.0025     0.0025     0.00034322 0.0025     0.00234916 0.00095908
 0.0025     0.00216941 0.00122001 0.0025     0.0007124  0.0025
 0.0025     0.0025     0.0025     0.0025     0.0025     0.0025
 0.00019987 0.0025    ]","[0.03499209 0.03557159 0.04277146 0.03888928 0.03834416 0.03919325
 0.03558591 0.03597648 0.03730377 0.04134576 0.04037336 0.03499181
 0.03596511 0.03689591 0.03580693 0.0338293  0.03751252 0.03384453
 0.04356889 0.03589545 0.04198494 0.03972528 0.05239665 0.03912694
 0.04033479 0.03710584 0.0341733  0.03850533 0.03617812 0.03582318
 0.03774789 0.03692552 0.03929969 0.03507659 0.04133667 0.03569679
 0.03454267 0.03861563 0.04362146 0.03522081 0.03568793 0.03333109
 0.03741266 0.03647836 0.03434168 0.03896164 0.03674897 0.03655435
 0.03422625 0.03519751]","[0.01805476 0.0236835  0.01589672 0.03138577 0.02868775 0.02516587
 0.02162491 0.02466667 0.01627909 0.02716998 0.03082293 0.02431007
 0.01844194 0.02873475 0.02668343 0.03027093 0.0248183  0.03098495
 0.02610766 0.02987727 0.01685624 0.03290177 0.02388528 0.0306509
 0.02115403 0.01478039 0.02333226 0.03418232 0.02034778 0.02008589
 0.02691169 0.02977796 0.02354471 0.02449983 0.02377094 0.01657292
 0.02159913 0.01361764 0.02007452 0.02288207 0.02309366 0.02480759
 0.01582251 0.0235804  0.01682385 0.01904613 0.02156155 0.01992364
 0.0266954  0.0257891 ]","[1.45703919e-02 1.23661957e-02 1.28739328e-03 4.59100820e-03
 5.43555235e-03 4.17411666e-03 1.23157486e-02 1.10095844e-02
 7.45313728e-03 2.08255950e-03 2.86424069e-03 1.45715567e-02
 1.10457715e-02 8.41502754e-03 1.15603892e-02 2.00855734e-02
 7.00057843e-03 2.00026561e-02 9.76758910e-04 1.12698017e-02
 1.68198886e-03 3.52719238e-03 3.26738291e-05 4.26197379e-03
 2.90022227e-03 7.90669007e-03 1.82864731e-02 5.17212954e-03
 1.03854834e-02 1.15065571e-02 6.52044646e-03 8.34158735e-03
 4.03656683e-03 1.42284298e-02 2.08884816e-03 1.19314077e-02
 1.65162778e-02 4.99863653e-03 9.58969182e-04 1.36614260e-02
 1.19617411e-02 2.29708248e-02 7.21385553e-03 9.51537519e-03
 1.74595006e-02 4.48843455e-03 8.78834045e-03 9.30588451e-03
 1.80227268e-02 1.37516317e-02]","[0.52614458 0.2085779  0.68679691 0.03806421 0.07293298 0.15606774
 0.30261219 0.17242782 0.65800019 0.10247961 0.04380496 0.18492262
 0.49862713 0.0721475  0.11383746 0.05015133 0.16732101 0.04207988
 0.12859666 0.05514916 0.61451401 0.02574633 0.20071859 0.04570351
 0.32779366 0.7689342  0.22281954 0.0182413  0.37411074 0.39000975
 0.10838594 0.05647571 0.21411958 0.17818819 0.20514363 0.63583693
 0.30395473 0.84706781 0.3907092  0.24213574 0.23290664 0.16767765
 0.69236698 0.21268387 0.6169472  0.45704722 0.30591962 0.40006495
 0.11354608 0.13741088]","[-1.36017799e-04  1.31368637e-04  9.52482224e-05  1.06096268e-05
 -1.03950500e-04  5.30481339e-05 -9.73939896e-05  1.61767006e-04
  4.18424606e-05  1.33872032e-04  4.93645668e-04 -1.50203705e-05
 -9.46521759e-05  3.56316566e-04 -8.10623169e-05 -5.69820404e-05
  2.40206718e-04  3.33428383e-04 -5.01871109e-05  5.24520874e-06
  3.71932983e-04  1.98602676e-04  2.10523605e-04  1.65104866e-04
  3.11017036e-04 -3.62396240e-05 -5.69820404e-05  1.26004219e-04
 -5.62667847e-05  2.69174576e-04  3.20792198e-04  3.12566757e-04
 -1.00493431e-04 -1.05619431e-04 -5.31673431e-05 -2.08616257e-05
 -1.26481056e-04 -1.30653381e-04  3.90052795e-04 -2.12192535e-05
 -8.80956650e-05  6.13927841e-05 -1.64866447e-04 -7.86781311e-05
 -3.62396240e-05 -2.18153000e-05  3.93748283e-04  1.62124634e-05
 -1.42335892e-04  2.16960907e-05]","[-6.77108765e-05  1.83463097e-04 -1.55329704e-04  5.04255295e-05
 -9.32216644e-05 -1.59621239e-04  1.28388405e-04  3.99589539e-04
  2.43782997e-04  2.98738480e-04  5.81741333e-04 -3.93390656e-06
  1.08957291e-04 -1.24096870e-04  9.60826874e-05  1.43051147e-06
 -1.91807747e-04  1.04188919e-04  1.10507011e-04 -1.66654587e-04
  2.15649605e-04  7.79151917e-04  6.00814819e-05  6.48498535e-04
 -1.08957291e-04 -1.41143799e-04 -1.18374825e-04  5.30004501e-04
 -1.24931335e-04 -1.39474869e-04  4.26650047e-04  6.04391098e-05
 -1.21116638e-04 -2.86102295e-05 -8.48770142e-05 -1.50084496e-04
 -6.74724579e-05 -1.15394592e-04  5.23328781e-05  3.57627869e-07
  5.60283661e-06  2.67028809e-05 -1.08480453e-04  2.73823738e-04
 -9.41753387e-05 -8.15391541e-05  3.68237495e-04 -3.05175781e-05
 -1.05381012e-04  1.88708305e-04]","[0.01066777 0.01795312 0.01593675 0.01513782 0.01151014 0.01540457
 0.01242733 0.01760979 0.01536    0.01646558 0.02250925 0.01537401
 0.01022442 0.02146483 0.01439818 0.01293158 0.02044278 0.02012721
 0.01413144 0.01426557 0.01975315 0.01889405 0.01973176 0.01801307
 0.02144103 0.01397931 0.01401603 0.01668182 0.01253242 0.01920532
 0.01973886 0.01993155 0.01165025 0.00875753 0.01498564 0.01401641
 0.01136205 0.00993392 0.02215511 0.01499507 0.01315846 0.01715197
 0.01140815 0.01198987 0.01372872 0.01572315 0.02125137 0.0153861
 0.01116177 0.01445041]","[0.00971324 0.01502285 0.00723725 0.01099068 0.00843118 0.00715198
 0.01541433 0.02016542 0.01644374 0.01498823 0.02045607 0.01241267
 0.01412385 0.00723522 0.01439995 0.01056248 0.0064524  0.01177596
 0.01328476 0.00827057 0.01422202 0.02644454 0.01310464 0.0217129
 0.00820933 0.00629706 0.00868845 0.02364795 0.00709746 0.00704967
 0.02141047 0.01096073 0.00778741 0.01014443 0.0100332  0.00607415
 0.01074419 0.00771559 0.01177822 0.01179514 0.01350415 0.01109227
 0.00936673 0.01869335 0.00927365 0.00995133 0.01536779 0.00964248
 0.00934146 0.01597636]",0.47184364503273635,0.447264071588807,0.2659454030219304,0.2726899973667932,0.4685151557715694,0.43438795068560604,0.26219657254194856,0.2785924265113108,0.002168541739302747,0.002033234351352359,0.0006774112896375466,0.0007941293343425841,0.03762072178184987,0.02364478725492955,0.003367478491496355,0.005129157828455032,6.70027732849121e-05,6.721258163452149e-05,0.0001764815184228721,0.00023202257421933768,0.01563052889903042,0.012233199381192338,0.0035949833080812428,0.004863401944937123
df2,0.12,1.0,0.0,0.0,1.12,0.0,1.0,"[0.61225166 0.84163603 0.41323244 0.69212796 0.45963725 0.55967522
 0.32916807 0.77002924 0.31007573 0.31007573 0.48382277 0.31007573
 0.27423335 0.1200888  0.14969106 0.39108739 0.74453538 0.41323244
 0.90235528 0.32916807 0.97808957 0.66552932 0.8633028  0.3490397
 0.21173982 0.31007573 0.53390728 0.81875363 0.22624166 0.58582128
 0.36968362 0.139232   0.63886042 0.00238884 0.93482727 0.69212796
 0.94837208 0.96007647 0.63886042 0.17249627 0.08151459 0.39108739
 0.25747545 0.50859953 0.08151459 0.77002924 0.91946676 0.58582128
 0.74453538 0.19796045]","[0.90235528 0.71851426 0.31007573 0.71851426 0.19796045 0.41323244
 0.55967522 0.55967522 0.17249627 0.03809482 0.45963725 0.74453538
 0.31007573 0.63886042 0.21173982 0.48382277 0.90235528 0.39108739
 0.66552932 0.32916807 0.84163603 0.39108739 0.8633028  0.50859953
 0.25747545 0.09546732 0.88359176 0.53390728 0.21173982 0.3490397
 0.12937218 0.48382277 0.93482727 0.02903392 0.45963725 0.66552932
 0.94837208 0.8633028  0.66552932 0.31007573 0.18488568 0.84163603
 0.25747545 0.58582128 0.02646763 0.61225166 0.66552932 0.48382277
 0.93482727 0.24148215]","[0.61225166 0.84163603 0.41323244 0.69212796 0.45963725 0.55967522
 0.32916807 0.77002924 0.31007573 0.31007573 0.48382277 0.31007573
 0.27423335 0.1200888  0.14969106 0.39108739 0.74453538 0.41323244
 0.90235528 0.32916807 0.97808957 0.66552932 0.8633028  0.3490397
 0.21173982 0.31007573 0.53390728 0.81875363 0.22624166 0.58582128
 0.36968362 0.139232   0.63886042 0.00238884 0.93482727 0.69212796
 0.94837208 0.96007647 0.63886042 0.17249627 0.08151459 0.39108739
 0.25747545 0.50859953 0.08151459 0.77002924 0.91946676 0.58582128
 0.74453538 0.19796045]","[0.90235528 0.71851426 0.31007573 0.71851426 0.19796045 0.41323244
 0.55967522 0.55967522 0.17249627 0.03809482 0.45963725 0.74453538
 0.31007573 0.63886042 0.21173982 0.48382277 0.90235528 0.39108739
 0.66552932 0.32916807 0.84163603 0.39108739 0.8633028  0.50859953
 0.25747545 0.09546732 0.88359176 0.53390728 0.21173982 0.3490397
 0.12937218 0.48382277 0.93482727 0.02903392 0.45963725 0.66552932
 0.94837208 0.8633028  0.66552932 0.31007573 0.18488568 0.84163603
 0.25747545 0.58582128 0.02646763 0.61225166 0.66552932 0.48382277
 0.93482727 0.24148215]","[0.53720653 0.76581543 0.32399828 0.58314781 0.5148386  0.31134215
 0.66057701 0.87757657 0.19313758 0.11587489 0.4374399  0.28610446
 0.30383366 0.17388035 0.22177511 0.35552303 0.55924594 0.46070369
 0.981742   0.29527565 0.98795659 0.34611179 0.68256628 0.65224541
 0.27581357 0.23252379 0.63378938 0.63929303 0.15020893 0.25497234
 0.42094095 0.18733755 0.60231279 0.00155839 0.94738672 0.62666509
 0.86860925 0.93645814 0.46950764 0.25505378 0.0669078  0.52816513
 0.18370155 0.46036232 0.08165732 0.83439702 0.73874258 0.46479501
 0.83059239 0.2572192 ]","[0.64195453 0.75049982 0.37262943 0.60501209 0.30031286 0.52466141
 0.67392085 0.72193481 0.26561574 0.01048115 0.31133286 0.61175358
 0.18271718 0.31626175 0.26058908 0.53887819 0.65706962 0.4795678
 0.64637907 0.1138755  0.83655152 0.47192427 0.77167129 0.47784758
 0.17297768 0.06953218 0.83226381 0.41697739 0.15540009 0.20023004
 0.05005722 0.64638723 0.87907507 0.01783944 0.45940292 0.60286715
 0.88665752 0.86660295 0.57356095 0.32658622 0.22740416 0.69722262
 0.13338277 0.56381608 0.01317619 0.73615177 0.686727   0.44851507
 0.82422164 0.11020079]","[2.50000000e-03 2.50000000e-03 2.22513742e-03 2.50000000e-03
 2.50000000e-03 2.50000000e-03 2.50000000e-03 2.50000000e-03
 1.67829290e-03 1.30406251e-03 2.50000000e-03 2.50000000e-03
 2.10160706e-03 1.61709845e-03 2.36361880e-03 2.50000000e-03
 2.50000000e-03 2.50000000e-03 2.50000000e-03 2.50000000e-03
 2.50000000e-03 2.50000000e-03 2.50000000e-03 2.50000000e-03
 2.44656041e-03 2.50000000e-03 2.50000000e-03 2.50000000e-03
 1.18505703e-03 2.50000000e-03 2.50000000e-03 2.41167521e-03
 2.50000000e-03 1.65715611e-05 2.50000000e-03 2.50000000e-03
 2.50000000e-03 2.50000000e-03 2.50000000e-03 2.18985519e-03
 1.05462442e-03 2.50000000e-03 2.36122023e-03 2.50000000e-03
 8.59336686e-04 2.50000000e-03 2.50000000e-03 2.50000000e-03
 2.50000000e-03 2.24181796e-03]","[2.50000000e-03 2.50000000e-03 2.07204495e-03 2.50000000e-03
 1.69229421e-03 2.50000000e-03 2.50000000e-03 2.50000000e-03
 2.37877377e-03 9.95315605e-05 2.50000000e-03 2.50000000e-03
 1.10945160e-03 2.01243700e-03 2.27224417e-03 2.50000000e-03
 2.50000000e-03 2.50000000e-03 2.50000000e-03 1.14090065e-03
 2.50000000e-03 2.50000000e-03 2.50000000e-03 2.50000000e-03
 1.35070636e-03 7.79383296e-04 2.50000000e-03 2.50000000e-03
 8.94835513e-04 2.01197843e-03 6.78331829e-04 2.50000000e-03
 2.50000000e-03 1.19742920e-04 2.50000000e-03 2.50000000e-03
 2.50000000e-03 2.50000000e-03 2.50000000e-03 2.50000000e-03
 2.50000000e-03 2.50000000e-03 1.93519092e-03 2.50000000e-03
 1.77770590e-04 2.50000000e-03 2.50000000e-03 2.50000000e-03
 2.50000000e-03 9.81815880e-04]","[0.03269746 0.03631057 0.03317308 0.03848392 0.03169823 0.04392082
 0.03710501 0.03861766 0.03385741 0.03411796 0.03558098 0.03766397
 0.03604141 0.03977631 0.0399085  0.03868154 0.03949731 0.03622778
 0.03946849 0.0402017  0.03422312 0.0351251  0.03652011 0.03841505
 0.03359095 0.03451826 0.03672907 0.03681875 0.03716567 0.03699285
 0.03495624 0.04071494 0.034343   0.04007118 0.03280724 0.03484695
 0.03134275 0.03403859 0.03379987 0.0355403  0.03637428 0.03461358
 0.03439013 0.03604892 0.03744415 0.03704458 0.03461636 0.03264856
 0.04107904 0.03436255]","[0.02285419 0.02292438 0.02840574 0.01256316 0.03001952 0.0413985
 0.01917049 0.02029201 0.02667754 0.01145455 0.03040676 0.02117121
 0.02995901 0.03296631 0.03410458 0.03347414 0.0289125  0.02680417
 0.0169561  0.01430083 0.02688789 0.02671438 0.02763676 0.02596936
 0.02907707 0.02098194 0.02347155 0.0254009  0.02608729 0.02284559
 0.01898051 0.03379217 0.02683433 0.03980068 0.02920145 0.02470896
 0.01673466 0.02986424 0.01879497 0.02784889 0.01667237 0.03587807
 0.02171942 0.02305163 0.01823257 0.02323014 0.0296841  0.0445235
 0.03173678 0.0173841 ]","[0.02716851 0.00999312 0.02395985 0.00520644 0.03517009 0.00086329
 0.00790863 0.00499549 0.01993284 0.0185658  0.01233311 0.00668808
 0.01080502 0.00347027 0.0033267  0.00489753 0.00379216 0.01023675
 0.00382694 0.00302762 0.01803821 0.01403539 0.00939977 0.00531821
 0.02142298 0.01662837 0.00884003 0.00860923 0.00776701 0.00817671
 0.01471772 0.00256309 0.01745314 0.00315756 0.02639595 0.01517505
 0.03847855 0.01897307 0.02024654 0.01247704 0.00980922 0.01619459
 0.01722785 0.01078157 0.00714595 0.00805207 0.01618205 0.027519
 0.00227453 0.01735938]","[2.43371754e-01 2.40268782e-01 7.77998384e-02 9.06399746e-01
 5.32958776e-02 2.04642859e-03 4.48715071e-01 3.77461793e-01
 1.13980899e-01 9.52835060e-01 4.85201453e-02 3.26850835e-01
 5.40775883e-02 2.53110060e-02 1.86339164e-02 2.21068566e-02
 6.92415339e-02 1.10926234e-01 6.07021424e-01 8.02415043e-01
 1.08944082e-01 1.13085289e-01 9.24838835e-02 1.32365057e-01
 6.66405538e-02 3.37342483e-01 2.17085877e-01 1.48806725e-01
 1.29146178e-01 2.43753814e-01 4.61475693e-01 2.02888661e-02
 1.10208861e-01 3.44337852e-03 6.47303836e-02 1.70991326e-01
 6.23654469e-01 5.53217655e-02 4.74116359e-01 8.82183745e-02
 6.28343482e-01 1.13263263e-02 2.97724855e-01 2.34718340e-01
 5.13429470e-01 2.27095281e-01 5.77545530e-02 6.97132224e-04
 3.48267539e-02 5.75119990e-01]","[ 1.38044357e-04 -4.18424606e-05  2.26020813e-04  5.53250313e-04
  1.08361244e-04  8.82267952e-04 -5.53131104e-05 -6.25848770e-05
  2.08258629e-04 -1.11579895e-04  2.37703323e-04  3.66806984e-04
 -1.07169151e-04 -1.09910965e-04  2.54511833e-04  1.64866447e-04
  1.38998032e-04  7.61747360e-05 -3.67164612e-05  1.75476074e-04
  1.45077705e-04 -1.70469284e-04  6.23464584e-05 -2.57492065e-05
  1.48892403e-04  3.67164612e-05 -2.45571136e-05 -5.20944595e-05
  1.33156776e-04  3.42130661e-05 -6.63995743e-05  8.22544098e-05
 -6.54459000e-05  4.56809998e-04  1.96695328e-05  3.18288803e-04
 -4.87565994e-05 -7.55786896e-05  3.58343124e-04 -1.63316727e-05
  2.79903412e-04  4.23908234e-04  1.87158585e-05 -1.56760216e-04
 -4.73260880e-05 -1.06692314e-04 -1.02639198e-04  3.40700150e-04
  6.07967377e-06  3.80992889e-04]","[-1.60217285e-04  4.62532043e-05  1.96695328e-04 -4.41074371e-06
 -2.71797180e-05  9.85860825e-04  1.16467476e-04 -1.15633011e-05
 -7.65323639e-05 -2.00748444e-04  3.85046005e-04 -3.99351120e-05
  1.21712685e-04 -6.77108765e-05  5.33699989e-04  6.14047050e-04
  5.01751900e-04 -1.10268593e-04 -1.63316727e-05 -1.46031380e-04
 -1.48534775e-04  2.19345093e-05  2.44975090e-04  1.92761421e-04
  2.29120255e-04  1.69515610e-04  9.54866409e-05  1.47819519e-05
 -1.44124031e-04  1.42812729e-04 -1.24931335e-04  4.07814980e-04
 -1.19328499e-04  8.55565071e-04 -5.47170639e-05  5.93900681e-04
  1.65700912e-05 -1.15275383e-04  1.27792358e-04  2.44379044e-05
 -1.49250031e-04  1.19149685e-03  2.17556953e-04 -6.56843185e-05
 -1.69634819e-04  9.84668732e-05 -2.80141830e-05  5.14864922e-04
  4.66942787e-04  9.77516174e-05]","[0.01736766 0.01493024 0.0186483  0.02228889 0.01766208 0.0269061
 0.01357278 0.01418677 0.01809928 0.01158733 0.01983034 0.01975028
 0.01139411 0.01242658 0.01938351 0.01758589 0.01748609 0.01732883
 0.01511165 0.01786981 0.01757074 0.00969655 0.01542141 0.01482008
 0.01944718 0.01457553 0.01495563 0.01552344 0.01736416 0.01621621
 0.01271528 0.01715223 0.01356379 0.02071959 0.01615752 0.01909419
 0.01395191 0.01344549 0.02071758 0.01556453 0.01923201 0.0228446
 0.01377942 0.0083291  0.013361   0.01221555 0.01149767 0.02120394
 0.0139705  0.02008443]","[0.00609465 0.01294123 0.01366898 0.01058659 0.01169862 0.02850906
 0.01544612 0.01134616 0.00869428 0.00389606 0.0187793  0.00920294
 0.01352457 0.01017426 0.02301138 0.02329944 0.02307804 0.00711525
 0.01083279 0.00645305 0.0077944  0.01316777 0.01589344 0.01609089
 0.01473532 0.01697348 0.01446737 0.01304171 0.00794543 0.01680433
 0.00746412 0.02054156 0.00769408 0.02615977 0.00928966 0.02294118
 0.01301088 0.00849331 0.01349339 0.01254995 0.00618105 0.03013241
 0.01424467 0.00900721 0.00548523 0.01354384 0.01187527 0.01709721
 0.01844931 0.01207694]",0.4998726078937624,0.49973908662725497,0.2748031713416717,0.2734635626705618,0.47153780752642566,0.4628135580356128,0.26789492684976046,0.26610233947575407,0.0022711307166533396,0.002084148673273235,0.0005227270740398185,0.0007302932720543562,0.03628424526691438,0.025771239255368707,0.002695414999575414,0.0071024949837056066,0.00010585784912109375,0.0001449131965637207,0.0002102398405320744,0.00031157969595329036,0.016372155405451713,0.013699958458976987,0.0036056171287739483,0.006092943638444268
df2,0.14,1.0,0.0,0.0,1.1400000000000001,0.0,1.0,"[0.55967522 0.00585634 0.90235528 0.41323244 0.00992823 0.19796045
 0.88359176 0.06383124 0.21173982 0.22624166 0.58582128 0.63886042
 0.22624166 0.07520917 0.91946676 0.27423335 0.55967522 0.00725489
 0.63886042 0.43609338 0.66552932 0.16077182 0.94837208 0.36968362
 0.99589898 0.17249627 0.61225166 0.91946676 0.58582128 0.93482727
 0.71851426 0.39108739 0.25747545 0.8633028  0.48382277 0.61225166
 0.43609338 0.29176485 0.50859953 0.18488568 0.48382277 0.03809482
 0.63886042 0.79482654 0.55967522 0.66552932 0.29176485 0.50859953
 0.58582128 0.21173982]","[4.95346404e-02 7.11507895e-04 8.41636027e-01 4.36093382e-01
 8.82599083e-02 8.15145929e-02 6.65529322e-01 4.36093382e-01
 1.29372179e-01 1.97960446e-01 7.18514257e-01 9.19466758e-01
 4.59637254e-01 3.91087390e-01 9.97650926e-01 1.72496272e-01
 7.44535382e-01 1.45688880e-04 9.48372085e-01 4.83822766e-01
 4.83822766e-01 3.80948244e-02 7.70029237e-01 5.85821277e-01
 7.70029237e-01 9.54673207e-02 2.74233349e-01 4.36093382e-01
 6.38860419e-01 9.48372085e-01 6.12251659e-01 1.60771824e-01
 3.29168072e-01 3.29168072e-01 2.57475452e-01 3.91087390e-01
 1.20088801e-01 6.12251659e-01 6.65529322e-01 1.60771824e-01
 3.69683622e-01 1.97960446e-01 9.19466758e-01 5.59675216e-01
 4.59637254e-01 6.65529322e-01 2.26241661e-01 9.78089566e-01
 2.57475452e-01 4.95346404e-02]","[0.55967522 0.00585634 0.90235528 0.41323244 0.00992823 0.19796045
 0.88359176 0.06383124 0.21173982 0.22624166 0.58582128 0.63886042
 0.22624166 0.07520917 0.91946676 0.27423335 0.55967522 0.00725489
 0.63886042 0.43609338 0.66552932 0.16077182 0.94837208 0.36968362
 0.99589898 0.17249627 0.61225166 0.91946676 0.58582128 0.93482727
 0.71851426 0.39108739 0.25747545 0.8633028  0.48382277 0.61225166
 0.43609338 0.29176485 0.50859953 0.18488568 0.48382277 0.03809482
 0.63886042 0.79482654 0.55967522 0.66552932 0.29176485 0.50859953
 0.58582128 0.21173982]","[4.95346404e-02 7.11507895e-04 8.41636027e-01 4.36093382e-01
 8.82599083e-02 8.15145929e-02 6.65529322e-01 4.36093382e-01
 1.29372179e-01 1.97960446e-01 7.18514257e-01 9.19466758e-01
 4.59637254e-01 3.91087390e-01 9.97650926e-01 1.72496272e-01
 7.44535382e-01 1.45688880e-04 9.48372085e-01 4.83822766e-01
 4.83822766e-01 3.80948244e-02 7.70029237e-01 5.85821277e-01
 7.70029237e-01 9.54673207e-02 2.74233349e-01 4.36093382e-01
 6.38860419e-01 9.48372085e-01 6.12251659e-01 1.60771824e-01
 3.29168072e-01 3.29168072e-01 2.57475452e-01 3.91087390e-01
 1.20088801e-01 6.12251659e-01 6.65529322e-01 1.60771824e-01
 3.69683622e-01 1.97960446e-01 9.19466758e-01 5.59675216e-01
 4.59637254e-01 6.65529322e-01 2.26241661e-01 9.78089566e-01
 2.57475452e-01 4.95346404e-02]","[0.37614782 0.00129589 0.96700963 0.27454775 0.02958034 0.07810748
 0.82976093 0.07107668 0.14598043 0.12487269 0.71833644 0.67734949
 0.2709958  0.21740939 0.99467377 0.22856134 0.57556965 0.00893191
 0.51367471 0.26895766 0.71879688 0.08177972 0.78350313 0.34077884
 0.99269291 0.11137678 0.46560217 0.980804   0.5527456  0.89631272
 0.75163348 0.40544539 0.34981552 0.67781356 0.26933217 0.52674696
 0.57344637 0.3026622  0.34243302 0.05583941 0.51771094 0.02691943
 0.62060554 0.57292865 0.40886384 0.67073471 0.29891577 0.53794417
 0.64942703 0.13441314]","[4.40167315e-02 3.13274068e-04 9.09067766e-01 4.16190819e-01
 4.59888188e-02 4.97156797e-02 6.07474532e-01 3.80570515e-01
 1.85713302e-01 1.75429437e-01 6.05546164e-01 9.97709025e-01
 3.62489507e-01 3.03569845e-01 9.98944017e-01 1.34581654e-01
 7.70234690e-01 2.93125943e-04 9.78573426e-01 2.61654876e-01
 5.87258047e-01 7.42000504e-02 7.69742232e-01 2.60524413e-01
 8.50136784e-01 1.84776675e-01 1.96982301e-01 7.03111484e-01
 4.66201364e-01 9.04726235e-01 6.56870811e-01 2.15474487e-01
 3.74257495e-01 3.71196715e-01 2.71942858e-01 2.66920409e-01
 1.69499381e-01 5.96046525e-01 8.04808746e-01 8.23946457e-02
 2.96977804e-01 1.61105072e-01 9.61490486e-01 3.88206452e-01
 4.42265501e-01 4.87520326e-01 2.57589922e-01 9.53542650e-01
 3.15729586e-01 4.68413114e-02]","[2.50000000e-03 1.36606627e-05 2.50000000e-03 2.50000000e-03
 4.71813097e-04 9.12390023e-04 2.50000000e-03 1.11165821e-03
 1.07997513e-03 1.41917576e-03 2.50000000e-03 2.50000000e-03
 2.50000000e-03 2.50000000e-03 2.50000000e-03 2.50000000e-03
 2.50000000e-03 1.00953251e-04 2.50000000e-03 2.17683230e-03
 2.50000000e-03 9.04134836e-04 2.50000000e-03 2.50000000e-03
 2.50000000e-03 1.41421786e-03 2.50000000e-03 2.50000000e-03
 2.50000000e-03 2.50000000e-03 2.50000000e-03 2.50000000e-03
 2.50000000e-03 2.50000000e-03 2.50000000e-03 2.50000000e-03
 2.50000000e-03 2.50000000e-03 2.50000000e-03 3.56979656e-04
 2.50000000e-03 3.02349010e-04 2.50000000e-03 2.50000000e-03
 2.50000000e-03 2.50000000e-03 2.50000000e-03 2.50000000e-03
 2.50000000e-03 1.39719452e-03]","[3.39968271e-04 1.00000000e-05 2.50000000e-03 2.50000000e-03
 6.63823709e-04 5.82363823e-04 2.50000000e-03 2.50000000e-03
 1.35326931e-03 1.41917085e-03 2.50000000e-03 2.50000000e-03
 2.50000000e-03 2.50000000e-03 2.50000000e-03 1.74888692e-03
 2.50000000e-03 1.00000000e-05 2.50000000e-03 2.50000000e-03
 2.50000000e-03 9.72010672e-04 2.50000000e-03 2.22704164e-03
 2.50000000e-03 2.50000000e-03 1.69167683e-03 2.50000000e-03
 2.50000000e-03 2.50000000e-03 2.50000000e-03 1.68380334e-03
 2.50000000e-03 2.50000000e-03 2.50000000e-03 1.60964066e-03
 2.50000000e-03 2.50000000e-03 2.50000000e-03 4.81262007e-04
 2.50000000e-03 1.66956422e-03 2.50000000e-03 2.50000000e-03
 2.50000000e-03 2.50000000e-03 2.50000000e-03 2.50000000e-03
 2.50000000e-03 5.84344945e-04]","[0.03692371 0.04404732 0.03722662 0.03684168 0.03259892 0.0419555
 0.03380099 0.03996082 0.03850227 0.03503146 0.04165295 0.03939945
 0.03103885 0.03651319 0.03461751 0.03560906 0.03718234 0.03647173
 0.03333718 0.0336802  0.03405501 0.0377184  0.03609713 0.0333751
 0.03509516 0.03515015 0.03466473 0.03575376 0.03976136 0.03513545
 0.0380681  0.03616465 0.03413429 0.04151159 0.03470402 0.03154198
 0.03544157 0.04442785 0.03533375 0.03706707 0.03983982 0.03584588
 0.03262808 0.0358448  0.03938071 0.03664625 0.04129139 0.03691653
 0.03947964 0.03853681]","[0.01737413 0.03102061 0.02535828 0.02791773 0.02179925 0.01532307
 0.02182213 0.01750245 0.02797077 0.01960412 0.01766102 0.0212952
 0.02931215 0.02647485 0.02320632 0.01807013 0.01664627 0.02276622
 0.02385618 0.02474913 0.03396222 0.02732522 0.02983908 0.01893485
 0.0247427  0.02154616 0.03681183 0.02056493 0.03538334 0.03087751
 0.02078363 0.02347134 0.01747232 0.02936492 0.02030095 0.02257696
 0.01952003 0.03336979 0.02974788 0.04270422 0.02576687 0.02628874
 0.01649736 0.03309899 0.04337888 0.02004614 0.01806216 0.01935098
 0.03887296 0.02058758]","[0.00834606 0.00082561 0.00762703 0.0085511  0.0278789  0.00169874
 0.02024041 0.00327141 0.00517702 0.01441016 0.00188013 0.00391144
 0.04151933 0.00941884 0.0161769  0.01223462 0.00772849 0.00953384
 0.02293347 0.02091315 0.0188882  0.00657891 0.01063222 0.02270191
 0.01415427 0.01393664 0.01596601 0.01173819 0.00348685 0.01399452
 0.00591546 0.01042615 0.01848299 0.0019709  0.01579238 0.03659238
 0.01283277 0.00072133 0.01323167 0.0079984  0.00340059 0.01143172
 0.02766701 0.01143527 0.00393467 0.00905816 0.00212043 0.00836382
 0.00381346 0.00512206]","[0.57585808 0.04170829 0.150103   0.08686998 0.2936403  0.72953887
 0.29247723 0.56637483 0.08584298 0.42031523 0.55472152 0.32009867
 0.06306982 0.11901441 0.22810141 0.52504024 0.63030888 0.24730269
 0.20183762 0.16963563 0.0193725  0.09906009 0.05565616 0.46457063
 0.16985212 0.30672672 0.00862684 0.36124242 0.01304682 0.04321712
 0.34857378 0.21709418 0.56859761 0.06229119 0.37692346 0.25591946
 0.42574117 0.02273417 0.05688296 0.00131741 0.13804368 0.12379527
 0.64153428 0.02443644 0.00104367 0.39245862 0.52561309 0.43676923
 0.00461443 0.35991641]","[ 1.53660774e-04  5.77449799e-04 -9.13143158e-05  3.09944153e-06
  9.75131989e-05  3.05891037e-04 -6.18696213e-05  1.32608414e-03
 -5.86509705e-05  3.99470329e-04  2.57611275e-04  5.25712967e-05
 -1.54972076e-04 -1.91926956e-05 -1.35421753e-04  1.89304352e-04
  1.12175941e-04 -4.78029251e-05  9.40561295e-05  1.89661980e-04
  5.09023666e-04 -4.66108322e-05 -1.70469284e-05 -5.42402267e-05
 -6.80685043e-05  1.13010406e-04  9.26256180e-05 -7.95125961e-05
 -9.05990601e-05  7.11917877e-04  2.48789787e-04  6.19888306e-05
 -1.12175941e-04 -7.12871552e-05 -7.51018524e-05  7.05718994e-05
  8.56280327e-04  4.03881073e-04  7.65323639e-05  1.16479397e-03
 -8.45193863e-05  1.30653381e-04 -3.68356705e-05  2.08258629e-04
  2.57968903e-04  9.79900360e-05  7.08937645e-04 -9.23871994e-05
  2.80141830e-05  7.43865967e-05]","[ 3.26633453e-05  2.33650208e-04  6.22272491e-05  1.09076500e-04
 -1.28626823e-04 -5.00679016e-05 -5.62667847e-05  9.21487808e-05
  1.94311142e-05 -5.91278076e-05 -9.65595245e-05 -1.06453896e-04
 -4.19616699e-05  9.40561295e-05 -8.20159912e-05 -1.18374825e-04
  8.08238983e-05 -1.06453896e-04 -6.56843185e-05  3.20911407e-04
  9.60826874e-04  1.38282776e-05  2.09093094e-04 -1.50084496e-04
 -1.03950500e-04 -4.85181808e-05  8.79764557e-05 -2.87294388e-05
  1.10387802e-04  1.15740299e-03 -1.33275986e-04  1.41143799e-04
 -9.60826874e-05 -5.51939011e-05  4.02927399e-05  2.93016434e-04
  4.47273254e-04  5.86271286e-04  7.02142715e-05  2.04932690e-03
 -1.28984451e-04 -1.24216080e-04  8.59498978e-05  4.33206558e-04
  7.13467598e-04  8.91685486e-05  1.34825706e-04 -1.80006027e-04
  2.25067139e-04 -4.74452972e-05]","[0.01707691 0.02370513 0.01279309 0.01479149 0.01689337 0.0215082
 0.01442368 0.02884598 0.01373987 0.0209771  0.01969042 0.01592763
 0.00941945 0.01462886 0.01197134 0.01875664 0.01667971 0.01508012
 0.01759928 0.0171224  0.02233445 0.01442771 0.01381397 0.01235201
 0.0143147  0.01833184 0.01625686 0.01191544 0.01225002 0.02444341
 0.0190568  0.01790545 0.01179592 0.01352041 0.01217358 0.01492405
 0.02679253 0.0208756  0.01711537 0.02892425 0.01384429 0.01887393
 0.01427944 0.01940921 0.01816533 0.01690748 0.02498242 0.01246271
 0.01508006 0.0175656 ]","[0.01078816 0.0140287  0.0118697  0.01348338 0.00846767 0.00962154
 0.01203678 0.0117524  0.01371956 0.00994095 0.00962911 0.0079782
 0.01060117 0.01372838 0.00958046 0.00887036 0.01311812 0.00899332
 0.01026396 0.01865998 0.02400947 0.01279024 0.01575931 0.00669905
 0.00836947 0.0089433  0.01206278 0.00965403 0.01435596 0.02750981
 0.0079159  0.01347259 0.00836507 0.0105615  0.0126754  0.01771954
 0.01648069 0.02164357 0.0145217  0.03620476 0.00859193 0.00811762
 0.01412201 0.01865288 0.02192484 0.01262915 0.01334755 0.00615206
 0.01599855 0.01143873]",0.4745556069609348,0.4425023214352801,0.28513274230580454,0.29827649635892156,0.43981727688375044,0.42692835949056024,0.2920978759411572,0.3086865211466021,0.0020832266865110434,0.0020409365440584733,0.0007754792174965633,0.000776982935178956,0.03676005506634712,0.025019611331224437,0.0030243588194400458,0.0069114907863511935,0.0001635313034057617,0.00013771295547485352,0.00032234575712760907,0.00038944046994109516,0.017134510220428792,0.013156427644764634,0.004485555655874629,0.0055821685057500375
df2,0.16,1.0,0.0,0.0,1.16,0.0,1.0,"[0.02646763 0.94837208 0.21173982 0.45963725 0.43609338 0.27423335
 0.90235528 0.94837208 0.02903392 0.71851426 0.77002924 0.71851426
 0.03809482 0.48382277 0.45963725 0.21173982 0.69212796 0.08151459
 0.06932183 0.58582128 0.17249627 0.98457739 0.08151459 0.45963725
 0.32916807 0.90235528 0.39108739 0.79482654 0.1200888  0.53390728
 0.10315938 0.0539576  0.48382277 0.29176485 0.98457739 0.36968362
 0.18488568 0.45963725 0.53390728 0.84163603 0.81875363 0.27423335
 0.48382277 0.66552932 0.66552932 0.79482654 0.77002924 0.79482654
 0.97808957 0.43609338]","[0.07520917 0.61225166 0.3490397  0.25747545 0.14969106 0.24148215
 0.29176485 0.94837208 0.06383124 0.22624166 0.79482654 0.0539576
 0.00992823 0.29176485 0.93482727 0.31007573 0.74453538 0.07520917
 0.01993114 0.18488568 0.03483221 0.63886042 0.63886042 0.41323244
 0.29176485 0.27423335 0.63886042 0.88359176 0.24148215 0.32916807
 0.17249627 0.04953464 0.17249627 0.58582128 0.50859953 0.24148215
 0.139232   0.06932183 0.36968362 0.74453538 0.88359176 0.21173982
 0.53390728 0.29176485 0.14969106 0.45963725 0.50859953 0.19796045
 0.58582128 0.81875363]","[0.02646763 0.94837208 0.21173982 0.45963725 0.43609338 0.27423335
 0.90235528 0.94837208 0.02903392 0.71851426 0.77002924 0.71851426
 0.03809482 0.48382277 0.45963725 0.21173982 0.69212796 0.08151459
 0.06932183 0.58582128 0.17249627 0.98457739 0.08151459 0.45963725
 0.32916807 0.90235528 0.39108739 0.79482654 0.1200888  0.53390728
 0.10315938 0.0539576  0.48382277 0.29176485 0.98457739 0.36968362
 0.18488568 0.45963725 0.53390728 0.84163603 0.81875363 0.27423335
 0.48382277 0.66552932 0.66552932 0.79482654 0.77002924 0.79482654
 0.97808957 0.43609338]","[0.07520917 0.61225166 0.3490397  0.25747545 0.14969106 0.24148215
 0.29176485 0.94837208 0.06383124 0.22624166 0.79482654 0.0539576
 0.00992823 0.29176485 0.93482727 0.31007573 0.74453538 0.07520917
 0.01993114 0.18488568 0.03483221 0.63886042 0.63886042 0.41323244
 0.29176485 0.27423335 0.63886042 0.88359176 0.24148215 0.32916807
 0.17249627 0.04953464 0.17249627 0.58582128 0.50859953 0.24148215
 0.139232   0.06932183 0.36968362 0.74453538 0.88359176 0.21173982
 0.53390728 0.29176485 0.14969106 0.45963725 0.50859953 0.19796045
 0.58582128 0.81875363]","[0.00816555 0.94273217 0.23221101 0.56122176 0.28703709 0.30430997
 0.87812199 0.93466193 0.05179547 0.43704572 0.69313875 0.66725719
 0.02159311 0.60533565 0.56604989 0.30842498 0.61317069 0.15431236
 0.03003224 0.45651041 0.07737865 0.92815417 0.05871909 0.50724646
 0.55409891 0.92364109 0.3576313  0.87092945 0.18785091 0.40739395
 0.0401654  0.13891327 0.43831842 0.45791821 0.9819213  0.29348288
 0.21071447 0.34883007 0.43398156 0.87303724 0.72663912 0.42060487
 0.58739719 0.49991151 0.4573432  0.54658926 0.80596212 0.90613509
 0.98683182 0.56890085]","[0.07312375 0.3776013  0.38386478 0.26106568 0.18884734 0.39558576
 0.42902323 0.93022756 0.04198236 0.15510391 0.76021949 0.13275178
 0.00910756 0.2979832  0.93323919 0.19894454 0.66184167 0.1290518
 0.01304041 0.12587933 0.02982675 0.54639825 0.48381057 0.25039755
 0.2646147  0.30204271 0.40154632 0.90032257 0.36387606 0.25608427
 0.0893979  0.12124301 0.13479111 0.66777985 0.41036933 0.30638089
 0.16759009 0.06692747 0.21063806 0.76650517 0.82952188 0.23691359
 0.59780199 0.43387052 0.13384503 0.31092117 0.45923881 0.28459349
 0.67347751 0.84249573]","[6.42664890e-05 2.50000000e-03 2.50000000e-03 2.50000000e-03
 2.50000000e-03 2.50000000e-03 2.50000000e-03 2.50000000e-03
 6.15927896e-04 2.50000000e-03 2.50000000e-03 2.50000000e-03
 2.88064413e-04 2.50000000e-03 2.50000000e-03 2.50000000e-03
 2.50000000e-03 1.49031852e-03 3.16600305e-04 2.50000000e-03
 7.16676003e-04 2.50000000e-03 6.98686074e-04 2.50000000e-03
 2.50000000e-03 2.50000000e-03 2.50000000e-03 2.50000000e-03
 2.24372727e-03 2.45189837e-03 3.77451217e-04 6.73142557e-04
 2.50000000e-03 2.50000000e-03 2.50000000e-03 2.50000000e-03
 1.20879454e-03 2.50000000e-03 2.50000000e-03 2.50000000e-03
 2.50000000e-03 2.50000000e-03 2.50000000e-03 2.50000000e-03
 2.50000000e-03 2.50000000e-03 2.50000000e-03 2.50000000e-03
 2.50000000e-03 2.50000000e-03]","[0.00035371 0.0025     0.0025     0.00199625 0.00237204 0.0025
 0.0025     0.0025     0.00047892 0.00137308 0.0025     0.00116805
 0.00012513 0.0025     0.0025     0.00217288 0.0025     0.0010117
 0.00010419 0.00155642 0.00022768 0.0025     0.0025     0.0025
 0.00244287 0.0025     0.0025     0.0025     0.0025     0.00167565
 0.00075732 0.00063907 0.00093887 0.0025     0.0025     0.0025
 0.0008887  0.00085892 0.0013483  0.0025     0.0025     0.00208859
 0.0025     0.0025     0.00128292 0.0016268  0.0025     0.0025
 0.0025     0.0025    ]","[0.03581266 0.03435502 0.03624522 0.03901865 0.03558579 0.03702172
 0.03579932 0.03470573 0.03917615 0.03383437 0.03941175 0.03359859
 0.03478411 0.03428664 0.03794137 0.03449881 0.03607035 0.03454811
 0.03596684 0.04229358 0.0440555  0.03724529 0.04281692 0.03846779
 0.03693792 0.03169283 0.03429627 0.03293152 0.03605978 0.03478332
 0.03770864 0.03435384 0.03353389 0.03279587 0.03479995 0.03666157
 0.03706562 0.03492804 0.03573398 0.0297502  0.03296151 0.03600598
 0.04188974 0.03511255 0.03384908 0.03197995 0.03408578 0.03774726
 0.03567233 0.04561977]","[0.0297884  0.01681893 0.03240748 0.0133723  0.04037927 0.01556913
 0.02923999 0.03466498 0.03995216 0.02418444 0.02203105 0.02828232
 0.04175186 0.03110843 0.0241051  0.01513098 0.01938287 0.02325194
 0.01125318 0.0332677  0.04565824 0.01621966 0.0446989  0.01790449
 0.02634731 0.01608692 0.02889784 0.02686085 0.02068944 0.01727128
 0.02794352 0.03549649 0.02785849 0.02815538 0.01493953 0.02019048
 0.0262809  0.03251034 0.01913094 0.02318214 0.02455447 0.02106438
 0.0241317  0.02445741 0.02637286 0.02446912 0.03150693 0.02393469
 0.02303817 0.03299272]","[0.0115414  0.01739544 0.01018499 0.00440911 0.01231617 0.00810694
 0.0115857  0.01578489 0.00419662 0.02005793 0.00389625 0.02137888
 0.01544374 0.01772608 0.00614847 0.01671814 0.01071494 0.01649141
 0.01104027 0.00151536 0.00082323 0.00758461 0.00126746 0.00523241
 0.008311   0.03521843 0.01767919 0.02554486 0.01074776 0.01544717
 0.00659837 0.01740108 0.02175466 0.02647509 0.0153756  0.00901744
 0.00800185 0.0148345  0.01180496 0.0568514  0.02534317 0.01091622
 0.00173673 0.01408511 0.01997799 0.03272794 0.01873001 0.00652168
 0.01201525 0.00046902]","[5.63349520e-02 6.17317129e-01 2.93061009e-02 8.62021303e-01
 2.85876177e-03 7.11305137e-01 6.41481285e-02 1.59648930e-02
 3.28050468e-03 1.89489814e-01 2.82005483e-01 8.00145580e-02
 1.81894150e-03 4.08051687e-02 1.92418757e-01 7.43630575e-01
 4.34676616e-01 2.26177266e-01 9.59345934e-01 2.33631717e-02
 4.62461127e-04 6.62482573e-01 6.54723482e-04 5.36985956e-01
 1.22274059e-01 6.72488510e-01 6.94774165e-02 1.09581034e-01
 3.53993469e-01 5.83489643e-01 8.63695083e-02 1.26337844e-02
 8.80292530e-02 8.23476888e-02 7.57522102e-01 3.83610727e-01
 1.23999958e-01 2.85314468e-02 4.51356465e-01 2.29126428e-01
 1.76285223e-01 3.32744747e-01 1.91432828e-01 1.79676745e-01
 1.21615129e-01 1.79264772e-01 3.69182155e-02 1.98829409e-01
 2.35300734e-01 2.51347621e-02]","[ 1.12414360e-04  1.58786774e-04  2.24828720e-04 -1.26838684e-04
  1.36613846e-04 -1.12056732e-05  1.82747841e-04 -6.62803650e-05
  3.79681587e-04  5.67436218e-05 -7.09295273e-05  1.40547752e-04
  5.97119331e-04  4.75645065e-05  7.73668289e-05  1.30295753e-04
 -7.64131546e-05  5.30481339e-05  2.76565552e-05  1.45435333e-05
  2.74300575e-04  3.62396240e-05  3.77416611e-04 -1.11103058e-04
 -3.02791595e-05  3.13520432e-05  3.80277634e-04 -1.46865845e-04
 -1.12771988e-04  1.34825706e-04  5.23328781e-05  1.06334686e-04
 -1.24931335e-04 -7.58171082e-05 -7.74860382e-05  1.08599663e-04
  3.31401825e-05  5.59091568e-05  2.43902206e-04 -3.69548798e-05
 -8.23736191e-05  8.34465027e-06  3.50475311e-04  3.74317169e-05
 -2.65836716e-05  1.54972076e-04 -6.58035278e-05 -1.00851059e-04
  1.72019005e-04  4.91619110e-04]","[ 1.81078911e-04  4.07695770e-05  2.13980675e-04 -1.84178352e-04
  2.27689743e-04 -1.20759010e-04  2.44379044e-05  1.10983849e-04
  8.02397728e-04  1.10864639e-05  1.28984451e-04 -1.42455101e-04
  1.45184994e-03 -1.54495239e-04  2.12073326e-04  5.29289246e-05
 -1.46627426e-04  2.69412994e-04  2.10046768e-04  1.41382217e-04
  1.08754635e-03 -1.30772591e-04  4.07338142e-04 -7.74860382e-05
  9.36985016e-05 -7.30752945e-05  5.86390495e-04 -1.77383423e-04
  1.40666962e-05 -1.04546547e-04  2.21610069e-04 -1.25169754e-04
  1.08599663e-04  5.06639481e-05 -8.15391541e-05  4.64677811e-04
 -3.95774841e-05  2.15649605e-04 -7.87973404e-05  7.92741776e-05
 -8.33272934e-05  4.03881073e-04  2.43663788e-04  2.44975090e-04
 -1.71422958e-04  4.10079956e-04 -4.11272049e-05 -1.20043755e-04
  3.14712524e-04  8.88824463e-04]","[0.01644783 0.01697162 0.01877896 0.01219581 0.01836196 0.01453251
 0.01805639 0.01236464 0.02127295 0.01464573 0.0135091  0.01732782
 0.02417972 0.01500857 0.01441171 0.01746075 0.01131917 0.01596829
 0.01487249 0.01573391 0.02046492 0.01521515 0.02127409 0.01008186
 0.01559533 0.01453807 0.01943    0.01071951 0.01237928 0.01716746
 0.01563172 0.01686948 0.0124774  0.01432736 0.01082453 0.01613192
 0.01514621 0.01579772 0.01965018 0.01419353 0.01377173 0.01376475
 0.02056453 0.0153996  0.01507247 0.01766942 0.01375757 0.01257128
 0.0183339  0.02346468]","[0.015191   0.01201993 0.01376535 0.00539319 0.01396728 0.00884905
 0.01296113 0.01456626 0.02646459 0.01161864 0.01618215 0.00730644
 0.03283563 0.00708169 0.01439903 0.01103707 0.00677723 0.01520835
 0.01671457 0.01562204 0.02926344 0.00717654 0.01948223 0.00901158
 0.01459973 0.00911872 0.02152071 0.00543916 0.01188187 0.0081156
 0.01728557 0.00731173 0.01283514 0.01413388 0.00925691 0.02075648
 0.00956509 0.01717368 0.00849014 0.0129052  0.0099906  0.01812737
 0.01487361 0.01703944 0.00524967 0.01672862 0.01095242 0.00862478
 0.01937878 0.02787675]",0.4964773448078208,0.37429713115661317,0.3041442640959771,0.27296656112843243,0.4869953953879198,0.3608341397990004,0.29525642827922727,0.26290655552208153,0.0021229110730120655,0.0018997614001044407,0.0007700367241848879,0.0008131031857976323,0.03612994918525219,0.02597576261162758,0.003132162298722039,0.008117468181355864,8.091926574707031e-05,0.00015723943710327148,0.00016827003405411618,0.00033511115759302465,0.01591411131764727,0.013842520819469009,0.003176388425698917,0.006215100779099509
df2,0.18,1.0,0.0,0.0,1.18,0.0,1.0,"[0.36968362 0.22624166 0.77002924 0.90235528 0.3490397  0.58582128
 0.98457739 0.00652148 0.48382277 0.24148215 0.19796045 0.32916807
 0.58582128 0.45963725 0.16077182 0.71851426 0.45963725 0.99589898
 0.71851426 0.08151459 0.91946676 0.45963725 0.41323244 0.06383124
 0.71851426 0.66552932 0.48382277 0.25747545 0.88359176 0.53390728
 0.66552932 0.84163603 0.36968362 0.8633028  0.29176485 0.55967522
 0.79482654 0.98457739 0.81875363 0.3490397  0.50859953 0.41323244
 0.18488568 0.84163603 0.1200888  0.63886042 0.29176485 0.91946676
 0.79482654 0.98457739]","[0.29176485 0.77002924 0.93482727 0.77002924 0.08151459 0.48382277
 0.8633028  0.00148941 0.22624166 0.0416213  0.05871658 0.29176485
 0.61225166 0.91946676 0.139232   0.0539576  0.14969106 0.58582128
 0.12937218 0.19796045 0.84163603 0.39108739 0.36968362 0.19796045
 0.48382277 0.77002924 0.3490397  0.53390728 0.55967522 0.139232
 0.61225166 0.58582128 0.97808957 0.3490397  0.19796045 0.17249627
 0.21173982 0.8633028  0.24148215 0.45963725 0.84163603 0.61225166
 0.02646763 0.55967522 0.48382277 0.18488568 0.06932183 0.53390728
 0.53390728 0.81875363]","[0.36968362 0.22624166 0.77002924 0.90235528 0.3490397  0.58582128
 0.98457739 0.00652148 0.48382277 0.24148215 0.19796045 0.32916807
 0.58582128 0.45963725 0.16077182 0.71851426 0.45963725 0.99589898
 0.71851426 0.08151459 0.91946676 0.45963725 0.41323244 0.06383124
 0.71851426 0.66552932 0.48382277 0.25747545 0.88359176 0.53390728
 0.66552932 0.84163603 0.36968362 0.8633028  0.29176485 0.55967522
 0.79482654 0.98457739 0.81875363 0.3490397  0.50859953 0.41323244
 0.18488568 0.84163603 0.1200888  0.63886042 0.29176485 0.91946676
 0.79482654 0.98457739]","[0.29176485 0.77002924 0.93482727 0.77002924 0.08151459 0.48382277
 0.8633028  0.00148941 0.22624166 0.0416213  0.05871658 0.29176485
 0.61225166 0.91946676 0.139232   0.0539576  0.14969106 0.58582128
 0.12937218 0.19796045 0.84163603 0.39108739 0.36968362 0.19796045
 0.48382277 0.77002924 0.3490397  0.53390728 0.55967522 0.139232
 0.61225166 0.58582128 0.97808957 0.3490397  0.19796045 0.17249627
 0.21173982 0.8633028  0.24148215 0.45963725 0.84163603 0.61225166
 0.02646763 0.55967522 0.48382277 0.18488568 0.06932183 0.53390728
 0.53390728 0.81875363]","[0.27255009 0.41238236 0.65464916 0.78102859 0.4321095  0.57570428
 0.91436404 0.00697668 0.65514194 0.10221002 0.19790746 0.24844265
 0.75523521 0.56469256 0.32095355 0.46524681 0.33788955 0.98914822
 0.81792706 0.06861938 0.96853    0.46020175 0.44932303 0.08182476
 0.6946272  0.62434961 0.39940288 0.2395613  0.81119036 0.19181915
 0.60793807 0.68861061 0.50986176 0.67744746 0.43170966 0.39562554
 0.75955839 0.99290592 0.84014071 0.65186263 0.72735888 0.40989288
 0.07155084 0.78697698 0.06386643 0.4044836  0.22127388 0.92576334
 0.54533202 0.98386434]","[2.52249436e-01 7.92841313e-01 9.17357810e-01 7.78360214e-01
 2.34610735e-01 3.77319517e-01 8.26479978e-01 4.08613445e-04
 1.14427375e-01 8.45463952e-02 7.84910737e-02 1.02152661e-01
 5.21818395e-01 7.96110907e-01 2.21173620e-01 7.72831580e-02
 1.29456883e-01 7.81361394e-01 3.88323303e-01 4.06772941e-01
 8.34267049e-01 5.24879877e-01 3.38538479e-01 1.50328260e-01
 3.83745436e-01 5.02832613e-01 3.06556798e-01 4.49725283e-01
 6.00297387e-01 7.90232736e-02 7.13598770e-01 4.81212911e-01
 9.41662750e-01 2.47264366e-01 4.02414513e-01 1.17867753e-01
 1.41106003e-01 8.94583152e-01 2.85504105e-01 7.33520401e-01
 8.80463840e-01 7.33598639e-01 4.00859591e-02 5.64062227e-01
 2.66767303e-01 2.58886250e-01 6.94012126e-02 3.18447232e-01
 3.26265671e-01 8.19099361e-01]","[0.0025     0.0025     0.0025     0.0025     0.0025     0.0025
 0.0025     0.00011373 0.0025     0.00044924 0.0025     0.0025
 0.0025     0.0025     0.0025     0.0025     0.0025     0.0025
 0.0025     0.00098129 0.0025     0.0025     0.0025     0.00071511
 0.0025     0.0025     0.0025     0.0025     0.0025     0.00122599
 0.0025     0.0025     0.0025     0.0025     0.0025     0.0025
 0.0025     0.0025     0.0025     0.0025     0.0025     0.0025
 0.00079709 0.0025     0.00081072 0.00222208 0.00121238 0.0025
 0.0025     0.0025    ]","[2.50000000e-03 2.50000000e-03 2.50000000e-03 2.50000000e-03
 2.50000000e-03 2.50000000e-03 2.50000000e-03 1.00000000e-05
 1.48860664e-03 2.79816264e-04 1.28342760e-03 1.30191730e-03
 2.50000000e-03 2.50000000e-03 2.41428577e-03 5.55259381e-04
 1.26877574e-03 2.50000000e-03 2.50000000e-03 2.50000000e-03
 2.50000000e-03 2.50000000e-03 2.00046451e-03 1.59320492e-03
 2.50000000e-03 2.50000000e-03 2.50000000e-03 2.50000000e-03
 2.50000000e-03 4.41374619e-04 2.50000000e-03 2.50000000e-03
 2.50000000e-03 1.52760796e-03 2.50000000e-03 7.96002742e-04
 1.12654493e-03 2.50000000e-03 2.27154006e-03 2.50000000e-03
 2.50000000e-03 2.50000000e-03 6.07054114e-04 2.50000000e-03
 2.50000000e-03 1.57676654e-03 3.85799019e-04 2.50000000e-03
 2.50000000e-03 2.50000000e-03]","[0.03498207 0.03389105 0.04023473 0.03580438 0.03563645 0.03466736
 0.03147068 0.03431368 0.03764975 0.0534453  0.03709984 0.03746985
 0.03541555 0.03729834 0.03756103 0.03380971 0.03676798 0.03735031
 0.03847678 0.03487452 0.03278768 0.03977222 0.03514044 0.0321465
 0.03566963 0.0367784  0.03975144 0.03682019 0.03952259 0.03554679
 0.03270884 0.03617737 0.03857578 0.03460373 0.03527903 0.03843315
 0.04019391 0.03429842 0.03197414 0.0333313  0.03551025 0.04092923
 0.03740417 0.0320046  0.04063531 0.03139828 0.03490814 0.03558131
 0.03131041 0.03776792]","[0.03135441 0.02006939 0.03492461 0.02651634 0.02277512 0.01443301
 0.02356285 0.02618195 0.0240001  0.04395087 0.02244261 0.01834225
 0.02294256 0.01641497 0.01744543 0.02520967 0.0194517  0.02617971
 0.01937453 0.02678078 0.01916612 0.03244556 0.01650454 0.03971754
 0.02765345 0.02486667 0.02650547 0.03290824 0.03385523 0.01813087
 0.02143904 0.03046508 0.02387577 0.03787185 0.03311929 0.03643849
 0.01266728 0.03340775 0.02726003 0.02598618 0.02025939 0.03490189
 0.04374861 0.02441719 0.04204204 0.02852039 0.02981877 0.01850875
 0.0329593  0.01743797]","[1.46114331e-02 1.97514550e-02 2.99553370e-03 1.15688604e-02
 1.21392161e-02 1.59543119e-02 3.72578910e-02 1.75946368e-02
 6.71686881e-03 2.09346382e-05 7.92081804e-03 7.09099783e-03
 1.29280367e-02 7.46524820e-03 6.89906501e-03 2.01926148e-02
 8.73920508e-03 7.34999413e-03 5.21791612e-03 1.50584920e-02
 2.65321534e-02 3.47480023e-03 1.39748235e-02 3.13552895e-02
 1.20245536e-02 8.71239080e-03 3.49790548e-03 8.60556068e-03
 3.76190465e-03 1.24540044e-02 2.70874818e-02 1.03877243e-02
 5.06069451e-03 1.62389173e-02 1.34383297e-02 5.28862791e-03
 3.03523873e-03 1.76687323e-02 3.27767751e-02 2.29695179e-02
 1.25843878e-02 2.38940629e-03 7.23224864e-03 3.25214800e-02
 2.63055614e-03 3.79445114e-02 1.49174481e-02 1.23319197e-02
 3.87926019e-02 6.48100846e-03]","[3.83658766e-02 3.91025253e-01 1.48487882e-02 1.17969314e-01
 2.46903026e-01 7.93338434e-01 2.13389191e-01 1.26608636e-01
 1.96349385e-01 8.54200402e-04 2.62169101e-01 5.05651737e-01
 2.39469658e-01 6.47748495e-01 5.70583336e-01 1.54693392e-01
 4.30179747e-01 1.26668337e-01 4.35223467e-01 1.11485335e-01
 4.49006566e-01 2.90172222e-02 6.40992694e-01 3.53589911e-03
 9.21421007e-02 1.65717433e-01 1.18242357e-01 2.57023882e-02
 1.99446431e-02 5.20686452e-01 3.12386684e-01 4.78339536e-02
 2.01083573e-01 6.27984665e-03 2.43050023e-02 9.62697773e-03
 9.01151278e-01 2.25042167e-02 1.00484432e-01 1.31901811e-01
 3.79430630e-01 1.49435707e-02 9.17181414e-04 1.81096891e-01
 1.64993375e-03 7.57890120e-02 5.59272877e-02 4.93944116e-01
 2.53579385e-02 5.71134602e-01]","[-8.35657120e-05 -9.02414322e-05  4.22358513e-04 -1.37448311e-04
  1.70588493e-04 -7.87973404e-05  1.49488449e-04  2.60591507e-04
  2.53438950e-04  5.59329987e-04 -8.18967819e-05  2.73823738e-04
 -6.92605972e-05 -4.02927399e-05 -8.57114792e-05 -3.50475311e-05
 -1.37090683e-05 -1.31845474e-04 -9.77516174e-06  4.03285027e-04
 -4.18424606e-05  4.45127487e-04 -8.20159912e-05  8.08596611e-04
 -5.86509705e-05  2.02178955e-04 -8.95261765e-05 -5.12599945e-06
  8.73804092e-05 -1.19209290e-06 -7.29560852e-05 -7.21216202e-05
 -7.83205032e-05  9.31024551e-05  4.02927399e-05  6.04391098e-05
 -7.37905502e-05  2.25782394e-04 -3.82661819e-05 -1.24812126e-04
  6.67572021e-06  9.53674316e-07  1.40786171e-04 -4.04119492e-05
 -1.33514404e-05  3.37839127e-04  1.99556351e-04  1.69992447e-04
 -1.17182732e-04 -7.83205032e-05]","[ 9.03606415e-05 -1.66416168e-04  9.20414925e-04  2.64644623e-05
 -1.59621239e-04 -1.48534775e-04 -9.21487808e-05  2.03371048e-04
 -2.37226486e-05  8.37564468e-04 -1.20639801e-04 -1.21831894e-04
 -9.65595245e-05 -1.92165375e-04 -1.60932541e-04 -1.23381615e-04
 -1.49965286e-04 -1.14917755e-04  4.25577164e-05  2.76923180e-04
 -1.23620033e-04  1.95741653e-04 -1.74283981e-04  7.95125961e-05
  6.05583191e-05  1.09910965e-04 -1.45554543e-04 -1.66177750e-04
  1.96218491e-04 -1.67727470e-04 -6.99758530e-05 -2.38418579e-07
 -9.62018967e-05  5.78522682e-04  4.37259674e-04  7.63654709e-04
 -1.07049942e-04  6.09159470e-04  7.43865967e-05 -4.18424606e-05
 -1.17778778e-04  1.15036964e-04  5.64575195e-04  1.28984451e-04
  2.18272209e-04  5.19752502e-04  2.27570534e-04 -1.26361847e-04
  7.97510147e-05 -1.42216682e-04]","[0.01256497 0.01251826 0.02215919 0.01263913 0.01792852 0.01135944
 0.01741711 0.01891883 0.01947649 0.02378579 0.0128796  0.01874384
 0.01400933 0.01430101 0.01181635 0.0159201  0.01307108 0.01236401
 0.01478335 0.02115139 0.01394964 0.02160872 0.01291673 0.02452155
 0.01309416 0.01850406 0.01293308 0.01451439 0.01807062 0.01569911
 0.01416874 0.01359301 0.01454953 0.01590402 0.01536586 0.01598613
 0.01339063 0.01832614 0.01380058 0.01098059 0.01513695 0.01439906
 0.01730186 0.01390019 0.01471902 0.02042111 0.01810361 0.01754538
 0.01061591 0.01333192]","[0.0133366  0.00706354 0.02620959 0.0140804  0.00771561 0.00712288
 0.00799353 0.0151834  0.00920756 0.02310312 0.00938792 0.00754169
 0.00937227 0.00487151 0.00660074 0.00813901 0.00643322 0.00892495
 0.01352395 0.01746541 0.00799529 0.0134209  0.00528374 0.01358969
 0.0131256  0.01447137 0.00682332 0.00798426 0.0157365  0.00630734
 0.01051504 0.01094464 0.00800696 0.01700503 0.02114052 0.02575154
 0.00869603 0.02191834 0.01277762 0.00981874 0.00828726 0.01402926
 0.02199745 0.01391222 0.01582521 0.01983964 0.01420166 0.00702733
 0.01344928 0.00773417]",0.5452549765481202,0.4315080231270183,0.283378456841737,0.2880658409903214,0.5238006615590554,0.4257510519739405,0.27981624590495824,0.2867511184840332,0.0022205525558112223,0.002018568962149236,0.000648382111906204,0.0007664800808230197,0.036303610152006144,0.026585032481551175,0.0035661416641407646,0.007752438157571396,6.932258605957031e-05,8.413314819335937e-05,0.00020206397665140384,0.00028818051874995626,0.015703201263917617,0.01221785733732093,0.003333806357243493,0.0054809425086217185
df2,0.2,1.0,0.0,0.0,1.2,0.0,1.0,"[0.61225166 0.63886042 0.69212796 0.66552932 0.29176485 0.81875363
 0.39108739 0.39108739 0.79482654 0.43609338 0.17249627 0.55967522
 0.02903392 0.81875363 0.93482727 0.14969106 0.43609338 0.39108739
 0.08825991 0.02903392 0.39108739 0.88359176 0.98457739 0.50859953
 0.90235528 0.03181713 0.74453538 0.1200888  0.07520917 0.53390728
 0.58582128 0.71851426 0.84163603 0.31007573 0.3490397  0.97808957
 0.74453538 0.00238884 0.71851426 0.69212796 0.48382277 0.09546732
 0.77002924 0.91946676 0.99328163 0.88359176 0.81875363 0.139232
 0.32916807 0.71851426]","[5.59675216e-01 3.91087390e-01 6.92127962e-01 5.85821277e-01
 2.41482152e-01 8.18753631e-01 3.91087390e-01 9.54673207e-02
 4.13232440e-01 2.91764847e-01 1.39231997e-01 4.83822766e-01
 2.11739817e-01 7.18514257e-01 6.12251659e-01 1.84885683e-01
 6.92127962e-01 1.89004559e-03 1.97960446e-01 7.11507895e-04
 1.03159376e-01 4.36093382e-01 5.08599525e-01 2.91764847e-01
 5.59675216e-01 9.54673207e-02 6.65529322e-01 5.87165796e-02
 1.72496272e-01 3.10075730e-01 2.57475452e-01 1.20088801e-01
 2.74233349e-01 8.41636027e-01 2.41482152e-01 8.63302804e-01
 5.33907283e-01 2.64676308e-02 1.49691056e-01 6.38312357e-02
 1.49691056e-01 1.20088801e-01 7.18514257e-01 8.18753631e-01
 5.08599525e-01 8.63302804e-01 1.03159376e-01 3.29168072e-01
 3.91087390e-01 4.83822766e-01]","[0.61225166 0.63886042 0.69212796 0.66552932 0.29176485 0.81875363
 0.39108739 0.39108739 0.79482654 0.43609338 0.17249627 0.55967522
 0.02903392 0.81875363 0.93482727 0.14969106 0.43609338 0.39108739
 0.08825991 0.02903392 0.39108739 0.88359176 0.98457739 0.50859953
 0.90235528 0.03181713 0.74453538 0.1200888  0.07520917 0.53390728
 0.58582128 0.71851426 0.84163603 0.31007573 0.3490397  0.97808957
 0.74453538 0.00238884 0.71851426 0.69212796 0.48382277 0.09546732
 0.77002924 0.91946676 0.99328163 0.88359176 0.81875363 0.139232
 0.32916807 0.71851426]","[5.59675216e-01 3.91087390e-01 6.92127962e-01 5.85821277e-01
 2.41482152e-01 8.18753631e-01 3.91087390e-01 9.54673207e-02
 4.13232440e-01 2.91764847e-01 1.39231997e-01 4.83822766e-01
 2.11739817e-01 7.18514257e-01 6.12251659e-01 1.84885683e-01
 6.92127962e-01 1.89004559e-03 1.97960446e-01 7.11507895e-04
 1.03159376e-01 4.36093382e-01 5.08599525e-01 2.91764847e-01
 5.59675216e-01 9.54673207e-02 6.65529322e-01 5.87165796e-02
 1.72496272e-01 3.10075730e-01 2.57475452e-01 1.20088801e-01
 2.74233349e-01 8.41636027e-01 2.41482152e-01 8.63302804e-01
 5.33907283e-01 2.64676308e-02 1.49691056e-01 6.38312357e-02
 1.49691056e-01 1.20088801e-01 7.18514257e-01 8.18753631e-01
 5.08599525e-01 8.63302804e-01 1.03159376e-01 3.29168072e-01
 3.91087390e-01 4.83822766e-01]","[0.87707014 0.5423627  0.54951097 0.42082826 0.57828696 0.5523683
 0.48388562 0.18524749 0.80577677 0.30711826 0.07369041 0.57135738
 0.01158012 0.87547727 0.92703497 0.11080236 0.3868829  0.16731208
 0.076622   0.01317853 0.18215906 0.8958066  0.97760323 0.40283052
 0.86306494 0.01749527 0.72052883 0.34031261 0.0593484  0.27552133
 0.74750398 0.4981019  0.85045083 0.54603548 0.25962823 0.95451238
 0.66802239 0.0309036  0.71567901 0.46130123 0.57291337 0.04982203
 0.89563716 0.84362375 0.99101695 0.91528292 0.541751   0.25695735
 0.34312878 0.63214871]","[0.77824007 0.33683142 0.55733484 0.39448326 0.2406387  0.6119452
 0.49338932 0.08377307 0.37708651 0.3323644  0.09185195 0.61573092
 0.0915395  0.65675728 0.66099519 0.23314642 0.50084144 0.00421788
 0.18692211 0.00212609 0.12145548 0.42315292 0.36830564 0.23024246
 0.52430692 0.06056588 0.51409484 0.05980695 0.15670768 0.26221917
 0.55176481 0.14782629 0.45520741 0.78178333 0.13521534 0.84016657
 0.74108958 0.02557977 0.28900853 0.06494827 0.2633174  0.12233144
 0.73915462 0.64184214 0.40956881 0.84181659 0.09105351 0.140985
 0.38493154 0.39594995]","[2.50000000e-03 2.50000000e-03 2.50000000e-03 2.50000000e-03
 2.50000000e-03 2.50000000e-03 2.50000000e-03 2.13637145e-03
 2.50000000e-03 2.50000000e-03 6.69651425e-04 2.50000000e-03
 8.76216985e-05 2.50000000e-03 2.50000000e-03 9.11062802e-04
 2.50000000e-03 1.39018623e-03 9.35252834e-04 1.44602735e-04
 1.42525521e-03 2.50000000e-03 2.50000000e-03 2.50000000e-03
 2.50000000e-03 1.49652990e-04 2.50000000e-03 2.50000000e-03
 5.76204319e-04 1.91420439e-03 2.50000000e-03 2.50000000e-03
 2.50000000e-03 2.50000000e-03 2.32764305e-03 2.50000000e-03
 2.50000000e-03 2.00323147e-04 2.50000000e-03 2.50000000e-03
 2.50000000e-03 2.23670719e-04 2.50000000e-03 2.50000000e-03
 2.50000000e-03 2.50000000e-03 2.50000000e-03 2.50000000e-03
 2.50000000e-03 2.50000000e-03]","[2.50000000e-03 2.50000000e-03 2.50000000e-03 2.50000000e-03
 2.00423104e-03 2.50000000e-03 2.50000000e-03 9.88970612e-04
 2.39197813e-03 2.50000000e-03 8.13167704e-04 2.50000000e-03
 7.67936088e-04 2.50000000e-03 2.50000000e-03 1.94688584e-03
 2.50000000e-03 5.31412972e-05 1.79820636e-03 2.66083514e-05
 9.92977881e-04 2.50000000e-03 2.50000000e-03 2.11260934e-03
 2.50000000e-03 5.60529574e-04 2.50000000e-03 6.67141609e-04
 1.17762899e-03 1.58316875e-03 2.50000000e-03 8.45594903e-04
 2.50000000e-03 2.50000000e-03 7.96033484e-04 2.50000000e-03
 2.50000000e-03 1.37449392e-04 2.50000000e-03 8.70507169e-04
 2.50000000e-03 6.28792936e-04 2.50000000e-03 2.50000000e-03
 2.50000000e-03 2.50000000e-03 5.88697795e-04 1.06185084e-03
 2.50000000e-03 2.50000000e-03]","[0.04143899 0.03132094 0.03312606 0.03229453 0.03950342 0.0370826
 0.03971253 0.03526252 0.04156603 0.03620266 0.04170405 0.03317856
 0.03773777 0.03609383 0.03940692 0.03815641 0.03032483 0.04491731
 0.0435275  0.03668939 0.03749453 0.03406818 0.04063531 0.03532443
 0.03153111 0.04314887 0.03704396 0.04106099 0.03997172 0.0345827
 0.03201332 0.03836278 0.03411155 0.03822569 0.03705158 0.03408743
 0.03667269 0.04668711 0.03482947 0.03640898 0.03237148 0.04005562
 0.03939571 0.03435792 0.04121506 0.03385979 0.03680996 0.03317094
 0.03761969 0.03393482]","[0.0493959  0.0306939  0.02793606 0.02954456 0.01455576 0.02541332
 0.0196547  0.02056937 0.0272007  0.03091792 0.04201828 0.03394877
 0.03316253 0.01348831 0.02326123 0.03874826 0.0296723  0.01647986
 0.03770711 0.02556309 0.02205003 0.02447855 0.02305821 0.03103543
 0.02173629 0.01855563 0.0220687  0.02095225 0.03847948 0.04045845
 0.02375465 0.01954407 0.0214887  0.03205197 0.03118662 0.01881706
 0.02556887 0.03935508 0.02565749 0.01749193 0.01931123 0.0432129
 0.01641242 0.02469002 0.03252884 0.0172758  0.02425338 0.01493111
 0.01584807 0.02495364]","[0.00201909 0.03869011 0.02426134 0.03017802 0.00378483 0.00796155
 0.00354155 0.01350126 0.00193547 0.01031173 0.00184828 0.02392493
 0.00654046 0.01064238 0.00390221 0.00575788 0.04949847 0.00060529
 0.00099098 0.00894392 0.00703856 0.01882035 0.00263055 0.01326666
 0.03669318 0.00113039 0.00805354 0.00228809 0.00326001 0.01633399
 0.03244874 0.00540451 0.01859842 0.00563696 0.00803532 0.01872155
 0.008988   0.00031593 0.01524937 0.00971036 0.02958153 0.00317339
 0.00391607 0.01738155 0.00217467 0.01991992 0.00863161 0.0239735
 0.0067781  0.01951761]","[1.11237721e-04 4.52223465e-02 8.65140492e-02 5.97018012e-02
 7.84800963e-01 1.48430691e-01 4.17070697e-01 3.60982277e-01
 1.01795305e-01 4.27862694e-02 1.66320141e-03 1.94436088e-02
 2.40271925e-02 8.55029535e-01 2.25787096e-01 4.79709431e-03
 5.79171129e-02 6.42853595e-01 6.60141306e-03 1.43956343e-01
 2.81067642e-01 1.78933874e-01 2.34433858e-01 4.15547062e-02
 2.96858645e-01 4.90670493e-01 2.80147411e-01 3.39008400e-01
 5.21357683e-03 2.78630539e-03 2.05780177e-01 4.24185680e-01
 3.09754066e-01 3.21280366e-02 4.00155471e-02 4.72602170e-01
 1.43785812e-01 3.96664615e-03 1.41192463e-01 5.67150344e-01
 4.39385188e-01 1.10560042e-03 6.47940962e-01 1.71633412e-01
 2.83940675e-02 5.83153532e-01 1.86972920e-01 7.58129038e-01
 6.90449440e-01 1.62864771e-01]","[ 2.82049179e-04 -6.35385513e-05 -4.41074371e-06 -7.04526901e-05
  1.29938126e-05 -1.25288963e-04  2.33650208e-05 -5.54323196e-05
  2.65359879e-04  5.80906868e-04  7.47442245e-05 -1.06573105e-04
 -1.23739243e-04  3.31997871e-04  1.15394592e-04 -5.60283661e-05
  7.74860382e-05  8.48770142e-05  3.35454941e-04 -7.65323639e-05
  3.44991684e-04  1.21593475e-04  1.49726868e-04  1.23262405e-04
 -1.96695328e-05  9.09566879e-05  4.55379486e-05  4.30941582e-04
 -1.40428543e-04 -3.44514847e-05  3.14831734e-04  6.30617142e-05
 -2.65836716e-05  6.91413879e-05  9.90629196e-05  1.40786171e-04
  5.31673431e-05  3.87668610e-04 -2.64644623e-05 -1.17540359e-04
  1.69277191e-05 -8.44001770e-05 -3.91006470e-05 -1.19209290e-07
 -7.35521317e-05 -7.99894333e-05 -1.35302544e-04  5.46574593e-04
  6.17504120e-05  2.95639038e-04]","[ 9.96232033e-04  6.25848770e-05 -8.26120377e-05 -1.11579895e-04
 -1.71303749e-04 -1.04784966e-04 -5.38825989e-05 -1.45435333e-05
  2.80141830e-04  9.23037529e-04  3.13520432e-04 -9.52482224e-05
  3.57627869e-07  7.03334808e-05 -5.75780869e-05  1.81913376e-04
  2.49505043e-04 -6.71148300e-05  2.84194946e-04 -1.14440918e-04
  1.43051147e-06 -4.51803207e-05  1.99437141e-04 -1.12891197e-04
 -5.44786453e-05 -1.46746635e-04 -1.80244446e-04  1.16705894e-04
 -5.88893890e-05  5.68628311e-05  1.24096870e-04 -1.84178352e-04
  1.45792961e-04  1.93953514e-04  4.26411629e-04  7.92741776e-05
  1.32679939e-04  7.36117363e-04  2.08139420e-04 -1.30653381e-04
  1.35421753e-04  4.55379486e-05 -1.81555748e-04  5.96046448e-06
 -6.03199005e-05 -1.62005424e-04 -7.95125961e-05  2.49147415e-05
 -1.98960304e-04 -1.23023987e-04]","[0.01985957 0.01359955 0.01590421 0.01258034 0.01486815 0.0113613
 0.01609537 0.0135154  0.02066189 0.02324345 0.01582476 0.01253245
 0.0100676  0.02191972 0.01726067 0.01342014 0.01603055 0.01684529
 0.02221393 0.01388149 0.02059743 0.01671518 0.01665648 0.01674187
 0.01454637 0.01564592 0.0170015  0.01910317 0.0105476  0.01401394
 0.02058402 0.01612245 0.01449989 0.01852446 0.01579904 0.01670848
 0.0155497  0.01919296 0.01298524 0.01264848 0.01493624 0.01230735
 0.01373936 0.01503493 0.01323332 0.01335926 0.01146477 0.02187178
 0.01549187 0.01934475]","[0.02664256 0.01346181 0.01018143 0.0083819  0.00596001 0.00939909
 0.01029892 0.01146598 0.0145706  0.02670183 0.01634687 0.00736614
 0.01289452 0.01157288 0.0090656  0.01746163 0.0171607  0.01094484
 0.01818341 0.0092668  0.01029453 0.00972183 0.01718366 0.00859084
 0.01059383 0.0074661  0.00506222 0.01185662 0.01065948 0.01249234
 0.01355495 0.0055476  0.01462823 0.01632998 0.01978374 0.01154903
 0.01587561 0.02202629 0.01715066 0.00815285 0.01251405 0.01259874
 0.00517639 0.0120161  0.01022658 0.00690469 0.0103739  0.01065525
 0.00507365 0.00681392]",0.5321834803996172,0.3756703360326758,0.30577396776376015,0.2584595407578577,0.5005097064487526,0.36069228804117964,0.3115447389111585,0.24748005130597914,0.002061834059741146,0.0018562821619124137,0.0008166443089347214,0.0008547857730112709,0.03710700468420982,0.026422775966525074,0.003739578970772965,0.00843956149725247,8.161306381225586e-05,6.805658340454101e-05,0.000180534775592241,0.000257949125708392,0.015933071740018907,0.01216402331886534,0.0031997670028628506,0.004982252388503837
df2,0.22,1.0,0.0,0.0,1.22,0.0,1.0,"[0.79482654 0.53390728 0.0416213  0.96996014 0.48382277 0.12937218
 0.08151459 0.39108739 0.79482654 0.88359176 0.71851426 0.55967522
 0.39108739 0.61225166 0.84163603 0.50859953 0.66552932 0.31007573
 0.03809482 0.69212796 0.91946676 0.79482654 0.39108739 0.04953464
 0.18488568 0.58582128 0.27423335 0.36968362 0.58582128 0.91946676
 0.29176485 0.48382277 0.58582128 0.88359176 0.25747545 0.14969106
 0.25747545 0.81875363 0.91946676 0.8633028  0.31007573 0.36968362
 0.71851426 0.06932183 0.8633028  0.8633028  0.22624166 0.43609338
 0.88359176 0.61225166]","[0.61225166 0.88359176 0.0539576  0.79482654 0.66552932 0.07520917
 0.27423335 0.31007573 0.61225166 0.77002924 0.1200888  0.24148215
 0.08151459 0.04542867 0.21173982 0.17249627 0.55967522 0.18488568
 0.0416213  0.63886042 0.74453538 0.71851426 0.08151459 0.00212592
 0.29176485 0.22624166 0.07520917 0.29176485 0.07520917 0.98457739
 0.08825991 0.00725489 0.17249627 0.08825991 0.16077182 0.07520917
 0.66552932 0.45963725 0.8633028  0.91946676 0.41323244 0.39108739
 0.61225166 0.07520917 0.91946676 0.21173982 0.18488568 0.41323244
 0.84163603 0.91946676]","[0.79482654 0.53390728 0.0416213  0.96996014 0.48382277 0.12937218
 0.08151459 0.39108739 0.79482654 0.88359176 0.71851426 0.55967522
 0.39108739 0.61225166 0.84163603 0.50859953 0.66552932 0.31007573
 0.03809482 0.69212796 0.91946676 0.79482654 0.39108739 0.04953464
 0.18488568 0.58582128 0.27423335 0.36968362 0.58582128 0.91946676
 0.29176485 0.48382277 0.58582128 0.88359176 0.25747545 0.14969106
 0.25747545 0.81875363 0.91946676 0.8633028  0.31007573 0.36968362
 0.71851426 0.06932183 0.8633028  0.8633028  0.22624166 0.43609338
 0.88359176 0.61225166]","[0.61225166 0.88359176 0.0539576  0.79482654 0.66552932 0.07520917
 0.27423335 0.31007573 0.61225166 0.77002924 0.1200888  0.24148215
 0.08151459 0.04542867 0.21173982 0.17249627 0.55967522 0.18488568
 0.0416213  0.63886042 0.74453538 0.71851426 0.08151459 0.00212592
 0.29176485 0.22624166 0.07520917 0.29176485 0.07520917 0.98457739
 0.08825991 0.00725489 0.17249627 0.08825991 0.16077182 0.07520917
 0.66552932 0.45963725 0.8633028  0.91946676 0.41323244 0.39108739
 0.61225166 0.07520917 0.91946676 0.21173982 0.18488568 0.41323244
 0.84163603 0.91946676]","[0.59411825 0.69530326 0.02935893 0.97940157 0.39204667 0.12261627
 0.12309182 0.20445006 0.85869562 0.70444381 0.56381225 0.48236525
 0.38252891 0.45568287 0.87811404 0.43072638 0.56816169 0.15559966
 0.01564773 0.48494549 0.96030598 0.87486591 0.24033941 0.09154871
 0.09300964 0.70642325 0.13582064 0.32097766 0.44975109 0.77301373
 0.15999365 0.27710749 0.41429527 0.70605304 0.33244113 0.10077166
 0.48750513 0.78663635 0.84644305 0.85930561 0.24666897 0.34574619
 0.62808465 0.0373204  0.88204349 0.53544579 0.21700621 0.48943655
 0.86154457 0.40564632]","[0.53094394 0.86346973 0.12576986 0.61553386 0.59699312 0.07504065
 0.35014313 0.2197281  0.52425704 0.63525589 0.10533828 0.25797926
 0.07605563 0.03516015 0.33520795 0.14165519 0.67293069 0.09457628
 0.0232242  0.5041322  0.72117069 0.88964457 0.04213766 0.01740691
 0.19396703 0.64067851 0.02644332 0.14376928 0.1048086  0.93165297
 0.10341817 0.02013329 0.10964711 0.14147923 0.12367378 0.06650603
 0.59314666 0.53884043 0.82336675 0.71799609 0.24239948 0.16128604
 0.4250836  0.06319428 0.94236715 0.20332169 0.3243514  0.33294807
 0.87048856 0.91007465]","[0.0025     0.0025     0.00017828 0.0025     0.00232099 0.00045554
 0.00101854 0.0015929  0.0025     0.0025     0.0025     0.0025
 0.0025     0.0025     0.0025     0.0025     0.0025     0.00167221
 0.00013659 0.0025     0.0025     0.0025     0.0025     0.00103274
 0.00080559 0.0025     0.00133584 0.0025     0.0025     0.0025
 0.00196591 0.0025     0.0025     0.0025     0.0025     0.00113647
 0.0025     0.0025     0.0025     0.0025     0.0025     0.0025
 0.0025     0.0002039  0.0025     0.0025     0.0025     0.0025
 0.0025     0.0025    ]","[0.0025     0.0025     0.00086367 0.0025     0.0025     0.00022102
 0.00216535 0.00226768 0.0025     0.0025     0.00117685 0.0012457
 0.00075896 0.00026949 0.0025     0.00095722 0.0025     0.00102675
 0.00015938 0.0025     0.0025     0.0025     0.00048461 0.00019006
 0.00200977 0.0025     0.00022171 0.00134896 0.00117251 0.0025
 0.00130071 0.00019041 0.00110618 0.00182939 0.00153266 0.00066658
 0.0025     0.0025     0.0025     0.0025     0.00228762 0.00118124
 0.0025     0.00025289 0.0025     0.00140529 0.0025     0.0025
 0.0025     0.0025    ]","[0.03245355 0.03446494 0.0422457  0.0360373  0.03343634 0.03354473
 0.04057602 0.03432453 0.0347879  0.03064672 0.03531763 0.03536918
 0.03525055 0.03460297 0.03301118 0.03268131 0.03637275 0.04018169
 0.0352671  0.03566209 0.04266843 0.04015727 0.03345828 0.04139757
 0.03523382 0.03577369 0.03615727 0.03149632 0.03173411 0.0351147
 0.03317831 0.03493171 0.03619138 0.0331517  0.0405615  0.03802051
 0.03702193 0.03489232 0.03585083 0.03642769 0.03957635 0.04251447
 0.03520752 0.04562492 0.03379149 0.03798957 0.0318738  0.03413418
 0.03412094 0.03799084]","[0.0203013  0.02520454 0.02922385 0.02022474 0.03655955 0.03252594
 0.0396867  0.03437579 0.035799   0.02332675 0.01586469 0.01346264
 0.01895658 0.01900829 0.02494245 0.02771119 0.03122087 0.01664982
 0.03193573 0.02906421 0.04580813 0.02440818 0.02843486 0.02701308
 0.03020903 0.02398409 0.01174494 0.02265375 0.02329285 0.01854261
 0.01713316 0.02640262 0.02436527 0.01767345 0.02657646 0.0265206
 0.01866423 0.03597724 0.0268983  0.03280491 0.02834515 0.03760007
 0.0192179  0.04286151 0.03197394 0.01477233 0.03225577 0.0234189
 0.021699   0.02481625]","[0.02895691 0.01687552 0.00154016 0.01081786 0.02233231 0.0216913
 0.00268184 0.01754216 0.01542742 0.04575052 0.01329225 0.01309938
 0.01354705 0.01624234 0.02501216 0.02728382 0.00981361 0.00304722
 0.01348376 0.01205052 0.00133366 0.00307129 0.0222012  0.00204706
 0.01361126 0.01167126 0.01044849 0.03701732 0.03485045 0.01407656
 0.02392656 0.01481927 0.01034557 0.02409648 0.00269455 0.006002
 0.00810642 0.01498367 0.01141544 0.00965741 0.00369829 0.00140568
 0.0137128  0.00046814 0.02029261 0.00605889 0.03363003 0.01848356
 0.01855069 0.00605653]","[3.76902449e-01 1.54853811e-01 6.43913869e-02 3.81529169e-01
 9.29172382e-03 2.84155945e-02 3.57080618e-03 1.72961233e-02
 1.15867763e-02 2.23048463e-01 6.89202540e-01 8.56588836e-01
 4.63096247e-01 4.59597997e-01 1.63229827e-01 9.09681019e-02
 3.96739307e-02 6.30041530e-01 3.31010789e-02 6.68407687e-02
 4.37719470e-04 1.81416521e-01 7.72848291e-02 1.06034746e-01
 5.09103498e-02 1.96954252e-01 9.42394252e-01 2.52397110e-01
 2.24462044e-01 4.91578541e-01 5.93777648e-01 1.20851463e-01
 1.82943537e-01 5.53810934e-01 1.16468751e-01 1.17862461e-01
 4.83125257e-01 1.10071786e-02 1.08699768e-01 2.64121248e-02
 7.88804816e-02 6.81834664e-03 4.45560136e-01 1.24818446e-03
 3.27784407e-02 7.69508681e-01 3.04823960e-02 2.19239452e-01
 2.98776425e-01 1.67389306e-01]","[ 1.63316727e-05  1.39474869e-04 -7.30752945e-05 -1.23739243e-04
 -1.31368637e-04  3.29971313e-04  2.92062759e-05 -4.66108322e-05
  1.78456306e-04  3.93390656e-05  8.34465027e-06 -9.17911530e-05
 -1.04069710e-04  2.70247459e-04  3.25441360e-05 -5.68628311e-05
 -8.92877579e-05  3.94701958e-04  2.81333923e-05 -1.07288361e-06
  6.07013702e-04  3.09944153e-04  2.44379044e-05  3.70860100e-04
  2.55703926e-04 -9.47713852e-05  2.21252441e-04 -1.08361244e-04
  1.25646591e-04  3.23772430e-04  4.07218933e-04  2.01463699e-05
  9.87052917e-05  9.44137573e-05  6.86645508e-05  3.10182571e-04
 -5.74588776e-05 -2.71797180e-05  4.66942787e-04 -1.07288361e-05
 -2.21729279e-05  1.24692917e-04  2.49266624e-04  7.47442245e-05
  1.16586685e-04  5.81741333e-05  2.26497650e-04  6.24656677e-05
 -1.66893005e-06  1.47819519e-05]","[ 1.57475471e-04  1.52587891e-05 -1.40905380e-04 -4.41074371e-06
 -2.26497650e-06  2.94446945e-04  1.80363655e-04  2.69651413e-04
  6.83307648e-04 -6.71148300e-05  5.57899475e-05 -1.82509422e-04
 -1.16229057e-04  1.16467476e-04 -4.88758087e-06 -6.67572021e-05
 -1.50322914e-04 -6.79492950e-06  9.48905945e-05  1.71303749e-04
  1.40202045e-03  8.18133354e-04  4.52995300e-06  1.13010406e-04
  6.79850578e-04 -1.35779381e-04  4.41074371e-05 -6.60419464e-05
 -2.80141830e-05  4.64916229e-06 -9.17911530e-05  8.55922699e-05
  8.90493393e-05 -1.03712082e-05  8.58306885e-05  8.86917114e-05
 -1.15156174e-04  1.33991241e-04  6.68644905e-04  2.25067139e-04
  3.80277634e-05 -5.67436218e-05  2.65717506e-04  1.98960304e-04
  4.17113304e-04  2.98023224e-06  3.44872475e-04  2.23636627e-04
 -3.62396240e-05  1.20639801e-04]","[0.0138914  0.01829209 0.01334    0.01058551 0.01060894 0.01954688
 0.01493913 0.0135742  0.01817063 0.01593209 0.01426671 0.01301128
 0.01335793 0.02008442 0.01746457 0.01513258 0.01190647 0.02015313
 0.01479774 0.01437765 0.02517655 0.02192179 0.01668737 0.02081082
 0.01947969 0.01218969 0.0178192  0.01106    0.01909111 0.02138199
 0.02053081 0.01595988 0.01591121 0.01594845 0.01760148 0.01899306
 0.01314845 0.01485764 0.02091105 0.01496608 0.01496066 0.01793621
 0.01809565 0.01621305 0.0153803  0.01629062 0.01949051 0.01578099
 0.01439375 0.0138338 ]","[0.01463743 0.01188327 0.00745617 0.01171854 0.01250513 0.01542203
 0.01350658 0.01887071 0.02481204 0.00889371 0.01429411 0.00728593
 0.00817112 0.01342409 0.01158049 0.00964583 0.00691886 0.00996481
 0.01452819 0.01536484 0.03126253 0.02525213 0.01033377 0.01291
 0.02493068 0.00740602 0.01126547 0.01049248 0.01148594 0.01092614
 0.00733987 0.01184367 0.01535237 0.01077696 0.01473279 0.01208229
 0.00896746 0.01295386 0.02472663 0.01723997 0.01166119 0.0092382
 0.01615151 0.01315375 0.01806322 0.00961305 0.01796429 0.01858818
 0.00933001 0.01467235]",0.5276099000278056,0.3864720482287152,0.2863767026058887,0.3122547160416119,0.467733241634508,0.364175942381889,0.28508241517633465,0.30295452819215496,0.0021271100881761302,0.0017158537195914958,0.0007246966383368676,0.0008813531700714234,0.03604955216526985,0.0262422638130188,0.0032860878016196084,0.007641277079381314,0.00010117292404174805,0.00013623476028442382,0.0001734906268831166,0.00028878442918396446,0.016405104475652407,0.013632013016754131,0.0031928381232478676,0.005294642522504733
df2,0.24,1.0,0.0,0.0,1.24,0.0,1.0,"[9.60076470e-01 1.49691056e-01 4.36093382e-01 7.70029237e-01
 3.29168072e-01 4.16212987e-02 2.91764847e-01 5.59675216e-01
 3.91087390e-01 5.39576008e-02 2.41482152e-01 8.41636027e-01
 6.92127962e-01 3.91087390e-01 3.49039701e-01 4.36093382e-01
 2.57475452e-01 1.49691056e-01 4.13232440e-01 1.97960446e-01
 2.57475452e-01 9.19466758e-01 1.20088801e-01 8.06755085e-04
 6.12251659e-01 9.54673207e-02 4.59637254e-01 1.45688880e-04
 3.29168072e-01 1.39231997e-01 7.70029237e-01 9.02355278e-01
 1.48741570e-02 5.08599525e-01 9.60076470e-01 2.41482152e-01
 1.60771824e-01 6.12251659e-01 8.41636027e-01 7.44535382e-01
 2.74233349e-01 7.18514257e-01 9.60076470e-01 9.89578389e-01
 1.72496272e-01 3.49039701e-01 7.52091658e-02 2.41040115e-02
 8.41636027e-01 5.87165796e-02]","[6.12251659e-01 3.69683622e-01 4.95346404e-02 3.69683622e-01
 7.70029237e-01 6.93218252e-02 3.69683622e-01 6.38860419e-01
 1.49691056e-01 1.03159376e-01 1.29372179e-01 1.84885683e-01
 3.69683622e-01 5.08599525e-01 1.97960446e-01 1.60771824e-01
 4.59637254e-01 1.64147482e-02 8.15145929e-02 8.18753631e-01
 3.29168072e-01 5.08599525e-01 1.72496272e-01 1.91681353e-04
 5.33907283e-01 4.21554189e-03 2.11739817e-01 1.48741570e-02
 4.36093382e-01 1.39231997e-01 1.20088801e-01 2.57475452e-01
 1.99311438e-02 2.57475452e-01 9.89578389e-01 1.29372179e-01
 4.95346404e-02 5.08599525e-01 3.69683622e-01 2.57475452e-01
 2.41482152e-01 2.74233349e-01 5.59675216e-01 6.12251659e-01
 2.90339156e-02 2.64676308e-02 1.80967606e-02 6.26876255e-04
 8.18753631e-01 6.93218252e-02]","[9.60076470e-01 1.49691056e-01 4.36093382e-01 7.70029237e-01
 3.29168072e-01 4.16212987e-02 2.91764847e-01 5.59675216e-01
 3.91087390e-01 5.39576008e-02 2.41482152e-01 8.41636027e-01
 6.92127962e-01 3.91087390e-01 3.49039701e-01 4.36093382e-01
 2.57475452e-01 1.49691056e-01 4.13232440e-01 1.97960446e-01
 2.57475452e-01 9.19466758e-01 1.20088801e-01 8.06755085e-04
 6.12251659e-01 9.54673207e-02 4.59637254e-01 1.45688880e-04
 3.29168072e-01 1.39231997e-01 7.70029237e-01 9.02355278e-01
 1.48741570e-02 5.08599525e-01 9.60076470e-01 2.41482152e-01
 1.60771824e-01 6.12251659e-01 8.41636027e-01 7.44535382e-01
 2.74233349e-01 7.18514257e-01 9.60076470e-01 9.89578389e-01
 1.72496272e-01 3.49039701e-01 7.52091658e-02 2.41040115e-02
 8.41636027e-01 5.87165796e-02]","[6.12251659e-01 3.69683622e-01 4.95346404e-02 3.69683622e-01
 7.70029237e-01 6.93218252e-02 3.69683622e-01 6.38860419e-01
 1.49691056e-01 1.03159376e-01 1.29372179e-01 1.84885683e-01
 3.69683622e-01 5.08599525e-01 1.97960446e-01 1.60771824e-01
 4.59637254e-01 1.64147482e-02 8.15145929e-02 8.18753631e-01
 3.29168072e-01 5.08599525e-01 1.72496272e-01 1.91681353e-04
 5.33907283e-01 4.21554189e-03 2.11739817e-01 1.48741570e-02
 4.36093382e-01 1.39231997e-01 1.20088801e-01 2.57475452e-01
 1.99311438e-02 2.57475452e-01 9.89578389e-01 1.29372179e-01
 4.95346404e-02 5.08599525e-01 3.69683622e-01 2.57475452e-01
 2.41482152e-01 2.74233349e-01 5.59675216e-01 6.12251659e-01
 2.90339156e-02 2.64676308e-02 1.80967606e-02 6.26876255e-04
 8.18753631e-01 6.93218252e-02]","[9.64533109e-01 1.44762341e-01 4.81612951e-01 8.47798538e-01
 5.51299259e-01 1.77448850e-02 2.58304708e-01 4.92612975e-01
 2.62798899e-01 4.17568000e-02 1.58785723e-01 8.40964121e-01
 5.61527589e-01 7.67033907e-01 5.21227743e-01 4.35081657e-01
 6.76746996e-01 1.20781725e-01 4.25737989e-01 2.86390226e-01
 1.74308743e-01 8.75232481e-01 2.23996603e-01 2.55431622e-03
 6.16306294e-01 5.25727082e-02 6.15757782e-01 6.82001193e-04
 2.85353859e-01 1.46355052e-01 7.64973798e-01 9.18573758e-01
 4.07389928e-02 4.29258641e-01 9.16429910e-01 4.14505393e-01
 4.62162536e-02 3.33699577e-01 8.42345441e-01 5.77138241e-01
 3.37735167e-01 8.90646282e-01 8.33946613e-01 9.98886698e-01
 1.19744755e-01 1.57460403e-01 9.61084312e-02 3.91480528e-02
 7.84859530e-01 1.17130229e-01]","[5.83362602e-01 3.45121824e-01 3.54619302e-02 3.64565941e-01
 7.36969225e-01 4.97554065e-02 1.51421170e-01 4.92118033e-01
 1.43477649e-01 4.19857951e-02 2.43962839e-01 1.84553292e-01
 3.94082267e-01 7.85006637e-01 1.41511893e-01 1.89734411e-01
 3.01118925e-01 1.00741897e-02 7.70417200e-02 8.52119703e-01
 1.64856683e-01 3.77339125e-01 2.80807711e-01 2.44181738e-05
 3.97198343e-01 1.25582964e-02 3.46906632e-01 1.82162689e-02
 1.97832118e-01 7.07036399e-02 1.04866198e-01 2.28138217e-01
 3.59241898e-02 2.31305709e-01 9.93064849e-01 7.14596960e-02
 2.94800233e-02 3.11236409e-01 3.63652177e-01 5.58435945e-01
 1.46799652e-01 2.23640502e-01 4.09513780e-01 5.91334483e-01
 2.36456770e-02 4.30137640e-02 8.23650300e-03 2.91356014e-03
 8.48639702e-01 4.53980559e-02]","[2.50000000e-03 1.60881951e-03 2.50000000e-03 2.50000000e-03
 2.50000000e-03 2.13563692e-04 2.07952166e-03 2.50000000e-03
 2.50000000e-03 4.08698121e-04 1.56936074e-03 2.50000000e-03
 2.50000000e-03 2.50000000e-03 2.50000000e-03 2.50000000e-03
 2.50000000e-03 6.98452300e-04 2.50000000e-03 2.50000000e-03
 1.20792780e-03 2.50000000e-03 1.09531664e-03 3.05558642e-05
 2.50000000e-03 5.08137077e-04 2.50000000e-03 1.33487621e-05
 2.08712280e-03 1.37730027e-03 2.50000000e-03 2.50000000e-03
 3.86846324e-04 2.50000000e-03 2.50000000e-03 2.50000000e-03
 3.24237799e-04 2.31166104e-03 2.50000000e-03 2.50000000e-03
 2.50000000e-03 2.50000000e-03 2.50000000e-03 2.50000000e-03
 1.51041997e-03 2.04778577e-03 1.14749030e-03 2.10264810e-04
 2.50000000e-03 1.79889858e-03]","[2.50000000e-03 2.50000000e-03 5.24640078e-04 2.50000000e-03
 2.50000000e-03 6.42912000e-04 8.54740409e-04 2.50000000e-03
 1.76277250e-03 2.46257451e-04 2.23853106e-03 2.00184841e-03
 2.50000000e-03 2.50000000e-03 1.29281548e-03 2.50000000e-03
 2.50000000e-03 5.01077077e-05 6.89191704e-04 2.50000000e-03
 9.60321859e-04 2.50000000e-03 1.55864062e-03 1.00000000e-05
 2.50000000e-03 9.36960750e-05 2.50000000e-03 3.15432864e-04
 1.21110321e-03 7.68387928e-04 1.14983618e-03 2.50000000e-03
 2.17876763e-04 2.04197607e-03 2.50000000e-03 7.49517256e-04
 1.55475079e-04 1.95063451e-03 2.50000000e-03 2.50000000e-03
 1.47110069e-03 2.16238655e-03 2.50000000e-03 2.50000000e-03
 2.49426509e-04 5.64993341e-04 1.03620049e-04 1.60191314e-05
 2.50000000e-03 6.06655377e-04]","[0.03719829 0.03837194 0.03701935 0.03823141 0.03489488 0.04154717
 0.0310882  0.03629597 0.04190108 0.03331962 0.03541429 0.04208594
 0.03408742 0.03884006 0.03709947 0.03502072 0.0361039  0.02886239
 0.03713894 0.0348869  0.03437092 0.03376692 0.03349856 0.03694133
 0.03649038 0.04030107 0.03973158 0.04589873 0.03621551 0.04224302
 0.04462437 0.03420676 0.04385591 0.03646688 0.03799312 0.03782126
 0.03561307 0.03161426 0.03546786 0.03756628 0.03249189 0.03316309
 0.03220022 0.03641348 0.0379157  0.03254902 0.03824694 0.04859531
 0.03703426 0.03499325]","[0.0329498  0.02682512 0.01868054 0.02914213 0.01379957 0.04717999
 0.03228493 0.03227105 0.02510257 0.02672418 0.02270689 0.03632498
 0.01971367 0.02258859 0.02532746 0.02335446 0.0311927  0.02618299
 0.02367119 0.02366545 0.03003039 0.03451884 0.03160887 0.01909493
 0.02628558 0.03122799 0.02669072 0.05089421 0.01726028 0.02429668
 0.04082576 0.01729445 0.03630305 0.01749845 0.02357885 0.01488261
 0.02125978 0.02645763 0.02377288 0.01867191 0.0155847  0.02494748
 0.02507447 0.02449445 0.02872547 0.01985467 0.01508244 0.03108148
 0.02925271 0.02093212]","[0.00769181 0.00538929 0.00811264 0.00562708 0.01497295 0.00194768
 0.04101175 0.0100357  0.00173012 0.02304136 0.01293267 0.00162567
 0.01872157 0.004662   0.0079217  0.01445371 0.01061137 0.07005051
 0.00782912 0.01500642 0.01731936 0.02042816 0.02196235 0.00830261
 0.00948194 0.00293203 0.00352012 0.00042337 0.01027332 0.00154156
 0.00067244 0.01811939 0.00088325 0.0095474  0.00605233 0.00637704
 0.01222059 0.03592829 0.01273718 0.00688814 0.02866905 0.02402359
 0.03092346 0.0096976  0.00619668 0.02824491 0.00560033 0.00015237
 0.00807679 0.01456568]","[2.54217577e-02 1.10427547e-01 4.81996872e-01 6.56354145e-02
 8.35584875e-01 2.62423184e-04 3.02531373e-02 3.03620840e-02
 1.58070805e-01 1.12847862e-01 2.49980762e-01 9.95125413e-03
 4.13305795e-01 2.55383883e-01 1.51045890e-01 2.21898082e-01
 3.99547006e-02 1.26581012e-01 2.09065153e-01 2.09292496e-01
 5.31564204e-02 1.66256875e-02 3.59774590e-02 4.53767596e-01
 1.23877818e-01 3.96031454e-02 1.13659750e-01 6.08858227e-05
 5.84307546e-01 1.85405390e-01 2.47186414e-03 5.81768421e-01
 1.00150440e-02 5.66669404e-01 2.12746020e-01 7.61618923e-01
 3.22017945e-01 1.19450222e-01 2.05068100e-01 4.82593862e-01
 7.10146086e-01 1.63065688e-01 1.58966609e-01 1.78376487e-01
 7.23020934e-02 4.04385821e-01 7.47167916e-01 4.10805352e-02
 6.39568539e-02 3.40140956e-01]","[ 3.04698944e-04 -1.63316727e-05  3.82781029e-04  2.49624252e-04
  4.89950180e-05  8.86917114e-04 -8.79764557e-05  3.45468521e-04
  5.23090363e-04  1.15513802e-04  1.16825104e-05  4.63247299e-04
  1.81198120e-05  1.31726265e-04  5.00679016e-05 -3.42130661e-05
 -6.84261322e-05 -7.22408295e-05  1.73807144e-04 -1.19566917e-04
  2.13265419e-04 -3.12328339e-05  4.58359718e-04 -2.86102295e-06
  2.19702721e-04  3.62515450e-04 -5.84125519e-05  2.35259533e-03
  1.90734863e-06  2.73466110e-04  3.23891640e-04  1.02877617e-04
  3.18765640e-04  2.09808350e-05 -9.17911530e-05  2.49385834e-04
  7.35521317e-05  2.40802765e-04  1.71661377e-05 -1.97887421e-05
 -1.16705894e-04 -1.16467476e-04 -3.26633453e-05 -4.63724136e-05
  3.84449959e-04  2.96831131e-05 -1.28030777e-04 -1.31130219e-05
  3.58223915e-04  2.74896622e-04]","[ 3.98874283e-04  5.44786453e-05  1.32083893e-04  2.72750854e-04
 -1.54972076e-04  1.64484978e-03  6.23464584e-05  1.04427338e-04
  7.66515732e-05  6.81877136e-05 -1.54495239e-04  4.54783440e-04
 -1.41978264e-04 -2.98023224e-05 -9.47713852e-05 -1.06453896e-04
 -1.43051147e-06 -3.83853912e-05  1.75237656e-05 -1.66058540e-04
  4.38332558e-04  1.22427940e-04  6.91294670e-04 -1.41024590e-04
  3.43441963e-04  3.91006470e-05 -3.63588333e-05  2.78770924e-03
 -1.43885612e-04  1.89542770e-05  4.73976135e-04  6.77108765e-05
  5.90205193e-04 -3.65972519e-05 -1.94311142e-05  7.41481781e-05
 -9.69171524e-05  2.40087509e-04 -1.10864639e-04 -1.93715096e-04
 -1.76191330e-04 -1.50084496e-04 -1.08599663e-04 -1.59025192e-04
  1.71780586e-04  7.15255737e-06 -2.33650208e-05 -3.06367874e-05
  6.24060631e-04  3.56435776e-05]","[0.02007689 0.01482751 0.02025667 0.01805896 0.01415385 0.02835671
 0.01122945 0.02079988 0.02331102 0.01754384 0.01448738 0.02080918
 0.01382522 0.01694742 0.01581461 0.01545934 0.01367448 0.01281522
 0.01661909 0.01067011 0.01795378 0.01476867 0.02034264 0.01427941
 0.01910706 0.01980764 0.01423086 0.04129456 0.01423491 0.01891627
 0.01926056 0.01670215 0.02138017 0.0155702  0.00979458 0.01957516
 0.01822383 0.01874872 0.01645623 0.01301302 0.01113197 0.01287915
 0.01520326 0.01575705 0.02367935 0.01485183 0.01121592 0.01431467
 0.02038745 0.01895729]","[0.01941445 0.01456341 0.01273305 0.01505236 0.00643384 0.03443043
 0.0131825  0.01382709 0.01160194 0.01106949 0.00616308 0.0171004
 0.00659509 0.01024767 0.00810078 0.00846798 0.01119178 0.01025476
 0.01039278 0.00604812 0.01943719 0.01392488 0.02419709 0.00690769
 0.01864504 0.01043209 0.01008143 0.04208158 0.00664712 0.01046919
 0.01775251 0.01256681 0.02213408 0.01010322 0.01170013 0.01185797
 0.00941485 0.01530549 0.00891084 0.0049782  0.0064654  0.00677504
 0.00815386 0.00817541 0.01543858 0.01252679 0.01206818 0.00957891
 0.02392087 0.01139185]",0.42213892527877667,0.2877833596779018,0.3133611404755379,0.2526482035127526,0.4302033629204178,0.2652117556667829,0.3175045899865952,0.2551317890692333,0.0019027145966893175,0.0015332183371607288,0.0008589437675402448,0.0009716845758371685,0.0369539779919386,0.026143442385792734,0.0038868341280409017,0.0077219196440196855,0.00017852067947387695,0.00015395879745483398,0.0003780446508072786,0.000493987826352303,0.01723550352477063,0.012978265690567805,0.005080294408314009,0.007011880045968038
df2,0.26,1.0,0.0,0.0,1.26,0.0,1.0,"[0.01993114 0.27423335 0.00525377 0.3490397  0.48382277 0.21173982
 0.77002924 0.71851426 0.02410401 0.66552932 0.45963725 0.94837208
 0.18488568 0.71851426 0.50859953 0.03809482 0.07520917 0.43609338
 0.03483221 0.41323244 0.03181713 0.8633028  0.69212796 0.63886042
 0.05871658 0.17249627 0.50859953 0.22624166 0.31007573 0.77002924
 0.25747545 0.93482727 0.41323244 0.31007573 0.09546732 0.48382277
 0.71851426 0.36968362 0.45963725 0.84163603 0.58582128 0.71851426
 0.39108739 0.24148215 0.32916807 0.36968362 0.79482654 0.93482727
 0.84163603 0.55967522]","[4.85152370e-04 4.59637254e-01 2.90339156e-02 2.11739817e-01
 5.87165796e-02 1.97960446e-01 2.74233349e-01 6.12251659e-01
 1.80967606e-02 4.13232440e-01 2.26241661e-01 2.41482152e-01
 8.82599083e-02 2.74233349e-01 5.59675216e-01 5.51757155e-04
 5.39576008e-02 9.02355278e-01 2.26241661e-01 2.74233349e-01
 2.57475452e-01 5.87165796e-02 4.83822766e-01 4.59637254e-01
 2.64676308e-02 1.72496272e-01 5.33907283e-01 4.95346404e-02
 1.03159376e-01 1.84885683e-01 5.08599525e-01 5.59675216e-01
 6.38312357e-02 3.91087390e-01 1.49691056e-01 1.97960446e-01
 5.59675216e-01 3.69683622e-01 2.41482152e-01 1.97960446e-01
 1.29372179e-01 3.49039701e-01 4.59637254e-01 3.48322136e-02
 5.08599525e-01 4.59637254e-01 8.15145929e-02 2.91764847e-01
 7.44535382e-01 4.59637254e-01]","[0.01993114 0.27423335 0.00525377 0.3490397  0.48382277 0.21173982
 0.77002924 0.71851426 0.02410401 0.66552932 0.45963725 0.94837208
 0.18488568 0.71851426 0.50859953 0.03809482 0.07520917 0.43609338
 0.03483221 0.41323244 0.03181713 0.8633028  0.69212796 0.63886042
 0.05871658 0.17249627 0.50859953 0.22624166 0.31007573 0.77002924
 0.25747545 0.93482727 0.41323244 0.31007573 0.09546732 0.48382277
 0.71851426 0.36968362 0.45963725 0.84163603 0.58582128 0.71851426
 0.39108739 0.24148215 0.32916807 0.36968362 0.79482654 0.93482727
 0.84163603 0.55967522]","[4.85152370e-04 4.59637254e-01 2.90339156e-02 2.11739817e-01
 5.87165796e-02 1.97960446e-01 2.74233349e-01 6.12251659e-01
 1.80967606e-02 4.13232440e-01 2.26241661e-01 2.41482152e-01
 8.82599083e-02 2.74233349e-01 5.59675216e-01 5.51757155e-04
 5.39576008e-02 9.02355278e-01 2.26241661e-01 2.74233349e-01
 2.57475452e-01 5.87165796e-02 4.83822766e-01 4.59637254e-01
 2.64676308e-02 1.72496272e-01 5.33907283e-01 4.95346404e-02
 1.03159376e-01 1.84885683e-01 5.08599525e-01 5.59675216e-01
 6.38312357e-02 3.91087390e-01 1.49691056e-01 1.97960446e-01
 5.59675216e-01 3.69683622e-01 2.41482152e-01 1.97960446e-01
 1.29372179e-01 3.49039701e-01 4.59637254e-01 3.48322136e-02
 5.08599525e-01 4.59637254e-01 8.15145929e-02 2.91764847e-01
 7.44535382e-01 4.59637254e-01]","[0.0193367  0.29991003 0.00365707 0.37340692 0.47427534 0.27863171
 0.79504713 0.61433221 0.11019089 0.64475809 0.42837238 0.89674874
 0.07227512 0.67467494 0.54506101 0.06553773 0.17251845 0.62340554
 0.02791361 0.27555044 0.03627143 0.68766735 0.78774612 0.46002218
 0.07486896 0.20647577 0.62737991 0.26531729 0.10730749 0.47290542
 0.13526447 0.92157318 0.32135715 0.36646602 0.04797642 0.58212605
 0.6183747  0.42502394 0.24654014 0.78854878 0.51591453 0.86686109
 0.45444434 0.14400104 0.30200868 0.25767654 0.67541704 0.87516139
 0.83695327 0.68217542]","[3.42663963e-04 2.35774365e-01 1.99338286e-02 3.53421798e-01
 8.06452793e-02 3.33427228e-01 2.50250402e-01 3.57457540e-01
 2.12346429e-02 4.90903824e-01 1.23291313e-01 3.20332002e-01
 3.94769829e-02 2.70306000e-01 6.89522522e-01 2.32468824e-03
 9.39316352e-02 9.45990533e-01 1.82280028e-01 2.23818910e-01
 2.26668914e-01 1.57313175e-01 2.69237937e-01 3.67962711e-01
 3.58972548e-02 2.96891758e-01 3.64284636e-01 9.55680220e-02
 7.11533885e-02 1.73636088e-01 4.29908535e-01 5.18387700e-01
 3.11423696e-02 2.66613337e-01 1.26873228e-01 1.80073932e-01
 3.75083665e-01 2.48286122e-01 1.97074488e-01 1.80301714e-01
 1.00348914e-01 4.60052643e-01 3.49135548e-01 5.70986053e-02
 3.59005763e-01 4.37616005e-01 2.16385040e-01 4.05353663e-01
 8.12998579e-01 4.35289712e-01]","[1.11690109e-04 1.52992690e-03 6.45340418e-05 2.50000000e-03
 2.50000000e-03 2.25022468e-03 2.50000000e-03 2.50000000e-03
 1.36461177e-03 2.50000000e-03 2.50000000e-03 2.50000000e-03
 5.09275008e-04 2.50000000e-03 2.50000000e-03 5.83075314e-04
 1.98577512e-03 2.50000000e-03 2.56820601e-04 2.50000000e-03
 4.60209615e-04 2.50000000e-03 2.50000000e-03 2.50000000e-03
 5.77264151e-04 2.50000000e-03 2.50000000e-03 2.20941429e-03
 6.81280457e-04 2.50000000e-03 9.01432727e-04 2.50000000e-03
 2.50000000e-03 2.50000000e-03 5.85312813e-04 2.50000000e-03
 2.50000000e-03 2.50000000e-03 1.30559560e-03 2.50000000e-03
 2.50000000e-03 2.50000000e-03 2.10533922e-03 1.97222961e-03
 2.50000000e-03 2.50000000e-03 2.50000000e-03 2.50000000e-03
 2.50000000e-03 2.50000000e-03]","[1.00000000e-05 1.15710838e-03 3.38370387e-04 2.50000000e-03
 7.11348162e-04 2.22369103e-03 2.50000000e-03 2.50000000e-03
 2.95754519e-04 2.50000000e-03 9.00432056e-04 2.50000000e-03
 2.19264248e-04 2.50000000e-03 2.50000000e-03 1.83470115e-05
 1.10804388e-03 2.50000000e-03 1.56119146e-03 2.50000000e-03
 2.45485402e-03 1.10088766e-03 2.50000000e-03 2.23018337e-03
 2.10265312e-04 2.50000000e-03 2.50000000e-03 7.34580548e-04
 4.21133537e-04 1.03626689e-03 2.50000000e-03 2.50000000e-03
 3.35991215e-04 1.80619408e-03 1.39011048e-03 1.53370352e-03
 2.50000000e-03 1.89949206e-03 9.57712155e-04 2.03944269e-03
 1.11096574e-03 2.50000000e-03 2.02839727e-03 7.21414102e-04
 2.50000000e-03 2.50000000e-03 1.91962846e-03 2.50000000e-03
 2.50000000e-03 2.50000000e-03]","[0.049989   0.0306922  0.04164385 0.03741929 0.03222302 0.03385251
 0.0386747  0.04278172 0.03219222 0.03102643 0.03037846 0.03107345
 0.03198413 0.03276352 0.03901809 0.04065209 0.04652085 0.0362712
 0.03615782 0.03777545 0.04197286 0.03450616 0.0334869  0.03399453
 0.03491601 0.03823731 0.03202275 0.04006121 0.04081828 0.04314914
 0.03419096 0.03812947 0.03419823 0.03533499 0.03683882 0.03523057
 0.03427103 0.04708936 0.03705553 0.03682416 0.03413868 0.03422733
 0.03891305 0.04413331 0.03780703 0.03446146 0.03202971 0.03317091
 0.03676268 0.03721765]","[0.03862247 0.02390526 0.04520295 0.02934995 0.03397982 0.02323438
 0.01613158 0.03142623 0.01912794 0.02114204 0.0193167  0.02730855
 0.02488715 0.01574606 0.0284076  0.03430693 0.02517238 0.022814
 0.03399066 0.01569983 0.0389296  0.0186227  0.02133702 0.02834289
 0.01924837 0.03561765 0.01367251 0.02906592 0.02445299 0.01394524
 0.03362923 0.03449646 0.02021249 0.03522861 0.03048632 0.02468857
 0.0206967  0.02808947 0.0359046  0.02039821 0.01572421 0.0260878
 0.04146206 0.03225837 0.02608976 0.02389371 0.03843152 0.0286405
 0.01999722 0.0259707 ]","[8.78174805e-05 4.52412724e-02 1.88585585e-03 7.19951240e-03
 3.07417847e-02 1.99593953e-02 4.90793291e-03 1.28286567e-03
 3.09873904e-02 4.16478439e-02 4.88562168e-02 4.11628868e-02
 3.26928643e-02 2.67012485e-02 4.40988683e-03 2.61620658e-03
 3.36185080e-04 1.01083154e-02 1.04468183e-02 6.46623887e-03
 1.68884381e-03 1.66841545e-02 2.20312727e-02 1.92025856e-02
 1.48846064e-02 5.61690615e-03 3.23702570e-02 3.16769506e-03
 2.47792491e-03 1.13028823e-03 1.81981145e-02 5.80553819e-03
 1.81618536e-02 1.32270196e-02 8.55833841e-03 1.36237797e-02
 1.78023053e-02 2.71571188e-04 8.02590068e-03 8.59548661e-03
 1.84607624e-02 1.80173896e-02 4.55707190e-03 8.00881874e-04
 6.40463057e-03 1.68917590e-02 3.23123414e-02 2.39736831e-02
 8.75287289e-03 7.64749222e-03]","[4.98806207e-03 1.99952909e-01 5.45919130e-04 6.25111779e-02
 1.92798024e-02 2.26916526e-01 6.69123233e-01 3.76781034e-02
 4.51556842e-01 3.28452846e-01 4.39024095e-01 9.94226476e-02
 1.65042083e-01 6.98095499e-01 7.77667488e-02 1.76273717e-02
 1.55862654e-01 2.45161888e-01 1.92228856e-02 7.01553889e-01
 4.53358622e-03 4.86003772e-01 3.17843419e-01 7.89210916e-02
 4.43539291e-01 1.22046100e-02 8.43638907e-01 6.68140958e-02
 1.79832527e-01 8.26166371e-01 2.12029734e-02 1.67290090e-02
 3.82272684e-01 1.36313206e-02 4.75861586e-02 1.71682900e-01
 3.53573913e-01 8.35817112e-02 1.12401286e-02 3.71096523e-01
 6.99730578e-01 1.29132327e-01 2.00365781e-03 3.04619139e-02
 1.29079318e-01 2.00395386e-01 5.29128006e-03 7.37298824e-02
 3.95485718e-01 1.32328065e-01]","[ 1.94430351e-04  3.82661819e-05  7.93576241e-04 -5.04255295e-05
 -5.96046448e-07  1.66893005e-05  1.43885612e-04  1.49130821e-04
  3.27944756e-04 -6.27040863e-05 -8.33272934e-05  7.27176666e-06
  5.82933426e-05 -6.67572021e-05 -9.62018967e-05  4.76479530e-04
  1.52945518e-04 -7.99894333e-05  4.37498093e-05 -1.13487244e-04
  9.90748405e-04  7.27176666e-05  7.87973404e-05  1.35421753e-04
  6.98566437e-05  3.97801399e-04  1.00970268e-04  1.39713287e-04
  3.04222107e-04 -3.01599503e-05 -3.75509262e-05 -4.76837158e-06
  4.87565994e-05 -6.84261322e-05  6.06775284e-04 -4.30345535e-05
 -3.06367874e-05  6.24656677e-05  1.00731850e-04  3.85642052e-04
  7.98702240e-06  2.11000443e-05  5.68628311e-05  1.24096870e-04
  2.04086304e-04  1.60932541e-04  1.33156776e-04 -1.41382217e-04
  1.27553940e-04 -8.45193863e-05]","[-4.70876694e-05 -1.39951706e-04  1.28686428e-03 -1.75356865e-04
  1.20401382e-04  2.19106674e-04 -7.28368759e-05 -4.83989716e-05
  2.54034996e-04 -4.82797623e-05 -1.20878220e-04  2.36034393e-05
  1.00135803e-04 -3.39746475e-05  4.52995300e-06  5.43117523e-04
 -6.92605972e-05  3.12328339e-05  9.91821289e-05 -8.47578049e-05
  1.14154816e-03 -6.31809235e-05  1.54018402e-04  3.65972519e-05
 -1.03950500e-04  2.02417374e-04 -1.20520592e-04  4.58955765e-05
 -1.07288361e-06 -1.44243240e-04  1.67608261e-04  1.97052956e-04
 -4.64916229e-05 -1.64747238e-04  8.87274742e-04  3.93390656e-05
  2.26497650e-05  1.59740448e-05  4.13179398e-04  1.26361847e-04
 -1.15513802e-04  1.84774399e-05  2.09093094e-04  3.81469727e-05
  5.40018082e-05 -1.46508217e-04 -8.96453857e-05 -1.49726868e-04
  1.26361847e-04 -9.62018967e-05]","[0.01839874 0.01373369 0.02412367 0.0133543  0.01478416 0.01696855
 0.01845171 0.01808027 0.02054355 0.01392524 0.01424897 0.01543395
 0.01606238 0.01355386 0.01124443 0.0228375  0.01944809 0.01217264
 0.01405707 0.01094805 0.02774083 0.0163072  0.01555882 0.01777436
 0.01653306 0.02029341 0.01770822 0.01727487 0.0184606  0.01357352
 0.01281546 0.01488594 0.01683926 0.01394411 0.02451709 0.01366195
 0.01539933 0.01654001 0.01684262 0.02092089 0.01535462 0.01497303
 0.01658081 0.01685604 0.01991012 0.01778599 0.01815509 0.01080259
 0.01569049 0.01397095]","[0.00931802 0.00698267 0.0291885  0.00511552 0.01619657 0.01583982
 0.00897629 0.00971212 0.01517943 0.01056076 0.00793323 0.01081857
 0.01420184 0.0115112  0.0129314  0.0186254  0.00985613 0.01339518
 0.01525466 0.00920097 0.02788056 0.00882089 0.01443854 0.01055515
 0.00914835 0.01460959 0.00746243 0.01200586 0.00951419 0.00596907
 0.01565075 0.01560638 0.0101409  0.0064001  0.02639693 0.01107276
 0.01212115 0.01420704 0.01891608 0.01181282 0.00892818 0.01293195
 0.01630863 0.01158276 0.01092178 0.00617262 0.00818651 0.00744904
 0.01455468 0.00952577]",0.44526058959058246,0.28421877498079473,0.2834465998846627,0.21309937995970976,0.42370860316752534,0.2656061926341411,0.27752381329124126,0.20127889429651785,0.0019890802407513384,0.001699495484709263,0.0008224174856064225,0.0008840693669640382,0.03676560134708882,0.026707877497673036,0.004474795867043218,0.007707224028625334,0.00011478185653686524,8.991241455078125e-05,0.0002236536720210851,0.00030028288657425414,0.016600841805874275,0.012401794872358344,0.003474070803720983,0.005153398736987441
df2,0.28,1.0,0.0,0.0,1.28,0.0,1.0,"[0.77002924 0.74453538 0.01346465 0.43609338 0.48382277 0.81875363
 0.93482727 0.55967522 0.53390728 0.88359176 0.84163603 0.63886042
 0.16077182 0.24148215 0.99328163 0.63886042 0.06932183 0.81875363
 0.16077182 0.18488568 0.14969106 0.81875363 0.19796045 0.39108739
 0.48382277 0.04542867 0.96996014 0.69212796 0.39108739 0.55967522
 0.31007573 0.61225166 0.19796045 0.06383124 0.61225166 0.39108739
 0.41323244 0.43609338 0.53390728 0.50859953 0.25747545 0.63886042
 0.3490397  0.74453538 0.43609338 0.08151459 0.31007573 0.91946676
 0.90235528 0.48382277]","[0.43609338 0.139232   0.00806269 0.16077182 0.07520917 0.61225166
 0.02646763 0.08151459 0.32916807 0.41323244 0.41323244 0.04542867
 0.05871658 0.31007573 0.66552932 0.39108739 0.06932183 0.90235528
 0.09546732 0.04542867 0.41323244 0.77002924 0.00895146 0.21173982
 0.17249627 0.02192948 0.41323244 0.43609338 0.61225166 0.71851426
 0.61225166 0.02410401 0.31007573 0.01993114 0.0539576  0.02646763
 0.53390728 0.71851426 0.11135888 0.24148215 0.12937218 0.16077182
 0.77002924 0.27423335 0.22624166 0.10315938 0.29176485 0.90235528
 0.79482654 0.48382277]","[0.77002924 0.74453538 0.01346465 0.43609338 0.48382277 0.81875363
 0.93482727 0.55967522 0.53390728 0.88359176 0.84163603 0.63886042
 0.16077182 0.24148215 0.99328163 0.63886042 0.06932183 0.81875363
 0.16077182 0.18488568 0.14969106 0.81875363 0.19796045 0.39108739
 0.48382277 0.04542867 0.96996014 0.69212796 0.39108739 0.55967522
 0.31007573 0.61225166 0.19796045 0.06383124 0.61225166 0.39108739
 0.41323244 0.43609338 0.53390728 0.50859953 0.25747545 0.63886042
 0.3490397  0.74453538 0.43609338 0.08151459 0.31007573 0.91946676
 0.90235528 0.48382277]","[0.43609338 0.139232   0.00806269 0.16077182 0.07520917 0.61225166
 0.02646763 0.08151459 0.32916807 0.41323244 0.41323244 0.04542867
 0.05871658 0.31007573 0.66552932 0.39108739 0.06932183 0.90235528
 0.09546732 0.04542867 0.41323244 0.77002924 0.00895146 0.21173982
 0.17249627 0.02192948 0.41323244 0.43609338 0.61225166 0.71851426
 0.61225166 0.02410401 0.31007573 0.01993114 0.0539576  0.02646763
 0.53390728 0.71851426 0.11135888 0.24148215 0.12937218 0.16077182
 0.77002924 0.27423335 0.22624166 0.10315938 0.29176485 0.90235528
 0.79482654 0.48382277]","[0.75975865 0.66782751 0.01170075 0.51531059 0.40389678 0.64888584
 0.91949554 0.22452674 0.6485479  0.73230068 0.75816535 0.72126818
 0.0768891  0.21138403 0.99317265 0.54980537 0.13483958 0.87164323
 0.13828558 0.1749485  0.1579428  0.7679759  0.27553576 0.45931308
 0.71416374 0.05410397 0.93302544 0.47444562 0.2773284  0.29637022
 0.33758631 0.54359043 0.28264281 0.09395313 0.43515172 0.25714848
 0.23402801 0.50034785 0.40649675 0.53433676 0.37967949 0.78129538
 0.13625234 0.76794331 0.8028527  0.11763264 0.30654282 0.87876534
 0.70261925 0.45180219]","[0.33116289 0.10451634 0.00296028 0.10416584 0.05646444 0.62618945
 0.0451641  0.05396122 0.41814536 0.18660574 0.37060154 0.09067311
 0.02740325 0.33047635 0.63008406 0.25169088 0.06229957 0.86543198
 0.06848944 0.04574065 0.37652084 0.92879364 0.01390983 0.22477444
 0.13729176 0.01459694 0.4917988  0.259214   0.38883141 0.67091101
 0.5607695  0.18140107 0.38414331 0.02227159 0.06695416 0.01313765
 0.5441086  0.74467965 0.05346937 0.13037224 0.1611115  0.27809195
 0.62927082 0.41230362 0.16256397 0.18434655 0.21810266 0.86190595
 0.89837628 0.55580056]","[0.0025     0.0025     0.00013171 0.0025     0.0025     0.0025
 0.0025     0.0025     0.0025     0.0025     0.0025     0.0025
 0.00068255 0.00189613 0.0025     0.0025     0.00113749 0.0025
 0.0014633  0.00195546 0.00127559 0.0025     0.00226357 0.0025
 0.0025     0.00071158 0.0025     0.0025     0.00187373 0.00232242
 0.0025     0.0025     0.00145597 0.00097826 0.0025     0.0025
 0.00225844 0.0025     0.0025     0.0025     0.0025     0.0025
 0.00131095 0.0025     0.0025     0.00120768 0.0025     0.0025
 0.0025     0.0025    ]","[2.50000000e-03 1.44645213e-03 3.61336082e-05 1.02842478e-03
 3.01874771e-04 2.50000000e-03 6.07452022e-04 6.79580161e-04
 2.50000000e-03 1.79450670e-03 2.50000000e-03 1.14334745e-03
 2.64762824e-04 2.50000000e-03 2.50000000e-03 2.29422849e-03
 2.70550624e-04 2.50000000e-03 6.75863216e-04 5.32992800e-04
 2.50000000e-03 2.50000000e-03 1.41410287e-04 1.54487939e-03
 1.55001669e-03 1.82235579e-04 2.50000000e-03 2.50000000e-03
 2.50000000e-03 2.50000000e-03 2.50000000e-03 6.82854088e-04
 1.56304689e-03 1.98138319e-04 4.42956665e-04 1.19352100e-04
 2.50000000e-03 2.50000000e-03 6.53228477e-04 1.01505022e-03
 1.60498994e-03 2.50000000e-03 2.50000000e-03 2.50000000e-03
 1.74076135e-03 1.66983176e-03 1.51139219e-03 2.50000000e-03
 2.50000000e-03 2.50000000e-03]","[0.03760563 0.04032602 0.04375727 0.04283546 0.03085354 0.03494603
 0.03596125 0.0430743  0.03197255 0.03960679 0.03559834 0.03815639
 0.03525741 0.03483047 0.03621505 0.03432659 0.0381991  0.03627251
 0.04172492 0.03334268 0.04728938 0.03691356 0.03495982 0.03668332
 0.03748913 0.04175914 0.03342062 0.03626476 0.03243041 0.03528679
 0.03873017 0.03548098 0.03198067 0.03589752 0.03439284 0.03769734
 0.03444447 0.04240213 0.03181231 0.0319529  0.03691005 0.03696604
 0.04415818 0.03364009 0.03498222 0.03897945 0.0403383  0.03151517
 0.03975941 0.03219535]","[0.02452795 0.01965072 0.03069876 0.0290286  0.02517598 0.03031032
 0.02047675 0.02520919 0.02456838 0.0166454  0.02227638 0.02855076
 0.01725463 0.02291608 0.02139382 0.02361634 0.03406575 0.01643542
 0.02462163 0.01627163 0.04127489 0.01568081 0.02938479 0.02718051
 0.01538586 0.02636286 0.02561214 0.02328351 0.03501316 0.01933739
 0.02247774 0.02589412 0.02961108 0.01652506 0.03690909 0.02545604
 0.0264734  0.04235951 0.02095227 0.0239973  0.0137501  0.02273569
 0.03714008 0.03571487 0.01283537 0.03491148 0.03711188 0.01791075
 0.03809042 0.03543439]","[0.0068069  0.00290846 0.0009144  0.00125941 0.04347439 0.01475989
 0.01105808 0.00115992 0.0327901  0.00366271 0.01227213 0.00575792
 0.01352078 0.01524509 0.01027471 0.01753224 0.0056831  0.01010445
 0.00183542 0.02289974 0.00025177 0.00837118 0.01470293 0.00895992
 0.00705001 0.00181451 0.02242669 0.01012728 0.0291318  0.01340883
 0.00482414 0.01268969 0.03272185 0.01126308 0.01721493 0.00662094
 0.01697126 0.0014605  0.03416254 0.03295577 0.00837989 0.00824201
 0.00079386 0.02114095 0.0146108  0.00446352 0.00289693 0.0368414
 0.00348903 0.03096234]","[0.1772068  0.41732515 0.04516821 0.06739779 0.1557496  0.04967351
 0.36643334 0.15470853 0.17580349 0.63037481 0.27005518 0.07526381
 0.58472742 0.24063379 0.31479728 0.21124587 0.01883284 0.64620625
 0.17396825 0.65856286 0.00213204 0.70297532 0.06200018 0.10224466
 0.72490398 0.1218728  0.14251494 0.22485296 0.01448445 0.43766246
 0.26052451 0.13445242 0.05876662 0.63944479 0.00838227 0.14714345
 0.11905107 0.00148182 0.3390073  0.19645497 0.83873935 0.24867822
 0.00782648 0.01186977 0.89237788 0.01490348 0.00789247 0.53653245
 0.00587527 0.01285899]","[ 1.64508820e-05  5.87701797e-05  1.69277191e-04  6.48617744e-04
  1.01685524e-04  3.76820564e-04  4.98294830e-05  1.29461288e-04
 -1.42097473e-04  9.91821289e-05  1.17778778e-04  9.04798508e-05
  2.64644623e-05  2.64048576e-04  8.23736191e-05  4.29153442e-06
  4.21404839e-04  2.32577324e-04  2.20537186e-04  4.18782234e-04
  1.17111206e-03 -7.64131546e-05  3.81946564e-04  6.74724579e-05
  5.97238541e-05  3.37004662e-04  6.41345978e-05 -3.51667404e-05
  3.58104706e-04 -5.28097153e-05 -1.80006027e-05 -2.90870667e-05
  6.56843185e-05  7.70092010e-05 -2.81333923e-05  2.44379044e-05
  2.24947929e-04  1.01804733e-03 -1.65343285e-04  2.20060349e-04
  1.54972076e-04  9.50098038e-05  1.40798092e-03  8.98838043e-05
 -1.71661377e-05  2.57849693e-04  6.77108765e-05 -7.40289688e-05
  2.05159187e-04 -9.48905945e-05]","[ 7.86781311e-05  8.17775726e-05 -8.22544098e-06  3.99947166e-04
  1.60336494e-04  2.95519829e-04  2.26497650e-05 -1.42455101e-04
 -1.28269196e-04  2.11000443e-05  2.85148621e-04  1.31845474e-04
 -1.10268593e-04  1.64985657e-04 -1.32799149e-04 -1.92284584e-04
  2.31266022e-04 -6.98566437e-05  5.23328781e-05 -8.91685486e-05
  1.22380257e-03 -1.66058540e-04  2.34007835e-04 -2.07424164e-05
 -3.21865082e-05  2.67028809e-05 -7.84397125e-05 -5.90085983e-05
  5.37157059e-04 -1.27911568e-04 -1.35302544e-04 -1.17301941e-04
  4.22120094e-04 -1.03831291e-04  1.69515610e-04 -5.18560410e-05
  5.94973564e-04  1.37746334e-03 -1.89423561e-04 -1.21593475e-05
 -3.38554382e-05 -4.81605530e-05  1.39474869e-03  3.21626663e-04
 -1.56044960e-04  5.46336174e-04  2.59518623e-04  1.15275383e-04
  3.33428383e-04  4.95910645e-05]","[0.01606571 0.01660253 0.01699745 0.02317457 0.01730351 0.02175033
 0.01802374 0.01707252 0.01127805 0.01613926 0.0168222  0.01850862
 0.0151358  0.0196866  0.01778021 0.01547065 0.02226044 0.01870057
 0.01913555 0.0220121  0.02730281 0.01362995 0.02042882 0.01593698
 0.01550696 0.01894741 0.01744829 0.01449307 0.019968   0.01408764
 0.01426864 0.01285323 0.0165282  0.01585294 0.01420207 0.01603057
 0.01808172 0.02912847 0.00935987 0.01873249 0.01842885 0.01674662
 0.02953381 0.01677315 0.01291897 0.01981838 0.01543129 0.0121643
 0.0172283  0.01228367]","[0.01349056 0.01265133 0.01023678 0.01677637 0.01387056 0.01517629
 0.01053752 0.00689455 0.00800985 0.01083093 0.01536682 0.01368071
 0.00849487 0.01418455 0.00876371 0.00538075 0.01310439 0.0088455
 0.01110436 0.00922138 0.02649344 0.00602967 0.01386636 0.00993964
 0.00928522 0.01122914 0.00917886 0.01013654 0.02007927 0.00799523
 0.00664516 0.00774589 0.02143162 0.00748744 0.01424162 0.00993009
 0.02240192 0.03248037 0.00482916 0.01072309 0.00959525 0.00985367
 0.02730484 0.01640668 0.00569906 0.0241829  0.017693   0.01355572
 0.0174716  0.01395997]",0.4965890177557333,0.31691489032799675,0.2779929259212619,0.26937246703267526,0.4704705037675246,0.3048410030169529,0.2744378998230338,0.2696080237697857,0.0021584964762085827,0.0016139262705945278,0.0006127612031837985,0.0009274481733465009,0.036831897101998336,0.025770020455718037,0.0037742311258583015,0.0075374988790545775,0.0001828789710998535,0.00014652490615844728,0.00030791552821091215,0.0003647159977163411,0.01748071786244003,0.01288988336205551,0.0040349916879968166,0.006017447267188261
df2,0.3,1.0,0.0,0.0,1.3,0.0,1.0,"[0.22624166 0.36968362 0.29176485 0.53390728 0.31007573 0.12937218
 0.24148215 0.53390728 0.58582128 0.48382277 0.16077182 0.77002924
 0.09546732 0.24148215 0.96996014 0.48382277 0.61225166 0.69212796
 0.31007573 0.98957839 0.55967522 0.32916807 0.1200888  0.04542867
 0.55967522 0.16077182 0.81875363 0.45963725 0.14969106 0.55967522
 0.24148215 0.50859953 0.10315938 0.32916807 0.61225166 0.69212796
 0.24148215 0.48382277 0.48382277 0.53390728 0.61225166 0.48382277
 0.63886042 0.16077182 0.01487416 0.81875363 0.21173982 0.77002924
 0.96007647 0.25747545]","[1.32017364e-03 4.13232440e-01 1.29372179e-01 1.03159376e-01
 2.41040115e-02 8.15145929e-02 2.91764847e-01 4.13232440e-01
 2.57475452e-01 5.39576008e-02 4.13232440e-01 8.18753631e-01
 9.54673207e-02 1.60771824e-01 1.84885683e-01 2.57475452e-01
 8.63302804e-01 4.16212987e-02 1.29372179e-01 3.29168072e-01
 2.90339156e-02 9.84577388e-01 1.20088801e-01 3.73964604e-04
 5.25376643e-03 9.54673207e-02 2.74233349e-01 5.59675216e-01
 3.48322136e-02 4.36093382e-01 8.06268875e-03 7.25488863e-03
 7.52091658e-02 3.18171260e-02 4.36093382e-01 5.33907283e-01
 3.91087390e-01 2.26241661e-01 4.13232440e-01 6.92127962e-01
 1.03159376e-01 1.97960446e-01 4.16212987e-02 1.97960446e-01
 2.68158880e-03 4.59637254e-01 2.57475452e-01 1.29372179e-01
 8.18753631e-01 1.20088801e-01]","[0.22624166 0.36968362 0.29176485 0.53390728 0.31007573 0.12937218
 0.24148215 0.53390728 0.58582128 0.48382277 0.16077182 0.77002924
 0.09546732 0.24148215 0.96996014 0.48382277 0.61225166 0.69212796
 0.31007573 0.98957839 0.55967522 0.32916807 0.1200888  0.04542867
 0.55967522 0.16077182 0.81875363 0.45963725 0.14969106 0.55967522
 0.24148215 0.50859953 0.10315938 0.32916807 0.61225166 0.69212796
 0.24148215 0.48382277 0.48382277 0.53390728 0.61225166 0.48382277
 0.63886042 0.16077182 0.01487416 0.81875363 0.21173982 0.77002924
 0.96007647 0.25747545]","[1.32017364e-03 4.13232440e-01 1.29372179e-01 1.03159376e-01
 2.41040115e-02 8.15145929e-02 2.91764847e-01 4.13232440e-01
 2.57475452e-01 5.39576008e-02 4.13232440e-01 8.18753631e-01
 9.54673207e-02 1.60771824e-01 1.84885683e-01 2.57475452e-01
 8.63302804e-01 4.16212987e-02 1.29372179e-01 3.29168072e-01
 2.90339156e-02 9.84577388e-01 1.20088801e-01 3.73964604e-04
 5.25376643e-03 9.54673207e-02 2.74233349e-01 5.59675216e-01
 3.48322136e-02 4.36093382e-01 8.06268875e-03 7.25488863e-03
 7.52091658e-02 3.18171260e-02 4.36093382e-01 5.33907283e-01
 3.91087390e-01 2.26241661e-01 4.13232440e-01 6.92127962e-01
 1.03159376e-01 1.97960446e-01 4.16212987e-02 1.97960446e-01
 2.68158880e-03 4.59637254e-01 2.57475452e-01 1.29372179e-01
 8.18753631e-01 1.20088801e-01]","[0.19351438 0.48602348 0.31333952 0.62358289 0.1299113  0.12771788
 0.13120475 0.75558802 0.77135061 0.5189232  0.18018021 0.81741788
 0.14289547 0.15656624 0.95715939 0.28069775 0.72459228 0.4845773
 0.29135951 0.99692075 0.48304107 0.17882604 0.14562866 0.01395357
 0.29744602 0.10365103 0.66597665 0.65575151 0.07403268 0.57118684
 0.29898951 0.7745814  0.03407487 0.23354271 0.63074742 0.69477085
 0.23643993 0.50654929 0.3315695  0.37336693 0.44740592 0.45005727
 0.38114633 0.23746278 0.01409764 0.86914076 0.52556772 0.54567128
 0.96279708 0.23420631]","[1.01148731e-02 3.70538604e-01 7.41080696e-02 1.81057837e-01
 1.92825182e-02 7.42180316e-02 1.47623255e-01 3.44354070e-01
 2.25098227e-01 7.86114775e-02 2.72900818e-01 8.24756882e-01
 5.94659105e-02 1.57625016e-01 1.17953563e-01 1.94725836e-01
 6.82193636e-01 3.99211493e-02 1.28226001e-01 2.69580278e-01
 4.94149797e-02 9.67129039e-01 7.53224807e-02 8.18414647e-04
 2.07349422e-02 7.90518515e-02 3.62134102e-01 4.27109982e-01
 1.46886681e-02 7.12870451e-01 1.97043427e-02 9.41689961e-02
 5.91470603e-02 3.00410317e-02 4.33602817e-01 5.45416528e-01
 1.59244236e-01 1.37729533e-01 2.68858466e-01 5.87104779e-01
 1.07938384e-01 9.46541022e-02 3.94109531e-02 1.32778150e-01
 1.60115116e-03 3.63725442e-01 2.31488904e-01 6.45478254e-02
 7.56238459e-01 8.13574999e-02]","[0.00179636 0.00238402 0.00209146 0.0025     0.00130249 0.00067996
 0.00121526 0.0025     0.0025     0.0025     0.0020047  0.0025
 0.00106375 0.00162088 0.0025     0.00178955 0.0025     0.0025
 0.0025     0.0025     0.0025     0.00203066 0.00069066 0.00010986
 0.0025     0.00094016 0.0025     0.0025     0.00046804 0.0025
 0.0025     0.0025     0.00022139 0.0025     0.0025     0.0025
 0.00156701 0.0025     0.00230993 0.0025     0.0025     0.0025
 0.0025     0.00128311 0.00016407 0.0025     0.0025     0.0025
 0.0025     0.0025    ]","[6.81891404e-05 2.00906970e-03 3.98088444e-04 2.21875865e-03
 1.54931032e-04 3.17200491e-04 1.25223557e-03 2.50000000e-03
 1.93577544e-03 3.04936122e-04 2.44649521e-03 2.50000000e-03
 2.96794069e-04 1.44368534e-03 1.00717162e-03 9.28389021e-04
 2.50000000e-03 3.56938111e-04 1.07241379e-03 2.50000000e-03
 5.64816830e-04 2.50000000e-03 3.61402440e-04 1.00000000e-05
 2.85885035e-04 6.31096563e-04 2.50000000e-03 2.50000000e-03
 6.14335364e-05 2.50000000e-03 1.55119526e-04 1.03531646e-03
 3.18145362e-04 3.12515225e-04 2.50000000e-03 2.50000000e-03
 1.20201587e-03 7.84499559e-04 1.59697915e-03 2.50000000e-03
 1.24557089e-03 1.22258814e-03 2.54245939e-04 7.96430965e-04
 1.38484036e-05 2.20023650e-03 1.59401606e-03 4.12432005e-04
 2.50000000e-03 9.81674719e-04]","[0.04067707 0.03707865 0.0343942  0.03649482 0.03127462 0.05007216
 0.0307083  0.03592072 0.033302   0.03495672 0.03435531 0.03132352
 0.04612234 0.0330214  0.03873037 0.03666919 0.03491306 0.03865301
 0.0399818  0.04104265 0.03996484 0.03554916 0.03318535 0.04743638
 0.0349207  0.03428767 0.03344859 0.03661411 0.03181968 0.03401105
 0.03668661 0.03678195 0.03412761 0.03397682 0.03511251 0.03250933
 0.03554822 0.03739427 0.03224383 0.03693717 0.03898343 0.0341583
 0.04184332 0.04611756 0.04691576 0.03319226 0.03210151 0.03119053
 0.03160544 0.03309236]","[0.02804137 0.02259977 0.03309367 0.03367711 0.01822071 0.04888387
 0.03368862 0.02760141 0.02573643 0.02139134 0.02454286 0.03285194
 0.03521543 0.03460161 0.02111304 0.02835223 0.01931144 0.02627944
 0.03609885 0.0212239  0.02255718 0.01695184 0.03060014 0.03977452
 0.02948902 0.03434559 0.01895811 0.01536439 0.02260566 0.02487252
 0.02682437 0.01964869 0.03188792 0.02473909 0.02451073 0.01981273
 0.0321605  0.03087141 0.02326019 0.02939468 0.02972951 0.02623005
 0.03906071 0.02185981 0.03636269 0.03043846 0.02034971 0.02049938
 0.02194388 0.01779996]","[2.59497182e-03 7.97090777e-03 1.72085127e-02 9.46964045e-03
 3.91428494e-02 8.49350720e-05 4.50621711e-02 1.11880786e-02
 2.31501514e-02 1.47157076e-02 1.73940437e-02 3.86650750e-02
 3.89836666e-04 2.49445949e-02 4.82383688e-03 8.99725916e-03
 1.48968969e-02 4.94107249e-03 3.24948229e-03 2.30194768e-03
 3.26720227e-03 1.24455853e-02 2.38817514e-02 2.38094771e-04
 1.48650319e-02 1.77210448e-02 2.22590164e-02 9.14409291e-03
 3.40983639e-02 1.91162807e-02 8.95125765e-03 8.70326492e-03
 1.85168163e-02 1.92955825e-02 1.40852545e-02 2.85389587e-02
 1.24489164e-02 7.25375457e-03 3.05767666e-02 8.31283770e-03
 4.45797283e-03 1.83618126e-02 1.76401369e-03 3.90527353e-04
 2.89940206e-04 2.38378051e-02 3.17209821e-02 3.99764620e-02
 3.60087651e-02 2.44795103e-02]","[8.44919217e-02 2.54869690e-01 2.44709755e-02 2.09306198e-02
 5.14274076e-01 1.36114288e-04 2.08656495e-02 9.32113345e-02
 1.38914183e-01 3.14929804e-01 1.76688408e-01 2.60869802e-02
 1.36821808e-02 1.62484557e-02 3.30051109e-01 7.87534946e-02
 4.39370915e-01 1.24038247e-01 1.06268975e-02 3.23969822e-01
 2.56832872e-01 6.07340607e-01 4.62771449e-02 3.47224869e-03
 6.04923421e-02 1.74407238e-02 4.62992697e-01 7.26490167e-01
 2.54598841e-01 1.65524434e-01 1.10445305e-01 4.17455089e-01
 3.35088109e-02 1.69973634e-01 1.77807379e-01 4.07027434e-01
 3.12421892e-02 4.32824035e-02 2.25830748e-01 6.18556707e-02
 5.71327800e-02 1.25335003e-01 4.35141740e-03 2.90568324e-01
 9.84243524e-03 4.81461846e-02 3.73995032e-01 3.65096419e-01
 2.86341576e-01 5.44575754e-01]","[ 2.41279602e-04 -7.00950623e-05  1.03116035e-04 -4.64916229e-05
  2.46763229e-05  7.06434250e-04 -4.50611115e-05  3.69548798e-06
  5.35845757e-04 -4.95910645e-05  4.64797020e-04  1.67489052e-04
  3.63826752e-04  7.62939453e-05 -7.86781311e-06  1.44839287e-04
  1.62601471e-04  3.33547592e-04  2.87294388e-04  1.72853470e-05
  1.02281570e-04 -3.92198563e-05  1.09314919e-04  8.73088837e-04
  6.46710396e-04  1.83105469e-04 -9.50098038e-05 -1.07288361e-04
 -5.24520874e-05  2.99215317e-05  6.27040863e-05 -8.48770142e-05
  3.25798988e-04 -4.31537628e-05  3.92317772e-04  2.86102295e-05
  1.47223473e-04  1.18970871e-04  1.86681747e-04 -2.03847885e-05
 -1.19686127e-04 -5.32865524e-05  6.06894493e-04  1.21593475e-05
  7.70807266e-04  5.56468964e-04  1.50918961e-04 -7.59363174e-05
  1.27911568e-04 -6.21080399e-05]","[ 6.96182251e-05 -1.63316727e-05  4.04357910e-04 -1.30295753e-04
 -2.64644623e-05  1.13153458e-03  1.73091888e-04  1.07288361e-06
  2.19106674e-04  5.04255295e-05  4.60505486e-04  5.10931015e-04
  4.29511070e-04  1.91688538e-04  1.34706497e-04  1.26838684e-04
 -1.23977661e-05  9.20295715e-05  5.65171242e-04 -9.01222229e-05
  1.78575516e-04 -1.30891800e-04  4.90903854e-04  8.10265541e-04
  2.57372856e-04  1.08242035e-04 -5.07831573e-05 -1.77145004e-04
  1.50799751e-04 -8.89301300e-05 -1.33514404e-04 -2.03013420e-04
  6.63280487e-04 -7.91549683e-05  4.83274460e-04 -1.46031380e-04
  8.73804092e-05  2.14099884e-04 -1.29222870e-04 -3.25441360e-05
 -1.74045563e-04  4.39882278e-05  4.89592552e-04  2.69412994e-04
  2.80737877e-04  9.77754593e-04  1.54852867e-04 -1.00851059e-04
  3.00288200e-04  3.67164612e-05]","[0.01982371 0.01358964 0.01705454 0.01515748 0.01567107 0.0224949
 0.01353066 0.01579052 0.02264571 0.01362446 0.02049735 0.01792335
 0.02175061 0.01689152 0.01423136 0.01811635 0.01746653 0.01983527
 0.01782189 0.01696965 0.017857   0.01321112 0.01554853 0.0258394
 0.0239046  0.01722304 0.01357369 0.01179781 0.0131188  0.0164816
 0.01577046 0.01210722 0.01985915 0.01599957 0.02086557 0.01768681
 0.01849415 0.01757851 0.01715137 0.01559392 0.01188416 0.01317448
 0.02379126 0.01573865 0.02530151 0.02400658 0.01816376 0.01318045
 0.01525171 0.01246947]","[0.01228396 0.01240088 0.01735122 0.00998987 0.00982926 0.02418025
 0.01217919 0.01163527 0.01384258 0.01174615 0.02003859 0.02053754
 0.01727876 0.01568453 0.01661347 0.01364389 0.0096021  0.01227708
 0.0175152  0.00867508 0.01417152 0.00705152 0.01982782 0.02207683
 0.01442821 0.01518634 0.01089987 0.00520728 0.01563622 0.00895421
 0.00864621 0.00512829 0.02374596 0.00971337 0.01699997 0.00634177
 0.01285638 0.01448312 0.00812312 0.00858869 0.00603821 0.01293388
 0.01747452 0.01709019 0.01459244 0.02791464 0.01282403 0.00851135
 0.01924152 0.01298678]",0.4390538015597968,0.25493115193134724,0.25470048058655076,0.2518930895084707,0.4211040472565352,0.22380779249667293,0.2730558062944462,0.2393102710246028,0.002014666494415632,0.0012450268188946379,0.0007516734364364736,0.0009319950610927364,0.03642896437108517,0.02710856972754001,0.004594766281671177,0.00695878016946278,0.0001618480682373047,0.0001767277717590332,0.0002526056555575273,0.0003022279225585895,0.01727021856867206,0.013699582279821257,0.0036684983363864153,0.005119270787723355
df2,0.32,1.0,0.0,0.0,1.32,0.0,1.0,"[0.22624166 0.96007647 0.45963725 0.50859953 0.25747545 0.24148215
 0.55967522 0.74453538 0.36968362 0.31007573 0.90235528 0.8633028
 0.27423335 0.36968362 0.39108739 0.25747545 0.04953464 0.19796045
 0.55967522 0.96996014 0.81875363 0.74453538 0.06383124 0.55967522
 0.50859953 0.53390728 0.66552932 0.43609338 0.29176485 0.53390728
 0.36968362 0.61225166 0.24148215 0.8633028  0.08151459 0.0416213
 0.05871658 0.18488568 0.10315938 0.10315938 0.69212796 0.27423335
 0.66552932 0.81875363 0.41323244 0.11135888 0.81875363 0.58582128
 0.71851426 0.94837208]","[0.0416213  0.12937218 0.04953464 0.03809482 0.02646763 0.16077182
 0.139232   0.88359176 0.24148215 0.29176485 0.31007573 0.66552932
 0.17249627 0.1200888  0.24148215 0.63886042 0.0416213  0.01487416
 0.07520917 0.19796045 0.58582128 0.24148215 0.10315938 0.16077182
 0.139232   0.1200888  0.27423335 0.50859953 0.24148215 0.02410401
 0.22624166 0.14969106 0.00238884 0.41323244 0.01217651 0.02410401
 0.12937218 0.27423335 0.00725489 0.01993114 0.29176485 0.00585634
 0.08151459 0.81875363 0.41323244 0.32916807 0.61225166 0.01809676
 0.50859953 0.63886042]","[0.22624166 0.96007647 0.45963725 0.50859953 0.25747545 0.24148215
 0.55967522 0.74453538 0.36968362 0.31007573 0.90235528 0.8633028
 0.27423335 0.36968362 0.39108739 0.25747545 0.04953464 0.19796045
 0.55967522 0.96996014 0.81875363 0.74453538 0.06383124 0.55967522
 0.50859953 0.53390728 0.66552932 0.43609338 0.29176485 0.53390728
 0.36968362 0.61225166 0.24148215 0.8633028  0.08151459 0.0416213
 0.05871658 0.18488568 0.10315938 0.10315938 0.69212796 0.27423335
 0.66552932 0.81875363 0.41323244 0.11135888 0.81875363 0.58582128
 0.71851426 0.94837208]","[0.0416213  0.12937218 0.04953464 0.03809482 0.02646763 0.16077182
 0.139232   0.88359176 0.24148215 0.29176485 0.31007573 0.66552932
 0.17249627 0.1200888  0.24148215 0.63886042 0.0416213  0.01487416
 0.07520917 0.19796045 0.58582128 0.24148215 0.10315938 0.16077182
 0.139232   0.1200888  0.27423335 0.50859953 0.24148215 0.02410401
 0.22624166 0.14969106 0.00238884 0.41323244 0.01217651 0.02410401
 0.12937218 0.27423335 0.00725489 0.01993114 0.29176485 0.00585634
 0.08151459 0.81875363 0.41323244 0.32916807 0.61225166 0.01809676
 0.50859953 0.63886042]","[0.23381044 0.90555559 0.27364757 0.69821727 0.09528722 0.22348975
 0.55466047 0.58141794 0.35385624 0.26146836 0.84005686 0.78821695
 0.2386972  0.30339177 0.32832166 0.33374602 0.0318408  0.14425776
 0.49811544 0.92051068 0.72623738 0.64552328 0.11735655 0.60283929
 0.52511013 0.47935189 0.54068128 0.30008426 0.37264604 0.49555301
 0.41883493 0.56718885 0.15442636 0.88289948 0.1445762  0.0951869
 0.0402756  0.08248539 0.13427488 0.07217189 0.82031529 0.29671811
 0.68698427 0.84359442 0.18205035 0.17905374 0.7792026  0.46531069
 0.67635765 0.7841386 ]","[0.06774775 0.26216288 0.02114368 0.08573103 0.04632031 0.07483712
 0.11124858 0.73267525 0.13923867 0.35362453 0.31077848 0.64308257
 0.07200749 0.08383389 0.16736205 0.74591855 0.04629998 0.01144305
 0.06972443 0.33741129 0.54946693 0.29519878 0.0755896  0.16978086
 0.2228943  0.13105332 0.46722812 0.1946549  0.39529641 0.04485225
 0.21606532 0.22285412 0.01265221 0.38978219 0.01341516 0.01643698
 0.13608721 0.19573715 0.00673081 0.01340389 0.35710689 0.01733086
 0.11059934 0.86648462 0.33554104 0.24113251 0.67402474 0.06270791
 0.47576636 0.58493721]","[0.0019399  0.0025     0.00227789 0.0025     0.00072031 0.00090123
 0.0025     0.0025     0.0025     0.0025     0.0025     0.0025
 0.0025     0.0025     0.0025     0.0025     0.00034151 0.00100334
 0.0025     0.0025     0.0025     0.0025     0.00083723 0.0025
 0.0025     0.0025     0.0025     0.0025     0.0025     0.0025
 0.0025     0.0025     0.00208323 0.0025     0.00100547 0.00126613
 0.00038842 0.00050792 0.00142658 0.00111592 0.0025     0.00233395
 0.0025     0.0025     0.00113384 0.00205621 0.0025     0.0025
 0.0025     0.0025    ]","[5.02165392e-04 2.39234343e-03 1.67619572e-04 4.88673852e-04
 3.42163454e-04 2.41103760e-04 1.48002171e-03 2.50000000e-03
 1.05044907e-03 2.50000000e-03 2.28057472e-03 2.50000000e-03
 6.28241393e-04 8.27680503e-04 1.58565925e-03 2.50000000e-03
 3.20753936e-04 5.42523790e-05 6.82637857e-04 2.50000000e-03
 2.50000000e-03 2.50000000e-03 5.36214844e-04 1.18308613e-03
 1.22783098e-03 1.40192756e-03 2.50000000e-03 1.96724322e-03
 2.50000000e-03 5.75835526e-04 2.18983023e-03 2.50000000e-03
 2.04730330e-04 2.20786988e-03 6.21232973e-05 1.97039744e-04
 1.32632314e-03 7.14867601e-04 6.52899358e-05 1.99666868e-04
 2.50000000e-03 8.08224846e-05 1.05685148e-03 2.50000000e-03
 1.79662426e-03 2.08601590e-03 2.50000000e-03 4.22641277e-04
 2.50000000e-03 2.50000000e-03]","[0.03546813 0.03448682 0.03471011 0.03474755 0.03773587 0.0390796
 0.03750658 0.03546093 0.03515597 0.04263623 0.03343949 0.02958873
 0.03640429 0.03459182 0.03335286 0.03636848 0.05222408 0.03151624
 0.03736465 0.03470001 0.03437517 0.03755068 0.03368812 0.03448075
 0.03133929 0.03403378 0.03153097 0.03633053 0.03810571 0.03483063
 0.03759649 0.03372623 0.03909343 0.03468859 0.03651004 0.03143708
 0.03498021 0.03217651 0.03924045 0.04230005 0.0341772  0.03976485
 0.03797224 0.03157389 0.03492795 0.03898493 0.0368678  0.03604637
 0.03362562 0.03661522]","[0.02291118 0.02192084 0.02715748 0.01823927 0.03369269 0.03777537
 0.01702511 0.03784123 0.03229829 0.03503434 0.01849132 0.03038853
 0.03714624 0.02735194 0.0220407  0.03112883 0.04215137 0.02918233
 0.02565767 0.0244596  0.03073267 0.02199784 0.03418639 0.02786832
 0.02810216 0.02669917 0.02277737 0.01786769 0.03501818 0.02180041
 0.03188729 0.01578382 0.03061077 0.01626771 0.02796426 0.02687467
 0.03023871 0.02787118 0.0304666  0.02915325 0.02361369 0.0372173
 0.04549374 0.02698844 0.02364875 0.02396789 0.01428663 0.03303851
 0.02853567 0.03131044]","[1.27361795e-02 1.67736684e-02 1.57656287e-02 1.56020444e-02
 6.54421426e-03 4.32573993e-03 7.01310808e-03 1.27622952e-02
 1.39137557e-02 1.34842614e-03 2.23134836e-02 5.90794041e-02
 9.72364582e-03 1.62927018e-02 2.28374374e-02 9.82581908e-03
 3.51275820e-05 3.68314121e-02 7.31847511e-03 1.58100388e-02
 1.72990736e-02 6.92060235e-03 2.08684249e-02 1.68018659e-02
 3.85120634e-02 1.89980206e-02 3.66944354e-02 9.93517407e-03
 5.84788126e-03 1.52444261e-02 6.82570024e-03 2.06544529e-02
 4.30701776e-03 1.58603721e-02 9.42753224e-03 3.75751472e-02
 1.46190810e-02 3.11133902e-02 4.11259982e-03 1.51203739e-03
 1.82669142e-02 3.48297772e-03 6.09095518e-03 3.62978580e-02
 1.48349043e-02 4.45588123e-03 8.48530599e-03 1.07895159e-02
 2.12236404e-02 9.14113253e-03]","[2.40849721e-01 2.87495753e-01 1.02759168e-01 5.12953151e-01
 2.08426656e-02 6.46639304e-03 6.01852886e-01 6.33850415e-03
 3.01485918e-02 1.43984967e-02 4.95163779e-01 4.87363414e-02
 7.81211160e-03 9.84813488e-02 2.81528311e-01 4.05979357e-02
 1.59013275e-03 6.50210168e-02 1.41187227e-01 1.79599540e-01
 4.47922981e-02 2.83652129e-01 1.82209354e-02 8.78359669e-02
 8.33429488e-02 1.13454326e-01 2.46801815e-01 5.39653579e-01
 1.44640321e-02 2.93581559e-01 3.35142034e-02 6.95267011e-01
 4.61564576e-02 6.58858239e-01 8.59685847e-02 1.09255087e-01
 5.05451609e-02 8.77798637e-02 4.78162201e-02 6.54650646e-02
 2.11351386e-01 7.64828866e-03 4.91124085e-04 1.06602355e-01
 2.09955126e-01 1.97567683e-01 8.03382932e-01 2.48317388e-02
 7.55244113e-02 3.87923617e-02]","[ 1.98006630e-04 -5.61475754e-05  4.88758087e-06  1.44481659e-04
  6.68883324e-04  8.33272934e-05 -1.30295753e-04  1.82390213e-04
  1.30891800e-04  9.54866409e-05  6.84261322e-05  8.85725021e-05
  4.72068787e-05  1.87516212e-04  4.20331955e-04  3.82542610e-04
  5.40733337e-04  1.06096268e-05  5.59329987e-04 -1.26361847e-04
 -5.76972961e-05  3.02791595e-05  2.96115875e-04  1.24335289e-04
  1.15156174e-04  9.11951065e-05  2.05039978e-05  6.56843185e-04
  5.91278076e-05  3.90529633e-04 -3.33786011e-05  1.44600868e-04
  1.49965286e-04 -3.34978104e-05  2.23517418e-04  6.90221786e-05
  1.61051750e-04  3.35931778e-04  3.27110291e-04 -1.09791756e-04
 -4.80413437e-05  2.84194946e-04  7.09414482e-04 -8.61883163e-05
 -7.96318054e-05  4.69326973e-04  1.86204910e-04  1.19209290e-05
 -1.00135803e-05 -7.95125961e-05]","[ 1.42216682e-04  9.31024551e-05 -9.26256180e-05  9.59634781e-05
  1.26636028e-03 -1.19566917e-04 -1.32799149e-04  5.55157661e-04
  2.01582909e-04  2.34842300e-05 -2.58684158e-05  1.39236450e-04
 -9.89437103e-06  1.89542770e-04 -1.88350677e-05  4.22835350e-04
  5.53369522e-04 -1.26361847e-05  5.95927238e-04 -7.73668289e-05
 -1.55448914e-04 -1.28746033e-05  7.33137131e-05  1.39474869e-05
  4.81367111e-04  2.20537186e-05 -4.23192978e-05  3.07559967e-04
  3.30209732e-05  1.20401382e-04 -1.35898590e-05 -6.43730164e-06
  6.46114349e-05 -2.61068344e-05  4.32729721e-05 -3.79085541e-05
  1.70230865e-04  1.91926956e-05  2.27093697e-04 -1.50203705e-04
 -7.06911087e-05  2.39849091e-04  1.25741959e-03 -1.47104263e-04
 -1.02758408e-04  3.96609306e-04 -4.97102737e-05  8.77380371e-05
  2.39610672e-05 -1.39832497e-04]","[0.01822081 0.01316346 0.01490196 0.0168672  0.02291557 0.01673934
 0.0113269  0.01799209 0.01787003 0.01593361 0.01734227 0.01504504
 0.01639332 0.0182196  0.02136025 0.02075957 0.02201282 0.01444175
 0.02273526 0.01240059 0.01291075 0.01634906 0.02022832 0.01736637
 0.01540473 0.01665423 0.01611814 0.02215203 0.016337   0.01997222
 0.01533664 0.01946419 0.01776303 0.01469828 0.01834418 0.01694733
 0.01863733 0.02160208 0.02105913 0.0124745  0.01404495 0.02159025
 0.02298064 0.01369754 0.0145742  0.02376066 0.01776408 0.01498642
 0.01560023 0.01252621]","[0.01212801 0.01292141 0.00863373 0.0121146  0.02911107 0.00799388
 0.0076389  0.02076201 0.01411467 0.01038591 0.00958759 0.01258079
 0.01014324 0.01296281 0.00997752 0.02205282 0.0217702  0.01018375
 0.01900526 0.0101724  0.00800883 0.00959804 0.01245262 0.01081582
 0.01713495 0.01130978 0.0094763  0.01547233 0.01133791 0.01232288
 0.0118521  0.00972593 0.01253151 0.00987973 0.01058117 0.0107914
 0.01342798 0.01011315 0.01426078 0.00722796 0.00807741 0.01612198
 0.02453732 0.00737426 0.00866412 0.01851406 0.00863087 0.01208789
 0.01192121 0.00710879]",0.46671643771229193,0.23711659488139425,0.27900505318870994,0.22870958828809418,0.4343999058848644,0.2375480712996984,0.27008028229996445,0.22533280665575067,0.002076781947951154,0.0014009434992736185,0.0007043635592561545,0.0009584046388165752,0.03590218488276005,0.02788327721953392,0.0036052059819472316,0.0068680203152197755,0.00015638828277587892,0.00012831687927246095,0.00021675501170414032,0.0003017125095304238,0.01735972345802498,0.012511993408087016,0.003219620233359751,0.004724052448763222
df2,0.34,1.0,0.0,0.0,1.34,0.0,1.0,"[0.41323244 0.48382277 0.03483221 0.53390728 0.66552932 0.45963725
 0.69212796 0.58582128 0.58582128 0.91946676 0.32916807 0.06383124
 0.3490397  0.22624166 0.25747545 0.99765093 0.24148215 0.45963725
 0.93482727 0.90235528 0.94837208 0.88359176 0.08825991 0.01487416
 0.48382277 0.94837208 0.77002924 0.93482727 0.63886042 0.00268159
 0.19796045 0.55967522 0.05871658 0.04953464 0.74453538 0.1200888
 0.12937218 0.71851426 0.55967522 0.01993114 0.66552932 0.27423335
 0.05871658 0.71851426 0.18488568 0.3490397  0.90235528 0.55967522
 0.03483221 0.55967522]","[1.11358879e-01 3.29168072e-01 2.57475452e-01 6.93218252e-02
 2.90339156e-02 8.15145929e-02 3.80948244e-02 8.82599083e-02
 4.36093382e-01 4.59637254e-01 3.29168072e-01 1.72496272e-01
 6.93218252e-02 2.74233349e-01 7.18514257e-01 3.29168072e-01
 6.93218252e-02 1.29372179e-01 1.49691056e-01 1.29372179e-01
 1.03159376e-01 6.93218252e-02 3.10075730e-01 1.89004559e-03
 7.52091658e-02 2.57475452e-01 2.26241661e-01 1.97960446e-01
 3.49039701e-01 3.73964604e-04 3.49039701e-01 1.60771824e-01
 4.95346404e-02 4.54286666e-02 3.91087390e-01 1.48741570e-02
 1.60771824e-01 3.29168072e-01 3.80948244e-02 1.72496272e-01
 1.60771824e-01 8.95145539e-03 1.64147482e-02 3.69683622e-01
 3.18171260e-02 3.91087390e-01 2.26241661e-01 8.63302804e-01
 2.51182002e-04 1.20088801e-01]","[0.41323244 0.48382277 0.03483221 0.53390728 0.66552932 0.45963725
 0.69212796 0.58582128 0.58582128 0.91946676 0.32916807 0.06383124
 0.3490397  0.22624166 0.25747545 0.99765093 0.24148215 0.45963725
 0.93482727 0.90235528 0.94837208 0.88359176 0.08825991 0.01487416
 0.48382277 0.94837208 0.77002924 0.93482727 0.63886042 0.00268159
 0.19796045 0.55967522 0.05871658 0.04953464 0.74453538 0.1200888
 0.12937218 0.71851426 0.55967522 0.01993114 0.66552932 0.27423335
 0.05871658 0.71851426 0.18488568 0.3490397  0.90235528 0.55967522
 0.03483221 0.55967522]","[1.11358879e-01 3.29168072e-01 2.57475452e-01 6.93218252e-02
 2.90339156e-02 8.15145929e-02 3.80948244e-02 8.82599083e-02
 4.36093382e-01 4.59637254e-01 3.29168072e-01 1.72496272e-01
 6.93218252e-02 2.74233349e-01 7.18514257e-01 3.29168072e-01
 6.93218252e-02 1.29372179e-01 1.49691056e-01 1.29372179e-01
 1.03159376e-01 6.93218252e-02 3.10075730e-01 1.89004559e-03
 7.52091658e-02 2.57475452e-01 2.26241661e-01 1.97960446e-01
 3.49039701e-01 3.73964604e-04 3.49039701e-01 1.60771824e-01
 4.95346404e-02 4.54286666e-02 3.91087390e-01 1.48741570e-02
 1.60771824e-01 3.29168072e-01 3.80948244e-02 1.72496272e-01
 1.60771824e-01 8.95145539e-03 1.64147482e-02 3.69683622e-01
 3.18171260e-02 3.91087390e-01 2.26241661e-01 8.63302804e-01
 2.51182002e-04 1.20088801e-01]","[0.40360067 0.60733127 0.09378626 0.40513474 0.56558947 0.44626641
 0.62057781 0.42362965 0.47722187 0.91230105 0.25262738 0.10932815
 0.29386369 0.09237563 0.38955509 0.99828996 0.19927031 0.56122615
 0.9471957  0.78010076 0.77102027 0.912902   0.12145728 0.02613945
 0.54003387 0.8910879  0.82352301 0.81231772 0.58769993 0.01039013
 0.26736523 0.70553786 0.03210406 0.05936755 0.52217661 0.09971267
 0.08115711 0.83979041 0.46578622 0.00899347 0.48803253 0.38338169
 0.02708427 0.77633233 0.19308661 0.38418001 0.96143407 0.54681448
 0.0350409  0.42863023]","[0.11148945 0.32581963 0.31088578 0.05071408 0.03019217 0.08595823
 0.05144047 0.09214788 0.46473357 0.4158527  0.16098409 0.08990135
 0.03279793 0.27679027 0.66975863 0.2842652  0.02816636 0.19864249
 0.30832747 0.21140355 0.2331494  0.0784142  0.39326481 0.0100219
 0.09521269 0.21599546 0.25620697 0.21129643 0.38023481 0.00173841
 0.18432506 0.26693201 0.06157224 0.03271157 0.33374349 0.00737643
 0.10054318 0.39299694 0.05337281 0.0694251  0.23644714 0.01846553
 0.03692721 0.30860849 0.02791441 0.24696772 0.21220204 0.86099762
 0.00148231 0.08683232]","[2.50000000e-03 2.50000000e-03 1.32921558e-03 2.50000000e-03
 2.50000000e-03 2.50000000e-03 2.50000000e-03 2.50000000e-03
 2.50000000e-03 2.50000000e-03 2.07133483e-03 1.63206628e-03
 2.50000000e-03 7.91166901e-04 2.50000000e-03 2.50000000e-03
 1.67391985e-03 2.50000000e-03 2.50000000e-03 2.50000000e-03
 2.50000000e-03 2.50000000e-03 1.64680662e-03 2.26767938e-04
 2.50000000e-03 2.50000000e-03 2.50000000e-03 2.50000000e-03
 2.50000000e-03 1.05651016e-04 1.90137995e-03 2.50000000e-03
 2.55471676e-04 3.90576317e-04 2.50000000e-03 9.11134138e-04
 7.86639191e-04 2.50000000e-03 2.50000000e-03 7.08112431e-05
 2.50000000e-03 2.50000000e-03 2.04982906e-04 2.50000000e-03
 1.95700717e-03 1.94982237e-03 2.50000000e-03 2.50000000e-03
 2.70643978e-04 2.50000000e-03]","[8.69214881e-04 2.50000000e-03 2.50000000e-03 3.60028822e-04
 1.91828821e-04 6.25486912e-04 5.81878203e-04 5.78136110e-04
 2.50000000e-03 2.50000000e-03 1.10290699e-03 1.09574778e-03
 2.70254167e-04 1.95974019e-03 2.50000000e-03 2.50000000e-03
 1.93060453e-04 1.74118622e-03 2.50000000e-03 1.40078690e-03
 1.70812081e-03 6.03830291e-04 2.50000000e-03 6.74655008e-05
 9.71098308e-04 1.84451443e-03 2.50000000e-03 2.00491567e-03
 2.50000000e-03 1.37842488e-05 8.17471153e-04 2.50000000e-03
 3.47182561e-04 2.28489032e-04 2.50000000e-03 8.01571947e-05
 8.89243482e-04 2.50000000e-03 3.21218467e-04 4.73555278e-04
 2.50000000e-03 1.92300266e-04 2.00652525e-04 2.21216615e-03
 2.35256672e-04 1.46029999e-03 2.50000000e-03 2.50000000e-03
 1.02232279e-05 5.60064253e-04]","[0.03189785 0.03178542 0.0409978  0.03806278 0.03302119 0.03995473
 0.0346333  0.03732327 0.03605173 0.04031191 0.03540414 0.03275993
 0.03177578 0.03233662 0.03479512 0.03598106 0.03210508 0.03706781
 0.03433757 0.03465544 0.03489464 0.04023287 0.03482392 0.03370346
 0.03122056 0.03097635 0.03562028 0.03298223 0.03362102 0.03733531
 0.05060887 0.03470223 0.04486649 0.04567099 0.03665308 0.03202088
 0.03599503 0.0364863  0.03433798 0.03530791 0.03801789 0.03873966
 0.03117132 0.03415879 0.03554061 0.04246987 0.03242326 0.03644909
 0.03360451 0.03465772]","[0.02691674 0.0257906  0.04114214 0.03538326 0.01923611 0.03802578
 0.02245389 0.0222273  0.02404214 0.02457904 0.02449151 0.01538611
 0.02374992 0.03092477 0.02098492 0.02455306 0.03211051 0.03614331
 0.01407108 0.02226827 0.02508709 0.02017978 0.0216224  0.03890839
 0.03773254 0.02654544 0.01947017 0.01570775 0.02961863 0.03003815
 0.04188976 0.02533011 0.04163264 0.04310328 0.03242426 0.01870951
 0.02985248 0.01580411 0.03901672 0.03456321 0.01939065 0.02697873
 0.03008169 0.03813445 0.02929941 0.03435872 0.01874961 0.01393907
 0.03105093 0.02384672]","[3.34237328e-02 3.43977903e-02 2.33617168e-03 5.92507729e-03
 2.49459251e-02 3.27780915e-03 1.61061066e-02 7.40976423e-03
 1.07728138e-02 2.92176371e-03 1.29700035e-02 2.67264511e-02
 3.44824257e-02 2.98504380e-02 1.53963683e-02 1.09950507e-02
 3.16918138e-02 7.99665307e-03 1.74793080e-02 1.60072751e-02
 1.49739218e-02 2.99733200e-03 1.52730167e-02 2.07820874e-02
 3.96769971e-02 4.21700062e-02 1.21954299e-02 2.52046235e-02
 2.12499960e-02 7.38309169e-03 6.83856096e-05 1.58002626e-02
 6.16470597e-04 4.60305829e-04 9.03998870e-03 3.23858026e-02
 1.09507918e-02 9.49327441e-03 1.74773036e-02 1.33288895e-02
 6.00678941e-03 4.80994137e-03 4.01689945e-02 1.83593749e-02
 1.24759458e-02 1.42721071e-03 2.91860771e-02 9.59718573e-03
 2.13447874e-02 1.59971574e-02]","[0.10826791 0.13736838 0.00222768 0.01304712 0.44435171 0.00599236
 0.26164025 0.27241587 0.19476837 0.17543479 0.17847924 0.72488549
 0.20596514 0.04271363 0.33717513 0.17633401 0.03164755 0.01049089
 0.81787945 0.27044398 0.1585637  0.38426275 0.30274287 0.00456371
 0.00655082 0.11724099 0.42897702 0.70096125 0.0586613  0.05305708
 0.00173671 0.15096453 0.00189293 0.00114836 0.02917848 0.47999603
 0.05547778 0.69374679 0.00441178 0.01642252 0.43416734 0.10682655
 0.05250287 0.0057967  0.06325901 0.01737771 0.47723284 0.8265691
 0.04139456 0.2022027 ]","[ 1.78813934e-04  9.88245010e-05  6.52074814e-05  4.80413437e-05
  4.59551811e-04  3.94940376e-04 -1.18136406e-04 -1.24216080e-04
 -9.79900360e-05  1.24740601e-03  2.65836716e-04  8.07046890e-05
  7.93933868e-05  1.65700912e-05 -7.04526901e-05  5.35249710e-05
 -7.52210617e-05 -1.49011612e-05  2.90036201e-04 -3.13520432e-05
 -1.12891197e-04 -1.54972076e-05 -7.92741776e-05  2.61187553e-04
  2.88844109e-04 -8.82148743e-05  8.10623169e-06 -1.80006027e-05
 -4.35113907e-05  1.43885612e-04  1.76906586e-04  1.49011612e-05
  4.28676605e-04  8.10623169e-04  1.65939331e-04  1.13248825e-05
 -4.83989716e-05  2.55107880e-05  2.41160393e-04 -5.00679016e-06
 -1.17778778e-04 -7.79628754e-05 -1.51634216e-04  2.37941742e-04
 -1.43170357e-04  1.43051147e-05 -1.39832497e-04  1.98125839e-04
 -6.35385513e-05  1.48653984e-04]","[ 5.28097153e-04  2.60710716e-04  2.40564346e-04  2.12192535e-05
  3.69191170e-04  7.10368156e-04 -1.67012215e-04 -1.02639198e-04
 -1.41024590e-04  9.22918320e-04  4.06146049e-04 -1.84535980e-04
  1.21116638e-04  2.06232071e-05 -1.39951706e-04  5.54323196e-05
 -2.26497650e-06  2.65598297e-04 -9.29832458e-06 -6.04391098e-05
 -1.47342682e-04 -1.16586685e-04 -6.62803650e-05  4.36902046e-04
  5.96404076e-04 -1.28507614e-04 -1.89423561e-04 -4.41074371e-05
  1.71303749e-04  9.63211060e-05  2.67267227e-04  8.29696655e-05
  6.97255135e-04  1.12116337e-03  3.11613083e-04 -3.79085541e-05
  7.20024109e-05 -7.08103180e-05  5.46455383e-04  1.51157379e-04
 -1.63078308e-04 -9.09566879e-05 -1.29580498e-04  4.86612320e-04
 -8.40425491e-05  1.28507614e-04 -1.44600868e-04  1.10864639e-05
 -5.24520874e-06 -2.45571136e-05]","[0.01837012 0.0171205  0.01564629 0.0172647  0.02150061 0.02076939
 0.01123462 0.01112911 0.01344055 0.03126791 0.0186861  0.01486769
 0.01704042 0.01544415 0.0093404  0.01449798 0.01404205 0.01351866
 0.01830318 0.01583428 0.01112865 0.01423785 0.01184835 0.01898635
 0.01978914 0.01260146 0.01530226 0.01431229 0.01369677 0.01753788
 0.01684572 0.01571521 0.02070425 0.02414427 0.01709731 0.0144272
 0.01369365 0.01416578 0.01849365 0.01319828 0.0114236  0.01351573
 0.00895606 0.01853448 0.01154365 0.01474311 0.00970764 0.0176919
 0.01241009 0.01723937]","[0.0192449  0.01509893 0.01695647 0.01193909 0.01619154 0.01980533
 0.00587954 0.00989821 0.00811141 0.02412023 0.01628393 0.00443976
 0.01371156 0.01035967 0.00670049 0.01254776 0.00990131 0.01470786
 0.01073848 0.01016683 0.00717418 0.00774198 0.01036375 0.01655209
 0.01956304 0.0078312  0.00692464 0.0098273  0.01392115 0.01239818
 0.015495   0.01135782 0.02183676 0.02434296 0.01605431 0.00948899
 0.01421008 0.00893317 0.01850373 0.01543371 0.00662764 0.00854314
 0.00710549 0.01738381 0.01031668 0.01666718 0.00736267 0.01144792
 0.01001489 0.00913713]",0.46630119012465376,0.19522485080829047,0.31607344769006673,0.18081718409839895,0.44763703746243033,0.19231299946327757,0.3060080544369622,0.17648164307461126,0.001963507958905439,0.0013242453191390504,0.0008474356327227806,0.000976841393332556,0.035891033338904386,0.027550937197208403,0.003971458397495554,0.008066858086916833,9.63592529296875e-05,0.00013697624206542968,0.00025140083619043296,0.000306185898337677,0.015660213766874372,0.012587278279313914,0.0039918347827665205,0.0048590608413126785
df2,0.36,1.0,0.0,0.0,1.3599999999999999,0.0,1.0,"[0.18488568 0.08825991 0.43609338 0.19796045 0.0539576  0.1200888
 0.58582128 0.27423335 0.53390728 0.77002924 0.21173982 0.74453538
 0.3490397  0.12937218 0.48382277 0.18488568 0.43609338 0.24148215
 0.61225166 0.90235528 0.74453538 0.91946676 0.3490397  0.12937218
 0.94837208 0.45963725 0.02903392 0.77002924 0.66552932 0.32916807
 0.66552932 0.16077182 0.16077182 0.66552932 0.61225166 0.11135888
 0.31007573 0.21173982 0.55967522 0.08151459 0.66552932 0.01487416
 0.55967522 0.39108739 0.25747545 0.18488568 0.17249627 0.18488568
 0.63886042 0.63886042]","[5.39576008e-02 1.60771824e-01 8.95145539e-03 8.15145929e-02
 2.91764847e-01 5.25376643e-03 1.80967606e-02 3.80948244e-02
 2.26241661e-01 1.97960446e-01 3.80948244e-02 3.29168072e-01
 6.38312357e-02 2.91764847e-01 1.84885683e-01 2.90339156e-02
 3.29168072e-01 1.03159376e-01 1.03159376e-01 2.90339156e-02
 7.44535382e-01 1.72496272e-01 3.91087390e-01 1.34646549e-02
 1.60771824e-01 2.90339156e-02 3.73964604e-04 7.70029237e-01
 1.11358879e-01 8.95145539e-03 8.15145929e-02 4.59637254e-01
 3.27832948e-04 1.29372179e-01 5.85821277e-01 1.64147482e-02
 9.54673207e-02 2.90339156e-02 2.11739817e-01 4.54286666e-02
 5.59675216e-01 1.11358879e-01 1.03159376e-01 3.10075730e-01
 3.49039701e-01 6.38312357e-02 8.95145539e-03 3.48322136e-02
 5.33907283e-01 5.39576008e-02]","[0.18488568 0.08825991 0.43609338 0.19796045 0.0539576  0.1200888
 0.58582128 0.27423335 0.53390728 0.77002924 0.21173982 0.74453538
 0.3490397  0.12937218 0.48382277 0.18488568 0.43609338 0.24148215
 0.61225166 0.90235528 0.74453538 0.91946676 0.3490397  0.12937218
 0.94837208 0.45963725 0.02903392 0.77002924 0.66552932 0.32916807
 0.66552932 0.16077182 0.16077182 0.66552932 0.61225166 0.11135888
 0.31007573 0.21173982 0.55967522 0.08151459 0.66552932 0.01487416
 0.55967522 0.39108739 0.25747545 0.18488568 0.17249627 0.18488568
 0.63886042 0.63886042]","[5.39576008e-02 1.60771824e-01 8.95145539e-03 8.15145929e-02
 2.91764847e-01 5.25376643e-03 1.80967606e-02 3.80948244e-02
 2.26241661e-01 1.97960446e-01 3.80948244e-02 3.29168072e-01
 6.38312357e-02 2.91764847e-01 1.84885683e-01 2.90339156e-02
 3.29168072e-01 1.03159376e-01 1.03159376e-01 2.90339156e-02
 7.44535382e-01 1.72496272e-01 3.91087390e-01 1.34646549e-02
 1.60771824e-01 2.90339156e-02 3.73964604e-04 7.70029237e-01
 1.11358879e-01 8.95145539e-03 8.15145929e-02 4.59637254e-01
 3.27832948e-04 1.29372179e-01 5.85821277e-01 1.64147482e-02
 9.54673207e-02 2.90339156e-02 2.11739817e-01 4.54286666e-02
 5.59675216e-01 1.11358879e-01 1.03159376e-01 3.10075730e-01
 3.49039701e-01 6.38312357e-02 8.95145539e-03 3.48322136e-02
 5.33907283e-01 5.39576008e-02]","[0.12813452 0.06523867 0.4390543  0.09241857 0.05469151 0.12435764
 0.61007794 0.22502315 0.46709335 0.54534109 0.13963286 0.59228487
 0.33680969 0.12682715 0.47436915 0.10442924 0.32217997 0.19613203
 0.59311928 0.87749926 0.80455575 0.88401992 0.51110381 0.12079375
 0.92306142 0.18924576 0.01281269 0.79455364 0.56537388 0.28775441
 0.83933895 0.12746066 0.07228512 0.23916191 0.55981217 0.11242096
 0.22588454 0.187532   0.49779266 0.09136236 0.77883853 0.09151605
 0.36315679 0.51486435 0.12527425 0.1343238  0.24812285 0.12429578
 0.52661179 0.61761907]","[0.0199878  0.11080284 0.02436102 0.03000304 0.12393447 0.00634658
 0.05936301 0.04715649 0.14963746 0.09331994 0.02807785 0.27565586
 0.04381778 0.29630519 0.21290209 0.02957505 0.13671113 0.083409
 0.13128725 0.05937021 0.81553981 0.22419106 0.4315741  0.1098517
 0.11874919 0.0207476  0.00138606 0.71862512 0.12004271 0.0246382
 0.18031329 0.41768847 0.00100226 0.10557035 0.40206649 0.00424716
 0.0461464  0.01463081 0.22143642 0.0315854  0.50140948 0.14560087
 0.11873307 0.43997639 0.28368388 0.0531009  0.00502777 0.04056745
 0.29184359 0.09277408]","[5.46412872e-04 3.84428276e-04 2.50000000e-03 4.53910034e-04
 3.48390951e-04 6.47715455e-04 2.50000000e-03 2.50000000e-03
 2.50000000e-03 2.50000000e-03 7.47820222e-04 2.50000000e-03
 2.35006194e-03 1.20986798e-03 2.50000000e-03 1.04067874e-03
 2.50000000e-03 1.60380789e-03 2.50000000e-03 2.50000000e-03
 2.50000000e-03 2.50000000e-03 2.50000000e-03 1.38568824e-03
 2.50000000e-03 1.08903204e-03 8.38588343e-05 2.50000000e-03
 2.50000000e-03 2.50000000e-03 2.50000000e-03 1.48112019e-03
 3.92776974e-04 1.51799615e-03 2.50000000e-03 1.31438776e-03
 1.03659434e-03 1.28201589e-03 2.50000000e-03 6.67446569e-04
 2.50000000e-03 9.10881915e-04 2.50000000e-03 2.50000000e-03
 9.08511466e-04 1.21449748e-03 2.50000000e-03 6.81496494e-04
 2.50000000e-03 2.50000000e-03]","[6.74102678e-05 5.90362678e-04 2.61141288e-04 1.19311266e-04
 4.46915737e-04 1.74109027e-05 3.16149753e-04 6.22671528e-04
 1.22271218e-03 5.91942538e-04 1.01953842e-04 2.31525619e-03
 2.61942050e-04 2.09678243e-03 2.50000000e-03 2.63527264e-04
 1.05589760e-03 4.47725740e-04 1.46359631e-03 4.00602392e-04
 2.50000000e-03 1.78562518e-03 2.50000000e-03 1.54295750e-03
 1.62406021e-03 7.87679819e-05 1.00000000e-05 2.50000000e-03
 1.11329288e-03 1.76343197e-04 1.78136564e-03 2.50000000e-03
 1.00000000e-05 4.26620980e-04 2.50000000e-03 5.85787538e-05
 1.48613587e-04 1.15927864e-04 2.11603317e-03 1.49328384e-04
 2.50000000e-03 1.15437949e-03 1.30794390e-03 2.50000000e-03
 1.95091665e-03 4.13995276e-04 8.57680775e-05 1.43628764e-04
 2.50000000e-03 5.87676318e-04]","[0.04146299 0.04421962 0.03501037 0.03520953 0.04482598 0.03410605
 0.03287083 0.03266565 0.03529135 0.03219398 0.03367608 0.03734049
 0.03371975 0.03695438 0.03586865 0.03399614 0.03900119 0.03876111
 0.03652866 0.0396994  0.03670071 0.03505731 0.03707909 0.03419719
 0.03758898 0.03464567 0.04332741 0.03050412 0.03618862 0.04108423
 0.03194586 0.03554722 0.03575069 0.03437233 0.03374107 0.03500233
 0.03192179 0.0433259  0.03617822 0.04590183 0.03735992 0.03427793
 0.04396047 0.03476394 0.03781159 0.03909201 0.03747799 0.03736916
 0.03308883 0.03211923]","[0.02413434 0.04452309 0.02108159 0.0368276  0.02446436 0.02451377
 0.02358978 0.02972196 0.02924496 0.0249299  0.02916028 0.0162819
 0.03102766 0.02938246 0.03363768 0.02658502 0.05071757 0.02401579
 0.02938023 0.02196835 0.0262953  0.03352065 0.03297962 0.0395452
 0.01748264 0.02622405 0.03137287 0.02508653 0.0243314  0.02924891
 0.02414223 0.02753532 0.03864225 0.02221395 0.03299771 0.02320075
 0.03311664 0.0272082  0.02371171 0.02410467 0.0206892  0.03432336
 0.03020413 0.0372216  0.03610323 0.03276921 0.03339252 0.02356974
 0.03007905 0.02278952]","[0.00200303 0.00077676 0.01449579 0.01370503 0.00062552 0.01862642
 0.02595741 0.02739612 0.01339155 0.03097336 0.02093643 0.00737166
 0.02069074 0.00827055 0.01135708 0.01919421 0.00443327 0.00477797
 0.00937623 0.00355639 0.00891418 0.01430582 0.00796987 0.01816703
 0.00684117 0.01605081 0.00106252 0.04737941 0.01035387 0.00227064
 0.03301528 0.01245247 0.01174853 0.01731262 0.02057167 0.01452858
 0.03321952 0.00106308 0.01038518 0.00042289 0.00732885 0.01776857
 0.00085131 0.01553088 0.00639577 0.00430894 0.00707367 0.00730858
 0.02450245 0.0315765 ]","[1.91335240e-01 6.97233971e-04 3.31790669e-01 8.58675861e-03
 1.79432078e-01 1.77701332e-01 2.12308065e-01 5.72357246e-02
 6.40732561e-02 1.63639792e-01 6.53574804e-02 6.57787744e-01
 4.16351643e-02 6.20342461e-02 2.11546823e-02 1.16256232e-01
 6.54303687e-05 1.95758200e-01 6.20668715e-02 2.85119822e-01
 1.23624111e-01 2.18322738e-02 2.52220619e-02 3.73502576e-03
 5.67835598e-01 1.25493379e-01 3.81880833e-02 1.58581719e-01
 1.84155761e-01 6.40139792e-02 1.91043713e-01 9.45838953e-02
 4.95757381e-03 2.73060897e-01 2.51015681e-02 2.28337389e-01
 2.43221409e-02 1.01628737e-01 2.07465278e-01 1.92434779e-01
 3.54007340e-01 1.75478073e-02 5.09707847e-02 7.63846444e-03
 1.06134325e-02 2.66613799e-02 2.25962310e-02 2.13111957e-01
 5.25363366e-02 2.46256863e-01]","[ 1.65700912e-05  7.91430473e-04  1.70230865e-04  1.74164772e-04
  1.49393082e-03 -1.31487846e-04 -8.49962234e-05  3.15785408e-04
  3.39984894e-04 -1.19209290e-04 -2.39610672e-05 -1.23977661e-04
  1.54972076e-04 -1.51634216e-04 -2.56299973e-05 -1.63555145e-04
  3.74674797e-04  6.09159470e-05  3.96966934e-05 -7.92741776e-05
 -1.00255013e-04 -6.96182251e-05  1.02519989e-04  2.65955925e-04
 -7.36713409e-05  4.56571579e-05  3.94701958e-04 -3.31401825e-05
 -2.22921371e-05  5.44905663e-04  2.38656998e-04 -4.45842743e-05
  2.62022018e-04  2.32577324e-04  5.48362732e-06 -1.20282173e-04
  6.79016113e-04  2.48312950e-04  1.23143196e-04  1.26683712e-03
 -5.45978546e-05  1.87397003e-04  3.43441963e-04  1.73807144e-04
  1.67608261e-04 -7.92741776e-05  6.35385513e-04  5.28097153e-05
 -5.96046448e-07  9.57250595e-05]","[ 3.38554382e-05  9.57131386e-04  6.97374344e-05  4.38928604e-04
  7.46607780e-04 -1.61767006e-04 -1.14917755e-04  2.53319740e-04
  1.48177147e-04 -6.24656677e-05 -1.38401985e-04 -1.35302544e-04
  1.27911568e-04 -1.50442123e-04 -9.14335251e-05 -1.22785568e-04
  5.67913055e-04  2.28285789e-04 -2.26497650e-06 -1.66773796e-04
 -5.35249710e-05  1.12652779e-04 -7.33137131e-05  4.85658646e-04
 -9.66787338e-05  1.17778778e-04  1.76906586e-04  1.54972076e-06
  3.92198563e-05  3.27467918e-04  1.73091888e-04 -1.02877617e-04
  2.75254250e-04  2.93850899e-04  6.87837601e-05 -8.08238983e-05
  5.59329987e-04  3.08752060e-05 -6.67572021e-05  8.30054283e-04
  9.84668732e-05  2.86817551e-04  1.80721283e-04  3.69191170e-04
  1.38521194e-04 -2.38418579e-05  6.17980957e-04  3.05175781e-05
 -1.38282776e-04  8.52346420e-05]","[0.01491576 0.02411605 0.01752168 0.01754208 0.0304327  0.01097103
 0.01354024 0.02029133 0.0208582  0.01224833 0.01444103 0.01215338
 0.01811302 0.01106006 0.01512981 0.01059037 0.01957239 0.01636738
 0.01691375 0.01243168 0.01122643 0.01194975 0.01704639 0.01961656
 0.01130204 0.01587725 0.02133691 0.01262256 0.01486297 0.02406494
 0.01807568 0.01424972 0.01866429 0.01866353 0.01721454 0.01063529
 0.02348409 0.01787219 0.0183956  0.02842129 0.01380724 0.0174407
 0.0210529  0.01682099 0.01906588 0.01319523 0.02349405 0.01571773
 0.0154933  0.01692268]","[0.01068552 0.02284856 0.01140114 0.01885435 0.02031381 0.00666305
 0.00812561 0.01531369 0.0128993  0.0096404  0.00712783 0.00785877
 0.01276748 0.0068725  0.00929898 0.00916058 0.01769604 0.01504407
 0.0105983  0.00608288 0.01136306 0.01207187 0.00839637 0.02011751
 0.00905169 0.01239929 0.01409481 0.00957624 0.01229399 0.01601725
 0.01346881 0.00785642 0.01426041 0.0153042  0.01266442 0.00865006
 0.01858765 0.01138573 0.00916226 0.02074578 0.01454226 0.01471526
 0.01468244 0.01592892 0.01594627 0.01134061 0.01790771 0.01089529
 0.00948219 0.01173924]",0.402656941362739,0.17539112726944722,0.2630972313013611,0.19645225486514928,0.3617132769398762,0.15889548320975677,0.26711709814792467,0.18149057350272726,0.0017659879740567624,0.0010389027152533242,0.000847683900914208,0.0009427266272806534,0.03661567701816559,0.02878580927848815,0.003695801638427791,0.006634696727228711,0.00016992568969726563,0.00014178276062011718,0.000335139498290515,0.0002721787787048793,0.016956059145848704,0.012678016958773804,0.0044837579716330315,0.0040921202611142555
df2,0.38,1.0,0.0,0.0,1.38,0.0,1.0,"[0.03809482 0.79482654 0.61225166 0.50859953 0.29176485 0.79482654
 0.48382277 0.50859953 0.10315938 0.8633028  0.03483221 0.14969106
 0.61225166 0.29176485 0.74453538 0.71851426 0.31007573 0.97808957
 0.03181713 0.61225166 0.50859953 0.10315938 0.139232   0.66552932
 0.3490397  0.74453538 0.03181713 0.01217651 0.3490397  0.55967522
 0.61225166 0.19796045 0.66552932 0.43609338 0.16077182 0.11135888
 0.71851426 0.29176485 0.48382277 0.02903392 0.66552932 0.25747545
 0.48382277 0.88359176 0.14969106 0.61225166 0.45963725 0.81875363
 0.63886042 0.8633028 ]","[2.11739817e-01 1.03159376e-01 1.84885683e-01 1.84885683e-01
 2.90339156e-02 2.74233349e-01 1.11358879e-01 4.95346404e-02
 3.18171260e-02 9.34827271e-01 1.21765095e-02 2.74233349e-01
 8.15145929e-02 1.48741570e-02 1.72496272e-01 1.84885683e-01
 4.13232440e-01 3.10075730e-01 5.87165796e-02 2.74233349e-01
 1.49691056e-01 2.12592488e-03 2.74233349e-01 1.60771824e-01
 1.49691056e-01 1.29372179e-01 1.80967606e-02 5.40313022e-05
 5.25376643e-03 4.59637254e-01 2.91764847e-01 1.11358879e-01
 6.12251659e-01 8.15145929e-02 4.54286666e-02 6.38312357e-02
 8.63302804e-01 1.60771824e-01 1.64147482e-02 6.26876255e-04
 4.83822766e-01 8.82599083e-02 5.59675216e-01 5.33907283e-01
 4.21554189e-03 2.91764847e-01 2.91764847e-01 3.91087390e-01
 3.91087390e-01 2.41482152e-01]","[0.03809482 0.79482654 0.61225166 0.50859953 0.29176485 0.79482654
 0.48382277 0.50859953 0.10315938 0.8633028  0.03483221 0.14969106
 0.61225166 0.29176485 0.74453538 0.71851426 0.31007573 0.97808957
 0.03181713 0.61225166 0.50859953 0.10315938 0.139232   0.66552932
 0.3490397  0.74453538 0.03181713 0.01217651 0.3490397  0.55967522
 0.61225166 0.19796045 0.66552932 0.43609338 0.16077182 0.11135888
 0.71851426 0.29176485 0.48382277 0.02903392 0.66552932 0.25747545
 0.48382277 0.88359176 0.14969106 0.61225166 0.45963725 0.81875363
 0.63886042 0.8633028 ]","[2.11739817e-01 1.03159376e-01 1.84885683e-01 1.84885683e-01
 2.90339156e-02 2.74233349e-01 1.11358879e-01 4.95346404e-02
 3.18171260e-02 9.34827271e-01 1.21765095e-02 2.74233349e-01
 8.15145929e-02 1.48741570e-02 1.72496272e-01 1.84885683e-01
 4.13232440e-01 3.10075730e-01 5.87165796e-02 2.74233349e-01
 1.49691056e-01 2.12592488e-03 2.74233349e-01 1.60771824e-01
 1.49691056e-01 1.29372179e-01 1.80967606e-02 5.40313022e-05
 5.25376643e-03 4.59637254e-01 2.91764847e-01 1.11358879e-01
 6.12251659e-01 8.15145929e-02 4.54286666e-02 6.38312357e-02
 8.63302804e-01 1.60771824e-01 1.64147482e-02 6.26876255e-04
 4.83822766e-01 8.82599083e-02 5.59675216e-01 5.33907283e-01
 4.21554189e-03 2.91764847e-01 2.91764847e-01 3.91087390e-01
 3.91087390e-01 2.41482152e-01]","[0.03955963 0.68415353 0.56033343 0.53572026 0.26442638 0.60762007
 0.45337046 0.52006057 0.26849374 0.90328285 0.02050015 0.10586483
 0.67851216 0.17798993 0.7210874  0.67428878 0.28286643 0.89416677
 0.03432974 0.6542915  0.47516247 0.21839421 0.08442959 0.60707227
 0.42495625 0.48829199 0.02742539 0.00802131 0.41048454 0.57706787
 0.80069762 0.21992329 0.79013716 0.28517128 0.19001574 0.05175561
 0.60257978 0.30011498 0.39553474 0.02399516 0.73603206 0.18730833
 0.5447321  0.84665355 0.1289911  0.55675487 0.18413953 0.67614498
 0.61185774 0.93476935]","[1.97525933e-01 6.68126683e-02 2.44331298e-01 1.33076761e-01
 1.94784341e-02 2.67340056e-01 1.10716404e-01 1.09027064e-01
 1.46266088e-01 9.22447557e-01 2.41625663e-02 3.18394986e-01
 1.22623494e-01 1.53321482e-02 3.46932458e-01 2.82555392e-01
 3.44406579e-01 3.94297678e-01 1.11084426e-01 2.55389853e-01
 8.45183835e-02 1.95093606e-02 1.26842354e-01 1.91255904e-01
 1.21700270e-01 1.85959545e-01 3.77442310e-03 2.72410298e-04
 2.55882999e-02 3.33641296e-01 2.88705168e-01 9.64464445e-02
 6.28125938e-01 5.64540776e-02 9.33407396e-02 1.65276677e-02
 8.52085457e-01 6.63261010e-02 2.01621971e-02 2.85228201e-04
 5.45900041e-01 5.83769968e-02 4.74394237e-01 3.28839805e-01
 8.95898233e-03 2.47134835e-01 1.86060692e-01 2.86940657e-01
 2.93378434e-01 3.01201560e-01]","[4.56472562e-04 2.50000000e-03 2.50000000e-03 2.50000000e-03
 1.86051912e-03 2.50000000e-03 2.50000000e-03 2.50000000e-03
 8.72179372e-04 2.50000000e-03 1.37154654e-04 9.07683538e-04
 2.50000000e-03 2.02475374e-03 2.50000000e-03 2.50000000e-03
 2.50000000e-03 2.50000000e-03 2.18897827e-04 2.50000000e-03
 2.50000000e-03 1.57404171e-03 8.49929224e-04 2.50000000e-03
 2.31886630e-03 2.50000000e-03 9.38093342e-05 5.98629322e-05
 2.50000000e-03 2.50000000e-03 2.50000000e-03 1.47220170e-03
 2.50000000e-03 2.22451501e-03 1.92817227e-03 2.47091684e-04
 2.50000000e-03 2.50000000e-03 2.50000000e-03 1.27421488e-04
 2.50000000e-03 9.82243386e-04 2.50000000e-03 2.50000000e-03
 6.04185962e-04 2.50000000e-03 1.15511163e-03 2.50000000e-03
 2.50000000e-03 2.50000000e-03]","[1.60356503e-03 4.23940267e-04 2.50000000e-03 1.49684945e-03
 1.04368592e-04 2.24717111e-03 1.10587285e-03 4.95043768e-04
 4.36216602e-04 2.50000000e-03 1.23638418e-04 2.42560946e-03
 9.75245628e-04 1.61113883e-04 2.50000000e-03 2.50000000e-03
 2.50000000e-03 2.50000000e-03 6.53449547e-04 2.50000000e-03
 7.46939856e-04 9.39776654e-05 7.73929700e-04 1.61526268e-03
 8.01890643e-04 1.63194755e-03 1.08368768e-05 1.00000000e-05
 3.17606160e-04 2.50000000e-03 2.50000000e-03 4.18518979e-04
 2.50000000e-03 4.72600593e-04 7.61253527e-04 5.37611873e-05
 2.50000000e-03 5.42389777e-04 2.77712892e-04 1.00000000e-05
 2.50000000e-03 2.73461018e-04 2.50000000e-03 2.50000000e-03
 3.64514369e-05 2.50000000e-03 1.04373199e-03 1.94069730e-03
 2.50000000e-03 2.50000000e-03]","[0.04437357 0.03197593 0.03465526 0.03428762 0.0328051  0.0326348
 0.03937263 0.03897154 0.03627022 0.03126769 0.03550298 0.03522219
 0.03444215 0.03608327 0.04132819 0.0391272  0.03679279 0.03613079
 0.04546013 0.03196718 0.04530338 0.03521692 0.03639088 0.03459627
 0.0302861  0.03568444 0.03792948 0.04173154 0.03574209 0.03242098
 0.03585255 0.03427699 0.03308606 0.03308316 0.03969628 0.03000507
 0.03300964 0.03475783 0.0381692  0.04959413 0.03107236 0.04048204
 0.03261964 0.03954223 0.0351498  0.03330943 0.03142877 0.03446264
 0.03916698 0.03452181]","[0.03969281 0.03380905 0.01457725 0.02179253 0.02100406 0.02707242
 0.02719216 0.02682437 0.0330672  0.02771653 0.02718697 0.02782576
 0.0254947  0.03633851 0.0347821  0.01958818 0.02509791 0.02890249
 0.04417972 0.017314   0.04105559 0.03476234 0.0281624  0.02247324
 0.02468135 0.01773348 0.03634182 0.03675931 0.02857349 0.01851186
 0.0268522  0.02665413 0.02168271 0.02397853 0.03851132 0.02618238
 0.01610194 0.0317311  0.02502153 0.03280936 0.02384803 0.04073288
 0.02255562 0.03935737 0.02162874 0.01466747 0.02213778 0.01914464
 0.02337415 0.03395376]","[0.00073541 0.03276172 0.01600808 0.01772128 0.02641083 0.02761836
 0.00394473 0.00447457 0.0101112  0.03921095 0.01261046 0.01365609
 0.01698216 0.01067495 0.00209473 0.00426163 0.00867548 0.01052901
 0.00049718 0.03283533 0.00052638 0.01367643 0.00976181 0.0162726
 0.0499669  0.01197369 0.00617076 0.00183136 0.01177753 0.02920336
 0.0114098  0.01777316 0.02452048 0.02453939 0.00355992 0.0534816
 0.0250224  0.0155574  0.00573539 0.00010282 0.04117404 0.00276505
 0.02772823 0.00373855 0.01393801 0.02310423 0.03765398 0.01688626
 0.00420872 0.01661199]","[0.00356386 0.0201962  0.78329646 0.29398299 0.33610431 0.10467832
 0.10198521 0.11044528 0.02464352 0.09086007 0.10210076 0.08867538
 0.14598603 0.00991208 0.0154524  0.42134024 0.15821904 0.0694026
 0.00078782 0.58031665 0.00229216 0.01553782 0.08221727 0.26073449
 0.17192825 0.54942215 0.00990253 0.00876157 0.07487282 0.49372642
 0.10978564 0.11455313 0.29961664 0.19716455 0.00516256 0.12659715
 0.67135674 0.03487721 0.16066539 0.02638123 0.20215216 0.00254811
 0.25690485 0.00396378 0.30241302 0.77694811 0.27676061 0.45044018
 0.22108329 0.01941717]","[ 6.11186028e-04 -8.92877579e-05 -1.07288361e-05 -1.38998032e-04
 -1.25169754e-04  5.66244125e-05 -6.06775284e-05  2.02417374e-04
  2.80380249e-04  1.42455101e-04  1.66058540e-04  3.67522240e-04
  1.22070312e-04  5.34534454e-04 -8.46385956e-05 -1.38044357e-04
 -8.49962234e-05  3.06487083e-04  7.29560852e-04 -1.27553940e-05
  9.96589661e-05  5.98430634e-05 -7.21216202e-05  7.15255737e-05
  2.24471092e-04  2.25186348e-04  3.97801399e-04 -1.46627426e-05
  3.46660614e-04 -7.24792480e-05 -7.31945038e-05  3.78727913e-04
  9.77516174e-05  2.35676765e-04  5.80549240e-04  5.48362732e-06
 -9.96589661e-05  2.63929367e-04  1.70350075e-04  7.12037086e-04
 -7.21216202e-05  4.05430794e-04 -7.29560852e-05  1.56283379e-04
  2.24351883e-04 -2.30073929e-05  1.18494034e-04  3.26752663e-04
 -8.45193863e-05 -8.89301300e-05]","[ 4.84824181e-04 -1.39236450e-04 -1.60336494e-04 -5.10215759e-05
 -1.48296356e-04 -3.11136246e-05 -1.57356262e-05  1.75952911e-04
  4.48942184e-04  2.61783600e-04  2.25663185e-04  2.51531601e-05
  2.61783600e-04  5.52058220e-04 -1.12056732e-04 -1.68085098e-04
  1.92761421e-04  2.06232071e-04  9.89079475e-04 -1.49846077e-04
  2.37584114e-04  2.86102295e-06 -1.29103661e-04  3.27825546e-05
  2.17437744e-04  1.02519989e-04  3.49402428e-04  2.78949738e-05
  3.38077545e-04 -3.88622284e-05 -7.42673874e-05  3.52263451e-04
 -1.18017197e-05  2.89797783e-04  6.63042068e-04 -7.53402710e-05
 -9.00030136e-05  3.88503075e-04  1.74880028e-04  4.90427017e-04
  1.35779381e-04  3.67283821e-04 -1.73211098e-04  5.04255295e-04
  4.97102737e-05 -4.98294830e-05  7.42673874e-05  4.29749489e-04
 -1.09195709e-04  3.49283218e-05]","[0.02341561 0.01273276 0.01315415 0.01175911 0.01160699 0.01612137
 0.0141144  0.01937113 0.01764265 0.01826228 0.01797603 0.02130534
 0.01639051 0.02400182 0.01398482 0.01189422 0.01371486 0.02036538
 0.02381302 0.01437726 0.01595053 0.01720497 0.0132541  0.01534345
 0.01915581 0.02052084 0.02187408 0.01486333 0.02163814 0.01410349
 0.0132314  0.02078274 0.01612276 0.0183039  0.02321028 0.01482469
 0.01108871 0.01958951 0.02010594 0.02358369 0.01373419 0.02053363
 0.01312264 0.01607    0.01737749 0.01316441 0.01642678 0.01947301
 0.01021735 0.01218314]","[0.01732227 0.00829306 0.00616415 0.00965826 0.00737683 0.01013577
 0.01081692 0.01362306 0.01909112 0.01735065 0.01472814 0.01183892
 0.01406907 0.01913637 0.00841024 0.00613091 0.017313   0.01693004
 0.02360399 0.00663834 0.01432846 0.01106422 0.00804623 0.01293871
 0.01431624 0.01578604 0.01720103 0.01095767 0.01586718 0.01095333
 0.01068759 0.01682217 0.00923923 0.01541212 0.01977757 0.00872139
 0.008341   0.01742818 0.01578635 0.01857107 0.01423796 0.01654303
 0.00578128 0.01656136 0.01128805 0.01009085 0.0122591  0.01732474
 0.00864989 0.01186843]",0.44971786349767046,0.21570350146892447,0.2793922290992185,0.21478153727201774,0.429390670045904,0.20749818698364458,0.27526934344713444,0.20437994827529543,0.0019023022687492197,0.0013317010886326583,0.0008823411012337864,0.0010107432459478313,0.036145198819041255,0.027588784985542292,0.004176976047959155,0.007454714409595505,0.0001440262794494629,0.00014720678329467772,0.0002308243923686014,0.0002545631632849671,0.016861174660352984,0.013109631128913016,0.0038268638746963525,0.004250496617358935
df2,0.4,1.0,0.0,0.0,1.4,0.0,1.0,"[0.71851426 0.71851426 0.16077182 0.18488568 0.69212796 0.63886042
 0.41323244 0.39108739 0.53390728 0.04953464 0.32916807 0.04542867
 0.58582128 0.1200888  0.8633028  0.66552932 0.79482654 0.3490397
 0.17249627 0.08825991 0.61225166 0.61225166 0.05871658 0.00652148
 0.0416213  0.17249627 0.63886042 0.01217651 0.07520917 0.39108739
 0.05871658 0.88359176 0.09546732 0.09546732 0.55967522 0.01993114
 0.01217651 0.69212796 0.21173982 0.41323244 0.39108739 0.81875363
 0.71851426 0.02646763 0.71851426 0.12937218 0.139232   0.39108739
 0.22624166 0.69212796]","[3.69683622e-01 5.87165796e-02 4.13232440e-01 3.77043497e-03
 6.38860419e-01 8.18753631e-01 3.10075730e-01 4.95346404e-02
 4.83822766e-01 2.90339156e-02 2.11739817e-01 2.38884447e-03
 1.84885683e-01 1.03159376e-01 6.92127962e-01 2.57475452e-01
 5.59675216e-01 3.48322136e-02 5.87165796e-02 4.16212987e-02
 1.97960446e-01 2.26241661e-01 5.25376643e-03 5.39576008e-02
 1.67194217e-04 3.80948244e-02 5.25376643e-03 1.39231997e-01
 1.80967606e-02 3.69683622e-01 1.10005675e-02 1.29372179e-01
 2.11739817e-01 4.85152370e-04 4.95346404e-02 5.46398884e-06
 1.91681353e-04 1.20088801e-01 3.48322136e-02 3.18171260e-02
 2.41482152e-01 8.82599083e-02 3.18171260e-02 2.38884447e-03
 8.15145929e-02 1.60771824e-01 4.54286666e-02 2.11739817e-01
 7.25488863e-03 5.87165796e-02]","[0.71851426 0.71851426 0.16077182 0.18488568 0.69212796 0.63886042
 0.41323244 0.39108739 0.53390728 0.04953464 0.32916807 0.04542867
 0.58582128 0.1200888  0.8633028  0.66552932 0.79482654 0.3490397
 0.17249627 0.08825991 0.61225166 0.61225166 0.05871658 0.00652148
 0.0416213  0.17249627 0.63886042 0.01217651 0.07520917 0.39108739
 0.05871658 0.88359176 0.09546732 0.09546732 0.55967522 0.01993114
 0.01217651 0.69212796 0.21173982 0.41323244 0.39108739 0.81875363
 0.71851426 0.02646763 0.71851426 0.12937218 0.139232   0.39108739
 0.22624166 0.69212796]","[3.69683622e-01 5.87165796e-02 4.13232440e-01 3.77043497e-03
 6.38860419e-01 8.18753631e-01 3.10075730e-01 4.95346404e-02
 4.83822766e-01 2.90339156e-02 2.11739817e-01 2.38884447e-03
 1.84885683e-01 1.03159376e-01 6.92127962e-01 2.57475452e-01
 5.59675216e-01 3.48322136e-02 5.87165796e-02 4.16212987e-02
 1.97960446e-01 2.26241661e-01 5.25376643e-03 5.39576008e-02
 1.67194217e-04 3.80948244e-02 5.25376643e-03 1.39231997e-01
 1.80967606e-02 3.69683622e-01 1.10005675e-02 1.29372179e-01
 2.11739817e-01 4.85152370e-04 4.95346404e-02 5.46398884e-06
 1.91681353e-04 1.20088801e-01 3.48322136e-02 3.18171260e-02
 2.41482152e-01 8.82599083e-02 3.18171260e-02 2.38884447e-03
 8.15145929e-02 1.60771824e-01 4.54286666e-02 2.11739817e-01
 7.25488863e-03 5.87165796e-02]","[0.49961916 0.84683356 0.2677097  0.19179387 0.63656007 0.56596593
 0.58185507 0.45421269 0.40761435 0.03575157 0.19485313 0.03592846
 0.61938098 0.28886019 0.80747191 0.71426831 0.85794042 0.39890117
 0.19661237 0.06368968 0.40633819 0.57801883 0.09685603 0.02634713
 0.06145341 0.20986537 0.38985844 0.01641945 0.07087615 0.25891863
 0.1432534  0.83037579 0.11262033 0.08918899 0.3537457  0.05990439
 0.00948687 0.55382876 0.16417873 0.29336707 0.35129859 0.78741165
 0.54993274 0.04511247 0.63046886 0.16608444 0.14004314 0.5077911
 0.09680881 0.62107458]","[3.54264320e-01 4.28571771e-02 2.72255671e-01 3.14887393e-03
 5.50698230e-01 6.03512035e-01 1.64962104e-01 6.58157210e-02
 3.90220080e-01 1.75908631e-02 1.20504116e-01 2.03363248e-03
 1.76291589e-01 7.49419347e-02 5.63540632e-01 2.48272936e-01
 3.10022133e-01 7.06974422e-02 2.30732055e-01 3.99222726e-02
 1.25072212e-01 1.19152408e-01 1.21631818e-02 2.72092879e-02
 1.17170369e-03 5.25105693e-02 1.92700205e-02 1.13500155e-01
 2.72129190e-02 4.60311580e-01 1.44469613e-02 1.15881808e-01
 1.14824302e-01 2.97780554e-03 3.14132170e-02 9.93847282e-04
 3.04436272e-04 1.73238179e-01 2.25439672e-02 2.00240379e-02
 2.76874044e-01 1.10172053e-01 3.02466310e-02 9.99609278e-03
 6.59476973e-02 8.62307063e-02 4.34431816e-02 1.37357710e-01
 8.19886433e-03 1.04581375e-01]","[2.50000000e-03 2.50000000e-03 1.72736759e-03 1.27777753e-03
 2.50000000e-03 2.50000000e-03 2.50000000e-03 2.50000000e-03
 2.35659607e-03 1.18018537e-04 1.27736175e-03 1.98453411e-04
 2.50000000e-03 2.50000000e-03 2.50000000e-03 2.50000000e-03
 2.50000000e-03 2.50000000e-03 1.56715931e-03 4.18705848e-04
 2.50000000e-03 2.50000000e-03 4.27219870e-04 2.35649724e-04
 8.54537456e-04 8.96242835e-04 2.50000000e-03 1.78816696e-04
 7.63954301e-04 2.50000000e-03 8.37422449e-04 2.50000000e-03
 1.12878869e-03 1.10597755e-03 2.50000000e-03 6.26029272e-04
 6.09037409e-05 2.50000000e-03 1.26821325e-03 2.50000000e-03
 2.50000000e-03 2.50000000e-03 2.50000000e-03 4.81344320e-04
 2.50000000e-03 9.87178443e-04 1.07529763e-03 2.50000000e-03
 1.00850605e-03 2.50000000e-03]","[2.50000000e-03 5.00772957e-04 1.40071783e-03 1.30499838e-05
 2.50000000e-03 2.50000000e-03 1.07796309e-03 3.76026439e-04
 2.50000000e-03 4.99343598e-05 5.93462492e-04 1.30674170e-05
 2.25367649e-03 8.98562915e-04 2.50000000e-03 2.50000000e-03
 2.05986941e-03 7.98247568e-04 1.68868942e-03 2.00909226e-04
 8.61633836e-04 9.32633911e-04 3.93571396e-05 1.53738123e-04
 1.45607071e-05 2.27604467e-04 1.60252968e-04 1.29319023e-03
 2.49225224e-04 2.50000000e-03 5.77839775e-05 7.69095326e-04
 7.41701280e-04 3.26348313e-05 2.78490106e-04 1.04794612e-05
 1.00000000e-05 6.84869803e-04 1.48197845e-04 1.96532410e-04
 2.27513758e-03 1.18810576e-03 3.47116239e-04 9.58220516e-05
 4.63681448e-04 4.37416408e-04 3.65209355e-04 1.12414441e-03
 8.18882821e-05 9.36214334e-04]","[0.03879668 0.03293001 0.03646318 0.03571812 0.02851448 0.03421258
 0.02988432 0.03305553 0.03369263 0.03681615 0.03028911 0.03590952
 0.03865961 0.0344557  0.03712024 0.03522887 0.03373196 0.03622686
 0.0527774  0.04193286 0.04141111 0.03646468 0.03350127 0.04388975
 0.04063143 0.03209013 0.03865536 0.0369739  0.03628097 0.03417704
 0.04185152 0.03403393 0.03512422 0.04261595 0.0323411  0.04151004
 0.04269989 0.03330039 0.0300721  0.04047158 0.03789994 0.03403971
 0.03260875 0.03670187 0.03178055 0.0469779  0.03238803 0.03621477
 0.03597613 0.03388294]","[0.03998646 0.03057597 0.03178221 0.02164285 0.01744055 0.02643957
 0.0272839  0.02210769 0.03080517 0.03216568 0.02940172 0.02345324
 0.03228454 0.02199308 0.02875191 0.01676806 0.0280314  0.02811654
 0.04732226 0.04333029 0.03498331 0.0216691  0.03823184 0.0413086
 0.03621528 0.02703269 0.03354851 0.03278365 0.01686858 0.02917847
 0.02437537 0.02095219 0.02992847 0.03298605 0.02628672 0.04091659
 0.03725588 0.02227178 0.03022698 0.02366678 0.02613483 0.02926278
 0.02387099 0.02658174 0.02610227 0.04198412 0.03207545 0.02129101
 0.02557403 0.02975889]","[4.72539118e-03 2.55550669e-02 9.55771834e-03 1.18587263e-02
 7.58916240e-02 1.80904981e-02 5.50560390e-02 2.47199160e-02
 2.08430216e-02 8.61583718e-03 4.99303688e-02 1.12242238e-02
 4.93096444e-03 1.69186762e-02 7.87285181e-03 1.36303250e-02
 2.06224582e-02 1.02394915e-02 2.78256849e-05 1.71173123e-03
 2.03787404e-03 9.55351851e-03 2.19463505e-02 8.72789839e-04
 2.63388148e-03 3.18140876e-02 4.93747179e-03 8.22280670e-03
 1.00796249e-02 1.82677372e-02 1.75916538e-03 1.89972650e-02
 1.40388781e-02 1.35781059e-03 2.98157974e-02 1.97192141e-03
 1.31936499e-03 2.31600803e-02 5.26244540e-02 2.77446022e-03
 6.22646585e-03 1.89672944e-02 2.78072939e-02 8.91113941e-03
 3.44405063e-02 2.83233856e-04 2.94546328e-02 1.02755301e-02
 1.10107169e-02 1.97950323e-02]","[3.24462707e-03 4.65524069e-02 3.44259400e-02 3.01679989e-01
 5.70943465e-01 1.19908809e-01 9.99608080e-02 2.78231962e-01
 4.39977167e-02 3.12004898e-02 6.17530660e-02 2.17832858e-01
 3.02561792e-02 2.83888235e-01 7.18624966e-02 6.21141144e-01
 8.46817141e-02 8.30730481e-02 2.48647526e-04 1.06145847e-03
 1.46063542e-02 3.00320046e-01 5.62633966e-03 2.10837084e-03
 1.02740222e-02 1.05585017e-01 2.16692492e-02 2.65603260e-02
 6.13587283e-01 6.50797739e-02 1.82583056e-01 3.39011429e-01
 5.44758820e-02 2.51791268e-02 1.23848049e-01 2.39933704e-03
 7.56065167e-03 2.70275485e-01 5.06891602e-02 2.09239662e-01
 1.27866547e-01 6.38059326e-02 2.01267702e-01 1.16337576e-01
 1.28741644e-01 1.68245269e-03 3.19344774e-02 3.20325585e-01
 1.43634004e-01 5.67336298e-02]","[-2.62260437e-06 -7.60555267e-05  5.50746918e-05  4.94837761e-04
 -7.79628754e-05  4.76837158e-06 -1.61290169e-04 -6.94990158e-05
  2.29954720e-04  3.57627869e-04 -4.50611115e-05  1.26838684e-04
 -8.66651535e-05 -8.92877579e-05 -1.08122826e-04  1.47461891e-04
 -2.43186951e-05  1.37567520e-04  4.28557396e-04  9.25064087e-05
  5.80549240e-05 -1.46508217e-04  5.01871109e-05  7.26819038e-04
  6.71148300e-05  2.04324722e-04  1.69038773e-04  4.41551208e-04
  3.54290009e-04  6.12735748e-05  1.70350075e-04  1.20759010e-04
  1.08122826e-04 -3.71932983e-05  2.76565552e-05  7.80820847e-04
  2.13742256e-04 -1.14679337e-04  7.97510147e-05 -5.44786453e-05
  2.19106674e-04  5.32150269e-04  3.71098518e-04  2.63571739e-04
  2.45332718e-04  4.76956367e-04  1.23262405e-04  3.18527222e-04
 -3.05175781e-05 -2.74181366e-05]","[-6.36577606e-05  9.32216644e-05  1.44600868e-04  3.73959541e-04
 -1.87873840e-04  1.62720680e-04 -1.67489052e-04  5.65052032e-05
  1.90734863e-04  4.14729118e-04  1.42097473e-04  2.38418579e-07
  7.74860382e-06 -1.24335289e-04 -3.33786011e-06 -9.75131989e-05
 -2.75373459e-05  9.33408737e-05  4.83036041e-04  1.50084496e-04
  1.74522400e-04 -1.13487244e-04  1.53779984e-05  1.15430355e-03
 -5.41210175e-05  2.19225883e-04  8.54730606e-05  4.73380089e-04
  3.00407410e-05  4.51803207e-05  1.64508820e-05  2.26616859e-04
  2.12430954e-04 -2.26497650e-06  1.53422356e-04  9.04917717e-04
  1.40905380e-04 -7.08103180e-05  2.46763229e-05  6.91413879e-06
  1.15513802e-04  6.36458397e-04  3.65972519e-04  2.75731087e-04
  1.39594078e-04  6.17742538e-04  1.30295753e-04  3.21030617e-04
 -1.45554543e-04  2.32338905e-04]","[0.01306856 0.01190855 0.01604947 0.02064775 0.01138386 0.01663815
 0.01070635 0.01213489 0.01916758 0.01997466 0.01377628 0.01837545
 0.01134903 0.01367562 0.01228172 0.01924632 0.01469448 0.0188085
 0.02184579 0.01677412 0.01507938 0.01002428 0.01628119 0.0236971
 0.01752462 0.01845227 0.01826137 0.02079003 0.02001973 0.01519501
 0.0169189  0.01657561 0.01759685 0.01477717 0.01587478 0.02451553
 0.01861981 0.01222241 0.01701335 0.01234242 0.01968918 0.02056595
 0.02004163 0.01957648 0.01802475 0.02192683 0.01722052 0.01952042
 0.01253445 0.01469023]","[0.0110086  0.01216405 0.01256779 0.01532769 0.00484184 0.01637636
 0.00585284 0.01174031 0.01311414 0.01559256 0.0139983  0.01090727
 0.01208294 0.00774609 0.01084432 0.00845837 0.01045039 0.01417089
 0.01782447 0.01271279 0.01374028 0.00745659 0.01072418 0.02488561
 0.00969152 0.01435257 0.0115564  0.01934698 0.01072985 0.01247248
 0.01110004 0.0145824  0.01434185 0.01191523 0.01444143 0.02278551
 0.01331012 0.00959086 0.01184744 0.01037179 0.01234716 0.02231429
 0.01471842 0.01598278 0.0127996  0.01999693 0.01183553 0.01640676
 0.00753048 0.01629299]",0.36860228746278895,0.15788980604866054,0.28511303674710564,0.19759062561961216,0.34573501214582875,0.13259109541616276,0.26143292103469645,0.15726734321521887,0.0017175504464275442,0.0008720333421799658,0.0009086507336583516,0.0008790649038101739,0.03645965552926064,0.02926012153148651,0.004605320714150398,0.007038565444817293,0.0001421475410461426,0.0001594710350036621,0.000220122991341963,0.0002620405494525572,0.016761587405816476,0.013145001690568689,0.003521331002643335,0.004050270656824905
df3,0.0,1.0,0.0,0.0,1.3,0.0,1.0,"[0.39108739 0.98957839 0.08825991 0.03809482 0.61225166 0.48382277
 0.17249627 0.71851426 0.39108739 0.55967522 0.66552932 0.91946676
 0.29176485 0.36968362 0.90235528 0.63886042 0.58582128 0.61225166
 0.43609338 0.97808957 0.29176485 0.90235528 0.19796045 0.24148215
 0.11135888 0.97808957 0.27423335 0.77002924 0.18488568 0.77002924
 0.84163603 0.29176485 0.18488568 0.01809676 0.77002924 0.10315938
 0.77002924 0.25747545 0.77002924 0.1200888  0.79482654 0.8633028
 0.02903392 0.0539576  0.66552932 0.98957839 0.48382277 0.41323244
 0.58582128 0.66552932]","[0.21173982 0.90235528 0.08825991 0.08825991 0.43609338 0.61225166
 0.39108739 0.53390728 0.58582128 0.25747545 0.97808957 0.3490397
 0.10315938 0.41323244 0.94837208 0.43609338 0.93482727 0.79482654
 0.81875363 0.53390728 0.24148215 0.8633028  0.10315938 0.0539576
 0.43609338 0.90235528 0.27423335 0.61225166 0.61225166 0.74453538
 0.81875363 0.04542867 0.29176485 0.09546732 0.8633028  0.14969106
 0.77002924 0.66552932 0.79482654 0.22624166 0.99328163 0.14969106
 0.04953464 0.11135888 0.84163603 0.8633028  0.29176485 0.69212796
 0.55967522 0.50859953]","[0.39108739 0.98957839 0.08825991 0.03809482 0.61225166 0.48382277
 0.17249627 0.71851426 0.39108739 0.55967522 0.66552932 0.91946676
 0.29176485 0.36968362 0.90235528 0.63886042 0.58582128 0.61225166
 0.43609338 0.97808957 0.29176485 0.90235528 0.19796045 0.24148215
 0.11135888 0.97808957 0.27423335 0.77002924 0.18488568 0.77002924
 0.84163603 0.29176485 0.18488568 0.01809676 0.77002924 0.10315938
 0.77002924 0.25747545 0.77002924 0.1200888  0.79482654 0.8633028
 0.02903392 0.0539576  0.66552932 0.98957839 0.48382277 0.41323244
 0.58582128 0.66552932]","[0.21173982 0.90235528 0.08825991 0.08825991 0.43609338 0.61225166
 0.39108739 0.53390728 0.58582128 0.25747545 0.97808957 0.3490397
 0.10315938 0.41323244 0.94837208 0.43609338 0.93482727 0.79482654
 0.81875363 0.53390728 0.24148215 0.8633028  0.10315938 0.0539576
 0.43609338 0.90235528 0.27423335 0.61225166 0.61225166 0.74453538
 0.81875363 0.04542867 0.29176485 0.09546732 0.8633028  0.14969106
 0.77002924 0.66552932 0.79482654 0.22624166 0.99328163 0.14969106
 0.04953464 0.11135888 0.84163603 0.8633028  0.29176485 0.69212796
 0.55967522 0.50859953]","[0.34261561 0.94752826 0.05754173 0.09354196 0.63689356 0.47330357
 0.1712931  0.51168332 0.27392846 0.43662903 0.79152207 0.84680779
 0.30524172 0.28934447 0.83964816 0.30021174 0.39738811 0.66645081
 0.47413961 0.96634241 0.16178483 0.91237194 0.11082009 0.10836001
 0.25707097 0.94044465 0.15769179 0.68413491 0.30511124 0.6664746
 0.79796195 0.31551144 0.2227383  0.0649646  0.80022033 0.08479974
 0.76059746 0.33699505 0.59850522 0.10500916 0.82013416 0.96154996
 0.01984829 0.12087329 0.66389066 0.95744414 0.37464532 0.37549402
 0.48265391 0.53396369]","[0.17106005 0.88443693 0.08530537 0.11706561 0.62714737 0.56288763
 0.38827075 0.48515967 0.47578984 0.33450937 0.89641783 0.32461055
 0.26663553 0.29442326 0.87544078 0.57794471 0.93563416 0.52148336
 0.55202521 0.71559619 0.13758944 0.81784555 0.11549441 0.08202846
 0.39040793 0.88459023 0.1659152  0.44086124 0.66685109 0.853705
 0.86161099 0.06451349 0.27114677 0.13243953 0.85165459 0.07824512
 0.53405146 0.6916049  0.92222002 0.11252236 0.99820942 0.45200322
 0.02093017 0.10436451 0.95423256 0.92160408 0.34760144 0.65808801
 0.53728209 0.59518772]","[0.0025     0.0025     0.00073454 0.00065021 0.0025     0.0025
 0.00219709 0.0025     0.0025     0.0025     0.0025     0.0025
 0.0025     0.0025     0.0025     0.00214914 0.0025     0.0025
 0.0025     0.0025     0.00091029 0.0025     0.00099162 0.00126389
 0.0025     0.0025     0.00155414 0.0025     0.0025     0.0025
 0.0025     0.0025     0.0025     0.00055456 0.0025     0.00093205
 0.0025     0.0025     0.0025     0.00126562 0.0025     0.0025
 0.00031492 0.00160614 0.0025     0.0025     0.0025     0.0025
 0.0025     0.0025    ]","[0.00197892 0.0025     0.00104489 0.00090341 0.0025     0.0025
 0.0025     0.0025     0.0025     0.0025     0.0025     0.0025
 0.0025     0.0025     0.0025     0.0025     0.0025     0.0025
 0.0025     0.0025     0.00088567 0.0025     0.00108713 0.00118907
 0.0025     0.0025     0.0018304  0.0025     0.0025     0.0025
 0.0025     0.00085276 0.0025     0.00126826 0.0025     0.00075545
 0.0025     0.0025     0.0025     0.00123308 0.0025     0.0025
 0.00029856 0.00150801 0.0025     0.0025     0.0025     0.0025
 0.0025     0.0025    ]","[0.03909725 0.03381117 0.03797911 0.03739212 0.03669582 0.03810203
 0.03355067 0.03516404 0.02922665 0.03574613 0.03326169 0.03584475
 0.02842796 0.03403656 0.03796401 0.03877754 0.03737327 0.03550043
 0.03384105 0.03389586 0.03504508 0.03844456 0.03548078 0.03419085
 0.03672493 0.036883   0.03723773 0.03283295 0.03592223 0.03597956
 0.03411594 0.03780235 0.03106104 0.0481706  0.03781038 0.03977515
 0.0389971  0.03122053 0.03515216 0.03265042 0.03841483 0.03281418
 0.0382721  0.0380348  0.03455665 0.03184585 0.03567653 0.03746361
 0.0355114  0.03390325]","[0.02599532 0.02521505 0.04095995 0.0388971  0.02373688 0.01583634
 0.02038317 0.02327529 0.03219903 0.02905769 0.0294591  0.04078986
 0.02993918 0.01420159 0.02972183 0.02987839 0.02303876 0.03303832
 0.02048303 0.02368255 0.03866334 0.04182457 0.01672293 0.01986222
 0.02268477 0.02906965 0.02965376 0.02768749 0.01652181 0.02550545
 0.0217673  0.03208899 0.02572637 0.04023811 0.01643309 0.0299704
 0.01840493 0.02508201 0.02715506 0.03334599 0.01881509 0.02694995
 0.03039597 0.02338814 0.0204919  0.02167744 0.02508003 0.03700975
 0.03156164 0.03132947]","[0.00430186 0.02018459 0.00607823 0.00725844 0.00892702 0.00585445
 0.02165665 0.01388214 0.0643492  0.0117639  0.02340067 0.01143542
 0.07740653 0.0189836  0.00610625 0.00475362 0.00729958 0.01261961
 0.02002159 0.01972561 0.0143551  0.00527004 0.01269044 0.01819869
 0.00885083 0.00844724 0.00760176 0.02621783 0.01118321 0.0109998
 0.0185761  0.00641372 0.04129035 0.00017967 0.00639812 0.00347154
 0.00443894 0.03967729 0.01392875 0.0275056  0.00531856 0.02634777
 0.00555726 0.0059759  0.01645238 0.03387117 0.01200084 0.00710431
 0.01258026 0.01968599]","[0.13165087 0.15452531 0.00236542 0.00457982 0.20647631 0.69132946
 0.37199412 0.22519722 0.03093298 0.06694254 0.06092186 0.00250108
 0.0543359  0.80914563 0.05723763 0.05513436 0.23527537 0.02483296
 0.36606186 0.20861557 0.00492527 0.00177514 0.62453683 0.40391155
 0.25098435 0.06675595 0.05817328 0.09144852 0.63969009 0.14566527
 0.29527029 0.03182341 0.13920284 0.00299227 0.64638216 0.05392961
 0.50123015 0.15872596 0.10281337 0.02287945 0.47273745 0.10749369
 0.04864799 0.22050543 0.365538   0.29988918 0.158789   0.00813581
 0.03641071 0.03860729]","[ 3.07798386e-04  1.96695328e-05  5.62310219e-04  2.61902809e-04
 -8.05854797e-05  9.58442688e-05  8.94069672e-05  1.43885612e-04
  3.43322754e-05 -1.18374825e-04  7.91549683e-05  2.13861465e-04
  2.67028809e-05  2.75373459e-05  1.11222267e-04 -3.60012054e-05
  3.02433968e-04 -1.02519989e-05 -5.14984131e-05 -4.36306000e-05
  2.93254852e-05  6.79254532e-04 -9.36985016e-05  6.06775284e-05
 -5.00679016e-05  4.48226929e-05  4.27126884e-04  3.39746475e-05
 -1.37686729e-04  4.05073166e-04  1.01089478e-04 -2.62260437e-05
  2.22921371e-05  5.08904457e-04 -5.50746918e-05  8.25285912e-04
  3.53217125e-04 -7.95125961e-05  8.86917114e-05 -1.65700912e-05
  3.26752663e-04  2.35438347e-04  2.26855278e-04  1.51276588e-04
 -1.33514404e-05  8.71300697e-04  2.78472900e-04  1.89542770e-04
  1.07049942e-04  3.82661819e-05]","[ 1.90138817e-04  3.51667404e-05  7.37071037e-04  2.58088112e-04
 -1.59382820e-04 -1.42335892e-04 -4.67300415e-05  2.09689140e-04
  4.27961349e-05 -1.81198120e-05  1.02877617e-04  8.93235207e-04
  5.96046448e-05 -1.85489655e-04  1.58905983e-04 -9.02414322e-05
  2.00271606e-04  2.63094902e-04 -7.05718994e-05 -1.21116638e-04
  2.53438950e-04  7.39932060e-04 -9.13143158e-05 -1.21951103e-04
 -2.89678574e-05 -5.24520874e-05  4.19616699e-04  6.55651093e-05
 -1.17778778e-04  2.41637230e-04  1.87635422e-04  2.70605087e-05
  1.00135803e-04  4.42981720e-04 -1.73449516e-04  5.28216362e-04
  2.62737274e-04 -7.08103180e-05  1.44243240e-05  3.34143639e-04
  1.75714493e-04  2.03609467e-04  2.84075737e-04  2.35319138e-04
 -6.93798065e-05  5.81741333e-04  9.67979431e-05  4.96864319e-04
  4.23192978e-05  1.71542168e-04]","[0.02100622 0.01514791 0.02274613 0.01989478 0.01242654 0.01713808
 0.01632725 0.01844123 0.01631227 0.01188193 0.01545713 0.01795508
 0.01517892 0.01399372 0.01512785 0.01565457 0.01930241 0.01385563
 0.01530666 0.01325238 0.01585187 0.02436801 0.01010564 0.01602987
 0.01488811 0.01584667 0.02205301 0.01627392 0.01192796 0.02265888
 0.01614439 0.0145189  0.01576634 0.02186163 0.01487703 0.02393448
 0.02079926 0.01154876 0.01683221 0.01379537 0.02104003 0.01844744
 0.01884404 0.01891266 0.014482   0.025671   0.01996595 0.01770722
 0.01793062 0.01512324]","[0.01513246 0.01273179 0.02091644 0.01525908 0.00571372 0.0068206
 0.00893382 0.01548203 0.01219897 0.01095624 0.0116506  0.02344153
 0.01152537 0.00560707 0.01450191 0.01066731 0.01316903 0.01792391
 0.00912566 0.00909412 0.01723257 0.01947452 0.00876419 0.00771455
 0.00997919 0.0097539  0.02026175 0.01219283 0.00860684 0.0167698
 0.01352073 0.01113681 0.01347239 0.01540667 0.00555893 0.01653793
 0.01495629 0.00865357 0.01231934 0.01666271 0.01384572 0.0167445
 0.01530043 0.01661899 0.0107423  0.01694881 0.01282287 0.0209007
 0.01246358 0.01334385]",0.5047760380911157,0.5008636587643399,0.3055072459030863,0.30712893256122603,0.47048242423164444,0.4951329024818101,0.2980812516741642,0.30449672216216644,0.002152484449419078,0.0021467123488251127,0.0006590113922332336,0.0006416816030363023,0.035753573563694956,0.02709792076587677,0.00313529584348687,0.007118942078946114,0.00014936447143554688,0.00014992713928222657,0.00023251720018903002,0.0002512661743371233,0.017092264634383215,0.01319117863550859,0.0035487847440328862,0.004195364193098858
df3,0.025,1.0,0.0,0.0,1.3,0.025,1.0,"[0.66552932 0.19796045 0.88359176 0.63886042 0.58582128 0.93482727
 0.8633028  0.19796045 0.98957839 0.41323244 0.08151459 0.00421554
 0.55967522 0.8633028  0.84163603 0.53390728 0.21173982 0.84163603
 0.24148215 0.04953464 0.18488568 0.55967522 0.71851426 0.41323244
 0.90235528 0.61225166 0.77002924 0.48382277 0.8633028  0.39108739
 0.48382277 0.29176485 0.48382277 0.48382277 0.139232   0.43609338
 0.74453538 0.09546732 0.84163603 0.91946676 0.02903392 0.66552932
 0.71851426 0.39108739 0.77002924 0.36968362 0.66552932 0.39108739
 0.94837208 0.58582128]","[0.43609338 0.11135888 0.90235528 0.50859953 0.39108739 0.74453538
 0.71851426 0.12937218 0.91946676 0.63886042 0.18488568 0.00300719
 0.21173982 0.53390728 0.8633028  0.31007573 0.19796045 0.22624166
 0.50859953 0.32916807 0.36968362 0.29176485 0.63886042 0.36968362
 0.96007647 0.53390728 0.50859953 0.43609338 0.98457739 0.50859953
 0.41323244 0.41323244 0.29176485 0.25747545 0.17249627 0.11135888
 0.58582128 0.45963725 0.98457739 0.39108739 0.00652148 0.63886042
 0.3490397  0.18488568 0.77002924 0.63886042 0.77002924 0.25747545
 0.66552932 0.50859953]","[0.66552932 0.19796045 0.88359176 0.63886042 0.58582128 0.93482727
 0.8633028  0.19796045 0.98957839 0.41323244 0.08151459 0.00421554
 0.55967522 0.8633028  0.84163603 0.53390728 0.21173982 0.84163603
 0.24148215 0.04953464 0.18488568 0.55967522 0.71851426 0.41323244
 0.90235528 0.61225166 0.77002924 0.48382277 0.8633028  0.39108739
 0.48382277 0.29176485 0.48382277 0.48382277 0.139232   0.43609338
 0.74453538 0.09546732 0.84163603 0.91946676 0.02903392 0.66552932
 0.71851426 0.39108739 0.77002924 0.36968362 0.66552932 0.39108739
 0.94837208 0.58582128]","[0.43609338 0.11135888 0.90235528 0.50859953 0.39108739 0.74453538
 0.71851426 0.12937218 0.91946676 0.63886042 0.18488568 0.00300719
 0.21173982 0.53390728 0.8633028  0.31007573 0.19796045 0.22624166
 0.50859953 0.32916807 0.36968362 0.29176485 0.63886042 0.36968362
 0.96007647 0.53390728 0.50859953 0.43609338 0.98457739 0.50859953
 0.41323244 0.41323244 0.29176485 0.25747545 0.17249627 0.11135888
 0.58582128 0.45963725 0.98457739 0.39108739 0.00652148 0.63886042
 0.3490397  0.18488568 0.77002924 0.63886042 0.77002924 0.25747545
 0.66552932 0.50859953]","[0.56053928 0.21071968 0.97080574 0.53070388 0.79118441 0.82402879
 0.84636064 0.14367387 0.98589096 0.3787411  0.06003484 0.00537354
 0.58743291 0.77478387 0.70605855 0.687045   0.42814737 0.82935752
 0.23838155 0.1278656  0.36163529 0.48828875 0.60313882 0.46532861
 0.84913148 0.41862196 0.54322723 0.42496513 0.96578546 0.51739124
 0.51964311 0.37542171 0.50746935 0.56395121 0.09224394 0.75446605
 0.67184493 0.06534307 0.72529111 0.86519577 0.0088735  0.6910727
 0.77892203 0.2752638  0.84533976 0.2581338  0.86057564 0.34849895
 0.95973363 0.6472836 ]","[0.6213303  0.17509885 0.91703296 0.34111734 0.57605441 0.89200287
 0.90961211 0.07986922 0.91287117 0.75441568 0.09880033 0.00270481
 0.16530556 0.415204   0.95596479 0.27148301 0.34938858 0.66214863
 0.54467093 0.21012238 0.44640908 0.24786047 0.70675316 0.41253212
 0.88666237 0.32310771 0.40255973 0.39315944 0.97773505 0.75954758
 0.44156503 0.33058066 0.73769584 0.1694501  0.10334626 0.38264798
 0.47456191 0.37209634 0.94415658 0.68663683 0.00324584 0.6087703
 0.40042354 0.16300041 0.8657389  0.62002375 0.71633516 0.33250529
 0.69757091 0.43101346]","[2.50000000e-03 1.85600114e-03 2.50000000e-03 2.50000000e-03
 2.50000000e-03 2.50000000e-03 2.50000000e-03 1.33412834e-03
 2.50000000e-03 2.38371468e-03 5.81313430e-04 6.00820003e-05
 2.50000000e-03 2.50000000e-03 2.50000000e-03 2.50000000e-03
 2.50000000e-03 2.50000000e-03 2.50000000e-03 6.64423261e-04
 2.50000000e-03 2.50000000e-03 2.50000000e-03 2.50000000e-03
 2.50000000e-03 2.50000000e-03 2.50000000e-03 2.50000000e-03
 2.50000000e-03 2.50000000e-03 2.50000000e-03 2.50000000e-03
 2.50000000e-03 2.50000000e-03 6.12566007e-04 2.50000000e-03
 2.50000000e-03 5.94294958e-04 2.50000000e-03 2.50000000e-03
 5.09208037e-05 2.50000000e-03 2.50000000e-03 2.50000000e-03
 2.50000000e-03 2.39616937e-03 2.50000000e-03 2.50000000e-03
 2.50000000e-03 2.50000000e-03]","[2.50000000e-03 1.55357543e-03 2.50000000e-03 2.25990326e-03
 2.50000000e-03 2.50000000e-03 2.50000000e-03 8.24458053e-04
 2.50000000e-03 2.50000000e-03 1.16931020e-03 2.63574986e-05
 1.03361849e-03 2.50000000e-03 2.50000000e-03 2.50000000e-03
 2.50000000e-03 2.50000000e-03 2.50000000e-03 1.60430365e-03
 2.50000000e-03 2.50000000e-03 2.50000000e-03 2.50000000e-03
 2.50000000e-03 2.50000000e-03 2.50000000e-03 2.50000000e-03
 2.50000000e-03 2.50000000e-03 2.50000000e-03 2.50000000e-03
 2.50000000e-03 2.31629431e-03 5.85976294e-04 2.50000000e-03
 2.50000000e-03 2.50000000e-03 2.50000000e-03 2.50000000e-03
 1.31545963e-05 2.50000000e-03 2.50000000e-03 2.16137456e-03
 2.50000000e-03 2.50000000e-03 2.50000000e-03 2.50000000e-03
 2.50000000e-03 2.50000000e-03]","[0.03507219 0.03280512 0.0340358  0.03453455 0.03489635 0.03549421
 0.03160034 0.03425517 0.03503146 0.04171234 0.03638786 0.04258211
 0.03866293 0.0371655  0.04213829 0.03424174 0.03106557 0.03418975
 0.03301779 0.03276984 0.03403444 0.03333143 0.03729487 0.03455476
 0.03713447 0.03358308 0.03119742 0.0339977  0.03308122 0.0374665
 0.03758447 0.03808056 0.03986795 0.03266415 0.03512668 0.03150345
 0.03131605 0.03522746 0.03036441 0.03675893 0.04180276 0.03553114
 0.03644393 0.03729726 0.03534397 0.03475258 0.03283125 0.03633414
 0.0344578  0.03479955]","[0.02232422 0.01884156 0.0267181  0.02412585 0.02003838 0.01726912
 0.02830948 0.02631376 0.02369607 0.01465305 0.0297936  0.04480564
 0.02262778 0.03546688 0.03304313 0.03391201 0.02151842 0.01945145
 0.0304203  0.02576188 0.01742853 0.02430017 0.03524993 0.01817865
 0.01749777 0.02318325 0.01633059 0.02270508 0.02012836 0.02443532
 0.02453171 0.02101534 0.02444797 0.02371353 0.01941419 0.02573608
 0.02209337 0.03303388 0.02104023 0.0211968  0.03206224 0.02685062
 0.02038356 0.03048806 0.02826969 0.02383712 0.02684743 0.01692993
 0.02185132 0.02642081]","[0.01424604 0.02641067 0.01898757 0.01655348 0.01496677 0.01264198
 0.03605538 0.01788011 0.01441015 0.00184316 0.00977042 0.0013736
 0.00492589 0.0077674  0.00159718 0.01794619 0.04124378 0.01820418
 0.02496843 0.02665695 0.01899463 0.02296872 0.00747302 0.01646102
 0.00783956 0.02146847 0.03990752 0.01918603 0.02455201 0.00709813
 0.00685049 0.00589298 0.00337015 0.02740683 0.01402913 0.03695067
 0.03873773 0.01363578 0.04902371 0.00876255 0.00178818 0.01250969
 0.00961168 0.00746768 0.01319336 0.01558017 0.02622961 0.00992471
 0.01690887 0.01537734]","[2.67768148e-01 4.70926032e-01 1.12995087e-01 1.91649524e-01
 3.92938162e-01 5.83650025e-01 7.95226476e-02 1.23143389e-01
 2.08081695e-01 7.77965789e-01 5.62650725e-02 6.30109487e-04
 2.53584379e-01 1.27407181e-02 2.48012948e-02 1.96391502e-02
 3.08185440e-01 4.30195613e-01 4.83600321e-02 1.38186086e-01
 5.71832296e-01 1.85279435e-01 1.35494357e-02 5.17272174e-01
 5.66720018e-01 2.29079523e-01 6.54114920e-01 2.50062512e-01
 3.87403570e-01 1.80455856e-01 1.77075970e-01 3.35474736e-01
 1.80009444e-01 2.07393609e-01 4.32626943e-01 1.38924451e-01
 2.78934459e-01 2.48622002e-02 3.34087446e-01 3.25449416e-01
 3.20432486e-02 1.09822995e-01 3.71970615e-01 4.75659690e-02
 8.02442181e-02 2.02573292e-01 1.09898472e-01 6.08983814e-01
 2.90997843e-01 1.20386721e-01]","[-4.30345535e-05 -7.93933868e-05 -1.03831291e-04  5.60283661e-05
 -6.66379929e-05  1.59859657e-04  2.39253044e-04 -1.50203705e-05
 -4.88758087e-05 -1.70469284e-05  2.22563744e-04 -7.99894333e-05
 -9.85860825e-05 -3.83853912e-05  5.80072403e-04  3.08752060e-05
  1.06930733e-04 -1.87158585e-05  6.60657883e-04 -1.04904175e-05
 -1.17897987e-04 -7.56978989e-05  4.57763672e-05 -5.10215759e-05
  1.56044960e-04  5.69820404e-04 -1.36971474e-04 -6.81877136e-05
  2.51531601e-05  7.40289688e-05 -2.33650208e-05  4.81724739e-04
  2.10404396e-04  2.31981277e-04 -1.44124031e-04 -7.58171082e-05
 -1.36613846e-04 -1.14679337e-04 -9.78708267e-05 -7.98702240e-06
 -7.20024109e-05  5.67674637e-04 -6.49690628e-05  3.42130661e-04
  7.74860382e-06  7.58171082e-05  1.22785568e-04 -3.21865082e-06
  4.06503677e-05  1.59859657e-04]","[-3.58819962e-05  7.56978989e-05 -4.22000885e-05  2.51531601e-05
 -1.57713890e-04  2.38656998e-04  6.91056252e-04 -3.89814377e-05
  5.11407852e-05 -2.71797180e-05 -2.57492065e-05 -2.57492065e-05
 -9.64403152e-05  1.15871429e-04  5.30123711e-04  1.12652779e-04
 -3.12328339e-05 -4.52995300e-06  5.07950783e-04 -8.10623169e-05
 -1.50799751e-04 -1.36256218e-04  1.57356262e-05 -6.53266907e-05
  1.51276588e-04  3.03387642e-04 -1.88589096e-04 -1.36733055e-04
 -3.64780426e-05  2.43067741e-04 -1.25169754e-05  3.54766846e-04
  1.47819519e-04  2.50339508e-04 -1.80125237e-04 -9.04798508e-05
 -1.63197517e-04 -1.60336494e-04 -1.87635422e-04 -1.05977058e-04
 -1.14917755e-04  6.31332397e-04 -1.43051147e-04  2.61068344e-04
  1.67846680e-04  3.86238098e-05  7.67707825e-05  6.36577606e-05
  1.78813934e-06  6.29425049e-05]","[0.01452304 0.01123743 0.0122532  0.01705271 0.0135304  0.01797933
 0.01878659 0.01422002 0.01382919 0.01559951 0.01884121 0.0137315
 0.01319529 0.01560619 0.02438123 0.01561284 0.01536019 0.01536233
 0.02489871 0.01477217 0.01157783 0.01347886 0.01461581 0.01385232
 0.01846609 0.02302081 0.00976234 0.0138604  0.01502226 0.0150736
 0.01381863 0.02175034 0.01748675 0.01923845 0.01086648 0.01259392
 0.01008396 0.01070012 0.00948826 0.01603457 0.01175424 0.02461314
 0.01328668 0.0194097  0.01392158 0.01688691 0.01803557 0.01434128
 0.01678104 0.01804045]","[0.00925448 0.01443808 0.01109786 0.01165184 0.00751318 0.0171115
 0.02313357 0.01034161 0.01051724 0.00948527 0.0093445  0.01243491
 0.00873576 0.01471228 0.02148595 0.0120641  0.00912153 0.01077775
 0.02121754 0.00890204 0.00669967 0.00712863 0.01216278 0.01052667
 0.01467857 0.01552877 0.00515071 0.0074091  0.00943259 0.01529548
 0.01217631 0.01570334 0.01216832 0.01408344 0.00570324 0.00917389
 0.00668431 0.00612563 0.00484863 0.01036809 0.01091197 0.01945429
 0.00794906 0.0140602  0.01422147 0.01078274 0.01235605 0.01405272
 0.01058035 0.01168723]",0.5390563445720218,0.4668298371786991,0.2824851317451379,0.26045865036432275,0.542784214154506,0.4978577944948522,0.27969225621523575,0.28073850889713514,0.00221067227972233,0.002220966526783808,0.0006970605266992346,0.0006500598682604049,0.03530846632421017,0.02457384380102158,0.0028940088328948278,0.005918845685421591,6.714820861816406e-05,5.359172821044922e-05,0.00020394481874613148,0.0002110615202269597,0.015572710242170005,0.011608904476956094,0.003738680278734428,0.004139215168402064
df3,0.05,1.0,0.0,0.0,1.3,0.05,1.0,"[0.29176485 0.05871658 0.77002924 0.50859953 0.77002924 0.16077182
 0.32916807 0.24148215 0.14969106 0.81875363 0.48382277 0.29176485
 0.29176485 0.10315938 0.18488568 0.11135888 0.36968362 0.09546732
 0.09546732 0.48382277 0.50859953 0.36968362 0.77002924 0.00525377
 0.8633028  0.93482727 0.84163603 0.93482727 0.22624166 0.139232
 0.24148215 0.45963725 0.61225166 0.84163603 0.03483221 0.88359176
 0.63886042 0.48382277 0.84163603 0.00652148 0.79482654 0.84163603
 0.01346465 0.74453538 0.94837208 0.41323244 0.0539576  0.45963725
 0.96007647 0.43609338]","[0.31007573 0.24148215 0.24148215 0.8633028  0.50859953 0.19796045
 0.19796045 0.12937218 0.05871658 0.58582128 0.53390728 0.48382277
 0.139232   0.16077182 0.19796045 0.32916807 0.18488568 0.03181713
 0.00525377 0.25747545 0.74453538 0.81875363 0.36968362 0.00585634
 0.71851426 0.81875363 0.84163603 0.93482727 0.45963725 0.18488568
 0.29176485 0.58582128 0.69212796 0.61225166 0.07520917 0.55967522
 0.45963725 0.39108739 0.84163603 0.00148941 0.50859953 0.79482654
 0.01217651 0.25747545 0.8633028  0.43609338 0.36968362 0.8633028
 0.90235528 0.27423335]","[0.29176485 0.05871658 0.77002924 0.50859953 0.77002924 0.16077182
 0.32916807 0.24148215 0.14969106 0.81875363 0.48382277 0.29176485
 0.29176485 0.10315938 0.18488568 0.11135888 0.36968362 0.09546732
 0.09546732 0.48382277 0.50859953 0.36968362 0.77002924 0.00525377
 0.8633028  0.93482727 0.84163603 0.93482727 0.22624166 0.139232
 0.24148215 0.45963725 0.61225166 0.84163603 0.03483221 0.88359176
 0.63886042 0.48382277 0.84163603 0.00652148 0.79482654 0.84163603
 0.01346465 0.74453538 0.94837208 0.41323244 0.0539576  0.45963725
 0.96007647 0.43609338]","[0.31007573 0.24148215 0.24148215 0.8633028  0.50859953 0.19796045
 0.19796045 0.12937218 0.05871658 0.58582128 0.53390728 0.48382277
 0.139232   0.16077182 0.19796045 0.32916807 0.18488568 0.03181713
 0.00525377 0.25747545 0.74453538 0.81875363 0.36968362 0.00585634
 0.71851426 0.81875363 0.84163603 0.93482727 0.45963725 0.18488568
 0.29176485 0.58582128 0.69212796 0.61225166 0.07520917 0.55967522
 0.45963725 0.39108739 0.84163603 0.00148941 0.50859953 0.79482654
 0.01217651 0.25747545 0.8633028  0.43609338 0.36968362 0.8633028
 0.90235528 0.27423335]","[0.22482567 0.12546854 0.77873591 0.60526412 0.76534479 0.25593096
 0.50176257 0.22263658 0.1792155  0.56882742 0.65191916 0.35660669
 0.1812784  0.21851529 0.29882268 0.19633806 0.25680169 0.05710268
 0.06096252 0.19863089 0.40665658 0.35568712 0.73488829 0.01266265
 0.82785131 0.90172013 0.75879306 0.9397304  0.41464007 0.10745088
 0.25844042 0.43536809 0.5881317  0.84942897 0.03421331 0.66138965
 0.47702492 0.3005904  0.69841401 0.00121598 0.76032565 0.60782566
 0.00630719 0.79097932 0.87096729 0.60019655 0.07972998 0.47483081
 0.9005522  0.38779307]","[0.18199183 0.21416212 0.35423647 0.89110271 0.60795979 0.23996137
 0.32024436 0.22343546 0.0421097  0.55159502 0.56995082 0.26034038
 0.11253977 0.22280575 0.219522   0.22429952 0.11438759 0.02176398
 0.01417803 0.18985411 0.51390512 0.89943475 0.26373708 0.00364999
 0.76908144 0.86080945 0.8557294  0.81329471 0.30543814 0.10068876
 0.4051595  0.47936532 0.76774006 0.71807577 0.04566305 0.56761572
 0.3342636  0.42840036 0.73650377 0.00120867 0.52839841 0.46336671
 0.01366654 0.41958461 0.78335142 0.51171837 0.22796376 0.80862805
 0.9095707  0.38929332]","[1.77230029e-03 1.50328869e-03 2.50000000e-03 2.50000000e-03
 2.50000000e-03 2.50000000e-03 2.50000000e-03 2.10601230e-03
 9.42327313e-04 2.50000000e-03 2.50000000e-03 2.50000000e-03
 1.04864933e-03 1.76584955e-03 2.50000000e-03 2.50000000e-03
 2.50000000e-03 5.70747964e-04 8.90432664e-04 2.15864897e-03
 2.50000000e-03 2.50000000e-03 2.50000000e-03 5.09169980e-05
 2.50000000e-03 2.50000000e-03 2.50000000e-03 2.50000000e-03
 2.50000000e-03 7.38601239e-04 2.50000000e-03 2.50000000e-03
 2.50000000e-03 2.50000000e-03 2.00674788e-04 2.50000000e-03
 2.50000000e-03 2.03334721e-03 2.50000000e-03 1.00000000e-05
 2.50000000e-03 2.50000000e-03 3.89019801e-05 2.50000000e-03
 2.50000000e-03 2.50000000e-03 1.04792512e-03 2.50000000e-03
 2.50000000e-03 2.50000000e-03]","[1.48300890e-03 2.50000000e-03 2.50000000e-03 2.50000000e-03
 2.50000000e-03 2.06377889e-03 2.50000000e-03 2.50000000e-03
 1.94417790e-04 2.50000000e-03 2.50000000e-03 2.50000000e-03
 6.45464700e-04 2.24327994e-03 2.50000000e-03 2.50000000e-03
 1.06768813e-03 1.72161362e-04 1.99933289e-04 2.30351939e-03
 2.50000000e-03 2.50000000e-03 2.50000000e-03 1.96063915e-05
 2.50000000e-03 2.50000000e-03 2.50000000e-03 2.50000000e-03
 2.50000000e-03 6.38902131e-04 2.50000000e-03 2.50000000e-03
 2.50000000e-03 2.50000000e-03 2.91105691e-04 2.50000000e-03
 2.32345976e-03 2.50000000e-03 2.50000000e-03 1.00000000e-05
 2.50000000e-03 2.50000000e-03 7.98825727e-05 2.50000000e-03
 2.50000000e-03 2.50000000e-03 2.50000000e-03 2.50000000e-03
 2.50000000e-03 2.50000000e-03]","[0.03619528 0.04355052 0.03394891 0.03321079 0.03703252 0.03432539
 0.03791086 0.0384562  0.03998869 0.03946855 0.03499488 0.03619731
 0.03912115 0.03454801 0.04494274 0.03064565 0.03336004 0.0365755
 0.03580113 0.03204716 0.04097451 0.0305461  0.03911741 0.03843156
 0.03194292 0.03678875 0.04375903 0.03466434 0.03507041 0.03853356
 0.03916927 0.03542825 0.03898784 0.03840072 0.03561143 0.04167
 0.03569795 0.04188763 0.03653924 0.04097911 0.04136019 0.03661842
 0.03788537 0.03686977 0.03695836 0.03766131 0.03449859 0.03378334
 0.0337849  0.03738832]","[0.01932619 0.04821139 0.02136818 0.01857474 0.02516677 0.02620697
 0.02570347 0.02340633 0.02584059 0.03482396 0.02084303 0.01718042
 0.01918101 0.01326442 0.02315547 0.01340563 0.02087265 0.02634987
 0.01873766 0.02821768 0.01723552 0.02484251 0.02409953 0.03853726
 0.02476273 0.02293101 0.0266033  0.02098557 0.0238235  0.02127905
 0.02912261 0.02049537 0.0226604  0.03019648 0.01636918 0.0155867
 0.0242685  0.01648395 0.01759721 0.02800864 0.02051068 0.01999787
 0.01436311 0.02316626 0.01527312 0.02512893 0.01500867 0.02947457
 0.0234599  0.0273416 ]","[0.01033385 0.00098305 0.01944286 0.02372047 0.00808097 0.01753802
 0.00620581 0.00525116 0.00324231 0.00382687 0.01455901 0.01032778
 0.00426973 0.01649184 0.00059977 0.04576246 0.02279363 0.00924834
 0.01157967 0.03216776 0.00235413 0.04689467 0.00427474 0.00529121
 0.03304016 0.00868581 0.00091383 0.01596773 0.0142532  0.0051272
 0.0042057  0.01288146 0.00445182 0.00534174 0.01222632 0.00186945
 0.01192747 0.00173796 0.00934721 0.00235057 0.00207262 0.00913255
 0.0062541  0.00848038 0.0082608  0.00669345 0.01671916 0.02033749
 0.0203289  0.00726672]","[4.38399685e-01 1.76861936e-04 3.16169425e-01 4.89338635e-01
 1.56039337e-01 1.25944794e-01 1.39862008e-01 2.19756229e-01
 1.35953863e-01 1.52728626e-02 3.45183821e-01 5.90252873e-01
 4.48013911e-01 8.68390896e-01 2.30260858e-01 8.60027469e-01
 3.43501955e-01 1.22207847e-01 4.78055149e-01 8.11956265e-02
 5.86149548e-01 1.66516758e-01 1.92625884e-01 5.12134580e-03
 1.69178614e-01 2.39976976e-01 1.15803728e-01 3.37139105e-01
 2.03100057e-01 3.20973031e-01 6.59356090e-02 3.65333193e-01
 2.52093629e-01 5.10654264e-02 6.51203187e-01 7.09996570e-01
 1.86424134e-01 6.42545711e-01 5.59401719e-01 8.51161489e-02
 3.64429832e-01 3.95445382e-01 7.98154048e-01 2.29801448e-01
 7.33216622e-01 1.57234063e-01 7.52524758e-01 6.06994492e-02
 2.17560981e-01 9.87048468e-02]","[-4.92334366e-05  5.25236130e-04  2.30669975e-04 -7.86781311e-05
  1.46985054e-04  1.95026398e-04  1.35302544e-04 -1.56521797e-04
  2.08616257e-05  1.54018402e-04 -1.52587891e-05 -8.70227814e-06
 -2.33650208e-05 -1.10626221e-04 -1.83582306e-05 -5.24520874e-06
  3.54409218e-04 -8.55922699e-05  1.79409981e-04  1.46508217e-04
 -6.93798065e-05 -9.27448273e-05  1.91926956e-04  7.82012939e-05
  2.46644020e-04  1.21593475e-05  1.31130219e-06 -2.32458115e-05
 -3.55243683e-05  3.82423401e-04  2.17914581e-04  4.82797623e-05
 -1.41859055e-05  4.75764275e-04  5.18560410e-05  4.94241714e-04
 -2.49147415e-05 -6.00814819e-05  2.68220901e-05  2.38418579e-07
 -9.51290131e-05  6.48498535e-05  3.38196754e-04  1.43051147e-06
 -5.05447388e-05  9.05990601e-06 -1.26123428e-04  3.37481499e-04
  3.87430191e-05 -4.52995300e-06]","[-3.89814377e-05  9.75728035e-04  1.57713890e-04 -1.36613846e-04
  2.62022018e-04  2.71439552e-04  1.53660774e-04 -1.44720078e-04
 -6.67572021e-06  3.29017639e-04 -3.86238098e-05 -9.57250595e-05
 -1.75952911e-04 -1.57833099e-04 -8.03470612e-05 -1.35421753e-04
  3.83853912e-05 -1.46269798e-04  2.27689743e-05  2.01940536e-04
 -1.23381615e-04 -8.01086426e-05  1.34229660e-04  1.90496445e-04
  6.38365746e-04  9.04798508e-05 -4.92334366e-05 -8.53538513e-05
 -1.08242035e-04  4.62532043e-05  1.45316124e-04 -1.32679939e-04
 -6.50882721e-05  3.49164009e-04 -1.01566315e-04  3.37362289e-05
 -1.19566917e-04 -1.82151794e-04 -1.06573105e-04  1.21712685e-04
 -1.69754028e-04 -1.17540359e-04 -5.24520874e-05  9.39369202e-05
 -7.00950623e-05 -9.04798508e-05 -1.50680542e-04  3.34024429e-04
  6.35385513e-05 -1.10864639e-05]","[0.01490792 0.02094671 0.01776934 0.01192644 0.01658908 0.01914647
 0.01893839 0.01116332 0.01513378 0.01903944 0.0121829  0.01494343
 0.01538734 0.01054806 0.01395812 0.01473384 0.01968475 0.01199492
 0.01697366 0.01790952 0.01371329 0.01331874 0.01795925 0.01665031
 0.01934319 0.01501643 0.01700622 0.01472957 0.01587321 0.02090734
 0.01937613 0.01590071 0.01490507 0.02347852 0.01397816 0.02347836
 0.0140284  0.01277019 0.015079   0.01267402 0.01371139 0.01707292
 0.02027187 0.0148671  0.0106605  0.01305217 0.00918105 0.02239703
 0.01456495 0.01568113]","[0.01196546 0.02303943 0.01286261 0.00690033 0.01543249 0.01457378
 0.01512827 0.00719925 0.01014796 0.01867097 0.00959001 0.00824573
 0.00587625 0.00626164 0.00870467 0.00654027 0.0115407  0.00819274
 0.011191   0.01425683 0.00836874 0.00896554 0.01293521 0.01367271
 0.02250851 0.0109997  0.01146965 0.00941731 0.0093556  0.01114101
 0.01616487 0.00761586 0.01022587 0.01581649 0.00780927 0.01170352
 0.00825146 0.00650391 0.00768093 0.01226582 0.00595193 0.00737626
 0.00963315 0.01160843 0.0089222  0.00946758 0.00712019 0.01685224
 0.01119887 0.01064322]",0.45827880718293124,0.42697800548242987,0.31313273307186984,0.2881867877151421,0.4389759155573795,0.41003494667675966,0.28612575753612246,0.28373093442677483,0.002037572488089972,0.0020247241786765747,0.0008012496178053474,0.0008821803726204398,0.03706659748017788,0.022989003518223753,0.0032668172159748495,0.006416909146345259,7.915973663330078e-05,3.36146354675293e-05,0.0001694110010899703,0.00021956390309931466,0.015910472784793392,0.01095932873773986,0.0033382420651140946,0.003942512412189306
df3,0.07500000000000001,1.0,0.0,0.0,1.3,0.07500000000000001,1.0,"[0.03809482 0.19796045 0.19796045 0.61225166 0.79482654 0.58582128
 0.98457739 0.29176485 0.50859953 0.66552932 0.91946676 0.58582128
 0.79482654 0.41323244 0.25747545 0.45963725 0.50859953 0.06932183
 0.39108739 0.25747545 0.3490397  0.48382277 0.45963725 0.66552932
 0.77002924 0.36968362 0.12937218 0.29176485 0.53390728 0.08151459
 0.79482654 0.16077182 0.48382277 0.8633028  0.36968362 0.39108739
 0.48382277 0.10315938 0.39108739 0.29176485 0.71851426 0.66552932
 0.18488568 0.50859953 0.45963725 0.66552932 0.04953464 0.19796045
 0.71851426 0.69212796]","[0.00116899 0.05871658 0.17249627 0.84163603 0.74453538 0.39108739
 0.91946676 0.19796045 0.25747545 0.58582128 0.88359176 0.94837208
 0.22624166 0.77002924 0.50859953 0.3490397  0.32916807 0.09546732
 0.45963725 0.63886042 0.71851426 0.43609338 0.71851426 0.19796045
 0.61225166 0.55967522 0.24148215 0.04953464 0.32916807 0.10315938
 0.25747545 0.31007573 0.17249627 0.18488568 0.58582128 0.45963725
 0.8633028  0.32916807 0.77002924 0.29176485 0.21173982 0.71851426
 0.55967522 0.66552932 0.24148215 0.58582128 0.06383124 0.25747545
 0.39108739 0.81875363]","[0.03809482 0.19796045 0.19796045 0.61225166 0.79482654 0.58582128
 0.98457739 0.29176485 0.50859953 0.66552932 0.91946676 0.58582128
 0.79482654 0.41323244 0.25747545 0.45963725 0.50859953 0.06932183
 0.39108739 0.25747545 0.3490397  0.48382277 0.45963725 0.66552932
 0.77002924 0.36968362 0.12937218 0.29176485 0.53390728 0.08151459
 0.79482654 0.16077182 0.48382277 0.8633028  0.36968362 0.39108739
 0.48382277 0.10315938 0.39108739 0.29176485 0.71851426 0.66552932
 0.18488568 0.50859953 0.45963725 0.66552932 0.04953464 0.19796045
 0.71851426 0.69212796]","[0.00116899 0.05871658 0.17249627 0.84163603 0.74453538 0.39108739
 0.91946676 0.19796045 0.25747545 0.58582128 0.88359176 0.94837208
 0.22624166 0.77002924 0.50859953 0.3490397  0.32916807 0.09546732
 0.45963725 0.63886042 0.71851426 0.43609338 0.71851426 0.19796045
 0.61225166 0.55967522 0.24148215 0.04953464 0.32916807 0.10315938
 0.25747545 0.31007573 0.17249627 0.18488568 0.58582128 0.45963725
 0.8633028  0.32916807 0.77002924 0.29176485 0.21173982 0.71851426
 0.55967522 0.66552932 0.24148215 0.58582128 0.06383124 0.25747545
 0.39108739 0.81875363]","[0.0110952  0.1001841  0.27206689 0.58878076 0.57815015 0.46838037
 0.96808837 0.12694961 0.43812113 0.47036917 0.86941233 0.6232633
 0.69288677 0.42503303 0.17450062 0.39381643 0.29590458 0.08153018
 0.62357404 0.3810141  0.61148072 0.37096181 0.49572495 0.4038554
 0.69811418 0.44035321 0.32316956 0.18722867 0.42640145 0.06713813
 0.63135536 0.09151616 0.62153156 0.84960439 0.17551092 0.44635187
 0.59662199 0.21252189 0.50316231 0.29601161 0.69752723 0.72425803
 0.28282449 0.59004902 0.27554693 0.48910235 0.11280961 0.19714712
 0.64466013 0.58861904]","[0.00577257 0.07110024 0.3662722  0.70205081 0.58411765 0.26902215
 0.86530657 0.11611136 0.24770957 0.48751933 0.91350527 0.89143588
 0.32885439 0.87616291 0.44193882 0.25997125 0.72470622 0.10715045
 0.75160278 0.70557974 0.76867274 0.32789418 0.58034934 0.29416693
 0.72687648 0.4605863  0.4214752  0.07287235 0.27858645 0.16513779
 0.17072899 0.15240704 0.29556972 0.15734964 0.41198887 0.27277881
 0.91501312 0.29252278 0.65790412 0.15220843 0.29380989 0.86901817
 0.46091341 0.61154241 0.22445199 0.32898355 0.05514733 0.34104841
 0.2361938  0.91345388]","[0.00010311 0.00090193 0.00231737 0.0025     0.0025     0.0025
 0.0025     0.00078934 0.0025     0.0025     0.0025     0.0025
 0.0025     0.0025     0.00092951 0.0025     0.00178349 0.00110276
 0.0025     0.0025     0.0025     0.0025     0.0025     0.0025
 0.0025     0.0025     0.0025     0.0025     0.0025     0.0006729
 0.0025     0.00133364 0.0025     0.0025     0.00198285 0.0025
 0.0025     0.00145412 0.0025     0.00222184 0.0025     0.0025
 0.0025     0.0025     0.0025     0.0025     0.00122442 0.00222058
 0.0025     0.0025    ]","[5.45825690e-05 7.61002414e-04 2.50000000e-03 2.50000000e-03
 2.50000000e-03 2.29777546e-03 2.50000000e-03 8.33279988e-04
 2.50000000e-03 2.50000000e-03 2.50000000e-03 2.50000000e-03
 2.50000000e-03 2.50000000e-03 2.50000000e-03 2.13898027e-03
 2.50000000e-03 1.51565192e-03 2.50000000e-03 2.50000000e-03
 2.50000000e-03 2.50000000e-03 2.50000000e-03 1.98960280e-03
 2.50000000e-03 2.50000000e-03 2.50000000e-03 1.07250360e-03
 2.31209175e-03 1.25777033e-03 1.68745299e-03 1.65367743e-03
 2.50000000e-03 2.11062402e-03 2.50000000e-03 2.50000000e-03
 2.50000000e-03 2.43697033e-03 2.50000000e-03 1.39969327e-03
 2.05453343e-03 2.50000000e-03 2.50000000e-03 2.50000000e-03
 2.40946490e-03 2.32810689e-03 5.75913191e-04 2.50000000e-03
 1.79845801e-03 2.50000000e-03]","[0.03520621 0.03406904 0.04077557 0.04277553 0.03534078 0.03679516
 0.0345298  0.03880899 0.03495367 0.03332608 0.03310448 0.03658331
 0.03611694 0.03739398 0.03986576 0.03755344 0.0400202  0.03452171
 0.03293106 0.03733141 0.03688039 0.03390709 0.03307631 0.03499372
 0.03720671 0.03698389 0.03576151 0.03635181 0.03934719 0.03846005
 0.0363899  0.03772256 0.04150168 0.03458266 0.03748742 0.03400831
 0.03744375 0.03900802 0.03777121 0.04194561 0.0401005  0.0389496
 0.0399198  0.0351022  0.03660379 0.03763728 0.04067303 0.03425629
 0.03954479 0.03572041]","[0.02358733 0.02436425 0.02028428 0.02255057 0.01818947 0.02954339
 0.01606018 0.02231405 0.02844542 0.03376018 0.02876326 0.01712545
 0.02380091 0.0183419  0.02301063 0.0200986  0.01979253 0.02910689
 0.02128871 0.01853061 0.01790246 0.0174398  0.02095688 0.01922444
 0.01632214 0.02694159 0.02817822 0.03079099 0.02379806 0.01934517
 0.0234022  0.0251731  0.02457698 0.01874366 0.02055506 0.02686689
 0.01457909 0.01687823 0.02094233 0.01823187 0.01874382 0.02337805
 0.01554447 0.01885037 0.01544933 0.01314829 0.02953567 0.01590991
 0.01836204 0.020989  ]","[0.01371787 0.01881588 0.0025128  0.0012856  0.01320533 0.00866941
 0.01657529 0.00470733 0.0147283  0.02300164 0.02440085 0.00922718
 0.01057136 0.0072544  0.00337251 0.00691485 0.00320969 0.01661247
 0.02554797 0.00739171 0.00845379 0.01966546 0.02458403 0.01456374
 0.00767249 0.00819847 0.01171214 0.00987373 0.00397653 0.00524492
 0.00976461 0.00657064 0.00197742 0.01633414 0.00705364 0.01913054
 0.00714681 0.00442381 0.00647454 0.00170441 0.00312793 0.00450535
 0.00331469 0.01412622 0.00917185 0.00674221 0.0025984  0.01787459
 0.00373551 0.01185098]","[0.21240611 0.18297981 0.37792775 0.25713865 0.51650042 0.05971831
 0.67450215 0.2682529  0.07709878 0.02046551 0.07167463 0.59435278
 0.20397648 0.50567685 0.23649602 0.38922856 0.40830274 0.06617826
 0.32045003 0.49241656 0.53713248 0.57099896 0.33874796 0.4451263
 0.65475206 0.10768821 0.08192379 0.04415209 0.20408725 0.43715055
 0.21992625 0.15584014 0.17550592 0.4776422  0.36182099 0.10943853
 0.78316753 0.61286304 0.33956601 0.51347929 0.47763101 0.22092181
 0.71314068 0.47032401 0.72020561 0.87510028 0.05982767 0.68580633
 0.50425368 0.33694691]","[ 5.53369522e-04  6.94990158e-05  1.41263008e-04  3.67164612e-05
 -1.47938728e-04  3.52978706e-04 -5.94854355e-05  2.63452530e-05
  1.93119049e-05  1.93595886e-04  2.18033791e-04 -1.04546547e-04
  2.40564346e-04 -3.99351120e-05 -8.40425491e-05  3.00049782e-04
 -1.53779984e-05  1.73449516e-04 -7.58171082e-05  3.01241875e-04
 -4.72068787e-05 -7.47442245e-05 -1.20639801e-04  1.11699104e-04
  1.28626823e-04 -2.43186951e-05 -1.58548355e-05  8.60691071e-05
 -1.01804733e-04 -6.41345978e-05  1.95503235e-05  1.82151794e-04
 -5.26905060e-05  1.90854073e-04 -1.07288361e-04  1.77979469e-04
  1.00612640e-04 -6.00814819e-05  3.51190567e-04 -1.97887421e-05
 -4.24385071e-05 -1.31130219e-06  2.67386436e-04 -6.30617142e-05
 -1.37329102e-04  1.20520592e-04  2.33173370e-04 -7.55786896e-05
 -9.47713852e-05 -3.82661819e-05]","[ 3.78012657e-04  1.84178352e-04  1.92403793e-04 -9.11951065e-05
 -1.62959099e-04  1.17182732e-04 -1.06692314e-04 -1.27196312e-04
  2.16960907e-05  4.64677811e-04  3.60012054e-04 -6.09159470e-05
  2.56299973e-04  1.72853470e-05 -1.23500824e-04  5.15103340e-04
 -5.54323196e-05  2.44379044e-05 -1.07526779e-04  2.66551971e-04
 -8.53538513e-05 -1.03831291e-04 -1.41501427e-04  1.14679337e-04
  9.51290131e-05 -7.76052475e-05 -2.87294388e-05  1.18851662e-04
 -1.69515610e-04 -1.05738640e-04 -1.07884407e-04 -3.69548798e-05
 -1.33395195e-04  3.77893448e-05 -1.38759613e-04  1.24692917e-04
 -7.59363174e-05 -1.69157982e-04  2.37107277e-04 -1.56164169e-04
 -1.31011009e-04 -6.72340393e-05  2.21729279e-04 -1.65462494e-04
 -1.54018402e-04 -8.28504562e-05  9.78708267e-05 -1.21712685e-04
 -1.73211098e-04 -2.40802765e-05]","[0.02206421 0.01515323 0.01685792 0.01453107 0.01056267 0.02077688
 0.0138195  0.01507287 0.01523492 0.01735508 0.01770633 0.01133065
 0.01903991 0.01391532 0.01072781 0.01825108 0.01543372 0.01741457
 0.01202476 0.01884799 0.01496734 0.01232367 0.0119272  0.01817204
 0.01720184 0.01109339 0.0153913  0.01673592 0.01192111 0.01270674
 0.01499214 0.01770453 0.01497865 0.01741157 0.01222328 0.01840543
 0.01646221 0.01427905 0.01932588 0.01576525 0.01301931 0.01471518
 0.01896771 0.01479964 0.01272986 0.01638758 0.01780918 0.01019756
 0.01154589 0.01343419]","[0.01626462 0.01608125 0.01590073 0.008907   0.00696983 0.01303868
 0.00770619 0.00751112 0.01076985 0.01853361 0.01838918 0.00854775
 0.01793128 0.01107298 0.00739096 0.01807978 0.0105092  0.01120945
 0.00825839 0.01677883 0.01047151 0.00770197 0.00893176 0.01303654
 0.01410345 0.00916081 0.01130473 0.01217987 0.00659085 0.00964916
 0.00804393 0.0096667  0.00986    0.01078454 0.00816413 0.01287801
 0.01001708 0.00668899 0.01413395 0.00723715 0.00885517 0.0111156
 0.01378157 0.00776074 0.00717263 0.00829704 0.01300684 0.00686037
 0.00559621 0.01051242]",0.4572558597249599,0.4416858288660815,0.24614810692846958,0.2666872239588078,0.43268562467095784,0.43251084578774546,0.22997587190787788,0.2730981260016161,0.0021807571712642846,0.002153762711150698,0.0006216744421227716,0.0006057243844045226,0.037026812011003496,0.021594374979734425,0.002496199705202515,0.004786032737595345,5.855560302734375e-05,1.1203289031982422e-05,0.00015649462499062487,0.0001780436990786948,0.015274302428632536,0.010868288823022765,0.0028498614655037865,0.003534117685750671
df3,0.1,1.0,0.0,0.0,1.3,0.1,1.0,"[9.19466758e-01 4.13232440e-01 9.02355278e-01 3.18171260e-02
 9.19466758e-01 4.36093382e-01 4.95346404e-02 4.59637254e-01
 1.97960446e-01 7.70029237e-01 5.85821277e-01 5.59675216e-01
 3.91087390e-01 5.08599525e-01 4.13232440e-01 3.29168072e-01
 3.47919250e-05 1.20088801e-01 8.63302804e-01 5.08599525e-01
 5.08599525e-01 2.26241661e-01 4.83822766e-01 1.84885683e-01
 1.49691056e-01 9.54673207e-02 1.39231997e-01 6.38860419e-01
 6.38860419e-01 1.97960446e-01 2.57475452e-01 1.10005675e-02
 7.18514257e-01 6.38860419e-01 4.13232440e-01 1.97960446e-01
 7.70029237e-01 8.63302804e-01 4.36093382e-01 2.74233349e-01
 5.08599525e-01 5.59675216e-01 1.39231997e-01 6.92127962e-01
 2.11739817e-01 9.34827271e-01 2.11739817e-01 2.41482152e-01
 2.91764847e-01 6.65529322e-01]","[0.99589898 0.63886042 0.8633028  0.07520917 0.139232   0.11135888
 0.04542867 0.74453538 0.09546732 0.48382277 0.43609338 0.79482654
 0.41323244 0.1200888  0.79482654 0.94837208 0.00167865 0.06383124
 0.88359176 0.41323244 0.10315938 0.36968362 0.63886042 0.25747545
 0.09546732 0.08825991 0.10315938 0.58582128 0.88359176 0.36968362
 0.27423335 0.01487416 0.69212796 0.31007573 0.0539576  0.53390728
 0.41323244 0.93482727 0.66552932 0.43609338 0.29176485 0.19796045
 0.32916807 0.31007573 0.32916807 0.81875363 0.25747545 0.61225166
 0.22624166 0.39108739]","[9.19466758e-01 4.13232440e-01 9.02355278e-01 3.18171260e-02
 9.19466758e-01 4.36093382e-01 4.95346404e-02 4.59637254e-01
 1.97960446e-01 7.70029237e-01 5.85821277e-01 5.59675216e-01
 3.91087390e-01 5.08599525e-01 4.13232440e-01 3.29168072e-01
 3.47919250e-05 1.20088801e-01 8.63302804e-01 5.08599525e-01
 5.08599525e-01 2.26241661e-01 4.83822766e-01 1.84885683e-01
 1.49691056e-01 9.54673207e-02 1.39231997e-01 6.38860419e-01
 6.38860419e-01 1.97960446e-01 2.57475452e-01 1.10005675e-02
 7.18514257e-01 6.38860419e-01 4.13232440e-01 1.97960446e-01
 7.70029237e-01 8.63302804e-01 4.36093382e-01 2.74233349e-01
 5.08599525e-01 5.59675216e-01 1.39231997e-01 6.92127962e-01
 2.11739817e-01 9.34827271e-01 2.11739817e-01 2.41482152e-01
 2.91764847e-01 6.65529322e-01]","[0.99589898 0.63886042 0.8633028  0.07520917 0.139232   0.11135888
 0.04542867 0.74453538 0.09546732 0.48382277 0.43609338 0.79482654
 0.41323244 0.1200888  0.79482654 0.94837208 0.00167865 0.06383124
 0.88359176 0.41323244 0.10315938 0.36968362 0.63886042 0.25747545
 0.09546732 0.08825991 0.10315938 0.58582128 0.88359176 0.36968362
 0.27423335 0.01487416 0.69212796 0.31007573 0.0539576  0.53390728
 0.41323244 0.93482727 0.66552932 0.43609338 0.29176485 0.19796045
 0.32916807 0.31007573 0.32916807 0.81875363 0.25747545 0.61225166
 0.22624166 0.39108739]","[8.38573378e-01 3.12864563e-01 7.69254960e-01 3.14611948e-02
 8.66519965e-01 3.49129375e-01 1.05671368e-01 4.28726621e-01
 2.32590242e-01 6.82321881e-01 5.83983325e-01 4.26551837e-01
 3.40970735e-01 4.86028445e-01 2.92819765e-01 3.99535785e-01
 3.92422171e-04 9.46724632e-02 8.77700082e-01 6.89155256e-01
 4.73690550e-01 3.33648876e-01 3.88052487e-01 2.58085986e-01
 3.02675260e-01 1.68673665e-01 1.18297501e-01 7.30456511e-01
 6.56258180e-01 3.03021801e-01 2.06654013e-01 1.93689967e-02
 7.14134070e-01 4.76128108e-01 2.10730909e-01 2.82260777e-01
 8.74467194e-01 7.47846329e-01 3.92114619e-01 4.00429056e-01
 4.11336020e-01 3.76855324e-01 1.27001098e-01 4.32992722e-01
 3.49484939e-01 9.06826418e-01 1.70016470e-01 3.13762691e-01
 4.21407353e-01 6.14366754e-01]","[0.99683237 0.39624377 0.76217519 0.05380243 0.28389184 0.13175065
 0.02855404 0.67773152 0.19078416 0.45456217 0.30455517 0.65947324
 0.30410665 0.10690592 0.63328298 0.80642849 0.00311359 0.0690462
 0.78461229 0.55439463 0.12506674 0.41136815 0.59533014 0.37299625
 0.14348979 0.21178857 0.14635865 0.38422946 0.68947386 0.27219594
 0.166931   0.00633258 0.43499725 0.36527679 0.05602449 0.36617676
 0.39753797 0.89152913 0.42758589 0.45805215 0.31902487 0.21221898
 0.27010524 0.34162552 0.31254033 0.68127118 0.32056185 0.52388282
 0.22570587 0.25876155]","[2.50000000e-03 2.50000000e-03 2.50000000e-03 2.64416027e-04
 2.50000000e-03 2.50000000e-03 1.22179118e-03 2.50000000e-03
 1.62176499e-03 2.50000000e-03 2.22654431e-03 2.32559998e-03
 2.27453125e-03 2.50000000e-03 1.68254313e-03 2.50000000e-03
 1.02359274e-05 3.52206592e-04 2.50000000e-03 2.50000000e-03
 2.50000000e-03 2.50000000e-03 2.50000000e-03 1.62625837e-03
 2.50000000e-03 1.83590351e-03 9.87340933e-04 2.50000000e-03
 2.50000000e-03 2.30573251e-03 1.76748894e-03 3.36634232e-04
 2.50000000e-03 2.50000000e-03 1.31212214e-03 1.66867204e-03
 2.50000000e-03 2.50000000e-03 2.23333703e-03 2.50000000e-03
 2.44337013e-03 2.50000000e-03 1.20985712e-03 2.14904910e-03
 2.50000000e-03 2.50000000e-03 1.84013568e-03 2.44916090e-03
 2.50000000e-03 2.50000000e-03]","[2.50000000e-03 2.50000000e-03 2.50000000e-03 5.47671787e-04
 2.50000000e-03 1.43229847e-03 3.08433347e-04 2.50000000e-03
 1.02384103e-03 2.50000000e-03 1.73878890e-03 2.50000000e-03
 2.11687724e-03 1.03430448e-03 2.50000000e-03 2.50000000e-03
 5.22740637e-05 3.97020602e-04 2.50000000e-03 2.50000000e-03
 1.70402119e-03 2.50000000e-03 2.50000000e-03 2.50000000e-03
 1.75353721e-03 2.09102616e-03 1.00168509e-03 2.50000000e-03
 2.50000000e-03 2.07722869e-03 1.84294823e-03 1.05299744e-04
 2.50000000e-03 2.50000000e-03 2.51702984e-04 2.50000000e-03
 2.50000000e-03 2.50000000e-03 2.22059132e-03 2.50000000e-03
 2.50000000e-03 1.31077798e-03 2.35264712e-03 1.68563799e-03
 2.50000000e-03 2.50000000e-03 2.50000000e-03 2.50000000e-03
 2.50000000e-03 2.50000000e-03]","[0.0379022  0.03810215 0.04024573 0.03818127 0.03723655 0.04243948
 0.03867929 0.03573387 0.03949009 0.04235799 0.04226359 0.03765002
 0.03408727 0.03592741 0.04165888 0.03814154 0.04743664 0.04305352
 0.03846636 0.03606718 0.03926725 0.03629292 0.03815315 0.0388803
 0.03762718 0.03780119 0.03519409 0.03909067 0.04138437 0.03762048
 0.04011403 0.03575665 0.03995733 0.03627361 0.04099245 0.03776465
 0.03315711 0.04070199 0.04159357 0.03510215 0.04304221 0.04416823
 0.03634901 0.04022183 0.03783381 0.04306926 0.03829676 0.03525927
 0.03815658 0.04082993]","[0.01816484 0.0196293  0.02176977 0.04702229 0.02348212 0.0179751
 0.0284353  0.02623789 0.01974435 0.01334624 0.02339746 0.01909589
 0.01275473 0.03597424 0.02135511 0.03461475 0.02888335 0.01826646
 0.01978287 0.02073773 0.02596486 0.02385209 0.01557039 0.01732528
 0.02301293 0.02163199 0.02188117 0.01616378 0.02232126 0.02856989
 0.02058514 0.03281276 0.01908382 0.01814166 0.01754804 0.02395901
 0.02106114 0.02306012 0.01974865 0.01577035 0.02492296 0.02422136
 0.01748774 0.02334989 0.01717936 0.01276698 0.02165351 0.02303724
 0.02124996 0.01872971]","[0.00622218 0.00585425 0.00298491 0.00571423 0.00760444 0.00144206
 0.00490095 0.01180534 0.00380086 0.00148258 0.00153085 0.00671632
 0.01872234 0.01116652 0.00187641 0.00578415 0.00023807 0.00116828
 0.00523472 0.01072477 0.00407804 0.01004461 0.00576363 0.00460388
 0.00676278 0.00641597 0.01376492 0.00431075 0.00205605 0.00677647
 0.00311434 0.01172847 0.00327508 0.01010124 0.00234029 0.00648742
 0.02406188 0.00257395 0.00191778 0.01412643 0.00117285 0.00079104
 0.00988178 0.00300803 0.0063528  0.00116194 0.00551533 0.01351369
 0.00575758 0.00246849]","[5.18257791e-01 4.18697830e-01 2.95144342e-01 2.78534190e-04
 2.16655162e-01 5.31880937e-01 7.72771652e-02 1.25128538e-01
 4.11355373e-01 8.63572172e-01 2.20121535e-01 4.53703261e-01
 8.96632680e-01 1.10166979e-02 3.16871108e-01 1.61893090e-02
 6.97112166e-02 5.11020959e-01 4.08914180e-01 3.51208194e-01
 1.32489149e-01 2.01995462e-01 7.11211838e-01 5.79479926e-01
 2.36396127e-01 3.02243893e-01 2.89490475e-01 6.66696056e-01
 2.67909216e-01 7.49346557e-02 3.60058902e-01 2.63576522e-02
 4.54513408e-01 5.19914384e-01 5.63016948e-01 1.97904256e-01
 3.32924698e-01 2.34351400e-01 4.11082590e-01 6.96276276e-01
 1.63866799e-01 1.88138358e-01 5.67459899e-01 2.22087395e-01
 5.90331613e-01 8.95991622e-01 3.01127572e-01 2.35341281e-01
 3.22551065e-01 4.78602977e-01]","[ 8.02278519e-05  2.30789185e-04  4.63724136e-05  6.51717186e-04
 -1.76429749e-05 -4.29153442e-06 -4.75645065e-05 -8.94069672e-06
  3.52859497e-05 -1.01923943e-04 -4.91142273e-05  4.01735306e-05
 -1.27673149e-04  2.59280205e-04  4.79102135e-04  5.90562820e-04
  3.91721725e-04  4.81605530e-05 -1.23143196e-04  1.50442123e-04
  1.23500824e-04 -9.65595245e-05 -9.91821289e-05  8.58306885e-06
  6.96182251e-05  4.63724136e-05 -4.94718552e-05  1.93357468e-04
 -3.93390656e-06 -2.05039978e-05 -4.17232513e-05  1.79409981e-04
  2.12907791e-04 -2.38418579e-06 -1.09791756e-04 -5.82933426e-05
 -6.34193420e-05 -8.51154327e-05 -7.43865967e-05 -1.14560127e-04
  1.16229057e-04  1.87039375e-04 -9.60826874e-05 -8.67843628e-05
 -2.14576721e-06  4.20808792e-05 -7.68899918e-05  3.42965126e-04
  7.66515732e-05 -8.15391541e-05]","[-1.71661377e-05 -1.34706497e-05 -7.89165497e-05  8.11696053e-04
 -3.06367874e-05 -5.36441803e-05 -1.64508820e-04 -5.96046448e-05
 -2.55107880e-05 -1.77025795e-04 -1.40190125e-04 -1.12414360e-04
 -1.92284584e-04  3.41653824e-04  4.29272652e-04  4.61101532e-04
  6.35385513e-05 -8.64267349e-05 -1.77621841e-05  7.04526901e-05
  4.83989716e-05 -1.62005424e-04 -6.22272491e-05 -2.59876251e-05
  1.60455704e-04  2.13384628e-05 -1.35183334e-04  2.19345093e-05
  4.79221344e-05  4.45842743e-05 -1.74999237e-04  6.79492950e-05
  1.31130219e-04 -7.71284103e-05 -1.68204308e-04 -8.76188278e-05
 -1.85370445e-04 -9.87052917e-05 -1.13844872e-04 -1.52707100e-04
 -6.61611557e-05  2.86221504e-04 -1.70826912e-04 -1.80840492e-04
 -1.34229660e-04 -2.56299973e-05 -1.46627426e-04  2.53319740e-04
  7.79628754e-05 -4.76837158e-05]","[0.01686648 0.01920097 0.01499686 0.02494677 0.01321515 0.01532713
 0.01067336 0.01404797 0.01457331 0.01209905 0.00987381 0.01423733
 0.01286749 0.01843398 0.02059784 0.02376585 0.02154237 0.01356376
 0.01183741 0.01881872 0.01755616 0.01317532 0.01129308 0.01450012
 0.01541515 0.01607529 0.01385914 0.01845629 0.01438038 0.01242111
 0.01378016 0.01717497 0.01921189 0.01199663 0.01133679 0.01218138
 0.01301443 0.01290378 0.0142256  0.01188338 0.01707311 0.01672511
 0.01326697 0.0114967  0.0154603  0.01532039 0.01294608 0.02035713
 0.01643644 0.01227725]","[0.00956528 0.0110304  0.00911589 0.02422783 0.00842615 0.01066719
 0.00776262 0.01080961 0.01116993 0.00609093 0.00662165 0.00793271
 0.0056636  0.01569026 0.01742697 0.01837994 0.01167397 0.00936616
 0.01178812 0.01291023 0.0119882  0.00674853 0.00805283 0.01151946
 0.01485696 0.01214339 0.0077421  0.01225887 0.01174557 0.01183549
 0.00494987 0.01092382 0.01354476 0.00890518 0.00608232 0.00878303
 0.00477019 0.00978466 0.00891665 0.00644684 0.01103589 0.01513603
 0.00610233 0.00637512 0.00709648 0.01045148 0.00767808 0.01558367
 0.01517231 0.00995605]",0.4336048946880399,0.4130171568744751,0.2705603385158562,0.29367482773697456,0.41979936682975444,0.3718137414679797,0.2462514646706505,0.24424300175260272,0.0020728939205746882,0.001990972272748603,0.0006861210634520413,0.0007752101467259352,0.03890146088719368,0.022066655891239642,0.002848049536546415,0.006147562801422927,5.9189796447753904e-05,-9.322166442871094e-07,0.00018039788327314256,0.0001942856233399492,0.015153723063002151,0.010458112108627144,0.0033653290517898365,0.0038269753517986642
df3,0.125,1.0,0.0,0.0,1.3,0.125,1.0,"[0.45963725 0.06932183 0.10315938 0.74453538 0.08825991 0.01217651
 0.01346465 0.139232   0.14969106 0.10315938 0.66552932 0.48382277
 0.66552932 0.09546732 0.10315938 0.12937218 0.1200888  0.22624166
 0.01993114 0.39108739 0.27423335 0.81875363 0.18488568 0.21173982
 0.18488568 0.19796045 0.02903392 0.43609338 0.02903392 0.06383124
 0.50859953 0.06383124 0.1200888  0.58582128 0.25747545 0.43609338
 0.36968362 0.16077182 0.14969106 0.21173982 0.03809482 0.24148215
 0.39108739 0.14969106 0.08825991 0.71851426 0.43609338 0.71851426
 0.21173982 0.06932183]","[0.31007573 0.25747545 0.02410401 0.71851426 0.55967522 0.03483221
 0.03483221 0.3490397  0.24148215 0.27423335 0.55967522 0.05871658
 0.29176485 0.29176485 0.17249627 0.1200888  0.39108739 0.22624166
 0.04953464 0.17249627 0.29176485 0.66552932 0.31007573 0.61225166
 0.139232   0.0539576  0.17249627 0.93482727 0.07520917 0.01346465
 0.25747545 0.18488568 0.03809482 0.79482654 0.25747545 0.22624166
 0.41323244 0.22624166 0.29176485 0.22624166 0.05871658 0.81875363
 0.66552932 0.24148215 0.12937218 0.16077182 0.66552932 0.99996567
 0.69212796 0.88359176]","[0.45963725 0.06932183 0.10315938 0.74453538 0.08825991 0.01217651
 0.01346465 0.139232   0.14969106 0.10315938 0.66552932 0.48382277
 0.66552932 0.09546732 0.10315938 0.12937218 0.1200888  0.22624166
 0.01993114 0.39108739 0.27423335 0.81875363 0.18488568 0.21173982
 0.18488568 0.19796045 0.02903392 0.43609338 0.02903392 0.06383124
 0.50859953 0.06383124 0.1200888  0.58582128 0.25747545 0.43609338
 0.36968362 0.16077182 0.14969106 0.21173982 0.03809482 0.24148215
 0.39108739 0.14969106 0.08825991 0.71851426 0.43609338 0.71851426
 0.21173982 0.06932183]","[0.31007573 0.25747545 0.02410401 0.71851426 0.55967522 0.03483221
 0.03483221 0.3490397  0.24148215 0.27423335 0.55967522 0.05871658
 0.29176485 0.29176485 0.17249627 0.1200888  0.39108739 0.22624166
 0.04953464 0.17249627 0.29176485 0.66552932 0.31007573 0.61225166
 0.139232   0.0539576  0.17249627 0.93482727 0.07520917 0.01346465
 0.25747545 0.18488568 0.03809482 0.79482654 0.25747545 0.22624166
 0.41323244 0.22624166 0.29176485 0.22624166 0.05871658 0.81875363
 0.66552932 0.24148215 0.12937218 0.16077182 0.66552932 0.99996567
 0.69212796 0.88359176]","[0.34421759 0.06798966 0.03692791 0.81367473 0.12422104 0.03300292
 0.07273421 0.34730936 0.06720688 0.19246251 0.44035696 0.2892386
 0.65339679 0.05067639 0.11317518 0.12143084 0.13483652 0.19645328
 0.06719317 0.34183523 0.15657401 0.79160522 0.23072464 0.33721509
 0.09367714 0.19706731 0.04038077 0.6598977  0.05093966 0.04967569
 0.24110982 0.04348325 0.17866212 0.49109975 0.23832369 0.56821988
 0.29637734 0.1590649  0.28482431 0.25335395 0.06071061 0.23328471
 0.70656594 0.15250875 0.08894497 0.50396747 0.68242978 0.70268662
 0.30959767 0.15618542]","[0.30445305 0.21811435 0.01982268 0.78404747 0.30926656 0.01138065
 0.05017787 0.439216   0.17604053 0.24160273 0.33462219 0.10743002
 0.48102849 0.14968396 0.19556993 0.05592346 0.3056465  0.35708889
 0.0949701  0.18767035 0.1843657  0.69099469 0.28759323 0.42861548
 0.05993106 0.08365889 0.09569617 0.90378713 0.09786077 0.02047903
 0.19812688 0.25889731 0.02809946 0.60995999 0.19047935 0.17761088
 0.21558757 0.080999   0.20565585 0.29459883 0.03514026 0.88758433
 0.73016446 0.12422622 0.11734926 0.35249021 0.59205131 0.99907768
 0.46900285 0.74351253]","[0.0018316  0.00064522 0.00032926 0.0025     0.000987   0.00048154
 0.00034516 0.00211306 0.00050538 0.00095164 0.0025     0.00175605
 0.0025     0.00040249 0.00108084 0.00090594 0.00056309 0.00141708
 0.00038424 0.00237919 0.0013786  0.0025     0.0025     0.00178183
 0.00093004 0.00182135 0.00022283 0.0025     0.00018916 0.00016792
 0.00161978 0.00037409 0.00170738 0.0025     0.00130709 0.0025
 0.00117182 0.00079211 0.00221066 0.0015719  0.00042765 0.0025
 0.0025     0.0007651  0.00049718 0.0025     0.0025     0.0025
 0.0025     0.00099269]","[1.97048902e-03 1.59994125e-03 2.06249634e-04 2.50000000e-03
 2.50000000e-03 1.17960662e-04 2.12296546e-04 2.50000000e-03
 1.44898590e-03 1.71007557e-03 2.28669517e-03 9.85581499e-04
 2.50000000e-03 1.14429692e-03 1.93414391e-03 5.11051880e-04
 1.52205203e-03 2.45299887e-03 6.02497810e-04 1.55757270e-03
 1.47799973e-03 2.50000000e-03 2.50000000e-03 2.23236471e-03
 5.52266305e-04 9.49504944e-04 4.78926919e-04 2.50000000e-03
 5.98866349e-04 8.51421255e-05 1.51992305e-03 2.35427315e-03
 2.95572688e-04 2.50000000e-03 9.45425634e-04 1.37242980e-03
 1.18622448e-03 4.25950847e-04 1.89139509e-03 2.50000000e-03
 3.12287815e-04 2.50000000e-03 2.50000000e-03 4.80459656e-04
 6.04938402e-04 2.50000000e-03 2.50000000e-03 2.50000000e-03
 2.50000000e-03 2.50000000e-03]","[0.04007578 0.03921444 0.03625711 0.03722855 0.03874488 0.04018033
 0.04136255 0.03701151 0.03603658 0.04249721 0.03880441 0.04179699
 0.04186336 0.04384806 0.03660297 0.04188194 0.03613198 0.03650577
 0.03963705 0.0402708  0.03885051 0.03919589 0.03560083 0.03914128
 0.04515865 0.0372258  0.03506694 0.03856633 0.03880529 0.04023884
 0.04149867 0.03886484 0.03669138 0.03768306 0.04195961 0.04015914
 0.04227395 0.04318229 0.04059324 0.03633731 0.03852274 0.04188329
 0.03731046 0.04244759 0.04103672 0.04341849 0.03941381 0.0400963
 0.04186819 0.04030604]","[0.01775057 0.02601931 0.0258031  0.02195709 0.0221631  0.03578449
 0.0206969  0.02055628 0.03080064 0.01813531 0.01982262 0.02283758
 0.01830053 0.02153627 0.01789317 0.02587216 0.01858672 0.01725747
 0.02255743 0.01911763 0.02119392 0.02511074 0.02304236 0.02216456
 0.03689925 0.03566684 0.01941153 0.02229182 0.02063559 0.0254117
 0.03086569 0.01980598 0.0161571  0.01680105 0.0318404  0.01693702
 0.02701387 0.03092504 0.03416203 0.01853096 0.01738055 0.02266087
 0.02045254 0.02438948 0.0191874  0.02152753 0.02962161 0.01829864
 0.017628   0.0221269 ]","[0.0031529  0.0041464  0.01014984 0.00762262 0.00480214 0.00304855
 0.002071   0.00813155 0.01082013 0.00141398 0.00471404 0.00179164
 0.00175219 0.00088569 0.00917408 0.00174128 0.01052538 0.00943932
 0.00362765 0.00296084 0.00464684 0.00417065 0.0122634  0.00424283
 0.00055475 0.00762889 0.01426711 0.00507551 0.00471275 0.00299156
 0.00197939 0.00462613 0.00893868 0.0066496  0.00169639 0.00306944
 0.00152548 0.00111739 0.00266686 0.00991554 0.00514438 0.00174049
 0.00743823 0.00143808 0.00230645 0.00102938 0.00389372 0.00313216
 0.00174935 0.00292731]","[0.54817488 0.13099377 0.13701338 0.28568131 0.27552663 0.01163514
 0.35356249 0.36174908 0.04404698 0.52036858 0.40640347 0.24411024
 0.50860411 0.30724661 0.53780589 0.13506672 0.48850468 0.58451632
 0.25682102 0.45224692 0.32560659 0.15781126 0.23511942 0.27545561
 0.00840673 0.01203415 0.4328008  0.26931531 0.35711676 0.14847981
 0.04334375 0.40745362 0.66719946 0.61866083 0.03391839 0.60845195
 0.10601665 0.04271078 0.01834306 0.49239209 0.57538237 0.25207254
 0.36786675 0.18208056 0.44758855 0.30770605 0.05861977 0.5087383
 0.55714146 0.27729185]","[-7.09295273e-05  1.29938126e-04  1.74760818e-04 -5.00679016e-05
 -3.94582748e-05  2.31862068e-04 -4.87565994e-05  1.27434731e-04
  6.05106354e-04 -1.37686729e-04  2.45571136e-05 -5.80549240e-05
 -5.68628311e-05  6.26206398e-04 -1.75237656e-05 -4.55379486e-05
  3.69906425e-04  3.49283218e-05  1.04904175e-05  1.08957291e-04
  2.77757645e-04  2.33888626e-04 -7.47442245e-05  2.65836716e-05
  4.86254692e-04  1.16825104e-05 -5.25712967e-05 -8.70227814e-06
  3.88622284e-05  4.19855118e-04 -7.62939453e-06 -5.72204590e-06
 -5.23328781e-05 -9.46521759e-05  1.57594681e-04 -4.74452972e-05
 -1.10864639e-05 -6.46114349e-05  2.05516815e-04 -1.02519989e-04
 -1.91926956e-05 -2.20537186e-05 -9.54866409e-05  1.27673149e-04
 -4.30345535e-05  9.45329666e-05  1.83105469e-04 -1.04904175e-05
 -1.06692314e-04  2.62260437e-06]","[-1.89065933e-04  7.60555267e-05 -5.12599945e-05 -1.07288361e-04
 -1.56760216e-04  2.04563141e-04 -1.43408775e-04 -2.64644623e-05
  8.04066658e-04 -1.91807747e-04 -8.98838043e-05 -7.89165497e-05
 -5.25712967e-05  5.20706177e-04 -1.37090683e-04 -1.25050545e-04
  1.74522400e-04 -2.55107880e-05 -4.82797623e-05 -5.48362732e-06
  1.09076500e-04  2.82287598e-04 -5.44786453e-05 -8.70227814e-06
  3.01122665e-04 -4.24385071e-05 -8.35657120e-05 -9.75131989e-05
 -1.25646591e-04  3.55482101e-04 -1.41739845e-04 -1.71422958e-04
 -1.14917755e-04 -1.42812729e-04 -4.11272049e-05 -1.56521797e-04
 -1.22427940e-04 -1.32560730e-04  3.72290611e-04 -1.60336494e-04
 -9.31024551e-05 -1.69396400e-04 -9.01222229e-05  1.65224075e-04
 -9.97781754e-05 -3.86238098e-05  7.59363174e-05 -1.03712082e-05
 -1.43527985e-04 -9.89437103e-05]","[0.01280875 0.01720655 0.01794287 0.01518143 0.01221642 0.01869805
 0.0107656  0.01732493 0.02451785 0.01060308 0.01546911 0.01326855
 0.01237797 0.02557349 0.01301541 0.01472901 0.02170673 0.01522212
 0.01196932 0.01656481 0.01709022 0.01953326 0.01248156 0.01371804
 0.02366927 0.01472202 0.01157302 0.01364081 0.01332234 0.02238875
 0.01283948 0.01503206 0.0109013  0.01174027 0.01750115 0.01255434
 0.01347138 0.0118715  0.01853387 0.01320929 0.01517929 0.01434883
 0.01310455 0.01377383 0.01103369 0.01526787 0.01972472 0.01415113
 0.01222294 0.01433413]","[0.00591957 0.01413286 0.0104787  0.00752733 0.00805733 0.01495218
 0.00718035 0.01116346 0.0244394  0.00444167 0.00886235 0.00898851
 0.00973348 0.0217899  0.00755635 0.00843824 0.01488301 0.00930464
 0.00856983 0.0119762  0.01291904 0.01822101 0.01136851 0.01150056
 0.01662831 0.01005234 0.00755786 0.00961697 0.00831659 0.01784319
 0.00741927 0.00574044 0.00714466 0.00822982 0.01049321 0.00611364
 0.00887386 0.00653007 0.01571146 0.0060508  0.00847767 0.00631977
 0.00933097 0.01319555 0.00764424 0.01154722 0.0128065  0.00995734
 0.00694354 0.00965607]",0.2627982507459591,0.33278519910534626,0.22495196982375115,0.26882133995236374,0.2693499590394542,0.29974704308177225,0.22393357825725746,0.2586470466127779,0.001440159271659102,0.001560536821840678,0.0008584966246507821,0.0008804751138678792,0.03958699531793595,0.02303178743809462,0.002416745769301773,0.005489965074867634,6.732463836669922e-05,-6.551742553710938e-06,0.00017914178298868982,0.00019964315838251308,0.015201939512523487,0.01041211675903726,0.003662877617129597,0.004160178998127149
df3,0.15000000000000002,1.0,0.0,0.0,1.3,0.15000000000000002,1.0,"[0.71851426 0.21173982 0.43609338 0.21173982 0.84163603 0.02192948
 0.32916807 0.50859953 0.63886042 0.39108739 0.53390728 0.50859953
 0.08825991 0.3490397  0.45963725 0.0539576  0.06932183 0.48382277
 0.36968362 0.29176485 0.45963725 0.17249627 0.29176485 0.3490397
 0.19796045 0.21173982 0.61225166 0.3490397  0.53390728 0.03181713
 0.3490397  0.06383124 0.32916807 0.08151459 0.74453538 0.61225166
 0.05871658 0.1200888  0.08825991 0.27423335 0.03181713 0.09546732
 0.07520917 0.8633028  0.3490397  0.36968362 0.69212796 0.14969106
 0.29176485 0.24148215]","[0.66552932 0.58582128 0.39108739 0.12937218 0.19796045 0.14969106
 0.41323244 0.43609338 0.50859953 0.53390728 0.53390728 0.81875363
 0.01641475 0.3490397  0.3490397  0.18488568 0.29176485 0.63886042
 0.61225166 0.24148215 0.32916807 0.74453538 0.71851426 0.39108739
 0.14969106 0.07520917 0.31007573 0.27423335 0.41323244 0.02646763
 0.19796045 0.01809676 0.36968362 0.50859953 0.45963725 0.55967522
 0.09546732 0.16077182 0.09546732 0.50859953 0.01993114 0.10315938
 0.01487416 0.99765093 0.22624166 0.27423335 0.39108739 0.12937218
 0.22624166 0.139232  ]","[0.71851426 0.21173982 0.43609338 0.21173982 0.84163603 0.02192948
 0.32916807 0.50859953 0.63886042 0.39108739 0.53390728 0.50859953
 0.08825991 0.3490397  0.45963725 0.0539576  0.06932183 0.48382277
 0.36968362 0.29176485 0.45963725 0.17249627 0.29176485 0.3490397
 0.19796045 0.21173982 0.61225166 0.3490397  0.53390728 0.03181713
 0.3490397  0.06383124 0.32916807 0.08151459 0.74453538 0.61225166
 0.05871658 0.1200888  0.08825991 0.27423335 0.03181713 0.09546732
 0.07520917 0.8633028  0.3490397  0.36968362 0.69212796 0.14969106
 0.29176485 0.24148215]","[0.66552932 0.58582128 0.39108739 0.12937218 0.19796045 0.14969106
 0.41323244 0.43609338 0.50859953 0.53390728 0.53390728 0.81875363
 0.01641475 0.3490397  0.3490397  0.18488568 0.29176485 0.63886042
 0.61225166 0.24148215 0.32916807 0.74453538 0.71851426 0.39108739
 0.14969106 0.07520917 0.31007573 0.27423335 0.41323244 0.02646763
 0.19796045 0.01809676 0.36968362 0.50859953 0.45963725 0.55967522
 0.09546732 0.16077182 0.09546732 0.50859953 0.01993114 0.10315938
 0.01487416 0.99765093 0.22624166 0.27423335 0.39108739 0.12937218
 0.22624166 0.139232  ]","[0.52314613 0.23212392 0.53738833 0.12532302 0.73097636 0.02270386
 0.22741415 0.34890541 0.72917285 0.50410941 0.29088403 0.42060759
 0.06617569 0.23684368 0.22736182 0.11130938 0.09668873 0.44694727
 0.28692696 0.28327902 0.32132621 0.11566188 0.24371966 0.24595876
 0.18340112 0.13846494 0.46819272 0.28269715 0.39589732 0.02693436
 0.41366545 0.06210007 0.14848802 0.02901861 0.68039187 0.35701021
 0.03192669 0.14417496 0.12069357 0.21434313 0.02100352 0.04515153
 0.12301464 0.71866275 0.33161151 0.24629808 0.63836453 0.27965127
 0.1268522  0.26819714]","[0.65600446 0.27057654 0.44190446 0.13596157 0.20673659 0.10877434
 0.30171403 0.2545651  0.48605624 0.42945565 0.42001751 0.56711537
 0.00877933 0.38197326 0.28776181 0.1129637  0.24504707 0.39089199
 0.6272229  0.22167817 0.34627098 0.50211001 0.50636488 0.28855661
 0.06353826 0.02866655 0.21882658 0.18002321 0.42206124 0.01406399
 0.4340039  0.09092402 0.21221299 0.38405718 0.24658981 0.52859869
 0.10173589 0.10399045 0.327075   0.48092944 0.03184075 0.03263041
 0.10918733 0.99433804 0.11739229 0.45409864 0.37760478 0.07993693
 0.14881268 0.15116914]","[2.50000000e-03 1.14962591e-03 2.50000000e-03 2.99613238e-04
 2.50000000e-03 1.01770472e-04 1.52014659e-03 2.22792465e-03
 2.50000000e-03 2.50000000e-03 1.83158059e-03 2.50000000e-03
 5.88247319e-04 9.00454205e-04 1.37445857e-03 6.11607714e-04
 3.87965433e-04 2.50000000e-03 1.53847349e-03 1.27578308e-03
 1.35178833e-03 6.62060636e-04 1.18619515e-03 1.35127735e-03
 1.53713979e-03 7.21027618e-04 2.50000000e-03 1.67609219e-03
 2.50000000e-03 1.69399668e-04 2.29185327e-03 4.04281696e-04
 6.10334138e-04 1.12622535e-04 2.50000000e-03 2.36750299e-03
 9.73793615e-05 9.30529737e-04 8.18865052e-04 1.27299890e-03
 1.00440558e-04 2.70860402e-04 7.84810877e-04 2.50000000e-03
 2.43777040e-03 1.21957617e-03 2.50000000e-03 2.50000000e-03
 4.03493210e-04 1.81210735e-03]","[2.50000000e-03 1.44454370e-03 2.50000000e-03 4.40691611e-04
 1.62404446e-03 6.17729292e-04 2.23723282e-03 1.48968583e-03
 2.50000000e-03 2.50000000e-03 1.71692822e-03 2.50000000e-03
 8.17350284e-05 1.60237912e-03 1.73264520e-03 6.64326813e-04
 8.07848800e-04 2.50000000e-03 2.50000000e-03 1.20390028e-03
 1.40981321e-03 2.50000000e-03 2.50000000e-03 1.75939439e-03
 4.34772530e-04 1.44146341e-04 1.63170262e-03 9.72411731e-04
 2.50000000e-03 1.11093529e-04 2.37314910e-03 7.32449307e-04
 1.01504009e-03 2.01351057e-03 1.40714785e-03 2.50000000e-03
 3.68489721e-04 8.53525854e-04 2.43087267e-03 2.50000000e-03
 1.73950513e-04 1.85111559e-04 6.09516472e-04 2.50000000e-03
 9.72161318e-04 2.50000000e-03 1.74889375e-03 1.01497692e-03
 3.38296213e-04 8.80573164e-04]","[0.03963331 0.03988169 0.03892871 0.04245381 0.03871219 0.04462313
 0.03904583 0.04121388 0.03635909 0.04009721 0.0410335  0.03979789
 0.03875221 0.04569717 0.04035454 0.0388898  0.04361964 0.04013771
 0.04146412 0.04330156 0.0386804  0.03899837 0.03806299 0.04316384
 0.04294651 0.04438721 0.04432361 0.03950906 0.04253205 0.04435409
 0.04102938 0.04237927 0.0419743  0.04577778 0.0427572  0.04073588
 0.04459362 0.03966262 0.03501217 0.04181253 0.04379213 0.04014512
 0.0435748  0.03763772 0.03891288 0.04176915 0.04173678 0.03697639
 0.04625173 0.04476484]","[0.01851452 0.02295951 0.01654162 0.02879007 0.01788    0.02953249
 0.02703711 0.02356971 0.03353281 0.02198017 0.02693869 0.02314153
 0.01604205 0.02726011 0.02171947 0.02834554 0.02831864 0.02328367
 0.02102079 0.01923697 0.01963065 0.02099741 0.02209405 0.02055319
 0.0178213  0.02194299 0.02300986 0.0215754  0.0235764  0.02462477
 0.02724016 0.02258368 0.0205598  0.02348255 0.02292282 0.02275331
 0.0209522  0.01759337 0.0192727  0.02170701 0.02680345 0.01950967
 0.0175726  0.01381677 0.01727025 0.01883171 0.02465981 0.0328182
 0.033244   0.0203463 ]","[0.00363197 0.00335537 0.00453484 0.00143504 0.00485116 0.00067274
 0.00437176 0.00217552 0.00985279 0.00313124 0.0023089  0.00344644
 0.00479121 0.00045591 0.00288175 0.00459026 0.00095958 0.00309069
 0.00200228 0.00107211 0.00489927 0.00443719 0.00592469 0.00112455
 0.0012122  0.00073185 0.0007486  0.00377808 0.00139727 0.00074053
 0.00231202 0.0014719  0.00168803 0.00044263 0.0012937  0.00254562
 0.00067988 0.00359827 0.01448846 0.00178233 0.00090327 0.00308333
 0.00097474 0.00674131 0.00455732 0.00180844 0.00182815 0.00821674
 0.00037159 0.00063941]","[0.49354067 0.23872664 0.63819625 0.07123223 0.53876006 0.05987277
 0.1054838  0.21311339 0.021761   0.28453077 0.10775562 0.2308556
 0.67586711 0.10048254 0.29772246 0.07887345 0.07935738 0.2248463
 0.33517038 0.44429502 0.41861164 0.33647617 0.27890124 0.36193036
 0.54302295 0.28638593 0.23652973 0.30519462 0.21284453 0.17386048
 0.1009218  0.25561004 0.36154306 0.21663772 0.24033701 0.24788366
 0.33901097 0.55968369 0.44192843 0.29836362 0.11094359 0.42641259
 0.56121011 0.83448298 0.58356647 0.47159947 0.17266174 0.0263199
 0.02351135 0.37419904]","[-3.57627869e-07 -6.12735748e-05 -8.36849213e-05  1.78694725e-04
  1.60694122e-04  1.29771233e-03 -4.05311584e-05  1.14560127e-04
  1.40190125e-04 -4.64916229e-06  2.50816345e-04  1.66058540e-04
  4.24742699e-04  1.09314919e-04  3.03626060e-04  2.04563141e-04
  6.72340393e-04  7.25984573e-05  1.11818314e-04  3.12328339e-05
  1.74880028e-04 -4.91142273e-05  1.54972076e-05  3.20196152e-04
  7.00950623e-05  4.43458557e-05 -5.96046448e-07 -2.53915787e-05
  3.80396843e-04  1.59144402e-04 -8.84532928e-05  7.27176666e-05
 -1.90734863e-06  3.08752060e-05 -4.83989716e-05  9.40561295e-05
  8.70227814e-05  3.57627869e-05  2.75492668e-04 -6.93798065e-05
  4.38690186e-04  2.33292580e-04  1.37090683e-04 -1.35779381e-04
 -8.27312469e-05 -8.23736191e-05 -3.03983688e-05  1.22785568e-05
  1.62839890e-04  2.43425369e-04]","[-1.25885010e-04 -1.59502029e-04 -1.67012215e-04  2.08973885e-04
  1.82986259e-04  5.99503517e-04 -1.41859055e-05  8.47578049e-05
  4.55856323e-04 -7.40289688e-05  2.86102295e-06 -4.13656235e-05
  4.87565994e-04  2.26616859e-04  6.42538071e-05  2.21610069e-04
  3.68714333e-04  1.87397003e-04 -1.15633011e-04 -1.58071518e-04
  9.05990601e-06 -7.83205032e-05 -5.20944595e-05  8.34465027e-05
 -6.93798065e-05 -6.85453415e-05 -1.35064125e-04 -8.66651535e-05
  4.94837761e-04  1.57117844e-04 -1.26004219e-04  6.67572021e-05
 -1.50322914e-04 -1.08003616e-04 -6.35385513e-05  5.20944595e-05
 -4.55379486e-05  6.02006912e-05  4.25219536e-04 -1.21712685e-04
  1.54733658e-04 -1.49011612e-05  1.87873840e-04 -1.61647797e-04
 -1.45435333e-04 -1.67369843e-04 -1.37090683e-05  2.47478485e-04
  9.50098038e-05  2.69174576e-04]","[0.01292012 0.01215949 0.01241622 0.01682601 0.0186386  0.03267081
 0.01495014 0.01446454 0.01738981 0.01421357 0.01855846 0.01678205
 0.01838181 0.01776152 0.0197409  0.01746398 0.02417617 0.01592365
 0.01626969 0.0138176  0.01826139 0.01092427 0.01382542 0.016635
 0.01880082 0.01614541 0.01300481 0.0131134  0.02116052 0.01763052
 0.01237233 0.0130165  0.01374421 0.01476511 0.01489101 0.01652401
 0.01503194 0.01367529 0.01857249 0.01254461 0.02307719 0.01696678
 0.01469323 0.00933843 0.0123415  0.01106976 0.01589717 0.01521709
 0.01461577 0.01986195]","[0.00775725 0.00713087 0.00506863 0.01333238 0.01490909 0.02347977
 0.0126687  0.01308575 0.01759209 0.00935573 0.0118957  0.00957992
 0.01862429 0.01491138 0.01266605 0.01673403 0.01811572 0.01461759
 0.00902825 0.006124   0.01157975 0.00823095 0.01055803 0.01178992
 0.01238058 0.01044978 0.00683185 0.00839273 0.01995987 0.01655771
 0.00873667 0.01226969 0.00657902 0.0095342  0.00927683 0.01351355
 0.00870038 0.01145649 0.01733105 0.00848917 0.01436742 0.01209172
 0.01389224 0.00653592 0.00714793 0.00628051 0.012003   0.01396126
 0.01216786 0.01595241]",0.33216483320884777,0.3395178249636497,0.22654218604761103,0.23283974028428403,0.277423229466418,0.29065621512836687,0.19849899952210717,0.20203024298996033,0.001417961172724219,0.0014848938120082006,0.0008771872417878105,0.0008586393402121004,0.04124502775549889,0.022708237426877026,0.002604640218522184,0.0044667179640753485,0.00012844085693359376,5.8603286743164065e-05,0.00023310418970566135,0.00020046894887901915,0.01606486058413161,0.011873913711872821,0.0038665779793522737,0.004053462653668653
df3,0.17500000000000002,1.0,0.0,0.0,1.3,0.17500000000000002,1.0,"[0.79482654 0.0416213  0.06932183 0.03483221 0.11135888 0.39108739
 0.61225166 0.01487416 0.09546732 0.00585634 0.29176485 0.66552932
 0.22624166 0.27423335 0.69212796 0.10315938 0.01487416 0.05871658
 0.139232   0.03483221 0.39108739 0.00992823 0.63886042 0.07520917
 0.04542867 0.09546732 0.74453538 0.32916807 0.12937218 0.19796045
 0.36968362 0.08151459 0.02903392 0.08825991 0.22624166 0.19796045
 0.69212796 0.45963725 0.27423335 0.16077182 0.06383124 0.0539576
 0.06383124 0.55967522 0.12937218 0.02646763 0.41323244 0.06383124
 0.0539576  0.01809676]","[0.31007573 0.1200888  0.00585634 0.03809482 0.06932183 0.17249627
 0.63886042 0.00212592 0.16077182 0.00895146 0.21173982 0.77002924
 0.22624166 0.25747545 0.43609338 0.01217651 0.00806269 0.00725489
 0.11135888 0.07520917 0.22624166 0.01641475 0.55967522 0.08825991
 0.11135888 0.1200888  0.77002924 0.32916807 0.36968362 0.18488568
 0.18488568 0.05871658 0.41323244 0.06383124 0.66552932 0.06932183
 0.50859953 0.29176485 0.48382277 0.71851426 0.05871658 0.09546732
 0.14969106 0.36968362 0.00652148 0.06383124 0.25747545 0.27423335
 0.01346465 0.0416213 ]","[0.79482654 0.0416213  0.06932183 0.03483221 0.11135888 0.39108739
 0.61225166 0.01487416 0.09546732 0.00585634 0.29176485 0.66552932
 0.22624166 0.27423335 0.69212796 0.10315938 0.01487416 0.05871658
 0.139232   0.03483221 0.39108739 0.00992823 0.63886042 0.07520917
 0.04542867 0.09546732 0.74453538 0.32916807 0.12937218 0.19796045
 0.36968362 0.08151459 0.02903392 0.08825991 0.22624166 0.19796045
 0.69212796 0.45963725 0.27423335 0.16077182 0.06383124 0.0539576
 0.06383124 0.55967522 0.12937218 0.02646763 0.41323244 0.06383124
 0.0539576  0.01809676]","[0.31007573 0.1200888  0.00585634 0.03809482 0.06932183 0.17249627
 0.63886042 0.00212592 0.16077182 0.00895146 0.21173982 0.77002924
 0.22624166 0.25747545 0.43609338 0.01217651 0.00806269 0.00725489
 0.11135888 0.07520917 0.22624166 0.01641475 0.55967522 0.08825991
 0.11135888 0.1200888  0.77002924 0.32916807 0.36968362 0.18488568
 0.18488568 0.05871658 0.41323244 0.06383124 0.66552932 0.06932183
 0.50859953 0.29176485 0.48382277 0.71851426 0.05871658 0.09546732
 0.14969106 0.36968362 0.00652148 0.06383124 0.25747545 0.27423335
 0.01346465 0.0416213 ]","[0.69982784 0.02262201 0.04788982 0.01786417 0.04252659 0.1929254
 0.49089077 0.0118924  0.06013951 0.01307387 0.12067836 0.59524518
 0.09102797 0.07438075 0.44041965 0.03450498 0.0324537  0.0262439
 0.04972492 0.04601434 0.22636273 0.01216238 0.39276065 0.06468684
 0.07468182 0.0519938  0.68527335 0.29350724 0.17741094 0.21081558
 0.2315396  0.1327723  0.02291108 0.12934767 0.17947763 0.23279261
 0.5403983  0.48271102 0.1676529  0.13150623 0.07579159 0.01116492
 0.03024441 0.35587504 0.11122616 0.07804391 0.3491167  0.0626435
 0.06299685 0.05847271]","[0.27756977 0.04969399 0.03688954 0.05250211 0.04183745 0.19255619
 0.6734987  0.00507333 0.15130229 0.00605513 0.21753599 0.44501544
 0.16900325 0.13823953 0.27495486 0.00453573 0.00426707 0.00166485
 0.06569662 0.10700785 0.25667173 0.01575288 0.5582854  0.04714995
 0.05697914 0.02928641 0.63388237 0.29510559 0.28913437 0.11021282
 0.17836082 0.06026728 0.14742525 0.0596407  0.39972336 0.04109316
 0.29518951 0.22000194 0.24039358 0.56864405 0.06704662 0.10491549
 0.08274804 0.25435197 0.00612849 0.03675744 0.24248265 0.17140592
 0.04882189 0.05210576]","[2.50000000e-03 9.57070962e-05 3.40384745e-04 5.22175919e-05
 1.83535361e-04 1.35022640e-03 2.13701223e-03 1.76473620e-05
 2.68541716e-04 7.70542479e-05 9.64444105e-04 2.14987930e-03
 4.96420632e-04 2.39731929e-04 1.75413407e-03 8.65025286e-05
 1.39179010e-04 1.21075902e-04 1.77745712e-04 8.46723447e-05
 6.77843066e-04 7.18192683e-05 2.50000000e-03 2.87719524e-04
 8.34655170e-05 2.22005125e-04 2.50000000e-03 1.85414680e-03
 6.78032396e-04 1.12554449e-03 1.23693211e-03 5.65360320e-04
 9.12309985e-05 3.23340140e-04 1.33812546e-03 1.30775274e-03
 2.50000000e-03 2.14982883e-03 1.14189052e-03 7.24532240e-04
 5.64571753e-04 4.52778967e-05 1.27588688e-04 1.95377212e-03
 1.35151100e-03 4.84404100e-04 2.50000000e-03 3.19062937e-04
 2.22771773e-04 1.25834894e-04]","[2.50000000e-03 2.22231773e-04 2.75687096e-04 1.67448187e-04
 1.75875275e-04 1.65798887e-03 2.50000000e-03 1.00000000e-05
 8.55066206e-04 3.27067963e-05 1.77673146e-03 1.80451029e-03
 7.98140471e-04 4.94017830e-04 1.35947136e-03 1.49051449e-05
 1.86216885e-05 1.00000000e-05 2.44701840e-04 2.64361414e-04
 1.01969474e-03 1.11568061e-04 2.50000000e-03 2.48244205e-04
 7.36938722e-05 1.32199180e-04 2.50000000e-03 2.14940352e-03
 1.80387487e-03 6.47631938e-04 8.49570448e-04 2.53721413e-04
 5.68106870e-04 2.17088476e-04 2.50000000e-03 2.87688143e-04
 1.79404632e-03 1.62240733e-03 1.57801843e-03 2.50000000e-03
 5.06010227e-04 5.57743559e-04 3.41567368e-04 1.66476407e-03
 7.23270447e-05 2.26707053e-04 1.98545219e-03 9.06434331e-04
 2.23450660e-04 1.23777999e-04]","[0.03828363 0.04272173 0.04440004 0.03912079 0.03912139 0.0428896
 0.04397669 0.04572227 0.04202242 0.038715   0.04320652 0.05069665
 0.04140365 0.04421447 0.04487466 0.04568036 0.04078885 0.04518731
 0.03750909 0.03848316 0.04656725 0.0431946  0.03925152 0.03646511
 0.04310689 0.04063266 0.04086437 0.04046973 0.04511761 0.04120379
 0.04079463 0.04366564 0.04637003 0.04789337 0.04202492 0.04413775
 0.03849175 0.03857837 0.04261768 0.04148928 0.04156748 0.04661003
 0.04430268 0.04229809 0.03745509 0.03796303 0.0428076  0.03737528
 0.04309605 0.04050186]","[0.01761038 0.02699883 0.03067475 0.02088646 0.0217262  0.01777483
 0.02123256 0.03679896 0.02021729 0.03046669 0.03207421 0.01931307
 0.02350498 0.02313706 0.02371193 0.02323086 0.04278868 0.02140887
 0.0183215  0.02314893 0.02221191 0.03043473 0.02733317 0.0198702
 0.02712045 0.02079987 0.0188298  0.02365223 0.02601406 0.02304428
 0.02079658 0.01856797 0.02460324 0.02193104 0.02002091 0.02674458
 0.02309616 0.02080657 0.02270192 0.01667719 0.02567685 0.02279255
 0.01879533 0.02335191 0.01948563 0.02238036 0.02134407 0.01653215
 0.0206434  0.01978261]","[5.53762393e-03 1.30953270e-03 7.28512960e-04 4.27020609e-03
 4.26940743e-03 1.23618678e-03 8.46457576e-04 4.51733851e-04
 1.66088406e-03 4.84692046e-03 1.10804519e-03 6.59894792e-05
 2.04293303e-03 7.78177825e-04 6.14660606e-04 4.58728377e-04
 2.50190641e-03 5.49023780e-04 7.00780545e-03 5.20765584e-03
 3.30410879e-04 1.11263330e-03 4.09828553e-03 9.55233657e-03
 1.14692736e-03 2.63282546e-03 2.44078700e-03 2.77612602e-03
 5.63059086e-04 2.18278699e-03 2.49718169e-03 9.44250878e-04
 3.55615027e-04 1.99925688e-04 1.65948181e-03 7.99622902e-04
 5.19386812e-03 5.05663782e-03 1.35700809e-03 1.98559415e-03
 1.93453669e-03 3.25171575e-04 7.54187062e-04 1.51304235e-03
 7.12250589e-03 6.10805881e-03 1.27152145e-03 7.29519047e-03
 1.15123376e-03 2.74731018e-03]","[0.55843439 0.1063627  0.04543607 0.34271916 0.29737642 0.54640547
 0.32349758 0.00865968 0.38198118 0.04781511 0.03194471 0.43926373
 0.21572638 0.23104672 0.20745666 0.22706492 0.00127981 0.31399353
 0.50711955 0.23053969 0.27315931 0.04819003 0.09888755 0.40341098
 0.10359105 0.3476449  0.47173011 0.20981676 0.13113726 0.23503611
 0.34783309 0.48981012 0.17460035 0.28698425 0.39401845 0.11235522
 0.23279883 0.34726214 0.25020594 0.62798024 0.14063115 0.24612115
 0.47409176 0.2220037  0.42797251 0.2651025  0.31746418 0.63891045
 0.35666313 0.40893065]","[-1.30653381e-04  8.01086426e-05  1.77025795e-04 -9.52482224e-05
 -1.82390213e-05  1.52111053e-04 -7.23600388e-05  1.28209591e-03
 -7.98702240e-06  3.19361687e-04  1.87754631e-04  1.69754028e-04
 -5.57899475e-05 -8.95261765e-05 -1.08480453e-05  4.40359116e-04
  1.89661980e-04 -4.98294830e-05 -1.52587891e-05  4.34637070e-04
  2.57849693e-04 -8.58306885e-06  1.08718872e-04 -9.62018967e-05
 -3.08752060e-05 -9.01222229e-05 -8.17775726e-05  1.91569328e-04
  1.04308128e-04  1.55329704e-04  3.66806984e-04  1.30176544e-04
  8.88109207e-05  2.25305557e-05 -1.43289566e-04 -8.45193863e-05
  5.08427620e-04 -4.05311584e-05 -7.27176666e-06  7.23958015e-04
  8.29696655e-05 -2.14576721e-05  1.24096870e-04 -2.99215317e-05
 -8.78572464e-05 -1.22070312e-04  1.42574310e-04 -6.54459000e-05
  3.09944153e-05 -5.26905060e-05]","[-1.34229660e-04 -1.49011612e-05  3.81469727e-05 -1.00374222e-04
 -1.09553337e-04 -8.51154327e-05 -1.34706497e-04  1.29830837e-03
 -8.97645950e-05  4.34398651e-04  9.87052917e-05  1.45912170e-04
 -1.56760216e-04 -1.13964081e-04  3.58819962e-05  5.45144081e-04
  1.85370445e-04 -1.71542168e-04 -5.11407852e-05  1.41382217e-04
 -3.57627869e-07 -4.17232513e-05 -1.31130219e-05 -1.31368637e-04
 -8.40425491e-05 -9.52482224e-05 -8.34465027e-07  1.01089478e-04
 -7.41481781e-05 -1.46031380e-04  2.94685364e-04 -1.01685524e-04
 -1.15513802e-04 -7.82012939e-05 -1.82151794e-04 -1.13606453e-04
  5.04612923e-04 -1.24812126e-04 -6.36577606e-05  4.06384468e-04
 -2.16960907e-05 -2.88486481e-05 -1.09791756e-04 -9.11951065e-05
 -8.24928284e-05 -1.58786774e-04  2.77757645e-05 -1.55806541e-04
 -1.50442123e-04 -1.03116035e-04]","[0.0105697  0.01779705 0.01556118 0.01152835 0.01478826 0.01657004
 0.01215925 0.03156332 0.01185091 0.01842508 0.01635105 0.01738683
 0.01069847 0.01178114 0.01460026 0.02294727 0.01651608 0.01295772
 0.01351605 0.02060512 0.01905887 0.013289   0.01433808 0.0098451
 0.01260724 0.01409395 0.01304895 0.01419201 0.01241056 0.01629179
 0.02013678 0.01708709 0.01212914 0.01240253 0.01123    0.00998118
 0.02340755 0.01368466 0.01487311 0.02613968 0.01338592 0.01554533
 0.01511079 0.01310882 0.01382484 0.01136251 0.01791501 0.01144597
 0.01371826 0.01228239]","[0.00716973 0.01066112 0.01138575 0.00927598 0.00962332 0.00806781
 0.00959107 0.02832369 0.00788081 0.01649553 0.0133606  0.01351398
 0.00774314 0.00722966 0.01325444 0.02019751 0.01346144 0.00770049
 0.01046216 0.01368673 0.01174343 0.00936998 0.01075015 0.00714612
 0.00968259 0.00937913 0.01061698 0.01161275 0.00840511 0.00700905
 0.01642549 0.01019649 0.0069442  0.00892787 0.00534041 0.00785106
 0.01846566 0.00908333 0.00961984 0.01865776 0.01113195 0.01107445
 0.00766763 0.00865275 0.00844384 0.00581871 0.01122111 0.00637449
 0.00895548 0.00910247]",0.227098880599589,0.22414030902848062,0.23162656993495587,0.2202717714116535,0.17493373119927313,0.16969728563794362,0.1868711913361771,0.17100975488263923,0.000846209539433926,0.0009029531602654454,0.0008470153958273113,0.0008692320946530612,0.04211864920675754,0.023221375428438183,0.0030896099668365176,0.00501452271114308,9.927272796630859e-05,1.6541481018066405e-05,0.0002500647745889172,0.00025458224946983004,0.015122405315446532,0.010695105486453839,0.004247799380412951,0.004175394801443982
df3,0.2,1.0,0.0,0.0,1.3,0.2,1.0,"[0.04953464 0.22624166 0.12937218 0.14969106 0.43609338 0.00421554
 0.08825991 0.09546732 0.08825991 0.00377043 0.05871658 0.31007573
 0.01346465 0.17249627 0.06383124 0.06932183 0.08151459 0.03181713
 0.03483221 0.21173982 0.16077182 0.08825991 0.00652148 0.09546732
 0.11135888 0.3490397  0.63886042 0.0416213  0.1200888  0.39108739
 0.03483221 0.71851426 0.02410401 0.08825991 0.61225166 0.00585634
 0.10315938 0.00895146 0.21173982 0.08825991 0.09546732 0.00525377
 0.27423335 0.31007573 0.77002924 0.08825991 0.31007573 0.09546732
 0.22624166 0.09546732]","[2.57475452e-01 8.82599083e-02 2.74233349e-01 4.83822766e-01
 2.57475452e-01 6.52148041e-03 6.93218252e-02 7.52091658e-02
 2.74233349e-01 4.26159664e-04 1.21765095e-02 1.60771824e-01
 3.29168072e-01 2.12592488e-03 2.41482152e-01 5.39576008e-02
 2.26241661e-01 2.68158880e-03 1.64147482e-02 3.80948244e-02
 1.49691056e-01 7.18514257e-01 1.97960446e-01 1.80967606e-02
 2.41040115e-02 1.49691056e-01 4.36093382e-01 2.91764847e-01
 2.91764847e-01 6.12251659e-01 8.15145929e-02 2.11739817e-01
 9.92823487e-03 1.11358879e-01 3.91087390e-01 1.21765095e-02
 2.19294824e-02 3.73964604e-04 1.20088801e-01 2.90339156e-02
 2.41482152e-01 2.68158880e-03 8.82599083e-02 3.49039701e-01
 3.49039701e-01 2.64676308e-02 4.83822766e-01 3.80948244e-02
 2.41482152e-01 1.03159376e-01]","[0.04953464 0.22624166 0.12937218 0.14969106 0.43609338 0.00421554
 0.08825991 0.09546732 0.08825991 0.00377043 0.05871658 0.31007573
 0.01346465 0.17249627 0.06383124 0.06932183 0.08151459 0.03181713
 0.03483221 0.21173982 0.16077182 0.08825991 0.00652148 0.09546732
 0.11135888 0.3490397  0.63886042 0.0416213  0.1200888  0.39108739
 0.03483221 0.71851426 0.02410401 0.08825991 0.61225166 0.00585634
 0.10315938 0.00895146 0.21173982 0.08825991 0.09546732 0.00525377
 0.27423335 0.31007573 0.77002924 0.08825991 0.31007573 0.09546732
 0.22624166 0.09546732]","[2.57475452e-01 8.82599083e-02 2.74233349e-01 4.83822766e-01
 2.57475452e-01 6.52148041e-03 6.93218252e-02 7.52091658e-02
 2.74233349e-01 4.26159664e-04 1.21765095e-02 1.60771824e-01
 3.29168072e-01 2.12592488e-03 2.41482152e-01 5.39576008e-02
 2.26241661e-01 2.68158880e-03 1.64147482e-02 3.80948244e-02
 1.49691056e-01 7.18514257e-01 1.97960446e-01 1.80967606e-02
 2.41040115e-02 1.49691056e-01 4.36093382e-01 2.91764847e-01
 2.91764847e-01 6.12251659e-01 8.15145929e-02 2.11739817e-01
 9.92823487e-03 1.11358879e-01 3.91087390e-01 1.21765095e-02
 2.19294824e-02 3.73964604e-04 1.20088801e-01 2.90339156e-02
 2.41482152e-01 2.68158880e-03 8.82599083e-02 3.49039701e-01
 3.49039701e-01 2.64676308e-02 4.83822766e-01 3.80948244e-02
 2.41482152e-01 1.03159376e-01]","[0.0249947  0.17452739 0.15983947 0.12336107 0.42809487 0.00142475
 0.12495374 0.11374013 0.08405716 0.0138982  0.0174362  0.25322084
 0.03203434 0.06745923 0.0559947  0.06304096 0.12283853 0.02762922
 0.00824289 0.07993873 0.13586319 0.16766081 0.01098559 0.03234498
 0.04600536 0.34580423 0.44181492 0.05653203 0.08710877 0.44647841
 0.03055917 0.64642291 0.02007134 0.05662102 0.40826351 0.00630889
 0.09012344 0.03758885 0.37969906 0.06204781 0.12266772 0.00353453
 0.13278889 0.18336633 0.69768449 0.07280081 0.12380812 0.1585257
 0.13139995 0.13017891]","[0.51059658 0.06043113 0.45302756 0.52182055 0.12380454 0.00566164
 0.12224182 0.0921302  0.24957587 0.00172994 0.00474738 0.09938903
 0.23777552 0.00111069 0.20398642 0.10862144 0.12850048 0.00324117
 0.00328965 0.04814732 0.06784663 0.80683939 0.17358097 0.0139896
 0.06387708 0.13707073 0.3534836  0.14983262 0.39311939 0.42345754
 0.15238613 0.10626475 0.02031567 0.08366855 0.28883151 0.00267401
 0.01639879 0.00654389 0.25488223 0.05521813 0.23928152 0.00122997
 0.08740902 0.39143615 0.25664073 0.02962585 0.19401686 0.20146908
 0.1621594  0.09304223]","[1.94862416e-04 3.03190631e-04 6.98336075e-04 7.30574625e-04
 1.37845323e-03 1.00000000e-05 2.65669292e-04 4.41540232e-04
 1.53992409e-04 1.17169364e-05 1.51185894e-05 1.43745634e-03
 1.56717245e-04 2.33197865e-04 3.15849656e-04 2.26996488e-04
 2.29449277e-04 9.07551841e-05 2.93516727e-05 2.22453909e-04
 3.43099610e-04 1.31712636e-03 4.14895931e-05 6.25007564e-05
 1.03417922e-04 2.50000000e-03 1.83758002e-03 2.44218140e-04
 7.00670821e-04 2.50000000e-03 3.17646894e-04 2.50000000e-03
 1.01327474e-04 9.33079108e-05 2.50000000e-03 1.82995365e-05
 3.00489801e-04 8.51079885e-05 1.00765151e-03 4.54819297e-04
 8.57697624e-04 1.00000000e-05 7.06601861e-04 1.19255160e-03
 2.34282754e-03 4.14694144e-04 4.51226355e-04 4.39719533e-04
 5.29899970e-04 3.64914525e-04]","[2.50000000e-03 1.24866282e-04 2.28544167e-03 2.50000000e-03
 5.11485571e-04 1.69926132e-05 3.49716624e-04 3.87742048e-04
 7.28150048e-04 1.00000000e-05 1.00000000e-05 5.27380327e-04
 1.28407874e-03 1.00000000e-05 9.70906469e-04 4.83875877e-04
 2.84889153e-04 1.14164494e-05 1.00000000e-05 1.30865952e-04
 1.60131639e-04 2.50000000e-03 8.69204628e-04 3.80261312e-05
 2.01194942e-04 1.00330106e-03 1.79277967e-03 9.74570364e-04
 2.50000000e-03 2.50000000e-03 1.72865850e-03 6.79050093e-04
 8.46466539e-05 1.43535395e-04 1.57157144e-03 1.22234632e-05
 7.25937000e-05 1.20408604e-05 4.78207382e-04 3.86563364e-04
 1.23972425e-03 1.00000000e-05 5.25203179e-04 1.91137076e-03
 1.21957704e-03 1.51785755e-04 1.10484213e-03 7.00119033e-04
 5.32971466e-04 3.10548937e-04]","[0.04161005 0.05173564 0.04261434 0.04405884 0.04309917 0.0423369
 0.04489612 0.04468147 0.044376   0.05069575 0.04797417 0.04635294
 0.04137418 0.04682016 0.04219168 0.04235678 0.04939225 0.04655912
 0.04976197 0.04558842 0.05167863 0.04485651 0.04211995 0.04471041
 0.04579427 0.03809958 0.04332997 0.04038938 0.04173641 0.04454413
 0.04165859 0.04074362 0.04308825 0.04650105 0.04006594 0.04326452
 0.05009591 0.04133727 0.04944989 0.03933264 0.03956182 0.04915788
 0.04468326 0.04360889 0.04319727 0.04528262 0.04263999 0.04559439
 0.04205739 0.04177665]","[0.02379699 0.03876221 0.03036922 0.01764295 0.03290262 0.02407879
 0.02742573 0.02739077 0.02597983 0.03800549 0.03846535 0.01397362
 0.03442211 0.02990986 0.02839307 0.01811124 0.02145686 0.03238649
 0.02301366 0.02794911 0.02680886 0.01568356 0.02144179 0.02240196
 0.02476717 0.01870991 0.02039269 0.02027237 0.01974949 0.02220164
 0.02037431 0.02181389 0.03776105 0.02407915 0.0149835  0.02494641
 0.03591547 0.0243791  0.02794961 0.0231425  0.01928059 0.02953676
 0.02748203 0.01963313 0.02805035 0.03230368 0.02297144 0.02893532
 0.02749866 0.02824553]","[1.90725617e-03 4.30622295e-05 1.35855907e-03 8.22258760e-04
 1.14999405e-03 1.49324111e-03 6.09929873e-04 6.58825751e-04
 7.34774778e-04 6.60137960e-05 1.93810404e-04 3.57882884e-04
 2.06301904e-03 3.00550430e-04 1.56859745e-03 1.48319098e-03
 1.11398901e-04 3.31416351e-04 9.61670687e-05 4.74428646e-04
 4.40926230e-05 6.18689352e-04 1.60710884e-03 6.52026838e-04
 4.39953867e-04 5.85884536e-03 1.06157387e-03 2.84941780e-03
 1.82837585e-03 6.92013163e-04 1.87658981e-03 2.53918693e-03
 1.15434481e-03 3.38677461e-04 3.16288226e-03 1.08598007e-03
 8.41286445e-05 2.08843305e-03 1.08882316e-04 3.99483487e-03
 3.71538635e-03 1.22211585e-04 6.58402591e-04 9.63194759e-04
 1.11160417e-03 5.30361024e-04 1.34669615e-03 4.73394021e-04
 1.64141108e-03 1.80389499e-03]","[0.204129   0.00477634 0.0489663  0.55604532 0.02574055 0.19339805
 0.09689733 0.09764497 0.13207651 0.00602955 0.00523636 0.82430961
 0.0170764  0.0547198  0.07802471 0.52209185 0.3114401  0.0294664
 0.23636444 0.08626116 0.11081464 0.70276964 0.3122402  0.26408197
 0.16902952 0.47996802 0.37142555 0.3786464  0.41102882 0.27365632
 0.37252322 0.29289553 0.00649451 0.19338467 0.75434646 0.16310046
 0.011205   0.18245008 0.08625146 0.23081409 0.44140681 0.05981231
 0.09570299 0.41845231 0.08432129 0.03010654 0.23820476 0.06887591
 0.09535256 0.08068501]","[ 2.26497650e-05  1.42216682e-04 -3.82661819e-05  4.18424606e-05
  6.90221786e-05  1.68323517e-04  4.75645065e-05  9.17911530e-06
  2.92062759e-05  1.62243843e-04  1.64747238e-04  1.87516212e-04
  1.76072121e-04  5.27262688e-04  4.99010086e-04 -8.16583633e-05
  1.71780586e-04  2.26497650e-06  1.96695328e-05 -7.74860382e-06
  4.16994095e-04  1.48653984e-04  4.72307205e-04  1.87516212e-04
 -7.27176666e-06 -1.03831291e-04  6.40153885e-05  4.72068787e-05
  2.02655792e-06  3.01957130e-04  1.35064125e-04  4.06742096e-04
  3.75032425e-04  2.22086906e-04 -2.32458115e-05  8.15391541e-05
 -3.18288803e-05  5.52296638e-04  2.57253647e-04 -6.05583191e-05
  2.67028809e-05  7.28368759e-04  1.09541416e-03  1.96337700e-04
 -1.58548355e-05 -6.61611557e-05  6.55651093e-05  6.73532486e-05
  8.67605209e-04  3.43203545e-04]","[-6.99758530e-05  3.85403633e-04  8.67843628e-05 -1.79886818e-04
  3.29494476e-04 -2.09808350e-05 -1.90734863e-05 -1.11222267e-04
 -6.37769699e-05  2.33292580e-04  2.94685364e-04  3.32593918e-05
  7.39097595e-05  1.02448463e-03  2.36868858e-04 -1.54018402e-04
  1.79052353e-04 -8.33272934e-05 -9.81092453e-05 -9.85860825e-05
  4.00900841e-04 -3.46899033e-05  1.38282776e-05  9.15527344e-05
 -1.44124031e-04 -1.08957291e-04 -9.03606415e-05 -4.17232513e-05
 -1.08957291e-04  3.39150429e-04 -4.13656235e-05  8.05139542e-04
  3.25322151e-04  6.84261322e-05 -1.42574310e-04 -1.50322914e-04
  2.20656395e-04  2.52127647e-04  1.66177750e-04 -1.33395195e-04
 -9.52482224e-05  2.95996666e-04  9.01460648e-04 -1.14321709e-04
  2.02655792e-05 -1.31249428e-04  4.88758087e-05  1.08599663e-04
  5.62071800e-04  1.70469284e-04]","[0.01707953 0.01817599 0.01485997 0.01439917 0.01625674 0.01335746
 0.01689228 0.01198216 0.01262903 0.01675828 0.01461883 0.01638673
 0.01428332 0.02276744 0.02009743 0.01286197 0.01553757 0.01082703
 0.01477533 0.01193182 0.01739124 0.01491618 0.02332268 0.016081
 0.01215103 0.01123289 0.01607909 0.01224817 0.0110185  0.01574374
 0.01675916 0.02015671 0.0177548  0.01508598 0.01042503 0.01293167
 0.01324348 0.02230989 0.01957651 0.01068223 0.01424118 0.02196558
 0.02555499 0.01638674 0.01294695 0.01160801 0.01353245 0.01235468
 0.02665081 0.02162699]","[0.0105408  0.01932542 0.01219208 0.00610884 0.01809109 0.01024284
 0.01098492 0.00746825 0.00896612 0.01680747 0.01690415 0.0130214
 0.01332756 0.02558598 0.01492652 0.00753547 0.01474937 0.00921449
 0.00916909 0.00767108 0.01900484 0.01028782 0.01300654 0.01281261
 0.00764677 0.00763923 0.01051799 0.00929405 0.00763121 0.01741715
 0.00936393 0.02245197 0.01437759 0.01220992 0.00695752 0.00725508
 0.01394282 0.01589218 0.0156453  0.00612861 0.00948771 0.0165171
 0.02367993 0.00776782 0.0120934  0.00807988 0.01258742 0.01366817
 0.02036057 0.01510335]",0.16976586777508237,0.17345575036076089,0.18756845540107164,0.17283690249145983,0.14483573727298743,0.16412841863674615,0.16262964357130086,0.17002664171831222,0.0006296913773240055,0.0007710449930596733,0.0007462612852196062,0.0008134432822961787,0.04437666056573392,0.02572295816868543,0.0033246705846267043,0.00621024605635968,0.00018130779266357423,0.00010864019393920899,0.000250424110159811,0.00027348014973612865,0.01584912861677783,0.01263322877060587,0.003974978252736568,0.004763269230366351
df3,0.225,1.0,0.0,0.0,1.3,0.225,1.0,"[0.03809482 0.29176485 0.04542867 0.21173982 0.02410401 0.07520917
 0.02646763 0.00806269 0.04542867 0.43609338 0.03483221 0.03809482
 0.08825991 0.18488568 0.18488568 0.04953464 0.03809482 0.139232
 0.3490397  0.00167865 0.0416213  0.32916807 0.16077182 0.02410401
 0.14969106 0.03483221 0.03809482 0.00238884 0.03809482 0.01993114
 0.08151459 0.08151459 0.08825991 0.02646763 0.01641475 0.01487416
 0.27423335 0.04953464 0.14969106 0.29176485 0.29176485 0.03181713
 0.07520917 0.04953464 0.01346465 0.08825991 0.36968362 0.17249627
 0.08151459 0.14969106]","[3.48322136e-02 3.69683622e-01 1.21765095e-02 1.49691056e-01
 1.11358879e-01 7.25488863e-03 1.11358879e-01 1.32017364e-03
 9.92823487e-03 5.33907283e-01 8.95145539e-03 8.06268875e-03
 1.10005675e-02 3.91087390e-01 1.80967606e-02 2.41040115e-02
 2.90339156e-02 1.60771824e-01 5.39576008e-02 1.03159376e-01
 9.92823487e-03 2.41482152e-01 1.03159376e-01 1.67194217e-04
 2.19294824e-02 4.54286666e-02 4.70847031e-03 5.25376643e-03
 1.80967606e-02 3.36894521e-03 6.93218252e-02 3.48322136e-02
 1.20088801e-01 1.10005675e-02 5.25376643e-03 2.38884447e-03
 3.91087390e-01 8.15145929e-02 8.15145929e-02 1.20088801e-01
 7.52091658e-02 5.85633896e-03 1.97960446e-01 1.64147482e-02
 1.84885683e-01 8.06268875e-03 1.20088801e-01 8.82599083e-02
 3.48322136e-02 2.64676308e-02]","[0.03809482 0.29176485 0.04542867 0.21173982 0.02410401 0.07520917
 0.02646763 0.00806269 0.04542867 0.43609338 0.03483221 0.03809482
 0.08825991 0.18488568 0.18488568 0.04953464 0.03809482 0.139232
 0.3490397  0.00167865 0.0416213  0.32916807 0.16077182 0.02410401
 0.14969106 0.03483221 0.03809482 0.00238884 0.03809482 0.01993114
 0.08151459 0.08151459 0.08825991 0.02646763 0.01641475 0.01487416
 0.27423335 0.04953464 0.14969106 0.29176485 0.29176485 0.03181713
 0.07520917 0.04953464 0.01346465 0.08825991 0.36968362 0.17249627
 0.08151459 0.14969106]","[3.48322136e-02 3.69683622e-01 1.21765095e-02 1.49691056e-01
 1.11358879e-01 7.25488863e-03 1.11358879e-01 1.32017364e-03
 9.92823487e-03 5.33907283e-01 8.95145539e-03 8.06268875e-03
 1.10005675e-02 3.91087390e-01 1.80967606e-02 2.41040115e-02
 2.90339156e-02 1.60771824e-01 5.39576008e-02 1.03159376e-01
 9.92823487e-03 2.41482152e-01 1.03159376e-01 1.67194217e-04
 2.19294824e-02 4.54286666e-02 4.70847031e-03 5.25376643e-03
 1.80967606e-02 3.36894521e-03 6.93218252e-02 3.48322136e-02
 1.20088801e-01 1.10005675e-02 5.25376643e-03 2.38884447e-03
 3.91087390e-01 8.15145929e-02 8.15145929e-02 1.20088801e-01
 7.52091658e-02 5.85633896e-03 1.97960446e-01 1.64147482e-02
 1.84885683e-01 8.06268875e-03 1.20088801e-01 8.82599083e-02
 3.48322136e-02 2.64676308e-02]","[0.01875725 0.13894522 0.02340657 0.09470322 0.01996546 0.05159348
 0.01874577 0.00502381 0.06527162 0.33833988 0.03678371 0.03016476
 0.05469297 0.08408468 0.08348196 0.06344807 0.03967895 0.15843423
 0.12037094 0.00143341 0.05416802 0.10435901 0.09709933 0.01638559
 0.15841257 0.04391447 0.00697107 0.00148387 0.02334857 0.01880324
 0.03503576 0.0260555  0.0281228  0.03234254 0.0253267  0.0040611
 0.15787583 0.04242865 0.15354404 0.1478531  0.17243849 0.0812605
 0.02591935 0.05096446 0.02587912 0.07057747 0.37165483 0.14401258
 0.05089083 0.0893118 ]","[3.23128580e-02 3.07402680e-01 3.53828196e-02 1.83026851e-01
 2.69737960e-02 2.41993969e-02 8.35102441e-02 4.60258538e-04
 2.98091483e-02 3.13913048e-01 1.34557376e-02 6.25149378e-03
 1.19344690e-02 3.57129523e-01 1.78217768e-02 1.81806928e-02
 3.03842660e-02 1.51419923e-01 8.59144840e-02 3.79222862e-02
 2.79491569e-02 1.78565234e-01 1.24541891e-01 1.91687995e-04
 4.44731120e-02 1.72224410e-02 5.25508040e-03 3.64054524e-03
 2.12636081e-02 1.49118956e-03 7.88597422e-02 1.75929173e-02
 9.58969512e-02 6.34087377e-03 1.60493378e-02 4.23519964e-03
 1.33982084e-01 6.46970842e-02 2.27409286e-02 6.53622986e-02
 5.58300155e-02 1.37663911e-02 1.24142119e-01 1.59075638e-02
 1.16643312e-01 5.97468917e-03 9.92270359e-02 1.66653411e-01
 5.22754491e-02 1.50155328e-01]","[3.75408907e-05 3.36758642e-04 7.24213374e-05 1.50530252e-04
 8.23589681e-05 1.35538848e-04 6.04955668e-05 1.18981319e-05
 1.85067486e-04 2.50000000e-03 8.66666901e-05 3.97497897e-05
 1.74056774e-04 1.97949472e-04 1.87149054e-04 1.86775661e-04
 1.23194267e-04 5.09214185e-04 4.21909095e-04 1.07407944e-05
 1.47573396e-04 3.08253302e-04 5.82376984e-04 6.82005340e-05
 6.16125624e-04 8.24815876e-05 1.00000000e-05 1.00000000e-05
 5.58782832e-05 1.40039461e-04 6.74185167e-05 6.50341663e-05
 8.56970846e-05 1.11839696e-04 2.52187799e-05 1.00000000e-05
 5.22497522e-04 8.68798816e-05 6.16801496e-04 8.53145023e-04
 3.25085473e-04 2.14070855e-04 5.63384396e-05 1.41240747e-04
 6.31039452e-05 6.83901093e-04 2.33672661e-03 7.15830044e-04
 2.53917581e-04 2.80807114e-04]","[5.36157122e-05 8.61487493e-04 1.28749520e-04 3.85378240e-04
 1.33145100e-04 8.83967493e-05 4.26403034e-04 1.00000000e-05
 7.87577376e-05 2.50000000e-03 5.11517293e-05 1.00000000e-05
 7.40690914e-05 9.36614935e-04 9.34315796e-05 5.21138704e-05
 8.87319950e-05 7.28639926e-04 2.64459253e-04 2.91516589e-04
 9.63629243e-05 6.44404438e-04 6.35498679e-04 1.00000000e-05
 3.70108684e-04 4.44944879e-05 1.00000000e-05 1.00000000e-05
 6.72874224e-05 1.12821372e-05 2.06244120e-04 4.86902785e-05
 4.80804132e-04 1.57333719e-05 1.99771386e-05 1.00000000e-05
 7.55526471e-04 2.21348536e-04 9.62205860e-05 4.00984052e-04
 9.95528421e-05 3.70611381e-05 4.54640879e-04 5.05453942e-05
 4.94882693e-04 5.29584585e-05 6.05601644e-04 1.43975661e-03
 1.83290681e-04 4.19047295e-04]","[0.04217043 0.04911394 0.04801022 0.04857698 0.04762266 0.04462329
 0.04334677 0.04704067 0.0423825  0.04220622 0.05074777 0.05266217
 0.04247124 0.04495197 0.04926898 0.05090624 0.04613824 0.04217601
 0.04595601 0.04164112 0.04655797 0.04776135 0.04320762 0.04322195
 0.04631953 0.04377488 0.04806496 0.04654601 0.04580522 0.04584094
 0.04850509 0.04948864 0.04677548 0.04928797 0.04702812 0.04711978
 0.0434947  0.04515602 0.04450008 0.04240969 0.04738367 0.04443588
 0.0449338  0.04615274 0.04074144 0.03786607 0.04004034 0.04619167
 0.04140998 0.0441221 ]","[0.02766551 0.02023134 0.02258792 0.03015163 0.01946247 0.03171798
 0.01959441 0.02834137 0.02230305 0.01994054 0.03314863 0.02881346
 0.03396974 0.02379698 0.03397765 0.02731919 0.0312747  0.02045835
 0.02463424 0.03152067 0.02897668 0.02440059 0.02421771 0.03515568
 0.02319115 0.03348736 0.0319578  0.02925417 0.03296706 0.03404133
 0.02198554 0.02756137 0.02651561 0.04016965 0.03676049 0.0400353
 0.02693862 0.02689043 0.03193012 0.02611452 0.02948091 0.025597
 0.03178705 0.03828336 0.02243023 0.04270294 0.01827509 0.02518541
 0.0271745  0.02473027]","[1.57991277e-03 1.24346303e-04 1.91139212e-04 1.53461914e-04
 2.21771586e-04 6.72697471e-04 1.05539470e-03 2.76608749e-04
 1.47028215e-03 1.56089369e-03 6.46312540e-05 2.92153352e-05
 1.42654780e-03 5.97778712e-04 1.16967394e-04 6.05875952e-05
 3.87550401e-04 1.57693561e-03 4.14533335e-04 1.88757236e-03
 3.31557898e-04 2.10312471e-04 1.10762393e-03 1.10213536e-03
 3.62353529e-04 9.08761051e-04 1.87149805e-04 3.33043106e-04
 4.38187589e-04 4.32471326e-04 1.57818211e-04 1.07220961e-04
 3.05632847e-04 1.16092420e-04 2.77921418e-04 2.68467586e-04
 1.00239428e-03 5.55282771e-04 7.02986744e-04 1.45675256e-03
 2.42915065e-04 7.19269549e-04 6.01705661e-04 3.85475274e-04
 2.54099490e-03 6.29087406e-03 3.18900052e-03 3.79957738e-04
 2.03863788e-03 8.04067380e-04]","[0.09189599 0.38112857 0.2554146  0.05162294 0.4294786  0.03499388
 0.42093954 0.07894841 0.26877832 0.39901035 0.02411622 0.07084814
 0.01933285 0.2041292  0.01929118 0.09919108 0.03914198 0.36752251
 0.17353596 0.03679015 0.06821714 0.18168587 0.18827182 0.01391493
 0.22874422 0.02202854 0.03291436 0.06393502 0.02530596 0.0189589
 0.28426325 0.09404081 0.1179877  0.00305906 0.00875852 0.00319417
 0.10775728 0.10888455 0.03314876 0.12841183 0.06060845 0.14295859
 0.0343835  0.00553808 0.26275034 0.00131799 0.51040859 0.15545339
 0.10237869 0.17027111]","[ 3.27706337e-04 -3.09944153e-05  8.35418701e-04  1.58905983e-04
  1.33514404e-04  3.50952148e-04  1.54733658e-04 -1.72853470e-05
 -8.69035721e-05  3.53097916e-04  8.92877579e-05  3.61561775e-04
  3.30805779e-04 -9.29832458e-05  2.98857689e-04  2.09331512e-04
  3.79800797e-04 -6.91413879e-06 -1.59740448e-05  1.32119656e-03
  1.93953514e-04  7.50064850e-04  4.45842743e-05  1.25491619e-03
  3.33070755e-04 -1.28746033e-05  3.19719315e-04  6.08444214e-04
  2.03728676e-04  3.36408615e-04  3.36050987e-04  2.98261642e-04
  1.08480453e-05  5.06639481e-05  2.88486481e-04  8.33749771e-04
  5.38825989e-05  3.50594521e-04  8.39233398e-05  3.35097313e-04
  1.68085098e-04  8.10623169e-05  9.26256180e-05  9.46521759e-05
  1.41263008e-04  7.24792480e-05 -7.35521317e-05  3.45706940e-05
  2.09927559e-04  7.15255737e-06]","[ 1.63316727e-04 -1.21951103e-04  3.79085541e-04  7.00950623e-05
 -4.68492508e-05  3.21865082e-04  9.38177109e-05 -4.43458557e-05
 -1.77979469e-04 -1.82986259e-04  1.50203705e-05  3.14354897e-04
  4.07218933e-04 -1.31249428e-04  3.31163406e-04  3.56793404e-04
  1.97052956e-04 -1.47342682e-04 -8.41617584e-05  8.98718834e-04
  2.36868858e-04  1.03259087e-03 -1.49011612e-05  1.75535679e-03
  2.14099884e-04 -8.21352005e-05  3.31640244e-04  7.29322433e-04
  3.49283218e-05  4.79936600e-04  3.56435776e-05  3.54409218e-04
 -3.49283218e-05  4.26769257e-05  3.91244888e-04  6.40749931e-04
 -1.54614449e-04 -5.73396683e-05  1.71184540e-04  3.27944756e-04
  3.04222107e-04  1.51395798e-05 -1.15990639e-04  3.11970711e-04
 -2.38418579e-07 -1.36613846e-04 -1.50442123e-04  1.85966492e-05
  1.51515007e-04 -6.99758530e-05]","[0.01581069 0.01111672 0.02341468 0.01406135 0.0146042  0.01703726
 0.01545322 0.01295813 0.01056826 0.01858311 0.01193774 0.02000786
 0.01781149 0.01285428 0.01615686 0.01414412 0.01659675 0.0127547
 0.01163787 0.03105079 0.01690842 0.02559076 0.01134968 0.02909919
 0.01579308 0.01522318 0.01657183 0.02060318 0.01572028 0.02134601
 0.01814711 0.01610945 0.01217333 0.01108543 0.01845508 0.02227202
 0.01207542 0.01841121 0.01168579 0.01737585 0.01745338 0.01197749
 0.01494943 0.01293727 0.01419988 0.01348667 0.01340546 0.01441027
 0.01405694 0.01210279]","[0.01425498 0.00777439 0.01666551 0.01112571 0.00937274 0.01530516
 0.01295613 0.0099519  0.00571871 0.00622895 0.0110546  0.01764548
 0.01817592 0.00862932 0.01680012 0.01820987 0.01400377 0.00688335
 0.007246   0.02328537 0.01553155 0.0252716  0.00954558 0.02932164
 0.01475567 0.00895339 0.01518734 0.02210307 0.01088347 0.02135498
 0.01122459 0.0181504  0.01001789 0.01321512 0.01639093 0.0196808
 0.00861652 0.00989734 0.01475836 0.01568033 0.01767995 0.01080874
 0.00796392 0.01817425 0.01029476 0.01042897 0.00746789 0.01230566
 0.0131307  0.00989287]",0.110946706917867,0.0855677879408565,0.1115563967507031,0.11741126706651145,0.07415654345152513,0.06996664860815786,0.07608011624349462,0.08377441730192298,0.00030092998278892003,0.00030497935297134343,0.0004861258702737364,0.0004396167676259918,0.045523143134117115,0.02838215571284294,0.0030474833092267845,0.005855011654079326,0.00025111913681030273,0.00018748998641967773,0.0003039731775388506,0.0003576907085577979,0.016070719019619758,0.013599525090114221,0.004450817074040839,0.005207454851811052
df3,0.25,1.0,0.0,0.0,1.3,0.25,1.0,"[1.21765095e-02 1.99311438e-02 2.90339156e-02 9.92823487e-03
 2.41482152e-01 2.41040115e-02 8.06268875e-03 3.73964604e-04
 5.39576008e-02 4.13232440e-01 6.52148041e-03 6.52148041e-03
 1.21765095e-02 1.80967606e-02 5.39576008e-02 7.25488863e-03
 1.49691056e-01 1.48741570e-02 3.18171260e-02 7.11507895e-04
 2.74233349e-01 1.39231997e-01 6.38312357e-02 5.87165796e-02
 2.41482152e-01 3.18171260e-02 1.10005675e-02 9.54673207e-02
 8.82599083e-02 1.39231997e-01 8.15145929e-02 1.10005675e-02
 1.64147482e-02 6.93218252e-02 1.49691056e-01 8.15145929e-02
 8.06268875e-03 2.19294824e-02 5.39576008e-02 1.21765095e-02
 9.92823487e-03 4.54286666e-02 4.54286666e-02 4.36093382e-01
 8.82599083e-02 1.49691056e-01 1.29372179e-01 1.49691056e-01
 5.85821277e-01 1.49691056e-01]","[1.10287908e-04 2.68158880e-03 1.49691056e-01 6.38312357e-02
 4.83822766e-01 6.93218252e-02 1.48940867e-03 6.24445815e-05
 4.16212987e-02 5.59675216e-01 6.38312357e-02 6.52148041e-03
 1.20088801e-01 1.72496272e-01 1.21765095e-02 1.39231997e-01
 1.97960446e-01 3.36894521e-03 2.26241661e-01 2.19534247e-04
 1.29372179e-01 4.95346404e-02 1.34646549e-02 2.41040115e-02
 2.74233349e-01 4.70847031e-03 1.80967606e-02 2.41040115e-02
 1.84885683e-01 4.16212987e-02 3.48322136e-02 5.85633896e-03
 1.48741570e-02 1.48741570e-02 3.29168072e-01 1.03159376e-01
 7.52091658e-02 2.87103585e-04 6.52148041e-03 2.12592488e-03
 1.48940867e-03 4.95346404e-02 2.41482152e-01 1.29372179e-01
 9.54673207e-02 5.08599525e-01 4.54286666e-02 5.39576008e-02
 6.65529322e-01 1.72496272e-01]","[1.21765095e-02 1.99311438e-02 2.90339156e-02 9.92823487e-03
 2.41482152e-01 2.41040115e-02 8.06268875e-03 3.73964604e-04
 5.39576008e-02 4.13232440e-01 6.52148041e-03 6.52148041e-03
 1.21765095e-02 1.80967606e-02 5.39576008e-02 7.25488863e-03
 1.49691056e-01 1.48741570e-02 3.18171260e-02 7.11507895e-04
 2.74233349e-01 1.39231997e-01 6.38312357e-02 5.87165796e-02
 2.41482152e-01 3.18171260e-02 1.10005675e-02 9.54673207e-02
 8.82599083e-02 1.39231997e-01 8.15145929e-02 1.10005675e-02
 1.64147482e-02 6.93218252e-02 1.49691056e-01 8.15145929e-02
 8.06268875e-03 2.19294824e-02 5.39576008e-02 1.21765095e-02
 9.92823487e-03 4.54286666e-02 4.54286666e-02 4.36093382e-01
 8.82599083e-02 1.49691056e-01 1.29372179e-01 1.49691056e-01
 5.85821277e-01 1.49691056e-01]","[1.10287908e-04 2.68158880e-03 1.49691056e-01 6.38312357e-02
 4.83822766e-01 6.93218252e-02 1.48940867e-03 6.24445815e-05
 4.16212987e-02 5.59675216e-01 6.38312357e-02 6.52148041e-03
 1.20088801e-01 1.72496272e-01 1.21765095e-02 1.39231997e-01
 1.97960446e-01 3.36894521e-03 2.26241661e-01 2.19534247e-04
 1.29372179e-01 4.95346404e-02 1.34646549e-02 2.41040115e-02
 2.74233349e-01 4.70847031e-03 1.80967606e-02 2.41040115e-02
 1.84885683e-01 4.16212987e-02 3.48322136e-02 5.85633896e-03
 1.48741570e-02 1.48741570e-02 3.29168072e-01 1.03159376e-01
 7.52091658e-02 2.87103585e-04 6.52148041e-03 2.12592488e-03
 1.48940867e-03 4.95346404e-02 2.41482152e-01 1.29372179e-01
 9.54673207e-02 5.08599525e-01 4.54286666e-02 5.39576008e-02
 6.65529322e-01 1.72496272e-01]","[0.00630287 0.01496863 0.0433446  0.04333556 0.1537775  0.00960544
 0.02469612 0.00086127 0.02335776 0.26849776 0.0101277  0.00518236
 0.00889676 0.05666731 0.02961684 0.00693924 0.12154903 0.00931814
 0.01185995 0.00101927 0.30194202 0.0665843  0.03621877 0.070596
 0.16943166 0.01119665 0.00657005 0.10518857 0.06051663 0.14586047
 0.09216356 0.01190905 0.03149601 0.01998661 0.11596527 0.04207636
 0.01644559 0.01506291 0.02225802 0.01336823 0.00624651 0.0344158
 0.03154882 0.19644605 0.07169382 0.12023933 0.17743965 0.06716036
 0.43364941 0.09189937]","[8.21226275e-04 1.10712229e-02 1.44243837e-01 7.34299616e-02
 3.06071563e-01 4.31228800e-02 6.58044509e-03 8.55223068e-05
 3.95191190e-02 3.87222497e-01 5.69413803e-02 1.39851785e-02
 1.35458805e-01 1.29782957e-01 2.23640360e-02 4.60797349e-02
 1.05747491e-01 1.52386869e-03 2.34378452e-01 3.54802204e-05
 4.90589522e-02 7.24303693e-02 1.36858575e-02 7.09442956e-03
 1.50880697e-01 8.77091291e-03 8.55849797e-03 2.45109606e-02
 2.48365259e-01 2.70530070e-02 8.38071716e-02 5.50331508e-03
 1.90156774e-02 1.37693067e-02 2.65935028e-01 9.06715607e-02
 1.03421829e-01 1.54039341e-04 3.08265031e-03 1.57164504e-03
 4.92174707e-03 1.30944227e-01 8.87481090e-02 1.31580169e-01
 6.39057822e-02 2.16272033e-01 9.22455160e-02 7.85096745e-02
 4.64834326e-01 1.54572037e-01]","[1.00000000e-05 1.52227098e-05 5.91440585e-05 1.21300043e-04
 6.65140291e-04 1.59242665e-05 6.10646428e-05 1.00000000e-05
 1.06377768e-04 7.68259411e-04 2.81091436e-05 1.00000000e-05
 1.41011980e-05 1.67387039e-04 9.00061186e-05 1.00000000e-05
 3.49195621e-04 1.00000000e-05 3.48863675e-05 1.00000000e-05
 1.67141478e-03 1.95232968e-04 1.52467432e-05 2.12869624e-04
 6.29283791e-04 7.78068692e-05 1.00000000e-05 2.18362633e-04
 2.15469587e-04 6.64529604e-04 2.58979522e-04 2.04304961e-05
 6.86647062e-05 2.62119630e-05 2.60319627e-04 9.90674838e-05
 5.64580697e-05 9.45266912e-05 8.14989410e-05 1.06613907e-05
 1.00000000e-05 1.48880834e-04 6.65193192e-05 7.70436490e-04
 1.50400206e-04 5.44089016e-04 5.76661147e-04 2.81061621e-04
 1.75949819e-03 1.81379600e-04]","[1.00000000e-05 1.10548701e-05 4.48435103e-04 2.46234152e-04
 1.71515849e-03 1.33335603e-04 1.64114662e-05 1.00000000e-05
 2.02252325e-04 1.63102800e-03 1.78271713e-04 1.72759008e-05
 4.06216051e-04 4.45517160e-04 7.32007329e-05 8.94433522e-05
 3.71986126e-04 1.00000000e-05 7.70108327e-04 1.00000000e-05
 2.94717545e-04 1.70194078e-04 1.00000000e-05 2.49119672e-05
 7.95253870e-04 3.80871068e-05 1.00000000e-05 6.18334122e-05
 4.53502187e-04 8.64315235e-05 3.49427346e-04 1.86112668e-05
 4.32957210e-05 2.36639492e-05 8.21823609e-04 2.21526284e-04
 5.56869702e-04 1.00000000e-05 1.19379850e-05 1.00000000e-05
 1.00000000e-05 3.65311041e-04 1.98900229e-04 4.78027716e-04
 1.58138217e-04 1.41041409e-03 1.72047282e-04 3.71901787e-04
 2.26562670e-03 4.45725128e-04]","[0.04972672 0.04878296 0.04823078 0.04738019 0.04520894 0.04765933
 0.04673753 0.04834974 0.04349706 0.04906658 0.04472607 0.04632394
 0.04768528 0.04868249 0.04939013 0.04797187 0.04255884 0.05511208
 0.04450266 0.04697965 0.0458518  0.04679917 0.04934119 0.04460468
 0.04431757 0.04381434 0.04917275 0.04884998 0.04655896 0.04587753
 0.04326246 0.04659545 0.0503674  0.04925174 0.05280301 0.04869072
 0.04456237 0.04183495 0.04663286 0.04875595 0.04590906 0.04473257
 0.05076147 0.0487113  0.0496333  0.04416    0.05094108 0.04199357
 0.04435704 0.0461342 ]","[0.02810704 0.03096921 0.03249928 0.03486868 0.02533043 0.02457143
 0.03307721 0.04160724 0.02426325 0.02841037 0.02607522 0.02915163
 0.03048716 0.0190476  0.0287443  0.02718685 0.02266856 0.03001329
 0.03481866 0.03150813 0.03421962 0.02398711 0.03310521 0.04272883
 0.02195571 0.04285338 0.03372912 0.0292578  0.02782172 0.03061292
 0.0200753  0.0350599  0.03171008 0.03088886 0.02471454 0.02717641
 0.02783783 0.04086757 0.04148741 0.03259621 0.02527034 0.02345349
 0.03196649 0.02622451 0.0228884  0.02124411 0.03076593 0.02055512
 0.02364314 0.03360336]","[9.75295170e-05 1.41602147e-04 1.75540294e-04 2.43236952e-04
 5.44736088e-04 2.18685589e-04 3.10014547e-04 1.67635350e-04
 1.00156898e-03 1.26686873e-04 6.48373526e-04 3.61761140e-04
 2.16526554e-04 1.47274493e-04 1.11492569e-04 1.93982150e-04
 1.38456058e-03 1.01315744e-05 7.02339802e-04 2.83047751e-04
 4.30747703e-04 3.02928340e-04 1.13674354e-04 6.77192418e-04
 7.50207394e-04 8.96250288e-04 1.21496854e-04 1.37934514e-04
 3.31436299e-04 4.26689714e-04 1.08675895e-03 3.26948672e-04
 7.54112062e-05 1.17766779e-04 2.75256074e-05 1.46801565e-04
 6.87518842e-04 1.76897545e-03 3.22407086e-04 1.43106479e-04
 4.21765656e-04 6.46863408e-04 6.42717357e-05 1.45626156e-04
 1.01228676e-04 7.93347807e-04 5.97314795e-05 1.67710846e-03
 7.39750623e-04 3.88129462e-04]","[0.0832513  0.04224488 0.02861385 0.01508311 0.1509547  0.17569801
 0.02457817 0.00190905 0.1866147  0.07771771 0.12947242 0.06548977
 0.04757636 0.45694775 0.07198888 0.10210331 0.25172192 0.05337587
 0.01529548 0.03690703 0.01805557 0.1968399  0.02439613 0.00130635
 0.28575045 0.00125168 0.02063833 0.0638805  0.08875527 0.04613211
 0.39066122 0.01429542 0.03506423 0.04309567 0.17080241 0.10233618
 0.08843654 0.00243823 0.00198683 0.0278987  0.15280597 0.21782257
 0.03284116 0.12548136 0.24185569 0.32286907 0.04442621 0.36181731
 0.21017803 0.02135145]","[ 4.88638878e-04  3.76820564e-04  9.97781754e-05  5.83052635e-04
  2.34603882e-04  4.61459160e-04  1.40666962e-04  2.69412994e-04
  2.27808952e-04  4.28438187e-04  9.41753387e-06  1.20401382e-04
  6.09159470e-05  3.67164612e-05  6.42657280e-04  4.87804413e-04
 -2.72989273e-05  7.03930855e-04  5.16533852e-04  1.78098679e-04
  1.63316727e-04  7.53998756e-04  2.29001045e-04  7.56382942e-04
  5.45978546e-05  4.63366508e-04  6.07728958e-04  8.16583633e-05
  3.11970711e-04  1.85251236e-04  3.79085541e-05  7.63773918e-04
  2.24351883e-04  3.39984894e-04  3.96251678e-04 -2.59876251e-05
  3.41057777e-04 -1.08957291e-04  2.37584114e-04  1.96456909e-04
 -4.22000885e-05  3.56078148e-04  4.42862511e-04  5.05447388e-05
  1.45196915e-04  1.77025795e-04  3.04937363e-04  3.51667404e-04
  1.32799149e-04  1.20580196e-03]","[ 2.66909599e-04  2.65002251e-04 -2.32458115e-05  4.92334366e-04
  1.46627426e-04  2.81095505e-04  1.17063522e-04  3.10182571e-04
 -1.71661377e-05  7.16447830e-05 -1.07765198e-04  8.34465027e-06
 -8.30888748e-05 -7.67707825e-05  7.28845596e-04  3.81708145e-04
 -7.67707825e-05  4.85539436e-04  1.27553940e-05  1.62959099e-04
  3.81708145e-04  7.98463821e-04  9.53674316e-07  1.44767761e-03
 -3.23057175e-05  4.22000885e-04  5.59329987e-04  1.51276588e-04
  4.95910645e-04  5.50985336e-04 -8.34465027e-06  6.97255135e-04
  3.12328339e-05  2.40206718e-04  4.18424606e-05 -3.81469727e-06
  2.61068344e-05  1.54972076e-05  3.70025635e-04  1.44720078e-04
 -1.45912170e-04  3.06248665e-04  3.24845314e-04 -6.19888306e-05
  4.74452972e-05 -4.41074371e-06  7.82012939e-05  1.67131424e-04
  1.38521194e-04  1.29699707e-03]","[0.01865249 0.01609713 0.01497777 0.01993448 0.01533966 0.0191512
 0.01556088 0.01608952 0.01538847 0.02244743 0.01246195 0.01250226
 0.01196821 0.01624839 0.02118991 0.01821154 0.01388198 0.02084454
 0.02288005 0.01511477 0.01735669 0.02405655 0.0182281  0.02445496
 0.0118145  0.02077233 0.02055435 0.01501732 0.0151189  0.01585927
 0.01500834 0.02141662 0.01497599 0.01605982 0.01797757 0.01236277
 0.01934181 0.00973651 0.01572894 0.01388576 0.01066649 0.0165456
 0.01843587 0.01276141 0.01290422 0.01507285 0.01558362 0.01884008
 0.01513793 0.02763728]","[0.0147194  0.01466803 0.01088509 0.01858553 0.01316004 0.01528888
 0.01364231 0.01476707 0.01031413 0.01409039 0.00792464 0.0096438
 0.00853581 0.00951146 0.02354903 0.01624432 0.0107397  0.02032187
 0.01192467 0.01489453 0.017601   0.0249137  0.0113124  0.02997219
 0.01034051 0.0174423  0.01968747 0.0149348  0.02025805 0.02104968
 0.01130947 0.02276237 0.01126429 0.01435217 0.01126124 0.01115325
 0.01231953 0.0105432  0.01646631 0.01297853 0.0064423  0.01540858
 0.01528792 0.01035027 0.01172699 0.01085941 0.01199741 0.01388492
 0.01386972 0.02633576]",0.09104333209797794,0.1125766828482985,0.12109421973583373,0.15559169555801744,0.06870999949322315,0.08764680889213762,0.08694300392659525,0.10455104306336259,0.00023864161198790444,0.000333682182373229,0.00037371356359427435,0.00048527775810992563,0.04707702520370484,0.029514119370579715,0.002750051061310717,0.005946584496904988,0.00030348539352416994,0.0002364802360534668,0.00026074244604907415,0.000331504851907965,0.016845101873763604,0.01462992882394069,0.003776439735968378,0.004953935709031924
df3,0.275,1.0,0.0,0.0,1.3,0.275,1.0,"[7.25488863e-03 1.10005675e-02 1.48940867e-03 4.95346404e-02
 8.15145929e-02 4.59637254e-01 5.85633896e-03 2.68158880e-03
 2.90339156e-02 3.80948244e-02 2.41040115e-02 1.03159376e-01
 1.11358879e-01 1.49691056e-01 1.48741570e-02 2.11739817e-01
 5.85633896e-03 9.54673207e-02 3.00718998e-03 8.95145539e-03
 4.16212987e-02 1.60771824e-01 3.00718998e-03 6.93218252e-02
 3.00718998e-03 4.21554189e-03 6.52148041e-03 1.03159376e-01
 2.90339156e-02 1.49691056e-01 5.25376643e-03 5.39576008e-02
 5.25376643e-03 4.95346404e-02 2.12592488e-03 4.16212987e-02
 2.38884447e-03 1.99311438e-02 2.41040115e-02 4.16212987e-02
 1.49691056e-01 1.84885683e-01 2.11739817e-01 9.58129418e-05
 5.87165796e-02 5.39576008e-02 1.89004559e-03 2.11739817e-01
 8.95145539e-03 1.64147482e-02]","[9.92823487e-03 5.39576008e-02 2.19294824e-02 3.77043497e-03
 1.20088801e-01 1.60771824e-01 1.10005675e-02 1.64147482e-02
 1.67865304e-03 7.25488863e-03 2.41040115e-02 6.38312357e-02
 2.19294824e-02 6.38312357e-02 3.77043497e-03 7.52091658e-02
 1.10005675e-02 2.38884447e-03 3.29168072e-01 1.99311438e-02
 7.25488863e-03 4.95346404e-02 1.67194217e-04 3.80948244e-02
 1.49691056e-01 1.10287908e-04 1.89004559e-03 1.11358879e-01
 3.77043497e-03 1.11358879e-01 8.06755085e-04 4.21554189e-03
 2.51182002e-04 8.15145929e-02 9.13835051e-04 4.16212987e-02
 4.54286666e-02 9.13835051e-04 5.39576008e-02 8.95145539e-03
 6.38312357e-02 1.20088801e-01 1.72496272e-01 1.20088801e-01
 3.48322136e-02 9.54673207e-02 4.54286666e-02 9.54673207e-02
 4.54286666e-02 1.21765095e-02]","[7.25488863e-03 1.10005675e-02 1.48940867e-03 4.95346404e-02
 8.15145929e-02 4.59637254e-01 5.85633896e-03 2.68158880e-03
 2.90339156e-02 3.80948244e-02 2.41040115e-02 1.03159376e-01
 1.11358879e-01 1.49691056e-01 1.48741570e-02 2.11739817e-01
 5.85633896e-03 9.54673207e-02 3.00718998e-03 8.95145539e-03
 4.16212987e-02 1.60771824e-01 3.00718998e-03 6.93218252e-02
 3.00718998e-03 4.21554189e-03 6.52148041e-03 1.03159376e-01
 2.90339156e-02 1.49691056e-01 5.25376643e-03 5.39576008e-02
 5.25376643e-03 4.95346404e-02 2.12592488e-03 4.16212987e-02
 2.38884447e-03 1.99311438e-02 2.41040115e-02 4.16212987e-02
 1.49691056e-01 1.84885683e-01 2.11739817e-01 9.58129418e-05
 5.87165796e-02 5.39576008e-02 1.89004559e-03 2.11739817e-01
 8.95145539e-03 1.64147482e-02]","[9.92823487e-03 5.39576008e-02 2.19294824e-02 3.77043497e-03
 1.20088801e-01 1.60771824e-01 1.10005675e-02 1.64147482e-02
 1.67865304e-03 7.25488863e-03 2.41040115e-02 6.38312357e-02
 2.19294824e-02 6.38312357e-02 3.77043497e-03 7.52091658e-02
 1.10005675e-02 2.38884447e-03 3.29168072e-01 1.99311438e-02
 7.25488863e-03 4.95346404e-02 1.67194217e-04 3.80948244e-02
 1.49691056e-01 1.10287908e-04 1.89004559e-03 1.11358879e-01
 3.77043497e-03 1.11358879e-01 8.06755085e-04 4.21554189e-03
 2.51182002e-04 8.15145929e-02 9.13835051e-04 4.16212987e-02
 4.54286666e-02 9.13835051e-04 5.39576008e-02 8.95145539e-03
 6.38312357e-02 1.20088801e-01 1.72496272e-01 1.20088801e-01
 3.48322136e-02 9.54673207e-02 4.54286666e-02 9.54673207e-02
 4.54286666e-02 1.21765095e-02]","[0.00339056 0.00522993 0.00156247 0.01437824 0.04841218 0.39454495
 0.00411528 0.00266912 0.00732741 0.00797451 0.03766829 0.12216822
 0.07704252 0.07028399 0.00381327 0.21867955 0.00970442 0.02883329
 0.01105573 0.01647938 0.01059666 0.05424429 0.00361746 0.06478141
 0.02323782 0.00081391 0.00511299 0.05978678 0.03686761 0.06761994
 0.0036764  0.06456692 0.01247021 0.03405488 0.0099743  0.04035739
 0.00233093 0.00264284 0.02435872 0.01051955 0.11406736 0.12595584
 0.14289658 0.00192094 0.01792025 0.04654024 0.00188178 0.1884616
 0.03030302 0.007214  ]","[1.19417096e-02 2.02782664e-02 5.73330321e-02 1.14835017e-02
 7.37677789e-02 2.05709906e-01 2.42793265e-02 2.79949968e-02
 3.26343578e-03 9.23599436e-03 5.55185671e-02 3.36973482e-02
 4.15356634e-02 4.96994526e-02 1.43306420e-02 6.16917607e-02
 1.05689339e-02 4.61389074e-03 2.40473800e-01 3.43391025e-02
 9.06511253e-03 1.85821627e-02 2.40521361e-05 2.02120111e-02
 1.34734189e-01 3.55877118e-04 1.38513264e-03 9.45285562e-02
 1.23057927e-03 1.25654281e-01 2.70953077e-03 3.85980381e-03
 3.75940427e-03 7.03404213e-02 2.09021662e-03 1.10047865e-02
 1.45077206e-02 4.69594579e-03 2.57457195e-02 1.79228636e-03
 5.01038183e-02 4.74205284e-02 8.83785492e-02 5.94240507e-02
 3.91991766e-02 1.16842052e-01 4.35128314e-02 4.83683208e-02
 2.40386336e-02 7.42300920e-03]","[1.00000000e-05 1.00000000e-05 1.00000000e-05 2.47131460e-05
 7.86753600e-05 2.07515910e-03 1.28866852e-05 1.00000000e-05
 1.00000000e-05 2.62062747e-05 8.65622624e-05 5.70412277e-04
 1.88572701e-04 2.24992911e-04 1.00000000e-05 9.88864045e-04
 1.87893542e-05 5.34843833e-05 4.93669772e-05 4.66823833e-05
 1.83061158e-05 4.07528300e-05 1.00000000e-05 1.36640139e-04
 4.35324388e-05 1.00000000e-05 1.00000000e-05 1.31174553e-04
 4.64180784e-05 2.13258716e-04 1.00000000e-05 1.65738029e-04
 1.41488161e-05 5.79103870e-05 1.21047887e-05 2.32032136e-04
 1.00000000e-05 1.00000000e-05 2.80971019e-05 1.00000000e-05
 2.14907581e-04 2.55448401e-04 2.39294376e-04 1.00000000e-05
 2.54226920e-05 2.70396958e-04 1.00000000e-05 2.58693027e-04
 3.95589552e-05 1.00000000e-05]","[1.05812856e-05 3.24316151e-05 1.03949545e-04 1.80845124e-05
 1.63222619e-04 1.27691641e-03 4.28653947e-05 3.76911454e-05
 1.00000000e-05 3.01944584e-05 1.34194970e-04 1.94631745e-04
 8.71052926e-05 2.35852893e-04 2.18696149e-05 3.96181386e-04
 2.37717726e-05 1.00000000e-05 1.18228230e-03 1.37506659e-04
 1.96172649e-05 3.08093933e-05 1.00000000e-05 5.91268373e-05
 5.03375378e-04 1.00000000e-05 1.00000000e-05 2.69340776e-04
 1.00000000e-05 3.18731964e-04 1.00000000e-05 1.24040775e-05
 1.00000000e-05 2.01154819e-04 1.00000000e-05 6.89944771e-05
 2.77536096e-05 1.00000000e-05 3.23949095e-05 1.00000000e-05
 1.04472138e-04 1.35203869e-04 2.47101707e-04 2.77609081e-04
 8.70404826e-05 9.13979735e-04 6.48384785e-05 1.54438764e-04
 4.43593912e-05 1.00000000e-05]","[0.05520682 0.04840327 0.05469778 0.0535921  0.04893656 0.04342406
 0.05102224 0.04643293 0.05189269 0.04973918 0.04383447 0.04796511
 0.05135346 0.04551066 0.04874272 0.04262115 0.05221962 0.04847829
 0.05029366 0.04656072 0.04488594 0.05317459 0.04821652 0.04828501
 0.04419872 0.04706626 0.05674532 0.04569911 0.04818646 0.04340826
 0.05212408 0.04794482 0.05256616 0.04324744 0.05045157 0.04340675
 0.04942933 0.0465555  0.04668494 0.04798654 0.04669788 0.04615699
 0.04952723 0.04677294 0.05064678 0.04339744 0.04812428 0.04933184
 0.04803919 0.05245553]","[0.03239133 0.0279515  0.03992645 0.04319267 0.03001244 0.03361975
 0.02572647 0.0300907  0.03365392 0.03770513 0.02529855 0.03137505
 0.03763468 0.0274093  0.02929664 0.02820305 0.03497876 0.03471172
 0.02309672 0.02713896 0.02571473 0.02989274 0.03396341 0.03029546
 0.02752546 0.03531623 0.03806048 0.03382878 0.03106413 0.03191853
 0.03689739 0.02068018 0.03060011 0.02104239 0.04221438 0.04070148
 0.03137507 0.03401585 0.03014061 0.02934959 0.02735793 0.02266451
 0.02790548 0.02321131 0.0232117  0.02808412 0.02355786 0.03011015
 0.02775096 0.03443597]","[9.71560628e-06 1.64188890e-04 1.21597906e-05 1.96559922e-05
 1.33329843e-04 1.02738608e-03 5.77814247e-05 3.47386518e-04
 4.03411777e-05 9.70458554e-05 8.89931198e-04 1.94487105e-04
 5.04340955e-05 4.88101921e-04 1.43848595e-04 1.35539728e-03
 3.51932635e-05 1.59472080e-04 7.76898043e-05 3.31217928e-04
 6.12169903e-04 2.35040526e-05 1.76510987e-04 1.71893762e-04
 7.82536095e-04 2.73950882e-04 4.86890367e-06 4.55587793e-04
 1.78574369e-04 1.03305333e-03 3.66289113e-05 1.96010628e-04
 3.04234277e-05 1.09243536e-03 7.28877131e-05 1.03359837e-03
 1.09773792e-04 3.31864467e-04 3.16183803e-04 1.92889412e-04
 3.14655291e-04 3.84869162e-04 1.05590059e-04 3.05924941e-04
 6.73407602e-05 1.03695119e-03 1.82915666e-04 1.14095529e-04
 1.89018091e-04 3.18747024e-05]","[0.02942936 0.08621494 0.00330764 0.00111338 0.05338678 0.02125726
 0.1392002  0.05238882 0.02106211 0.00660536 0.15193477 0.03816708
 0.0067475  0.09724812 0.06330032 0.081465   0.01462503 0.01575858
 0.23277483 0.10317451 0.13953761 0.05494498 0.01936621 0.04985332
 0.09479025 0.01329752 0.00592924 0.02008837 0.04125856 0.03324725
 0.00841134 0.35452963 0.04627744 0.33396688 0.00155659 0.00257438
 0.03816693 0.01909123 0.05176068 0.06251649 0.09835188 0.25190623
 0.08710862 0.22789035 0.22787416 0.08368258 0.21358984 0.05214323
 0.09016665 0.01701116]","[ 2.49385834e-04  1.02519989e-04  3.60131264e-04  7.95960426e-04
  2.21371651e-04 -3.81469727e-05  1.09791756e-04  4.12464142e-04
  6.98447227e-04  4.99248505e-04  8.12053680e-04  4.83751297e-04
  4.61578369e-04  6.20484352e-04  3.97205353e-04  2.07662582e-04
  3.22461128e-04  1.36852264e-04  1.00445747e-03  4.94599342e-04
  7.78675079e-04  9.99689102e-04  3.41534615e-04  7.24792480e-05
  4.52637672e-04  5.70416451e-04  1.26183033e-03  6.12854958e-04
  2.34603882e-04  7.69257545e-04  8.54969025e-04  4.92334366e-05
  3.41534615e-04 -8.82148743e-06  6.57677650e-04  3.56793404e-04
  3.79085541e-04  3.95894051e-04  3.39031219e-04  3.17215919e-04
  2.76207924e-04  1.66177750e-04  5.44786453e-05  1.39474869e-04
  2.50935555e-04  9.82284546e-05  7.73191452e-04  1.71780586e-04
  3.63588333e-05  1.90615654e-04]","[-1.11341476e-04  4.64916229e-06  2.89916992e-04  5.02824783e-04
  2.56299973e-05  1.77979469e-04  1.51872635e-04  1.31249428e-04
  5.53011894e-04  4.77313995e-04  4.01377678e-04  3.75270844e-04
  1.80482864e-04  6.99758530e-04  2.46644020e-04  4.58240509e-04
  1.58071518e-04  8.16583633e-05  6.32405281e-04  1.63316727e-04
  3.13997269e-04  6.68287277e-04  6.38723373e-04  9.41753387e-05
  1.51515007e-04  4.76717949e-04  1.03676319e-03  2.43544579e-04
  4.89592552e-04  6.79850578e-04  7.93337822e-04 -2.09808350e-05
  1.09791756e-04 -9.72747803e-05  5.16295433e-04  7.63773918e-04
  9.22679901e-05  4.34994698e-04  8.17775726e-05  4.50491905e-04
  2.09331512e-04  3.38315964e-04 -1.06930733e-04  3.94582748e-05
 -4.41074371e-05 -1.09195709e-04  3.94582748e-05  1.21593475e-04
  1.94668770e-04  2.25067139e-04]","[0.01645138 0.01357525 0.01640673 0.02234309 0.01430946 0.01314253
 0.01267237 0.01809163 0.0211623  0.02065877 0.02482836 0.01780092
 0.01799086 0.02108296 0.01681658 0.01459821 0.01606897 0.01640295
 0.02461339 0.01915248 0.02167194 0.02453015 0.01818732 0.01394209
 0.01759134 0.01900363 0.02543518 0.01976467 0.0172024  0.02656539
 0.02372795 0.01287344 0.01619006 0.01321264 0.02091817 0.02087177
 0.01632574 0.01640972 0.02063006 0.01638559 0.01541801 0.01621163
 0.01663592 0.01443453 0.01724593 0.01315828 0.02540493 0.0159033
 0.01175287 0.01502223]","[0.00760192 0.01234739 0.01576142 0.01738386 0.01140633 0.01478367
 0.01280887 0.01324055 0.01914516 0.02068381 0.01771159 0.01796409
 0.01304623 0.02209806 0.01527731 0.01826092 0.01347389 0.01194049
 0.01956904 0.01383884 0.01508108 0.01996855 0.0206476  0.01373963
 0.01288431 0.01829602 0.0237487  0.01499229 0.02089357 0.02451264
 0.02123335 0.01173251 0.01237543 0.00929848 0.01774677 0.0228983
 0.01236335 0.01775311 0.01299269 0.01835458 0.01375508 0.01789234
 0.00766136 0.01228612 0.01037703 0.00943851 0.01217031 0.01143806
 0.0152621  0.01597694]",0.06257066462381532,0.05078142259190584,0.0853139141939815,0.06228066586339338,0.04588251854357751,0.04125491738303051,0.07043165905420515,0.0506180443485795,0.00014098407961216138,0.00015644161539236915,0.0003260959110158503,0.00027347938276483825,0.04844681832611561,0.030726016217470162,0.0034001001408162598,0.0054083319141860365,0.00040572643280029297,0.0002885127067565918,0.0002964420630342212,0.00027082048420381004,0.01801592140288332,0.015522284678043872,0.00384709133678977,0.004162039592292976
df3,0.30000000000000004,1.0,0.0,0.0,1.3,0.30000000000000004,1.0,"[5.39576008e-02 1.64147482e-02 1.80967606e-02 1.99311438e-02
 3.18171260e-02 1.67865304e-03 1.20088801e-01 5.87165796e-02
 2.19294824e-02 2.74233349e-01 6.38312357e-02 1.20088801e-01
 4.70847031e-03 5.39576008e-02 9.54673207e-02 2.41040115e-02
 2.90339156e-02 9.92823487e-03 3.48322136e-02 1.34646549e-02
 6.93218252e-02 2.12592488e-03 2.19294824e-02 2.51182002e-04
 1.03159376e-01 2.38884447e-03 8.15145929e-02 3.47919250e-05
 2.57475452e-01 2.99835482e-05 7.25488863e-03 9.54673207e-02
 1.49691056e-01 8.95145539e-03 5.85633896e-03 2.64676308e-02
 3.47919250e-05 1.60771824e-01 2.64676308e-02 2.41040115e-02
 2.12592488e-03 1.49691056e-01 2.26241661e-01 1.99311438e-02
 1.29372179e-01 7.20954134e-05 6.52148041e-03 7.25488863e-03
 4.70847031e-03 3.73964604e-04]","[1.32017364e-03 9.54673207e-02 2.12592488e-03 4.95346404e-02
 1.48741570e-02 3.80948244e-02 1.21765095e-02 3.36894521e-03
 1.10005675e-02 2.91764847e-01 3.49039701e-01 4.95346404e-02
 1.67865304e-03 2.74233349e-01 1.11358879e-01 8.95145539e-03
 4.95346404e-02 1.10287908e-04 5.85633896e-03 5.87165796e-02
 5.87165796e-02 4.67045972e-05 2.91764847e-01 4.03308445e-05
 4.95346404e-02 5.51757155e-04 2.57475452e-01 1.34646549e-02
 3.91087390e-01 7.51402754e-06 1.16899447e-03 1.34646549e-02
 1.39231997e-01 1.48741570e-02 2.38884447e-03 1.10005675e-02
 3.95729931e-06 2.57475452e-01 7.25488863e-03 2.19294824e-02
 9.58129418e-05 6.93218252e-02 3.80948244e-02 6.52148041e-03
 8.15145929e-02 1.90755446e-05 9.13835051e-04 4.85152370e-04
 8.06755085e-04 1.90755446e-05]","[5.39576008e-02 1.64147482e-02 1.80967606e-02 1.99311438e-02
 3.18171260e-02 1.67865304e-03 1.20088801e-01 5.87165796e-02
 2.19294824e-02 2.74233349e-01 6.38312357e-02 1.20088801e-01
 4.70847031e-03 5.39576008e-02 9.54673207e-02 2.41040115e-02
 2.90339156e-02 9.92823487e-03 3.48322136e-02 1.34646549e-02
 6.93218252e-02 2.12592488e-03 2.19294824e-02 2.51182002e-04
 1.03159376e-01 2.38884447e-03 8.15145929e-02 3.47919250e-05
 2.57475452e-01 2.99835482e-05 7.25488863e-03 9.54673207e-02
 1.49691056e-01 8.95145539e-03 5.85633896e-03 2.64676308e-02
 3.47919250e-05 1.60771824e-01 2.64676308e-02 2.41040115e-02
 2.12592488e-03 1.49691056e-01 2.26241661e-01 1.99311438e-02
 1.29372179e-01 7.20954134e-05 6.52148041e-03 7.25488863e-03
 4.70847031e-03 3.73964604e-04]","[1.32017364e-03 9.54673207e-02 2.12592488e-03 4.95346404e-02
 1.48741570e-02 3.80948244e-02 1.21765095e-02 3.36894521e-03
 1.10005675e-02 2.91764847e-01 3.49039701e-01 4.95346404e-02
 1.67865304e-03 2.74233349e-01 1.11358879e-01 8.95145539e-03
 4.95346404e-02 1.10287908e-04 5.85633896e-03 5.87165796e-02
 5.87165796e-02 4.67045972e-05 2.91764847e-01 4.03308445e-05
 4.95346404e-02 5.51757155e-04 2.57475452e-01 1.34646549e-02
 3.91087390e-01 7.51402754e-06 1.16899447e-03 1.34646549e-02
 1.39231997e-01 1.48741570e-02 2.38884447e-03 1.10005675e-02
 3.95729931e-06 2.57475452e-01 7.25488863e-03 2.19294824e-02
 9.58129418e-05 6.93218252e-02 3.80948244e-02 6.52148041e-03
 8.15145929e-02 1.90755446e-05 9.13835051e-04 4.85152370e-04
 8.06755085e-04 1.90755446e-05]","[2.52771477e-02 7.89345615e-03 1.48230990e-02 1.76690096e-02
 7.83231772e-03 1.42071607e-03 2.42449137e-02 1.35408442e-02
 7.11099741e-03 1.98810380e-01 7.72424579e-02 4.26532939e-02
 5.66888292e-03 6.57952091e-02 1.12737667e-01 1.04018605e-02
 1.74367655e-02 8.41513915e-03 2.46126307e-02 1.00216444e-02
 4.41226861e-02 3.30632438e-03 3.83835189e-02 4.82961561e-04
 2.60796496e-02 9.03755131e-03 5.28775839e-02 1.64870334e-05
 2.17427204e-01 5.44336454e-05 5.93952319e-03 3.54071376e-02
 1.42353098e-01 1.71504092e-02 1.22617034e-03 9.70731326e-02
 6.12114116e-05 7.63974810e-02 1.02560532e-02 4.40816927e-03
 1.37408783e-03 1.06442383e-01 6.97547816e-02 6.69533471e-03
 9.28135040e-02 1.08696723e-03 1.92304382e-03 3.07509850e-02
 1.28553916e-03 5.23818935e-04]","[2.06796431e-03 6.19723936e-02 1.22134264e-03 7.69868577e-02
 7.71927208e-03 1.57102814e-02 7.64974520e-03 3.89065737e-03
 4.87125953e-03 2.26160888e-01 2.73822339e-01 2.46146002e-02
 2.49538483e-03 1.41057222e-01 7.70431334e-02 4.43164510e-03
 6.46400304e-02 3.14251057e-05 2.92643158e-03 5.45582288e-02
 7.44526709e-02 2.38689831e-04 1.86971108e-01 8.03437003e-05
 2.58095977e-02 2.54208414e-03 3.00042844e-01 5.95819455e-03
 3.11732540e-01 9.82511745e-06 3.77885979e-04 1.67762863e-02
 6.49965692e-02 4.48017266e-02 1.55723175e-03 3.07266168e-02
 8.62182755e-06 2.08467735e-01 4.42942597e-03 1.87363090e-02
 6.05226673e-04 7.31409769e-02 6.50839664e-02 1.37220000e-02
 5.52100014e-02 2.06182381e-04 2.17756362e-04 1.22029378e-03
 1.22753113e-03 5.38923032e-05]","[1.82451610e-05 1.23618117e-05 1.00000000e-05 1.40819084e-05
 1.00000000e-05 1.00000000e-05 3.72898657e-05 2.24135652e-05
 1.00000000e-05 3.83090631e-04 1.79870147e-04 4.35271380e-05
 1.00000000e-05 6.64077735e-05 2.99696702e-04 1.00000000e-05
 1.57702963e-05 3.45262996e-05 2.97327459e-05 1.00000000e-05
 7.49654388e-05 1.00000000e-05 9.71155438e-05 1.00000000e-05
 4.00297164e-05 2.56205553e-05 1.52748193e-04 1.00000000e-05
 6.04910139e-04 1.00000000e-05 1.00000000e-05 3.08504964e-05
 4.35976945e-04 3.28927704e-05 1.00000000e-05 8.66501514e-05
 1.00000000e-05 2.26382929e-04 1.22619007e-05 1.00000000e-05
 1.00000000e-05 1.74951454e-04 1.65743740e-04 1.00000000e-05
 1.70621987e-04 1.00000000e-05 1.00000000e-05 5.28172178e-05
 1.00000000e-05 1.00000000e-05]","[1.00000000e-05 1.07502737e-04 1.00000000e-05 1.14906215e-04
 1.00000000e-05 1.20776172e-05 1.55348425e-05 1.19265718e-05
 1.00000000e-05 5.56571780e-04 7.19245832e-04 3.30958707e-05
 1.00000000e-05 2.34628625e-04 2.97882707e-04 1.00000000e-05
 7.33103967e-05 1.00000000e-05 1.00000000e-05 5.10678725e-05
 1.20606265e-04 1.00000000e-05 8.03845852e-04 1.00000000e-05
 8.45655252e-05 1.00000000e-05 1.45679561e-03 1.00000000e-05
 8.90993800e-04 1.00000000e-05 1.00000000e-05 2.14918278e-05
 3.58094601e-04 1.08907120e-04 1.00000000e-05 3.22295883e-05
 1.00000000e-05 6.50408844e-04 1.00000000e-05 1.19394279e-05
 1.00000000e-05 1.34286737e-04 1.22532499e-04 2.43167017e-05
 1.46058632e-04 1.00000000e-05 1.00000000e-05 1.00000000e-05
 1.00000000e-05 1.00000000e-05]","[0.05255944 0.0488929  0.05516096 0.05579747 0.05315315 0.05437195
 0.04918566 0.04808591 0.05214037 0.04961847 0.05336882 0.04878121
 0.05222259 0.0508763  0.04730914 0.05010873 0.05037677 0.0459007
 0.04978254 0.04885103 0.05066272 0.04775719 0.05055068 0.05367159
 0.0491884  0.04559303 0.04645902 0.04853122 0.05365089 0.06085692
 0.05026047 0.0510851  0.04651004 0.04820067 0.05395296 0.05431686
 0.05851855 0.04571288 0.04522865 0.04816514 0.04844985 0.05080624
 0.04687882 0.05100213 0.04977185 0.04687745 0.0552315  0.05189567
 0.04865307 0.05465285]","[0.03126019 0.03619046 0.04722601 0.0368895  0.03132653 0.03960362
 0.02695303 0.03451018 0.03555687 0.03978916 0.02740551 0.02691024
 0.03473847 0.03896459 0.02404505 0.03581807 0.02758628 0.03129187
 0.04606933 0.02506453 0.03325429 0.035751   0.02698117 0.0284791
 0.03404021 0.04898718 0.02182134 0.04460188 0.02912516 0.05226104
 0.02753703 0.02555884 0.033491   0.0300985  0.03905584 0.02954637
 0.04229686 0.02475318 0.03652273 0.0397468  0.04349361 0.02337533
 0.02489165 0.04164827 0.02978953 0.04017716 0.0397629  0.05019829
 0.03304256 0.04356045]","[3.05098040e-05 1.35633116e-04 9.91485242e-06 7.46892046e-06
 2.37199034e-05 1.40226850e-05 1.20879746e-04 1.85644061e-04
 3.63803481e-05 1.01827937e-04 2.16319562e-05 1.41699356e-04
 3.51496150e-05 6.13324999e-05 2.49889067e-04 8.36960600e-05
 7.51261714e-05 4.23065567e-04 9.53808756e-05 1.37877981e-04
 6.69060761e-05 2.10647665e-04 7.00192727e-05 1.89951204e-05
 1.20749022e-04 4.73630379e-04 3.44025765e-04 1.56221505e-04
 1.91651060e-05 6.99924476e-07 7.87367034e-05 5.63128908e-05
 3.37543321e-04 1.77596164e-04 1.68225957e-05 1.43635132e-05
 2.14470713e-06 4.53293216e-04 5.40855198e-04 1.80052148e-04
 1.61244603e-04 6.31102939e-05 2.93996761e-04 5.82588429e-05
 9.57886503e-05 2.94148720e-04 9.60995346e-06 4.02912498e-05
 1.48975255e-04 1.24017897e-05]","[3.92847762e-02 1.03483414e-02 2.57890572e-04 8.43102178e-03
 3.86358449e-02 3.66640437e-03 1.07422089e-01 1.66655845e-02
 1.24182436e-02 3.45606009e-03 9.73291488e-02 1.08420071e-01
 1.56415580e-02 4.48430111e-03 1.94659319e-01 1.15234638e-02
 9.35241272e-02 3.89736863e-02 3.97553414e-04 1.59284386e-01
 2.34469365e-02 1.17475054e-02 1.06770124e-01 7.65081266e-02
 1.89647258e-02 1.30705182e-04 2.92517087e-01 6.77873364e-04
 6.58964070e-02 3.45877419e-05 9.45482591e-02 1.44081917e-01
 2.20069835e-02 5.22901770e-02 4.35807100e-03 5.96761364e-02
 1.51367426e-03 1.69499446e-01 9.39253972e-03 3.50307751e-03
 1.00277438e-03 2.21034245e-01 1.64893986e-01 1.88306871e-03
 5.63198262e-02 3.05166550e-03 3.48514558e-03 8.07342703e-05
 2.48050730e-02 9.79645211e-04]","[6.07132912e-04 5.01275063e-04 6.92129135e-04 8.45193863e-05
 7.25507736e-04 1.42264366e-03 2.49624252e-04 4.37378883e-04
 6.53266907e-04 2.09569931e-04 7.65681267e-04 1.08003616e-04
 4.37617302e-04 5.73515892e-04 4.14490700e-04 4.10795212e-04
 2.24947929e-04 3.40938568e-04 3.30209732e-04 4.62889671e-04
 4.40120697e-04 8.02874565e-04 5.24997711e-04 2.68936157e-04
 2.68220901e-04 6.75320625e-04 1.42931938e-04 2.27832794e-03
 4.87208366e-04 9.23395157e-04 1.82032585e-04 5.89966774e-04
 4.90307808e-04 1.43408775e-04 1.40392780e-03 2.54034996e-04
 7.35163689e-04 3.72529030e-04 6.29425049e-04 7.58528709e-04
 7.69257545e-04 6.12735748e-05 4.55856323e-04 7.79747963e-04
 3.30448151e-04 6.25729561e-04 6.96182251e-04 6.92248344e-04
 1.00338459e-03 1.16503239e-03]","[ 1.73926353e-04  2.82764435e-04  1.01935863e-03  1.61051750e-04
  7.89642334e-04  8.55207443e-04  1.44004822e-04  8.27908516e-04
  6.77585602e-04  5.06401062e-04  8.28027725e-04 -5.54323196e-05
  5.64932823e-04  6.77943230e-04  2.89320946e-04  2.82049179e-04
  1.71899796e-04  3.60488892e-04  6.27875328e-04  3.70979309e-04
  1.29818916e-04  6.92605972e-04  3.46899033e-05  9.53674316e-05
  1.53422356e-04  8.46147537e-04 -1.29580498e-04  9.99927521e-04
  3.49044800e-04  1.36625767e-03  6.73532486e-05  6.04867935e-04
  4.30345535e-04 -1.07288361e-06  1.33860111e-03  1.90496445e-04
  7.71999359e-04 -1.54972076e-05  7.23481178e-04  6.47664070e-04
  6.02006912e-04 -8.79764557e-05  3.70502472e-04  4.97102737e-04
  2.79903412e-04  9.83357430e-04  3.49044800e-04  6.85334206e-04
  5.56230545e-04  1.60741806e-03]","[0.01972884 0.01745781 0.02360323 0.01490678 0.02359678 0.02938105
 0.0148965  0.02189327 0.0228662  0.01481242 0.02375627 0.01542682
 0.01899581 0.02329756 0.01734955 0.01723559 0.01563413 0.01793262
 0.0194781  0.01850984 0.01990714 0.02235445 0.02038612 0.01473266
 0.01660079 0.02135934 0.0129701  0.03923871 0.01839747 0.02519927
 0.01441847 0.02121634 0.01810428 0.01401277 0.02786319 0.01816306
 0.02364064 0.01968049 0.0214444  0.02186651 0.02173318 0.01331816
 0.0170826  0.02205877 0.02003983 0.02026842 0.02135742 0.02043924
 0.02384434 0.02624211]","[0.01391738 0.01483096 0.0261416  0.01588498 0.02237849 0.02222737
 0.01340155 0.0246949  0.02101619 0.02114699 0.02221163 0.00994853
 0.01935488 0.02257628 0.01567059 0.01666544 0.01564463 0.01779229
 0.02208964 0.01845667 0.01259188 0.02154072 0.01120889 0.01170151
 0.01345238 0.02239546 0.00686757 0.02598525 0.01702006 0.02969047
 0.0119465  0.02233433 0.01812691 0.01035694 0.02722833 0.01729839
 0.02391653 0.01081343 0.02297693 0.02022042 0.0190694  0.00850678
 0.01762235 0.02096412 0.01877188 0.02555661 0.01555167 0.02094732
 0.01841134 0.02954047]",0.053117439415639255,0.06316035458828857,0.06852765647150409,0.10373036868911714,0.035766393286442176,0.05126550470657744,0.04969997481641486,0.08219590425526076,7.503106446116328e-05,0.00014849648184288628,0.00012357839397213362,0.0002895706260148168,0.05059273071765899,0.03462097507238388,0.0033924692079237042,0.007663688195341407,0.000572059154510498,0.0004938960075378418,0.0003925617866464402,0.00039217402360452,0.020173990232800736,0.018573316879955257,0.004663138354476643,0.005445109667395829
df3,0.325,1.0,0.0,0.0,1.3,0.325,1.0,"[2.38884447e-03 1.84885683e-01 5.46398884e-06 2.41040115e-02
 9.54673207e-02 1.34646549e-02 4.70847031e-03 2.19294824e-02
 5.25376643e-03 1.16899447e-03 2.41040115e-02 4.16212987e-02
 4.67045972e-05 8.95145539e-03 2.12592488e-03 4.95346404e-02
 3.48322136e-02 3.00718998e-03 3.36894521e-03 4.70847031e-03
 9.13835051e-04 9.92823487e-03 6.52148041e-03 3.80948244e-02
 1.91681353e-04 4.16212987e-02 4.95346404e-02 9.13835051e-04
 2.68158880e-03 9.92823487e-03 1.10005675e-02 7.11507895e-04
 4.95346404e-02 1.11358879e-01 4.21554189e-03 4.54286666e-02
 1.67865304e-03 1.10005675e-02 1.80967606e-02 1.99311438e-02
 8.15145929e-02 1.99311438e-02 1.11358879e-01 8.31541824e-05
 4.95346404e-02 1.32017364e-03 2.41040115e-02 1.34646549e-02
 1.48940867e-03 1.34646549e-02]","[2.87103585e-04 1.21765095e-02 1.99311438e-02 1.21765095e-02
 2.41040115e-02 1.67865304e-03 2.51182002e-04 1.10005675e-02
 5.51757155e-04 7.11507895e-04 8.06755085e-04 1.64147482e-02
 3.95729931e-06 5.51757155e-04 4.26159664e-04 1.03159376e-01
 1.99311438e-02 5.51757155e-04 6.38312357e-02 3.73964604e-04
 8.95145539e-03 9.92823487e-03 1.89004559e-03 1.34646549e-02
 2.58137431e-05 1.99311438e-02 1.97960446e-01 4.85152370e-04
 7.20954134e-05 1.48741570e-02 1.48741570e-02 4.67045972e-05
 2.38884447e-03 1.48741570e-02 2.74233349e-01 1.99311438e-02
 3.73964604e-04 6.52148041e-03 1.89004559e-03 1.03408932e-03
 6.38312357e-02 6.52148041e-03 1.48741570e-02 2.42077577e-06
 2.38884447e-03 2.19294824e-02 1.16899447e-03 5.25376643e-03
 7.25488863e-03 3.29168072e-01]","[2.38884447e-03 1.84885683e-01 5.46398884e-06 2.41040115e-02
 9.54673207e-02 1.34646549e-02 4.70847031e-03 2.19294824e-02
 5.25376643e-03 1.16899447e-03 2.41040115e-02 4.16212987e-02
 4.67045972e-05 8.95145539e-03 2.12592488e-03 4.95346404e-02
 3.48322136e-02 3.00718998e-03 3.36894521e-03 4.70847031e-03
 9.13835051e-04 9.92823487e-03 6.52148041e-03 3.80948244e-02
 1.91681353e-04 4.16212987e-02 4.95346404e-02 9.13835051e-04
 2.68158880e-03 9.92823487e-03 1.10005675e-02 7.11507895e-04
 4.95346404e-02 1.11358879e-01 4.21554189e-03 4.54286666e-02
 1.67865304e-03 1.10005675e-02 1.80967606e-02 1.99311438e-02
 8.15145929e-02 1.99311438e-02 1.11358879e-01 8.31541824e-05
 4.95346404e-02 1.32017364e-03 2.41040115e-02 1.34646549e-02
 1.48940867e-03 1.34646549e-02]","[2.87103585e-04 1.21765095e-02 1.99311438e-02 1.21765095e-02
 2.41040115e-02 1.67865304e-03 2.51182002e-04 1.10005675e-02
 5.51757155e-04 7.11507895e-04 8.06755085e-04 1.64147482e-02
 3.95729931e-06 5.51757155e-04 4.26159664e-04 1.03159376e-01
 1.99311438e-02 5.51757155e-04 6.38312357e-02 3.73964604e-04
 8.95145539e-03 9.92823487e-03 1.89004559e-03 1.34646549e-02
 2.58137431e-05 1.99311438e-02 1.97960446e-01 4.85152370e-04
 7.20954134e-05 1.48741570e-02 1.48741570e-02 4.67045972e-05
 2.38884447e-03 1.48741570e-02 2.74233349e-01 1.99311438e-02
 3.73964604e-04 6.52148041e-03 1.89004559e-03 1.03408932e-03
 6.38312357e-02 6.52148041e-03 1.48741570e-02 2.42077577e-06
 2.38884447e-03 2.19294824e-02 1.16899447e-03 5.25376643e-03
 7.25488863e-03 3.29168072e-01]","[3.37926535e-03 9.25499977e-02 5.40557966e-05 1.84087175e-02
 5.65433203e-02 6.74711926e-03 2.00319014e-03 5.81615067e-03
 6.69146878e-03 7.07202093e-03 1.98356131e-02 5.60195528e-03
 1.58278848e-04 4.48519503e-03 5.05633054e-04 6.28026061e-02
 1.85046930e-02 9.60211281e-04 9.24115811e-04 3.06155779e-03
 3.97362411e-04 3.04856138e-02 5.04646738e-03 2.60172732e-02
 8.75166049e-04 3.56131149e-02 5.43615491e-02 7.34436162e-03
 2.06528832e-03 1.15242641e-02 1.94271633e-03 1.25248397e-03
 3.68177789e-02 6.19576347e-02 3.29178189e-03 2.97997342e-02
 4.13730606e-03 1.17455148e-02 6.91547293e-03 1.02293981e-02
 2.75760595e-02 2.23901315e-02 4.86292827e-02 6.84881087e-04
 2.19951205e-02 7.28392991e-04 1.91211468e-02 6.01362066e-03
 8.62521303e-04 2.40396631e-02]","[1.18658812e-05 9.64365143e-03 3.05457097e-03 2.04973092e-02
 1.87089918e-02 1.60035889e-03 2.86245046e-04 5.03989038e-03
 2.21175539e-03 1.08592598e-03 2.95946382e-03 1.60498571e-02
 2.62063734e-05 1.14666105e-03 8.86861039e-04 2.34882931e-02
 6.77345816e-03 2.04894129e-03 3.07428231e-02 9.61721457e-04
 6.50363739e-03 6.12265659e-02 3.88235568e-03 9.82678680e-03
 8.76842875e-05 2.10240331e-02 1.05090380e-01 5.03147547e-04
 2.47717685e-03 3.18910704e-02 9.92997568e-03 8.25609512e-04
 5.47288775e-03 1.45411047e-02 1.24009612e-01 2.80840773e-02
 1.15690381e-03 5.87532893e-03 6.78105145e-03 4.44138644e-03
 2.29077518e-02 4.49099067e-03 1.42683119e-02 1.30548504e-05
 2.77065842e-03 1.41107476e-02 3.14725435e-03 4.20286698e-03
 4.54130651e-03 9.53753938e-02]","[1.00000000e-05 2.82571548e-04 1.00000000e-05 1.17793162e-05
 1.01450251e-04 1.00000000e-05 1.00000000e-05 1.00000000e-05
 1.00000000e-05 1.00000000e-05 2.38016549e-05 1.00000000e-05
 1.00000000e-05 1.00000000e-05 1.00000000e-05 1.12359814e-04
 1.06338341e-05 1.00000000e-05 1.00000000e-05 1.00000000e-05
 1.00000000e-05 2.22322243e-05 1.00000000e-05 5.86226477e-05
 1.00000000e-05 1.57652044e-05 7.07090847e-05 1.00000000e-05
 1.00000000e-05 1.00000000e-05 1.00000000e-05 1.00000000e-05
 1.03438777e-04 5.83382069e-05 1.00000000e-05 6.14322887e-05
 1.00000000e-05 1.00000000e-05 1.00000000e-05 1.00000000e-05
 2.97996442e-05 1.00000000e-05 1.09040523e-04 1.00000000e-05
 1.00000000e-05 1.00000000e-05 1.75794887e-05 1.00000000e-05
 1.00000000e-05 2.44861210e-05]","[1.00000000e-05 5.48440140e-05 1.00000000e-05 1.70698688e-05
 4.17401176e-05 1.00000000e-05 1.00000000e-05 1.00000000e-05
 1.00000000e-05 1.00000000e-05 1.00000000e-05 1.50869093e-05
 1.00000000e-05 1.00000000e-05 1.00000000e-05 7.38256385e-05
 1.00000000e-05 1.00000000e-05 2.34390933e-05 1.00000000e-05
 1.00000000e-05 8.09031505e-05 1.00000000e-05 2.82390382e-05
 1.00000000e-05 2.50747451e-05 3.61534770e-04 1.00000000e-05
 1.00000000e-05 1.87614912e-05 1.00000000e-05 1.00000000e-05
 2.53669843e-05 2.09553088e-05 2.66310194e-04 6.46507153e-05
 1.00000000e-05 1.00000000e-05 1.35030136e-05 1.00000000e-05
 5.25023168e-05 1.00000000e-05 4.70748109e-05 1.00000000e-05
 1.00000000e-05 1.25590294e-05 1.00000000e-05 1.00000000e-05
 1.00000000e-05 2.94085219e-04]","[0.05142095 0.0410804  0.05309412 0.05848486 0.04584776 0.05316333
 0.05119346 0.05492085 0.05318365 0.04940484 0.05159279 0.0504976
 0.05329558 0.05173944 0.05518415 0.05106755 0.0511576  0.0547381
 0.04953469 0.0532594  0.05198962 0.05011247 0.0496003  0.04383237
 0.05240338 0.04839833 0.04783408 0.04917415 0.0506895  0.05763653
 0.04851253 0.05992113 0.04705281 0.05109541 0.04537197 0.05058292
 0.05003275 0.05815696 0.05542734 0.05712261 0.04969771 0.05709771
 0.04919669 0.05336185 0.05622079 0.05019242 0.05224666 0.04877789
 0.05292465 0.05225843]","[0.04880729 0.044985   0.03742156 0.03907977 0.02917968 0.03569799
 0.03797748 0.04316696 0.03601353 0.04068479 0.03987999 0.02793911
 0.03809109 0.03775575 0.03508759 0.0318247  0.03473041 0.0404803
 0.02827971 0.03673054 0.0263531  0.03601916 0.03406225 0.0410427
 0.04212591 0.03214441 0.03156047 0.03742161 0.04452378 0.03996458
 0.02862987 0.05007071 0.02579159 0.03150345 0.0314653  0.02539335
 0.04295772 0.04158346 0.04210345 0.03537584 0.02751152 0.02893571
 0.03384427 0.05091729 0.04119391 0.03630878 0.03573844 0.02717325
 0.03367644 0.03510578]","[4.90504014e-05 2.27350509e-03 2.43241091e-05 2.17888968e-06
 4.31389114e-04 2.36171158e-05 5.38645783e-05 1.10237618e-05
 2.34133785e-05 1.10844428e-04 4.56887061e-05 7.15418958e-05
 2.23205029e-05 4.29945430e-05 9.81362991e-06 5.67192566e-05
 5.46634192e-05 1.19464413e-05 1.05277552e-04 2.26682859e-05
 3.87444595e-05 8.35703544e-05 1.02566961e-04 8.90589863e-04
 3.25815488e-05 1.64503876e-04 2.04528999e-04 1.21429667e-04
 6.61817247e-05 3.23480036e-06 1.57361907e-04 1.10143736e-06
 2.75345096e-04 5.60754901e-05 5.13409055e-04 6.91097620e-05
 8.62895362e-05 2.54019166e-06 8.80989093e-06 4.09817237e-06
 9.86643204e-05 4.14518758e-06 1.20354788e-04 2.16965565e-05
 6.17521468e-06 8.09252432e-05 3.47967944e-05 1.41883586e-04
 2.61417274e-05 3.46255972e-05]","[1.40260072e-04 5.90697355e-04 7.19460308e-03 4.32549939e-03
 6.50613584e-02 1.19273287e-02 6.08123502e-03 1.12333540e-03
 1.08924182e-02 2.58844668e-03 3.35719934e-03 8.64547834e-02
 5.87406337e-03 6.50493909e-03 1.41844625e-02 3.40546962e-02
 1.56767378e-02 2.76661708e-03 8.00619798e-02 8.83621047e-03
 1.22124366e-01 1.08747380e-02 1.88508472e-02 2.30191263e-03
 1.60387266e-03 3.13721650e-02 3.64214259e-02 7.19449649e-03
 6.97063727e-04 3.26747497e-03 7.39101560e-02 8.49846996e-05
 1.37340085e-01 3.69507108e-02 3.73085062e-02 1.49035668e-01
 1.20753013e-03 1.92425508e-03 1.61609293e-03 1.30746192e-02
 9.50823350e-02 6.88696869e-02 2.00040829e-02 6.03146641e-05
 2.18992180e-03 9.99832551e-03 1.17898773e-02 1.02406612e-01
 2.09344008e-02 1.41119992e-02]","[0.00084043 0.00079226 0.00152421 0.00084066 0.0008229  0.00046599
 0.00073266 0.00047565 0.00082242 0.0006063  0.00052595 0.00069606
 0.00047398 0.00047421 0.00081527 0.00011182 0.00049019 0.00089848
 0.00133908 0.00045919 0.0014894  0.0009681  0.00099897 0.0005275
 0.0007658  0.00028515 0.00087059 0.00030899 0.00063014 0.0004735
 0.00040162 0.00103581 0.00017881 0.00095999 0.00107682 0.00033355
 0.00042367 0.00051177 0.00060046 0.00099981 0.00030851 0.00038052
 0.00034118 0.00092685 0.00029933 0.00059867 0.00066805 0.00052094
 0.00050175 0.00051439]","[0.00102651 0.001302   0.00078142 0.00093853 0.00037825 0.00028849
 0.00100017 0.00053227 0.00096953 0.0008074  0.00039136 0.00071394
 0.0003221  0.00024283 0.00051677 0.00021231 0.00048423 0.00061369
 0.00064123 0.00030363 0.00048816 0.00106347 0.00031686 0.00069153
 0.00081837 0.00094914 0.00082433 0.00066185 0.00037766 0.00025153
 0.00024986 0.00095594 0.00012982 0.00140214 0.00042272 0.00010228
 0.00035954 0.00065053 0.00062454 0.00128186 0.00018537 0.00030196
 0.00020194 0.00164878 0.00061858 0.00067055 0.00087881 0.00045609
 0.00010812 0.00024605]","[0.02458405 0.0234766  0.02937693 0.02092999 0.02324297 0.01875803
 0.02393416 0.01812495 0.02184833 0.0200639  0.01914746 0.02105265
 0.01797157 0.0179682  0.02269335 0.01617484 0.01856957 0.02277224
 0.02832605 0.01773159 0.03241129 0.02498208 0.02371888 0.02110812
 0.02153991 0.0187098  0.02467521 0.01686588 0.02144977 0.01777569
 0.01718301 0.02451792 0.01363455 0.02514273 0.02728645 0.01665517
 0.01696638 0.01937731 0.02031707 0.02719066 0.01587234 0.01729442
 0.017269   0.02463063 0.01594738 0.02061338 0.02222166 0.02017568
 0.02038012 0.01870552]","[0.02589741 0.02818119 0.0211914  0.02169767 0.01776479 0.01580225
 0.02496561 0.01924905 0.0224978  0.02205958 0.01681292 0.02175386
 0.01702112 0.01528628 0.01815331 0.01822178 0.01924995 0.01975629
 0.01917926 0.01540565 0.01808214 0.02635006 0.01537702 0.02182242
 0.02461521 0.0247422  0.02255885 0.02228317 0.01776195 0.01740995
 0.0148187  0.02423561 0.01223385 0.02856794 0.01854629 0.01149249
 0.01582983 0.02168694 0.02011005 0.02815894 0.01679066 0.01713052
 0.01634199 0.0315069  0.02226133 0.02192747 0.02366942 0.01918133
 0.01145326 0.01491187]",0.025504588856779913,0.026901285527215116,0.03636995593848995,0.065484929313234,0.01659932536763296,0.015133679264172027,0.020604221654116597,0.02649330295214611,2.8880812575253067e-05,3.675052858572844e-05,4.649322149810273e-05,7.19625310265318e-05,0.0516156619298458,0.03628622718334198,0.0037535126311703396,0.00628526208445403,0.0006621670722961426,0.0006081008911132812,0.00031341131166376726,0.0003628282953311881,0.02102730849184552,0.020040110558695066,0.00392345612878716,0.004516533351953522
df3,0.35000000000000003,1.0,0.0,0.0,1.3,0.35000000000000003,1.0,"[2.41040115e-02 4.26159664e-04 7.20954134e-05 9.92823487e-03
 3.00718998e-03 2.68158880e-03 1.99311438e-02 8.95145539e-03
 4.70847031e-03 2.68158880e-03 1.80967606e-02 1.99311438e-02
 3.47919250e-05 8.06268875e-03 9.92823487e-03 1.10005675e-02
 4.54286666e-02 4.16212987e-02 3.36894521e-03 2.12592488e-03
 6.26876255e-04 2.38884447e-03 1.03159376e-01 1.64147482e-02
 7.25488863e-03 1.63732496e-05 1.34646549e-02 4.54286666e-02
 2.19294824e-02 4.67045972e-05 5.85633896e-03 4.21554189e-03
 2.19534247e-04 1.89004559e-03 3.00718998e-03 5.85633896e-03
 1.48940867e-03 1.16899447e-03 8.06268875e-03 1.03408932e-03
 1.10005675e-02 1.34646549e-02 3.00718998e-03 3.27832948e-04
 3.77043497e-03 1.99311438e-02 7.25488863e-03 4.70847031e-03
 3.77043497e-03 1.48940867e-03]","[4.95346404e-02 4.26159664e-04 6.24445815e-05 5.85633896e-03
 4.85152370e-04 1.34646549e-02 7.25488863e-03 2.68158880e-03
 4.21554189e-03 1.16899447e-03 1.16899447e-03 9.13835051e-04
 7.51402754e-06 3.18171260e-02 9.13835051e-04 1.03408932e-03
 8.06268875e-03 1.20088801e-01 1.26822204e-04 8.31541824e-05
 8.15145929e-02 1.48940867e-03 2.41040115e-02 1.34646549e-02
 7.11507895e-04 2.05084189e-06 4.70847031e-03 1.48741570e-02
 4.16212987e-02 9.13835051e-04 1.29372179e-01 1.03408932e-03
 1.34646549e-02 1.45688880e-04 8.06755085e-04 5.40313022e-05
 1.32017364e-03 1.32017364e-03 1.16899447e-03 1.45688880e-04
 4.70847031e-03 2.41040115e-02 1.34646549e-02 1.67194217e-04
 8.06268875e-03 1.48741570e-02 2.90339156e-02 2.12592488e-03
 1.80967606e-02 7.11507895e-04]","[2.41040115e-02 4.26159664e-04 7.20954134e-05 9.92823487e-03
 3.00718998e-03 2.68158880e-03 1.99311438e-02 8.95145539e-03
 4.70847031e-03 2.68158880e-03 1.80967606e-02 1.99311438e-02
 3.47919250e-05 8.06268875e-03 9.92823487e-03 1.10005675e-02
 4.54286666e-02 4.16212987e-02 3.36894521e-03 2.12592488e-03
 6.26876255e-04 2.38884447e-03 1.03159376e-01 1.64147482e-02
 7.25488863e-03 1.63732496e-05 1.34646549e-02 4.54286666e-02
 2.19294824e-02 4.67045972e-05 5.85633896e-03 4.21554189e-03
 2.19534247e-04 1.89004559e-03 3.00718998e-03 5.85633896e-03
 1.48940867e-03 1.16899447e-03 8.06268875e-03 1.03408932e-03
 1.10005675e-02 1.34646549e-02 3.00718998e-03 3.27832948e-04
 3.77043497e-03 1.99311438e-02 7.25488863e-03 4.70847031e-03
 3.77043497e-03 1.48940867e-03]","[4.95346404e-02 4.26159664e-04 6.24445815e-05 5.85633896e-03
 4.85152370e-04 1.34646549e-02 7.25488863e-03 2.68158880e-03
 4.21554189e-03 1.16899447e-03 1.16899447e-03 9.13835051e-04
 7.51402754e-06 3.18171260e-02 9.13835051e-04 1.03408932e-03
 8.06268875e-03 1.20088801e-01 1.26822204e-04 8.31541824e-05
 8.15145929e-02 1.48940867e-03 2.41040115e-02 1.34646549e-02
 7.11507895e-04 2.05084189e-06 4.70847031e-03 1.48741570e-02
 4.16212987e-02 9.13835051e-04 1.29372179e-01 1.03408932e-03
 1.34646549e-02 1.45688880e-04 8.06755085e-04 5.40313022e-05
 1.32017364e-03 1.32017364e-03 1.16899447e-03 1.45688880e-04
 4.70847031e-03 2.41040115e-02 1.34646549e-02 1.67194217e-04
 8.06268875e-03 1.48741570e-02 2.90339156e-02 2.12592488e-03
 1.80967606e-02 7.11507895e-04]","[8.71877871e-03 6.67266596e-04 1.47734604e-04 1.81893247e-02
 5.62304247e-03 2.52445101e-03 9.80309399e-03 1.07006850e-02
 1.40514168e-03 1.91821134e-03 2.43227751e-03 4.37658549e-03
 3.88594307e-04 1.40905319e-02 3.46661080e-03 2.69638685e-03
 4.13012745e-02 2.68689973e-02 5.50496680e-03 3.31992706e-03
 4.47373484e-03 7.87195934e-04 4.58541939e-02 3.32346909e-02
 5.39930008e-03 2.56964768e-05 5.42840564e-03 1.93273388e-02
 1.22212306e-02 3.47073274e-04 6.41718928e-03 3.61500719e-03
 1.12789011e-03 2.36576458e-03 6.77499475e-03 2.58056429e-03
 1.29482526e-03 1.76761768e-03 2.88441296e-03 2.02571801e-03
 4.70599687e-03 1.71015042e-02 5.69350470e-04 1.13518495e-04
 8.26299067e-03 8.53732654e-03 4.44121694e-03 1.00341536e-03
 6.78608186e-04 2.84457817e-04]","[2.31682618e-02 1.92688539e-04 3.10989579e-04 7.52916805e-03
 4.14599502e-04 1.40639460e-02 7.95370847e-03 1.26656390e-03
 7.23070326e-03 3.69353539e-03 5.64451260e-04 9.85386861e-04
 1.03592962e-05 2.48241103e-02 2.44350756e-03 1.12149329e-03
 1.83149650e-02 7.45864938e-02 3.58308803e-04 7.35222748e-05
 4.91094721e-02 1.84395472e-03 7.13021467e-03 1.84530540e-02
 1.03760647e-03 6.72038649e-07 3.86207661e-03 9.79041752e-03
 1.73846559e-02 2.08092572e-03 6.56007143e-02 1.90308581e-03
 2.09540141e-03 9.58505275e-05 3.76674951e-04 5.30002808e-05
 1.06782246e-03 6.60323806e-03 8.10382402e-04 3.42238896e-04
 4.71233253e-03 1.36175016e-02 1.33831346e-02 4.72122025e-04
 4.92221087e-03 8.14997608e-03 2.48583751e-02 7.52295045e-04
 3.44482113e-03 1.17499416e-03]","[1.00000000e-05 1.00000000e-05 1.00000000e-05 1.00000000e-05
 1.00000000e-05 1.00000000e-05 1.00000000e-05 1.36185674e-05
 1.00000000e-05 1.00000000e-05 1.00000000e-05 1.00000000e-05
 1.00000000e-05 1.00000000e-05 1.00000000e-05 1.00000000e-05
 4.06622529e-05 1.98820905e-05 1.00000000e-05 1.00000000e-05
 1.00000000e-05 1.00000000e-05 3.45354726e-05 2.47256129e-05
 1.00000000e-05 1.00000000e-05 1.00000000e-05 1.00000000e-05
 1.00000000e-05 1.00000000e-05 1.00000000e-05 1.00000000e-05
 1.00000000e-05 1.00000000e-05 1.00000000e-05 1.00000000e-05
 1.00000000e-05 1.00000000e-05 1.00000000e-05 1.00000000e-05
 1.00000000e-05 2.44565694e-05 1.00000000e-05 1.00000000e-05
 1.00000000e-05 1.00000000e-05 1.00000000e-05 1.00000000e-05
 1.00000000e-05 1.00000000e-05]","[1.35164295e-05 1.00000000e-05 1.00000000e-05 1.00000000e-05
 1.00000000e-05 1.47818769e-05 1.11612440e-05 1.00000000e-05
 1.00000000e-05 1.00000000e-05 1.00000000e-05 1.00000000e-05
 1.00000000e-05 1.11732430e-05 1.00000000e-05 1.00000000e-05
 3.32532835e-05 9.49675520e-05 1.00000000e-05 1.00000000e-05
 2.56757403e-05 1.00000000e-05 1.00000000e-05 2.40998133e-05
 1.00000000e-05 1.00000000e-05 1.00000000e-05 1.00000000e-05
 1.96919840e-05 1.00000000e-05 1.22153084e-04 1.00000000e-05
 1.00000000e-05 1.00000000e-05 1.00000000e-05 1.00000000e-05
 1.00000000e-05 1.00000000e-05 1.00000000e-05 1.00000000e-05
 1.06474553e-05 2.61171380e-05 1.23230910e-05 1.00000000e-05
 1.00000000e-05 1.00000000e-05 1.96163815e-05 1.00000000e-05
 1.00000000e-05 1.00000000e-05]","[0.05327753 0.05834825 0.05045098 0.04911561 0.05079643 0.05594866
 0.05136855 0.05248429 0.04590086 0.05921682 0.05221958 0.05290938
 0.05475156 0.05449906 0.05703236 0.05503503 0.05323243 0.05354086
 0.05916428 0.05400703 0.05247226 0.05686664 0.05731654 0.0556957
 0.05126335 0.05120384 0.05200453 0.05348518 0.0495141  0.05199487
 0.05462259 0.05504777 0.05758655 0.06044578 0.05790819 0.05685822
 0.05364552 0.05012725 0.05054559 0.05185245 0.05198183 0.04838145
 0.050897   0.05674784 0.05329196 0.05219168 0.0551983  0.05650895
 0.05090025 0.05078653]","[0.03591782 0.04745603 0.04138372 0.04565572 0.0355675  0.03327109
 0.02972492 0.04013023 0.03150722 0.03718414 0.03483609 0.03279175
 0.0498701  0.03145384 0.04636005 0.04656382 0.03794519 0.02840048
 0.04907175 0.05684561 0.03399551 0.04461268 0.04392061 0.04174225
 0.03282241 0.05199868 0.03782151 0.03748272 0.02932389 0.03738082
 0.03227163 0.04532042 0.03566037 0.04707083 0.04182875 0.03542331
 0.04666343 0.03615882 0.02792591 0.04509378 0.03370342 0.02545594
 0.02973243 0.03416514 0.05098421 0.0376239  0.03186901 0.05645279
 0.03810657 0.03517757]","[2.24933490e-05 2.32295937e-06 7.29051772e-05 1.24264526e-04
 6.33630005e-05 6.97955237e-06 5.01214714e-05 3.14911869e-05
 4.23040834e-04 1.54221974e-06 3.51938540e-05 2.63116836e-05
 1.18760395e-05 1.32655670e-05 4.27106940e-06 1.04823723e-05
 2.29309197e-05 2.00935865e-05 1.58118232e-06 1.64332554e-05
 3.16511194e-05 4.60701010e-06 3.74911608e-06 7.81669257e-06
 5.23395386e-05 5.36355317e-05 3.85042690e-05 2.05796445e-05
 1.06142178e-04 3.86597056e-05 1.25673477e-05 1.04235863e-05
 3.31039678e-06 8.54947073e-07 2.85210759e-06 4.62474857e-06
 1.92095201e-05 8.30753443e-05 7.01640081e-05 4.10224341e-05
 3.88704650e-05 1.65585511e-04 6.08166166e-05 4.86331575e-06
 2.23550057e-05 3.56074736e-05 9.75233348e-06 5.42081797e-06
 6.07357986e-05 6.36190550e-05]","[1.11974060e-02 2.36320523e-04 2.05649769e-03 4.62887973e-04
 1.23806246e-02 2.33420190e-02 5.71954072e-02 3.09814736e-03
 3.69155320e-02 7.72435457e-03 1.52211642e-02 2.65037677e-02
 9.21004303e-05 3.74165986e-02 3.56937971e-04 3.30834676e-04
 6.14133195e-03 7.78931889e-02 1.26429541e-04 4.65141421e-06
 1.91974927e-02 6.75258098e-04 8.63356734e-04 1.82480159e-03
 2.62907411e-02 3.85983640e-05 6.37655961e-03 7.06360734e-03
 6.28958808e-02 7.28307723e-03 3.03575119e-02 5.23126035e-04
 1.20564370e-02 2.73477830e-04 1.77265849e-03 1.28995476e-02
 3.18740405e-04 1.04437783e-02 8.67109682e-02 5.67933912e-04
 2.07823232e-02 1.47146457e-01 5.70929990e-02 1.83274431e-02
 5.86873585e-05 6.76948828e-03 3.36712931e-02 5.56053368e-06
 5.84634142e-03 1.38292485e-02]","[0.00041807 0.00086975 0.00021708 0.00042129 0.00068223 0.00013566
 0.00076652 0.00045502 0.0006541  0.00053763 0.00050092 0.00043833
 0.00055695 0.00052428 0.0008837  0.00125766 0.00023949 0.00020325
 0.00072575 0.00175977 0.00055075 0.0010922  0.00072551 0.00054896
 0.00046062 0.00116396 0.00057042 0.00058198 0.00041807 0.00121093
 0.00091529 0.00120068 0.00152826 0.0008229  0.00079381 0.00052297
 0.00083315 0.00106037 0.00082099 0.001297   0.00083923 0.00030053
 0.00056255 0.00091136 0.00170624 0.00107825 0.00101316 0.00071478
 0.00065815 0.00054967]","[ 2.32338905e-04  4.39524651e-04  8.46385956e-05  9.84311104e-04
  3.98993492e-04  7.56978989e-05  9.01937485e-04  6.77108765e-04
  3.28421593e-04  4.52518463e-04  2.51770020e-04  4.23789024e-04
  7.15017319e-04  2.45332718e-04  1.14893913e-03  1.37019157e-03
  3.68118286e-04  1.21593475e-04  7.79628754e-04  2.22969055e-03
 -1.66893005e-05  9.46998596e-04  1.23775005e-03  7.13586807e-04
  3.66568565e-04  1.67846680e-03  7.37190247e-04  4.66108322e-04
  1.31487846e-04  9.14454460e-04  5.84483147e-04  1.67942047e-03
  1.42610073e-03  1.03664398e-03  8.33511353e-04  4.89711761e-04
  4.72784042e-04  2.26259232e-04  5.11527061e-04  1.80244446e-03
  8.56041908e-04  3.00049782e-04 -9.91821289e-05  4.35233116e-04
  1.62124634e-03  9.82880592e-04  4.88519669e-04  6.01053238e-04
  2.97546387e-04  2.13503838e-04]","[0.01735006 0.0224456  0.01370757 0.02162032 0.02103723 0.01383866
 0.02189348 0.01964932 0.02043682 0.01901036 0.01809786 0.01768494
 0.02010753 0.02203093 0.02358061 0.02688967 0.01464848 0.01762794
 0.02097216 0.03136821 0.0246985  0.02591988 0.02362286 0.02037505
 0.01905005 0.02810546 0.02051744 0.01860666 0.01923871 0.02587917
 0.02292533 0.02481226 0.02815677 0.02159614 0.02151202 0.01841438
 0.02347796 0.02822984 0.02255166 0.02846322 0.02458495 0.01614865
 0.02147632 0.0238657  0.03039521 0.02435298 0.02418962 0.0217848
 0.02039966 0.01964455]","[0.01475053 0.01804178 0.01157189 0.02479182 0.01693598 0.0130335
 0.02426449 0.02202593 0.01749967 0.01961903 0.01603238 0.01885403
 0.02306694 0.01497527 0.0267249  0.02621986 0.01850722 0.01458517
 0.02249622 0.03289127 0.01231622 0.02266423 0.02870363 0.02274526
 0.01713222 0.03108918 0.02138965 0.01835862 0.01309697 0.02265096
 0.01909754 0.02788525 0.0265499  0.02390308 0.02361015 0.01934138
 0.01737653 0.01586834 0.01887294 0.03039494 0.02480839 0.01668175
 0.00773195 0.01743766 0.02907347 0.0243631  0.01783824 0.01979336
 0.01499796 0.0139563 ]",0.010966935487156122,0.013939059351648497,0.01731414544378641,0.027514045787239365,0.007355902255652163,0.009084719697817505,0.010187980777672401,0.01565614071868249,1.1957611311754993e-05,1.5983566325323306e-05,6.205884105816848e-06,1.9940134203379162e-05,0.05361284532189369,0.03899452768206596,0.0030996430522941304,0.0076123156353917415,0.0007540035247802734,0.0006833052635192871,0.0003695808500650261,0.0005193003089532008,0.021939870918039915,0.020332341497448024,0.004009543577240876,0.005556176284357473
df3,0.375,1.0,0.0,0.0,1.3,0.375,1.0,"[3.00718998e-03 7.25488863e-03 8.95145539e-03 2.64676308e-02
 4.26159664e-04 1.48741570e-02 3.36894521e-03 5.85633896e-03
 9.92823487e-03 5.85633896e-03 6.93218252e-02 9.13835051e-04
 3.80948244e-02 4.85152370e-04 2.19294824e-02 7.25488863e-03
 7.11507895e-04 3.36894521e-03 8.06268875e-03 2.19534247e-04
 2.51182002e-04 5.51757155e-04 3.00718998e-03 4.21554189e-03
 3.47919250e-05 6.38312357e-02 1.03408932e-03 9.58129418e-05
 1.10287908e-04 2.51182002e-04 2.99835482e-05 1.34646549e-02
 4.85152370e-04 2.38884447e-03 1.21765095e-02 1.48741570e-02
 1.11358879e-01 2.41040115e-02 1.80967606e-02 2.12592488e-03
 5.25376643e-03 5.51757155e-04 1.21765095e-02 1.10005675e-02
 2.87103585e-04 3.27832948e-04 1.48741570e-02 1.48741570e-02
 2.68158880e-03 5.40313022e-05]","[4.26159664e-04 1.34646549e-02 6.24445815e-05 1.48741570e-02
 5.46398884e-06 4.85152370e-04 9.92823487e-03 1.67194217e-04
 2.38884447e-03 2.87103585e-04 9.92823487e-03 1.40396435e-05
 8.06268875e-03 5.87165796e-02 7.25488863e-03 3.36894521e-03
 1.32017364e-03 8.06755085e-04 1.67865304e-03 5.46398884e-06
 1.67194217e-04 8.06755085e-04 1.64147482e-02 1.16899447e-03
 2.85456402e-06 4.95346404e-02 4.85152370e-04 6.26876255e-04
 1.46749215e-06 7.25488863e-03 5.46398884e-06 5.85633896e-03
 6.93218252e-02 4.67045972e-05 2.12592488e-03 8.06268875e-03
 8.95145539e-03 1.64147482e-02 1.32017364e-03 2.68158880e-03
 1.45688880e-04 1.04585220e-06 1.10287908e-04 2.87103585e-04
 1.40396435e-05 3.95729931e-06 1.48940867e-03 3.27832948e-04
 1.45688880e-04 1.90755446e-05]","[3.00718998e-03 7.25488863e-03 8.95145539e-03 2.64676308e-02
 4.26159664e-04 1.48741570e-02 3.36894521e-03 5.85633896e-03
 9.92823487e-03 5.85633896e-03 6.93218252e-02 9.13835051e-04
 3.80948244e-02 4.85152370e-04 2.19294824e-02 7.25488863e-03
 7.11507895e-04 3.36894521e-03 8.06268875e-03 2.19534247e-04
 2.51182002e-04 5.51757155e-04 3.00718998e-03 4.21554189e-03
 3.47919250e-05 6.38312357e-02 1.03408932e-03 9.58129418e-05
 1.10287908e-04 2.51182002e-04 2.99835482e-05 1.34646549e-02
 4.85152370e-04 2.38884447e-03 1.21765095e-02 1.48741570e-02
 1.11358879e-01 2.41040115e-02 1.80967606e-02 2.12592488e-03
 5.25376643e-03 5.51757155e-04 1.21765095e-02 1.10005675e-02
 2.87103585e-04 3.27832948e-04 1.48741570e-02 1.48741570e-02
 2.68158880e-03 5.40313022e-05]","[4.26159664e-04 1.34646549e-02 6.24445815e-05 1.48741570e-02
 5.46398884e-06 4.85152370e-04 9.92823487e-03 1.67194217e-04
 2.38884447e-03 2.87103585e-04 9.92823487e-03 1.40396435e-05
 8.06268875e-03 5.87165796e-02 7.25488863e-03 3.36894521e-03
 1.32017364e-03 8.06755085e-04 1.67865304e-03 5.46398884e-06
 1.67194217e-04 8.06755085e-04 1.64147482e-02 1.16899447e-03
 2.85456402e-06 4.95346404e-02 4.85152370e-04 6.26876255e-04
 1.46749215e-06 7.25488863e-03 5.46398884e-06 5.85633896e-03
 6.93218252e-02 4.67045972e-05 2.12592488e-03 8.06268875e-03
 8.95145539e-03 1.64147482e-02 1.32017364e-03 2.68158880e-03
 1.45688880e-04 1.04585220e-06 1.10287908e-04 2.87103585e-04
 1.40396435e-05 3.95729931e-06 1.48940867e-03 3.27832948e-04
 1.45688880e-04 1.90755446e-05]","[3.43766237e-03 4.49133966e-03 6.27823301e-03 1.42945748e-02
 7.66727901e-04 7.07311093e-03 7.49314576e-04 1.47086757e-03
 4.70550247e-03 8.96433011e-03 1.65566929e-02 1.00046979e-04
 2.21966639e-02 1.13771245e-03 3.18373393e-03 7.35984375e-03
 6.61517502e-04 2.18681824e-03 1.04419799e-03 5.24957093e-05
 1.67383767e-03 8.05067733e-05 3.59943100e-03 1.03488397e-02
 5.93315212e-05 1.16353580e-02 1.00382223e-03 2.04370071e-04
 1.79239315e-04 7.73232251e-04 7.45872227e-04 4.36537818e-03
 5.72084655e-04 4.75639230e-03 3.57166269e-03 1.58919557e-02
 3.17153051e-02 7.13137027e-03 9.18770492e-03 2.03412787e-03
 5.16085160e-04 3.23019509e-04 2.68471672e-03 7.33214581e-03
 3.72665166e-04 9.60693917e-04 7.47198803e-03 7.34972698e-03
 3.00459219e-04 2.40791923e-04]","[8.27775567e-04 5.59879419e-03 4.40020012e-04 1.52607716e-02
 4.72685510e-05 3.70149803e-03 8.44021209e-03 3.14069960e-04
 1.32766775e-02 2.44123692e-03 6.31340272e-03 1.40462866e-04
 1.59802664e-02 1.79000493e-02 1.10530845e-02 3.07173621e-03
 9.35350679e-04 6.05517948e-04 1.48103171e-03 2.87354137e-05
 4.46783743e-04 1.11033286e-03 2.50274511e-02 8.19272807e-03
 2.75970092e-06 4.92838743e-02 5.25872672e-04 1.18981006e-03
 1.00630396e-05 4.54931261e-03 1.66580271e-05 2.96945009e-03
 2.69106265e-02 2.64891516e-04 3.30241986e-03 4.67262499e-03
 9.56092885e-03 2.30167876e-03 1.90245459e-03 2.87558647e-03
 7.88997495e-05 5.24436438e-06 1.82852185e-04 6.72158782e-04
 1.48831773e-05 4.88530180e-05 2.66929551e-03 9.84236305e-04
 3.08215823e-04 8.90188653e-06]","[1.00000000e-05 1.00000000e-05 1.00000000e-05 1.00000000e-05
 1.00000000e-05 1.00000000e-05 1.00000000e-05 1.00000000e-05
 1.00000000e-05 1.00000000e-05 1.11057822e-05 1.00000000e-05
 2.82654542e-05 1.00000000e-05 1.00000000e-05 1.00000000e-05
 1.00000000e-05 1.00000000e-05 1.00000000e-05 1.00000000e-05
 1.00000000e-05 1.00000000e-05 1.00000000e-05 1.00000000e-05
 1.00000000e-05 1.25452146e-05 1.00000000e-05 1.00000000e-05
 1.00000000e-05 1.00000000e-05 1.00000000e-05 1.00000000e-05
 1.00000000e-05 1.00000000e-05 1.00000000e-05 1.67789234e-05
 2.88137200e-05 1.00000000e-05 1.00000000e-05 1.00000000e-05
 1.00000000e-05 1.00000000e-05 1.00000000e-05 1.00000000e-05
 1.00000000e-05 1.00000000e-05 1.00000000e-05 1.00000000e-05
 1.00000000e-05 1.00000000e-05]","[1.00000000e-05 1.00000000e-05 1.00000000e-05 1.21390890e-05
 1.00000000e-05 1.00000000e-05 1.00000000e-05 1.00000000e-05
 1.00000000e-05 1.00000000e-05 1.20251388e-05 1.00000000e-05
 2.71010825e-05 1.00000000e-05 1.15822609e-05 1.00000000e-05
 1.00000000e-05 1.00000000e-05 1.00000000e-05 1.00000000e-05
 1.00000000e-05 1.00000000e-05 5.31963869e-05 1.00000000e-05
 1.00000000e-05 6.73162083e-05 1.00000000e-05 1.00000000e-05
 1.00000000e-05 1.00000000e-05 1.00000000e-05 1.00000000e-05
 6.25568190e-05 1.00000000e-05 1.00000000e-05 1.00000000e-05
 1.59018760e-05 1.00000000e-05 1.00000000e-05 1.00000000e-05
 1.00000000e-05 1.00000000e-05 1.00000000e-05 1.00000000e-05
 1.00000000e-05 1.00000000e-05 1.00000000e-05 1.00000000e-05
 1.00000000e-05 1.00000000e-05]","[0.05504876 0.05324854 0.05834553 0.05449111 0.05695281 0.05608273
 0.05537156 0.05582725 0.05453786 0.05559908 0.05235237 0.05374758
 0.05047718 0.05630991 0.05546319 0.04859863 0.05607911 0.05116311
 0.05465124 0.05580872 0.06110069 0.05606117 0.04760422 0.04998167
 0.05579235 0.05407558 0.05952858 0.05585951 0.06094066 0.0537277
 0.05955743 0.06151254 0.0542919  0.05307365 0.05571049 0.05284405
 0.05125274 0.058294   0.05635386 0.05454998 0.05588468 0.05725363
 0.05506555 0.05532138 0.05742114 0.05401156 0.05908661 0.05190634
 0.04986704 0.05802254]","[0.04573465 0.04306197 0.05571008 0.03721997 0.04931562 0.04648163
 0.04435793 0.03950351 0.03355406 0.04622858 0.03910409 0.04990745
 0.03425748 0.03479166 0.04059653 0.04440457 0.04014527 0.04375391
 0.04423024 0.04320425 0.04425264 0.03853618 0.04716358 0.03806556
 0.05535632 0.03371826 0.05425528 0.03666643 0.05292987 0.03604542
 0.05893851 0.04216729 0.04671753 0.04443604 0.04774581 0.0355734
 0.03574321 0.03915243 0.05003544 0.04001132 0.04822329 0.05173167
 0.04629775 0.0548217  0.05590239 0.05566316 0.04609703 0.04180125
 0.03676798 0.05319849]","[1.04190460e-05 2.27736808e-05 2.32591360e-06 1.33117549e-05
 4.42928931e-06 6.57145699e-06 9.03104040e-06 7.36997826e-06
 1.30423615e-05 8.16124111e-06 3.32873482e-05 1.83833146e-05
 7.21360096e-05 5.93175461e-06 8.67052767e-06 1.52172281e-04
 6.58215725e-06 5.45398634e-05 1.24105222e-05 7.43139437e-06
 6.21231766e-07 6.63548594e-06 2.23339269e-04 8.80760186e-05
 7.48604874e-06 1.59521134e-05 1.32938509e-06 7.26424167e-06
 6.71861127e-07 1.85415151e-05 1.31118943e-06 5.07307897e-07
 1.45205523e-05 2.45371466e-05 7.76520506e-06 2.70510956e-05
 5.25684316e-05 2.38267105e-06 5.81510202e-06 1.29733620e-05
 7.18276712e-06 3.85907803e-06 1.03420528e-05 9.23450710e-06
 3.57289989e-06 1.64010787e-05 1.64052147e-06 4.01125495e-05
 9.22134755e-05 2.70440178e-06]","[4.49687661e-04 1.16487162e-03 7.76662337e-06 7.64219342e-03
 1.14830174e-04 3.41138786e-04 7.39515213e-04 3.78473261e-03
 2.16369134e-02 3.74795177e-04 4.29264682e-03 9.07340734e-05
 1.78687605e-02 1.54112553e-02 2.66400438e-03 7.27339279e-04
 3.08318047e-03 9.15474913e-04 7.73836807e-04 1.10891914e-03
 7.67711117e-04 5.12305936e-03 2.64057705e-04 5.92005428e-03
 9.09237433e-06 2.06990824e-02 1.47539670e-05 9.00454848e-03
 2.60838558e-05 1.07924948e-02 1.75968000e-06 1.58159667e-03
 3.12346783e-04 7.19228108e-04 2.11568248e-04 1.23597949e-02
 1.17737739e-02 4.22799989e-03 8.61965979e-05 3.21885178e-03
 1.76049968e-04 4.31332608e-05 3.65297376e-04 1.15155219e-05
 7.12593890e-06 7.93114795e-06 3.93503550e-04 1.78908171e-03
 8.73921860e-03 2.32655727e-05]","[0.00061369 0.00106347 0.00075889 0.00102568 0.00067735 0.00087345
 0.00150859 0.00094748 0.00081623 0.0007689  0.00047183 0.00164926
 0.00049782 0.00102925 0.00120986 0.00071037 0.00159276 0.00048232
 0.00082898 0.00103927 0.00104046 0.00120389 0.00078726 0.00059664
 0.00203586 0.00127423 0.00138247 0.00095403 0.00177991 0.00054312
 0.00183356 0.00133765 0.00131798 0.00087953 0.00034225 0.00072813
 0.0004797  0.0006671  0.0012244  0.00080824 0.00173211 0.00085104
 0.00031507 0.00080132 0.00127923 0.00167751 0.00065994 0.00129187
 0.00081944 0.00162947]","[0.00072396 0.00096762 0.00092947 0.0006876  0.0006038  0.00036204
 0.00097024 0.00078428 0.00090277 0.00055289 0.00023365 0.00099671
 0.00032556 0.00072467 0.00079513 0.0007453  0.00140679 0.00066054
 0.00063825 0.00080597 0.00051129 0.00097775 0.00058556 0.00055933
 0.00296068 0.00056636 0.00162935 0.00061178 0.00120842 0.00052571
 0.00184345 0.00106919 0.00059295 0.00090015 0.00023437 0.00091827
 0.00047314 0.0005728  0.00145125 0.0006665  0.00210822 0.00080299
 0.00061011 0.00085974 0.00150323 0.00113797 0.00139022 0.00084174
 0.00025415 0.00162208]","[0.01979967 0.02473939 0.02173142 0.02448777 0.0198714  0.02417332
 0.0287125  0.02362776 0.02476055 0.02238025 0.01907211 0.0305976
 0.01911338 0.02341478 0.02603612 0.02011291 0.03025653 0.01911536
 0.02261375 0.02369276 0.02539348 0.0259609  0.02154655 0.02258005
 0.03333879 0.02704976 0.02800478 0.02401997 0.03077953 0.01822653
 0.02921964 0.02676296 0.02721419 0.02228076 0.01668313 0.02224865
 0.01785361 0.02046018 0.02705486 0.02340052 0.03045487 0.02290555
 0.01547796 0.02245012 0.02935217 0.02953388 0.02373739 0.02812473
 0.02145622 0.02878225]","[0.02123851 0.02301089 0.02326558 0.01992141 0.02134129 0.01682281
 0.02188839 0.02136022 0.02475262 0.01797861 0.0153547  0.02300143
 0.01783328 0.02148026 0.0215851  0.02283329 0.02992457 0.02151288
 0.02112051 0.02237481 0.01838674 0.02376359 0.02034433 0.02020089
 0.03938151 0.01844056 0.03016896 0.02019519 0.02638731 0.02113453
 0.0310695  0.02338239 0.01925774 0.02434038 0.01562111 0.02336102
 0.01795491 0.02138336 0.02678209 0.02135383 0.03227975 0.02119404
 0.01987205 0.02375513 0.02896289 0.02526751 0.03070073 0.02227265
 0.01459507 0.02908283]",0.011418468867009963,0.00654080891030251,0.020359939811481896,0.014355107854191123,0.004875870032789589,0.005158956214519998,0.006335972385608097,0.009014331657698691,1.0950181888621391e-05,1.3636377224442326e-05,3.7690882053427065e-06,1.244628658164302e-05,0.055122190339565294,0.04447157338142395,0.003066153587474407,0.006865206412984948,0.0010167765617370606,0.0008961200714111328,0.0004260926731357547,0.0005086802650557586,0.02421326640893668,0.02278987475129273,0.004126210453440413,0.004772084949656448
df3,0.4,1.0,0.0,0.0,1.3,0.4,1.0,"[7.25488863e-03 8.06755085e-04 9.13835051e-04 6.52148041e-03
 2.87103585e-04 1.99311438e-02 1.16899447e-03 2.51182002e-04
 1.03408932e-03 9.92823487e-03 2.12592488e-03 1.45688880e-04
 2.64676308e-02 1.99311438e-02 7.11507895e-04 9.13835051e-04
 3.77043497e-03 5.85633896e-03 2.12592488e-03 3.47919250e-05
 1.64147482e-02 1.02917236e-05 5.85633896e-03 5.85633896e-03
 1.48940867e-03 6.52148041e-03 2.68158880e-03 3.27832948e-04
 8.06268875e-03 6.26876255e-04 8.95145539e-03 4.21554189e-03
 1.91681353e-04 8.95145539e-03 7.11507895e-04 1.48940867e-03
 1.67194217e-04 1.32017364e-03 8.06755085e-04 8.06755085e-04
 1.10005675e-02 2.87103585e-04 1.67194217e-04 1.16899447e-03
 1.40396435e-05 2.19294824e-02 4.85152370e-04 3.73964604e-04
 5.51757155e-04 1.48940867e-03]","[1.16899447e-03 4.03308445e-05 3.73964604e-04 3.36894521e-03
 1.34646549e-02 1.32017364e-03 4.85152370e-04 2.22014992e-05
 1.48940867e-03 8.06268875e-03 1.48940867e-03 5.40313022e-05
 6.26876255e-04 1.10005675e-02 6.41076366e-06 6.26876255e-04
 1.34646549e-02 9.58129418e-05 2.38884447e-03 1.81007354e-07
 7.11507895e-04 5.24820678e-07 8.06268875e-03 5.85633896e-03
 1.25918603e-07 6.26876255e-04 2.12592488e-03 9.58129418e-05
 2.68158880e-03 4.67045972e-05 1.16899447e-03 5.51757155e-04
 6.24445815e-05 3.00718998e-03 9.58129418e-05 4.65235514e-06
 1.21765095e-02 2.19294824e-02 1.02917236e-05 6.24445815e-05
 9.13835051e-04 3.47919250e-05 1.73569175e-06 1.45688880e-04
 1.67865304e-03 1.80967606e-02 3.36894521e-03 2.51182002e-04
 1.63732496e-05 4.21554189e-03]","[7.25488863e-03 8.06755085e-04 9.13835051e-04 6.52148041e-03
 2.87103585e-04 1.99311438e-02 1.16899447e-03 2.51182002e-04
 1.03408932e-03 9.92823487e-03 2.12592488e-03 1.45688880e-04
 2.64676308e-02 1.99311438e-02 7.11507895e-04 9.13835051e-04
 3.77043497e-03 5.85633896e-03 2.12592488e-03 3.47919250e-05
 1.64147482e-02 1.02917236e-05 5.85633896e-03 5.85633896e-03
 1.48940867e-03 6.52148041e-03 2.68158880e-03 3.27832948e-04
 8.06268875e-03 6.26876255e-04 8.95145539e-03 4.21554189e-03
 1.91681353e-04 8.95145539e-03 7.11507895e-04 1.48940867e-03
 1.67194217e-04 1.32017364e-03 8.06755085e-04 8.06755085e-04
 1.10005675e-02 2.87103585e-04 1.67194217e-04 1.16899447e-03
 1.40396435e-05 2.19294824e-02 4.85152370e-04 3.73964604e-04
 5.51757155e-04 1.48940867e-03]","[1.16899447e-03 4.03308445e-05 3.73964604e-04 3.36894521e-03
 1.34646549e-02 1.32017364e-03 4.85152370e-04 2.22014992e-05
 1.48940867e-03 8.06268875e-03 1.48940867e-03 5.40313022e-05
 6.26876255e-04 1.10005675e-02 6.41076366e-06 6.26876255e-04
 1.34646549e-02 9.58129418e-05 2.38884447e-03 1.81007354e-07
 7.11507895e-04 5.24820678e-07 8.06268875e-03 5.85633896e-03
 1.25918603e-07 6.26876255e-04 2.12592488e-03 9.58129418e-05
 2.68158880e-03 4.67045972e-05 1.16899447e-03 5.51757155e-04
 6.24445815e-05 3.00718998e-03 9.58129418e-05 4.65235514e-06
 1.21765095e-02 2.19294824e-02 1.02917236e-05 6.24445815e-05
 9.13835051e-04 3.47919250e-05 1.73569175e-06 1.45688880e-04
 1.67865304e-03 1.80967606e-02 3.36894521e-03 2.51182002e-04
 1.63732496e-05 4.21554189e-03]","[5.14346671e-03 3.01503303e-04 1.01159446e-03 3.07633625e-03
 1.87592919e-04 3.75572797e-03 1.51300850e-04 2.78110486e-05
 9.30538536e-04 3.79362410e-03 1.04078517e-03 1.93088872e-04
 3.43802269e-03 1.20241024e-02 1.13438758e-04 1.41120031e-04
 4.75441018e-04 2.93014835e-03 4.15426175e-03 1.11152283e-05
 3.00496439e-03 3.89495788e-05 4.06995507e-03 3.33214604e-03
 5.19444974e-04 2.26673843e-03 5.99184243e-03 2.20540549e-04
 3.20148433e-03 9.60831904e-04 2.12689988e-03 4.72005686e-04
 1.37656450e-04 1.35901182e-03 1.15731844e-03 1.91247697e-04
 2.11827073e-04 1.19085827e-03 1.54493323e-03 1.88560108e-04
 2.81250808e-03 6.61161701e-04 1.13043319e-03 2.25402542e-04
 5.10431829e-05 5.16877042e-03 4.79679711e-04 8.17009767e-04
 1.38403529e-03 4.16678610e-04]","[6.54233323e-04 1.03428635e-04 4.21766045e-04 9.97959744e-03
 1.31587914e-02 2.36649935e-03 1.70014926e-04 3.19054472e-05
 1.11248677e-03 4.83722774e-03 6.34433038e-03 4.29455992e-04
 3.88518733e-04 8.86259581e-03 9.54341454e-06 2.41346868e-03
 9.47071827e-03 2.00438635e-04 3.49318342e-03 1.33496291e-06
 4.29839977e-04 8.28329798e-06 5.89665265e-03 4.69805425e-03
 1.83911197e-05 8.81528313e-04 2.80571991e-03 2.15389749e-04
 8.74396122e-04 7.86322866e-06 9.24597966e-04 3.12017086e-04
 2.84043063e-05 3.63501322e-03 3.33849117e-04 4.68722250e-06
 3.72468113e-03 1.17290267e-02 1.04391250e-04 8.63335387e-05
 1.96297177e-03 1.03095646e-05 4.46714727e-06 2.94681759e-04
 4.83512868e-04 6.71679859e-03 9.38736709e-04 8.73963993e-04
 8.46939275e-06 4.60784705e-03]","[1.e-05 1.e-05 1.e-05 1.e-05 1.e-05 1.e-05 1.e-05 1.e-05 1.e-05 1.e-05
 1.e-05 1.e-05 1.e-05 1.e-05 1.e-05 1.e-05 1.e-05 1.e-05 1.e-05 1.e-05
 1.e-05 1.e-05 1.e-05 1.e-05 1.e-05 1.e-05 1.e-05 1.e-05 1.e-05 1.e-05
 1.e-05 1.e-05 1.e-05 1.e-05 1.e-05 1.e-05 1.e-05 1.e-05 1.e-05 1.e-05
 1.e-05 1.e-05 1.e-05 1.e-05 1.e-05 1.e-05 1.e-05 1.e-05 1.e-05 1.e-05]","[1.00000000e-05 1.00000000e-05 1.00000000e-05 1.00000000e-05
 1.00000000e-05 1.00000000e-05 1.00000000e-05 1.00000000e-05
 1.00000000e-05 1.00000000e-05 1.00000000e-05 1.00000000e-05
 1.00000000e-05 1.00000000e-05 1.00000000e-05 1.00000000e-05
 1.00000000e-05 1.00000000e-05 1.00000000e-05 1.00000000e-05
 1.00000000e-05 1.00000000e-05 1.00000000e-05 1.00000000e-05
 1.00000000e-05 1.00000000e-05 1.00000000e-05 1.00000000e-05
 1.00000000e-05 1.00000000e-05 1.00000000e-05 1.00000000e-05
 1.00000000e-05 1.00000000e-05 1.00000000e-05 1.00000000e-05
 1.00000000e-05 1.06323344e-05 1.00000000e-05 1.00000000e-05
 1.00000000e-05 1.00000000e-05 1.00000000e-05 1.00000000e-05
 1.00000000e-05 1.00000000e-05 1.00000000e-05 1.00000000e-05
 1.00000000e-05 1.00000000e-05]","[0.05864729 0.06305196 0.05422872 0.06121103 0.05175008 0.05932216
 0.05791668 0.05797957 0.05578462 0.05319006 0.05563661 0.05784035
 0.05822596 0.05511411 0.05910071 0.05531654 0.05860866 0.05354677
 0.05734973 0.06042391 0.06078608 0.0588236  0.06287858 0.05438365
 0.0525927  0.05693613 0.05812809 0.05474839 0.05221728 0.06302982
 0.05987249 0.0589048  0.05944292 0.06062195 0.05476206 0.05825465
 0.05455532 0.05800686 0.05586478 0.0516985  0.0557371  0.05667769
 0.05397463 0.05479818 0.05622181 0.06018539 0.05931967 0.05629417
 0.05753705 0.05432567]","[0.04220867 0.04986525 0.05060974 0.04436194 0.04391326 0.04377258
 0.03688249 0.04794973 0.04550048 0.03850033 0.03805048 0.04934058
 0.04994278 0.03604438 0.05917138 0.03552145 0.03940418 0.03556597
 0.03784691 0.05607797 0.04236008 0.0558886  0.05439013 0.04642883
 0.06067657 0.04117688 0.04205482 0.04515438 0.03975455 0.05142916
 0.03788743 0.04874667 0.04830293 0.0523541  0.0538735  0.05950741
 0.03986553 0.03809535 0.04054479 0.04112233 0.03825153 0.05016563
 0.0442463  0.03862509 0.05435231 0.04043444 0.04093397 0.04831093
 0.05019163 0.04140485]","[2.01878879e-06 2.35055557e-07 1.49254158e-05 5.88492415e-07
 4.28050002e-05 1.46686945e-06 2.84088570e-06 2.75902095e-06
 7.51199822e-06 2.33494519e-05 8.02570251e-06 2.94337922e-06
 2.45966844e-06 1.01224773e-05 1.62959102e-06 9.25434218e-06
 2.05580631e-06 2.00426339e-05 3.69230861e-06 8.64063523e-07
 7.24541444e-07 1.85784320e-06 2.56573321e-07 1.39512862e-05
 3.00847434e-05 4.46315318e-06 2.57462721e-06 1.18925833e-05
 3.52278272e-05 2.37702034e-07 1.12748835e-06 1.78794614e-06
 1.38485844e-06 7.84836656e-07 1.18214206e-05 2.42691785e-06
 1.29431011e-05 2.72420915e-06 7.24712310e-06 4.37309036e-05
 7.67338924e-06 5.02102989e-06 1.66654857e-05 1.16352534e-05
 6.17239053e-06 9.69757603e-07 1.46861151e-06 5.97406369e-06
 3.38694854e-06 1.43085134e-05]","[1.55959984e-03 9.22793488e-05 6.83614416e-05 7.38460999e-04
 8.65596584e-04 9.09496195e-04 8.44851795e-03 1.95641411e-04
 4.89918647e-04 5.18011785e-03 5.94736596e-03 1.13701573e-04
 8.94592793e-05 1.07957274e-02 1.57586279e-06 1.25442832e-02
 3.90559037e-03 1.23860329e-02 6.32757915e-03 6.58553418e-06
 1.48152929e-03 7.17012380e-06 1.39119242e-05 3.47917482e-04
 7.64251848e-07 2.20227772e-03 1.64283669e-03 5.55613457e-04
 3.49443410e-03 4.88845989e-05 6.25017471e-03 1.43626944e-04
 1.70704670e-04 3.32631599e-05 1.74107395e-05 1.34289259e-06
 3.37276257e-03 5.86642079e-03 2.70923783e-03 2.24229325e-03
 5.59246340e-03 8.18026915e-05 7.69440630e-04 4.98400915e-03
 1.41433367e-05 2.80809935e-03 2.38569192e-03 1.70176116e-04
 8.09511458e-05 2.04211402e-03]","[0.00070512 0.00085771 0.00097144 0.00092566 0.00128722 0.00215137
 0.00094378 0.00107682 0.00093865 0.00072992 0.00052512 0.0008527
 0.00137603 0.00074995 0.00188136 0.00109589 0.00178218 0.00058329
 0.00040293 0.00168288 0.00124419 0.00096023 0.00190794 0.00078547
 0.00054777 0.00079083 0.00082004 0.00130582 0.00084889 0.00140059
 0.00114954 0.00091946 0.00096262 0.00107145 0.00119865 0.00119305
 0.00074482 0.00078249 0.00036228 0.00110328 0.00089943 0.00112009
 0.0006156  0.00108361 0.00147736 0.00100124 0.00067651 0.00104773
 0.00113082 0.00178695]","[0.00060678 0.00080347 0.0008136  0.00071418 0.00046039 0.00243795
 0.00066221 0.00089836 0.00100875 0.0005337  0.00031292 0.00062084
 0.0012629  0.00043666 0.00252354 0.00069916 0.00127923 0.00061548
 0.00093997 0.00209081 0.00160491 0.00115311 0.00312948 0.00107563
 0.00077367 0.00069249 0.00062931 0.00140107 0.00120533 0.00212526
 0.00090277 0.00107062 0.00111711 0.00090909 0.00104904 0.00139081
 0.00060451 0.0010668  0.00027144 0.00083113 0.00079608 0.00183332
 0.00030541 0.00104022 0.00170171 0.00050664 0.00086689 0.00118852
 0.00168192 0.00124919]","[0.02078487 0.02290578 0.02354794 0.02355556 0.0272771  0.03329017
 0.02349149 0.02513128 0.02275452 0.02031216 0.01861463 0.0223472
 0.02737022 0.02143629 0.03117789 0.02545685 0.03186081 0.01948198
 0.0174846  0.03086897 0.02619361 0.02389032 0.03306614 0.02218128
 0.01935473 0.02141405 0.02215024 0.02917757 0.0229505  0.03020834
 0.02533347 0.02366095 0.02402217 0.02421212 0.02547491 0.02523553
 0.02105629 0.02376509 0.01627657 0.02500444 0.02275379 0.02568009
 0.02214161 0.02446738 0.02827189 0.025729   0.02263258 0.02522512
 0.02690528 0.03068868]","[0.0200727  0.02130063 0.02169962 0.02247826 0.0185278  0.03368428
 0.0207154  0.02283771 0.02426113 0.01817125 0.01736981 0.02022013
 0.02459126 0.01743419 0.03572197 0.02034074 0.02572533 0.01955015
 0.02528704 0.03251526 0.03061466 0.02513605 0.0406322  0.02438728
 0.02214937 0.02071437 0.02092073 0.02910277 0.02559075 0.03492088
 0.02248289 0.02593844 0.02667996 0.02210494 0.0256797  0.02830011
 0.02049889 0.02693339 0.01552839 0.02190692 0.02247094 0.03352827
 0.01710656 0.02438232 0.03144835 0.0179524  0.02547189 0.02547627
 0.03165628 0.02639961]",0.0044621623228831815,0.002951027200433362,0.006391709106949995,0.005053066912407216,0.0017646991846524474,0.0023414083677800513,0.002189282584988227,0.003383052092770468,1e-05,1.0012646687513184e-05,0.0,8.942558500119314e-08,0.05711651067614556,0.04534122567296027,0.0029060869896130603,0.006857834048466934,0.001049175262451172,0.001077888011932373,0.0003941764365115508,0.0006005217155605274,0.024565480808052546,0.024572404284358793,0.0038707570845995286,0.005464870326427971
df3,0.42500000000000004,1.0,0.0,0.0,1.3,0.42500000000000004,1.0,"[9.13835051e-04 1.91681353e-04 1.45688880e-04 4.26159664e-04
 8.06268875e-03 9.58129418e-05 1.89004559e-03 1.48940867e-03
 4.67045972e-05 2.58137431e-05 7.11507895e-04 6.41076366e-06
 2.19294824e-02 1.63732496e-05 7.51402754e-06 8.06755085e-04
 1.63732496e-05 4.40608072e-07 9.13835051e-04 1.16899447e-03
 8.31541824e-05 6.26876255e-04 1.90755446e-05 4.54286666e-02
 4.85152370e-04 4.26159664e-04 6.24445815e-05 1.34646549e-02
 1.02917236e-05 1.99311438e-02 1.89004559e-03 8.81579698e-07
 5.51757155e-04 9.13835051e-04 5.51757155e-04 4.21554189e-03
 3.27832948e-04 2.68158880e-03 4.21554189e-03 2.42077577e-06
 1.48940867e-03 3.47919250e-05 4.67045972e-05 4.26159664e-04
 3.47919250e-05 1.03408932e-03 1.10287908e-04 5.40313022e-05
 1.67865304e-03 6.24445815e-05]","[1.40396435e-05 5.46398884e-06 1.16899447e-03 2.42077577e-06
 1.32017364e-03 7.42361542e-07 4.85152370e-04 1.67865304e-03
 2.58137431e-05 4.40608072e-07 5.85633896e-03 3.36269816e-06
 6.26876255e-04 1.48940867e-03 2.16691945e-07 4.67045972e-05
 1.25918603e-07 1.81007354e-07 1.45688880e-04 5.51757155e-04
 5.40313022e-05 7.51402754e-06 1.10287908e-04 3.00718998e-03
 4.65235514e-06 1.10287908e-04 1.40396435e-05 1.67865304e-03
 8.81579698e-07 2.68158880e-03 7.20954134e-05 4.40608072e-07
 4.21554189e-03 7.25488863e-03 8.31541824e-05 1.89004559e-03
 2.68158880e-03 2.58137431e-05 2.87103585e-04 8.06755085e-04
 7.11507895e-04 2.99835482e-05 8.82599083e-02 4.03308445e-05
 6.41076366e-06 4.70847031e-03 4.67045972e-05 7.11507895e-04
 3.73964604e-04 1.90755446e-05]","[9.13835051e-04 1.91681353e-04 1.45688880e-04 4.26159664e-04
 8.06268875e-03 9.58129418e-05 1.89004559e-03 1.48940867e-03
 4.67045972e-05 2.58137431e-05 7.11507895e-04 6.41076366e-06
 2.19294824e-02 1.63732496e-05 7.51402754e-06 8.06755085e-04
 1.63732496e-05 4.40608072e-07 9.13835051e-04 1.16899447e-03
 8.31541824e-05 6.26876255e-04 1.90755446e-05 4.54286666e-02
 4.85152370e-04 4.26159664e-04 6.24445815e-05 1.34646549e-02
 1.02917236e-05 1.99311438e-02 1.89004559e-03 8.81579698e-07
 5.51757155e-04 9.13835051e-04 5.51757155e-04 4.21554189e-03
 3.27832948e-04 2.68158880e-03 4.21554189e-03 2.42077577e-06
 1.48940867e-03 3.47919250e-05 4.67045972e-05 4.26159664e-04
 3.47919250e-05 1.03408932e-03 1.10287908e-04 5.40313022e-05
 1.67865304e-03 6.24445815e-05]","[1.40396435e-05 5.46398884e-06 1.16899447e-03 2.42077577e-06
 1.32017364e-03 7.42361542e-07 4.85152370e-04 1.67865304e-03
 2.58137431e-05 4.40608072e-07 5.85633896e-03 3.36269816e-06
 6.26876255e-04 1.48940867e-03 2.16691945e-07 4.67045972e-05
 1.25918603e-07 1.81007354e-07 1.45688880e-04 5.51757155e-04
 5.40313022e-05 7.51402754e-06 1.10287908e-04 3.00718998e-03
 4.65235514e-06 1.10287908e-04 1.40396435e-05 1.67865304e-03
 8.81579698e-07 2.68158880e-03 7.20954134e-05 4.40608072e-07
 4.21554189e-03 7.25488863e-03 8.31541824e-05 1.89004559e-03
 2.68158880e-03 2.58137431e-05 2.87103585e-04 8.06755085e-04
 7.11507895e-04 2.99835482e-05 8.82599083e-02 4.03308445e-05
 6.41076366e-06 4.70847031e-03 4.67045972e-05 7.11507895e-04
 3.73964604e-04 1.90755446e-05]","[3.24004626e-04 1.69397940e-04 7.66128262e-05 1.85159221e-04
 1.67027421e-03 1.40317121e-04 4.54617142e-04 1.83240447e-03
 1.12621815e-05 6.22803512e-05 4.66331855e-04 7.57379997e-06
 1.14589463e-02 2.20648045e-05 6.47556702e-07 1.62067288e-04
 5.80372081e-05 1.19670447e-05 2.52987401e-04 8.01968827e-04
 2.37400923e-04 9.27281997e-05 8.42491546e-06 8.64810676e-03
 3.59843033e-04 2.31136660e-04 1.61933150e-04 4.57423439e-03
 1.30682651e-05 8.10396151e-03 2.81868072e-04 8.75726672e-06
 2.67452645e-04 5.29370622e-04 1.43679961e-04 3.26665460e-03
 3.39901378e-04 1.15957158e-04 4.12638543e-03 1.13115592e-05
 3.56313395e-04 7.54874724e-05 9.29945643e-05 1.77698291e-04
 5.34513211e-05 3.52150427e-04 1.32399334e-04 2.76839210e-05
 2.53513332e-03 1.07443504e-03]","[2.47941111e-05 1.04982457e-04 2.52494266e-03 1.00728188e-05
 7.30578330e-04 6.77866569e-06 3.08028168e-04 8.30322969e-04
 1.16648818e-04 2.03284533e-05 2.73953630e-03 5.47416005e-06
 6.59223016e-04 1.83253189e-03 4.94834934e-06 2.28164912e-04
 5.60201672e-07 6.59355309e-07 2.33686986e-04 3.24221885e-03
 1.04290785e-04 1.21617393e-05 3.11803665e-04 2.31205688e-02
 4.02671135e-05 9.21076981e-05 4.23359980e-05 4.57862657e-03
 1.23791984e-05 8.43679584e-03 1.88407581e-04 1.40812067e-05
 1.90782836e-03 1.02198300e-02 6.92320875e-04 7.21999555e-04
 3.09757527e-03 2.14159347e-05 2.50916551e-03 6.19800103e-04
 1.45589384e-03 4.14607969e-05 2.15518946e-02 7.33778359e-05
 1.66497437e-06 1.14372886e-03 1.05521782e-03 2.25552861e-04
 6.37603061e-04 2.94538213e-04]","[1.e-05 1.e-05 1.e-05 1.e-05 1.e-05 1.e-05 1.e-05 1.e-05 1.e-05 1.e-05
 1.e-05 1.e-05 1.e-05 1.e-05 1.e-05 1.e-05 1.e-05 1.e-05 1.e-05 1.e-05
 1.e-05 1.e-05 1.e-05 1.e-05 1.e-05 1.e-05 1.e-05 1.e-05 1.e-05 1.e-05
 1.e-05 1.e-05 1.e-05 1.e-05 1.e-05 1.e-05 1.e-05 1.e-05 1.e-05 1.e-05
 1.e-05 1.e-05 1.e-05 1.e-05 1.e-05 1.e-05 1.e-05 1.e-05 1.e-05 1.e-05]","[1.00000000e-05 1.00000000e-05 1.00000000e-05 1.00000000e-05
 1.00000000e-05 1.00000000e-05 1.00000000e-05 1.00000000e-05
 1.00000000e-05 1.00000000e-05 1.00000000e-05 1.00000000e-05
 1.00000000e-05 1.00000000e-05 1.00000000e-05 1.00000000e-05
 1.00000000e-05 1.00000000e-05 1.00000000e-05 1.00000000e-05
 1.00000000e-05 1.00000000e-05 1.00000000e-05 1.00000000e-05
 1.00000000e-05 1.00000000e-05 1.00000000e-05 1.00000000e-05
 1.00000000e-05 1.00000000e-05 1.00000000e-05 1.00000000e-05
 1.00000000e-05 1.00000000e-05 1.00000000e-05 1.00000000e-05
 1.00000000e-05 1.00000000e-05 1.00000000e-05 1.00000000e-05
 1.00000000e-05 1.00000000e-05 1.56965518e-05 1.00000000e-05
 1.00000000e-05 1.00000000e-05 1.00000000e-05 1.00000000e-05
 1.00000000e-05 1.00000000e-05]","[0.06046976 0.06414745 0.05992057 0.06213523 0.05913287 0.0540871
 0.05775307 0.0614912  0.06128709 0.05952361 0.06263349 0.06422936
 0.05729492 0.05879725 0.06472468 0.06030969 0.06382361 0.06210138
 0.06258441 0.06153825 0.06297436 0.06811943 0.05972907 0.06339675
 0.06013534 0.05902579 0.06233953 0.05887848 0.06100346 0.05195013
 0.05747079 0.06092018 0.0566958  0.05650292 0.05666336 0.05267933
 0.06284163 0.06203869 0.05412067 0.05624558 0.05727915 0.06529753
 0.05663653 0.0595351  0.06159154 0.06032859 0.05488105 0.06008135
 0.05458327 0.06613422]","[0.0558965  0.06441148 0.04388705 0.04696276 0.04253048 0.04781988
 0.04402264 0.05362821 0.04875867 0.06600472 0.0518294  0.06165488
 0.04011097 0.05077161 0.07178945 0.04698519 0.05711464 0.06406448
 0.0612371  0.05039996 0.06390993 0.06907176 0.05342805 0.05315738
 0.05055665 0.05192762 0.05917334 0.04659989 0.06115089 0.03290971
 0.04372449 0.06443823 0.04581282 0.03981327 0.04830591 0.04557477
 0.04483355 0.05973502 0.03783046 0.04431692 0.05467661 0.05203322
 0.0418248  0.04324005 0.05016912 0.0391822  0.04915903 0.05861611
 0.0362986  0.0635289 ]","[8.45058243e-07 1.34392439e-07 1.10173433e-06 3.72499407e-07
 1.60492205e-06 1.58726043e-05 3.06493570e-06 5.12679704e-07
 5.66901487e-07 1.33254699e-06 2.90275359e-07 1.28840199e-07
 3.78656654e-06 1.88108689e-06 9.97138145e-08 9.13208906e-07
 1.58702361e-07 3.78838584e-07 2.97521998e-07 5.00911615e-07
 2.44461248e-07 1.63264670e-08 1.20780410e-06 1.97335461e-07
 9.93471412e-07 1.68848532e-06 3.36370496e-07 1.81031712e-06
 6.51537296e-07 3.93875940e-05 3.49206518e-06 6.78623660e-07
 4.97986020e-06 5.43565320e-06 5.05384451e-06 2.90042487e-05
 2.61401144e-07 3.90852488e-07 1.56430294e-05 6.10655268e-06
 3.81409813e-06 7.39551457e-08 5.11584643e-06 1.32525243e-06
 4.87897394e-07 9.04894126e-07 1.12187160e-05 1.01967997e-06
 1.27856842e-05 4.75712015e-08]","[7.14477138e-06 1.17281740e-07 8.73620948e-04 2.84854384e-04
 1.39802537e-03 2.05646014e-04 8.32841170e-04 1.93530942e-05
 1.42954519e-04 5.09523474e-08 4.14174417e-05 4.72855649e-07
 3.11741425e-03 6.40070161e-05 2.07965151e-09 2.82456728e-04
 4.11316370e-06 1.40252409e-07 5.81004736e-07 7.44252543e-05
 1.51835181e-07 9.66498013e-09 2.10900235e-05 2.36771975e-05
 6.98499301e-05 3.97587010e-05 1.57439161e-06 3.26406328e-04
 6.06124019e-07 2.56924112e-02 9.24975264e-04 1.15670746e-07
 4.36964521e-04 3.42956141e-03 1.70507887e-04 4.76803074e-04
 6.23819086e-04 1.20436037e-06 6.35926283e-03 7.50380802e-04
 1.22732494e-05 3.80460690e-05 1.77500932e-03 1.09524016e-03
 8.16879348e-05 4.18863993e-03 1.22156058e-04 2.04861040e-06
 1.00280122e-02 1.84492805e-07]","[0.0015341  0.00124049 0.001369   0.00144029 0.00178182 0.00082207
 0.0018295  0.00207579 0.00145006 0.00073707 0.00058746 0.00285399
 0.00081825 0.00139487 0.00276375 0.0015713  0.00177991 0.00225449
 0.00328779 0.00135648 0.00201535 0.00191343 0.00178313 0.00096905
 0.00137365 0.00189137 0.00203419 0.00117433 0.00174046 0.00049198
 0.00141418 0.00153744 0.00090659 0.00080526 0.00114572 0.00066984
 0.00169206 0.0013299  0.00072706 0.0020436  0.00183344 0.00144482
 0.00173664 0.0011493  0.00230622 0.00188959 0.00186133 0.00218964
 0.0008781  0.00144398]","[0.00114501 0.00118303 0.00102746 0.00133789 0.00217974 0.00062001
 0.00174451 0.00189137 0.00101924 0.00160193 0.00044644 0.00250638
 0.00105381 0.00110865 0.00200534 0.00089359 0.00223744 0.00209129
 0.0028981  0.00137436 0.00230968 0.00237668 0.00141954 0.00087762
 0.0012157  0.00207317 0.00211763 0.00114834 0.00136709 0.00038707
 0.0012747  0.00158441 0.00093806 0.000332   0.00089347 0.0003711
 0.00144577 0.00161552 0.00037503 0.00147748 0.00168788 0.00107729
 0.00151563 0.00060427 0.00183976 0.00178552 0.00135636 0.002038
 0.00083053 0.00181913]","[0.02905138 0.02529847 0.0278119  0.02698643 0.03178251 0.02287273
 0.03159849 0.0337102  0.02858577 0.0242191  0.01928732 0.03806423
 0.02196017 0.02781852 0.03743132 0.02938399 0.03103065 0.03419047
 0.04046378 0.02612406 0.03119818 0.03098915 0.03030048 0.02350462
 0.02799907 0.03268647 0.03208299 0.0258265  0.03143063 0.01743913
 0.02900981 0.02964655 0.02235716 0.02302018 0.02480962 0.01998416
 0.0298853  0.02693584 0.02147428 0.03163386 0.03109657 0.02839283
 0.03014981 0.02546588 0.03479767 0.0316402  0.03116381 0.03294983
 0.02312523 0.02804913]","[0.02402342 0.02646441 0.02433381 0.02770682 0.03460955 0.01906012
 0.03049388 0.03171905 0.02562152 0.03178881 0.01942644 0.03500641
 0.02459055 0.02346162 0.03177365 0.02189857 0.03306414 0.03323654
 0.03865446 0.02719631 0.03439817 0.03520165 0.0277374  0.0228423
 0.0252238  0.03253642 0.03325855 0.02778623 0.0259808  0.01647733
 0.02670519 0.02911472 0.02329401 0.01573301 0.02309969 0.01643056
 0.02701588 0.02945192 0.01646727 0.02739415 0.03076337 0.02436348
 0.02761792 0.02066373 0.03086291 0.0295985  0.02664418 0.03061702
 0.02254439 0.03152998]",0.002794514228244936,0.0026663394774287946,0.007643831364734787,0.012455686871875775,0.0010913769150632268,0.0019369835235662114,0.0023780429281842503,0.004659504171425,1e-05,1.0113931036464965e-05,0.0,8.056140847198758e-07,0.05996129170417786,0.05149758700609206,0.00352711084086898,0.009180937435083476,0.0015468025207519532,0.0014104008674621581,0.000594067933840734,0.000613662092333988,0.02853432788762134,0.027109693060457803,0.004848849237966643,0.005435903569214292
df3,0.45,1.0,0.0,0.0,1.3,0.45,1.0,"[5.85633896e-03 7.11507895e-04 6.24445815e-05 8.06268875e-03
 1.03408932e-03 2.51182002e-04 5.51757155e-04 1.23948622e-06
 2.68158880e-03 5.85633896e-03 3.36894521e-03 9.13835051e-04
 3.47919250e-05 5.51757155e-04 4.26159664e-04 6.41076366e-06
 1.91681353e-04 1.03408932e-03 1.90755446e-05 1.03408932e-03
 2.58137431e-05 8.31541824e-05 3.27832948e-04 1.20265345e-05
 1.10287908e-04 7.25488863e-03 2.51182002e-04 8.06755085e-04
 2.19534247e-04 7.20954134e-05 2.59150246e-07 3.73964604e-04
 1.90755446e-05 2.12592488e-03 1.26822204e-04 1.81007354e-07
 1.48741570e-02 4.85152370e-04 2.19534247e-04 5.40313022e-05
 3.27832948e-04 2.19534247e-04 7.20954134e-05 3.47919250e-05
 6.52148041e-03 1.91681353e-04 3.36269816e-06 3.36894521e-03
 1.89004559e-03 4.85152370e-04]","[1.26822204e-04 1.91681353e-04 1.90755446e-05 1.10287908e-04
 1.67194217e-04 7.51402754e-06 6.24445815e-05 3.09615598e-07
 1.32017364e-03 4.03308445e-05 4.26159664e-04 2.19294824e-02
 1.51046944e-07 6.26876255e-04 1.03408932e-03 4.67045972e-05
 1.63732496e-05 4.85152370e-04 1.20265345e-05 6.24445815e-05
 2.05084189e-06 2.59150246e-07 1.81007354e-07 4.85152370e-04
 2.42077577e-06 7.20954134e-05 1.73569175e-06 7.20954134e-05
 9.58129418e-05 4.40608072e-07 3.09615598e-07 1.67865304e-03
 1.73569175e-06 1.26822204e-04 1.63732496e-05 4.00670801e-09
 3.36894521e-03 1.90755446e-05 7.20954134e-05 3.36269816e-06
 6.24445815e-05 5.51757155e-04 4.99357648e-08 2.85456402e-06
 2.51182002e-04 8.06755085e-04 3.36269816e-06 2.99835482e-05
 1.10287908e-04 4.65235514e-06]","[5.85633896e-03 7.11507895e-04 6.24445815e-05 8.06268875e-03
 1.03408932e-03 2.51182002e-04 5.51757155e-04 1.23948622e-06
 2.68158880e-03 5.85633896e-03 3.36894521e-03 9.13835051e-04
 3.47919250e-05 5.51757155e-04 4.26159664e-04 6.41076366e-06
 1.91681353e-04 1.03408932e-03 1.90755446e-05 1.03408932e-03
 2.58137431e-05 8.31541824e-05 3.27832948e-04 1.20265345e-05
 1.10287908e-04 7.25488863e-03 2.51182002e-04 8.06755085e-04
 2.19534247e-04 7.20954134e-05 2.59150246e-07 3.73964604e-04
 1.90755446e-05 2.12592488e-03 1.26822204e-04 1.81007354e-07
 1.48741570e-02 4.85152370e-04 2.19534247e-04 5.40313022e-05
 3.27832948e-04 2.19534247e-04 7.20954134e-05 3.47919250e-05
 6.52148041e-03 1.91681353e-04 3.36269816e-06 3.36894521e-03
 1.89004559e-03 4.85152370e-04]","[1.26822204e-04 1.91681353e-04 1.90755446e-05 1.10287908e-04
 1.67194217e-04 7.51402754e-06 6.24445815e-05 3.09615598e-07
 1.32017364e-03 4.03308445e-05 4.26159664e-04 2.19294824e-02
 1.51046944e-07 6.26876255e-04 1.03408932e-03 4.67045972e-05
 1.63732496e-05 4.85152370e-04 1.20265345e-05 6.24445815e-05
 2.05084189e-06 2.59150246e-07 1.81007354e-07 4.85152370e-04
 2.42077577e-06 7.20954134e-05 1.73569175e-06 7.20954134e-05
 9.58129418e-05 4.40608072e-07 3.09615598e-07 1.67865304e-03
 1.73569175e-06 1.26822204e-04 1.63732496e-05 4.00670801e-09
 3.36894521e-03 1.90755446e-05 7.20954134e-05 3.36269816e-06
 6.24445815e-05 5.51757155e-04 4.99357648e-08 2.85456402e-06
 2.51182002e-04 8.06755085e-04 3.36269816e-06 2.99835482e-05
 1.10287908e-04 4.65235514e-06]","[2.87387831e-03 2.72475597e-04 3.52264076e-04 5.10180431e-03
 4.32558750e-04 4.71408665e-03 2.80417107e-04 2.05306081e-05
 1.62150560e-03 1.51563659e-03 3.10770599e-03 5.16777982e-04
 3.91003602e-05 2.78476587e-04 1.15489539e-03 6.14630269e-05
 1.28360841e-04 1.94436363e-03 4.27241591e-05 3.86170401e-04
 3.20614531e-06 4.38824309e-05 1.78857281e-05 2.40578258e-06
 2.13088931e-05 1.31288135e-03 1.74968640e-04 9.89144472e-05
 2.62143728e-04 1.91878158e-04 6.99932027e-06 1.67815143e-04
 1.08350173e-04 3.00678384e-04 1.56889525e-05 9.21520333e-07
 4.46662220e-03 1.60958573e-03 2.25803544e-04 3.74463595e-04
 5.06193458e-05 7.98980827e-05 1.33776843e-05 1.49559532e-06
 7.77820158e-04 1.49411403e-04 8.15615966e-06 2.41929748e-03
 6.85752069e-05 1.79095440e-04]","[5.57363153e-05 4.24658337e-04 6.10743440e-04 2.04241351e-04
 1.20903066e-04 4.34157564e-05 6.23028451e-05 5.72370550e-07
 9.55902779e-04 2.51892351e-04 7.76069419e-04 1.10375176e-02
 1.35160596e-06 3.40781141e-04 1.96578545e-04 3.43694149e-05
 6.99852173e-05 1.65452000e-03 6.37277614e-06 1.43723466e-04
 3.86925938e-06 4.14740810e-06 9.03288952e-07 2.55911991e-04
 4.59914532e-06 3.96994446e-04 5.41058760e-06 7.97996465e-05
 2.03882937e-04 1.47173064e-05 7.55114426e-06 1.77803445e-03
 6.94609926e-06 1.39226782e-03 2.97362439e-05 2.58863327e-07
 1.94376754e-03 2.02146531e-05 2.41921480e-04 3.07746505e-05
 9.61358744e-04 7.82790235e-04 8.48525738e-07 1.32444305e-05
 1.07191029e-03 2.61762872e-03 1.30085491e-06 2.71745215e-05
 1.40838993e-04 5.01540178e-05]","[1.e-05 1.e-05 1.e-05 1.e-05 1.e-05 1.e-05 1.e-05 1.e-05 1.e-05 1.e-05
 1.e-05 1.e-05 1.e-05 1.e-05 1.e-05 1.e-05 1.e-05 1.e-05 1.e-05 1.e-05
 1.e-05 1.e-05 1.e-05 1.e-05 1.e-05 1.e-05 1.e-05 1.e-05 1.e-05 1.e-05
 1.e-05 1.e-05 1.e-05 1.e-05 1.e-05 1.e-05 1.e-05 1.e-05 1.e-05 1.e-05
 1.e-05 1.e-05 1.e-05 1.e-05 1.e-05 1.e-05 1.e-05 1.e-05 1.e-05 1.e-05]","[1.e-05 1.e-05 1.e-05 1.e-05 1.e-05 1.e-05 1.e-05 1.e-05 1.e-05 1.e-05
 1.e-05 1.e-05 1.e-05 1.e-05 1.e-05 1.e-05 1.e-05 1.e-05 1.e-05 1.e-05
 1.e-05 1.e-05 1.e-05 1.e-05 1.e-05 1.e-05 1.e-05 1.e-05 1.e-05 1.e-05
 1.e-05 1.e-05 1.e-05 1.e-05 1.e-05 1.e-05 1.e-05 1.e-05 1.e-05 1.e-05
 1.e-05 1.e-05 1.e-05 1.e-05 1.e-05 1.e-05 1.e-05 1.e-05 1.e-05 1.e-05]","[0.05856993 0.06027411 0.06088646 0.06206884 0.05752594 0.06153966
 0.06005672 0.06425214 0.05875448 0.06428262 0.05804403 0.05847297
 0.06182699 0.06355259 0.06012153 0.0586052  0.061622   0.05995774
 0.06537144 0.06406358 0.066281   0.06581539 0.06167444 0.06648219
 0.06217451 0.06183963 0.0586184  0.05923246 0.06241381 0.06499291
 0.06351577 0.05903595 0.06140806 0.06114528 0.0618095  0.06345404
 0.05428293 0.05984068 0.06434125 0.06318142 0.05958119 0.06238928
 0.05925681 0.06151919 0.06382817 0.06098395 0.06155071 0.0661474
 0.06150249 0.06266054]","[0.07195661 0.04689419 0.05209554 0.05944382 0.05596978 0.06280278
 0.05293109 0.06035225 0.0534868  0.0586123  0.04963194 0.05155006
 0.05544247 0.05795446 0.04520815 0.04967456 0.04996321 0.05688806
 0.05979524 0.05582331 0.05834806 0.07021255 0.05605452 0.05474804
 0.05396918 0.06047439 0.06767809 0.05118381 0.04535337 0.05496253
 0.07380335 0.03989535 0.06134855 0.05958659 0.0597605  0.06603679
 0.04350719 0.0606702  0.05728183 0.05712193 0.05502883 0.05990667
 0.06465051 0.06124005 0.05017913 0.05273593 0.06229646 0.05984285
 0.06067873 0.06071796]","[2.09356802e-06 9.29061560e-07 6.89898254e-07 3.85029378e-07
 3.40434999e-06 5.00563119e-07 1.03185379e-06 1.27336461e-07
 1.91940857e-06 1.25350489e-07 2.67748293e-06 2.19107763e-06
 4.34209981e-07 1.82277760e-07 1.00011527e-06 2.05914839e-06
 4.80606336e-07 1.08221616e-06 7.11441943e-08 1.40317023e-07
 4.40024652e-08 5.63188129e-08 4.68300184e-07 3.95304168e-08
 3.65273948e-07 4.31494345e-07 2.04640606e-06 1.53080152e-06
 3.24095409e-07 8.67215861e-08 1.85731399e-07 1.68038068e-06
 5.34130343e-07 6.07795715e-07 4.37992637e-07 1.91664705e-07
 1.45774235e-05 1.14484186e-06 1.21614221e-07 2.20138282e-07
 1.29638723e-06 3.28100067e-07 1.51318764e-06 5.05647903e-07
 1.58332432e-07 6.57785883e-07 4.97838091e-07 4.72396778e-08
 5.09830205e-07 2.86355021e-07]","[1.88846065e-09 2.92303033e-04 3.70685079e-05 1.38426272e-06
 6.91366437e-06 2.66569394e-07 2.60703400e-05 8.94589343e-07
 2.05653247e-05 2.05228492e-06 1.01283421e-04 4.65035069e-05
 8.75083557e-06 2.79142877e-06 5.44891903e-04 9.95785295e-05
 8.87302281e-05 4.56220545e-06 1.17008333e-06 7.38299201e-06
 2.32316056e-06 5.10827420e-09 6.65535800e-06 1.18944390e-05
 1.67048950e-05 8.43162597e-07 2.07653337e-08 5.40784601e-05
 5.16895677e-04 1.08231251e-05 6.41060152e-10 3.34074124e-03
 5.50016365e-07 1.29304343e-06 1.18974311e-06 5.00938471e-08
 9.98036116e-04 7.66626315e-07 3.80940410e-06 4.09945494e-06
 1.05111244e-05 1.10911998e-06 1.03627636e-07 5.80160974e-07
 8.13594779e-05 2.83183543e-05 3.43693482e-07 1.14364863e-06
 7.63450006e-07 7.49003156e-07]","[0.00188589 0.00102282 0.00149977 0.00193417 0.0019052  0.00176525
 0.00193334 0.00196588 0.00100493 0.00152969 0.00176191 0.0019908
 0.00169885 0.00209141 0.00124943 0.00211322 0.00187504 0.00145209
 0.00179231 0.00205088 0.00257003 0.00168121 0.00186288 0.00228119
 0.00265992 0.00136614 0.00124192 0.00138581 0.00146651 0.00088036
 0.00193274 0.0013665  0.00200975 0.00082195 0.00193691 0.00202942
 0.00041986 0.00133705 0.00188863 0.00112081 0.00239027 0.00142872
 0.0013082  0.00117755 0.00154805 0.00171471 0.00224662 0.00161731
 0.00291979 0.0016284 ]","[0.00306034 0.00064778 0.00130343 0.0016495  0.00283778 0.00184762
 0.00186443 0.00287211 0.00172853 0.0014081  0.0018816  0.00173032
 0.00195813 0.00249279 0.00139976 0.00175905 0.00104737 0.00148189
 0.00199103 0.00196743 0.00213015 0.00244081 0.00278199 0.00144994
 0.00239217 0.00168192 0.00159025 0.00101101 0.00095952 0.00137758
 0.00274551 0.00117815 0.00212562 0.00082171 0.00221968 0.00175226
 0.00089216 0.00193477 0.00242782 0.00192118 0.00130796 0.00104415
 0.00169861 0.00136232 0.00133073 0.00189209 0.00271487 0.0016942
 0.00303173 0.001876  ]","[0.03117047 0.02596344 0.02722055 0.03193408 0.03607162 0.02989559
 0.03183719 0.03236065 0.0253036  0.02878289 0.03047469 0.03209961
 0.03010779 0.03243048 0.02500842 0.03283892 0.03102877 0.02852177
 0.03092176 0.03320165 0.0361507  0.02971615 0.03225443 0.03531268
 0.03662212 0.02765911 0.02765578 0.02747823 0.02946752 0.0229102
 0.03017544 0.0275905  0.03228121 0.02148574 0.03212178 0.03272973
 0.01893973 0.02680248 0.03002372 0.02983028 0.03472494 0.02782191
 0.02699542 0.0254768  0.02884402 0.03025278 0.0348624  0.03025742
 0.0371355  0.02933841]","[0.03904767 0.02005645 0.02841809 0.02893934 0.04037993 0.03061319
 0.0314384  0.03979774 0.030838   0.02782459 0.03088696 0.03029406
 0.03119053 0.0364403  0.02751047 0.02966371 0.02490807 0.02770959
 0.03048214 0.03151777 0.03379159 0.03448521 0.03849489 0.02743767
 0.03470765 0.03036064 0.03054318 0.02316585 0.02278761 0.02848048
 0.03643579 0.02617845 0.03480572 0.02280047 0.03519949 0.0281917
 0.025371   0.03200802 0.03692748 0.0345241  0.02724579 0.02455865
 0.03065598 0.02655378 0.02699837 0.03151256 0.03818688 0.02874171
 0.04009138 0.03235054]",0.0014641521271688438,0.0006905648926462204,0.0028140180002082862,0.003117644604350937,0.000759986927462093,0.000581611922412193,0.0012743428686294975,0.0016212973926894856,1e-05,1e-05,0.0,0.0,0.061616166484355916,0.05691501156806946,0.0025632911124801993,0.006947981976048568,0.0016952419281005859,0.0018143177032470704,0.00048310294642744153,0.0006042012316167551,0.03000182148990265,0.030830992925966135,0.0037807364857447034,0.004894863276215048
df3,0.47500000000000003,1.0,0.0,0.0,1.3,0.47500000000000003,1.0,"[3.73964604e-04 7.11507895e-04 2.58137431e-05 1.02917236e-05
 4.26159664e-04 4.03308445e-05 1.46749215e-06 1.63732496e-05
 3.27832948e-04 2.58137431e-05 2.51182002e-04 6.24445815e-05
 4.65235514e-06 1.10287908e-04 4.67045972e-05 4.65235514e-06
 3.95729931e-06 5.46398884e-06 5.46398884e-06 3.36269816e-06
 8.06755085e-04 3.73964604e-04 3.73964604e-04 2.51182002e-04
 1.67865304e-03 1.48940867e-03 1.34646549e-02 5.46398884e-06
 7.20954134e-05 1.45688880e-04 1.45688880e-04 2.12592488e-03
 1.10287908e-04 5.25376643e-03 1.40396435e-05 9.13835051e-04
 8.79830246e-06 1.51046944e-07 7.20954134e-05 1.67194217e-04
 1.63732496e-05 5.51757155e-04 4.26159664e-04 4.65235514e-06
 1.16899447e-03 1.10287908e-04 6.41076366e-06 7.20954134e-05
 1.63732496e-05 7.42361542e-07]","[8.31541824e-05 5.51757155e-04 1.02917236e-05 1.04585220e-06
 8.31541824e-05 1.23948622e-06 2.33983459e-08 1.46749215e-06
 1.20265345e-05 5.46398884e-06 4.13773042e-08 1.45688880e-04
 8.72433497e-08 7.42361542e-07 1.40396435e-05 3.27832948e-04
 6.24499263e-07 1.51046944e-07 7.11507895e-04 6.24499263e-07
 2.22014992e-05 5.46398884e-06 7.42361542e-07 2.68158880e-03
 1.67194217e-04 1.40396435e-05 3.77043497e-03 8.81579698e-07
 1.46749215e-06 3.27832948e-04 2.22014992e-05 9.13835051e-04
 2.05084189e-06 2.99835482e-05 1.81007354e-07 4.65235514e-06
 1.91681353e-04 8.86732425e-09 1.23948622e-06 2.99835482e-05
 6.02037032e-08 1.90755446e-05 4.26159664e-04 7.42361542e-07
 1.90755446e-05 2.05084189e-06 1.67865304e-03 1.02917236e-05
 1.20265345e-05 1.07881685e-08]","[3.73964604e-04 7.11507895e-04 2.58137431e-05 1.02917236e-05
 4.26159664e-04 4.03308445e-05 1.46749215e-06 1.63732496e-05
 3.27832948e-04 2.58137431e-05 2.51182002e-04 6.24445815e-05
 4.65235514e-06 1.10287908e-04 4.67045972e-05 4.65235514e-06
 3.95729931e-06 5.46398884e-06 5.46398884e-06 3.36269816e-06
 8.06755085e-04 3.73964604e-04 3.73964604e-04 2.51182002e-04
 1.67865304e-03 1.48940867e-03 1.34646549e-02 5.46398884e-06
 7.20954134e-05 1.45688880e-04 1.45688880e-04 2.12592488e-03
 1.10287908e-04 5.25376643e-03 1.40396435e-05 9.13835051e-04
 8.79830246e-06 1.51046944e-07 7.20954134e-05 1.67194217e-04
 1.63732496e-05 5.51757155e-04 4.26159664e-04 4.65235514e-06
 1.16899447e-03 1.10287908e-04 6.41076366e-06 7.20954134e-05
 1.63732496e-05 7.42361542e-07]","[8.31541824e-05 5.51757155e-04 1.02917236e-05 1.04585220e-06
 8.31541824e-05 1.23948622e-06 2.33983459e-08 1.46749215e-06
 1.20265345e-05 5.46398884e-06 4.13773042e-08 1.45688880e-04
 8.72433497e-08 7.42361542e-07 1.40396435e-05 3.27832948e-04
 6.24499263e-07 1.51046944e-07 7.11507895e-04 6.24499263e-07
 2.22014992e-05 5.46398884e-06 7.42361542e-07 2.68158880e-03
 1.67194217e-04 1.40396435e-05 3.77043497e-03 8.81579698e-07
 1.46749215e-06 3.27832948e-04 2.22014992e-05 9.13835051e-04
 2.05084189e-06 2.99835482e-05 1.81007354e-07 4.65235514e-06
 1.91681353e-04 8.86732425e-09 1.23948622e-06 2.99835482e-05
 6.02037032e-08 1.90755446e-05 4.26159664e-04 7.42361542e-07
 1.90755446e-05 2.05084189e-06 1.67865304e-03 1.02917236e-05
 1.20265345e-05 1.07881685e-08]","[6.85440640e-05 3.18123314e-04 1.39225727e-06 1.78072826e-06
 1.03533222e-03 6.19167347e-05 5.62757201e-06 1.67390313e-05
 3.28623268e-04 9.54558763e-06 5.88212513e-05 4.21424542e-05
 1.31348067e-06 1.38765204e-04 4.19600239e-06 1.81341066e-05
 5.09210889e-06 3.79477028e-06 1.33013175e-05 7.84444101e-07
 1.13994671e-04 2.69822271e-04 2.42666404e-05 2.98882197e-04
 1.20637798e-03 1.77255395e-04 8.42683210e-03 2.83988773e-05
 5.08539251e-05 9.62735396e-05 2.75139446e-05 2.59958138e-04
 3.98550289e-06 9.65472986e-04 4.39605487e-05 9.98470518e-05
 5.31579244e-06 3.43376071e-07 8.91648646e-05 2.09801337e-04
 4.64007056e-06 5.68393537e-04 4.04944635e-05 3.27779211e-06
 7.27293739e-04 7.21946610e-06 5.15644438e-05 1.55356948e-05
 2.26009641e-06 2.28103320e-05]","[2.71725259e-04 1.15932570e-03 1.87280927e-06 4.10917956e-06
 2.78703175e-04 8.30091767e-07 1.13890106e-07 1.57752428e-05
 1.01495835e-05 1.55564477e-05 1.59175594e-07 7.04497546e-05
 1.09303665e-07 4.70668726e-06 3.33558615e-05 2.40716777e-04
 3.58463316e-06 6.75391948e-06 3.41964687e-04 2.67017121e-06
 6.08694467e-06 2.60685040e-05 4.33786483e-05 1.11346421e-03
 8.33901430e-04 9.96824145e-05 1.38678217e-03 5.57333825e-07
 1.41113299e-06 1.07167025e-04 1.63767690e-04 3.89988085e-04
 1.05988684e-05 1.47800462e-04 3.00115181e-07 8.99187262e-06
 5.26745246e-05 1.47884899e-07 1.79192363e-05 4.41467064e-06
 2.72106161e-06 3.66892777e-05 6.47802842e-05 3.46332163e-06
 4.12114664e-05 2.05746019e-05 5.44374371e-03 2.73583313e-04
 4.96402092e-05 1.56677204e-06]","[1.e-05 1.e-05 1.e-05 1.e-05 1.e-05 1.e-05 1.e-05 1.e-05 1.e-05 1.e-05
 1.e-05 1.e-05 1.e-05 1.e-05 1.e-05 1.e-05 1.e-05 1.e-05 1.e-05 1.e-05
 1.e-05 1.e-05 1.e-05 1.e-05 1.e-05 1.e-05 1.e-05 1.e-05 1.e-05 1.e-05
 1.e-05 1.e-05 1.e-05 1.e-05 1.e-05 1.e-05 1.e-05 1.e-05 1.e-05 1.e-05
 1.e-05 1.e-05 1.e-05 1.e-05 1.e-05 1.e-05 1.e-05 1.e-05 1.e-05 1.e-05]","[1.e-05 1.e-05 1.e-05 1.e-05 1.e-05 1.e-05 1.e-05 1.e-05 1.e-05 1.e-05
 1.e-05 1.e-05 1.e-05 1.e-05 1.e-05 1.e-05 1.e-05 1.e-05 1.e-05 1.e-05
 1.e-05 1.e-05 1.e-05 1.e-05 1.e-05 1.e-05 1.e-05 1.e-05 1.e-05 1.e-05
 1.e-05 1.e-05 1.e-05 1.e-05 1.e-05 1.e-05 1.e-05 1.e-05 1.e-05 1.e-05
 1.e-05 1.e-05 1.e-05 1.e-05 1.e-05 1.e-05 1.e-05 1.e-05 1.e-05 1.e-05]","[0.06385881 0.05918996 0.06906781 0.06352697 0.06410193 0.06361197
 0.06814215 0.06816799 0.06306608 0.06267439 0.06701386 0.073291
 0.06137374 0.06114566 0.06827007 0.06255716 0.06801147 0.06412659
 0.06198534 0.06125339 0.0616274  0.06406755 0.06863105 0.05675392
 0.05913129 0.06262483 0.05956982 0.06128074 0.05859014 0.06219346
 0.06555286 0.06577356 0.06320959 0.05731631 0.06329186 0.06574544
 0.06088269 0.06962281 0.06129295 0.05755504 0.06592006 0.06187008
 0.06425842 0.0643709  0.06037712 0.0650472  0.05956093 0.07061107
 0.06226501 0.06302929]","[0.05287223 0.04684663 0.06650085 0.06372316 0.07085653 0.06646338
 0.07546755 0.06886445 0.04732321 0.05590013 0.07384136 0.0640609
 0.0656647  0.06548864 0.05718955 0.05221203 0.06802688 0.05879051
 0.04716915 0.06570372 0.05278733 0.05106815 0.07552556 0.04799523
 0.06224456 0.06191907 0.05446556 0.06373631 0.05839988 0.06196567
 0.05555932 0.06313423 0.06182558 0.058758   0.06274241 0.06050134
 0.05596512 0.06171234 0.05567622 0.05626915 0.07154059 0.0596676
 0.06180015 0.05964774 0.07045418 0.06243388 0.04908463 0.06489783
 0.05863462 0.06110278]","[1.55866444e-07 1.56202247e-06 9.68614129e-09 1.84674559e-07
 1.37577195e-07 1.76838340e-07 1.61249509e-08 1.58985802e-08
 2.33382248e-07 2.84368638e-07 2.97335114e-08 8.67501645e-10
 5.43237624e-07 6.07681410e-07 1.50344688e-08 3.01619891e-07
 1.73182456e-08 1.35842506e-07 4.01366720e-07 5.76371456e-07
 4.79326024e-07 1.40031106e-07 1.23300134e-08 4.84986777e-06
 1.60612822e-06 2.91541880e-07 1.30344725e-06 5.68673521e-07
 2.07377778e-06 3.61835883e-07 6.46770064e-08 5.75765832e-08
 2.17016507e-07 3.74951150e-06 2.08141248e-07 5.84373314e-08
 6.91167988e-07 7.11216548e-09 5.65269981e-07 3.35892470e-06
 5.32876177e-08 4.25024063e-07 1.26924258e-07 1.19766756e-07
 8.83878718e-07 8.42995889e-08 1.30900046e-06 4.07813971e-09
 3.49137264e-07 2.37766303e-07]","[2.67297550e-05 2.97576288e-04 3.91387416e-08 1.67073485e-07
 3.54763986e-09 3.99290781e-08 2.36508428e-10 1.08401519e-08
 2.48557892e-04 7.13315469e-06 6.26780460e-10 1.40510795e-07
 6.09785937e-08 6.68983196e-08 3.97429287e-06 3.53054069e-05
 1.71732013e-08 1.88707175e-06 2.63502324e-04 5.97372832e-08
 2.77090000e-05 5.67053624e-05 2.28336545e-10 1.92245178e-04
 3.52722598e-07 4.14808773e-07 1.34611917e-05 1.65953942e-07
 2.26746345e-06 4.05310983e-07 8.30721056e-06 2.25466237e-07
 4.34513799e-07 1.91622935e-06 2.74800031e-07 8.32209590e-07
 6.92817181e-06 4.59595809e-07 7.88500718e-06 6.04193782e-06
 2.39971798e-09 1.24388749e-06 4.40027700e-07 1.25576801e-06
 4.45691973e-09 3.20853290e-07 1.25789758e-04 9.11266354e-08
 2.03085511e-06 6.20595581e-07]","[0.00103807 0.00200796 0.00271475 0.00189638 0.00259721 0.00192547
 0.00185227 0.00164092 0.00146687 0.00188255 0.00137281 0.00164771
 0.00150883 0.0030154  0.00278521 0.00207007 0.0026902  0.00325596
 0.00174356 0.0018369  0.00130427 0.00156271 0.00287986 0.00126827
 0.00174236 0.00167727 0.0014298  0.00185144 0.00128055 0.00221884
 0.00228524 0.00252211 0.00254202 0.00107455 0.00115228 0.00191164
 0.00236213 0.00168586 0.00118494 0.00115585 0.00226295 0.00144005
 0.00218642 0.00166655 0.00182378 0.00220418 0.00121605 0.0017482
 0.00308549 0.00198042]","[0.00097859 0.00150931 0.00231552 0.00195801 0.00238276 0.00279915
 0.0020839  0.00217605 0.00101006 0.001212   0.00174236 0.00229919
 0.00173616 0.00357056 0.00268006 0.00117338 0.00276256 0.00226319
 0.00098276 0.001647   0.00152624 0.00141823 0.00339723 0.00105155
 0.00194252 0.00225246 0.00197244 0.00181103 0.00169063 0.00184262
 0.0018357  0.00344372 0.00301445 0.00098181 0.00195873 0.00192559
 0.00182605 0.00151968 0.00104082 0.0014888  0.00201559 0.00215745
 0.00258243 0.00152898 0.00238681 0.00147653 0.00071871 0.00089633
 0.00256348 0.0022999 ]","[0.02583613 0.0313491  0.03717551 0.03165959 0.03642162 0.03081007
 0.03093808 0.02891639 0.02809165 0.03070411 0.02740974 0.02866229
 0.02836846 0.03863828 0.03869593 0.03369044 0.0378106  0.04016469
 0.03126375 0.03040971 0.02672746 0.02894913 0.03780362 0.02596805
 0.03058585 0.03001602 0.02725012 0.03101803 0.02621927 0.03442151
 0.03330949 0.03612934 0.03642967 0.02477767 0.02651054 0.03213953
 0.03484403 0.0287731  0.02446638 0.02707629 0.03378987 0.02757635
 0.03284451 0.03057542 0.03119179 0.03315445 0.02598416 0.03134899
 0.03893315 0.03219204]","[0.02539172 0.02959189 0.03383863 0.03040249 0.03457618 0.03901444
 0.03315328 0.03316079 0.02428438 0.02592535 0.02999432 0.03567472
 0.03079051 0.04262812 0.0376868  0.02486719 0.03743034 0.03321721
 0.02252734 0.02941678 0.02834499 0.02865427 0.03874759 0.02531767
 0.03126277 0.03568256 0.03489869 0.03287426 0.03123452 0.0301053
 0.02969314 0.04219876 0.04008375 0.02335286 0.03390392 0.02992359
 0.03027681 0.03101702 0.02366321 0.02818989 0.03084545 0.03344871
 0.03677931 0.02811288 0.03437088 0.02807854 0.01942964 0.02297744
 0.03502177 0.0333104 ]",0.0006461037452592216,0.00024613551381917165,0.0020323647026497436,0.0006902001079773962,0.0003195156136202648,0.00025631419189253935,0.0012021987059802114,0.0008106201899279517,1e-05,1e-05,0.0,0.0,0.06352919444680213,0.060689612135887146,0.00359456232073661,0.007258814639624093,0.0019131040573120118,0.001916980743408203,0.00056786928607702,0.0006799660542999494,0.031360438997829324,0.031307461153808974,0.00414635220108714,0.005208095677404086
df3,0.5,1.0,0.0,0.0,1.3,0.5,1.0,"[1.04585220e-06 1.40396435e-05 1.26822204e-04 1.10287908e-04
 8.31541824e-05 1.31118659e-08 2.87103585e-04 1.90755446e-05
 1.02917236e-05 1.32017364e-03 2.99835482e-05 5.12353012e-10
 8.79830246e-06 7.51402754e-06 4.65235514e-06 1.02917236e-05
 1.67194217e-04 4.65235514e-06 6.41076366e-06 4.67045972e-05
 1.67194217e-04 8.81579698e-07 2.87103585e-04 1.26822204e-04
 2.58137431e-05 5.51757155e-04 4.85152370e-04 2.16691945e-07
 1.90755446e-05 6.41076366e-06 1.26822204e-04 3.27832948e-04
 2.51182002e-04 7.42361542e-07 1.32017364e-03 2.85456402e-06
 2.22014992e-05 2.85456402e-06 1.25918603e-07 4.65235514e-06
 6.41076366e-06 1.10287908e-04 8.79830246e-06 4.67045972e-05
 9.58129418e-05 3.27832948e-04 9.13835051e-04 5.51757155e-04
 5.24820678e-07 3.95729931e-06]","[1.04585220e-06 6.24499263e-07 5.40313022e-05 1.90755446e-05
 4.03308445e-05 2.71047184e-10 6.26876255e-04 1.73569175e-06
 1.89004559e-03 8.79830246e-06 1.91681353e-04 9.19151252e-11
 1.81007354e-07 2.05084189e-06 8.72433497e-08 1.20265345e-05
 2.59150246e-07 2.42077577e-06 1.40396435e-05 4.67045972e-05
 7.20954134e-05 2.16691945e-07 1.20265345e-05 2.51182002e-04
 3.95729931e-06 2.05084189e-06 3.36269816e-06 9.58129418e-05
 3.42511079e-08 4.67045972e-05 4.65235514e-06 5.40313022e-05
 6.24445815e-05 2.18488808e-09 8.31541824e-05 3.42511079e-08
 8.72433497e-08 1.25918603e-07 1.59199965e-08 4.13773042e-08
 1.48940867e-03 3.47919250e-05 6.24499263e-07 1.81007354e-07
 8.79830246e-06 9.58129418e-05 2.51182002e-04 2.22014992e-05
 4.00670801e-09 3.09615598e-07]","[1.04585220e-06 1.40396435e-05 1.26822204e-04 1.10287908e-04
 8.31541824e-05 1.31118659e-08 2.87103585e-04 1.90755446e-05
 1.02917236e-05 1.32017364e-03 2.99835482e-05 5.12353012e-10
 8.79830246e-06 7.51402754e-06 4.65235514e-06 1.02917236e-05
 1.67194217e-04 4.65235514e-06 6.41076366e-06 4.67045972e-05
 1.67194217e-04 8.81579698e-07 2.87103585e-04 1.26822204e-04
 2.58137431e-05 5.51757155e-04 4.85152370e-04 2.16691945e-07
 1.90755446e-05 6.41076366e-06 1.26822204e-04 3.27832948e-04
 2.51182002e-04 7.42361542e-07 1.32017364e-03 2.85456402e-06
 2.22014992e-05 2.85456402e-06 1.25918603e-07 4.65235514e-06
 6.41076366e-06 1.10287908e-04 8.79830246e-06 4.67045972e-05
 9.58129418e-05 3.27832948e-04 9.13835051e-04 5.51757155e-04
 5.24820678e-07 3.95729931e-06]","[1.04585220e-06 6.24499263e-07 5.40313022e-05 1.90755446e-05
 4.03308445e-05 2.71047184e-10 6.26876255e-04 1.73569175e-06
 1.89004559e-03 8.79830246e-06 1.91681353e-04 9.19151252e-11
 1.81007354e-07 2.05084189e-06 8.72433497e-08 1.20265345e-05
 2.59150246e-07 2.42077577e-06 1.40396435e-05 4.67045972e-05
 7.20954134e-05 2.16691945e-07 1.20265345e-05 2.51182002e-04
 3.95729931e-06 2.05084189e-06 3.36269816e-06 9.58129418e-05
 3.42511079e-08 4.67045972e-05 4.65235514e-06 5.40313022e-05
 6.24445815e-05 2.18488808e-09 8.31541824e-05 3.42511079e-08
 8.72433497e-08 1.25918603e-07 1.59199965e-08 4.13773042e-08
 1.48940867e-03 3.47919250e-05 6.24499263e-07 1.81007354e-07
 8.79830246e-06 9.58129418e-05 2.51182002e-04 2.22014992e-05
 4.00670801e-09 3.09615598e-07]","[9.40687656e-08 1.22172016e-06 5.46031909e-06 2.32930329e-04
 1.28646588e-05 6.70934019e-09 3.77467162e-04 2.16227180e-05
 5.17349450e-06 4.69284438e-04 1.54025610e-05 9.80535074e-08
 5.72215255e-06 5.40980656e-06 2.82877405e-07 5.34906246e-06
 3.09571430e-06 2.26217219e-05 1.89382623e-06 9.55218392e-06
 1.17162132e-04 3.84842049e-06 5.48279285e-04 1.31427611e-05
 1.37812019e-05 4.11859597e-04 3.23021756e-05 2.97703662e-08
 8.41015635e-06 2.40383833e-06 1.65283957e-04 4.46210607e-05
 2.03770490e-05 2.67696488e-06 6.13641409e-04 1.12310552e-05
 5.06287391e-05 8.76164362e-07 7.23614973e-07 9.78433144e-07
 1.88877930e-05 1.00712018e-05 7.82347146e-06 3.51914536e-05
 2.33329301e-05 2.97615254e-05 1.23262605e-04 1.75812869e-04
 3.06483206e-06 4.66721768e-06]","[8.76406024e-06 5.35765642e-06 1.22999400e-04 2.46326580e-06
 1.93528230e-04 2.61105348e-09 1.74163946e-03 1.76033066e-05
 3.29408415e-04 2.31806538e-05 1.27990598e-04 1.53979940e-10
 1.51158239e-06 3.80715102e-06 6.10072927e-07 1.71315690e-05
 6.71648704e-06 3.34421153e-06 1.02063346e-05 8.05423091e-05
 1.05421153e-04 1.51822230e-06 2.53262435e-05 2.00773276e-04
 6.86377785e-06 2.91904702e-05 6.34294464e-06 2.11474771e-05
 6.06782821e-08 1.84827008e-04 9.49173409e-06 3.99587296e-05
 2.47697225e-04 1.25186170e-08 8.34515088e-04 5.37612551e-08
 2.84361827e-06 1.25248570e-06 1.37139210e-07 3.04608144e-08
 2.43376460e-04 2.47319504e-05 2.49781137e-06 1.68760548e-07
 3.37958197e-06 2.03686270e-04 3.84853411e-04 4.73518679e-05
 7.41328932e-09 1.27143671e-05]","[1.e-05 1.e-05 1.e-05 1.e-05 1.e-05 1.e-05 1.e-05 1.e-05 1.e-05 1.e-05
 1.e-05 1.e-05 1.e-05 1.e-05 1.e-05 1.e-05 1.e-05 1.e-05 1.e-05 1.e-05
 1.e-05 1.e-05 1.e-05 1.e-05 1.e-05 1.e-05 1.e-05 1.e-05 1.e-05 1.e-05
 1.e-05 1.e-05 1.e-05 1.e-05 1.e-05 1.e-05 1.e-05 1.e-05 1.e-05 1.e-05
 1.e-05 1.e-05 1.e-05 1.e-05 1.e-05 1.e-05 1.e-05 1.e-05 1.e-05 1.e-05]","[1.e-05 1.e-05 1.e-05 1.e-05 1.e-05 1.e-05 1.e-05 1.e-05 1.e-05 1.e-05
 1.e-05 1.e-05 1.e-05 1.e-05 1.e-05 1.e-05 1.e-05 1.e-05 1.e-05 1.e-05
 1.e-05 1.e-05 1.e-05 1.e-05 1.e-05 1.e-05 1.e-05 1.e-05 1.e-05 1.e-05
 1.e-05 1.e-05 1.e-05 1.e-05 1.e-05 1.e-05 1.e-05 1.e-05 1.e-05 1.e-05
 1.e-05 1.e-05 1.e-05 1.e-05 1.e-05 1.e-05 1.e-05 1.e-05 1.e-05 1.e-05]","[0.06516961 0.06560778 0.06117128 0.07171844 0.06266659 0.06789119
 0.06146236 0.06242163 0.05877625 0.06318072 0.06272498 0.06839792
 0.07114388 0.06464391 0.06698502 0.0663037  0.06678162 0.06354199
 0.06725961 0.06565966 0.06505808 0.06575372 0.06529448 0.06502277
 0.06854895 0.06173418 0.06515902 0.06174162 0.06736705 0.06584335
 0.06702623 0.06131457 0.06571113 0.06432587 0.06241335 0.06094057
 0.06229249 0.06518599 0.06651358 0.07281882 0.06228153 0.06063077
 0.06195057 0.0695678  0.06273211 0.06084745 0.06283786 0.06434061
 0.06409407 0.06782872]","[0.0624807  0.06583892 0.05487091 0.05768451 0.06592907 0.07452846
 0.05123251 0.05711039 0.05614102 0.07253258 0.0638784  0.06394496
 0.07031    0.06748829 0.06624958 0.06778026 0.05958486 0.05559374
 0.05915762 0.06332942 0.0580742  0.06254252 0.05679824 0.0583495
 0.06236843 0.05943216 0.07702211 0.04937754 0.06787633 0.05763529
 0.0629574  0.05965874 0.06353801 0.07761188 0.06124452 0.05676986
 0.06790866 0.06412663 0.07321046 0.07677081 0.04577582 0.04610312
 0.05427964 0.06957084 0.06140533 0.05389771 0.05348612 0.05643272
 0.06317821 0.07179452]","[7.90769265e-08 6.28346378e-08 6.00090781e-07 2.16646928e-09
 2.85486008e-07 1.84923478e-08 5.20024495e-07 3.22828342e-07
 1.89980601e-06 2.20216416e-07 2.77221207e-07 1.40164442e-08
 3.01176923e-09 1.03982959e-07 3.01982192e-08 4.34742517e-08
 3.36818131e-08 1.83265827e-07 2.60461526e-08 6.11408301e-08
 8.38221862e-08 5.81825843e-08 7.40735343e-08 8.53811823e-08
 1.29000277e-08 4.54651579e-07 7.95161436e-08 4.52980129e-07
 2.45774655e-08 5.54930327e-08 2.95363377e-08 5.59291036e-07
 5.95044984e-08 1.22584112e-07 3.24169637e-07 6.71892613e-07
 3.44377089e-07 7.84023092e-08 3.88736934e-08 1.14426590e-09
 3.46268132e-07 7.81476900e-07 4.08364462e-07 7.33408350e-09
 2.76229237e-07 7.03166656e-07 2.61898197e-07 1.21654373e-07
 1.38134493e-07 1.91323073e-08]","[3.13412886e-07 5.56229838e-08 1.12688939e-05 3.16380125e-06
 5.30342149e-08 4.16297572e-10 5.30073362e-05 4.12117655e-06
 6.40127472e-06 1.35222329e-09 1.54309355e-07 1.49130993e-07
 4.83513054e-09 2.30168794e-08 4.47437258e-08 1.96435040e-08
 1.29411443e-06 8.18067581e-06 1.58618493e-06 2.04207786e-07
 2.64011702e-06 3.03843775e-07 4.75294150e-06 2.32159710e-06
 3.31542451e-07 1.39198461e-06 9.13198303e-11 1.12050044e-04
 1.86426163e-08 3.23665669e-06 2.46564746e-07 1.24917591e-06
 1.83637967e-07 6.33228120e-11 5.78890431e-07 4.81478567e-06
 1.83171304e-08 1.35839773e-07 9.09571008e-10 1.06646623e-10
 4.42944797e-04 3.92618862e-04 1.45982747e-05 7.32166320e-09
 5.34850740e-07 1.72294778e-05 2.05712918e-05 5.61128344e-06
 2.20496602e-07 2.07357956e-09]","[0.0042032  0.00214779 0.00176084 0.00137711 0.00261652 0.0029726
 0.00223923 0.00227511 0.00255144 0.00190485 0.00210977 0.00179207
 0.00252676 0.00264978 0.00232673 0.00233138 0.00236654 0.00181246
 0.00186574 0.00250793 0.00218248 0.00239027 0.00203025 0.00166893
 0.00176942 0.00117052 0.00282311 0.00230908 0.0027473  0.0024823
 0.00219285 0.00152361 0.00176084 0.00240266 0.00154257 0.00127029
 0.00145733 0.00269806 0.0021162  0.00257504 0.00132179 0.00214052
 0.00261927 0.00161695 0.00278568 0.00184321 0.00190711 0.00161242
 0.00336647 0.00221503]","[0.00354242 0.00173867 0.00210166 0.00075126 0.00238562 0.00285208
 0.00181615 0.00108993 0.00221252 0.00200868 0.00221658 0.00236404
 0.00284219 0.00214827 0.00234675 0.00245345 0.00248945 0.00159621
 0.00169981 0.00320303 0.00173545 0.00180995 0.00240827 0.00118947
 0.00148034 0.00167513 0.00378001 0.00110912 0.00334382 0.00168943
 0.00250816 0.00140762 0.00198352 0.00253034 0.00103915 0.00207222
 0.00160706 0.00231719 0.00202274 0.00235331 0.00087965 0.001073
 0.0029186  0.00187409 0.00329208 0.00118375 0.00196373 0.00199485
 0.00366807 0.00206494]","[0.04509323 0.03339864 0.03012954 0.02807601 0.03665674 0.03805871
 0.0344999  0.03448987 0.03690042 0.03180691 0.03339871 0.03156157
 0.0358916  0.03614472 0.03461055 0.0350487  0.03621427 0.03117758
 0.03104604 0.0355175  0.03418133 0.03538306 0.03173263 0.02988705
 0.03081115 0.02630901 0.03693634 0.03408539 0.03903207 0.03582285
 0.03309158 0.0289343  0.03029863 0.03517991 0.02806902 0.0271944
 0.02744443 0.03713373 0.03247663 0.03620403 0.02656429 0.03297867
 0.03740958 0.02977686 0.038186   0.03235878 0.03044161 0.02922354
 0.04105784 0.03387559]","[0.04119132 0.03126615 0.03470604 0.02190496 0.0331136  0.03770279
 0.03120918 0.02436396 0.03406211 0.03234319 0.03250345 0.03431826
 0.03734828 0.03289561 0.03511769 0.03494119 0.03571141 0.03037571
 0.0300657  0.04031635 0.02875233 0.0294183  0.03506357 0.02518177
 0.02776617 0.03167824 0.0439685  0.02388835 0.04197756 0.02887613
 0.03490301 0.02764599 0.03343188 0.03622958 0.02364097 0.03301838
 0.02871574 0.03234448 0.03227517 0.03368694 0.02384259 0.02355343
 0.04059568 0.03324169 0.04054612 0.0252469  0.03310751 0.03375573
 0.04069116 0.03469721]",0.00016108002997473246,0.00011014724887632654,0.00030180370660709105,0.00034371519162254105,7.379374525965598e-05,0.00010674078858829095,0.00014915344772788362,0.0002765665949040177,1e-05,1e-05,0.0,0.0,0.0648137085032463,0.06209727108478546,0.0030338038829407924,0.007587433218400394,0.002177588939666748,0.002096676826477051,0.0005644238936348913,0.0007280877040393342,0.033436030652594574,0.0325439604227774,0.003885211842181189,0.005306620331799876
