setting,delta,mu1,mu2,pval,pval_base,ks_p_prop,ks_p_base,cvm_p_prop,cvm_p_base,ad_p_prop,ad_p_base,ks_u_stat_prop,ks_u_stat_base,ks_u_p_prop,ks_u_p_base,mmd_u_prop,mmd_u_base,wass_u_prop,wass_u_base,ks_p_prop_mean,ks_p_base_mean,ks_p_prop_std,ks_p_base_std,cvm_p_prop_mean,cvm_p_base_mean,cvm_p_prop_std,cvm_p_base_std,ad_p_prop_mean,ad_p_base_mean,ad_p_prop_std,ad_p_base_std,ks_u_stat_prop_mean,ks_u_stat_base_mean,ks_u_stat_prop_std,ks_u_stat_base_std,mmd_u_prop_mean,mmd_u_base_mean,mmd_u_prop_std,mmd_u_base_std,wass_u_prop_mean,wass_u_base_mean,wass_u_prop_std,wass_u_base_std
df1,0.0,0.0,0.0,"[0.77002924 0.25747545 0.43609338 0.25747545 0.93482727 0.31007573
 0.16077182 0.69212796 0.27423335 0.61225166 0.58582128 0.1200888
 0.79482654 0.93482727 0.91946676 0.79482654 0.74453538 0.94837208
 0.61225166 0.69212796 0.90235528 0.3490397  0.27423335 0.69212796
 0.84163603 0.00725489 0.8633028  0.19796045 0.91946676 0.88359176
 0.91946676 0.01100057 0.66552932 0.97808957 0.50859953 0.93482727
 0.00895146 0.58582128 0.61225166 0.21173982 0.81875363 0.96007647
 0.21173982 0.18488568 0.84163603 0.79482654 0.41323244 0.61225166
 0.74453538 0.32916807]","[0.18488568 0.96996014 0.21173982 0.27423335 0.84163603 0.90235528
 0.66552932 0.91946676 0.77002924 0.77002924 0.09546732 0.3490397
 0.50859953 0.43609338 0.94837208 0.66552932 0.88359176 0.66552932
 0.50859953 0.79482654 0.39108739 0.11135888 0.29176485 0.11135888
 0.74453538 0.32916807 0.39108739 0.48382277 0.81875363 0.91946676
 0.96007647 0.03181713 0.39108739 0.63886042 0.81875363 0.63886042
 0.0539576  0.74453538 0.90235528 0.16077182 0.8633028  0.97808957
 0.01809676 0.09546732 0.97808957 0.43609338 0.90235528 0.61225166
 0.8633028  0.43609338]","[0.77002924 0.25747545 0.43609338 0.25747545 0.93482727 0.31007573
 0.16077182 0.69212796 0.27423335 0.61225166 0.58582128 0.1200888
 0.79482654 0.93482727 0.91946676 0.79482654 0.74453538 0.94837208
 0.61225166 0.69212796 0.90235528 0.3490397  0.27423335 0.69212796
 0.84163603 0.00725489 0.8633028  0.19796045 0.91946676 0.88359176
 0.91946676 0.01100057 0.66552932 0.97808957 0.50859953 0.93482727
 0.00895146 0.58582128 0.61225166 0.21173982 0.81875363 0.96007647
 0.21173982 0.18488568 0.84163603 0.79482654 0.41323244 0.61225166
 0.74453538 0.32916807]","[0.18488568 0.96996014 0.21173982 0.27423335 0.84163603 0.90235528
 0.66552932 0.91946676 0.77002924 0.77002924 0.09546732 0.3490397
 0.50859953 0.43609338 0.94837208 0.66552932 0.88359176 0.66552932
 0.50859953 0.79482654 0.39108739 0.11135888 0.29176485 0.11135888
 0.74453538 0.32916807 0.39108739 0.48382277 0.81875363 0.91946676
 0.96007647 0.03181713 0.39108739 0.63886042 0.81875363 0.63886042
 0.0539576  0.74453538 0.90235528 0.16077182 0.8633028  0.97808957
 0.01809676 0.09546732 0.97808957 0.43609338 0.90235528 0.61225166
 0.8633028  0.43609338]","[0.83567248 0.31516813 0.3474314  0.26279024 0.79075621 0.38768342
 0.21591962 0.85301408 0.23242928 0.90767979 0.49849675 0.08533643
 0.72864974 0.91748302 0.95884173 0.87956376 0.62841766 0.96897501
 0.81296078 0.60047893 0.94118562 0.30590879 0.28059258 0.90372778
 0.83733299 0.00892052 0.87092142 0.3222622  0.84074478 0.92117143
 0.8821037  0.02399492 0.55434495 0.94462232 0.42919656 0.95730782
 0.00710544 0.56634563 0.66980115 0.05929118 0.83586715 0.94183087
 0.12109357 0.13083751 0.74837475 0.87321946 0.32572879 0.54358309
 0.76035191 0.25524139]","[0.2385772  0.99169852 0.14307466 0.2551237  0.91071434 0.74374167
 0.56927679 0.89247542 0.56498988 0.65884898 0.48733902 0.16918878
 0.41482555 0.5100227  0.88850101 0.62375243 0.87793039 0.58178925
 0.39299771 0.71212494 0.30978115 0.22740856 0.19813665 0.19970199
 0.6515821  0.22826528 0.22716422 0.36127116 0.62636201 0.93196163
 0.939519   0.05052082 0.28984146 0.70633501 0.57684051 0.36687457
 0.0962013  0.6169727  0.85424753 0.07278104 0.93286247 0.93452372
 0.03138635 0.07660175 0.96570208 0.63300429 0.83503777 0.54657163
 0.74155955 0.35617414]","[2.50000000e-03 2.50000000e-03 2.50000000e-03 2.50000000e-03
 2.50000000e-03 2.50000000e-03 1.67598522e-03 2.50000000e-03
 1.93065973e-03 2.50000000e-03 2.50000000e-03 9.77781071e-04
 2.50000000e-03 2.50000000e-03 2.50000000e-03 2.50000000e-03
 2.50000000e-03 2.50000000e-03 2.50000000e-03 2.50000000e-03
 2.50000000e-03 2.36616617e-03 2.50000000e-03 2.50000000e-03
 2.50000000e-03 1.36962923e-04 2.50000000e-03 2.50000000e-03
 2.50000000e-03 2.50000000e-03 2.50000000e-03 1.97101836e-04
 2.50000000e-03 2.50000000e-03 2.50000000e-03 2.50000000e-03
 9.60365731e-05 2.50000000e-03 2.50000000e-03 6.64940555e-04
 2.50000000e-03 2.50000000e-03 1.13744056e-03 1.33278952e-03
 2.50000000e-03 2.50000000e-03 2.50000000e-03 2.50000000e-03
 2.50000000e-03 2.29738786e-03]","[0.0025     0.0025     0.00131613 0.00233253 0.0025     0.0025
 0.0025     0.0025     0.0025     0.0025     0.0025     0.00203784
 0.0025     0.0025     0.0025     0.0025     0.0025     0.0025
 0.0025     0.0025     0.0025     0.00198589 0.00200561 0.0025
 0.0025     0.0025     0.0025     0.0025     0.0025     0.0025
 0.0025     0.00052771 0.0025     0.0025     0.0025     0.0025
 0.00077922 0.0025     0.0025     0.00092111 0.0025     0.0025
 0.00038591 0.00091663 0.0025     0.0025     0.0025     0.0025
 0.0025     0.0025    ]","[0.02057856 0.02277669 0.02897742 0.03478033 0.02773246 0.02715932
 0.03257933 0.02599816 0.02027868 0.02311803 0.01538224 0.0327991
 0.01967134 0.0182387  0.03006949 0.02105691 0.02604464 0.02313031
 0.02936021 0.02688389 0.02159558 0.04067244 0.02365023 0.02109724
 0.01449421 0.01867127 0.02378835 0.02902106 0.02404734 0.01820755
 0.02391074 0.0336285  0.02007704 0.02153693 0.01994041 0.02463376
 0.03257928 0.01842255 0.02455372 0.04085862 0.02127297 0.02524649
 0.0320873  0.02044796 0.02391716 0.02485743 0.01861929 0.02363252
 0.01981804 0.02580405]","[0.0292421  0.0188757  0.0209747  0.01808422 0.01615363 0.01779607
 0.01771449 0.01578584 0.02012092 0.01669614 0.01681697 0.02450524
 0.02253212 0.01962359 0.01598002 0.02468066 0.02040781 0.01357933
 0.01389291 0.02794621 0.01943825 0.02877271 0.03342776 0.02088378
 0.01518224 0.02275105 0.01794567 0.0153208  0.01317967 0.03008704
 0.02886748 0.03683889 0.01782938 0.02169953 0.02122876 0.02351523
 0.03325023 0.03084506 0.03056269 0.01860757 0.02260971 0.01528992
 0.03755483 0.01326727 0.02866917 0.03282359 0.02345724 0.01696451
 0.01730735 0.03073845]","[0.36044413 0.24683235 0.06820534 0.01546004 0.09053865 0.10271796
 0.02802207 0.13157294 0.37826558 0.23186068 0.72517158 0.02645259
 0.41600622 0.51299403 0.05265762 0.33315968 0.13030262 0.23133509
 0.06236032 0.10903808 0.30414024 0.00259889 0.20989625 0.3309243
 0.78909442 0.48263795 0.20446519 0.06751623 0.19457358 0.51521137
 0.19974341 0.02120714 0.39055409 0.30721161 0.39901828 0.1735523
 0.02802243 0.49998973 0.17631115 0.00244539 0.3213021  0.15354584
 0.03183725 0.36813814 0.19949795 0.16602295 0.48624095 0.21060047
 0.40669205 0.1369866 ]","[0.06411639 0.46859529 0.33774769 0.52402923 0.66746138 0.54485866
 0.55080913 0.69511578 0.38785943 0.62655375 0.61746422 0.17799918
 0.25799332 0.41906457 0.68053564 0.17195173 0.37052442 0.84944404
 0.82957226 0.08631735 0.43105655 0.07151842 0.02238378 0.34287134
 0.7398845  0.24798566 0.53400635 0.72970647 0.87330306 0.05243515
 0.06996803 0.00855815 0.54243575 0.29874868 0.32370478 0.2153113
 0.02347232 0.04356578 0.04670437 0.48705456 0.25441307 0.73198082
 0.00691196 0.86822454 0.07324546 0.02628257 0.21766964 0.60639103
 0.58081005 0.0447285 ]","[-6.00814819e-05 -9.93013382e-05  1.36494637e-04  5.61714172e-04
  5.29289246e-05  4.08887863e-05  5.47170639e-05 -3.48091125e-05
 -1.53541565e-04  1.27911568e-04 -1.34229660e-04 -1.13844872e-04
 -1.75118446e-04 -1.41024590e-04  1.25527382e-04 -2.27689743e-05
  4.29153442e-06 -9.27448273e-05  3.45945358e-04 -1.34348869e-04
 -1.31607056e-04  6.83188438e-04  2.18272209e-04 -1.14917755e-04
 -1.11699104e-04 -1.80125237e-04  3.17335129e-04 -1.43408775e-04
  1.56164169e-05  1.89542770e-05  1.32679939e-04 -4.23192978e-05
 -1.20639801e-04  7.92741776e-05 -1.41143799e-04  2.59995461e-04
  3.52859497e-04 -1.52349472e-04  1.30176544e-04  3.38792801e-04
 -1.74522400e-04 -1.69992447e-04  1.13010406e-04 -1.59263611e-04
  5.51939011e-05  5.42402267e-05 -9.40561295e-05 -1.37567520e-04
 -1.63316727e-04  1.05619431e-04]","[-3.38554382e-05 -1.22785568e-04  5.96046448e-06  4.07695770e-05
 -1.71661377e-04 -2.04086304e-04  3.87430191e-05 -3.83853912e-05
 -4.05311584e-05 -4.00543213e-05 -1.59025192e-04 -1.84893608e-04
 -3.09944153e-06 -2.38418579e-05 -1.77383423e-04 -1.51753426e-04
  1.57356262e-04 -1.53899193e-04 -1.09195709e-04 -3.77893448e-05
 -1.81078911e-04  3.80039215e-04  4.23192978e-04 -1.22427940e-04
  4.99486923e-05 -1.28626823e-04  2.55942345e-04 -1.69873238e-04
 -1.70350075e-04 -1.67369843e-04  4.70876694e-04  1.82509422e-04
 -4.12464142e-05  6.15119934e-05 -1.19686127e-04 -1.54137611e-04
  3.76820564e-04 -1.65462494e-04  1.49250031e-04 -1.39594078e-04
  6.42538071e-05 -1.44004822e-04  5.40733337e-04 -1.31726265e-04
  3.54528427e-04 -1.98125839e-04 -9.11951065e-05 -1.60336494e-04
 -5.99622726e-05  8.20159912e-05]","[0.00993207 0.01050027 0.01325198 0.02099318 0.01435797 0.01227878
 0.01074185 0.01058882 0.00810411 0.01526983 0.00676695 0.00791018
 0.00726228 0.00779574 0.0138813  0.01227343 0.01216483 0.00996558
 0.01776346 0.00802987 0.00854223 0.02030196 0.01493777 0.00907482
 0.00777848 0.00651195 0.01744328 0.00857476 0.01119928 0.01354412
 0.01343321 0.01230403 0.00845348 0.01257808 0.00817504 0.01611977
 0.01707085 0.00730128 0.01578514 0.01791385 0.00679681 0.00761148
 0.01322577 0.00731846 0.01366317 0.01306605 0.00963657 0.00804514
 0.00701872 0.01399329]","[0.00984362 0.00877309 0.01002337 0.01156211 0.00678461 0.00463308
 0.01146534 0.01017175 0.01137247 0.01119204 0.00608058 0.0056524
 0.01091639 0.00884208 0.00600105 0.0081017  0.01301259 0.00627915
 0.00805783 0.01101014 0.00672697 0.0159054  0.01670198 0.00702678
 0.01118566 0.00742095 0.01737931 0.00697975 0.00663085 0.00577469
 0.0179878  0.01509495 0.01047333 0.01155376 0.00840761 0.00651218
 0.01796035 0.00541123 0.01381058 0.00726699 0.01300509 0.00676959
 0.01805533 0.00715014 0.01901594 0.00491559 0.00880954 0.0063362
 0.00928423 0.01143771]",0.5826171500957125,0.5696427076922873,0.2995383536313429,0.30575520506606013,0.5818151747234379,0.524243707044956,0.31613994270989476,0.2916119623617263,0.002206265040367067,0.002264171681001265,0.0006681012954020088,0.0005602053157837346,0.024754117647409438,0.02220648899912834,0.005763222978351338,0.0065391218969399565,2.2537708282470703e-05,-7.259845733642578e-06,0.00019508894837413492,0.0001930980203653001,0.0115450271511947,0.01001531786148513,0.0037749402848509207,0.003906575021255683
df1,0.05,0.0,0.05,"[0.3490397  0.08825991 0.63886042 0.24148215 0.18488568 0.53390728
 0.53390728 0.00421554 0.29176485 0.14969106 0.79482654 0.25747545
 0.8633028  0.3490397  0.79482654 0.50859953 0.32916807 0.22624166
 0.66552932 0.81875363 0.3490397  0.91946676 0.63886042 0.43609338
 0.99589898 0.93482727 0.11135888 0.01641475 0.96996014 0.139232
 0.14969106 0.02646763 0.79482654 0.00336895 0.50859953 0.81875363
 0.88359176 0.01487416 0.8633028  0.3490397  0.24148215 0.17249627
 0.43609338 0.81875363 0.25747545 0.84163603 0.09546732 0.69212796
 0.31007573 0.84163603]","[0.69212796 0.08151459 0.84163603 0.12937218 0.71851426 0.81875363
 0.139232   0.00806269 0.25747545 0.16077182 0.63886042 0.139232
 0.08151459 0.08825991 0.63886042 0.27423335 0.27423335 0.39108739
 0.25747545 0.41323244 0.50859953 0.06383124 0.66552932 0.27423335
 0.71851426 0.43609338 0.74453538 0.06383124 0.19796045 0.94837208
 0.29176485 0.00992823 0.97808957 0.69212796 0.71851426 0.31007573
 0.29176485 0.09546732 0.58582128 0.93482727 0.71851426 0.05871658
 0.06932183 0.39108739 0.22624166 0.8633028  0.55967522 0.61225166
 0.58582128 0.31007573]","[0.3490397  0.08825991 0.63886042 0.24148215 0.18488568 0.53390728
 0.53390728 0.00421554 0.29176485 0.14969106 0.79482654 0.25747545
 0.8633028  0.3490397  0.79482654 0.50859953 0.32916807 0.22624166
 0.66552932 0.81875363 0.3490397  0.91946676 0.63886042 0.43609338
 0.99589898 0.93482727 0.11135888 0.01641475 0.96996014 0.139232
 0.14969106 0.02646763 0.79482654 0.00336895 0.50859953 0.81875363
 0.88359176 0.01487416 0.8633028  0.3490397  0.24148215 0.17249627
 0.43609338 0.81875363 0.25747545 0.84163603 0.09546732 0.69212796
 0.31007573 0.84163603]","[0.69212796 0.08151459 0.84163603 0.12937218 0.71851426 0.81875363
 0.139232   0.00806269 0.25747545 0.16077182 0.63886042 0.139232
 0.08151459 0.08825991 0.63886042 0.27423335 0.27423335 0.39108739
 0.25747545 0.41323244 0.50859953 0.06383124 0.66552932 0.27423335
 0.71851426 0.43609338 0.74453538 0.06383124 0.19796045 0.94837208
 0.29176485 0.00992823 0.97808957 0.69212796 0.71851426 0.31007573
 0.29176485 0.09546732 0.58582128 0.93482727 0.71851426 0.05871658
 0.06932183 0.39108739 0.22624166 0.8633028  0.55967522 0.61225166
 0.58582128 0.31007573]","[0.37739411 0.14894054 0.63557801 0.36689459 0.08422776 0.51312035
 0.40044461 0.03262405 0.30462394 0.20405087 0.90227158 0.20529509
 0.65751058 0.26913545 0.8773325  0.55096064 0.29220825 0.25735561
 0.50285121 0.6578941  0.09428011 0.92046532 0.82704217 0.38881241
 0.99026579 0.85949288 0.19133054 0.01215139 0.96438044 0.1895043
 0.1031379  0.01259801 0.86024203 0.00465222 0.49845994 0.96307322
 0.84092025 0.00415387 0.95405958 0.5464585  0.30141609 0.27061583
 0.55928211 0.8731478  0.28798487 0.91209077 0.22574508 0.46355159
 0.3164663  0.90315497]","[0.66780683 0.0184902  0.64997412 0.15470874 0.61671298 0.80167712
 0.08644233 0.02081269 0.27855963 0.1862926  0.62023338 0.09869744
 0.11515909 0.06585309 0.68919129 0.36479877 0.47465385 0.46999088
 0.37353651 0.49728244 0.52867423 0.10213739 0.4857456  0.44829154
 0.78979495 0.47976501 0.72437193 0.0803732  0.28246542 0.93565833
 0.21117637 0.05724973 0.98506246 0.52158765 0.66933604 0.49170922
 0.45163561 0.02139728 0.66011123 0.93849832 0.80311231 0.02111186
 0.14271281 0.2251077  0.07887134 0.84167134 0.50810786 0.6169273
 0.37752776 0.50519672]","[2.50000000e-03 1.19353241e-03 2.50000000e-03 2.50000000e-03
 1.13441826e-03 2.50000000e-03 2.50000000e-03 5.29890957e-04
 2.07777007e-03 2.50000000e-03 2.50000000e-03 1.42766318e-03
 2.50000000e-03 2.50000000e-03 2.50000000e-03 2.50000000e-03
 2.50000000e-03 2.50000000e-03 2.50000000e-03 2.50000000e-03
 8.94922129e-04 2.50000000e-03 2.50000000e-03 2.50000000e-03
 2.50000000e-03 2.50000000e-03 1.85683626e-03 1.56132341e-04
 2.50000000e-03 2.50000000e-03 8.52726242e-04 1.43803605e-04
 2.50000000e-03 6.69375895e-05 2.50000000e-03 2.50000000e-03
 2.50000000e-03 4.56010062e-05 2.50000000e-03 2.50000000e-03
 2.50000000e-03 2.50000000e-03 2.50000000e-03 2.50000000e-03
 2.50000000e-03 2.50000000e-03 2.17725132e-03 2.50000000e-03
 2.43667081e-03 2.50000000e-03]","[0.0025     0.00014908 0.0025     0.00112912 0.0025     0.0025
 0.00100272 0.00030177 0.00218562 0.0025     0.0025     0.00102814
 0.0011965  0.00091204 0.0025     0.0025     0.0025     0.0025
 0.0025     0.0025     0.0025     0.00139052 0.0025     0.0025
 0.0025     0.0025     0.0025     0.00124742 0.0025     0.0025
 0.00171123 0.00073593 0.0025     0.0025     0.0025     0.0025
 0.0025     0.0001711  0.0025     0.0025     0.0025     0.00028303
 0.00158614 0.0025     0.0006687  0.0025     0.0025     0.0025
 0.0025     0.0025    ]","[0.03091112 0.02465675 0.0301487  0.02138346 0.02507179 0.01856196
 0.01584825 0.0202044  0.02349047 0.03191344 0.01658059 0.03546576
 0.02371158 0.02175398 0.01941589 0.03451838 0.03095012 0.04288926
 0.02073491 0.02677896 0.02924558 0.01939441 0.02530158 0.02627374
 0.02031919 0.02304876 0.01926092 0.02848906 0.01791097 0.02051984
 0.01718199 0.02689474 0.02125629 0.04609938 0.0214679  0.02838632
 0.02419402 0.01956304 0.0158538  0.02922257 0.03257753 0.02218579
 0.02587021 0.02339389 0.02099581 0.02379089 0.02250396 0.0222074
 0.03132407 0.03266749]","[0.01150698 0.02671328 0.02321088 0.02361958 0.02649802 0.01548403
 0.02649374 0.03826461 0.03139809 0.01857206 0.02797182 0.04767215
 0.02422661 0.03207627 0.02828412 0.03282599 0.01326503 0.01843785
 0.03545122 0.02788456 0.01238199 0.0445931  0.03365013 0.02047071
 0.01941251 0.02376926 0.02323982 0.02366457 0.03236067 0.02762245
 0.02856247 0.02388904 0.02498061 0.0251175  0.0193506  0.02103311
 0.02446289 0.03124399 0.02625347 0.02491725 0.01829537 0.03148122
 0.03151433 0.03350539 0.03923827 0.01861098 0.009201   0.01875929
 0.02314559 0.02009182]","[4.28585380e-02 1.72766203e-01 5.16594757e-02 3.15350966e-01
 1.59052197e-01 4.90229050e-01 6.90436094e-01 3.82764155e-01
 2.16315668e-01 3.32906559e-02 6.35258654e-01 1.27447912e-02
 2.07470421e-01 2.95951679e-01 4.32515919e-01 1.66277997e-02
 4.24456453e-02 1.23632986e-03 3.51370289e-01 1.11529097e-01
 6.40640006e-02 4.33920704e-01 1.51841245e-01 1.24187189e-01
 3.75826041e-01 2.34842495e-01 4.42708284e-01 7.63341511e-02
 5.36516813e-01 3.63890390e-01 5.90135879e-01 1.08783359e-01
 3.22207384e-01 3.93162066e-04 3.10854430e-01 7.81447222e-02
 1.89138430e-01 4.22960967e-01 6.90019258e-01 6.44107935e-02
 2.80352525e-02 2.74424411e-01 1.35121347e-01 2.20268445e-01
 3.36565521e-01 2.04366345e-01 2.59301688e-01 2.73377714e-01
 3.86597424e-02 2.73828578e-02]","[9.51041851e-01 1.13111848e-01 2.27908552e-01 2.11116434e-01
 1.18429977e-01 7.17631660e-01 1.18537672e-01 5.57005067e-03
 3.79462911e-02 4.89525459e-01 8.58227961e-02 2.17616290e-04
 1.87947132e-01 3.19277845e-02 7.99819122e-02 2.62659385e-02
 8.68355476e-01 4.98914689e-01 1.27976233e-02 8.75175000e-02
 9.15183546e-01 6.80005149e-04 2.10837171e-02 3.66790249e-01
 4.32736892e-01 2.05209325e-01 2.26687355e-01 2.09327365e-01
 2.96647100e-02 9.27777101e-02 7.50621288e-02 2.00574429e-01
 1.61988390e-01 1.57596669e-01 4.36794295e-01 3.34483979e-01
 1.79483882e-01 3.94446583e-02 1.24718672e-01 1.64053754e-01
 5.08969971e-01 3.71588591e-02 3.68491721e-02 2.19220153e-02
 4.11541766e-03 4.86817838e-01 9.95302826e-01 4.76566830e-01
 2.30682366e-01 3.89645074e-01]","[ 9.79900360e-05 -1.66893005e-04 -1.90854073e-04 -1.41382217e-04
  7.20024109e-05 -1.63435936e-04  2.51531601e-05 -1.16825104e-05
 -1.20043755e-04  6.29782677e-04  1.36613846e-04 -9.57250595e-05
 -2.56299973e-05  1.58548355e-05 -6.13927841e-05  8.07046890e-05
  5.87821007e-04  6.85214996e-04  1.63078308e-04 -7.52210617e-05
 -4.86373901e-05 -9.82284546e-05 -1.64508820e-04 -1.62124634e-04
  6.56485558e-04  2.44498253e-04 -1.12295151e-04  1.80244446e-04
 -1.03473663e-04 -1.30534172e-04 -1.01566315e-04  5.84602356e-04
 -1.04784966e-04  1.64544582e-03 -9.25064087e-05 -7.71284103e-05
 -1.28865242e-04 -2.15768814e-05 -1.89423561e-04 -1.10983849e-04
 -2.20537186e-05  2.29954720e-04  9.59634781e-05  3.21865082e-05
  4.16040421e-05  6.67572021e-05  5.10454178e-04 -1.53660774e-04
  3.02791595e-04  3.14116478e-04]","[-2.03251839e-04  4.56333160e-04  5.93304634e-04  2.04563141e-04
 -1.59263611e-04  2.23398209e-04  6.77585602e-04  1.06036663e-03
  3.71694565e-04  2.13861465e-04 -1.34944916e-04  1.94072723e-04
 -1.47223473e-04 -1.12295151e-04  6.00934029e-04  6.74366951e-04
 -1.55568123e-04  3.01599503e-05  7.78794289e-04  3.05175781e-05
 -6.36577606e-05  9.94443893e-04  2.71916389e-04 -2.27689743e-05
 -3.65972519e-05 -1.44481659e-04  1.54852867e-04 -1.61528587e-04
  1.81198120e-05  5.54800034e-04  1.75237656e-04  3.24249268e-05
  1.06453896e-04  9.67979431e-05 -5.10215759e-05 -3.18288803e-05
 -1.53779984e-05 -1.75237656e-04 -3.81469727e-06  5.57899475e-05
  1.42097473e-04  1.07502937e-03 -1.91330910e-04  1.13010406e-04
  8.26597214e-04 -3.99351120e-05  2.31266022e-05 -2.78949738e-05
 -6.34193420e-05 -1.77145004e-04]","[0.01462322 0.00754094 0.007162   0.00765232 0.01308522 0.0062024
 0.01179561 0.01021737 0.00846689 0.0197213  0.01529464 0.01073836
 0.01151173 0.01160454 0.0121841  0.01306278 0.0186302  0.02030422
 0.01530022 0.0108159  0.010108   0.00800321 0.00680441 0.00676425
 0.02430233 0.017669   0.00840484 0.0139309  0.00873946 0.00752557
 0.00927416 0.02073975 0.00848033 0.02921629 0.00931588 0.00967052
 0.00867539 0.01076603 0.00538342 0.00946023 0.01074559 0.01677104
 0.01476048 0.01210211 0.01236231 0.01356436 0.01922381 0.00875726
 0.01507547 0.01782408]","[0.00498931 0.0207891  0.02113646 0.01605232 0.00659806 0.01504303
 0.02291034 0.02507702 0.01812064 0.01305737 0.00625705 0.01759676
 0.00759241 0.00868141 0.02280184 0.02075819 0.00589638 0.01042147
 0.02378116 0.01153314 0.00972557 0.02471944 0.01805035 0.0115917
 0.01067628 0.00618129 0.01469527 0.00640503 0.01108871 0.01976991
 0.01592462 0.01092846 0.01496736 0.01399791 0.01029384 0.01159932
 0.00934166 0.00519836 0.0107178  0.01149444 0.01327431 0.02328519
 0.00537049 0.01325363 0.02464107 0.00945118 0.01073602 0.01242838
 0.00898277 0.00539368]",0.4650937820683055,0.41938679706230353,0.31217822386200683,0.28759674539515917,0.4715930022927124,0.4247252495751636,0.31663760338642455,0.2794752675144958,0.0020998831234705392,0.0020139810647185927,0.0007691212673238686,0.000777392544927607,0.025047818354368215,0.025693525848388674,0.00637940679772977,0.007828280413247481,9.049415588378906e-05,0.00017264127731323243,0.00032674279144112106,0.0003469657934401402,0.012406689284687028,0.013465550095449298,0.004946805866447519,0.005958085554083201
df1,0.1,0.0,0.1,"[0.17249627 0.17249627 0.0416213  0.31007573 0.06932183 0.10315938
 0.32916807 0.61225166 0.69212796 0.08825991 0.22624166 0.91946676
 0.05871658 0.58582128 0.01346465 0.32916807 0.71851426 0.11135888
 0.18488568 0.88359176 0.1200888  0.77002924 0.14969106 0.53390728
 0.77002924 0.69212796 0.04953464 0.10315938 0.43609338 0.45963725
 0.21173982 0.77002924 0.61225166 0.48382277 0.91946676 0.04542867
 0.32916807 0.43609338 0.96007647 0.21173982 0.02410401 0.24148215
 0.69212796 0.58582128 0.63886042 0.21173982 0.74453538 0.66552932
 0.84163603 0.00585634]","[3.48322136e-02 8.82599083e-02 5.85821277e-01 9.48372085e-01
 6.38860419e-01 1.84885683e-01 1.10005675e-02 6.12251659e-01
 2.26241661e-01 8.06268875e-03 5.33907283e-01 1.60771824e-01
 4.83822766e-01 6.65529322e-01 5.51757155e-04 6.12251659e-01
 8.95145539e-03 7.44535382e-01 7.20954134e-05 4.83822766e-01
 9.95898978e-01 8.41636027e-01 5.39576008e-02 4.36093382e-01
 7.52091658e-02 4.36093382e-01 6.12251659e-01 1.39231997e-01
 7.94826541e-01 2.41482152e-01 4.59637254e-01 4.36093382e-01
 3.69683622e-01 8.18753631e-01 4.54286666e-02 6.38860419e-01
 4.59637254e-01 3.49039701e-01 7.44535382e-01 2.74233349e-01
 5.33907283e-01 6.12251659e-01 3.00718998e-03 3.91087390e-01
 6.92127962e-01 5.87165796e-02 9.93281626e-01 4.36093382e-01
 3.69683622e-01 5.25376643e-03]","[0.17249627 0.17249627 0.0416213  0.31007573 0.06932183 0.10315938
 0.32916807 0.61225166 0.69212796 0.08825991 0.22624166 0.91946676
 0.05871658 0.58582128 0.01346465 0.32916807 0.71851426 0.11135888
 0.18488568 0.88359176 0.1200888  0.77002924 0.14969106 0.53390728
 0.77002924 0.69212796 0.04953464 0.10315938 0.43609338 0.45963725
 0.21173982 0.77002924 0.61225166 0.48382277 0.91946676 0.04542867
 0.32916807 0.43609338 0.96007647 0.21173982 0.02410401 0.24148215
 0.69212796 0.58582128 0.63886042 0.21173982 0.74453538 0.66552932
 0.84163603 0.00585634]","[3.48322136e-02 8.82599083e-02 5.85821277e-01 9.48372085e-01
 6.38860419e-01 1.84885683e-01 1.10005675e-02 6.12251659e-01
 2.26241661e-01 8.06268875e-03 5.33907283e-01 1.60771824e-01
 4.83822766e-01 6.65529322e-01 5.51757155e-04 6.12251659e-01
 8.95145539e-03 7.44535382e-01 7.20954134e-05 4.83822766e-01
 9.95898978e-01 8.41636027e-01 5.39576008e-02 4.36093382e-01
 7.52091658e-02 4.36093382e-01 6.12251659e-01 1.39231997e-01
 7.94826541e-01 2.41482152e-01 4.59637254e-01 4.36093382e-01
 3.69683622e-01 8.18753631e-01 4.54286666e-02 6.38860419e-01
 4.59637254e-01 3.49039701e-01 7.44535382e-01 2.74233349e-01
 5.33907283e-01 6.12251659e-01 3.00718998e-03 3.91087390e-01
 6.92127962e-01 5.87165796e-02 9.93281626e-01 4.36093382e-01
 3.69683622e-01 5.25376643e-03]","[0.19193834 0.11186552 0.12784485 0.27707667 0.0941108  0.07265459
 0.20995563 0.37500217 0.76865722 0.10937696 0.3544967  0.77979938
 0.0198084  0.52335467 0.08461588 0.25098299 0.70063261 0.09750263
 0.07485287 0.95080368 0.23048725 0.74462509 0.31964366 0.33624223
 0.62964982 0.84664925 0.15615823 0.22043132 0.47540638 0.43567305
 0.17249268 0.55196742 0.61108146 0.41161618 0.812148   0.06682696
 0.22894432 0.74690596 0.98403994 0.24825177 0.039259   0.2278433
 0.6086168  0.46579472 0.76205306 0.20189068 0.54369357 0.72013026
 0.78129577 0.01207614]","[2.50047564e-02 4.80853232e-02 6.64783169e-01 9.24637352e-01
 5.65107026e-01 4.32339173e-01 5.61444106e-03 6.78809423e-01
 1.64264637e-01 1.35295745e-02 4.55818099e-01 6.76881276e-02
 4.02907078e-01 4.70815456e-01 1.55602332e-03 5.18181703e-01
 4.77030561e-02 6.79764200e-01 1.34786097e-04 4.57718197e-01
 9.87594781e-01 7.88919046e-01 8.72554825e-02 3.38003912e-01
 9.83123620e-02 2.42346931e-01 5.48792174e-01 2.15901481e-01
 8.61533369e-01 1.00077104e-01 4.58044974e-01 3.73328397e-01
 2.75311671e-01 8.51974931e-01 7.29569235e-02 5.57660119e-01
 4.17420300e-01 3.06005104e-01 6.36935089e-01 1.94219971e-01
 5.84454390e-01 7.09708166e-01 6.98133070e-03 2.54909212e-01
 6.03589369e-01 6.26138108e-02 9.76907368e-01 2.75879782e-01
 2.27953741e-01 1.07486533e-03]","[2.00008305e-03 1.46246834e-03 1.71833937e-03 2.50000000e-03
 1.27089185e-03 5.70107842e-04 2.11816159e-03 2.50000000e-03
 2.50000000e-03 1.34235754e-03 2.50000000e-03 2.50000000e-03
 1.79273508e-04 2.50000000e-03 1.16564698e-03 2.50000000e-03
 2.50000000e-03 1.39001243e-03 6.89445285e-04 2.50000000e-03
 2.30837354e-03 2.50000000e-03 2.17441628e-03 2.50000000e-03
 2.50000000e-03 2.50000000e-03 1.11098880e-03 2.11947788e-03
 2.50000000e-03 2.50000000e-03 1.82034289e-03 2.50000000e-03
 2.50000000e-03 2.50000000e-03 2.50000000e-03 9.03436378e-04
 2.14963453e-03 2.50000000e-03 2.50000000e-03 2.50000000e-03
 5.59452742e-04 2.50000000e-03 2.50000000e-03 2.50000000e-03
 2.50000000e-03 1.88642395e-03 2.50000000e-03 2.50000000e-03
 2.50000000e-03 9.01993360e-05]","[2.49984451e-04 6.09370057e-04 2.50000000e-03 2.50000000e-03
 2.50000000e-03 2.50000000e-03 5.52884726e-05 2.50000000e-03
 1.98423207e-03 1.58313339e-04 2.50000000e-03 5.75429443e-04
 2.50000000e-03 2.50000000e-03 1.28780585e-05 2.50000000e-03
 5.17576929e-04 2.50000000e-03 1.00000000e-05 2.50000000e-03
 2.50000000e-03 2.50000000e-03 9.05392496e-04 2.50000000e-03
 1.11961329e-03 2.50000000e-03 2.50000000e-03 2.33603698e-03
 2.50000000e-03 1.19903042e-03 2.50000000e-03 2.50000000e-03
 2.50000000e-03 2.50000000e-03 7.70150683e-04 2.50000000e-03
 2.50000000e-03 2.50000000e-03 2.50000000e-03 2.50000000e-03
 2.50000000e-03 2.50000000e-03 9.36244838e-05 2.50000000e-03
 2.50000000e-03 6.08981265e-04 2.50000000e-03 2.50000000e-03
 2.50000000e-03 1.00000000e-05]","[0.01777148 0.01799206 0.03976415 0.02218413 0.02780791 0.02469211
 0.02094436 0.02633951 0.02422577 0.02258824 0.04066095 0.03108694
 0.04801577 0.02156374 0.0203351  0.02903248 0.0234826  0.04721538
 0.02096582 0.01886371 0.03134748 0.02384374 0.02150116 0.05455877
 0.01974093 0.02830247 0.04021459 0.02297243 0.02056732 0.02669083
 0.03704038 0.03531969 0.01905287 0.02839946 0.02415509 0.01614409
 0.03559872 0.02353218 0.02474745 0.02657898 0.04211893 0.02741218
 0.02883135 0.03581551 0.03102248 0.02997594 0.02181948 0.01722172
 0.02352727 0.01716958]","[0.03364682 0.03476587 0.01524058 0.0291389  0.02587748 0.03139107
 0.03744532 0.02266474 0.02717757 0.04322683 0.02348835 0.03531861
 0.01430854 0.0212488  0.04236792 0.0403743  0.04459022 0.02302563
 0.04171975 0.03924291 0.0157351  0.03183598 0.04473688 0.01991786
 0.04054244 0.03406831 0.02177025 0.03468401 0.032332   0.03050533
 0.03502176 0.02618888 0.03795237 0.01529779 0.0257799  0.03332111
 0.02090192 0.03023593 0.03541042 0.02732006 0.01953275 0.02310995
 0.03144611 0.03271828 0.02627021 0.04118664 0.02481507 0.03660871
 0.03631215 0.04363657]","[5.46650047e-01 5.30657870e-01 3.48374701e-03 2.74505060e-01
 8.90293620e-02 1.71562504e-01 3.39451822e-01 1.22475732e-01
 1.87977512e-01 2.55399772e-01 2.60865273e-03 4.10246259e-02
 1.90731020e-04 3.05805287e-01 3.74871116e-01 6.73368778e-02
 2.16635833e-01 2.58930575e-04 3.38246118e-01 4.69413180e-01
 3.84328519e-02 2.02317688e-01 3.09095861e-01 1.29235316e-05
 4.11572640e-01 7.96493182e-02 3.01505725e-03 2.38161216e-01
 3.61102069e-01 1.13657063e-01 8.06211035e-03 1.32844827e-02
 4.56593641e-01 7.79111888e-02 1.90569339e-01 6.68180125e-01
 1.22707752e-02 2.14625502e-01 1.69692006e-01 1.16406190e-01
 1.60766312e-03 9.71865376e-02 7.05556855e-02 1.15319442e-02
 4.16888791e-02 5.38578772e-02 2.92611738e-01 5.87176131e-01
 2.14824113e-01 5.91060624e-01]","[2.11025474e-02 1.55225261e-02 7.35607760e-01 6.56850875e-02
 1.34917699e-01 3.80134777e-02 7.14346033e-03 2.51896007e-01
 1.02310146e-01 1.10027265e-03 2.16401738e-01 1.32885658e-02
 8.01889178e-01 3.22614223e-01 1.47758915e-03 2.86336990e-03
 6.80704446e-04 2.35844338e-01 1.83859834e-03 4.10941178e-03
 6.98915408e-01 3.39567533e-02 6.45862856e-04 4.00426091e-01
 2.71130821e-03 1.88196470e-02 2.95119927e-01 1.58806150e-02
 2.98862231e-02 4.73653427e-02 1.44494931e-02 1.26424618e-01
 6.12792884e-03 7.31401135e-01 1.37672457e-01 2.30322299e-02
 3.41844979e-01 5.05792938e-02 1.29468983e-02 9.91722122e-02
 4.24917843e-01 2.32207144e-01 3.74896354e-02 2.70204525e-02
 1.24279743e-01 2.19519345e-03 1.67428614e-01 9.15862269e-03
 9.98850775e-03 9.53909767e-04]","[-1.24931335e-04 -6.80685043e-05  9.04798508e-04  1.29461288e-04
  2.75731087e-04  1.34944916e-04  1.59621239e-04 -9.29832458e-06
  2.94208527e-04  1.20043755e-04  1.65224075e-04  2.78115273e-04
  4.01735306e-04 -4.52995300e-06 -7.15255737e-06 -1.07288361e-04
 -4.11272049e-05  2.57253647e-04  1.02281570e-04  1.99556351e-04
  2.03728676e-04  1.47819519e-05  1.81198120e-05  7.64727592e-04
  2.20775604e-04  5.58972359e-04  1.46150589e-04 -4.05311584e-06
 -1.86324120e-04  1.40905380e-04  6.90221786e-05  2.63094902e-04
 -6.16312027e-05  2.59280205e-04  1.04904175e-05  7.58171082e-05
  2.53081322e-04 -1.10149384e-04  2.70366669e-04 -6.65187836e-05
  5.25236130e-04  1.62124634e-05  4.04000282e-04  5.17845154e-04
 -2.55107880e-05  3.77058983e-04 -1.80959702e-04 -4.12464142e-05
 -1.63316727e-05 -1.15275383e-04]","[ 8.58068466e-04  7.55906105e-04 -1.83820724e-04 -1.53899193e-04
  2.79545784e-04  5.11527061e-04  9.40442085e-04 -1.00016594e-04
 -4.41074371e-06  1.18231773e-03  1.40070915e-04  3.38673592e-04
  4.94718552e-05 -1.69396400e-04  1.37448311e-03  8.10980797e-04
  1.17182732e-04 -9.65595245e-06  2.63690948e-04  3.77416611e-04
 -7.98702240e-05  1.78813934e-06  4.33683395e-04 -6.06775284e-05
  1.85537338e-03 -1.28984451e-04 -5.05447388e-05  3.69787216e-04
  2.23755836e-04  1.28388405e-04  4.97341156e-04  1.71780586e-04
  7.50303268e-04 -2.38418579e-06 -1.05381012e-04  9.53674316e-07
 -1.20282173e-04  1.79529190e-04 -5.22136688e-05 -9.94205475e-05
 -1.84416771e-04 -1.72853470e-05 -1.20997429e-04  3.93390656e-04
  1.22427940e-04  9.46521759e-05  5.44786453e-05  1.14119053e-03
  4.18782234e-04  8.79406929e-04]","[0.00859027 0.01156049 0.02476522 0.01646906 0.01620441 0.01374899
 0.01380138 0.0120581  0.01495013 0.01533205 0.01551196 0.01460793
 0.01708868 0.01263851 0.01145726 0.00913532 0.01045313 0.01637994
 0.01500982 0.0156428  0.01616485 0.01087757 0.01240915 0.02413486
 0.01660019 0.02042399 0.01325846 0.01160638 0.00591808 0.01438062
 0.01481032 0.01666191 0.01083443 0.01488744 0.01228159 0.0133733
 0.01594106 0.00922102 0.01525039 0.00936449 0.02043957 0.01237796
 0.01782918 0.01720587 0.01175115 0.01675031 0.00676287 0.0111403
 0.01143005 0.0090569 ]","[0.02575421 0.02346751 0.00469617 0.00682525 0.01508565 0.01680117
 0.02584963 0.00810972 0.01076112 0.0285857  0.01325797 0.01595424
 0.01116791 0.00533735 0.02731111 0.02249151 0.01373649 0.01130753
 0.01764372 0.01539339 0.00792297 0.01045286 0.01761758 0.0088335
 0.03584066 0.00628065 0.00939318 0.01660298 0.01660848 0.01198429
 0.0210225  0.01436973 0.02009799 0.01067371 0.00829202 0.01089221
 0.00674678 0.0145065  0.009443   0.00851058 0.00572267 0.0111064
 0.00737208 0.01630716 0.016218   0.01190398 0.01290892 0.02647346
 0.01678696 0.02335046]",0.4067603106707866,0.40701596950033436,0.29549742567515214,0.29502023134740474,0.3953445366496507,0.3748225552049437,0.27967863428268774,0.29105434944690145,0.0020305906820935696,0.0018743180487897112,0.0007016783103781038,0.0009543149617246549,0.027615105699300768,0.03070909924268723,0.008688031078006137,0.008362838388998201,0.000147244930267334,0.0002814626693725586,0.00023043745442098977,0.00045231240953041323,0.013970994060017554,0.014675592841709885,0.0037920281675257483,0.0069361889774052785
df1,0.15000000000000002,0.0,0.15000000000000002,"[0.74453538 0.97808957 0.18488568 0.41323244 0.99765093 0.69212796
 0.27423335 0.32916807 0.41323244 0.8633028  0.48382277 0.66552932
 0.93482727 0.53390728 0.31007573 0.3490397  0.55967522 0.18488568
 0.61225166 0.79482654 0.8633028  0.58582128 0.18488568 0.36968362
 0.81875363 0.81875363 0.3490397  0.99328163 0.71851426 0.74453538
 0.50859953 0.63886042 0.79482654 0.71851426 0.74453538 0.74453538
 0.55967522 0.31007573 0.36968362 0.17249627 0.55967522 0.19796045
 0.25747545 0.18488568 0.05871658 0.91946676 0.31007573 0.8633028
 0.43609338 0.11135888]","[1.34646549e-02 7.44535382e-01 8.41636027e-01 1.72496272e-01
 9.54673207e-02 6.93218252e-02 7.70029237e-01 3.77043497e-03
 6.12251659e-01 2.64676308e-02 8.06268875e-03 3.80948244e-02
 8.15145929e-02 4.70847031e-03 2.91764847e-01 2.68158880e-03
 6.92127962e-01 1.84885683e-01 5.87165796e-02 2.26241661e-01
 1.11358879e-01 3.80948244e-02 9.95898978e-01 5.08599525e-01
 1.49691056e-01 1.03159376e-01 3.91087390e-01 2.12592488e-03
 4.36093382e-01 1.72496272e-01 3.80948244e-02 6.52148041e-03
 1.84885683e-01 1.67865304e-03 3.91087390e-01 9.54673207e-02
 5.59675216e-01 4.59637254e-01 2.57475452e-01 2.99835482e-05
 7.70029237e-01 6.38860419e-01 5.85633896e-03 1.48741570e-02
 2.42077577e-06 8.82599083e-02 6.38860419e-01 1.39231997e-01
 1.80967606e-02 5.25376643e-03]","[0.74453538 0.97808957 0.18488568 0.41323244 0.99765093 0.69212796
 0.27423335 0.32916807 0.41323244 0.8633028  0.48382277 0.66552932
 0.93482727 0.53390728 0.31007573 0.3490397  0.55967522 0.18488568
 0.61225166 0.79482654 0.8633028  0.58582128 0.18488568 0.36968362
 0.81875363 0.81875363 0.3490397  0.99328163 0.71851426 0.74453538
 0.50859953 0.63886042 0.79482654 0.71851426 0.74453538 0.74453538
 0.55967522 0.31007573 0.36968362 0.17249627 0.55967522 0.19796045
 0.25747545 0.18488568 0.05871658 0.91946676 0.31007573 0.8633028
 0.43609338 0.11135888]","[1.34646549e-02 7.44535382e-01 8.41636027e-01 1.72496272e-01
 9.54673207e-02 6.93218252e-02 7.70029237e-01 3.77043497e-03
 6.12251659e-01 2.64676308e-02 8.06268875e-03 3.80948244e-02
 8.15145929e-02 4.70847031e-03 2.91764847e-01 2.68158880e-03
 6.92127962e-01 1.84885683e-01 5.87165796e-02 2.26241661e-01
 1.11358879e-01 3.80948244e-02 9.95898978e-01 5.08599525e-01
 1.49691056e-01 1.03159376e-01 3.91087390e-01 2.12592488e-03
 4.36093382e-01 1.72496272e-01 3.80948244e-02 6.52148041e-03
 1.84885683e-01 1.67865304e-03 3.91087390e-01 9.54673207e-02
 5.59675216e-01 4.59637254e-01 2.57475452e-01 2.99835482e-05
 7.70029237e-01 6.38860419e-01 5.85633896e-03 1.48741570e-02
 2.42077577e-06 8.82599083e-02 6.38860419e-01 1.39231997e-01
 1.80967606e-02 5.25376643e-03]","[0.88228657 0.98159615 0.10925948 0.42285655 0.99302936 0.53564663
 0.27389121 0.31531118 0.14680031 0.89316035 0.65029671 0.47254681
 0.91244491 0.64029053 0.32698097 0.24196052 0.65624853 0.34950064
 0.68804834 0.73736319 0.93162796 0.56026064 0.16834594 0.21568664
 0.78525236 0.79978947 0.34391387 0.99345949 0.38457337 0.63538418
 0.35054705 0.42052466 0.76982145 0.61943601 0.88331426 0.50553837
 0.67182096 0.3764037  0.25347487 0.13420745 0.48094317 0.20887289
 0.29493673 0.34725631 0.08533051 0.94295971 0.17491614 0.91807556
 0.55144999 0.15010397]","[3.76016381e-02 7.06008930e-01 9.38160271e-01 2.27239445e-01
 6.49621747e-02 2.04931981e-01 5.28449841e-01 1.25391960e-03
 5.77830377e-01 2.56484947e-02 3.62724164e-03 2.99293022e-02
 6.64739387e-02 1.66166157e-02 4.01562716e-01 7.60322560e-04
 5.91878692e-01 2.32390545e-01 3.25675000e-02 1.84637503e-01
 6.35735646e-02 8.83026052e-02 9.98795921e-01 2.30810708e-01
 2.10976819e-01 2.83357318e-02 3.45994932e-01 6.50699698e-03
 4.70638361e-01 4.12868011e-01 5.59703715e-02 4.56503645e-03
 1.58553222e-01 4.35708903e-04 4.06097798e-01 5.01479047e-02
 4.09762283e-01 6.50849636e-01 3.54409025e-01 2.37704371e-05
 5.99264056e-01 7.94413106e-01 3.72679324e-03 1.06158585e-02
 6.73138055e-05 2.20204167e-02 3.87921143e-01 1.40711008e-01
 8.20087116e-03 4.61099524e-03]","[0.0025     0.0025     0.00093715 0.0025     0.0025     0.0025
 0.0025     0.0025     0.00135319 0.0025     0.0025     0.0025
 0.0025     0.0025     0.0025     0.00221398 0.0025     0.0025
 0.0025     0.0025     0.0025     0.0025     0.00236238 0.0025
 0.0025     0.0025     0.0025     0.0025     0.0025     0.0025
 0.0025     0.0025     0.0025     0.0025     0.0025     0.0025
 0.0025     0.0025     0.00200859 0.00164775 0.0025     0.00199098
 0.0025     0.0025     0.00098667 0.0025     0.0008425  0.0025
 0.0025     0.00167601]","[4.06660557e-04 2.50000000e-03 2.50000000e-03 2.50000000e-03
 5.65536726e-04 2.42725007e-03 2.50000000e-03 1.61678340e-05
 2.50000000e-03 2.78103323e-04 3.73922063e-05 3.10625860e-04
 9.46057565e-04 1.44085162e-04 2.50000000e-03 1.00000000e-05
 2.50000000e-03 2.50000000e-03 2.80101815e-04 2.34593553e-03
 9.60226439e-04 1.12147092e-03 2.50000000e-03 1.90578298e-03
 2.50000000e-03 2.47516434e-04 2.50000000e-03 1.06347723e-04
 2.50000000e-03 2.50000000e-03 9.16745516e-04 3.74886469e-05
 1.84234649e-03 1.00000000e-05 2.50000000e-03 3.98965946e-04
 2.50000000e-03 2.50000000e-03 2.50000000e-03 1.00000000e-05
 2.50000000e-03 2.50000000e-03 4.03894396e-05 1.26859399e-04
 1.00000000e-05 1.73521175e-04 2.50000000e-03 1.67159431e-03
 9.97849475e-05 6.10786104e-05]","[0.03499955 0.02036487 0.02009202 0.03631596 0.01987695 0.0369693
 0.03165756 0.01988695 0.02466749 0.02815796 0.01928625 0.0205387
 0.02014361 0.02541064 0.01847914 0.02647421 0.0184699  0.03658644
 0.02797181 0.0216867  0.02859764 0.0276039  0.02338561 0.0398912
 0.02531645 0.02348029 0.03576383 0.03290163 0.03506224 0.0240629
 0.03242643 0.02556146 0.03336643 0.0350406  0.02142532 0.0186767
 0.03977623 0.0201858  0.03611655 0.02703323 0.03765547 0.03768096
 0.02596563 0.02037355 0.0198739  0.02816728 0.0352913  0.02411356
 0.03400892 0.02831921]","[0.02697993 0.04494907 0.03218116 0.04354773 0.03057485 0.04604185
 0.04077515 0.05747939 0.02929737 0.05722009 0.05114396 0.04894929
 0.04057361 0.04702241 0.03742712 0.04676063 0.02438058 0.03587288
 0.04011775 0.03226516 0.03806052 0.04482441 0.0287483  0.03625218
 0.04407926 0.03422382 0.02866896 0.04943253 0.04100748 0.0341133
 0.04212499 0.04718519 0.03934012 0.05130623 0.04246232 0.04684102
 0.03137525 0.03182605 0.03439679 0.06921586 0.01923721 0.02607258
 0.05325553 0.04828788 0.05903927 0.04822231 0.03079153 0.04636648
 0.0381591  0.0582933 ]","[0.01453992 0.37308735 0.38963284 0.00997743 0.40298725 0.00823403
 0.03553561 0.40235992 0.17239987 0.08229973 0.4410333  0.36278122
 0.38647015 0.14851192 0.49601716 0.11903062 0.49666507 0.0092187
 0.08582311 0.29941075 0.07445917 0.0931598  0.22061    0.00334518
 0.151384   0.21672984 0.01170434 0.02574733 0.014286   0.19399132
 0.02916197 0.14400467 0.02275466 0.0143732  0.31311675 0.48226241
 0.00347035 0.38389563 0.01057255 0.10557248 0.00670527 0.00665381
 0.13246771 0.37256857 0.40317847 0.08212667 0.01339174 0.19210493
 0.01912739 0.079347  ]","[1.06798900e-01 5.98402515e-04 3.10760505e-02 9.84007799e-04
 4.65652829e-02 4.01609457e-04 2.51314547e-03 3.47825390e-06
 6.32893495e-02 3.91897104e-06 5.49702755e-05 1.32665156e-04
 2.68395160e-03 2.78520815e-04 7.18259223e-03 3.07340138e-04
 1.82397520e-01 1.13432778e-02 3.11061947e-03 3.04084314e-02
 5.92915980e-03 6.25873544e-04 7.19224585e-02 1.01644144e-02
 8.16344002e-04 1.80347771e-02 7.32489566e-02 1.09634451e-04
 2.32874373e-03 1.85895196e-02 1.60437201e-03 2.61907679e-04
 3.98541283e-03 5.14245481e-05 1.43088833e-03 2.98203814e-04
 3.81651725e-02 3.40429774e-02 1.71962185e-02 8.92221006e-09
 4.44278947e-01 1.29544080e-01 2.27058046e-05 1.71702563e-04
 1.67773902e-06 1.76116287e-04 4.41462170e-02 3.56084752e-04
 5.75314559e-03 2.38345863e-06]","[ 9.30428505e-04 -3.19480896e-05 -1.61767006e-04  6.22272491e-05
 -5.05447388e-05  3.90648842e-04  1.45912170e-04 -1.63912773e-04
  7.68899918e-05 -1.02400780e-04  8.61883163e-05  2.33650208e-05
  1.86085701e-04  4.27484512e-04 -7.73668289e-05  3.63349915e-04
  3.87549400e-04  2.47716904e-04  8.01086426e-05 -1.77383423e-04
  7.05718994e-05 -1.02519989e-04  1.79529190e-04  9.19938087e-04
 -1.70111656e-04  2.08377838e-04  6.29901886e-04  1.84893608e-04
 -5.12599945e-05  1.83105469e-04  1.05619431e-04  4.19616699e-05
  1.87158585e-05  5.40971756e-04 -1.39713287e-04  1.64508820e-05
 -3.21865082e-06 -4.64916229e-05  9.76324081e-05  8.11815262e-05
  8.85725021e-05  1.19209290e-05  5.73515892e-04 -1.22189522e-04
 -3.83853912e-05  1.86324120e-04  5.37276268e-04  2.90989876e-04
  7.64131546e-05  9.28640366e-05]","[-1.02639198e-04  1.57225132e-03  8.62121582e-04  5.91874123e-04
  8.26120377e-05  4.89830971e-04  6.30855560e-04  1.91378593e-03
  2.09450722e-04  2.08818913e-03  2.25389004e-03  1.36888027e-03
  2.63190269e-03  5.12957573e-04  5.15699387e-04  2.71677971e-03
 -1.68919563e-04  2.94327736e-04  5.46574593e-04  9.02891159e-04
  2.87413597e-04  1.16276741e-03 -5.51939011e-05 -1.31130219e-06
  1.72793865e-03 -9.59634781e-05  1.02996826e-04  6.92844391e-04
  8.15987587e-04  7.23600388e-05  5.45978546e-04  1.07431412e-03
  1.16884708e-03  6.05583191e-04  7.61628151e-04  1.45006180e-03
  3.04698944e-04  3.16023827e-04  1.21915340e-03  2.61390209e-03
  7.41481781e-05  9.25064087e-05  9.08255577e-04  1.24931335e-03
  1.61743164e-03  3.53813171e-04 -1.78813934e-05  8.64267349e-05
  3.10182571e-04  1.73139572e-03]","[0.02339646 0.01108295 0.00734915 0.01138845 0.01130357 0.01970996
 0.01317878 0.00721467 0.01395639 0.00924102 0.01275461 0.01195086
 0.01541997 0.01675438 0.00916463 0.01673351 0.01749416 0.01770944
 0.01161262 0.00648764 0.01357268 0.00896948 0.0162467  0.02380276
 0.00679878 0.01579634 0.01928422 0.0140134  0.00940132 0.01544694
 0.01437497 0.01254462 0.01340619 0.01888633 0.00803714 0.0122016
 0.01206427 0.01111414 0.01354626 0.01287458 0.01355516 0.01335718
 0.01953506 0.0086606  0.01184094 0.01648668 0.02095766 0.01763834
 0.01237264 0.01287333]","[0.00862691 0.02937263 0.02562317 0.02032854 0.01390245 0.01769523
 0.02043875 0.03549228 0.01561113 0.03715276 0.0375475  0.02846498
 0.040355   0.01802474 0.01862756 0.03878326 0.00789211 0.01441914
 0.01980739 0.02407917 0.01782305 0.0283956  0.00991119 0.00950431
 0.03160352 0.00974782 0.01366002 0.01943649 0.02463516 0.01249335
 0.01931311 0.0279006  0.0273509  0.01944385 0.02339998 0.03062414
 0.01837575 0.01712832 0.02578448 0.04014702 0.01336298 0.01466358
 0.02168388 0.02901881 0.03151457 0.01540328 0.01150028 0.01264657
 0.01814963 0.03407696]",0.5445336936971829,0.2432144725655328,0.26443040803287715,0.27836639861799645,0.5237549321640682,0.23583402835388834,0.27725834513484193,0.2687335172544429,0.002320383824220861,0.0013501607124077305,0.0004286886135639014,0.0010958001809717045,0.02770320453882217,0.041135394785404206,0.006677823775797599,0.010168573410984585,0.00014210939407348632,0.0008217787742614746,0.0002558450212320329,0.0007714692300026728,0.01367127064337724,0.022018878464608017,0.004083807586563685,0.008903617174424006
df1,0.2,0.0,0.2,"[0.43609338 0.63886042 0.00992823 0.74453538 0.81875363 0.02646763
 0.79482654 0.03483221 0.21173982 0.19796045 0.45963725 0.71851426
 0.69212796 0.14969106 0.43609338 0.8633028  0.77002924 0.24148215
 0.19796045 0.94837208 0.08825991 0.99765093 0.74453538 0.16077182
 0.36968362 0.39108739 0.3490397  0.41323244 0.14969106 0.01346465
 0.99875113 0.96996014 0.0539576  0.98957839 0.41323244 0.19796045
 0.61225166 0.93482727 0.63886042 0.69212796 0.21173982 0.66552932
 0.27423335 0.45963725 0.79482654 0.98957839 0.63886042 0.58582128
 0.96007647 0.19796045]","[1.64147482e-02 4.16212987e-02 3.91087390e-01 4.70847031e-03
 8.06268875e-03 3.49039701e-01 1.99311438e-02 4.54286666e-02
 8.06268875e-03 1.11358879e-01 8.06755085e-04 9.92823487e-03
 1.48741570e-02 1.97960446e-01 1.49691056e-01 8.82599083e-02
 1.10287908e-04 3.77043497e-03 2.68158880e-03 3.36894521e-03
 2.68158880e-03 8.06268875e-03 2.26241661e-01 6.38860419e-01
 1.03408932e-03 1.64147482e-02 8.95145539e-03 2.90339156e-02
 5.59675216e-01 1.97960446e-01 1.48940867e-03 8.31541824e-05
 3.18171260e-02 1.34646549e-02 4.85152370e-04 1.16899447e-03
 3.27832948e-04 7.25488863e-03 1.21765095e-02 1.48940867e-03
 8.06268875e-03 1.40396435e-05 1.48940867e-03 4.85152370e-04
 1.45688880e-04 8.06755085e-04 5.87165796e-02 1.84885683e-01
 8.06755085e-04 3.29168072e-01]","[0.43609338 0.63886042 0.00992823 0.74453538 0.81875363 0.02646763
 0.79482654 0.03483221 0.21173982 0.19796045 0.45963725 0.71851426
 0.69212796 0.14969106 0.43609338 0.8633028  0.77002924 0.24148215
 0.19796045 0.94837208 0.08825991 0.99765093 0.74453538 0.16077182
 0.36968362 0.39108739 0.3490397  0.41323244 0.14969106 0.01346465
 0.99875113 0.96996014 0.0539576  0.98957839 0.41323244 0.19796045
 0.61225166 0.93482727 0.63886042 0.69212796 0.21173982 0.66552932
 0.27423335 0.45963725 0.79482654 0.98957839 0.63886042 0.58582128
 0.96007647 0.19796045]","[1.64147482e-02 4.16212987e-02 3.91087390e-01 4.70847031e-03
 8.06268875e-03 3.49039701e-01 1.99311438e-02 4.54286666e-02
 8.06268875e-03 1.11358879e-01 8.06755085e-04 9.92823487e-03
 1.48741570e-02 1.97960446e-01 1.49691056e-01 8.82599083e-02
 1.10287908e-04 3.77043497e-03 2.68158880e-03 3.36894521e-03
 2.68158880e-03 8.06268875e-03 2.26241661e-01 6.38860419e-01
 1.03408932e-03 1.64147482e-02 8.95145539e-03 2.90339156e-02
 5.59675216e-01 1.97960446e-01 1.48940867e-03 8.31541824e-05
 3.18171260e-02 1.34646549e-02 4.85152370e-04 1.16899447e-03
 3.27832948e-04 7.25488863e-03 1.21765095e-02 1.48940867e-03
 8.06268875e-03 1.40396435e-05 1.48940867e-03 4.85152370e-04
 1.45688880e-04 8.06755085e-04 5.87165796e-02 1.84885683e-01
 8.06755085e-04 3.29168072e-01]","[0.45713495 0.57156713 0.0402378  0.73323395 0.8328543  0.01286634
 0.76970534 0.06326476 0.23674102 0.09737361 0.2130233  0.66438857
 0.65831172 0.08150639 0.48375206 0.64646437 0.58812923 0.32339699
 0.26069063 0.93116581 0.10347729 0.98657611 0.72034109 0.05291053
 0.28016625 0.33909114 0.4311062  0.47063382 0.06399903 0.07069959
 0.99727221 0.95897271 0.05848805 0.93797263 0.510133   0.13061561
 0.44670199 0.88742661 0.56416473 0.78186733 0.51099326 0.54935941
 0.3790203  0.36361853 0.7098558  0.95522077 0.60196628 0.43362514
 0.90878587 0.16716681]","[2.48588726e-02 2.13929625e-02 2.08301174e-01 5.73788819e-03
 3.91335416e-03 2.38126599e-01 1.95783392e-02 1.03887045e-01
 1.29161295e-03 1.61419827e-01 2.31349551e-04 1.14799357e-02
 1.62074115e-02 1.86732590e-01 1.37431124e-01 4.71242998e-02
 2.69201478e-04 1.65386741e-03 5.54133041e-03 1.68893706e-03
 3.25805431e-03 5.07345228e-03 1.37780376e-01 5.07707507e-01
 7.90738774e-03 1.85728455e-02 2.19848148e-03 5.05084642e-02
 5.35939292e-01 1.75098632e-01 3.34240416e-04 3.91119918e-05
 1.14908696e-01 3.67163262e-02 1.02530888e-03 4.47977176e-04
 7.76565204e-04 3.97282086e-03 2.19087842e-02 1.12276994e-03
 4.68270667e-03 8.53137913e-05 2.99213750e-04 4.81636102e-04
 4.85122446e-04 1.05703683e-03 2.44024329e-02 1.46790987e-01
 3.66782213e-03 2.66206008e-01]","[0.0025     0.0025     0.0005423  0.0025     0.0025     0.00011245
 0.0025     0.00084175 0.00234492 0.00118543 0.0021934  0.0025
 0.0025     0.00042477 0.0025     0.0025     0.0025     0.0025
 0.00217819 0.0025     0.00108387 0.0025     0.0025     0.0004372
 0.00186976 0.0025     0.00229834 0.0025     0.00077753 0.00093102
 0.0025     0.0025     0.00067159 0.0025     0.0025     0.00141772
 0.0025     0.0025     0.0025     0.0025     0.0025     0.0025
 0.0018407  0.0025     0.0025     0.0025     0.0025     0.0025
 0.0025     0.00141037]","[3.27585292e-04 2.40861342e-04 1.85869377e-03 7.37595450e-05
 5.52507122e-05 1.61631627e-03 2.13825306e-04 1.25067568e-03
 1.46850067e-05 1.47283267e-03 1.00000000e-05 1.40414881e-04
 1.99650923e-04 2.16044077e-03 1.58637438e-03 5.80858287e-04
 1.00000000e-05 2.38317199e-05 7.08604864e-05 1.84573906e-05
 4.90826219e-05 7.17310139e-05 1.48730304e-03 2.50000000e-03
 1.08007270e-04 2.35216259e-04 1.00000000e-05 5.37508818e-04
 2.50000000e-03 1.29783482e-03 1.00000000e-05 1.00000000e-05
 1.62716808e-03 4.61402944e-04 1.00000000e-05 1.00000000e-05
 1.16874289e-05 3.31432082e-05 2.81478827e-04 1.18520844e-05
 6.91427577e-05 1.00000000e-05 1.00000000e-05 1.00000000e-05
 1.19636968e-05 1.86525178e-05 9.73606853e-05 1.99502542e-03
 6.04519783e-05 2.50000000e-03]","[0.03028933 0.01967497 0.03522194 0.01777504 0.02775194 0.02176213
 0.04192833 0.0300229  0.02446263 0.03034631 0.02294748 0.03752552
 0.01554253 0.03211562 0.02701847 0.02081021 0.0254861  0.02864949
 0.02385503 0.02590003 0.03889741 0.01624177 0.02965039 0.0313776
 0.04216801 0.03509713 0.02570198 0.0378005  0.03547599 0.03950736
 0.01915302 0.02338714 0.03936323 0.01774111 0.02732751 0.0304884
 0.01845001 0.01759071 0.02493874 0.02156673 0.03155693 0.01922093
 0.02359301 0.0169863  0.0170811  0.02428782 0.01850089 0.03289268
 0.02811332 0.03841678]","[0.05614451 0.0580989  0.04550571 0.06248101 0.04828252 0.04998336
 0.0341584  0.05585976 0.05221215 0.03867596 0.053932   0.04879467
 0.05219404 0.03804112 0.05019089 0.04249478 0.05385532 0.05118878
 0.06422633 0.05971663 0.05380876 0.06639541 0.04624869 0.03796283
 0.05395672 0.05007232 0.04420963 0.0415336  0.03964176 0.02691567
 0.05097732 0.0593196  0.04665846 0.04877074 0.05291889 0.06792633
 0.0642559  0.05917835 0.04699277 0.04821251 0.04827542 0.06383396
 0.06157511 0.05922688 0.06547229 0.05945331 0.04001901 0.05272699
 0.04882669 0.03127332]","[0.0499277  0.41577419 0.01365706 0.54639076 0.09014693 0.29553493
 0.00171434 0.05325248 0.17949297 0.0492403  0.23925367 0.00697324
 0.71328523 0.03160584 0.10591103 0.34705412 0.14624268 0.07357767
 0.20188184 0.13428762 0.00457938 0.6608148  0.05821999 0.03814266
 0.00158121 0.01414641 0.13990473 0.00641732 0.01270775 0.00378012
 0.44988097 0.22054667 0.00395645 0.54886482 0.09901037 0.047562
 0.49806062 0.55987938 0.16335078 0.30564836 0.03645412 0.44535888
 0.21217871 0.60475871 0.59766526 0.18572529 0.49449386 0.0258082
 0.08313331 0.00531537]","[6.39122075e-06 2.60991036e-06 4.88983583e-04 3.13364752e-07
 1.72059963e-04 8.80163306e-05 1.83613063e-02 7.26343922e-06
 3.53035455e-05 4.90602630e-03 1.69758558e-05 1.40954729e-04
 3.55723495e-05 5.96437420e-03 8.09753464e-05 1.41515110e-03
 1.75480229e-05 5.39681743e-05 1.29041700e-07 1.21502538e-06
 1.79044502e-05 4.14023405e-08 3.72009996e-04 6.10844554e-03
 1.67952072e-05 8.49296553e-05 7.79514988e-04 1.95650318e-03
 3.62222840e-03 1.08292948e-01 5.88530140e-05 1.46866000e-06
 3.19333016e-04 1.42280726e-04 2.62056885e-05 1.81415621e-08
 1.27089228e-07 1.57065545e-06 2.81651085e-04 1.76785147e-04
 1.72533673e-04 1.57863331e-07 4.91874730e-07 1.53486765e-06
 6.74755764e-08 1.37801475e-06 3.21091430e-03 2.84256994e-05
 1.39199024e-04 3.91555488e-02]","[ 2.20298767e-04  1.99794769e-04  2.02536583e-04 -1.82390213e-05
  2.88486481e-05 -4.89950180e-05 -2.51531601e-05  8.10623169e-06
 -1.51276588e-04  9.38177109e-05 -9.45329666e-05  8.65459442e-05
 -1.74999237e-04  6.19173050e-04  2.98857689e-04 -1.12175941e-04
  5.67436218e-05  5.96046448e-06 -1.35540962e-04  1.56521797e-04
  4.39286232e-04 -1.57833099e-04  1.63674355e-04  9.04679298e-04
  9.08136368e-04  3.71456146e-04  2.03251839e-04  1.09517574e-03
  4.69326973e-04  8.83221626e-04 -9.58442688e-05 -4.73260880e-05
  5.14626503e-04 -1.07407570e-04  1.48057938e-04 -1.47223473e-04
 -1.41859055e-05 -1.83105469e-04 -8.80956650e-05  7.23600388e-05
  1.34348869e-04 -4.38690186e-05 -9.98973846e-05 -1.63555145e-04
 -1.21831894e-04  1.28388405e-04  7.74860382e-05  4.70995903e-04
 -1.13368034e-04  5.86271286e-04]","[ 5.60879707e-04  5.61356544e-04  1.02245808e-03  2.32696533e-03
  1.04260445e-03  1.54435635e-03  1.32262707e-03  1.05190277e-03
  1.96671486e-03  6.19649887e-04  1.06048584e-03  7.98940659e-04
  9.64283943e-04  4.49180603e-04  7.86781311e-05  1.07526779e-03
  1.42323971e-03  2.11322308e-03  1.90913677e-03  2.05528736e-03
  2.06375122e-03  1.95384026e-03  4.05311584e-04 -5.32865524e-05
  3.27825546e-04  4.62174416e-04  8.15510750e-04  5.56707382e-05
  2.20417976e-04 -3.57627869e-05  9.23037529e-04  2.03788280e-03
  1.92785263e-03  8.03828239e-04  7.77125359e-04  1.12867355e-03
  2.32732296e-03  2.47824192e-03  9.05394554e-04  1.08933449e-03
  2.08747387e-03  3.17740440e-03  1.67584419e-03  1.40774250e-03
  1.83737278e-03  9.76800919e-04  4.48465347e-04  5.24520874e-04
  1.06334686e-03  1.01327896e-05]","[0.01653767 0.0162396  0.01422828 0.01159243 0.0112194  0.01155943
 0.01201838 0.01180257 0.00764849 0.0149335  0.00892623 0.01354745
 0.00589281 0.02110611 0.01663987 0.00916071 0.01384009 0.01174859
 0.00861053 0.01431747 0.01795801 0.00701669 0.01400441 0.02631202
 0.02510583 0.01551314 0.01438919 0.02841552 0.01947506 0.02457948
 0.00946302 0.01143382 0.01865949 0.00879441 0.01529751 0.00724753
 0.01139166 0.00608381 0.01014199 0.01321267 0.01452093 0.01084124
 0.01091595 0.00721831 0.00912471 0.01339272 0.01244082 0.01820649
 0.00946883 0.02147556]","[0.01976531 0.02094486 0.02731676 0.03778868 0.02538668 0.03197811
 0.03007296 0.02715726 0.03579752 0.0219477  0.02584892 0.02220586
 0.02567607 0.0187997  0.01318867 0.02519815 0.02718637 0.03424655
 0.03056134 0.03513405 0.03292129 0.03591881 0.01785537 0.00988
 0.01669204 0.02057224 0.02236414 0.01100678 0.01561697 0.01145226
 0.02614705 0.03449081 0.03002599 0.02525322 0.02411034 0.02756208
 0.03402334 0.03973609 0.0259709  0.0275022  0.03354257 0.04212913
 0.03146874 0.02758434 0.03153622 0.02521608 0.02126468 0.01918126
 0.02634114 0.01196003]",0.5069679195771721,0.0762084333927074,0.31610911115237483,0.14363956373727718,0.4807607263668977,0.06540646185579779,0.3034723479209562,0.1171918531290852,0.0020512265001502495,0.0005594277577953115,0.0007311985147697921,0.0007988746742203569,0.02723321001052857,0.051053521368503565,0.00750362007422049,0.009288845906510816,0.00014806985855102538,0.0011554098129272462,0.0003151215368583749,0.0007564654722497796,0.013673408340950308,0.02591055317545198,0.005231821342708544,0.007640803328434251
df1,0.25,0.0,0.25,"[0.45963725 0.29176485 0.69212796 0.41323244 0.91946676 0.79482654
 0.58582128 0.50859953 0.71851426 0.71851426 0.96007647 0.17249627
 0.50859953 0.08825991 0.84163603 0.58582128 0.31007573 0.48382277
 0.94837208 0.61225166 0.58582128 0.58582128 0.36968362 0.74453538
 0.8633028  0.93482727 0.32916807 0.03809482 0.71851426 0.71851426
 0.31007573 0.94837208 0.02410401 0.77002924 0.27423335 0.22624166
 0.69212796 0.71851426 0.91946676 0.74453538 0.71851426 0.61225166
 0.36968362 0.31007573 0.91946676 0.27423335 0.77002924 0.71851426
 0.84163603 0.71851426]","[8.95145539e-03 9.13835051e-04 2.85456402e-06 1.99311438e-02
 1.34646549e-02 5.51757155e-04 1.48940867e-03 2.51182002e-04
 1.48940867e-03 1.29372179e-01 3.77043497e-03 7.11507895e-04
 9.92823487e-03 5.08599525e-01 2.12592488e-03 2.68158880e-03
 3.80948244e-02 2.41040115e-02 8.95145539e-03 8.95145539e-03
 1.20265345e-05 9.13835051e-04 3.27832948e-04 1.48741570e-02
 1.48940867e-03 1.32017364e-03 2.26241661e-01 2.90339156e-02
 3.29168072e-01 6.26876255e-04 1.34646549e-02 2.90339156e-02
 8.79830246e-06 7.25488863e-03 2.58137431e-05 5.46398884e-06
 2.68158880e-03 9.13835051e-04 6.52148041e-03 5.46398884e-06
 1.40396435e-05 4.54286666e-02 2.85456402e-06 1.34646549e-02
 7.25488863e-03 1.10005675e-02 2.41040115e-02 4.03308445e-05
 9.13835051e-04 4.95346404e-02]","[0.45963725 0.29176485 0.69212796 0.41323244 0.91946676 0.79482654
 0.58582128 0.50859953 0.71851426 0.71851426 0.96007647 0.17249627
 0.50859953 0.08825991 0.84163603 0.58582128 0.31007573 0.48382277
 0.94837208 0.61225166 0.58582128 0.58582128 0.36968362 0.74453538
 0.8633028  0.93482727 0.32916807 0.03809482 0.71851426 0.71851426
 0.31007573 0.94837208 0.02410401 0.77002924 0.27423335 0.22624166
 0.69212796 0.71851426 0.91946676 0.74453538 0.71851426 0.61225166
 0.36968362 0.31007573 0.91946676 0.27423335 0.77002924 0.71851426
 0.84163603 0.71851426]","[8.95145539e-03 9.13835051e-04 2.85456402e-06 1.99311438e-02
 1.34646549e-02 5.51757155e-04 1.48940867e-03 2.51182002e-04
 1.48940867e-03 1.29372179e-01 3.77043497e-03 7.11507895e-04
 9.92823487e-03 5.08599525e-01 2.12592488e-03 2.68158880e-03
 3.80948244e-02 2.41040115e-02 8.95145539e-03 8.95145539e-03
 1.20265345e-05 9.13835051e-04 3.27832948e-04 1.48741570e-02
 1.48940867e-03 1.32017364e-03 2.26241661e-01 2.90339156e-02
 3.29168072e-01 6.26876255e-04 1.34646549e-02 2.90339156e-02
 8.79830246e-06 7.25488863e-03 2.58137431e-05 5.46398884e-06
 2.68158880e-03 9.13835051e-04 6.52148041e-03 5.46398884e-06
 1.40396435e-05 4.54286666e-02 2.85456402e-06 1.34646549e-02
 7.25488863e-03 1.10005675e-02 2.41040115e-02 4.03308445e-05
 9.13835051e-04 4.95346404e-02]","[0.72439141 0.17648502 0.66793686 0.56225542 0.97368093 0.62444384
 0.41620423 0.33390737 0.87474723 0.57159672 0.77074671 0.27633319
 0.67944344 0.0555791  0.80208927 0.66963952 0.49627985 0.43249921
 0.96529289 0.88748142 0.62278046 0.43882452 0.23167911 0.66402696
 0.70275839 0.79349506 0.40901894 0.05694984 0.65604995 0.47523933
 0.31694741 0.95457687 0.02255983 0.79850265 0.20147393 0.1434246
 0.50764038 0.75777221 0.92371283 0.93301318 0.66269404 0.47207867
 0.50297831 0.39719698 0.89424735 0.23490451 0.81409768 0.66514411
 0.74002553 0.7004938 ]","[1.67082124e-03 4.50564809e-04 6.31679618e-06 2.05438057e-02
 1.46097810e-03 8.65766167e-05 4.32666890e-03 3.77550913e-04
 5.55426253e-04 7.91547218e-02 9.48745849e-04 5.57737077e-04
 8.76883889e-03 4.06233199e-01 5.37020950e-04 2.31930023e-03
 2.24713990e-02 4.02263461e-02 1.39742421e-02 3.23107946e-03
 2.01341091e-06 6.86889633e-04 8.68018991e-06 3.02979986e-03
 1.95646802e-04 1.38924025e-04 8.36124932e-02 2.76751816e-02
 1.73479829e-01 5.65655984e-04 1.50384696e-02 1.56749405e-02
 1.38749062e-07 2.87854440e-03 3.98901065e-05 2.22610389e-07
 3.12821053e-03 2.72938789e-04 1.15787357e-03 1.33504670e-04
 2.97875054e-05 3.06830747e-02 1.94118980e-05 1.10124897e-02
 4.69483106e-03 1.20748945e-02 1.26924212e-02 4.34071294e-05
 4.58581732e-04 1.86888431e-02]","[2.50000000e-03 2.14663441e-03 2.50000000e-03 2.50000000e-03
 2.50000000e-03 2.50000000e-03 2.50000000e-03 2.50000000e-03
 2.50000000e-03 2.50000000e-03 2.50000000e-03 2.50000000e-03
 2.50000000e-03 7.05128332e-04 2.50000000e-03 2.50000000e-03
 2.50000000e-03 2.50000000e-03 2.50000000e-03 2.50000000e-03
 2.50000000e-03 2.50000000e-03 1.79363865e-03 2.50000000e-03
 2.50000000e-03 2.50000000e-03 2.50000000e-03 4.09395240e-04
 2.50000000e-03 2.50000000e-03 2.50000000e-03 2.50000000e-03
 6.86194209e-05 2.50000000e-03 2.33573029e-03 1.25411419e-03
 2.50000000e-03 2.50000000e-03 2.50000000e-03 2.50000000e-03
 2.50000000e-03 2.50000000e-03 2.50000000e-03 2.50000000e-03
 2.50000000e-03 2.50000000e-03 2.50000000e-03 2.50000000e-03
 2.50000000e-03 2.50000000e-03]","[2.33820292e-05 1.00000000e-05 1.00000000e-05 1.93697743e-04
 1.27046237e-05 1.00000000e-05 5.43743433e-05 1.00000000e-05
 1.00000000e-05 8.48150979e-04 1.61040544e-05 1.35800231e-05
 1.23441293e-04 2.50000000e-03 1.00000000e-05 2.00710112e-05
 1.12257957e-04 5.07135693e-04 1.31443469e-04 3.61689729e-05
 1.00000000e-05 1.21201136e-05 1.00000000e-05 2.79973224e-05
 1.00000000e-05 1.00000000e-05 7.20355146e-04 3.63135872e-04
 1.62045383e-03 1.00000000e-05 2.14976368e-04 2.28981049e-04
 1.00000000e-05 2.63459242e-05 1.00000000e-05 1.00000000e-05
 5.51554528e-05 1.00000000e-05 1.00000000e-05 1.00000000e-05
 1.00000000e-05 3.41383451e-04 1.00000000e-05 1.65887040e-04
 4.15878312e-05 1.75647231e-04 1.48239148e-04 1.00000000e-05
 1.00000000e-05 1.25501593e-04]","[0.02623412 0.02360631 0.0257186  0.03371124 0.02419765 0.02881151
 0.03177646 0.03203533 0.02046771 0.01666591 0.02976172 0.02564398
 0.02566513 0.03007356 0.021734   0.03787019 0.0266602  0.02769084
 0.02620335 0.02137273 0.02164287 0.02118081 0.02805599 0.02279797
 0.02225113 0.02219498 0.02267743 0.04222002 0.02014703 0.03610243
 0.04229167 0.01888533 0.02158582 0.03302069 0.03610787 0.01662302
 0.02690658 0.0253673  0.02333121 0.01701518 0.03051458 0.02195757
 0.02368522 0.03397573 0.025388   0.02275213 0.02833406 0.02543712
 0.02344564 0.02799461]","[0.06011052 0.06481049 0.07105553 0.05712901 0.05198025 0.06861532
 0.05709391 0.05778071 0.0680192  0.05456574 0.05011207 0.06464837
 0.05646564 0.04451369 0.05797557 0.05253778 0.05295707 0.04821971
 0.05267614 0.05841546 0.07380353 0.05645537 0.08147027 0.0585106
 0.07154605 0.06428653 0.05806114 0.05394842 0.05348431 0.05453902
 0.06362657 0.05948041 0.05642943 0.05657746 0.07418066 0.07260486
 0.06617053 0.06184798 0.06710012 0.06893022 0.06683252 0.05753476
 0.07114989 0.05307277 0.06169849 0.06225409 0.05446405 0.07287099
 0.05529735 0.05203113]","[0.12522777 0.21164627 0.13942633 0.0207384  0.18900522 0.07088012
 0.0344764  0.03226575 0.36696815 0.62883009 0.05669528 0.14158541
 0.14097065 0.05260595 0.29697588 0.006283   0.11440474 0.0913805
 0.12604071 0.31592584 0.30167898 0.32632462 0.08421443 0.24587839
 0.27126768 0.27397887 0.25131817 0.00155362 0.38626145 0.01061588
 0.00151634 0.46793897 0.30464991 0.02494929 0.01059917 0.63206096
 0.10850566 0.14982786 0.22286315 0.60259562 0.04725817 0.28565729
 0.20851015 0.0193013  0.14919807 0.24793683 0.07907973 0.14771246
 0.21814372 0.08538485]","[1.00543649e-06 9.53642591e-08 3.16751890e-09 4.08617321e-06
 3.88961476e-05 1.24372752e-08 4.15241871e-06 3.02593242e-06
 1.72453843e-08 1.28841670e-05 8.35840832e-05 1.03742849e-07
 5.52825640e-06 6.99578837e-04 2.76415676e-06 3.07895666e-05
 2.57842512e-05 1.76293470e-04 2.90434079e-05 2.25097220e-06
 6.40992060e-10 5.55402059e-06 5.38588789e-12 2.15272667e-06
 2.39220715e-09 1.25097579e-07 2.65622584e-06 1.68556852e-05
 2.05873181e-05 1.30357487e-05 1.75525309e-07 1.36031028e-06
 5.61964396e-06 5.25494284e-06 5.12349575e-10 1.29647602e-09
 4.66631732e-08 4.29710647e-07 2.83849143e-08 1.04530191e-08
 3.27749883e-08 3.39052644e-06 3.00143704e-09 2.45462541e-05
 4.62758604e-07 3.51048057e-07 1.34701045e-05 1.10988815e-09
 9.33347765e-06 3.80791808e-05]","[ 9.17911530e-05  7.16447830e-05 -1.08003616e-04 -4.16040421e-05
  1.42335892e-04  1.57356262e-05 -9.16719437e-05  1.46389008e-04
  2.78711319e-04 -2.49147415e-05  1.62124634e-05 -2.70605087e-05
  2.93254852e-05  1.30259991e-03 -1.66535378e-04  7.80820847e-05
  6.98208809e-04  6.74128532e-04  1.70469284e-05  8.18967819e-05
 -1.39951706e-04 -1.10864639e-05  9.80377197e-04 -1.32679939e-04
 -2.78949738e-05 -1.58071518e-04 -6.06775284e-05  1.67846680e-04
 -1.15871429e-04  1.17456913e-03  4.23192978e-05 -2.31266022e-05
 -6.22272491e-05  7.05718994e-05  1.10983849e-04 -1.87754631e-04
 -1.52468681e-04 -1.32322311e-05  8.67843628e-05 -1.77383423e-04
 -6.10351562e-05  5.24520874e-05 -1.46627426e-04 -3.37362289e-05
  7.65323639e-05 -1.38044357e-04 -6.31809235e-06  1.30057335e-04
 -4.83989716e-05 -9.72747803e-05]","[ 1.94299221e-03  3.25262547e-03  3.13389301e-03  1.40058994e-03
  8.09431076e-04  1.68740749e-03  2.25877762e-03  2.50589848e-03
  5.25391102e-03  2.14111805e-03  1.84237957e-03  2.16364861e-03
  2.63178349e-03 -6.71148300e-05  2.02000141e-03  1.33562088e-03
  4.22000885e-04  6.49094582e-04  1.30844116e-03  1.07979774e-03
  2.39562988e-03  2.27415562e-03  7.43269920e-03  3.14474106e-03
  2.81453133e-03  2.86543369e-03  1.49035454e-03  1.57058239e-03
  1.09922886e-03  4.08649445e-04  2.77149677e-03  1.28018856e-03
  1.41716003e-03  1.50561333e-03  2.37655640e-03  3.30030918e-03
  2.86018848e-03  2.80892849e-03  2.00760365e-03  2.37047672e-03
  2.91144848e-03  1.30832195e-03  3.01110744e-03  2.23851204e-03
  1.90258026e-03  2.52282619e-03  2.68626213e-03  2.67148018e-03
  1.10971928e-03  1.85585022e-03]","[0.01248753 0.01203386 0.00856483 0.01268072 0.01589142 0.01251389
 0.00964664 0.01377101 0.01622013 0.01000791 0.01186376 0.01120839
 0.01039155 0.02926885 0.00762021 0.01299449 0.02482836 0.02156171
 0.01297754 0.01311383 0.00745472 0.01051882 0.02666665 0.00778995
 0.01230998 0.00732335 0.01048715 0.01374309 0.00819526 0.02744881
 0.01266798 0.0103592  0.01076344 0.01393235 0.01413186 0.00532749
 0.0070153  0.00992523 0.01315366 0.00647139 0.01202867 0.01356032
 0.00891933 0.01064279 0.01185003 0.00914388 0.01168676 0.01380341
 0.01133061 0.00877955]","[0.03379801 0.04367425 0.04377436 0.03132275 0.02284609 0.03156096
 0.03629059 0.03770175 0.05499741 0.03430622 0.03313146 0.03591865
 0.03940802 0.00858312 0.03655779 0.02893035 0.01749679 0.02050765
 0.02816653 0.02880791 0.0378102  0.03696119 0.06547196 0.04058076
 0.04049103 0.0441474  0.03258305 0.03081426 0.0281894  0.01806368
 0.03861797 0.02630239 0.03288092 0.03172948 0.03528914 0.04467734
 0.039865   0.04078145 0.03699522 0.03815215 0.04085755 0.02550887
 0.04260096 0.03750721 0.03624199 0.03858843 0.03905572 0.04023693
 0.02729635 0.03517018]",0.58765638921719,0.032000383873013946,0.2566140262109234,0.08881208253715725,0.5731068214236535,0.020520378586728612,0.25895780967677196,0.062159523619470254,0.0023242652104811645,0.00018140559129727513,0.0005322160816295497,0.0004304889006986904,0.02639581071257591,0.0605988343334198,0.005938911517730763,0.00783907107317678,8.565902709960937e-05,0.002163698673248291,0.00032009938866390457,0.0011904097376317364,0.012541553144845771,0.03502497673486326,0.005126917861558079,0.009071935703799003
df1,0.30000000000000004,0.0,0.30000000000000004,"[0.97808957 0.27423335 0.10315938 0.36968362 0.08151459 0.74453538
 0.8633028  0.77002924 0.32916807 0.3490397  0.91946676 0.19796045
 0.63886042 0.07520917 0.53390728 0.91946676 0.8633028  0.29176485
 0.91946676 0.19796045 0.45963725 0.48382277 0.84163603 0.18488568
 0.19796045 0.69212796 0.24148215 0.55967522 0.01487416 0.74453538
 0.0416213  0.21173982 0.41323244 0.0539576  0.07520917 0.63886042
 0.69212796 0.50859953 0.53390728 0.79482654 0.31007573 0.74453538
 0.61225166 0.58582128 0.00336895 0.69212796 0.55967522 0.08151459
 0.36968362 0.77002924]","[4.67045972e-05 1.89004559e-03 7.25488863e-03 1.26822204e-04
 2.68158880e-03 2.38884447e-03 2.99835482e-05 1.89004559e-03
 1.10287908e-04 1.93100400e-08 1.67194217e-04 1.67194217e-04
 7.20954134e-05 9.54673207e-02 2.19294824e-02 1.91681353e-04
 1.67194217e-04 2.64676308e-02 1.16899447e-03 3.09615598e-07
 1.16899447e-03 5.25376643e-03 4.26159664e-04 7.11507895e-04
 8.31541824e-05 2.05084189e-06 4.03308445e-05 2.68158880e-03
 7.25488863e-03 3.48322136e-02 8.72433497e-08 1.64147482e-02
 3.47919250e-05 2.57475452e-01 9.58129418e-05 4.70847031e-03
 1.32017364e-03 6.26876255e-04 8.06268875e-03 8.06268875e-03
 1.10287908e-04 4.26159664e-04 1.40396435e-05 9.58129418e-05
 7.38137688e-11 9.13835051e-04 9.92823487e-03 1.99311438e-02
 4.21554189e-03 1.90755446e-05]","[0.97808957 0.27423335 0.10315938 0.36968362 0.08151459 0.74453538
 0.8633028  0.77002924 0.32916807 0.3490397  0.91946676 0.19796045
 0.63886042 0.07520917 0.53390728 0.91946676 0.8633028  0.29176485
 0.91946676 0.19796045 0.45963725 0.48382277 0.84163603 0.18488568
 0.19796045 0.69212796 0.24148215 0.55967522 0.01487416 0.74453538
 0.0416213  0.21173982 0.41323244 0.0539576  0.07520917 0.63886042
 0.69212796 0.50859953 0.53390728 0.79482654 0.31007573 0.74453538
 0.61225166 0.58582128 0.00336895 0.69212796 0.55967522 0.08151459
 0.36968362 0.77002924]","[4.67045972e-05 1.89004559e-03 7.25488863e-03 1.26822204e-04
 2.68158880e-03 2.38884447e-03 2.99835482e-05 1.89004559e-03
 1.10287908e-04 1.93100400e-08 1.67194217e-04 1.67194217e-04
 7.20954134e-05 9.54673207e-02 2.19294824e-02 1.91681353e-04
 1.67194217e-04 2.64676308e-02 1.16899447e-03 3.09615598e-07
 1.16899447e-03 5.25376643e-03 4.26159664e-04 7.11507895e-04
 8.31541824e-05 2.05084189e-06 4.03308445e-05 2.68158880e-03
 7.25488863e-03 3.48322136e-02 8.72433497e-08 1.64147482e-02
 3.47919250e-05 2.57475452e-01 9.58129418e-05 4.70847031e-03
 1.32017364e-03 6.26876255e-04 8.06268875e-03 8.06268875e-03
 1.10287908e-04 4.26159664e-04 1.40396435e-05 9.58129418e-05
 7.38137688e-11 9.13835051e-04 9.92823487e-03 1.99311438e-02
 4.21554189e-03 1.90755446e-05]","[9.91227216e-01 4.41457636e-01 1.82004382e-01 2.80768571e-01
 8.01153279e-02 7.34321565e-01 7.69428887e-01 5.40960214e-01
 3.48914913e-01 2.62694467e-01 9.46077542e-01 1.59481599e-01
 4.35037058e-01 5.07954735e-02 5.65561109e-01 9.34740906e-01
 9.68647713e-01 3.91068553e-01 9.12681598e-01 1.93344988e-01
 5.88282171e-01 5.05227886e-01 8.01043234e-01 3.36881903e-01
 2.48987868e-01 7.04693706e-01 3.58544374e-01 6.07659647e-01
 1.27862547e-02 5.41415063e-01 2.09815476e-02 4.02453535e-01
 3.08784355e-01 3.05938675e-02 1.35826812e-01 6.35200774e-01
 5.13029918e-01 5.90448892e-01 3.94366486e-01 8.15293677e-01
 3.15325490e-01 5.89625937e-01 8.31618202e-01 3.09991058e-01
 3.41127522e-04 8.22028724e-01 5.05400376e-01 1.39059933e-01
 3.46323180e-01 7.69473924e-01]","[1.19919803e-04 1.17858527e-03 2.90295954e-03 2.81886541e-06
 5.52444879e-03 2.44074946e-03 1.34678134e-05 1.12868717e-03
 3.24976485e-04 6.63936728e-09 3.91043636e-04 7.91604147e-05
 1.68633027e-05 4.99673106e-02 5.20747237e-03 1.05010813e-04
 5.52152380e-05 1.19921857e-02 1.69133867e-04 1.43794885e-08
 5.26625320e-04 4.51503136e-03 2.06127322e-04 4.59244058e-04
 2.79614886e-04 1.06698690e-06 4.06933765e-05 2.32222409e-04
 1.62513670e-02 1.42844351e-02 4.61407013e-09 8.42158276e-03
 1.39790465e-04 4.14485072e-01 3.20060718e-04 2.74670789e-04
 7.92931039e-04 1.09840647e-04 2.22016988e-03 3.02058246e-03
 1.35345048e-04 4.36070421e-04 9.45717807e-06 2.28260072e-05
 5.40554268e-11 4.61058240e-04 3.42995213e-03 4.12264793e-03
 3.29630929e-03 9.29709998e-06]","[2.50000000e-03 2.50000000e-03 2.29346987e-03 2.50000000e-03
 1.07657259e-03 2.50000000e-03 2.50000000e-03 2.50000000e-03
 2.50000000e-03 1.72447489e-03 2.50000000e-03 2.06627728e-03
 2.50000000e-03 4.50408964e-04 2.50000000e-03 2.50000000e-03
 2.50000000e-03 2.50000000e-03 2.50000000e-03 2.32921885e-03
 2.50000000e-03 2.50000000e-03 2.50000000e-03 2.50000000e-03
 2.50000000e-03 2.50000000e-03 2.50000000e-03 2.50000000e-03
 9.12957260e-05 2.50000000e-03 2.66325996e-04 2.50000000e-03
 2.50000000e-03 2.04561635e-04 1.71089981e-03 2.50000000e-03
 2.50000000e-03 2.50000000e-03 2.50000000e-03 2.50000000e-03
 2.50000000e-03 2.50000000e-03 2.50000000e-03 2.50000000e-03
 1.00000000e-05 2.50000000e-03 2.50000000e-03 1.50552445e-03
 2.50000000e-03 2.50000000e-03]","[1.00000000e-05 1.68073883e-05 4.49539187e-05 1.00000000e-05
 7.13169199e-05 4.50985248e-05 1.00000000e-05 1.16768649e-05
 1.00000000e-05 1.00000000e-05 1.00000000e-05 1.00000000e-05
 1.00000000e-05 6.20500622e-04 5.72703787e-05 1.00000000e-05
 1.00000000e-05 1.77431595e-04 1.00000000e-05 1.00000000e-05
 1.00000000e-05 6.57918182e-05 1.00000000e-05 1.00000000e-05
 1.00000000e-05 1.00000000e-05 1.00000000e-05 1.00000000e-05
 2.35424335e-04 2.01018726e-04 1.00000000e-05 7.56169550e-05
 1.00000000e-05 2.50000000e-03 1.00000000e-05 1.00000000e-05
 1.34561354e-05 1.00000000e-05 3.79373207e-05 3.28926668e-05
 1.00000000e-05 1.00000000e-05 1.00000000e-05 1.00000000e-05
 1.00000000e-05 1.00000000e-05 4.07690527e-05 4.64190681e-05
 2.73068703e-05 1.00000000e-05]","[0.01615142 0.0259423  0.0380502  0.01940496 0.03774744 0.02657311
 0.01956013 0.02789783 0.0293978  0.02236352 0.02350419 0.01690687
 0.0262024  0.03612191 0.02961012 0.02870357 0.02882804 0.03507166
 0.03427274 0.02396808 0.02615485 0.02685142 0.0242947  0.03169779
 0.04170113 0.02537774 0.03646221 0.02242897 0.04012624 0.02020593
 0.02758223 0.03927154 0.02100416 0.05373235 0.03752424 0.02656071
 0.02354591 0.02487626 0.02366398 0.01901448 0.03298018 0.03895979
 0.02329069 0.02071961 0.02566994 0.02596757 0.0350189  0.03597589
 0.04008819 0.03050827]","[0.07499852 0.06732079 0.07066189 0.08787056 0.06947308 0.06735068
 0.07530191 0.06233226 0.07396931 0.08381055 0.06467951 0.08383811
 0.06023546 0.05569018 0.0571835  0.06158273 0.06863973 0.05844639
 0.07013858 0.08858716 0.07067354 0.0606794  0.0663455  0.06986252
 0.05574828 0.07007718 0.06092249 0.0775477  0.06519804 0.07661406
 0.08541428 0.05411468 0.07158548 0.04218492 0.06972597 0.06597062
 0.07857801 0.05672921 0.0804613  0.06358486 0.07145732 0.05247184
 0.07709584 0.07211676 0.08036967 0.07511593 0.06233682 0.0517473
 0.05745782 0.07886482]","[6.67627695e-01 1.33112800e-01 5.94787150e-03 4.33230734e-01
 6.52132775e-03 1.16551927e-01 4.23148624e-01 8.72580348e-02
 6.18102422e-02 2.65899711e-01 2.15758702e-01 6.10712931e-01
 1.26065871e-01 1.05561525e-02 5.87800518e-02 7.26678639e-02
 7.06097877e-02 1.42481767e-02 1.77939776e-02 1.97560308e-01
 1.27331028e-01 1.09803998e-01 1.85476903e-01 3.51740374e-02
 1.85009045e-03 1.49509969e-01 9.56043359e-03 2.62809977e-01
 3.10212937e-03 3.82671353e-01 9.36078631e-02 4.07253188e-03
 3.36098981e-01 1.85043983e-05 6.97592662e-03 1.16860402e-01
 2.14071107e-01 1.65400868e-01 2.09350689e-01 4.59180327e-01
 2.52183198e-02 4.49103712e-03 2.24552535e-01 3.52251686e-01
 1.40831104e-01 1.32414276e-01 1.44611221e-02 1.10114725e-02
 3.14033741e-03 4.73312337e-02]","[3.13961125e-10 2.51997222e-08 3.96231642e-09 6.93035734e-14
 7.73214468e-09 2.47960073e-08 2.61446289e-10 3.37596211e-07
 5.80963104e-10 1.13934539e-12 1.02079933e-07 1.11839409e-12
 9.46582919e-07 7.83599522e-06 3.98533944e-06 4.90026572e-07
 1.22711979e-08 2.21856086e-06 5.32560821e-09 4.17004095e-14
 3.93620262e-09 7.63200328e-07 4.25177606e-08 6.21912208e-09
 7.63511113e-06 5.51282214e-09 6.77857288e-07 6.59056832e-11
 7.79096456e-08 1.17452980e-10 3.83068641e-13 1.56837301e-05
 2.33863812e-09 1.57218974e-03 6.71350116e-09 5.18807371e-08
 3.45504394e-11 4.90473453e-06 1.03795889e-11 1.79302599e-07
 2.51718503e-09 3.16567372e-05 8.72477017e-11 1.72143531e-09
 1.10123115e-11 2.92517542e-10 3.36826812e-07 4.28544353e-05
 3.51301003e-06 2.88215629e-11]","[ 7.77244568e-05 -1.52587891e-04  3.94463539e-04  4.18424606e-05
  8.15749168e-04  2.52723694e-05 -1.11699104e-04  8.33272934e-05
  3.90291214e-04 -1.11103058e-04 -5.40018082e-05 -8.13007355e-05
  1.66773796e-04  1.04284286e-03 -1.09314919e-04 -3.42130661e-05
 -1.67965889e-04  5.12957573e-04 -7.45058060e-05 -1.49250031e-04
  2.07781792e-04 -7.12871552e-05 -1.19924545e-04 -1.74641609e-04
  7.06553459e-04  2.12192535e-05  4.14848328e-05 -1.21355057e-04
  1.05583668e-03  1.19447708e-04 -4.47034836e-05  2.51889229e-04
  1.27553940e-04  7.75814056e-04  6.58154488e-04  1.63912773e-04
  1.30414963e-04  4.20689583e-04  3.21507454e-04 -9.97781754e-05
  2.37941742e-04 -2.94446945e-05 -1.67608261e-04 -1.42812729e-04
  2.88486481e-05 -9.44137573e-05  1.29103661e-04  4.87923622e-04
 -1.56164169e-05  6.79612160e-04]","[0.00189197 0.00310385 0.00271308 0.00367677 0.00125349 0.00318563
 0.00475109 0.00241172 0.00200379 0.00403976 0.00256228 0.00327432
 0.00163186 0.00037563 0.00237787 0.00252151 0.00349343 0.00110078
 0.00316155 0.00419664 0.0015533  0.0017066  0.00326598 0.00355339
 0.00152898 0.00412905 0.00203311 0.00408626 0.00116444 0.00501883
 0.00453722 0.00127327 0.00167382 0.00051367 0.00156546 0.00380719
 0.00487351 0.00114453 0.00213885 0.00238264 0.00251842 0.00215769
 0.00404489 0.00322855 0.00428832 0.00417566 0.00200605 0.00155997
 0.00285113 0.00205219]","[0.01219203 0.0078331  0.01621828 0.01176922 0.02270344 0.0124303
 0.00779414 0.01528516 0.01782892 0.00890176 0.01100699 0.00878756
 0.0149696  0.02825699 0.00901978 0.0109873  0.00661593 0.01954962
 0.01092832 0.00685254 0.01702493 0.00886215 0.00890121 0.00713653
 0.02124709 0.01160699 0.01378071 0.00919918 0.02674125 0.01323729
 0.01114023 0.01687231 0.01524747 0.02313669 0.01985284 0.01357206
 0.01387343 0.0175661  0.01567065 0.00810525 0.01641073 0.0134741
 0.00721329 0.00690757 0.01093064 0.00883028 0.01403833 0.02001439
 0.01001334 0.01985076]","[0.03283542 0.04272446 0.03716143 0.04634745 0.03029162 0.04414583
 0.05347598 0.03735664 0.03460948 0.04774423 0.0377321  0.04360177
 0.0321795  0.0180641  0.03851649 0.04002119 0.04465151 0.02534475
 0.04136794 0.04764653 0.03158854 0.03259929 0.04438246 0.04646803
 0.02901542 0.04954538 0.03494302 0.04863312 0.02480181 0.05282299
 0.05216796 0.02843094 0.03146913 0.01800857 0.03059651 0.04785702
 0.0510553  0.02945226 0.03605232 0.03780359 0.03785306 0.03681627
 0.04849225 0.04389151 0.05043808 0.04802391 0.0352413  0.03194984
 0.04078736 0.03399047]",0.4706784820979497,0.01094257810425558,0.2895998029391229,0.0381883306501994,0.4674203928242575,0.011202482538754024,0.2817804896260447,0.05811259943712791,0.0021745806013133153,9.263378321105288e-05,0.0007164552894215815,0.00035683430471619097,0.0289506829881668,0.06846326063156129,0.007603336905634954,0.010088445257398257,0.0001597881317138672,0.002691199779510498,0.0003237041438597363,0.0011904051909985129,0.013607775495058096,0.03881992278654005,0.005266072831310142,0.008742626899964365
df1,0.35000000000000003,0.0,0.35000000000000003,"[0.25747545 0.88359176 0.03483221 0.99328163 0.69212796 0.24148215
 0.45963725 0.96996014 0.29176485 0.77002924 0.02410401 0.74453538
 0.69212796 0.32916807 0.41323244 0.98957839 0.31007573 0.00992823
 0.02903392 0.93482727 0.63886042 0.45963725 0.36968362 0.71851426
 0.81875363 0.45963725 0.16077182 0.84163603 0.77002924 0.06383124
 0.53390728 0.97808957 0.08151459 0.84163603 0.06383124 0.16077182
 0.71851426 0.71851426 0.39108739 0.07520917 0.63886042 0.14969106
 0.77002924 0.98957839 0.63886042 0.91946676 0.79482654 0.41323244
 0.08825991 0.61225166]","[5.97265054e-09 1.18065325e-09 2.68158880e-03 1.32017364e-03
 3.95729931e-06 1.59199965e-08 7.20954134e-05 1.51046944e-07
 1.16899447e-03 3.09615598e-07 3.27832948e-04 2.85456402e-06
 1.16899447e-03 6.52148041e-03 1.46749215e-06 8.79830246e-06
 1.67194217e-04 1.34933703e-13 2.68158880e-03 2.99835482e-05
 1.32017364e-03 2.64676308e-02 4.40608072e-07 7.51402754e-06
 1.67194217e-04 3.42511079e-08 8.95145539e-03 5.46398884e-06
 1.67865304e-03 8.95145539e-03 1.40396435e-05 1.26822204e-04
 1.21765095e-02 6.41076366e-06 9.13835051e-04 8.81579698e-07
 4.40608072e-07 1.02917236e-05 3.47919250e-05 2.19294824e-02
 2.05084189e-06 2.12592488e-03 8.79830246e-06 1.67194217e-04
 3.95729931e-06 3.47919250e-05 1.51046944e-07 1.26822204e-04
 7.11507895e-04 6.02037032e-08]","[0.25747545 0.88359176 0.03483221 0.99328163 0.69212796 0.24148215
 0.45963725 0.96996014 0.29176485 0.77002924 0.02410401 0.74453538
 0.69212796 0.32916807 0.41323244 0.98957839 0.31007573 0.00992823
 0.02903392 0.93482727 0.63886042 0.45963725 0.36968362 0.71851426
 0.81875363 0.45963725 0.16077182 0.84163603 0.77002924 0.06383124
 0.53390728 0.97808957 0.08151459 0.84163603 0.06383124 0.16077182
 0.71851426 0.71851426 0.39108739 0.07520917 0.63886042 0.14969106
 0.77002924 0.98957839 0.63886042 0.91946676 0.79482654 0.41323244
 0.08825991 0.61225166]","[5.97265054e-09 1.18065325e-09 2.68158880e-03 1.32017364e-03
 3.95729931e-06 1.59199965e-08 7.20954134e-05 1.51046944e-07
 1.16899447e-03 3.09615598e-07 3.27832948e-04 2.85456402e-06
 1.16899447e-03 6.52148041e-03 1.46749215e-06 8.79830246e-06
 1.67194217e-04 1.34933703e-13 2.68158880e-03 2.99835482e-05
 1.32017364e-03 2.64676308e-02 4.40608072e-07 7.51402754e-06
 1.67194217e-04 3.42511079e-08 8.95145539e-03 5.46398884e-06
 1.67865304e-03 8.95145539e-03 1.40396435e-05 1.26822204e-04
 1.21765095e-02 6.41076366e-06 9.13835051e-04 8.81579698e-07
 4.40608072e-07 1.02917236e-05 3.47919250e-05 2.19294824e-02
 2.05084189e-06 2.12592488e-03 8.79830246e-06 1.67194217e-04
 3.95729931e-06 3.47919250e-05 1.51046944e-07 1.26822204e-04
 7.11507895e-04 6.02037032e-08]","[0.27380204 0.68029459 0.04921386 0.96676729 0.71102848 0.15929224
 0.51990159 0.93121562 0.15525532 0.670854   0.02598997 0.61694027
 0.53006212 0.29934664 0.41633565 0.98826679 0.31329882 0.04887571
 0.021694   0.83099371 0.75011653 0.28678424 0.15681351 0.65170197
 0.92973472 0.49164481 0.16736855 0.76190465 0.62137865 0.03726207
 0.43187071 0.89204538 0.13672823 0.83548252 0.11712612 0.16582333
 0.71749063 0.81739819 0.54686454 0.05590623 0.67275038 0.17539631
 0.83289555 0.94434516 0.81700793 0.78921765 0.90635235 0.45314244
 0.11692414 0.54579615]","[3.03738257e-10 2.96254132e-11 3.30751706e-03 1.59426158e-04
 1.73124171e-07 7.71493980e-10 1.42514308e-05 3.15763128e-07
 3.58503271e-03 3.60650431e-08 1.29919012e-04 6.93654374e-06
 2.12514603e-04 1.76143956e-03 8.20846375e-07 1.78997471e-07
 8.11269744e-06 6.01443340e-10 9.91692502e-04 2.74453547e-06
 1.95649886e-04 4.91635783e-03 4.29310184e-08 1.65765962e-07
 4.19280880e-05 2.64548015e-08 2.00282902e-03 5.41517426e-07
 4.81930366e-04 1.42049966e-03 1.33394251e-06 6.36212466e-06
 4.98020986e-03 1.52039023e-06 1.05198856e-03 7.40182544e-06
 4.84693764e-07 7.34683763e-05 4.32580765e-06 9.07953181e-03
 8.68272740e-08 1.78429074e-03 5.40453056e-06 8.71928245e-05
 5.54789836e-06 4.86296669e-06 5.94476679e-08 1.08105206e-05
 1.82751928e-04 3.55905017e-09]","[0.00176364 0.0025     0.00058479 0.0025     0.0025     0.00137036
 0.0025     0.0025     0.00193091 0.0025     0.00024052 0.0025
 0.0025     0.0025     0.0025     0.0025     0.0025     0.00023942
 0.00020831 0.0025     0.0025     0.0025     0.00152926 0.0025
 0.0025     0.0025     0.0022208  0.0025     0.0025     0.00025186
 0.00245557 0.0025     0.00127311 0.0025     0.00178535 0.00217906
 0.0025     0.0025     0.0025     0.00067846 0.0025     0.00170716
 0.0025     0.0025     0.0025     0.0025     0.0025     0.0025
 0.00118717 0.0025    ]","[1.00000000e-05 1.00000000e-05 5.70992936e-05 1.00000000e-05
 1.00000000e-05 1.00000000e-05 1.00000000e-05 1.00000000e-05
 5.01209583e-05 1.00000000e-05 1.00000000e-05 1.00000000e-05
 1.00000000e-05 2.69135425e-05 1.00000000e-05 1.00000000e-05
 1.00000000e-05 1.00000000e-05 1.00000000e-05 1.00000000e-05
 1.00000000e-05 2.78930134e-05 1.00000000e-05 1.00000000e-05
 1.00000000e-05 1.00000000e-05 1.91002578e-05 1.00000000e-05
 1.00000000e-05 2.08475442e-05 1.00000000e-05 1.00000000e-05
 7.67991683e-05 1.00000000e-05 1.09988900e-05 1.00000000e-05
 1.00000000e-05 1.00000000e-05 1.00000000e-05 1.11314801e-04
 1.00000000e-05 3.45760899e-05 1.00000000e-05 1.00000000e-05
 1.00000000e-05 1.00000000e-05 1.00000000e-05 1.00000000e-05
 1.00000000e-05 1.00000000e-05]","[0.02125633 0.03692849 0.03881353 0.02920124 0.02689174 0.01781525
 0.02491301 0.0313558  0.0356454  0.0277932  0.02829455 0.02512609
 0.02718091 0.02978217 0.01879428 0.0364198  0.03652871 0.02714789
 0.02877672 0.02596177 0.02696496 0.02535264 0.02170061 0.01973771
 0.02678868 0.03826004 0.02967827 0.01992814 0.026513   0.05084143
 0.03037209 0.02456076 0.02707274 0.0278559  0.02507581 0.03512806
 0.02705004 0.04286975 0.01948558 0.03484322 0.02698778 0.02118926
 0.03777165 0.02147858 0.04043572 0.02573242 0.01638047 0.0215857
 0.02997561 0.0176368 ]","[0.08956372 0.11039293 0.06562005 0.06648836 0.08481936 0.09106219
 0.08482746 0.09085856 0.08461059 0.08670045 0.08529363 0.08065569
 0.06257263 0.06524928 0.086819   0.06793824 0.07947925 0.09056627
 0.07043722 0.07690016 0.06724384 0.07270892 0.07384884 0.07734123
 0.07587959 0.08577105 0.06478958 0.07711146 0.06108367 0.0592093
 0.07159938 0.0727559  0.07823357 0.08025206 0.07618719 0.08129338
 0.09688609 0.06924652 0.07280385 0.05586353 0.07303502 0.08377323
 0.08098174 0.07064479 0.05859598 0.07563355 0.09370165 0.07772359
 0.05973307 0.09334166]","[3.22205248e-01 8.33425580e-03 4.70068313e-03 6.47335623e-02
 1.08853771e-01 5.43462802e-01 1.64192747e-01 3.83525234e-02
 1.21081962e-02 8.93218850e-02 7.97926633e-02 1.57324074e-01
 1.02235674e-01 5.64189843e-02 4.74163559e-01 9.67970552e-03
 9.37609101e-03 1.02974113e-01 7.14521775e-02 1.32574422e-01
 1.07145431e-01 1.50275094e-01 2.98693036e-01 4.11777153e-01
 1.11296445e-01 5.57788017e-03 5.78348842e-02 3.99784289e-01
 1.18053258e-01 6.22112100e-05 4.89320258e-02 1.76067126e-01
 1.04671046e-01 8.80801625e-02 1.58923893e-01 1.40237042e-02
 1.05188202e-01 1.24465495e-03 4.27975945e-01 1.51908976e-02
 1.06617517e-01 3.25861491e-01 6.47368669e-03 3.10289153e-01
 2.80693284e-03 1.39029452e-01 6.50351930e-01 3.04656234e-01
 5.38621304e-02 5.56496545e-01]","[2.07295451e-14 1.10488399e-21 6.24299086e-08 3.94004930e-08
 5.75352092e-13 6.98720738e-15 5.72184310e-13 8.10861752e-15
 6.63179168e-13 1.57439199e-13 4.16104380e-13 9.15300113e-12
 2.99286963e-07 7.58479755e-08 1.44952880e-13 1.80241503e-08
 1.95016978e-11 1.00341292e-14 4.49986909e-09 9.84669475e-11
 2.62687620e-08 1.22012870e-09 6.24008458e-10 7.49342748e-11
 1.84132081e-10 2.99737004e-13 9.64067137e-08 8.64081856e-11
 6.26435329e-07 1.54773434e-06 2.32003466e-09 1.18711701e-09
 4.29171122e-11 1.18801021e-11 1.52609440e-10 6.04598092e-12
 8.58599270e-17 8.77147146e-09 1.15432444e-09 7.25117481e-06
 1.00823361e-09 1.16832561e-12 7.40726535e-12 4.00090938e-09
 2.06809548e-06 2.13853883e-10 9.84486051e-16 5.90615889e-11
 1.20548794e-06 1.29041991e-15]","[ 1.90496445e-04  2.87890434e-04  2.35795975e-04  2.55107880e-04
  3.50475311e-05 -1.04069710e-04 -3.64780426e-05  4.30703163e-04
  1.83701515e-04  6.30736351e-04  1.39832497e-04  1.95145607e-04
  4.36425209e-04  3.11374664e-04 -1.54733658e-04  1.00970268e-03
  1.72495842e-04  1.13725662e-04  8.31246376e-04 -5.30481339e-05
 -8.85725021e-05  2.65121460e-04 -1.22189522e-04 -2.83718109e-05
 -7.00950623e-05  3.91840935e-04  8.48889351e-04 -1.22785568e-04
  1.81078911e-04  7.79628754e-05  7.88688660e-04  3.19480896e-05
  2.03847885e-05 -3.32593918e-05 -7.59363174e-05  5.59091568e-05
  9.12666321e-04  3.87430191e-04  2.11834908e-04 -1.90377235e-04
  1.63197517e-04  1.54018402e-04  3.82661819e-05 -1.91569328e-04
  5.51462173e-04 -5.92470169e-05 -1.74045563e-05 -1.28507614e-04
  4.39763069e-04 -5.29289246e-05]","[0.00473106 0.00734305 0.00266576 0.00286782 0.00405824 0.00424528
 0.00549352 0.00260162 0.00316668 0.00289822 0.00434637 0.00245011
 0.00162399 0.00258195 0.00430989 0.00152946 0.00506973 0.00627518
 0.00135124 0.00513351 0.00437963 0.00217605 0.00300372 0.00351477
 0.00318825 0.00332499 0.00115895 0.00401425 0.00162208 0.00395358
 0.00151777 0.00344157 0.00353897 0.00328386 0.00452399 0.00460327
 0.00270414 0.00248253 0.00195408 0.00408828 0.00256002 0.00232863
 0.00501215 0.00373995 0.00153744 0.00383282 0.00454593 0.0030638
 0.0014677  0.00584257]","[0.01536955 0.01552817 0.01756008 0.01660419 0.01088073 0.00728561
 0.01220764 0.01881779 0.01476637 0.01938545 0.01416663 0.01692807
 0.02032678 0.01481803 0.00840323 0.02498872 0.01381247 0.0133907
 0.02429974 0.01068109 0.01023634 0.01667644 0.00822761 0.01044276
 0.01039922 0.01837163 0.02375365 0.00813433 0.01611667 0.01182262
 0.02230826 0.01271553 0.01056232 0.01004574 0.01058256 0.01249917
 0.02329987 0.01756219 0.01524936 0.00497957 0.01502995 0.01354331
 0.01250924 0.00628673 0.02217131 0.00867146 0.01082229 0.00831603
 0.01830391 0.01013879]","[0.05019407 0.06334265 0.03774507 0.04402953 0.04708089 0.04859088
 0.05632186 0.03836244 0.042951   0.04104993 0.05037521 0.03744566
 0.03168442 0.04009244 0.04997017 0.03395254 0.05391246 0.05885076
 0.03112067 0.05332047 0.04876993 0.03868827 0.04146118 0.04822448
 0.04485533 0.043401   0.02881549 0.05013708 0.03132579 0.04709239
 0.03319909 0.04220384 0.04388806 0.04538039 0.05204228 0.05268598
 0.03935852 0.03711941 0.03615175 0.05005766 0.03993502 0.03757781
 0.05459814 0.04692691 0.03048101 0.0451626  0.05153929 0.04557437
 0.03012493 0.05743999]",0.5190056247014739,0.0020420453528396023,0.3194296958945897,0.005202896287092983,0.5006940466115732,0.0007305744695784954,0.312901421102952,0.0016930952320170442,0.0020821147909647116,1.6713271184787317e-05,0.000726796737931815,1.8821873352271448e-05,0.028277605421543117,0.07716256569862366,0.007122350337558826,0.011169762370688254,0.00018900632858276367,0.0034229683876037596,0.000301423052532785,0.0013701809073253357,0.014199997605369292,0.04409222179002814,0.004934920170802844,0.008213405761467694
df1,0.4,0.0,0.4,"[0.02903392 0.48382277 0.21173982 0.06932183 0.11135888 0.58582128
 0.61225166 0.90235528 0.0539576  0.66552932 0.03483221 0.58582128
 0.00525377 0.66552932 0.53390728 0.66552932 0.04542867 0.63886042
 0.58582128 0.00806269 0.01487416 0.69212796 0.81875363 0.69212796
 0.31007573 0.8633028  0.88359176 0.63886042 0.55967522 0.93482727
 0.08825991 0.17249627 0.00336895 0.14969106 0.81875363 0.84163603
 0.24148215 0.88359176 0.25747545 0.12937218 0.91946676 0.03809482
 0.71851426 0.96007647 0.05871658 0.00725489 0.00103409 0.14969106
 0.91946676 0.25747545]","[4.70847031e-03 3.36269816e-06 7.11507895e-04 3.69535722e-07
 1.89004559e-03 2.16691945e-07 1.59199965e-08 1.46749215e-06
 4.21554189e-03 1.81007354e-07 8.79830246e-06 3.69535722e-07
 1.72496272e-01 5.97265054e-09 1.73569175e-06 2.16691945e-07
 1.91681353e-04 3.69535722e-07 1.42091476e-10 1.10005675e-02
 1.34646549e-02 1.59199965e-08 8.31541824e-05 3.42511079e-08
 3.95729931e-06 1.78141737e-09 8.81579698e-07 6.24499263e-07
 1.20265345e-05 2.16691945e-07 2.38884447e-03 2.99835482e-05
 3.73964604e-04 9.58129418e-05 3.09615598e-07 1.20265345e-05
 7.51402754e-06 9.59715417e-10 1.73569175e-06 8.31541824e-05
 1.81007354e-07 5.24820678e-07 2.18488808e-09 7.51402754e-06
 3.42511079e-08 3.36269816e-06 2.05084189e-06 1.73569175e-06
 4.99357648e-08 8.31541824e-05]","[0.02903392 0.48382277 0.21173982 0.06932183 0.11135888 0.58582128
 0.61225166 0.90235528 0.0539576  0.66552932 0.03483221 0.58582128
 0.00525377 0.66552932 0.53390728 0.66552932 0.04542867 0.63886042
 0.58582128 0.00806269 0.01487416 0.69212796 0.81875363 0.69212796
 0.31007573 0.8633028  0.88359176 0.63886042 0.55967522 0.93482727
 0.08825991 0.17249627 0.00336895 0.14969106 0.81875363 0.84163603
 0.24148215 0.88359176 0.25747545 0.12937218 0.91946676 0.03809482
 0.71851426 0.96007647 0.05871658 0.00725489 0.00103409 0.14969106
 0.91946676 0.25747545]","[4.70847031e-03 3.36269816e-06 7.11507895e-04 3.69535722e-07
 1.89004559e-03 2.16691945e-07 1.59199965e-08 1.46749215e-06
 4.21554189e-03 1.81007354e-07 8.79830246e-06 3.69535722e-07
 1.72496272e-01 5.97265054e-09 1.73569175e-06 2.16691945e-07
 1.91681353e-04 3.69535722e-07 1.42091476e-10 1.10005675e-02
 1.34646549e-02 1.59199965e-08 8.31541824e-05 3.42511079e-08
 3.95729931e-06 1.78141737e-09 8.81579698e-07 6.24499263e-07
 1.20265345e-05 2.16691945e-07 2.38884447e-03 2.99835482e-05
 3.73964604e-04 9.58129418e-05 3.09615598e-07 1.20265345e-05
 7.51402754e-06 9.59715417e-10 1.73569175e-06 8.31541824e-05
 1.81007354e-07 5.24820678e-07 2.18488808e-09 7.51402754e-06
 3.42511079e-08 3.36269816e-06 2.05084189e-06 1.73569175e-06
 4.99357648e-08 8.31541824e-05]","[1.25899179e-02 4.89584972e-01 1.19353401e-01 5.30866157e-02
 7.95152906e-02 7.37197095e-01 5.19280194e-01 8.94428707e-01
 2.93961519e-02 6.10426153e-01 2.75088018e-02 5.59870579e-01
 8.23924591e-04 6.14498831e-01 6.03144207e-01 4.62925748e-01
 9.66866134e-03 4.17885746e-01 7.77987316e-01 6.41120916e-03
 2.70358043e-03 6.77304051e-01 6.13142652e-01 6.95906834e-01
 2.92027935e-01 7.51588972e-01 6.85918732e-01 4.13657469e-01
 4.44862581e-01 9.37624732e-01 8.92894903e-02 3.82022359e-01
 1.88445521e-02 2.63338794e-01 7.38828392e-01 8.30092354e-01
 1.19064958e-01 9.02071474e-01 2.24345706e-01 8.57774804e-02
 9.52337833e-01 4.28070207e-02 6.79574787e-01 8.64502947e-01
 6.32740952e-02 2.24373380e-02 4.94511159e-03 1.96691886e-01
 8.36229761e-01 1.91944477e-01]","[3.72884956e-03 6.03883349e-07 3.46481148e-05 7.18566429e-10
 4.48082355e-04 1.40108600e-08 4.65494030e-08 5.26184050e-08
 2.07161676e-03 1.35733171e-08 2.07741667e-05 3.93013033e-09
 7.26257177e-02 1.20402632e-09 1.60561750e-07 4.44907844e-09
 4.12536177e-04 1.45078048e-07 2.58580934e-11 4.53500257e-03
 5.29731161e-03 7.12874637e-09 1.12019736e-05 2.85184509e-09
 7.28085151e-07 3.72860631e-11 2.62409665e-07 1.44514112e-08
 9.84725149e-06 5.78554193e-09 2.70860612e-04 1.19385263e-05
 1.40437420e-05 1.34233892e-05 8.68593153e-09 1.85500237e-07
 5.10030900e-07 2.96493718e-10 1.92809998e-07 3.93445708e-06
 1.19391738e-07 5.39361535e-07 1.09409481e-10 9.04149418e-07
 5.31796953e-08 4.47678120e-06 2.22697895e-05 7.25876821e-07
 3.39965088e-08 2.98919738e-05]","[1.25801752e-04 2.50000000e-03 1.54959125e-03 3.77362537e-04
 9.67645327e-04 2.50000000e-03 2.50000000e-03 2.50000000e-03
 2.09199142e-04 2.50000000e-03 3.26045878e-04 2.50000000e-03
 1.00000000e-05 2.50000000e-03 2.50000000e-03 2.50000000e-03
 7.76217306e-05 2.50000000e-03 2.50000000e-03 3.51602314e-05
 2.19733849e-05 2.50000000e-03 2.50000000e-03 2.50000000e-03
 2.50000000e-03 2.50000000e-03 2.50000000e-03 2.50000000e-03
 2.50000000e-03 2.50000000e-03 1.05246420e-03 2.50000000e-03
 2.15537339e-04 2.50000000e-03 2.50000000e-03 2.50000000e-03
 1.57420445e-03 2.50000000e-03 1.90464418e-03 9.01677403e-04
 2.50000000e-03 3.57551611e-04 2.50000000e-03 2.50000000e-03
 6.97581941e-04 3.37042325e-04 4.68761249e-05 1.82740819e-03
 2.50000000e-03 1.47137304e-03]","[4.68874938e-05 1.00000000e-05 1.00000000e-05 1.00000000e-05
 1.00000000e-05 1.00000000e-05 1.00000000e-05 1.00000000e-05
 2.68371492e-05 1.00000000e-05 1.00000000e-05 1.00000000e-05
 7.48274511e-04 1.00000000e-05 1.00000000e-05 1.00000000e-05
 1.00000000e-05 1.00000000e-05 1.00000000e-05 2.07964695e-05
 7.63699491e-05 1.00000000e-05 1.00000000e-05 1.00000000e-05
 1.00000000e-05 1.00000000e-05 1.00000000e-05 1.00000000e-05
 1.00000000e-05 1.00000000e-05 1.00000000e-05 1.00000000e-05
 1.00000000e-05 1.00000000e-05 1.00000000e-05 1.00000000e-05
 1.00000000e-05 1.00000000e-05 1.00000000e-05 1.00000000e-05
 1.00000000e-05 1.00000000e-05 1.00000000e-05 1.00000000e-05
 1.00000000e-05 1.00000000e-05 1.00000000e-05 1.00000000e-05
 1.00000000e-05 1.00000000e-05]","[0.04857361 0.04652757 0.03528727 0.02750599 0.04223655 0.02549578
 0.02730641 0.02881564 0.02758821 0.03816093 0.0492775  0.01626714
 0.04936081 0.04370581 0.02274853 0.02276959 0.03583934 0.04069464
 0.02874236 0.032541   0.0557759  0.01847686 0.03404545 0.04155687
 0.03535294 0.02300638 0.03286683 0.02104743 0.02877242 0.02914249
 0.0234056  0.04418708 0.0469062  0.04008418 0.02893198 0.03682532
 0.04276103 0.02669941 0.02624776 0.02988677 0.02584257 0.03661598
 0.02339192 0.02682128 0.04419753 0.04287547 0.04001776 0.04101475
 0.01983628 0.03706085]","[0.06283737 0.09455971 0.07499202 0.08822396 0.07138965 0.10315782
 0.10505277 0.07225757 0.07399488 0.0854485  0.08649395 0.07796732
 0.05880386 0.07839625 0.09854658 0.09504718 0.08823067 0.08751282
 0.09164074 0.0665253  0.05576878 0.09351885 0.07482217 0.08994438
 0.09366549 0.09857337 0.08188194 0.07937309 0.08666366 0.09692423
 0.08033932 0.07488832 0.08197793 0.07558675 0.0981397  0.07649451
 0.08338228 0.09016602 0.10385313 0.08875103 0.0976261  0.08881418
 0.10318893 0.08429052 0.09064904 0.0945962  0.09124907 0.09227032
 0.08763367 0.07571786]","[1.53663473e-04 3.35342996e-04 1.34070305e-02 9.51985621e-02
 1.54494660e-03 1.45953607e-01 9.94692647e-02 7.08125511e-02
 9.34840687e-02 5.74991867e-03 1.16574206e-04 6.58901545e-01
 1.12794832e-04 9.31051757e-04 2.48098959e-01 2.47151387e-01
 1.14532318e-02 2.58013613e-03 7.20210307e-02 2.83040896e-02
 7.54136398e-06 4.96176886e-01 1.89375621e-02 1.94138987e-03
 1.31598374e-02 2.36680698e-01 2.59848143e-02 3.33686747e-01
 7.15231883e-02 6.56299806e-02 2.19786311e-01 7.85771819e-04
 2.90984771e-04 3.14439184e-03 6.89293315e-02 8.59252554e-03
 1.29200434e-03 1.13448417e-01 1.24868849e-01 5.50236705e-02
 1.35898058e-01 9.13909333e-03 2.20349749e-01 1.10518898e-01
 7.82866766e-04 1.24220950e-03 3.21220656e-03 2.32318021e-03
 4.05543228e-01 8.01322808e-03]","[2.61962949e-07 5.14344391e-16 3.15191803e-10 5.39735770e-14
 2.61675691e-09 5.53250111e-19 1.13165226e-19 1.58655412e-09
 5.72208381e-10 3.74177888e-13 1.81763288e-13 5.07159120e-11
 1.87522578e-06 3.87439052e-11 2.32926654e-17 3.54749837e-16
 5.37173501e-14 8.91694798e-14 4.56923132e-15 3.86312131e-08
 7.56541361e-06 1.12964243e-15 3.49089352e-10 1.57529311e-14
 1.01165605e-15 2.28033246e-17 4.11134684e-12 2.08678113e-11
 1.61525239e-13 8.33461039e-17 1.12300890e-11 3.35483613e-10
 3.85969644e-12 2.20017076e-10 3.21325896e-17 1.26408705e-10
 1.51894181e-12 1.34185130e-14 3.10101804e-19 3.71054288e-14
 4.81384257e-17 3.54709542e-14 5.39149955e-19 8.23996311e-13
 9.44730072e-15 5.00273066e-16 6.09324135e-15 2.86931327e-15
 8.19008953e-14 2.03176511e-10]","[ 1.47068501e-03  9.18865204e-04  6.07728958e-04  2.00510025e-04
  9.88125801e-04  1.28865242e-04  3.56912613e-04  2.52008438e-04
 -6.54459000e-05  3.73244286e-04  2.65002251e-04  2.32458115e-04
  4.56094742e-04  1.51729584e-03 -1.30295753e-04  1.20282173e-04
  5.80191612e-04  1.58667564e-04  1.79409981e-04  7.58171082e-04
  6.47902489e-04  7.12871552e-05  2.98976898e-04  3.34620476e-04
  3.97801399e-04 -5.18560410e-05  2.81453133e-04  1.28507614e-04
  1.31130219e-06  8.46385956e-06 -6.71148300e-05  1.24418736e-03
  1.74283981e-04 -1.82390213e-05  7.27176666e-06  1.50442123e-04
  5.33342361e-04 -1.31368637e-04 -1.18851662e-04  2.24113464e-05
 -7.49826431e-05 -1.64866447e-04  1.02400780e-04 -1.12056732e-05
  1.97649002e-04  2.32219696e-04  3.76462936e-04  4.72187996e-04
 -1.12056732e-04 -5.60283661e-05]","[0.00209844 0.00573444 0.00383759 0.00598824 0.00227261 0.00803375
 0.00401449 0.00260603 0.00329244 0.00366569 0.0052768  0.00271535
 0.00295985 0.00151038 0.00731528 0.0074265  0.00340307 0.00606322
 0.00928557 0.00204694 0.00219607 0.00362885 0.00244451 0.00412202
 0.00495636 0.00614405 0.00448942 0.00292575 0.00505483 0.00493431
 0.00405574 0.00157094 0.00485814 0.00348222 0.00524473 0.00567281
 0.0043118  0.00606525 0.00616217 0.00479352 0.00545394 0.00591075
 0.00482774 0.00612319 0.00436258 0.00726688 0.00395048 0.00329041
 0.00660157 0.00431538]","[0.02657921 0.0211698  0.02025447 0.01470492 0.02603354 0.01448001
 0.01826223 0.01623813 0.01085364 0.01651388 0.01571839 0.01778239
 0.0187445  0.03088078 0.00912778 0.01332712 0.02207932 0.01298879
 0.01430089 0.02173101 0.02378489 0.01389753 0.01710721 0.01673055
 0.01688194 0.00983983 0.01562939 0.01561861 0.01180572 0.01300793
 0.01000724 0.02886261 0.01406836 0.01141894 0.01218647 0.01428488
 0.01811052 0.00856785 0.00839128 0.01277811 0.0108056  0.00709149
 0.01554245 0.01111892 0.01551687 0.01481005 0.0168582  0.0185564
 0.0093846  0.01141503]","[0.03597788 0.05324406 0.04736392 0.06080565 0.03701721 0.06537741
 0.04592515 0.03951516 0.04485891 0.04499742 0.05323341 0.04145283
 0.0430964  0.03114782 0.06400482 0.06699291 0.04360774 0.05533599
 0.07299706 0.03516409 0.03777724 0.04605287 0.03785528 0.05165867
 0.05206017 0.0596695  0.05024781 0.04253147 0.05580552 0.05097539
 0.05043041 0.0323857  0.05333492 0.04631094 0.05426908 0.05880838
 0.05095025 0.05955489 0.05803537 0.05146116 0.0571314  0.05760149
 0.0498989  0.05740685 0.04834783 0.06103861 0.04641231 0.04347236
 0.0623871  0.04767623]",0.4303674799472324,0.004237774384309518,0.33800745523786785,0.02416992763077662,0.4009748375170735,0.00179143536577967,0.32217870482811234,0.010179690220260282,0.0017317352411390411,2.7383311459803137e-05,0.0009926321846068491,0.00010354766911604235,0.033861959552764886,0.08543659548759461,0.00936169878743957,0.01143071565665967,0.0002849078178405762,0.004575262069702149,0.00039095627611572217,0.0017337880747878651,0.015717006109566077,0.05027327850873081,0.0052261422157136635,0.009268946577638083
df1,0.45,0.0,0.45,"[0.63886042 0.39108739 0.63886042 0.79482654 0.84163603 0.41323244
 0.53390728 0.08151459 0.07520917 0.29176485 0.3490397  0.25747545
 0.12937218 0.88359176 0.06932183 0.00132017 0.77002924 0.19796045
 0.63886042 0.81875363 0.77002924 0.69212796 0.88359176 0.48382277
 0.3490397  0.84163603 0.63886042 0.39108739 0.01809676 0.66552932
 0.08825991 0.03483221 0.32916807 0.03809482 0.45963725 0.02192948
 0.53390728 0.43609338 0.10315938 0.79482654 0.01217651 0.50859953
 0.01487416 0.00212592 0.61225166 0.36968362 0.08151459 0.3490397
 0.29176485 0.81875363]","[2.42077577e-06 1.93100400e-08 3.09615598e-07 1.40396435e-05
 4.67045972e-05 1.59199965e-08 1.81007354e-07 6.45842239e-15
 1.34933703e-13 3.47919250e-05 6.39848579e-14 3.88941584e-12
 2.16691945e-07 1.51046944e-07 1.51046944e-07 8.79830246e-06
 8.86732425e-09 2.22014992e-05 2.33983459e-08 2.42077577e-06
 4.40608072e-07 8.81579698e-07 4.99357648e-08 3.03909276e-11
 2.18488808e-09 4.74591296e-11 1.76400398e-10 9.58129418e-05
 1.25918603e-07 6.18553174e-12 2.33983459e-08 1.04585220e-06
 4.89436847e-09 6.24445815e-05 2.71047184e-10 2.58137431e-05
 1.07881685e-08 2.05084189e-06 4.89436847e-09 7.25098046e-08
 1.46749215e-06 4.00670801e-09 6.26876255e-04 7.51402754e-06
 1.23948622e-06 8.79830246e-06 6.02037032e-08 4.14795066e-10
 5.46398884e-06 2.83236331e-08]","[0.63886042 0.39108739 0.63886042 0.79482654 0.84163603 0.41323244
 0.53390728 0.08151459 0.07520917 0.29176485 0.3490397  0.25747545
 0.12937218 0.88359176 0.06932183 0.00132017 0.77002924 0.19796045
 0.63886042 0.81875363 0.77002924 0.69212796 0.88359176 0.48382277
 0.3490397  0.84163603 0.63886042 0.39108739 0.01809676 0.66552932
 0.08825991 0.03483221 0.32916807 0.03809482 0.45963725 0.02192948
 0.53390728 0.43609338 0.10315938 0.79482654 0.01217651 0.50859953
 0.01487416 0.00212592 0.61225166 0.36968362 0.08151459 0.3490397
 0.29176485 0.81875363]","[2.42077577e-06 1.93100400e-08 3.09615598e-07 1.40396435e-05
 4.67045972e-05 1.59199965e-08 1.81007354e-07 6.45842239e-15
 1.34933703e-13 3.47919250e-05 6.39848579e-14 3.88941584e-12
 2.16691945e-07 1.51046944e-07 1.51046944e-07 8.79830246e-06
 8.86732425e-09 2.22014992e-05 2.33983459e-08 2.42077577e-06
 4.40608072e-07 8.81579698e-07 4.99357648e-08 3.03909276e-11
 2.18488808e-09 4.74591296e-11 1.76400398e-10 9.58129418e-05
 1.25918603e-07 6.18553174e-12 2.33983459e-08 1.04585220e-06
 4.89436847e-09 6.24445815e-05 2.71047184e-10 2.58137431e-05
 1.07881685e-08 2.05084189e-06 4.89436847e-09 7.25098046e-08
 1.46749215e-06 4.00670801e-09 6.26876255e-04 7.51402754e-06
 1.23948622e-06 8.79830246e-06 6.02037032e-08 4.14795066e-10
 5.46398884e-06 2.83236331e-08]","[0.68008296 0.38144383 0.62055073 0.67515048 0.85476614 0.34549305
 0.50739052 0.06959105 0.09027737 0.13563711 0.3206794  0.39441578
 0.19638666 0.86228998 0.1340115  0.00321117 0.7955513  0.18338466
 0.73274475 0.91540209 0.67276484 0.68989645 0.91325102 0.33989286
 0.41551986 0.92279659 0.71994371 0.46885986 0.06346907 0.5710074
 0.0602324  0.06273498 0.54789852 0.00670567 0.783561   0.01808599
 0.3785716  0.36219775 0.1414468  0.91332064 0.00956636 0.57675992
 0.01317607 0.00319275 0.56781268 0.43377946 0.09621174 0.27309885
 0.18071314 0.85133495]","[2.07051140e-06 3.32826444e-08 3.87566502e-08 1.02562599e-06
 1.52188330e-06 7.14736603e-10 7.96348731e-09 3.90474875e-10
 7.96835598e-10 1.08050518e-05 6.85881685e-10 9.76319026e-11
 6.30553432e-09 6.77644496e-10 7.37811690e-09 4.36311236e-07
 9.77053438e-10 9.66956521e-07 1.14214915e-09 1.59614275e-07
 7.77432840e-09 7.71023236e-08 2.51486820e-09 7.75239872e-10
 9.02301456e-10 2.17156293e-10 2.00533701e-10 1.33099021e-05
 2.20346059e-07 2.30276465e-10 3.94515454e-07 2.76376639e-06
 1.10880811e-08 3.15791115e-05 5.18381404e-09 5.46311966e-05
 8.96166474e-11 5.24618745e-07 8.02323541e-10 2.48289681e-08
 3.49580556e-07 3.43994611e-10 4.30283609e-04 3.52686356e-06
 2.42026395e-06 3.51124771e-08 4.25181790e-09 3.11842774e-11
 6.95765828e-06 3.88202726e-09]","[2.50000000e-03 2.50000000e-03 2.50000000e-03 2.50000000e-03
 2.50000000e-03 2.50000000e-03 2.50000000e-03 3.51321403e-04
 1.37428795e-03 1.02227793e-03 2.50000000e-03 2.50000000e-03
 2.50000000e-03 2.50000000e-03 1.10963139e-03 1.95298984e-05
 2.50000000e-03 2.37024334e-03 2.50000000e-03 2.50000000e-03
 2.50000000e-03 2.50000000e-03 2.50000000e-03 2.50000000e-03
 2.42371830e-03 2.50000000e-03 2.50000000e-03 2.50000000e-03
 5.61995021e-04 2.50000000e-03 4.11869385e-04 2.14717661e-04
 2.50000000e-03 6.38228040e-05 2.50000000e-03 1.24822869e-04
 2.50000000e-03 2.50000000e-03 8.34887943e-04 2.50000000e-03
 8.96819070e-05 2.50000000e-03 1.69850137e-04 1.15832002e-05
 2.50000000e-03 2.38522732e-03 1.45007006e-03 1.19703349e-03
 1.34859222e-03 2.50000000e-03]","[1.e-05 1.e-05 1.e-05 1.e-05 1.e-05 1.e-05 1.e-05 1.e-05 1.e-05 1.e-05
 1.e-05 1.e-05 1.e-05 1.e-05 1.e-05 1.e-05 1.e-05 1.e-05 1.e-05 1.e-05
 1.e-05 1.e-05 1.e-05 1.e-05 1.e-05 1.e-05 1.e-05 1.e-05 1.e-05 1.e-05
 1.e-05 1.e-05 1.e-05 1.e-05 1.e-05 1.e-05 1.e-05 1.e-05 1.e-05 1.e-05
 1.e-05 1.e-05 1.e-05 1.e-05 1.e-05 1.e-05 1.e-05 1.e-05 1.e-05 1.e-05]","[0.0354467  0.03111453 0.03733984 0.01601207 0.01714748 0.03078958
 0.02862303 0.0286754  0.01884562 0.03229921 0.03115762 0.02674479
 0.03639597 0.01675513 0.03456027 0.0430745  0.03340771 0.02173871
 0.03644827 0.02119203 0.04017988 0.03236025 0.02885598 0.03416097
 0.03024385 0.01777825 0.02811146 0.03723489 0.04069841 0.03842635
 0.02387511 0.05163965 0.03194764 0.05034842 0.01867387 0.03660409
 0.0271414  0.02959087 0.04193088 0.0184842  0.05351971 0.03665353
 0.04003221 0.05559151 0.04040018 0.05489853 0.03666251 0.02209065
 0.03474282 0.02490157]","[0.07856022 0.10176037 0.08165173 0.0864439  0.09793369 0.10192925
 0.10392684 0.12102296 0.11125266 0.0760461  0.11353295 0.11309972
 0.09028231 0.09930344 0.09768298 0.09254087 0.10710688 0.09701786
 0.11190789 0.10203116 0.09833489 0.09441528 0.10798167 0.09275045
 0.09764774 0.10571502 0.10059574 0.09376198 0.09563275 0.09654401
 0.10134543 0.08354283 0.10144357 0.07735597 0.10974867 0.08668461
 0.10811356 0.08533341 0.10217081 0.10176057 0.09360988 0.08214195
 0.07423241 0.08860934 0.08478585 0.08543538 0.1014308  0.11179335
 0.08319248 0.1097445 ]","[1.28140779e-02 4.07431239e-02 7.37307495e-03 6.78124350e-01
 5.92708946e-01 4.41675582e-02 7.40264895e-02 7.31405975e-02
 4.70648767e-01 3.01413913e-02 4.03069176e-02 1.12350325e-01
 9.74729710e-03 6.22114123e-01 1.64359001e-02 1.15984197e-03
 2.25044058e-02 2.96734351e-01 9.59950124e-03 3.25710283e-01
 3.04899207e-03 2.96679587e-02 7.01545859e-02 1.83483766e-02
 5.04821624e-02 5.46156631e-01 8.31681765e-02 7.60820778e-03
 2.57695772e-03 5.29972611e-03 2.01109110e-01 4.48106386e-05
 3.30002435e-02 7.59915559e-05 4.82458130e-01 9.17105437e-03
 1.03119819e-01 5.90493824e-02 1.71287299e-03 4.95662698e-01
 2.02769151e-05 9.03879062e-03 3.19733512e-03 8.18884068e-06
 2.83946312e-03 1.11326698e-05 9.01495249e-03 2.79068106e-01
 1.56226018e-02 1.64567942e-01]","[3.49403643e-11 1.75016177e-18 4.78232723e-12 1.88193255e-13
 3.77981187e-17 1.52405472e-18 2.91575696e-19 5.51489552e-26
 5.13153726e-22 1.66351803e-10 6.51916762e-23 9.67935818e-23
 1.23336138e-14 1.27571157e-17 4.60357699e-17 2.34701868e-15
 1.96026713e-20 7.74790808e-17 2.84873259e-22 1.40184519e-18
 2.75415362e-17 5.73977217e-16 9.19472628e-21 2.00791959e-15
 4.73274880e-17 6.45452142e-20 4.51496179e-18 9.40738478e-16
 2.26472408e-16 1.12022548e-16 2.45619857e-18 1.36395019e-12
 2.26729487e-18 7.42511798e-11 1.95523611e-21 1.59186482e-13
 8.19848795e-21 4.04913863e-13 1.24995375e-18 1.74988312e-18
 1.05489993e-15 3.46422797e-12 4.96796074e-10 4.10472871e-14
 5.88635394e-13 3.77562025e-13 2.29103587e-18 3.15821104e-22
 1.72458167e-12 1.96244033e-21]","[ 6.54101372e-04  2.15053558e-04 -8.61883163e-05 -9.15527344e-05
 -1.65581703e-04  1.31130219e-06  3.59535217e-04  5.61594963e-04
  1.03712082e-05 -1.60932541e-05  2.62260437e-06 -5.24520874e-05
  3.71217728e-04 -1.83582306e-04  1.01923943e-04  1.96933746e-04
 -6.34193420e-05 -2.56299973e-05  3.45706940e-06  1.90258026e-04
  6.42061234e-04  1.56116486e-03 -1.69277191e-05  1.72352791e-03
  1.35898590e-05 -9.41753387e-05 -9.19103622e-05  6.09159470e-04
  2.07066536e-04  5.43594360e-04 -8.65459442e-05  7.40051270e-04
  1.46627426e-04  9.15884972e-04 -1.80006027e-04  8.39233398e-05
  1.15156174e-04 -5.67436218e-05  3.54528427e-04 -1.25527382e-04
  1.03771687e-03  2.79307365e-04  9.99093056e-04  1.26302242e-03
  7.68184662e-04  1.38640404e-04  2.10642815e-04  1.19328499e-04
  6.24775887e-04  1.65224075e-04]","[0.00304127 0.00461233 0.0049392  0.00478709 0.00518739 0.00708878
 0.00433326 0.01004994 0.0084734  0.00388038 0.00845158 0.00791001
 0.00472987 0.00709295 0.00622141 0.00542223 0.00834131 0.00531983
 0.0100311  0.00797629 0.00497067 0.00160062 0.00777113 0.00201058
 0.00541365 0.00691247 0.00554192 0.00364363 0.00641477 0.00491571
 0.00585413 0.00333548 0.00599658 0.00449383 0.00826848 0.00479245
 0.00900614 0.00587761 0.00629818 0.00628304 0.0048573  0.00340486
 0.0029242  0.00500596 0.00291824 0.00653458 0.00666296 0.00678563
 0.00327063 0.00590336]","[0.02242588 0.01516996 0.00894307 0.00930411 0.00633583 0.01123419
 0.01785247 0.01833396 0.01113926 0.01162322 0.01205037 0.01085799
 0.01806466 0.00574712 0.01227451 0.01485947 0.01066728 0.01132015
 0.01202165 0.01482465 0.02054329 0.02996816 0.01080224 0.03202958
 0.01338355 0.009462   0.01091807 0.02030183 0.01567534 0.02025646
 0.0094025  0.02164258 0.01409561 0.02156202 0.00593359 0.01421962
 0.01279778 0.00977483 0.01737502 0.00758719 0.0253099  0.01687287
 0.02351583 0.02566048 0.02271595 0.01277532 0.01373841 0.01244885
 0.02234751 0.01519315]","[0.04326677 0.05103287 0.05445795 0.05456421 0.0554751  0.06321454
 0.05060084 0.07514733 0.06617983 0.04687304 0.06744648 0.06557575
 0.05243865 0.06513473 0.0596883  0.05639246 0.06785454 0.05791361
 0.07562021 0.06407601 0.0513928  0.03385224 0.06594655 0.0343531
 0.05509035 0.06205334 0.05498433 0.04839338 0.05890444 0.05193665
 0.05843854 0.04117585 0.05787877 0.04903791 0.06735962 0.05033897
 0.07240968 0.05752278 0.05963948 0.0594128  0.05169281 0.04427018
 0.04135983 0.04996686 0.04152479 0.06157913 0.06026039 0.06091142
 0.04297144 0.05683734]",0.40902275591116305,1.945384266114687e-05,0.29060868313978905,8.855980115061184e-05,0.4191252689610417,1.1284437747540733e-05,0.3036587517531626,6.052049744677035e-05,0.001850703284612855,1e-05,0.0009418602893654579,0.0,0.032710961871147165,0.09681777408599852,0.009965127896531405,0.011028649683793778,0.0002918863296508789,0.005711169242858887,0.00044633616733498406,0.0019465115852899664,0.015267186426811859,0.05588898010169435,0.006018425439976324,0.009538066192643715
df1,0.5,0.0,0.5,"[0.58582128 0.00148941 0.04953464 0.94837208 0.53390728 0.22624166
 0.31007573 0.36968362 0.36968362 0.55967522 0.06932183 0.19796045
 0.32916807 0.81875363 0.43609338 0.139232   0.19796045 0.07520917
 0.88359176 0.50859953 0.3490397  0.3490397  0.74453538 0.17249627
 0.53390728 0.32916807 0.97808957 0.14969106 0.3490397  0.18488568
 0.66552932 0.53390728 0.12937218 0.29176485 0.24148215 0.50859953
 0.10315938 0.29176485 0.03181713 0.41323244 0.79482654 0.53390728
 0.50859953 0.24148215 0.55967522 0.55967522 0.91946676 0.94837208
 0.08825991 0.17249627]","[1.81007354e-07 1.26822204e-04 6.24499263e-07 1.25918603e-07
 1.78141737e-09 4.67045972e-05 4.74591296e-11 1.72684385e-13
 3.69535722e-07 5.92172623e-11 2.19534247e-04 1.42091476e-10
 1.40396435e-05 3.03909276e-11 7.28113471e-09 6.24499263e-07
 1.59199965e-08 1.33749750e-15 1.04864874e-07 3.83661921e-15
 5.83855471e-13 1.07881685e-08 1.92461767e-12 1.14339735e-10
 2.71047184e-10 3.87118023e-14 9.59715417e-10 8.21358136e-14
 2.83236331e-08 2.33983459e-08 7.79334122e-10 5.97265054e-09
 3.79972059e-11 5.97265054e-09 1.07881685e-08 5.12353012e-10
 5.24820678e-07 2.67024896e-16 1.45098666e-09 6.00359848e-16
 3.79972059e-11 1.54554888e-11 2.33983459e-08 3.35473948e-10
 3.88941584e-12 5.97265054e-09 3.35473948e-10 1.34933703e-13
 4.99357648e-08 2.16691945e-07]","[0.58582128 0.00148941 0.04953464 0.94837208 0.53390728 0.22624166
 0.31007573 0.36968362 0.36968362 0.55967522 0.06932183 0.19796045
 0.32916807 0.81875363 0.43609338 0.139232   0.19796045 0.07520917
 0.88359176 0.50859953 0.3490397  0.3490397  0.74453538 0.17249627
 0.53390728 0.32916807 0.97808957 0.14969106 0.3490397  0.18488568
 0.66552932 0.53390728 0.12937218 0.29176485 0.24148215 0.50859953
 0.10315938 0.29176485 0.03181713 0.41323244 0.79482654 0.53390728
 0.50859953 0.24148215 0.55967522 0.55967522 0.91946676 0.94837208
 0.08825991 0.17249627]","[1.81007354e-07 1.26822204e-04 6.24499263e-07 1.25918603e-07
 1.78141737e-09 4.67045972e-05 4.74591296e-11 1.72684385e-13
 3.69535722e-07 5.92172623e-11 2.19534247e-04 1.42091476e-10
 1.40396435e-05 3.03909276e-11 7.28113471e-09 6.24499263e-07
 1.59199965e-08 1.33749750e-15 1.04864874e-07 3.83661921e-15
 5.83855471e-13 1.07881685e-08 1.92461767e-12 1.14339735e-10
 2.71047184e-10 3.87118023e-14 9.59715417e-10 8.21358136e-14
 2.83236331e-08 2.33983459e-08 7.79334122e-10 5.97265054e-09
 3.79972059e-11 5.97265054e-09 1.07881685e-08 5.12353012e-10
 5.24820678e-07 2.67024896e-16 1.45098666e-09 6.00359848e-16
 3.79972059e-11 1.54554888e-11 2.33983459e-08 3.35473948e-10
 3.88941584e-12 5.97265054e-09 3.35473948e-10 1.34933703e-13
 4.99357648e-08 2.16691945e-07]","[0.29918525 0.00324819 0.1278115  0.89811627 0.36348188 0.07536786
 0.14860127 0.50201178 0.29643965 0.49779573 0.05390385 0.29593848
 0.20161557 0.78862283 0.30743659 0.13042293 0.0985543  0.0678063
 0.70481299 0.58974714 0.19540631 0.16483772 0.5106397  0.38946673
 0.42594472 0.251781   0.99131614 0.10919791 0.14293353 0.10826585
 0.71022683 0.31835484 0.13688952 0.31065964 0.12290076 0.45939851
 0.11492336 0.47921102 0.02228513 0.37156776 0.77657786 0.62568521
 0.45016581 0.34945721 0.61157487 0.75833035 0.87400125 0.96794852
 0.06271067 0.19325962]","[1.03576792e-09 1.54300394e-05 1.14163860e-07 1.10955634e-09
 8.23087154e-11 1.12085406e-06 2.56130672e-11 1.03901332e-11
 2.36351083e-09 2.16034601e-09 9.14714087e-06 7.37215844e-11
 4.90249018e-07 1.28092870e-10 9.64653468e-10 4.03616847e-07
 1.05431271e-08 1.94133598e-11 1.73701628e-08 5.42238587e-10
 4.07573975e-11 2.08877249e-10 7.39206474e-10 8.03843658e-11
 2.79404277e-11 1.12458931e-11 2.80898638e-11 8.80905349e-11
 1.31609702e-07 8.02426126e-09 2.58495447e-11 2.94936298e-11
 3.21376259e-11 3.83369225e-10 7.14023951e-10 2.56076271e-11
 2.96374145e-08 4.37603287e-11 1.13275278e-10 8.59179838e-10
 4.50778526e-10 3.31600303e-11 2.01285343e-08 7.20356552e-10
 3.40947270e-11 2.76602186e-10 4.32377467e-11 5.27156097e-12
 1.18699484e-09 5.20787120e-08]","[2.50000000e-03 4.59212304e-05 2.00842221e-03 2.50000000e-03
 2.50000000e-03 9.17990891e-04 1.42000624e-03 2.50000000e-03
 2.50000000e-03 2.50000000e-03 7.34694964e-04 2.50000000e-03
 1.15218695e-03 2.50000000e-03 2.22879564e-03 1.41748447e-03
 1.01382019e-03 7.73988238e-04 2.50000000e-03 2.50000000e-03
 2.00038358e-03 1.01804515e-03 2.50000000e-03 2.50000000e-03
 2.50000000e-03 2.50000000e-03 2.50000000e-03 1.03923862e-03
 1.09365222e-03 1.04581996e-03 2.50000000e-03 2.50000000e-03
 1.43531926e-03 2.50000000e-03 8.95334304e-04 2.50000000e-03
 1.18923717e-03 2.50000000e-03 1.82168663e-04 2.50000000e-03
 2.50000000e-03 2.50000000e-03 2.50000000e-03 2.41494627e-03
 2.50000000e-03 2.50000000e-03 2.50000000e-03 2.50000000e-03
 8.11531295e-04 2.19599377e-03]","[1.e-05 1.e-05 1.e-05 1.e-05 1.e-05 1.e-05 1.e-05 1.e-05 1.e-05 1.e-05
 1.e-05 1.e-05 1.e-05 1.e-05 1.e-05 1.e-05 1.e-05 1.e-05 1.e-05 1.e-05
 1.e-05 1.e-05 1.e-05 1.e-05 1.e-05 1.e-05 1.e-05 1.e-05 1.e-05 1.e-05
 1.e-05 1.e-05 1.e-05 1.e-05 1.e-05 1.e-05 1.e-05 1.e-05 1.e-05 1.e-05
 1.e-05 1.e-05 1.e-05 1.e-05 1.e-05 1.e-05 1.e-05 1.e-05 1.e-05 1.e-05]","[0.05635756 0.04390244 0.02391556 0.02057551 0.02149586 0.03035746
 0.04236732 0.03938324 0.02997237 0.02405698 0.03161668 0.02314409
 0.02462931 0.02863133 0.03856382 0.03828374 0.04252217 0.03030512
 0.02699427 0.03934139 0.0283783  0.0422113  0.02947983 0.04425501
 0.03185315 0.03445982 0.03318486 0.03031656 0.05165582 0.04903578
 0.02422331 0.03155081 0.04390822 0.03665773 0.03034196 0.02600964
 0.02933045 0.054043   0.0508427  0.03085516 0.02738538 0.03096568
 0.02427963 0.03212472 0.0345536  0.01923    0.03132868 0.01853023
 0.03383268 0.03759816]","[0.07330272 0.09441509 0.10217438 0.09930052 0.11528454 0.10511011
 0.11313025 0.10886547 0.10373656 0.10245413 0.08738842 0.11250379
 0.09296945 0.12484579 0.1038825  0.08892503 0.10427382 0.11698674
 0.09645119 0.11809013 0.11831879 0.10074646 0.11474702 0.11199205
 0.11045218 0.12568886 0.09814967 0.12341483 0.08767106 0.09524515
 0.10072101 0.10581172 0.10555632 0.10123817 0.10512727 0.11818331
 0.11265984 0.10891816 0.10626091 0.12263685 0.10566797 0.10262473
 0.11511793 0.10351605 0.10570707 0.10510734 0.10487745 0.12349342
 0.10869886 0.109551  ]","[5.80535958e-06 8.68900235e-04 1.99558985e-01 3.60622755e-01
 3.09375456e-01 4.91068390e-02 1.47789040e-03 3.93152062e-03
 5.39041736e-02 1.94212529e-01 3.59062527e-02 2.30746208e-01
 1.73704822e-01 7.38854736e-02 5.07945702e-03 5.53743297e-03
 1.40199213e-03 4.97363250e-02 1.06467840e-01 3.98381940e-03
 7.82876599e-02 1.55821120e-03 6.06239584e-02 7.67066540e-04
 3.38080833e-02 1.68994311e-02 2.38848434e-02 4.95981992e-02
 4.45114482e-05 1.28231658e-04 1.88067465e-01 3.65106597e-02
 8.67131777e-04 9.02763532e-03 4.92924860e-02 1.31258323e-01
 6.27988877e-02 1.61790879e-05 6.21790072e-05 4.34569548e-02
 9.77608563e-02 4.22819476e-02 1.86021457e-01 3.15318260e-02
 1.64663375e-02 4.44757171e-01 3.86148970e-02 4.92442905e-01
 2.00671535e-02 6.82226439e-03]","[8.61540671e-10 5.74058646e-16 1.24629733e-18 1.27869433e-17
 1.29841077e-23 1.07810731e-19 9.41401130e-23 4.25236305e-21
 3.41801406e-19 9.90006447e-19 9.73133160e-14 1.66296251e-22
 1.70514336e-15 1.24938924e-27 3.02582437e-19 3.27714809e-14
 2.18049516e-19 2.64238745e-24 1.20386726e-16 9.29684350e-25
 7.47791932e-25 3.99629926e-18 2.13608106e-23 2.64066292e-22
 1.04820240e-21 5.33301875e-28 3.18808417e-17 5.22952227e-27
 7.97726152e-14 3.04903663e-16 4.07956458e-18 5.94466256e-20
 7.38650607e-20 2.68048837e-18 1.06257642e-19 8.50802681e-25
 1.44364159e-22 4.06049877e-21 4.05222602e-20 1.13097370e-26
 6.71798632e-20 8.60067586e-19 1.51543776e-23 4.10774390e-19
 6.49826590e-20 1.08063335e-19 1.31223212e-19 4.83616923e-27
 4.92011847e-21 2.32786293e-21]","[ 1.78587437e-03  7.35044479e-04  3.97443771e-04  4.55975533e-04
 -6.80685043e-05 -1.10745430e-04  2.06232071e-04  2.16841698e-04
 -7.15255737e-05 -1.13248825e-05  5.77688217e-04  2.64883041e-04
  4.69923019e-04  1.78098679e-04  1.05500221e-03  9.64403152e-04
  6.34074211e-04  5.35249710e-05  1.60932541e-04  7.97510147e-05
  1.28388405e-04  1.48534775e-03  6.17504120e-05  4.49895859e-04
  7.20024109e-05 -6.06775284e-05  5.80191612e-04  3.31521034e-04
  2.06971169e-03  1.47700310e-03  1.27553940e-04  5.84125519e-06
  2.74896622e-04 -2.67028809e-05 -1.15990639e-04  6.38604164e-04
  3.57747078e-04  4.09245491e-04  2.84433365e-04 -2.81333923e-05
  2.83598900e-04  3.62157822e-04 -1.87039375e-04  1.66535378e-04
  5.90682030e-04 -7.33137131e-05  1.30891800e-04  8.01086426e-05
  2.99572945e-04  6.99281693e-04]","[0.00295925 0.0048399  0.00474179 0.00402892 0.00883853 0.00696743
 0.0088203  0.00833678 0.00884879 0.00778282 0.00411248 0.00542367
 0.00434697 0.00861657 0.0044266  0.00309813 0.00639153 0.00898337
 0.00510049 0.00984681 0.00833356 0.00393164 0.01012266 0.00582349
 0.00780666 0.0106653  0.00397098 0.0089817  0.00213623 0.00403893
 0.00673985 0.00678933 0.00746155 0.00794661 0.00858974 0.00802076
 0.00908554 0.00800276 0.00753593 0.0106957  0.00790274 0.00453341
 0.00838542 0.00627649 0.00459838 0.00674844 0.00647461 0.00756824
 0.00703073 0.00453806]","[0.03442001 0.02317644 0.01850909 0.02111358 0.00975738 0.00994336
 0.01765489 0.01492245 0.00991761 0.01105034 0.01980217 0.01488258
 0.02118897 0.01562902 0.02587506 0.02370494 0.0199883  0.01350719
 0.01402977 0.01386635 0.01403654 0.02728118 0.01237015 0.02024011
 0.01289631 0.01044105 0.02267721 0.01650908 0.03692721 0.02794768
 0.01428688 0.01189792 0.01409448 0.01172589 0.00891376 0.02090574
 0.01741529 0.01732526 0.0161872  0.01148661 0.017228   0.01745158
 0.00779652 0.01560288 0.01995973 0.01045709 0.01370446 0.01302177
 0.01746829 0.02304103]","[0.04175656 0.05343678 0.05365499 0.04667069 0.07237107 0.06414618
 0.06763043 0.06950741 0.07104059 0.06719445 0.04895279 0.05244395
 0.05009904 0.07099138 0.04928192 0.04521741 0.05972492 0.07172498
 0.05469364 0.07576242 0.06519835 0.05027514 0.07559443 0.0556228
 0.06652176 0.07698186 0.04791422 0.07044659 0.03511656 0.04988764
 0.06230917 0.06315481 0.06438274 0.06717376 0.07202406 0.0660209
 0.07152973 0.06660516 0.06219522 0.07588203 0.06766327 0.05086305
 0.06968178 0.05766996 0.05204093 0.06227418 0.06134441 0.06552868
 0.06134248 0.05073181]",0.4057531452195612,8.201343968627601e-06,0.26690815614107727,3.557971033603972e-05,0.3691367737913318,5.398034679449104e-07,0.27051382547709,2.4854831471172435e-06,0.0019406996259857517,1e-05,0.0007494022805285883,0.0,0.03357676761388778,0.10643984154701233,0.009065620536448504,0.010451751119691741,0.0003769826889038086,0.006744930744171143,0.000483934030923379,0.0021465437098835216,0.017084728467833023,0.06100558213220281,0.006144045073345941,0.010003187479201333
df1,0.55,0.0,0.55,"[0.53390728 0.90235528 0.43609338 0.01809676 0.39108739 0.06383124
 0.81875363 0.90235528 0.27423335 0.24148215 0.61225166 0.50859953
 0.50859953 0.06932183 0.39108739 0.50859953 0.55967522 0.45963725
 0.01487416 0.36968362 0.03483221 0.90235528 0.21173982 0.41323244
 0.00525377 0.53390728 0.63886042 0.43609338 0.53390728 0.31007573
 0.74453538 0.05871658 0.81875363 0.48382277 0.48382277 0.22624166
 0.45963725 0.19796045 0.32916807 0.66552932 0.31007573 0.12937218
 0.91946676 0.01993114 0.8633028  0.31007573 0.25747545 0.29176485
 0.45963725 0.32916807]","[1.78141737e-09 3.35473948e-10 4.99357648e-08 4.89436847e-09
 1.18065325e-09 1.81007354e-07 1.80794013e-14 4.40608072e-07
 1.42091476e-10 1.92461767e-12 8.36667685e-15 9.79737413e-12
 4.97944383e-14 4.97944383e-14 6.18553174e-12 9.19151252e-11
 2.18772050e-10 9.52846065e-19 2.05084189e-06 5.12353012e-10
 6.02037032e-08 6.39848579e-14 1.20365650e-19 1.08277464e-14
 5.12353012e-10 7.84899525e-16 1.54798729e-16 8.36667685e-15
 2.26988766e-15 1.14339735e-10 4.58740572e-16 1.67853513e-17
 1.19798113e-12 2.03413945e-16 5.30299497e-19 6.45842239e-15
 1.02511949e-15 2.67703473e-09 2.42826791e-11 4.90739183e-12
 6.32216726e-10 2.43574207e-12 4.97944383e-14 3.42511079e-08
 1.54554888e-11 4.58538879e-13 1.02917236e-05 1.54554888e-11
 3.35473948e-10 5.97265054e-09]","[0.53390728 0.90235528 0.43609338 0.01809676 0.39108739 0.06383124
 0.81875363 0.90235528 0.27423335 0.24148215 0.61225166 0.50859953
 0.50859953 0.06932183 0.39108739 0.50859953 0.55967522 0.45963725
 0.01487416 0.36968362 0.03483221 0.90235528 0.21173982 0.41323244
 0.00525377 0.53390728 0.63886042 0.43609338 0.53390728 0.31007573
 0.74453538 0.05871658 0.81875363 0.48382277 0.48382277 0.22624166
 0.45963725 0.19796045 0.32916807 0.66552932 0.31007573 0.12937218
 0.91946676 0.01993114 0.8633028  0.31007573 0.25747545 0.29176485
 0.45963725 0.32916807]","[1.78141737e-09 3.35473948e-10 4.99357648e-08 4.89436847e-09
 1.18065325e-09 1.81007354e-07 1.80794013e-14 4.40608072e-07
 1.42091476e-10 1.92461767e-12 8.36667685e-15 9.79737413e-12
 4.97944383e-14 4.97944383e-14 6.18553174e-12 9.19151252e-11
 2.18772050e-10 9.52846065e-19 2.05084189e-06 5.12353012e-10
 6.02037032e-08 6.39848579e-14 1.20365650e-19 1.08277464e-14
 5.12353012e-10 7.84899525e-16 1.54798729e-16 8.36667685e-15
 2.26988766e-15 1.14339735e-10 4.58740572e-16 1.67853513e-17
 1.19798113e-12 2.03413945e-16 5.30299497e-19 6.45842239e-15
 1.02511949e-15 2.67703473e-09 2.42826791e-11 4.90739183e-12
 6.32216726e-10 2.43574207e-12 4.97944383e-14 3.42511079e-08
 1.54554888e-11 4.58538879e-13 1.02917236e-05 1.54554888e-11
 3.35473948e-10 5.97265054e-09]","[0.36019858 0.94730733 0.3278549  0.01796315 0.58565734 0.03225997
 0.84333819 0.85945303 0.20904406 0.39398205 0.63741457 0.35935383
 0.32062626 0.15053473 0.5207745  0.50755394 0.50965811 0.38800548
 0.01827472 0.19865246 0.04485451 0.8484552  0.13848065 0.40968617
 0.0143118  0.36729272 0.58393499 0.42424124 0.2739879  0.16126434
 0.84568168 0.08487937 0.80387864 0.31447476 0.55778459 0.42084937
 0.42836491 0.09038285 0.36310238 0.86775632 0.17578219 0.21270718
 0.902722   0.01755991 0.96045688 0.34742559 0.29342862 0.4423152
 0.32320983 0.44390905]","[3.84524634e-11 6.73541223e-11 9.12583875e-09 7.83033638e-11
 6.68777256e-11 2.26901129e-08 5.85842486e-12 6.28520458e-09
 2.59957611e-11 4.53911686e-10 6.06318440e-10 4.58735494e-10
 8.47788506e-11 1.80502391e-10 4.59299265e-12 4.52615723e-12
 2.62631028e-11 1.12408971e-10 1.17778722e-06 1.29297018e-09
 3.19598237e-10 6.39411302e-10 4.49432269e-10 1.34797962e-09
 1.69221621e-08 1.54217750e-11 3.83065801e-11 1.21129773e-11
 1.49367207e-09 3.39875905e-11 9.90317051e-10 9.88191751e-11
 1.00509823e-10 7.99166955e-10 1.10087228e-09 6.32462971e-11
 1.85624849e-11 2.21168528e-10 5.62857538e-11 1.14486087e-10
 2.97488700e-11 3.10013126e-11 1.08305254e-10 3.40233958e-08
 8.04527223e-10 6.64426514e-10 1.29127902e-07 1.92156291e-10
 2.65940603e-11 1.09562470e-10]","[0.0023806  0.0025     0.0025     0.00021416 0.0025     0.00028197
 0.0025     0.0025     0.0025     0.0025     0.0025     0.0025
 0.0025     0.00061829 0.0025     0.0025     0.0025     0.0025
 0.00021767 0.0025     0.00063683 0.0025     0.00093173 0.0025
 0.00018028 0.0025     0.0025     0.0025     0.0025     0.00126556
 0.0025     0.00056044 0.0025     0.0025     0.0025     0.0025
 0.0025     0.00080348 0.0025     0.0025     0.0025     0.00208805
 0.0025     0.00019653 0.0025     0.00150706 0.00135761 0.0025
 0.0025     0.0025    ]","[1.e-05 1.e-05 1.e-05 1.e-05 1.e-05 1.e-05 1.e-05 1.e-05 1.e-05 1.e-05
 1.e-05 1.e-05 1.e-05 1.e-05 1.e-05 1.e-05 1.e-05 1.e-05 1.e-05 1.e-05
 1.e-05 1.e-05 1.e-05 1.e-05 1.e-05 1.e-05 1.e-05 1.e-05 1.e-05 1.e-05
 1.e-05 1.e-05 1.e-05 1.e-05 1.e-05 1.e-05 1.e-05 1.e-05 1.e-05 1.e-05
 1.e-05 1.e-05 1.e-05 1.e-05 1.e-05 1.e-05 1.e-05 1.e-05 1.e-05 1.e-05]","[0.04265845 0.02681595 0.03529454 0.04877416 0.03483274 0.04104999
 0.03300012 0.02671071 0.0422476  0.03625228 0.02311681 0.03481431
 0.04038748 0.03833566 0.03275693 0.04198945 0.02923406 0.01941593
 0.04276756 0.02494079 0.04339739 0.03528896 0.04777367 0.02671497
 0.04273558 0.03501287 0.03152851 0.02775589 0.03554636 0.02822285
 0.0225592  0.03192419 0.03738128 0.02098842 0.02982858 0.03460495
 0.02708342 0.03871214 0.03577979 0.03947223 0.02870908 0.03054965
 0.02585398 0.03918542 0.0175729  0.01844096 0.02779902 0.03437462
 0.03361827 0.04058191]","[0.11773582 0.13027975 0.10655388 0.11149608 0.09806239 0.1052792
 0.10775004 0.10126493 0.10877218 0.11177206 0.1242459  0.12288244
 0.13162076 0.13269727 0.11941808 0.11549928 0.11470869 0.13917475
 0.10309948 0.11946824 0.09131487 0.11030438 0.11859344 0.13100775
 0.11551414 0.11470677 0.12579397 0.12854569 0.12488284 0.13864782
 0.12455829 0.1169592  0.11825002 0.13388406 0.1303045  0.13275115
 0.13253832 0.10612841 0.12196108 0.11212024 0.11659464 0.11751446
 0.12837077 0.10616975 0.11144961 0.12878793 0.10123347 0.11439849
 0.1162545  0.1079868 ]","[1.33821839e-03 1.10645680e-01 1.33794739e-02 1.42090606e-04
 1.52354576e-02 2.29639515e-03 2.50855763e-02 1.13174218e-01
 1.53917083e-03 1.01641166e-02 2.31913152e-01 1.53140824e-02
 2.85117325e-03 5.44978774e-03 2.67475850e-02 1.67943737e-03
 6.42373229e-02 4.32513271e-01 1.28911323e-03 1.63283882e-01
 1.03696849e-03 1.34005981e-02 2.09321865e-04 1.13070983e-01
 1.30333154e-03 1.44856388e-02 3.67172402e-02 9.00676316e-02
 1.24555134e-02 8.11006801e-02 2.56739358e-01 3.31991313e-02
 7.28207131e-03 3.36979050e-01 5.57961906e-02 1.62334172e-02
 1.04428543e-01 4.85123382e-03 1.16508465e-02 3.82240725e-03
 7.25755997e-02 4.68539520e-02 1.35577191e-01 4.18439965e-03
 5.61188140e-01 4.98696349e-01 8.92059676e-02 1.73016973e-02
 2.12657637e-02 2.67670959e-03]","[1.30161353e-24 4.67083333e-30 3.15326303e-20 4.12546080e-22
 3.41532154e-17 9.34360158e-20 1.12423452e-20 2.62270717e-18
 4.61439388e-21 3.21929696e-22 2.28159511e-27 8.87020789e-27
 1.13302215e-30 3.59572204e-31 2.60993231e-25 1.06353506e-23
 2.21308191e-23 2.94751498e-34 5.80685755e-19 2.48695992e-25
 5.80610543e-15 1.19528730e-21 5.75395904e-25 2.16887447e-30
 1.04894353e-23 2.21700326e-23 4.79406025e-28 2.85348060e-29
 1.20365213e-27 5.32241752e-34 1.66800967e-27 2.71184475e-24
 7.98432339e-25 1.00345246e-31 4.55088276e-30 3.39415168e-31
 4.26228456e-31 4.53796742e-20 2.20137229e-26 2.35228803e-22
 3.82096789e-24 1.60531537e-24 3.42033818e-29 4.38054344e-20
 4.30112420e-22 2.21932132e-29 2.69075745e-18 2.94621171e-23
 5.25632699e-24 9.15378128e-21]","[ 5.14149666e-04  1.03592873e-04  7.73668289e-04  3.34978104e-04
  8.70823860e-04  7.96318054e-04  5.90324402e-04 -6.61611557e-05
  8.46385956e-06  5.20825386e-04  9.77516174e-06  3.40938568e-05
  2.07424164e-04  3.05056572e-04  7.25984573e-05  8.46385956e-04
  2.83122063e-04  7.48634338e-05  6.24299049e-04 -1.48534775e-04
  2.26855278e-04 -1.65820122e-04  1.07693672e-03  2.53915787e-05
  9.11951065e-05  2.97307968e-04  1.72853470e-05 -4.24385071e-05
  1.12771988e-04 -9.53674316e-06  3.62277031e-04  3.55601311e-04
  1.32799149e-04  4.95910645e-05  3.17096710e-05  4.17947769e-04
  3.09944153e-04  1.21510029e-03  8.27312469e-05  4.60982323e-04
 -9.82284546e-05  3.54886055e-04  1.64031982e-04  8.66413116e-04
 -1.30534172e-04  8.85725021e-05 -5.71012497e-05 -1.00135803e-04
  4.46915627e-04  5.22255898e-04]","[0.0099318  0.01205254 0.00434458 0.00933886 0.00448692 0.00662351
 0.00588691 0.00699055 0.00946069 0.0069567  0.01348972 0.00947821
 0.01316345 0.00877059 0.0090853  0.00660479 0.00690114 0.01137829
 0.00563812 0.00968254 0.0076642  0.01041234 0.00630713 0.01141977
 0.00876653 0.00713313 0.01040947 0.00965011 0.00965881 0.0098666
 0.00792456 0.00927496 0.00899243 0.01083577 0.01142061 0.00904047
 0.01163149 0.0052942  0.0107646  0.00738263 0.01002407 0.00601161
 0.01484859 0.00523031 0.00910246 0.0146848  0.00811672 0.00922048
 0.00840187 0.00838339]","[0.017786   0.01394945 0.02212823 0.01626755 0.02366388 0.02140082
 0.02073067 0.01087666 0.01234494 0.01898595 0.011966   0.01167415
 0.01589929 0.01781594 0.01277107 0.02380199 0.01825074 0.01281061
 0.02365928 0.00760316 0.01639992 0.00825745 0.0240163  0.01124496
 0.0125223  0.01729182 0.01360252 0.01095964 0.0134109  0.01331886
 0.01804763 0.01708027 0.01381533 0.01116272 0.01298855 0.01736154
 0.01732196 0.02516991 0.01287327 0.01922709 0.00930233 0.01843796
 0.01340345 0.0223068  0.00801758 0.01175718 0.01072099 0.008864
 0.01810855 0.01797236]","[0.07288709 0.08368688 0.05020509 0.07206829 0.05296952 0.05961998
 0.05706346 0.06434245 0.07376279 0.06297687 0.08992766 0.07243953
 0.08421082 0.07108619 0.07297693 0.06281984 0.06122583 0.07822169
 0.05667543 0.0725605  0.06728659 0.07639158 0.0603213  0.08016109
 0.07035588 0.06245713 0.07673134 0.07556889 0.07407422 0.07458263
 0.06481123 0.07385074 0.07157229 0.07951589 0.08098046 0.07212342
 0.08060025 0.0534894  0.07611538 0.0639021  0.07654645 0.05735318
 0.09111779 0.05495107 0.07189701 0.09395019 0.06928668 0.07074783
 0.07028979 0.06994062]",0.41926481799874243,2.6256110048312796e-07,0.2593023740072622,1.4622781848253114e-06,0.40702176033514476,2.818698727979907e-08,0.2720424623946153,1.653012024258884e-07,0.0020148055760566695,1e-05,0.0008292243704798713,0.0,0.03328785134792328,0.11798617132663727,0.007472861283419779,0.010978681796395919,0.0002772355079650879,0.008962786197662354,0.0003327547071728284,0.002427115279459304,0.015587010189329812,0.07065398520027993,0.004629763267105076,0.009813660324454649
df1,0.6000000000000001,0.0,0.6000000000000001,"[0.3490397  0.29176485 0.04953464 0.50859953 0.53390728 0.18488568
 0.41323244 0.08151459 0.61225166 0.00652148 0.11135888 0.16077182
 0.45963725 0.02410401 0.71851426 0.29176485 0.02646763 0.08825991
 0.17249627 0.53390728 0.53390728 0.27423335 0.12937218 0.00725489
 0.0539576  0.1200888  0.41323244 0.19796045 0.41323244 0.61225166
 0.21173982 0.3490397  0.00300719 0.55967522 0.18488568 0.29176485
 0.66552932 0.27423335 0.41323244 0.21173982 0.18488568 0.91946676
 0.24148215 0.32916807 0.19796045 0.08151459 0.14969106 0.24148215
 0.06932183 0.16077182]","[2.27745029e-18 9.79737413e-12 2.22374207e-17 2.26988766e-15
 8.36667685e-15 2.71047184e-10 1.05328756e-13 3.00652497e-14
 3.89102510e-17 7.28113471e-09 9.19151252e-11 3.59754634e-13
 9.43717929e-13 1.23116467e-11 3.03881495e-18 1.54798729e-16
 2.67703473e-09 5.13913233e-17 1.33749750e-15 9.43717929e-13
 2.20772463e-13 1.67853513e-17 5.92172623e-11 3.72814291e-30
 1.14339735e-10 2.26988766e-15 4.90739183e-12 4.99357648e-08
 2.27745029e-18 1.17682447e-16 6.18553174e-12 3.89102510e-17
 1.54554888e-11 6.18553174e-12 1.92461767e-12 1.44619791e-20
 2.94303610e-17 3.88941584e-12 4.58740572e-16 1.80794013e-14
 2.25989398e-21 1.02511949e-15 1.05328756e-13 1.93824891e-11
 9.52846065e-19 2.22374207e-17 1.33672873e-23 2.18494984e-19
 3.59754634e-13 9.53441021e-18]","[0.3490397  0.29176485 0.04953464 0.50859953 0.53390728 0.18488568
 0.41323244 0.08151459 0.61225166 0.00652148 0.11135888 0.16077182
 0.45963725 0.02410401 0.71851426 0.29176485 0.02646763 0.08825991
 0.17249627 0.53390728 0.53390728 0.27423335 0.12937218 0.00725489
 0.0539576  0.1200888  0.41323244 0.19796045 0.41323244 0.61225166
 0.21173982 0.3490397  0.00300719 0.55967522 0.18488568 0.29176485
 0.66552932 0.27423335 0.41323244 0.21173982 0.18488568 0.91946676
 0.24148215 0.32916807 0.19796045 0.08151459 0.14969106 0.24148215
 0.06932183 0.16077182]","[2.27745029e-18 9.79737413e-12 2.22374207e-17 2.26988766e-15
 8.36667685e-15 2.71047184e-10 1.05328756e-13 3.00652497e-14
 3.89102510e-17 7.28113471e-09 9.19151252e-11 3.59754634e-13
 9.43717929e-13 1.23116467e-11 3.03881495e-18 1.54798729e-16
 2.67703473e-09 5.13913233e-17 1.33749750e-15 9.43717929e-13
 2.20772463e-13 1.67853513e-17 5.92172623e-11 3.72814291e-30
 1.14339735e-10 2.26988766e-15 4.90739183e-12 4.99357648e-08
 2.27745029e-18 1.17682447e-16 6.18553174e-12 3.89102510e-17
 1.54554888e-11 6.18553174e-12 1.92461767e-12 1.44619791e-20
 2.94303610e-17 3.88941584e-12 4.58740572e-16 1.80794013e-14
 2.25989398e-21 1.02511949e-15 1.05328756e-13 1.93824891e-11
 9.52846065e-19 2.22374207e-17 1.33672873e-23 2.18494984e-19
 3.59754634e-13 9.53441021e-18]","[0.38141969 0.22101729 0.05058673 0.21555221 0.44503333 0.17349411
 0.36984291 0.12485806 0.65077575 0.02260369 0.10030253 0.20078172
 0.45313558 0.00968786 0.65680283 0.22251115 0.01898954 0.09947204
 0.31764467 0.45569023 0.42592945 0.28857611 0.10743977 0.00137125
 0.04013534 0.09719284 0.38915386 0.28633347 0.38301126 0.66322593
 0.15533686 0.30263075 0.01781845 0.46822597 0.12421297 0.26019223
 0.69477666 0.2606675  0.28798553 0.28703919 0.32229824 0.92763137
 0.2421545  0.20593937 0.29665628 0.14889809 0.0486644  0.19754998
 0.05993538 0.07986604]","[1.64863379e-09 3.79837606e-10 1.42739365e-09 1.53246282e-09
 1.69540382e-10 8.07970357e-11 2.31590302e-11 2.21775931e-11
 1.20012000e-10 5.58268987e-11 4.64362993e-11 1.08070219e-11
 7.01205760e-12 3.34602346e-11 7.34534655e-11 8.60119753e-11
 2.67514899e-11 4.31835456e-10 3.11231041e-11 1.09434906e-10
 1.52540203e-11 3.05458103e-10 8.18057844e-11 2.49929011e-09
 2.89308799e-10 1.54207747e-09 1.73844272e-11 1.12287279e-09
 3.15263371e-11 7.53553886e-11 1.74947834e-11 1.36069267e-10
 4.01177980e-11 1.75418791e-10 2.20146346e-10 6.68193612e-10
 1.11137322e-10 3.15536375e-10 4.18823976e-10 1.45831125e-11
 6.73272105e-10 1.00346731e-10 5.12234699e-12 5.73814107e-10
 9.53981338e-11 8.49021964e-11 5.00036346e-10 7.97252264e-10
 2.89537283e-11 1.50587054e-09]","[2.50000000e-03 1.91380140e-03 2.76002040e-04 2.20762125e-03
 2.50000000e-03 1.76061418e-03 2.50000000e-03 1.54758752e-03
 2.50000000e-03 2.63571208e-04 1.35699868e-03 1.29162896e-03
 2.50000000e-03 5.27153196e-05 2.50000000e-03 1.80013166e-03
 2.37636063e-04 8.06880836e-04 1.94286668e-03 2.50000000e-03
 2.50000000e-03 2.50000000e-03 1.48082158e-03 1.31663639e-05
 2.41980408e-04 5.34124695e-04 2.50000000e-03 2.50000000e-03
 2.50000000e-03 2.50000000e-03 1.01580800e-03 1.91578986e-03
 7.28330845e-05 2.50000000e-03 1.38912468e-03 2.50000000e-03
 2.50000000e-03 2.50000000e-03 2.50000000e-03 2.50000000e-03
 2.50000000e-03 2.50000000e-03 2.50000000e-03 1.01753460e-03
 2.50000000e-03 1.24944624e-03 3.67434994e-04 1.41768748e-03
 4.87605152e-04 4.80406968e-04]","[1.e-05 1.e-05 1.e-05 1.e-05 1.e-05 1.e-05 1.e-05 1.e-05 1.e-05 1.e-05
 1.e-05 1.e-05 1.e-05 1.e-05 1.e-05 1.e-05 1.e-05 1.e-05 1.e-05 1.e-05
 1.e-05 1.e-05 1.e-05 1.e-05 1.e-05 1.e-05 1.e-05 1.e-05 1.e-05 1.e-05
 1.e-05 1.e-05 1.e-05 1.e-05 1.e-05 1.e-05 1.e-05 1.e-05 1.e-05 1.e-05
 1.e-05 1.e-05 1.e-05 1.e-05 1.e-05 1.e-05 1.e-05 1.e-05 1.e-05 1.e-05]","[0.04760776 0.02334197 0.04082275 0.03843102 0.01882084 0.04126154
 0.03583511 0.04617104 0.02373761 0.05147167 0.02921638 0.04620539
 0.03483301 0.03191855 0.02356928 0.0401803  0.03354156 0.05017122
 0.03997843 0.02873582 0.03788903 0.04891968 0.04798184 0.0229317
 0.04799693 0.02727396 0.01918858 0.0376228  0.02255428 0.0364815
 0.0462977  0.04489633 0.05767342 0.03125655 0.04649301 0.02162898
 0.03645745 0.0269044  0.03671493 0.03934745 0.02510168 0.02659296
 0.0374157  0.03041022 0.02556174 0.04171857 0.02654232 0.02866466
 0.04891287 0.0399288 ]","[0.11695847 0.12515774 0.1431608  0.14905435 0.13561047 0.10835982
 0.13022728 0.12993123 0.13895154 0.12327264 0.13282059 0.12287452
 0.13525208 0.13847072 0.15397263 0.14988636 0.11789709 0.11538783
 0.14313719 0.13113968 0.12899872 0.12161325 0.12069181 0.15544843
 0.12279239 0.14215679 0.13642271 0.10575975 0.14213347 0.14126458
 0.1090361  0.13785205 0.11676348 0.14131709 0.1204279  0.13970142
 0.13317631 0.12923129 0.13379476 0.14515459 0.14560779 0.12891851
 0.12911119 0.13741976 0.15424864 0.14817072 0.14082908 0.14238076
 0.12727829 0.13200659]","[2.23037337e-04 2.22416128e-01 2.47430337e-03 5.29209217e-03
 4.72343238e-01 2.14149032e-03 1.14671597e-02 3.82873152e-04
 2.06447530e-01 4.80343327e-05 6.45042097e-02 3.78030449e-04
 1.52342827e-02 3.32471537e-02 2.13130583e-01 3.04858431e-03
 2.17098029e-02 8.16188191e-05 3.25300299e-03 7.21297393e-02
 6.24714729e-03 1.34215978e-04 1.93239050e-04 2.39946731e-01
 1.92119563e-04 1.00178650e-01 4.47510089e-01 6.77173120e-03
 2.56967015e-01 9.50663366e-03 3.65304783e-04 6.09884039e-04
 3.18007576e-06 3.93206768e-02 3.39693965e-04 3.02400357e-01
 9.57375530e-03 1.08556688e-01 8.87693285e-03 3.97620512e-03
 1.58099067e-01 1.16059691e-01 7.20727587e-03 4.84791955e-02
 1.43996399e-01 1.83932666e-03 1.17318935e-01 7.33215062e-02
 1.34574753e-04 3.30515260e-03]","[2.71370908e-24 9.12403647e-28 3.13238689e-36 2.97746427e-39
 1.53541320e-32 6.61573881e-21 4.93553332e-30 6.73321229e-30
 3.78700425e-34 6.02348561e-27 3.15081344e-31 8.94009873e-27
 2.27165507e-32 6.48853457e-34 7.18990756e-42 1.08944878e-39
 1.11690404e-24 1.17964247e-23 3.21908189e-36 1.88649716e-30
 1.78265385e-29 3.09696956e-26 7.61344783e-26 1.13371897e-42
 9.69725250e-27 9.96153608e-36 6.29482945e-33 6.21349288e-20
 1.02318570e-35 2.76570860e-35 3.66147098e-21 1.29369393e-33
 3.26037384e-24 2.60486449e-35 9.83811269e-26 1.62908506e-34
 2.15106812e-31 1.39924956e-29 1.10503428e-31 3.07201423e-37
 1.80389958e-37 1.93771890e-29 1.58574264e-29 2.09132160e-33
 5.09666482e-42 8.60715939e-39 4.54197403e-35 7.70112801e-36
 1.05459204e-28 7.51731303e-31]","[ 3.24368477e-04 -1.03712082e-05  9.30190086e-04  7.55667686e-04
  1.00612640e-04  5.60283661e-06  3.21865082e-06  1.29938126e-03
 -3.42130661e-05  7.63773918e-04  4.30583954e-04  8.25762749e-04
  7.87973404e-05  3.29375267e-04 -1.69038773e-04  1.02400780e-04
  4.36782837e-04  5.26785851e-04  4.47750092e-04  1.13368034e-04
  8.34465027e-07  7.07626343e-04  1.36613846e-04 -1.59740448e-05
  4.00424004e-04  3.89814377e-05 -1.38163567e-04 -9.85860825e-05
 -1.59621239e-04  3.16739082e-04  4.89473343e-04  4.16994095e-04
  3.02672386e-04  2.74896622e-04  9.54270363e-04  1.61051750e-04
  5.31792641e-04  1.80006027e-05  3.51905823e-04  2.82645226e-04
 -8.49962234e-05 -3.26633453e-05  2.59876251e-04 -1.63316727e-04
  2.35557556e-04  5.33103943e-04 -5.66244125e-05  2.54034996e-04
 -7.27176666e-05  8.15629959e-04]","[0.01028204 0.01032341 0.01089382 0.01510262 0.01017106 0.00851536
 0.01174581 0.00833511 0.01191771 0.01014471 0.00810242 0.00952983
 0.01047969 0.01133895 0.01487994 0.01504457 0.00932264 0.00897443
 0.01370454 0.00939786 0.01256144 0.00784683 0.01177347 0.01715147
 0.01067162 0.01279271 0.01181006 0.01008797 0.01176333 0.01208568
 0.00807226 0.00899148 0.00907528 0.01308453 0.00796962 0.01118839
 0.01058054 0.01391554 0.01017272 0.01325786 0.01452172 0.01190293
 0.00951898 0.01461494 0.01611483 0.01287675 0.01418805 0.01709127
 0.01173925 0.0078491 ]","[0.01618128 0.01105548 0.0225994  0.02173674 0.01324864 0.01202609
 0.01207702 0.02795175 0.01085289 0.020794   0.01962159 0.02184362
 0.01256977 0.01694344 0.00747959 0.01216002 0.01794379 0.01955362
 0.0173385  0.0142687  0.01190233 0.02396331 0.01340516 0.01112897
 0.01644641 0.01191917 0.00789652 0.00977043 0.00739044 0.01729875
 0.0183518  0.01739182 0.01574419 0.01580761 0.02407239 0.01367819
 0.01974176 0.0112892  0.01717794 0.01553217 0.00878342 0.01165273
 0.01688897 0.00800006 0.01648529 0.01961279 0.00998064 0.01476219
 0.01022463 0.02140498]","[0.07618372 0.07628636 0.07454623 0.0898189  0.07670424 0.06890797
 0.08113026 0.06621731 0.08068055 0.07398286 0.06842198 0.0709216
 0.07715935 0.08074857 0.09066378 0.08721102 0.07495008 0.07135787
 0.08575491 0.07419751 0.08441017 0.06557413 0.08140984 0.09803587
 0.07690371 0.08485026 0.08329741 0.0773505  0.0822541  0.08155322
 0.06747616 0.07170503 0.06990692 0.08570211 0.06733054 0.07820334
 0.0767568  0.08739422 0.07380641 0.08360116 0.08897611 0.08094171
 0.07316985 0.09188376 0.09568487 0.08551161 0.08905689 0.09738489
 0.07976549 0.06701711]",0.28229234093276434,1.2102719163719257e-09,0.21053870609473152,7.043612169902211e-09,0.26522101914654816,3.755797983728826e-10,0.20272834184158475,5.538653045381117e-10,0.0016928363978849137,1e-05,0.0008973405061109983,0.0,0.03586422561645508,0.13302462531089784,0.00971841662395581,0.0120113943678938,0.0002784252166748047,0.011469542980194092,0.0003368078594318814,0.0024481261428777757,0.015319003290045676,0.07945518490462158,0.004796667281934107,0.008260138554544775
df1,0.65,0.0,0.65,"[1.11358879e-01 3.29168072e-01 1.72496272e-01 6.38860419e-01
 1.20088801e-01 5.59675216e-01 6.12251659e-01 4.83822766e-01
 7.44535382e-01 8.15145929e-02 4.83822766e-01 7.18514257e-01
 6.38860419e-01 4.83822766e-01 8.18753631e-01 3.69683622e-01
 6.12251659e-01 3.29168072e-01 7.44535382e-01 7.18514257e-01
 5.85821277e-01 3.48322136e-02 5.85821277e-01 1.84885683e-01
 2.74233349e-01 1.20088801e-01 6.12251659e-01 5.59675216e-01
 2.26241661e-01 2.26241661e-01 8.15145929e-02 2.64676308e-02
 5.08599525e-01 4.54286666e-02 8.63302804e-01 7.52091658e-02
 6.92127962e-01 1.97960446e-01 2.19534247e-04 7.70029237e-01
 8.83591758e-01 2.57475452e-01 4.59637254e-01 2.91764847e-01
 1.64147482e-02 3.36894521e-03 7.52091658e-02 1.97960446e-01
 5.33907283e-01 2.57475452e-01]","[6.25831333e-28 3.89102510e-17 2.16691945e-07 6.18553174e-12
 3.95007214e-19 1.70510155e-18 4.05057199e-18 1.67853513e-17
 4.30155538e-26 4.58538879e-13 1.20730402e-21 2.42826791e-11
 4.05057199e-18 1.27528784e-18 4.88387176e-20 5.13913233e-17
 4.21288896e-21 6.45842239e-15 4.97944383e-14 4.94023307e-23
 2.43574207e-12 2.93930826e-19 3.60824945e-20 9.52846065e-19
 4.67812431e-22 1.72684385e-13 7.84899525e-16 2.33262567e-14
 3.60824945e-20 1.54798729e-16 1.51920849e-12 7.42666811e-13
 1.82433512e-24 3.83661921e-15 4.90739183e-12 2.27745029e-18
 8.92004797e-20 3.50171296e-16 1.14339735e-10 1.26570821e-17
 1.27528784e-18 1.33749750e-15 5.13913233e-17 1.20365650e-19
 8.36667685e-15 2.18488808e-09 2.95255083e-15 8.93744884e-17
 7.11203305e-19 5.13913233e-17]","[1.11358879e-01 3.29168072e-01 1.72496272e-01 6.38860419e-01
 1.20088801e-01 5.59675216e-01 6.12251659e-01 4.83822766e-01
 7.44535382e-01 8.15145929e-02 4.83822766e-01 7.18514257e-01
 6.38860419e-01 4.83822766e-01 8.18753631e-01 3.69683622e-01
 6.12251659e-01 3.29168072e-01 7.44535382e-01 7.18514257e-01
 5.85821277e-01 3.48322136e-02 5.85821277e-01 1.84885683e-01
 2.74233349e-01 1.20088801e-01 6.12251659e-01 5.59675216e-01
 2.26241661e-01 2.26241661e-01 8.15145929e-02 2.64676308e-02
 5.08599525e-01 4.54286666e-02 8.63302804e-01 7.52091658e-02
 6.92127962e-01 1.97960446e-01 2.19534247e-04 7.70029237e-01
 8.83591758e-01 2.57475452e-01 4.59637254e-01 2.91764847e-01
 1.64147482e-02 3.36894521e-03 7.52091658e-02 1.97960446e-01
 5.33907283e-01 2.57475452e-01]","[6.25831333e-28 3.89102510e-17 2.16691945e-07 6.18553174e-12
 3.95007214e-19 1.70510155e-18 4.05057199e-18 1.67853513e-17
 4.30155538e-26 4.58538879e-13 1.20730402e-21 2.42826791e-11
 4.05057199e-18 1.27528784e-18 4.88387176e-20 5.13913233e-17
 4.21288896e-21 6.45842239e-15 4.97944383e-14 4.94023307e-23
 2.43574207e-12 2.93930826e-19 3.60824945e-20 9.52846065e-19
 4.67812431e-22 1.72684385e-13 7.84899525e-16 2.33262567e-14
 3.60824945e-20 1.54798729e-16 1.51920849e-12 7.42666811e-13
 1.82433512e-24 3.83661921e-15 4.90739183e-12 2.27745029e-18
 8.92004797e-20 3.50171296e-16 1.14339735e-10 1.26570821e-17
 1.27528784e-18 1.33749750e-15 5.13913233e-17 1.20365650e-19
 8.36667685e-15 2.18488808e-09 2.95255083e-15 8.93744884e-17
 7.11203305e-19 5.13913233e-17]","[0.1622843  0.3790144  0.33277563 0.62417007 0.09124596 0.511345
 0.42112689 0.72729387 0.67605426 0.16118907 0.48360128 0.41883888
 0.47388322 0.55789542 0.6581945  0.24238182 0.53186796 0.55820039
 0.64555179 0.64698932 0.53096925 0.07803104 0.41047561 0.29372603
 0.25947449 0.12460704 0.73680394 0.63512328 0.1535018  0.34066982
 0.02613307 0.01134602 0.54243147 0.01635025 0.79181074 0.13313364
 0.51788037 0.17802483 0.00081837 0.57852584 0.7909209  0.15459635
 0.40541501 0.29696737 0.02251574 0.00666669 0.08753141 0.22489703
 0.39269911 0.22391136]","[2.70275236e-09 1.74145254e-09 4.60209648e-11 2.03034256e-11
 6.02603523e-11 6.01630967e-11 3.01493497e-10 8.89088803e-11
 8.83688678e-11 8.54818216e-10 1.17601007e-09 8.74444961e-12
 3.18444493e-10 8.76933859e-10 7.27147231e-11 2.38141729e-10
 6.07157991e-10 1.87791671e-10 5.12964116e-11 1.93529393e-09
 7.29982297e-10 7.10652648e-11 2.24603158e-09 1.49452750e-09
 1.00788378e-10 2.64661626e-11 5.76374060e-10 1.56516411e-09
 1.27694721e-09 3.98767575e-10 1.13704601e-11 7.53996865e-12
 7.17401694e-10 1.44846801e-10 6.81654733e-12 1.97743877e-09
 2.86571655e-10 3.62912589e-10 2.66975331e-11 2.49872789e-10
 9.55437063e-10 1.10020615e-09 2.66878741e-11 1.33389855e-10
 1.11364806e-10 7.21108728e-11 5.49250201e-10 1.33817746e-09
 5.34946643e-10 1.65258562e-09]","[1.41105781e-03 1.98780630e-03 2.50000000e-03 2.50000000e-03
 3.46834781e-04 2.50000000e-03 2.50000000e-03 2.50000000e-03
 2.50000000e-03 2.37997807e-03 2.50000000e-03 2.50000000e-03
 2.50000000e-03 2.50000000e-03 2.50000000e-03 1.50475403e-03
 2.50000000e-03 2.50000000e-03 2.50000000e-03 2.50000000e-03
 2.50000000e-03 8.85355017e-04 2.50000000e-03 2.50000000e-03
 2.31600939e-03 1.02143121e-03 2.50000000e-03 2.50000000e-03
 1.85906440e-03 2.50000000e-03 2.39064576e-04 1.25099987e-04
 2.50000000e-03 1.81219912e-04 2.50000000e-03 9.73936134e-04
 2.50000000e-03 8.76368732e-04 1.13942353e-05 2.50000000e-03
 2.50000000e-03 1.92664117e-03 2.42426364e-03 2.50000000e-03
 9.62753294e-05 5.66065954e-05 8.92348604e-04 1.85466030e-03
 2.50000000e-03 2.50000000e-03]","[1.e-05 1.e-05 1.e-05 1.e-05 1.e-05 1.e-05 1.e-05 1.e-05 1.e-05 1.e-05
 1.e-05 1.e-05 1.e-05 1.e-05 1.e-05 1.e-05 1.e-05 1.e-05 1.e-05 1.e-05
 1.e-05 1.e-05 1.e-05 1.e-05 1.e-05 1.e-05 1.e-05 1.e-05 1.e-05 1.e-05
 1.e-05 1.e-05 1.e-05 1.e-05 1.e-05 1.e-05 1.e-05 1.e-05 1.e-05 1.e-05
 1.e-05 1.e-05 1.e-05 1.e-05 1.e-05 1.e-05 1.e-05 1.e-05 1.e-05 1.e-05]","[0.02965232 0.04649917 0.04004399 0.03122263 0.03379386 0.03082377
 0.03640148 0.02707294 0.03227685 0.04481174 0.0355528  0.02531713
 0.03506453 0.02418362 0.04513636 0.02701345 0.02832635 0.04056694
 0.0395325  0.0261847  0.03335634 0.02814345 0.03560242 0.0473176
 0.03621397 0.04152745 0.03116077 0.03825896 0.0293669  0.02212199
 0.04446874 0.05190538 0.02533427 0.05461847 0.02351038 0.02668212
 0.03152065 0.03523437 0.05602392 0.03001962 0.03390623 0.03931897
 0.03385496 0.04927983 0.05182516 0.04660132 0.04109823 0.04813727
 0.03339433 0.02834106]","[0.16409732 0.13655579 0.10811668 0.13849646 0.13652841 0.13929287
 0.1423755  0.16175936 0.15699196 0.13111938 0.14683468 0.13240423
 0.14013876 0.15013401 0.1367733  0.14283864 0.15894072 0.13554071
 0.12798948 0.15246716 0.11979238 0.15323378 0.13417996 0.13969325
 0.14687447 0.131756   0.14941469 0.13799906 0.15552148 0.14657772
 0.13113141 0.12184315 0.15442753 0.12810624 0.13193672 0.13944719
 0.14361307 0.14061956 0.12613571 0.1553934  0.14311568 0.1342791
 0.12635105 0.15355432 0.13814677 0.13910435 0.1245417  0.13853209
 0.15763333 0.14146882]","[5.81932380e-02 3.38915578e-04 3.18526382e-03 3.96564230e-02
 2.02795844e-02 4.37958229e-02 9.73163785e-03 1.04666645e-01
 3.03164988e-02 6.28731740e-04 1.24326736e-02 1.51363085e-01
 1.42767794e-02 1.89519815e-01 5.59250445e-04 1.06026216e-01
 7.92183953e-02 2.68978316e-03 3.75010164e-03 1.26535487e-01
 2.28162008e-02 8.25700083e-02 1.22578369e-02 2.49087636e-04
 1.02779177e-02 1.96051794e-03 4.02751626e-02 5.57972817e-03
 6.22621484e-02 2.77532208e-01 7.10890634e-04 4.01286159e-05
 1.50836997e-01 1.25900598e-05 2.15507701e-01 1.13869350e-01
 3.67903121e-02 1.36091439e-02 6.74757077e-06 5.32946197e-02
 1.96700552e-02 4.01209675e-03 1.99460742e-02 1.16466723e-04
 4.14904627e-05 3.26231812e-04 2.26018254e-03 1.82000861e-04
 2.25852590e-02 7.89539023e-02]","[1.56952873e-47 5.43642825e-33 8.17628065e-21 6.30451039e-34
 5.60297955e-33 2.58099940e-34 7.74790873e-36 3.43335457e-46
 1.61102162e-43 1.92743465e-30 4.23259059e-38 4.91901587e-31
 9.93924020e-35 8.06791755e-40 4.27670816e-33 4.54457562e-36
 1.33352674e-44 1.65718117e-32 5.07251066e-29 4.64541345e-41
 1.81968573e-25 1.80059305e-41 7.28644873e-32 1.64416146e-34
 4.03733377e-38 9.81390786e-31 1.92770241e-39 1.09835499e-33
 1.03417132e-42 5.74002272e-38 1.90306795e-30 2.47172468e-26
 4.07643874e-42 4.49640528e-29 8.09783100e-31 2.16955872e-34
 1.85509980e-36 5.76305960e-35 3.38836135e-28 1.21495263e-42
 3.30017056e-36 6.54457088e-32 2.72149747e-28 1.20973942e-41
 9.31618912e-34 3.19010780e-34 1.69602326e-27 6.05821329e-34
 7.11984460e-44 2.19048654e-35]","[-5.05447388e-05  7.16686249e-04  8.46385956e-06  5.56945801e-04
 -9.96589661e-05 -6.46114349e-05  9.88721848e-04  9.17911530e-06
  2.26855278e-04  3.12328339e-04  6.10351562e-05  2.75611877e-04
 -2.99215317e-05 -1.17778778e-04  5.63979149e-04  3.45230103e-04
  2.26497650e-06  1.28626823e-04  3.25441360e-05 -1.18494034e-04
  4.33921814e-05  3.09944153e-04 -1.13487244e-04  6.31690025e-04
  3.01837921e-04  1.51622295e-03  1.09434128e-04  6.16312027e-05
  1.32441521e-04  1.34944916e-04  6.22391701e-04  1.14214420e-03
 -7.92741776e-05  2.43234634e-03 -1.41859055e-04 -9.93013382e-05
  1.09791756e-04  2.76565552e-04  1.04892254e-03  3.93748283e-04
  7.98702240e-05  1.83701515e-04  4.77790833e-04  4.46319580e-04
  5.86152077e-04  1.09374523e-03  1.21307373e-03  2.92778015e-04
  7.48872757e-04  1.90615654e-04]","[0.01938617 0.01057255 0.00895941 0.00955546 0.01267254 0.01441967
 0.0109427  0.01979792 0.01150453 0.01242208 0.01511061 0.00971043
 0.01440454 0.01676166 0.01084912 0.01467884 0.01748657 0.01184714
 0.01118708 0.0160917  0.01161635 0.01126039 0.01350331 0.01197612
 0.01323652 0.00787818 0.01173651 0.01222229 0.01630843 0.01336372
 0.01169455 0.00872958 0.01493168 0.00768912 0.01365507 0.01422834
 0.01557577 0.0119977  0.01063049 0.01316857 0.01395679 0.01259816
 0.00875092 0.01459372 0.01234984 0.00991154 0.00782478 0.01014066
 0.01882005 0.01311815]","[0.01049449 0.02285307 0.01219683 0.02129526 0.01045979 0.01012128
 0.02280943 0.01137408 0.01702966 0.01719898 0.01314653 0.01642876
 0.0106978  0.00895633 0.02001375 0.01775161 0.01148218 0.01317297
 0.01235264 0.00741968 0.01217595 0.01682202 0.00951275 0.02025272
 0.01677019 0.02875407 0.01433102 0.01250915 0.01284881 0.01405111
 0.0209448  0.02582272 0.00898833 0.04012717 0.00944448 0.00899845
 0.01482227 0.01782279 0.02425626 0.01756135 0.0130939  0.01343179
 0.02074906 0.01750219 0.01936169 0.02551719 0.0295835  0.01938396
 0.02066136 0.01565078]","[0.10523515 0.07486577 0.07264236 0.07228952 0.08385466 0.09019817
 0.08187938 0.10591977 0.07917173 0.084395   0.09061602 0.07636959
 0.08978887 0.09797485 0.0752193  0.09093383 0.09750207 0.08111491
 0.07952472 0.09238144 0.08122274 0.07924477 0.08674937 0.08296341
 0.08484217 0.06427828 0.08131213 0.08451243 0.09577393 0.08996303
 0.08255238 0.06932889 0.09192208 0.06441107 0.08863728 0.09101789
 0.0903447  0.0798742  0.07727643 0.08800058 0.08835647 0.08598525
 0.069825   0.09212948 0.08271191 0.06955973 0.06699524 0.07685027
 0.09967165 0.08421615]",0.38838913204212583,4.380639499802605e-09,0.26605521499909895,3.033172807283881e-08,0.365397238332337,6.037762201316354e-10,0.23544956617672533,6.901520984617122e-10,0.0019174034045097528,1e-05,0.0008686381030683282,0.0,0.03615244532346726,0.14047638806819918,0.008689168865193766,0.011583981864148465,0.0003578782081604004,0.012716560363769532,0.0004945363129907201,0.0028723558253976353,0.016580138767608346,0.08384811956506445,0.0063332922360130805,0.00962549659328513
df1,0.7000000000000001,0.0,0.7000000000000001,"[0.55967522 0.21173982 0.11135888 0.00377043 0.24148215 0.66552932
 0.18488568 0.61225166 0.36968362 0.19796045 0.24148215 0.39108739
 0.61225166 0.79482654 0.02410401 0.3490397  0.50859953 0.48382277
 0.39108739 0.16077182 0.06932183 0.39108739 0.01346465 0.18488568
 0.58582128 0.22624166 0.48382277 0.19796045 0.08825991 0.66552932
 0.69212796 0.08825991 0.55967522 0.66552932 0.1200888  0.71851426
 0.06383124 0.39108739 0.10315938 0.08151459 0.18488568 0.66552932
 0.32916807 0.10315938 0.94837208 0.00212592 0.53390728 0.81875363
 0.84163603 0.79482654]","[2.18494984e-19 6.42340318e-22 4.30155538e-26 2.22374207e-17
 6.60370667e-20 4.58740572e-16 3.56853685e-23 8.58131384e-26
 4.05057199e-18 9.61617488e-24 2.25989398e-21 5.74326505e-21
 3.55797286e-24 1.62253462e-19 1.27528784e-18 6.42340318e-22
 1.44619791e-20 4.21288896e-21 1.70487812e-25 1.51487883e-26
 1.92461767e-12 6.00359848e-16 2.47371214e-22 1.70510155e-18
 6.07873598e-26 1.33672873e-23 9.52846065e-19 5.39368124e-18
 1.72684385e-13 7.82155399e-21 4.05057199e-18 3.89102510e-17
 7.84899525e-16 3.37322101e-25 7.17482117e-18 8.81076169e-22
 4.58740572e-16 2.22374207e-17 3.55797286e-24 3.08714081e-21
 9.61617488e-24 4.21288896e-21 4.58740572e-16 1.08277464e-14
 1.30432533e-24 2.33262567e-14 6.00359848e-16 2.22374207e-17
 1.33749750e-15 3.40355762e-22]","[0.55967522 0.21173982 0.11135888 0.00377043 0.24148215 0.66552932
 0.18488568 0.61225166 0.36968362 0.19796045 0.24148215 0.39108739
 0.61225166 0.79482654 0.02410401 0.3490397  0.50859953 0.48382277
 0.39108739 0.16077182 0.06932183 0.39108739 0.01346465 0.18488568
 0.58582128 0.22624166 0.48382277 0.19796045 0.08825991 0.66552932
 0.69212796 0.08825991 0.55967522 0.66552932 0.1200888  0.71851426
 0.06383124 0.39108739 0.10315938 0.08151459 0.18488568 0.66552932
 0.32916807 0.10315938 0.94837208 0.00212592 0.53390728 0.81875363
 0.84163603 0.79482654]","[2.18494984e-19 6.42340318e-22 4.30155538e-26 2.22374207e-17
 6.60370667e-20 4.58740572e-16 3.56853685e-23 8.58131384e-26
 4.05057199e-18 9.61617488e-24 2.25989398e-21 5.74326505e-21
 3.55797286e-24 1.62253462e-19 1.27528784e-18 6.42340318e-22
 1.44619791e-20 4.21288896e-21 1.70487812e-25 1.51487883e-26
 1.92461767e-12 6.00359848e-16 2.47371214e-22 1.70510155e-18
 6.07873598e-26 1.33672873e-23 9.52846065e-19 5.39368124e-18
 1.72684385e-13 7.82155399e-21 4.05057199e-18 3.89102510e-17
 7.84899525e-16 3.37322101e-25 7.17482117e-18 8.81076169e-22
 4.58740572e-16 2.22374207e-17 3.55797286e-24 3.08714081e-21
 9.61617488e-24 4.21288896e-21 4.58740572e-16 1.08277464e-14
 1.30432533e-24 2.33262567e-14 6.00359848e-16 2.22374207e-17
 1.33749750e-15 3.40355762e-22]","[6.44608610e-01 1.60560356e-01 1.14077284e-01 1.23934853e-02
 2.83446124e-01 5.44914517e-01 1.88784994e-01 6.77533378e-01
 3.47016576e-01 2.91999958e-01 2.94905700e-01 2.25511646e-01
 6.06087419e-01 5.99053654e-01 5.26809938e-02 2.47511194e-01
 5.06299264e-01 3.72365294e-01 4.16208146e-01 1.83168030e-01
 1.94673831e-02 3.57710320e-01 6.12399658e-02 1.46770951e-01
 6.54016502e-01 1.43562109e-01 3.74049981e-01 1.91532344e-01
 2.88088301e-02 8.55414606e-01 5.50439399e-01 1.36409012e-01
 5.29549842e-01 4.97709964e-01 1.19396496e-01 6.39176389e-01
 9.37232982e-02 2.80263026e-01 2.19172053e-01 5.33370263e-02
 1.34808973e-01 7.47138025e-01 2.97146826e-01 5.19052338e-02
 9.79768199e-01 1.53656259e-04 2.55811170e-01 7.17730297e-01
 7.27914059e-01 7.22844301e-01]","[8.51777537e-11 1.08226206e-10 5.69714498e-10 1.04475428e-10
 9.84593074e-10 7.54460938e-11 9.14495812e-10 2.40307008e-09
 3.91587207e-10 1.11865850e-09 8.71845374e-10 1.19620092e-10
 1.41318679e-09 1.57039604e-10 5.19698728e-10 7.41641193e-11
 6.11452222e-10 6.58434418e-11 1.40377365e-09 6.07025541e-10
 3.71433995e-11 1.56506075e-09 1.19604937e-09 2.44103626e-10
 8.64454841e-10 1.10950593e-09 6.55226984e-11 1.36771816e-10
 3.09436921e-11 5.63195268e-10 5.05700037e-10 1.28687838e-10
 3.08595371e-11 1.85439630e-09 4.59363769e-10 6.80045686e-10
 1.03454578e-10 3.70886655e-11 1.19100041e-09 9.52491419e-11
 2.64054556e-10 1.47376222e-10 3.80889764e-11 2.75108825e-11
 5.49717494e-10 3.86013443e-12 1.66323066e-09 2.60896749e-10
 1.15260756e-09 2.29552999e-09]","[2.50000000e-03 1.21368646e-03 1.31351128e-03 1.56534671e-04
 2.00996205e-03 2.50000000e-03 1.36580509e-03 2.50000000e-03
 2.50000000e-03 2.50000000e-03 2.50000000e-03 1.65716782e-03
 2.50000000e-03 2.50000000e-03 6.40794581e-04 1.80296308e-03
 2.50000000e-03 2.50000000e-03 2.50000000e-03 1.90635559e-03
 1.69644648e-04 2.50000000e-03 2.88032735e-04 1.89590320e-03
 2.50000000e-03 6.28694322e-04 2.50000000e-03 2.23655921e-03
 3.07982900e-04 2.50000000e-03 2.50000000e-03 1.25068404e-03
 2.50000000e-03 2.50000000e-03 1.25005808e-03 2.50000000e-03
 9.53334572e-04 2.50000000e-03 2.17940099e-03 4.18299555e-04
 6.98771354e-04 2.50000000e-03 2.50000000e-03 3.43680709e-04
 2.50000000e-03 1.00000000e-05 2.50000000e-03 2.50000000e-03
 2.50000000e-03 2.50000000e-03]","[1.e-05 1.e-05 1.e-05 1.e-05 1.e-05 1.e-05 1.e-05 1.e-05 1.e-05 1.e-05
 1.e-05 1.e-05 1.e-05 1.e-05 1.e-05 1.e-05 1.e-05 1.e-05 1.e-05 1.e-05
 1.e-05 1.e-05 1.e-05 1.e-05 1.e-05 1.e-05 1.e-05 1.e-05 1.e-05 1.e-05
 1.e-05 1.e-05 1.e-05 1.e-05 1.e-05 1.e-05 1.e-05 1.e-05 1.e-05 1.e-05
 1.e-05 1.e-05 1.e-05 1.e-05 1.e-05 1.e-05 1.e-05 1.e-05 1.e-05 1.e-05]","[0.0275846  0.03875353 0.02556987 0.03931953 0.03385112 0.02535373
 0.02874067 0.0326627  0.0401453  0.02294334 0.041615   0.03215375
 0.03747105 0.0258921  0.05470979 0.03143378 0.03880731 0.0212308
 0.0236167  0.0348754  0.03775736 0.03304257 0.04841107 0.02884876
 0.02883699 0.04259848 0.02525723 0.03205737 0.04614237 0.02839972
 0.02119108 0.04834076 0.02221894 0.03348696 0.04501427 0.03907438
 0.05184015 0.04248734 0.03228991 0.04493596 0.04028243 0.02762468
 0.03325782 0.03833093 0.01982513 0.05328807 0.03846302 0.0417802
 0.02400838 0.03322099]","[0.15423314 0.16537133 0.17651108 0.15660902 0.15211174 0.14805086
 0.16300705 0.17394179 0.15123439 0.15853291 0.13888579 0.14922173
 0.15623132 0.15671782 0.14964992 0.16059521 0.14696196 0.16127049
 0.16382397 0.16366586 0.13362072 0.16187334 0.15988086 0.14843359
 0.15495448 0.16457461 0.15351545 0.1507591  0.13018871 0.16275428
 0.14391063 0.14515916 0.16473033 0.15685274 0.12922396 0.14797797
 0.1404071  0.1360839  0.15843238 0.1541582  0.15195392 0.16406751
 0.13691893 0.13865967 0.1659286  0.1392031  0.13908787 0.15142791
 0.14444684 0.13707449]","[9.35588581e-02 4.78924052e-03 1.43756562e-01 4.01139083e-03
 1.99669088e-02 1.50241923e-01 7.20490975e-02 2.74172666e-02
 3.08315277e-03 2.39435369e-01 1.90410824e-03 3.12967068e-02
 7.08843098e-03 1.34508786e-01 1.20958712e-05 3.76064791e-02
 4.70978210e-03 3.23593659e-01 2.11231449e-01 1.50547924e-02
 6.50176400e-03 2.48049805e-02 1.63692156e-04 7.02720403e-02
 7.04636129e-02 1.36594240e-03 1.53212256e-01 3.20833710e-02
 3.86958700e-04 7.79066364e-02 3.25761994e-01 1.68219777e-04
 2.72819657e-01 2.20308818e-02 5.84491570e-04 4.33282548e-03
 4.12328033e-05 1.41873949e-03 3.02141147e-02 6.01237163e-04
 2.94973946e-03 9.27319649e-02 2.34248674e-02 5.45771827e-03
 4.06245123e-01 2.23922247e-05 5.24013114e-03 1.80175583e-03
 1.96037121e-01 2.36560757e-02]","[5.19619317e-42 2.86620838e-48 5.63187907e-55 2.61898890e-43
 7.19681001e-41 9.93529788e-39 6.65396915e-47 2.17423147e-53
 2.11103538e-40 2.25204442e-44 4.07684017e-34 2.43335079e-39
 4.22436901e-43 2.28153896e-43 1.45058544e-39 1.56886604e-45
 3.63897595e-38 6.50754885e-46 2.25658847e-47 2.78313543e-47
 1.33327969e-31 2.95699358e-46 3.96352339e-45 6.28068816e-39
 2.10802463e-42 8.31386429e-48 1.26956254e-41 3.77163417e-40
 5.13950932e-30 9.28768482e-47 1.31305215e-36 3.05558204e-37
 6.75436990e-48 1.92257369e-43 1.40999051e-29 1.08405328e-38
 7.33416369e-35 9.13693263e-33 2.56204999e-44 5.70537828e-42
 8.73800336e-41 1.63296957e-47 3.64127196e-33 5.25231343e-34
 1.35661957e-48 2.85510204e-34 3.24967989e-34 1.66588280e-40
 7.03117735e-37 3.06579044e-33]","[ 2.34365463e-04  3.22103500e-04  3.99827957e-04  8.17060471e-04
 -3.98159027e-05  2.89440155e-04 -5.96046448e-05 -1.22427940e-04
  1.13725662e-04  8.86917114e-05  2.42233276e-04  3.09467316e-04
  1.54018402e-04 -1.37567520e-04  1.74474716e-03 -3.07559967e-05
  6.40153885e-04 -2.62260437e-06  2.68220901e-05  5.36799431e-04
  1.67608261e-04  1.21951103e-04  7.23958015e-04  5.94377518e-04
  3.10420990e-04  5.90205193e-04  1.97052956e-04  2.93374062e-04
  5.70058823e-04  1.94311142e-05 -3.58819962e-05  1.23929977e-03
 -1.65343285e-04  2.72989273e-04  8.78334045e-04  1.38401985e-04
  4.73856926e-04  2.10165977e-04 -1.54376030e-04  1.21176243e-03
  5.79953194e-04  2.01463699e-05  1.06215477e-03  2.55584717e-04
 -1.80840492e-04  7.25269318e-04  3.13878059e-04  1.93834305e-04
 -1.14440918e-04  6.07728958e-04]","[0.01513684 0.02173233 0.02448642 0.01492059 0.01704407 0.01446998
 0.01454115 0.02128386 0.01417887 0.01631784 0.01499617 0.01350534
 0.01781356 0.01978195 0.01261723 0.01688898 0.01236951 0.01599252
 0.0187794  0.01504779 0.01536345 0.01785898 0.0146271  0.01293898
 0.0158267  0.01757014 0.01357043 0.01436615 0.01280177 0.01501465
 0.01306129 0.01072454 0.01947808 0.0150882  0.01131356 0.01492155
 0.01537383 0.01358628 0.01648974 0.0122968  0.01391852 0.01617515
 0.01462412 0.01371467 0.01918936 0.01296592 0.01247072 0.01930022
 0.01417136 0.01101804]","[0.01533332 0.01649369 0.01720183 0.02298745 0.0109721  0.0164035
 0.01007023 0.00787996 0.01261086 0.01241159 0.01478998 0.01628165
 0.01470199 0.00772456 0.03157686 0.01225743 0.01988013 0.01259158
 0.01172704 0.02135169 0.01259753 0.01416136 0.0205423  0.01911819
 0.01636295 0.01913578 0.01490658 0.01492433 0.01866809 0.01268369
 0.01108369 0.02704431 0.00715081 0.0155185  0.02362934 0.01471428
 0.01633606 0.01420797 0.00754053 0.02632402 0.01998062 0.01234199
 0.02400399 0.01597834 0.0062181  0.02416615 0.01678494 0.01424311
 0.00871954 0.01948581]","[0.09088321 0.10872185 0.11380229 0.0892558  0.09736293 0.09086782
 0.09181484 0.10842262 0.09051836 0.09687358 0.09151951 0.08742612
 0.10081479 0.10319859 0.08031874 0.095613   0.08229067 0.09354033
 0.10187521 0.09056211 0.09015826 0.09988113 0.08704777 0.08624826
 0.09519403 0.09848922 0.08914571 0.08926498 0.08455126 0.09417059
 0.08423298 0.07723069 0.10330145 0.0912445  0.08125571 0.09108456
 0.09134826 0.08724163 0.09780708 0.08376829 0.08877457 0.09557411
 0.0856066  0.08903881 0.10300961 0.08482079 0.08257966 0.10482475
 0.08879779 0.08143921]",0.37455914251341577,4.272572225186939e-14,0.2646970532816023,2.6993939380549816e-13,0.34712193725247736,5.980112960379814e-10,0.2537488222737914,6.191483234101042e-10,0.0018439565387278383,1e-05,0.0008564646773474528,0.0,0.03478086804389954,0.15225775465011598,0.008828439840018215,0.010995290850209203,0.00033295154571533203,0.015434494018554687,0.0004030434530202958,0.0028249153935687526,0.015876407018770217,0.09225629291706319,0.0054209066716828114,0.00796941565211163
df1,0.75,0.0,0.75,"[9.84577388e-01 7.70029237e-01 4.16212987e-02 9.60076470e-01
 7.94826541e-01 8.15145929e-02 1.03159376e-01 7.94826541e-01
 5.39576008e-02 5.33907283e-01 9.34827271e-01 2.91764847e-01
 5.08599525e-01 3.49039701e-01 3.69683622e-01 8.41636027e-01
 6.92127962e-01 3.91087390e-01 3.77043497e-03 3.10075730e-01
 7.44535382e-01 4.13232440e-01 5.51757155e-04 8.41636027e-01
 2.26241661e-01 2.74233349e-01 1.72496272e-01 4.59637254e-01
 3.29168072e-01 9.02355278e-01 1.72496272e-01 4.59637254e-01
 5.33907283e-01 4.13232440e-01 2.26241661e-01 9.02355278e-01
 3.29168072e-01 8.15145929e-02 2.41482152e-01 4.36093382e-01
 4.13232440e-01 3.80948244e-02 3.49039701e-01 3.77043497e-03
 4.13232440e-01 8.06268875e-03 1.84885683e-01 4.83822766e-01
 6.65529322e-01 5.85821277e-01]","[1.82724155e-27 6.83217462e-23 2.94303610e-17 1.51487883e-26
 7.13959478e-29 3.03881495e-18 5.13913233e-17 2.54904105e-24
 6.91059303e-24 1.79605588e-22 3.40355762e-22 9.43897459e-23
 5.30299497e-19 6.78067547e-17 2.66308246e-20 2.25989398e-21
 6.83217462e-23 4.30155538e-26 1.20365650e-19 2.14737506e-26
 3.55797286e-24 3.08714081e-21 2.03413945e-16 1.64503886e-29
 1.70487812e-25 4.21288896e-21 3.60824945e-20 1.21017203e-25
 1.51487883e-26 1.20365650e-19 1.82724155e-27 1.33672873e-23
 7.84899525e-16 1.27976799e-27 8.92004797e-20 4.30155538e-26
 4.67812431e-22 7.82155399e-21 2.47371214e-22 9.31581113e-25
 6.25831333e-28 1.02784044e-28 1.33672873e-23 7.11203305e-19
 1.22979552e-32 9.53441021e-18 6.91059303e-24 6.91059303e-24
 6.83217462e-23 1.64503886e-29]","[9.84577388e-01 7.70029237e-01 4.16212987e-02 9.60076470e-01
 7.94826541e-01 8.15145929e-02 1.03159376e-01 7.94826541e-01
 5.39576008e-02 5.33907283e-01 9.34827271e-01 2.91764847e-01
 5.08599525e-01 3.49039701e-01 3.69683622e-01 8.41636027e-01
 6.92127962e-01 3.91087390e-01 3.77043497e-03 3.10075730e-01
 7.44535382e-01 4.13232440e-01 5.51757155e-04 8.41636027e-01
 2.26241661e-01 2.74233349e-01 1.72496272e-01 4.59637254e-01
 3.29168072e-01 9.02355278e-01 1.72496272e-01 4.59637254e-01
 5.33907283e-01 4.13232440e-01 2.26241661e-01 9.02355278e-01
 3.29168072e-01 8.15145929e-02 2.41482152e-01 4.36093382e-01
 4.13232440e-01 3.80948244e-02 3.49039701e-01 3.77043497e-03
 4.13232440e-01 8.06268875e-03 1.84885683e-01 4.83822766e-01
 6.65529322e-01 5.85821277e-01]","[1.82724155e-27 6.83217462e-23 2.94303610e-17 1.51487883e-26
 7.13959478e-29 3.03881495e-18 5.13913233e-17 2.54904105e-24
 6.91059303e-24 1.79605588e-22 3.40355762e-22 9.43897459e-23
 5.30299497e-19 6.78067547e-17 2.66308246e-20 2.25989398e-21
 6.83217462e-23 4.30155538e-26 1.20365650e-19 2.14737506e-26
 3.55797286e-24 3.08714081e-21 2.03413945e-16 1.64503886e-29
 1.70487812e-25 4.21288896e-21 3.60824945e-20 1.21017203e-25
 1.51487883e-26 1.20365650e-19 1.82724155e-27 1.33672873e-23
 7.84899525e-16 1.27976799e-27 8.92004797e-20 4.30155538e-26
 4.67812431e-22 7.82155399e-21 2.47371214e-22 9.31581113e-25
 6.25831333e-28 1.02784044e-28 1.33672873e-23 7.11203305e-19
 1.22979552e-32 9.53441021e-18 6.91059303e-24 6.91059303e-24
 6.83217462e-23 1.64503886e-29]","[9.80368185e-01 6.48105191e-01 1.86256346e-02 9.50125115e-01
 7.19509206e-01 5.77909775e-02 3.89410753e-02 8.20531054e-01
 7.66287079e-02 6.14099784e-01 8.65880016e-01 2.31262611e-01
 5.67359852e-01 2.79995187e-01 2.54052939e-01 8.34912140e-01
 6.68977918e-01 4.41465606e-01 2.40596902e-03 2.33473360e-01
 7.42778124e-01 3.43632891e-01 1.50245897e-04 7.01384744e-01
 1.97463375e-01 1.04622659e-01 1.07810405e-01 6.75821838e-01
 2.77374805e-01 8.77180861e-01 8.07305773e-02 3.64719795e-01
 5.06521412e-01 3.89949190e-01 1.48112289e-01 8.76953343e-01
 2.82968473e-01 5.77621013e-02 1.28601123e-01 4.56803176e-01
 2.65929376e-01 5.30499283e-02 2.12934903e-01 2.71134326e-04
 2.88437304e-01 1.57264903e-02 5.33004517e-02 2.69599957e-01
 6.74263328e-01 4.65938483e-01]","[6.58684884e-10 1.50277013e-10 4.24471569e-11 2.45321985e-10
 1.43027679e-09 1.91214822e-11 6.54876597e-10 2.45494736e-09
 2.10687578e-10 2.90165258e-09 5.89337801e-10 1.86878069e-10
 3.53783558e-10 1.16363807e-10 1.60181868e-10 1.33516087e-10
 7.19226567e-10 1.62507785e-10 1.07323150e-10 2.21078933e-10
 4.17425206e-10 1.30210664e-09 6.27721097e-10 5.60682611e-10
 3.04852033e-10 2.54920318e-09 1.37479916e-10 5.05305353e-10
 7.82012122e-10 5.75511194e-10 5.63453950e-10 3.70440478e-09
 1.34771549e-09 3.93270949e-09 1.01750086e-09 2.71519274e-09
 2.04127382e-10 4.63556304e-10 2.58376287e-09 3.09241632e-10
 2.92885227e-09 4.21454471e-09 9.63810920e-10 2.40575337e-10
 7.53217488e-10 8.18024981e-10 2.24946428e-09 1.56784719e-09
 6.84106771e-10 8.92339536e-10]","[2.50000000e-03 2.50000000e-03 9.62962864e-05 2.50000000e-03
 2.50000000e-03 3.77632026e-04 3.01606590e-04 2.50000000e-03
 8.69724697e-04 2.50000000e-03 2.50000000e-03 2.41256464e-03
 2.50000000e-03 2.35104991e-03 1.81712188e-03 2.50000000e-03
 2.50000000e-03 2.50000000e-03 2.38290942e-05 1.43251929e-03
 2.50000000e-03 2.50000000e-03 1.00000000e-05 2.50000000e-03
 1.79166646e-03 7.46105276e-04 1.00753025e-03 2.50000000e-03
 2.14297330e-03 2.50000000e-03 4.14785722e-04 2.50000000e-03
 2.50000000e-03 2.50000000e-03 1.05387561e-03 2.50000000e-03
 1.87742598e-03 4.96807952e-04 1.46403830e-03 2.50000000e-03
 2.25298028e-03 3.76568678e-04 1.05288750e-03 1.00000000e-05
 2.50000000e-03 1.08952485e-04 1.83927385e-04 2.28495247e-03
 2.50000000e-03 2.50000000e-03]","[1.e-05 1.e-05 1.e-05 1.e-05 1.e-05 1.e-05 1.e-05 1.e-05 1.e-05 1.e-05
 1.e-05 1.e-05 1.e-05 1.e-05 1.e-05 1.e-05 1.e-05 1.e-05 1.e-05 1.e-05
 1.e-05 1.e-05 1.e-05 1.e-05 1.e-05 1.e-05 1.e-05 1.e-05 1.e-05 1.e-05
 1.e-05 1.e-05 1.e-05 1.e-05 1.e-05 1.e-05 1.e-05 1.e-05 1.e-05 1.e-05
 1.e-05 1.e-05 1.e-05 1.e-05 1.e-05 1.e-05 1.e-05 1.e-05 1.e-05 1.e-05]","[0.02644324 0.02099648 0.04826298 0.02105099 0.028222   0.04458638
 0.04163136 0.02975798 0.02795547 0.03688391 0.02753651 0.04301209
 0.03815608 0.03539804 0.04059296 0.02490368 0.03198433 0.03027896
 0.05365017 0.02772235 0.028547   0.02719267 0.04423603 0.02892443
 0.04270226 0.03196492 0.03975687 0.03314175 0.04109139 0.0185633
 0.0413613  0.02908193 0.04282785 0.03929531 0.03275377 0.02985184
 0.03332883 0.04959185 0.03247422 0.03918539 0.03647387 0.05885289
 0.03463163 0.05031996 0.03775782 0.0563686  0.04823597 0.03164
 0.03502398 0.03881335]","[0.17119779 0.17363574 0.14195938 0.1797174  0.17247932 0.1514345
 0.1505184  0.16885567 0.16747545 0.16212872 0.16583261 0.1526575
 0.14846631 0.15752664 0.15887169 0.15417784 0.15989188 0.18382874
 0.14942144 0.16970148 0.16055918 0.17185731 0.15592855 0.18982312
 0.1721862  0.14829194 0.15650211 0.16921396 0.16068736 0.16580761
 0.16528598 0.16460864 0.15391405 0.17707497 0.16311727 0.17145932
 0.16029476 0.152647   0.17526953 0.1575085  0.17422621 0.16622957
 0.15349032 0.16317787 0.18183561 0.14428095 0.16123328 0.16442414
 0.16073514 0.16704403]","[1.19815524e-01 3.36528288e-01 1.73366237e-04 3.33488507e-01
 8.11162896e-02 6.81642241e-04 1.89373496e-03 5.67459774e-02
 8.61381969e-02 8.44497676e-03 9.45590225e-02 1.18510496e-03
 5.75845709e-03 1.29924764e-02 2.66709630e-03 1.64498868e-01
 3.26911721e-02 5.00536710e-02 1.91710399e-05 9.07425213e-02
 7.53286178e-02 1.01973859e-01 7.72249856e-04 6.90502390e-02
 1.31829781e-03 3.28543535e-02 3.49185547e-03 2.41603714e-02
 2.26528186e-03 4.90135895e-01 2.07185647e-03 6.65650089e-02
 1.26270799e-03 4.04213682e-03 2.67698053e-02 5.54863644e-02
 2.29847010e-02 1.02912423e-04 2.88014320e-02 4.18445093e-03
 9.52789137e-03 1.83233599e-06 1.61135895e-02 7.68696826e-05
 6.50086494e-03 5.77647100e-06 1.75188337e-04 3.56943524e-02
 1.44404775e-02 4.70094135e-03]","[1.01265523e-51 3.34743155e-53 1.24938288e-35 5.45810935e-57
 1.69736905e-52 1.65249261e-40 5.05655928e-40 2.55721949e-50
 1.67831601e-49 2.11513253e-46 1.54344698e-48 3.67304031e-41
 6.03882594e-39 8.15765903e-44 1.45735913e-44 5.56731666e-42
 3.90737332e-45 1.26022511e-59 1.91205243e-39 8.01019572e-51
 1.64410079e-45 4.04583557e-52 6.19200013e-43 1.39969482e-63
 2.55692035e-52 7.44354675e-39 2.99887120e-43 1.56506305e-50
 1.39165400e-45 1.59618924e-48 3.21341719e-48 7.94497398e-48
 7.73406848e-42 2.50741395e-55 5.75255320e-47 7.04120391e-52
 2.31789884e-45 3.72098641e-41 3.31401194e-54 8.34844294e-44
 1.45493396e-53 9.04791634e-49 1.30980584e-41 5.30982638e-47
 2.43393294e-58 8.53214809e-37 6.83153600e-46 1.01600066e-47
 1.30776157e-45 3.01208724e-49]","[ 3.18288803e-05 -7.86781311e-05  8.47697258e-04 -5.93662262e-05
  1.03354454e-04  3.86595726e-04  8.78095627e-04 -3.38554382e-05
  4.94599342e-04  2.11000443e-05 -3.03983688e-05  9.02414322e-05
  2.31742859e-04  1.73330307e-04  1.09314919e-04  1.29938126e-04
  4.57286835e-04  4.30822372e-04  8.62717628e-04  1.83105469e-04
 -7.04526901e-05  5.02109528e-04  5.21540642e-04 -9.77516174e-05
  5.97238541e-04 -9.76324081e-05  2.25543976e-04  2.07424164e-05
 -2.82526016e-05 -1.23500824e-04  2.55227089e-04 -1.30653381e-04
  3.09944153e-05  2.36511230e-04  1.32203102e-04  4.72307205e-04
 -8.48770142e-05  4.83632088e-04  2.25186348e-04  6.85214996e-04
  6.79492950e-06  9.84072685e-04  4.48226929e-04 -3.82661819e-05
  1.67608261e-04  2.93135643e-04  2.38561630e-03 -1.00016594e-04
  4.74452972e-05 -1.46627426e-05]","[0.01988375 0.02130234 0.01460922 0.02405274 0.02068162 0.01515412
 0.0135814  0.0191021  0.01501334 0.01970124 0.0227859  0.01819766
 0.01690269 0.01775765 0.01984799 0.01714551 0.01557696 0.02339506
 0.01662624 0.01756895 0.02381277 0.01546478 0.01695395 0.02125168
 0.01706672 0.01525629 0.01848316 0.0181942  0.02162111 0.01646829
 0.01825893 0.01929712 0.0184449  0.02014565 0.02052605 0.01759493
 0.01800132 0.01589823 0.01765382 0.0149771  0.01723492 0.0184356
 0.01668656 0.02202868 0.022771   0.01862085 0.01346517 0.02055657
 0.01917779 0.02108049]","[0.01216734 0.01026017 0.02173465 0.00943293 0.01309255 0.01670325
 0.02762588 0.01225057 0.01854822 0.01140808 0.01037693 0.01356204
 0.01581039 0.01591878 0.01377278 0.01367009 0.01801574 0.01730596
 0.02203848 0.01475598 0.01012211 0.01869752 0.01991126 0.00902198
 0.01977485 0.00960019 0.01656898 0.01108594 0.01128605 0.01015335
 0.0141194  0.0081611  0.01178606 0.01539792 0.01278129 0.01891201
 0.00977015 0.0175855  0.01690135 0.02212646 0.01186673 0.02291744
 0.0179187  0.0103553  0.01474647 0.01589143 0.03447457 0.00978015
 0.01139877 0.01105753]","[0.10510816 0.10686409 0.09102844 0.11696818 0.10578519 0.08996878
 0.0844734  0.1020782  0.09121197 0.10412908 0.11328008 0.10107655
 0.09808824 0.10260746 0.10845269 0.10108451 0.09636761 0.11324953
 0.09798685 0.09948909 0.11629879 0.09395041 0.09806487 0.10952013
 0.09813391 0.09487117 0.10285727 0.10034048 0.11267808 0.09592517
 0.10193482 0.10513557 0.10182234 0.10573314 0.10497083 0.10101702
 0.1017014  0.09368359 0.09764973 0.09198049 0.09541726 0.10032548
 0.09391464 0.1136039  0.110936   0.10296577 0.08538761 0.10739994
 0.10515745 0.10912373]",0.4223363258663635,2.302336505754792e-17,0.29042539201980366,1.130616350199221e-16,0.37850606620017246,1.028704788019752e-09,0.29951820279422514,1.0975612505815374e-09,0.0017391564415127519,1e-05,0.0009448129795928664,0.0,0.03626033820152283,0.16336985985279084,0.008991710823830873,0.010311784186442607,0.0002632951736450195,0.0184863018989563,0.00042038957476231854,0.0026330512269075847,0.015052427730559934,0.10163598223559521,0.005113602179682563,0.007485515077742723
df1,0.8,0.0,0.8,"[0.61225166 0.09546732 0.12937218 0.39108739 0.04953464 0.25747545
 0.3490397  0.00806269 0.1200888  0.66552932 0.63886042 0.79482654
 0.21173982 0.79482654 0.41323244 0.04542867 0.03809482 0.24148215
 0.17249627 0.00992823 0.24148215 0.32916807 0.11135888 0.14969106
 0.14969106 0.12937218 0.17249627 0.97808957 0.29176485 0.69212796
 0.77002924 0.14969106 0.74453538 0.00212592 0.84163603 0.71851426
 0.02903392 0.3490397  0.84163603 0.36968362 0.55967522 0.139232
 0.01641475 0.69212796 0.00377043 0.27423335 0.63886042 0.04542867
 0.02646763 0.41323244]","[4.73751051e-25 9.31581113e-25 3.56590826e-34 1.64503886e-29
 4.58740572e-16 1.51487883e-26 3.37322101e-25 6.60370667e-20
 4.30155538e-26 1.96348850e-20 1.21017203e-25 6.83217462e-23
 2.57505865e-23 8.58131384e-26 4.95418960e-29 9.61617488e-24
 2.33262567e-14 5.69539852e-31 9.61617488e-24 1.30432533e-24
 1.79605588e-22 1.06757971e-26 6.42340318e-22 6.60370667e-20
 4.96114708e-24 8.31031105e-31 2.25989398e-21 2.12365474e-28
 3.37322101e-25 7.84752977e-30 8.58131384e-26 2.12365474e-28
 3.81363460e-33 1.62253462e-19 1.76381982e-30 2.56565447e-30
 3.95007214e-19 9.43897459e-23 1.81313081e-32 9.50443824e-36
 6.91059303e-24 6.07873598e-26 1.33672873e-23 3.55797286e-24
 1.06410050e-20 2.54904105e-24 4.96114708e-24 1.30270202e-22
 2.39934411e-25 3.56853685e-23]","[0.61225166 0.09546732 0.12937218 0.39108739 0.04953464 0.25747545
 0.3490397  0.00806269 0.1200888  0.66552932 0.63886042 0.79482654
 0.21173982 0.79482654 0.41323244 0.04542867 0.03809482 0.24148215
 0.17249627 0.00992823 0.24148215 0.32916807 0.11135888 0.14969106
 0.14969106 0.12937218 0.17249627 0.97808957 0.29176485 0.69212796
 0.77002924 0.14969106 0.74453538 0.00212592 0.84163603 0.71851426
 0.02903392 0.3490397  0.84163603 0.36968362 0.55967522 0.139232
 0.01641475 0.69212796 0.00377043 0.27423335 0.63886042 0.04542867
 0.02646763 0.41323244]","[4.73751051e-25 9.31581113e-25 3.56590826e-34 1.64503886e-29
 4.58740572e-16 1.51487883e-26 3.37322101e-25 6.60370667e-20
 4.30155538e-26 1.96348850e-20 1.21017203e-25 6.83217462e-23
 2.57505865e-23 8.58131384e-26 4.95418960e-29 9.61617488e-24
 2.33262567e-14 5.69539852e-31 9.61617488e-24 1.30432533e-24
 1.79605588e-22 1.06757971e-26 6.42340318e-22 6.60370667e-20
 4.96114708e-24 8.31031105e-31 2.25989398e-21 2.12365474e-28
 3.37322101e-25 7.84752977e-30 8.58131384e-26 2.12365474e-28
 3.81363460e-33 1.62253462e-19 1.76381982e-30 2.56565447e-30
 3.95007214e-19 9.43897459e-23 1.81313081e-32 9.50443824e-36
 6.91059303e-24 6.07873598e-26 1.33672873e-23 3.55797286e-24
 1.06410050e-20 2.54904105e-24 4.96114708e-24 1.30270202e-22
 2.39934411e-25 3.56853685e-23]","[5.72356379e-01 8.66099192e-02 3.12968636e-01 4.34081351e-01
 3.97466407e-02 3.61546178e-01 2.63653511e-01 3.44196071e-03
 7.06854242e-02 4.04133015e-01 7.33149696e-01 6.96392336e-01
 3.33216480e-01 6.57867834e-01 3.55461470e-01 5.23764108e-02
 9.14127502e-03 2.94367846e-01 1.38792086e-01 1.08303199e-02
 5.43623181e-02 5.54645439e-01 1.27233718e-01 2.36316564e-01
 1.48487345e-01 2.68955468e-01 1.55129920e-01 9.23196094e-01
 2.11523849e-01 6.85208450e-01 8.27449704e-01 2.19108185e-01
 5.75444687e-01 4.60105279e-04 8.16709822e-01 5.83774706e-01
 3.09142552e-02 2.41862852e-01 8.85660718e-01 4.08219775e-01
 3.56019856e-01 9.70019037e-02 1.00059041e-02 4.26478122e-01
 2.80098813e-03 3.00411786e-01 2.91633320e-01 3.43356414e-02
 2.35528691e-02 3.35001553e-01]","[1.62572955e-10 2.87458723e-09 7.91564703e-10 9.48757517e-10
 1.36971412e-09 1.30397315e-09 5.34202571e-10 1.52565960e-10
 4.01575795e-09 1.27757027e-10 2.17122209e-10 5.14627896e-10
 7.11933845e-10 1.98310035e-10 2.77533174e-09 3.42957662e-10
 8.80962747e-10 4.02034739e-10 2.15405649e-09 2.69072709e-09
 5.80348325e-10 1.49113166e-09 1.68594405e-09 2.13741469e-10
 1.97025241e-09 2.48217435e-09 2.65255373e-10 2.28641150e-09
 5.50712254e-10 3.85495014e-09 6.49976739e-10 4.10661505e-10
 6.18083673e-09 3.49760110e-10 3.65906638e-10 3.67715691e-09
 4.65171235e-11 1.48792090e-10 7.24013516e-10 7.20068782e-10
 2.85698798e-10 2.37705855e-10 3.08343950e-09 2.18491569e-09
 3.75307785e-10 1.69424941e-09 3.07787851e-09 3.53713281e-10
 1.55681479e-09 2.17534257e-09]","[2.50000000e-03 6.88277567e-04 2.50000000e-03 2.50000000e-03
 2.93187539e-04 2.27234012e-03 2.50000000e-03 3.08984680e-05
 5.91165929e-04 2.50000000e-03 2.50000000e-03 2.50000000e-03
 2.50000000e-03 2.50000000e-03 2.50000000e-03 2.93882642e-04
 7.66564938e-05 2.07013059e-03 1.67475234e-03 1.12403000e-04
 1.80243606e-04 2.50000000e-03 6.83364760e-04 2.50000000e-03
 1.63192371e-03 2.50000000e-03 1.35688482e-03 2.50000000e-03
 2.37025453e-03 2.50000000e-03 2.50000000e-03 2.50000000e-03
 2.50000000e-03 1.00000000e-05 2.50000000e-03 2.50000000e-03
 2.07324964e-04 2.30400325e-03 2.50000000e-03 2.50000000e-03
 2.50000000e-03 4.56587146e-04 2.68742332e-05 2.50000000e-03
 3.33434513e-05 2.28126148e-03 2.50000000e-03 2.24238506e-04
 2.23099744e-04 2.50000000e-03]","[1.e-05 1.e-05 1.e-05 1.e-05 1.e-05 1.e-05 1.e-05 1.e-05 1.e-05 1.e-05
 1.e-05 1.e-05 1.e-05 1.e-05 1.e-05 1.e-05 1.e-05 1.e-05 1.e-05 1.e-05
 1.e-05 1.e-05 1.e-05 1.e-05 1.e-05 1.e-05 1.e-05 1.e-05 1.e-05 1.e-05
 1.e-05 1.e-05 1.e-05 1.e-05 1.e-05 1.e-05 1.e-05 1.e-05 1.e-05 1.e-05
 1.e-05 1.e-05 1.e-05 1.e-05 1.e-05 1.e-05 1.e-05 1.e-05 1.e-05 1.e-05]","[0.0254866  0.04672026 0.03278239 0.02490513 0.04280877 0.04371463
 0.05033073 0.06336152 0.04119088 0.03173812 0.02991541 0.04339389
 0.02962767 0.02540977 0.03054029 0.03272634 0.04379993 0.03922507
 0.03483487 0.05246245 0.04645922 0.0380959  0.04062366 0.03340824
 0.05046649 0.02363762 0.04369682 0.02969458 0.0486705  0.03527573
 0.02710912 0.02701352 0.02468463 0.0359517  0.03404818 0.03625538
 0.046711   0.0320082  0.02582185 0.02413698 0.04182502 0.04443891
 0.06857213 0.03278657 0.05382114 0.04214599 0.03644388 0.03797986
 0.05798966 0.04262976]","[0.17023177 0.17364585 0.19719855 0.18992683 0.16086581 0.17500253
 0.16489425 0.16615729 0.16808926 0.1694548  0.17971328 0.16733588
 0.1706663  0.17788043 0.17102866 0.17187424 0.14881732 0.17534439
 0.17347599 0.17067259 0.16324346 0.18053875 0.17195124 0.17486032
 0.16965104 0.18190414 0.15961215 0.18750226 0.17173887 0.18157364
 0.16991905 0.18306323 0.19977812 0.17041847 0.18350759 0.1778599
 0.16882544 0.17345453 0.18554696 0.20209132 0.17947451 0.16226361
 0.15408066 0.16860731 0.16834686 0.17344989 0.17467983 0.16929036
 0.15989682 0.15956037]","[1.46227870e-01 3.12027080e-04 2.65690919e-02 1.64451087e-01
 1.27101227e-03 9.28177966e-04 7.65362262e-05 2.00903151e-07
 2.19211387e-03 3.48149352e-02 5.46469444e-02 1.03823535e-03
 5.85354329e-02 1.48538220e-01 4.69615633e-02 2.69633613e-02
 9.00800989e-04 4.13255545e-03 1.52263558e-02 3.17820076e-05
 3.44000870e-04 5.86544164e-03 2.64056301e-03 2.25012371e-02
 7.24490025e-05 2.10397747e-01 9.33991813e-04 5.76106120e-02
 1.47965105e-04 1.34509000e-02 1.03846674e-01 1.06024736e-01
 1.71816448e-01 1.10885858e-02 1.89234677e-02 1.01549321e-02
 3.13112650e-04 3.24913969e-02 1.36482628e-01 1.91237629e-01
 1.77487899e-03 7.18492155e-04 1.27365959e-08 2.65399131e-02
 1.78090198e-05 1.59302442e-03 9.61182069e-03 6.07683269e-03
 2.74610585e-06 1.35141707e-03]","[3.85700995e-51 3.30009937e-53 1.26063447e-68 1.19252602e-63
 1.10316318e-45 4.84342295e-54 5.42656091e-48 9.97287908e-49
 7.28351242e-50 1.12444635e-50 5.49105661e-57 2.02823802e-49
 2.11554445e-51 7.85687189e-56 1.28053838e-51 3.95145499e-52
 3.96083603e-39 2.97923145e-54 4.19177979e-53 2.09720124e-51
 4.86879470e-47 1.64143080e-57 3.54920870e-52 5.92679652e-54
 8.58574784e-51 2.19958130e-58 5.61056981e-45 4.92730942e-62
 4.77179253e-52 3.58300545e-58 5.93665158e-51 3.94475674e-59
 1.94502870e-70 2.98037179e-51 2.03522546e-59 8.09318848e-56
 2.66526029e-50 4.32031992e-53 9.55750189e-61 4.40132829e-72
 7.77832647e-57 1.77166512e-46 6.28442935e-42 3.59176176e-50
 5.12614816e-50 4.34865321e-53 7.65563434e-54 1.40929142e-50
 3.88248088e-45 5.99878041e-45]","[ 1.89304352e-04  6.37173653e-04  1.80721283e-04  3.47137451e-04
  2.34723091e-04  6.65783882e-04  4.10079956e-04  1.26147270e-03
  5.18918037e-04  6.13927841e-05  7.74860382e-05  5.23090363e-04
  6.24656677e-05 -1.41024590e-04  7.83085823e-04 -1.04069710e-04
  7.99894333e-05  2.25901604e-04  1.04129314e-03  9.52124596e-04
  1.05237961e-03  5.91397285e-04  9.39369202e-04  1.87873840e-04
  1.10256672e-03 -2.81333923e-05  6.21557236e-04  7.76052475e-04
  1.06394291e-03  9.32574272e-04  4.61339951e-05  3.13520432e-05
 -2.95639038e-05  6.10351562e-05  6.91413879e-05  1.05261803e-04
  6.78300858e-04  6.20365143e-04  2.50458717e-04  1.02281570e-04
  2.53677368e-04  1.15728378e-03  1.15704536e-03  7.43269920e-04
  1.34062767e-03  1.28388405e-04  1.00898743e-03  2.18391418e-04
  1.76191330e-03  1.17468834e-03]","[0.02121854 0.02133596 0.02892804 0.0218761  0.0228256  0.01321912
 0.02029288 0.01750743 0.01938152 0.01745844 0.02256906 0.01892817
 0.01700258 0.02493346 0.01591659 0.02196229 0.01622891 0.02057827
 0.01771212 0.01876938 0.01582932 0.02147508 0.01327729 0.02137923
 0.01924682 0.02197278 0.01727772 0.01966488 0.01527381 0.01893747
 0.01804221 0.02278531 0.02529073 0.02225244 0.0237968  0.02173495
 0.01822698 0.01693094 0.02603483 0.03217578 0.02158594 0.01491058
 0.01958132 0.01577067 0.01563513 0.0251404  0.01815188 0.01908648
 0.01589751 0.01482129]","[0.0144379  0.01986649 0.01500673 0.01637773 0.01497709 0.02320688
 0.01714835 0.02603214 0.01793386 0.01201012 0.01312442 0.01898028
 0.01334433 0.00806297 0.0216953  0.01032676 0.01471366 0.013221
 0.02362492 0.024072   0.02859414 0.01959158 0.02431741 0.01622271
 0.02398515 0.01157545 0.02226328 0.02037869 0.02419451 0.0234717
 0.01229911 0.01324722 0.01109539 0.01219083 0.01273638 0.01296538
 0.02045811 0.02063446 0.01397157 0.01464161 0.01702351 0.02543226
 0.02486841 0.02476675 0.02761586 0.01461788 0.02488021 0.01473364
 0.03128356 0.02948772]","[0.10881322 0.1083465  0.12844536 0.11129793 0.11165785 0.08496754
 0.10630742 0.09748351 0.10338696 0.09876419 0.11241976 0.1014149
 0.09759552 0.12064523 0.09393372 0.10984372 0.09530167 0.10622608
 0.09760934 0.10366948 0.09358271 0.10974145 0.08755907 0.10849599
 0.10394471 0.11118983 0.10069897 0.10550449 0.09213911 0.10122597
 0.10250504 0.11110558 0.11745772 0.11079168 0.1141936  0.10738122
 0.10030687 0.09693898 0.12232646 0.13497809 0.11058663 0.09207276
 0.10397166 0.09187812 0.09256099 0.11877111 0.09876551 0.10368926
 0.09546777 0.09088021]",0.338188702223426,4.75714408365985e-16,0.2857969088959647,3.2649945993390424e-15,0.3132544936965542,1.3369839102495007e-09,0.26244384460398823,1.3095107456370028e-09,0.001701861977507542,1e-05,0.0010241091198013857,0.0,0.0385475390291214,0.17337933454036716,0.010258810070119754,0.010495463349473167,0.0005225133895874023,0.01981662034988403,0.00046114177005592076,0.003836948651029879,0.018634148446196066,0.10457683006115522,0.005729714161634679,0.010177422753681203
df1,0.8500000000000001,0.0,0.8500000000000001,"[0.25747545 0.03483221 0.09546732 0.27423335 0.19796045 0.10315938
 0.61225166 0.08151459 0.07520917 0.01346465 0.16077182 0.12937218
 0.19796045 0.06932183 0.03483221 0.61225166 0.1200888  0.09546732
 0.36968362 0.39108739 0.3490397  0.0416213  0.08151459 0.00652148
 0.45963725 0.22624166 0.08151459 0.14969106 0.63886042 0.71851426
 0.06932183 0.08151459 0.00080676 0.43609338 0.21173982 0.3490397
 0.27423335 0.02410401 0.29176485 0.10315938 0.03181713 0.32916807
 0.00421554 0.19796045 0.79482654 0.00652148 0.19796045 0.50859953
 0.3490397  0.0539576 ]","[7.84752977e-30 9.31581113e-25 3.55797286e-24 5.64011511e-33
 4.19874897e-36 2.60622931e-27 5.64011511e-33 1.73815304e-33
 6.07873598e-26 5.28569498e-27 1.44619791e-20 7.19492833e-35
 4.80962056e-35 4.67812431e-22 7.84752977e-30 4.36966274e-28
 7.84752977e-30 6.25831333e-28 3.81363460e-33 3.04081795e-26
 4.36966274e-28 1.76381982e-30 1.79605588e-22 1.65262693e-21
 4.73751051e-25 4.95418960e-29 1.82198508e-31 3.92888730e-32
 4.73751051e-25 3.81363460e-33 1.33672873e-23 7.51579753e-27
 3.08714081e-21 1.30270202e-22 3.55797286e-24 5.34786658e-37
 6.91059303e-24 1.21017203e-25 3.04782586e-28 6.42340318e-22
 1.81313081e-32 2.39365688e-34 1.96348850e-20 3.04782586e-28
 1.17161696e-33 4.67812431e-22 1.21132482e-30 1.06757971e-26
 2.66678482e-31 8.33270257e-33]","[0.25747545 0.03483221 0.09546732 0.27423335 0.19796045 0.10315938
 0.61225166 0.08151459 0.07520917 0.01346465 0.16077182 0.12937218
 0.19796045 0.06932183 0.03483221 0.61225166 0.1200888  0.09546732
 0.36968362 0.39108739 0.3490397  0.0416213  0.08151459 0.00652148
 0.45963725 0.22624166 0.08151459 0.14969106 0.63886042 0.71851426
 0.06932183 0.08151459 0.00080676 0.43609338 0.21173982 0.3490397
 0.27423335 0.02410401 0.29176485 0.10315938 0.03181713 0.32916807
 0.00421554 0.19796045 0.79482654 0.00652148 0.19796045 0.50859953
 0.3490397  0.0539576 ]","[7.84752977e-30 9.31581113e-25 3.55797286e-24 5.64011511e-33
 4.19874897e-36 2.60622931e-27 5.64011511e-33 1.73815304e-33
 6.07873598e-26 5.28569498e-27 1.44619791e-20 7.19492833e-35
 4.80962056e-35 4.67812431e-22 7.84752977e-30 4.36966274e-28
 7.84752977e-30 6.25831333e-28 3.81363460e-33 3.04081795e-26
 4.36966274e-28 1.76381982e-30 1.79605588e-22 1.65262693e-21
 4.73751051e-25 4.95418960e-29 1.82198508e-31 3.92888730e-32
 4.73751051e-25 3.81363460e-33 1.33672873e-23 7.51579753e-27
 3.08714081e-21 1.30270202e-22 3.55797286e-24 5.34786658e-37
 6.91059303e-24 1.21017203e-25 3.04782586e-28 6.42340318e-22
 1.81313081e-32 2.39365688e-34 1.96348850e-20 3.04782586e-28
 1.17161696e-33 4.67812431e-22 1.21132482e-30 1.06757971e-26
 2.66678482e-31 8.33270257e-33]","[1.51074536e-01 9.83961052e-03 8.66056047e-02 4.64370063e-01
 1.08110451e-01 8.78054435e-02 5.42246325e-01 5.81822449e-02
 5.94640395e-02 8.65100068e-03 1.02269253e-01 2.62445857e-01
 2.25003913e-01 1.57053174e-01 5.39509988e-02 6.00120939e-01
 1.08947760e-01 7.89107968e-02 2.76557899e-01 2.20361724e-01
 2.18893696e-01 2.96045993e-02 9.13678252e-02 1.16730346e-02
 2.90032964e-01 2.33709740e-01 8.31509651e-02 2.59579619e-01
 8.35265840e-01 7.05366685e-01 8.35706636e-02 1.94192327e-01
 6.06846232e-04 3.51550651e-01 3.46111625e-01 4.55891253e-01
 1.23435529e-01 2.38007953e-02 1.66391555e-01 1.16028797e-01
 2.60193226e-02 1.45162409e-01 7.40977917e-03 1.66723263e-01
 6.64900787e-01 9.79113717e-03 3.08307938e-01 3.17555536e-01
 3.28294400e-01 1.18996912e-01]","[2.05143136e-09 5.02939690e-10 1.84030902e-10 3.66313091e-10
 1.99150951e-09 6.23019747e-10 5.16877541e-10 4.85515772e-09
 8.29810443e-10 3.00169778e-10 9.84974324e-11 4.20484980e-10
 9.97173566e-10 3.77621490e-10 3.68836739e-10 4.36307723e-09
 1.80052906e-09 1.99031669e-09 5.92021765e-10 9.15504450e-10
 1.26576749e-09 5.17828724e-09 4.01428779e-10 1.31054279e-10
 4.76643169e-10 1.03762088e-09 2.96131752e-09 5.91389160e-10
 4.21384483e-10 7.13911152e-10 1.26151056e-09 4.20523727e-10
 2.48718690e-09 1.72794556e-10 3.64554675e-09 5.46476209e-09
 4.42687775e-10 4.46198900e-09 6.34963082e-10 3.41842887e-10
 3.01594827e-09 1.18471388e-09 2.87220181e-09 5.19636445e-10
 5.93009586e-09 1.31547118e-09 2.27325758e-09 1.80327087e-10
 1.52975899e-09 6.23248053e-09]","[8.47508827e-04 5.44150409e-05 8.93565141e-04 2.50000000e-03
 7.20147673e-04 1.16438218e-03 2.50000000e-03 4.66515428e-04
 3.00339778e-04 5.72253553e-05 1.44939726e-03 2.50000000e-03
 2.50000000e-03 1.40685039e-03 5.11743006e-04 2.50000000e-03
 7.33689688e-04 7.53544772e-04 1.58887480e-03 6.18997311e-04
 1.15169200e-03 2.41441475e-04 3.44654475e-04 1.74839359e-04
 2.50000000e-03 1.94819369e-03 8.93856426e-04 1.55507470e-03
 2.50000000e-03 2.50000000e-03 7.57381601e-04 1.22442141e-03
 1.00000000e-05 2.50000000e-03 2.50000000e-03 2.50000000e-03
 1.46050460e-03 2.79395797e-04 1.95760804e-03 1.66426311e-03
 3.02905535e-04 1.14563520e-03 8.06972732e-05 1.39384113e-03
 2.50000000e-03 5.98512294e-05 2.50000000e-03 2.50000000e-03
 2.32090624e-03 1.61603678e-03]","[1.e-05 1.e-05 1.e-05 1.e-05 1.e-05 1.e-05 1.e-05 1.e-05 1.e-05 1.e-05
 1.e-05 1.e-05 1.e-05 1.e-05 1.e-05 1.e-05 1.e-05 1.e-05 1.e-05 1.e-05
 1.e-05 1.e-05 1.e-05 1.e-05 1.e-05 1.e-05 1.e-05 1.e-05 1.e-05 1.e-05
 1.e-05 1.e-05 1.e-05 1.e-05 1.e-05 1.e-05 1.e-05 1.e-05 1.e-05 1.e-05
 1.e-05 1.e-05 1.e-05 1.e-05 1.e-05 1.e-05 1.e-05 1.e-05 1.e-05 1.e-05]","[0.04260075 0.04537989 0.04243169 0.04406107 0.0352606  0.03960753
 0.03655965 0.03447584 0.04150977 0.0458985  0.03695637 0.03633763
 0.0350596  0.03560498 0.04373662 0.03522002 0.04614065 0.05685421
 0.04397595 0.03444308 0.03702048 0.04804286 0.04152768 0.04331018
 0.03552757 0.0404763  0.0363681  0.04519898 0.04349779 0.022953
 0.05986742 0.04407573 0.05805101 0.03899472 0.04641978 0.01854879
 0.03780765 0.05447499 0.03936991 0.03133354 0.05031848 0.03423498
 0.04889857 0.0374795  0.03490549 0.03784684 0.02724224 0.03119479
 0.02967851 0.04466046]","[0.18900416 0.18186147 0.16940378 0.18242508 0.19714458 0.16973652
 0.19471608 0.1998821  0.18488346 0.19667217 0.18249234 0.19682264
 0.19827891 0.18264679 0.1786903  0.18548626 0.18110151 0.16883734
 0.19199596 0.19434435 0.18264468 0.18840785 0.18655446 0.17078035
 0.17952361 0.18979813 0.19202977 0.19129059 0.17319205 0.20295478
 0.16020975 0.19442281 0.17196108 0.16712459 0.16766345 0.19998624
 0.1731156  0.18359241 0.17134579 0.17437891 0.19173628 0.20132063
 0.18161879 0.17246183 0.17673168 0.17345469 0.18485037 0.19785433
 0.19070003 0.20060474]","[1.36488108e-03 5.11932548e-04 1.44588840e-03 8.21610070e-04
 1.35085848e-02 3.66185494e-03 9.29144510e-03 1.68246986e-02
 1.97209643e-03 4.23409492e-04 8.26566809e-03 9.91463284e-03
 1.42965928e-02 1.22488700e-02 9.21048291e-04 1.36644506e-02
 3.87205224e-04 4.63320557e-06 8.46676390e-04 1.69777822e-02
 8.10991377e-03 1.88750611e-04 1.96036948e-03 1.06890073e-03
 1.25224196e-02 2.77021055e-03 9.82690792e-03 5.46705746e-04
 1.00131503e-03 2.39011851e-01 1.13023495e-06 8.17364305e-04
 2.66879059e-06 4.44225764e-03 3.49091189e-04 4.91147563e-01
 6.40342497e-03 1.34058294e-05 3.94811624e-03 3.85677608e-02
 7.69156084e-05 1.79795834e-02 1.35332153e-04 7.07045458e-03
 1.49285117e-02 6.32772572e-03 1.00875873e-01 3.99337949e-02
 5.78315742e-02 6.63804620e-04]","[4.94324892e-63 2.34269879e-58 1.20607437e-50 1.01746455e-58
 1.37476856e-68 7.63305258e-51 6.62263336e-67 1.64206274e-70
 2.59506791e-60 2.93273140e-68 9.20902922e-59 2.30439866e-68
 2.21212005e-69 7.32352067e-59 2.43297046e-56 1.04735806e-60
 7.18249897e-58 2.62221039e-50 4.78943712e-65 1.19318527e-66
 7.34652910e-59 1.23446832e-62 2.08237206e-61 1.80655657e-51
 7.24112707e-57 1.45475203e-63 4.54295077e-65 1.43878921e-64
 6.24884426e-53 1.05773102e-72 2.58820422e-45 1.05386593e-66
 3.50081412e-52 2.70080197e-49 1.30012071e-49 1.38580813e-70
 6.95721628e-53 1.79335320e-59 8.24485833e-52 1.17234418e-53
 7.18395581e-65 1.56293923e-71 3.35210618e-58 1.73939633e-52
 4.10496052e-55 4.31932571e-53 2.72737256e-60 4.38876113e-69
 3.60214669e-64 5.04920946e-71]","[ 8.07046890e-05  6.83546066e-04  8.12888145e-04  3.20434570e-04
  4.36902046e-04  3.07440758e-04  1.69277191e-05 -1.51276588e-04
  3.50475311e-04  1.50084496e-03  6.16788864e-04  1.83224678e-04
  8.00371170e-04  9.26256180e-05  3.28183174e-04 -3.17096710e-05
  5.70058823e-04  1.06835365e-03  5.71131706e-04  1.90854073e-04
  4.82559204e-04  1.13463402e-03  1.98841095e-04  4.50491905e-04
 -1.20878220e-04  1.34348869e-04  2.05039978e-04  6.46114349e-04
  1.19209290e-06  2.80141830e-05  9.55224037e-04  4.47034836e-04
  1.38902664e-03  1.83939934e-04  7.87019730e-04  1.20759010e-04
  4.57406044e-04  1.07753277e-03  3.61800194e-04  3.78370285e-04
  6.90579414e-04  1.72734261e-04  1.18517876e-03  6.56604767e-04
  2.27689743e-05  1.73568726e-04 -1.24573708e-04  1.60574913e-04
 -9.44137573e-05  6.70194626e-04]","[0.02694035 0.02299309 0.01837993 0.02015889 0.01977599 0.02221334
 0.02434385 0.02810049 0.02586544 0.02508426 0.02400315 0.02571833
 0.02240491 0.02279019 0.02202165 0.02839208 0.0195874  0.02114427
 0.0223161  0.02296281 0.02048945 0.02322733 0.0229944  0.02137101
 0.02656496 0.02281213 0.02447963 0.02387512 0.02346218 0.02891254
 0.01633072 0.02700889 0.01908302 0.02212846 0.01875067 0.03082752
 0.0176239  0.02247274 0.02150536 0.01858544 0.02344477 0.02897596
 0.01768816 0.01869714 0.02048719 0.01987576 0.0235765  0.0225929
 0.0250901  0.02613163]","[0.0115346  0.02058516 0.02422293 0.01604058 0.01905985 0.01542836
 0.01137049 0.00746594 0.0168791  0.02704621 0.01971397 0.01510022
 0.0210256  0.01330226 0.01614255 0.01053353 0.02220704 0.0235821
 0.0187759  0.01532081 0.01863128 0.02555479 0.01422814 0.01879438
 0.00758078 0.01439599 0.01649328 0.01897471 0.01227504 0.0120174
 0.024412   0.01846214 0.02976484 0.01370007 0.02258336 0.01397269
 0.02029148 0.02128243 0.01734    0.01834484 0.02123178 0.01360041
 0.02455652 0.02123318 0.01123235 0.01554717 0.00856257 0.01394852
 0.00862109 0.01911297]","[0.1236629  0.11219071 0.10127361 0.10797228 0.10382993 0.11067488
 0.11587083 0.12631688 0.1205633  0.11608353 0.11693403 0.1202755
 0.11097035 0.11378191 0.11157193 0.12621708 0.105      0.10903757
 0.11385941 0.11527162 0.10483048 0.11297045 0.11284307 0.10825871
 0.12278844 0.11301151 0.11503773 0.11438933 0.11542301 0.12736197
 0.09589736 0.12182515 0.10016664 0.10913592 0.10408096 0.13170272
 0.09866548 0.11291754 0.11125261 0.10138887 0.11459282 0.12878576
 0.09781974 0.10180734 0.10862258 0.10648139 0.11603331 0.11224929
 0.11933691 0.12009821]",0.2199081191649023,8.150797242974895e-22,0.20178059069393056,3.390047772351618e-21,0.20750716260379473,1.6342365261046154e-09,0.1950567990160253,1.6895073529647105e-09,0.00134300793450968,1e-05,0.000896275313781952,0.0,0.040228814752101896,0.1843747217941284,0.008041274702953979,0.010935120703994682,0.0004316091537475586,0.022885241508483888,0.00040223809468313657,0.003256404881059828,0.01724166808786672,0.11282267139442133,0.005126186153169392,0.008304476510583253
df1,0.9,0.0,0.9,"[9.13835051e-04 1.29372179e-01 3.91087390e-01 2.57475452e-01
 1.91681353e-04 3.80948244e-02 1.03159376e-01 6.65529322e-01
 1.49691056e-01 7.94826541e-01 5.59675216e-01 4.83822766e-01
 2.41482152e-01 8.06268875e-03 2.19294824e-02 8.18753631e-01
 8.82599083e-02 2.90339156e-02 6.12251659e-01 7.94826541e-01
 2.57475452e-01 3.27832948e-04 1.03159376e-01 3.27832948e-04
 2.26241661e-01 2.91764847e-01 1.99311438e-02 2.11739817e-01
 8.41636027e-01 6.38860419e-01 4.21554189e-03 4.13232440e-01
 3.91087390e-01 3.49039701e-01 5.51757155e-04 1.20088801e-01
 1.72496272e-01 2.26241661e-01 2.91764847e-01 5.33907283e-01
 5.08599525e-01 9.92823487e-03 7.94826541e-01 4.54286666e-02
 5.87165796e-02 7.11507895e-04 3.69683622e-01 1.29372179e-01
 5.39576008e-02 1.11358879e-01]","[8.31031105e-31 2.57505865e-23 6.63610190e-38 1.22979552e-32
 2.39934411e-25 3.98638164e-40 1.22979552e-32 1.84715262e-36
 7.19492833e-35 2.32827146e-37 2.22993385e-39 1.64503886e-29
 5.77449424e-32 7.13959478e-29 3.81363460e-33 9.50443824e-36
 2.60622931e-27 8.95402666e-28 1.87374272e-38 6.14029324e-40
 8.47828272e-32 4.36966274e-28 5.77449424e-32 5.30299497e-19
 3.98638164e-40 5.30672790e-34 5.75863544e-46 3.72814291e-30
 6.32047121e-36 9.50443824e-36 2.39934411e-25 3.43417798e-29
 3.98638164e-40 1.73815304e-33 5.28569498e-27 9.15418035e-46
 1.22324939e-36 9.15418035e-46 5.69539852e-31 1.22979552e-32
 1.07520219e-34 3.56853685e-23 1.60509935e-34 4.36966274e-28
 2.39365688e-34 1.21017203e-25 4.35811909e-38 3.92888730e-32
 2.14737506e-26 1.24351631e-31]","[9.13835051e-04 1.29372179e-01 3.91087390e-01 2.57475452e-01
 1.91681353e-04 3.80948244e-02 1.03159376e-01 6.65529322e-01
 1.49691056e-01 7.94826541e-01 5.59675216e-01 4.83822766e-01
 2.41482152e-01 8.06268875e-03 2.19294824e-02 8.18753631e-01
 8.82599083e-02 2.90339156e-02 6.12251659e-01 7.94826541e-01
 2.57475452e-01 3.27832948e-04 1.03159376e-01 3.27832948e-04
 2.26241661e-01 2.91764847e-01 1.99311438e-02 2.11739817e-01
 8.41636027e-01 6.38860419e-01 4.21554189e-03 4.13232440e-01
 3.91087390e-01 3.49039701e-01 5.51757155e-04 1.20088801e-01
 1.72496272e-01 2.26241661e-01 2.91764847e-01 5.33907283e-01
 5.08599525e-01 9.92823487e-03 7.94826541e-01 4.54286666e-02
 5.87165796e-02 7.11507895e-04 3.69683622e-01 1.29372179e-01
 5.39576008e-02 1.11358879e-01]","[8.31031105e-31 2.57505865e-23 6.63610190e-38 1.22979552e-32
 2.39934411e-25 3.98638164e-40 1.22979552e-32 1.84715262e-36
 7.19492833e-35 2.32827146e-37 2.22993385e-39 1.64503886e-29
 5.77449424e-32 7.13959478e-29 3.81363460e-33 9.50443824e-36
 2.60622931e-27 8.95402666e-28 1.87374272e-38 6.14029324e-40
 8.47828272e-32 4.36966274e-28 5.77449424e-32 5.30299497e-19
 3.98638164e-40 5.30672790e-34 5.75863544e-46 3.72814291e-30
 6.32047121e-36 9.50443824e-36 2.39934411e-25 3.43417798e-29
 3.98638164e-40 1.73815304e-33 5.28569498e-27 9.15418035e-46
 1.22324939e-36 9.15418035e-46 5.69539852e-31 1.22979552e-32
 1.07520219e-34 3.56853685e-23 1.60509935e-34 4.36966274e-28
 2.39365688e-34 1.21017203e-25 4.35811909e-38 3.92888730e-32
 2.14737506e-26 1.24351631e-31]","[3.17521140e-03 1.26135753e-01 3.38880244e-01 1.84319751e-01
 1.48397338e-04 3.85423070e-02 2.17044117e-01 6.37620072e-01
 2.01033292e-01 8.01562293e-01 4.32954869e-01 5.34515777e-01
 1.91705610e-01 9.81281313e-03 1.68713890e-02 6.12442234e-01
 6.60610785e-02 4.71602313e-02 7.07454562e-01 7.69006523e-01
 4.27558620e-01 5.15834358e-03 1.11749676e-01 2.53282809e-05
 3.09356360e-01 2.87374103e-01 9.08094945e-02 2.08775578e-01
 9.74872267e-01 7.75093854e-01 1.36387544e-03 3.27030910e-01
 3.29587906e-01 3.04097898e-01 1.22841468e-03 6.85202992e-02
 1.78160352e-01 2.86549016e-01 2.65174391e-01 4.82887588e-01
 4.08954304e-01 1.45593526e-02 7.42028171e-01 2.85076332e-02
 4.10861116e-02 1.01187378e-03 3.32265545e-01 1.50487243e-01
 7.74859417e-02 3.45682118e-02]","[2.11643947e-09 2.05935602e-09 2.85646828e-09 3.84320353e-10
 5.96536043e-10 8.55115090e-10 8.02657607e-10 2.26026564e-09
 1.96180550e-09 3.99894629e-09 5.96813188e-09 7.47122253e-10
 5.01676467e-09 4.07985756e-10 7.37916395e-10 3.83986620e-09
 2.32302844e-10 3.68335229e-09 4.74692730e-09 6.71061984e-10
 7.76879117e-10 3.23158311e-09 4.19828505e-10 7.26542160e-11
 6.89634794e-10 1.64956959e-09 5.65678993e-09 6.45391851e-09
 8.61194360e-09 6.52235488e-10 2.11881956e-10 5.44528977e-10
 1.43423118e-09 2.58705701e-09 4.03584832e-10 1.33953248e-09
 1.09766907e-09 4.27241353e-09 8.74276429e-10 2.28580210e-09
 1.14542609e-09 4.18614643e-09 3.67910469e-09 4.32837666e-09
 4.94491614e-09 3.15889315e-09 8.75451378e-10 5.83522120e-10
 6.01122596e-10 8.35626679e-10]","[1.87983430e-05 1.27234692e-03 2.50000000e-03 1.19623691e-03
 1.00000000e-05 2.17637522e-04 7.88742017e-04 2.50000000e-03
 1.76411694e-03 2.50000000e-03 2.50000000e-03 2.50000000e-03
 8.93849105e-04 4.38566550e-05 1.86876081e-04 2.50000000e-03
 2.80622596e-04 7.09839989e-04 2.50000000e-03 2.50000000e-03
 2.35213827e-03 1.06744025e-04 5.82545663e-04 1.00000000e-05
 2.50000000e-03 2.23121760e-03 1.47014882e-03 2.10292629e-03
 2.50000000e-03 2.50000000e-03 1.25301143e-05 2.50000000e-03
 2.50000000e-03 1.40184098e-03 1.91107959e-05 6.72397510e-04
 1.27840671e-03 1.96415635e-03 2.50000000e-03 2.50000000e-03
 2.50000000e-03 2.55154460e-04 2.50000000e-03 1.83105943e-04
 3.42940259e-04 1.53032511e-05 2.50000000e-03 9.53672076e-04
 6.16827050e-04 1.18427642e-04]","[1.e-05 1.e-05 1.e-05 1.e-05 1.e-05 1.e-05 1.e-05 1.e-05 1.e-05 1.e-05
 1.e-05 1.e-05 1.e-05 1.e-05 1.e-05 1.e-05 1.e-05 1.e-05 1.e-05 1.e-05
 1.e-05 1.e-05 1.e-05 1.e-05 1.e-05 1.e-05 1.e-05 1.e-05 1.e-05 1.e-05
 1.e-05 1.e-05 1.e-05 1.e-05 1.e-05 1.e-05 1.e-05 1.e-05 1.e-05 1.e-05
 1.e-05 1.e-05 1.e-05 1.e-05 1.e-05 1.e-05 1.e-05 1.e-05 1.e-05 1.e-05]","[0.0551553  0.04346469 0.016994   0.03675027 0.04908789 0.05061376
 0.03746423 0.04795399 0.03897932 0.04788587 0.03963711 0.02804562
 0.04004286 0.04828784 0.04430189 0.02369522 0.05437775 0.03135699
 0.04299487 0.03723594 0.03191637 0.06142234 0.05420983 0.04526089
 0.03271918 0.04008516 0.04155605 0.04424841 0.03586968 0.02825241
 0.04696407 0.03273584 0.03975102 0.03846419 0.06164001 0.03497497
 0.03102865 0.02849266 0.03394475 0.03984913 0.02667948 0.05353559
 0.02910365 0.04662402 0.04961756 0.03846097 0.04078888 0.04706894
 0.04470027 0.04724569]","[0.1986603  0.17624881 0.20776856 0.18206999 0.20263717 0.20173252
 0.1957733  0.20116955 0.20207196 0.19095113 0.20130467 0.20650515
 0.19593378 0.19224276 0.19303815 0.20536088 0.17594586 0.19704968
 0.19678457 0.20863238 0.19252476 0.19335604 0.18394533 0.18691786
 0.20148393 0.21191437 0.22570882 0.19230867 0.19839487 0.20837047
 0.19891952 0.19130502 0.20728125 0.20198302 0.18737013 0.21949618
 0.2031071  0.21916069 0.20532875 0.19736139 0.20048916 0.18059457
 0.20268901 0.19288782 0.1893306  0.1930555  0.21146387 0.1867727
 0.18141842 0.19724421]","[9.93974808e-06 1.01293960e-03 6.04181491e-01 8.78495510e-03
 1.25628429e-04 6.82500112e-05 7.10298535e-03 1.95320656e-04
 4.46369561e-03 2.00502858e-04 3.62758625e-03 8.44110760e-02
 3.18642601e-03 1.71705274e-04 7.54399103e-04 2.08115092e-01
 1.39872485e-05 3.83409613e-02 1.19216382e-03 7.60581816e-03
 3.32656569e-02 5.30386340e-07 1.50485875e-05 5.34563870e-04
 2.70141072e-02 3.14339501e-03 1.94192332e-03 7.68863916e-04
 1.13536988e-02 8.05592021e-02 2.84714131e-04 2.68962174e-02
 3.49837420e-03 5.23823300e-03 4.76345809e-07 1.46405998e-02
 4.16248958e-02 7.62712432e-02 1.94648829e-02 3.39048683e-03
 1.13933691e-01 2.01390483e-05 6.62283521e-02 3.23474962e-04
 1.01864903e-04 5.24344177e-03 2.50188016e-03 2.73673881e-04
 6.54400180e-04 2.55974374e-04]","[1.19393297e-69 8.19815671e-55 3.32696201e-76 1.72127134e-58
 1.78836936e-72 7.94475988e-72 1.23337006e-67 2.00254000e-71
 4.54392780e-72 2.43924333e-64 1.60443059e-71 2.81523197e-75
 9.54857619e-68 3.25613203e-65 9.35674161e-66 1.92510195e-74
 1.26402020e-54 1.60102686e-68 2.44938638e-68 7.66533977e-77
 2.09389402e-65 5.67578207e-66 1.05872256e-59 1.19935254e-61
 1.19540062e-71 2.73690442e-79 5.18817535e-90 2.93707869e-65
 1.83413303e-69 1.19706870e-76 7.84581655e-70 1.40683183e-64
 7.59411580e-76 5.26084326e-72 6.02647086e-62 4.27988324e-85
 8.21983909e-73 7.81338554e-85 2.03153972e-74 9.70389454e-69
 6.09914523e-71 1.51241065e-57 1.64156684e-72 1.18483097e-65
 2.99143577e-63 9.10508705e-66 5.96401065e-79 1.49525854e-61
 4.50431862e-58 1.17146348e-68]","[ 7.90238380e-04  5.96761703e-04 -1.36017799e-04 -4.85181808e-05
  1.97136402e-03  6.81042671e-04  2.99215317e-04  1.50060654e-03
  6.16669655e-04  6.19888306e-04  1.02102757e-03 -1.71184540e-04
  4.28199768e-04  9.53435898e-04  1.10507011e-03 -1.47581100e-04
  5.76615334e-04 -1.85132027e-04  6.79373741e-04  1.28030777e-04
  2.85863876e-04  1.07514858e-03  2.14982033e-03  9.73939896e-05
 -1.92165375e-04  5.88655472e-04  4.46796417e-04  7.08818436e-04
  3.14712524e-05  1.56521797e-04  1.06739998e-03  3.33905220e-04
  1.23500824e-04  6.53505325e-04  1.50740147e-03  1.75714493e-04
  7.29084015e-04  7.34329224e-05  2.99930573e-04  1.28090382e-03
 -9.98973846e-05  8.05020332e-04  4.07695770e-05  1.24692917e-03
  8.88824463e-04  4.47988510e-04  7.47799873e-04  3.82661819e-04
  8.60095024e-04  7.98821449e-04]","[0.02748203 0.02222681 0.02705824 0.02518582 0.02333486 0.02670372
 0.02313566 0.02249336 0.02644706 0.02359676 0.02135873 0.03149474
 0.0223757  0.02138841 0.02337265 0.03224576 0.0208689  0.03300846
 0.02385855 0.02920043 0.02403188 0.02613616 0.01670623 0.02811098
 0.02882075 0.02787673 0.03544188 0.02622342 0.02831185 0.02824712
 0.02510571 0.02135277 0.02737451 0.02935588 0.0228318  0.03215504
 0.02652133 0.03109801 0.02562857 0.0235132  0.02893388 0.02420664
 0.03050065 0.02231836 0.02261293 0.0220145  0.02740896 0.02486968
 0.02041388 0.02531362]","[0.02132844 0.01998084 0.00753305 0.01109334 0.03384772 0.0203133
 0.01761185 0.02983508 0.02072364 0.02260166 0.02583442 0.00700824
 0.01668154 0.02605134 0.02842757 0.00812124 0.01999175 0.00537342
 0.02200264 0.01426112 0.0174496  0.02405901 0.03632652 0.01372886
 0.00549189 0.0202375  0.01862441 0.01985079 0.01309298 0.01328869
 0.02390604 0.01532246 0.01395367 0.02025613 0.02949328 0.01434184
 0.02054805 0.01270765 0.01782527 0.02500476 0.00883109 0.02098691
 0.01150342 0.02509864 0.02404281 0.01802827 0.02116111 0.01628393
 0.02564801 0.02190973]","[0.12483131 0.11135002 0.12371838 0.12100877 0.11304449 0.12163548
 0.11314406 0.11171445 0.12151019 0.11382205 0.10799328 0.13368522
 0.11003233 0.1090107  0.11388935 0.1359745  0.10946109 0.13473626
 0.11507526 0.12735787 0.11786918 0.12191972 0.09435579 0.12426424
 0.13052413 0.12306224 0.13764003 0.11951806 0.12367453 0.12423296
 0.11566778 0.11088376 0.12420822 0.12763198 0.11213278 0.13350761
 0.11996382 0.12952442 0.11972257 0.1142151  0.12939156 0.11836895
 0.13024446 0.10812637 0.11118927 0.1130646  0.12242092 0.11919852
 0.10842183 0.1171228 ]",0.2673022611015577,1.0607231305609653e-20,0.2613515088900034,7.424175251758153e-20,0.2640555037620615,2.2309588443292227e-09,0.25953263901196,1.9754595881647544e-09,0.0013814503379403697,1e-05,0.0010218213944129164,0.0,0.04083072198390961,0.19788130395889286,0.009425323430729915,0.010503327274581293,0.000579824447631836,0.02580547094345093,0.0005372524239467391,0.003748330533221469,0.018952510412312547,0.11950126549331283,0.006935085682749101,0.008790019967972193
df1,0.9500000000000001,0.0,0.9500000000000001,"[0.21173982 0.11135888 0.21173982 0.139232   0.41323244 0.24148215
 0.90235528 0.32916807 0.14969106 0.03483221 0.58582128 0.81875363
 0.41323244 0.58582128 0.1200888  0.19796045 0.00377043 0.08825991
 0.48382277 0.27423335 0.25747545 0.16077182 0.01809676 0.01100057
 0.45963725 0.02410401 0.03181713 0.63886042 0.24148215 0.3490397
 0.81875363 0.08151459 0.21173982 0.19796045 0.01217651 0.27423335
 0.63886042 0.00725489 0.43609338 0.24148215 0.63886042 0.66552932
 0.00895146 0.08151459 0.09546732 0.0539576  0.12937218 0.09546732
 0.8633028  0.16077182]","[2.60622931e-27 1.87374272e-38 7.79126605e-42 1.84715262e-36
 5.39250695e-43 9.50443824e-36 7.79126605e-42 5.77449424e-32
 2.22993385e-39 2.78636314e-36 5.65883768e-44 8.33270257e-33
 3.98638164e-40 8.43789069e-43 1.42774613e-35 1.22668930e-38
 1.22979552e-32 1.82198508e-31 6.07873598e-26 3.44263650e-43
 8.02241615e-39 8.09234334e-37 2.39365688e-34 8.09234334e-37
 8.09234334e-37 6.32047121e-36 1.08397407e-40 5.75863544e-46
 2.27167277e-46 1.88177121e-41 2.32827146e-37 4.35811909e-38
 1.00942344e-37 5.65883768e-44 2.57596005e-33 8.43789069e-43
 1.08397407e-40 9.50443824e-36 2.27983976e-44 2.17967002e-47
 2.85911373e-38 1.17161696e-33 4.19874897e-36 1.81313081e-32
 1.87374272e-38 5.24109088e-39 4.36966274e-28 2.78636314e-36
 1.53384053e-37 3.42045584e-39]","[0.21173982 0.11135888 0.21173982 0.139232   0.41323244 0.24148215
 0.90235528 0.32916807 0.14969106 0.03483221 0.58582128 0.81875363
 0.41323244 0.58582128 0.1200888  0.19796045 0.00377043 0.08825991
 0.48382277 0.27423335 0.25747545 0.16077182 0.01809676 0.01100057
 0.45963725 0.02410401 0.03181713 0.63886042 0.24148215 0.3490397
 0.81875363 0.08151459 0.21173982 0.19796045 0.01217651 0.27423335
 0.63886042 0.00725489 0.43609338 0.24148215 0.63886042 0.66552932
 0.00895146 0.08151459 0.09546732 0.0539576  0.12937218 0.09546732
 0.8633028  0.16077182]","[2.60622931e-27 1.87374272e-38 7.79126605e-42 1.84715262e-36
 5.39250695e-43 9.50443824e-36 7.79126605e-42 5.77449424e-32
 2.22993385e-39 2.78636314e-36 5.65883768e-44 8.33270257e-33
 3.98638164e-40 8.43789069e-43 1.42774613e-35 1.22668930e-38
 1.22979552e-32 1.82198508e-31 6.07873598e-26 3.44263650e-43
 8.02241615e-39 8.09234334e-37 2.39365688e-34 8.09234334e-37
 8.09234334e-37 6.32047121e-36 1.08397407e-40 5.75863544e-46
 2.27167277e-46 1.88177121e-41 2.32827146e-37 4.35811909e-38
 1.00942344e-37 5.65883768e-44 2.57596005e-33 8.43789069e-43
 1.08397407e-40 9.50443824e-36 2.27983976e-44 2.17967002e-47
 2.85911373e-38 1.17161696e-33 4.19874897e-36 1.81313081e-32
 1.87374272e-38 5.24109088e-39 4.36966274e-28 2.78636314e-36
 1.53384053e-37 3.42045584e-39]","[0.13975522 0.10174399 0.26883836 0.11071939 0.24664478 0.11811041
 0.85607865 0.23858746 0.21598493 0.05297474 0.55619006 0.62356453
 0.39409656 0.53891344 0.12181553 0.33671115 0.00277805 0.10870736
 0.34104468 0.50710088 0.23295315 0.14853381 0.03263648 0.0209048
 0.27943172 0.03205527 0.06534081 0.36514132 0.27125953 0.40479784
 0.78494521 0.08363258 0.18331788 0.31522062 0.00902483 0.42762361
 0.35104556 0.0122592  0.43093947 0.13124864 0.48363483 0.62859646
 0.03701587 0.13971783 0.08552979 0.08475975 0.1786833  0.06612026
 0.72113633 0.14343925]","[2.05013384e-09 1.04837339e-09 7.42264272e-09 7.89844179e-09
 3.07755454e-09 7.38062689e-09 3.43318851e-09 1.50561785e-09
 8.92107499e-10 6.35902109e-10 4.39603698e-09 7.82012011e-10
 2.36620612e-09 6.22730734e-09 5.51418389e-09 7.20921645e-09
 1.16731935e-09 2.95650171e-09 6.91180668e-10 1.03699960e-09
 5.35616118e-09 3.80312848e-09 2.01238926e-09 8.18569013e-09
 8.05072675e-10 6.21072793e-09 2.54540400e-09 1.29748379e-09
 1.09142262e-09 1.03261610e-09 6.80972001e-09 4.61077498e-09
 6.19974960e-10 4.50636550e-09 1.29439848e-09 2.70735312e-09
 1.64077640e-09 3.36034867e-09 1.28413713e-09 1.79786153e-09
 5.72360315e-09 2.64283928e-09 3.63727071e-09 1.19921495e-09
 1.63086145e-09 4.81075335e-09 3.38181549e-09 7.63120678e-10
 4.95264973e-09 6.00817796e-09]","[9.51818778e-04 1.14087607e-03 2.50000000e-03 9.18301032e-04
 2.08134921e-03 1.42261434e-03 2.50000000e-03 2.50000000e-03
 1.86446932e-03 6.08590810e-04 2.50000000e-03 2.50000000e-03
 2.50000000e-03 2.50000000e-03 1.25267858e-03 1.86323243e-03
 4.69819469e-05 7.69355466e-04 2.50000000e-03 2.50000000e-03
 2.31151857e-03 1.09645624e-03 1.71658837e-04 2.48121183e-04
 2.20242387e-03 4.11413348e-04 2.40215944e-04 2.50000000e-03
 2.50000000e-03 2.50000000e-03 2.50000000e-03 5.33008848e-04
 1.42484566e-03 2.50000000e-03 1.23566055e-04 2.50000000e-03
 2.50000000e-03 1.00403398e-04 2.50000000e-03 6.74033953e-04
 2.50000000e-03 2.50000000e-03 6.30580973e-04 1.82027221e-03
 1.04563083e-03 5.19502779e-04 1.81276564e-03 7.69870999e-04
 2.50000000e-03 1.26774766e-03]","[1.e-05 1.e-05 1.e-05 1.e-05 1.e-05 1.e-05 1.e-05 1.e-05 1.e-05 1.e-05
 1.e-05 1.e-05 1.e-05 1.e-05 1.e-05 1.e-05 1.e-05 1.e-05 1.e-05 1.e-05
 1.e-05 1.e-05 1.e-05 1.e-05 1.e-05 1.e-05 1.e-05 1.e-05 1.e-05 1.e-05
 1.e-05 1.e-05 1.e-05 1.e-05 1.e-05 1.e-05 1.e-05 1.e-05 1.e-05 1.e-05
 1.e-05 1.e-05 1.e-05 1.e-05 1.e-05 1.e-05 1.e-05 1.e-05 1.e-05 1.e-05]","[0.04654568 0.04135748 0.02791462 0.05049419 0.03478757 0.05134781
 0.04385256 0.04309047 0.04794248 0.04212795 0.03872497 0.03470803
 0.03798346 0.02947195 0.04656979 0.03448872 0.0417941  0.05438479
 0.02794542 0.04297434 0.03905876 0.03676708 0.05676896 0.04874507
 0.03181774 0.04438492 0.04869319 0.03563723 0.03016621 0.03954459
 0.02838012 0.0339477  0.04321389 0.02507757 0.05323684 0.03723932
 0.03408356 0.04756979 0.01945339 0.02961432 0.04354153 0.04216003
 0.04288299 0.04530777 0.03780296 0.03707339 0.03054632 0.02795597
 0.03140714 0.04628377]","[0.1934342  0.20307104 0.2156142  0.21441365 0.22155851 0.20702595
 0.21199458 0.20730404 0.19718853 0.20713553 0.21118355 0.20864473
 0.21318997 0.22864153 0.1945944  0.21483378 0.2054407  0.19734998
 0.1875722  0.22300873 0.20191789 0.20451808 0.20001047 0.21241784
 0.20881247 0.21843406 0.21561967 0.22344113 0.21322592 0.20960706
 0.21219252 0.22100478 0.20801425 0.22093779 0.1936614  0.2152304
 0.21063722 0.20808389 0.21808268 0.22779872 0.21126729 0.21003125
 0.21142033 0.20356434 0.20649452 0.22406518 0.20328973 0.21218638
 0.22486542 0.20225611]","[3.33083960e-04 2.07448116e-03 8.69305299e-02 7.16406851e-05
 1.54288473e-02 5.05516576e-05 8.84289347e-04 1.15345622e-03
 1.96187370e-04 1.60276832e-03 4.83193904e-03 1.57747751e-02
 6.07016873e-03 6.07371195e-02 3.30098028e-04 1.67648811e-02
 1.79337703e-03 1.39443493e-05 8.63326687e-02 1.20063241e-03
 4.35407508e-03 8.74151520e-03 4.81676225e-06 1.43716406e-04
 3.41152907e-02 7.32445245e-04 1.46660243e-04 1.21364974e-02
 5.14411450e-02 3.73575858e-03 7.82551449e-02 1.94492964e-02
 1.10521880e-03 1.58867526e-01 2.28878202e-05 7.59815497e-03
 1.87413478e-02 2.26293646e-04 4.30069254e-01 5.87214037e-02
 9.86140956e-04 1.58548400e-03 1.23899799e-03 5.25538483e-04
 6.41253099e-03 7.98338505e-03 4.68922209e-02 8.61286984e-02
 3.78599226e-02 3.67198111e-04]","[5.01862836e-66 8.72554956e-73 4.27248895e-82 3.52315416e-81
 1.03587197e-86 1.16926115e-75 2.38203772e-79 7.30690915e-76
 1.28108991e-68 9.71610005e-76 9.67494780e-79 7.50585269e-77
 2.98777459e-80 2.20925539e-92 8.03112945e-67 1.68616679e-81
 1.68409599e-74 9.88352538e-69 4.42882599e-62 7.40271822e-88
 5.85622919e-72 7.87636535e-74 1.33212976e-70 1.14372259e-79
 5.63995071e-77 2.86807887e-84 4.23150951e-82 3.35899824e-88
 2.80642428e-80 1.45177189e-77 1.69053814e-79 2.82346822e-86
 2.19281621e-76 3.18707230e-86 3.50862224e-66 8.39808637e-82
 2.47922486e-78 1.94826084e-76 5.37013107e-84 1.06867952e-91
 8.37358745e-79 7.01950627e-78 6.42971305e-79 3.85119735e-73
 2.86613729e-75 1.07075085e-88 6.07349666e-73 1.70862453e-79
 2.45964596e-89 3.35444708e-72]","[ 6.41822815e-04  4.40120697e-04  1.71303749e-04  5.17010689e-04
  9.23871994e-05  1.40190125e-03  1.93238258e-04  4.84228134e-04
  3.95894051e-04  2.93374062e-04  4.25815582e-04  7.98106194e-04
  3.77535820e-04  2.47597694e-04  1.32143497e-03  1.23381615e-04
  3.60965729e-04  1.28746033e-04 -1.00493431e-04  2.89916992e-04
  5.69462776e-04  5.30004501e-04  6.18457794e-04  5.22136688e-04
  6.51001930e-04  7.12752342e-04  6.00218773e-04  1.06811523e-04
  3.19957733e-04  1.96218491e-04 -1.11937523e-04  4.78029251e-04
  1.57773495e-03  1.95741653e-04  1.57535076e-03  6.78300858e-05
  1.66893005e-05  3.16262245e-04 -1.39474869e-05  1.55329704e-04
  3.34978104e-05  9.64283943e-04  8.18014145e-04  7.65442848e-04
  5.96404076e-04  4.96625900e-04  2.75373459e-04  3.37839127e-04
 -1.57117844e-04  1.47008896e-03]","[0.02792025 0.02722096 0.03129971 0.02966058 0.03381729 0.02784348
 0.03554285 0.02961075 0.02681696 0.03008842 0.03107417 0.02522886
 0.03354204 0.03126597 0.02152574 0.03040469 0.0298382  0.0299381
 0.02780294 0.032763   0.02570736 0.02739608 0.02603471 0.03070426
 0.02667606 0.03242254 0.02679729 0.03650987 0.02994108 0.03011966
 0.03070021 0.02724206 0.02254856 0.03625989 0.02574098 0.03021133
 0.03008223 0.03197968 0.03332436 0.03445888 0.03374457 0.02497351
 0.02776754 0.0275054  0.02839017 0.03682315 0.02949357 0.03847957
 0.03133285 0.02389967]","[0.01974593 0.01745178 0.01347714 0.01863536 0.01326446 0.02962663
 0.01495797 0.01770456 0.01565775 0.01655865 0.01676136 0.02367412
 0.01757595 0.01507977 0.02694021 0.01392238 0.01895871 0.01363109
 0.00841767 0.01593279 0.01924458 0.01877008 0.02063488 0.01851962
 0.02131992 0.02057275 0.01894607 0.01354693 0.01614891 0.01454522
 0.00870196 0.01904562 0.02836553 0.01273837 0.02701762 0.01147291
 0.01130981 0.01768084 0.01303156 0.01280288 0.01145238 0.0239049
 0.02389568 0.0215482  0.0199103  0.01876355 0.01501309 0.01633484
 0.00771531 0.02828495]","[0.12466349 0.12536964 0.13355095 0.12848476 0.13760349 0.12412407
 0.14216846 0.12840751 0.12245668 0.12966534 0.13045268 0.11644147
 0.13496369 0.13236161 0.1096028  0.12807982 0.13043376 0.13122167
 0.12399175 0.13184714 0.12000925 0.12577606 0.12124557 0.13164034
 0.1244149  0.13691016 0.12035063 0.14496999 0.12835402 0.12945061
 0.13231194 0.12524464 0.11253543 0.14137692 0.11958327 0.12908558
 0.12787165 0.13584227 0.13649712 0.13525602 0.13502291 0.11721475
 0.12476222 0.12293686 0.12574198 0.14127267 0.12672524 0.14556277
 0.13129727 0.11657918]",0.2844429068957437,1.2766167624608512e-27,0.25310713375294275,8.509522858111702e-27,0.2606261228176558,3.268273338630223e-09,0.2157896255918152,2.2766463357522297e-09,0.0016064860996555397,1e-05,0.0008934941938245964,0.0,0.039337370264530186,0.21032577219009396,0.00822266325369783,0.009144499928997907,0.0004657769203186035,0.029809441566467285,0.0004199124712778777,0.0036672779675309755,0.017584270583335303,0.12863466007219626,0.005106804906103466,0.007834667749017692
df1,1.0,0.0,1.0,"[1.89004559e-03 4.16212987e-02 3.18171260e-02 3.49039701e-01
 2.26241661e-01 3.48322136e-02 4.54286666e-02 9.02355278e-01
 5.08599525e-01 1.80967606e-02 1.99311438e-02 2.57475452e-01
 3.18171260e-02 9.19466758e-01 1.21765095e-02 7.94826541e-01
 6.93218252e-02 1.03159376e-01 1.21765095e-02 4.85152370e-04
 3.10075730e-01 3.69683622e-01 3.49039701e-01 8.82599083e-02
 1.39231997e-01 1.60771824e-01 1.48741570e-02 1.84885683e-01
 3.91087390e-01 5.85821277e-01 1.84885683e-01 4.83822766e-01
 1.99311438e-02 2.57475452e-01 7.18514257e-01 2.26241661e-01
 3.29168072e-01 2.11739817e-01 1.49691056e-01 3.77043497e-03
 1.29372179e-01 6.12251659e-01 6.12251659e-01 5.85821277e-01
 7.52091658e-02 1.84885683e-01 9.54673207e-02 3.91087390e-01
 8.18753631e-01 1.11358879e-01]","[8.31031105e-31 5.75863544e-46 1.73815304e-33 9.15418035e-46
 4.52588482e-41 2.58531714e-40 1.45226397e-39 2.27983976e-44
 2.22993385e-39 1.67491922e-40 1.73815304e-33 1.85378592e-49
 2.58531714e-40 1.31892718e-42 1.88177121e-41 2.17967002e-47
 2.22993385e-39 7.00791465e-41 3.92888730e-32 8.95402666e-28
 6.14029324e-40 1.45365542e-45 2.91986566e-41 1.47818613e-28
 2.80617232e-55 3.59372037e-44 3.98638164e-40 1.13678721e-29
 3.27921374e-48 7.00791465e-41 1.42453006e-46 6.18686551e-51
 2.67038982e-32 8.47223917e-48 5.65883768e-44 2.27167277e-46
 2.67335366e-50 7.00791465e-41 1.85378592e-49 4.67383798e-55
 3.56590826e-34 5.39250695e-43 5.75863544e-46 1.31892718e-42
 8.43789069e-43 2.14251154e-35 2.05945159e-42 1.45365542e-45
 1.14419204e-49 9.44810349e-40]","[1.89004559e-03 4.16212987e-02 3.18171260e-02 3.49039701e-01
 2.26241661e-01 3.48322136e-02 4.54286666e-02 9.02355278e-01
 5.08599525e-01 1.80967606e-02 1.99311438e-02 2.57475452e-01
 3.18171260e-02 9.19466758e-01 1.21765095e-02 7.94826541e-01
 6.93218252e-02 1.03159376e-01 1.21765095e-02 4.85152370e-04
 3.10075730e-01 3.69683622e-01 3.49039701e-01 8.82599083e-02
 1.39231997e-01 1.60771824e-01 1.48741570e-02 1.84885683e-01
 3.91087390e-01 5.85821277e-01 1.84885683e-01 4.83822766e-01
 1.99311438e-02 2.57475452e-01 7.18514257e-01 2.26241661e-01
 3.29168072e-01 2.11739817e-01 1.49691056e-01 3.77043497e-03
 1.29372179e-01 6.12251659e-01 6.12251659e-01 5.85821277e-01
 7.52091658e-02 1.84885683e-01 9.54673207e-02 3.91087390e-01
 8.18753631e-01 1.11358879e-01]","[8.31031105e-31 5.75863544e-46 1.73815304e-33 9.15418035e-46
 4.52588482e-41 2.58531714e-40 1.45226397e-39 2.27983976e-44
 2.22993385e-39 1.67491922e-40 1.73815304e-33 1.85378592e-49
 2.58531714e-40 1.31892718e-42 1.88177121e-41 2.17967002e-47
 2.22993385e-39 7.00791465e-41 3.92888730e-32 8.95402666e-28
 6.14029324e-40 1.45365542e-45 2.91986566e-41 1.47818613e-28
 2.80617232e-55 3.59372037e-44 3.98638164e-40 1.13678721e-29
 3.27921374e-48 7.00791465e-41 1.42453006e-46 6.18686551e-51
 2.67038982e-32 8.47223917e-48 5.65883768e-44 2.27167277e-46
 2.67335366e-50 7.00791465e-41 1.85378592e-49 4.67383798e-55
 3.56590826e-34 5.39250695e-43 5.75863544e-46 1.31892718e-42
 8.43789069e-43 2.14251154e-35 2.05945159e-42 1.45365542e-45
 1.14419204e-49 9.44810349e-40]","[2.55133464e-03 9.39395318e-02 1.86412051e-02 4.27885394e-01
 1.90159224e-01 2.86365659e-02 1.16817723e-02 8.70488944e-01
 6.23751115e-01 1.69050637e-02 2.67139016e-02 1.92878866e-01
 1.76260606e-02 7.21003742e-01 1.01138588e-02 6.97696137e-01
 1.77381787e-01 1.10249161e-01 8.57204178e-03 4.03033706e-04
 2.32947186e-01 7.00461659e-01 3.76267241e-01 1.37654765e-01
 1.45659310e-01 1.51355546e-01 1.53372535e-02 1.24872494e-01
 2.76608186e-01 3.65373360e-01 1.61988485e-01 5.64015108e-01
 5.79632712e-03 9.84817187e-02 6.23697659e-01 3.37487657e-01
 2.42543859e-01 1.29162919e-01 1.99923040e-01 3.20502345e-02
 6.67689392e-02 5.89874859e-01 5.04111739e-01 3.35620562e-01
 8.51623007e-02 2.79540832e-01 1.48171875e-01 5.46757593e-01
 6.74841908e-01 1.20172502e-01]","[5.13616938e-09 1.99177874e-09 2.11267981e-09 3.22840721e-09
 1.12104492e-09 1.56735891e-09 8.85034712e-10 2.81974810e-09
 6.86658064e-10 7.56726415e-09 1.69670533e-09 9.80932624e-09
 1.56088076e-09 1.06196341e-08 8.81148443e-09 1.04155295e-09
 1.06271203e-09 1.60228719e-09 3.03485503e-09 4.50643189e-10
 1.14850329e-09 3.26071603e-09 1.05413328e-08 1.02981146e-09
 1.95612027e-09 7.95810384e-09 2.39598552e-09 1.66643099e-09
 2.58868327e-09 8.81108964e-10 4.11864998e-09 3.49486307e-09
 2.24230023e-09 2.95877645e-09 6.32745545e-09 4.14901691e-09
 6.29473551e-09 1.32724309e-09 3.95706612e-09 8.53022797e-09
 5.10895259e-09 8.06868339e-09 1.68349368e-09 4.99655850e-09
 9.05755082e-09 7.55746354e-10 5.76622616e-09 1.13577444e-08
 4.25127922e-09 3.04044767e-09]","[2.74787220e-05 8.33600438e-04 1.57333629e-04 1.75517314e-03
 1.46813281e-03 3.47393551e-04 7.00512446e-05 2.50000000e-03
 2.50000000e-03 7.29799042e-05 1.96831158e-04 1.65293507e-03
 1.44460714e-04 2.50000000e-03 9.05740513e-05 2.50000000e-03
 9.53344515e-04 6.07939170e-04 3.72466966e-05 1.00000000e-05
 2.50000000e-03 2.50000000e-03 2.01049140e-03 1.35709020e-03
 7.46865633e-04 1.83325676e-03 1.41441322e-04 1.64937719e-03
 2.50000000e-03 2.20415193e-03 1.17027162e-03 2.50000000e-03
 3.96528480e-05 6.39694761e-04 2.50000000e-03 1.83654086e-03
 2.21599845e-03 1.17684320e-03 1.40149309e-03 2.02496278e-04
 3.77377305e-04 2.50000000e-03 2.50000000e-03 2.43011753e-03
 5.80585506e-04 2.42900271e-03 1.23192442e-03 2.50000000e-03
 2.50000000e-03 1.69970554e-03]","[1.e-05 1.e-05 1.e-05 1.e-05 1.e-05 1.e-05 1.e-05 1.e-05 1.e-05 1.e-05
 1.e-05 1.e-05 1.e-05 1.e-05 1.e-05 1.e-05 1.e-05 1.e-05 1.e-05 1.e-05
 1.e-05 1.e-05 1.e-05 1.e-05 1.e-05 1.e-05 1.e-05 1.e-05 1.e-05 1.e-05
 1.e-05 1.e-05 1.e-05 1.e-05 1.e-05 1.e-05 1.e-05 1.e-05 1.e-05 1.e-05
 1.e-05 1.e-05 1.e-05 1.e-05 1.e-05 1.e-05 1.e-05 1.e-05 1.e-05 1.e-05]","[0.05925896 0.03813408 0.04301021 0.04719196 0.03358037 0.04338251
 0.03842608 0.04083504 0.02375093 0.05169009 0.04612    0.04431579
 0.05079605 0.03826797 0.0569275  0.02844264 0.03663339 0.04741113
 0.05338087 0.0570077  0.0377693  0.03509802 0.03852631 0.04608859
 0.02893533 0.04288335 0.04525316 0.03422352 0.04424264 0.02779333
 0.02751792 0.02896125 0.04807569 0.03575863 0.02347372 0.02947059
 0.02763477 0.03876391 0.03448756 0.02974837 0.03940524 0.03305585
 0.03380746 0.039451   0.04600885 0.03734858 0.03581144 0.03166958
 0.04171887 0.03624309]","[0.20559872 0.23357684 0.21313985 0.22247724 0.22532172 0.22566312
 0.22102131 0.21613072 0.23822422 0.21552057 0.21139271 0.21679033
 0.21358904 0.23047973 0.22210468 0.24361814 0.2180663  0.21042307
 0.20004738 0.20577238 0.21642422 0.21954884 0.21011083 0.20111142
 0.25062324 0.22063325 0.22154647 0.21194973 0.22711779 0.21539834
 0.22426189 0.22671659 0.21363969 0.2320758  0.23464405 0.22305277
 0.23796371 0.22601511 0.23268011 0.2396895  0.22209351 0.20809239
 0.22469388 0.21142759 0.22828253 0.21430527 0.21949756 0.2316174
 0.21887908 0.21485553]","[1.51164210e-06 5.79736219e-03 1.18587277e-03 2.61236654e-04
 2.14841421e-02 1.04235337e-03 5.30015846e-03 2.46435779e-03
 2.05925535e-01 4.38837477e-05 3.90174845e-04 7.50680903e-04
 6.33727330e-05 5.56431048e-03 4.48079888e-06 7.71477291e-02
 9.09245011e-03 2.40392662e-04 2.15206355e-05 4.31952148e-06
 6.47829327e-03 1.41428466e-02 5.13870364e-03 3.94733280e-04
 6.88756421e-02 1.23884752e-03 5.36065135e-04 1.80362282e-02
 7.70439528e-04 8.93193632e-02 9.49481894e-02 6.84622372e-02
 1.86376865e-04 1.17218174e-02 2.16997482e-01 6.07565873e-02
 9.25247671e-02 4.77382065e-03 1.67702773e-02 5.68762501e-02
 3.90429053e-03 2.47178044e-02 2.02049249e-02 3.84818120e-03
 4.06532554e-04 7.35380795e-03 1.15454267e-02 3.54272136e-02
 1.83914177e-03 1.01913111e-02]","[1.29211727e-074 1.91455611e-096 3.26028848e-080 1.95104025e-087
 1.06058454e-089 5.64555843e-090 2.74028745e-086 1.71727184e-082
 2.36295626e-100 5.03888037e-082 6.74374183e-079 5.34434681e-083
 1.48997363e-080 6.94854409e-094 3.84293394e-087 5.43468208e-105
 5.52932808e-084 3.58263633e-078 1.25435378e-070 9.65492511e-075
 1.02203748e-082 3.89364239e-085 6.12388011e-078 2.20276555e-071
 3.52800584e-111 5.52497347e-086 1.05873635e-086 2.57440394e-079
 3.80210365e-091 6.24911519e-082 7.46245790e-089 8.01606379e-091
 1.36391954e-080 3.36660458e-095 2.46414721e-097 6.83078851e-088
 3.93271563e-100 2.94385352e-090 1.06394931e-095 1.33130385e-101
 3.92172564e-087 1.92033672e-076 3.37292544e-089 6.34967664e-079
 4.32695688e-092 4.25973937e-081 4.26930244e-085 8.04934639e-095
 1.29402652e-084 1.62298183e-081]","[ 1.48284435e-03  3.87310982e-04  1.72770023e-03  7.79390335e-04
  2.19702721e-04  2.34127045e-04  5.42402267e-04  1.27911568e-04
 -8.90493393e-05  4.07338142e-04  5.34296036e-04  1.08385086e-03
  1.21200085e-03  1.05261803e-04  1.42347813e-03  1.58548355e-05
  5.62310219e-04  7.14659691e-04  1.05822086e-03  9.64164734e-04
  2.65002251e-04  6.68764114e-04  3.86238098e-04  4.56809998e-04
  3.50356102e-04  1.06203556e-03  7.26222992e-04  8.46385956e-06
  1.47485733e-03 -8.67843628e-05  3.62396240e-05  7.62104988e-04
  1.11424923e-03  9.89437103e-05  6.83069229e-05  5.44905663e-04
  2.39014626e-04  7.17639923e-05  4.94122505e-04  3.97324562e-04
  4.28795815e-04 -1.62124634e-05  4.90307808e-04  3.27944756e-04
  7.73429871e-04  2.85506248e-04  2.09212303e-04  8.27908516e-04
  1.04415417e-03  8.89182091e-04]","[0.0238899  0.03709757 0.02465951 0.03981769 0.03349638 0.0378536
 0.03151488 0.03577042 0.0349375  0.03482008 0.02980304 0.03068817
 0.02831686 0.0364598  0.03082311 0.03858697 0.02964318 0.0298593
 0.02634621 0.02507269 0.03159058 0.03157103 0.02907646 0.03118348
 0.04583704 0.03149641 0.03194761 0.0320791  0.03193593 0.03126514
 0.03424942 0.03329802 0.03027737 0.04027462 0.03672731 0.03184247
 0.04290652 0.03464293 0.04020357 0.04432178 0.03426826 0.0361985
 0.02907276 0.03250098 0.03143394 0.03113341 0.02830064 0.03308189
 0.02789199 0.0305109 ]","[0.0309964  0.01692897 0.03103795 0.02198774 0.01610326 0.0164737
 0.02176236 0.01411691 0.01054674 0.01723867 0.01800854 0.02563315
 0.0262821  0.01330133 0.02645253 0.01256045 0.01995489 0.0191802
 0.02474892 0.02433345 0.01624709 0.02147853 0.0184057  0.01814853
 0.01651274 0.02463439 0.0214211  0.01070626 0.02732542 0.01043682
 0.01223248 0.0216577  0.0249128  0.01333968 0.01178421 0.01911069
 0.01585556 0.01217354 0.0200594  0.01589148 0.01605443 0.01094169
 0.01960191 0.01605232 0.02063136 0.01512356 0.01449891 0.02218909
 0.02681968 0.02252777]","[0.11730058 0.14663868 0.11636399 0.14774824 0.13506612 0.1448991
 0.13278488 0.14186477 0.14187608 0.13911919 0.13209954 0.12841319
 0.12491721 0.14299469 0.12911009 0.146473   0.13018362 0.12819812
 0.11918031 0.11899826 0.13419363 0.13302693 0.12726776 0.13404715
 0.15714203 0.13240615 0.13389801 0.13333756 0.13292709 0.13248518
 0.13846778 0.1315004  0.12835599 0.15085127 0.14497891 0.13367136
 0.15411313 0.13860326 0.14602414 0.15749864 0.13845146 0.14319381
 0.12721407 0.13477813 0.13298293 0.13088304 0.1241211  0.13568953
 0.12508571 0.13385883]",0.2635237828679205,2.1109800600189534e-29,0.25888870272949416,1.2660529330613727e-28,0.2503997171431522,3.954400784600409e-09,0.23976438364213573,3.060026295598145e-09,0.0013659970669895485,1e-05,0.0009556852013826104,0.0,0.03915578413248062,0.221358123292923,0.008581907078910241,0.010682648078047906,0.000557858943939209,0.033011538982391356,0.000448753738261947,0.0047160681809837735,0.018888462371134018,0.1353056930802151,0.005339987290086357,0.009498066494653576
df2,0.0,0.0,0.0,"[0.77002924 0.25747545 0.43609338 0.25747545 0.93482727 0.31007573
 0.16077182 0.69212796 0.27423335 0.61225166 0.58582128 0.1200888
 0.79482654 0.93482727 0.91946676 0.79482654 0.74453538 0.94837208
 0.61225166 0.69212796 0.90235528 0.3490397  0.27423335 0.69212796
 0.84163603 0.00725489 0.8633028  0.19796045 0.91946676 0.88359176
 0.91946676 0.01100057 0.66552932 0.97808957 0.50859953 0.93482727
 0.00895146 0.58582128 0.61225166 0.21173982 0.81875363 0.96007647
 0.21173982 0.18488568 0.84163603 0.79482654 0.41323244 0.61225166
 0.74453538 0.32916807]","[0.18488568 0.96996014 0.21173982 0.27423335 0.84163603 0.90235528
 0.66552932 0.91946676 0.77002924 0.77002924 0.09546732 0.3490397
 0.50859953 0.43609338 0.94837208 0.66552932 0.88359176 0.66552932
 0.50859953 0.79482654 0.39108739 0.11135888 0.29176485 0.11135888
 0.74453538 0.32916807 0.39108739 0.48382277 0.81875363 0.91946676
 0.96007647 0.03181713 0.39108739 0.63886042 0.81875363 0.63886042
 0.0539576  0.74453538 0.90235528 0.16077182 0.8633028  0.97808957
 0.01809676 0.09546732 0.97808957 0.43609338 0.90235528 0.61225166
 0.8633028  0.43609338]","[0.77002924 0.25747545 0.43609338 0.25747545 0.93482727 0.31007573
 0.16077182 0.69212796 0.27423335 0.61225166 0.58582128 0.1200888
 0.79482654 0.93482727 0.91946676 0.79482654 0.74453538 0.94837208
 0.61225166 0.69212796 0.90235528 0.3490397  0.27423335 0.69212796
 0.84163603 0.00725489 0.8633028  0.19796045 0.91946676 0.88359176
 0.91946676 0.01100057 0.66552932 0.97808957 0.50859953 0.93482727
 0.00895146 0.58582128 0.61225166 0.21173982 0.81875363 0.96007647
 0.21173982 0.18488568 0.84163603 0.79482654 0.41323244 0.61225166
 0.74453538 0.32916807]","[0.18488568 0.96996014 0.21173982 0.27423335 0.84163603 0.90235528
 0.66552932 0.91946676 0.77002924 0.77002924 0.09546732 0.3490397
 0.50859953 0.43609338 0.94837208 0.66552932 0.88359176 0.66552932
 0.50859953 0.79482654 0.39108739 0.11135888 0.29176485 0.11135888
 0.74453538 0.32916807 0.39108739 0.48382277 0.81875363 0.91946676
 0.96007647 0.03181713 0.39108739 0.63886042 0.81875363 0.63886042
 0.0539576  0.74453538 0.90235528 0.16077182 0.8633028  0.97808957
 0.01809676 0.09546732 0.97808957 0.43609338 0.90235528 0.61225166
 0.8633028  0.43609338]","[0.83567248 0.31516813 0.3474314  0.26279024 0.79075621 0.38768342
 0.21591962 0.85301408 0.23242928 0.90767979 0.49849675 0.08533643
 0.72864974 0.91748302 0.95884173 0.87956376 0.62841766 0.96897501
 0.81296078 0.60047893 0.94118562 0.30590879 0.28059258 0.90372778
 0.83733299 0.00892052 0.87092142 0.3222622  0.84074478 0.92117143
 0.8821037  0.02399492 0.55434495 0.94462232 0.42919656 0.95730782
 0.00710544 0.56634563 0.66980115 0.05929118 0.83586715 0.94183087
 0.12109357 0.13083751 0.74837475 0.87321946 0.32572879 0.54358309
 0.76035191 0.25524139]","[0.2385772  0.99169852 0.14307466 0.2551237  0.91071434 0.74374167
 0.56927679 0.89247542 0.56498988 0.65884898 0.48733902 0.16918878
 0.41482555 0.5100227  0.88850101 0.62375243 0.87793039 0.58178925
 0.39299771 0.71212494 0.30978115 0.22740856 0.19813665 0.19970199
 0.6515821  0.22826528 0.22716422 0.36127116 0.62636201 0.93196163
 0.939519   0.05052082 0.28984146 0.70633501 0.57684051 0.36687457
 0.0962013  0.6169727  0.85424753 0.07278104 0.93286247 0.93452372
 0.03138635 0.07660175 0.96570208 0.63300429 0.83503777 0.54657163
 0.74155955 0.35617414]","[2.50000000e-03 2.50000000e-03 2.50000000e-03 2.50000000e-03
 2.50000000e-03 2.50000000e-03 1.67598522e-03 2.50000000e-03
 1.93065973e-03 2.50000000e-03 2.50000000e-03 9.77781071e-04
 2.50000000e-03 2.50000000e-03 2.50000000e-03 2.50000000e-03
 2.50000000e-03 2.50000000e-03 2.50000000e-03 2.50000000e-03
 2.50000000e-03 2.36616617e-03 2.50000000e-03 2.50000000e-03
 2.50000000e-03 1.36962923e-04 2.50000000e-03 2.50000000e-03
 2.50000000e-03 2.50000000e-03 2.50000000e-03 1.97101836e-04
 2.50000000e-03 2.50000000e-03 2.50000000e-03 2.50000000e-03
 9.60365731e-05 2.50000000e-03 2.50000000e-03 6.64940555e-04
 2.50000000e-03 2.50000000e-03 1.13744056e-03 1.33278952e-03
 2.50000000e-03 2.50000000e-03 2.50000000e-03 2.50000000e-03
 2.50000000e-03 2.29738786e-03]","[0.0025     0.0025     0.00131613 0.00233253 0.0025     0.0025
 0.0025     0.0025     0.0025     0.0025     0.0025     0.00203784
 0.0025     0.0025     0.0025     0.0025     0.0025     0.0025
 0.0025     0.0025     0.0025     0.00198589 0.00200561 0.0025
 0.0025     0.0025     0.0025     0.0025     0.0025     0.0025
 0.0025     0.00052771 0.0025     0.0025     0.0025     0.0025
 0.00077922 0.0025     0.0025     0.00092111 0.0025     0.0025
 0.00038591 0.00091663 0.0025     0.0025     0.0025     0.0025
 0.0025     0.0025    ]","[0.02057856 0.02277669 0.02897742 0.03478033 0.02773246 0.02715932
 0.03257933 0.02599816 0.02027868 0.02311803 0.01538224 0.0327991
 0.01967134 0.0182387  0.03006949 0.02105691 0.02604464 0.02313031
 0.02936021 0.02688389 0.02159558 0.04067244 0.02365023 0.02109724
 0.01449421 0.01867127 0.02378835 0.02902106 0.02404734 0.01820755
 0.02391074 0.0336285  0.02007704 0.02153693 0.01994041 0.02463376
 0.03257928 0.01842255 0.02455372 0.04085862 0.02127297 0.02524649
 0.0320873  0.02044796 0.02391716 0.02485743 0.01861929 0.02363252
 0.01981804 0.02580405]","[0.0292421  0.0188757  0.0209747  0.01808422 0.01615363 0.01779607
 0.01771449 0.01578584 0.02012092 0.01669614 0.01681697 0.02450524
 0.02253212 0.01962359 0.01598002 0.02468066 0.02040781 0.01357933
 0.01389291 0.02794621 0.01943825 0.02877271 0.03342776 0.02088378
 0.01518224 0.02275105 0.01794567 0.0153208  0.01317967 0.03008704
 0.02886748 0.03683889 0.01782938 0.02169953 0.02122876 0.02351523
 0.03325023 0.03084506 0.03056269 0.01860757 0.02260971 0.01528992
 0.03755483 0.01326727 0.02866917 0.03282359 0.02345724 0.01696451
 0.01730735 0.03073845]","[0.36044413 0.24683235 0.06820534 0.01546004 0.09053865 0.10271796
 0.02802207 0.13157294 0.37826558 0.23186068 0.72517158 0.02645259
 0.41600622 0.51299403 0.05265762 0.33315968 0.13030262 0.23133509
 0.06236032 0.10903808 0.30414024 0.00259889 0.20989625 0.3309243
 0.78909442 0.48263795 0.20446519 0.06751623 0.19457358 0.51521137
 0.19974341 0.02120714 0.39055409 0.30721161 0.39901828 0.1735523
 0.02802243 0.49998973 0.17631115 0.00244539 0.3213021  0.15354584
 0.03183725 0.36813814 0.19949795 0.16602295 0.48624095 0.21060047
 0.40669205 0.1369866 ]","[0.06411639 0.46859529 0.33774769 0.52402923 0.66746138 0.54485866
 0.55080913 0.69511578 0.38785943 0.62655375 0.61746422 0.17799918
 0.25799332 0.41906457 0.68053564 0.17195173 0.37052442 0.84944404
 0.82957226 0.08631735 0.43105655 0.07151842 0.02238378 0.34287134
 0.7398845  0.24798566 0.53400635 0.72970647 0.87330306 0.05243515
 0.06996803 0.00855815 0.54243575 0.29874868 0.32370478 0.2153113
 0.02347232 0.04356578 0.04670437 0.48705456 0.25441307 0.73198082
 0.00691196 0.86822454 0.07324546 0.02628257 0.21766964 0.60639103
 0.58081005 0.0447285 ]","[-6.00814819e-05 -9.93013382e-05  1.36494637e-04  5.61714172e-04
  5.29289246e-05  4.08887863e-05  5.47170639e-05 -3.48091125e-05
 -1.53541565e-04  1.27911568e-04 -1.34229660e-04 -1.13844872e-04
 -1.75118446e-04 -1.41024590e-04  1.25527382e-04 -2.27689743e-05
  4.29153442e-06 -9.27448273e-05  3.45945358e-04 -1.34348869e-04
 -1.31607056e-04  6.83188438e-04  2.18272209e-04 -1.14917755e-04
 -1.11699104e-04 -1.80125237e-04  3.17335129e-04 -1.43408775e-04
  1.56164169e-05  1.89542770e-05  1.32679939e-04 -4.23192978e-05
 -1.20639801e-04  7.92741776e-05 -1.41143799e-04  2.59995461e-04
  3.52859497e-04 -1.52349472e-04  1.30176544e-04  3.38792801e-04
 -1.74522400e-04 -1.69992447e-04  1.13010406e-04 -1.59263611e-04
  5.51939011e-05  5.42402267e-05 -9.40561295e-05 -1.37567520e-04
 -1.63316727e-04  1.05619431e-04]","[-3.38554382e-05 -1.22785568e-04  5.96046448e-06  4.07695770e-05
 -1.71661377e-04 -2.04086304e-04  3.87430191e-05 -3.83853912e-05
 -4.05311584e-05 -4.00543213e-05 -1.59025192e-04 -1.84893608e-04
 -3.09944153e-06 -2.38418579e-05 -1.77383423e-04 -1.51753426e-04
  1.57356262e-04 -1.53899193e-04 -1.09195709e-04 -3.77893448e-05
 -1.81078911e-04  3.80039215e-04  4.23192978e-04 -1.22427940e-04
  4.99486923e-05 -1.28626823e-04  2.55942345e-04 -1.69873238e-04
 -1.70350075e-04 -1.67369843e-04  4.70876694e-04  1.82509422e-04
 -4.12464142e-05  6.15119934e-05 -1.19686127e-04 -1.54137611e-04
  3.76820564e-04 -1.65462494e-04  1.49250031e-04 -1.39594078e-04
  6.42538071e-05 -1.44004822e-04  5.40733337e-04 -1.31726265e-04
  3.54528427e-04 -1.98125839e-04 -9.11951065e-05 -1.60336494e-04
 -5.99622726e-05  8.20159912e-05]","[0.00993207 0.01050027 0.01325198 0.02099318 0.01435797 0.01227878
 0.01074185 0.01058882 0.00810411 0.01526983 0.00676695 0.00791018
 0.00726228 0.00779574 0.0138813  0.01227343 0.01216483 0.00996558
 0.01776346 0.00802987 0.00854223 0.02030196 0.01493777 0.00907482
 0.00777848 0.00651195 0.01744328 0.00857476 0.01119928 0.01354412
 0.01343321 0.01230403 0.00845348 0.01257808 0.00817504 0.01611977
 0.01707085 0.00730128 0.01578514 0.01791385 0.00679681 0.00761148
 0.01322577 0.00731846 0.01366317 0.01306605 0.00963657 0.00804514
 0.00701872 0.01399329]","[0.00984362 0.00877309 0.01002337 0.01156211 0.00678461 0.00463308
 0.01146534 0.01017175 0.01137247 0.01119204 0.00608058 0.0056524
 0.01091639 0.00884208 0.00600105 0.0081017  0.01301259 0.00627915
 0.00805783 0.01101014 0.00672697 0.0159054  0.01670198 0.00702678
 0.01118566 0.00742095 0.01737931 0.00697975 0.00663085 0.00577469
 0.0179878  0.01509495 0.01047333 0.01155376 0.00840761 0.00651218
 0.01796035 0.00541123 0.01381058 0.00726699 0.01300509 0.00676959
 0.01805533 0.00715014 0.01901594 0.00491559 0.00880954 0.0063362
 0.00928423 0.01143771]",0.5826171500957125,0.5696427076922873,0.2995383536313429,0.30575520506606013,0.5818151747234379,0.524243707044956,0.31613994270989476,0.2916119623617263,0.002206265040367067,0.002264171681001265,0.0006681012954020088,0.0005602053157837346,0.024754117647409438,0.02220648899912834,0.005763222978351338,0.0065391218969399565,2.2537708282470703e-05,-7.259845733642578e-06,0.00019508894837413492,0.0001930980203653001,0.0115450271511947,0.01001531786148513,0.0037749402848509207,0.003906575021255683
df2,0.05,0.05,0.0,"[2.64676308e-02 5.08599525e-01 8.82599083e-02 2.11739817e-01
 7.25488863e-03 3.80948244e-02 9.34827271e-01 1.20088801e-01
 6.93218252e-02 7.25488863e-03 3.10075730e-01 3.49039701e-01
 7.18514257e-01 9.95898978e-01 2.57475452e-01 1.84885683e-01
 1.99311438e-02 1.48741570e-02 9.69960143e-01 1.11358879e-01
 2.19294824e-02 4.13232440e-01 5.33907283e-01 5.39576008e-02
 5.33907283e-01 1.72496272e-01 7.25488863e-03 2.19534247e-04
 3.10075730e-01 4.70847031e-03 7.94826541e-01 2.51182002e-04
 1.11358879e-01 3.47919250e-05 1.11358879e-01 5.87165796e-02
 9.54673207e-02 2.91764847e-01 7.44535382e-01 4.95346404e-02
 1.48741570e-02 9.02355278e-01 1.29372179e-01 1.72496272e-01
 4.36093382e-01 2.74233349e-01 3.36894521e-03 2.11739817e-01
 5.87165796e-02 1.29372179e-01]","[3.80948244e-02 7.94826541e-01 1.60771824e-01 5.33907283e-01
 3.18171260e-02 2.90339156e-02 9.84577388e-01 6.12251659e-01
 3.80948244e-02 1.16899447e-03 3.48322136e-02 9.19466758e-01
 7.94826541e-01 9.78089566e-01 3.91087390e-01 3.91087390e-01
 5.85633896e-03 6.52148041e-03 1.84885683e-01 5.33907283e-01
 9.92823487e-03 3.49039701e-01 6.92127962e-01 1.60771824e-01
 1.97960446e-01 2.11739817e-01 7.52091658e-02 2.51182002e-04
 5.33907283e-01 2.91764847e-01 3.91087390e-01 2.58137431e-05
 1.29372179e-01 2.41040115e-02 8.82599083e-02 5.85821277e-01
 2.41482152e-01 9.78089566e-01 3.91087390e-01 1.11358879e-01
 2.90339156e-02 8.83591758e-01 5.39576008e-02 6.38860419e-01
 9.69960143e-01 9.54673207e-02 1.48741570e-02 3.69683622e-01
 2.64676308e-02 2.91764847e-01]","[2.64676308e-02 5.08599525e-01 8.82599083e-02 2.11739817e-01
 7.25488863e-03 3.80948244e-02 9.34827271e-01 1.20088801e-01
 6.93218252e-02 7.25488863e-03 3.10075730e-01 3.49039701e-01
 7.18514257e-01 9.95898978e-01 2.57475452e-01 1.84885683e-01
 1.99311438e-02 1.48741570e-02 9.69960143e-01 1.11358879e-01
 2.19294824e-02 4.13232440e-01 5.33907283e-01 5.39576008e-02
 5.33907283e-01 1.72496272e-01 7.25488863e-03 2.19534247e-04
 3.10075730e-01 4.70847031e-03 7.94826541e-01 2.51182002e-04
 1.11358879e-01 3.47919250e-05 1.11358879e-01 5.87165796e-02
 9.54673207e-02 2.91764847e-01 7.44535382e-01 4.95346404e-02
 1.48741570e-02 9.02355278e-01 1.29372179e-01 1.72496272e-01
 4.36093382e-01 2.74233349e-01 3.36894521e-03 2.11739817e-01
 5.87165796e-02 1.29372179e-01]","[3.80948244e-02 7.94826541e-01 1.60771824e-01 5.33907283e-01
 3.18171260e-02 2.90339156e-02 9.84577388e-01 6.12251659e-01
 3.80948244e-02 1.16899447e-03 3.48322136e-02 9.19466758e-01
 7.94826541e-01 9.78089566e-01 3.91087390e-01 3.91087390e-01
 5.85633896e-03 6.52148041e-03 1.84885683e-01 5.33907283e-01
 9.92823487e-03 3.49039701e-01 6.92127962e-01 1.60771824e-01
 1.97960446e-01 2.11739817e-01 7.52091658e-02 2.51182002e-04
 5.33907283e-01 2.91764847e-01 3.91087390e-01 2.58137431e-05
 1.29372179e-01 2.41040115e-02 8.82599083e-02 5.85821277e-01
 2.41482152e-01 9.78089566e-01 3.91087390e-01 1.11358879e-01
 2.90339156e-02 8.83591758e-01 5.39576008e-02 6.38860419e-01
 9.69960143e-01 9.54673207e-02 1.48741570e-02 3.69683622e-01
 2.64676308e-02 2.91764847e-01]","[1.51348904e-02 7.80893845e-01 6.25709589e-02 3.58942098e-01
 1.69735220e-03 2.72261104e-02 9.72662765e-01 2.66257305e-01
 3.01082483e-02 9.78541882e-03 1.66082012e-01 5.05329709e-01
 6.54204864e-01 9.86928464e-01 1.86473123e-01 2.54724979e-01
 9.98881004e-03 1.29116176e-02 9.44269759e-01 4.38566365e-02
 1.25040074e-03 3.40565543e-01 3.64675829e-01 3.80111599e-02
 3.13494904e-01 1.01556123e-01 8.98673016e-03 9.40696816e-05
 1.82648823e-01 7.10342701e-03 7.81633298e-01 8.99895864e-05
 5.87599748e-02 5.97229176e-05 3.39203192e-02 1.10793936e-01
 2.04565475e-01 1.79074287e-01 4.44473778e-01 3.31807531e-02
 1.33112561e-02 9.09439373e-01 1.26397948e-01 1.59077952e-01
 5.75894081e-01 1.37673565e-01 1.14053587e-02 4.06651765e-01
 2.38104424e-02 8.20119403e-02]","[9.23038135e-03 8.04469578e-01 2.65963651e-01 5.24196319e-01
 1.72695481e-02 3.56928962e-02 9.74297143e-01 5.42900697e-01
 5.11754832e-02 1.41938771e-03 1.37800393e-02 9.01694818e-01
 7.29949343e-01 9.55341967e-01 3.21817606e-01 3.69606533e-01
 6.24920573e-03 9.15891515e-03 1.75513580e-01 4.44550568e-01
 7.80961961e-03 5.92867956e-01 5.67329618e-01 2.30094448e-01
 1.75473717e-01 2.88626236e-01 3.84006689e-02 3.76285189e-04
 4.97122354e-01 1.77705742e-01 3.94225988e-01 7.01209074e-04
 5.72665839e-02 1.33588053e-02 6.16537762e-02 4.89998733e-01
 3.99441741e-01 8.74327517e-01 2.83487530e-01 4.79621579e-02
 3.96184216e-02 8.56092230e-01 1.02325636e-01 8.66357425e-01
 9.50397451e-01 3.53625124e-02 9.66196142e-03 2.04952222e-01
 1.44094154e-02 3.60867540e-01]","[1.42331225e-04 2.50000000e-03 7.95700452e-04 2.50000000e-03
 2.01887463e-05 3.44602179e-04 2.50000000e-03 2.50000000e-03
 1.59087988e-04 1.50785433e-04 1.22672953e-03 2.50000000e-03
 2.50000000e-03 2.50000000e-03 2.15965769e-03 2.00633857e-03
 1.26614144e-04 1.52867760e-04 2.50000000e-03 4.67823512e-04
 1.00000000e-05 2.50000000e-03 2.50000000e-03 6.61697995e-04
 2.50000000e-03 1.24044925e-03 8.83948255e-05 1.00000000e-05
 1.96109404e-03 1.11950734e-04 2.50000000e-03 1.00000000e-05
 5.80564177e-04 1.00000000e-05 3.22701735e-04 1.48567107e-03
 2.50000000e-03 2.22158853e-03 2.50000000e-03 3.05259011e-04
 1.09658337e-04 2.50000000e-03 1.31256142e-03 1.98714260e-03
 2.50000000e-03 1.07608872e-03 8.44365194e-05 2.50000000e-03
 2.18787484e-04 1.08372563e-03]","[8.20623687e-05 2.50000000e-03 2.50000000e-03 2.50000000e-03
 1.32760463e-04 4.02543658e-04 2.50000000e-03 2.50000000e-03
 2.65658375e-04 2.27098642e-05 1.17523611e-04 2.50000000e-03
 2.50000000e-03 2.50000000e-03 2.50000000e-03 2.50000000e-03
 7.08829885e-05 1.04762280e-04 2.41435119e-03 2.50000000e-03
 6.34787126e-05 2.50000000e-03 2.50000000e-03 2.50000000e-03
 2.30224570e-03 2.50000000e-03 4.46725254e-04 1.00000000e-05
 2.50000000e-03 1.68356604e-03 2.50000000e-03 1.00000000e-05
 6.68163921e-04 1.35469401e-04 5.61439767e-04 2.50000000e-03
 2.50000000e-03 2.50000000e-03 2.14574903e-03 5.32100804e-04
 4.29969708e-04 2.50000000e-03 1.07629060e-03 2.50000000e-03
 2.50000000e-03 2.40678152e-04 9.14697176e-05 2.50000000e-03
 2.20385718e-04 2.50000000e-03]","[0.04740482 0.0414137  0.0468289  0.03798262 0.04294081 0.03765844
 0.02782885 0.03018446 0.03806541 0.05154633 0.0291305  0.02118814
 0.04094652 0.03867691 0.03000994 0.04958709 0.04698475 0.05846684
 0.0301268  0.04332127 0.04755954 0.03469344 0.03721178 0.04315179
 0.03862428 0.04273492 0.03789937 0.0483097  0.0350313  0.03766754
 0.02672299 0.04177364 0.03937755 0.06377495 0.03684054 0.04926419
 0.04514093 0.02080103 0.02799881 0.04384613 0.04669648 0.03044566
 0.04085432 0.03799475 0.02207576 0.03745219 0.03911377 0.03623318
 0.04870199 0.05084153]","[0.02820257 0.02203576 0.02654275 0.01791857 0.02708289 0.02538413
 0.016604   0.01617103 0.0305193  0.04652036 0.01884764 0.02706475
 0.0343323  0.02269403 0.02001663 0.02960283 0.02557669 0.03853835
 0.02483188 0.0166872  0.02816739 0.02132842 0.01826261 0.02837685
 0.02896468 0.02191221 0.01794481 0.04139985 0.01769917 0.01837762
 0.01788456 0.03478562 0.01914618 0.03732392 0.01986069 0.02323291
 0.02816809 0.01396629 0.02165789 0.01935969 0.03591321 0.0115716
 0.02818882 0.01148594 0.01495202 0.02677324 0.03246533 0.02921267
 0.0363023  0.02220652]","[2.40969804e-04 2.03612251e-03 2.99565293e-04 6.07172928e-03
 1.21458398e-03 6.69925111e-03 8.86140510e-02 5.12143124e-02
 5.92031116e-03 4.65751636e-05 6.58141215e-02 3.25922864e-01
 2.37587505e-03 4.90457202e-03 5.34189977e-02 1.03107386e-04
 2.82504395e-04 2.19739305e-06 5.19338395e-02 1.06479140e-03
 2.27180589e-04 1.58389573e-02 7.66089643e-03 1.12925132e-03
 4.98526883e-03 1.30362301e-03 6.22754281e-03 1.70257546e-04
 1.44108265e-02 6.68086791e-03 1.12876816e-01 1.80572001e-03
 3.93859982e-03 1.62705395e-07 8.55397367e-03 1.17188708e-04
 5.58326336e-04 3.47578870e-01 8.53042273e-02 8.86292220e-04
 3.14819831e-04 4.80615888e-02 2.44884278e-03 6.04933063e-03
 2.79799891e-01 7.12873440e-03 4.27963328e-03 1.02206930e-02
 1.46156918e-04 6.22088267e-05]","[8.14738212e-02 2.81772616e-01 1.17308245e-01 5.35966679e-01
 1.04440643e-01 1.49315879e-01 6.33494255e-01 6.66149143e-01
 4.72035602e-02 3.36245800e-04 4.70510487e-01 1.04852836e-01
 1.75046548e-02 2.50563682e-01 3.94282830e-01 5.88819074e-02
 1.43555590e-01 5.11961881e-03 1.66869518e-01 6.27226743e-01
 8.21245197e-02 3.18305909e-01 5.11294264e-01 7.83135794e-02
 6.84077508e-02 2.87928877e-01 5.34068658e-01 2.04551272e-03
 5.51928823e-01 5.03154640e-01 5.38429779e-01 1.54372456e-02
 4.50337358e-01 7.40830846e-03 4.04007710e-01 2.26978725e-01
 8.21115498e-02 8.24789809e-01 3.00900471e-01 4.36197204e-01
 1.12122858e-02 9.48776217e-01 8.17276632e-02 9.51766314e-01
 7.56621350e-01 1.11666038e-01 2.88681667e-02 6.45603741e-02
 1.00172061e-02 2.73419960e-01]","[ 9.84191895e-04  4.36306000e-05  1.02519989e-05  3.18169594e-04
  8.58306885e-04  7.03334808e-05 -1.67489052e-04 -1.52945518e-04
  1.47700310e-04  1.80375576e-03  1.00541115e-03  1.98721886e-04
  6.90937042e-04  7.49826431e-04 -1.70826912e-04  3.03983688e-04
  1.76715851e-03  1.69730186e-03 -1.48415565e-04  5.15341759e-04
  6.43730164e-04  2.67028809e-05  6.91413879e-06  2.70128250e-04
  1.97517872e-03  1.27661228e-03  4.21524048e-04  1.12974644e-03
  3.82304192e-04  9.25064087e-05  8.77380371e-05  1.74987316e-03
  5.33938408e-04  3.01730633e-03  5.07473946e-04  5.94854355e-04
  3.77535820e-04  7.32660294e-04  1.51872635e-04  3.10063362e-04
  3.88860703e-04  1.06096268e-04  8.86917114e-04  6.60777092e-04
 -1.91688538e-04  6.43253326e-04  1.55138969e-03  1.13487244e-04
  1.20604038e-03  1.33585930e-03]","[ 3.18050385e-04 -1.91330910e-04 -1.63793564e-04 -1.66058540e-04
  8.02278519e-05 -1.71422958e-04 -1.54137611e-04 -1.22785568e-05
 -9.71555710e-05  1.35385990e-03  6.48736954e-04 -1.45196915e-04
  1.03235245e-04 -1.28746033e-05 -1.68919563e-04 -7.27176666e-06
  5.87821007e-04  7.14540482e-04 -3.39746475e-05 -1.40428543e-04
 -4.51803207e-05  1.59740448e-05 -1.80721283e-04 -8.18967819e-05
  1.04200840e-03  1.86204910e-04 -1.53779984e-04  4.51683998e-04
 -1.27673149e-04 -1.18732452e-04 -1.00851059e-04  7.46846199e-04
 -1.54376030e-04  1.10769272e-03 -6.55651093e-05 -7.51018524e-05
 -7.77244568e-05  5.40018082e-04 -1.33037567e-04 -1.13487244e-04
  5.60283661e-06  1.00612640e-04  2.21848488e-04 -1.82032585e-04
 -1.07288361e-04  3.25202942e-04  1.11687183e-03 -3.14712524e-05
  5.93900681e-04  1.66058540e-04]","[0.02775838 0.01311805 0.01318564 0.01657409 0.02498098 0.01335359
 0.00682297 0.00908297 0.01442267 0.03268945 0.02783322 0.01534407
 0.02303937 0.02254982 0.00880792 0.01572897 0.03196316 0.03027326
 0.0077283  0.02268704 0.02271036 0.01156302 0.01095075 0.01703135
 0.03755673 0.03071898 0.01989468 0.02697803 0.02000653 0.0131817
 0.01336437 0.03333422 0.02023302 0.03894641 0.01959213 0.02131919
 0.02016166 0.02375915 0.01639855 0.01949721 0.01885463 0.01395784
 0.02640723 0.02178435 0.00493611 0.02252869 0.03175385 0.01448204
 0.0266209  0.03085002]","[0.01838569 0.00464616 0.00591844 0.00561909 0.01413669 0.00632773
 0.00585818 0.01022708 0.00796504 0.02670342 0.02174417 0.00732706
 0.01314239 0.00957661 0.00643641 0.01044924 0.02052823 0.02025835
 0.00877836 0.00751739 0.01011226 0.0101388  0.00518349 0.00823509
 0.02812714 0.01497858 0.00609259 0.01749588 0.00841477 0.0072344
 0.00835148 0.02158745 0.00655501 0.02534035 0.00844282 0.00894533
 0.00979542 0.02110348 0.00781169 0.00879464 0.01052208 0.012574
 0.01665926 0.00540888 0.00775305 0.01656985 0.02664269 0.01112128
 0.0180089  0.0158936 ]",0.25172167339333906,0.32604310928952857,0.2895342478957515,0.32218739681798336,0.23881322375531633,0.3158510632163723,0.29234194996964397,0.31884083079135106,0.0013028899862517246,0.001534619746216738,0.0010415216939841198,0.0010961527844534115,0.0395825424015522,0.024841295838356023,0.008884583751775412,0.007763702121256203,0.0006303000450134278,0.00014426469802856446,0.0006748486359360979,0.0003956658680747701,0.020546352788527598,0.012308800176471568,0.008119992629391249,0.006430075250575889
df2,0.1,0.1,0.0,"[6.93218252e-02 1.60771824e-01 7.51402754e-06 2.51182002e-04
 2.58137431e-05 5.40313022e-05 2.74233349e-01 3.36894521e-03
 5.87165796e-02 5.33907283e-01 1.26822204e-04 4.16212987e-02
 6.41076366e-06 4.21554189e-03 5.08599525e-01 2.19534247e-04
 6.52148041e-03 5.40313022e-05 3.91087390e-01 6.38312357e-02
 7.20954134e-05 1.80967606e-02 4.70847031e-03 5.51757155e-04
 1.20088801e-01 3.00718998e-03 3.27832948e-04 5.40313022e-05
 1.03408932e-03 4.70847031e-03 2.19534247e-04 1.89004559e-03
 1.48940867e-03 1.32017364e-03 8.95145539e-03 7.51402754e-06
 2.51182002e-04 1.64147482e-02 1.64147482e-02 2.87103585e-04
 5.46398884e-06 6.24445815e-05 8.82599083e-02 4.95346404e-02
 8.06268875e-03 2.74233349e-01 1.16899447e-03 4.21554189e-03
 4.70847031e-03 3.29168072e-01]","[1.97960446e-01 2.41482152e-01 5.40313022e-05 6.26876255e-04
 2.19534247e-04 1.20265345e-05 2.74233349e-01 3.73964604e-04
 8.06268875e-03 3.29168072e-01 1.03408932e-03 5.39576008e-02
 1.20265345e-05 4.70847031e-03 3.29168072e-01 2.41040115e-02
 2.64676308e-02 8.06268875e-03 4.36093382e-01 1.80967606e-02
 4.85152370e-04 4.70847031e-03 5.85633896e-03 2.90339156e-02
 4.16212987e-02 6.93218252e-02 2.51182002e-04 3.73964604e-04
 3.77043497e-03 1.60771824e-01 8.95145539e-03 1.64147482e-02
 9.92823487e-03 6.52148041e-03 8.15145929e-02 9.58129418e-05
 1.10005675e-02 1.21765095e-02 8.95145539e-03 2.42077577e-06
 8.79830246e-06 1.91681353e-04 5.87165796e-02 3.18171260e-02
 1.64147482e-02 1.29372179e-01 1.16899447e-03 8.15145929e-02
 1.48741570e-02 5.85821277e-01]","[6.93218252e-02 1.60771824e-01 7.51402754e-06 2.51182002e-04
 2.58137431e-05 5.40313022e-05 2.74233349e-01 3.36894521e-03
 5.87165796e-02 5.33907283e-01 1.26822204e-04 4.16212987e-02
 6.41076366e-06 4.21554189e-03 5.08599525e-01 2.19534247e-04
 6.52148041e-03 5.40313022e-05 3.91087390e-01 6.38312357e-02
 7.20954134e-05 1.80967606e-02 4.70847031e-03 5.51757155e-04
 1.20088801e-01 3.00718998e-03 3.27832948e-04 5.40313022e-05
 1.03408932e-03 4.70847031e-03 2.19534247e-04 1.89004559e-03
 1.48940867e-03 1.32017364e-03 8.95145539e-03 7.51402754e-06
 2.51182002e-04 1.64147482e-02 1.64147482e-02 2.87103585e-04
 5.46398884e-06 6.24445815e-05 8.82599083e-02 4.95346404e-02
 8.06268875e-03 2.74233349e-01 1.16899447e-03 4.21554189e-03
 4.70847031e-03 3.29168072e-01]","[1.97960446e-01 2.41482152e-01 5.40313022e-05 6.26876255e-04
 2.19534247e-04 1.20265345e-05 2.74233349e-01 3.73964604e-04
 8.06268875e-03 3.29168072e-01 1.03408932e-03 5.39576008e-02
 1.20265345e-05 4.70847031e-03 3.29168072e-01 2.41040115e-02
 2.64676308e-02 8.06268875e-03 4.36093382e-01 1.80967606e-02
 4.85152370e-04 4.70847031e-03 5.85633896e-03 2.90339156e-02
 4.16212987e-02 6.93218252e-02 2.51182002e-04 3.73964604e-04
 3.77043497e-03 1.60771824e-01 8.95145539e-03 1.64147482e-02
 9.92823487e-03 6.52148041e-03 8.15145929e-02 9.58129418e-05
 1.10005675e-02 1.21765095e-02 8.95145539e-03 2.42077577e-06
 8.79830246e-06 1.91681353e-04 5.87165796e-02 3.18171260e-02
 1.64147482e-02 1.29372179e-01 1.16899447e-03 8.15145929e-02
 1.48741570e-02 5.85821277e-01]","[1.03272856e-01 1.41002825e-01 1.94820778e-05 4.20760804e-05
 2.01333139e-05 3.45320571e-06 1.95094307e-01 1.15945967e-04
 1.04952541e-02 2.59725947e-01 1.78552858e-04 2.93448293e-02
 1.44298420e-07 7.86255540e-04 3.17133322e-01 4.18258317e-05
 5.33832069e-03 4.63936079e-06 3.42038260e-01 1.62304017e-02
 4.89468690e-05 1.88041224e-03 7.57832663e-04 9.03937484e-05
 4.28533409e-02 1.57924588e-03 9.26096451e-05 4.14955271e-05
 2.34092606e-04 6.56742184e-03 3.73615702e-04 3.92586275e-04
 2.78563586e-03 2.33436002e-04 8.25528032e-03 1.36915923e-05
 4.36230258e-05 2.81065269e-03 5.23993508e-03 6.93555059e-05
 8.54860588e-07 3.13995251e-05 4.00998368e-02 1.70439839e-02
 1.02828794e-03 1.99814880e-01 1.83185932e-04 3.68738544e-03
 1.29143156e-03 3.31967922e-01]","[1.42715081e-01 1.36267554e-01 8.58307168e-05 2.27515936e-04
 6.50193357e-04 1.84554824e-05 3.11432829e-01 1.95033836e-05
 7.32913990e-03 1.76615254e-01 8.22991304e-04 9.36182638e-02
 2.90988168e-06 7.04754190e-04 5.00738101e-01 4.12888557e-03
 2.70382256e-02 2.37139409e-03 4.11963600e-01 4.13182168e-03
 6.33504112e-05 1.48123612e-03 4.06527098e-03 5.24100990e-03
 2.85247304e-02 1.89044711e-02 4.76115052e-05 4.04219814e-04
 7.63887919e-04 3.75518985e-02 3.61084194e-03 3.24329570e-03
 9.82545802e-03 8.66217880e-04 3.43695963e-02 1.93955740e-05
 6.22349763e-04 8.41715078e-03 3.61894634e-03 3.33770966e-07
 3.53897986e-06 1.13761706e-05 1.28821254e-01 1.38527854e-02
 2.57047801e-03 8.05192305e-02 4.25252076e-05 1.64831433e-02
 7.95753667e-03 6.18014958e-01]","[8.85215700e-04 8.15018644e-04 1.00000000e-05 1.00000000e-05
 1.00000000e-05 1.00000000e-05 1.97714047e-03 1.00000000e-05
 9.51583537e-05 2.06145990e-03 1.00000000e-05 3.40027147e-04
 1.00000000e-05 1.00000000e-05 2.50000000e-03 1.00000000e-05
 5.53369591e-05 1.00000000e-05 2.39040897e-03 1.02482312e-04
 1.00000000e-05 1.00000000e-05 1.00000000e-05 1.00000000e-05
 3.32691824e-04 1.37018004e-05 1.00000000e-05 1.00000000e-05
 1.00000000e-05 5.99375156e-05 1.00000000e-05 1.00000000e-05
 2.09470740e-05 1.00000000e-05 4.21241074e-05 1.00000000e-05
 1.00000000e-05 1.56701082e-05 4.45122213e-05 1.00000000e-05
 1.00000000e-05 1.00000000e-05 2.30843206e-04 1.27427188e-04
 1.00000000e-05 2.11040221e-03 1.00000000e-05 1.87163855e-05
 1.00000000e-05 2.50000000e-03]","[1.29698893e-03 1.22340254e-03 1.00000000e-05 1.00000000e-05
 1.00000000e-05 1.00000000e-05 2.50000000e-03 1.00000000e-05
 4.37840151e-05 1.69344771e-03 1.00000000e-05 1.25803725e-03
 1.00000000e-05 1.00000000e-05 2.50000000e-03 3.29456748e-05
 2.63645564e-04 1.86232710e-05 2.39201293e-03 2.15797336e-05
 1.00000000e-05 1.01104503e-05 1.01754975e-05 3.16270410e-05
 2.91068665e-04 1.46848646e-04 1.00000000e-05 1.00000000e-05
 1.00000000e-05 2.49508507e-04 2.19629096e-05 1.14629089e-05
 8.57102879e-05 1.00000000e-05 2.68567151e-04 1.00000000e-05
 1.00000000e-05 5.92699182e-05 3.74959569e-05 1.00000000e-05
 1.00000000e-05 1.00000000e-05 1.03056100e-03 1.01018879e-04
 1.40476463e-05 9.19903948e-04 1.00000000e-05 1.10272061e-04
 4.61954737e-05 2.50000000e-03]","[0.05017988 0.04366584 0.0732763  0.05861806 0.06806128 0.05363664
 0.04695636 0.05688307 0.05981788 0.02990523 0.07421558 0.05780198
 0.08661613 0.05087243 0.04471295 0.06271857 0.04895961 0.08180205
 0.05206299 0.0521835  0.0698328  0.05961296 0.05380037 0.09145063
 0.04207021 0.06558467 0.06474602 0.05933144 0.04790846 0.06529894
 0.07094652 0.07067111 0.04470857 0.0530713  0.0572625  0.05465862
 0.07094404 0.05328597 0.05469528 0.06141471 0.07901753 0.06437548
 0.06590878 0.06188874 0.05852367 0.04724347 0.04738884 0.04847496
 0.05264848 0.04361014]","[0.03502845 0.02715138 0.05510994 0.0455333  0.04581266 0.04130826
 0.03753726 0.04205833 0.03627884 0.0222887  0.05048026 0.03704847
 0.05703852 0.04837223 0.02396109 0.03011391 0.03145758 0.05434482
 0.02639174 0.03810416 0.0524502  0.03933777 0.03352152 0.05310268
 0.02968574 0.03701336 0.04709787 0.04133246 0.03481892 0.03456649
 0.03809088 0.0395685  0.02457025 0.04636311 0.04029121 0.03211461
 0.05127164 0.04116239 0.04177454 0.04390381 0.0667945  0.04095739
 0.03497729 0.04372378 0.03839311 0.03384952 0.03727582 0.02847678
 0.04068704 0.02730469]","[8.13347936e-05 9.44185749e-04 8.75037511e-10 2.04673673e-06
 1.68536212e-08 1.92830208e-05 2.85542076e-04 4.57261067e-06
 1.15744121e-06 5.47805823e-02 5.01801987e-10 2.99622758e-06
 1.66958638e-13 6.14294867e-05 6.51431061e-04 2.78117636e-07
 1.32128518e-04 4.33298627e-12 3.75761244e-05 3.57297254e-05
 6.32359048e-09 1.27684138e-06 1.79693739e-05 5.25514602e-15
 1.63432984e-03 6.36036829e-08 9.86144606e-08 1.46040569e-06
 1.98770140e-04 7.39004148e-08 3.37053401e-09 3.94164689e-09
 6.52456030e-04 2.45617236e-05 3.84339671e-06 1.23704252e-05
 3.37529370e-09 2.24123594e-05 1.21731221e-05 5.32384551e-07
 2.61624743e-11 1.19483348e-07 5.36065119e-08 4.21104064e-07
 2.13956063e-06 2.56189769e-04 2.42438547e-04 1.59678321e-04
 2.93846613e-05 9.62773443e-04]","[1.44223628e-02 1.02895937e-01 1.01411721e-05 4.84083048e-04
 4.36990937e-04 2.10860870e-03 6.94863257e-03 1.64089231e-03
 1.00858692e-02 2.69464564e-01 7.20460991e-05 8.04276162e-03
 4.25906187e-06 1.66178667e-04 1.97825603e-01 5.20958269e-02
 3.73813112e-02 1.41895627e-05 1.21130262e-01 5.85064952e-03
 3.19462962e-05 3.98837130e-03 2.18271759e-02 2.42355840e-05
 5.77320703e-02 8.12707978e-03 2.70699676e-04 2.09176891e-03
 1.52943607e-02 1.64075839e-02 5.87444552e-03 3.70751643e-03
 1.75738687e-01 3.56531668e-04 2.94138033e-03 3.16140590e-02
 5.21614410e-05 2.21284560e-03 1.80517263e-03 8.68482315e-04
 3.34501450e-08 2.36740517e-03 1.46310689e-02 9.25206089e-04
 5.35427377e-03 1.99755915e-02 7.51571392e-03 7.65486191e-02
 2.58654650e-03 9.95068978e-02]","[6.51001930e-04 6.55055046e-04 4.22358513e-03 2.51257420e-03
 2.42924690e-03 1.40678883e-03 6.24060631e-04 1.98292732e-03
 2.68030167e-03 1.19447708e-04 2.33912468e-03 2.15744972e-03
 3.07321548e-03 2.11524963e-03 3.80516052e-04 1.55663490e-03
 2.02131271e-03 2.84504890e-03 2.28226185e-03 1.87838078e-03
 2.77483463e-03 1.97541714e-03 1.82652473e-03 3.95178795e-03
 7.82012939e-05 3.49390507e-03 2.13432312e-03 2.02000141e-03
 1.20341778e-03 2.64716148e-03 1.03294849e-03 2.36606598e-03
 7.44819641e-04 2.11179256e-03 2.15494633e-03 2.41804123e-03
 2.73323059e-03 1.58822536e-03 2.49230862e-03 1.66451931e-03
 3.46279144e-03 1.97255611e-03 2.99656391e-03 2.36594677e-03
 1.70934200e-03 2.22325325e-03 1.17194653e-03 4.62293625e-04
 1.25265121e-03 5.30242920e-04]","[ 1.07288361e-05  9.64403152e-05  2.30169296e-03  1.31070614e-03
  9.13143158e-04  4.89592552e-04  9.71555710e-05  1.22320652e-03
  1.21986866e-03 -7.03334808e-05  1.14262104e-03  6.06894493e-04
  1.22249126e-03  1.50275230e-03 -9.26256180e-05  4.78029251e-05
  6.63161278e-04  8.83936882e-04  4.75168228e-04  9.58800316e-04
  1.43873692e-03  7.97033310e-04  4.47630882e-04  1.16455555e-03
 -1.88231468e-04  1.36566162e-03  1.06501579e-03  7.36117363e-04
  4.83155251e-04  8.11934471e-04  2.05636024e-04  8.18014145e-04
  1.27673149e-04  1.48153305e-03  1.16765499e-03  8.52108002e-04
  1.26135349e-03  5.15222549e-04  1.20401382e-03  9.90867615e-04
  2.32875347e-03  8.52823257e-04  1.22439861e-03  9.30309296e-04
  6.72936440e-04  1.36268139e-03  6.43730164e-04 -8.47578049e-05
  4.72068787e-04 -7.15255737e-06]","[0.02257302 0.02370297 0.05038714 0.04318299 0.03810609 0.03032743
 0.02004756 0.03783762 0.04009703 0.01614578 0.03798448 0.03493454
 0.04301919 0.03826347 0.021111   0.03329654 0.0363319  0.04185709
 0.0362677  0.03422483 0.04255956 0.03598271 0.03383055 0.05023657
 0.0132603  0.04602999 0.03806009 0.03605629 0.03005894 0.04114451
 0.02661364 0.04047104 0.02585744 0.03762465 0.03857368 0.0393977
 0.04176115 0.03350374 0.03812408 0.03271656 0.04647133 0.03623307
 0.04338265 0.03658379 0.03147277 0.03421076 0.03006142 0.02209555
 0.02990926 0.02271813]","[0.0109246  0.01319676 0.03800638 0.03195652 0.02367123 0.02026137
 0.01108153 0.03110134 0.02896429 0.00925521 0.02728076 0.0196077
 0.02867177 0.0318158  0.00902267 0.01348007 0.02271855 0.02476206
 0.01968496 0.02438903 0.03057551 0.02458939 0.01831402 0.03008261
 0.00529836 0.03013443 0.02776376 0.02149618 0.01991857 0.02524949
 0.01705811 0.02746299 0.0160772  0.03224528 0.02908618 0.02558706
 0.03100155 0.02121206 0.02715201 0.02688902 0.03905733 0.02543583
 0.03017437 0.0238595  0.02038936 0.02713116 0.02310561 0.00988952
 0.01937117 0.01217711]",0.061525132046442235,0.06691099380628243,0.1289908298234224,0.12431503996409943,0.041808032035728304,0.05701600805459,0.09181936756813125,0.1299377237560763,0.0003403844417474243,0.0003876054914847807,0.0007322725834754293,0.0007328314194927672,0.058666430599689484,0.039597955169677734,0.012020159967975714,0.009273656599661966,0.0019498848915100097,0.0008028936386108398,0.0009444423002821863,0.000568676024540426,0.03469400568008554,0.023152747046776504,0.008230800384270381,0.007665385451159122
df2,0.15000000000000002,0.15000000000000002,0.0,"[1.90755446e-05 8.31541824e-05 1.51046944e-07 1.67194217e-04
 1.91681353e-04 1.10287908e-04 2.05084189e-06 1.10005675e-02
 7.42361542e-07 1.91681353e-04 2.68158880e-03 1.40396435e-05
 1.26822204e-04 3.27832948e-04 5.24820678e-07 8.06755085e-04
 2.58137431e-05 8.79830246e-06 7.20954134e-05 6.24445815e-05
 9.58129418e-05 3.95729931e-06 1.81007354e-07 1.23948622e-06
 8.79830246e-06 6.26876255e-04 1.90755446e-05 4.85152370e-04
 3.95729931e-06 5.46398884e-06 1.63732496e-05 1.63732496e-05
 4.03308445e-05 1.91681353e-04 1.02917236e-05 1.02917236e-05
 1.63732496e-05 2.85456402e-06 3.47919250e-05 1.48741570e-02
 3.95729931e-06 8.81579698e-07 1.03408932e-03 6.26876255e-04
 2.64676308e-02 2.68158880e-03 2.05084189e-06 1.91681353e-04
 8.06755085e-04 9.13835051e-04]","[1.67194217e-04 3.47919250e-05 3.36269816e-06 2.22014992e-05
 2.51182002e-04 9.58129418e-05 4.03308445e-05 4.54286666e-02
 4.40608072e-07 3.77043497e-03 1.80967606e-02 1.32017364e-03
 4.21554189e-03 1.26822204e-04 2.05084189e-06 2.19294824e-02
 1.02917236e-05 6.26876255e-04 8.06268875e-03 1.91681353e-04
 1.89004559e-03 1.67865304e-03 2.16691945e-07 1.45688880e-04
 2.51182002e-04 2.68158880e-03 2.99835482e-05 1.64147482e-02
 5.40313022e-05 1.40396435e-05 2.68158880e-03 6.52148041e-03
 8.06755085e-04 5.39576008e-02 8.31541824e-05 3.73964604e-04
 1.04585220e-06 4.65235514e-06 4.85152370e-04 7.52091658e-02
 2.22014992e-05 3.95729931e-06 3.80948244e-02 6.52148041e-03
 3.80948244e-02 4.21554189e-03 8.31541824e-05 1.32017364e-03
 1.80967606e-02 4.21554189e-03]","[1.90755446e-05 8.31541824e-05 1.51046944e-07 1.67194217e-04
 1.91681353e-04 1.10287908e-04 2.05084189e-06 1.10005675e-02
 7.42361542e-07 1.91681353e-04 2.68158880e-03 1.40396435e-05
 1.26822204e-04 3.27832948e-04 5.24820678e-07 8.06755085e-04
 2.58137431e-05 8.79830246e-06 7.20954134e-05 6.24445815e-05
 9.58129418e-05 3.95729931e-06 1.81007354e-07 1.23948622e-06
 8.79830246e-06 6.26876255e-04 1.90755446e-05 4.85152370e-04
 3.95729931e-06 5.46398884e-06 1.63732496e-05 1.63732496e-05
 4.03308445e-05 1.91681353e-04 1.02917236e-05 1.02917236e-05
 1.63732496e-05 2.85456402e-06 3.47919250e-05 1.48741570e-02
 3.95729931e-06 8.81579698e-07 1.03408932e-03 6.26876255e-04
 2.64676308e-02 2.68158880e-03 2.05084189e-06 1.91681353e-04
 8.06755085e-04 9.13835051e-04]","[1.67194217e-04 3.47919250e-05 3.36269816e-06 2.22014992e-05
 2.51182002e-04 9.58129418e-05 4.03308445e-05 4.54286666e-02
 4.40608072e-07 3.77043497e-03 1.80967606e-02 1.32017364e-03
 4.21554189e-03 1.26822204e-04 2.05084189e-06 2.19294824e-02
 1.02917236e-05 6.26876255e-04 8.06268875e-03 1.91681353e-04
 1.89004559e-03 1.67865304e-03 2.16691945e-07 1.45688880e-04
 2.51182002e-04 2.68158880e-03 2.99835482e-05 1.64147482e-02
 5.40313022e-05 1.40396435e-05 2.68158880e-03 6.52148041e-03
 8.06755085e-04 5.39576008e-02 8.31541824e-05 3.73964604e-04
 1.04585220e-06 4.65235514e-06 4.85152370e-04 7.52091658e-02
 2.22014992e-05 3.95729931e-06 3.80948244e-02 6.52148041e-03
 3.80948244e-02 4.21554189e-03 8.31541824e-05 1.32017364e-03
 1.80967606e-02 4.21554189e-03]","[1.24657537e-06 6.28396689e-06 1.77233705e-09 1.00223494e-06
 1.37333361e-05 3.38748566e-07 7.25974161e-08 2.63454705e-03
 4.43774295e-09 2.83183666e-05 7.36310058e-04 9.73086434e-06
 1.22065004e-05 1.54296274e-04 1.91634024e-07 4.53273485e-04
 5.30794997e-06 8.96989560e-08 7.63885412e-06 7.95520193e-06
 5.03052011e-06 2.46678779e-07 1.05690473e-08 1.06794021e-07
 5.64695822e-07 1.70795799e-04 2.70960380e-07 3.08109112e-05
 8.22275530e-08 6.87195400e-07 9.36070620e-07 5.21749062e-06
 1.59348027e-06 6.14475659e-05 6.94796354e-06 1.47066516e-06
 9.47863287e-07 7.37426304e-08 1.08658366e-07 6.29469544e-03
 2.57001326e-07 6.08910410e-08 6.24925564e-04 1.77021032e-04
 9.94495872e-03 5.75997759e-05 4.23979735e-08 9.73070091e-06
 1.85819474e-04 1.48457627e-03]","[5.12433407e-05 8.44141738e-07 4.45032757e-08 3.17398716e-06
 1.54097118e-04 5.75401287e-06 9.12926939e-07 2.52713544e-02
 1.85170643e-08 5.51988461e-04 9.41382125e-03 3.91679902e-04
 3.47775745e-04 2.02918974e-04 8.50766080e-07 9.84705485e-03
 1.18088747e-06 1.10367301e-05 5.84702742e-04 2.99213057e-06
 1.54711034e-04 8.09831882e-05 1.59127743e-08 2.16631085e-05
 7.98469802e-06 8.87911626e-04 4.35216905e-06 2.45230709e-03
 3.59122756e-06 4.90612183e-07 6.74022270e-05 2.72689314e-03
 3.37663105e-05 1.99570380e-02 2.92553118e-06 3.88415597e-04
 8.44712168e-07 3.04184469e-07 3.94127999e-06 1.17591426e-01
 1.35575304e-06 1.70663639e-07 6.88105181e-03 1.21308137e-03
 3.95440392e-02 8.72466747e-04 5.21057765e-06 6.87264960e-05
 4.10987419e-03 2.54767196e-03]","[1.00000000e-05 1.00000000e-05 1.00000000e-05 1.00000000e-05
 1.00000000e-05 1.00000000e-05 1.00000000e-05 1.57719975e-05
 1.00000000e-05 1.00000000e-05 1.00000000e-05 1.00000000e-05
 1.00000000e-05 1.00000000e-05 1.00000000e-05 1.00000000e-05
 1.00000000e-05 1.00000000e-05 1.00000000e-05 1.00000000e-05
 1.00000000e-05 1.00000000e-05 1.00000000e-05 1.00000000e-05
 1.00000000e-05 1.00000000e-05 1.00000000e-05 1.00000000e-05
 1.00000000e-05 1.00000000e-05 1.00000000e-05 1.00000000e-05
 1.00000000e-05 1.00000000e-05 1.00000000e-05 1.00000000e-05
 1.00000000e-05 1.00000000e-05 1.00000000e-05 2.97865473e-05
 1.00000000e-05 1.00000000e-05 1.00000000e-05 1.00000000e-05
 6.84637692e-05 1.00000000e-05 1.00000000e-05 1.00000000e-05
 1.00000000e-05 1.09498277e-05]","[1.00000000e-05 1.00000000e-05 1.00000000e-05 1.00000000e-05
 1.00000000e-05 1.00000000e-05 1.00000000e-05 1.64362706e-04
 1.00000000e-05 1.00000000e-05 6.94200457e-05 1.00000000e-05
 1.00000000e-05 1.00000000e-05 1.00000000e-05 5.12384871e-05
 1.00000000e-05 1.00000000e-05 1.00000000e-05 1.00000000e-05
 1.00000000e-05 1.00000000e-05 1.00000000e-05 1.00000000e-05
 1.00000000e-05 1.09071502e-05 1.00000000e-05 1.00000000e-05
 1.00000000e-05 1.00000000e-05 1.00000000e-05 2.67739436e-05
 1.00000000e-05 1.09695840e-04 1.00000000e-05 1.00000000e-05
 1.00000000e-05 1.00000000e-05 1.00000000e-05 7.49897806e-04
 1.00000000e-05 1.00000000e-05 4.84796714e-05 1.00000000e-05
 2.42487988e-04 1.00000000e-05 1.00000000e-05 1.00000000e-05
 2.42069310e-05 1.45743112e-05]","[0.09173034 0.06343383 0.07335654 0.07769982 0.07818653 0.08593661
 0.07616647 0.06577343 0.08198576 0.06755896 0.06219001 0.05980944
 0.07227061 0.08253035 0.07478374 0.06145187 0.07509012 0.08592062
 0.07696012 0.07928396 0.08326725 0.0850386  0.07915757 0.08804338
 0.07536176 0.07338532 0.08322428 0.08394531 0.09133596 0.08091584
 0.07884474 0.08462317 0.08039574 0.08356238 0.06921313 0.06492181
 0.08876028 0.07796095 0.08134532 0.060007   0.09097798 0.08625856
 0.0766842  0.05935439 0.05440236 0.07630708 0.09035575 0.07741893
 0.07209525 0.07071359]","[0.07061438 0.04586742 0.05995874 0.05193135 0.07090317 0.05526283
 0.05659344 0.03328739 0.06420149 0.04265895 0.04158134 0.04947354
 0.04846893 0.06382466 0.05885639 0.04353343 0.06819264 0.05535602
 0.05699657 0.06186197 0.06045484 0.05668618 0.06483167 0.06497478
 0.05360678 0.05991268 0.06589369 0.05130885 0.06606148 0.05928892
 0.05372349 0.05012332 0.05224972 0.04442177 0.04817029 0.04410134
 0.06997221 0.05756542 0.06196574 0.03365836 0.07399253 0.07291549
 0.0410936  0.04046557 0.04104591 0.0504336  0.057493   0.04978572
 0.05685506 0.04623136]","[4.27730939e-15 1.93647445e-07 8.34674919e-10 5.99439767e-11
 4.42037042e-11 2.67393744e-13 1.54555090e-10 5.75803002e-08
 3.83983678e-12 2.21519798e-08 3.62459158e-07 1.16213720e-06
 1.57460247e-09 2.67954099e-12 3.57238205e-10 5.22722130e-07
 2.97105101e-10 2.70361129e-13 9.48869045e-11 2.20869298e-11
 1.64050254e-12 4.95422305e-13 2.39361649e-11 6.13361037e-14
 2.52152441e-10 8.20644400e-10 1.68831154e-12 1.04045335e-12
 5.71691421e-15 7.73153226e-12 2.91904473e-11 6.57532275e-13
 1.08284927e-11 1.34617728e-12 8.93573288e-09 8.99958834e-08
 3.68616069e-14 5.09183736e-11 5.84435638e-12 1.05686258e-06
 7.43110100e-15 2.14014928e-13 1.12491423e-10 1.44453534e-06
 1.38379043e-05 1.41810011e-10 1.16934145e-14 7.14027915e-11
 1.74300360e-09 3.84778180e-09]","[4.07050025e-09 4.28279256e-04 1.08169424e-06 3.96969372e-05
 3.45474720e-09 9.47745829e-06 5.21696718e-06 2.32406798e-02
 1.30703880e-07 1.33798756e-03 1.92561441e-03 1.07865514e-04
 1.60053443e-04 1.58617373e-07 1.82930559e-06 9.88935406e-04
 1.56856397e-08 9.09355848e-06 4.34156560e-06 4.26738033e-07
 8.51198099e-07 5.00168723e-06 9.43197465e-08 8.75453722e-08
 1.95322573e-05 1.10592287e-06 5.40358547e-08 5.13689837e-05
 4.94427181e-08 1.49025608e-06 1.85751614e-05 8.32065953e-05
 3.47521948e-05 7.22895945e-04 1.79694206e-04 8.09995257e-04
 5.84782097e-09 3.34287068e-06 4.05297915e-07 2.10368922e-02
 5.73006337e-10 1.08136328e-09 2.26363754e-03 2.77987859e-03
 2.29948076e-03 7.34197018e-05 3.45648322e-06 9.52597194e-05
 4.63141023e-06 3.74408353e-04]","[0.00707471 0.00158548 0.00217819 0.00346065 0.00382304 0.00529373
 0.00377941 0.0018419  0.00444615 0.00198984 0.00099981 0.00164485
 0.00088894 0.00431097 0.0029757  0.0011332  0.00558341 0.00477767
 0.00363636 0.00262058 0.00405371 0.00340366 0.00487328 0.00664997
 0.00212693 0.00483322 0.00506687 0.00442195 0.00374556 0.00477135
 0.00378549 0.00410187 0.00271058 0.0053612  0.00274897 0.00247777
 0.00359905 0.00398386 0.00254047 0.00132692 0.00427067 0.00365567
 0.004354   0.00222087 0.0014596  0.00441515 0.0056895  0.00499141
 0.00360012 0.00174379]","[4.01318073e-03 5.75661659e-04 1.12891197e-03 1.77538395e-03
 2.45881081e-03 2.04205513e-03 1.69253349e-03 2.35080719e-04
 2.42125988e-03 2.90513039e-04 1.37805939e-04 7.37428665e-04
 5.22136688e-05 2.39431858e-03 1.72865391e-03 2.17676163e-04
 4.33850288e-03 2.29275227e-03 1.81257725e-03 1.27494335e-03
 2.00009346e-03 9.30786133e-04 2.99870968e-03 3.48424911e-03
 5.46813011e-04 3.22306156e-03 3.56161594e-03 1.56295300e-03
 1.13880634e-03 2.63261795e-03 1.82795525e-03 1.09863281e-03
 9.63091850e-04 1.71172619e-03 1.14786625e-03 9.26852226e-04
 2.02906132e-03 1.81436539e-03 1.16336346e-03 1.32441521e-04
 2.51471996e-03 2.46345997e-03 1.69324875e-03 8.54969025e-04
 4.63962555e-04 2.17628479e-03 2.67469883e-03 2.34580040e-03
 1.99317932e-03 5.30481339e-04]","[0.06315606 0.03426598 0.03901289 0.04931876 0.04938002 0.05969592
 0.04925028 0.0343477  0.05258743 0.03610637 0.02846462 0.03540163
 0.02564496 0.04888345 0.04316677 0.02828845 0.05757993 0.05681775
 0.0458245  0.04253873 0.04988286 0.04502071 0.05553792 0.06224437
 0.03899362 0.05312517 0.05374234 0.05310917 0.04739665 0.05394596
 0.05118349 0.04850856 0.0418471  0.05700984 0.04236212 0.03700083
 0.04739942 0.05076623 0.04154088 0.03160657 0.0515911  0.04851842
 0.04880371 0.03983802 0.03348681 0.05559964 0.05924959 0.05558744
 0.04893503 0.03242065]","[0.0472932  0.02364375 0.02935153 0.03612367 0.03889006 0.04006625
 0.03482994 0.01670458 0.03895752 0.01695968 0.01497116 0.02491525
 0.01203151 0.0358911  0.03414939 0.01610742 0.05035729 0.04130409
 0.03323199 0.03157228 0.03567974 0.02576042 0.04415755 0.0462331
 0.02283414 0.04388403 0.04561426 0.03491875 0.02882055 0.04202714
 0.03801988 0.02655103 0.02685147 0.03574075 0.02930709 0.02322008
 0.03643737 0.03606813 0.02934042 0.01536725 0.04043163 0.03999675
 0.03187715 0.02644571 0.02196504 0.04054745 0.04270114 0.03957428
 0.03688778 0.0200418 ]",0.0013017336316033155,0.007566999727108647,0.004420438486127332,0.015697085485995004,0.00046279173451504676,0.004929481228918941,0.001662696888922074,0.017599645987892466,1.169944283303546e-05,3.804089760618198e-05,8.601549386382412e-06,0.0001098334125060482,0.07679994009017944,0.054974160261154176,0.009281279467550429,0.010016365044251012,0.0035405611991882325,0.0016845226287841796,0.0014706272604330711,0.0010358231123564234,0.04631972928083738,0.03249307077205044,0.009335111841604647,0.00948997971117354
df2,0.2,0.2,0.0,"[1.04864874e-07 6.41076366e-06 4.58538879e-13 8.31541824e-05
 2.16691945e-07 1.80794013e-14 5.24820678e-07 2.43574207e-12
 8.79830246e-06 9.19151252e-11 3.73964604e-04 1.81007354e-07
 2.85456402e-06 5.12353012e-10 3.42511079e-08 1.46749215e-06
 5.97265054e-09 1.40396435e-05 1.07881685e-08 5.24820678e-07
 3.35473948e-10 6.24499263e-07 3.69535722e-07 7.38137688e-11
 3.27672622e-09 4.00670801e-09 1.81007354e-07 1.04864874e-07
 2.71047184e-10 7.78867068e-12 4.40608072e-07 1.04585220e-06
 3.88941584e-12 2.59150246e-07 1.51046944e-07 4.85152370e-04
 1.26822204e-04 3.69535722e-07 2.33983459e-08 2.42077577e-06
 2.99835482e-05 4.67045972e-05 2.59150246e-07 7.20954134e-05
 5.46398884e-06 1.46749215e-06 4.13773042e-08 4.13773042e-08
 7.51402754e-06 8.86732425e-09]","[1.46749215e-06 5.40313022e-05 1.31118659e-08 6.41076366e-06
 8.79830246e-06 6.02037032e-08 1.46749215e-06 2.33983459e-08
 2.19534247e-04 7.25098046e-08 3.73964604e-04 1.40396435e-05
 1.73569175e-06 6.24499263e-07 2.33983459e-08 1.73569175e-06
 6.26876255e-04 4.03308445e-05 8.72433497e-08 3.73964604e-04
 3.95729931e-06 1.67194217e-04 3.09615598e-07 3.35473948e-10
 5.40313022e-05 1.04585220e-06 2.99835482e-05 1.23948622e-06
 8.86732425e-09 1.76400398e-10 5.51757155e-04 8.06268875e-03
 7.79334122e-10 1.63732496e-05 1.40396435e-05 2.38884447e-03
 7.20954134e-05 7.20954134e-05 2.85456402e-06 1.91681353e-04
 3.36269816e-06 3.77043497e-03 2.51182002e-04 4.03308445e-05
 1.32017364e-03 3.73964604e-04 8.86732425e-09 6.24499263e-07
 6.24445815e-05 2.18488808e-09]","[1.04864874e-07 6.41076366e-06 4.58538879e-13 8.31541824e-05
 2.16691945e-07 1.80794013e-14 5.24820678e-07 2.43574207e-12
 8.79830246e-06 9.19151252e-11 3.73964604e-04 1.81007354e-07
 2.85456402e-06 5.12353012e-10 3.42511079e-08 1.46749215e-06
 5.97265054e-09 1.40396435e-05 1.07881685e-08 5.24820678e-07
 3.35473948e-10 6.24499263e-07 3.69535722e-07 7.38137688e-11
 3.27672622e-09 4.00670801e-09 1.81007354e-07 1.04864874e-07
 2.71047184e-10 7.78867068e-12 4.40608072e-07 1.04585220e-06
 3.88941584e-12 2.59150246e-07 1.51046944e-07 4.85152370e-04
 1.26822204e-04 3.69535722e-07 2.33983459e-08 2.42077577e-06
 2.99835482e-05 4.67045972e-05 2.59150246e-07 7.20954134e-05
 5.46398884e-06 1.46749215e-06 4.13773042e-08 4.13773042e-08
 7.51402754e-06 8.86732425e-09]","[1.46749215e-06 5.40313022e-05 1.31118659e-08 6.41076366e-06
 8.79830246e-06 6.02037032e-08 1.46749215e-06 2.33983459e-08
 2.19534247e-04 7.25098046e-08 3.73964604e-04 1.40396435e-05
 1.73569175e-06 6.24499263e-07 2.33983459e-08 1.73569175e-06
 6.26876255e-04 4.03308445e-05 8.72433497e-08 3.73964604e-04
 3.95729931e-06 1.67194217e-04 3.09615598e-07 3.35473948e-10
 5.40313022e-05 1.04585220e-06 2.99835482e-05 1.23948622e-06
 8.86732425e-09 1.76400398e-10 5.51757155e-04 8.06268875e-03
 7.79334122e-10 1.63732496e-05 1.40396435e-05 2.38884447e-03
 7.20954134e-05 7.20954134e-05 2.85456402e-06 1.91681353e-04
 3.36269816e-06 3.77043497e-03 2.51182002e-04 4.03308445e-05
 1.32017364e-03 3.73964604e-04 8.86732425e-09 6.24499263e-07
 6.24445815e-05 2.18488808e-09]","[7.10753012e-10 1.78842862e-07 4.71911399e-12 3.34853092e-07
 1.90114260e-08 8.82073303e-11 7.49602536e-09 7.16033899e-11
 4.55123191e-06 8.15383316e-10 4.02079962e-05 2.06681727e-09
 1.14549962e-07 1.17631904e-10 1.22020727e-10 1.31789385e-08
 5.37966338e-11 9.68130933e-07 3.00536263e-11 6.15918698e-08
 2.61456412e-11 1.66283448e-08 1.07736708e-09 1.58276725e-11
 6.48193721e-11 2.61592970e-11 8.24108622e-08 1.00837561e-10
 4.02722300e-12 1.23404842e-10 7.33006500e-09 3.59433676e-08
 1.90320870e-10 1.17689785e-08 1.32264755e-09 7.97013844e-05
 2.59824505e-06 8.47011128e-09 2.27195530e-08 1.18122331e-07
 3.55057586e-07 2.71643386e-06 8.46741566e-10 2.30293965e-06
 3.75741691e-08 2.08042674e-08 8.92595531e-09 5.76102499e-11
 1.03587028e-08 3.20758975e-11]","[4.04218037e-08 1.35442039e-07 1.18786536e-10 4.09489371e-07
 5.46433041e-07 1.81970661e-10 1.08445464e-07 1.05835263e-09
 1.04672039e-05 8.39243341e-10 1.13042952e-04 1.80106019e-07
 5.00458117e-07 9.09335274e-10 3.21995774e-09 3.54424085e-08
 1.10190797e-05 3.04979685e-06 3.19843396e-09 1.59029013e-05
 3.67725439e-07 3.46408609e-06 1.76878955e-08 5.88424087e-10
 9.36411692e-07 1.07934662e-07 4.01089747e-06 1.47944715e-08
 3.30055983e-11 8.45362669e-11 5.24278807e-05 5.07431358e-04
 2.64748223e-10 1.14747216e-07 9.46517093e-06 2.54903219e-04
 4.19731609e-05 1.76448765e-06 2.74753838e-07 1.21549789e-05
 4.41313439e-07 1.60295025e-04 1.16089946e-05 1.59389920e-05
 2.35483339e-05 1.74699419e-05 1.69686770e-08 3.10612436e-09
 1.68645319e-06 8.40254533e-11]","[1.e-05 1.e-05 1.e-05 1.e-05 1.e-05 1.e-05 1.e-05 1.e-05 1.e-05 1.e-05
 1.e-05 1.e-05 1.e-05 1.e-05 1.e-05 1.e-05 1.e-05 1.e-05 1.e-05 1.e-05
 1.e-05 1.e-05 1.e-05 1.e-05 1.e-05 1.e-05 1.e-05 1.e-05 1.e-05 1.e-05
 1.e-05 1.e-05 1.e-05 1.e-05 1.e-05 1.e-05 1.e-05 1.e-05 1.e-05 1.e-05
 1.e-05 1.e-05 1.e-05 1.e-05 1.e-05 1.e-05 1.e-05 1.e-05 1.e-05 1.e-05]","[1.e-05 1.e-05 1.e-05 1.e-05 1.e-05 1.e-05 1.e-05 1.e-05 1.e-05 1.e-05
 1.e-05 1.e-05 1.e-05 1.e-05 1.e-05 1.e-05 1.e-05 1.e-05 1.e-05 1.e-05
 1.e-05 1.e-05 1.e-05 1.e-05 1.e-05 1.e-05 1.e-05 1.e-05 1.e-05 1.e-05
 1.e-05 1.e-05 1.e-05 1.e-05 1.e-05 1.e-05 1.e-05 1.e-05 1.e-05 1.e-05
 1.e-05 1.e-05 1.e-05 1.e-05 1.e-05 1.e-05 1.e-05 1.e-05 1.e-05 1.e-05]","[0.08925721 0.08935315 0.10755671 0.07650549 0.10205869 0.0968595
 0.11349499 0.09786958 0.09707898 0.10182058 0.09132559 0.1030428
 0.08709179 0.1072684  0.08787303 0.08687925 0.09889224 0.09032362
 0.09147495 0.08290278 0.10829572 0.08335499 0.09210633 0.10516142
 0.10736979 0.10085163 0.10127696 0.11380207 0.10435992 0.1190372
 0.09640429 0.09494254 0.11223678 0.09169101 0.10091988 0.07698862
 0.07967732 0.08379629 0.09628186 0.09121495 0.08502318 0.08880041
 0.09288336 0.07954052 0.08312198 0.08823585 0.09352006 0.09906523
 0.08405516 0.11093109]","[0.06060086 0.05823149 0.0787251  0.06781971 0.06889796 0.06749079
 0.08071677 0.07132622 0.0727677  0.07573397 0.06521859 0.06745532
 0.06988769 0.07980259 0.07161959 0.07622438 0.06442287 0.06883491
 0.07854162 0.06045325 0.07530683 0.05114124 0.07864971 0.08104974
 0.06830679 0.07343374 0.07853199 0.08465702 0.08604793 0.09573661
 0.06760091 0.05804858 0.08480595 0.06542698 0.07066762 0.05992942
 0.05826689 0.05859745 0.0767534  0.06689369 0.07385624 0.06359925
 0.0565683  0.05796129 0.05613246 0.05906419 0.08221997 0.06694004
 0.07434763 0.09066339]","[2.58361207e-14 2.41172158e-14 1.32919570e-20 1.25558649e-10
 1.37052615e-18 8.76567372e-17 6.74934552e-23 3.97547546e-17
 7.38708363e-17 1.66598260e-18 5.76062410e-15 6.08621539e-19
 1.19802425e-13 1.70534743e-20 6.91825347e-14 1.38986451e-13
 1.77033615e-17 1.19693592e-14 5.16203674e-15 2.09221287e-12
 6.99598924e-21 1.54695302e-12 3.24000193e-15 1.03231348e-19
 1.56238592e-20 3.66972298e-18 2.59712574e-18 5.09597446e-23
 2.02851453e-19 3.76275276e-25 1.24844291e-16 3.84258204e-16
 2.11731512e-22 4.40311230e-15 3.47202219e-18 9.32302200e-11
 1.71831515e-11 1.15033001e-12 1.37262685e-16 6.24756824e-15
 5.00668509e-13 3.58213713e-14 1.81837959e-15 1.87535533e-11
 1.80773671e-12 5.35207547e-14 1.12861528e-15 1.54263120e-17
 9.66126857e-13 6.84120328e-22]","[7.92928622e-07 2.45331879e-06 3.14854706e-11 1.92263090e-08
 1.06412218e-08 2.29857070e-08 8.79779246e-12 2.71357859e-09
 1.17896389e-09 2.01195190e-10 7.70762451e-08 2.34314795e-08
 6.13193713e-09 1.58586971e-11 2.29323124e-09 1.49175992e-10
 1.16593084e-07 1.10185357e-08 3.53527216e-11 8.51855102e-07
 2.60670686e-10 5.50315004e-05 3.30215603e-11 7.08672146e-12
 1.47348720e-08 7.97558517e-10 3.55680096e-11 6.42575923e-13
 2.47601106e-13 2.09083850e-16 2.16536942e-08 2.67182137e-06
 5.80632689e-13 6.91002961e-08 3.94945932e-09 1.09705481e-06
 2.41306331e-06 2.06666486e-06 1.07796856e-10 3.17168208e-08
 6.21276098e-10 1.77990547e-07 5.27682760e-06 2.78257761e-06
 6.42598695e-06 1.65804589e-06 3.29033966e-12 3.09371341e-08
 4.63803930e-10 9.34904795e-15]","[0.00700998 0.007581   0.0065304  0.00298023 0.00669551 0.0057584
 0.00590932 0.00514865 0.00463021 0.0070318  0.00530684 0.00637484
 0.00549698 0.00869155 0.00777709 0.00447333 0.00698948 0.00376499
 0.0056715  0.00478625 0.00581181 0.00481689 0.0064677  0.01006889
 0.00936568 0.00754988 0.00683999 0.01066875 0.00846887 0.00999081
 0.006006   0.0055927  0.00559831 0.00559998 0.00685716 0.0046016
 0.00366497 0.00408256 0.00516105 0.0055877  0.00331533 0.00282001
 0.00578296 0.00496447 0.00489891 0.00658655 0.00692117 0.00789165
 0.00467908 0.00873125]","[0.00401676 0.00411069 0.00336349 0.00179672 0.00321698 0.00250912
 0.00273061 0.00286603 0.00178969 0.00370169 0.00290859 0.00380862
 0.00303292 0.00425422 0.00542319 0.0030328  0.00288868 0.00195146
 0.00321949 0.00219226 0.00245643 0.00169623 0.00432181 0.0069443
 0.00458145 0.0044142  0.00401402 0.00592053 0.0049566  0.00676334
 0.00325429 0.00183284 0.0028528  0.0031426  0.00335348 0.00257289
 0.00156808 0.00156927 0.00307834 0.00321162 0.00189412 0.0010705
 0.00244606 0.00283396 0.00201356 0.00311196 0.00469065 0.00420296
 0.00309217 0.00541115]","[0.06781167 0.06870291 0.06269069 0.04459532 0.06389684 0.05775546
 0.06068611 0.05610919 0.05288552 0.06709016 0.05844863 0.06450187
 0.05849093 0.07120979 0.06873192 0.05553575 0.0669767  0.05062791
 0.06116803 0.0530179  0.05781665 0.05384892 0.06232548 0.07952595
 0.0763371  0.06655928 0.06283455 0.08108658 0.07165077 0.07413935
 0.0610844  0.05843642 0.05556797 0.0579024  0.06338705 0.05313924
 0.0518235  0.0508383  0.05703595 0.05825744 0.04814132 0.04320044
 0.06119501 0.05761537 0.0566393  0.06400011 0.06393828 0.06881093
 0.0544012  0.0720831 ]","[0.05310137 0.0518542  0.04603275 0.03462033 0.04643973 0.03999392
 0.04275038 0.04339106 0.03494298 0.05000983 0.0455323  0.05190009
 0.04479893 0.05122055 0.05806403 0.04571871 0.04536783 0.03815727
 0.04563205 0.03601825 0.03967533 0.03402715 0.05074732 0.06692058
 0.05579309 0.05166643 0.04901207 0.06232866 0.05541771 0.06135075
 0.04660573 0.03659974 0.04106291 0.04477302 0.04559195 0.0412118
 0.03617307 0.03259912 0.04436214 0.04545369 0.03840252 0.02830246
 0.04241054 0.04552748 0.03913278 0.04569449 0.05166278 0.05137625
 0.04527867 0.05818444]",2.5476920803978792e-05,0.00038355983349276824,8.654112234601412e-05,0.0012699190209405705,2.6903993879301422e-06,2.5517743558407523e-05,1.2368086685527431e-05,8.184171341857184e-05,1e-05,1e-05,0.0,0.0,0.09527751535177231,0.07051953327417375,0.01029063770514372,0.009732775692529387,0.00616002082824707,0.003321723937988281,0.0017904758997841505,0.0013007490825983688,0.061091112517671464,0.04585782392803933,0.008241385452300121,0.008007327738731336
df2,0.25,0.25,0.0,"[1.45098666e-09 1.51046944e-07 1.51920849e-12 4.58538879e-13
 9.59715417e-10 1.45098666e-09 2.43574207e-12 7.28113471e-09
 1.45098666e-09 1.54554888e-11 9.59715417e-10 7.42666811e-13
 5.12353012e-10 2.67024896e-16 3.27672622e-09 5.97265054e-09
 4.90739183e-12 1.72684385e-13 4.89436847e-09 4.74591296e-11
 2.16691945e-07 1.59199965e-08 4.99357648e-08 2.18488808e-09
 7.78867068e-12 1.78141737e-09 4.97944383e-14 1.80794013e-14
 6.18553174e-12 2.20772463e-13 1.23116467e-11 1.93100400e-08
 8.81579698e-07 2.71047184e-10 1.78141737e-09 2.05084189e-06
 2.42826791e-11 1.81007354e-07 4.74591296e-11 1.42091476e-10
 3.07948375e-12 1.93824891e-11 1.93100400e-08 6.39848579e-14
 1.31118659e-08 1.72684385e-13 4.74591296e-11 1.07881685e-08
 9.59715417e-10 3.79972059e-11]","[3.42511079e-08 7.28113471e-09 1.25918603e-07 2.42826791e-11
 3.09615598e-07 6.24499263e-07 8.86732425e-09 2.59150246e-07
 1.04864874e-07 1.14339735e-10 2.33983459e-08 1.25918603e-07
 2.18488808e-09 8.21358136e-14 6.24499263e-07 7.25098046e-08
 4.97944383e-14 1.76400398e-10 9.59715417e-10 2.16691945e-07
 1.02917236e-05 3.09615598e-07 1.46749215e-06 1.07881685e-08
 4.13773042e-08 7.28113471e-09 3.07948375e-12 5.92172623e-11
 1.23116467e-11 1.25918603e-07 1.78141737e-09 4.00670801e-09
 1.90755446e-05 1.59199965e-08 2.59150246e-07 1.40396435e-05
 1.31118659e-08 8.81579698e-07 3.09615598e-07 3.69535722e-07
 1.23948622e-06 1.78141737e-09 1.46749215e-06 3.35473948e-10
 2.67703473e-09 3.35473948e-10 2.18772050e-10 5.46398884e-06
 2.18488808e-09 1.76400398e-10]","[1.45098666e-09 1.51046944e-07 1.51920849e-12 4.58538879e-13
 9.59715417e-10 1.45098666e-09 2.43574207e-12 7.28113471e-09
 1.45098666e-09 1.54554888e-11 9.59715417e-10 7.42666811e-13
 5.12353012e-10 2.67024896e-16 3.27672622e-09 5.97265054e-09
 4.90739183e-12 1.72684385e-13 4.89436847e-09 4.74591296e-11
 2.16691945e-07 1.59199965e-08 4.99357648e-08 2.18488808e-09
 7.78867068e-12 1.78141737e-09 4.97944383e-14 1.80794013e-14
 6.18553174e-12 2.20772463e-13 1.23116467e-11 1.93100400e-08
 8.81579698e-07 2.71047184e-10 1.78141737e-09 2.05084189e-06
 2.42826791e-11 1.81007354e-07 4.74591296e-11 1.42091476e-10
 3.07948375e-12 1.93824891e-11 1.93100400e-08 6.39848579e-14
 1.31118659e-08 1.72684385e-13 4.74591296e-11 1.07881685e-08
 9.59715417e-10 3.79972059e-11]","[3.42511079e-08 7.28113471e-09 1.25918603e-07 2.42826791e-11
 3.09615598e-07 6.24499263e-07 8.86732425e-09 2.59150246e-07
 1.04864874e-07 1.14339735e-10 2.33983459e-08 1.25918603e-07
 2.18488808e-09 8.21358136e-14 6.24499263e-07 7.25098046e-08
 4.97944383e-14 1.76400398e-10 9.59715417e-10 2.16691945e-07
 1.02917236e-05 3.09615598e-07 1.46749215e-06 1.07881685e-08
 4.13773042e-08 7.28113471e-09 3.07948375e-12 5.92172623e-11
 1.23116467e-11 1.25918603e-07 1.78141737e-09 4.00670801e-09
 1.90755446e-05 1.59199965e-08 2.59150246e-07 1.40396435e-05
 1.31118659e-08 8.81579698e-07 3.09615598e-07 3.69535722e-07
 1.23948622e-06 1.78141737e-09 1.46749215e-06 3.35473948e-10
 2.67703473e-09 3.35473948e-10 2.18772050e-10 5.46398884e-06
 2.18488808e-09 1.76400398e-10]","[6.68236577e-11 2.02576861e-08 6.42245146e-10 1.23001609e-11
 3.71036535e-11 2.68868483e-10 7.53440643e-11 2.66311417e-11
 1.45589207e-10 2.45911069e-11 3.29760108e-10 9.06611453e-11
 1.69307235e-10 7.91008370e-11 6.98228142e-11 3.92098576e-11
 2.29645192e-11 1.33634548e-10 3.21229709e-11 2.58714050e-10
 2.62521671e-10 2.81953350e-11 5.69497982e-09 2.73633338e-11
 3.43600703e-11 2.66078048e-10 1.24992017e-10 1.86740623e-11
 2.49332777e-11 3.07776027e-11 1.03531628e-11 2.79108958e-11
 6.07888455e-08 5.89258087e-10 8.69619932e-11 8.78013240e-09
 1.62840852e-11 6.05283601e-11 3.77913589e-10 2.18670526e-10
 8.10085332e-11 4.60848026e-11 1.15957466e-10 9.65539870e-11
 2.66811018e-11 4.31204517e-10 4.51694238e-12 9.65221236e-11
 9.49792467e-11 6.38399222e-10]","[6.79706624e-10 2.39126308e-09 4.41160303e-08 7.80563392e-11
 2.93459812e-10 7.29763006e-09 2.57094346e-11 7.85010168e-10
 1.19408350e-09 7.97739652e-12 8.91585694e-11 9.46550616e-11
 1.94359528e-10 2.51152432e-10 6.84452273e-10 7.73491382e-10
 5.14044363e-12 7.48216711e-10 7.28686000e-11 7.73618947e-11
 7.14115242e-07 6.87558455e-10 5.64127434e-07 4.43102222e-11
 2.63289734e-09 3.42165885e-09 6.23889829e-12 8.15987833e-10
 1.86455296e-11 1.36730183e-09 6.89349688e-11 4.35268488e-11
 3.63767895e-06 5.21144239e-11 1.33616005e-08 3.86340082e-06
 3.47709639e-11 3.59756269e-09 1.44058754e-09 1.24242111e-08
 1.81395321e-08 3.60857677e-10 6.12328865e-08 1.08055453e-10
 2.64178679e-11 2.16413887e-10 4.70407047e-11 4.62727819e-08
 1.29506073e-10 1.86621385e-10]","[1.e-05 1.e-05 1.e-05 1.e-05 1.e-05 1.e-05 1.e-05 1.e-05 1.e-05 1.e-05
 1.e-05 1.e-05 1.e-05 1.e-05 1.e-05 1.e-05 1.e-05 1.e-05 1.e-05 1.e-05
 1.e-05 1.e-05 1.e-05 1.e-05 1.e-05 1.e-05 1.e-05 1.e-05 1.e-05 1.e-05
 1.e-05 1.e-05 1.e-05 1.e-05 1.e-05 1.e-05 1.e-05 1.e-05 1.e-05 1.e-05
 1.e-05 1.e-05 1.e-05 1.e-05 1.e-05 1.e-05 1.e-05 1.e-05 1.e-05 1.e-05]","[1.e-05 1.e-05 1.e-05 1.e-05 1.e-05 1.e-05 1.e-05 1.e-05 1.e-05 1.e-05
 1.e-05 1.e-05 1.e-05 1.e-05 1.e-05 1.e-05 1.e-05 1.e-05 1.e-05 1.e-05
 1.e-05 1.e-05 1.e-05 1.e-05 1.e-05 1.e-05 1.e-05 1.e-05 1.e-05 1.e-05
 1.e-05 1.e-05 1.e-05 1.e-05 1.e-05 1.e-05 1.e-05 1.e-05 1.e-05 1.e-05
 1.e-05 1.e-05 1.e-05 1.e-05 1.e-05 1.e-05 1.e-05 1.e-05 1.e-05 1.e-05]","[0.11107516 0.09826541 0.12394044 0.11668808 0.11638147 0.11450576
 0.11470405 0.10560045 0.09985702 0.10702267 0.12060269 0.11002447
 0.11024059 0.11904006 0.1164596  0.11521212 0.11625848 0.12267719
 0.11850195 0.10760534 0.10176788 0.11035645 0.09085781 0.11828623
 0.11311651 0.11210569 0.11073168 0.12729945 0.1047881  0.13370807
 0.12602313 0.09409898 0.1068863  0.11831496 0.11346836 0.10761517
 0.114356   0.11096141 0.11050155 0.10265167 0.12059428 0.11322784
 0.1075284  0.12793238 0.11454524 0.11082844 0.10705082 0.11275854
 0.10504811 0.11701331]","[0.08873781 0.07789999 0.07533532 0.09753739 0.08777272 0.08940483
 0.08500147 0.08561198 0.07564847 0.0901457  0.0949569  0.07634843
 0.09095795 0.10241049 0.0858853  0.0955982  0.09574194 0.09365638
 0.09020728 0.08996478 0.07390437 0.08617353 0.06078986 0.08355265
 0.0776543  0.08365349 0.08601809 0.09014956 0.08440881 0.09438399
 0.09218182 0.08530318 0.08760531 0.08853618 0.08146838 0.07530271
 0.08139695 0.0797248  0.07657124 0.0903945  0.08251864 0.08628202
 0.0732619  0.09670075 0.0901031  0.08801039 0.09314515 0.07725757
 0.08560704 0.0961814 ]","[6.01490206e-22 2.90964502e-17 3.09685759e-27 3.49987808e-24
 4.66689818e-24 2.66889023e-23 2.22259691e-23 7.11474439e-20
 8.18913253e-18 2.10776510e-20 8.30245197e-26 1.53201112e-21
 1.26491177e-21 3.75246931e-25 4.33721053e-24 1.38868131e-23
 5.23678741e-24 1.08675779e-26 6.27927972e-25 1.27440929e-20
 1.73944538e-18 1.14127369e-21 8.11300860e-15 7.71360170e-25
 9.53249748e-23 2.38339614e-22 8.17317934e-22 1.03193012e-28
 1.41493310e-19 1.21341353e-31 3.79915508e-28 7.29406111e-16
 2.37024081e-20 7.50530585e-25 6.91558335e-23 1.26360795e-20
 3.06377717e-23 6.65846957e-22 1.00318524e-21 8.41147351e-19
 8.37058264e-26 8.61294286e-23 1.36216885e-20 5.38029638e-29
 2.57346936e-23 7.49759780e-22 2.05728133e-20 1.31996966e-22
 1.13612283e-19 2.57706509e-24]","[3.74569096e-14 5.28981600e-11 2.56218050e-10 5.16083252e-17
 7.42569739e-14 2.32385363e-14 5.08148329e-13 3.34422536e-13
 2.11926072e-10 1.36175362e-14 3.80068046e-16 1.38261649e-10
 7.54072861e-15 1.02625101e-18 2.77032972e-13 2.32567853e-16
 2.08226972e-16 1.01861799e-15 1.30232501e-14 1.55224150e-14
 6.03795143e-10 2.26996115e-13 7.23208058e-07 1.35499631e-12
 6.16701953e-11 1.26627712e-12 2.52760525e-13 1.35795290e-14
 7.60535104e-13 5.87765882e-16 3.06385517e-15 4.13390053e-13
 8.35521088e-14 4.32409772e-14 5.39256798e-12 2.61320230e-10
 5.65044137e-12 1.66688324e-11 1.20587210e-10 1.13689196e-14
 2.70042350e-12 2.10562428e-13 8.82480392e-10 9.91812577e-17
 1.40442436e-14 6.27836696e-14 1.49516512e-15 7.89275953e-11
 3.35561493e-13 1.48355701e-16]","[0.00809538 0.00534034 0.00883329 0.00936735 0.01071417 0.00930107
 0.008237   0.00639117 0.00400388 0.00744319 0.00907969 0.00812674
 0.0062139  0.01491988 0.00805759 0.00838292 0.01329923 0.01297617
 0.00983334 0.00968432 0.00816607 0.00715554 0.00266719 0.00752568
 0.00953162 0.00785136 0.00925994 0.00956833 0.00875485 0.01480699
 0.00750399 0.00789511 0.00891113 0.00959325 0.00723565 0.00748193
 0.00749397 0.0076021  0.00909543 0.00726593 0.00775599 0.0090493
 0.00698066 0.00900817 0.00904477 0.00811565 0.00701725 0.00820947
 0.00903451 0.00754881]","[0.00466311 0.00296474 0.00335884 0.00505304 0.00686824 0.00497556
 0.00428212 0.00387573 0.00161445 0.00472164 0.00507736 0.00437534
 0.00416899 0.01065683 0.00460494 0.00522673 0.00886703 0.00804269
 0.0058614  0.00608265 0.00442946 0.00429201 0.00069535 0.00345695
 0.00345397 0.00349772 0.00523889 0.00524879 0.00579441 0.00811779
 0.00352752 0.00567305 0.00524282 0.00535429 0.00423598 0.00319588
 0.00349426 0.00351608 0.00468576 0.00396514 0.00379789 0.00594199
 0.00348401 0.00438595 0.00504243 0.00406992 0.0038656  0.00375223
 0.00543165 0.00484014]","[0.06916473 0.05668206 0.0716161  0.07630167 0.0817655  0.07776526
 0.07216383 0.06244732 0.05127782 0.06790886 0.07338518 0.06885044
 0.06337885 0.09473677 0.0705442  0.07337494 0.09090519 0.0876483
 0.0778411  0.07615948 0.07127513 0.06570106 0.04119821 0.07000627
 0.0765273  0.06887616 0.0731237  0.07609954 0.07314063 0.09315077
 0.06860191 0.07093341 0.07182159 0.07744762 0.06843708 0.06740067
 0.06900225 0.06786058 0.07329652 0.066952   0.0688923  0.0763092
 0.0663099  0.07287132 0.07096693 0.0722287  0.06628654 0.06860468
 0.07518856 0.06771313]","[0.05452651 0.04366536 0.04733681 0.05618638 0.06707709 0.05844403
 0.05354725 0.04992195 0.03456384 0.05506005 0.05684108 0.05349288
 0.05210625 0.08019841 0.05490266 0.05816139 0.07517229 0.07029678
 0.06232497 0.06094859 0.05303402 0.05241318 0.02357841 0.04991416
 0.04857041 0.04686055 0.05642072 0.05828724 0.06076111 0.0709863
 0.04935883 0.06076339 0.0560438  0.05943688 0.05471594 0.04614181
 0.04963164 0.04728454 0.05197292 0.05046965 0.05085226 0.06339363
 0.04821259 0.05355479 0.05417556 0.05315778 0.04934989 0.04821148
 0.05955404 0.05514011]",7.290307055858202e-08,1.1588752625724114e-06,3.106075209006853e-07,3.5712383223212246e-06,2.037682451661027e-09,1.801184050309601e-07,8.955100719780152e-09,7.399086624112959e-07,1e-05,1e-05,0.0,0.0,0.11258171445846557,0.08594129988431931,0.008304276934761656,0.007812841774761986,0.008508625030517579,0.004741387367248535,0.0021545488041903793,0.0016607627795759156,0.07160282594345943,0.05454044409600518,0.008871225649899794,0.009082329687139144
df2,0.30000000000000004,0.30000000000000004,0.0,"[1.51920849e-12 9.52846065e-19 1.67853513e-17 1.23116467e-11
 4.88387176e-20 6.39848579e-14 3.59754634e-13 3.50171296e-16
 2.03413945e-16 8.21358136e-14 4.90739183e-12 7.11203305e-19
 1.80794013e-14 4.88387176e-20 6.78067547e-17 5.83855471e-13
 1.72684385e-13 2.03413945e-16 1.34933703e-13 2.18772050e-10
 1.02511949e-15 8.21358136e-14 8.21358136e-14 3.89102510e-17
 7.17482117e-18 1.05328756e-13 1.34933703e-13 3.83661921e-15
 3.56853685e-23 1.02511949e-15 1.81007354e-07 7.84899525e-16
 7.17482117e-18 1.70510155e-18 1.70510155e-18 4.98033280e-15
 1.17682447e-16 5.13913233e-17 1.74328977e-15 1.39985076e-14
 8.92004797e-20 4.97944383e-14 7.42666811e-13 1.14339735e-10
 1.10287908e-04 1.80794013e-14 1.39985076e-14 1.20365650e-19
 1.02511949e-15 8.21358136e-14]","[1.19798113e-12 3.03909276e-11 1.05328756e-13 2.18488808e-09
 6.39848579e-14 3.79972059e-11 3.79972059e-11 4.97944383e-14
 5.83855471e-13 1.51046944e-07 7.42666811e-13 4.90739183e-12
 1.14339735e-10 5.13913233e-17 8.36667685e-15 1.51920849e-12
 7.79334122e-10 6.39848579e-14 6.18553174e-12 1.81007354e-07
 7.42666811e-13 1.08277464e-14 1.76400398e-10 1.19798113e-12
 1.51920849e-12 3.09615598e-07 1.19798113e-12 9.79737413e-12
 1.08277464e-14 1.92461767e-12 4.40608072e-07 3.00652497e-14
 2.42826791e-11 1.70510155e-18 9.79737413e-12 6.18553174e-12
 9.43717929e-13 5.92172623e-11 4.90739183e-12 2.43574207e-12
 1.42091476e-10 6.18553174e-12 4.00670801e-09 2.18772050e-10
 4.26159664e-04 3.88941584e-12 1.34933703e-13 8.36667685e-15
 6.00359848e-16 6.32216726e-10]","[1.51920849e-12 9.52846065e-19 1.67853513e-17 1.23116467e-11
 4.88387176e-20 6.39848579e-14 3.59754634e-13 3.50171296e-16
 2.03413945e-16 8.21358136e-14 4.90739183e-12 7.11203305e-19
 1.80794013e-14 4.88387176e-20 6.78067547e-17 5.83855471e-13
 1.72684385e-13 2.03413945e-16 1.34933703e-13 2.18772050e-10
 1.02511949e-15 8.21358136e-14 8.21358136e-14 3.89102510e-17
 7.17482117e-18 1.05328756e-13 1.34933703e-13 3.83661921e-15
 3.56853685e-23 1.02511949e-15 1.81007354e-07 7.84899525e-16
 7.17482117e-18 1.70510155e-18 1.70510155e-18 4.98033280e-15
 1.17682447e-16 5.13913233e-17 1.74328977e-15 1.39985076e-14
 8.92004797e-20 4.97944383e-14 7.42666811e-13 1.14339735e-10
 1.10287908e-04 1.80794013e-14 1.39985076e-14 1.20365650e-19
 1.02511949e-15 8.21358136e-14]","[1.19798113e-12 3.03909276e-11 1.05328756e-13 2.18488808e-09
 6.39848579e-14 3.79972059e-11 3.79972059e-11 4.97944383e-14
 5.83855471e-13 1.51046944e-07 7.42666811e-13 4.90739183e-12
 1.14339735e-10 5.13913233e-17 8.36667685e-15 1.51920849e-12
 7.79334122e-10 6.39848579e-14 6.18553174e-12 1.81007354e-07
 7.42666811e-13 1.08277464e-14 1.76400398e-10 1.19798113e-12
 1.51920849e-12 3.09615598e-07 1.19798113e-12 9.79737413e-12
 1.08277464e-14 1.92461767e-12 4.40608072e-07 3.00652497e-14
 2.42826791e-11 1.70510155e-18 9.79737413e-12 6.18553174e-12
 9.43717929e-13 5.92172623e-11 4.90739183e-12 2.43574207e-12
 1.42091476e-10 6.18553174e-12 4.00670801e-09 2.18772050e-10
 4.26159664e-04 3.88941584e-12 1.34933703e-13 8.36667685e-15
 6.00359848e-16 6.32216726e-10]","[3.35800054e-10 6.09642004e-10 1.22333432e-09 2.03092099e-10
 2.37413311e-10 4.26613189e-11 2.30981567e-10 3.72783249e-10
 3.57264218e-10 1.03949516e-10 2.17620588e-10 2.14376672e-09
 9.29388788e-11 3.15354409e-10 6.83462176e-11 4.87736407e-10
 3.23273630e-10 8.75838291e-11 5.00505082e-10 1.63806857e-10
 1.26480604e-10 7.66461339e-11 4.01175759e-11 7.34624583e-11
 7.03593739e-10 1.25297273e-09 4.38796000e-10 1.38937972e-10
 1.75939818e-09 2.88154167e-10 7.64707186e-10 1.16734733e-10
 1.56060032e-09 3.32756378e-10 1.48226020e-09 7.95941535e-10
 1.10539466e-10 4.12725409e-11 2.40298448e-10 5.04023490e-11
 7.30954297e-10 1.00935038e-10 1.42304835e-10 5.46337531e-10
 2.76851243e-06 7.18527460e-11 2.04751105e-10 1.99261418e-09
 3.50562246e-10 1.16753984e-09]","[2.80823143e-11 3.15536486e-11 1.23740429e-09 2.67983413e-11
 1.19084420e-09 4.82220930e-11 2.51394572e-10 4.29058900e-10
 7.52286011e-11 8.79151751e-10 3.40316664e-11 1.28145383e-10
 2.31738739e-10 1.71786185e-09 1.46529733e-09 2.32376340e-11
 7.15459358e-10 1.96517247e-11 5.15296250e-10 1.30626665e-09
 1.94635086e-10 1.86904936e-11 7.52575779e-11 2.59477995e-11
 7.31390504e-11 5.53140866e-11 2.59008370e-11 9.56124069e-12
 3.37884165e-11 3.38251649e-11 2.72692855e-08 1.86939353e-11
 1.37967748e-10 4.23529767e-10 2.21293428e-10 7.41950945e-12
 8.32518499e-11 2.83867041e-10 1.63799085e-10 3.99329569e-10
 3.55994123e-11 6.84278190e-11 1.34454003e-10 4.96381825e-10
 2.58574112e-05 2.07236339e-10 7.19974080e-10 4.85808616e-10
 2.01043626e-11 5.91918736e-11]","[1.e-05 1.e-05 1.e-05 1.e-05 1.e-05 1.e-05 1.e-05 1.e-05 1.e-05 1.e-05
 1.e-05 1.e-05 1.e-05 1.e-05 1.e-05 1.e-05 1.e-05 1.e-05 1.e-05 1.e-05
 1.e-05 1.e-05 1.e-05 1.e-05 1.e-05 1.e-05 1.e-05 1.e-05 1.e-05 1.e-05
 1.e-05 1.e-05 1.e-05 1.e-05 1.e-05 1.e-05 1.e-05 1.e-05 1.e-05 1.e-05
 1.e-05 1.e-05 1.e-05 1.e-05 1.e-05 1.e-05 1.e-05 1.e-05 1.e-05 1.e-05]","[1.e-05 1.e-05 1.e-05 1.e-05 1.e-05 1.e-05 1.e-05 1.e-05 1.e-05 1.e-05
 1.e-05 1.e-05 1.e-05 1.e-05 1.e-05 1.e-05 1.e-05 1.e-05 1.e-05 1.e-05
 1.e-05 1.e-05 1.e-05 1.e-05 1.e-05 1.e-05 1.e-05 1.e-05 1.e-05 1.e-05
 1.e-05 1.e-05 1.e-05 1.e-05 1.e-05 1.e-05 1.e-05 1.e-05 1.e-05 1.e-05
 1.e-05 1.e-05 1.e-05 1.e-05 1.e-05 1.e-05 1.e-05 1.e-05 1.e-05 1.e-05]","[0.12162702 0.13487417 0.14141799 0.1247773  0.15214533 0.1301246
 0.12772568 0.14201505 0.13644763 0.12072961 0.12528563 0.12793536
 0.13179338 0.14624257 0.14516845 0.14016159 0.12872404 0.13628169
 0.11556939 0.11155187 0.13503413 0.12460668 0.12397501 0.1376462
 0.15005812 0.13173441 0.13088693 0.13132951 0.15445655 0.11985588
 0.10173447 0.14339217 0.13115901 0.15001154 0.1430602  0.13309177
 0.12367474 0.13805349 0.12037785 0.12688636 0.14789446 0.1422101
 0.12236622 0.11093889 0.11443004 0.12564347 0.13548384 0.15462276
 0.13851576 0.1319808 ]","[0.1045275  0.09865817 0.10263923 0.08501672 0.10764776 0.10281302
 0.09950229 0.10557708 0.09917386 0.08894884 0.10828312 0.09809583
 0.10633522 0.12014984 0.12134516 0.11542427 0.09985072 0.11509488
 0.0991618  0.08588184 0.10963534 0.10982274 0.10244788 0.10579368
 0.11712223 0.09857981 0.11284455 0.09484637 0.10364058 0.08802491
 0.08392502 0.1214208  0.10280924 0.12942076 0.10703783 0.10453971
 0.09208702 0.11263456 0.09154357 0.10149972 0.10170209 0.12538299
 0.09222609 0.096318   0.08734688 0.10143783 0.10966683 0.12281241
 0.12096867 0.09386536]","[3.05544404e-26 3.42946264e-32 2.32143596e-35 1.33851540e-27
 6.90546343e-41 5.49735079e-30 6.65788722e-29 1.17211290e-35
 6.12444373e-33 7.33864793e-26 8.01905489e-28 5.36380205e-29
 9.43158942e-31 8.53363481e-38 3.02246788e-37 9.68578465e-35
 2.37153614e-29 7.35166356e-33 9.96377750e-24 3.92389989e-22
 2.88119291e-32 1.58889857e-27 2.99171854e-27 1.62644548e-33
 8.84620748e-40 1.00417277e-30 2.46407964e-30 1.54307276e-30
 3.93127460e-42 1.71149299e-25 1.78765627e-18 2.39651075e-36
 1.84831853e-30 9.36049688e-40 3.51871520e-36 2.35553744e-31
 4.03707787e-27 1.03372608e-33 1.03275820e-25 1.57573725e-28
 1.19789514e-38 9.37005424e-36 1.47733801e-26 6.79374773e-22
 2.86179543e-23 5.58400044e-28 1.76353772e-32 3.19365033e-42
 6.16986814e-34 7.72661953e-31]","[1.76209157e-19 2.13205022e-17 8.49828545e-19 5.02882299e-13
 1.22843211e-20 7.36154108e-19 1.08824084e-17 7.25743806e-20
 1.41468765e-17 3.22186128e-14 7.07323884e-21 3.32641891e-17
 3.80270660e-20 1.28808655e-25 4.02629299e-26 1.14036456e-23
 8.23061714e-18 1.54816440e-23 1.42836219e-17 2.77693379e-13
 2.16096976e-21 1.83135624e-21 9.95122048e-19 6.03666971e-20
 2.32553200e-24 2.26872093e-17 1.22078531e-22 4.13507649e-16
 3.70289185e-19 6.21426024e-14 1.05478854e-12 3.73917615e-26
 7.38457936e-19 1.14835467e-29 2.08042124e-20 1.74409089e-19
 3.28665136e-15 1.47712027e-22 4.90803033e-15 2.16574029e-18
 1.83564159e-18 7.26780630e-28 2.96496503e-15 1.33474949e-16
 1.00192838e-13 2.27794486e-18 2.10174689e-21 9.50701143e-27
 5.81463407e-26 8.70188036e-16]","[0.01329136 0.01184118 0.01396322 0.0116868  0.01760125 0.00953865
 0.00954318 0.01427507 0.01509237 0.00982618 0.01048243 0.01247025
 0.01374948 0.01854885 0.01167357 0.01269925 0.00985503 0.01448965
 0.00934136 0.00981832 0.0151155  0.01216495 0.01007092 0.01004314
 0.01641846 0.00999177 0.01196361 0.01011431 0.01882041 0.00748312
 0.00774157 0.01416588 0.01479757 0.01595008 0.01532948 0.00952482
 0.00850821 0.0152272  0.01357496 0.01199472 0.01531446 0.01164305
 0.0095948  0.00917578 0.00848651 0.00996065 0.01369882 0.01682878
 0.01178098 0.01511681]","[0.00915921 0.00582874 0.00810647 0.0061909  0.00958836 0.00575781
 0.0047797  0.00794387 0.00853813 0.00557137 0.00732553 0.00727642
 0.00842464 0.01332307 0.00763452 0.00796223 0.00596666 0.01041353
 0.0061233  0.005741   0.00961089 0.00907052 0.00662148 0.00534451
 0.00978661 0.00535262 0.0083456  0.00528789 0.00970817 0.00409317
 0.00440085 0.00969112 0.0101018  0.01265395 0.01021612 0.00588
 0.00444496 0.00981271 0.00782561 0.00746143 0.00795174 0.00807798
 0.00570846 0.0061084  0.00482881 0.00559449 0.00827122 0.00937676
 0.00745702 0.00860858]","[0.08979592 0.08573655 0.09168651 0.08117896 0.10036922 0.07378944
 0.07577396 0.09472362 0.09528087 0.0788648  0.08105826 0.08638483
 0.09098603 0.10684025 0.08451298 0.08650367 0.07768345 0.09402745
 0.07887174 0.07922469 0.09635492 0.08697774 0.07975677 0.07931248
 0.09891207 0.07595117 0.08717919 0.07933688 0.10558912 0.06826159
 0.06892842 0.09353331 0.09534415 0.10100163 0.09481585 0.07423009
 0.07230674 0.09381094 0.08884761 0.08492009 0.09506521 0.08576242
 0.07713942 0.07692447 0.07069152 0.07873697 0.09096471 0.0986921
 0.08539533 0.09473509]","[0.07556303 0.06208731 0.07168862 0.06121529 0.07654345 0.05957128
 0.05512004 0.07312342 0.07332481 0.06089908 0.06889976 0.06723781
 0.07342811 0.09250713 0.07033077 0.06951177 0.06298602 0.08035391
 0.0648034  0.06209034 0.07795537 0.07510855 0.06592129 0.06035496
 0.07798793 0.0575244  0.07410737 0.05988016 0.07912346 0.05309109
 0.0534317  0.0785239  0.08006433 0.09093468 0.0786788  0.05910068
 0.05438685 0.07609327 0.06941139 0.06873814 0.07056958 0.07188715
 0.0602993  0.06336799 0.05488494 0.06028541 0.07245115 0.0745259
 0.06923493 0.0734922 ]",2.2093853930893885e-06,8.545009050754231e-06,1.5439809685700535e-05,5.965929022056446e-05,5.584664424018726e-08,5.179909526331628e-07,3.875240483900567e-07,3.619919173428635e-06,1e-05,1e-05,0.0,0.0,0.13231419398784638,0.10411061245918277,0.011711807675490142,0.01102085004993295,0.012407774925231934,0.007586977481842041,0.002860677982430589,0.002081074303732403,0.08625542362365517,0.06885404360864188,0.009578707787253704,0.009091427994588739
df2,0.35000000000000003,0.35000000000000003,0.0,"[6.78067547e-17 6.39848579e-14 4.30155538e-26 1.65262693e-21
 6.78067547e-17 1.33749750e-15 1.62253462e-19 9.52846065e-19
 1.30270202e-22 1.62253462e-19 4.73751051e-25 9.52846065e-19
 1.67853513e-17 3.08714081e-21 8.36667685e-15 1.27528784e-18
 1.44619791e-20 4.58740572e-16 5.28569498e-27 2.03413945e-16
 1.06410050e-20 2.25989398e-21 3.83661921e-15 3.95007214e-19
 2.22374207e-17 3.03881495e-18 1.30270202e-22 4.88387176e-20
 5.13913233e-17 4.73751051e-25 6.00359848e-16 8.92004797e-20
 1.79605588e-22 6.60370667e-20 6.91059303e-24 9.31581113e-25
 2.93930826e-19 2.67024896e-16 1.74328977e-15 2.12365474e-28
 6.45842239e-15 3.40355762e-22 1.54798729e-16 3.60824945e-20
 4.05057199e-18 1.70510155e-18 1.54798729e-16 3.83661921e-15
 9.31581113e-25 2.95255083e-15]","[3.88941584e-12 6.02037032e-08 4.05057199e-18 6.78067547e-17
 9.79737413e-12 1.14339735e-10 2.03413945e-16 7.42666811e-13
 3.08714081e-21 3.83661921e-15 1.27528784e-18 1.72684385e-13
 1.67853513e-17 1.70510155e-18 1.05328756e-13 4.58538879e-13
 1.17682447e-16 1.54554888e-11 9.52846065e-19 9.43717929e-13
 1.26570821e-17 4.94023307e-23 1.08277464e-14 3.07948375e-12
 1.34933703e-13 6.18553174e-12 8.92004797e-20 4.97944383e-14
 1.54798729e-16 1.26570821e-17 2.26988766e-15 6.39848579e-14
 6.60370667e-20 4.58538879e-13 1.85625733e-23 3.50171296e-16
 3.88941584e-12 4.58740572e-16 3.59754634e-13 2.25989398e-21
 1.92461767e-12 1.70510155e-18 4.97944383e-14 1.54798729e-16
 6.45842239e-15 3.59754634e-13 2.71047184e-10 3.50171296e-16
 2.95255083e-15 5.12353012e-10]","[6.78067547e-17 6.39848579e-14 4.30155538e-26 1.65262693e-21
 6.78067547e-17 1.33749750e-15 1.62253462e-19 9.52846065e-19
 1.30270202e-22 1.62253462e-19 4.73751051e-25 9.52846065e-19
 1.67853513e-17 3.08714081e-21 8.36667685e-15 1.27528784e-18
 1.44619791e-20 4.58740572e-16 5.28569498e-27 2.03413945e-16
 1.06410050e-20 2.25989398e-21 3.83661921e-15 3.95007214e-19
 2.22374207e-17 3.03881495e-18 1.30270202e-22 4.88387176e-20
 5.13913233e-17 4.73751051e-25 6.00359848e-16 8.92004797e-20
 1.79605588e-22 6.60370667e-20 6.91059303e-24 9.31581113e-25
 2.93930826e-19 2.67024896e-16 1.74328977e-15 2.12365474e-28
 6.45842239e-15 3.40355762e-22 1.54798729e-16 3.60824945e-20
 4.05057199e-18 1.70510155e-18 1.54798729e-16 3.83661921e-15
 9.31581113e-25 2.95255083e-15]","[3.88941584e-12 6.02037032e-08 4.05057199e-18 6.78067547e-17
 9.79737413e-12 1.14339735e-10 2.03413945e-16 7.42666811e-13
 3.08714081e-21 3.83661921e-15 1.27528784e-18 1.72684385e-13
 1.67853513e-17 1.70510155e-18 1.05328756e-13 4.58538879e-13
 1.17682447e-16 1.54554888e-11 9.52846065e-19 9.43717929e-13
 1.26570821e-17 4.94023307e-23 1.08277464e-14 3.07948375e-12
 1.34933703e-13 6.18553174e-12 8.92004797e-20 4.97944383e-14
 1.54798729e-16 1.26570821e-17 2.26988766e-15 6.39848579e-14
 6.60370667e-20 4.58538879e-13 1.85625733e-23 3.50171296e-16
 3.88941584e-12 4.58740572e-16 3.59754634e-13 2.25989398e-21
 1.92461767e-12 1.70510155e-18 4.97944383e-14 1.54798729e-16
 6.45842239e-15 3.59754634e-13 2.71047184e-10 3.50171296e-16
 2.95255083e-15 5.12353012e-10]","[5.38376010e-11 1.13981158e-10 1.32915756e-09 2.58431421e-09
 1.26115196e-09 1.50715873e-09 2.27982855e-10 1.52873880e-09
 1.97273975e-10 8.87564466e-11 8.27588442e-10 3.32918249e-10
 1.16963761e-09 2.53281918e-09 1.72981962e-10 1.14753096e-10
 1.69747028e-09 1.43882739e-09 6.71922851e-10 2.75492107e-09
 4.08546530e-10 2.09228657e-09 1.36619704e-09 1.06643983e-09
 2.83343682e-10 8.52348969e-10 2.80409862e-09 1.56799707e-09
 1.49710022e-10 7.01468661e-10 7.57525154e-11 3.28052807e-10
 4.54318982e-09 9.35476807e-10 1.63438929e-10 1.72722858e-09
 2.79958057e-10 1.76459358e-09 8.91043239e-10 1.54720514e-09
 1.27948652e-10 4.66435501e-09 5.92566329e-10 2.29419839e-09
 2.87604274e-10 2.86334290e-10 1.26164501e-09 3.79918319e-11
 4.00754496e-09 3.47359586e-10]","[4.13802215e-10 2.59038346e-11 2.00348849e-10 7.30012717e-10
 8.89054386e-11 3.44758222e-10 6.16384610e-10 2.96530578e-10
 7.46619544e-10 1.11383125e-10 2.61782085e-09 2.04278816e-10
 1.44967705e-09 2.06804796e-10 5.86437565e-11 3.37215034e-10
 1.08722031e-10 2.56862309e-11 2.34118280e-09 1.13042775e-09
 3.90205868e-10 4.95300245e-10 2.54399279e-10 1.65425340e-10
 1.63712488e-09 4.91374719e-11 9.30274746e-11 3.84628995e-11
 2.09887996e-10 2.17114238e-09 8.01057221e-10 1.02078246e-09
 5.23403321e-10 9.18077392e-10 1.23108523e-10 1.46655244e-10
 4.40668946e-10 8.46252513e-10 5.62453417e-11 1.27837141e-09
 2.23445040e-10 5.61118596e-10 2.01193506e-11 1.42390766e-10
 5.56825697e-11 1.22792243e-09 5.64589486e-11 1.17641674e-10
 3.55171115e-10 1.41825440e-11]","[1.e-05 1.e-05 1.e-05 1.e-05 1.e-05 1.e-05 1.e-05 1.e-05 1.e-05 1.e-05
 1.e-05 1.e-05 1.e-05 1.e-05 1.e-05 1.e-05 1.e-05 1.e-05 1.e-05 1.e-05
 1.e-05 1.e-05 1.e-05 1.e-05 1.e-05 1.e-05 1.e-05 1.e-05 1.e-05 1.e-05
 1.e-05 1.e-05 1.e-05 1.e-05 1.e-05 1.e-05 1.e-05 1.e-05 1.e-05 1.e-05
 1.e-05 1.e-05 1.e-05 1.e-05 1.e-05 1.e-05 1.e-05 1.e-05 1.e-05 1.e-05]","[1.e-05 1.e-05 1.e-05 1.e-05 1.e-05 1.e-05 1.e-05 1.e-05 1.e-05 1.e-05
 1.e-05 1.e-05 1.e-05 1.e-05 1.e-05 1.e-05 1.e-05 1.e-05 1.e-05 1.e-05
 1.e-05 1.e-05 1.e-05 1.e-05 1.e-05 1.e-05 1.e-05 1.e-05 1.e-05 1.e-05
 1.e-05 1.e-05 1.e-05 1.e-05 1.e-05 1.e-05 1.e-05 1.e-05 1.e-05 1.e-05
 1.e-05 1.e-05 1.e-05 1.e-05 1.e-05 1.e-05 1.e-05 1.e-05 1.e-05 1.e-05]","[0.14855444 0.12177608 0.16577138 0.15346748 0.1468565  0.13809271
 0.14013922 0.14579443 0.16102912 0.15593634 0.14830664 0.15055179
 0.1617574  0.15773922 0.13712281 0.16102531 0.16679265 0.1472974
 0.15499694 0.14384618 0.15536848 0.15792746 0.14457809 0.14703037
 0.14213671 0.15315767 0.16065828 0.15949383 0.15082264 0.16616684
 0.15654104 0.15773897 0.14798804 0.15765856 0.15498632 0.15434381
 0.15906961 0.16180041 0.15016177 0.16834774 0.15177293 0.14231374
 0.14971476 0.15088019 0.1645939  0.14657086 0.14509837 0.13781086
 0.16228613 0.13593418]","[0.11373539 0.08912623 0.12671114 0.13069091 0.11542584 0.10554598
 0.1182407  0.11125336 0.12349457 0.1237103  0.11092793 0.11529131
 0.13608404 0.12785383 0.1188233  0.1279453  0.12141817 0.11432376
 0.12586262 0.1186553  0.12656626 0.1286178  0.12392805 0.1164157
 0.11772813 0.11750589 0.13262288 0.12153088 0.13378133 0.12857369
 0.12419451 0.12526427 0.11988606 0.1269305  0.1255252  0.12506276
 0.10654327 0.13598015 0.12362735 0.14341791 0.12364779 0.11963876
 0.11406877 0.12353928 0.14935794 0.11894149 0.10345604 0.12077927
 0.13296233 0.10406698]","[5.43257664e-39 2.63991964e-26 1.67579918e-48 1.34747497e-41
 4.12440242e-38 9.89502821e-34 9.93405541e-35 1.44804161e-37
 8.91675144e-46 6.13147502e-43 7.31354619e-39 4.85514157e-40
 3.44216955e-46 6.21979364e-44 2.90618575e-33 8.96109163e-46
 4.23212050e-49 2.44204121e-38 1.99873684e-42 1.41519361e-36
 1.25360805e-42 4.89036510e-44 6.03217519e-37 3.35492285e-38
 1.01939076e-35 1.97868329e-41 1.44531393e-45 6.53705630e-45
 3.49042505e-40 9.84556023e-49 2.85458692e-43 6.22179509e-44
 1.07107426e-38 6.89432214e-44 2.02553391e-42 4.52580327e-42
 1.12966302e-44 3.25358159e-46 7.80051653e-40 5.11996083e-50
 1.09130730e-40 8.31805442e-36 1.34110798e-39 3.25382782e-40
 8.10268970e-48 5.78690475e-38 3.28133680e-37 1.35436220e-33
 1.72000703e-46 1.07689264e-32]","[5.41696099e-23 2.83788010e-14 1.88484980e-28 3.03015262e-30
 1.13869735e-23 7.45163583e-20 8.05553303e-25 5.12833894e-22
 4.83064321e-27 3.89647686e-27 6.86055999e-22 1.29027865e-23
 9.13545173e-33 5.83431305e-29 4.61856693e-25 5.30907716e-29
 3.74878442e-26 3.15606702e-23 4.47155650e-28 5.42367953e-25
 2.18534539e-28 2.64791232e-29 3.13543115e-27 4.51951415e-24
 1.31113497e-24 1.61839249e-24 3.89370530e-31 3.35723565e-26
 1.12117530e-31 2.77183615e-29 2.40206483e-27 8.19386270e-28
 1.66233288e-25 1.50615487e-28 6.29423280e-28 1.00412124e-27
 3.18209192e-20 1.02392678e-32 4.23232234e-27 2.32609520e-36
 4.14697497e-27 2.11028707e-25 3.99001071e-23 4.62036213e-27
 2.06446244e-39 4.12430372e-25 4.31813961e-19 6.99252594e-26
 2.70659120e-31 2.59318281e-19]","[0.01539123 0.0112536  0.01939166 0.0174315  0.01570261 0.01583827
 0.01329219 0.02022624 0.01856995 0.02031696 0.0157342  0.01961911
 0.02096093 0.01869333 0.01425469 0.0233674  0.01723993 0.01290262
 0.02197289 0.01277566 0.01440048 0.0193212  0.01541984 0.01528084
 0.0139358  0.01827729 0.02292991 0.01563394 0.01916111 0.01614976
 0.02193046 0.01733077 0.01560473 0.01693654 0.01556873 0.01468194
 0.02178502 0.01891065 0.01962721 0.01494813 0.01722682 0.01822698
 0.0137341  0.01443231 0.02175844 0.01561046 0.01667619 0.01573813
 0.01915801 0.01309013]","[0.00931942 0.0063225  0.01134264 0.01232207 0.00964093 0.00927532
 0.00833488 0.01254356 0.01160455 0.01213205 0.00902021 0.01303184
 0.01462674 0.01227975 0.00998342 0.01493609 0.00889421 0.00720096
 0.01481557 0.00801289 0.00894082 0.01308882 0.01110113 0.0102123
 0.00963318 0.01113904 0.01555288 0.01013517 0.01498604 0.00853169
 0.01389146 0.01021767 0.01037586 0.01054776 0.00882685 0.00861502
 0.0122205  0.01292729 0.01337087 0.00935924 0.01222575 0.0129739
 0.00769675 0.00911808 0.01507258 0.00962329 0.00879502 0.01127732
 0.01406348 0.00743425]","[0.09581532 0.08402843 0.10924374 0.09879639 0.09715737 0.09818405
 0.09071184 0.11069917 0.10535743 0.10747819 0.09721188 0.109997
 0.11192031 0.10294093 0.09321542 0.11548469 0.09974574 0.08859571
 0.11413316 0.09082399 0.09380241 0.10510032 0.09829313 0.09413752
 0.09135637 0.10456535 0.11544199 0.09659387 0.10814206 0.1006253
 0.11230927 0.10392564 0.09783096 0.10032592 0.09513654 0.09204071
 0.11272946 0.10791327 0.10650261 0.09489265 0.10263954 0.10354658
 0.09106801 0.09343449 0.11468288 0.09880796 0.09795605 0.09610224
 0.10617898 0.08940217]","[0.07595435 0.06526355 0.08596231 0.08266195 0.07859986 0.07705228
 0.07297973 0.08917278 0.08566704 0.08480743 0.07533057 0.09107174
 0.09410052 0.08562346 0.07898598 0.09359049 0.07392717 0.06817314
 0.09507511 0.07281491 0.07559836 0.08738986 0.08467774 0.07792959
 0.07760863 0.08441907 0.09583689 0.07921813 0.09632683 0.0754653
 0.09157564 0.08111259 0.08132629 0.0804931  0.07278374 0.07143198
 0.08702786 0.09025917 0.0899678  0.0766018  0.08787071 0.08825994
 0.0699988  0.0756502  0.09631216 0.07861399 0.07364208 0.08144518
 0.09308231 0.06981362]",1.8918991987488315e-15,1.222991844972156e-09,9.022792635941484e-15,8.426208988627144e-09,1.1612423644891123e-09,5.297595495612484e-10,1.1356576372352073e-09,6.191896738276655e-10,1e-05,1e-05,0.0,0.0,0.15199613260746,0.12178562450408935,0.009347147663135014,0.010234800750060316,0.01716841697692871,0.010951871871948243,0.0029079094835636615,0.0023561232962553986,0.10094050058294539,0.0819710742562193,0.007956661248988325,0.008153739813899498
df2,0.4,0.4,0.0,"[8.47828272e-32 6.42340318e-22 8.47828272e-32 7.84899525e-16
 8.47828272e-32 5.74326505e-21 7.82155399e-21 4.21288896e-21
 3.92888730e-32 2.47371214e-22 1.13678721e-29 3.55797286e-24
 2.78636314e-36 1.62253462e-19 7.82155399e-21 2.54904105e-24
 1.24351631e-31 1.21017203e-25 1.67853513e-17 5.30672790e-34
 7.88918156e-34 8.58131384e-26 1.06410050e-20 1.30270202e-22
 4.96114708e-24 1.20365650e-19 3.37322101e-25 1.96348850e-20
 3.04081795e-26 4.67812431e-22 5.69539852e-31 2.54904105e-24
 5.41174667e-30 6.91059303e-24 6.91059303e-24 2.47371214e-22
 4.30155538e-26 5.74326505e-21 1.02784044e-28 2.67038982e-32
 1.96348850e-20 4.95418960e-29 9.52846065e-19 3.40355762e-22
 7.13959478e-29 1.21132482e-30 2.57596005e-33 2.39934411e-25
 1.65262693e-21 1.70487812e-25]","[7.84752977e-30 1.17682447e-16 2.54904105e-24 5.13913233e-17
 1.82433512e-24 6.78067547e-17 3.03881495e-18 1.27528784e-18
 1.51487883e-26 3.83661921e-15 1.20730402e-21 5.30299497e-19
 8.47828272e-32 1.33749750e-15 8.92004797e-20 1.54798729e-16
 3.55797286e-24 8.93744884e-17 8.21358136e-14 5.41174667e-30
 1.27976799e-27 1.74328977e-15 1.20365650e-19 1.54798729e-16
 7.17482117e-18 1.34933703e-13 1.20730402e-21 2.22374207e-17
 3.37322101e-25 1.27528784e-18 4.96114708e-24 6.42340318e-22
 8.81076169e-22 6.42340318e-22 5.39368124e-18 5.39368124e-18
 3.03881495e-18 3.59754634e-13 1.96348850e-20 1.79605588e-22
 3.89102510e-17 9.52846065e-19 2.26988766e-15 9.53441021e-18
 2.18494984e-19 1.96348850e-20 4.67812431e-22 1.30270202e-22
 4.58740572e-16 1.33672873e-23]","[8.47828272e-32 6.42340318e-22 8.47828272e-32 7.84899525e-16
 8.47828272e-32 5.74326505e-21 7.82155399e-21 4.21288896e-21
 3.92888730e-32 2.47371214e-22 1.13678721e-29 3.55797286e-24
 2.78636314e-36 1.62253462e-19 7.82155399e-21 2.54904105e-24
 1.24351631e-31 1.21017203e-25 1.67853513e-17 5.30672790e-34
 7.88918156e-34 8.58131384e-26 1.06410050e-20 1.30270202e-22
 4.96114708e-24 1.20365650e-19 3.37322101e-25 1.96348850e-20
 3.04081795e-26 4.67812431e-22 5.69539852e-31 2.54904105e-24
 5.41174667e-30 6.91059303e-24 6.91059303e-24 2.47371214e-22
 4.30155538e-26 5.74326505e-21 1.02784044e-28 2.67038982e-32
 1.96348850e-20 4.95418960e-29 9.52846065e-19 3.40355762e-22
 7.13959478e-29 1.21132482e-30 2.57596005e-33 2.39934411e-25
 1.65262693e-21 1.70487812e-25]","[7.84752977e-30 1.17682447e-16 2.54904105e-24 5.13913233e-17
 1.82433512e-24 6.78067547e-17 3.03881495e-18 1.27528784e-18
 1.51487883e-26 3.83661921e-15 1.20730402e-21 5.30299497e-19
 8.47828272e-32 1.33749750e-15 8.92004797e-20 1.54798729e-16
 3.55797286e-24 8.93744884e-17 8.21358136e-14 5.41174667e-30
 1.27976799e-27 1.74328977e-15 1.20365650e-19 1.54798729e-16
 7.17482117e-18 1.34933703e-13 1.20730402e-21 2.22374207e-17
 3.37322101e-25 1.27528784e-18 4.96114708e-24 6.42340318e-22
 8.81076169e-22 6.42340318e-22 5.39368124e-18 5.39368124e-18
 3.03881495e-18 3.59754634e-13 1.96348850e-20 1.79605588e-22
 3.89102510e-17 9.52846065e-19 2.26988766e-15 9.53441021e-18
 2.18494984e-19 1.96348850e-20 4.67812431e-22 1.30270202e-22
 4.58740572e-16 1.33672873e-23]","[4.47020521e-09 3.26346616e-10 8.48276449e-10 3.43752471e-10
 9.49903378e-10 2.83345303e-09 2.45285769e-09 1.46506918e-09
 3.93321120e-09 2.79103296e-10 2.72430389e-09 2.42107556e-10
 1.66029612e-09 2.41313969e-10 1.21499799e-09 4.59321581e-10
 8.71914874e-10 1.86733895e-09 6.56994126e-10 6.64548638e-10
 1.25049437e-09 4.09772216e-10 3.33734684e-09 1.90349292e-10
 5.09785880e-10 9.60637347e-10 2.65212297e-10 1.08181686e-10
 3.03252212e-09 2.04624095e-10 1.98650141e-09 1.89332683e-09
 1.41593626e-09 1.23913979e-09 6.06147577e-10 3.31236927e-10
 4.28485136e-10 4.65459227e-10 6.72607769e-09 1.83135562e-09
 2.06155726e-09 1.19079857e-09 2.45666032e-09 1.95675587e-10
 3.34855876e-09 1.57728075e-09 3.15082571e-09 3.18696680e-09
 7.53370588e-10 6.62684219e-09]","[3.89312249e-10 1.17756360e-10 3.69912323e-10 2.10204187e-10
 2.95146574e-10 1.43596313e-09 1.07143627e-10 9.57934843e-11
 5.16485532e-09 4.40647852e-10 3.12099013e-10 1.18090759e-09
 2.10500228e-09 1.90525484e-10 3.47490925e-10 5.26959365e-10
 1.80472670e-09 2.92876134e-09 8.99492925e-10 1.16306120e-09
 6.61433508e-09 1.82199322e-09 7.38714534e-10 6.99819092e-10
 1.99688266e-10 2.20450325e-11 2.39099740e-10 3.33397532e-10
 2.30241937e-10 2.55842847e-09 9.49977208e-10 1.55669611e-09
 2.68326750e-09 9.32797284e-10 2.15651874e-09 1.26671451e-10
 2.22708962e-10 9.84928472e-10 2.62108446e-10 1.38108858e-09
 2.80462686e-09 4.21824020e-10 1.08710529e-09 8.93783936e-11
 1.28701050e-10 7.90821630e-10 2.79200885e-10 1.79856330e-09
 1.01750186e-09 2.51623056e-10]","[1.e-05 1.e-05 1.e-05 1.e-05 1.e-05 1.e-05 1.e-05 1.e-05 1.e-05 1.e-05
 1.e-05 1.e-05 1.e-05 1.e-05 1.e-05 1.e-05 1.e-05 1.e-05 1.e-05 1.e-05
 1.e-05 1.e-05 1.e-05 1.e-05 1.e-05 1.e-05 1.e-05 1.e-05 1.e-05 1.e-05
 1.e-05 1.e-05 1.e-05 1.e-05 1.e-05 1.e-05 1.e-05 1.e-05 1.e-05 1.e-05
 1.e-05 1.e-05 1.e-05 1.e-05 1.e-05 1.e-05 1.e-05 1.e-05 1.e-05 1.e-05]","[1.e-05 1.e-05 1.e-05 1.e-05 1.e-05 1.e-05 1.e-05 1.e-05 1.e-05 1.e-05
 1.e-05 1.e-05 1.e-05 1.e-05 1.e-05 1.e-05 1.e-05 1.e-05 1.e-05 1.e-05
 1.e-05 1.e-05 1.e-05 1.e-05 1.e-05 1.e-05 1.e-05 1.e-05 1.e-05 1.e-05
 1.e-05 1.e-05 1.e-05 1.e-05 1.e-05 1.e-05 1.e-05 1.e-05 1.e-05 1.e-05
 1.e-05 1.e-05 1.e-05 1.e-05 1.e-05 1.e-05 1.e-05 1.e-05 1.e-05 1.e-05]","[0.19138799 0.17527143 0.18511961 0.14623388 0.19666273 0.1577768
 0.15459627 0.17365949 0.16894472 0.17419079 0.1838058  0.16572762
 0.19495781 0.18528377 0.15898418 0.15822868 0.18142966 0.18011051
 0.16280949 0.18074294 0.19620284 0.15957526 0.17689185 0.17342293
 0.18116927 0.17077183 0.18121826 0.16449825 0.17311771 0.16050774
 0.17286816 0.18257665 0.18508616 0.16605869 0.1702887  0.17216835
 0.18319146 0.17416551 0.16818442 0.17622507 0.1735346  0.17396996
 0.15811378 0.16643434 0.1750746  0.18954597 0.17257083 0.16489506
 0.16996749 0.18426607]","[0.16050401 0.12886454 0.15571691 0.12889608 0.15682274 0.11810772
 0.13009096 0.14839598 0.15316574 0.13933806 0.14194565 0.1415858
 0.16552794 0.14911227 0.12442304 0.12803387 0.14521284 0.13626822
 0.13843342 0.15667321 0.16619572 0.12948571 0.15150286 0.1413745
 0.14017881 0.12641534 0.14743169 0.14741642 0.14402461 0.1310199
 0.14504481 0.14574556 0.13885203 0.14550109 0.12869106 0.14334247
 0.1379234  0.13393117 0.12393381 0.13600344 0.13316352 0.1376588
 0.12579909 0.12840556 0.13006667 0.13469991 0.13594339 0.14081923
 0.13184928 0.15276559]","[1.23635798e-64 3.30508189e-54 1.81943299e-60 8.62171200e-38
 2.97743105e-68 5.92840890e-44 3.30126609e-42 3.23728579e-53
 2.26367018e-50 1.52962745e-53 1.30414466e-59 1.77723104e-48
 4.51324858e-67 1.42106549e-60 1.26098917e-44 3.32631043e-44
 4.43036128e-58 3.07324278e-57 8.63566575e-47 1.21651223e-57
 6.21382201e-68 5.88447156e-45 3.26195509e-55 4.51672141e-53
 6.50098321e-58 1.82798317e-51 6.04872006e-58 9.20472788e-48
 6.93666827e-53 1.75779951e-45 9.84562523e-53 8.12670886e-59
 1.91332234e-60 1.13883851e-48 3.56549118e-51 2.62146138e-52
 3.25952896e-59 1.58526213e-53 6.39759740e-50 8.48127535e-55
 3.85986061e-53 2.08948908e-53 3.85342756e-44 6.86557428e-49
 4.37210562e-54 2.14661896e-63 1.49334478e-52 5.42074420e-48
 5.55333070e-51 6.55194969e-60]","[1.76632812e-45 2.04953900e-29 8.08578217e-43 1.98343504e-29
 1.99720377e-43 9.14254366e-25 5.69482822e-30 6.57052417e-39
 1.95901259e-41 2.45309131e-34 1.26920822e-35 1.91632402e-35
 2.32343335e-48 2.77669166e-39 1.91046977e-27 4.84532611e-29
 2.86911071e-37 7.46138459e-33 6.76480941e-34 2.41432365e-43
 9.46991239e-49 1.07306485e-29 1.51976632e-40 2.43963817e-35
 9.49874019e-35 2.54894469e-28 2.08108747e-38 2.11928616e-38
 1.15002765e-36 2.14119252e-30 3.49397499e-37 1.53384692e-37
 4.23409880e-34 2.04510927e-37 2.45412653e-29 2.53850935e-36
 1.19491498e-33 9.53650486e-32 3.11745466e-27 9.98079674e-33
 2.18082315e-31 1.60383621e-33 4.76922356e-28 3.29931929e-29
 5.84186288e-30 4.14517578e-32 1.06607524e-32 4.59316943e-35
 8.88732804e-31 3.21397954e-41]","[0.02845681 0.02259147 0.02436602 0.01501894 0.02779043 0.01593673
 0.02063918 0.02326775 0.02230906 0.02339768 0.02229965 0.02505219
 0.02335334 0.02993906 0.01620007 0.01694024 0.02706671 0.02078664
 0.01465952 0.02730858 0.02623522 0.02253723 0.02240443 0.02217913
 0.02078676 0.02164805 0.02228498 0.0219754  0.01998961 0.02172852
 0.02114987 0.02889085 0.02061415 0.02045822 0.02214694 0.01789451
 0.02387881 0.01689494 0.02044117 0.02211082 0.01999295 0.01810873
 0.02329123 0.0173924  0.02216136 0.01974714 0.02158344 0.02410865
 0.0160253  0.02144694]","[0.0197109  0.01240683 0.01692295 0.01109922 0.01798582 0.00940931
 0.01513231 0.01818442 0.01631248 0.01500869 0.01355958 0.0173384
 0.01692533 0.02023995 0.01044381 0.01025558 0.01658237 0.01170933
 0.00822997 0.02084172 0.01708138 0.01548696 0.01726139 0.01474893
 0.0131464  0.01164484 0.01475489 0.01602352 0.01294434 0.01441956
 0.01422668 0.01900065 0.01270711 0.01402903 0.01324081 0.01238525
 0.01408482 0.00983155 0.01133108 0.01355481 0.01191437 0.01133358
 0.01558173 0.01046789 0.01345348 0.01020229 0.01483548 0.01697731
 0.00991535 0.01523161]","[0.1271339  0.11554987 0.11964542 0.09616609 0.12906631 0.09986951
 0.11221723 0.11899252 0.11513936 0.11793605 0.1175303  0.12329551
 0.11660683 0.13378561 0.10110494 0.09965572 0.12741853 0.11283635
 0.095092   0.12634547 0.12540179 0.11792328 0.11763701 0.11453555
 0.11013727 0.11267118 0.11261813 0.11408866 0.10889252 0.11670796
 0.11221374 0.13106014 0.11247691 0.11164466 0.11653934 0.10414748
 0.11862667 0.10069088 0.1115331  0.11618362 0.10958649 0.10613932
 0.12146007 0.10334637 0.11753192 0.10796122 0.11470946 0.12127694
 0.09925381 0.11577806]","[0.1069152  0.08849439 0.10051886 0.0826425  0.10509423 0.07931242
 0.09837286 0.10615555 0.09952184 0.0965357  0.09448933 0.10317756
 0.09899508 0.11189063 0.08286829 0.07810821 0.10204481 0.08639492
 0.07217994 0.11177156 0.10360038 0.09847197 0.10501717 0.09474026
 0.09113667 0.08459074 0.09394783 0.09849858 0.08894384 0.09604834
 0.09348872 0.10861411 0.08997242 0.09408558 0.0912365  0.08697954
 0.09270856 0.07999177 0.08556732 0.09335362 0.08694636 0.08532986
 0.10066609 0.08261332 0.09462281 0.08012368 0.09712809 0.10336009
 0.08007717 0.09941994]",1.6060107020902667e-17,1.1744105308802648e-14,1.0985932912409505e-16,5.4314930112654645e-14,1.6049289075503738e-09,1.0693926788540863e-09,1.5221181688465008e-09,1.2713558690690498e-09,1e-05,1e-05,0.0,0.0,0.1738497197890281,0.14004608886241912,0.01104740167488884,0.011042019042468598,0.021749756336212157,0.014202320575714111,0.003536034848384679,0.0029945788799403132,0.11416322191241164,0.09373530424603692,0.00889375029758444,0.009357323237532845
df2,0.45,0.45,0.0,"[1.24351631e-31 7.84752977e-30 1.13678721e-29 2.32827146e-37
 1.21132482e-30 7.88918156e-34 5.64011511e-33 9.43897459e-23
 1.44619791e-20 3.89924968e-31 6.07873598e-26 2.47371214e-22
 7.19492833e-35 1.30432533e-24 2.67038982e-32 6.14029324e-40
 4.36966274e-28 1.60509935e-34 5.28569498e-27 2.14737506e-26
 7.13959478e-29 1.64503886e-29 1.70487812e-25 7.88918156e-34
 2.67038982e-32 1.22979552e-32 3.04081795e-26 8.47828272e-32
 5.30672790e-34 4.36966274e-28 5.34786658e-37 8.31031105e-31
 7.84752977e-30 8.09234334e-37 1.47818613e-28 2.19550867e-43
 1.02784044e-28 1.13678721e-29 8.47828272e-32 1.02784044e-28
 1.84715262e-36 1.70487812e-25 1.87374272e-38 6.63610190e-38
 3.89924968e-31 7.51579753e-27 7.88918156e-34 7.51579753e-27
 1.81313081e-32 5.28569498e-27]","[3.04081795e-26 1.33672873e-23 4.96114708e-24 5.28569498e-27
 1.51487883e-26 9.43897459e-23 1.85625733e-23 3.87118023e-14
 1.74328977e-15 5.41174667e-30 3.83661921e-15 2.27745029e-18
 4.73751051e-25 1.85625733e-23 9.31581113e-25 1.21017203e-25
 6.42340318e-22 1.02784044e-28 1.06410050e-20 4.96114708e-24
 2.54904105e-24 6.91059303e-24 6.42340318e-22 6.83217462e-23
 2.93930826e-19 7.82155399e-21 2.47371214e-22 1.13678721e-29
 3.37322101e-25 1.20730402e-21 2.39934411e-25 6.07873598e-26
 9.61617488e-24 1.13678721e-29 4.73751051e-25 7.13959478e-29
 1.85625733e-23 5.41174667e-30 3.55797286e-24 8.58131384e-26
 1.70487812e-25 3.95007214e-19 4.35811909e-38 8.31031105e-31
 1.06757971e-26 9.61617488e-24 4.96114708e-24 3.56853685e-23
 1.06757971e-26 4.94023307e-23]","[1.24351631e-31 7.84752977e-30 1.13678721e-29 2.32827146e-37
 1.21132482e-30 7.88918156e-34 5.64011511e-33 9.43897459e-23
 1.44619791e-20 3.89924968e-31 6.07873598e-26 2.47371214e-22
 7.19492833e-35 1.30432533e-24 2.67038982e-32 6.14029324e-40
 4.36966274e-28 1.60509935e-34 5.28569498e-27 2.14737506e-26
 7.13959478e-29 1.64503886e-29 1.70487812e-25 7.88918156e-34
 2.67038982e-32 1.22979552e-32 3.04081795e-26 8.47828272e-32
 5.30672790e-34 4.36966274e-28 5.34786658e-37 8.31031105e-31
 7.84752977e-30 8.09234334e-37 1.47818613e-28 2.19550867e-43
 1.02784044e-28 1.13678721e-29 8.47828272e-32 1.02784044e-28
 1.84715262e-36 1.70487812e-25 1.87374272e-38 6.63610190e-38
 3.89924968e-31 7.51579753e-27 7.88918156e-34 7.51579753e-27
 1.81313081e-32 5.28569498e-27]","[3.04081795e-26 1.33672873e-23 4.96114708e-24 5.28569498e-27
 1.51487883e-26 9.43897459e-23 1.85625733e-23 3.87118023e-14
 1.74328977e-15 5.41174667e-30 3.83661921e-15 2.27745029e-18
 4.73751051e-25 1.85625733e-23 9.31581113e-25 1.21017203e-25
 6.42340318e-22 1.02784044e-28 1.06410050e-20 4.96114708e-24
 2.54904105e-24 6.91059303e-24 6.42340318e-22 6.83217462e-23
 2.93930826e-19 7.82155399e-21 2.47371214e-22 1.13678721e-29
 3.37322101e-25 1.20730402e-21 2.39934411e-25 6.07873598e-26
 9.61617488e-24 1.13678721e-29 4.73751051e-25 7.13959478e-29
 1.85625733e-23 5.41174667e-30 3.55797286e-24 8.58131384e-26
 1.70487812e-25 3.95007214e-19 4.35811909e-38 8.31031105e-31
 1.06757971e-26 9.61617488e-24 4.96114708e-24 3.56853685e-23
 1.06757971e-26 4.94023307e-23]","[1.01770170e-09 3.33793038e-09 1.57801905e-09 4.01422928e-09
 1.10375342e-09 2.75699197e-09 7.43401340e-10 7.41375517e-10
 2.90246727e-09 4.35764269e-09 4.71176653e-10 3.34509531e-10
 8.16906309e-09 3.66579433e-10 4.76927287e-09 1.33317257e-09
 1.15387955e-09 1.04747411e-09 7.17217619e-10 3.50033358e-09
 6.26608099e-10 1.17982280e-09 5.79774562e-10 7.93163291e-09
 2.66929123e-09 8.85926443e-10 2.01326422e-09 2.64799171e-09
 7.49414730e-09 6.21537044e-10 2.90646118e-09 7.45691842e-10
 2.43711351e-09 7.05554659e-09 1.18743382e-09 1.43588974e-09
 2.12976214e-09 3.82199594e-09 3.21677263e-09 4.74494333e-10
 1.08452366e-08 1.01186626e-09 6.24640062e-09 4.56839688e-09
 1.20208987e-09 6.49044152e-10 1.62411107e-09 2.21863150e-09
 1.12255061e-09 7.48331175e-10]","[4.95723540e-09 1.29422884e-09 9.94376137e-10 3.27875316e-09
 2.46415111e-09 3.73275189e-09 3.24014482e-10 1.98161487e-11
 4.92308971e-10 1.90611082e-09 1.33864708e-09 8.25914892e-11
 4.78916240e-10 1.88753346e-10 9.27823152e-10 1.81638982e-09
 4.74134276e-09 4.63526251e-09 2.35407982e-09 3.61661145e-10
 7.73169417e-10 2.08787698e-09 1.64258496e-10 1.78025561e-09
 4.11536538e-09 4.16561985e-09 3.18424775e-09 3.52165186e-10
 3.38080253e-09 1.14865695e-09 1.95178051e-09 2.81832024e-09
 1.36464795e-09 5.74014836e-10 1.32605227e-09 4.50159165e-09
 2.21913155e-10 4.33037539e-09 8.95297503e-10 1.19008148e-09
 4.53788118e-10 9.38548128e-10 2.58700561e-09 8.39481040e-10
 4.81718221e-10 2.07970419e-10 4.51357285e-10 3.21726001e-09
 3.72725961e-10 4.63706296e-10]","[1.e-05 1.e-05 1.e-05 1.e-05 1.e-05 1.e-05 1.e-05 1.e-05 1.e-05 1.e-05
 1.e-05 1.e-05 1.e-05 1.e-05 1.e-05 1.e-05 1.e-05 1.e-05 1.e-05 1.e-05
 1.e-05 1.e-05 1.e-05 1.e-05 1.e-05 1.e-05 1.e-05 1.e-05 1.e-05 1.e-05
 1.e-05 1.e-05 1.e-05 1.e-05 1.e-05 1.e-05 1.e-05 1.e-05 1.e-05 1.e-05
 1.e-05 1.e-05 1.e-05 1.e-05 1.e-05 1.e-05 1.e-05 1.e-05 1.e-05 1.e-05]","[1.e-05 1.e-05 1.e-05 1.e-05 1.e-05 1.e-05 1.e-05 1.e-05 1.e-05 1.e-05
 1.e-05 1.e-05 1.e-05 1.e-05 1.e-05 1.e-05 1.e-05 1.e-05 1.e-05 1.e-05
 1.e-05 1.e-05 1.e-05 1.e-05 1.e-05 1.e-05 1.e-05 1.e-05 1.e-05 1.e-05
 1.e-05 1.e-05 1.e-05 1.e-05 1.e-05 1.e-05 1.e-05 1.e-05 1.e-05 1.e-05
 1.e-05 1.e-05 1.e-05 1.e-05 1.e-05 1.e-05 1.e-05 1.e-05 1.e-05 1.e-05]","[0.20494126 0.18678563 0.20247954 0.19464394 0.17589125 0.19912246
 0.19036978 0.18953595 0.17773887 0.19404617 0.18327468 0.17953375
 0.20103711 0.17388699 0.18946264 0.19439957 0.1820892  0.18694953
 0.1929812  0.16424089 0.19951373 0.19343381 0.18065265 0.20244145
 0.19399072 0.19095227 0.18767263 0.20128275 0.18451529 0.19357001
 0.18381797 0.19202358 0.18487558 0.20813328 0.18620348 0.20461798
 0.18174303 0.18455569 0.20094235 0.18991468 0.20570707 0.20017896
 0.20442086 0.2011022  0.20453123 0.19566083 0.19427524 0.18401031
 0.20830086 0.18428332]","[0.16970441 0.15216441 0.1703072  0.15923141 0.14440575 0.15279692
 0.15186855 0.13476691 0.14066816 0.17957245 0.13870149 0.14039131
 0.16315608 0.1527403  0.16012834 0.15382788 0.1442471  0.1533134
 0.13999009 0.14277157 0.16406681 0.16140786 0.1403259  0.16091911
 0.14679876 0.1507914  0.15776198 0.16859338 0.15626691 0.15854233
 0.15297996 0.15746957 0.15805391 0.17519738 0.15763773 0.16497189
 0.15532857 0.16759161 0.15727576 0.14882376 0.15622576 0.16117768
 0.18383136 0.16708787 0.16820858 0.16985371 0.15691844 0.14899065
 0.16558261 0.14790657]","[3.88529231e-74 1.46618523e-61 2.32015396e-72 7.42483093e-67
 1.36651620e-54 5.64571645e-70 6.01025022e-64 2.18002185e-63
 9.63810874e-56 1.91175714e-66 2.87970137e-59 7.13484100e-57
 2.48805712e-71 2.34903675e-53 2.44083298e-63 1.09335588e-66
 1.67303501e-58 1.14299141e-61 1.02323455e-65 1.29672123e-47
 2.99041898e-70 5.02173409e-66 1.38887359e-57 2.47075383e-72
 2.08674195e-66 2.43491204e-64 3.79966138e-62 1.66317505e-71
 4.50998837e-60 4.05219360e-66 1.28064998e-59 4.58711833e-65
 2.62599729e-60 1.79147853e-76 3.54422843e-61 6.66713349e-74
 2.79053951e-58 4.24480626e-60 2.90591170e-71 1.21511565e-63
 1.07734952e-74 1.01209608e-70 9.26278194e-74 2.23632521e-71
 7.70557099e-74 1.47550037e-67 1.33103891e-66 9.60698787e-60
 1.34750001e-76 6.38486896e-60]","[7.97790033e-51 6.74522878e-41 3.47555287e-51 9.17099238e-45
 7.37650847e-37 3.09195809e-41 9.70423853e-41 3.85395820e-32
 5.45354622e-35 6.74335169e-57 5.01202127e-34 7.46661436e-35
 5.46493374e-47 3.31598177e-41 2.87639136e-45 8.60971576e-42
 8.87541142e-37 1.63134868e-41 1.17591831e-34 4.91010334e-36
 1.63448489e-47 5.43837243e-46 8.04124204e-35 1.02915524e-45
 4.41685448e-38 3.62595791e-40 6.04167055e-44 3.66083469e-50
 4.03851934e-43 2.22499590e-44 2.46562993e-41 8.77322777e-44
 4.16023298e-44 3.67207307e-54 7.07995571e-44 4.89178034e-48
 1.31810534e-42 1.43342547e-49 1.12295588e-43 3.93026806e-39
 4.25417240e-43 7.34579227e-46 1.25529521e-59 2.83850106e-49
 6.19024158e-50 6.49581552e-51 1.76871616e-43 3.21493854e-39
 2.15912109e-48 1.18067545e-38]","[0.03247011 0.02857506 0.02583623 0.0263555  0.02565849 0.02694142
 0.02779877 0.02140772 0.02303517 0.02467334 0.02206814 0.02495444
 0.03003895 0.02465904 0.02441227 0.0277015  0.0235008  0.026196
 0.02141738 0.01751471 0.02980006 0.0371381  0.02374804 0.03806877
 0.02722132 0.02594352 0.02636063 0.03066564 0.02425587 0.03032625
 0.02523708 0.02995956 0.02730989 0.03028345 0.0236007  0.02889359
 0.02086914 0.02291751 0.02682316 0.0259949  0.03403425 0.02991688
 0.03266656 0.0295229  0.03182733 0.02386105 0.02711511 0.02492666
 0.03286958 0.02658045]","[0.02318478 0.02028632 0.0188576  0.01834655 0.01779401 0.01616609
 0.02028084 0.01235461 0.01372004 0.01800561 0.01357532 0.01440752
 0.01920867 0.015926   0.01698375 0.01644659 0.01419747 0.01869965
 0.01165748 0.01258624 0.02018261 0.02764606 0.01369774 0.0256114
 0.01691794 0.01706839 0.01831484 0.02031684 0.01658869 0.02012944
 0.01683545 0.02063394 0.01852238 0.01988292 0.01545107 0.01944005
 0.01411176 0.01694953 0.01702046 0.01734114 0.02081954 0.02152479
 0.02647471 0.01924622 0.0236454  0.01511955 0.01697409 0.01694083
 0.02212501 0.01822984]","[0.13845372 0.1320402  0.12494543 0.12305322 0.12455664 0.12726022
 0.12847429 0.10889298 0.11854811 0.12383883 0.11596666 0.12294873
 0.13440511 0.1220285  0.12234259 0.12950814 0.12159577 0.12477015
 0.11345471 0.10630337 0.13269447 0.14804872 0.1203737  0.14840189
 0.12887368 0.1220297  0.12699407 0.13540617 0.12240664 0.13567806
 0.12227743 0.13588835 0.12901932 0.13397564 0.11852594 0.13219104
 0.11447192 0.11858088 0.1268297  0.1254091  0.14190717 0.13427848
 0.13797273 0.13299036 0.13830382 0.12123792 0.12662069 0.12323575
 0.14105251 0.12671571]","[0.11893277 0.11242075 0.10789011 0.1050129  0.10498348 0.10138716
 0.1110883  0.08524215 0.09445738 0.10688194 0.09454702 0.09593612
 0.11076747 0.09914054 0.10390069 0.10173158 0.09646604 0.10659376
 0.08700159 0.09209674 0.11155434 0.12935878 0.09440896 0.12346837
 0.10535675 0.1016806  0.10766123 0.11285047 0.10318741 0.11147385
 0.1016802  0.11510356 0.10795997 0.10946314 0.09804108 0.11178659
 0.0946059  0.10301394 0.10340973 0.10425543 0.11383185 0.11581974
 0.12403675 0.10879171 0.12123018 0.09699879 0.10214921 0.10264649
 0.1180479  0.10619727]",2.9611049994182877e-22,8.858939852664292e-16,2.0240299997006745e-21,5.435295656063099e-15,2.534280167942882e-09,1.734585370893882e-09,2.375511472020468e-09,1.4799079847182473e-09,1e-05,1e-05,0.0,0.0,0.19181468485355377,0.15662683152675627,0.009718146932479597,0.010748490894190383,0.027079060077667236,0.018128955364227296,0.004030400785698189,0.0034549919182355593,0.12731557846281494,0.10593097371333092,0.008877873236473684,0.009226784267438228
df2,0.5,0.5,0.0,"[1.21147719e-41 8.66108972e-52 3.61877620e-46 5.24109088e-39
 1.08397407e-40 5.39250695e-43 1.67491922e-40 2.12365474e-28
 4.35811909e-38 2.22993385e-39 1.39869353e-43 5.77449424e-32
 1.21147719e-41 5.41174667e-30 2.14251154e-35 8.43789069e-43
 7.00791465e-41 9.43897459e-23 1.81313081e-32 1.22979552e-32
 8.02241615e-39 4.19874897e-36 6.25831333e-28 1.82198508e-31
 7.88918156e-34 2.19550867e-43 2.57596005e-33 5.77449424e-32
 2.85911373e-38 2.85911373e-38 1.17161696e-33 1.21147719e-41
 7.79126605e-42 6.63610190e-38 8.43789069e-43 1.67491922e-40
 1.53384053e-37 2.22993385e-39 2.19550867e-43 7.13959478e-29
 6.32047121e-36 3.43417798e-29 8.43789069e-43 1.53384053e-37
 4.35811909e-38 2.85911373e-38 1.17161696e-33 2.14251154e-35
 7.79126605e-42 5.34786658e-37]","[3.92888730e-32 1.73815304e-33 4.19874897e-36 5.30672790e-34
 4.30155538e-26 1.73815304e-33 1.21017203e-25 3.72814291e-30
 3.04081795e-26 5.69539852e-31 2.85911373e-38 1.33672873e-23
 1.22324939e-36 1.33672873e-23 4.30155538e-26 1.22324939e-36
 1.47818613e-28 2.66308246e-20 1.81313081e-32 3.03881495e-18
 1.06757971e-26 1.21132482e-30 3.08714081e-21 1.02784044e-28
 7.51579753e-27 1.70487812e-25 1.82724155e-27 1.30270202e-22
 1.17161696e-33 8.31031105e-31 1.27976799e-27 6.25831333e-28
 5.69539852e-31 5.69539852e-31 2.57596005e-33 1.02784044e-28
 1.73815304e-33 6.64674147e-25 8.47828272e-32 4.67812431e-22
 6.64674147e-25 1.21017203e-25 1.21132482e-30 5.41174667e-30
 5.28569498e-27 7.13959478e-29 4.95418960e-29 8.95402666e-28
 1.24351631e-31 1.73815304e-33]","[1.21147719e-41 8.66108972e-52 3.61877620e-46 5.24109088e-39
 1.08397407e-40 5.39250695e-43 1.67491922e-40 2.12365474e-28
 4.35811909e-38 2.22993385e-39 1.39869353e-43 5.77449424e-32
 1.21147719e-41 5.41174667e-30 2.14251154e-35 8.43789069e-43
 7.00791465e-41 9.43897459e-23 1.81313081e-32 1.22979552e-32
 8.02241615e-39 4.19874897e-36 6.25831333e-28 1.82198508e-31
 7.88918156e-34 2.19550867e-43 2.57596005e-33 5.77449424e-32
 2.85911373e-38 2.85911373e-38 1.17161696e-33 1.21147719e-41
 7.79126605e-42 6.63610190e-38 8.43789069e-43 1.67491922e-40
 1.53384053e-37 2.22993385e-39 2.19550867e-43 7.13959478e-29
 6.32047121e-36 3.43417798e-29 8.43789069e-43 1.53384053e-37
 4.35811909e-38 2.85911373e-38 1.17161696e-33 2.14251154e-35
 7.79126605e-42 5.34786658e-37]","[3.92888730e-32 1.73815304e-33 4.19874897e-36 5.30672790e-34
 4.30155538e-26 1.73815304e-33 1.21017203e-25 3.72814291e-30
 3.04081795e-26 5.69539852e-31 2.85911373e-38 1.33672873e-23
 1.22324939e-36 1.33672873e-23 4.30155538e-26 1.22324939e-36
 1.47818613e-28 2.66308246e-20 1.81313081e-32 3.03881495e-18
 1.06757971e-26 1.21132482e-30 3.08714081e-21 1.02784044e-28
 7.51579753e-27 1.70487812e-25 1.82724155e-27 1.30270202e-22
 1.17161696e-33 8.31031105e-31 1.27976799e-27 6.25831333e-28
 5.69539852e-31 5.69539852e-31 2.57596005e-33 1.02784044e-28
 1.73815304e-33 6.64674147e-25 8.47828272e-32 4.67812431e-22
 6.64674147e-25 1.21017203e-25 1.21132482e-30 5.41174667e-30
 5.28569498e-27 7.13959478e-29 4.95418960e-29 8.95402666e-28
 1.24351631e-31 1.73815304e-33]","[1.48436963e-09 1.32457978e-08 3.64195230e-09 3.47302276e-09
 5.27735156e-09 2.53268617e-09 3.06203973e-09 2.02044481e-09
 8.64166327e-09 6.06583239e-09 3.68318154e-09 5.14127985e-09
 4.16342938e-09 1.78826987e-09 4.23393154e-09 1.95186878e-09
 2.33858255e-09 2.23018326e-09 1.44924350e-09 3.22711657e-09
 1.65659253e-09 2.77038603e-09 2.10756179e-09 1.35243339e-09
 1.23607447e-09 1.18108956e-09 7.88493049e-10 7.47283202e-09
 1.64721048e-09 1.31045719e-09 4.02207179e-09 8.24707014e-09
 2.24090213e-09 5.53520396e-09 1.06753277e-08 5.20722121e-09
 1.11655624e-08 2.32372599e-09 6.77265866e-09 9.60624469e-10
 2.32535258e-09 1.12266885e-09 9.03643027e-09 1.41101175e-09
 4.77385087e-09 2.34099984e-09 1.33617195e-09 1.07315190e-09
 2.75740863e-09 1.84474869e-09]","[6.26995789e-10 9.69553438e-10 1.14573750e-09 5.68859315e-09
 5.87908289e-09 7.90185473e-10 7.48680118e-10 2.00484762e-09
 8.65408523e-10 6.48018472e-09 2.03019279e-09 3.43450701e-09
 7.23575200e-09 2.63354050e-09 1.02223896e-09 2.02468309e-09
 4.30264480e-09 1.34984102e-09 4.51712889e-09 7.24655891e-10
 5.92296534e-09 1.23663069e-09 4.26366054e-10 4.54233873e-10
 4.13013179e-10 2.43730514e-09 6.43785947e-09 5.75967274e-10
 1.30179545e-09 3.04055625e-09 4.75408823e-09 3.36535033e-09
 1.59741298e-09 1.85483140e-09 2.61189803e-09 1.14730569e-09
 7.90832777e-09 4.20876889e-10 4.61846916e-09 1.77621806e-10
 1.62903468e-09 1.82436699e-09 2.71025513e-09 3.80666099e-09
 8.05652656e-10 1.08363751e-09 3.98075795e-10 2.80084533e-09
 6.64925059e-09 2.26076302e-09]","[1.e-05 1.e-05 1.e-05 1.e-05 1.e-05 1.e-05 1.e-05 1.e-05 1.e-05 1.e-05
 1.e-05 1.e-05 1.e-05 1.e-05 1.e-05 1.e-05 1.e-05 1.e-05 1.e-05 1.e-05
 1.e-05 1.e-05 1.e-05 1.e-05 1.e-05 1.e-05 1.e-05 1.e-05 1.e-05 1.e-05
 1.e-05 1.e-05 1.e-05 1.e-05 1.e-05 1.e-05 1.e-05 1.e-05 1.e-05 1.e-05
 1.e-05 1.e-05 1.e-05 1.e-05 1.e-05 1.e-05 1.e-05 1.e-05 1.e-05 1.e-05]","[1.e-05 1.e-05 1.e-05 1.e-05 1.e-05 1.e-05 1.e-05 1.e-05 1.e-05 1.e-05
 1.e-05 1.e-05 1.e-05 1.e-05 1.e-05 1.e-05 1.e-05 1.e-05 1.e-05 1.e-05
 1.e-05 1.e-05 1.e-05 1.e-05 1.e-05 1.e-05 1.e-05 1.e-05 1.e-05 1.e-05
 1.e-05 1.e-05 1.e-05 1.e-05 1.e-05 1.e-05 1.e-05 1.e-05 1.e-05 1.e-05
 1.e-05 1.e-05 1.e-05 1.e-05 1.e-05 1.e-05 1.e-05 1.e-05 1.e-05 1.e-05]","[0.24493738 0.23460855 0.22404406 0.21526506 0.20686541 0.20453863
 0.22309019 0.2041813  0.20752626 0.20674249 0.21522851 0.19682711
 0.21559018 0.18721602 0.21507133 0.21923865 0.2344249  0.18787705
 0.20189822 0.21387773 0.20794665 0.21245034 0.19691484 0.20812264
 0.19946479 0.21680558 0.2106094  0.18880078 0.22231129 0.22908442
 0.20493602 0.21247177 0.21760874 0.21328361 0.21471104 0.21375192
 0.19834435 0.23977075 0.22169148 0.20984794 0.21340147 0.21416773
 0.20862436 0.21818991 0.21839196 0.20976725 0.21491318 0.20618138
 0.21182035 0.2092129 ]","[0.20849726 0.18655083 0.18278645 0.18433678 0.15927529 0.17098317
 0.16693448 0.18728283 0.16570197 0.1825781  0.18937118 0.16700677
 0.18257669 0.15420768 0.16856312 0.19428397 0.1767217  0.15701244
 0.17809627 0.16356062 0.16011864 0.18454914 0.16475735 0.17228955
 0.17356676 0.15754479 0.18244928 0.14998928 0.18482794 0.18342816
 0.17652239 0.17148539 0.17901267 0.17607542 0.17502269 0.16522079
 0.17388836 0.1800721  0.17560912 0.16042686 0.17189955 0.17509614
 0.16251984 0.17206353 0.1797764  0.17278319 0.17285768 0.16851022
 0.17291897 0.17375339]","[3.83757594e-106 2.63850844e-097 1.11305533e-088 7.90118414e-082
 1.53337948e-075 7.61099550e-074 6.37955308e-088 1.38070043e-073
 5.01620165e-076 1.88683057e-075 8.42597267e-082 2.28795139e-068
 4.45723260e-082 7.62063173e-062 1.11085283e-081 6.79409569e-085
 3.75716164e-097 2.78090632e-062 6.04899840e-072 8.99956188e-081
 2.45945909e-076 1.08100171e-079 1.98769127e-068 1.82415872e-076
 3.23809005e-070 5.20177455e-083 2.60073461e-078 6.75652826e-063
 2.63912266e-087 9.62554888e-093 3.91949717e-074 1.04153810e-079
 1.24930094e-083 2.53802897e-080 2.09153275e-081 1.12118742e-080
 1.99018216e-069 1.13442340e-101 8.13890453e-087 9.61097609e-078
 2.06668783e-080 5.41950365e-081 7.77073079e-077 4.43512232e-084
 3.09203893e-084 1.10355162e-077 1.46671077e-081 4.85566067e-075
 3.22047243e-079 2.84809703e-077]","[9.64800950e-77 2.09387110e-61 5.95224493e-59 5.89351000e-60
 8.66654690e-45 1.36392746e-51 3.49347335e-49 6.88359168e-62
 1.83951600e-48 8.10929026e-59 2.81022785e-63 3.16793993e-49
 8.12626051e-59 5.36390175e-42 3.81537522e-50 1.31277788e-66
 4.16417087e-55 1.56963851e-43 5.75171023e-56 3.19967346e-47
 2.91279882e-45 4.28671666e-60 6.51515226e-48 2.21316913e-52
 3.68900638e-53 7.97097587e-44 9.81609120e-59 9.61655550e-40
 2.82081328e-60 2.29107272e-59 5.54140011e-55 6.79051863e-52
 1.52342574e-56 1.05046418e-54 4.70669415e-54 3.50649632e-48
 2.34448141e-53 3.25083453e-57 2.04353259e-54 1.95256836e-45
 3.81449897e-52 4.24038436e-54 1.26481451e-46 3.03454853e-52
 5.00770974e-57 1.10911608e-52 9.99140618e-53 4.10134750e-50
 9.16834899e-53 2.83602547e-53]","[0.04494083 0.03912044 0.0382756  0.03881931 0.03052163 0.02995038
 0.03539944 0.03036535 0.02779353 0.02766824 0.03742158 0.03371096
 0.03902423 0.02911019 0.03849649 0.03924084 0.0376097  0.0277406
 0.03171706 0.02831423 0.03322101 0.03816974 0.02635252 0.03479779
 0.02995193 0.03134835 0.03847158 0.02999032 0.04496908 0.04026926
 0.03211415 0.03257036 0.03372979 0.03187907 0.028157   0.03374577
 0.0267514  0.03511298 0.0334866  0.02880704 0.03255057 0.03544402
 0.03023815 0.03508818 0.03833246 0.03224707 0.0346595  0.03529692
 0.03582907 0.03858376]","[0.03358352 0.02393448 0.02696216 0.02969265 0.01893866 0.02047038
 0.02056456 0.02178359 0.01781964 0.0212605  0.02681506 0.02561963
 0.02959752 0.0201844  0.02662313 0.03080273 0.02389443 0.0189476
 0.02499783 0.01717913 0.01956344 0.02861607 0.01725769 0.02312529
 0.02094138 0.01734746 0.02915049 0.01918721 0.03283858 0.02674854
 0.02288866 0.02082646 0.0225004  0.02184427 0.01831782 0.02292931
 0.01984155 0.02029681 0.02174616 0.01839399 0.02168059 0.02481914
 0.01855242 0.02327979 0.0272336  0.0222106  0.02280605 0.02333462
 0.02418244 0.02810585]","[0.16321933 0.15196793 0.14822389 0.15287521 0.13320033 0.13494279
 0.14776285 0.13416904 0.13048179 0.12903132 0.14778874 0.1429551
 0.15277727 0.13113425 0.15361402 0.15078816 0.14856984 0.13205195
 0.13776518 0.13071431 0.14120157 0.14924191 0.1251706  0.14631285
 0.1349522  0.1367271  0.15211755 0.13414468 0.16527293 0.1542207
 0.13755445 0.1398631  0.1414643  0.13928696 0.12963101 0.1405363
 0.12622889 0.14373694 0.14412827 0.13261217 0.13782176 0.14613972
 0.13460166 0.14606674 0.15092617 0.13971324 0.14426213 0.14477102
 0.1476169  0.15343921]","[0.14217769 0.12243653 0.12661974 0.13552511 0.10750102 0.11430621
 0.11633933 0.11337137 0.10691792 0.1142611  0.12752984 0.12657986
 0.13444954 0.11035018 0.12965658 0.13507622 0.12166286 0.11037962
 0.1236717  0.10429457 0.111738   0.13050561 0.10396749 0.12202296
 0.11403263 0.10545846 0.13402289 0.10921561 0.14362561 0.12799174
 0.11723725 0.11430205 0.11705388 0.11750926 0.10631138 0.11821941
 0.1103689  0.11200764 0.1189907  0.10886877 0.11339541 0.12572049
 0.10793546 0.12197629 0.12924628 0.11759984 0.11939925 0.118831
 0.12302376 0.13274245]",1.8878139107929135e-24,6.13831923453393e-20,1.321456170727722e-23,4.253638545749282e-19,3.7269508301740475e-09,2.5829174377101082e-09,2.9110816578273793e-09,2.099971767050066e-09,1e-05,1e-05,0.0,0.0,0.21245295828580857,0.17390726351737976,0.011709236351726746,0.01077876282377967,0.033948121070861814,0.023204765319824218,0.004466330501166445,0.004119611113210887,0.14227592639998138,0.11952854897278199,0.009141720928603084,0.009938493995571873
df2,0.55,0.55,0.0,"[1.88177121e-41 7.00791465e-41 2.17967002e-47 1.00877229e-50
 4.52588482e-41 1.85378592e-49 2.30592786e-45 5.39250695e-43
 3.65403168e-45 5.39250695e-43 1.00942344e-37 4.52588482e-41
 4.19874897e-36 8.43789069e-43 6.63610190e-38 7.79126605e-42
 5.27367686e-48 6.63610190e-38 3.55862494e-54 3.27921374e-48
 6.03472099e-56 5.39250695e-43 1.53384053e-37 1.53384053e-37
 5.66557381e-58 1.24351631e-31 2.05945159e-42 1.39869353e-43
 8.47828272e-32 1.64306603e-50 1.26387580e-48 8.09234334e-37
 1.45226397e-39 2.14251154e-35 9.44810349e-40 3.65403168e-45
 2.78636314e-36 7.24139755e-53 2.19550867e-43 1.35963995e-47
 1.45365542e-45 2.17967002e-47 2.58531714e-40 1.96022961e-52
 2.58531714e-40 3.42045584e-39 2.91986566e-41 8.43789069e-43
 7.05469515e-50 1.21147719e-41]","[5.77449424e-32 3.56590826e-34 3.44263650e-43 1.45226397e-39
 6.63610190e-38 5.78417409e-45 4.80962056e-35 5.65883768e-44
 1.17161696e-33 1.81313081e-32 1.24351631e-31 8.33270257e-33
 2.67038982e-32 3.92888730e-32 2.67038982e-32 1.76381982e-30
 1.00942344e-37 1.82433512e-24 1.64306603e-50 8.02241615e-39
 9.44810349e-40 1.17161696e-33 8.58131384e-26 8.58131384e-26
 2.19550867e-43 1.27976799e-27 2.56565447e-30 2.37806656e-29
 5.41174667e-30 1.22324939e-36 7.84752977e-30 1.47818613e-28
 1.21132482e-30 1.47818613e-28 6.64674147e-25 1.21132482e-30
 5.77449424e-32 1.87374272e-38 1.60509935e-34 2.57596005e-33
 4.80962056e-35 1.42774613e-35 8.47828272e-32 6.14029324e-40
 1.22324939e-36 5.41174667e-30 6.14029324e-40 1.84715262e-36
 8.02241615e-39 9.50443824e-36]","[1.88177121e-41 7.00791465e-41 2.17967002e-47 1.00877229e-50
 4.52588482e-41 1.85378592e-49 2.30592786e-45 5.39250695e-43
 3.65403168e-45 5.39250695e-43 1.00942344e-37 4.52588482e-41
 4.19874897e-36 8.43789069e-43 6.63610190e-38 7.79126605e-42
 5.27367686e-48 6.63610190e-38 3.55862494e-54 3.27921374e-48
 6.03472099e-56 5.39250695e-43 1.53384053e-37 1.53384053e-37
 5.66557381e-58 1.24351631e-31 2.05945159e-42 1.39869353e-43
 8.47828272e-32 1.64306603e-50 1.26387580e-48 8.09234334e-37
 1.45226397e-39 2.14251154e-35 9.44810349e-40 3.65403168e-45
 2.78636314e-36 7.24139755e-53 2.19550867e-43 1.35963995e-47
 1.45365542e-45 2.17967002e-47 2.58531714e-40 1.96022961e-52
 2.58531714e-40 3.42045584e-39 2.91986566e-41 8.43789069e-43
 7.05469515e-50 1.21147719e-41]","[5.77449424e-32 3.56590826e-34 3.44263650e-43 1.45226397e-39
 6.63610190e-38 5.78417409e-45 4.80962056e-35 5.65883768e-44
 1.17161696e-33 1.81313081e-32 1.24351631e-31 8.33270257e-33
 2.67038982e-32 3.92888730e-32 2.67038982e-32 1.76381982e-30
 1.00942344e-37 1.82433512e-24 1.64306603e-50 8.02241615e-39
 9.44810349e-40 1.17161696e-33 8.58131384e-26 8.58131384e-26
 2.19550867e-43 1.27976799e-27 2.56565447e-30 2.37806656e-29
 5.41174667e-30 1.22324939e-36 7.84752977e-30 1.47818613e-28
 1.21132482e-30 1.47818613e-28 6.64674147e-25 1.21132482e-30
 5.77449424e-32 1.87374272e-38 1.60509935e-34 2.57596005e-33
 4.80962056e-35 1.42774613e-35 8.47828272e-32 6.14029324e-40
 1.22324939e-36 5.41174667e-30 6.14029324e-40 1.84715262e-36
 8.02241615e-39 9.50443824e-36]","[2.70581513e-09 7.19718263e-09 1.20899889e-08 7.69263686e-09
 3.38101658e-09 8.09789935e-09 5.58026614e-09 7.04608139e-09
 8.10898715e-09 1.20589049e-08 8.78242490e-09 5.83495829e-09
 9.06830633e-09 1.50280033e-09 4.44723858e-09 2.06527206e-09
 1.88103289e-09 5.00506214e-09 2.42162546e-09 3.88971855e-09
 9.10081532e-09 6.80975487e-09 2.67238498e-09 2.44380260e-09
 9.70383573e-09 2.82959967e-09 3.48465334e-09 3.01916070e-09
 1.96082783e-09 4.28985814e-09 6.44463849e-09 6.74103939e-09
 1.31998967e-09 3.54079699e-09 6.25005447e-09 4.90098584e-09
 6.64113264e-09 2.35826803e-09 1.21052095e-08 2.28607844e-09
 2.98828651e-09 7.73048137e-09 1.01178030e-08 6.30993513e-09
 2.90175572e-09 4.89238983e-09 5.96919458e-09 1.08391689e-08
 1.56364499e-09 4.54413085e-09]","[9.77884107e-10 9.88787718e-10 3.29704164e-09 8.12479051e-09
 3.44894235e-09 3.00323755e-09 8.43555892e-10 4.95079777e-09
 2.16620022e-09 2.18888974e-09 2.67112432e-09 1.30309241e-09
 5.28706079e-09 2.03872264e-09 1.39271883e-09 4.96591457e-09
 8.16283086e-09 6.19584517e-09 2.38030251e-09 1.35684297e-09
 4.34897662e-09 2.41774412e-09 6.29957875e-09 1.48622803e-09
 3.60457175e-09 2.22356356e-09 1.04010345e-09 2.78911527e-09
 4.08413303e-10 3.47522733e-09 3.07551462e-09 2.29801767e-09
 2.87432145e-09 7.90201904e-10 5.72834669e-10 1.82925330e-09
 6.76507739e-10 4.20225543e-09 5.17674348e-09 1.21112764e-09
 1.09411624e-09 1.78892612e-09 3.32738626e-09 2.15318552e-09
 1.42891987e-09 8.33710989e-10 1.06921881e-08 3.09226988e-09
 3.98555067e-09 1.94229632e-09]","[1.e-05 1.e-05 1.e-05 1.e-05 1.e-05 1.e-05 1.e-05 1.e-05 1.e-05 1.e-05
 1.e-05 1.e-05 1.e-05 1.e-05 1.e-05 1.e-05 1.e-05 1.e-05 1.e-05 1.e-05
 1.e-05 1.e-05 1.e-05 1.e-05 1.e-05 1.e-05 1.e-05 1.e-05 1.e-05 1.e-05
 1.e-05 1.e-05 1.e-05 1.e-05 1.e-05 1.e-05 1.e-05 1.e-05 1.e-05 1.e-05
 1.e-05 1.e-05 1.e-05 1.e-05 1.e-05 1.e-05 1.e-05 1.e-05 1.e-05 1.e-05]","[1.e-05 1.e-05 1.e-05 1.e-05 1.e-05 1.e-05 1.e-05 1.e-05 1.e-05 1.e-05
 1.e-05 1.e-05 1.e-05 1.e-05 1.e-05 1.e-05 1.e-05 1.e-05 1.e-05 1.e-05
 1.e-05 1.e-05 1.e-05 1.e-05 1.e-05 1.e-05 1.e-05 1.e-05 1.e-05 1.e-05
 1.e-05 1.e-05 1.e-05 1.e-05 1.e-05 1.e-05 1.e-05 1.e-05 1.e-05 1.e-05
 1.e-05 1.e-05 1.e-05 1.e-05 1.e-05 1.e-05 1.e-05 1.e-05 1.e-05 1.e-05]","[0.21837001 0.20667202 0.2233271  0.24210559 0.239659   0.23715501
 0.24055548 0.2311939  0.23869626 0.23694089 0.21432885 0.22174729
 0.20836273 0.22702533 0.21611963 0.23546195 0.23510913 0.2258
 0.23775091 0.23257067 0.25734287 0.22969087 0.23353245 0.21780743
 0.24101474 0.22170485 0.22930752 0.20273409 0.2161282  0.22830843
 0.23612133 0.22086193 0.23032767 0.20971768 0.22098549 0.23144959
 0.199299   0.24740213 0.22617134 0.24898415 0.22858567 0.22423826
 0.22732848 0.23123639 0.2284393  0.22248639 0.21863518 0.23283204
 0.23821256 0.23650398]","[0.1830441  0.17103572 0.19520685 0.19020316 0.21337226 0.19928628
 0.19562476 0.20444715 0.19142278 0.18920264 0.18347683 0.18459212
 0.17896574 0.18058324 0.17664851 0.18595674 0.19492537 0.1703435
 0.20399034 0.19510932 0.21174335 0.1999655  0.19033676 0.16703049
 0.19573158 0.18993726 0.18481182 0.17878677 0.18590845 0.17937991
 0.18652133 0.18611186 0.19400658 0.17351705 0.17341285 0.17892653
 0.18057941 0.19817697 0.18703014 0.20289694 0.18866758 0.19247905
 0.18839384 0.19939629 0.20193179 0.17708154 0.1898947  0.19713869
 0.19376638 0.19439815]","[3.21566736e-084 2.12497187e-075 4.13785904e-088 1.11400305e-103
 1.41371119e-101 1.90492750e-099 2.41112740e-102 1.79804961e-094
 9.37378509e-101 2.88990591e-099 4.08747031e-081 7.35504525e-087
 1.21293199e-076 4.51576819e-091 1.75123971e-082 5.08611006e-098
 1.00532946e-097 4.38320485e-090 5.95983842e-100 1.31106116e-095
 2.73660671e-117 3.07734085e-093 2.08452791e-096 8.77088333e-084
 9.71704649e-103 7.94384018e-087 6.32985248e-093 1.52370046e-072
 1.72493587e-082 4.12225093e-092 1.41938587e-098 3.65542899e-086
 9.26090912e-094 1.20133058e-077 2.92372645e-086 1.10698774e-094
 4.23901561e-070 2.60498541e-108 2.20419278e-090 1.02798487e-109
 2.45303607e-092 7.79343050e-089 2.56844568e-091 1.65887401e-094
 3.22669649e-092 1.91878545e-087 2.00204144e-084 7.96042071e-096
 2.41747554e-100 6.75589548e-099]","[4.05861551e-59 1.26805051e-51 3.03875830e-67 7.77874948e-64
 2.17468633e-80 4.32750259e-70 1.56278284e-67 8.86561095e-74
 1.17115156e-64 3.64277693e-63 2.13072659e-59 4.01909098e-60
 1.63095303e-56 1.53775004e-57 4.62500598e-55 5.14776966e-61
 4.75176325e-67 3.30559792e-51 1.89731584e-73 3.54817730e-67
 3.67931065e-79 1.43343937e-70 6.32559031e-64 3.06780858e-49
 1.31819841e-67 1.17346062e-63 2.88995421e-60 2.11512249e-56
 5.53759351e-61 8.92786802e-57 2.18965819e-61 4.07135107e-61
 2.03515211e-66 3.95643678e-53 4.58128498e-53 1.72658154e-56
 1.54642207e-57 2.60796190e-69 1.01114903e-61 1.16396716e-72
 8.28935639e-63 2.24935372e-65 1.26125388e-62 3.61937179e-70
 5.72380788e-72 2.48383124e-55 1.25321082e-63 1.38784257e-68
 2.97331830e-66 1.09581129e-66]","[0.0347923  0.03271914 0.04491544 0.03940952 0.04662609 0.04389811
 0.04593968 0.03958416 0.03557932 0.04404652 0.02950597 0.03666639
 0.03137088 0.0383805  0.03346467 0.04281199 0.04469764 0.03859949
 0.04463327 0.03718185 0.04171145 0.03576493 0.04204059 0.03292727
 0.03786182 0.04122138 0.03910601 0.03156722 0.03642583 0.040465
 0.04500997 0.03460991 0.03667796 0.03501177 0.03228855 0.04100716
 0.0310185  0.04608881 0.03572047 0.04302049 0.03741467 0.04173636
 0.03150749 0.04321933 0.03743112 0.03117561 0.03340352 0.03807664
 0.04297638 0.04034793]","[0.02433288 0.02171242 0.03625476 0.02599907 0.03607988 0.03016329
 0.03220439 0.03170156 0.02443373 0.02998292 0.02078438 0.0247165
 0.02037382 0.02522194 0.02345765 0.02940178 0.03208733 0.02405334
 0.03222108 0.02593923 0.02766681 0.02525663 0.03012311 0.02047396
 0.02655113 0.0296911  0.02437913 0.02324116 0.02445519 0.02409542
 0.02993298 0.0248847  0.02754426 0.02396011 0.02204454 0.02541423
 0.02403092 0.0320667  0.02468324 0.02914774 0.02319205 0.02976561
 0.01998234 0.03185821 0.02768409 0.01845777 0.02462566 0.02663958
 0.02908194 0.02649605]","[0.14482429 0.13918816 0.16320081 0.15463978 0.16458305 0.16157063
 0.16493428 0.1540607  0.14571935 0.16130496 0.13281479 0.15052145
 0.14003599 0.15258784 0.14099175 0.16069396 0.1638419  0.1503341
 0.16475093 0.15020318 0.15706189 0.14773707 0.15686555 0.14054398
 0.15171084 0.15875397 0.15541852 0.13709768 0.14767132 0.15673046
 0.163823   0.14233268 0.14883596 0.14269035 0.13793684 0.15616795
 0.13586582 0.16392063 0.14595362 0.15940285 0.15119845 0.15888124
 0.13420768 0.1608659  0.14881722 0.13223112 0.14188464 0.1509816
 0.15701003 0.15323841]","[0.12174451 0.11548699 0.14880985 0.12847638 0.1466106  0.13513341
 0.14054881 0.13854946 0.12414116 0.13515051 0.11273299 0.12525256
 0.11496204 0.12680232 0.12026808 0.1355207  0.14117087 0.12182284
 0.1408149  0.12790785 0.13070756 0.12563249 0.13449638 0.11384851
 0.12893407 0.13579861 0.12481064 0.11911065 0.1231262  0.12387043
 0.13613909 0.12114969 0.13123935 0.11858526 0.11751    0.12584391
 0.12036272 0.13951672 0.12377003 0.13434598 0.12207428 0.13647097
 0.10892085 0.13962034 0.1285844  0.10337508 0.12394386 0.12876035
 0.13083553 0.12576285]",4.1832844989725516e-33,5.324521210990662e-26,2.0869337802548776e-32,2.6992470074544033e-25,5.5123379216759364e-09,2.937668652780445e-09,3.022030797708703e-09,2.139031233346619e-09,1e-05,1e-05,0.0,0.0,0.22812683479309087,0.1891079385328293,0.011682463729953933,0.01032576521537088,0.03843314170837402,0.026570966243743898,0.004710272501299566,0.004034731229658108,0.1511327826964041,0.12758107331070123,0.009390964150742021,0.009510438780245854
df2,0.6000000000000001,0.6000000000000001,0.0,"[3.00027002e-49 7.77624575e-55 7.24139755e-53 5.39250695e-43
 2.15460932e-56 4.87748802e-60 3.55862494e-54 1.29241929e-54
 1.35963995e-47 4.07987974e-59 8.66108972e-52 5.58403660e-47
 3.79042144e-51 1.17241363e-58 1.00877229e-50 7.83398323e-49
 4.35229159e-63 2.14572537e-54 1.96022961e-52 3.22000728e-52
 1.42453006e-46 1.28537148e-56 3.55862494e-54 1.17161696e-33
 2.66373322e-53 4.67383798e-55 7.77624575e-55 1.61299095e-53
 3.79042144e-51 1.08397407e-40 1.68303018e-55 8.47223917e-48
 1.00833823e-55 2.31976235e-51 4.07987974e-59 5.39250695e-43
 3.00027002e-49 1.19205281e-52 5.58403660e-47 1.14419204e-49
 2.27167277e-46 5.58403660e-47 5.89559709e-54 1.19205281e-52
 6.03472099e-56 1.41820348e-51 1.22324939e-36 1.08397407e-40
 1.61075424e-57 5.28378753e-52]","[7.79126605e-42 1.44479841e-44 1.08397407e-40 1.84715262e-36
 9.44810349e-40 1.29241929e-54 4.19874897e-36 1.22668930e-38
 1.81313081e-32 2.17967002e-47 3.61877620e-46 7.00791465e-41
 1.87374272e-38 3.59372037e-44 1.17161696e-33 1.84715262e-36
 1.35963995e-47 3.53047956e-37 1.00942344e-37 5.78417409e-45
 1.42453006e-46 3.53047956e-37 9.14645852e-45 4.73751051e-25
 3.61877620e-46 2.78636314e-36 1.45226397e-39 2.66373322e-53
 2.91986566e-41 2.66678482e-31 2.91986566e-41 8.09234334e-37
 1.61299095e-53 9.44810349e-40 2.19550867e-43 1.84715262e-36
 8.02241615e-39 2.30592786e-45 1.22668930e-38 1.39869353e-43
 1.17161696e-33 8.43789069e-43 2.32827146e-37 6.14029324e-40
 6.14029324e-40 8.47828272e-32 4.36966274e-28 7.19492833e-35
 1.53384053e-37 3.53047956e-37]","[3.00027002e-49 7.77624575e-55 7.24139755e-53 5.39250695e-43
 2.15460932e-56 4.87748802e-60 3.55862494e-54 1.29241929e-54
 1.35963995e-47 4.07987974e-59 8.66108972e-52 5.58403660e-47
 3.79042144e-51 1.17241363e-58 1.00877229e-50 7.83398323e-49
 4.35229159e-63 2.14572537e-54 1.96022961e-52 3.22000728e-52
 1.42453006e-46 1.28537148e-56 3.55862494e-54 1.17161696e-33
 2.66373322e-53 4.67383798e-55 7.77624575e-55 1.61299095e-53
 3.79042144e-51 1.08397407e-40 1.68303018e-55 8.47223917e-48
 1.00833823e-55 2.31976235e-51 4.07987974e-59 5.39250695e-43
 3.00027002e-49 1.19205281e-52 5.58403660e-47 1.14419204e-49
 2.27167277e-46 5.58403660e-47 5.89559709e-54 1.19205281e-52
 6.03472099e-56 1.41820348e-51 1.22324939e-36 1.08397407e-40
 1.61075424e-57 5.28378753e-52]","[7.79126605e-42 1.44479841e-44 1.08397407e-40 1.84715262e-36
 9.44810349e-40 1.29241929e-54 4.19874897e-36 1.22668930e-38
 1.81313081e-32 2.17967002e-47 3.61877620e-46 7.00791465e-41
 1.87374272e-38 3.59372037e-44 1.17161696e-33 1.84715262e-36
 1.35963995e-47 3.53047956e-37 1.00942344e-37 5.78417409e-45
 1.42453006e-46 3.53047956e-37 9.14645852e-45 4.73751051e-25
 3.61877620e-46 2.78636314e-36 1.45226397e-39 2.66373322e-53
 2.91986566e-41 2.66678482e-31 2.91986566e-41 8.09234334e-37
 1.61299095e-53 9.44810349e-40 2.19550867e-43 1.84715262e-36
 8.02241615e-39 2.30592786e-45 1.22668930e-38 1.39869353e-43
 1.17161696e-33 8.43789069e-43 2.32827146e-37 6.14029324e-40
 6.14029324e-40 8.47828272e-32 4.36966274e-28 7.19492833e-35
 1.53384053e-37 3.53047956e-37]","[9.94543747e-09 2.96055636e-09 5.57609059e-09 7.37038286e-09
 2.24248431e-09 5.92507099e-09 7.14144044e-09 2.54345478e-09
 7.83736664e-09 3.29407235e-09 4.37919234e-09 9.37948663e-09
 1.43251806e-08 3.14342674e-09 3.06202774e-09 1.50534493e-08
 3.18871662e-09 8.22828294e-09 4.34077296e-09 1.35680167e-08
 3.89876076e-09 1.56480054e-08 1.27357701e-08 1.58607494e-09
 6.43645937e-09 1.46651423e-08 1.04720761e-08 1.68356599e-08
 1.04006994e-08 1.13184657e-08 8.70132899e-09 4.09647627e-09
 7.70002406e-09 9.10906450e-09 3.52515372e-09 4.64920924e-09
 1.56989975e-08 7.44554685e-09 2.38770359e-09 1.06380718e-08
 6.46551124e-09 1.79791393e-09 1.23911889e-08 2.64957289e-09
 1.30736779e-08 4.44013992e-09 6.55036914e-09 2.87642887e-09
 2.91948621e-09 8.55361515e-09]","[1.52090063e-09 6.76964740e-09 1.58639979e-09 5.86782312e-09
 1.89593063e-09 8.96462216e-09 7.41881034e-09 1.32548894e-09
 6.25273944e-10 1.88794247e-09 2.16174767e-09 1.14229415e-09
 1.21041854e-09 2.32208497e-09 9.69674119e-10 9.55251644e-09
 1.75697279e-09 9.42550926e-10 1.74653159e-09 6.90473267e-09
 3.43918760e-09 8.35689040e-09 9.85145698e-09 1.06656828e-09
 1.80140447e-09 3.23505278e-09 1.08485734e-08 6.86395585e-09
 1.35972622e-09 9.11345888e-10 8.50488835e-09 1.45591283e-09
 2.58178590e-09 8.85378948e-09 9.79546499e-09 1.26553801e-09
 2.75112666e-09 4.45934045e-09 7.21869164e-09 3.50429319e-09
 7.48713758e-10 9.35604760e-09 1.61323166e-09 2.58602351e-09
 8.06724043e-09 2.30950736e-09 3.13827553e-09 5.11819298e-09
 1.52049817e-09 4.11015078e-09]","[1.e-05 1.e-05 1.e-05 1.e-05 1.e-05 1.e-05 1.e-05 1.e-05 1.e-05 1.e-05
 1.e-05 1.e-05 1.e-05 1.e-05 1.e-05 1.e-05 1.e-05 1.e-05 1.e-05 1.e-05
 1.e-05 1.e-05 1.e-05 1.e-05 1.e-05 1.e-05 1.e-05 1.e-05 1.e-05 1.e-05
 1.e-05 1.e-05 1.e-05 1.e-05 1.e-05 1.e-05 1.e-05 1.e-05 1.e-05 1.e-05
 1.e-05 1.e-05 1.e-05 1.e-05 1.e-05 1.e-05 1.e-05 1.e-05 1.e-05 1.e-05]","[1.e-05 1.e-05 1.e-05 1.e-05 1.e-05 1.e-05 1.e-05 1.e-05 1.e-05 1.e-05
 1.e-05 1.e-05 1.e-05 1.e-05 1.e-05 1.e-05 1.e-05 1.e-05 1.e-05 1.e-05
 1.e-05 1.e-05 1.e-05 1.e-05 1.e-05 1.e-05 1.e-05 1.e-05 1.e-05 1.e-05
 1.e-05 1.e-05 1.e-05 1.e-05 1.e-05 1.e-05 1.e-05 1.e-05 1.e-05 1.e-05
 1.e-05 1.e-05 1.e-05 1.e-05 1.e-05 1.e-05 1.e-05 1.e-05 1.e-05 1.e-05]","[0.26129799 0.25365049 0.24399183 0.21598791 0.25027383 0.25919651
 0.2545662  0.2591818  0.23984862 0.25324594 0.24809133 0.2369554
 0.24511647 0.2590198  0.23117293 0.25109146 0.26200045 0.25372008
 0.24937323 0.2530489  0.24014653 0.26581957 0.25008664 0.2312099
 0.24683932 0.23618357 0.24634733 0.26381508 0.24165971 0.24129863
 0.26172051 0.24303268 0.25739128 0.23841738 0.2658492  0.2330936
 0.2570795  0.23763856 0.24070365 0.25291036 0.24396498 0.24741601
 0.25841061 0.24493503 0.23695312 0.2419084  0.24390101 0.22763629
 0.25341317 0.24713288]","[0.22346895 0.20562125 0.19967475 0.18266541 0.20705707 0.23807781
 0.20213203 0.21262654 0.18437966 0.20803687 0.20880477 0.20686433
 0.19773045 0.20146541 0.17709966 0.19805529 0.21281157 0.21547544
 0.19507748 0.20595531 0.21281011 0.2104143  0.21256333 0.18419927
 0.21602861 0.18594703 0.19749747 0.23678667 0.19508263 0.19144284
 0.21789398 0.19965149 0.21895686 0.19269684 0.2151123  0.20024586
 0.2208152  0.20334614 0.19794168 0.1923992  0.19456879 0.21198574
 0.19858625 0.19769572 0.18744075 0.1898229  0.203171   0.18428377
 0.20551865 0.20214124]","[5.75901346e-121 6.54673771e-114 2.56907506e-105 2.20993306e-082
 7.25387994e-111 5.26518544e-119 9.61419640e-115 5.43357627e-119
 9.73074592e-102 1.52428292e-113 6.38855374e-109 2.80941480e-099
 2.67475510e-106 7.68331626e-119 1.87096925e-094 1.34069413e-111
 1.26201998e-121 5.66002199e-114 4.62681973e-110 2.29940610e-113
 5.40761593e-102 3.04521338e-125 1.06679967e-110 1.74432717e-094
 8.18345928e-108 1.25802595e-098 2.22090675e-107 2.45030596e-123
 2.70342599e-103 5.53562985e-103 2.31217606e-121 1.75354134e-104
 2.46927565e-117 1.61898377e-100 2.85324761e-125 4.82878684e-096
 4.78563153e-117 7.42131091e-100 1.79874771e-102 3.06947873e-113
 2.71127014e-105 2.53239480e-108 2.82144174e-118 3.85583300e-106
 2.82194721e-099 1.64912967e-103 3.08251332e-105 1.44705455e-091
 1.07501640e-113 4.50591573e-108]","[3.19230020e-088 1.24419256e-074 2.30140197e-070 7.12394260e-059
 1.10937171e-075 3.14646888e-100 4.11572394e-072 7.96096949e-080
 5.52676453e-060 2.11022022e-076 5.71448922e-077 1.53617262e-075
 5.35830305e-069 1.23232184e-071 2.42000010e-055 3.17394037e-069
 5.77196430e-080 5.45577613e-082 3.73226171e-067 7.10099292e-075
 5.78662253e-080 3.63700498e-078 8.88461148e-080 7.24118848e-060
 2.05668297e-082 5.22389445e-061 7.79659754e-069 3.90070529e-099
 3.70180904e-067 1.13512108e-064 7.51751794e-084 2.39019256e-070
 1.12579592e-084 1.59883811e-065 1.03366833e-081 9.07439790e-071
 3.97755307e-086 5.53123610e-073 3.81225092e-069 2.54897993e-065
 8.36369970e-067 2.41880440e-079 1.34593967e-069 5.66648728e-069
 5.41162637e-062 1.40018084e-063 7.39425892e-073 6.38055011e-060
 1.47779753e-074 4.05377057e-072]","[0.04778063 0.04623592 0.04968655 0.03758907 0.04818106 0.04558432
 0.04137874 0.05391335 0.04338443 0.04593611 0.04960465 0.04476631
 0.04620349 0.04899967 0.03901613 0.04225647 0.05101216 0.04770386
 0.04437363 0.04775774 0.03961766 0.05139625 0.04027569 0.03722119
 0.04501438 0.04169881 0.04391408 0.04244077 0.04426301 0.04574502
 0.04716516 0.04788291 0.04562521 0.04435432 0.05188262 0.04480588
 0.05220747 0.03733885 0.0445509  0.04568124 0.03923118 0.04540467
 0.04720485 0.04003346 0.0412842  0.04324865 0.03937328 0.03337276
 0.04102528 0.04969537]","[0.03445196 0.0310334  0.03334701 0.02683473 0.03394461 0.03648806
 0.02812815 0.03619456 0.02788162 0.03185153 0.03470349 0.03282547
 0.03043854 0.03094554 0.02433944 0.02655733 0.03395891 0.03230858
 0.0266124  0.0328002  0.02782822 0.03452623 0.02918088 0.02445292
 0.03250659 0.02630138 0.02916324 0.03373873 0.02858067 0.02933717
 0.03262806 0.03450823 0.03161514 0.02918494 0.03753209 0.03213346
 0.03465164 0.02575541 0.03128517 0.02897501 0.02643681 0.03217816
 0.03177702 0.02528298 0.02565026 0.02845562 0.02806759 0.02067137
 0.02802062 0.03546703]","[0.16930802 0.16506716 0.17316381 0.15179185 0.16828333 0.16457864
 0.15752763 0.1789488  0.16149096 0.16662669 0.17333037 0.16393132
 0.16714826 0.17029634 0.1550097  0.16200177 0.17154811 0.16981952
 0.16280459 0.16894402 0.15359832 0.17660362 0.15556972 0.14867087
 0.16394961 0.1583758  0.15992208 0.15762517 0.16236671 0.16645427
 0.16739325 0.16951049 0.1666298  0.16263216 0.17548911 0.16421876
 0.17539012 0.15014826 0.16462177 0.16722242 0.1545363  0.16576177
 0.16850897 0.15519192 0.15594039 0.16068282 0.15343824 0.14370917
 0.15930862 0.17319256]","[0.14505253 0.13985081 0.14357119 0.1301943  0.14331195 0.14903673
 0.13235076 0.14944153 0.13327504 0.14087158 0.14787283 0.14193539
 0.13839959 0.13787418 0.12538766 0.13104389 0.14200741 0.14210143
 0.12866811 0.14215438 0.12947826 0.14874852 0.13523175 0.12280044
 0.14093522 0.1289605  0.13278736 0.14172813 0.1329953  0.13569312
 0.14178028 0.14569812 0.14122753 0.13402403 0.15199731 0.14067949
 0.14483857 0.12647976 0.14056838 0.13693989 0.12879178 0.14029565
 0.14143901 0.12583213 0.12574934 0.13303358 0.13181441 0.1156423
 0.13537128 0.14797457]",2.3456808603907053e-35,9.483767789623986e-27,1.6402296855478448e-34,6.632392582820091e-26,7.463430080623112e-09,4.065304768374744e-09,4.350146623003207e-09,3.150225798687298e-09,1e-05,1e-05,0.0,0.0,0.24755491327285767,0.20320253307342528,0.01051976508266201,0.012852328266048076,0.044686388969421384,0.030430762767791747,0.004360567100925969,0.0036668409865166615,0.16356567882008444,0.13727874643368007,0.007707633285585519,0.007833607044905898
df2,0.65,0.65,0.0,"[5.73182083e-61 3.22000728e-52 2.23586471e-62 1.17241363e-58
 3.35470507e-58 8.30820763e-60 4.87748802e-60 2.14572537e-54
 2.14572537e-54 9.80545229e-61 3.35470507e-58 8.30820763e-60
 9.55803990e-58 1.19205281e-52 2.80617232e-55 7.51786428e-63
 9.55803990e-58 1.68303018e-55 2.66373322e-53 5.73182083e-61
 3.55862494e-54 9.20417879e-65 7.05469515e-50 6.91984994e-59
 1.61299095e-53 5.28280757e-65 1.29241929e-54 1.98426668e-58
 1.26387580e-48 1.68303018e-55 2.00649704e-69 3.40157297e-67
 3.79042144e-51 6.32585939e-69 3.84964189e-62 1.64306603e-50
 1.28537148e-56 3.84964189e-62 3.35720833e-72 3.55862494e-54
 3.55862494e-54 2.78496894e-64 2.15460932e-56 7.77624575e-55
 1.84628285e-66 3.02883737e-65 1.62852672e-74 3.34696584e-61
 5.89559709e-54 1.45399317e-63]","[2.57596005e-33 5.27367686e-48 2.15460932e-56 8.66108972e-52
 9.14645852e-45 3.61877620e-46 1.44479841e-44 3.61877620e-46
 1.45226397e-39 4.34507678e-50 9.14645852e-45 2.03688601e-48
 8.02241615e-39 1.67491922e-40 2.27983976e-44 2.19550867e-43
 5.00547265e-42 3.22000728e-52 1.41820348e-51 2.30592786e-45
 2.67335366e-50 1.00877229e-50 1.31892718e-42 1.35963995e-47
 4.19874897e-36 1.35963995e-47 3.27921374e-48 5.39250695e-43
 1.84715262e-36 1.42453006e-46 2.71159835e-57 1.85378592e-49
 5.34786658e-37 2.80617232e-55 2.14572537e-54 2.91986566e-41
 1.67491922e-40 1.35963995e-47 2.71159835e-57 5.78417409e-45
 1.08397407e-40 5.58403660e-47 4.34507678e-50 6.63610190e-38
 9.15418035e-46 2.40288390e-59 7.05469515e-50 4.52588482e-41
 5.75863544e-46 2.15460932e-56]","[5.73182083e-61 3.22000728e-52 2.23586471e-62 1.17241363e-58
 3.35470507e-58 8.30820763e-60 4.87748802e-60 2.14572537e-54
 2.14572537e-54 9.80545229e-61 3.35470507e-58 8.30820763e-60
 9.55803990e-58 1.19205281e-52 2.80617232e-55 7.51786428e-63
 9.55803990e-58 1.68303018e-55 2.66373322e-53 5.73182083e-61
 3.55862494e-54 9.20417879e-65 7.05469515e-50 6.91984994e-59
 1.61299095e-53 5.28280757e-65 1.29241929e-54 1.98426668e-58
 1.26387580e-48 1.68303018e-55 2.00649704e-69 3.40157297e-67
 3.79042144e-51 6.32585939e-69 3.84964189e-62 1.64306603e-50
 1.28537148e-56 3.84964189e-62 3.35720833e-72 3.55862494e-54
 3.55862494e-54 2.78496894e-64 2.15460932e-56 7.77624575e-55
 1.84628285e-66 3.02883737e-65 1.62852672e-74 3.34696584e-61
 5.89559709e-54 1.45399317e-63]","[2.57596005e-33 5.27367686e-48 2.15460932e-56 8.66108972e-52
 9.14645852e-45 3.61877620e-46 1.44479841e-44 3.61877620e-46
 1.45226397e-39 4.34507678e-50 9.14645852e-45 2.03688601e-48
 8.02241615e-39 1.67491922e-40 2.27983976e-44 2.19550867e-43
 5.00547265e-42 3.22000728e-52 1.41820348e-51 2.30592786e-45
 2.67335366e-50 1.00877229e-50 1.31892718e-42 1.35963995e-47
 4.19874897e-36 1.35963995e-47 3.27921374e-48 5.39250695e-43
 1.84715262e-36 1.42453006e-46 2.71159835e-57 1.85378592e-49
 5.34786658e-37 2.80617232e-55 2.14572537e-54 2.91986566e-41
 1.67491922e-40 1.35963995e-47 2.71159835e-57 5.78417409e-45
 1.08397407e-40 5.58403660e-47 4.34507678e-50 6.63610190e-38
 9.15418035e-46 2.40288390e-59 7.05469515e-50 4.52588482e-41
 5.75863544e-46 2.15460932e-56]","[2.96968783e-09 5.79301951e-09 4.12373324e-09 1.48465322e-08
 1.35965449e-08 1.19190612e-08 6.49014786e-09 4.55921678e-09
 3.31059469e-09 4.56178895e-09 7.78977127e-09 7.76118336e-09
 1.66195931e-08 9.58889701e-09 5.07204645e-09 1.54388099e-08
 8.93976948e-09 9.28857402e-09 2.55083876e-09 1.04857639e-08
 3.71900921e-09 5.10347997e-09 6.38009123e-09 1.76826471e-08
 2.70402889e-09 5.87014082e-09 7.50059959e-09 1.00540034e-08
 2.53442856e-09 5.11281739e-09 1.82153101e-08 1.03549687e-08
 2.35656550e-09 5.13565634e-09 1.79599813e-08 2.58093036e-09
 1.49642019e-08 6.73965317e-09 4.51047510e-09 5.82441062e-09
 1.24043368e-08 3.44691276e-09 7.60143637e-09 5.65117309e-09
 9.60904134e-09 4.48936044e-09 4.13210732e-09 1.12041817e-08
 4.60359462e-09 6.53756438e-09]","[1.12642196e-09 1.63085589e-09 4.39790693e-09 8.91934715e-09
 2.15370211e-09 6.66553657e-09 5.42613487e-09 1.18573259e-08
 2.09327100e-09 2.22078933e-09 6.53993870e-09 1.08646618e-08
 1.98369676e-09 1.16559595e-09 1.06251241e-08 3.03278291e-09
 6.59678279e-09 8.48777459e-09 3.61756303e-09 4.91661700e-09
 4.81467655e-09 3.22020044e-09 2.47155540e-09 4.76370876e-09
 1.48119128e-09 7.04145331e-09 3.37877060e-09 4.10046452e-09
 4.86189622e-09 6.33859576e-09 2.94420022e-09 8.16388990e-09
 8.79492190e-09 2.50998355e-09 1.41233661e-08 1.82463844e-09
 8.76765405e-09 1.09746497e-08 4.56609994e-09 7.63543040e-09
 2.84223478e-09 1.22658133e-08 2.17565443e-09 1.10613884e-08
 2.66122802e-09 9.48611856e-09 3.77916687e-09 6.03312911e-09
 8.41248238e-09 1.70916327e-08]","[1.e-05 1.e-05 1.e-05 1.e-05 1.e-05 1.e-05 1.e-05 1.e-05 1.e-05 1.e-05
 1.e-05 1.e-05 1.e-05 1.e-05 1.e-05 1.e-05 1.e-05 1.e-05 1.e-05 1.e-05
 1.e-05 1.e-05 1.e-05 1.e-05 1.e-05 1.e-05 1.e-05 1.e-05 1.e-05 1.e-05
 1.e-05 1.e-05 1.e-05 1.e-05 1.e-05 1.e-05 1.e-05 1.e-05 1.e-05 1.e-05
 1.e-05 1.e-05 1.e-05 1.e-05 1.e-05 1.e-05 1.e-05 1.e-05 1.e-05 1.e-05]","[1.e-05 1.e-05 1.e-05 1.e-05 1.e-05 1.e-05 1.e-05 1.e-05 1.e-05 1.e-05
 1.e-05 1.e-05 1.e-05 1.e-05 1.e-05 1.e-05 1.e-05 1.e-05 1.e-05 1.e-05
 1.e-05 1.e-05 1.e-05 1.e-05 1.e-05 1.e-05 1.e-05 1.e-05 1.e-05 1.e-05
 1.e-05 1.e-05 1.e-05 1.e-05 1.e-05 1.e-05 1.e-05 1.e-05 1.e-05 1.e-05
 1.e-05 1.e-05 1.e-05 1.e-05 1.e-05 1.e-05 1.e-05 1.e-05 1.e-05 1.e-05]","[0.26314835 0.25760829 0.28034365 0.27498398 0.2517451  0.27442457
 0.27537404 0.25367477 0.25630589 0.28167592 0.27085423 0.2644114
 0.26679239 0.25569416 0.27056537 0.25257711 0.25977443 0.2610464
 0.2651792  0.27047784 0.26737355 0.25919759 0.25428139 0.27867488
 0.25880123 0.2714406  0.25490543 0.26674353 0.25158825 0.25975056
 0.28560644 0.27948744 0.25777041 0.29135496 0.26495698 0.2667693
 0.26268824 0.27276068 0.29127162 0.25761842 0.2490149  0.2714745
 0.27934255 0.27010372 0.27282634 0.25838657 0.29035102 0.2722663
 0.25110105 0.27687303]","[0.18901657 0.22447136 0.24313766 0.22566604 0.21380914 0.22772938
 0.22160102 0.20536397 0.21354694 0.23127783 0.22570008 0.22402446
 0.21953573 0.22070572 0.24145848 0.20442414 0.20508234 0.22986058
 0.23846779 0.22736395 0.23944894 0.21660602 0.23318009 0.22671705
 0.21103148 0.2286812  0.21757105 0.21836331 0.19283574 0.21891699
 0.23770092 0.23714884 0.21790072 0.24755101 0.234556   0.22220372
 0.21621476 0.22126493 0.23593309 0.21789391 0.21334442 0.2288756
 0.23859701 0.20792507 0.21752077 0.22403532 0.23074117 0.22444308
 0.20859398 0.23772819]","[1.04629632e-122 1.55716336e-117 1.63743365e-139 3.75542836e-134
 3.46199750e-112 1.34199166e-133 1.54273748e-134 6.22263401e-114
 2.46246166e-116 7.31840285e-141 4.25910887e-130 6.66695515e-124
 3.57468080e-126 8.96032080e-116 8.13713142e-130 6.14495737e-113
 1.52684704e-119 9.90874635e-121 1.24186030e-124 9.89907903e-130
 9.90145352e-127 5.25311071e-119 1.74734695e-114 7.85455228e-138
 1.22575546e-118 1.14187873e-130 4.71498201e-115 3.98159634e-126
 4.79263807e-112 1.60702591e-119 6.95185659e-145 1.19668525e-138
 1.10314292e-117 7.09297208e-151 2.02087741e-124 3.76156287e-126
 2.84262309e-122 5.83055430e-132 8.68188786e-151 1.52401200e-117
 9.65168092e-110 1.05810404e-130 1.67445224e-138 2.28625375e-129
 5.02661064e-132 2.96984867e-118 8.06262985e-150 1.77959741e-131
 1.31436063e-111 4.98901769e-136]","[4.84990322e-063 5.07860526e-089 1.42165268e-104 5.61512331e-090
 1.01455061e-080 1.21635401e-091 9.59012167e-087 1.91515792e-074
 1.60354696e-080 1.53349199e-094 5.27269845e-090 1.15381555e-088
 3.98647617e-085 4.84728615e-086 4.03118610e-103 9.21227619e-074
 3.06876970e-074 2.23530565e-093 1.46677291e-100 2.40419031e-091
 2.13753309e-101 7.40811455e-083 4.09253553e-096 8.00930407e-091
 1.25751120e-078 2.05097170e-092 1.33594081e-083 3.25440692e-084
 1.28577235e-065 1.20911383e-084 6.57082817e-100 1.92793687e-099
 7.42787455e-084 1.92354212e-108 2.91939208e-097 3.20958474e-087
 1.48026721e-082 1.76332667e-086 2.04408940e-098 7.51854000e-084
 2.28282364e-080 1.42443440e-092 1.13869774e-100 2.55122037e-076
 1.46094278e-083 1.13106133e-088 4.23833775e-094 5.34956650e-089
 8.18337028e-077 6.23007189e-100]","[0.04508197 0.05574012 0.05288482 0.05896258 0.04679751 0.05159914
 0.05888176 0.04430175 0.05499327 0.05630708 0.04991317 0.05419517
 0.05062985 0.04620588 0.05553186 0.04808807 0.04551077 0.0522629
 0.04933679 0.05060172 0.04706132 0.05532968 0.04552102 0.05718958
 0.05108654 0.06354094 0.05292046 0.05319941 0.04669678 0.0502311
 0.05799687 0.05888462 0.05155718 0.06903148 0.04715037 0.04699719
 0.05153024 0.05726016 0.05662584 0.05295479 0.04694963 0.05251789
 0.05860662 0.05005777 0.05447173 0.05978942 0.06629527 0.05381811
 0.04218495 0.05623889]","[0.0245074  0.03981245 0.04073644 0.04208398 0.03394818 0.03421617
 0.03963149 0.02865863 0.04061997 0.0375371  0.03424168 0.03795469
 0.03313124 0.03053272 0.04215407 0.03191006 0.03056133 0.04015064
 0.03692675 0.03331649 0.03554034 0.03974819 0.03573942 0.03847027
 0.03632915 0.04780388 0.0377878  0.03441012 0.03000867 0.03624368
 0.04044485 0.04330409 0.03506386 0.0496155  0.03498614 0.03313982
 0.03417182 0.03983438 0.03967059 0.0369525  0.03416562 0.03629732
 0.04432786 0.03023267 0.03499007 0.04442024 0.04391813 0.03688478
 0.02980876 0.04080009]","[0.16437119 0.18577872 0.17791647 0.18911662 0.17095161 0.17510265
 0.184324   0.16074811 0.18324802 0.18200683 0.17345651 0.17877819
 0.17384896 0.16581982 0.18257752 0.16763713 0.16473538 0.17822548
 0.17283663 0.17441131 0.16807199 0.18294462 0.16840657 0.18390358
 0.1762449  0.19407024 0.18004035 0.17808121 0.16632257 0.17143633
 0.18430593 0.18654412 0.17377087 0.20411998 0.16767084 0.16618507
 0.17660704 0.18508905 0.18401572 0.17738687 0.16903636 0.17502888
 0.18663691 0.17340305 0.18130603 0.19227421 0.19735217 0.18284535
 0.15978827 0.18380293]","[0.12496357 0.15774864 0.15826022 0.16286767 0.14862811 0.14516705
 0.15404413 0.13140256 0.15913141 0.15101138 0.14636859 0.15216777
 0.14278182 0.13638728 0.1613315  0.13966025 0.13784301 0.15790461
 0.1513165  0.14413321 0.14785597 0.15708683 0.15045696 0.15320868
 0.14983663 0.17040442 0.15353902 0.14550635 0.13533954 0.1465453
 0.15600234 0.16306076 0.14550964 0.17555482 0.14585591 0.14216685
 0.14637923 0.15875579 0.15528497 0.14958416 0.1457918  0.14747223
 0.16379711 0.13804658 0.14837047 0.16740342 0.16462624 0.15394058
 0.13694102 0.15889486]",2.710302798073898e-50,5.165234201611153e-35,1.769697527383682e-49,3.6061595358441955e-34,7.813773650333644e-09,5.858160498917187e-09,4.489302819237296e-09,3.733693554586629e-09,1e-05,1e-05,0.0,0.0,0.26702877083778387,0.2231153505706787,0.010969221049308272,0.012331995486509605,0.05283044099807739,0.03695484161376953,0.005599789534947421,0.004936697179220822,0.1776516637943451,0.15072675615939302,0.009316105772322275,0.010062463469492145
df2,0.7000000000000001,0.7000000000000001,0.0,"[3.84964189e-62 3.34696584e-61 7.24139755e-53 1.03791356e-84
 2.00649704e-69 3.56463042e-69 1.41368557e-59 9.20417879e-65
 1.13754661e-61 4.87748802e-60 1.94472818e-71 1.17241363e-58
 1.99260921e-70 3.56463042e-69 3.35720833e-72 3.35720833e-72
 9.92411958e-66 3.02883737e-65 2.71159835e-57 2.95679025e-74
 1.85969560e-78 1.13754661e-61 1.73467612e-65 1.48234930e-75
 1.00833823e-55 1.13754661e-61 9.71516714e-74 1.09543157e-67
 1.62852672e-74 5.66557381e-58 3.51245105e-68 1.84628285e-66
 6.32585939e-69 1.61299095e-53 8.11994820e-76 2.23586471e-62
 1.12821388e-69 1.98571665e-68 1.95228637e-61 4.44304977e-76
 4.07987974e-59 1.61075424e-57 5.67148232e-66 1.03520885e-72
 6.20630182e-68 2.20389449e-86 4.92403790e-75 1.95228637e-61
 8.39040599e-64 3.55535840e-70]","[2.71159835e-57 3.27921374e-48 1.53384053e-37 7.65993218e-57
 5.27367686e-48 9.55803990e-58 8.47223917e-48 2.19550867e-43
 2.66373322e-53 1.85378592e-49 1.00833823e-55 1.08397407e-40
 7.05469515e-50 1.29241929e-54 2.51694654e-63 2.31976235e-51
 6.18686551e-51 2.66373322e-53 1.44479841e-44 5.89559709e-54
 1.95228637e-61 1.29241929e-54 5.89559709e-54 5.73182083e-61
 8.92358057e-47 2.17967002e-47 7.77624575e-55 3.22000728e-52
 4.07987974e-59 7.24139755e-53 4.39427779e-53 3.55862494e-54
 2.86035082e-60 4.52588482e-41 9.55803990e-58 3.27921374e-48
 1.05170761e-66 1.41368557e-59 5.78417409e-45 4.39427779e-53
 9.15418035e-46 5.65883768e-44 3.79042144e-51 2.15460932e-56
 3.60781842e-56 5.98442251e-67 1.41368557e-59 3.60781842e-56
 4.39427779e-53 8.66108972e-52]","[3.84964189e-62 3.34696584e-61 7.24139755e-53 1.03791356e-84
 2.00649704e-69 3.56463042e-69 1.41368557e-59 9.20417879e-65
 1.13754661e-61 4.87748802e-60 1.94472818e-71 1.17241363e-58
 1.99260921e-70 3.56463042e-69 3.35720833e-72 3.35720833e-72
 9.92411958e-66 3.02883737e-65 2.71159835e-57 2.95679025e-74
 1.85969560e-78 1.13754661e-61 1.73467612e-65 1.48234930e-75
 1.00833823e-55 1.13754661e-61 9.71516714e-74 1.09543157e-67
 1.62852672e-74 5.66557381e-58 3.51245105e-68 1.84628285e-66
 6.32585939e-69 1.61299095e-53 8.11994820e-76 2.23586471e-62
 1.12821388e-69 1.98571665e-68 1.95228637e-61 4.44304977e-76
 4.07987974e-59 1.61075424e-57 5.67148232e-66 1.03520885e-72
 6.20630182e-68 2.20389449e-86 4.92403790e-75 1.95228637e-61
 8.39040599e-64 3.55535840e-70]","[2.71159835e-57 3.27921374e-48 1.53384053e-37 7.65993218e-57
 5.27367686e-48 9.55803990e-58 8.47223917e-48 2.19550867e-43
 2.66373322e-53 1.85378592e-49 1.00833823e-55 1.08397407e-40
 7.05469515e-50 1.29241929e-54 2.51694654e-63 2.31976235e-51
 6.18686551e-51 2.66373322e-53 1.44479841e-44 5.89559709e-54
 1.95228637e-61 1.29241929e-54 5.89559709e-54 5.73182083e-61
 8.92358057e-47 2.17967002e-47 7.77624575e-55 3.22000728e-52
 4.07987974e-59 7.24139755e-53 4.39427779e-53 3.55862494e-54
 2.86035082e-60 4.52588482e-41 9.55803990e-58 3.27921374e-48
 1.05170761e-66 1.41368557e-59 5.78417409e-45 4.39427779e-53
 9.15418035e-46 5.65883768e-44 3.79042144e-51 2.15460932e-56
 3.60781842e-56 5.98442251e-67 1.41368557e-59 3.60781842e-56
 4.39427779e-53 8.66108972e-52]","[1.24625026e-08 3.51779539e-09 3.91214516e-09 2.25730786e-08
 1.94129555e-08 1.25445326e-08 1.78218156e-08 1.09978275e-08
 1.95051313e-08 9.91194760e-09 2.15468883e-08 7.95959210e-09
 2.04413283e-08 1.05227979e-08 1.05990157e-08 1.30035057e-08
 1.36759992e-08 6.04474093e-09 5.29184674e-09 4.68231687e-09
 5.24210608e-09 1.02664707e-08 2.26012460e-08 9.45522460e-09
 5.57034607e-09 8.42649583e-09 8.96116503e-09 4.26075608e-09
 1.39994915e-08 1.04235657e-08 1.02635329e-08 4.93806607e-09
 7.12081694e-09 1.26332040e-08 8.20124002e-09 5.24312505e-09
 5.61260916e-09 6.78402390e-09 1.09171463e-08 4.69036632e-09
 8.99423025e-09 6.62337185e-09 1.00963513e-08 8.71259032e-09
 8.09783740e-09 7.22552640e-09 1.88245746e-08 8.13783940e-09
 8.39284253e-09 1.10310121e-08]","[7.41615935e-09 3.51252716e-09 2.19431462e-09 4.21688839e-09
 2.25685659e-09 4.10865320e-09 1.75216686e-09 1.71235937e-09
 5.53168666e-09 1.80687476e-09 2.64362898e-09 1.00385612e-08
 3.43624129e-09 2.86636448e-09 1.00176036e-08 4.36892600e-09
 9.81728987e-09 8.88837748e-09 5.76771853e-09 9.85656945e-09
 1.97643615e-08 6.35988762e-09 1.32796167e-08 7.48583684e-09
 1.20368374e-08 5.28436861e-09 4.53965265e-09 3.55346841e-09
 1.75054808e-08 1.21138569e-08 4.73424033e-09 2.95758362e-09
 9.15809140e-09 8.71326800e-09 1.11753587e-08 1.41252320e-08
 1.94479092e-08 9.21460697e-09 6.88298174e-09 1.32450254e-08
 3.18199023e-09 1.13354203e-08 2.78632117e-09 8.21557700e-09
 1.10502250e-08 2.25686859e-08 4.08290846e-09 3.55264951e-09
 3.52570539e-09 1.02389134e-08]","[1.e-05 1.e-05 1.e-05 1.e-05 1.e-05 1.e-05 1.e-05 1.e-05 1.e-05 1.e-05
 1.e-05 1.e-05 1.e-05 1.e-05 1.e-05 1.e-05 1.e-05 1.e-05 1.e-05 1.e-05
 1.e-05 1.e-05 1.e-05 1.e-05 1.e-05 1.e-05 1.e-05 1.e-05 1.e-05 1.e-05
 1.e-05 1.e-05 1.e-05 1.e-05 1.e-05 1.e-05 1.e-05 1.e-05 1.e-05 1.e-05
 1.e-05 1.e-05 1.e-05 1.e-05 1.e-05 1.e-05 1.e-05 1.e-05 1.e-05 1.e-05]","[1.e-05 1.e-05 1.e-05 1.e-05 1.e-05 1.e-05 1.e-05 1.e-05 1.e-05 1.e-05
 1.e-05 1.e-05 1.e-05 1.e-05 1.e-05 1.e-05 1.e-05 1.e-05 1.e-05 1.e-05
 1.e-05 1.e-05 1.e-05 1.e-05 1.e-05 1.e-05 1.e-05 1.e-05 1.e-05 1.e-05
 1.e-05 1.e-05 1.e-05 1.e-05 1.e-05 1.e-05 1.e-05 1.e-05 1.e-05 1.e-05
 1.e-05 1.e-05 1.e-05 1.e-05 1.e-05 1.e-05 1.e-05 1.e-05 1.e-05 1.e-05]","[0.27845402 0.27896835 0.26436009 0.29240278 0.27745252 0.28420253
 0.25854722 0.27352997 0.27427413 0.27163137 0.29516354 0.27944515
 0.2950353  0.28749514 0.3005497  0.28618344 0.28972146 0.27835561
 0.2797415  0.28493314 0.28512504 0.27154782 0.27566663 0.29392476
 0.27646655 0.27938955 0.29235502 0.28360838 0.29483521 0.26243169
 0.27887378 0.28315623 0.28016124 0.28081576 0.30213058 0.28585893
 0.29097112 0.29470229 0.27086935 0.29398998 0.27795753 0.27486971
 0.27117992 0.28617191 0.27745119 0.30768685 0.30153286 0.28538622
 0.27882125 0.30302694]","[0.23237869 0.22563848 0.21023709 0.23263954 0.22979117 0.24265122
 0.21832437 0.21937153 0.23852065 0.22671422 0.25147015 0.22562124
 0.23867149 0.23754964 0.25717564 0.22790945 0.23159149 0.23477588
 0.22323525 0.23450581 0.24666149 0.23266905 0.22439969 0.24636016
 0.23845979 0.23598879 0.24264904 0.2374679  0.25055386 0.23602844
 0.23853424 0.23916228 0.23505482 0.22701734 0.2519091  0.24073632
 0.25629829 0.2608211  0.23327311 0.23756216 0.23155474 0.22226252
 0.24375043 0.25148179 0.23395801 0.25547881 0.25543481 0.23890877
 0.23475569 0.2604339 ]","[1.30853140e-137 3.98371210e-138 7.45804992e-124 5.55690142e-152
 1.31692574e-136 1.93063649e-143 2.10821110e-118 1.02268142e-132
 1.88925039e-133 7.43584244e-131 6.45904260e-155 1.31999302e-138
 8.85407375e-155 7.72468610e-147 9.96368639e-161 1.76425222e-145
 3.68508656e-149 1.64243758e-137 6.63680614e-139 3.43077650e-144
 2.17756878e-144 8.97296627e-131 7.90842609e-135 1.35106718e-153
 1.26762401e-135 1.50159279e-138 6.24223033e-152 7.84026995e-143
 1.44791510e-154 4.95896834e-122 4.95829462e-138 2.27294930e-142
 2.50284557e-139 5.45315035e-140 1.86595473e-162 3.81644709e-145
 1.79848677e-150 2.00703624e-154 4.11708949e-130 1.15160540e-153
 4.11519470e-137 4.87238114e-134 2.05088311e-130 1.81331305e-145
 1.32096480e-136 1.32042389e-168 8.41819938e-162 1.17234394e-144
 5.59908599e-138 1.93641673e-163]","[1.89070364e-095 5.90858480e-090 4.93087140e-078 1.14962126e-095
 2.54760446e-093 3.75578378e-104 3.48874498e-084 5.35310752e-085
 1.32249662e-100 8.05142384e-091 6.12156339e-112 6.09991564e-090
 9.84014928e-101 8.82735954e-100 3.90268389e-117 8.69073311e-092
 8.45537839e-095 1.91154340e-097 4.89433206e-088 3.21549934e-097
 1.17425446e-107 1.08664885e-095 5.79355805e-089 2.16388378e-107
 1.48995567e-100 1.83502699e-098 3.77212392e-104 1.03531371e-099
 4.07123253e-111 1.69934141e-098 1.28774223e-100 3.75554414e-101
 1.11640358e-097 4.58334660e-091 2.46340761e-112 1.68616962e-102
 2.50234500e-116 1.61011427e-120 3.42522809e-096 8.61428754e-100
 9.06661951e-095 2.88400001e-087 4.16905056e-105 5.97568624e-112
 9.21585155e-097 1.41076121e-115 1.54778981e-115 6.17830116e-101
 1.98735611e-097 3.70462071e-120]","[0.05972719 0.04915702 0.04828823 0.06625938 0.05261326 0.06238055
 0.0557729  0.05563986 0.05505228 0.05922973 0.06077671 0.05901384
 0.06298912 0.05325723 0.07146239 0.05659568 0.06385648 0.06192589
 0.05456913 0.06551659 0.05733681 0.05303001 0.06179726 0.06671476
 0.05682898 0.06005156 0.06453395 0.05936682 0.06293344 0.05433583
 0.05878174 0.0684762  0.05279815 0.06213939 0.06747472 0.06032383
 0.05963612 0.06156194 0.05402243 0.06694233 0.05948162 0.05711222
 0.05866063 0.05849802 0.05554545 0.06715417 0.06159544 0.05588758
 0.05640507 0.06792355]","[0.04377842 0.03212345 0.03049469 0.04246986 0.03502369 0.04569185
 0.03994    0.03398979 0.03975904 0.04135954 0.0430268  0.04212821
 0.03978431 0.0358063  0.05136228 0.03717291 0.04378343 0.04309106
 0.03556466 0.04366291 0.04269516 0.03907192 0.04142702 0.04719305
 0.0419209  0.04128766 0.04490817 0.04345989 0.04541087 0.04138315
 0.04517388 0.04937172 0.03628743 0.04131329 0.04583418 0.04104674
 0.04391968 0.04605818 0.03770828 0.04676414 0.04359829 0.03815067
 0.04473233 0.04454792 0.03813803 0.04763794 0.04615033 0.03751063
 0.04078913 0.05242479]","[0.18774512 0.17220327 0.17194041 0.19806899 0.17882288 0.18921637
 0.18378774 0.18244535 0.18244417 0.18507863 0.19003949 0.18625067
 0.19203278 0.17852561 0.20716985 0.18434571 0.19458173 0.19095637
 0.18051141 0.19905331 0.18460451 0.17960902 0.19420438 0.19620458
 0.18339096 0.18960776 0.19361821 0.18794001 0.19322227 0.17967537
 0.18900846 0.2037321  0.17764634 0.1931857  0.19888776 0.19102712
 0.18726167 0.19007008 0.18089159 0.19974879 0.18846961 0.18345047
 0.18454731 0.18670124 0.18305014 0.20121701 0.19204996 0.18072568
 0.18374246 0.1967111 ]","[0.16389369 0.14124492 0.13948094 0.16270661 0.14880348 0.16438842
 0.15832993 0.14577844 0.15632814 0.15666838 0.16211298 0.16065066
 0.15453888 0.14952587 0.17807352 0.15296818 0.16453773 0.16152805
 0.14919362 0.16453051 0.1614108  0.15569896 0.1616479  0.16811157
 0.15842933 0.15982739 0.16360596 0.16426183 0.16668261 0.15966831
 0.16798157 0.17532211 0.14978109 0.16038681 0.16748257 0.15971988
 0.16243573 0.16628744 0.15389557 0.17048454 0.16336105 0.15276354
 0.1623612  0.16510013 0.15401213 0.1725134  0.16874584 0.14966295
 0.15982685 0.17505354]",1.7729957170526808e-54,3.0707601303215245e-39,1.0340978978331122e-53,2.1473333730918152e-38,1.0363498756937872e-08,7.686516581006942e-09,5.11835059621788e-09,5.0330062060428065e-09,1e-05,1e-05,0.0,0.0,0.2834282251000404,0.23756798902988435,0.010631014623698757,0.011324660891297628,0.05962867021560669,0.04191857099533081,0.005125486099199004,0.004543954338561215,0.18818842981361855,0.16023611151552594,0.007675523819131577,0.008202866343726092
df2,0.75,0.75,0.0,"[1.62852672e-074 2.95679025e-074 4.69733763e-083 1.05170761e-066
 1.93137901e-067 3.11335148e-082 2.34155676e-088 5.67148232e-066
 8.83329437e-083 2.42847792e-076 4.92403790e-075 1.00649935e-078
 3.93950762e-077 3.17823276e-073 8.11994820e-076 4.83655003e-064
 8.95973634e-075 1.12821388e-069 8.81591837e-090 8.39040599e-064
 1.11555042e-070 3.93950762e-077 1.45786612e-106 1.75814506e-073
 2.95679025e-074 1.32759256e-080 3.11335148e-082 1.99260921e-070
 8.39040599e-064 1.75814506e-073 3.40157297e-067 1.99260921e-070
 3.17823276e-073 3.48503975e-071 2.04313811e-081 3.81678704e-081
 1.11555042e-070 1.03791356e-084 2.88686263e-085 1.12821388e-069
 3.55535840e-070 5.44137500e-079 9.71516714e-074 4.32796803e-100
 3.23766600e-066 4.49681448e-088 8.83329437e-083 5.73909492e-073
 1.00649935e-078 1.62852672e-074]","[3.22000728e-52 1.29719007e-62 3.02883737e-65 2.67335366e-50
 7.77624575e-55 6.32585939e-69 2.93851005e-79 2.14572537e-54
 2.51694654e-63 3.55862494e-54 7.51786428e-63 2.51694654e-63
 6.91984994e-59 3.23766600e-66 3.84964189e-62 5.66557381e-58
 2.51694654e-63 2.66373322e-53 6.33684532e-70 7.24139755e-53
 4.67383798e-55 1.75814506e-73 1.85969560e-78 2.03688601e-48
 5.89559709e-54 1.67562367e-60 5.28280757e-65 1.60190536e-64
 1.41820348e-51 2.86035082e-60 1.28537148e-56 6.91984994e-59
 1.03520885e-72 3.55862494e-54 2.51694654e-63 9.80545229e-61
 1.29241929e-54 2.00649704e-69 7.51786428e-63 1.98426668e-58
 1.68303018e-55 1.00833823e-55 1.00833823e-55 3.23766600e-66
 2.17967002e-47 6.62107000e-62 2.23586471e-62 6.03472099e-56
 1.98426668e-58 1.19205281e-52]","[1.62852672e-074 2.95679025e-074 4.69733763e-083 1.05170761e-066
 1.93137901e-067 3.11335148e-082 2.34155676e-088 5.67148232e-066
 8.83329437e-083 2.42847792e-076 4.92403790e-075 1.00649935e-078
 3.93950762e-077 3.17823276e-073 8.11994820e-076 4.83655003e-064
 8.95973634e-075 1.12821388e-069 8.81591837e-090 8.39040599e-064
 1.11555042e-070 3.93950762e-077 1.45786612e-106 1.75814506e-073
 2.95679025e-074 1.32759256e-080 3.11335148e-082 1.99260921e-070
 8.39040599e-064 1.75814506e-073 3.40157297e-067 1.99260921e-070
 3.17823276e-073 3.48503975e-071 2.04313811e-081 3.81678704e-081
 1.11555042e-070 1.03791356e-084 2.88686263e-085 1.12821388e-069
 3.55535840e-070 5.44137500e-079 9.71516714e-074 4.32796803e-100
 3.23766600e-066 4.49681448e-088 8.83329437e-083 5.73909492e-073
 1.00649935e-078 1.62852672e-074]","[3.22000728e-52 1.29719007e-62 3.02883737e-65 2.67335366e-50
 7.77624575e-55 6.32585939e-69 2.93851005e-79 2.14572537e-54
 2.51694654e-63 3.55862494e-54 7.51786428e-63 2.51694654e-63
 6.91984994e-59 3.23766600e-66 3.84964189e-62 5.66557381e-58
 2.51694654e-63 2.66373322e-53 6.33684532e-70 7.24139755e-53
 4.67383798e-55 1.75814506e-73 1.85969560e-78 2.03688601e-48
 5.89559709e-54 1.67562367e-60 5.28280757e-65 1.60190536e-64
 1.41820348e-51 2.86035082e-60 1.28537148e-56 6.91984994e-59
 1.03520885e-72 3.55862494e-54 2.51694654e-63 9.80545229e-61
 1.29241929e-54 2.00649704e-69 7.51786428e-63 1.98426668e-58
 1.68303018e-55 1.00833823e-55 1.00833823e-55 3.23766600e-66
 2.17967002e-47 6.62107000e-62 2.23586471e-62 6.03472099e-56
 1.98426668e-58 1.19205281e-52]","[7.97270105e-09 2.04753893e-08 1.56463238e-08 5.66074609e-09
 6.69394351e-09 7.04580783e-09 1.85096070e-08 1.59545168e-08
 6.42811460e-09 9.53065471e-09 8.70648975e-09 2.58641925e-08
 1.21255459e-08 1.06660687e-08 9.67244529e-09 1.18005326e-08
 9.26075649e-09 8.42329739e-09 1.84721444e-08 4.07085843e-09
 4.68346306e-09 5.55731194e-09 2.65029629e-08 1.56934925e-08
 1.43150792e-08 1.33178922e-08 1.58252506e-08 1.09042015e-08
 8.72346906e-09 1.31525723e-08 2.02731493e-08 2.04939401e-08
 1.82978560e-08 4.44419102e-09 8.16791157e-09 2.19427214e-08
 1.09686430e-08 1.13839838e-08 1.86198866e-08 2.25468835e-08
 5.46165357e-09 2.48783176e-08 7.64200114e-09 1.87631755e-08
 1.24924104e-08 1.24796986e-08 2.51765550e-08 7.66506603e-09
 1.27971838e-08 1.04389669e-08]","[1.25177283e-08 5.34070754e-09 1.31815224e-08 4.11764145e-09
 1.30477178e-08 9.03257025e-09 8.39691727e-09 3.62252961e-09
 3.46422080e-09 3.87419785e-09 1.29079957e-08 4.87699559e-09
 5.44048862e-09 1.29309193e-08 3.88062138e-09 4.12938428e-09
 1.83185376e-08 1.70501450e-08 7.42451423e-09 8.73950989e-09
 2.75029322e-09 1.67626613e-08 8.43430858e-09 3.63766117e-09
 3.36057504e-09 1.61441798e-08 9.88513804e-09 1.90866650e-08
 7.63995900e-09 4.85277230e-09 3.09654580e-09 3.41874062e-09
 7.22100557e-09 2.62674305e-09 6.51881016e-09 9.04516761e-09
 8.52411552e-09 9.00886099e-09 3.34734096e-09 1.08736791e-08
 2.59576305e-09 1.26321190e-08 3.18382565e-09 7.11883064e-09
 2.46335230e-09 7.38913919e-09 1.47082524e-08 3.69545960e-09
 1.02947298e-08 7.23411531e-09]","[1.e-05 1.e-05 1.e-05 1.e-05 1.e-05 1.e-05 1.e-05 1.e-05 1.e-05 1.e-05
 1.e-05 1.e-05 1.e-05 1.e-05 1.e-05 1.e-05 1.e-05 1.e-05 1.e-05 1.e-05
 1.e-05 1.e-05 1.e-05 1.e-05 1.e-05 1.e-05 1.e-05 1.e-05 1.e-05 1.e-05
 1.e-05 1.e-05 1.e-05 1.e-05 1.e-05 1.e-05 1.e-05 1.e-05 1.e-05 1.e-05
 1.e-05 1.e-05 1.e-05 1.e-05 1.e-05 1.e-05 1.e-05 1.e-05 1.e-05 1.e-05]","[1.e-05 1.e-05 1.e-05 1.e-05 1.e-05 1.e-05 1.e-05 1.e-05 1.e-05 1.e-05
 1.e-05 1.e-05 1.e-05 1.e-05 1.e-05 1.e-05 1.e-05 1.e-05 1.e-05 1.e-05
 1.e-05 1.e-05 1.e-05 1.e-05 1.e-05 1.e-05 1.e-05 1.e-05 1.e-05 1.e-05
 1.e-05 1.e-05 1.e-05 1.e-05 1.e-05 1.e-05 1.e-05 1.e-05 1.e-05 1.e-05
 1.e-05 1.e-05 1.e-05 1.e-05 1.e-05 1.e-05 1.e-05 1.e-05 1.e-05 1.e-05]","[0.3073895  0.2910634  0.31625737 0.28752004 0.30555231 0.30435292
 0.3213395  0.29678686 0.29609133 0.30699188 0.30496717 0.31736155
 0.31638293 0.30359588 0.29768253 0.29598228 0.30103085 0.27794282
 0.31502451 0.30344548 0.30297061 0.3069088  0.33174215 0.29492575
 0.29778778 0.30194568 0.31609459 0.29799393 0.29765386 0.28945859
 0.29667024 0.29071157 0.30485955 0.2946053  0.3090843  0.32250483
 0.29566957 0.31548241 0.31149577 0.31109573 0.29058671 0.31340094
 0.30577893 0.32135511 0.29817759 0.31834236 0.31823965 0.28979601
 0.30719621 0.31102769]","[0.23831298 0.24472602 0.26261886 0.22971137 0.25348379 0.26906156
 0.28363965 0.25249617 0.25018214 0.25274848 0.25818621 0.26353474
 0.25942392 0.25550152 0.25312556 0.25226175 0.26265693 0.23472951
 0.25727749 0.25298602 0.24917033 0.26443481 0.27150379 0.22302135
 0.24221943 0.25935085 0.25701937 0.25870924 0.24603156 0.24725644
 0.24899546 0.24673299 0.26459032 0.2479193  0.25880963 0.25921947
 0.24761806 0.26990484 0.25085999 0.25988502 0.25185914 0.26784582
 0.25126444 0.25752959 0.24000742 0.26384293 0.26112291 0.24875258
 0.26031295 0.25139825]","[2.83760225e-168 1.43816688e-150 2.47276013e-178 7.27821536e-147
 3.14701277e-166 6.69422052e-165 3.06236335e-184 1.17655069e-156
 6.56462240e-156 7.88277261e-168 1.40087195e-165 1.31393922e-179
 1.77212669e-178 4.57991825e-164 1.27751847e-157 8.59208409e-156
 2.97632802e-161 4.25720525e-137 6.46470336e-177 6.70665805e-164
 2.23322136e-163 9.75681546e-168 1.17407182e-196 1.15908112e-154
 9.83666580e-158 2.97482028e-162 3.80783416e-178 5.89367314e-158
 1.37176084e-157 6.94314636e-149 1.57008095e-156 3.37140212e-150
 1.84300198e-165 2.54673433e-154 3.58597147e-170 1.30892736e-185
 1.85784414e-155 1.92679004e-177 6.82013615e-173 1.93532280e-172
 4.56040427e-150 4.65400287e-175 1.76351945e-166 2.93598131e-184
 3.73290524e-158 9.60034049e-181 1.26317499e-180 3.07877548e-149
 4.66376508e-168 2.31063581e-172]","[1.98616574e-100 5.87388657e-106 3.30445907e-122 2.96081943e-093
 9.27556824e-114 2.33851340e-128 7.28334534e-143 7.27237857e-113
 8.76272825e-111 4.30081702e-113 4.55214809e-118 4.51338524e-123
 3.23603136e-119 1.34486253e-115 1.95957994e-113 1.18415947e-112
 3.04247743e-122 2.09016735e-097 3.14407607e-117 2.62152671e-113
 7.01701191e-110 6.33447215e-124 9.90672158e-131 7.23405776e-088
 8.88103053e-104 3.78412904e-119 5.43648317e-117 1.49183984e-118
 4.21048666e-107 3.50436770e-108 1.00441727e-109 1.01559877e-107
 4.50872701e-124 9.07687115e-109 1.20395928e-118 5.01284707e-119
 1.67784502e-108 3.56575939e-129 2.16353174e-111 1.20439237e-119
 2.73254710e-112 3.48074850e-127 9.37295956e-112 1.84067697e-117
 7.11518334e-102 2.30598420e-123 8.40180881e-121 1.65221523e-109
 4.80481866e-120 7.10469849e-112]","[0.06950164 0.06032586 0.07253087 0.05789638 0.06776953 0.06506085
 0.07672906 0.06189919 0.07042062 0.06450045 0.06010187 0.06657457
 0.06949902 0.06330824 0.0598799  0.06325793 0.0711025  0.06051242
 0.06721473 0.06519628 0.05875134 0.07370436 0.07432163 0.06258285
 0.07278895 0.06212628 0.0711199  0.06551647 0.05645454 0.06588542
 0.0642873  0.06014597 0.06333625 0.06344748 0.06529653 0.07693362
 0.06412911 0.07009423 0.07369232 0.07095551 0.06493068 0.0694313
 0.06737924 0.06438231 0.06659496 0.064147   0.08063257 0.05778635
 0.06564498 0.0653547 ]","[0.04436707 0.04330325 0.0515579  0.03879273 0.04554403 0.04883111
 0.05620575 0.04662979 0.05230308 0.04381418 0.04130518 0.04820681
 0.04609251 0.04622376 0.04350126 0.04428828 0.05460131 0.0402354
 0.04635715 0.04671133 0.03967261 0.0568223  0.05041552 0.03973842
 0.0496248  0.04674089 0.04827082 0.04841566 0.03742385 0.04765701
 0.04461718 0.04310381 0.0466789  0.04339778 0.04497886 0.05028594
 0.04439461 0.05006611 0.04849362 0.05148554 0.04741299 0.05067241
 0.04626167 0.03912282 0.04245615 0.04467773 0.05775917 0.04003656
 0.04805398 0.04521465]","[0.20280233 0.19168341 0.20513611 0.18721813 0.20029768 0.19693257
 0.21563433 0.19520688 0.2046339  0.1962743  0.1873453  0.199879
 0.20273299 0.19336914 0.18780045 0.19241141 0.20566181 0.18929015
 0.19784225 0.19614317 0.18781046 0.20906591 0.20751316 0.19224746
 0.21012977 0.19429913 0.2058422  0.19857354 0.18428884 0.19970247
 0.19923768 0.19125603 0.19401813 0.19543418 0.19509276 0.21083857
 0.1963691  0.20361232 0.20971909 0.20523506 0.20156538 0.20363594
 0.19924158 0.19397155 0.19957826 0.19428875 0.21649061 0.18807743
 0.19565797 0.1978064 ]","[0.16597368 0.16537275 0.17568656 0.15643165 0.16657112 0.17220081
 0.1866125  0.17188738 0.17826305 0.1643815  0.15788003 0.17253357
 0.1688662  0.1675092  0.16298591 0.16333484 0.18195877 0.15643184
 0.16778623 0.16920602 0.15716131 0.18469623 0.17364833 0.15694048
 0.1766955  0.17023342 0.17313481 0.17245409 0.15306109 0.17361457
 0.16820286 0.16492854 0.16814222 0.16374837 0.16420701 0.17284575
 0.16635791 0.1752165  0.17268835 0.17729844 0.1755144  0.17633838
 0.16858454 0.15485371 0.16247639 0.16541461 0.18529496 0.15892055
 0.16880143 0.1677207 ]",4.344467245471771e-65,4.7724592746689715e-49,1.7593023307055363e-64,3.058946153583456e-48,1.3131800520316261e-08,7.996913491403745e-09,6.150455941560171e-09,4.627594265602214e-09,1e-05,1e-05,0.0,0.0,0.30460646582603457,0.25427705849170684,0.010831378860772718,0.010652472775477253,0.06630272150039673,0.0464564847946167,0.005316892110735085,0.004597841149572085,0.19857790110396184,0.16882138145158498,0.0074487620790184075,0.007810388048601357
df2,0.8,0.8,0.0,"[1.16538558e-077 1.51998109e-085 4.92403790e-075 1.70247332e-089
 3.22816176e-091 8.83329437e-083 2.34155676e-088 1.72947631e-096
 1.74357044e-099 2.24489973e-092 1.85969560e-078 3.17823276e-073
 1.21792979e-088 1.70247332e-089 2.47190518e-080 2.35609537e-090
 9.20882547e-104 5.47688639e-085 2.88686263e-085 1.14959907e-092
 1.53350669e-093 1.51998109e-085 1.03791356e-084 1.03791356e-084
 1.21792979e-088 5.83529742e-082 1.70247332e-089 3.11335148e-082
 6.04906014e-087 8.83329437e-083 3.16384036e-087 1.06947759e-100
 1.09249502e-081 8.05827457e-108 2.14384629e-077 1.16538558e-077
 2.35609537e-090 1.39799851e-098 1.48234930e-075 2.47190518e-080
 1.32395344e-083 1.15526050e-086 3.22816176e-091 2.88686263e-085
 7.74187875e-103 5.83529742e-082 3.22816176e-091 1.21792979e-088
 1.72947631e-096 1.14959907e-092]","[2.86035082e-60 5.73909492e-73 4.07987974e-59 1.11555042e-70
 1.09249502e-81 6.20630182e-68 2.95679025e-74 2.42847792e-76
 3.48503975e-71 1.12138242e-68 3.35720833e-72 2.86035082e-60
 3.84964189e-62 1.05170761e-66 1.98426668e-58 7.23127196e-77
 8.54149129e-80 1.00833823e-55 1.73467612e-65 1.12821388e-69
 1.08402131e-71 7.51786428e-63 9.92411958e-66 3.56463042e-69
 1.84628285e-66 8.30820763e-60 1.11555042e-70 1.28537148e-56
 5.73909492e-73 8.39040599e-64 2.78496894e-64 1.08402131e-71
 3.60781842e-56 5.83529742e-82 2.23586471e-62 1.98426668e-58
 6.32804820e-78 1.99260921e-70 3.55862494e-54 9.75688065e-54
 1.73467612e-65 5.67148232e-66 1.99260921e-70 6.23856139e-71
 6.04906014e-87 9.71516714e-74 2.78496894e-64 4.92403790e-75
 1.03520885e-72 1.58514471e-79]","[1.16538558e-077 1.51998109e-085 4.92403790e-075 1.70247332e-089
 3.22816176e-091 8.83329437e-083 2.34155676e-088 1.72947631e-096
 1.74357044e-099 2.24489973e-092 1.85969560e-078 3.17823276e-073
 1.21792979e-088 1.70247332e-089 2.47190518e-080 2.35609537e-090
 9.20882547e-104 5.47688639e-085 2.88686263e-085 1.14959907e-092
 1.53350669e-093 1.51998109e-085 1.03791356e-084 1.03791356e-084
 1.21792979e-088 5.83529742e-082 1.70247332e-089 3.11335148e-082
 6.04906014e-087 8.83329437e-083 3.16384036e-087 1.06947759e-100
 1.09249502e-081 8.05827457e-108 2.14384629e-077 1.16538558e-077
 2.35609537e-090 1.39799851e-098 1.48234930e-075 2.47190518e-080
 1.32395344e-083 1.15526050e-086 3.22816176e-091 2.88686263e-085
 7.74187875e-103 5.83529742e-082 3.22816176e-091 1.21792979e-088
 1.72947631e-096 1.14959907e-092]","[2.86035082e-60 5.73909492e-73 4.07987974e-59 1.11555042e-70
 1.09249502e-81 6.20630182e-68 2.95679025e-74 2.42847792e-76
 3.48503975e-71 1.12138242e-68 3.35720833e-72 2.86035082e-60
 3.84964189e-62 1.05170761e-66 1.98426668e-58 7.23127196e-77
 8.54149129e-80 1.00833823e-55 1.73467612e-65 1.12821388e-69
 1.08402131e-71 7.51786428e-63 9.92411958e-66 3.56463042e-69
 1.84628285e-66 8.30820763e-60 1.11555042e-70 1.28537148e-56
 5.73909492e-73 8.39040599e-64 2.78496894e-64 1.08402131e-71
 3.60781842e-56 5.83529742e-82 2.23586471e-62 1.98426668e-58
 6.32804820e-78 1.99260921e-70 3.55862494e-54 9.75688065e-54
 1.73467612e-65 5.67148232e-66 1.99260921e-70 6.23856139e-71
 6.04906014e-87 9.71516714e-74 2.78496894e-64 4.92403790e-75
 1.03520885e-72 1.58514471e-79]","[7.69442865e-09 2.31495749e-08 1.52392644e-08 1.22008370e-08
 1.18993003e-08 1.25549345e-08 1.94313846e-08 2.63274570e-08
 1.15101018e-08 7.50684281e-09 5.91246418e-09 2.12534392e-08
 1.82033758e-08 1.78434902e-08 8.13045375e-09 1.20607023e-08
 2.33553054e-08 6.84903334e-09 1.72760481e-08 1.50738794e-08
 1.62584579e-08 1.39704600e-08 1.74105957e-08 7.16551374e-09
 2.23963980e-08 1.32872614e-08 1.07128477e-08 7.67733377e-09
 1.80020032e-08 1.05263733e-08 9.16474074e-09 1.48195124e-08
 1.03345237e-08 2.11389892e-08 2.59949758e-08 6.42701425e-09
 1.07347793e-08 9.27011667e-09 2.15232061e-08 2.31238105e-08
 1.55710923e-08 1.35267819e-08 1.27118771e-08 2.69723920e-08
 1.03300823e-08 1.84653518e-08 8.73682859e-09 6.94340452e-09
 1.58256106e-08 6.58346744e-09]","[4.03376144e-09 1.50841523e-08 5.48857793e-09 1.01141332e-08
 2.20429049e-08 1.26639713e-08 4.51816806e-09 2.17411635e-08
 5.76201142e-09 4.47866821e-09 1.06768170e-08 4.74761752e-09
 3.90384181e-09 6.00471473e-09 1.93302578e-08 1.27456351e-08
 1.42947214e-08 1.02490650e-08 8.16253110e-09 5.00703057e-09
 6.31309982e-09 6.16310480e-09 1.82545806e-08 6.22613028e-09
 1.15891804e-08 3.72699038e-09 2.13925330e-08 4.26503666e-09
 1.59235746e-08 4.63958694e-09 7.16690407e-09 1.94403915e-08
 1.51571213e-08 6.70130829e-09 7.85486565e-09 1.25399394e-08
 5.77135462e-09 7.76745213e-09 5.13998610e-09 5.03224684e-09
 1.07592352e-08 4.32009950e-09 2.32540169e-08 2.09656305e-08
 1.24854075e-08 5.92982718e-09 1.40802233e-08 9.89965421e-09
 5.00660535e-09 1.03708209e-08]","[1.e-05 1.e-05 1.e-05 1.e-05 1.e-05 1.e-05 1.e-05 1.e-05 1.e-05 1.e-05
 1.e-05 1.e-05 1.e-05 1.e-05 1.e-05 1.e-05 1.e-05 1.e-05 1.e-05 1.e-05
 1.e-05 1.e-05 1.e-05 1.e-05 1.e-05 1.e-05 1.e-05 1.e-05 1.e-05 1.e-05
 1.e-05 1.e-05 1.e-05 1.e-05 1.e-05 1.e-05 1.e-05 1.e-05 1.e-05 1.e-05
 1.e-05 1.e-05 1.e-05 1.e-05 1.e-05 1.e-05 1.e-05 1.e-05 1.e-05 1.e-05]","[1.e-05 1.e-05 1.e-05 1.e-05 1.e-05 1.e-05 1.e-05 1.e-05 1.e-05 1.e-05
 1.e-05 1.e-05 1.e-05 1.e-05 1.e-05 1.e-05 1.e-05 1.e-05 1.e-05 1.e-05
 1.e-05 1.e-05 1.e-05 1.e-05 1.e-05 1.e-05 1.e-05 1.e-05 1.e-05 1.e-05
 1.e-05 1.e-05 1.e-05 1.e-05 1.e-05 1.e-05 1.e-05 1.e-05 1.e-05 1.e-05
 1.e-05 1.e-05 1.e-05 1.e-05 1.e-05 1.e-05 1.e-05 1.e-05 1.e-05 1.e-05]","[0.30185283 0.32674984 0.30344273 0.3129547  0.32506768 0.31183864
 0.32484835 0.34636041 0.33260455 0.32453567 0.31037207 0.30794955
 0.31235055 0.32246406 0.31809305 0.31538391 0.33239287 0.31651701
 0.30962521 0.33385782 0.33641292 0.32631789 0.31163516 0.31379583
 0.32828907 0.31494577 0.34206982 0.32207056 0.32492536 0.32338203
 0.33159988 0.33205821 0.30678344 0.32562787 0.31293408 0.31514314
 0.31927606 0.33566586 0.29907077 0.30956267 0.32298652 0.32525287
 0.33978333 0.32495758 0.33341774 0.31589507 0.3285994  0.3065418
 0.34166142 0.34133386]","[0.2615434  0.28690461 0.24536417 0.26690848 0.26947181 0.26991884
 0.29018743 0.28512945 0.27115251 0.27259637 0.27134816 0.26420041
 0.26293808 0.25749935 0.26349592 0.27506124 0.27617482 0.26320938
 0.25842922 0.27599079 0.27736273 0.27269282 0.26056553 0.25876074
 0.27051438 0.25835833 0.28400422 0.25841986 0.27431905 0.27006623
 0.27815158 0.2652731  0.25255671 0.27403861 0.25118628 0.2632024
 0.26920168 0.27181589 0.25380229 0.24691283 0.27209337 0.27681136
 0.29057118 0.28457298 0.28801852 0.27071652 0.27736292 0.26977256
 0.2897755  0.29104977]","[3.75943190e-162 1.21085668e-190 6.75351062e-164 1.50124826e-174
 1.22052863e-188 2.78647349e-173 2.22297073e-188 7.51594613e-215
 1.04867948e-197 5.22145273e-188 1.27208476e-171 6.71283817e-169
 7.30789907e-174 1.46186123e-185 1.86848610e-180 2.50031782e-177
 1.89853860e-197 1.24140363e-178 8.83722118e-171 3.09543741e-199
 2.24763106e-202 3.96863184e-190 4.74039387e-173 1.64838070e-175
 1.73709863e-192 7.95926446e-177 2.02767462e-209 4.24409141e-185
 1.80106449e-188 1.20969890e-186 1.74766306e-196 4.84816919e-197
 1.34595299e-167 2.63411444e-189 1.58465922e-174 4.72534086e-177
 7.88825799e-182 1.87181130e-201 4.03267373e-159 1.03923041e-170
 3.54311351e-186 7.35445548e-189 1.47996856e-206 1.64921789e-188
 1.06826027e-198 6.46159389e-178 7.36267533e-193 2.50138353e-167
 6.60689196e-209 1.70198254e-208]","[3.39028015e-121 3.16511971e-146 1.62275605e-106 2.76675208e-126
 9.37397421e-129 3.45596508e-129 1.19706140e-149 2.15491143e-144
 2.18107937e-130 8.45041687e-132 1.40551055e-130 1.05705352e-123
 1.65241036e-122 1.96282418e-117 4.91157145e-123 3.14907851e-134
 2.47313132e-135 9.16246381e-123 2.71170392e-118 3.76861399e-135
 1.61910713e-136 6.79656220e-132 2.79117936e-120 1.33648394e-118
 9.12140639e-130 3.15421028e-118 3.08319368e-143 2.76632369e-118
 1.70589249e-133 2.48614758e-129 2.63039727e-137 1.01077800e-124
 6.41153555e-113 3.22590660e-133 1.10185768e-111 9.30254681e-123
 1.71163214e-128 4.90930112e-131 4.76581204e-114 7.04804647e-108
 2.62796513e-131 5.74769840e-136 4.73497441e-150 8.04497259e-144
 2.20740259e-147 5.79950883e-130 1.61840136e-136 4.79133601e-129
 3.23487967e-149 1.48646367e-150]","[0.06852651 0.07558489 0.06346929 0.07517219 0.06658471 0.08140624
 0.07696283 0.08242273 0.07922053 0.07845187 0.07098353 0.07223272
 0.07547402 0.06852984 0.0829699  0.06945181 0.07628155 0.07465756
 0.07862699 0.07961726 0.08732939 0.0801754  0.08121085 0.07375145
 0.0794791  0.07042801 0.08651304 0.0845834  0.08276761 0.08390856
 0.07799268 0.07955909 0.06926548 0.0746268  0.07181358 0.07278955
 0.07540834 0.0835346  0.06545901 0.06012774 0.07418251 0.08106196
 0.07780135 0.08459818 0.08660591 0.06841135 0.08819747 0.06980872
 0.08814228 0.08812416]","[0.0501101  0.05482483 0.04177415 0.05456042 0.04753888 0.06017172
 0.05858517 0.06017685 0.05567169 0.05659926 0.0512346  0.05265033
 0.05347419 0.04455996 0.0601294  0.05146456 0.05293512 0.05297005
 0.05648017 0.05827403 0.06086218 0.05726194 0.05851889 0.05156362
 0.05503201 0.0518111  0.0582267  0.05886245 0.06103981 0.0594182
 0.05795455 0.05347776 0.04755592 0.05197108 0.04755235 0.05152392
 0.05640876 0.05855978 0.04652655 0.03870785 0.05287099 0.05874455
 0.05483711 0.06485939 0.06480587 0.04791176 0.06257045 0.05440617
 0.0627389  0.06743205]","[0.20248639 0.2121316  0.19489182 0.2091387  0.19720122 0.22305451
 0.21650137 0.21974374 0.21682304 0.21487779 0.20483185 0.20874818
 0.21407429 0.19976051 0.22286574 0.20445149 0.21333867 0.21109839
 0.2167813  0.21696957 0.22878732 0.21571138 0.22011055 0.21129277
 0.21501129 0.20340446 0.22551582 0.22092    0.22180797 0.2229931
 0.21416776 0.21464539 0.20339123 0.21117869 0.20772283 0.20877795
 0.21110298 0.2212676  0.19565349 0.18978962 0.21115541 0.21898348
 0.21377553 0.22482188 0.22659861 0.20211734 0.22775609 0.20466613
 0.2262883  0.22931492]","[0.17547636 0.18187446 0.16054499 0.17997323 0.16930282 0.19525676
 0.19108752 0.1897232  0.18520487 0.1854082  0.17514246 0.17995341
 0.18333937 0.16551561 0.19296064 0.17902595 0.18141877 0.18066288
 0.18618969 0.18880313 0.19441806 0.18475886 0.19057595 0.17989898
 0.18166914 0.17755922 0.18766237 0.18752663 0.19321636 0.1903516
 0.18761258 0.1802542  0.17136939 0.17950177 0.17163814 0.17864193
 0.18502392 0.18774268 0.16691245 0.15563992 0.18081498 0.18949323
 0.18310095 0.19901095 0.19956074 0.1717177  0.19479302 0.18277516
 0.19363652 0.20342998]",6.485526429482294e-75,2.6931446111441535e-55,4.448257557373201e-74,1.4439227946899842e-54,1.438156239874644e-08,1.0183733045732169e-08,5.8553616833873195e-09,5.762496665247769e-09,1e-05,1e-05,0.0,0.0,0.32202514933109283,0.27018948702812196,0.01139924339077536,0.011358273101010818,0.07688569068908692,0.0549639630317688,0.006845415534531071,0.00583051044211043,0.2133700011704027,0.18314343405052352,0.00939372117932501,0.009734861104276604
df2,0.8500000000000001,0.8500000000000001,0.0,"[9.20882547e-104 1.08427351e-104 4.51863753e-104 8.53187607e-092
 1.03791356e-084 9.20882547e-104 7.99410344e-086 1.66475925e-107
 2.64763111e-095 1.11687624e-110 3.49368581e-099 1.87460385e-103
 8.71890126e-097 1.02898789e-094 1.10963247e-097 2.20848376e-097
 4.32796803e-100 5.56898878e-098 5.22248187e-095 2.24489973e-092
 1.10963247e-097 9.20882547e-104 3.18287512e-102 3.43531867e-107
 3.42673436e-096 6.26880529e-091 3.18287512e-102 7.81799073e-094
 3.22816176e-091 8.69173129e-100 4.39057786e-097 1.14959907e-092
 7.05518906e-115 1.74357044e-099 8.62627431e-088 1.14959907e-092
 3.89617725e-108 1.30265891e-101 9.20882547e-104 2.21472141e-104
 4.32796803e-100 1.86526077e-072 1.06947759e-100 2.64763111e-095
 5.88045765e-093 3.56765397e-117 2.79180826e-098 1.06947759e-100
 1.34076199e-095 1.30265891e-101]","[1.75814506e-73 4.49681448e-88 1.02898789e-94 6.20630182e-68
 1.12138242e-68 3.35720833e-72 1.93137901e-67 2.47190518e-80
 8.95973634e-75 1.48234930e-75 6.04906014e-87 2.04313811e-81
 5.98442251e-67 2.42847792e-76 1.85969560e-78 1.09543157e-67
 2.95679025e-74 9.71516714e-74 7.23127196e-77 4.59749627e-80
 2.47190518e-80 2.49517973e-83 1.21792979e-88 1.53350669e-93
 1.99260921e-70 2.42847792e-76 1.16538558e-77 4.49681448e-88
 1.86526077e-72 6.32585939e-69 8.95973634e-75 6.23856139e-71
 1.14959907e-92 1.85969560e-78 2.93851005e-79 1.03520885e-72
 1.53350669e-93 2.42847792e-76 1.00649935e-78 1.34076199e-95
 3.11335148e-82 3.34696584e-61 2.24489973e-92 6.32804820e-78
 3.51245105e-68 5.47688639e-85 2.20389449e-86 3.71514939e-84
 1.60190536e-64 5.44137500e-79]","[9.20882547e-104 1.08427351e-104 4.51863753e-104 8.53187607e-092
 1.03791356e-084 9.20882547e-104 7.99410344e-086 1.66475925e-107
 2.64763111e-095 1.11687624e-110 3.49368581e-099 1.87460385e-103
 8.71890126e-097 1.02898789e-094 1.10963247e-097 2.20848376e-097
 4.32796803e-100 5.56898878e-098 5.22248187e-095 2.24489973e-092
 1.10963247e-097 9.20882547e-104 3.18287512e-102 3.43531867e-107
 3.42673436e-096 6.26880529e-091 3.18287512e-102 7.81799073e-094
 3.22816176e-091 8.69173129e-100 4.39057786e-097 1.14959907e-092
 7.05518906e-115 1.74357044e-099 8.62627431e-088 1.14959907e-092
 3.89617725e-108 1.30265891e-101 9.20882547e-104 2.21472141e-104
 4.32796803e-100 1.86526077e-072 1.06947759e-100 2.64763111e-095
 5.88045765e-093 3.56765397e-117 2.79180826e-098 1.06947759e-100
 1.34076199e-095 1.30265891e-101]","[1.75814506e-73 4.49681448e-88 1.02898789e-94 6.20630182e-68
 1.12138242e-68 3.35720833e-72 1.93137901e-67 2.47190518e-80
 8.95973634e-75 1.48234930e-75 6.04906014e-87 2.04313811e-81
 5.98442251e-67 2.42847792e-76 1.85969560e-78 1.09543157e-67
 2.95679025e-74 9.71516714e-74 7.23127196e-77 4.59749627e-80
 2.47190518e-80 2.49517973e-83 1.21792979e-88 1.53350669e-93
 1.99260921e-70 2.42847792e-76 1.16538558e-77 4.49681448e-88
 1.86526077e-72 6.32585939e-69 8.95973634e-75 6.23856139e-71
 1.14959907e-92 1.85969560e-78 2.93851005e-79 1.03520885e-72
 1.53350669e-93 2.42847792e-76 1.00649935e-78 1.34076199e-95
 3.11335148e-82 3.34696584e-61 2.24489973e-92 6.32804820e-78
 3.51245105e-68 5.47688639e-85 2.20389449e-86 3.71514939e-84
 1.60190536e-64 5.44137500e-79]","[2.36607015e-08 1.81272364e-08 1.49416109e-08 7.02972380e-09
 1.74913086e-08 1.25884302e-08 1.48826582e-08 2.03887106e-08
 1.38454241e-08 2.77532971e-08 2.09713688e-08 2.27565885e-08
 1.24422803e-08 1.94081510e-08 2.19817312e-08 1.40305173e-08
 1.56018515e-08 1.82849679e-08 1.23030666e-08 1.54237483e-08
 1.38193348e-08 1.50398419e-08 1.47820307e-08 2.07674556e-08
 1.88861071e-08 1.22771290e-08 1.37406836e-08 1.10852817e-08
 9.97907112e-09 2.02268216e-08 1.94114668e-08 2.02248206e-08
 1.34166844e-08 1.26793486e-08 1.38165372e-08 2.92856491e-08
 1.21867090e-08 1.63444164e-08 7.90128751e-09 2.31795952e-08
 1.20389453e-08 1.87698305e-08 1.26524291e-08 2.45389963e-08
 6.99316638e-09 3.51597234e-08 2.75011547e-08 2.15987199e-08
 6.54339294e-09 2.93690805e-08]","[6.01984529e-09 7.58028529e-09 7.18776727e-09 9.62532731e-09
 1.81642152e-08 7.53321183e-09 1.14396265e-08 5.60180502e-09
 1.75271655e-08 1.75729831e-08 1.47583514e-08 1.20557317e-08
 1.88183709e-08 1.69897388e-08 1.65925843e-08 5.82791293e-09
 7.15001525e-09 9.56621293e-09 1.65708056e-08 1.19020853e-08
 1.39833404e-08 2.28271273e-08 2.11846221e-08 1.41329582e-08
 5.06773523e-09 9.80009640e-09 2.56063454e-08 7.05566738e-09
 9.96119109e-09 4.09184719e-09 1.55459589e-08 1.16800861e-08
 8.42158543e-09 1.60114053e-08 5.31222477e-09 1.09977680e-08
 2.13861759e-08 2.14141964e-08 1.46507383e-08 1.37187945e-08
 9.85916959e-09 3.30923888e-09 9.15173559e-09 1.69914639e-08
 1.38065457e-08 1.29473715e-08 1.96044289e-08 2.54813768e-08
 5.38498435e-09 1.08041853e-08]","[1.e-05 1.e-05 1.e-05 1.e-05 1.e-05 1.e-05 1.e-05 1.e-05 1.e-05 1.e-05
 1.e-05 1.e-05 1.e-05 1.e-05 1.e-05 1.e-05 1.e-05 1.e-05 1.e-05 1.e-05
 1.e-05 1.e-05 1.e-05 1.e-05 1.e-05 1.e-05 1.e-05 1.e-05 1.e-05 1.e-05
 1.e-05 1.e-05 1.e-05 1.e-05 1.e-05 1.e-05 1.e-05 1.e-05 1.e-05 1.e-05
 1.e-05 1.e-05 1.e-05 1.e-05 1.e-05 1.e-05 1.e-05 1.e-05 1.e-05 1.e-05]","[1.e-05 1.e-05 1.e-05 1.e-05 1.e-05 1.e-05 1.e-05 1.e-05 1.e-05 1.e-05
 1.e-05 1.e-05 1.e-05 1.e-05 1.e-05 1.e-05 1.e-05 1.e-05 1.e-05 1.e-05
 1.e-05 1.e-05 1.e-05 1.e-05 1.e-05 1.e-05 1.e-05 1.e-05 1.e-05 1.e-05
 1.e-05 1.e-05 1.e-05 1.e-05 1.e-05 1.e-05 1.e-05 1.e-05 1.e-05 1.e-05
 1.e-05 1.e-05 1.e-05 1.e-05 1.e-05 1.e-05 1.e-05 1.e-05 1.e-05 1.e-05]","[0.34614223 0.3439644  0.35499264 0.33605306 0.32375212 0.35290113
 0.32063947 0.33805406 0.32412265 0.3435095  0.3344968  0.35501082
 0.33380527 0.32570133 0.33059714 0.33731263 0.34243357 0.35309324
 0.34176086 0.33468451 0.3348784  0.3505088  0.34332546 0.35476861
 0.34613478 0.32502882 0.34128631 0.34050132 0.33907223 0.32414408
 0.34675185 0.33488423 0.36115927 0.34490023 0.32643014 0.32945471
 0.34815629 0.34356636 0.35694308 0.34157832 0.3365475  0.31912405
 0.33480933 0.33997773 0.33778644 0.34490624 0.3361606  0.33531336
 0.33040711 0.34514345]","[0.2800008  0.29566714 0.30895577 0.28413109 0.28057703 0.29124948
 0.27393717 0.27784801 0.278143   0.27035192 0.2951644  0.29144925
 0.27598411 0.27649859 0.2898676  0.27360696 0.2899223  0.30151011
 0.29001742 0.28661741 0.28884424 0.2952726  0.29502416 0.29572383
 0.28575715 0.28046061 0.28902857 0.29433646 0.28691497 0.26604845
 0.29572506 0.27815771 0.30779503 0.28999295 0.29806253 0.28646053
 0.30825298 0.28402661 0.29588286 0.31048458 0.2892982  0.27010999
 0.29841181 0.30229423 0.28513628 0.29876819 0.2900536  0.29592764
 0.26815171 0.27447965]","[1.42559730e-214 8.28350050e-212 5.22800219e-226 6.24371989e-202
 4.41980997e-187 2.81953811e-223 2.02255572e-183 2.09644293e-204
 1.61088561e-187 3.11262417e-211 5.10759464e-200 4.94890037e-226
 3.58914518e-199 2.15386219e-189 2.86977809e-195 1.73807077e-203
 7.07153057e-210 1.58494163e-223 4.95624888e-209 3.00629192e-200
 1.73828018e-200 3.56937462e-220 5.31457493e-211 1.02760190e-225
 1.45707862e-214 1.35735920e-188 1.95240554e-208 1.87702054e-207
 1.13857053e-205 1.51947101e-187 2.38076450e-215 1.70985207e-200
 3.60807616e-234 5.40507638e-213 2.91571782e-190 6.87940581e-194
 3.80356923e-217 2.63820564e-211 1.42657203e-228 8.40017654e-209
 1.53341889e-202 1.18553410e-181 2.11290890e-200 8.46564410e-207
 4.50092146e-204 5.31103052e-213 4.60143804e-202 5.07964712e-201
 4.87199251e-195 2.65541212e-213]","[3.63417690e-139 1.86900211e-155 5.00000328e-170 2.28533459e-143
 9.51100755e-140 9.16075070e-151 4.06130699e-133 5.29703590e-137
 2.68298467e-137 1.31222773e-129 6.44540337e-155 5.64262593e-151
 3.82662189e-135 1.17784193e-135 2.59048823e-149 8.58927540e-133
 2.27026019e-149 8.91449913e-162 1.80461072e-149 6.27752885e-146
 3.04406042e-148 4.93882150e-155 9.10000866e-155 1.62527078e-155
 4.86034227e-145 1.24723059e-139 1.95440435e-148 4.92589887e-154
 3.08784339e-146 1.84100429e-125 1.62037107e-155 2.59345402e-137
 9.99432233e-169 1.91439456e-149 4.96953154e-158 9.12219562e-146
 3.07042784e-169 2.92446162e-143 1.09804614e-155 9.49557257e-172
 1.02159914e-148 2.25445368e-129 2.08408332e-158 1.23454629e-162
 2.12035403e-144 8.57729089e-159 1.65370260e-149 9.83203411e-156
 1.76659121e-127 1.18399893e-133]","[0.07733989 0.08335936 0.0936085  0.08288956 0.08826995 0.08512998
 0.07640886 0.07855296 0.07495832 0.09190106 0.08012509 0.08620191
 0.08650124 0.07698476 0.07987928 0.07446051 0.0856601  0.0869031
 0.08561909 0.0820365  0.08523691 0.09201908 0.08541107 0.0884577
 0.07538426 0.08089375 0.08660984 0.08696663 0.08059919 0.07371414
 0.08780396 0.07980967 0.09428144 0.08047605 0.08603084 0.07232285
 0.09153211 0.0890013  0.08614135 0.09315288 0.08634293 0.06863964
 0.08827448 0.08670151 0.08123374 0.08574259 0.08014739 0.08546507
 0.07601619 0.08830738]","[0.05222297 0.06031418 0.07355201 0.06059945 0.06620312 0.05893397
 0.05725038 0.05310929 0.05654979 0.06035912 0.06036317 0.06014574
 0.06253684 0.05559099 0.06091416 0.05279636 0.06360352 0.06319296
 0.06521225 0.05906761 0.06337297 0.06449044 0.06234503 0.06086493
 0.05147409 0.05871916 0.06221557 0.06586611 0.05765879 0.0510391
 0.06625688 0.05475259 0.06901419 0.05664682 0.06898487 0.05032647
 0.07100248 0.06104434 0.0608958  0.07420135 0.06514394 0.04846811
 0.07104564 0.06870472 0.05915928 0.06421947 0.06005478 0.0633291
 0.05292177 0.05869925]","[0.21217413 0.22142474 0.23604448 0.22148062 0.23060866 0.22371406
 0.21679564 0.21715149 0.21238994 0.22806636 0.21516125 0.22641648
 0.22631063 0.21399535 0.21911095 0.21093177 0.22646601 0.22747663
 0.22591384 0.21855188 0.22609243 0.23335849 0.22510076 0.2282698
 0.21226664 0.22134393 0.22919888 0.22683266 0.21922762 0.20826708
 0.22902717 0.21808441 0.2366454  0.21648886 0.22434585 0.20666082
 0.23265051 0.22954128 0.22308653 0.2347712  0.22831504 0.20319106
 0.23179009 0.2256092  0.22012296 0.22631456 0.21849085 0.22536724
 0.21346792 0.22763526]","[0.17811518 0.19105551 0.21168166 0.19186951 0.20228509 0.18915278
 0.19039496 0.18260706 0.18744228 0.18797171 0.188116   0.19179212
 0.19580756 0.18483598 0.19238629 0.18049836 0.19807052 0.19733086
 0.19916251 0.18793148 0.1980559  0.19902825 0.19480034 0.19252527
 0.17975231 0.19106081 0.19718362 0.19908133 0.18899683 0.17686233
 0.20093707 0.18425352 0.20538042 0.18586139 0.20222253 0.17400831
 0.20724813 0.19270098 0.19100526 0.2107211  0.20004031 0.17170249
 0.20952513 0.20218236 0.19102535 0.19928236 0.19086325 0.19538416
 0.18191833 0.18863015]",3.73052153963943e-74,6.697155817161455e-63,2.6113650777460035e-73,4.685706656132707e-62,1.7162581673613177e-08,1.2773488127226784e-08,6.150197716659921e-09,5.690050203999507e-09,1e-05,1e-05,0.0,0.0,0.3393335294508934,0.2883276545476913,0.009895526403554225,0.010853737376433935,0.08359011888504028,0.06090871810913086,0.005872225164290675,0.0059563724655349055,0.2226349891823843,0.1926149409099678,0.0077292946054903664,0.009107198792417627
df2,0.9,0.9,0.0,"[1.69706671e-120 8.05827457e-108 1.57064610e-102 5.81830416e-112
 2.26605441e-129 1.39799851e-098 2.21472141e-104 5.30232749e-105
 3.46283303e-116 2.99814789e-106 4.37383916e-109 2.10514288e-109
 5.30739252e-101 1.49462228e-114 1.02479477e-135 3.43531867e-107
 9.20882547e-104 3.67099579e-119 1.87460385e-103 1.74357044e-099
 3.81174187e-103 7.89408622e-119 7.05518906e-115 1.12671987e-139
 1.72947631e-096 3.49368581e-099 4.37383916e-109 2.63087943e-101
 1.88166010e-108 1.06947759e-100 1.69706671e-120 1.57064610e-102
 9.07714507e-109 2.20848376e-097 3.43101012e-123 4.56007306e-090
 7.05518906e-115 1.21599162e-090 4.37383916e-109 4.85997494e-110
 1.88166010e-108 1.88166010e-108 3.00462961e-093 1.56663455e-115
 5.81830416e-112 1.50038437e-124 8.71890126e-097 3.81174187e-103
 3.67099579e-119 2.63087943e-101]","[1.02898789e-094 2.34155676e-088 7.01720636e-084 5.47688639e-085
 4.19972342e-086 1.65926127e-082 4.59749627e-080 1.00649935e-078
 4.56007306e-090 1.00649935e-078 6.32786916e-089 1.39799851e-098
 2.00649704e-069 6.44273589e-102 8.53187607e-092 2.47190518e-080
 3.71514939e-084 1.51998109e-085 5.83529742e-082 3.93950762e-077
 7.01720636e-084 1.65295008e-087 1.21599162e-090 5.34499160e-111
 8.11994820e-076 1.65926127e-082 4.69733763e-083 1.66051167e-091
 4.69733763e-083 1.86526077e-072 3.22816176e-091 1.34076199e-095
 1.48234930e-075 4.49681448e-088 6.78202527e-096 3.51245105e-068
 1.65926127e-082 2.70316908e-075 1.00649935e-078 7.01720636e-084
 7.81799073e-094 8.53187607e-092 1.32590390e-076 3.00462961e-093
 4.37887891e-092 3.42673436e-096 3.93950762e-077 6.04906014e-087
 1.14959907e-092 7.99410344e-086]","[1.69706671e-120 8.05827457e-108 1.57064610e-102 5.81830416e-112
 2.26605441e-129 1.39799851e-098 2.21472141e-104 5.30232749e-105
 3.46283303e-116 2.99814789e-106 4.37383916e-109 2.10514288e-109
 5.30739252e-101 1.49462228e-114 1.02479477e-135 3.43531867e-107
 9.20882547e-104 3.67099579e-119 1.87460385e-103 1.74357044e-099
 3.81174187e-103 7.89408622e-119 7.05518906e-115 1.12671987e-139
 1.72947631e-096 3.49368581e-099 4.37383916e-109 2.63087943e-101
 1.88166010e-108 1.06947759e-100 1.69706671e-120 1.57064610e-102
 9.07714507e-109 2.20848376e-097 3.43101012e-123 4.56007306e-090
 7.05518906e-115 1.21599162e-090 4.37383916e-109 4.85997494e-110
 1.88166010e-108 1.88166010e-108 3.00462961e-093 1.56663455e-115
 5.81830416e-112 1.50038437e-124 8.71890126e-097 3.81174187e-103
 3.67099579e-119 2.63087943e-101]","[1.02898789e-094 2.34155676e-088 7.01720636e-084 5.47688639e-085
 4.19972342e-086 1.65926127e-082 4.59749627e-080 1.00649935e-078
 4.56007306e-090 1.00649935e-078 6.32786916e-089 1.39799851e-098
 2.00649704e-069 6.44273589e-102 8.53187607e-092 2.47190518e-080
 3.71514939e-084 1.51998109e-085 5.83529742e-082 3.93950762e-077
 7.01720636e-084 1.65295008e-087 1.21599162e-090 5.34499160e-111
 8.11994820e-076 1.65926127e-082 4.69733763e-083 1.66051167e-091
 4.69733763e-083 1.86526077e-072 3.22816176e-091 1.34076199e-095
 1.48234930e-075 4.49681448e-088 6.78202527e-096 3.51245105e-068
 1.65926127e-082 2.70316908e-075 1.00649935e-078 7.01720636e-084
 7.81799073e-094 8.53187607e-092 1.32590390e-076 3.00462961e-093
 4.37887891e-092 3.42673436e-096 3.93950762e-077 6.04906014e-087
 1.14959907e-092 7.99410344e-086]","[1.76088705e-08 2.84234558e-08 1.39649208e-08 2.55922865e-08
 1.76404069e-08 2.98089115e-08 2.03862267e-08 1.40412981e-08
 1.43739470e-08 1.81764523e-08 2.42013900e-08 2.89851005e-08
 3.29507041e-08 2.05353082e-08 3.19243585e-08 2.22821407e-08
 2.84667072e-08 1.48649503e-08 8.15492396e-09 2.79546767e-08
 1.71207806e-08 9.86392357e-09 9.50311385e-09 3.17075836e-08
 1.33043251e-08 1.09808522e-08 2.81402327e-08 1.46698107e-08
 2.27915535e-08 1.18144192e-08 3.05477377e-08 1.44155974e-08
 1.66496313e-08 8.78881934e-09 3.23942524e-08 2.88801558e-08
 2.81068676e-08 1.42351414e-08 3.25491154e-08 2.24291883e-08
 3.20139892e-08 2.89594658e-08 2.10593958e-08 1.24103156e-08
 1.43472185e-08 3.95193607e-08 2.75353148e-08 1.01146526e-08
 1.05818110e-08 1.34077711e-08]","[8.49148729e-09 6.98009905e-09 6.56087684e-09 9.34716482e-09
 6.68315492e-09 1.88845712e-08 7.21531856e-09 5.56885016e-09
 6.58366706e-09 6.76382106e-09 1.34049273e-08 6.55305021e-09
 7.98521227e-09 1.59642197e-08 7.64952257e-09 5.22321919e-09
 2.68633522e-08 1.06477136e-08 7.92354959e-09 5.70566561e-09
 1.95569120e-08 9.26577903e-09 2.03500882e-08 2.84015323e-08
 1.05919024e-08 9.26569443e-09 2.10088185e-08 2.18891775e-08
 1.33714463e-08 9.61918467e-09 7.75828191e-09 7.07871961e-09
 8.27210045e-09 8.01448874e-09 1.54541119e-08 1.75797775e-08
 6.79755463e-09 5.49161594e-09 1.10385133e-08 5.41747480e-09
 9.74791337e-09 2.77348732e-08 1.28929677e-08 8.59055826e-09
 1.14296962e-08 1.36368158e-08 1.54686363e-08 5.40819134e-09
 2.78647014e-08 1.31310831e-08]","[1.e-05 1.e-05 1.e-05 1.e-05 1.e-05 1.e-05 1.e-05 1.e-05 1.e-05 1.e-05
 1.e-05 1.e-05 1.e-05 1.e-05 1.e-05 1.e-05 1.e-05 1.e-05 1.e-05 1.e-05
 1.e-05 1.e-05 1.e-05 1.e-05 1.e-05 1.e-05 1.e-05 1.e-05 1.e-05 1.e-05
 1.e-05 1.e-05 1.e-05 1.e-05 1.e-05 1.e-05 1.e-05 1.e-05 1.e-05 1.e-05
 1.e-05 1.e-05 1.e-05 1.e-05 1.e-05 1.e-05 1.e-05 1.e-05 1.e-05 1.e-05]","[1.e-05 1.e-05 1.e-05 1.e-05 1.e-05 1.e-05 1.e-05 1.e-05 1.e-05 1.e-05
 1.e-05 1.e-05 1.e-05 1.e-05 1.e-05 1.e-05 1.e-05 1.e-05 1.e-05 1.e-05
 1.e-05 1.e-05 1.e-05 1.e-05 1.e-05 1.e-05 1.e-05 1.e-05 1.e-05 1.e-05
 1.e-05 1.e-05 1.e-05 1.e-05 1.e-05 1.e-05 1.e-05 1.e-05 1.e-05 1.e-05
 1.e-05 1.e-05 1.e-05 1.e-05 1.e-05 1.e-05 1.e-05 1.e-05 1.e-05 1.e-05]","[0.35961942 0.36239882 0.34830367 0.36364751 0.37108479 0.34269172
 0.35950858 0.37349669 0.36774326 0.36960116 0.36344174 0.35182604
 0.34493936 0.36556953 0.38272876 0.35111447 0.36108685 0.37281124
 0.3748297  0.3506185  0.35960974 0.37325659 0.37277318 0.36995704
 0.34809614 0.34310493 0.36949564 0.3503828  0.36595805 0.36351967
 0.35959884 0.34588524 0.35588103 0.3545199  0.37116752 0.34019446
 0.35741046 0.33935335 0.3617952  0.3620794  0.35986756 0.35646154
 0.35559344 0.36136276 0.36193877 0.36378786 0.34105815 0.35001583
 0.36554062 0.34409343]","[0.30200767 0.31037602 0.29707688 0.30018904 0.29820739 0.30167841
 0.2982245  0.29694074 0.30976402 0.30796462 0.31329725 0.30286889
 0.28002955 0.31495893 0.31438708 0.28860824 0.30792577 0.30286811
 0.30384133 0.29804841 0.31289303 0.30453586 0.32413136 0.31600262
 0.29619573 0.29296772 0.2931515  0.31867035 0.30834415 0.28525287
 0.29973578 0.3133951  0.28593835 0.29756983 0.31733555 0.2934286
 0.29332301 0.28878443 0.29590137 0.30691584 0.30814527 0.30777278
 0.29367818 0.31010312 0.31844766 0.30582503 0.29173189 0.30800515
 0.30818716 0.29713962]","[4.07451042e-232 7.89859453e-236 2.46145362e-217 1.65599975e-237
 1.21699921e-247 3.34580061e-210 5.72080073e-232 5.60391173e-251
 4.64873804e-243 1.33523464e-245 3.13409094e-237 7.03592398e-222
 4.82125426e-213 4.19391043e-240 5.57402356e-264 5.88026394e-221
 4.50861888e-234 5.00409791e-250 7.82819099e-253 2.57541922e-220
 4.19710227e-232 1.20719536e-250 5.65016397e-250 4.33525522e-246
 4.54255610e-217 1.00858191e-210 1.86341277e-245 5.19203070e-220
 1.24704383e-240 2.46152918e-237 4.33961628e-232 3.02831003e-214
 3.56807944e-227 2.17470788e-225 9.35942945e-248 4.53951139e-207
 3.44759647e-229 5.08508631e-206 5.08844146e-235 2.11773251e-235
 1.90522915e-232 6.14892979e-228 8.51564049e-227 1.92860800e-234
 3.26809734e-235 1.07150710e-237 3.77151181e-208 1.54502468e-219
 4.58984403e-240 5.68830276e-212]","[2.54424031e-162 1.25910572e-171 5.73764830e-157 2.46122410e-160
 3.46622230e-158 5.83464962e-162 3.32171177e-158 8.03837137e-157
 6.16645419e-171 6.45711066e-169 6.11047610e-175 2.88879476e-163
 3.39926468e-139 7.68739463e-177 3.47528381e-176 5.36601324e-148
 7.13696870e-169 2.89453354e-163 2.45652142e-164 5.14715387e-158
 1.76474059e-174 4.20286594e-165 1.57305712e-187 4.85916065e-178
 5.07296806e-156 1.40197612e-152 8.95163270e-153 3.99433925e-181
 2.42693090e-169 1.60837223e-144 7.65566895e-160 4.72589974e-175
 3.15993971e-145 1.68991066e-157 1.40815605e-179 4.54874161e-153
 5.88794866e-153 3.51452236e-148 1.04904240e-155 9.58205827e-168
 4.05346349e-169 1.05837872e-168 2.47062795e-153 2.55811771e-171
 7.24549198e-181 1.56743899e-166 2.84093598e-151 5.81677718e-169
 3.63845726e-169 4.91159890e-157]","[0.09125829 0.09329081 0.09455013 0.08762527 0.11307681 0.08607507
 0.09437764 0.10714281 0.10157549 0.10209918 0.10352266 0.08798599
 0.08942056 0.09963703 0.10518599 0.08091009 0.09201145 0.08941579
 0.10032773 0.08839488 0.09508705 0.09820426 0.11206639 0.08934832
 0.08576202 0.08967304 0.09389079 0.09134102 0.09524679 0.09577477
 0.0968132  0.09362662 0.09171081 0.08829319 0.10086524 0.08364403
 0.09529626 0.0855726  0.09690309 0.10526371 0.0895623  0.09062505
 0.08991778 0.09860635 0.09958482 0.09557819 0.09350228 0.08685434
 0.10145485 0.09065354]","[0.06418276 0.06933236 0.06941414 0.06163275 0.07536292 0.06468165
 0.06754625 0.07411575 0.07197356 0.0725255  0.07791519 0.06222427
 0.06400418 0.07375181 0.07651722 0.05590594 0.06821239 0.05668223
 0.07330692 0.06387997 0.07493591 0.06778133 0.08632171 0.06756461
 0.06136465 0.06580734 0.06225181 0.07376349 0.06915212 0.06434608
 0.06999075 0.07332492 0.06365955 0.0629034  0.07462478 0.0608722
 0.06662941 0.06007159 0.07031107 0.07481492 0.06730604 0.06842291
 0.06114674 0.07372308 0.07749259 0.07111001 0.06845033 0.06430256
 0.07309985 0.0678755 ]","[0.23258394 0.23501521 0.23597298 0.22828902 0.25664826 0.22850402
 0.23807489 0.25185962 0.24372995 0.24739914 0.24713612 0.22935238
 0.23149878 0.24394825 0.25020259 0.21913039 0.23480193 0.22977754
 0.24475615 0.231983   0.2362612  0.24025652 0.25730803 0.23021488
 0.22517851 0.23141919 0.23504118 0.23286927 0.23786912 0.23691332
 0.24048076 0.23452077 0.23473661 0.22716298 0.24602965 0.22394457
 0.23365425 0.22671494 0.24273388 0.24528444 0.22862179 0.23038178
 0.22872827 0.24069318 0.24331962 0.2386527  0.23701917 0.22738882
 0.24646603 0.23339807]","[0.19742629 0.20656313 0.20484076 0.19505086 0.21333347 0.19947967
 0.2050017  0.21350579 0.20813069 0.21100001 0.21726576 0.19656352
 0.19916474 0.21275681 0.21701608 0.1857757  0.20509404 0.18789267
 0.21267648 0.19975529 0.2119789  0.20307031 0.22821605 0.20258803
 0.19347966 0.20034633 0.19553069 0.20962714 0.20613705 0.19836022
 0.20738895 0.20914454 0.19877798 0.19429517 0.21531737 0.19376749
 0.19856267 0.1927038  0.21024149 0.2093798  0.20076837 0.20312799
 0.1932084  0.21125551 0.21683173 0.20947593 0.20527204 0.19717719
 0.21288297 0.20454287]",1.1558144303339904e-91,7.426575602707213e-70,6.573424899193792e-91,4.919715965186328e-69,2.0983588659984063e-08,1.1862561077879974e-08,8.240009309193832e-09,6.452477662895754e-09,1e-05,1e-05,0.0,0.0,0.35921641898155215,0.3028554349184036,0.010374465605518395,0.009703790577753307,0.09457212686538696,0.06853178024291992,0.006959757182703016,0.005964674048059221,0.23667855347999883,0.20443500219934432,0.008355866428016957,0.008496144968640828
df2,0.9500000000000001,0.9500000000000001,0.0,"[1.41127475e-113 7.79563234e-118 7.48112939e-123 5.81830416e-112
 3.81174187e-103 6.44036529e-126 7.61901024e-117 7.89408622e-119
 2.97606811e-113 3.62364483e-121 1.70515873e-119 1.66865694e-117
 3.56765397e-117 6.15879083e-106 1.70515873e-119 5.34499160e-111
 8.38015691e-145 1.31890515e-112 1.70515873e-119 1.26370308e-105
 7.79563234e-118 3.62364483e-121 3.46283303e-116 2.49277144e-128
 1.01652477e-129 1.81440195e-131 3.28672716e-124 9.07714507e-109
 2.33113443e-110 1.69706671e-120 7.79563234e-118 3.63777125e-118
 3.63777125e-118 1.62522975e-116 4.50098708e-136 7.89408622e-119
 1.56663455e-115 3.14502261e-133 2.55501261e-111 7.61901024e-117
 1.41127475e-113 2.10514288e-109 5.04562598e-129 7.61901024e-117
 2.26605441e-129 6.68471205e-114 3.54443794e-122 6.44036529e-126
 3.46283303e-116 1.57171273e-123]","[1.14959907e-092 1.10963247e-097 8.71890126e-097 4.56007306e-090
 8.62627431e-088 1.21599162e-090 4.49681448e-088 2.64763111e-095
 6.99261346e-099 1.30265891e-101 2.79180826e-098 1.30265891e-101
 6.04906014e-087 3.11335148e-082 2.20848376e-097 4.39057786e-097
 6.44273589e-102 5.88045765e-093 5.30739252e-101 2.20389449e-086
 6.78202527e-096 7.81799073e-094 2.79180826e-098 3.98124764e-094
 8.71890126e-097 3.81174187e-103 3.42673436e-096 1.00649935e-078
 8.54149129e-080 1.74357044e-099 5.56898878e-098 1.39799851e-098
 3.18287512e-102 6.04906014e-087 6.44273589e-102 1.96475612e-084
 6.78202527e-096 7.81799073e-094 4.19972342e-086 1.85969560e-078
 3.49368581e-099 4.19972342e-086 1.57064610e-102 2.35609537e-090
 5.56898878e-098 3.42673436e-096 2.79180826e-098 2.63087943e-101
 1.53350669e-093 3.98124764e-094]","[1.41127475e-113 7.79563234e-118 7.48112939e-123 5.81830416e-112
 3.81174187e-103 6.44036529e-126 7.61901024e-117 7.89408622e-119
 2.97606811e-113 3.62364483e-121 1.70515873e-119 1.66865694e-117
 3.56765397e-117 6.15879083e-106 1.70515873e-119 5.34499160e-111
 8.38015691e-145 1.31890515e-112 1.70515873e-119 1.26370308e-105
 7.79563234e-118 3.62364483e-121 3.46283303e-116 2.49277144e-128
 1.01652477e-129 1.81440195e-131 3.28672716e-124 9.07714507e-109
 2.33113443e-110 1.69706671e-120 7.79563234e-118 3.63777125e-118
 3.63777125e-118 1.62522975e-116 4.50098708e-136 7.89408622e-119
 1.56663455e-115 3.14502261e-133 2.55501261e-111 7.61901024e-117
 1.41127475e-113 2.10514288e-109 5.04562598e-129 7.61901024e-117
 2.26605441e-129 6.68471205e-114 3.54443794e-122 6.44036529e-126
 3.46283303e-116 1.57171273e-123]","[1.14959907e-092 1.10963247e-097 8.71890126e-097 4.56007306e-090
 8.62627431e-088 1.21599162e-090 4.49681448e-088 2.64763111e-095
 6.99261346e-099 1.30265891e-101 2.79180826e-098 1.30265891e-101
 6.04906014e-087 3.11335148e-082 2.20848376e-097 4.39057786e-097
 6.44273589e-102 5.88045765e-093 5.30739252e-101 2.20389449e-086
 6.78202527e-096 7.81799073e-094 2.79180826e-098 3.98124764e-094
 8.71890126e-097 3.81174187e-103 3.42673436e-096 1.00649935e-078
 8.54149129e-080 1.74357044e-099 5.56898878e-098 1.39799851e-098
 3.18287512e-102 6.04906014e-087 6.44273589e-102 1.96475612e-084
 6.78202527e-096 7.81799073e-094 4.19972342e-086 1.85969560e-078
 3.49368581e-099 4.19972342e-086 1.57064610e-102 2.35609537e-090
 5.56898878e-098 3.42673436e-096 2.79180826e-098 2.63087943e-101
 1.53350669e-093 3.98124764e-094]","[1.09115609e-08 1.86716085e-08 3.99933918e-08 1.20843382e-08
 1.41886952e-08 1.28039832e-08 1.07891419e-08 2.33032683e-08
 1.10930641e-08 2.85480605e-08 2.75482620e-08 2.68711087e-08
 1.54313792e-08 2.63671563e-08 1.97189414e-08 1.67680608e-08
 1.32355329e-08 2.52204481e-08 2.11226807e-08 2.45750205e-08
 1.14994992e-08 2.57311810e-08 2.53194413e-08 1.46478458e-08
 3.11467946e-08 1.56776555e-08 1.80589812e-08 3.32631075e-08
 2.39367849e-08 1.83119531e-08 1.34371737e-08 1.10415378e-08
 1.38669740e-08 1.06365685e-08 2.48440991e-08 1.54454791e-08
 1.40672102e-08 2.28302721e-08 1.15903940e-08 3.13949284e-08
 1.54613414e-08 1.12342199e-08 1.18703667e-08 2.01942973e-08
 1.28162875e-08 2.00518744e-08 1.67416581e-08 1.25274774e-08
 1.01671471e-08 2.61923609e-08]","[8.61226335e-09 1.07256140e-08 1.20775736e-08 2.21634426e-08
 1.21179529e-08 1.28475698e-08 1.87188788e-08 1.04984019e-08
 8.95884888e-09 2.23038452e-08 6.47366516e-09 2.71889254e-08
 2.11788609e-08 8.13311918e-09 2.84846142e-08 1.62533886e-08
 3.14871821e-08 1.74918200e-08 2.58952472e-08 1.17806221e-08
 1.82933083e-08 7.26197269e-09 1.11164862e-08 2.03230437e-08
 1.30515694e-08 8.94582863e-09 1.06761602e-08 6.16010620e-09
 7.75820197e-09 1.93162411e-08 1.75966088e-08 7.08236736e-09
 1.74829311e-08 1.30091561e-08 1.41846171e-08 1.21337124e-08
 2.22997049e-08 9.94021410e-09 2.78851948e-08 1.77614806e-08
 1.43627555e-08 2.18545636e-08 2.32157978e-08 9.57441271e-09
 7.47231432e-09 1.76177460e-08 1.95673715e-08 1.76219597e-08
 1.26843779e-08 1.17947635e-08]","[1.e-05 1.e-05 1.e-05 1.e-05 1.e-05 1.e-05 1.e-05 1.e-05 1.e-05 1.e-05
 1.e-05 1.e-05 1.e-05 1.e-05 1.e-05 1.e-05 1.e-05 1.e-05 1.e-05 1.e-05
 1.e-05 1.e-05 1.e-05 1.e-05 1.e-05 1.e-05 1.e-05 1.e-05 1.e-05 1.e-05
 1.e-05 1.e-05 1.e-05 1.e-05 1.e-05 1.e-05 1.e-05 1.e-05 1.e-05 1.e-05
 1.e-05 1.e-05 1.e-05 1.e-05 1.e-05 1.e-05 1.e-05 1.e-05 1.e-05 1.e-05]","[1.e-05 1.e-05 1.e-05 1.e-05 1.e-05 1.e-05 1.e-05 1.e-05 1.e-05 1.e-05
 1.e-05 1.e-05 1.e-05 1.e-05 1.e-05 1.e-05 1.e-05 1.e-05 1.e-05 1.e-05
 1.e-05 1.e-05 1.e-05 1.e-05 1.e-05 1.e-05 1.e-05 1.e-05 1.e-05 1.e-05
 1.e-05 1.e-05 1.e-05 1.e-05 1.e-05 1.e-05 1.e-05 1.e-05 1.e-05 1.e-05
 1.e-05 1.e-05 1.e-05 1.e-05 1.e-05 1.e-05 1.e-05 1.e-05 1.e-05 1.e-05]","[0.3745616  0.36899232 0.37544628 0.35773425 0.34998045 0.39602174
 0.39125469 0.3805461  0.3704008  0.37507039 0.38560612 0.38105869
 0.37179125 0.35873884 0.37205804 0.36531572 0.40289792 0.37302152
 0.37932641 0.37015627 0.37887512 0.37887663 0.37163522 0.37908864
 0.38588524 0.38221303 0.373457   0.36353122 0.37776185 0.38394267
 0.36794002 0.36179818 0.3706469  0.3601002  0.39355159 0.36671554
 0.3746347  0.3837668  0.36724716 0.35692175 0.37647069 0.3786117
 0.3816763  0.38080792 0.38436069 0.35601299 0.36530734 0.36980232
 0.36692909 0.38627995]","[0.32100407 0.32651364 0.3178379  0.31331961 0.30590833 0.32245777
 0.32014174 0.32137519 0.33428275 0.32658611 0.32854948 0.33160212
 0.30665379 0.29776636 0.32613948 0.3284524  0.33451641 0.3285801
 0.33001413 0.31720348 0.33181882 0.32566519 0.31446287 0.31912546
 0.31398935 0.32681835 0.30815798 0.30013899 0.31104961 0.32267724
 0.3239804  0.30384325 0.32974387 0.29599726 0.33065157 0.31193025
 0.32764519 0.32541215 0.31314881 0.28900771 0.32653631 0.30874163
 0.3224853  0.32550838 0.31895987 0.31512091 0.3152397  0.32019125
 0.31260273 0.33021725]","[1.85063756e-252 9.12270612e-245 1.07932344e-253 1.28733003e-229
 1.71619644e-219 2.38311754e-283 2.58040113e-276 7.13253762e-261
 1.06429917e-246 3.61369955e-253 4.15658564e-268 1.33477493e-261
 1.28971640e-248 6.01898639e-231 5.51846182e-249 9.25516998e-240
 1.13314040e-293 2.55768373e-250 3.80690606e-259 2.30825445e-246
 1.65221821e-258 1.64412670e-258 2.11820972e-248 8.25193440e-259
 1.64603736e-268 3.03513644e-263 6.36220556e-251 2.37494089e-237
 6.12287050e-257 1.02148733e-265 2.50515881e-243 5.04195824e-235
 4.88037782e-247 9.33704492e-233 1.08310321e-279 1.16695898e-241
 1.46376613e-252 1.82505370e-265 2.20581375e-242 1.52203152e-228
 3.97974934e-255 3.88848238e-258 1.76578875e-262 3.03121367e-261
 2.56827872e-266 2.39318056e-227 9.50026654e-240 7.07089781e-246
 5.97827971e-242 4.43591123e-269]","[7.57092441e-184 2.31795815e-190 3.69143095e-180 5.76216514e-175
 1.26668010e-166 1.48699915e-185 7.71987382e-183 2.78104462e-184
 9.34398712e-200 1.89932847e-190 8.45348450e-193 1.73678708e-196
 1.87702157e-167 1.03741209e-157 6.47680512e-190 1.10579072e-192
 4.83256497e-200 7.76670705e-193 1.45414804e-194 2.00147180e-179
 9.47443079e-197 2.37804610e-189 2.84597112e-176 1.18107273e-181
 9.90682063e-176 1.00289001e-190 3.92273420e-169 2.79003306e-160
 2.18238865e-172 8.20148793e-186 2.37362457e-187 2.44460738e-164
 3.08204750e-194 8.28017127e-156 2.46591634e-195 2.19338633e-173
 1.02817123e-191 4.75571851e-189 9.02180909e-175 2.05493919e-148
 2.17790567e-190 8.69666529e-170 1.38008000e-185 3.65413623e-189
 1.84034416e-181 5.01118627e-177 3.66092856e-177 6.75755544e-183
 3.77623613e-174 8.26454073e-195]","[0.09739327 0.09976852 0.10279775 0.09727871 0.08705318 0.1156975
 0.09807146 0.10528886 0.0991317  0.09661019 0.10677767 0.11620164
 0.09745085 0.10010612 0.10969329 0.10046184 0.10906005 0.09714818
 0.09451318 0.09987545 0.10938704 0.10551572 0.10205472 0.10310459
 0.10967827 0.10502064 0.10207534 0.09068775 0.10639334 0.10323715
 0.09708416 0.098804   0.11196303 0.09059381 0.11433733 0.10009611
 0.10251737 0.09841073 0.1014148  0.09335363 0.09484351 0.10961449
 0.10979688 0.10351825 0.10963297 0.08694518 0.09471714 0.09124708
 0.09541678 0.11145592]","[0.0701158  0.07724404 0.07442355 0.07238066 0.06341064 0.07965434
 0.06779575 0.0737617  0.07727814 0.07488954 0.0755806  0.08664954
 0.06973183 0.07087147 0.08960783 0.07788718 0.07676363 0.07345223
 0.07179272 0.07073128 0.08200431 0.07906115 0.07152462 0.07413936
 0.07921672 0.07682073 0.07284188 0.06217766 0.07565761 0.07566154
 0.07507014 0.07217598 0.08996511 0.06292439 0.0802933  0.07168472
 0.07847703 0.06875718 0.07618856 0.06300962 0.06980765 0.07675588
 0.08102    0.07741189 0.07626939 0.06710434 0.07314265 0.06638098
 0.07233763 0.08411705]","[0.23901452 0.24527173 0.24476428 0.24118078 0.22847102 0.26106764
 0.23904413 0.24868441 0.24189109 0.23875708 0.24998599 0.26128586
 0.23916053 0.2459213  0.25612714 0.24510688 0.25225918 0.24240245
 0.23671781 0.24444724 0.25342988 0.24984559 0.24929104 0.24724073
 0.25184136 0.24676342 0.24693402 0.23251733 0.24985325 0.24520907
 0.23976685 0.242102   0.25677735 0.23007423 0.25650633 0.24334697
 0.24758942 0.23898395 0.24454134 0.23530182 0.23767857 0.25531502
 0.25602853 0.24603903 0.25379934 0.22727702 0.23688429 0.22995956
 0.24062271 0.25539564]","[0.20556497 0.21833626 0.21076996 0.21064623 0.19738025 0.2204368
 0.201679   0.21173266 0.21460475 0.21223947 0.21355455 0.22886759
 0.2057253  0.21091506 0.23394111 0.21767753 0.21564738 0.2138053
 0.20990255 0.20815651 0.22288202 0.2190008  0.21299257 0.21294143
 0.21658904 0.21361828 0.213305   0.19596496 0.21470525 0.21310323
 0.21347185 0.20947864 0.2320283  0.19491057 0.21815875 0.20874444
 0.21890419 0.20268093 0.21583459 0.1973487  0.2067935  0.2184779
 0.22292318 0.21505757 0.21524031 0.20120174 0.21019295 0.19832042
 0.21338648 0.22430051]",7.661098383249281e-105,5.903846553702706e-80,5.335936946831255e-104,2.934119094597456e-79,1.8865012298974193e-08,1.5428736082068182e-08,7.132527289436978e-09,6.416272209803962e-09,1e-05,1e-05,0.0,0.0,0.37449655715942387,0.31919545024394985,0.010680431361074019,0.010429030194442725,0.1016659426689148,0.07452043056488038,0.007090683427109963,0.006102789145520558,0.2449695344737917,0.2126828260654886,0.008210873340806005,0.008461342965299327
df2,1.0,1.0,0.0,"[1.97454306e-136 4.85997494e-110 3.16357866e-142 1.41127475e-113
 2.72168499e-134 2.59582860e-139 6.31809023e-152 5.99978104e-127
 8.65193381e-137 3.14502261e-133 4.50098708e-136 1.22580667e-127
 1.70527622e-141 3.56765397e-117 6.16042076e-134 2.03839988e-130
 1.81440195e-131 1.81440195e-131 4.88474039e-140 2.09388117e-147
 8.08221677e-132 5.29370851e-135 1.56663455e-115 5.97340427e-139
 7.36968843e-116 2.26605441e-129 7.34927700e-142 3.78658116e-137
 3.78658116e-137 4.55467848e-130 6.26869005e-113 1.57171273e-123
 8.85357293e-148 3.28672716e-124 7.70163359e-122 7.61901024e-117
 3.11577768e-125 5.29370851e-135 7.91123773e-120 1.31890515e-112
 5.97340427e-139 2.71351259e-127 1.57171273e-123 1.01652477e-129
 2.26605441e-129 2.26605441e-129 2.10514288e-109 7.22731515e-138
 1.01652477e-129 1.37294733e-138]","[7.05518906e-115 4.56007306e-090 6.68471205e-114 4.37887891e-092
 5.34499160e-111 3.43531867e-107 1.56663455e-115 7.89408622e-119
 6.44273589e-102 1.01205796e-109 3.89617725e-108 1.21599162e-090
 3.81174187e-103 6.99261346e-099 3.89617725e-108 4.51863753e-104
 1.08427351e-104 4.85997494e-110 1.67153521e-121 4.85997494e-110
 3.43531867e-107 3.49368581e-099 2.20848376e-097 1.31890515e-112
 5.22248187e-095 2.21472141e-104 4.85997494e-110 1.12215372e-128
 1.11687624e-110 3.56765397e-117 2.34155676e-088 5.56898878e-098
 1.67153521e-121 1.66051167e-091 2.02515198e-094 2.47190518e-080
 8.81591837e-090 6.99261346e-099 6.99261346e-099 3.28405359e-089
 7.36968843e-116 6.99261346e-099 2.64763111e-095 6.32786916e-089
 1.34076199e-095 8.69173129e-100 1.21599162e-090 2.21472141e-104
 8.71890126e-097 9.20882547e-104]","[1.97454306e-136 4.85997494e-110 3.16357866e-142 1.41127475e-113
 2.72168499e-134 2.59582860e-139 6.31809023e-152 5.99978104e-127
 8.65193381e-137 3.14502261e-133 4.50098708e-136 1.22580667e-127
 1.70527622e-141 3.56765397e-117 6.16042076e-134 2.03839988e-130
 1.81440195e-131 1.81440195e-131 4.88474039e-140 2.09388117e-147
 8.08221677e-132 5.29370851e-135 1.56663455e-115 5.97340427e-139
 7.36968843e-116 2.26605441e-129 7.34927700e-142 3.78658116e-137
 3.78658116e-137 4.55467848e-130 6.26869005e-113 1.57171273e-123
 8.85357293e-148 3.28672716e-124 7.70163359e-122 7.61901024e-117
 3.11577768e-125 5.29370851e-135 7.91123773e-120 1.31890515e-112
 5.97340427e-139 2.71351259e-127 1.57171273e-123 1.01652477e-129
 2.26605441e-129 2.26605441e-129 2.10514288e-109 7.22731515e-138
 1.01652477e-129 1.37294733e-138]","[7.05518906e-115 4.56007306e-090 6.68471205e-114 4.37887891e-092
 5.34499160e-111 3.43531867e-107 1.56663455e-115 7.89408622e-119
 6.44273589e-102 1.01205796e-109 3.89617725e-108 1.21599162e-090
 3.81174187e-103 6.99261346e-099 3.89617725e-108 4.51863753e-104
 1.08427351e-104 4.85997494e-110 1.67153521e-121 4.85997494e-110
 3.43531867e-107 3.49368581e-099 2.20848376e-097 1.31890515e-112
 5.22248187e-095 2.21472141e-104 4.85997494e-110 1.12215372e-128
 1.11687624e-110 3.56765397e-117 2.34155676e-088 5.56898878e-098
 1.67153521e-121 1.66051167e-091 2.02515198e-094 2.47190518e-080
 8.81591837e-090 6.99261346e-099 6.99261346e-099 3.28405359e-089
 7.36968843e-116 6.99261346e-099 2.64763111e-095 6.32786916e-089
 1.34076199e-095 8.69173129e-100 1.21599162e-090 2.21472141e-104
 8.71890126e-097 9.20882547e-104]","[1.63755798e-08 3.25750306e-08 2.15178992e-08 1.68427033e-08
 3.51420926e-08 1.38731661e-08 3.09851650e-08 1.21130296e-08
 4.35875444e-08 4.25533435e-08 3.65996862e-08 2.26152335e-08
 2.26313499e-08 2.38505982e-08 3.64045100e-08 1.74541311e-08
 1.36310567e-08 2.78245214e-08 1.85761836e-08 3.21381395e-08
 1.88927938e-08 1.37199685e-08 2.78956476e-08 3.04275297e-08
 1.91159397e-08 1.91616782e-08 1.68189727e-08 3.64178019e-08
 2.30405139e-08 1.32457078e-08 1.31486053e-08 2.29938242e-08
 3.23450757e-08 3.50014329e-08 3.88501906e-08 2.09936029e-08
 2.33523698e-08 2.33025996e-08 1.16594191e-08 1.59308128e-08
 4.16443283e-08 1.50675793e-08 2.58498810e-08 1.71135819e-08
 2.03062388e-08 1.42198395e-08 1.41356298e-08 2.96447529e-08
 1.91118037e-08 2.98531968e-08]","[1.43842225e-08 6.55081767e-09 1.03632019e-08 6.77997791e-09
 3.05147470e-08 2.07748452e-08 3.44209289e-08 1.20422031e-08
 1.64600369e-08 2.59629599e-08 2.77832266e-08 6.93179514e-09
 2.68744441e-08 1.21044519e-08 2.21634283e-08 9.82680481e-09
 9.26037547e-09 1.46524347e-08 1.15109473e-08 1.05188076e-08
 1.12782130e-08 2.93574524e-08 1.76108412e-08 2.71154530e-08
 1.34796253e-08 2.12663869e-08 1.68785272e-08 1.79238211e-08
 1.04691328e-08 2.42740775e-08 7.53659746e-09 2.47124502e-08
 1.92234689e-08 7.79287124e-09 1.79831678e-08 1.13231531e-08
 8.57971671e-09 2.91577562e-08 2.45360452e-08 1.96617279e-08
 3.55335116e-08 8.68233341e-09 6.65404309e-09 9.64037183e-09
 2.39951800e-08 8.15891699e-09 1.34842928e-08 1.07572058e-08
 1.96505419e-08 1.30409264e-08]","[1.e-05 1.e-05 1.e-05 1.e-05 1.e-05 1.e-05 1.e-05 1.e-05 1.e-05 1.e-05
 1.e-05 1.e-05 1.e-05 1.e-05 1.e-05 1.e-05 1.e-05 1.e-05 1.e-05 1.e-05
 1.e-05 1.e-05 1.e-05 1.e-05 1.e-05 1.e-05 1.e-05 1.e-05 1.e-05 1.e-05
 1.e-05 1.e-05 1.e-05 1.e-05 1.e-05 1.e-05 1.e-05 1.e-05 1.e-05 1.e-05
 1.e-05 1.e-05 1.e-05 1.e-05 1.e-05 1.e-05 1.e-05 1.e-05 1.e-05 1.e-05]","[1.e-05 1.e-05 1.e-05 1.e-05 1.e-05 1.e-05 1.e-05 1.e-05 1.e-05 1.e-05
 1.e-05 1.e-05 1.e-05 1.e-05 1.e-05 1.e-05 1.e-05 1.e-05 1.e-05 1.e-05
 1.e-05 1.e-05 1.e-05 1.e-05 1.e-05 1.e-05 1.e-05 1.e-05 1.e-05 1.e-05
 1.e-05 1.e-05 1.e-05 1.e-05 1.e-05 1.e-05 1.e-05 1.e-05 1.e-05 1.e-05
 1.e-05 1.e-05 1.e-05 1.e-05 1.e-05 1.e-05 1.e-05 1.e-05 1.e-05 1.e-05]","[0.39237398 0.36195222 0.39875508 0.38248824 0.38432435 0.39832858
 0.40666313 0.39673108 0.39765729 0.38731002 0.38725926 0.3935311
 0.40453908 0.37844476 0.39346847 0.39678322 0.3808296  0.38725785
 0.39878939 0.40021185 0.40596376 0.40667389 0.39123106 0.40034097
 0.37211668 0.39667121 0.39861875 0.38918033 0.40339422 0.38166933
 0.38492923 0.39757638 0.40569984 0.37745608 0.37868514 0.38304551
 0.37326476 0.39100732 0.37569213 0.36920212 0.39944541 0.39167033
 0.39352813 0.39756058 0.38653026 0.38201424 0.374647   0.39953409
 0.40736185 0.39583377]","[0.35418372 0.31352224 0.34548859 0.33518779 0.3432689  0.34289932
 0.3434839  0.36418662 0.32055437 0.32969253 0.33345964 0.33186267
 0.34257474 0.33271325 0.34200845 0.33181669 0.32705833 0.34227866
 0.34909415 0.33270451 0.34676269 0.34779797 0.33534335 0.35012525
 0.31968731 0.33669005 0.32801333 0.3507379  0.34330905 0.33584344
 0.3193349  0.33388944 0.35025075 0.31960953 0.31955471 0.31514002
 0.3047217  0.33363816 0.33034955 0.31708087 0.34018302 0.34210097
 0.32685439 0.32392661 0.32202349 0.33011084 0.32048059 0.33445545
 0.34723687 0.33412628]","[5.87392144e-278 3.13530162e-235 1.98923548e-287 1.22902943e-263
 2.89600037e-266 8.65436817e-287 2.05628523e-299 2.09841063e-284
 8.72311401e-286 1.43773479e-270 1.70280405e-270 1.16115778e-279
 3.62735086e-296 6.68646384e-258 1.43641567e-279 1.75482430e-284
 2.82385653e-261 1.71084759e-270 1.76718151e-287 1.29292063e-289
 2.42246711e-298 1.97963754e-299 2.79452960e-276 8.26550263e-290
 4.57865994e-249 2.57651113e-284 3.18335606e-287 2.76524593e-273
 2.00044727e-294 1.80662128e-262 3.91666499e-267 1.15204089e-285
 6.13645090e-298 1.64790548e-256 3.06326075e-258 1.96586209e-264
 1.17609645e-250 5.94306437e-276 4.89312416e-254 4.70664654e-245
 1.83416600e-288 6.34315905e-277 1.17291682e-279 1.21637813e-285
 1.92973396e-269 5.82859277e-263 1.40711080e-252 1.34987150e-288
 1.74076794e-300 4.53328227e-283]","[5.98514888e-225 3.38397259e-175 9.67564055e-214 7.24687609e-201
 6.26390722e-211 1.83206963e-210 3.35307548e-211 3.10708168e-238
 2.54345087e-183 3.55446867e-194 9.49471065e-199 8.38043856e-197
 4.69689980e-210 7.73034742e-198 2.42172464e-209 9.53087942e-197
 5.18138026e-191 1.10764834e-209 2.37657291e-218 7.92222780e-198
 2.30611293e-215 1.09477238e-216 4.66617806e-201 1.11628907e-219
 2.61723787e-182 1.02251358e-202 3.72174228e-192 1.80520937e-220
 5.57420435e-211 1.13150754e-201 6.73713229e-182 2.83160375e-199
 7.68806795e-220 3.22490476e-182 3.73601486e-182 4.76447300e-177
 2.61847134e-165 5.74544521e-199 5.71877000e-195 2.77359857e-179
 4.69128882e-207 1.85285772e-209 9.08237319e-191 2.74818905e-187
 4.82065030e-185 1.11121377e-194 3.10233460e-183 5.73988183e-200
 5.71769038e-216 1.45265172e-199]","[0.11872768 0.09753275 0.12552619 0.0997355  0.1129514  0.10652363
 0.11532402 0.11076236 0.11402357 0.10458803 0.10974789 0.11912334
 0.12203801 0.10538685 0.11514604 0.1128186  0.1100713  0.11367762
 0.11671245 0.11512065 0.11437476 0.11804807 0.11267471 0.11045074
 0.09790742 0.11654186 0.11636508 0.10598075 0.12247062 0.10484457
 0.10772228 0.11475372 0.12006903 0.09642744 0.10246992 0.11139548
 0.09906232 0.10599041 0.10404778 0.09103537 0.11082494 0.10301077
 0.11761117 0.10982406 0.11263382 0.10454619 0.11121559 0.12187886
 0.12121356 0.11609995]","[0.09368885 0.07356012 0.09606552 0.07340348 0.08601141 0.07962823
 0.08457279 0.08604729 0.07861412 0.07643795 0.08214152 0.08639205
 0.09297311 0.07697332 0.08805311 0.08140206 0.08372903 0.08769953
 0.08833456 0.08392072 0.08375704 0.0922457  0.08206093 0.08191919
 0.07130671 0.08316267 0.08324289 0.08410537 0.09144449 0.08254957
 0.07767475 0.08852959 0.08967578 0.06919503 0.07358408 0.07828498
 0.06648254 0.07726073 0.07906532 0.06323731 0.08426595 0.07865393
 0.08478522 0.07702184 0.08274484 0.07746994 0.08282852 0.08844781
 0.09032726 0.08686209]","[0.2670756  0.23920791 0.2713201  0.24181485 0.25969709 0.25105664
 0.26199556 0.25469939 0.25972884 0.24920728 0.25357729 0.26569498
 0.26759663 0.25085918 0.26168419 0.2577161  0.25309006 0.25835768
 0.2629004  0.26202611 0.25797576 0.26235452 0.26063763 0.25291229
 0.24186615 0.26091186 0.26353022 0.24943781 0.26771919 0.24875073
 0.25387562 0.25822078 0.26546458 0.24020363 0.24423149 0.25402338
 0.2414174  0.25103707 0.25049504 0.23150873 0.2538436  0.24497948
 0.26368731 0.25337261 0.25837918 0.24745805 0.25836126 0.26481189
 0.26856994 0.25937501]","[0.24047891 0.20882229 0.24000129 0.20956449 0.22842154 0.220206
 0.22723184 0.22465202 0.21962276 0.21587238 0.22249783 0.23000809
 0.23642025 0.21753722 0.23175332 0.22281564 0.22345595 0.22926392
 0.23158518 0.22787529 0.2247607  0.23364896 0.22624958 0.2212644
 0.20977804 0.22397739 0.22648261 0.22489826 0.23376104 0.22420965
 0.21927261 0.23026807 0.23258985 0.20630693 0.21062392 0.21684467
 0.20113739 0.21774558 0.21982903 0.19569213 0.22452588 0.21601568
 0.22803436 0.21648354 0.22479902 0.21634467 0.2268755  0.22855711
 0.23579091 0.22759861]",5.186459373478424e-111,4.943810435701298e-82,3.01108798913206e-110,3.4606672555204787e-81,2.4011045651750607e-08,1.679276931509932e-08,8.904553719862765e-09,7.95922341824028e-09,1e-05,1e-05,0.0,0.0,0.390764858250618,0.33434835160017007,0.010856542295774504,0.012023984945593404,0.11094058275222779,0.08223681688308716,0.007575379862996833,0.0068736974790238456,0.25557436185029503,0.22304904667788583,0.00875427082047813,0.009267779790321395
df3,0.0,-1.0,0.0,"[1.65526914e-137 3.11577768e-125 7.36968843e-116 3.32649959e-115
 8.08221677e-132 8.08221677e-132 1.62522975e-116 2.49277144e-128
 9.11197923e-131 4.06843613e-131 3.16357866e-142 1.32505188e-126
 3.95211198e-141 4.88474039e-140 2.49277144e-128 2.92297102e-126
 1.02479477e-135 1.20103174e-134 4.55467848e-130 1.37294733e-138
 5.04562598e-129 1.67153521e-121 1.12671987e-139 1.02479477e-135
 7.09357420e-133 3.67085321e-163 3.56765397e-117 3.11577768e-125
 3.57314355e-145 7.09357420e-133 6.84127225e-125 1.52170582e-145
 5.97340427e-139 3.43101012e-123 2.11520456e-140 8.08221677e-132
 6.64504909e-149 8.65193381e-137 9.11197923e-131 1.88166010e-108
 1.96307101e-144 3.59598810e-132 1.02479477e-135 3.67099579e-119
 7.48112939e-123 5.04562598e-129 2.33052754e-135 4.06843613e-131
 2.26605441e-129 1.32505188e-126]","[1.41127475e-113 1.26370308e-105 3.49368581e-099 1.34076199e-095
 1.45786612e-106 4.37383916e-109 1.74357044e-099 2.59001339e-105
 4.51863753e-104 9.07714507e-109 3.67099579e-119 1.34076199e-095
 2.97606811e-113 7.91123773e-120 3.43531867e-107 1.45786612e-106
 3.32649959e-115 9.20882547e-104 1.11687624e-110 7.36968843e-116
 2.20848376e-097 6.78202527e-096 5.81830416e-112 7.91123773e-120
 1.70515873e-119 2.71351259e-127 2.20848376e-097 4.37383916e-109
 1.26370308e-105 4.37383916e-109 8.05827457e-108 3.67099579e-119
 1.66865694e-117 4.32796803e-100 3.28672716e-124 7.89408622e-119
 1.62932937e-122 9.07714507e-109 6.15879083e-106 3.98124764e-094
 3.63777125e-118 5.81830416e-112 7.79563234e-118 4.32796803e-100
 4.37383916e-109 1.31890515e-112 1.11687624e-110 3.43531867e-107
 2.97606811e-113 1.57064610e-102]","[1.65526914e-137 3.11577768e-125 7.36968843e-116 3.32649959e-115
 8.08221677e-132 8.08221677e-132 1.62522975e-116 2.49277144e-128
 9.11197923e-131 4.06843613e-131 3.16357866e-142 1.32505188e-126
 3.95211198e-141 4.88474039e-140 2.49277144e-128 2.92297102e-126
 1.02479477e-135 1.20103174e-134 4.55467848e-130 1.37294733e-138
 5.04562598e-129 1.67153521e-121 1.12671987e-139 1.02479477e-135
 7.09357420e-133 3.67085321e-163 3.56765397e-117 3.11577768e-125
 3.57314355e-145 7.09357420e-133 6.84127225e-125 1.52170582e-145
 5.97340427e-139 3.43101012e-123 2.11520456e-140 8.08221677e-132
 6.64504909e-149 8.65193381e-137 9.11197923e-131 1.88166010e-108
 1.96307101e-144 3.59598810e-132 1.02479477e-135 3.67099579e-119
 7.48112939e-123 5.04562598e-129 2.33052754e-135 4.06843613e-131
 2.26605441e-129 1.32505188e-126]","[1.41127475e-113 1.26370308e-105 3.49368581e-099 1.34076199e-095
 1.45786612e-106 4.37383916e-109 1.74357044e-099 2.59001339e-105
 4.51863753e-104 9.07714507e-109 3.67099579e-119 1.34076199e-095
 2.97606811e-113 7.91123773e-120 3.43531867e-107 1.45786612e-106
 3.32649959e-115 9.20882547e-104 1.11687624e-110 7.36968843e-116
 2.20848376e-097 6.78202527e-096 5.81830416e-112 7.91123773e-120
 1.70515873e-119 2.71351259e-127 2.20848376e-097 4.37383916e-109
 1.26370308e-105 4.37383916e-109 8.05827457e-108 3.67099579e-119
 1.66865694e-117 4.32796803e-100 3.28672716e-124 7.89408622e-119
 1.62932937e-122 9.07714507e-109 6.15879083e-106 3.98124764e-094
 3.63777125e-118 5.81830416e-112 7.79563234e-118 4.32796803e-100
 4.37383916e-109 1.31890515e-112 1.11687624e-110 3.43531867e-107
 2.97606811e-113 1.57064610e-102]","[3.63106910e-08 2.78432546e-08 2.03638792e-08 2.09200055e-08
 4.00859297e-08 2.99382072e-08 1.77595615e-08 2.07644835e-08
 2.09024330e-08 3.91379146e-08 1.56566582e-08 2.11424576e-08
 3.59254588e-08 3.49806141e-08 1.13837316e-08 2.56509585e-08
 2.63675554e-08 1.70022251e-08 1.76801864e-08 3.84269035e-08
 2.01686835e-08 2.25404841e-08 4.34957567e-08 3.42795884e-08
 3.83225164e-08 1.53420202e-08 3.23097060e-08 4.04280258e-08
 3.96907480e-08 2.43559573e-08 1.73237402e-08 1.60613132e-08
 1.50299102e-08 1.47009324e-08 2.90920067e-08 3.51293816e-08
 4.39967875e-08 3.96888941e-08 1.64593648e-08 1.10504519e-08
 1.38382852e-08 3.35880536e-08 1.44497877e-08 3.49166760e-08
 2.06659236e-08 2.03321431e-08 4.28016946e-08 3.35616621e-08
 2.00836796e-08 2.16287255e-08]","[1.27491896e-08 3.37548801e-08 8.08677969e-09 9.41289124e-09
 2.30098083e-08 1.21117236e-08 1.06851289e-08 2.31482487e-08
 9.89141813e-09 3.54277631e-08 1.90882609e-08 8.22621626e-09
 1.08427054e-08 2.28626236e-08 3.64110618e-08 1.20662574e-08
 1.46244549e-08 1.28098322e-08 9.67478608e-09 1.50059456e-08
 1.37890576e-08 3.25042888e-08 1.81505393e-08 2.97133903e-08
 1.54827096e-08 3.95214380e-08 1.10018173e-08 1.77842759e-08
 1.17390838e-08 9.55435941e-09 2.05314070e-08 1.15990403e-08
 2.18483609e-08 1.21341664e-08 1.45240804e-08 2.74386311e-08
 1.61696542e-08 2.56941748e-08 2.81347119e-08 1.73270089e-08
 1.68221139e-08 1.64143361e-08 3.04728842e-08 1.06049802e-08
 9.63191749e-09 1.37909383e-08 1.01143941e-08 1.14946453e-08
 9.61248259e-09 1.36552781e-08]","[1.e-05 1.e-05 1.e-05 1.e-05 1.e-05 1.e-05 1.e-05 1.e-05 1.e-05 1.e-05
 1.e-05 1.e-05 1.e-05 1.e-05 1.e-05 1.e-05 1.e-05 1.e-05 1.e-05 1.e-05
 1.e-05 1.e-05 1.e-05 1.e-05 1.e-05 1.e-05 1.e-05 1.e-05 1.e-05 1.e-05
 1.e-05 1.e-05 1.e-05 1.e-05 1.e-05 1.e-05 1.e-05 1.e-05 1.e-05 1.e-05
 1.e-05 1.e-05 1.e-05 1.e-05 1.e-05 1.e-05 1.e-05 1.e-05 1.e-05 1.e-05]","[1.e-05 1.e-05 1.e-05 1.e-05 1.e-05 1.e-05 1.e-05 1.e-05 1.e-05 1.e-05
 1.e-05 1.e-05 1.e-05 1.e-05 1.e-05 1.e-05 1.e-05 1.e-05 1.e-05 1.e-05
 1.e-05 1.e-05 1.e-05 1.e-05 1.e-05 1.e-05 1.e-05 1.e-05 1.e-05 1.e-05
 1.e-05 1.e-05 1.e-05 1.e-05 1.e-05 1.e-05 1.e-05 1.e-05 1.e-05 1.e-05
 1.e-05 1.e-05 1.e-05 1.e-05 1.e-05 1.e-05 1.e-05 1.e-05 1.e-05 1.e-05]","[0.37970292 0.3835763  0.36961868 0.36939776 0.37662034 0.37110633
 0.37370495 0.37019924 0.38296672 0.37617118 0.38181881 0.3767086
 0.39237048 0.38315486 0.36978014 0.38591206 0.38128709 0.37671868
 0.37542602 0.39765908 0.37678267 0.36600226 0.40414449 0.38320498
 0.38411566 0.41017147 0.38657222 0.38460552 0.38035735 0.38532182
 0.38765836 0.38524177 0.380937   0.38287293 0.39302856 0.38253207
 0.40302652 0.38803222 0.39566995 0.35638968 0.3994164  0.37604141
 0.39358801 0.38790428 0.380448   0.39191503 0.38456147 0.38083841
 0.37899061 0.36464743]","[0.34861944 0.35350706 0.33435705 0.34437338 0.34928098 0.34943911
 0.35075846 0.34587779 0.34852905 0.34396309 0.34664717 0.33964659
 0.36513778 0.35880778 0.34148569 0.3531273  0.36305606 0.3409295
 0.33963024 0.36347261 0.34266807 0.3352007  0.37802593 0.35686345
 0.36013145 0.37084223 0.36276163 0.36024581 0.34868277 0.36376022
 0.35587387 0.35820485 0.35129357 0.35067644 0.36708739 0.36672517
 0.3757157  0.36729231 0.36690459 0.33997111 0.37154752 0.34571711
 0.3653432  0.36387138 0.35946163 0.37426641 0.35927906 0.34145627
 0.35426265 0.33892482]","[1.11696129e-259 3.42081341e-265 1.26336022e-245 2.53832163e-245
 2.45527328e-255 1.13659892e-247 2.87879264e-251 2.01475078e-246
 2.54788988e-264 1.04563276e-254 1.10664340e-262 1.84651050e-255
 5.94399012e-278 1.37152058e-264 7.58450387e-246 1.50580549e-268
 6.32015235e-262 1.78737397e-255 1.15199859e-253 8.66937505e-286
 1.45365105e-255 1.08618627e-240 1.44704805e-295 1.16284480e-264
 5.77033024e-266 8.06732791e-305 1.67833978e-269 1.14315766e-266
 1.32121647e-260 1.06695125e-267 4.49769698e-271 1.39111967e-267
 1.98746619e-261 3.46912312e-264 6.39267966e-279 1.06417338e-263
 7.23149634e-294 1.29044669e-271 7.93720976e-283 7.64541464e-228
 2.02757532e-288 1.58864726e-254 9.57041044e-280 1.97871314e-271
 9.82680931e-261 2.77451542e-277 1.32242959e-266 2.74363735e-261
 1.13504676e-258 7.41695975e-239]","[9.68159547e-218 4.57723824e-224 7.57711243e-200 2.51538070e-212
 1.36651556e-218 8.55258524e-219 1.69803177e-220 3.09513183e-214
 1.26472604e-217 8.31516500e-212 3.23811661e-215 2.19185999e-206
 1.61148514e-239 4.87620047e-231 1.09779765e-208 1.43099615e-223
 1.03494428e-236 5.46569583e-208 2.29721427e-206 2.84812450e-237
 3.58333324e-210 6.98707382e-201 2.60185966e-257 1.81673474e-228
 8.48359452e-233 2.62727092e-247 2.57362242e-236 5.97342301e-233
 8.02827606e-218 1.16743649e-237 3.64622356e-227 3.06971551e-230
 3.44758665e-221 2.16757692e-220 3.64018949e-242 1.13230608e-241
 4.53562221e-254 1.91454568e-242 6.45531597e-242 8.62815549e-207
 2.79929491e-248 4.95577272e-214 8.49524967e-240 8.26878481e-238
 6.60484174e-232 4.76848214e-252 1.15471719e-231 1.19516214e-208
 4.71945858e-225 1.73690898e-205]","[0.10395288 0.10768211 0.10121131 0.09373212 0.09744191 0.09732878
 0.10609293 0.10613275 0.11260688 0.10327637 0.10585296 0.1085068
 0.11281848 0.10844219 0.10003257 0.10003412 0.10780716 0.10482335
 0.09874284 0.11008275 0.10375214 0.09711528 0.12078226 0.10386193
 0.10905552 0.11283135 0.11702204 0.10944533 0.10610998 0.0961647
 0.11510229 0.11204636 0.10841537 0.10623312 0.10868692 0.09994364
 0.11874497 0.103809   0.11101639 0.09785056 0.11839998 0.10937595
 0.11267781 0.11191082 0.1113801  0.10034049 0.10421085 0.10806668
 0.1046077  0.10069788]","[0.09343696 0.09497833 0.08858109 0.08556306 0.08898628 0.08793724
 0.09889531 0.09786701 0.09871376 0.08815897 0.09363854 0.09575832
 0.10034704 0.09909213 0.09159875 0.08883011 0.10048318 0.09142303
 0.08907449 0.09669578 0.08989024 0.08695304 0.10806894 0.09455228
 0.09695184 0.09861219 0.10522783 0.10015047 0.09668982 0.086586
 0.10336864 0.09869182 0.09679949 0.09340131 0.1008116  0.09390104
 0.1098001  0.09325504 0.09975791 0.08812571 0.10643971 0.09722221
 0.10185385 0.10031116 0.10124457 0.09274089 0.09422576 0.09455097
 0.09485149 0.08683515]","[0.25002304 0.25366185 0.24346762 0.23650085 0.23928799 0.24165439
 0.24814219 0.25096327 0.25987295 0.24446078 0.24836627 0.25288132
 0.25798276 0.25155271 0.2441025  0.24281324 0.25167808 0.24977629
 0.2411959  0.25631626 0.24931033 0.23535326 0.26543949 0.2476383
 0.25335909 0.2559829  0.26361826 0.25364155 0.24951699 0.24040856
 0.26017408 0.25956191 0.25320849 0.2496911  0.25361455 0.2419471
 0.26158348 0.24748951 0.25801059 0.24129837 0.26308084 0.25446516
 0.25543221 0.2562354  0.26076514 0.24242448 0.24920911 0.25358694
 0.24843083 0.24464723]","[0.2410558  0.24286883 0.23288448 0.23017357 0.23299403 0.23420803
 0.24379134 0.2453921  0.2485744  0.23025868 0.23890099 0.24293449
 0.24752447 0.24434    0.23785561 0.23288132 0.24659657 0.23787503
 0.23377217 0.24471532 0.23669645 0.2280705  0.25554542 0.2406417
 0.24357998 0.2447133  0.25428507 0.24656171 0.24308893 0.23262085
 0.25089292 0.24954162 0.24428583 0.2382206  0.24838495 0.23781119
 0.25537657 0.23884846 0.24790664 0.2319573  0.25358224 0.24473237
 0.24700007 0.24722244 0.25289782 0.23615978 0.24112001 0.24208504
 0.2406325  0.23204414]",3.7633210569385464e-110,8.643396600373419e-96,2.634324130994621e-109,5.57088025642083e-95,2.6471520178095175e-08,1.7542922836621955e-08,9.828265294955198e-09,8.321635173467917e-09,1e-05,1e-05,0.0,0.0,0.3825783758544922,0.354674068365097,0.010335355141716868,0.011239965533254494,0.10652517318725586,0.09563860893249512,0.0062201539454612015,0.005801884319407541,0.2506765106939555,0.24192207319325607,0.007285717661589972,0.0070527731560063945
df3,0.05,-1.0,0.05,"[3.54443794e-122 3.95211198e-141 3.59598810e-132 3.59598810e-132
 7.89408622e-119 7.22731515e-138 2.50543477e-143 1.17530003e-149
 1.01652477e-129 6.68471205e-114 3.78658116e-137 2.75002067e-146
 1.97454306e-136 5.97340427e-139 1.02479477e-135 3.11577768e-125
 3.63777125e-118 2.21472141e-104 1.12215372e-128 1.62522975e-116
 1.66865694e-117 2.33052754e-135 4.06843613e-131 1.32505188e-126
 2.59582860e-139 2.72168499e-134 7.70163359e-122 1.26370308e-105
 1.01652477e-129 3.28672716e-124 1.34579277e-154 3.63777125e-118
 1.20103174e-134 4.37383916e-109 5.04562598e-129 1.12215372e-128
 1.65526914e-137 3.41677257e-161 3.59598810e-132 5.53102464e-128
 3.46283303e-116 8.38015691e-145 4.55467848e-130 2.03839988e-130
 6.47280639e-146 2.49277144e-128 1.31890515e-112 1.12671987e-139
 1.50038437e-124 3.54443794e-122]","[8.69173129e-100 4.06843613e-131 2.99814789e-106 2.77174564e-112
 1.06947759e-100 6.26869005e-113 1.69706671e-120 8.08221677e-132
 3.89617725e-108 2.02515198e-094 3.89617725e-108 5.53102464e-128
 1.21995247e-111 1.41739559e-125 2.97606811e-113 1.11687624e-110
 5.88045765e-093 6.26880529e-091 1.88166010e-108 1.31890515e-112
 2.20848376e-097 1.66865694e-117 8.05827457e-108 1.41127475e-113
 2.33113443e-110 3.56765397e-117 2.15264578e-100 1.10963247e-097
 2.97606811e-113 2.10514288e-109 6.44036529e-126 4.51863753e-104
 2.55501261e-111 3.42673436e-096 3.18287512e-102 4.85997494e-110
 3.32649959e-115 5.99978104e-127 3.43531867e-107 8.05827457e-108
 3.81174187e-103 2.49277144e-128 7.61901024e-117 5.34499160e-111
 3.59598810e-132 3.49368581e-099 6.78202527e-096 7.36968843e-116
 2.63087943e-101 2.55501261e-111]","[3.54443794e-122 3.95211198e-141 3.59598810e-132 3.59598810e-132
 7.89408622e-119 7.22731515e-138 2.50543477e-143 1.17530003e-149
 1.01652477e-129 6.68471205e-114 3.78658116e-137 2.75002067e-146
 1.97454306e-136 5.97340427e-139 1.02479477e-135 3.11577768e-125
 3.63777125e-118 2.21472141e-104 1.12215372e-128 1.62522975e-116
 1.66865694e-117 2.33052754e-135 4.06843613e-131 1.32505188e-126
 2.59582860e-139 2.72168499e-134 7.70163359e-122 1.26370308e-105
 1.01652477e-129 3.28672716e-124 1.34579277e-154 3.63777125e-118
 1.20103174e-134 4.37383916e-109 5.04562598e-129 1.12215372e-128
 1.65526914e-137 3.41677257e-161 3.59598810e-132 5.53102464e-128
 3.46283303e-116 8.38015691e-145 4.55467848e-130 2.03839988e-130
 6.47280639e-146 2.49277144e-128 1.31890515e-112 1.12671987e-139
 1.50038437e-124 3.54443794e-122]","[8.69173129e-100 4.06843613e-131 2.99814789e-106 2.77174564e-112
 1.06947759e-100 6.26869005e-113 1.69706671e-120 8.08221677e-132
 3.89617725e-108 2.02515198e-094 3.89617725e-108 5.53102464e-128
 1.21995247e-111 1.41739559e-125 2.97606811e-113 1.11687624e-110
 5.88045765e-093 6.26880529e-091 1.88166010e-108 1.31890515e-112
 2.20848376e-097 1.66865694e-117 8.05827457e-108 1.41127475e-113
 2.33113443e-110 3.56765397e-117 2.15264578e-100 1.10963247e-097
 2.97606811e-113 2.10514288e-109 6.44036529e-126 4.51863753e-104
 2.55501261e-111 3.42673436e-096 3.18287512e-102 4.85997494e-110
 3.32649959e-115 5.99978104e-127 3.43531867e-107 8.05827457e-108
 3.81174187e-103 2.49277144e-128 7.61901024e-117 5.34499160e-111
 3.59598810e-132 3.49368581e-099 6.78202527e-096 7.36968843e-116
 2.63087943e-101 2.55501261e-111]","[3.54658907e-08 3.04863956e-08 2.04833553e-08 3.82761253e-08
 2.08654691e-08 2.00597829e-08 2.33108277e-08 3.68145394e-08
 1.43811167e-08 1.64464211e-08 1.27085126e-08 3.30322111e-08
 4.26629261e-08 2.44854270e-08 3.13832267e-08 1.57020817e-08
 2.97547470e-08 1.69145410e-08 3.40879087e-08 3.29747603e-08
 1.88467255e-08 2.12167717e-08 2.23479999e-08 1.48742405e-08
 3.11011308e-08 2.81117687e-08 1.52664974e-08 1.02423956e-08
 1.53357249e-08 3.33851125e-08 3.41478997e-08 1.90639430e-08
 1.88916111e-08 2.81673536e-08 1.35380391e-08 1.72310451e-08
 2.95200480e-08 2.71348530e-08 1.87799907e-08 1.32921164e-08
 2.89311903e-08 1.85113439e-08 2.67489793e-08 2.35282562e-08
 1.38249969e-08 1.57490904e-08 1.99959637e-08 2.37074027e-08
 4.04411197e-08 1.29121032e-08]","[1.39820793e-08 2.06496051e-08 3.63686603e-08 1.78112133e-08
 1.31302507e-08 3.03301685e-08 1.72037760e-08 1.15144031e-08
 2.78318907e-08 1.93805142e-08 1.71535876e-08 1.24331867e-08
 2.26353147e-08 3.02055152e-08 1.60970646e-08 3.03943807e-08
 7.98188304e-09 2.98578871e-08 1.16436042e-08 1.34749920e-08
 1.30526888e-08 1.30486634e-08 3.66888935e-08 1.05479874e-08
 1.07281048e-08 1.67513604e-08 2.71820245e-08 3.25503258e-08
 1.19275435e-08 2.21524333e-08 1.30799213e-08 1.16857723e-08
 2.95195023e-08 3.06686285e-08 1.31736773e-08 9.71870495e-09
 1.63345734e-08 2.18721256e-08 2.71729956e-08 3.07297561e-08
 1.81529854e-08 1.51427818e-08 1.97012869e-08 1.25715469e-08
 1.25101928e-08 1.80120967e-08 1.50081313e-08 2.16794747e-08
 2.88927435e-08 1.12114265e-08]","[1.e-05 1.e-05 1.e-05 1.e-05 1.e-05 1.e-05 1.e-05 1.e-05 1.e-05 1.e-05
 1.e-05 1.e-05 1.e-05 1.e-05 1.e-05 1.e-05 1.e-05 1.e-05 1.e-05 1.e-05
 1.e-05 1.e-05 1.e-05 1.e-05 1.e-05 1.e-05 1.e-05 1.e-05 1.e-05 1.e-05
 1.e-05 1.e-05 1.e-05 1.e-05 1.e-05 1.e-05 1.e-05 1.e-05 1.e-05 1.e-05
 1.e-05 1.e-05 1.e-05 1.e-05 1.e-05 1.e-05 1.e-05 1.e-05 1.e-05 1.e-05]","[1.e-05 1.e-05 1.e-05 1.e-05 1.e-05 1.e-05 1.e-05 1.e-05 1.e-05 1.e-05
 1.e-05 1.e-05 1.e-05 1.e-05 1.e-05 1.e-05 1.e-05 1.e-05 1.e-05 1.e-05
 1.e-05 1.e-05 1.e-05 1.e-05 1.e-05 1.e-05 1.e-05 1.e-05 1.e-05 1.e-05
 1.e-05 1.e-05 1.e-05 1.e-05 1.e-05 1.e-05 1.e-05 1.e-05 1.e-05 1.e-05
 1.e-05 1.e-05 1.e-05 1.e-05 1.e-05 1.e-05 1.e-05 1.e-05 1.e-05 1.e-05]","[0.37301786 0.38027352 0.37227186 0.38807242 0.38196645 0.39204049
 0.38798691 0.39033212 0.378483   0.37181472 0.39486608 0.4132699
 0.37583942 0.37915344 0.38823469 0.369924   0.36643092 0.35148129
 0.38403406 0.37760334 0.37206251 0.38758764 0.3821458  0.37129303
 0.38676393 0.38488075 0.38630658 0.37295568 0.38402622 0.38315725
 0.40526305 0.37395441 0.3832052  0.35599009 0.38794074 0.37225009
 0.38631748 0.40352364 0.38696942 0.38071554 0.37074604 0.39178971
 0.37244792 0.38238404 0.40633352 0.3802544  0.37695024 0.38587079
 0.37448173 0.37253093]","[0.34610486 0.36315943 0.35278734 0.36555344 0.35405386 0.35402664
 0.36113197 0.37888751 0.35740921 0.33967083 0.36817988 0.39448497
 0.35162962 0.3652963  0.36197443 0.35662211 0.34933091 0.33488072
 0.35716509 0.35792682 0.35099263 0.36477085 0.35244656 0.34746168
 0.3507499  0.35957    0.36183969 0.3501841  0.368477   0.36016732
 0.37029558 0.35044549 0.35968991 0.33701516 0.35053488 0.35337627
 0.36207507 0.36711944 0.35451182 0.36222599 0.34793232 0.3713468
 0.35085274 0.35959123 0.38304102 0.34935213 0.34811394 0.35235479
 0.34452774 0.35297787]","[2.58775798e-250 1.73714288e-260 2.79329778e-249 1.12824126e-271
 6.81836305e-263 1.81536951e-277 1.50137672e-271 5.77583062e-275
 5.90585255e-258 1.19694803e-248 1.23492564e-281 1.21960997e-309
 3.04529054e-254 6.68365352e-259 6.55885590e-272 4.81276079e-246
 2.84389512e-241 1.96936568e-221 7.55479747e-266 1.02306663e-256
 5.44042156e-249 5.69501097e-271 3.78478694e-263 6.28326997e-248
 8.86753785e-270 4.59855298e-267 4.06012864e-269 3.15590987e-250
 7.75274674e-266 1.36077379e-264 2.85290817e-297 1.29553669e-251
 1.16202333e-264 2.56495213e-227 1.75180031e-271 2.99380906e-249
 3.91565493e-269 1.27217614e-294 4.47336556e-270 4.09994438e-261
 3.56422357e-247 4.23775812e-277 1.59400706e-249 1.73083898e-263
 6.57960184e-299 1.84901856e-260 8.45978510e-256 1.72695544e-268
 2.39102551e-252 1.22340532e-249]","[1.59070317e-214 7.51494332e-237 3.96536846e-223 4.40979114e-240
 8.84679322e-225 9.60176330e-225 3.92420847e-234 1.58702603e-258
 3.46069363e-229 2.04449050e-206 1.17844496e-243 4.52647754e-281
 1.26490020e-221 9.83293574e-240 2.92770646e-235 3.77865475e-228
 1.17861597e-218 1.72688647e-200 7.26830107e-229 7.16197848e-230
 8.45433029e-221 5.05186891e-239 1.10025873e-222 2.94943586e-216
 1.74186634e-220 4.74012452e-232 4.43623547e-235 9.37215007e-220
 4.62660635e-244 7.59975212e-233 1.48515056e-246 4.30894952e-220
 3.28337889e-232 4.05494894e-203 3.30294741e-220 6.77905601e-224
 2.14620376e-235 3.29225096e-242 2.22827379e-225 1.34695019e-235
 7.36599921e-217 5.29686131e-248 1.28241264e-220 4.44182984e-232
 1.99516865e-264 1.10678154e-218 4.31008541e-217 1.44801647e-222
 1.60348791e-212 2.24004962e-223]","[0.09977829 0.11213374 0.11178923 0.11036646 0.10262465 0.11371994
 0.1186285  0.11888587 0.1074791  0.09429431 0.09339321 0.11131001
 0.10541248 0.10080492 0.11524439 0.10462511 0.09558773 0.09423757
 0.11770749 0.10194099 0.10375094 0.11129451 0.10920453 0.10568893
 0.0917325  0.10143673 0.11142051 0.09959865 0.10138178 0.11215782
 0.11341    0.09519708 0.10769892 0.08703363 0.10929179 0.10381949
 0.10561574 0.10191607 0.10336971 0.10582256 0.10804057 0.11838388
 0.09668994 0.10239589 0.11873746 0.10276997 0.09614575 0.11448288
 0.09678519 0.09626746]","[0.08978951 0.10460401 0.10368919 0.10114205 0.09093678 0.10111558
 0.10883939 0.10974967 0.09899247 0.08216763 0.08622551 0.10017121
 0.09540606 0.0922606  0.10606587 0.09910285 0.08728135 0.08578742
 0.10603046 0.09608293 0.09739935 0.10277009 0.09871745 0.09586513
 0.08183849 0.09296477 0.10186291 0.09097636 0.09483635 0.10210073
 0.10218239 0.08549821 0.10114849 0.08125019 0.09604764 0.09526837
 0.09652853 0.08811677 0.09225571 0.09932864 0.09878373 0.11035478
 0.08813453 0.09463561 0.10997438 0.09266102 0.08697259 0.10037863
 0.09084308 0.0907023 ]","[0.24477284 0.26008968 0.25850901 0.25607972 0.24624092 0.25921755
 0.26383568 0.26505409 0.25327277 0.23362404 0.23480799 0.2581652
 0.25011897 0.24775371 0.2634292  0.24924413 0.23698205 0.23640246
 0.26569567 0.24690275 0.24921204 0.25663088 0.25544202 0.25219134
 0.23085882 0.24302393 0.25691431 0.24290846 0.24401565 0.25617663
 0.25862417 0.23482899 0.25354749 0.22821987 0.25374349 0.2493157
 0.2496245  0.24290293 0.24749033 0.24939253 0.2503443  0.26173201
 0.24132299 0.24654841 0.26392529 0.24545023 0.23652175 0.26057384
 0.2401731  0.23843402]","[0.23578105 0.25485647 0.25274448 0.24934585 0.23712875 0.2484561
 0.25795742 0.25718717 0.24723779 0.22346692 0.22972467 0.24889402
 0.24218149 0.24003518 0.25686964 0.24494034 0.23138185 0.22971081
 0.25649913 0.24328732 0.24515047 0.25114763 0.24682653 0.2446715
 0.22270476 0.23697605 0.2499551  0.23644663 0.2397579  0.24841222
 0.25056281 0.22695022 0.25001542 0.22338102 0.24240258 0.2435505
 0.2430562  0.22997357 0.23873105 0.2450044  0.24285058 0.25585752
 0.23442516 0.24042939 0.25806117 0.23752312 0.22912435 0.24907567
 0.23729212 0.23533208]",4.682270946787315e-106,1.265948094908482e-92,3.1020451608954657e-105,8.774972318966695e-92,2.3702839588857218e-08,1.9430966520239678e-08,8.29380393415533e-09,7.830571557993667e-09,1e-05,1e-05,0.0,0.0,0.3815638961791992,0.3572863169288635,0.011400718786397758,0.010871163337786212,0.10523009777069092,0.09611675500869751,0.00785713125259403,0.0074909320979991015,0.24940576914189486,0.2424666834801842,0.009595073350352168,0.009534445785908754
df3,0.1,-1.0,0.1,"[8.85357293e-148 1.57721865e-148 1.21995247e-111 3.63777125e-118
 1.69706671e-120 3.54443794e-122 4.88474039e-140 3.66625391e-120
 1.20103174e-134 6.47280639e-146 1.01652477e-129 3.62364483e-121
 1.62522975e-116 5.99978104e-127 1.17530003e-149 1.66865694e-117
 8.08221677e-132 1.66865694e-117 3.89773873e-156 5.29370851e-135
 6.84127225e-125 1.81440195e-131 7.09357420e-133 1.70515873e-119
 3.78658116e-137 1.41739559e-125 7.19151616e-124 7.48112939e-123
 1.69706671e-120 7.34927700e-142 7.91123773e-120 6.68471205e-114
 6.44036529e-126 7.09357420e-133 1.32505188e-126 1.31890515e-112
 6.84127225e-125 6.16042076e-134 3.28672716e-124 5.81830416e-112
 7.05518906e-115 7.19151616e-124 8.65193381e-137 4.55467848e-130
 1.22580667e-127 3.95211198e-141 1.32505188e-126 7.09357420e-133
 5.99978104e-127 6.58533558e-157]","[7.70163359e-122 1.41739559e-125 2.20848376e-097 6.15879083e-106
 1.45786612e-106 1.11687624e-110 5.99978104e-127 3.81174187e-103
 3.18287512e-102 2.92297102e-126 1.66475925e-107 3.16268593e-114
 2.63087943e-101 4.51863753e-104 5.04562598e-129 5.81830416e-112
 1.31890515e-112 4.32796803e-100 4.55467848e-130 7.05518906e-115
 9.07714507e-109 3.89617725e-108 1.56663455e-115 6.15879083e-106
 7.79563234e-118 7.08090934e-107 1.11687624e-110 7.08090934e-107
 4.85997494e-110 3.28672716e-124 3.81174187e-103 1.01205796e-109
 1.69706671e-120 1.62522975e-116 1.21995247e-111 1.74357044e-099
 5.34499160e-111 1.41127475e-113 5.30232749e-105 8.81591837e-090
 8.69173129e-100 5.30232749e-105 1.66865694e-117 1.70515873e-119
 1.21995247e-111 3.16268593e-114 4.37383916e-109 3.32649959e-115
 7.36968843e-116 1.02479477e-135]","[8.85357293e-148 1.57721865e-148 1.21995247e-111 3.63777125e-118
 1.69706671e-120 3.54443794e-122 4.88474039e-140 3.66625391e-120
 1.20103174e-134 6.47280639e-146 1.01652477e-129 3.62364483e-121
 1.62522975e-116 5.99978104e-127 1.17530003e-149 1.66865694e-117
 8.08221677e-132 1.66865694e-117 3.89773873e-156 5.29370851e-135
 6.84127225e-125 1.81440195e-131 7.09357420e-133 1.70515873e-119
 3.78658116e-137 1.41739559e-125 7.19151616e-124 7.48112939e-123
 1.69706671e-120 7.34927700e-142 7.91123773e-120 6.68471205e-114
 6.44036529e-126 7.09357420e-133 1.32505188e-126 1.31890515e-112
 6.84127225e-125 6.16042076e-134 3.28672716e-124 5.81830416e-112
 7.05518906e-115 7.19151616e-124 8.65193381e-137 4.55467848e-130
 1.22580667e-127 3.95211198e-141 1.32505188e-126 7.09357420e-133
 5.99978104e-127 6.58533558e-157]","[7.70163359e-122 1.41739559e-125 2.20848376e-097 6.15879083e-106
 1.45786612e-106 1.11687624e-110 5.99978104e-127 3.81174187e-103
 3.18287512e-102 2.92297102e-126 1.66475925e-107 3.16268593e-114
 2.63087943e-101 4.51863753e-104 5.04562598e-129 5.81830416e-112
 1.31890515e-112 4.32796803e-100 4.55467848e-130 7.05518906e-115
 9.07714507e-109 3.89617725e-108 1.56663455e-115 6.15879083e-106
 7.79563234e-118 7.08090934e-107 1.11687624e-110 7.08090934e-107
 4.85997494e-110 3.28672716e-124 3.81174187e-103 1.01205796e-109
 1.69706671e-120 1.62522975e-116 1.21995247e-111 1.74357044e-099
 5.34499160e-111 1.41127475e-113 5.30232749e-105 8.81591837e-090
 8.69173129e-100 5.30232749e-105 1.66865694e-117 1.70515873e-119
 1.21995247e-111 3.16268593e-114 4.37383916e-109 3.32649959e-115
 7.36968843e-116 1.02479477e-135]","[2.06626852e-08 1.57636793e-08 1.61006917e-08 2.39811516e-08
 1.35372874e-08 3.16364586e-08 1.81659527e-08 1.29258954e-08
 2.24129589e-08 2.18562687e-08 1.48755698e-08 2.44169517e-08
 1.27491447e-08 1.26471942e-08 2.92130568e-08 2.80302191e-08
 3.83819065e-08 1.67081319e-08 4.33931748e-08 2.61023823e-08
 1.48286587e-08 1.34607403e-08 3.71022882e-08 2.04482550e-08
 3.54275682e-08 1.60028150e-08 1.14766950e-08 3.22173216e-08
 3.38844134e-08 4.02648452e-08 1.27869860e-08 1.84644586e-08
 1.41885508e-08 1.65733623e-08 2.39911022e-08 2.57818337e-08
 2.61652078e-08 2.09499018e-08 1.64314947e-08 1.66059532e-08
 1.66184342e-08 1.33502006e-08 3.22663918e-08 2.38163080e-08
 1.19254907e-08 1.51062634e-08 1.40750708e-08 2.27430236e-08
 1.47076344e-08 1.71668612e-08]","[1.33611919e-08 1.24484406e-08 1.30443450e-08 2.64308948e-08
 3.55401815e-08 1.36261593e-08 2.70439692e-08 2.09991204e-08
 2.51131101e-08 1.99747913e-08 1.10643724e-08 1.93856984e-08
 3.21908994e-08 2.35512139e-08 3.75443182e-08 3.43332084e-08
 2.81049206e-08 1.73032407e-08 2.64272201e-08 1.15590265e-08
 3.55497634e-08 2.72266518e-08 2.61020476e-08 2.14911317e-08
 2.88180720e-08 1.19185938e-08 3.08377812e-08 2.80160622e-08
 1.01600697e-08 2.78316434e-08 1.16808526e-08 3.60707612e-08
 1.93944070e-08 1.88114559e-08 2.60630924e-08 1.38172316e-08
 2.24075885e-08 1.71968275e-08 1.01505367e-08 1.66659584e-08
 1.25843621e-08 2.14964985e-08 3.45539515e-08 1.33016961e-08
 3.29967118e-08 3.08447782e-08 3.10321500e-08 1.92677156e-08
 2.20259431e-08 2.80786959e-08]","[1.e-05 1.e-05 1.e-05 1.e-05 1.e-05 1.e-05 1.e-05 1.e-05 1.e-05 1.e-05
 1.e-05 1.e-05 1.e-05 1.e-05 1.e-05 1.e-05 1.e-05 1.e-05 1.e-05 1.e-05
 1.e-05 1.e-05 1.e-05 1.e-05 1.e-05 1.e-05 1.e-05 1.e-05 1.e-05 1.e-05
 1.e-05 1.e-05 1.e-05 1.e-05 1.e-05 1.e-05 1.e-05 1.e-05 1.e-05 1.e-05
 1.e-05 1.e-05 1.e-05 1.e-05 1.e-05 1.e-05 1.e-05 1.e-05 1.e-05 1.e-05]","[1.e-05 1.e-05 1.e-05 1.e-05 1.e-05 1.e-05 1.e-05 1.e-05 1.e-05 1.e-05
 1.e-05 1.e-05 1.e-05 1.e-05 1.e-05 1.e-05 1.e-05 1.e-05 1.e-05 1.e-05
 1.e-05 1.e-05 1.e-05 1.e-05 1.e-05 1.e-05 1.e-05 1.e-05 1.e-05 1.e-05
 1.e-05 1.e-05 1.e-05 1.e-05 1.e-05 1.e-05 1.e-05 1.e-05 1.e-05 1.e-05
 1.e-05 1.e-05 1.e-05 1.e-05 1.e-05 1.e-05 1.e-05 1.e-05 1.e-05 1.e-05]","[0.40115575 0.39412845 0.36347644 0.37814511 0.38601283 0.37799751
 0.3897615  0.37521882 0.37806975 0.39874787 0.37424118 0.37509613
 0.36667296 0.38249542 0.39495863 0.37980878 0.38648142 0.36665626
 0.39244516 0.38543423 0.38126141 0.37982637 0.38178505 0.35833935
 0.39180374 0.37653702 0.37170231 0.38584044 0.3884017  0.39059389
 0.37009182 0.36758361 0.3930722  0.3830391  0.3837226  0.38497643
 0.37004267 0.37755881 0.38029604 0.37670534 0.35938122 0.37865528
 0.38735133 0.3750109  0.37801944 0.38885277 0.38579652 0.38942663
 0.38168318 0.40566851]","[0.37444279 0.38086835 0.34525289 0.3619433  0.35752095 0.35985875
 0.36720962 0.35620004 0.35827733 0.37582949 0.34688022 0.36526902
 0.3404956  0.35734107 0.37714868 0.37263413 0.36192374 0.34300932
 0.3741613  0.36163215 0.35890652 0.3608361  0.36095355 0.34290442
 0.37530595 0.35484279 0.35594879 0.36039627 0.36861778 0.37575217
 0.35589653 0.35418856 0.37834591 0.36296607 0.35987806 0.364228
 0.35329128 0.3589553  0.36285112 0.3481798  0.3333435  0.35920599
 0.3586652  0.36606215 0.35691225 0.36452187 0.36673066 0.36980704
 0.36246431 0.37760622]","[4.89167615e-291 1.52374609e-280 2.81447676e-237 1.76781492e-257
 1.07755734e-268 2.85292227e-257 3.93289537e-274 2.24279211e-253
 2.25724920e-257 2.03930708e-287 5.17016409e-252 3.32684167e-253
 1.33337930e-241 1.20036851e-263 9.00664829e-282 7.91065082e-260
 2.27013319e-269 1.40496939e-241 4.61604361e-278 7.35027416e-268
 6.87467932e-262 7.46968053e-260 1.23619978e-262 2.03700412e-230
 4.04152269e-277 3.21291021e-255 1.71130787e-248 1.91000874e-268
 3.75190419e-272 2.39310758e-275 2.83038889e-246 7.67464379e-243
 5.51311082e-279 2.00781030e-264 2.11152614e-265 3.35008802e-267
 3.30664271e-246 1.18170794e-256 1.61402212e-260 1.86602267e-255
 8.44759737e-232 3.37522134e-258 1.25268698e-270 4.37473407e-253
 2.65710407e-257 8.28876794e-273 2.20980421e-268 1.21044291e-273
 1.72639902e-262 6.85196596e-298]","[2.70902298e-252 2.48771804e-261 1.92821516e-213 3.22274875e-235
 2.46361557e-229 1.95735854e-232 2.48139798e-242 1.35819791e-227
 2.46110600e-230 3.14420168e-254 1.63250056e-215 1.07054095e-239
 1.90818384e-207 4.25734511e-229 4.45438317e-256 8.80373698e-250
 3.42324063e-235 1.33130604e-210 6.67836440e-252 8.41123833e-235
 3.60649449e-231 9.74798757e-234 6.79348433e-234 1.80516804e-210
 1.69486486e-253 8.21614233e-226 2.90645681e-227 3.76434769e-233
 2.96986269e-244 4.03309891e-254 3.40454405e-227 5.89861676e-225
 9.21575458e-258 1.36733280e-236 1.84490710e-232 2.73225599e-238
 8.74911468e-224 3.10708861e-231 1.95133272e-236 3.54848649e-217
 1.31626780e-198 1.44387428e-231 7.53659703e-231 9.00817666e-241
 1.56656288e-228 1.09604624e-238 1.11301187e-241 6.96612491e-246
 6.45190808e-236 1.01356267e-256]","[0.11751163 0.11065328 0.09220076 0.09856987 0.10649872 0.10900509
 0.11302805 0.10415483 0.10192692 0.11714089 0.10171449 0.10339475
 0.10259366 0.10179055 0.113392   0.1067754  0.10721612 0.10033524
 0.10449517 0.10558283 0.10502899 0.099702   0.09828866 0.09380531
 0.12232447 0.09468305 0.09818959 0.10422099 0.10547626 0.10532689
 0.10585213 0.09907985 0.10940397 0.10404229 0.10148573 0.10257614
 0.09883642 0.10296869 0.09925199 0.10159647 0.09721684 0.1060847
 0.09851921 0.09961843 0.10229468 0.09998989 0.1071372  0.11412597
 0.10578811 0.11718154]","[0.10976565 0.1077379  0.08610475 0.09444189 0.09745991 0.10466444
 0.10781372 0.0946337  0.09225845 0.11137116 0.09516311 0.09917915
 0.09500539 0.09167182 0.11196959 0.10343492 0.09904587 0.0924083
 0.09680319 0.09716916 0.09852493 0.09417284 0.09289241 0.0914377
 0.11661017 0.08852351 0.09534001 0.09959137 0.10059047 0.10045552
 0.10012615 0.09560394 0.10417473 0.0979141  0.09536135 0.09516346
 0.0932951  0.0980159  0.09294832 0.09165859 0.08894873 0.0986582
 0.09284687 0.09558284 0.0952878  0.09284413 0.09903526 0.10870886
 0.10095644 0.10668123]","[0.26362439 0.25425468 0.23527206 0.23981612 0.25353158 0.25036409
 0.25911421 0.24641268 0.24414421 0.26349719 0.25019396 0.245377
 0.24526542 0.24520159 0.25841024 0.25143248 0.25094918 0.24498852
 0.2494852  0.24668479 0.24823182 0.24308112 0.24064905 0.23690574
 0.26901193 0.23858678 0.24199197 0.2505785  0.2510319  0.24481123
 0.25337269 0.24071857 0.25250214 0.24322284 0.24542748 0.24494254
 0.2423385  0.24627345 0.24207451 0.24704365 0.23919255 0.24928679
 0.23907763 0.24097616 0.25080103 0.24284924 0.25226996 0.2602512
 0.24908111 0.25939802]","[0.25874197 0.25459597 0.23141937 0.23839666 0.24628716 0.25007271
 0.25695967 0.23986475 0.23566724 0.26020272 0.24667186 0.24292205
 0.24047614 0.23712206 0.25986613 0.24977524 0.24503888 0.23930883
 0.24391576 0.24148353 0.24357879 0.24028858 0.23764838 0.23719737
 0.2661431  0.23420946 0.24106374 0.24858753 0.2495517  0.24331911
 0.25016477 0.24009841 0.24901217 0.23934623 0.24199433 0.24067421
 0.23926521 0.24344523 0.23857136 0.23880803 0.23282643 0.24531347
 0.23691246 0.23947017 0.24527346 0.23838193 0.24733178 0.25818017
 0.24781922 0.25170969]",3.8821672455158345e-113,1.7631837185850566e-91,1.880901301068232e-112,1.2342285710203646e-90,2.1447777833749627e-08,2.2708787081882066e-08,8.320960983447376e-09,8.071631421768584e-09,1e-05,1e-05,0.0,0.0,0.3814005979728698,0.36132925874710087,0.01007865634472696,0.01037279563236413,0.10436153411865234,0.09820106029510497,0.0062598212571578615,0.0064953928715449465,0.24807999336764813,0.24449950365515094,0.007274009678053577,0.007625103035107483
df3,0.15000000000000002,-1.0,0.15000000000000002,"[3.78658116e-137 6.44036529e-126 7.19151616e-124 3.43101012e-123
 1.02479477e-135 7.70163359e-122 1.62932937e-122 5.97340427e-139
 3.43101012e-123 2.71351259e-127 1.36018053e-142 2.11520456e-140
 1.02479477e-135 1.59807269e-132 1.02479477e-135 8.38015691e-145
 2.26605441e-129 1.62932937e-122 1.32505188e-126 1.12671987e-139
 3.11577768e-125 4.55467848e-130 7.84645245e-121 1.31890515e-112
 5.99978104e-127 8.65193381e-137 3.46283303e-116 3.59598810e-132
 5.99978104e-127 2.03839988e-130 1.41739559e-125 7.19151616e-124
 1.49462228e-114 1.59807269e-132 1.01652477e-129 7.89408622e-119
 7.89408622e-119 7.19151616e-124 3.56765397e-117 3.73908448e-148
 1.69558264e-118 1.67153521e-121 8.65193381e-137 8.38015691e-145
 1.85265048e-158 4.55467848e-130 5.99978104e-127 1.59807269e-132
 7.22731515e-138 3.16357866e-142]","[1.56663455e-115 2.99814789e-106 4.85997494e-110 2.33113443e-110
 1.41739559e-125 6.68471205e-114 4.37383916e-109 7.19151616e-124
 1.45786612e-106 3.54443794e-122 5.53102464e-128 3.28672716e-124
 3.46283303e-116 3.66625391e-120 3.63777125e-118 1.36018053e-142
 9.07714507e-109 1.21995247e-111 1.56663455e-115 3.11577768e-125
 3.56765397e-117 3.62364483e-121 2.59001339e-105 6.99261346e-099
 5.81830416e-112 1.70515873e-119 3.81174187e-103 7.91123773e-120
 2.21472141e-104 4.85997494e-110 7.91123773e-120 3.56765397e-117
 9.07714507e-109 3.59598810e-132 6.26869005e-113 1.11687624e-110
 2.10514288e-109 1.87460385e-103 9.20882547e-104 3.78658116e-137
 1.66475925e-107 2.10514288e-109 3.67099579e-119 5.99978104e-127
 2.11520456e-140 7.89408622e-119 2.55501261e-111 1.69558264e-118
 1.12215372e-128 7.48112939e-123]","[3.78658116e-137 6.44036529e-126 7.19151616e-124 3.43101012e-123
 1.02479477e-135 7.70163359e-122 1.62932937e-122 5.97340427e-139
 3.43101012e-123 2.71351259e-127 1.36018053e-142 2.11520456e-140
 1.02479477e-135 1.59807269e-132 1.02479477e-135 8.38015691e-145
 2.26605441e-129 1.62932937e-122 1.32505188e-126 1.12671987e-139
 3.11577768e-125 4.55467848e-130 7.84645245e-121 1.31890515e-112
 5.99978104e-127 8.65193381e-137 3.46283303e-116 3.59598810e-132
 5.99978104e-127 2.03839988e-130 1.41739559e-125 7.19151616e-124
 1.49462228e-114 1.59807269e-132 1.01652477e-129 7.89408622e-119
 7.89408622e-119 7.19151616e-124 3.56765397e-117 3.73908448e-148
 1.69558264e-118 1.67153521e-121 8.65193381e-137 8.38015691e-145
 1.85265048e-158 4.55467848e-130 5.99978104e-127 1.59807269e-132
 7.22731515e-138 3.16357866e-142]","[1.56663455e-115 2.99814789e-106 4.85997494e-110 2.33113443e-110
 1.41739559e-125 6.68471205e-114 4.37383916e-109 7.19151616e-124
 1.45786612e-106 3.54443794e-122 5.53102464e-128 3.28672716e-124
 3.46283303e-116 3.66625391e-120 3.63777125e-118 1.36018053e-142
 9.07714507e-109 1.21995247e-111 1.56663455e-115 3.11577768e-125
 3.56765397e-117 3.62364483e-121 2.59001339e-105 6.99261346e-099
 5.81830416e-112 1.70515873e-119 3.81174187e-103 7.91123773e-120
 2.21472141e-104 4.85997494e-110 7.91123773e-120 3.56765397e-117
 9.07714507e-109 3.59598810e-132 6.26869005e-113 1.11687624e-110
 2.10514288e-109 1.87460385e-103 9.20882547e-104 3.78658116e-137
 1.66475925e-107 2.10514288e-109 3.67099579e-119 5.99978104e-127
 2.11520456e-140 7.89408622e-119 2.55501261e-111 1.69558264e-118
 1.12215372e-128 7.48112939e-123]","[2.16461853e-08 1.47099323e-08 3.09137616e-08 2.90534348e-08
 2.87955205e-08 1.33875770e-08 2.02956195e-08 3.33942392e-08
 2.58384820e-08 1.88469067e-08 1.51980449e-08 3.18625420e-08
 2.29470289e-08 2.40771971e-08 2.15389232e-08 3.22997628e-08
 2.08773114e-08 1.11484809e-08 2.29539988e-08 3.92949610e-08
 3.93356971e-08 2.15572330e-08 1.22467411e-08 3.29739804e-08
 1.88084657e-08 3.57649688e-08 2.51781384e-08 2.21560074e-08
 3.27029718e-08 1.48660744e-08 3.42683959e-08 2.01599759e-08
 1.36692282e-08 1.31939908e-08 2.30424230e-08 1.15681918e-08
 1.17743282e-08 1.65981636e-08 1.43586928e-08 3.34442094e-08
 3.18583306e-08 2.41138262e-08 4.03271455e-08 1.44625290e-08
 3.76516404e-08 3.97608328e-08 3.73354304e-08 2.19615061e-08
 2.24656115e-08 2.25261966e-08]","[1.82723540e-08 1.01059645e-08 1.00812910e-08 1.30196457e-08
 3.95893690e-08 1.08523499e-08 2.69015299e-08 3.19126227e-08
 2.48080086e-08 1.22820047e-08 2.04060903e-08 1.26971701e-08
 1.93610987e-08 1.24995140e-08 1.59949995e-08 1.44825308e-08
 1.06155986e-08 1.04878777e-08 2.66596931e-08 2.20345598e-08
 1.96668618e-08 2.69309630e-08 1.27903368e-08 2.68346029e-08
 2.13450713e-08 3.64917774e-08 3.11194642e-08 3.16780381e-08
 2.57013262e-08 2.88807412e-08 1.43865414e-08 3.29900735e-08
 1.47107814e-08 2.12125821e-08 1.67655944e-08 2.00600899e-08
 1.33681333e-08 2.73273523e-08 1.70933423e-08 1.95449367e-08
 1.07555923e-08 3.20449559e-08 1.19671787e-08 1.67003515e-08
 1.55164799e-08 1.65469897e-08 1.26504136e-08 2.08351046e-08
 3.12323651e-08 1.54211504e-08]","[1.e-05 1.e-05 1.e-05 1.e-05 1.e-05 1.e-05 1.e-05 1.e-05 1.e-05 1.e-05
 1.e-05 1.e-05 1.e-05 1.e-05 1.e-05 1.e-05 1.e-05 1.e-05 1.e-05 1.e-05
 1.e-05 1.e-05 1.e-05 1.e-05 1.e-05 1.e-05 1.e-05 1.e-05 1.e-05 1.e-05
 1.e-05 1.e-05 1.e-05 1.e-05 1.e-05 1.e-05 1.e-05 1.e-05 1.e-05 1.e-05
 1.e-05 1.e-05 1.e-05 1.e-05 1.e-05 1.e-05 1.e-05 1.e-05 1.e-05 1.e-05]","[1.e-05 1.e-05 1.e-05 1.e-05 1.e-05 1.e-05 1.e-05 1.e-05 1.e-05 1.e-05
 1.e-05 1.e-05 1.e-05 1.e-05 1.e-05 1.e-05 1.e-05 1.e-05 1.e-05 1.e-05
 1.e-05 1.e-05 1.e-05 1.e-05 1.e-05 1.e-05 1.e-05 1.e-05 1.e-05 1.e-05
 1.e-05 1.e-05 1.e-05 1.e-05 1.e-05 1.e-05 1.e-05 1.e-05 1.e-05 1.e-05
 1.e-05 1.e-05 1.e-05 1.e-05 1.e-05 1.e-05 1.e-05 1.e-05 1.e-05 1.e-05]","[0.37761867 0.39102279 0.38553533 0.37263345 0.39046923 0.37281346
 0.37947831 0.39852393 0.37852015 0.3845824  0.39687283 0.39276064
 0.38881208 0.38047037 0.39240173 0.39311586 0.386265   0.37337286
 0.37568814 0.38240484 0.37338548 0.3789384  0.37930756 0.36785249
 0.37772625 0.38197666 0.36936741 0.36967908 0.37698051 0.38667342
 0.36979259 0.38385549 0.37520519 0.37007413 0.38128796 0.38919535
 0.36717742 0.38277308 0.36672052 0.39816037 0.36209508 0.37146723
 0.37608576 0.41067249 0.40665857 0.37874822 0.38100948 0.37786513
 0.37672884 0.3872652 ]","[0.35859298 0.37263233 0.36634889 0.37006226 0.37059173 0.37225736
 0.37202992 0.38548029 0.36665755 0.37492352 0.37873424 0.37643522
 0.36852503 0.36346824 0.36703918 0.38256572 0.36069368 0.36727797
 0.35930879 0.37271639 0.35722065 0.36789352 0.36705441 0.34994009
 0.36588044 0.35934015 0.34938192 0.36647743 0.35599892 0.36879053
 0.36414124 0.37490322 0.36297706 0.37242049 0.37226269 0.37697301
 0.35655891 0.36335853 0.36121871 0.38552536 0.34657629 0.3567957
 0.37168937 0.39589172 0.38393562 0.36513947 0.36100595 0.36860934
 0.36642179 0.37213766]","[9.73513930e-257 5.64114656e-276 5.25662528e-268 8.82284750e-250
 3.64111037e-275 4.96869195e-250 2.32167451e-259 4.41430084e-287
 5.23475663e-258 1.23401769e-266 1.29043834e-284 1.58546783e-278
 9.49912773e-273 9.13453997e-261 5.34722805e-278 4.75419378e-279
 4.66193921e-269 8.32554177e-251 4.95637069e-254 1.61650805e-263
 7.99640077e-251 1.34503431e-258 4.04780139e-259 3.29838302e-243
 6.87114116e-257 6.59364728e-263 2.79350501e-245 1.04383964e-245
 7.67156897e-256 1.19847675e-269 7.29180917e-246 1.36206442e-265
 2.34323001e-253 2.99336065e-246 6.30212995e-262 2.62949567e-273
 2.74504082e-242 4.81805619e-264 1.14889942e-241 1.54475014e-286
 2.01768991e-235 3.61287554e-248 1.37706465e-254 1.34946421e-305
 2.08966722e-299 2.49558126e-258 1.56794555e-261 4.38159283e-257
 1.72968211e-255 1.66945400e-270]","[9.39553486e-231 8.85464690e-250 3.67575911e-241 3.10790095e-246
 5.81275848e-247 2.92528547e-249 6.03503678e-249 6.30930773e-268
 1.39926603e-241 5.79203082e-253 2.61156589e-258 4.46229717e-255
 3.97724571e-244 2.88694890e-237 4.23400751e-242 9.52723678e-264
 1.51010484e-233 2.00260135e-242 1.05432174e-231 6.77223841e-250
 6.13920866e-229 2.89943098e-243 4.03666687e-242 1.93469454e-219
 1.58909767e-240 9.57878179e-232 1.01324866e-218 2.45877401e-241
 2.49727251e-227 1.72333818e-244 3.57745859e-238 6.18223868e-253
 1.32158562e-236 1.73963862e-249 2.87603564e-249 7.85971217e-256
 4.57698038e-228 4.05597818e-237 3.00488588e-234 5.43330561e-268
 3.98771791e-215 2.23149654e-228 1.78318368e-248 3.71812664e-283
 1.04556882e-265 1.60302257e-239 5.78235740e-234 3.04989031e-244
 2.92624191e-241 4.28279148e-249]","[0.09601235 0.11340487 0.11332333 0.09724629 0.10367215 0.10029912
 0.10173392 0.11254835 0.10339332 0.11270094 0.11954427 0.11331308
 0.12409604 0.10049272 0.11004961 0.12394106 0.09844756 0.09830451
 0.10474241 0.11210871 0.09956384 0.11194038 0.09999764 0.09528697
 0.11452365 0.09598672 0.09790266 0.09964633 0.10657251 0.10066438
 0.09870183 0.1071527  0.11042702 0.10075116 0.10753977 0.11451352
 0.1045872  0.10519803 0.10677993 0.11759114 0.10077405 0.10178423
 0.10154605 0.11366379 0.11750185 0.10068274 0.09480059 0.09621537
 0.09747279 0.11362016]","[0.0930711  0.10896826 0.10809362 0.0995698  0.09961617 0.09845042
 0.10026288 0.1086216  0.10133696 0.11463737 0.11705709 0.10939837
 0.11735535 0.09963298 0.10284734 0.12037897 0.09056222 0.09504771
 0.09799671 0.10734773 0.097574   0.10882592 0.09704709 0.08865833
 0.11294711 0.09037876 0.09203672 0.09810722 0.10307539 0.09529424
 0.09744358 0.10358572 0.10592592 0.09915125 0.10493279 0.1089896
 0.10076046 0.0996629  0.10322726 0.11650109 0.09745646 0.09815705
 0.09961927 0.11095583 0.11197543 0.09964907 0.09322166 0.09415352
 0.09471416 0.10905838]","[0.23927884 0.25885634 0.25891461 0.23955874 0.24774533 0.24304437
 0.24361201 0.25883104 0.24591268 0.2595687  0.26500887 0.25590185
 0.27101393 0.24284253 0.25304365 0.26812557 0.24066084 0.24159218
 0.24810269 0.25714791 0.2444845  0.25677924 0.2426828  0.23666988
 0.26120114 0.24138754 0.23977215 0.24272299 0.25359842 0.24540257
 0.24179423 0.25244088 0.2570742  0.24222293 0.25314011 0.25872
 0.25107233 0.24825144 0.25018733 0.26324995 0.24576341 0.24769113
 0.24199893 0.25826156 0.26232991 0.24333124 0.23721727 0.23954333
 0.23927309 0.26084134]","[0.23889706 0.25756277 0.25715287 0.24489823 0.24595126 0.24411023
 0.24530106 0.25816952 0.24728478 0.26453357 0.2661993  0.25583866
 0.26712419 0.24516971 0.24912496 0.26777321 0.2352432  0.24136111
 0.24461604 0.25491431 0.24504531 0.25685363 0.24203667 0.23256903
 0.26226706 0.2385174  0.2368226  0.24388166 0.25267406 0.24254145
 0.24287307 0.25088798 0.25536722 0.24335851 0.25310244 0.25693845
 0.24994017 0.24543189 0.24879952 0.2649593  0.24539087 0.24680979
 0.24309334 0.25893095 0.26057499 0.24565842 0.23853213 0.23982782
 0.23781453 0.25931606]",2.6684732413349463e-114,1.3986598780057556e-100,1.8461476462901452e-113,9.789639271389369e-100,2.4384216730233276e-08,2.0112669290028862e-08,8.678610642890576e-09,7.80898985797189e-09,1e-05,1e-05,0.0,0.0,0.38136174866676337,0.36785723021507266,0.010214756953720618,0.00950711331138837,0.10585527181625366,0.1024667763710022,0.007756517431640948,0.0076757946449163075,0.24995737068742752,0.24944084655605958,0.008912274587363003,0.009009925256531649
df3,0.2,-1.0,0.2,"[1.59807269e-132 7.22731515e-138 7.91123773e-120 6.47280639e-146
 7.34927700e-142 1.31890515e-112 2.92297102e-126 7.19151616e-124
 1.51408902e-151 1.69706671e-120 3.78658116e-137 3.54443794e-122
 9.14846799e-141 1.70515873e-119 3.43101012e-123 2.03839988e-130
 1.97454306e-136 7.22731515e-138 1.32505188e-126 3.11577768e-125
 7.89408622e-119 1.20103174e-134 1.62522975e-116 1.69706671e-120
 7.84645245e-121 1.11687624e-110 3.14502261e-133 6.44036529e-126
 2.33113443e-110 1.69706671e-120 4.88474039e-140 3.14502261e-133
 1.70515873e-119 1.02479477e-135 2.92297102e-126 1.36018053e-142
 4.88474039e-140 4.55467848e-130 4.88474039e-140 1.39274712e-133
 1.20103174e-134 1.70527622e-141 1.01652477e-129 8.38015691e-145
 3.73908448e-148 2.92297102e-126 2.72168499e-134 1.62522975e-116
 3.28672716e-124 1.22580667e-127]","[1.32505188e-126 7.79563234e-118 1.11687624e-110 1.01652477e-129
 1.41739559e-125 3.89617725e-108 7.05518906e-115 4.37383916e-109
 6.84127225e-125 2.97606811e-113 6.44036529e-126 2.97606811e-113
 3.63777125e-118 3.32649959e-115 2.77174564e-112 6.44036529e-126
 5.29370851e-135 1.12215372e-128 1.50038437e-124 7.19151616e-124
 7.19151616e-124 1.12215372e-128 4.37383916e-109 4.85997494e-110
 1.11687624e-110 4.85997494e-110 7.89408622e-119 1.62522975e-116
 1.57064610e-102 2.55501261e-111 5.04562598e-129 1.59807269e-132
 2.33113443e-110 7.84645245e-121 2.26605441e-129 7.91123773e-120
 8.08221677e-132 3.11577768e-125 7.19151616e-124 1.41739559e-125
 1.41739559e-125 9.11197923e-131 2.03839988e-130 6.84127225e-125
 3.28672716e-124 1.70515873e-119 3.54443794e-122 1.11687624e-110
 3.62364483e-121 5.81830416e-112]","[1.59807269e-132 7.22731515e-138 7.91123773e-120 6.47280639e-146
 7.34927700e-142 1.31890515e-112 2.92297102e-126 7.19151616e-124
 1.51408902e-151 1.69706671e-120 3.78658116e-137 3.54443794e-122
 9.14846799e-141 1.70515873e-119 3.43101012e-123 2.03839988e-130
 1.97454306e-136 7.22731515e-138 1.32505188e-126 3.11577768e-125
 7.89408622e-119 1.20103174e-134 1.62522975e-116 1.69706671e-120
 7.84645245e-121 1.11687624e-110 3.14502261e-133 6.44036529e-126
 2.33113443e-110 1.69706671e-120 4.88474039e-140 3.14502261e-133
 1.70515873e-119 1.02479477e-135 2.92297102e-126 1.36018053e-142
 4.88474039e-140 4.55467848e-130 4.88474039e-140 1.39274712e-133
 1.20103174e-134 1.70527622e-141 1.01652477e-129 8.38015691e-145
 3.73908448e-148 2.92297102e-126 2.72168499e-134 1.62522975e-116
 3.28672716e-124 1.22580667e-127]","[1.32505188e-126 7.79563234e-118 1.11687624e-110 1.01652477e-129
 1.41739559e-125 3.89617725e-108 7.05518906e-115 4.37383916e-109
 6.84127225e-125 2.97606811e-113 6.44036529e-126 2.97606811e-113
 3.63777125e-118 3.32649959e-115 2.77174564e-112 6.44036529e-126
 5.29370851e-135 1.12215372e-128 1.50038437e-124 7.19151616e-124
 7.19151616e-124 1.12215372e-128 4.37383916e-109 4.85997494e-110
 1.11687624e-110 4.85997494e-110 7.89408622e-119 1.62522975e-116
 1.57064610e-102 2.55501261e-111 5.04562598e-129 1.59807269e-132
 2.33113443e-110 7.84645245e-121 2.26605441e-129 7.91123773e-120
 8.08221677e-132 3.11577768e-125 7.19151616e-124 1.41739559e-125
 1.41739559e-125 9.11197923e-131 2.03839988e-130 6.84127225e-125
 3.28672716e-124 1.70515873e-119 3.54443794e-122 1.11687624e-110
 3.62364483e-121 5.81830416e-112]","[2.19003183e-08 3.57479071e-08 3.97114502e-08 1.38244278e-08
 1.35354151e-08 1.77837136e-08 2.16279157e-08 2.74869892e-08
 2.42962414e-08 1.25638053e-08 1.39883460e-08 1.81558206e-08
 4.10005019e-08 1.60580113e-08 2.96418099e-08 1.94819446e-08
 1.99517461e-08 3.61825914e-08 1.78368719e-08 1.77204436e-08
 3.20613615e-08 2.19633511e-08 1.40082780e-08 1.11299113e-08
 1.98206427e-08 2.19493920e-08 1.83574281e-08 3.74854651e-08
 1.17201799e-08 1.34292586e-08 3.46645315e-08 2.67561312e-08
 3.09014399e-08 2.62888118e-08 1.61840236e-08 1.61002752e-08
 1.67595579e-08 2.43458510e-08 2.86887739e-08 2.88384976e-08
 1.55037641e-08 1.46427185e-08 1.48180173e-08 2.70051097e-08
 4.29343120e-08 1.97424382e-08 2.97512482e-08 2.49955615e-08
 1.58162237e-08 2.16500875e-08]","[1.17270498e-08 3.49575905e-08 2.03355998e-08 1.47377315e-08
 1.42775735e-08 2.87768909e-08 3.55438883e-08 1.71253677e-08
 1.69487835e-08 3.07440126e-08 1.11035712e-08 3.18568555e-08
 2.95380705e-08 3.61123450e-08 1.17445674e-08 3.53948653e-08
 1.78272674e-08 2.00847307e-08 1.50457157e-08 1.19403251e-08
 3.32290917e-08 1.31612965e-08 1.31126850e-08 1.71610285e-08
 1.51178977e-08 1.82847728e-08 1.67181540e-08 1.90569298e-08
 2.42700575e-08 1.59303341e-08 3.23256696e-08 1.86928946e-08
 1.38974353e-08 2.63712356e-08 2.33822763e-08 1.24891070e-08
 1.89016471e-08 1.82634861e-08 1.13098991e-08 2.28535078e-08
 2.72994022e-08 2.11903618e-08 1.48087744e-08 2.68785089e-08
 1.72105704e-08 1.21885115e-08 1.23754423e-08 3.42170380e-08
 3.14067312e-08 1.54340608e-08]","[1.e-05 1.e-05 1.e-05 1.e-05 1.e-05 1.e-05 1.e-05 1.e-05 1.e-05 1.e-05
 1.e-05 1.e-05 1.e-05 1.e-05 1.e-05 1.e-05 1.e-05 1.e-05 1.e-05 1.e-05
 1.e-05 1.e-05 1.e-05 1.e-05 1.e-05 1.e-05 1.e-05 1.e-05 1.e-05 1.e-05
 1.e-05 1.e-05 1.e-05 1.e-05 1.e-05 1.e-05 1.e-05 1.e-05 1.e-05 1.e-05
 1.e-05 1.e-05 1.e-05 1.e-05 1.e-05 1.e-05 1.e-05 1.e-05 1.e-05 1.e-05]","[1.e-05 1.e-05 1.e-05 1.e-05 1.e-05 1.e-05 1.e-05 1.e-05 1.e-05 1.e-05
 1.e-05 1.e-05 1.e-05 1.e-05 1.e-05 1.e-05 1.e-05 1.e-05 1.e-05 1.e-05
 1.e-05 1.e-05 1.e-05 1.e-05 1.e-05 1.e-05 1.e-05 1.e-05 1.e-05 1.e-05
 1.e-05 1.e-05 1.e-05 1.e-05 1.e-05 1.e-05 1.e-05 1.e-05 1.e-05 1.e-05
 1.e-05 1.e-05 1.e-05 1.e-05 1.e-05 1.e-05 1.e-05 1.e-05 1.e-05 1.e-05]","[0.38772959 0.39007173 0.3782439  0.40302315 0.38193408 0.38303323
 0.3716187  0.37744969 0.37900697 0.37348331 0.38152374 0.36867375
 0.40280602 0.37114731 0.38309422 0.38752502 0.38367225 0.37927706
 0.38652863 0.38692505 0.36695309 0.39200678 0.37691342 0.37466862
 0.36689655 0.37206061 0.37886467 0.37332025 0.3677215  0.37201457
 0.39551243 0.38220904 0.3659789  0.39201472 0.37875607 0.39202646
 0.39134677 0.38926169 0.38867746 0.38554821 0.37945432 0.39394108
 0.38797758 0.40311555 0.39567397 0.3802445  0.38545603 0.37003892
 0.38604814 0.36302821]","[0.3761625  0.38218941 0.36883553 0.39084411 0.36759045 0.37682704
 0.35799039 0.36445454 0.37290674 0.36406372 0.36882182 0.3567067
 0.38433517 0.37482078 0.36808275 0.37759869 0.37404368 0.37211758
 0.38504677 0.37941222 0.36971852 0.39214531 0.36389783 0.37142009
 0.36499175 0.36914449 0.36454253 0.36690201 0.36327047 0.36270863
 0.3759526  0.3752834  0.35558908 0.3770865  0.377749   0.37792319
 0.38117442 0.39023805 0.37229207 0.37241769 0.36848017 0.38333021
 0.38542543 0.38350882 0.38159363 0.37359726 0.37740071 0.36758925
 0.37306987 0.35446255]","[3.54587686e-271 1.38659734e-274 1.28314361e-257 7.31699823e-294
 7.58220172e-263 2.04699480e-264 2.23246076e-248 1.68233952e-256
 1.07625102e-258 5.84883427e-251 2.91129203e-262 2.48980838e-244
 1.56178314e-293 9.97958601e-248 1.67463449e-264 7.01849284e-271
 2.49296940e-265 4.47017772e-259 1.94024005e-269 5.18577206e-270
 5.54531306e-242 2.03455414e-277 9.52863947e-256 1.31282401e-252
 6.61996746e-242 5.47347984e-249 1.70934648e-258 9.85006303e-251
 4.97753924e-243 6.33727329e-249 1.35976318e-282 3.07515867e-263
 1.16841177e-240 1.98062532e-277 2.43276199e-258 1.90351972e-277
 1.89125411e-276 2.10499141e-273 1.49096568e-272 5.03674657e-268
 2.51031629e-259 2.88224180e-280 1.54891322e-271 5.29851630e-294
 7.82880224e-283 1.90975287e-260 6.83774039e-268 3.34609195e-246
 9.58301151e-269 1.12810212e-236]","[1.07530393e-254 3.27993304e-263 1.49551456e-244 1.03020914e-275
 7.51181120e-243 1.25957146e-255 5.90127765e-230 1.35130641e-238
 3.68952304e-250 4.55118136e-238 1.56153491e-244 2.92334863e-228
 2.79423239e-266 8.05569577e-253 1.59945940e-243 1.03857714e-256
 9.73430881e-252 4.56550280e-249 2.65396002e-267 2.87909999e-259
 9.21532905e-246 1.27346965e-277 7.61705996e-238 4.19663625e-248
 2.53967489e-239 5.64528189e-245 1.02785239e-238 6.50767882e-242
 5.32809058e-237 3.03190490e-236 2.11498502e-254 1.82232156e-253
 8.62860884e-227 5.44627108e-256 6.38310460e-257 3.62998626e-257
 9.13953843e-262 7.92596476e-275 2.61912558e-249 1.75521766e-249
 4.58068314e-244 7.69806675e-265 7.56798587e-268 4.27314901e-265
 2.31534878e-262 4.06280250e-251 1.97127264e-256 7.54009093e-243
 2.19178638e-250 2.58485754e-225]","[0.09831333 0.10015893 0.10622847 0.1184051  0.10413766 0.11444139
 0.10751331 0.10277545 0.11042154 0.10459208 0.10297608 0.09982538
 0.10710502 0.09827614 0.09278631 0.11003304 0.10327506 0.10919523
 0.11049449 0.10825872 0.1039058  0.10793495 0.1013869  0.09102845
 0.08681214 0.09763443 0.10624242 0.0925802  0.09467101 0.09951174
 0.10683715 0.1063199  0.11004877 0.10630977 0.09983408 0.1024735
 0.11375391 0.11175215 0.10555649 0.10754418 0.10753    0.11654484
 0.10719633 0.11192179 0.10992706 0.09899867 0.10563731 0.096367
 0.10888708 0.096156  ]","[0.09816849 0.09996128 0.10675156 0.11605406 0.10194826 0.10931325
 0.10892236 0.1031903  0.1092236  0.10449076 0.09857178 0.09808588
 0.10402822 0.10049033 0.09047246 0.1093986  0.10312533 0.10996568
 0.11345923 0.10928583 0.10746479 0.11053252 0.09640348 0.09128785
 0.0904398  0.09917438 0.10126829 0.09351754 0.09482539 0.09442401
 0.1056174  0.10558426 0.1094023  0.10174644 0.1025877  0.09961343
 0.11105251 0.115839   0.10565794 0.10742724 0.10610175 0.11461544
 0.10858178 0.10931766 0.10797    0.09933197 0.10380292 0.09577763
 0.10556698 0.09335697]","[0.24196056 0.24422353 0.25042486 0.26369987 0.24661294 0.26005433
 0.2540282  0.2477878  0.2568368  0.24845553 0.24665703 0.24408366
 0.25038383 0.23973983 0.23721631 0.25204699 0.24612203 0.25548568
 0.25501574 0.25255431 0.24760289 0.2528781  0.24559339 0.22978674
 0.22625877 0.24255994 0.24912734 0.23226462 0.23600399 0.24441811
 0.25062076 0.25167542 0.25331882 0.25247882 0.24376121 0.2473678
 0.25735083 0.25902713 0.2507125  0.25098567 0.25229452 0.26452836
 0.25244015 0.25348762 0.25295409 0.24330385 0.24965778 0.23860111
 0.25460362 0.24010676]","[0.24532351 0.24762578 0.25466264 0.26370763 0.2475643  0.25878293
 0.25890356 0.25185585 0.25849994 0.25305853 0.24422458 0.24582089
 0.25113604 0.24483445 0.2367647  0.25447315 0.24973452 0.25860043
 0.26161992 0.25685441 0.25391526 0.2595634  0.24331132 0.23397633
 0.23347548 0.24693545 0.24710145 0.23639657 0.23927127 0.24082214
 0.25378523 0.25363137 0.25645161 0.25118687 0.24991262 0.24698443
 0.25771927 0.26631418 0.25439525 0.25512331 0.25306383 0.26489412
 0.25675582 0.2546115  0.25509162 0.24636471 0.25156339 0.24177632
 0.25341891 0.24024165]",6.922405960781348e-112,3.1413020666161537e-104,3.589477868454985e-111,2.1989044060141535e-103,2.2736178268978336e-08,2.0867232184418328e-08,8.31279772034939e-09,7.85258467781324e-09,1e-05,1e-05,0.0,0.0,0.3820899502658843,0.37311512201309205,0.009901202843689238,0.008893337226177401,0.10441033601760864,0.10366393327713012,0.006618419823224416,0.006560116588765266,0.24838321083360237,0.25084204859257797,0.007845663975692353,0.007781833529238855
df3,0.25,-1.0,0.25,"[1.32505188e-126 3.62405363e-151 1.57721865e-148 7.09357420e-133
 1.20103174e-134 1.59807269e-132 1.22580667e-127 1.59807269e-132
 5.53102464e-128 7.09357420e-133 1.70527622e-141 1.59807269e-132
 5.99978104e-127 7.89408622e-119 3.95211198e-141 2.92297102e-126
 5.04562598e-129 9.11197923e-131 9.14846799e-141 2.26605441e-129
 3.15189803e-138 4.55776756e-153 5.97340427e-139 1.37294733e-138
 9.11197923e-131 5.53102464e-128 1.59807269e-132 1.66865694e-117
 1.22580667e-127 6.16042076e-134 7.91123773e-120 3.78658116e-137
 2.29586024e-155 3.28672716e-124 2.26605441e-129 8.66394516e-151
 2.26605441e-129 1.02479477e-135 1.67153521e-121 3.16357866e-142
 1.97454306e-136 2.49277144e-128 3.14502261e-133 6.16042076e-134
 3.59598810e-132 1.57171273e-123 1.81440195e-131 7.22731515e-138
 9.14846799e-141 2.49277144e-128]","[3.62364483e-121 3.11577768e-125 1.97454306e-136 1.67153521e-121
 1.57171273e-123 2.03839988e-130 1.41739559e-125 2.92297102e-126
 1.32505188e-126 1.31890515e-112 2.49277144e-128 1.22580667e-127
 3.67099579e-119 9.07714507e-109 5.99978104e-127 3.62364483e-121
 1.57171273e-123 1.69706671e-120 6.26869005e-113 7.61901024e-117
 7.22731515e-138 4.50098708e-136 1.97454306e-136 1.57171273e-123
 4.55467848e-130 4.55467848e-130 7.61901024e-117 7.84645245e-121
 2.97606811e-113 1.22580667e-127 2.97606811e-113 7.48112939e-123
 4.59306180e-144 1.70515873e-119 4.06843613e-131 1.57721865e-148
 1.62932937e-122 2.03839988e-130 7.79563234e-118 5.53102464e-128
 4.06843613e-131 7.91123773e-120 1.32505188e-126 3.32649959e-115
 4.37383916e-109 1.70515873e-119 3.54443794e-122 3.14502261e-133
 1.59807269e-132 3.16268593e-114]","[1.32505188e-126 3.62405363e-151 1.57721865e-148 7.09357420e-133
 1.20103174e-134 1.59807269e-132 1.22580667e-127 1.59807269e-132
 5.53102464e-128 7.09357420e-133 1.70527622e-141 1.59807269e-132
 5.99978104e-127 7.89408622e-119 3.95211198e-141 2.92297102e-126
 5.04562598e-129 9.11197923e-131 9.14846799e-141 2.26605441e-129
 3.15189803e-138 4.55776756e-153 5.97340427e-139 1.37294733e-138
 9.11197923e-131 5.53102464e-128 1.59807269e-132 1.66865694e-117
 1.22580667e-127 6.16042076e-134 7.91123773e-120 3.78658116e-137
 2.29586024e-155 3.28672716e-124 2.26605441e-129 8.66394516e-151
 2.26605441e-129 1.02479477e-135 1.67153521e-121 3.16357866e-142
 1.97454306e-136 2.49277144e-128 3.14502261e-133 6.16042076e-134
 3.59598810e-132 1.57171273e-123 1.81440195e-131 7.22731515e-138
 9.14846799e-141 2.49277144e-128]","[3.62364483e-121 3.11577768e-125 1.97454306e-136 1.67153521e-121
 1.57171273e-123 2.03839988e-130 1.41739559e-125 2.92297102e-126
 1.32505188e-126 1.31890515e-112 2.49277144e-128 1.22580667e-127
 3.67099579e-119 9.07714507e-109 5.99978104e-127 3.62364483e-121
 1.57171273e-123 1.69706671e-120 6.26869005e-113 7.61901024e-117
 7.22731515e-138 4.50098708e-136 1.97454306e-136 1.57171273e-123
 4.55467848e-130 4.55467848e-130 7.61901024e-117 7.84645245e-121
 2.97606811e-113 1.22580667e-127 2.97606811e-113 7.48112939e-123
 4.59306180e-144 1.70515873e-119 4.06843613e-131 1.57721865e-148
 1.62932937e-122 2.03839988e-130 7.79563234e-118 5.53102464e-128
 4.06843613e-131 7.91123773e-120 1.32505188e-126 3.32649959e-115
 4.37383916e-109 1.70515873e-119 3.54443794e-122 3.14502261e-133
 1.59807269e-132 3.16268593e-114]","[1.59722393e-08 2.82603612e-08 1.42383981e-08 2.17694760e-08
 2.59871282e-08 3.07605971e-08 1.76141111e-08 3.09181166e-08
 2.55202061e-08 1.42802391e-08 1.55539197e-08 2.07586492e-08
 1.77741648e-08 1.90158683e-08 1.53415108e-08 2.20164894e-08
 2.16141068e-08 1.85370526e-08 1.44359641e-08 2.00476175e-08
 3.90376715e-08 3.73853888e-08 1.87918284e-08 3.89597168e-08
 2.61333718e-08 1.90623884e-08 1.48362402e-08 2.98696272e-08
 1.68398910e-08 1.72890491e-08 2.82919612e-08 2.15508540e-08
 3.79563487e-08 2.40116395e-08 3.19772140e-08 2.70130794e-08
 2.44175982e-08 3.01624090e-08 2.36948358e-08 2.80832166e-08
 3.02478433e-08 1.45124989e-08 2.60430453e-08 2.48376744e-08
 2.19159915e-08 3.73981089e-08 2.26292574e-08 2.54360712e-08
 1.46390194e-08 1.58404279e-08]","[2.61165564e-08 2.18422719e-08 1.36770235e-08 3.79774686e-08
 1.70341329e-08 4.11215179e-08 1.50131206e-08 2.12993928e-08
 2.37846527e-08 1.53214194e-08 1.80548841e-08 1.28953326e-08
 1.50046883e-08 3.51470059e-08 2.33672769e-08 1.39724649e-08
 1.33529041e-08 3.12644510e-08 3.21642256e-08 3.64091832e-08
 4.05315437e-08 3.85001384e-08 3.60404574e-08 1.25811014e-08
 2.37038378e-08 3.36624851e-08 1.48396028e-08 1.95266240e-08
 1.85699139e-08 1.30093191e-08 1.41395400e-08 2.37223109e-08
 1.57259545e-08 1.64233487e-08 2.50139081e-08 1.65793863e-08
 2.61654595e-08 2.28073214e-08 3.34704795e-08 2.38800347e-08
 2.42039850e-08 3.65687187e-08 2.48251859e-08 2.12098676e-08
 1.82072255e-08 1.92776438e-08 3.21680556e-08 2.16333303e-08
 3.55969781e-08 3.06398378e-08]","[1.e-05 1.e-05 1.e-05 1.e-05 1.e-05 1.e-05 1.e-05 1.e-05 1.e-05 1.e-05
 1.e-05 1.e-05 1.e-05 1.e-05 1.e-05 1.e-05 1.e-05 1.e-05 1.e-05 1.e-05
 1.e-05 1.e-05 1.e-05 1.e-05 1.e-05 1.e-05 1.e-05 1.e-05 1.e-05 1.e-05
 1.e-05 1.e-05 1.e-05 1.e-05 1.e-05 1.e-05 1.e-05 1.e-05 1.e-05 1.e-05
 1.e-05 1.e-05 1.e-05 1.e-05 1.e-05 1.e-05 1.e-05 1.e-05 1.e-05 1.e-05]","[1.e-05 1.e-05 1.e-05 1.e-05 1.e-05 1.e-05 1.e-05 1.e-05 1.e-05 1.e-05
 1.e-05 1.e-05 1.e-05 1.e-05 1.e-05 1.e-05 1.e-05 1.e-05 1.e-05 1.e-05
 1.e-05 1.e-05 1.e-05 1.e-05 1.e-05 1.e-05 1.e-05 1.e-05 1.e-05 1.e-05
 1.e-05 1.e-05 1.e-05 1.e-05 1.e-05 1.e-05 1.e-05 1.e-05 1.e-05 1.e-05
 1.e-05 1.e-05 1.e-05 1.e-05 1.e-05 1.e-05 1.e-05 1.e-05 1.e-05 1.e-05]","[0.37587587 0.40074257 0.39451682 0.38179444 0.3840634  0.37870044
 0.3740261  0.38046254 0.38803832 0.39597655 0.38132464 0.38272188
 0.38448194 0.37480207 0.39051429 0.3699407  0.3840611  0.38143333
 0.38140838 0.38795569 0.38462476 0.39460994 0.40413311 0.38728539
 0.38524656 0.38741663 0.39139606 0.37007819 0.39927418 0.37979515
 0.36711149 0.39566528 0.38693786 0.37098687 0.36855344 0.39150957
 0.38484151 0.38019633 0.38271523 0.39972125 0.38071922 0.3883641
 0.38242179 0.37653664 0.38124461 0.38397719 0.38293135 0.38640804
 0.38487515 0.37900896]","[0.37263694 0.37878479 0.38597017 0.3786437  0.37798119 0.38294579
 0.37100913 0.37445028 0.38970062 0.37724157 0.37138601 0.37974798
 0.38005825 0.36831084 0.37980066 0.36753531 0.38410246 0.37759376
 0.37415995 0.37504456 0.39349127 0.38826332 0.39500888 0.38874317
 0.38484109 0.38814629 0.38479859 0.37323087 0.39099955 0.38644739
 0.3674055  0.38213873 0.37919295 0.368387   0.37493626 0.39182205
 0.37921261 0.38097802 0.38130999 0.38857398 0.38762649 0.37675291
 0.39053974 0.37294341 0.37795003 0.38193185 0.38122918 0.38445075
 0.37853574 0.36921874]","[2.70792169e-254 2.05333382e-290 4.06105818e-281 1.19872572e-262
 6.85708914e-266 2.91465863e-258 1.02980755e-251 9.37100500e-261
 1.26443664e-271 2.78160227e-283 5.58901467e-262 5.70163541e-264
 1.72017439e-266 8.55438148e-253 3.12861136e-275 4.56508615e-246
 6.90948824e-266 3.91497222e-262 4.24838434e-262 1.66644657e-271
 1.07269355e-266 2.95697753e-281 1.50590619e-295 1.56076647e-270
 1.36919476e-267 1.00754930e-270 1.60139618e-276 2.95516236e-246
 3.31442666e-288 8.27000379e-260 3.37535762e-242 8.06490964e-283
 4.96922365e-270 1.66051793e-247 3.63694713e-244 1.09165194e-276
 5.23627562e-267 2.23485098e-260 5.82765005e-264 7.06613691e-289
 4.05090086e-261 4.25478713e-272 1.52896529e-263 3.21684339e-255
 7.26327203e-262 9.11488737e-266 2.86246580e-264 2.89756754e-269
 4.68457944e-267 1.06928813e-258]","[8.72522612e-250 2.21596520e-258 1.24155636e-268 3.50458408e-258
 3.00791933e-257 2.72963637e-264 1.54729461e-247 2.64477061e-252
 4.82500741e-274 3.29862925e-256 4.67655326e-248 9.64443562e-260
 3.50676536e-260 7.80523778e-244 8.12273986e-260 8.93119138e-243
 6.02732040e-266 1.05526874e-256 6.70733183e-252 3.92631865e-253
 1.32935572e-279 5.96005144e-272 7.58772697e-282 1.19652034e-272
 5.24354447e-267 8.81408474e-272 6.03539414e-267 1.31059780e-250
 6.10088490e-276 2.54214712e-269 1.34230258e-242 3.87364570e-263
 5.87747855e-259 6.14171795e-244 5.55986699e-253 3.79902203e-277
 5.51330302e-259 1.73789509e-261 5.86358768e-262 2.10819389e-272
 5.00243074e-271 1.60034683e-255 2.87178248e-275 3.28198707e-250
 3.32759463e-257 7.63786892e-263 7.63974393e-262 1.90702296e-266
 4.97637762e-258 4.46627625e-245]","[0.10446775 0.11831844 0.1114893  0.1047796  0.09995675 0.1010977
 0.10900557 0.10945892 0.12227941 0.1139555  0.11026752 0.11034012
 0.11173832 0.08963478 0.11013091 0.10238409 0.09467638 0.10114253
 0.10550153 0.10160029 0.10386944 0.12104464 0.12898493 0.11286914
 0.10542095 0.10495472 0.1057682  0.10309076 0.10550153 0.09175348
 0.10485506 0.10568559 0.10765457 0.10354662 0.10429847 0.10742402
 0.10733414 0.10826313 0.09883296 0.11242509 0.11072564 0.10536098
 0.1082865  0.11001205 0.10708046 0.1074512  0.11173785 0.10638785
 0.10260153 0.1077925 ]","[0.10381651 0.1153481  0.11449099 0.10755622 0.10206938 0.10770476
 0.11245537 0.11102796 0.12677002 0.11269367 0.10929739 0.10799384
 0.11576235 0.08898306 0.11009777 0.10509241 0.10074008 0.10227931
 0.1045413  0.10270143 0.10953033 0.11662734 0.13084948 0.11575937
 0.1106106  0.11333489 0.10481071 0.10534489 0.10557294 0.0959022
 0.10793185 0.10307229 0.10632253 0.10565412 0.10714793 0.11164367
 0.11238587 0.11319208 0.10573554 0.11447299 0.11339021 0.10569179
 0.11424887 0.10810649 0.10729122 0.1086421  0.11364555 0.11194539
 0.10278213 0.10930037]","[0.24784365 0.26435479 0.2558983  0.24965506 0.24269353 0.24390365
 0.25458881 0.25483608 0.26900396 0.2554708  0.25381024 0.2559563
 0.25563873 0.22883487 0.25546449 0.24783242 0.23456114 0.24062415
 0.25048397 0.24711666 0.25106967 0.26871358 0.27644006 0.2574283
 0.24961907 0.25282057 0.25267808 0.24869507 0.25127676 0.23169735
 0.25099005 0.24717859 0.25424074 0.24962512 0.24976309 0.25237589
 0.25176162 0.2518478  0.24246019 0.25576225 0.25597545 0.2459129
 0.2547604  0.25673796 0.25276616 0.25189593 0.25431686 0.25097447
 0.24793442 0.2526961 ]","[0.25020103 0.26441308 0.26305571 0.25638205 0.24810063 0.25455323
 0.26139556 0.25979437 0.27677932 0.25762832 0.25507663 0.25700837
 0.26451542 0.23196906 0.26003995 0.25410759 0.24474927 0.24532926
 0.25301993 0.25153937 0.2600044  0.26730191 0.28161178 0.26360611
 0.25810609 0.26518662 0.25422528 0.25350935 0.2548442  0.23955094
 0.25732482 0.24755555 0.2565882  0.25482206 0.25622309 0.25946403
 0.26001054 0.26057272 0.25337908 0.26099026 0.26187364 0.24951907
 0.26448533 0.25796104 0.25579368 0.25648286 0.25936355 0.26091695
 0.2515153  0.25809181]",3.5113561930767807e-119,2.690712065363716e-110,2.3362628870765713e-118,1.3993217509265255e-109,2.3585609678633544e-08,2.3960871373684967e-08,7.069602739750644e-09,8.511779549166581e-09,1e-05,1e-05,0.0,0.0,0.38422853883743285,0.38032420633316044,0.008306579276340223,0.007145576916080615,0.10706478834152222,0.10904735326766968,0.006793510770347818,0.0066541282334286475,0.25157972174009274,0.25701076784506877,0.00812084776770748,0.007978183096278473
df3,0.30000000000000004,-1.0,0.30000000000000004,"[1.02479477e-135 3.14502261e-133 5.53102464e-128 1.70527622e-141
 7.89408622e-119 7.91123773e-120 2.33052754e-135 1.39274712e-133
 4.06843613e-131 1.16697210e-146 6.16042076e-134 2.71351259e-127
 3.16357866e-142 1.62932937e-122 3.11577768e-125 4.06843613e-131
 1.81440195e-131 3.66625391e-120 5.99978104e-127 1.96307101e-144
 8.08221677e-132 6.16042076e-134 1.12215372e-128 1.01652477e-129
 2.26605441e-129 1.81440195e-131 2.72168499e-134 7.79563234e-118
 3.67099579e-119 8.08221677e-132 3.08488950e-159 6.84127225e-125
 3.14502261e-133 4.37383916e-109 3.62364483e-121 3.66625391e-120
 1.39274712e-133 5.99978104e-127 7.70163359e-122 1.41739559e-125
 3.14502261e-133 4.55467848e-130 1.02479477e-135 4.94613442e-147
 8.42942072e-161 1.20103174e-134 3.28672716e-124 7.70163359e-122
 1.67153521e-121 2.26605441e-129]","[2.49277144e-128 1.59807269e-132 3.62364483e-121 7.22731515e-138
 1.67153521e-121 7.05518906e-115 7.09357420e-133 2.49277144e-128
 1.59807269e-132 6.31809023e-152 5.99978104e-127 3.78658116e-137
 2.59582860e-139 7.61901024e-117 1.49462228e-114 2.71351259e-127
 1.01652477e-129 7.61901024e-117 1.59807269e-132 4.94613442e-147
 2.03839988e-130 5.04562598e-129 3.11577768e-125 7.70163359e-122
 2.49277144e-128 2.72168499e-134 5.29370851e-135 7.70163359e-122
 7.05518906e-115 1.41739559e-125 3.62405363e-151 1.69706671e-120
 2.49277144e-128 1.87460385e-103 1.62932937e-122 3.62364483e-121
 1.01652477e-129 3.59598810e-132 6.26869005e-113 2.92297102e-126
 3.59598810e-132 3.59598810e-132 9.11197923e-131 1.70527622e-141
 5.11181442e-160 9.11197923e-131 7.79563234e-118 3.28672716e-124
 3.28672716e-124 3.59598810e-132]","[1.02479477e-135 3.14502261e-133 5.53102464e-128 1.70527622e-141
 7.89408622e-119 7.91123773e-120 2.33052754e-135 1.39274712e-133
 4.06843613e-131 1.16697210e-146 6.16042076e-134 2.71351259e-127
 3.16357866e-142 1.62932937e-122 3.11577768e-125 4.06843613e-131
 1.81440195e-131 3.66625391e-120 5.99978104e-127 1.96307101e-144
 8.08221677e-132 6.16042076e-134 1.12215372e-128 1.01652477e-129
 2.26605441e-129 1.81440195e-131 2.72168499e-134 7.79563234e-118
 3.67099579e-119 8.08221677e-132 3.08488950e-159 6.84127225e-125
 3.14502261e-133 4.37383916e-109 3.62364483e-121 3.66625391e-120
 1.39274712e-133 5.99978104e-127 7.70163359e-122 1.41739559e-125
 3.14502261e-133 4.55467848e-130 1.02479477e-135 4.94613442e-147
 8.42942072e-161 1.20103174e-134 3.28672716e-124 7.70163359e-122
 1.67153521e-121 2.26605441e-129]","[2.49277144e-128 1.59807269e-132 3.62364483e-121 7.22731515e-138
 1.67153521e-121 7.05518906e-115 7.09357420e-133 2.49277144e-128
 1.59807269e-132 6.31809023e-152 5.99978104e-127 3.78658116e-137
 2.59582860e-139 7.61901024e-117 1.49462228e-114 2.71351259e-127
 1.01652477e-129 7.61901024e-117 1.59807269e-132 4.94613442e-147
 2.03839988e-130 5.04562598e-129 3.11577768e-125 7.70163359e-122
 2.49277144e-128 2.72168499e-134 5.29370851e-135 7.70163359e-122
 7.05518906e-115 1.41739559e-125 3.62405363e-151 1.69706671e-120
 2.49277144e-128 1.87460385e-103 1.62932937e-122 3.62364483e-121
 1.01652477e-129 3.59598810e-132 6.26869005e-113 2.92297102e-126
 3.59598810e-132 3.59598810e-132 9.11197923e-131 1.70527622e-141
 5.11181442e-160 9.11197923e-131 7.79563234e-118 3.28672716e-124
 3.28672716e-124 3.59598810e-132]","[3.46049042e-08 1.88440518e-08 1.62440508e-08 1.90695563e-08
 2.30195940e-08 3.60893611e-08 3.14641319e-08 1.87138711e-08
 1.52215994e-08 1.42509399e-08 3.45758291e-08 2.66387447e-08
 1.40310570e-08 2.13546300e-08 1.95941519e-08 3.29780838e-08
 2.11893747e-08 3.26961412e-08 1.24968418e-08 3.36701249e-08
 2.51220670e-08 1.74892697e-08 2.66568285e-08 1.36538947e-08
 2.40219092e-08 2.03093677e-08 3.80408812e-08 3.38746317e-08
 1.10080516e-08 1.34250865e-08 2.21563101e-08 1.66976525e-08
 2.51505572e-08 2.74436155e-08 2.34687959e-08 1.24298715e-08
 1.51534474e-08 3.45948977e-08 2.40097364e-08 1.82093763e-08
 2.34493673e-08 1.43221436e-08 3.90753877e-08 2.95117940e-08
 2.24089749e-08 2.20505733e-08 1.68829657e-08 2.83569741e-08
 1.15686306e-08 1.44550641e-08]","[2.50983512e-08 1.44104910e-08 3.63590692e-08 2.98231708e-08
 2.56295920e-08 2.25646172e-08 3.00860706e-08 1.35642655e-08
 1.75343693e-08 4.03954107e-08 1.80476479e-08 1.72617947e-08
 1.42277469e-08 2.48762909e-08 3.85664856e-08 2.64055018e-08
 1.66885644e-08 2.03630511e-08 2.61528198e-08 3.45684907e-08
 2.76081320e-08 1.29743043e-08 2.86737795e-08 1.60224300e-08
 2.30328167e-08 3.33371761e-08 3.98401719e-08 3.50475341e-08
 9.47543999e-09 2.66585264e-08 4.42177213e-08 3.19820990e-08
 3.08477995e-08 2.02968139e-08 2.70101055e-08 1.48592509e-08
 1.14007709e-08 1.60774631e-08 1.74785003e-08 1.19226691e-08
 2.67077784e-08 2.16987166e-08 4.05128880e-08 2.22137142e-08
 4.71349267e-08 2.00598760e-08 3.16608896e-08 3.51317980e-08
 1.11450704e-08 3.05260470e-08]","[1.e-05 1.e-05 1.e-05 1.e-05 1.e-05 1.e-05 1.e-05 1.e-05 1.e-05 1.e-05
 1.e-05 1.e-05 1.e-05 1.e-05 1.e-05 1.e-05 1.e-05 1.e-05 1.e-05 1.e-05
 1.e-05 1.e-05 1.e-05 1.e-05 1.e-05 1.e-05 1.e-05 1.e-05 1.e-05 1.e-05
 1.e-05 1.e-05 1.e-05 1.e-05 1.e-05 1.e-05 1.e-05 1.e-05 1.e-05 1.e-05
 1.e-05 1.e-05 1.e-05 1.e-05 1.e-05 1.e-05 1.e-05 1.e-05 1.e-05 1.e-05]","[1.e-05 1.e-05 1.e-05 1.e-05 1.e-05 1.e-05 1.e-05 1.e-05 1.e-05 1.e-05
 1.e-05 1.e-05 1.e-05 1.e-05 1.e-05 1.e-05 1.e-05 1.e-05 1.e-05 1.e-05
 1.e-05 1.e-05 1.e-05 1.e-05 1.e-05 1.e-05 1.e-05 1.e-05 1.e-05 1.e-05
 1.e-05 1.e-05 1.e-05 1.e-05 1.e-05 1.e-05 1.e-05 1.e-05 1.e-05 1.e-05
 1.e-05 1.e-05 1.e-05 1.e-05 1.e-05 1.e-05 1.e-05 1.e-05 1.e-05 1.e-05]","[0.38633125 0.38941257 0.37307187 0.39649317 0.37236519 0.37644304
 0.38637744 0.38221987 0.38455296 0.39444537 0.38389725 0.39759958
 0.38130854 0.37253636 0.37819037 0.37847469 0.38052655 0.37307855
 0.38967589 0.40238639 0.3853377  0.38391735 0.38574049 0.38491518
 0.36385023 0.38413836 0.37123642 0.38450704 0.3749962  0.4047803
 0.4034969  0.36875094 0.38942572 0.3549899  0.37314267 0.38138227
 0.39127844 0.37961493 0.38643658 0.38063457 0.38408674 0.3734064
 0.3908728  0.39935008 0.39775083 0.39000091 0.37808725 0.37610334
 0.37447363 0.3800304 ]","[0.38543178 0.39364307 0.3785313  0.40198475 0.37828826 0.37875887
 0.39738631 0.38691083 0.39361882 0.3997104  0.37549017 0.40618142
 0.38464831 0.37099519 0.37731773 0.38184963 0.38264996 0.37374737
 0.39380942 0.40631566 0.38654726 0.38808027 0.38862916 0.37582462
 0.36711678 0.38906243 0.37279833 0.38922687 0.37093717 0.40363407
 0.40713795 0.36439312 0.38680244 0.35678115 0.37150962 0.37691363
 0.38934538 0.38967363 0.38319719 0.38219971 0.39638796 0.37374018
 0.39000418 0.39788958 0.39963051 0.39661948 0.38410481 0.3793569
 0.38234676 0.38802232]","[3.74035013e-269 1.26890655e-273 2.17783096e-250 4.74303809e-284
 2.07483479e-249 4.35121287e-255 3.20790894e-269 2.96778235e-263
 1.36016684e-266 5.18013392e-281 1.18672195e-265 1.06373640e-285
 5.89159703e-262 1.20243997e-249 1.52646483e-257 6.06733955e-258
 7.60303828e-261 2.13183182e-250 5.24296833e-274 6.75150374e-293
 1.01223023e-267 1.11052421e-265 2.66139025e-268 4.10320156e-267
 8.82960542e-238 5.35357070e-266 7.52043761e-248 1.58321596e-266
 4.58618423e-253 1.55558918e-296 1.39690449e-294 1.95234554e-244
 1.21415161e-273 5.27131854e-226 1.73711842e-250 4.62771340e-262
 2.38173536e-276 1.48783237e-259 2.63520736e-269 5.34210561e-261
 6.34845496e-266 7.47929430e-251 9.35265166e-276 2.54986170e-288
 6.32365876e-286 1.75930845e-274 2.13271617e-257 1.30123356e-254
 2.45396268e-252 3.84028214e-260]","[7.41039988e-268 7.93768113e-280 5.04851330e-258 2.73654293e-292
 1.11116023e-257 2.41074057e-258 2.21386768e-285 5.43724631e-270
 8.61924261e-280 7.33643066e-289 9.37189970e-254 1.12488329e-298
 9.92286185e-267 1.61723112e-247 2.57834121e-256 1.00026102e-262
 7.22280724e-264 2.51342875e-251 4.50977156e-280 7.00719342e-299
 1.82362211e-269 1.09904955e-271 1.75262986e-272 3.19391013e-254
 3.31986248e-242 4.10580188e-273 5.21447509e-250 2.36567936e-273
 1.94409179e-247 8.64472822e-295 3.84233596e-300 1.63557517e-238
 7.80051942e-270 2.33225629e-228 3.15755776e-248 9.52205016e-256
 1.58977913e-273 5.28276857e-274 1.19307330e-264 3.17083465e-263
 6.80146317e-284 2.57193473e-251 1.74007912e-274 3.92350360e-286
 9.67129811e-289 3.07646753e-284 5.98080509e-266 3.44729916e-259
 1.95633054e-263 1.33388161e-271]","[0.10360301 0.10930371 0.10743761 0.10960746 0.09476161 0.11073577
 0.11679626 0.1051718  0.09868193 0.10798001 0.11284375 0.10617161
 0.09974623 0.0892669  0.10888481 0.10778022 0.10931754 0.09725678
 0.10542154 0.11393166 0.09832382 0.10438669 0.11286032 0.10859036
 0.10028446 0.11176717 0.10380578 0.10974956 0.09235489 0.12190056
 0.1166383  0.09834623 0.10540056 0.09163582 0.09851956 0.11148369
 0.11574256 0.09638524 0.09713078 0.10659468 0.10575473 0.10680795
 0.11310863 0.11317718 0.11317062 0.11159348 0.10284054 0.10006952
 0.11064637 0.09597206]","[0.10684931 0.11500752 0.11126685 0.11437559 0.10050881 0.11247575
 0.1234951  0.11128557 0.10673761 0.11703193 0.11139631 0.11431921
 0.10212028 0.09521866 0.1114732  0.11533606 0.1131165  0.09937179
 0.11388803 0.11954141 0.10569847 0.10795355 0.11835945 0.1141206
 0.10472322 0.11830354 0.10902202 0.11631727 0.09512293 0.12416005
 0.12012839 0.10128284 0.1071353  0.09646165 0.10125995 0.11648214
 0.11935925 0.1023699  0.1016748  0.11059177 0.11414826 0.11231267
 0.11800408 0.11784172 0.11781812 0.11827445 0.1057198  0.1068356
 0.11780369 0.10538173]","[0.24546342 0.25461957 0.24952037 0.2529112  0.239926   0.25840221
 0.2629329  0.24922273 0.24206881 0.25205123 0.2580931  0.25106915
 0.24757228 0.23094627 0.25459767 0.25410181 0.25709987 0.23933938
 0.24961611 0.25832377 0.24161948 0.24929086 0.25845275 0.2560974
 0.2413658  0.25845464 0.24922143 0.25523338 0.23217265 0.26719379
 0.26412454 0.24322318 0.248371   0.23347815 0.24173526 0.2574398
 0.26113863 0.23881118 0.24092535 0.25012443 0.24847565 0.25236564
 0.26091899 0.2574997  0.25828384 0.25635256 0.24781351 0.24098189
 0.25422531 0.23738161]","[0.25265382 0.26324558 0.25663661 0.26051301 0.24941211 0.26322111
 0.27282347 0.25892242 0.25380116 0.26551189 0.25946837 0.26250062
 0.25329429 0.24139623 0.26069851 0.26499454 0.2634553  0.24542718
 0.26219776 0.26725921 0.25323944 0.25604328 0.2676665  0.26524365
 0.25028099 0.26739295 0.25779967 0.26509098 0.23964119 0.27328731
 0.27070586 0.24955451 0.25437452 0.24150539 0.24737563 0.26574101
 0.2678293  0.24954482 0.24937233 0.25814265 0.26075578 0.2615033
 0.26984575 0.26582672 0.26654032 0.26596228 0.25327832 0.25158569
 0.26476802 0.25098733]",8.747678336799008e-111,3.749207699817704e-105,6.123374822742761e-110,2.6244453889351272e-104,2.283490325938331e-08,2.516358021731335e-08,7.798775926577125e-09,9.397803221451198e-09,1e-05,1e-05,0.0,0.0,0.3831224292850494,0.3855036542987824,0.010081279190600407,0.011321652341684307,0.10579484701156616,0.11078965425491333,0.007216613008672859,0.0073301503457069185,0.25021300470825397,0.2587663732041243,0.008557056414926241,0.008353478039428645
df3,0.35000000000000003,-1.0,0.35000000000000003,"[1.57721865e-148 2.49277144e-128 1.32505188e-126 9.11197923e-131
 5.53102464e-128 8.66394516e-151 1.59807269e-132 3.43101012e-123
 1.41127475e-113 7.22731515e-138 1.69558264e-118 2.03839988e-130
 8.65193381e-137 1.12215372e-128 8.66394516e-151 3.14502261e-133
 3.43101012e-123 1.09619158e-152 3.43531867e-107 4.50098708e-136
 3.78658116e-137 3.66625391e-120 2.70191421e-157 1.07337441e-143
 7.84645245e-121 2.92297102e-126 1.66865694e-117 4.59306180e-144
 1.70527622e-141 1.70515873e-119 3.78658116e-137 1.32505188e-126
 7.36968843e-116 2.03839988e-130 1.32505188e-126 1.59807269e-132
 5.53102464e-128 2.49277144e-128 8.85357293e-148 1.50038437e-124
 3.59598810e-132 1.62932937e-122 2.92297102e-126 1.65526914e-137
 1.39274712e-133 1.02479477e-135 9.14846799e-141 6.47280639e-146
 5.99978104e-127 1.57721865e-148]","[1.51408902e-151 4.94613442e-147 3.56765397e-117 3.11577768e-125
 1.20103174e-134 9.46545979e-156 1.02479477e-135 2.71351259e-127
 2.97606811e-113 5.97340427e-139 3.11577768e-125 7.09357420e-133
 2.26605441e-129 7.48112939e-123 1.07337441e-143 1.12671987e-139
 4.06843613e-131 1.29483446e-173 1.69558264e-118 1.02479477e-135
 2.72168499e-134 3.67099579e-119 1.09619158e-152 2.11520456e-140
 1.62932937e-122 8.65193381e-137 5.99978104e-127 8.85357293e-148
 3.59598810e-132 6.44036529e-126 1.02479477e-135 1.97454306e-136
 3.62364483e-121 6.16042076e-134 9.11197923e-131 1.12215372e-128
 2.11520456e-140 2.26605441e-129 9.14846799e-141 3.62364483e-121
 5.97340427e-139 3.28672716e-124 1.39274712e-133 3.14502261e-133
 1.22580667e-127 2.33052754e-135 2.59582860e-139 3.78658116e-137
 1.01652477e-129 1.96307101e-144]","[1.57721865e-148 2.49277144e-128 1.32505188e-126 9.11197923e-131
 5.53102464e-128 8.66394516e-151 1.59807269e-132 3.43101012e-123
 1.41127475e-113 7.22731515e-138 1.69558264e-118 2.03839988e-130
 8.65193381e-137 1.12215372e-128 8.66394516e-151 3.14502261e-133
 3.43101012e-123 1.09619158e-152 3.43531867e-107 4.50098708e-136
 3.78658116e-137 3.66625391e-120 2.70191421e-157 1.07337441e-143
 7.84645245e-121 2.92297102e-126 1.66865694e-117 4.59306180e-144
 1.70527622e-141 1.70515873e-119 3.78658116e-137 1.32505188e-126
 7.36968843e-116 2.03839988e-130 1.32505188e-126 1.59807269e-132
 5.53102464e-128 2.49277144e-128 8.85357293e-148 1.50038437e-124
 3.59598810e-132 1.62932937e-122 2.92297102e-126 1.65526914e-137
 1.39274712e-133 1.02479477e-135 9.14846799e-141 6.47280639e-146
 5.99978104e-127 1.57721865e-148]","[1.51408902e-151 4.94613442e-147 3.56765397e-117 3.11577768e-125
 1.20103174e-134 9.46545979e-156 1.02479477e-135 2.71351259e-127
 2.97606811e-113 5.97340427e-139 3.11577768e-125 7.09357420e-133
 2.26605441e-129 7.48112939e-123 1.07337441e-143 1.12671987e-139
 4.06843613e-131 1.29483446e-173 1.69558264e-118 1.02479477e-135
 2.72168499e-134 3.67099579e-119 1.09619158e-152 2.11520456e-140
 1.62932937e-122 8.65193381e-137 5.99978104e-127 8.85357293e-148
 3.59598810e-132 6.44036529e-126 1.02479477e-135 1.97454306e-136
 3.62364483e-121 6.16042076e-134 9.11197923e-131 1.12215372e-128
 2.11520456e-140 2.26605441e-129 9.14846799e-141 3.62364483e-121
 5.97340427e-139 3.28672716e-124 1.39274712e-133 3.14502261e-133
 1.22580667e-127 2.33052754e-135 2.59582860e-139 3.78658116e-137
 1.01652477e-129 1.96307101e-144]","[3.31777876e-08 3.10147124e-08 2.93526303e-08 1.67932068e-08
 2.19524089e-08 3.32961434e-08 3.13277539e-08 1.49198461e-08
 1.65412907e-08 3.86630341e-08 1.97784377e-08 2.21689495e-08
 4.06181743e-08 3.58863944e-08 2.76923163e-08 3.99666081e-08
 3.26218037e-08 3.39919040e-08 3.10509607e-08 4.03166630e-08
 2.60569477e-08 1.44949468e-08 2.44705369e-08 1.44564889e-08
 1.29566629e-08 2.31801721e-08 2.88736269e-08 1.36511162e-08
 1.30323985e-08 2.02010618e-08 2.31604941e-08 1.93361105e-08
 1.66847222e-08 3.46806076e-08 1.30764546e-08 2.19876076e-08
 1.35516863e-08 2.76427711e-08 2.86650438e-08 3.87516119e-08
 3.40283908e-08 3.10555425e-08 1.79527624e-08 2.53269067e-08
 2.99537262e-08 2.54810429e-08 1.53379351e-08 2.30569775e-08
 2.67326593e-08 1.56382072e-08]","[1.92113324e-08 3.83955460e-08 2.42100736e-08 1.95677538e-08
 2.81584217e-08 4.42061989e-08 1.36040128e-08 2.09165490e-08
 1.59350971e-08 1.47545848e-08 1.87739734e-08 3.57578386e-08
 2.60736576e-08 3.05740256e-08 1.61870847e-08 1.80808831e-08
 1.93005728e-08 3.11020587e-08 2.73128711e-08 1.63373464e-08
 2.03054207e-08 1.12683787e-08 2.03903303e-08 1.77287147e-08
 1.34634099e-08 1.37839926e-08 1.29121616e-08 1.96526534e-08
 2.24322250e-08 1.33071808e-08 1.52212689e-08 3.12828008e-08
 2.15368353e-08 4.04679926e-08 1.47435570e-08 2.86183777e-08
 2.27208592e-08 2.92010747e-08 1.63329579e-08 3.16133109e-08
 1.77497089e-08 3.50872604e-08 2.87603326e-08 2.22554770e-08
 4.18583170e-08 4.15620093e-08 2.03039795e-08 1.76288042e-08
 1.86717501e-08 2.88795973e-08]","[1.e-05 1.e-05 1.e-05 1.e-05 1.e-05 1.e-05 1.e-05 1.e-05 1.e-05 1.e-05
 1.e-05 1.e-05 1.e-05 1.e-05 1.e-05 1.e-05 1.e-05 1.e-05 1.e-05 1.e-05
 1.e-05 1.e-05 1.e-05 1.e-05 1.e-05 1.e-05 1.e-05 1.e-05 1.e-05 1.e-05
 1.e-05 1.e-05 1.e-05 1.e-05 1.e-05 1.e-05 1.e-05 1.e-05 1.e-05 1.e-05
 1.e-05 1.e-05 1.e-05 1.e-05 1.e-05 1.e-05 1.e-05 1.e-05 1.e-05 1.e-05]","[1.e-05 1.e-05 1.e-05 1.e-05 1.e-05 1.e-05 1.e-05 1.e-05 1.e-05 1.e-05
 1.e-05 1.e-05 1.e-05 1.e-05 1.e-05 1.e-05 1.e-05 1.e-05 1.e-05 1.e-05
 1.e-05 1.e-05 1.e-05 1.e-05 1.e-05 1.e-05 1.e-05 1.e-05 1.e-05 1.e-05
 1.e-05 1.e-05 1.e-05 1.e-05 1.e-05 1.e-05 1.e-05 1.e-05 1.e-05 1.e-05
 1.e-05 1.e-05 1.e-05 1.e-05 1.e-05 1.e-05 1.e-05 1.e-05 1.e-05 1.e-05]","[0.39542268 0.39720348 0.38173717 0.38158372 0.38453948 0.40449192
 0.39016312 0.37752013 0.3700691  0.3847253  0.38107052 0.39188675
 0.38507541 0.38185598 0.40755554 0.37469658 0.37503054 0.39038945
 0.37702813 0.38456082 0.38710543 0.38296013 0.39657788 0.39382573
 0.383064   0.37317375 0.37720294 0.39566807 0.38214114 0.36220367
 0.38130259 0.37794283 0.38195034 0.37948958 0.38951358 0.37482275
 0.38511246 0.36713362 0.3874353  0.37989597 0.37826452 0.38788154
 0.37859676 0.38892849 0.37020449 0.38112974 0.39947806 0.39775415
 0.37624573 0.39749419]","[0.40157761 0.41748492 0.37616336 0.39485969 0.38782187 0.41309928
 0.40008272 0.39209295 0.38877394 0.38900188 0.38986833 0.39844934
 0.38876445 0.38202794 0.40336915 0.38679789 0.39401115 0.40834302
 0.39085918 0.39524214 0.39172638 0.38961267 0.39367156 0.39596944
 0.38814816 0.38808107 0.39150284 0.40410954 0.388354   0.37925761
 0.38311572 0.38714159 0.39613282 0.38740332 0.39567731 0.3797726
 0.40491844 0.38093745 0.39781373 0.38935446 0.38592279 0.39838108
 0.39151856 0.38638402 0.37258193 0.38815825 0.4073997  0.40203796
 0.38037236 0.40441287]","[1.84763227e-282 4.14848107e-285 1.44634163e-262 2.39180098e-262
 1.42216135e-266 4.27990238e-296 1.01975884e-274 1.33933577e-256
 3.04138878e-246 7.69180412e-267 1.28407787e-261 3.05277717e-277
 2.41386480e-267 9.79621899e-263 8.77179274e-301 1.20014076e-252
 4.10722793e-253 4.76250817e-275 6.57716854e-256 1.32528739e-266
 2.84342292e-270 2.60380693e-264 3.54804086e-284 4.26644793e-280
 1.84978351e-264 1.57292212e-250 3.73763817e-256 7.98829546e-283
 3.84307896e-263 1.44306814e-235 6.00733141e-262 3.40611906e-257
 7.18827176e-263 2.23800943e-259 9.04092814e-274 8.00477783e-253
 2.13508050e-267 3.14905500e-242 9.46730167e-271 5.95333121e-260
 1.20009510e-257 2.13483901e-271 4.08174605e-258 6.43172265e-273
 1.98149211e-246 1.05786964e-261 1.63839513e-288 6.25182529e-286
 8.22228105e-255 1.52813368e-285]","[1.12874497e-291 2.87869028e-316 1.07233611e-254 1.26214194e-281
 2.60557341e-271 2.25313966e-309 2.02220187e-289 1.52022623e-277
 1.07934238e-272 5.02953467e-273 2.74691982e-274 5.70856166e-287
 1.11418885e-272 5.57237601e-263 2.18371798e-294 7.91959218e-270
 2.27104906e-280 5.38563938e-302 9.79175111e-276 3.42274932e-282
 5.24884119e-277 6.48275284e-274 7.20520343e-280 2.85008938e-283
 8.75905926e-272 1.09609011e-271 1.11674891e-276 1.63557563e-295
 4.40100590e-272 4.76237609e-259 1.56018170e-264 2.52061139e-270
 1.62946783e-283 1.05329645e-270 7.73991949e-283 8.90076057e-260
 9.57686739e-297 1.98457001e-261 5.09328051e-286 1.54205401e-273
 1.45309097e-268 7.22229157e-287 1.05903814e-276 3.13850286e-269
 1.03983382e-249 8.46871096e-272 1.52260844e-300 2.27365515e-292
 1.25803872e-260 5.64742231e-296]","[0.11402631 0.11392653 0.1026696  0.10725427 0.1058228  0.11053085
 0.11444032 0.09559226 0.0986793  0.10113013 0.10384154 0.10106087
 0.1027571  0.10469007 0.11796391 0.09614813 0.10892558 0.11370325
 0.09294677 0.11513031 0.11604595 0.10445869 0.11137283 0.11135602
 0.10661364 0.10427463 0.09591269 0.11002994 0.1030823  0.10466444
 0.0979737  0.10589552 0.10433066 0.10578382 0.11361074 0.11318123
 0.09662986 0.10173571 0.10280335 0.11554861 0.10136652 0.10059762
 0.10833609 0.11149848 0.09996724 0.10991704 0.11248267 0.10794115
 0.09878409 0.11483574]","[0.12124825 0.12599099 0.10814929 0.11717415 0.11148417 0.1174053
 0.1260488  0.10558152 0.10780704 0.10731387 0.11656344 0.10885429
 0.1094594  0.11056423 0.12240553 0.1052649  0.12149298 0.12477946
 0.10255373 0.12582386 0.12233281 0.11019671 0.11484039 0.11763608
 0.11155617 0.1125989  0.10301161 0.1185571  0.10672748 0.11808121
 0.1032722  0.11382294 0.11191893 0.11310148 0.12065148 0.11798394
 0.10674989 0.11217427 0.10815859 0.1215961  0.10890806 0.10766304
 0.12015939 0.11652946 0.10611928 0.11835682 0.12007523 0.11661303
 0.1050272  0.12515473]","[0.2545455  0.25776903 0.24381487 0.25088424 0.24897052 0.25282762
 0.26082661 0.23791859 0.24344558 0.24355531 0.2492972  0.24506013
 0.24508443 0.24732871 0.26238566 0.24074276 0.25363245 0.25673144
 0.23640111 0.25989672 0.25945013 0.2503007  0.25648469 0.25658951
 0.25163223 0.24838185 0.23811711 0.25758086 0.24535677 0.24960197
 0.24147435 0.2473399  0.24673318 0.25077681 0.25739278 0.26063585
 0.23820031 0.24387829 0.24791513 0.26187902 0.24489879 0.24375096
 0.25485468 0.25598044 0.24175197 0.25223127 0.25524727 0.25396923
 0.24043465 0.25979675]","[0.2663091  0.27340655 0.25406601 0.26433569 0.25865973 0.26337454
 0.27541495 0.25069888 0.25597931 0.25387786 0.26564794 0.25685097
 0.25508065 0.25716689 0.27100202 0.25362586 0.26923105 0.27142362
 0.25012191 0.2740638  0.26898896 0.25857466 0.26318414 0.26629174
 0.26004039 0.25991687 0.24914561 0.26936032 0.25379743 0.26718498
 0.25097696 0.25939433 0.25788511 0.26218003 0.26835572 0.26920707
 0.25249529 0.25876037 0.25616897 0.27180433 0.25685542 0.25402152
 0.27031388 0.26420382 0.25181524 0.26501819 0.26664376 0.26634204
 0.25137066 0.27428931]",6.870640181508861e-109,5.952891157585852e-115,4.809446100156024e-108,4.1664846015056746e-114,2.5292124898879108e-08,2.3364012420312718e-08,8.311661143907198e-09,8.553495330568641e-09,1e-05,1e-05,0.0,0.0,0.3842221062469482,0.3925712210083007,0.009390554936486,0.009236786212810218,0.10624541759490967,0.11411079406738281,0.006337366390604915,0.006778972517911516,0.2500751187026453,0.2616984886504662,0.007103343459955855,0.007453179034874828
df3,0.4,-1.0,0.4,"[1.56663455e-115 1.69558264e-118 7.84645245e-121 8.85357293e-148
 1.62522975e-116 2.11520456e-140 1.59807269e-132 7.22731515e-138
 7.79563234e-118 1.22580667e-127 2.97606811e-113 2.06878284e-150
 6.15879083e-106 2.59582860e-139 2.11520456e-140 4.06843613e-131
 1.69558264e-118 7.19151616e-124 1.12215372e-128 7.89408622e-119
 2.59001339e-105 1.12671987e-139 1.01652477e-129 2.49277144e-128
 2.49277144e-128 3.95211198e-141 1.81440195e-131 2.50543477e-143
 2.49277144e-128 5.99978104e-127 1.50038437e-124 1.32505188e-126
 1.88166010e-108 1.70515873e-119 2.71351259e-127 1.62932937e-122
 4.37383916e-109 3.59598810e-132 5.04562598e-129 1.01652477e-129
 4.06843613e-131 3.67099579e-119 5.29370851e-135 1.59807269e-132
 8.65193381e-137 7.91123773e-120 3.16268593e-114 2.49277144e-128
 1.12671987e-139 3.67099579e-119]","[1.57171273e-123 3.59598810e-132 1.59807269e-132 1.09619158e-152
 1.57171273e-123 4.50098708e-136 7.22731515e-138 2.72168499e-134
 7.19151616e-124 2.26605441e-129 3.62364483e-121 2.63328336e-152
 5.34499160e-111 5.97340427e-139 3.95211198e-141 8.65193381e-137
 6.84127225e-125 2.72168499e-134 6.64504909e-149 2.49277144e-128
 2.97606811e-113 3.95211198e-141 3.54443794e-122 4.88474039e-140
 1.50038437e-124 1.36018053e-142 2.33052754e-135 1.07337441e-143
 5.53102464e-128 8.38015691e-145 3.28672716e-124 5.53102464e-128
 3.66625391e-120 6.44036529e-126 3.73908448e-148 1.12671987e-139
 5.04562598e-129 1.70527622e-141 2.11520456e-140 1.39274712e-133
 2.03839988e-130 1.81440195e-131 1.17530003e-149 5.29370851e-135
 1.36018053e-142 1.41739559e-125 7.61901024e-117 9.14846799e-141
 2.59582860e-139 1.59807269e-132]","[1.56663455e-115 1.69558264e-118 7.84645245e-121 8.85357293e-148
 1.62522975e-116 2.11520456e-140 1.59807269e-132 7.22731515e-138
 7.79563234e-118 1.22580667e-127 2.97606811e-113 2.06878284e-150
 6.15879083e-106 2.59582860e-139 2.11520456e-140 4.06843613e-131
 1.69558264e-118 7.19151616e-124 1.12215372e-128 7.89408622e-119
 2.59001339e-105 1.12671987e-139 1.01652477e-129 2.49277144e-128
 2.49277144e-128 3.95211198e-141 1.81440195e-131 2.50543477e-143
 2.49277144e-128 5.99978104e-127 1.50038437e-124 1.32505188e-126
 1.88166010e-108 1.70515873e-119 2.71351259e-127 1.62932937e-122
 4.37383916e-109 3.59598810e-132 5.04562598e-129 1.01652477e-129
 4.06843613e-131 3.67099579e-119 5.29370851e-135 1.59807269e-132
 8.65193381e-137 7.91123773e-120 3.16268593e-114 2.49277144e-128
 1.12671987e-139 3.67099579e-119]","[1.57171273e-123 3.59598810e-132 1.59807269e-132 1.09619158e-152
 1.57171273e-123 4.50098708e-136 7.22731515e-138 2.72168499e-134
 7.19151616e-124 2.26605441e-129 3.62364483e-121 2.63328336e-152
 5.34499160e-111 5.97340427e-139 3.95211198e-141 8.65193381e-137
 6.84127225e-125 2.72168499e-134 6.64504909e-149 2.49277144e-128
 2.97606811e-113 3.95211198e-141 3.54443794e-122 4.88474039e-140
 1.50038437e-124 1.36018053e-142 2.33052754e-135 1.07337441e-143
 5.53102464e-128 8.38015691e-145 3.28672716e-124 5.53102464e-128
 3.66625391e-120 6.44036529e-126 3.73908448e-148 1.12671987e-139
 5.04562598e-129 1.70527622e-141 2.11520456e-140 1.39274712e-133
 2.03839988e-130 1.81440195e-131 1.17530003e-149 5.29370851e-135
 1.36018053e-142 1.41739559e-125 7.61901024e-117 9.14846799e-141
 2.59582860e-139 1.59807269e-132]","[3.67911029e-08 2.69932432e-08 3.60821988e-08 2.78425633e-08
 1.81356253e-08 1.31317619e-08 3.80806352e-08 1.50119402e-08
 2.36614695e-08 2.95324603e-08 1.47549505e-08 2.97987144e-08
 8.70727768e-09 4.33453050e-08 1.58973498e-08 2.68594305e-08
 1.92245153e-08 2.82132466e-08 2.26432746e-08 3.66134575e-08
 3.11164494e-08 3.02412949e-08 1.79983722e-08 1.63193754e-08
 1.55082094e-08 1.93637293e-08 2.45365083e-08 1.84236879e-08
 2.06436929e-08 2.46754891e-08 1.30735490e-08 1.13822058e-08
 1.83406286e-08 2.98357719e-08 2.02449806e-08 1.17708997e-08
 1.23003907e-08 2.81391547e-08 3.94630263e-08 1.65522122e-08
 3.34071318e-08 2.28160904e-08 2.96837948e-08 1.62433013e-08
 1.53305053e-08 1.32679100e-08 1.19947524e-08 1.66441045e-08
 3.52414516e-08 3.20255332e-08]","[1.88058372e-08 2.15752958e-08 3.57119764e-08 2.27639918e-08
 2.84986771e-08 2.04178787e-08 2.08391520e-08 2.59148273e-08
 1.17454537e-08 1.55709783e-08 1.41733526e-08 1.52810664e-08
 2.98657330e-08 2.14723540e-08 2.04569304e-08 2.15452719e-08
 1.18999685e-08 2.76766938e-08 2.94239705e-08 2.85748594e-08
 1.81579810e-08 3.08916080e-08 2.28217805e-08 2.11863835e-08
 2.21722406e-08 3.49741502e-08 3.31764038e-08 2.33847114e-08
 3.48821393e-08 2.20775077e-08 1.74892826e-08 1.82765516e-08
 1.87179833e-08 1.55355018e-08 1.88272303e-08 4.35399693e-08
 2.33536057e-08 1.53569590e-08 3.62801537e-08 1.31205563e-08
 1.59047876e-08 2.60945279e-08 3.63762496e-08 2.83075059e-08
 1.48313325e-08 2.65033050e-08 3.68789700e-08 2.10136921e-08
 1.35800159e-08 2.27607875e-08]","[1.e-05 1.e-05 1.e-05 1.e-05 1.e-05 1.e-05 1.e-05 1.e-05 1.e-05 1.e-05
 1.e-05 1.e-05 1.e-05 1.e-05 1.e-05 1.e-05 1.e-05 1.e-05 1.e-05 1.e-05
 1.e-05 1.e-05 1.e-05 1.e-05 1.e-05 1.e-05 1.e-05 1.e-05 1.e-05 1.e-05
 1.e-05 1.e-05 1.e-05 1.e-05 1.e-05 1.e-05 1.e-05 1.e-05 1.e-05 1.e-05
 1.e-05 1.e-05 1.e-05 1.e-05 1.e-05 1.e-05 1.e-05 1.e-05 1.e-05 1.e-05]","[1.e-05 1.e-05 1.e-05 1.e-05 1.e-05 1.e-05 1.e-05 1.e-05 1.e-05 1.e-05
 1.e-05 1.e-05 1.e-05 1.e-05 1.e-05 1.e-05 1.e-05 1.e-05 1.e-05 1.e-05
 1.e-05 1.e-05 1.e-05 1.e-05 1.e-05 1.e-05 1.e-05 1.e-05 1.e-05 1.e-05
 1.e-05 1.e-05 1.e-05 1.e-05 1.e-05 1.e-05 1.e-05 1.e-05 1.e-05 1.e-05
 1.e-05 1.e-05 1.e-05 1.e-05 1.e-05 1.e-05 1.e-05 1.e-05 1.e-05 1.e-05]","[0.36323608 0.36552199 0.38417493 0.3957482  0.36477329 0.39982895
 0.38689631 0.3791822  0.37951678 0.3760035  0.36285711 0.39917427
 0.35893238 0.36890315 0.39938994 0.38829689 0.3738946  0.36861699
 0.38120368 0.37790255 0.35463499 0.39454362 0.369835   0.37041169
 0.37506877 0.388787   0.37737465 0.39706486 0.37763795 0.38488975
 0.38628968 0.37244358 0.37032778 0.36863266 0.37655071 0.37666447
 0.36123929 0.38001835 0.39418159 0.38454257 0.38520252 0.37649792
 0.39001309 0.38564924 0.38104468 0.37158403 0.37004334 0.38346738
 0.39418296 0.37541362]","[0.37746043 0.39195946 0.39959964 0.40930968 0.38430189 0.40161337
 0.39613954 0.38863029 0.38909341 0.38533896 0.38361642 0.40756328
 0.37275827 0.37925905 0.41328626 0.40801892 0.39848678 0.3874571
 0.40587579 0.39458586 0.36552604 0.40088113 0.37613158 0.39110259
 0.38327444 0.40207344 0.38062207 0.40547658 0.38758994 0.40790451
 0.39178423 0.38323162 0.37884039 0.37609586 0.40843725 0.39896014
 0.38203211 0.39161714 0.4093515  0.39607529 0.39574069 0.3884029
 0.40930348 0.39755025 0.39767732 0.38210359 0.3793433  0.40377231
 0.40171869 0.39124201]","[5.92698731e-237 4.86444336e-240 4.74436100e-266 6.07415990e-283
 5.01363783e-239 4.86803117e-289 5.70665519e-270 6.08665025e-259
 2.04831593e-259 1.79507968e-254 1.91549302e-236 4.68064654e-288
 3.33248824e-231 1.20840130e-244 2.22179579e-288 5.32727135e-272
 1.56898755e-251 2.97724469e-244 8.30478060e-262 3.88121704e-257
 1.53734465e-225 3.70669992e-281 6.37684722e-246 1.02824401e-246
 3.63245782e-253 1.03317265e-272 2.14470315e-256 6.67681198e-285
 9.14603775e-257 4.46360240e-267 4.29476485e-269 1.61618725e-249
 1.34120159e-246 2.83387037e-244 3.07403955e-255 2.12925811e-255
 2.82048906e-234 3.99418108e-260 1.27167198e-280 1.40774022e-266
 1.58430246e-267 3.64499212e-255 1.68872564e-274 3.60252266e-268
 1.39739531e-261 2.49256713e-248 3.29959214e-246 4.89860061e-265
 1.26573418e-280 1.19887579e-253]","[1.62483640e-256 2.38750775e-277 1.07612315e-288 1.73720219e-303
 3.11912084e-266 9.96710886e-292 1.59240770e-283 1.74599263e-272
 3.70081411e-273 1.00804089e-267 2.99696867e-265 8.53466034e-301
 5.92534761e-250 4.74012544e-259 1.14989024e-309 1.69952858e-301
 5.01734079e-287 8.80339617e-271 3.30244235e-298 3.20992897e-281
 4.80332709e-240 1.26945958e-290 1.18801567e-254 4.31023708e-276
 9.25053536e-265 2.00928399e-292 5.56481332e-261 1.34630307e-297
 5.65145346e-271 2.54918881e-301 4.31691922e-277 1.06517788e-264
 1.84965351e-258 1.33295503e-254 3.85512688e-302 9.80350768e-288
 5.49674369e-263 7.59145243e-277 1.49699739e-303 1.98406428e-283
 6.23212103e-283 3.73694823e-272 1.77594269e-303 1.26031980e-285
 8.14240691e-286 4.34728418e-263 3.60328657e-259 5.32864787e-295
 6.90937371e-292 2.69316964e-276]","[0.0944258  0.10068727 0.10569584 0.11295915 0.09334886 0.11911249
 0.10554564 0.10211635 0.10850549 0.10087645 0.10237575 0.10080659
 0.09799063 0.08743429 0.1133039  0.11388695 0.09847867 0.10553956
 0.11770654 0.09997916 0.09475994 0.10130298 0.09793007 0.09944451
 0.10391653 0.10903394 0.10806012 0.10222602 0.11093414 0.10202384
 0.10880339 0.08942342 0.10382009 0.09846997 0.10145617 0.11188459
 0.09766185 0.11087036 0.10459685 0.10646915 0.10896826 0.10698187
 0.09839773 0.11150944 0.09830439 0.10804772 0.09930825 0.09683132
 0.11584902 0.10653389]","[0.10569322 0.11802113 0.12058699 0.12748313 0.10522604 0.1291517
 0.11507607 0.11345398 0.11662495 0.10881627 0.11755776 0.11127031
 0.11144793 0.09848881 0.12687159 0.12876153 0.11119854 0.11944258
 0.13333607 0.1112076  0.10409582 0.11316168 0.1067071  0.11557937
 0.11476552 0.1215533  0.1155386  0.10992217 0.12041104 0.11394691
 0.11576605 0.09907293 0.11447275 0.10843134 0.11740768 0.12800837
 0.11254203 0.11833155 0.11703718 0.11892998 0.11974502 0.11768305
 0.11333227 0.12073183 0.11200476 0.11804533 0.10887432 0.11132693
 0.12481618 0.11889005]","[0.23610221 0.24234175 0.24701441 0.25873805 0.23347624 0.26400547
 0.24875291 0.24558073 0.25406473 0.24435943 0.24746402 0.24227972
 0.24270718 0.22890593 0.26085721 0.25877887 0.24223022 0.24659686
 0.26421815 0.24214021 0.24050386 0.24326604 0.24098117 0.24627553
 0.24831537 0.25346635 0.25092277 0.24552997 0.2556261  0.24772606
 0.25531061 0.23175145 0.24945172 0.24394296 0.2460293  0.25858936
 0.24163808 0.25893785 0.24872225 0.2499874  0.25544423 0.25393566
 0.24440568 0.2559314  0.24292794 0.25102898 0.24206488 0.24156955
 0.26265421 0.25256881]","[0.25197932 0.26430163 0.26581021 0.27837475 0.24939913 0.27812411
 0.26220447 0.2601362  0.26630099 0.25626127 0.26656723 0.25739054
 0.26000859 0.24510171 0.27754108 0.27664871 0.25960969 0.26515376
 0.28352116 0.25743102 0.25352577 0.26087443 0.25514943 0.26678139
 0.26323326 0.27045304 0.26259858 0.25750344 0.26912844 0.26216748
 0.26611954 0.24553477 0.26439226 0.25822462 0.26647271 0.27764731
 0.2606935  0.2705914  0.26490833 0.2667769  0.27088414 0.26898163
 0.26338612 0.26900015 0.26008104 0.26565952 0.25659839 0.25945676
 0.27584101 0.26797373]",6.416423104549172e-107,1.0749519804540855e-112,3.7098861767848166e-106,7.4822536713945125e-112,2.315809451758355e-08,2.3373762845224633e-08,8.720834064113725e-09,7.520580925053132e-09,1e-05,1e-05,0.0,0.0,0.37896583040237425,0.3927643357658387,0.011144794979555514,0.011404135589134086,0.10389190435409545,0.11561694622039795,0.006890346928732339,0.007307532794305991,0.24820239708390052,0.2640500929653409,0.008018716032915268,0.008203528640658223
df3,0.45,-1.0,0.45,"[2.33052754e-135 5.04562598e-129 1.50038437e-124 1.81440195e-131
 8.08221677e-132 5.53102464e-128 1.59807269e-132 3.16357866e-142
 2.63328336e-152 3.43101012e-123 9.14846799e-141 1.70527622e-141
 8.08221677e-132 5.29370851e-135 1.66865694e-117 9.07714507e-109
 3.11577768e-125 7.48112939e-123 2.26605441e-129 6.16042076e-134
 3.43101012e-123 4.06843613e-131 3.28672716e-124 1.39274712e-133
 1.59807269e-132 1.57721865e-148 1.36018053e-142 2.71351259e-127
 3.43101012e-123 1.37294733e-138 5.04562598e-129 3.46283303e-116
 3.28672716e-124 1.08427351e-104 1.65526914e-137 3.62364483e-121
 9.11197923e-131 8.65193381e-137 8.08221677e-132 8.65193381e-137
 2.97606811e-113 1.02479477e-135 6.26869005e-113 1.56663455e-115
 1.22580667e-127 1.69558264e-118 1.66865694e-117 1.52170582e-145
 7.48112939e-123 2.03839988e-130]","[3.28672716e-124 3.78658116e-137 3.14502261e-133 1.02479477e-135
 3.95211198e-141 5.29370851e-135 1.36018053e-142 9.46545979e-156
 7.85078471e-154 2.03839988e-130 1.07337441e-143 2.75002067e-146
 3.95211198e-141 2.50543477e-143 1.70527622e-141 1.20103174e-134
 1.70527622e-141 8.08221677e-132 1.39274712e-133 3.15189803e-138
 5.84114683e-143 2.59582860e-139 3.78658116e-137 2.50543477e-143
 3.95211198e-141 8.66394516e-151 5.56191291e-155 3.66625391e-120
 3.15189803e-138 5.11181442e-160 2.49277144e-128 1.57171273e-123
 2.33052754e-135 7.70163359e-122 3.16357866e-142 1.41739559e-125
 3.62405363e-151 1.36018053e-142 4.88474039e-140 8.65193381e-137
 3.59598810e-132 1.07337441e-143 1.22580667e-127 6.84127225e-125
 7.70163359e-122 3.14502261e-133 3.15189803e-138 9.11163913e-163
 1.01652477e-129 8.65193381e-137]","[2.33052754e-135 5.04562598e-129 1.50038437e-124 1.81440195e-131
 8.08221677e-132 5.53102464e-128 1.59807269e-132 3.16357866e-142
 2.63328336e-152 3.43101012e-123 9.14846799e-141 1.70527622e-141
 8.08221677e-132 5.29370851e-135 1.66865694e-117 9.07714507e-109
 3.11577768e-125 7.48112939e-123 2.26605441e-129 6.16042076e-134
 3.43101012e-123 4.06843613e-131 3.28672716e-124 1.39274712e-133
 1.59807269e-132 1.57721865e-148 1.36018053e-142 2.71351259e-127
 3.43101012e-123 1.37294733e-138 5.04562598e-129 3.46283303e-116
 3.28672716e-124 1.08427351e-104 1.65526914e-137 3.62364483e-121
 9.11197923e-131 8.65193381e-137 8.08221677e-132 8.65193381e-137
 2.97606811e-113 1.02479477e-135 6.26869005e-113 1.56663455e-115
 1.22580667e-127 1.69558264e-118 1.66865694e-117 1.52170582e-145
 7.48112939e-123 2.03839988e-130]","[3.28672716e-124 3.78658116e-137 3.14502261e-133 1.02479477e-135
 3.95211198e-141 5.29370851e-135 1.36018053e-142 9.46545979e-156
 7.85078471e-154 2.03839988e-130 1.07337441e-143 2.75002067e-146
 3.95211198e-141 2.50543477e-143 1.70527622e-141 1.20103174e-134
 1.70527622e-141 8.08221677e-132 1.39274712e-133 3.15189803e-138
 5.84114683e-143 2.59582860e-139 3.78658116e-137 2.50543477e-143
 3.95211198e-141 8.66394516e-151 5.56191291e-155 3.66625391e-120
 3.15189803e-138 5.11181442e-160 2.49277144e-128 1.57171273e-123
 2.33052754e-135 7.70163359e-122 3.16357866e-142 1.41739559e-125
 3.62405363e-151 1.36018053e-142 4.88474039e-140 8.65193381e-137
 3.59598810e-132 1.07337441e-143 1.22580667e-127 6.84127225e-125
 7.70163359e-122 3.14502261e-133 3.15189803e-138 9.11163913e-163
 1.01652477e-129 8.65193381e-137]","[1.73506244e-08 1.34315778e-08 1.94369151e-08 2.34044162e-08
 2.86253243e-08 1.40533702e-08 2.10789705e-08 2.12980871e-08
 2.12200678e-08 1.90147561e-08 1.83689775e-08 1.72262414e-08
 1.76767349e-08 1.61133338e-08 2.53177543e-08 1.18704410e-08
 1.66232283e-08 1.49514588e-08 1.35892115e-08 2.52932212e-08
 1.27718224e-08 2.79027806e-08 1.88876809e-08 1.78755554e-08
 2.15385181e-08 1.86605625e-08 3.04862814e-08 3.45169974e-08
 3.41360781e-08 3.33724758e-08 2.60996261e-08 1.28278236e-08
 2.37530760e-08 2.10986094e-08 3.87487070e-08 1.92899090e-08
 1.62652317e-08 2.00512897e-08 1.70182098e-08 1.28810769e-08
 1.36800751e-08 3.88163668e-08 1.22873348e-08 9.47423129e-09
 1.53940726e-08 3.14447089e-08 3.08065268e-08 1.86596958e-08
 3.20614275e-08 2.81173028e-08]","[2.28394198e-08 1.48552876e-08 1.48173963e-08 3.11286166e-08
 1.62632444e-08 1.85885611e-08 1.70847094e-08 2.04402565e-08
 1.49812578e-08 1.83271816e-08 3.58670927e-08 3.61434299e-08
 1.33297873e-08 1.59667064e-08 1.38665905e-08 3.38054595e-08
 2.67144631e-08 4.35910911e-08 1.53191297e-08 1.63580480e-08
 3.97805816e-08 2.16782435e-08 1.57198915e-08 1.80610288e-08
 2.60871328e-08 2.28764827e-08 2.15745501e-08 1.14894659e-08
 3.28727968e-08 2.38810045e-08 2.55286791e-08 1.51106364e-08
 2.34446951e-08 1.13188742e-08 1.91432550e-08 2.94552875e-08
 1.68183782e-08 1.98405014e-08 1.63374155e-08 1.61902965e-08
 2.94746756e-08 2.28788672e-08 1.88851133e-08 1.45353882e-08
 1.86911819e-08 1.39803749e-08 1.47647063e-08 1.57726117e-08
 1.59978437e-08 2.21432928e-08]","[1.e-05 1.e-05 1.e-05 1.e-05 1.e-05 1.e-05 1.e-05 1.e-05 1.e-05 1.e-05
 1.e-05 1.e-05 1.e-05 1.e-05 1.e-05 1.e-05 1.e-05 1.e-05 1.e-05 1.e-05
 1.e-05 1.e-05 1.e-05 1.e-05 1.e-05 1.e-05 1.e-05 1.e-05 1.e-05 1.e-05
 1.e-05 1.e-05 1.e-05 1.e-05 1.e-05 1.e-05 1.e-05 1.e-05 1.e-05 1.e-05
 1.e-05 1.e-05 1.e-05 1.e-05 1.e-05 1.e-05 1.e-05 1.e-05 1.e-05 1.e-05]","[1.e-05 1.e-05 1.e-05 1.e-05 1.e-05 1.e-05 1.e-05 1.e-05 1.e-05 1.e-05
 1.e-05 1.e-05 1.e-05 1.e-05 1.e-05 1.e-05 1.e-05 1.e-05 1.e-05 1.e-05
 1.e-05 1.e-05 1.e-05 1.e-05 1.e-05 1.e-05 1.e-05 1.e-05 1.e-05 1.e-05
 1.e-05 1.e-05 1.e-05 1.e-05 1.e-05 1.e-05 1.e-05 1.e-05 1.e-05 1.e-05
 1.e-05 1.e-05 1.e-05 1.e-05 1.e-05 1.e-05 1.e-05 1.e-05 1.e-05 1.e-05]","[0.37523233 0.3839374  0.36584294 0.39713389 0.40467675 0.38299858
 0.38997717 0.38673874 0.39982809 0.3817094  0.38657493 0.38767832
 0.38658821 0.39683614 0.3738149  0.36250415 0.38281795 0.39108046
 0.39152108 0.39815611 0.36866972 0.37777601 0.38146013 0.38052278
 0.38441211 0.40656442 0.38722966 0.36760311 0.37702638 0.37494965
 0.38973271 0.36226892 0.38457538 0.35533087 0.39473751 0.3728356
 0.3879901  0.38976218 0.37350528 0.39185234 0.36793615 0.37268726
 0.37155303 0.35964091 0.36761519 0.36733399 0.38380724 0.39008453
 0.38028095 0.39339391]","[0.38306736 0.40316785 0.38284693 0.40053072 0.42197233 0.40548165
 0.40322643 0.40677293 0.41863075 0.39622671 0.40712134 0.41160765
 0.39729037 0.41567217 0.40337129 0.39931642 0.41239319 0.40774472
 0.40446966 0.40614839 0.40098709 0.40039265 0.40577359 0.3942004
 0.39446605 0.41843785 0.41183509 0.38896742 0.40261595 0.40528349
 0.39785008 0.37863272 0.40959257 0.38486788 0.41576525 0.3891814
 0.4133171  0.39804747 0.38920585 0.40798742 0.39949245 0.39265991
 0.39885705 0.38477581 0.37630946 0.39303192 0.40036568 0.42401785
 0.39448462 0.40712226]","[2.14745506e-253 1.03941440e-265 1.78649940e-240 5.26818403e-285
 2.23755538e-296 2.29430174e-264 1.90547120e-274 9.64312740e-270
 4.88254367e-289 1.58421928e-262 1.66325815e-269 4.20777367e-271
 1.59137857e-269 1.46351939e-284 2.02493876e-251 5.70450834e-236
 4.15685283e-264 4.64428429e-276 1.05005650e-276 1.56760122e-286
 2.52165778e-244 5.84830344e-257 3.58590913e-262 7.69733454e-261
 2.16683850e-266 2.91343980e-299 1.87944635e-270 7.21901263e-243
 6.61445580e-256 5.32583924e-253 4.33207740e-274 1.17974335e-235
 1.26300304e-266 1.88292784e-226 1.91439630e-281 4.62984239e-250
 1.48548104e-271 3.92384152e-274 5.45220140e-251 3.42932838e-277
 2.53582926e-243 7.43153491e-250 2.75062542e-248 3.81506835e-232
 6.95025801e-243 1.67990519e-242 1.59712417e-265 1.32822340e-274
 1.69550117e-260 1.85024480e-279]","[1.82945416e-264 4.41351903e-294 3.77887422e-264 4.28143419e-290
 0.00000000e+000 1.32248338e-297 3.59641606e-294 1.39543467e-299
 4.40349841e-318 1.18152862e-283 4.07474558e-300 4.76093368e-307
 3.07812896e-285 2.08495816e-313 2.16741336e-294 2.86440971e-288
 2.84819808e-308 4.48968023e-301 4.62753928e-296 1.26382407e-298
 8.78745276e-291 6.91010563e-290 4.73301886e-298 1.19281034e-280
 4.82776633e-281 8.90922888e-318 2.10787225e-307 5.64518799e-273
 3.03180149e-293 2.65503912e-297 4.49454622e-286 3.63181148e-258
 6.34748318e-304 4.79863343e-267 1.48804784e-313 2.75538658e-273
 1.02911284e-309 2.27866677e-286 2.53851334e-273 1.90026924e-301
 1.55888040e-288 2.23048260e-278 1.39925717e-287 6.50808170e-267
 6.69482698e-255 6.32013359e-279 7.58716500e-290 0.00000000e+000
 4.53187732e-281 4.06147686e-300]","[0.09705496 0.10117543 0.10570037 0.10897017 0.10906196 0.10629928
 0.10113907 0.11253786 0.11388814 0.10189879 0.11147487 0.10854566
 0.10265863 0.11394477 0.10253429 0.09764946 0.10701406 0.10897458
 0.11351681 0.11625469 0.09632301 0.08675969 0.10872209 0.08969223
 0.10087824 0.11832714 0.10437179 0.0951519  0.10639811 0.09796548
 0.1060611  0.09012055 0.1063813  0.09534776 0.11732149 0.10484517
 0.11172402 0.11196828 0.10109317 0.11008549 0.09822309 0.09878099
 0.0980643  0.09305656 0.09309363 0.10315216 0.10803735 0.10767436
 0.09850824 0.10669279]","[0.11054397 0.11523771 0.11715591 0.11597669 0.12225485 0.12290907
 0.11360896 0.12794292 0.13010418 0.11261272 0.12458301 0.12438214
 0.11296535 0.13081992 0.11979723 0.11639643 0.1268872  0.12183523
 0.13247132 0.12689745 0.11272228 0.10098004 0.12325466 0.10149634
 0.11664331 0.1276679  0.11791146 0.10721529 0.12227929 0.11655927
 0.11836445 0.10388875 0.12378168 0.11364365 0.13080907 0.11332309
 0.13457143 0.12660837 0.11634099 0.12124562 0.11619365 0.11072588
 0.11583507 0.11086166 0.10512233 0.12379861 0.1210146  0.12478161
 0.10931063 0.12077451]","[0.2397851  0.24385595 0.25153722 0.25461809 0.2522807  0.250995
 0.24376753 0.25839265 0.25639196 0.24445112 0.25795939 0.25367714
 0.24523912 0.25932445 0.24737853 0.24229848 0.25295084 0.25447361
 0.26117364 0.26182908 0.23760119 0.22975379 0.25451331 0.22934043
 0.24555616 0.26099806 0.2469873  0.23898945 0.25190277 0.23978604
 0.25057941 0.23184746 0.249418   0.23708889 0.2637778  0.24894954
 0.25642698 0.25618164 0.24702179 0.25514183 0.24069706 0.24118204
 0.23837724 0.23498582 0.23371032 0.24874629 0.25158664 0.24934056
 0.24212698 0.25068184]","[0.25788014 0.26279676 0.26740269 0.26521019 0.26879342 0.27114068
 0.26023574 0.2774757  0.27719471 0.25999404 0.27466445 0.27270152
 0.26045485 0.2798112  0.26903901 0.26503906 0.27674872 0.27202462
 0.28287786 0.27627861 0.25778783 0.24939092 0.27279874 0.24570724
 0.26637516 0.27303876 0.2645264  0.25623506 0.27097319 0.26293485
 0.2667937  0.25179344 0.27088267 0.26055678 0.28005607 0.26125367
 0.28398009 0.27487762 0.26617651 0.26994588 0.26337299 0.25683103
 0.26102965 0.25866622 0.2513044  0.27357994 0.26890879 0.27065482
 0.25731878 0.26894964]",2.1687285895947027e-106,7.644539414146101e-122,1.5179803312978427e-105,5.13051429497091e-121,2.1297375327744562e-08,2.1092419644208604e-08,7.381157250607391e-09,7.531839994507247e-09,1e-05,1e-05,0.0,0.0,0.3817757107925415,0.4013116639614106,0.011785137336563197,0.01091503206661858,0.10410230636596679,0.11866215467453003,0.007398982673264598,0.007927838622775843,0.24791352563721872,0.26668929622022713,0.008638257633738804,0.008652169692831724
df3,0.5,-1.0,0.5,"[7.09357420e-133 1.56663455e-115 9.11197923e-131 2.75002067e-146
 3.14502261e-133 1.41127475e-113 4.55467848e-130 3.15189803e-138
 3.66625391e-120 4.94613442e-147 1.50038437e-124 1.17530003e-149
 1.12671987e-139 1.39274712e-133 1.50038437e-124 3.66625391e-120
 1.66865694e-117 1.36018053e-142 1.12215372e-128 3.11577768e-125
 5.04562598e-129 7.48112939e-123 1.12671987e-139 7.48112939e-123
 2.03839988e-130 5.99978104e-127 3.59598810e-132 3.57314355e-145
 7.84645245e-121 1.41127475e-113 5.84114683e-143 5.04562598e-129
 1.69706671e-120 3.16268593e-114 1.65526914e-137 5.99978104e-127
 2.55501261e-111 1.39274712e-133 1.62522975e-116 3.95211198e-141
 2.33052754e-135 1.59807269e-132 6.16042076e-134 5.29370851e-135
 6.47280639e-146 4.06843613e-131 2.59582860e-139 3.15189803e-138
 7.89408622e-119 3.66625391e-120]","[8.85357293e-148 1.67153521e-121 5.84114683e-143 3.62405363e-151
 3.73908448e-148 1.12215372e-128 1.07337441e-143 1.38326502e-161
 5.53102464e-128 2.79630084e-149 9.11197923e-131 3.16357866e-142
 5.84114683e-143 4.55776756e-153 2.33052754e-135 1.81440195e-131
 8.08221677e-132 5.93631016e-164 3.78658116e-137 2.07706765e-160
 2.79630084e-149 3.14502261e-133 3.73908448e-148 1.96307101e-144
 6.47280639e-146 1.85265048e-158 9.46545979e-156 1.85265048e-158
 2.72168499e-134 4.50098708e-136 5.11181442e-160 3.57314355e-145
 4.94613442e-147 1.97454306e-136 2.11520456e-140 8.38015691e-145
 1.01652477e-129 3.89773873e-156 4.94613442e-147 5.11181442e-160
 1.34579277e-154 1.36018053e-142 4.59306180e-144 4.94613442e-147
 4.55776756e-153 4.59306180e-144 1.09619158e-152 3.08488950e-159
 2.11520456e-140 1.02479477e-135]","[7.09357420e-133 1.56663455e-115 9.11197923e-131 2.75002067e-146
 3.14502261e-133 1.41127475e-113 4.55467848e-130 3.15189803e-138
 3.66625391e-120 4.94613442e-147 1.50038437e-124 1.17530003e-149
 1.12671987e-139 1.39274712e-133 1.50038437e-124 3.66625391e-120
 1.66865694e-117 1.36018053e-142 1.12215372e-128 3.11577768e-125
 5.04562598e-129 7.48112939e-123 1.12671987e-139 7.48112939e-123
 2.03839988e-130 5.99978104e-127 3.59598810e-132 3.57314355e-145
 7.84645245e-121 1.41127475e-113 5.84114683e-143 5.04562598e-129
 1.69706671e-120 3.16268593e-114 1.65526914e-137 5.99978104e-127
 2.55501261e-111 1.39274712e-133 1.62522975e-116 3.95211198e-141
 2.33052754e-135 1.59807269e-132 6.16042076e-134 5.29370851e-135
 6.47280639e-146 4.06843613e-131 2.59582860e-139 3.15189803e-138
 7.89408622e-119 3.66625391e-120]","[8.85357293e-148 1.67153521e-121 5.84114683e-143 3.62405363e-151
 3.73908448e-148 1.12215372e-128 1.07337441e-143 1.38326502e-161
 5.53102464e-128 2.79630084e-149 9.11197923e-131 3.16357866e-142
 5.84114683e-143 4.55776756e-153 2.33052754e-135 1.81440195e-131
 8.08221677e-132 5.93631016e-164 3.78658116e-137 2.07706765e-160
 2.79630084e-149 3.14502261e-133 3.73908448e-148 1.96307101e-144
 6.47280639e-146 1.85265048e-158 9.46545979e-156 1.85265048e-158
 2.72168499e-134 4.50098708e-136 5.11181442e-160 3.57314355e-145
 4.94613442e-147 1.97454306e-136 2.11520456e-140 8.38015691e-145
 1.01652477e-129 3.89773873e-156 4.94613442e-147 5.11181442e-160
 1.34579277e-154 1.36018053e-142 4.59306180e-144 4.94613442e-147
 4.55776756e-153 4.59306180e-144 1.09619158e-152 3.08488950e-159
 2.11520456e-140 1.02479477e-135]","[1.41593886e-08 2.86923842e-08 1.79643747e-08 2.38917360e-08
 2.40306264e-08 2.47921784e-08 1.13977874e-08 3.47551314e-08
 2.74282158e-08 2.75117770e-08 3.04371893e-08 1.96154584e-08
 3.24648396e-08 3.50149356e-08 2.93611387e-08 2.84952788e-08
 2.31559337e-08 2.29593909e-08 3.90423776e-08 1.73447147e-08
 1.14645528e-08 3.76568829e-08 4.31459775e-08 3.12277142e-08
 2.27684571e-08 1.30842366e-08 2.81840312e-08 2.30534286e-08
 2.48655704e-08 1.60929300e-08 4.08309856e-08 2.08228688e-08
 1.12325005e-08 3.23753726e-08 3.09179219e-08 1.20888377e-08
 2.02823804e-08 3.02595994e-08 1.71400200e-08 2.30964273e-08
 2.98642701e-08 3.17446551e-08 2.11279912e-08 2.88973228e-08
 4.28905600e-08 2.40131730e-08 4.21464698e-08 4.25776501e-08
 2.92767768e-08 1.28646845e-08]","[2.16813889e-08 3.22703334e-08 1.40965544e-08 4.63984655e-08
 3.87662983e-08 2.61569367e-08 3.42220499e-08 2.14095426e-08
 1.31809884e-08 3.88848330e-08 2.12111101e-08 3.08661806e-08
 2.25263249e-08 4.44892516e-08 1.42323661e-08 3.27141219e-08
 3.29328067e-08 4.64311988e-08 3.13833715e-08 1.72161796e-08
 2.52416230e-08 1.75133250e-08 4.05267814e-08 1.30865268e-08
 3.87254272e-08 4.18227616e-08 4.16356564e-08 3.91002780e-08
 3.69616636e-08 3.43783447e-08 1.61317630e-08 3.85984389e-08
 2.95174838e-08 2.25413408e-08 2.83983864e-08 3.71834852e-08
 3.00439753e-08 1.62430237e-08 2.34090263e-08 3.25152456e-08
 4.74241501e-08 2.11010270e-08 1.52403415e-08 3.80779758e-08
 4.21693827e-08 4.38164206e-08 1.87420194e-08 2.47668216e-08
 2.20832406e-08 1.49955933e-08]","[1.e-05 1.e-05 1.e-05 1.e-05 1.e-05 1.e-05 1.e-05 1.e-05 1.e-05 1.e-05
 1.e-05 1.e-05 1.e-05 1.e-05 1.e-05 1.e-05 1.e-05 1.e-05 1.e-05 1.e-05
 1.e-05 1.e-05 1.e-05 1.e-05 1.e-05 1.e-05 1.e-05 1.e-05 1.e-05 1.e-05
 1.e-05 1.e-05 1.e-05 1.e-05 1.e-05 1.e-05 1.e-05 1.e-05 1.e-05 1.e-05
 1.e-05 1.e-05 1.e-05 1.e-05 1.e-05 1.e-05 1.e-05 1.e-05 1.e-05 1.e-05]","[1.e-05 1.e-05 1.e-05 1.e-05 1.e-05 1.e-05 1.e-05 1.e-05 1.e-05 1.e-05
 1.e-05 1.e-05 1.e-05 1.e-05 1.e-05 1.e-05 1.e-05 1.e-05 1.e-05 1.e-05
 1.e-05 1.e-05 1.e-05 1.e-05 1.e-05 1.e-05 1.e-05 1.e-05 1.e-05 1.e-05
 1.e-05 1.e-05 1.e-05 1.e-05 1.e-05 1.e-05 1.e-05 1.e-05 1.e-05 1.e-05
 1.e-05 1.e-05 1.e-05 1.e-05 1.e-05 1.e-05 1.e-05 1.e-05 1.e-05 1.e-05]","[0.35910563 0.37088989 0.3964802  0.3916011  0.39288152 0.38296428
 0.37461686 0.38300925 0.38371891 0.39503964 0.38531035 0.39341879
 0.38942624 0.397038   0.37571654 0.36911112 0.3711381  0.38412517
 0.38085832 0.37147934 0.38716184 0.37044094 0.38980757 0.37533195
 0.37975796 0.38065411 0.3863153  0.38675635 0.36393867 0.36751259
 0.40194625 0.38523311 0.37148444 0.37395503 0.38362565 0.38752026
 0.37328698 0.36844634 0.36445538 0.38272374 0.38738445 0.37431663
 0.39755261 0.3797891  0.38697206 0.39156684 0.38018283 0.39361447
 0.38331587 0.37615307]","[0.38334735 0.39321428 0.41318223 0.41034388 0.42026737 0.40493914
 0.4113236  0.41421275 0.40229048 0.40718757 0.3968701  0.39933657
 0.41194215 0.42804609 0.40262228 0.39304778 0.39568157 0.41523129
 0.39777907 0.41489612 0.41367204 0.39432502 0.40999112 0.40744034
 0.40794494 0.41655206 0.41522919 0.41488205 0.39257919 0.39390707
 0.41789937 0.41303763 0.40243325 0.40640265 0.39897553 0.41652251
 0.40250137 0.39990052 0.39839177 0.41601431 0.40997014 0.39394911
 0.41762041 0.40244168 0.40660334 0.41779644 0.40922058 0.42797149
 0.41461853 0.40621814]","[1.96246660e-231 2.25865848e-247 4.95871558e-284 8.01404669e-277
 1.05250679e-278 2.56846385e-264 1.55002050e-252 2.21507333e-264
 2.13737516e-265 6.83183799e-282 1.10828403e-267 1.70034378e-279
 1.21204371e-273 7.32170275e-285 4.52337794e-254 6.27182784e-245
 1.02755443e-247 5.59180519e-266 2.57068048e-261 3.47646893e-248
 2.35616102e-270 9.37246109e-247 3.36902373e-274 1.55895408e-253
 9.33563688e-260 5.01164816e-261 3.94413030e-269 9.09395395e-270
 6.71026442e-238 9.59160576e-243 3.12917841e-292 1.43161424e-267
 3.42062754e-248 1.29297375e-251 2.90708014e-265 7.13062536e-271
 1.09548562e-250 5.09544671e-244 1.34776118e-238 5.66690820e-264
 1.12172698e-270 4.05960198e-252 1.25016032e-285 8.43456546e-260
 4.43422558e-270 8.99724648e-277 2.33552042e-260 8.74751203e-280
 8.07052849e-265 1.10851363e-254]","[7.27532863e-265 3.40441349e-279 1.67190493e-309 4.36138295e-305
 1.09386134e-320 8.90509538e-297 1.31609353e-306 4.08120158e-311
 9.43195874e-293 3.22413288e-300 1.30257985e-284 2.67176461e-288
 1.43615454e-307 0.00000000e+000 2.96554440e-293 5.98925651e-279
 7.62813401e-283 1.02897767e-312 5.73830147e-286 3.45864816e-312
 2.86694317e-310 7.80423441e-281 1.53460136e-304 1.31869795e-300
 2.20898812e-301 8.56610867e-315 1.03682686e-312 3.63916773e-312
 2.93188468e-278 3.23555908e-280 6.35679682e-317 2.81239752e-309
 5.73379021e-293 5.15575233e-299 9.29651648e-288 9.53679682e-315
 4.52144060e-293 3.79992303e-289 6.96113255e-287 6.03196460e-314
 1.65375045e-304 2.80456804e-280 1.75726838e-316 5.56764811e-293
 2.53944352e-299 9.25176755e-317 2.38499677e-303 0.00000000e+000
 9.43122346e-312 9.88308938e-299]","[0.08971715 0.09695816 0.10447085 0.10083473 0.10688615 0.10699379
 0.10421252 0.10635757 0.11041498 0.11735344 0.10060787 0.10323095
 0.10221946 0.10875678 0.09300101 0.09238923 0.10091233 0.10598719
 0.10522294 0.10499513 0.10434914 0.08894563 0.11453211 0.09260201
 0.10445786 0.10895145 0.09501731 0.10837781 0.0832988  0.08951414
 0.10927248 0.10389125 0.10522199 0.10633528 0.1120261  0.10528851
 0.10916018 0.10428154 0.09977019 0.11083829 0.10929286 0.09454298
 0.11027682 0.10601163 0.100106   0.10560465 0.10279417 0.1046474
 0.10369647 0.0940311 ]","[0.10768747 0.11394072 0.11757541 0.1130656  0.12588918 0.1226877
 0.12881172 0.13060474 0.12801683 0.1340512  0.11266649 0.11283648
 0.11979401 0.12914336 0.11077189 0.10786271 0.11889756 0.12795079
 0.11938643 0.12728512 0.12190151 0.10669839 0.13248479 0.11146724
 0.12558615 0.12934744 0.11276627 0.12896478 0.10038829 0.10848403
 0.12726319 0.12187719 0.1241833  0.12773824 0.12851262 0.127455
 0.12707281 0.12307334 0.12169099 0.13123059 0.12752855 0.10752046
 0.12874281 0.12355709 0.11439848 0.12589061 0.12189853 0.12603247
 0.12280035 0.11096048]","[0.23084064 0.23877038 0.24686889 0.24357092 0.25236148 0.25391656
 0.24666453 0.25187983 0.25503894 0.26173541 0.24284105 0.24408632
 0.24475931 0.25354056 0.23255223 0.23670298 0.24399323 0.25125793
 0.24992068 0.2522093  0.24703549 0.23171275 0.26138002 0.23670159
 0.24963924 0.25569966 0.2372481  0.25305436 0.22497531 0.23240354
 0.25094671 0.24769771 0.24950515 0.25150717 0.25894949 0.24581139
 0.25420876 0.24841714 0.2441336  0.25666753 0.25298887 0.23871371
 0.25487376 0.24796467 0.24297532 0.24818309 0.24701131 0.24779846
 0.24654231 0.23767543]","[0.25395016 0.26185254 0.26426869 0.25931234 0.27546339 0.2734914
 0.27572674 0.27974137 0.27726706 0.28258598 0.25941169 0.25855897
 0.26704601 0.27722664 0.25691913 0.25737187 0.26669169 0.27755647
 0.26858301 0.27788962 0.26874789 0.25562983 0.28286959 0.25925406
 0.27512366 0.27980818 0.25945965 0.2764755  0.24736554 0.25693236
 0.27256796 0.2707886  0.2720889  0.2768658  0.27994933 0.27284542
 0.27514888 0.27175127 0.2697957  0.28072739 0.27505296 0.25659524
 0.27720729 0.27011869 0.2627218  0.27338048 0.27021506 0.27239884
 0.26954269 0.25909485]",5.173150929943137e-113,3.343071782826624e-123,3.5762243602206224e-112,2.340149281321624e-122,2.6170182119145124e-08,2.9461236639161113e-08,8.815476722957577e-09,1.0305093688171564e-08,1e-05,1e-05,0.0,0.0,0.38158263232231143,0.4072154697704315,0.009809187492098307,0.009551525671392825,0.10297316789627076,0.12112882852554321,0.007022609357134427,0.008168723589226766,0.24671865577253585,0.26922876335704765,0.00805552617823909,0.00871073307928497
df3,0.55,-1.0,0.55,"[1.12215372e-128 1.81440195e-131 6.84127225e-125 7.84645245e-121
 1.12215372e-128 7.05518906e-115 1.70527622e-141 2.26605441e-129
 1.70515873e-119 1.65526914e-137 4.59306180e-144 2.92297102e-126
 6.16042076e-134 6.44036529e-126 1.37294733e-138 3.63777125e-118
 1.12671987e-139 2.63328336e-152 7.84645245e-121 3.66625391e-120
 7.48112939e-123 2.72168499e-134 1.97454306e-136 6.47280639e-146
 1.69706671e-120 8.65193381e-137 5.97340427e-139 1.39274712e-133
 4.50098708e-136 1.32505188e-126 6.64504909e-149 3.73908448e-148
 5.99978104e-127 2.79630084e-149 9.14846799e-141 2.49277144e-128
 3.15189803e-138 4.55467848e-130 1.22580667e-127 1.39274712e-133
 7.79563234e-118 4.50098708e-136 2.03839988e-130 2.77174564e-112
 1.52170582e-145 4.59306180e-144 3.54443794e-122 1.37294733e-138
 4.55467848e-130 6.84127225e-125]","[1.70527622e-141 8.38015691e-145 1.70527622e-141 5.97340427e-139
 2.09388117e-147 8.08221677e-132 6.58533558e-157 7.34927700e-142
 1.36018053e-142 9.46545979e-156 1.49683070e-169 6.31809023e-152
 1.85265048e-158 1.34579277e-154 4.59306180e-144 1.96307101e-144
 2.06878284e-150 9.55305708e-165 1.39274712e-133 2.72168499e-134
 1.65526914e-137 4.53189266e-158 9.46545979e-156 3.82523532e-165
 3.14502261e-133 1.16697210e-146 2.32739056e-170 3.25242831e-154
 9.11163913e-163 8.38015691e-145 3.78897656e-169 2.41889424e-168
 4.55776756e-153 1.29483446e-173 9.46545979e-156 2.63328336e-152
 1.10723264e-157 2.59582860e-139 7.34927700e-142 3.57314355e-145
 3.15189803e-138 2.09388117e-147 4.55776756e-153 4.55467848e-130
 3.08488950e-159 2.29586024e-155 1.81440195e-131 6.58533558e-157
 2.75002067e-146 1.36018053e-142]","[1.12215372e-128 1.81440195e-131 6.84127225e-125 7.84645245e-121
 1.12215372e-128 7.05518906e-115 1.70527622e-141 2.26605441e-129
 1.70515873e-119 1.65526914e-137 4.59306180e-144 2.92297102e-126
 6.16042076e-134 6.44036529e-126 1.37294733e-138 3.63777125e-118
 1.12671987e-139 2.63328336e-152 7.84645245e-121 3.66625391e-120
 7.48112939e-123 2.72168499e-134 1.97454306e-136 6.47280639e-146
 1.69706671e-120 8.65193381e-137 5.97340427e-139 1.39274712e-133
 4.50098708e-136 1.32505188e-126 6.64504909e-149 3.73908448e-148
 5.99978104e-127 2.79630084e-149 9.14846799e-141 2.49277144e-128
 3.15189803e-138 4.55467848e-130 1.22580667e-127 1.39274712e-133
 7.79563234e-118 4.50098708e-136 2.03839988e-130 2.77174564e-112
 1.52170582e-145 4.59306180e-144 3.54443794e-122 1.37294733e-138
 4.55467848e-130 6.84127225e-125]","[1.70527622e-141 8.38015691e-145 1.70527622e-141 5.97340427e-139
 2.09388117e-147 8.08221677e-132 6.58533558e-157 7.34927700e-142
 1.36018053e-142 9.46545979e-156 1.49683070e-169 6.31809023e-152
 1.85265048e-158 1.34579277e-154 4.59306180e-144 1.96307101e-144
 2.06878284e-150 9.55305708e-165 1.39274712e-133 2.72168499e-134
 1.65526914e-137 4.53189266e-158 9.46545979e-156 3.82523532e-165
 3.14502261e-133 1.16697210e-146 2.32739056e-170 3.25242831e-154
 9.11163913e-163 8.38015691e-145 3.78897656e-169 2.41889424e-168
 4.55776756e-153 1.29483446e-173 9.46545979e-156 2.63328336e-152
 1.10723264e-157 2.59582860e-139 7.34927700e-142 3.57314355e-145
 3.15189803e-138 2.09388117e-147 4.55776756e-153 4.55467848e-130
 3.08488950e-159 2.29586024e-155 1.81440195e-131 6.58533558e-157
 2.75002067e-146 1.36018053e-142]","[1.57079729e-08 3.78566369e-08 3.75840560e-08 1.35486730e-08
 1.44432276e-08 1.40494425e-08 1.48217172e-08 2.88795475e-08
 1.14100372e-08 2.28229005e-08 2.05177847e-08 1.54446808e-08
 3.95555485e-08 2.44964279e-08 2.71608976e-08 3.26832250e-08
 3.58940856e-08 3.31245462e-08 2.30177357e-08 1.93169454e-08
 3.33692849e-08 2.90797197e-08 2.95376792e-08 2.45146881e-08
 2.04902713e-08 3.54048350e-08 4.11819390e-08 2.42959893e-08
 1.54512967e-08 1.13222582e-08 2.38112221e-08 1.82139787e-08
 2.40299011e-08 1.80754816e-08 1.51350142e-08 3.93392089e-08
 2.63069660e-08 3.68890244e-08 1.39366326e-08 2.10547322e-08
 3.95265327e-08 2.82224610e-08 2.95392094e-08 3.57421137e-08
 1.41081257e-08 2.52277531e-08 3.28881026e-08 3.23315006e-08
 1.31682315e-08 3.70671933e-08]","[3.01913929e-08 3.97249380e-08 2.15818222e-08 1.82727358e-08
 2.12489384e-08 3.57675838e-08 4.36611002e-08 3.49826215e-08
 1.74777648e-08 1.59934083e-08 1.97627631e-08 4.08781549e-08
 2.18773450e-08 2.80648323e-08 4.01898845e-08 4.26365135e-08
 3.65759196e-08 3.51634106e-08 3.76661966e-08 3.19189615e-08
 1.98643269e-08 2.22989716e-08 1.83017816e-08 4.24159615e-08
 4.25155225e-08 3.46315370e-08 1.79660158e-08 1.79631254e-08
 2.48496473e-08 3.77190442e-08 5.10401476e-08 4.23400538e-08
 2.14630121e-08 4.48495177e-08 2.75268226e-08 4.45457621e-08
 1.77874026e-08 3.90903113e-08 2.04480151e-08 1.92707540e-08
 2.31860730e-08 2.77683090e-08 1.66974158e-08 2.45701440e-08
 2.55186139e-08 3.78523002e-08 3.64165106e-08 4.57178093e-08
 2.44649968e-08 1.75514303e-08]","[1.e-05 1.e-05 1.e-05 1.e-05 1.e-05 1.e-05 1.e-05 1.e-05 1.e-05 1.e-05
 1.e-05 1.e-05 1.e-05 1.e-05 1.e-05 1.e-05 1.e-05 1.e-05 1.e-05 1.e-05
 1.e-05 1.e-05 1.e-05 1.e-05 1.e-05 1.e-05 1.e-05 1.e-05 1.e-05 1.e-05
 1.e-05 1.e-05 1.e-05 1.e-05 1.e-05 1.e-05 1.e-05 1.e-05 1.e-05 1.e-05
 1.e-05 1.e-05 1.e-05 1.e-05 1.e-05 1.e-05 1.e-05 1.e-05 1.e-05 1.e-05]","[1.e-05 1.e-05 1.e-05 1.e-05 1.e-05 1.e-05 1.e-05 1.e-05 1.e-05 1.e-05
 1.e-05 1.e-05 1.e-05 1.e-05 1.e-05 1.e-05 1.e-05 1.e-05 1.e-05 1.e-05
 1.e-05 1.e-05 1.e-05 1.e-05 1.e-05 1.e-05 1.e-05 1.e-05 1.e-05 1.e-05
 1.e-05 1.e-05 1.e-05 1.e-05 1.e-05 1.e-05 1.e-05 1.e-05 1.e-05 1.e-05
 1.e-05 1.e-05 1.e-05 1.e-05 1.e-05 1.e-05 1.e-05 1.e-05 1.e-05 1.e-05]","[0.3771334  0.40087875 0.38501528 0.37232104 0.38339616 0.36730129
 0.37605868 0.38500713 0.36838404 0.3832664  0.39287152 0.37993297
 0.38132295 0.38525867 0.38880979 0.37080871 0.40571802 0.40002328
 0.37230228 0.38484099 0.37135241 0.38823081 0.37031021 0.40336531
 0.36706336 0.38134719 0.384968   0.39561123 0.38279434 0.39405671
 0.39962633 0.38206465 0.37858605 0.40403361 0.39173252 0.3792433
 0.39996364 0.3719781  0.38374766 0.36776716 0.38476279 0.38378777
 0.38591553 0.36642897 0.39890559 0.39400699 0.38542699 0.38651821
 0.38414642 0.37016563]","[0.40534361 0.43486763 0.41412417 0.40789467 0.4121909  0.4013759
 0.4008875  0.41908803 0.39760863 0.41288539 0.43316744 0.41287328
 0.42534358 0.4252816  0.40768004 0.40794609 0.42582952 0.42582313
 0.40455219 0.41659994 0.39856988 0.42103459 0.40300704 0.42906841
 0.40633532 0.41227593 0.42878637 0.42026348 0.42029685 0.42827906
 0.42471472 0.41566386 0.40986189 0.43806942 0.41841065 0.41936961
 0.43631306 0.39581289 0.41391824 0.40175436 0.41216454 0.41375989
 0.42569496 0.39559072 0.42233179 0.42618436 0.40753364 0.41400021
 0.41668144 0.41380594]","[4.68003886e-256 1.27996673e-290 2.94565561e-267 2.38820826e-249
 6.19438406e-265 1.86134868e-242 1.50266507e-254 3.02631136e-267
 6.19932726e-244 9.49893132e-265 1.08877624e-278 5.27680685e-260
 5.62003833e-262 1.31531976e-267 9.57230409e-273 2.92194063e-247
 5.75586547e-298 2.48437295e-289 2.53531191e-249 5.24531566e-267
 5.20324837e-248 6.64445565e-272 1.41793684e-246 2.21322444e-294
 3.92493898e-242 5.19113715e-262 3.44496526e-267 9.70146691e-283
 4.49260347e-264 1.94498796e-280 9.81228489e-289 4.93999460e-263
 4.22624468e-258 2.13410990e-295 5.14114804e-277 4.98937146e-259
 3.05409898e-289 7.11720077e-249 1.94401594e-265 4.31248945e-243
 6.79450793e-267 1.70304855e-265 1.48857723e-268 2.86129433e-241
 1.18346491e-287 2.30341713e-280 7.52881979e-268 2.00862191e-269
 5.21283389e-266 2.24084710e-246]","[2.14915134e-297 0.00000000e+000 5.61797276e-311 2.63957880e-301
 5.88582929e-308 2.27613566e-291 1.24169136e-290 8.27233873e-319
 1.03116383e-285 4.86165777e-309 0.00000000e+000 5.07786195e-309
 0.00000000e+000 0.00000000e+000 5.64518195e-301 2.20000019e-301
 0.00000000e+000 0.00000000e+000 3.46416644e-296 7.19869558e-315
 3.76767065e-287 6.32404027e-322 7.74065328e-294 0.00000000e+000
 6.53785284e-299 4.33831510e-308 0.00000000e+000 1.11164770e-320
 9.84178767e-321 0.00000000e+000 0.00000000e+000 2.14865790e-313
 2.43220687e-304 0.00000000e+000 9.83966318e-318 2.95135054e-319
 0.00000000e+000 4.86876045e-283 1.18057348e-310 6.10267406e-292
 6.46952391e-308 2.08906399e-310 0.00000000e+000 1.04058196e-282
 0.00000000e+000 0.00000000e+000 9.47868870e-301 8.78481784e-311
 5.35367020e-315 1.76964500e-310]","[0.10728598 0.11553895 0.0946995  0.10204005 0.09668338 0.09622884
 0.10009158 0.10748208 0.1074326  0.10138357 0.12076151 0.10192299
 0.11229146 0.09732664 0.10766602 0.09183156 0.10691476 0.1164875
 0.09469092 0.10849142 0.10332239 0.11328161 0.09296012 0.11619961
 0.10317624 0.1006614  0.10056055 0.11139762 0.10557795 0.10412335
 0.1052283  0.10424364 0.1048739  0.11236167 0.11453557 0.09830964
 0.11286473 0.09366059 0.11308384 0.09937882 0.10980916 0.09704781
 0.12108493 0.09117496 0.11529374 0.12098789 0.10799885 0.10871828
 0.10383677 0.10152948]","[0.12972331 0.1377095  0.11395407 0.12782919 0.11473846 0.11770678
 0.11423469 0.13045394 0.12595832 0.12267184 0.14607394 0.12563121
 0.13508713 0.1220119  0.12644041 0.11684358 0.12325621 0.13306439
 0.11452913 0.12736225 0.12557721 0.13694322 0.11572945 0.13551784
 0.12735665 0.12107027 0.12867641 0.1296854  0.12538838 0.13056433
 0.12517595 0.12628198 0.127303   0.13683236 0.13252664 0.12411797
 0.13645458 0.1105026  0.1355896  0.11861753 0.12969172 0.11429036
 0.14387512 0.11122251 0.13466513 0.14511037 0.12807572 0.13009667
 0.12657094 0.12775779]","[0.25003824 0.26074648 0.23659181 0.24651686 0.2389769  0.23647948
 0.24303372 0.25295026 0.25480741 0.24282685 0.26978857 0.24577046
 0.25939607 0.24237535 0.25201778 0.23442428 0.24866372 0.25930572
 0.23907682 0.25272794 0.24943472 0.2609215  0.2362078  0.25983044
 0.24865835 0.24318192 0.24607175 0.25951694 0.25125298 0.24895627
 0.24675166 0.24892602 0.25026591 0.25567378 0.26316677 0.2404581
 0.25805565 0.2319059  0.25809373 0.24280276 0.25543196 0.24058005
 0.26626561 0.23338927 0.2578298  0.26654681 0.25236204 0.25393156
 0.24693175 0.24547773]","[0.27668014 0.28549941 0.26071381 0.27623318 0.26215001 0.26289963
 0.26098916 0.27920979 0.27719348 0.2684053  0.29722326 0.27458127
 0.28529953 0.27201649 0.27532904 0.26543805 0.26878506 0.27992366
 0.26451027 0.27527038 0.27577953 0.28748827 0.26471757 0.28329542
 0.27694463 0.26835106 0.27852952 0.2811684  0.27476017 0.27875451
 0.27045955 0.27490877 0.27635854 0.28401726 0.28446012 0.27137138
 0.2841039  0.25492541 0.28397467 0.26637876 0.27979324 0.2629702
 0.29163078 0.25860516 0.28084062 0.29311892 0.27703599 0.27801722
 0.27360876 0.27578726]",5.557624996091361e-114,9.643501969254047e-132,3.880254544394651e-113,6.374884322385288e-131,2.543194870918697e-08,3.000535246044933e-08,8.95997361469085e-09,1.0030525761340227e-08,1e-05,1e-05,0.0,0.0,0.38397117669105524,0.4156183276844025,0.010729229593235643,0.010779256147207048,0.1054906940460205,0.12693095922470093,0.007818713431121753,0.008481647036194332,0.24970788486188047,0.2752101301438758,0.009146668609045089,0.009106150481716703
df3,0.6000000000000001,-1.0,0.6000000000000001,"[1.01652477e-129 5.04562598e-129 7.19151616e-124 3.11577768e-125
 3.59598810e-132 5.04562598e-129 1.41739559e-125 1.67153521e-121
 2.50543477e-143 1.66475925e-107 7.79563234e-118 1.67153521e-121
 3.11577768e-125 3.56765397e-117 7.09357420e-133 1.67153521e-121
 3.66625391e-120 2.03839988e-130 1.20103174e-134 1.22580667e-127
 9.11197923e-131 5.29370851e-135 1.70515873e-119 2.96475930e-175
 1.41739559e-125 6.84127225e-125 3.95211198e-141 1.01652477e-129
 1.57721865e-148 1.02479477e-135 1.12215372e-128 6.84127225e-125
 7.91123773e-120 7.91123773e-120 1.62932937e-122 2.79630084e-149
 5.99978104e-127 1.20103174e-134 8.08221677e-132 7.19151616e-124
 2.59582860e-139 1.51408902e-151 3.63777125e-118 3.62364483e-121
 4.50098708e-136 7.84645245e-121 3.73908448e-148 4.50098708e-136
 3.78658116e-137 3.14502261e-133]","[1.47709060e-163 8.85357293e-148 9.55305708e-165 2.29586024e-155
 6.58533558e-157 1.96307101e-144 8.66394516e-151 4.93392456e-150
 1.85265048e-158 1.20103174e-134 1.96307101e-144 2.79630084e-149
 4.94613442e-147 2.50543477e-143 2.38284114e-164 6.31809023e-152
 1.37294733e-138 3.86593734e-167 3.41677257e-161 4.88474039e-140
 4.93392456e-150 7.56450039e-159 2.09388117e-147 6.65122023e-201
 1.89275526e-153 3.62405363e-151 8.66394516e-151 5.29370851e-135
 2.17137680e-172 3.67085321e-163 1.09619158e-152 3.62405363e-151
 2.75002067e-146 7.85078471e-154 2.33052754e-135 1.96416771e-174
 6.11074430e-166 6.31809023e-152 8.66394516e-151 3.16357866e-142
 2.38284114e-164 5.23469135e-184 3.62405363e-151 3.25242831e-154
 3.78897656e-169 1.60309113e-156 6.65489851e-177 9.71405854e-167
 5.11181442e-160 1.52982644e-165]","[1.01652477e-129 5.04562598e-129 7.19151616e-124 3.11577768e-125
 3.59598810e-132 5.04562598e-129 1.41739559e-125 1.67153521e-121
 2.50543477e-143 1.66475925e-107 7.79563234e-118 1.67153521e-121
 3.11577768e-125 3.56765397e-117 7.09357420e-133 1.67153521e-121
 3.66625391e-120 2.03839988e-130 1.20103174e-134 1.22580667e-127
 9.11197923e-131 5.29370851e-135 1.70515873e-119 2.96475930e-175
 1.41739559e-125 6.84127225e-125 3.95211198e-141 1.01652477e-129
 1.57721865e-148 1.02479477e-135 1.12215372e-128 6.84127225e-125
 7.91123773e-120 7.91123773e-120 1.62932937e-122 2.79630084e-149
 5.99978104e-127 1.20103174e-134 8.08221677e-132 7.19151616e-124
 2.59582860e-139 1.51408902e-151 3.63777125e-118 3.62364483e-121
 4.50098708e-136 7.84645245e-121 3.73908448e-148 4.50098708e-136
 3.78658116e-137 3.14502261e-133]","[1.47709060e-163 8.85357293e-148 9.55305708e-165 2.29586024e-155
 6.58533558e-157 1.96307101e-144 8.66394516e-151 4.93392456e-150
 1.85265048e-158 1.20103174e-134 1.96307101e-144 2.79630084e-149
 4.94613442e-147 2.50543477e-143 2.38284114e-164 6.31809023e-152
 1.37294733e-138 3.86593734e-167 3.41677257e-161 4.88474039e-140
 4.93392456e-150 7.56450039e-159 2.09388117e-147 6.65122023e-201
 1.89275526e-153 3.62405363e-151 8.66394516e-151 5.29370851e-135
 2.17137680e-172 3.67085321e-163 1.09619158e-152 3.62405363e-151
 2.75002067e-146 7.85078471e-154 2.33052754e-135 1.96416771e-174
 6.11074430e-166 6.31809023e-152 8.66394516e-151 3.16357866e-142
 2.38284114e-164 5.23469135e-184 3.62405363e-151 3.25242831e-154
 3.78897656e-169 1.60309113e-156 6.65489851e-177 9.71405854e-167
 5.11181442e-160 1.52982644e-165]","[2.25113138e-08 1.58657651e-08 1.16075541e-08 1.68584240e-08
 1.58809857e-08 1.75852575e-08 3.44359219e-08 2.15313387e-08
 1.82083976e-08 1.04653500e-08 2.92407656e-08 2.90771189e-08
 3.99714652e-08 1.01495343e-08 2.19095234e-08 2.76731213e-08
 3.46075640e-08 2.43141800e-08 1.59566784e-08 1.60584812e-08
 2.22239285e-08 2.91268548e-08 3.00392715e-08 1.68755692e-08
 1.28696861e-08 2.70651902e-08 2.33945713e-08 1.81292861e-08
 2.90603889e-08 2.16435906e-08 1.89567905e-08 1.16612747e-08
 2.06907713e-08 1.53094500e-08 3.26310653e-08 2.72840490e-08
 2.50550086e-08 1.75918052e-08 3.53303006e-08 2.49589605e-08
 1.50976679e-08 3.10622656e-08 2.25031679e-08 2.02867682e-08
 2.15304892e-08 1.80404128e-08 1.94283294e-08 1.47114193e-08
 2.04902811e-08 1.60793190e-08]","[3.91914120e-08 3.52723372e-08 2.17191500e-08 2.39419780e-08
 1.73057455e-08 2.85291594e-08 4.23857712e-08 3.70699637e-08
 3.49854715e-08 1.34182158e-08 3.11160857e-08 4.13061960e-08
 4.47519753e-08 2.11358034e-08 2.96247659e-08 3.32575270e-08
 3.30700612e-08 2.01949196e-08 2.37195334e-08 2.67202356e-08
 3.49662684e-08 2.33299539e-08 3.77815076e-08 4.08040979e-08
 2.44318910e-08 2.36519543e-08 2.19554652e-08 1.82953068e-08
 1.72086867e-08 2.58139274e-08 2.05366012e-08 1.48496120e-08
 2.25084763e-08 2.52771598e-08 2.63984884e-08 2.45695362e-08
 4.46155245e-08 3.16806724e-08 2.09452619e-08 3.41368815e-08
 4.78578973e-08 2.60693713e-08 3.35908330e-08 2.98547599e-08
 2.28501110e-08 2.07708457e-08 4.30681013e-08 4.67983583e-08
 1.54461687e-08 2.90820207e-08]","[1.e-05 1.e-05 1.e-05 1.e-05 1.e-05 1.e-05 1.e-05 1.e-05 1.e-05 1.e-05
 1.e-05 1.e-05 1.e-05 1.e-05 1.e-05 1.e-05 1.e-05 1.e-05 1.e-05 1.e-05
 1.e-05 1.e-05 1.e-05 1.e-05 1.e-05 1.e-05 1.e-05 1.e-05 1.e-05 1.e-05
 1.e-05 1.e-05 1.e-05 1.e-05 1.e-05 1.e-05 1.e-05 1.e-05 1.e-05 1.e-05
 1.e-05 1.e-05 1.e-05 1.e-05 1.e-05 1.e-05 1.e-05 1.e-05 1.e-05 1.e-05]","[1.e-05 1.e-05 1.e-05 1.e-05 1.e-05 1.e-05 1.e-05 1.e-05 1.e-05 1.e-05
 1.e-05 1.e-05 1.e-05 1.e-05 1.e-05 1.e-05 1.e-05 1.e-05 1.e-05 1.e-05
 1.e-05 1.e-05 1.e-05 1.e-05 1.e-05 1.e-05 1.e-05 1.e-05 1.e-05 1.e-05
 1.e-05 1.e-05 1.e-05 1.e-05 1.e-05 1.e-05 1.e-05 1.e-05 1.e-05 1.e-05
 1.e-05 1.e-05 1.e-05 1.e-05 1.e-05 1.e-05 1.e-05 1.e-05 1.e-05 1.e-05]","[0.36645237 0.39582523 0.37000343 0.386672   0.39329671 0.3743326
 0.38225045 0.3665472  0.39631368 0.36425689 0.38874304 0.37576233
 0.3853328  0.3887337  0.38998206 0.38047938 0.37905142 0.36098264
 0.3857396  0.38037533 0.37454581 0.37065214 0.36479274 0.41117218
 0.37304334 0.38055136 0.41143425 0.37866157 0.40264696 0.38646033
 0.36995863 0.38149242 0.36027201 0.38339941 0.36499606 0.39747442
 0.37792403 0.38821688 0.37519161 0.37848535 0.38628373 0.3957247
 0.37700079 0.38997239 0.39319033 0.37685602 0.39564364 0.38326198
 0.37575089 0.37842732]","[0.41659575 0.42203068 0.42679112 0.43946926 0.43154002 0.4096221
 0.42450894 0.41208801 0.43032805 0.41045482 0.42344598 0.40978423
 0.42544048 0.43749143 0.44209742 0.43464085 0.41325977 0.40718785
 0.42938609 0.41990758 0.41380528 0.40111683 0.41700084 0.44778338
 0.42057092 0.42105496 0.43721539 0.40285767 0.43949231 0.42614902
 0.40350512 0.42182853 0.39796372 0.43075599 0.40404304 0.44058921
 0.4234689  0.42487917 0.41073017 0.42279338 0.4296114  0.4427813
 0.41765133 0.43458657 0.44065161 0.42568451 0.42139302 0.42193452
 0.41734288 0.41826748]","[2.65928511e-241 4.66757661e-283 3.74363349e-246 1.20417293e-269
 2.57362837e-279 3.85693109e-252 2.68424221e-263 1.97653777e-241
 8.77208797e-284 2.49772012e-238 1.19700954e-272 3.90336459e-254
 1.02881747e-267 1.23507331e-272 1.87440110e-274 8.86968252e-261
 9.31394373e-259 6.21220635e-234 2.66923939e-268 1.24590625e-260
 1.94682605e-252 4.79990344e-247 4.71916156e-239 2.26226252e-306
 2.38553663e-250 7.01107124e-261 8.85741598e-307 3.30702663e-258
 2.72083034e-293 2.43505903e-269 4.31354482e-246 3.22589279e-262
 5.51211594e-233 6.12843426e-265 2.50579031e-239 1.63559885e-285
 3.62019895e-257 6.96128657e-272 2.44774861e-253 5.86080529e-258
 4.38045572e-269 6.58235991e-283 7.18486983e-256 1.93630474e-274
 3.69263074e-279 1.14700485e-255 8.68406292e-283 9.63800729e-265
 4.04978279e-254 7.07569833e-258]","[7.30904699e-315 0.00000000e+000 0.00000000e+000 0.00000000e+000
 0.00000000e+000 5.71390238e-304 0.00000000e+000 8.51285434e-308
 0.00000000e+000 2.93550738e-305 0.00000000e+000 3.20753029e-304
 0.00000000e+000 0.00000000e+000 0.00000000e+000 0.00000000e+000
 1.26488773e-309 3.22095459e-300 0.00000000e+000 4.10667365e-320
 1.77386497e-310 5.59986499e-291 1.67632398e-315 0.00000000e+000
 3.58691659e-321 5.53353523e-322 0.00000000e+000 1.30410422e-293
 0.00000000e+000 0.00000000e+000 1.35729715e-294 0.00000000e+000
 3.03992183e-286 0.00000000e+000 2.06471307e-295 0.00000000e+000
 0.00000000e+000 0.00000000e+000 1.09823847e-305 0.00000000e+000
 0.00000000e+000 0.00000000e+000 1.57002847e-316 0.00000000e+000
 0.00000000e+000 0.00000000e+000 1.67982320e-322 0.00000000e+000
 4.82861393e-316 1.65952599e-317]","[0.10291719 0.1084013  0.09729731 0.10834491 0.10374844 0.10759342
 0.10528529 0.09165239 0.10930181 0.09566534 0.09928679 0.10203493
 0.10262644 0.09993958 0.10858679 0.10576844 0.10419428 0.09615421
 0.10333037 0.1015712  0.10813034 0.09797108 0.10867488 0.12039089
 0.10547173 0.10698819 0.11371124 0.11356688 0.1092124  0.10248542
 0.09901023 0.09377944 0.09541142 0.10928607 0.09541464 0.10808575
 0.10312116 0.11630106 0.10282099 0.10281074 0.10987699 0.11033058
 0.09989262 0.10803318 0.11340344 0.10152578 0.11586106 0.11543906
 0.10661459 0.09199405]","[0.13424647 0.12787986 0.12578201 0.14056993 0.1293385  0.12725365
 0.13254547 0.12011945 0.13114333 0.12535334 0.12378144 0.12706327
 0.13112676 0.13211179 0.13781488 0.13686323 0.12845778 0.12377465
 0.13389826 0.12543833 0.13090265 0.11995435 0.13728988 0.14724064
 0.13476586 0.12997258 0.13940322 0.13479209 0.1317364  0.13138461
 0.12412179 0.12184751 0.12130737 0.13831735 0.11980975 0.13339674
 0.13233459 0.13907039 0.12478125 0.1342876  0.13684714 0.13801157
 0.12558937 0.14158261 0.1410073  0.12823081 0.14019668 0.14171207
 0.13106883 0.11940634]","[0.24764959 0.25157245 0.23899975 0.25132858 0.24789567 0.25319514
 0.25086191 0.23201639 0.25111246 0.23830596 0.24295617 0.24445942
 0.24751684 0.24404571 0.25480971 0.24890228 0.24842572 0.23854016
 0.24603018 0.2478343  0.25458353 0.24103292 0.25513969 0.26605712
 0.24972066 0.25207136 0.25580198 0.25959694 0.25571771 0.24615859
 0.24116637 0.23713234 0.24045707 0.25270224 0.23901969 0.25052206
 0.24635446 0.26047276 0.24704789 0.24504461 0.25580524 0.25356892
 0.24374574 0.25333368 0.25872042 0.24833328 0.26167218 0.26266128
 0.25342898 0.23412161]","[0.28193192 0.27644958 0.27157549 0.28586101 0.27741068 0.2762329
 0.28144251 0.26652683 0.27768829 0.27169413 0.27259095 0.27414734
 0.28030915 0.28081375 0.2875232  0.28369864 0.27783773 0.2714511
 0.28114846 0.27606417 0.28117893 0.26877196 0.28697106 0.29490836
 0.28215034 0.27883716 0.2867198  0.28452208 0.28231471 0.28020131
 0.27163536 0.27042171 0.27097213 0.28578598 0.26939742 0.27913183
 0.27983087 0.28621993 0.27340827 0.2808125  0.28559259 0.284061
 0.27453599 0.29057266 0.28917085 0.27831556 0.28930507 0.29135638
 0.2814336  0.26783469]",3.329518505983438e-109,3.9271951213200856e-136,2.330662953509949e-108,1.843860103357222e-135,2.186073348564577e-08,2.8957240960636453e-08,6.99599309222401e-09,8.974159897439131e-09,1e-05,1e-05,0.0,0.0,0.3818923231220245,0.422871577796936,0.011749683077053378,0.011980489170099088,0.1047863268852234,0.13129863500595093,0.006520958189052074,0.00673816669543386,0.24895299449252023,0.27957535845494424,0.007445114633160081,0.0066875427031453894
df3,0.65,-1.0,0.65,"[1.36018053e-142 7.70163359e-122 2.26605441e-129 5.53102464e-128
 7.34927700e-142 1.81440195e-131 9.14846799e-141 1.41739559e-125
 7.22731515e-138 1.12215372e-128 1.59807269e-132 3.11577768e-125
 1.41739559e-125 1.37294733e-138 5.04562598e-129 4.06843613e-131
 2.03839988e-130 5.99978104e-127 3.43101012e-123 2.09388117e-147
 2.72168499e-134 2.72168499e-134 4.06843613e-131 3.54443794e-122
 1.97454306e-136 7.19151616e-124 6.84127225e-125 7.09357420e-133
 8.38015691e-145 1.12671987e-139 1.69558264e-118 2.77174564e-112
 4.59306180e-144 1.57171273e-123 9.11197923e-131 2.79630084e-149
 7.22731515e-138 3.14502261e-133 4.37383916e-109 2.92297102e-126
 1.37294733e-138 2.97606811e-113 2.06878284e-150 1.67153521e-121
 7.79563234e-118 1.01205796e-109 1.12671987e-139 1.01652477e-129
 5.53102464e-128 4.06843613e-131]","[1.46437154e-178 3.41677257e-161 3.16357866e-142 3.16357866e-142
 6.10046832e-168 3.41677257e-161 9.55305708e-165 5.11181442e-160
 1.41383100e-171 2.70191421e-157 4.45291617e-176 5.97340427e-139
 3.41677257e-161 2.43788785e-166 1.85265048e-158 2.43788785e-166
 3.86593734e-167 5.59326537e-162 1.89275526e-153 2.41889424e-168
 1.70527622e-141 6.11074430e-166 5.90593359e-170 3.31837362e-173
 1.25652552e-159 1.57721865e-148 9.11163913e-163 3.08488950e-159
 2.29586024e-155 3.31837362e-173 2.63328336e-152 5.84114683e-143
 6.65489851e-177 7.56450039e-159 8.42942072e-161 1.96416771e-174
 6.10046832e-168 3.41677257e-161 7.09357420e-133 1.34579277e-154
 5.04621141e-174 1.34579277e-154 3.31837362e-173 1.16697210e-146
 7.85078471e-154 7.34927700e-142 1.85265048e-158 1.85265048e-158
 9.55305708e-165 3.78897656e-169]","[1.36018053e-142 7.70163359e-122 2.26605441e-129 5.53102464e-128
 7.34927700e-142 1.81440195e-131 9.14846799e-141 1.41739559e-125
 7.22731515e-138 1.12215372e-128 1.59807269e-132 3.11577768e-125
 1.41739559e-125 1.37294733e-138 5.04562598e-129 4.06843613e-131
 2.03839988e-130 5.99978104e-127 3.43101012e-123 2.09388117e-147
 2.72168499e-134 2.72168499e-134 4.06843613e-131 3.54443794e-122
 1.97454306e-136 7.19151616e-124 6.84127225e-125 7.09357420e-133
 8.38015691e-145 1.12671987e-139 1.69558264e-118 2.77174564e-112
 4.59306180e-144 1.57171273e-123 9.11197923e-131 2.79630084e-149
 7.22731515e-138 3.14502261e-133 4.37383916e-109 2.92297102e-126
 1.37294733e-138 2.97606811e-113 2.06878284e-150 1.67153521e-121
 7.79563234e-118 1.01205796e-109 1.12671987e-139 1.01652477e-129
 5.53102464e-128 4.06843613e-131]","[1.46437154e-178 3.41677257e-161 3.16357866e-142 3.16357866e-142
 6.10046832e-168 3.41677257e-161 9.55305708e-165 5.11181442e-160
 1.41383100e-171 2.70191421e-157 4.45291617e-176 5.97340427e-139
 3.41677257e-161 2.43788785e-166 1.85265048e-158 2.43788785e-166
 3.86593734e-167 5.59326537e-162 1.89275526e-153 2.41889424e-168
 1.70527622e-141 6.11074430e-166 5.90593359e-170 3.31837362e-173
 1.25652552e-159 1.57721865e-148 9.11163913e-163 3.08488950e-159
 2.29586024e-155 3.31837362e-173 2.63328336e-152 5.84114683e-143
 6.65489851e-177 7.56450039e-159 8.42942072e-161 1.96416771e-174
 6.10046832e-168 3.41677257e-161 7.09357420e-133 1.34579277e-154
 5.04621141e-174 1.34579277e-154 3.31837362e-173 1.16697210e-146
 7.85078471e-154 7.34927700e-142 1.85265048e-158 1.85265048e-158
 9.55305708e-165 3.78897656e-169]","[4.10449639e-08 2.32632866e-08 2.45432284e-08 1.73712369e-08
 1.41641919e-08 1.88643948e-08 3.49282447e-08 2.13112423e-08
 1.43513876e-08 2.11438363e-08 2.18699437e-08 3.91905862e-08
 1.87354816e-08 3.46908050e-08 1.64418121e-08 1.40307435e-08
 1.55202509e-08 1.30261242e-08 3.60862494e-08 4.03932778e-08
 1.70542417e-08 1.83239084e-08 3.28726392e-08 1.41134986e-08
 3.82408173e-08 2.99564186e-08 2.08945248e-08 2.68449251e-08
 2.01768131e-08 3.86185155e-08 2.48469310e-08 1.25252980e-08
 2.24224380e-08 2.86413044e-08 3.40498345e-08 3.82423011e-08
 3.06102322e-08 3.79452011e-08 2.19970798e-08 1.75541559e-08
 3.43518901e-08 1.66940541e-08 1.69318034e-08 3.52948181e-08
 1.23062270e-08 1.40393505e-08 2.35820217e-08 1.36438333e-08
 1.89587188e-08 2.23798987e-08]","[3.07706307e-08 1.70653575e-08 3.83792110e-08 3.99489154e-08
 1.73554914e-08 2.62685159e-08 4.78325011e-08 2.37718879e-08
 2.02176079e-08 2.70343714e-08 4.62932361e-08 2.92813027e-08
 4.47947001e-08 3.47990906e-08 3.08710316e-08 3.85746256e-08
 3.71455691e-08 2.53290376e-08 2.97203161e-08 4.37939014e-08
 3.23005421e-08 4.01979140e-08 2.41091992e-08 3.26762578e-08
 1.78953268e-08 1.55018055e-08 2.46821934e-08 2.90634162e-08
 4.46870256e-08 1.97532474e-08 3.21677666e-08 3.45566562e-08
 4.50916559e-08 4.68543542e-08 2.51290377e-08 2.88476881e-08
 3.17857850e-08 1.97281355e-08 4.37182387e-08 2.78980203e-08
 3.04329710e-08 4.56124954e-08 1.85130251e-08 1.70194959e-08
 3.13302867e-08 2.26563791e-08 2.92684744e-08 3.23675955e-08
 3.93891094e-08 4.94598390e-08]","[1.e-05 1.e-05 1.e-05 1.e-05 1.e-05 1.e-05 1.e-05 1.e-05 1.e-05 1.e-05
 1.e-05 1.e-05 1.e-05 1.e-05 1.e-05 1.e-05 1.e-05 1.e-05 1.e-05 1.e-05
 1.e-05 1.e-05 1.e-05 1.e-05 1.e-05 1.e-05 1.e-05 1.e-05 1.e-05 1.e-05
 1.e-05 1.e-05 1.e-05 1.e-05 1.e-05 1.e-05 1.e-05 1.e-05 1.e-05 1.e-05
 1.e-05 1.e-05 1.e-05 1.e-05 1.e-05 1.e-05 1.e-05 1.e-05 1.e-05 1.e-05]","[1.e-05 1.e-05 1.e-05 1.e-05 1.e-05 1.e-05 1.e-05 1.e-05 1.e-05 1.e-05
 1.e-05 1.e-05 1.e-05 1.e-05 1.e-05 1.e-05 1.e-05 1.e-05 1.e-05 1.e-05
 1.e-05 1.e-05 1.e-05 1.e-05 1.e-05 1.e-05 1.e-05 1.e-05 1.e-05 1.e-05
 1.e-05 1.e-05 1.e-05 1.e-05 1.e-05 1.e-05 1.e-05 1.e-05 1.e-05 1.e-05
 1.e-05 1.e-05 1.e-05 1.e-05 1.e-05 1.e-05 1.e-05 1.e-05 1.e-05 1.e-05]","[0.38342163 0.36937678 0.37903009 0.382938   0.38704589 0.38708101
 0.38753157 0.38732102 0.39784225 0.38516294 0.3807847  0.38834342
 0.38201377 0.39024623 0.37063684 0.39326318 0.38996236 0.38594203
 0.37328117 0.39120497 0.37800553 0.39435649 0.37911448 0.36497161
 0.38295375 0.38457797 0.3848159  0.38539166 0.39484745 0.39802419
 0.37060046 0.36125859 0.39345877 0.37355368 0.39088864 0.39505872
 0.38200346 0.38483295 0.35719402 0.37997113 0.3922182  0.36654729
 0.38874731 0.36813557 0.36932796 0.37554476 0.38718204 0.37540124
 0.38720999 0.39239495]","[0.43191752 0.42694624 0.41169639 0.41610209 0.42653581 0.43052964
 0.43049786 0.44726158 0.4461137  0.42771555 0.43629857 0.42382025
 0.42835604 0.43467498 0.42432709 0.4358668  0.44092401 0.43331117
 0.42411538 0.43372059 0.41147312 0.43468656 0.43199916 0.43016414
 0.42448256 0.42785298 0.43735675 0.43015001 0.43836493 0.44689543
 0.420687   0.40444055 0.44138438 0.42254352 0.43239001 0.43581072
 0.43119862 0.43898205 0.4124646  0.43120571 0.43997944 0.41822682
 0.42577471 0.41873401 0.42509261 0.42511591 0.41507693 0.42411528
 0.4292026  0.44178295]","[5.69570102e-265 2.71215973e-245 9.98304355e-259 2.80044557e-264
 3.46741147e-270 3.08445596e-270 6.86669136e-271 1.38593654e-270
 4.61733612e-286 1.80630650e-267 3.27039856e-261 4.55960539e-272
 5.83767913e-263 7.71095176e-275 5.03838653e-247 2.88376362e-279
 2.00272074e-274 1.36315872e-268 1.11602075e-250 3.05166092e-276
 2.77972683e-257 7.01121806e-281 7.58675596e-259 2.70409247e-239
 2.65903411e-264 1.25221485e-266 5.69953631e-267 8.46464385e-268
 1.31593543e-281 2.46880799e-286 5.65414534e-247 2.65778816e-234
 1.48451126e-279 4.67035946e-251 8.86636466e-276 6.40109060e-282
 6.03849591e-263 5.38668596e-267 6.65665579e-229 4.65926873e-260
 9.95159512e-278 1.97598041e-241 1.18001526e-272 1.35467774e-243
 3.16403809e-245 7.86241917e-254 2.20275631e-270 1.24758210e-253
 2.00679475e-270 5.47150635e-278]","[0.00000000e+000 0.00000000e+000 3.46467217e-307 4.38699247e-314
 0.00000000e+000 0.00000000e+000 0.00000000e+000 0.00000000e+000
 0.00000000e+000 0.00000000e+000 0.00000000e+000 0.00000000e+000
 0.00000000e+000 0.00000000e+000 0.00000000e+000 0.00000000e+000
 0.00000000e+000 0.00000000e+000 0.00000000e+000 0.00000000e+000
 7.70680678e-307 0.00000000e+000 0.00000000e+000 0.00000000e+000
 0.00000000e+000 0.00000000e+000 0.00000000e+000 0.00000000e+000
 0.00000000e+000 0.00000000e+000 2.33198985e-321 5.12506228e-296
 0.00000000e+000 0.00000000e+000 0.00000000e+000 0.00000000e+000
 0.00000000e+000 0.00000000e+000 2.20416530e-308 0.00000000e+000
 0.00000000e+000 1.92503489e-317 0.00000000e+000 3.01927469e-318
 0.00000000e+000 0.00000000e+000 1.79867191e-312 0.00000000e+000
 0.00000000e+000 0.00000000e+000]","[0.10993075 0.09195542 0.10714102 0.09812272 0.10931098 0.1112957
 0.09872949 0.113464   0.10059679 0.10716021 0.10661495 0.09834945
 0.10901475 0.11409259 0.09987211 0.10865104 0.11125731 0.10339165
 0.09875822 0.11170053 0.10720861 0.09865034 0.10501432 0.0994606
 0.10222161 0.09275174 0.10173523 0.10394645 0.11271262 0.10833597
 0.10216856 0.09497392 0.10828567 0.08828616 0.11862588 0.11374998
 0.11135805 0.10128427 0.09606683 0.0991919  0.10842395 0.10154498
 0.09993172 0.09995377 0.09734368 0.09801233 0.09475338 0.09544122
 0.1161952  0.1087445 ]","[0.14482331 0.12429273 0.13105226 0.12231576 0.13512945 0.13909352
 0.13016427 0.14776111 0.12866342 0.13498497 0.13853276 0.12457585
 0.13972092 0.14418781 0.12945926 0.13931394 0.14302289 0.13602781
 0.1260097  0.14263713 0.13347006 0.12657368 0.13740945 0.13346291
 0.13085389 0.12167215 0.13018823 0.13288796 0.14117301 0.13783145
 0.13325942 0.12304115 0.14079368 0.11558223 0.14421499 0.14097881
 0.13984096 0.13251042 0.12643898 0.12985682 0.14250827 0.13164806
 0.12669384 0.13300467 0.13235259 0.12769485 0.11986721 0.12806833
 0.14601207 0.1397239 ]","[0.25722985 0.23296246 0.25221212 0.23960252 0.25662102 0.25630927
 0.24189177 0.25998223 0.24600989 0.25094695 0.25098644 0.24199226
 0.2544918  0.26058165 0.24181797 0.25058111 0.25707113 0.24868865
 0.24303191 0.25552415 0.25082457 0.24230567 0.25143069 0.24394893
 0.24653614 0.23180733 0.24536471 0.25036632 0.25691542 0.25235355
 0.24680626 0.23575101 0.253422   0.22838739 0.26533718 0.25946163
 0.25533486 0.24208246 0.23928205 0.24407843 0.25268602 0.24652834
 0.24223166 0.24718348 0.24037079 0.23667893 0.23476007 0.24174398
 0.26215482 0.24992666]","[0.29575603 0.2717024  0.27985457 0.26905236 0.28685312 0.28817148
 0.27898895 0.29608817 0.2769675  0.28252276 0.28601547 0.27342538
 0.28859971 0.2937975  0.27637924 0.28500592 0.29172684 0.28524493
 0.27514049 0.28925539 0.28256816 0.27512754 0.28729849 0.28283611
 0.27909807 0.2660858  0.27823971 0.2835029  0.28965277 0.28622099
 0.28226653 0.27004088 0.28916859 0.26077346 0.29371715 0.2896685
 0.28639053 0.27846709 0.27446668 0.27938072 0.28970871 0.28054685
 0.27399369 0.28412849 0.28006227 0.27197071 0.26628735 0.2796212
 0.2945175  0.28398805]",1.0777932953221008e-110,1.41871604039077e-134,6.256823295218683e-110,9.931003704570764e-134,2.430169964151574e-08,3.163882478007807e-08,8.963800661976955e-09,9.463348667601966e-09,1e-05,1e-05,0.0,0.0,0.38262037186622616,0.4291673062038422,0.009667201691684474,0.009409549414605948,0.10391566276550293,0.13362765789031983,0.006861942873310827,0.007478896762629097,0.2478919302853522,0.2818068741051805,0.008336414009665132,0.008115758895689598
df3,0.7000000000000001,-1.0,0.7000000000000001,"[2.26605441e-129 4.06843613e-131 3.73908448e-148 1.67153521e-121
 1.81440195e-131 2.26605441e-129 4.94613442e-147 1.37294733e-138
 2.03839988e-130 1.57721865e-148 2.33052754e-135 1.70527622e-141
 9.11197923e-131 1.12215372e-128 1.22580667e-127 1.20103174e-134
 2.03839988e-130 6.47280639e-146 4.59306180e-144 4.59306180e-144
 3.46283303e-116 7.89408622e-119 2.03839988e-130 5.04562598e-129
 1.12671987e-139 5.04562598e-129 8.65193381e-137 1.70515873e-119
 3.16268593e-114 9.11197923e-131 1.12671987e-139 7.79563234e-118
 2.03839988e-130 2.59582860e-139 5.99978104e-127 1.97454306e-136
 3.54443794e-122 6.44036529e-126 1.16697210e-146 1.32505188e-126
 2.72168499e-134 1.36018053e-142 4.55467848e-130 2.71351259e-127
 7.34927700e-142 1.01205796e-109 3.54443794e-122 3.28672716e-124
 4.94613442e-147 2.79630084e-149]","[1.38326502e-161 2.43788785e-166 1.49266032e-186 1.10723264e-157
 1.25652552e-159 7.56450039e-159 1.49266032e-186 6.67832938e-182
 3.89773873e-156 5.23469135e-184 9.57936136e-169 3.86593734e-167
 9.63808018e-183 2.38284114e-164 9.55305708e-165 2.32739056e-170
 9.55305708e-165 1.72251454e-176 2.56791027e-177 1.75465082e-181
 1.34579277e-154 4.55776756e-153 3.78897656e-169 3.67085321e-163
 2.17137680e-172 8.49373747e-173 5.11181442e-160 1.89275526e-153
 2.75002067e-146 1.25652552e-159 9.57936136e-169 2.63328336e-152
 1.52982644e-165 5.54414590e-172 1.49683070e-169 1.05792849e-185
 4.94613442e-147 5.11181442e-160 5.54414590e-172 2.17137680e-172
 3.86593734e-167 1.49683070e-169 2.29586024e-155 1.47709060e-163
 1.75465082e-181 1.57721865e-148 1.89275526e-153 3.41677257e-161
 1.60309113e-156 1.49683070e-169]","[2.26605441e-129 4.06843613e-131 3.73908448e-148 1.67153521e-121
 1.81440195e-131 2.26605441e-129 4.94613442e-147 1.37294733e-138
 2.03839988e-130 1.57721865e-148 2.33052754e-135 1.70527622e-141
 9.11197923e-131 1.12215372e-128 1.22580667e-127 1.20103174e-134
 2.03839988e-130 6.47280639e-146 4.59306180e-144 4.59306180e-144
 3.46283303e-116 7.89408622e-119 2.03839988e-130 5.04562598e-129
 1.12671987e-139 5.04562598e-129 8.65193381e-137 1.70515873e-119
 3.16268593e-114 9.11197923e-131 1.12671987e-139 7.79563234e-118
 2.03839988e-130 2.59582860e-139 5.99978104e-127 1.97454306e-136
 3.54443794e-122 6.44036529e-126 1.16697210e-146 1.32505188e-126
 2.72168499e-134 1.36018053e-142 4.55467848e-130 2.71351259e-127
 7.34927700e-142 1.01205796e-109 3.54443794e-122 3.28672716e-124
 4.94613442e-147 2.79630084e-149]","[1.38326502e-161 2.43788785e-166 1.49266032e-186 1.10723264e-157
 1.25652552e-159 7.56450039e-159 1.49266032e-186 6.67832938e-182
 3.89773873e-156 5.23469135e-184 9.57936136e-169 3.86593734e-167
 9.63808018e-183 2.38284114e-164 9.55305708e-165 2.32739056e-170
 9.55305708e-165 1.72251454e-176 2.56791027e-177 1.75465082e-181
 1.34579277e-154 4.55776756e-153 3.78897656e-169 3.67085321e-163
 2.17137680e-172 8.49373747e-173 5.11181442e-160 1.89275526e-153
 2.75002067e-146 1.25652552e-159 9.57936136e-169 2.63328336e-152
 1.52982644e-165 5.54414590e-172 1.49683070e-169 1.05792849e-185
 4.94613442e-147 5.11181442e-160 5.54414590e-172 2.17137680e-172
 3.86593734e-167 1.49683070e-169 2.29586024e-155 1.47709060e-163
 1.75465082e-181 1.57721865e-148 1.89275526e-153 3.41677257e-161
 1.60309113e-156 1.49683070e-169]","[1.56099307e-08 1.86740318e-08 4.01449795e-08 3.21652708e-08
 1.25031013e-08 2.22110903e-08 1.76912149e-08 4.37058750e-08
 2.46880545e-08 3.47835346e-08 1.75369262e-08 1.64081537e-08
 2.94048236e-08 1.93882674e-08 1.37808849e-08 2.24498283e-08
 3.57776272e-08 2.68398060e-08 1.58578628e-08 2.69393280e-08
 2.14349405e-08 3.40401388e-08 1.49045535e-08 1.50826603e-08
 2.77964951e-08 2.91187974e-08 2.23917284e-08 2.52078965e-08
 2.37732544e-08 2.53416459e-08 4.30593763e-08 3.02481279e-08
 2.71021959e-08 2.08095611e-08 1.38691966e-08 1.32557737e-08
 2.81175355e-08 1.56191987e-08 1.39915995e-08 1.11652237e-08
 3.24263907e-08 4.26856391e-08 2.63060578e-08 2.19528528e-08
 3.21308954e-08 3.04397582e-08 2.62401910e-08 1.68407238e-08
 1.82071882e-08 1.50871685e-08]","[2.83738290e-08 3.62841563e-08 5.11813690e-08 2.42174915e-08
 3.84992636e-08 3.64089324e-08 4.26789994e-08 3.31533675e-08
 3.94841990e-08 4.57243505e-08 2.22956629e-08 5.01370822e-08
 3.94863952e-08 2.52185514e-08 3.47398990e-08 3.61551473e-08
 1.89543956e-08 3.67978078e-08 2.31147547e-08 2.57195639e-08
 1.93272104e-08 1.96102484e-08 4.08274833e-08 3.99071631e-08
 2.24399895e-08 2.48882799e-08 2.57516556e-08 2.21975591e-08
 4.28022976e-08 3.33675262e-08 2.17427103e-08 2.02741841e-08
 2.69198037e-08 3.63449957e-08 4.35308409e-08 3.97883670e-08
 2.52233487e-08 4.43991295e-08 3.08855996e-08 5.02080176e-08
 2.37262935e-08 1.75579568e-08 2.87032331e-08 3.93034464e-08
 2.49485509e-08 3.84152683e-08 2.18813790e-08 2.95755667e-08
 3.18389306e-08 1.69318904e-08]","[1.e-05 1.e-05 1.e-05 1.e-05 1.e-05 1.e-05 1.e-05 1.e-05 1.e-05 1.e-05
 1.e-05 1.e-05 1.e-05 1.e-05 1.e-05 1.e-05 1.e-05 1.e-05 1.e-05 1.e-05
 1.e-05 1.e-05 1.e-05 1.e-05 1.e-05 1.e-05 1.e-05 1.e-05 1.e-05 1.e-05
 1.e-05 1.e-05 1.e-05 1.e-05 1.e-05 1.e-05 1.e-05 1.e-05 1.e-05 1.e-05
 1.e-05 1.e-05 1.e-05 1.e-05 1.e-05 1.e-05 1.e-05 1.e-05 1.e-05 1.e-05]","[1.e-05 1.e-05 1.e-05 1.e-05 1.e-05 1.e-05 1.e-05 1.e-05 1.e-05 1.e-05
 1.e-05 1.e-05 1.e-05 1.e-05 1.e-05 1.e-05 1.e-05 1.e-05 1.e-05 1.e-05
 1.e-05 1.e-05 1.e-05 1.e-05 1.e-05 1.e-05 1.e-05 1.e-05 1.e-05 1.e-05
 1.e-05 1.e-05 1.e-05 1.e-05 1.e-05 1.e-05 1.e-05 1.e-05 1.e-05 1.e-05
 1.e-05 1.e-05 1.e-05 1.e-05 1.e-05 1.e-05 1.e-05 1.e-05 1.e-05 1.e-05]","[0.38612962 0.37759332 0.39967071 0.37903081 0.38958224 0.39081984
 0.39364104 0.38585599 0.37439685 0.40396214 0.37877784 0.39160619
 0.38262948 0.38568379 0.37192036 0.38694954 0.3733236  0.41386851
 0.3971974  0.38292037 0.37636795 0.3875381  0.377491   0.38163396
 0.38977206 0.37729685 0.38999164 0.3841256  0.37098077 0.38619624
 0.39676747 0.37161109 0.39218424 0.38437864 0.37004218 0.37958951
 0.36545916 0.36941571 0.39066195 0.37219565 0.38271367 0.39217224
 0.37817949 0.37957696 0.39586102 0.36619024 0.37473167 0.37686333
 0.39708572 0.39325664]","[0.43316384 0.43562657 0.4573656  0.43674557 0.43329614 0.43879016
 0.44204034 0.45406849 0.43000711 0.45706096 0.42984735 0.43949884
 0.4467766  0.44276786 0.42861166 0.44553459 0.41932627 0.45474599
 0.43884702 0.44217562 0.43197242 0.44357822 0.43453608 0.43261146
 0.44416304 0.44946908 0.44230284 0.42777995 0.42056992 0.43781498
 0.43899385 0.42486343 0.44513535 0.43116286 0.42623399 0.4410851
 0.42462549 0.42068939 0.43735621 0.43618681 0.44336853 0.44093554
 0.42830276 0.43415123 0.44749284 0.42196606 0.42323693 0.43971067
 0.43120249 0.43208457]","[7.31049054e-269 1.05677683e-256 8.41611276e-289 9.95964937e-259
 7.17991999e-274 1.11798261e-275 7.99261894e-280 1.81390095e-268
 3.13898998e-252 2.74121015e-295 2.26663893e-258 7.87755252e-277
 7.72572225e-264 3.21230819e-268 8.55297298e-249 4.77959122e-270
 9.74521164e-251 1.41234275e-310 4.23599005e-285 2.96779031e-264
 5.54386965e-255 6.71872611e-271 1.47175881e-256 2.02868136e-262
 3.79580996e-274 2.75856142e-256 1.81498672e-274 5.58403508e-266
 1.69297688e-247 5.85883786e-269 1.85218814e-284 2.28713907e-248
 1.11634907e-277 2.42030513e-266 3.31175441e-246 1.61626371e-259
 5.91750299e-240 2.39842553e-245 1.90297970e-275 3.56067674e-249
 5.85756273e-264 1.16259157e-277 1.58132548e-257 1.68374030e-259
 4.12989440e-283 6.03642775e-241 1.07232385e-252 1.12024625e-255
 6.21539259e-285 2.94857379e-279]","[0.00000e+000 0.00000e+000 0.00000e+000 0.00000e+000 0.00000e+000
 0.00000e+000 0.00000e+000 0.00000e+000 0.00000e+000 0.00000e+000
 0.00000e+000 0.00000e+000 0.00000e+000 0.00000e+000 0.00000e+000
 0.00000e+000 3.45876e-319 0.00000e+000 0.00000e+000 0.00000e+000
 0.00000e+000 0.00000e+000 0.00000e+000 0.00000e+000 0.00000e+000
 0.00000e+000 0.00000e+000 0.00000e+000 3.60668e-321 0.00000e+000
 0.00000e+000 0.00000e+000 0.00000e+000 0.00000e+000 0.00000e+000
 0.00000e+000 0.00000e+000 2.30235e-321 0.00000e+000 0.00000e+000
 0.00000e+000 0.00000e+000 0.00000e+000 0.00000e+000 0.00000e+000
 0.00000e+000 0.00000e+000 0.00000e+000 0.00000e+000 0.00000e+000]","[0.10611606 0.11307371 0.12410438 0.10233319 0.11013281 0.10845041
 0.10320365 0.11430645 0.10141563 0.11133933 0.10638237 0.10336852
 0.10627568 0.11922979 0.0950141  0.10509098 0.10400486 0.11468661
 0.11284697 0.09836149 0.11162221 0.10716319 0.09811509 0.10336685
 0.10337985 0.1024648  0.10415161 0.10466969 0.10230768 0.10619271
 0.10644138 0.09056938 0.11825097 0.10290194 0.09795618 0.10314
 0.10414255 0.10683918 0.10516906 0.09120381 0.09748864 0.10596514
 0.1104852  0.10705078 0.1111871  0.09902012 0.10000408 0.11111939
 0.11324835 0.10613906]","[0.13822365 0.14966857 0.15852642 0.13584602 0.14155281 0.14098322
 0.13478684 0.15100861 0.134202   0.14479554 0.1443398  0.13336337
 0.14605522 0.15145314 0.12890351 0.1363405  0.1322403  0.14582026
 0.14443445 0.13562822 0.14593446 0.14414513 0.13242221 0.13336658
 0.13994622 0.14250588 0.13392103 0.13516474 0.13542032 0.13639331
 0.13481104 0.12080109 0.14698493 0.13613379 0.12980711 0.13833153
 0.13800037 0.14020836 0.14038956 0.12640715 0.13496578 0.13876534
 0.13972902 0.13916707 0.14503646 0.13484395 0.13204122 0.14937758
 0.13947153 0.13316393]","[0.24884053 0.25736313 0.2687842  0.24283566 0.25596195 0.25148811
 0.2489318  0.26028491 0.24779825 0.25506932 0.24921645 0.24703051
 0.25178213 0.26300848 0.23440279 0.24990636 0.24675024 0.25695865
 0.25680744 0.24068957 0.25421268 0.25331704 0.23934396 0.24607497
 0.24696876 0.24655568 0.24876611 0.24819191 0.24651968 0.25237628
 0.24829406 0.23146462 0.26565919 0.24658817 0.24046714 0.24770829
 0.24791281 0.25131131 0.25256104 0.23285196 0.2392788  0.25111241
 0.25043182 0.25237903 0.25637713 0.24513939 0.24346072 0.2562257
 0.25887003 0.24940916]","[0.2849057  0.29786435 0.30434621 0.28082764 0.29127002 0.28685821
 0.28470842 0.29872955 0.28525057 0.29111858 0.29094158 0.28174527
 0.29419623 0.29792875 0.27311351 0.28430166 0.27967085 0.2914877
 0.29171149 0.28113524 0.29088501 0.29323208 0.27915224 0.28008931
 0.28762775 0.2905208  0.28302812 0.28368306 0.28305583 0.28707785
 0.28111499 0.26817896 0.29721512 0.28442424 0.27717705 0.2871446
 0.28480011 0.2886657  0.29152362 0.27373269 0.28125468 0.28842817
 0.2825529  0.28804426 0.29376665 0.28556144 0.28011493 0.29614501
 0.28882016 0.28029717]",2.024179874565185e-111,6.520819556660657e-148,1.4168802244575672e-110,3.897409252774479e-147,2.410414713605036e-08,3.183888288349479e-08,8.484295885562567e-09,9.351754398006302e-09,1e-05,1e-05,0.0,0.0,0.38391780714988705,0.43679757387161255,0.010124224025484985,0.009402411515874131,0.10582985877990722,0.13891658306121826,0.006552148374983347,0.006919677400567728,0.2496748066702911,0.2865885202044768,0.007484796166019612,0.007044011677820436
df3,0.75,-1.0,0.75,"[1.52170582e-145 4.50098708e-136 3.32649959e-115 6.16042076e-134
 4.06843613e-131 1.69706671e-120 2.71351259e-127 6.16042076e-134
 3.15189803e-138 2.03839988e-130 2.03839988e-130 3.78658116e-137
 5.29370851e-135 4.06843613e-131 1.01652477e-129 6.16042076e-134
 3.59598810e-132 5.99978104e-127 2.10514288e-109 2.75002067e-146
 6.47280639e-146 1.39274712e-133 3.16268593e-114 5.84114683e-143
 3.14502261e-133 1.07337441e-143 2.03839988e-130 3.59598810e-132
 1.12671987e-139 4.88474039e-140 1.12671987e-139 1.36018053e-142
 5.53102464e-128 3.59598810e-132 1.12215372e-128 1.37294733e-138
 1.36018053e-142 7.84645245e-121 9.11197923e-131 4.59306180e-144
 1.97454306e-136 7.79563234e-118 2.50543477e-143 8.05827457e-108
 2.11520456e-140 3.67099579e-119 5.04562598e-129 5.29370851e-135
 4.88474039e-140 1.96307101e-144]","[1.75465082e-181 9.16040170e-171 4.55776756e-153 1.29483446e-173
 6.67832938e-182 2.63328336e-152 6.11074430e-166 2.56791027e-177
 1.72251454e-176 2.15605296e-179 3.15863793e-180 1.41383100e-171
 1.49683070e-169 1.85265048e-158 1.96416771e-174 5.93631016e-164
 1.29483446e-173 5.62245732e-179 8.66394516e-151 5.04621141e-174
 9.65472569e-195 1.41383100e-171 1.25652552e-159 5.59619386e-187
 8.25754125e-180 1.41383100e-171 3.15863793e-180 1.29483446e-173
 1.75465082e-181 3.60100749e-171 3.80921130e-178 1.46437154e-178
 6.11074430e-166 9.57936136e-169 6.10046832e-168 5.23469135e-184
 5.90593359e-170 1.25652552e-159 9.55305708e-165 1.14970548e-175
 1.53665271e-167 1.53665271e-167 3.31837362e-173 6.58533558e-157
 2.08742782e-190 9.11163913e-163 9.89641318e-178 1.41383100e-171
 1.29483446e-173 1.05910660e-191]","[1.52170582e-145 4.50098708e-136 3.32649959e-115 6.16042076e-134
 4.06843613e-131 1.69706671e-120 2.71351259e-127 6.16042076e-134
 3.15189803e-138 2.03839988e-130 2.03839988e-130 3.78658116e-137
 5.29370851e-135 4.06843613e-131 1.01652477e-129 6.16042076e-134
 3.59598810e-132 5.99978104e-127 2.10514288e-109 2.75002067e-146
 6.47280639e-146 1.39274712e-133 3.16268593e-114 5.84114683e-143
 3.14502261e-133 1.07337441e-143 2.03839988e-130 3.59598810e-132
 1.12671987e-139 4.88474039e-140 1.12671987e-139 1.36018053e-142
 5.53102464e-128 3.59598810e-132 1.12215372e-128 1.37294733e-138
 1.36018053e-142 7.84645245e-121 9.11197923e-131 4.59306180e-144
 1.97454306e-136 7.79563234e-118 2.50543477e-143 8.05827457e-108
 2.11520456e-140 3.67099579e-119 5.04562598e-129 5.29370851e-135
 4.88474039e-140 1.96307101e-144]","[1.75465082e-181 9.16040170e-171 4.55776756e-153 1.29483446e-173
 6.67832938e-182 2.63328336e-152 6.11074430e-166 2.56791027e-177
 1.72251454e-176 2.15605296e-179 3.15863793e-180 1.41383100e-171
 1.49683070e-169 1.85265048e-158 1.96416771e-174 5.93631016e-164
 1.29483446e-173 5.62245732e-179 8.66394516e-151 5.04621141e-174
 9.65472569e-195 1.41383100e-171 1.25652552e-159 5.59619386e-187
 8.25754125e-180 1.41383100e-171 3.15863793e-180 1.29483446e-173
 1.75465082e-181 3.60100749e-171 3.80921130e-178 1.46437154e-178
 6.11074430e-166 9.57936136e-169 6.10046832e-168 5.23469135e-184
 5.90593359e-170 1.25652552e-159 9.55305708e-165 1.14970548e-175
 1.53665271e-167 1.53665271e-167 3.31837362e-173 6.58533558e-157
 2.08742782e-190 9.11163913e-163 9.89641318e-178 1.41383100e-171
 1.29483446e-173 1.05910660e-191]","[2.18710278e-08 3.53313436e-08 1.50993160e-08 3.68061917e-08
 1.39887695e-08 1.77900936e-08 3.04497542e-08 3.00619369e-08
 2.74566743e-08 3.20705946e-08 2.13023560e-08 2.25683301e-08
 2.85924278e-08 2.12949206e-08 1.90565916e-08 2.14790833e-08
 1.94263091e-08 1.63380423e-08 1.12789064e-08 2.34991882e-08
 2.40119460e-08 1.46550125e-08 1.88294029e-08 1.78895687e-08
 3.53633446e-08 1.33165751e-08 1.81125498e-08 2.68723921e-08
 1.78961566e-08 3.71114474e-08 1.35147351e-08 1.37460160e-08
 1.93218305e-08 2.08139309e-08 1.12550854e-08 4.11106690e-08
 2.72703372e-08 2.37797387e-08 1.32579631e-08 3.37671113e-08
 3.00560650e-08 3.33491912e-08 3.24081172e-08 2.85337083e-08
 2.40977933e-08 2.40823891e-08 2.26884084e-08 3.06078117e-08
 2.80458123e-08 1.29917627e-08]","[5.38673666e-08 1.98102547e-08 2.02309506e-08 4.16206114e-08
 5.05528723e-08 3.96768406e-08 2.18644616e-08 3.31780587e-08
 2.65197927e-08 4.51247703e-08 2.40485981e-08 5.07716562e-08
 2.84259002e-08 3.01634889e-08 2.56177461e-08 1.72015322e-08
 2.06527629e-08 2.68811018e-08 4.44734097e-08 4.13869866e-08
 2.47991648e-08 3.86925195e-08 4.65706087e-08 4.29725356e-08
 4.79672368e-08 2.63903668e-08 2.37142455e-08 2.91707781e-08
 2.26802997e-08 4.14750823e-08 1.90991892e-08 3.65508560e-08
 3.07623689e-08 2.63689141e-08 4.41899147e-08 3.14611074e-08
 2.17791056e-08 3.19573616e-08 3.00805613e-08 2.52463683e-08
 1.85859594e-08 2.82478142e-08 1.92315767e-08 2.15569181e-08
 2.59854926e-08 2.97724436e-08 4.01459436e-08 2.64194326e-08
 2.40959560e-08 1.94968749e-08]","[1.e-05 1.e-05 1.e-05 1.e-05 1.e-05 1.e-05 1.e-05 1.e-05 1.e-05 1.e-05
 1.e-05 1.e-05 1.e-05 1.e-05 1.e-05 1.e-05 1.e-05 1.e-05 1.e-05 1.e-05
 1.e-05 1.e-05 1.e-05 1.e-05 1.e-05 1.e-05 1.e-05 1.e-05 1.e-05 1.e-05
 1.e-05 1.e-05 1.e-05 1.e-05 1.e-05 1.e-05 1.e-05 1.e-05 1.e-05 1.e-05
 1.e-05 1.e-05 1.e-05 1.e-05 1.e-05 1.e-05 1.e-05 1.e-05 1.e-05 1.e-05]","[1.e-05 1.e-05 1.e-05 1.e-05 1.e-05 1.e-05 1.e-05 1.e-05 1.e-05 1.e-05
 1.e-05 1.e-05 1.e-05 1.e-05 1.e-05 1.e-05 1.e-05 1.e-05 1.e-05 1.e-05
 1.e-05 1.e-05 1.e-05 1.e-05 1.e-05 1.e-05 1.e-05 1.e-05 1.e-05 1.e-05
 1.e-05 1.e-05 1.e-05 1.e-05 1.e-05 1.e-05 1.e-05 1.e-05 1.e-05 1.e-05
 1.e-05 1.e-05 1.e-05 1.e-05 1.e-05 1.e-05 1.e-05 1.e-05 1.e-05 1.e-05]","[0.39520639 0.39385065 0.36749739 0.39356151 0.38201771 0.37156235
 0.38412696 0.39084494 0.3906414  0.37790876 0.38345133 0.37261887
 0.37817377 0.38381673 0.37707237 0.39203947 0.38962244 0.38724177
 0.35952794 0.39087609 0.39274108 0.39255709 0.37291964 0.40828
 0.38651965 0.38715376 0.38525685 0.3871129  0.38503046 0.40048889
 0.37050455 0.39840796 0.38177288 0.38137379 0.38653305 0.39107564
 0.38874481 0.36668769 0.38627791 0.3859585  0.38162931 0.35316083
 0.38521558 0.37246122 0.38959184 0.35949808 0.37325415 0.382408
 0.38488558 0.382516  ]","[0.44678021 0.44670943 0.42322845 0.45524323 0.44563593 0.42095724
 0.44577183 0.44606282 0.45120323 0.4389735  0.45061559 0.43095706
 0.43233448 0.44033005 0.43745403 0.4371239  0.44906654 0.4579333
 0.41498574 0.44047878 0.45775675 0.45010184 0.43926648 0.46133066
 0.45254651 0.43751117 0.4480935  0.44820167 0.44003388 0.45048126
 0.43952472 0.44809    0.43853963 0.4446023  0.44486925 0.45569088
 0.44156907 0.43297047 0.44246233 0.43836818 0.43835662 0.43427969
 0.43024288 0.43839327 0.45905098 0.42808184 0.44148894 0.43712462
 0.44474451 0.45045219]","[3.86700347e-282 3.91988610e-280 1.00603672e-242 1.04719529e-279
 5.76268586e-263 2.67033390e-248 5.55890699e-266 1.02730645e-275
 2.03933042e-275 3.80378782e-257 5.16469828e-265 9.24282974e-250
 1.61091085e-257 1.54788591e-265 5.70077224e-256 1.82162722e-277
 6.27365886e-274 1.80503521e-270 5.39162771e-232 9.24947826e-276
 1.69413732e-278 3.15977941e-278 3.54066967e-250 6.73471729e-302
 1.99906768e-269 2.42044096e-270 1.32328952e-267 2.77349868e-270
 2.80131748e-267 4.94977903e-290 7.66216629e-247 6.58342451e-287
 1.28651067e-262 4.75805291e-262 1.91190107e-269 4.72023223e-276
 1.18996415e-272 1.27330738e-241 4.46609180e-269 1.29062324e-268
 2.05985838e-262 1.29404678e-223 1.51721299e-267 1.52786439e-249
 6.95232128e-274 5.90762955e-232 1.21666451e-250 1.59980484e-263
 4.52566924e-267 1.12189044e-263]","[0.00000000e+000 0.00000000e+000 0.00000000e+000 0.00000000e+000
 0.00000000e+000 8.49792911e-322 0.00000000e+000 0.00000000e+000
 0.00000000e+000 0.00000000e+000 0.00000000e+000 0.00000000e+000
 0.00000000e+000 0.00000000e+000 0.00000000e+000 0.00000000e+000
 0.00000000e+000 0.00000000e+000 2.50138311e-312 0.00000000e+000
 0.00000000e+000 0.00000000e+000 0.00000000e+000 0.00000000e+000
 0.00000000e+000 0.00000000e+000 0.00000000e+000 0.00000000e+000
 0.00000000e+000 0.00000000e+000 0.00000000e+000 0.00000000e+000
 0.00000000e+000 0.00000000e+000 0.00000000e+000 0.00000000e+000
 0.00000000e+000 0.00000000e+000 0.00000000e+000 0.00000000e+000
 0.00000000e+000 0.00000000e+000 0.00000000e+000 0.00000000e+000
 0.00000000e+000 0.00000000e+000 0.00000000e+000 0.00000000e+000
 0.00000000e+000 0.00000000e+000]","[0.11021602 0.11830592 0.09869981 0.11603081 0.10792792 0.102494
 0.09733331 0.11016905 0.10142028 0.10996354 0.11477566 0.10726929
 0.1064626  0.10759652 0.10755432 0.10668266 0.09951913 0.11038375
 0.0999254  0.10545349 0.12029696 0.09991097 0.10134423 0.11369359
 0.0968281  0.10610271 0.10725307 0.10838532 0.11338353 0.10872257
 0.09984398 0.10820043 0.11117744 0.10376489 0.1130476  0.10343182
 0.10789549 0.09965181 0.10348737 0.10006523 0.09901726 0.09659135
 0.10260248 0.11056638 0.10756528 0.10494971 0.09121025 0.11020327
 0.10980403 0.10727644]","[0.14565194 0.15107644 0.13537574 0.15448189 0.14642334 0.13316596
 0.13476408 0.14698744 0.13554072 0.14809883 0.15470171 0.14380443
 0.14293015 0.14402127 0.14704823 0.14268017 0.1376065  0.15266669
 0.13581169 0.14106011 0.16228259 0.13787508 0.14203417 0.14852142
 0.13856804 0.1397903  0.14604199 0.14675784 0.15207124 0.14175653
 0.1417942  0.14393234 0.14836442 0.14417267 0.15245724 0.14163661
 0.14534056 0.13891363 0.13798606 0.13845921 0.13186133 0.14152443
 0.13582599 0.15241694 0.14872754 0.14488614 0.13016808 0.14673185
 0.14866209 0.14952505]","[0.2542432  0.26321472 0.24172924 0.26331358 0.25135644 0.24473994
 0.23690453 0.25606297 0.24364285 0.25378832 0.25973945 0.25292673
 0.25059335 0.2552057  0.25672421 0.25166432 0.24466443 0.25386486
 0.24537051 0.24874944 0.26608721 0.24287269 0.24562453 0.25925091
 0.24132529 0.25269612 0.25310917 0.25305113 0.26301728 0.25262815
 0.2434901  0.25394915 0.25836436 0.24914636 0.25500315 0.24771679
 0.25423162 0.2436729  0.24790538 0.24149632 0.24418194 0.24037365
 0.2432601  0.25903214 0.25123408 0.2511249  0.23070329 0.25663977
 0.25536228 0.25389083]","[0.29327367 0.29750384 0.28349815 0.30494948 0.2927047  0.28062737
 0.27888518 0.29577939 0.28231676 0.29498724 0.30215945 0.29281168
 0.29131214 0.2940266  0.29833659 0.29215287 0.28665152 0.29856366
 0.28578487 0.28990948 0.30876824 0.28547759 0.29047718 0.29743536
 0.28671688 0.29086043 0.29435413 0.29383097 0.30353496 0.28882106
 0.2902664  0.29350897 0.29780146 0.2934191  0.29693149 0.29014506
 0.2959861  0.28676214 0.2859457  0.28624184 0.28242901 0.28980008
 0.28114991 0.302873   0.29462547 0.29409125 0.27567112 0.29730744
 0.29760992 0.29858712]",1.6537584710865548e-109,1.794571592845775e-152,1.1279419027422023e-108,1.2126427439658884e-151,2.3490374587709083e-08,3.115072318315981e-08,7.663548732510595e-09,9.936894953570534e-09,1e-05,1e-05,0.0,0.0,0.3832335303592682,0.44252142846107484,0.010586851328780051,0.0096484930278127,0.10608914136886596,0.14385965824127198,0.005946813331376691,0.006552090530529985,0.2507788075441444,0.29215328089473735,0.007277531674931792,0.006906288325904926
df3,0.8,-1.0,0.8,"[2.11520456e-140 4.55467848e-130 1.36018053e-142 1.97454306e-136
 7.79563234e-118 2.49277144e-128 2.71351259e-127 4.85997494e-110
 6.16042076e-134 8.08221677e-132 1.97454306e-136 2.92297102e-126
 1.81440195e-131 9.11197923e-131 5.97340427e-139 1.96307101e-144
 2.77174564e-112 5.29370851e-135 1.22580667e-127 1.69558264e-118
 1.69706671e-120 4.50098708e-136 3.11577768e-125 7.48112939e-123
 5.53102464e-128 1.70527622e-141 5.53102464e-128 1.65526914e-137
 7.91123773e-120 1.02479477e-135 9.14846799e-141 6.47280639e-146
 1.97454306e-136 2.77174564e-112 5.97340427e-139 1.39274712e-133
 7.36968843e-116 3.59598810e-132 1.02479477e-135 4.55776756e-153
 1.57171273e-123 2.26605441e-129 1.50038437e-124 2.49277144e-128
 2.10514288e-109 4.55467848e-130 6.84127225e-125 1.22580667e-127
 3.66625391e-120 2.33052754e-135]","[1.72251454e-176 6.65489851e-177 2.09544875e-187 7.73757074e-191
 6.31809023e-152 1.49683070e-169 5.31262531e-193 2.09388117e-147
 1.46437154e-178 5.04621141e-174 3.97632682e-186 2.07706765e-160
 2.25889419e-162 3.31837362e-173 7.73757074e-191 1.20671971e-180
 1.25652552e-159 1.09179716e-188 1.29483446e-173 5.90593359e-170
 5.04621141e-174 1.97742990e-184 2.25889419e-162 1.38326502e-161
 9.16040170e-171 1.49266032e-186 1.41383100e-171 9.16040170e-171
 2.25889419e-162 5.31262531e-193 9.65472569e-195 7.18008740e-194
 1.97742990e-184 9.11163913e-163 2.27657730e-197 5.59619386e-187
 1.09619158e-152 2.15605296e-179 3.65456332e-183 2.09544875e-187
 6.67832938e-182 1.46437154e-178 6.65489851e-177 2.56791027e-177
 5.11181442e-160 1.14970548e-175 5.90593359e-170 1.29483446e-173
 2.56791027e-177 1.97742990e-184]","[2.11520456e-140 4.55467848e-130 1.36018053e-142 1.97454306e-136
 7.79563234e-118 2.49277144e-128 2.71351259e-127 4.85997494e-110
 6.16042076e-134 8.08221677e-132 1.97454306e-136 2.92297102e-126
 1.81440195e-131 9.11197923e-131 5.97340427e-139 1.96307101e-144
 2.77174564e-112 5.29370851e-135 1.22580667e-127 1.69558264e-118
 1.69706671e-120 4.50098708e-136 3.11577768e-125 7.48112939e-123
 5.53102464e-128 1.70527622e-141 5.53102464e-128 1.65526914e-137
 7.91123773e-120 1.02479477e-135 9.14846799e-141 6.47280639e-146
 1.97454306e-136 2.77174564e-112 5.97340427e-139 1.39274712e-133
 7.36968843e-116 3.59598810e-132 1.02479477e-135 4.55776756e-153
 1.57171273e-123 2.26605441e-129 1.50038437e-124 2.49277144e-128
 2.10514288e-109 4.55467848e-130 6.84127225e-125 1.22580667e-127
 3.66625391e-120 2.33052754e-135]","[1.72251454e-176 6.65489851e-177 2.09544875e-187 7.73757074e-191
 6.31809023e-152 1.49683070e-169 5.31262531e-193 2.09388117e-147
 1.46437154e-178 5.04621141e-174 3.97632682e-186 2.07706765e-160
 2.25889419e-162 3.31837362e-173 7.73757074e-191 1.20671971e-180
 1.25652552e-159 1.09179716e-188 1.29483446e-173 5.90593359e-170
 5.04621141e-174 1.97742990e-184 2.25889419e-162 1.38326502e-161
 9.16040170e-171 1.49266032e-186 1.41383100e-171 9.16040170e-171
 2.25889419e-162 5.31262531e-193 9.65472569e-195 7.18008740e-194
 1.97742990e-184 9.11163913e-163 2.27657730e-197 5.59619386e-187
 1.09619158e-152 2.15605296e-179 3.65456332e-183 2.09544875e-187
 6.67832938e-182 1.46437154e-178 6.65489851e-177 2.56791027e-177
 5.11181442e-160 1.14970548e-175 5.90593359e-170 1.29483446e-173
 2.56791027e-177 1.97742990e-184]","[3.42917710e-08 4.01678095e-08 1.72913776e-08 2.67557186e-08
 2.62274858e-08 2.08882958e-08 1.83442630e-08 3.18943431e-08
 1.60736758e-08 1.98153512e-08 3.81670349e-08 1.56446160e-08
 1.79689951e-08 3.15583968e-08 3.84409481e-08 3.14801079e-08
 3.45394657e-08 1.53023322e-08 2.11217930e-08 3.46748472e-08
 2.07891678e-08 3.58556699e-08 3.22786843e-08 1.69774375e-08
 3.54304189e-08 2.37335543e-08 3.73046323e-08 1.98955553e-08
 2.73111315e-08 3.10259174e-08 1.90729420e-08 4.01794934e-08
 3.50124749e-08 3.30684790e-08 2.44735421e-08 3.03530250e-08
 1.51650512e-08 1.16862519e-08 3.88701032e-08 1.82593954e-08
 1.36888600e-08 1.58713591e-08 1.31957478e-08 2.46138101e-08
 1.19425517e-08 1.92971055e-08 1.38833549e-08 1.81710996e-08
 2.08423150e-08 1.84592318e-08]","[3.41391887e-08 2.16277303e-08 2.91955622e-08 4.90410929e-08
 1.86469284e-08 1.94251680e-08 2.72771947e-08 4.17857938e-08
 3.42788692e-08 2.08674346e-08 5.29233359e-08 4.07476468e-08
 2.23696194e-08 2.98316102e-08 5.34201212e-08 2.75084290e-08
 1.84332489e-08 3.63298601e-08 3.20951703e-08 2.57584046e-08
 4.84237190e-08 2.17337577e-08 2.84743934e-08 2.52658169e-08
 1.80877289e-08 1.98749206e-08 2.59319995e-08 3.69594937e-08
 3.16694505e-08 5.21733652e-08 2.83652541e-08 3.98501174e-08
 5.52550462e-08 2.37970289e-08 3.56369104e-08 4.56692087e-08
 1.99102900e-08 3.68184988e-08 2.43779068e-08 1.99972826e-08
 4.64237139e-08 4.10656493e-08 2.51987456e-08 3.78718032e-08
 2.53362359e-08 2.80315121e-08 3.26033583e-08 2.45742261e-08
 1.89098840e-08 4.41360239e-08]","[1.e-05 1.e-05 1.e-05 1.e-05 1.e-05 1.e-05 1.e-05 1.e-05 1.e-05 1.e-05
 1.e-05 1.e-05 1.e-05 1.e-05 1.e-05 1.e-05 1.e-05 1.e-05 1.e-05 1.e-05
 1.e-05 1.e-05 1.e-05 1.e-05 1.e-05 1.e-05 1.e-05 1.e-05 1.e-05 1.e-05
 1.e-05 1.e-05 1.e-05 1.e-05 1.e-05 1.e-05 1.e-05 1.e-05 1.e-05 1.e-05
 1.e-05 1.e-05 1.e-05 1.e-05 1.e-05 1.e-05 1.e-05 1.e-05 1.e-05 1.e-05]","[1.e-05 1.e-05 1.e-05 1.e-05 1.e-05 1.e-05 1.e-05 1.e-05 1.e-05 1.e-05
 1.e-05 1.e-05 1.e-05 1.e-05 1.e-05 1.e-05 1.e-05 1.e-05 1.e-05 1.e-05
 1.e-05 1.e-05 1.e-05 1.e-05 1.e-05 1.e-05 1.e-05 1.e-05 1.e-05 1.e-05
 1.e-05 1.e-05 1.e-05 1.e-05 1.e-05 1.e-05 1.e-05 1.e-05 1.e-05 1.e-05
 1.e-05 1.e-05 1.e-05 1.e-05 1.e-05 1.e-05 1.e-05 1.e-05 1.e-05 1.e-05]","[0.3955282  0.37469202 0.39327892 0.39458672 0.37778386 0.37665188
 0.37458917 0.35858909 0.37622186 0.39031976 0.38957438 0.37927739
 0.39074092 0.39264614 0.38517924 0.39076555 0.37248027 0.37648131
 0.38505973 0.366234   0.37016856 0.3866701  0.38217833 0.38908043
 0.37363178 0.39405379 0.37981709 0.38579464 0.37084342 0.384009
 0.39142899 0.40203724 0.39976744 0.38697329 0.39968981 0.38524421
 0.37143782 0.38863228 0.39572751 0.40485503 0.38419482 0.37064158
 0.35189995 0.38762711 0.36455308 0.37658059 0.38099567 0.38202122
 0.35743635 0.38310642]","[0.44462592 0.45138747 0.45856093 0.46390957 0.43970842 0.43016205
 0.45956409 0.4273714  0.44141496 0.45039879 0.45465969 0.43683429
 0.43669966 0.44608733 0.4464009  0.45161929 0.42821558 0.4507323
 0.44821877 0.43953377 0.44551687 0.45348114 0.44062176 0.45096748
 0.4404948  0.45824954 0.44871608 0.44782928 0.4317834  0.45667902
 0.45540705 0.46315097 0.45895842 0.45709375 0.46110451 0.44966049
 0.43807586 0.45760833 0.45275479 0.47593861 0.45900872 0.43475137
 0.42914967 0.45454908 0.43863182 0.44700408 0.45684935 0.44266229
 0.43823963 0.44875938]","[1.28841509e-282 1.21784933e-252 2.73379091e-279 3.20050819e-281
 5.70137769e-257 2.21764357e-255 1.69399552e-252 9.50768714e-231
 8.88030362e-255 6.02106700e-275 7.37191955e-274 4.46551162e-259
 1.45851724e-275 2.33697355e-278 1.71134726e-267 1.34238336e-275
 1.43784555e-249 3.84579002e-255 2.54252119e-267 5.26464857e-241
 2.22016656e-246 1.21179456e-269 3.40145042e-263 3.86533517e-273
 3.63804331e-251 1.96441934e-280 7.69915043e-260 2.22360617e-268
 2.61731751e-247 8.20634563e-266 1.43296568e-276 2.27933393e-292
 6.02252490e-289 4.41599383e-270 7.87800348e-289 1.37991093e-267
 3.96671666e-248 1.73440948e-272 6.51943594e-283 1.19657648e-296
 4.44280124e-266 4.96326509e-247 5.64177428e-222 4.99217952e-271
 9.94669848e-239 2.79148244e-255 1.64040717e-261 5.69666325e-263
 3.18661640e-229 1.60868643e-264]","[0. 0. 0. 0. 0. 0. 0. 0. 0. 0. 0. 0. 0. 0. 0. 0. 0. 0. 0. 0. 0. 0. 0. 0.
 0. 0. 0. 0. 0. 0. 0. 0. 0. 0. 0. 0. 0. 0. 0. 0. 0. 0. 0. 0. 0. 0. 0. 0.
 0. 0.]","[0.11360288 0.10088491 0.11947846 0.10732079 0.1148994  0.0924598
 0.10185158 0.09595835 0.10153902 0.10740376 0.11030209 0.1036303
 0.10347843 0.11769927 0.0955497  0.11370051 0.10111761 0.104581
 0.10261643 0.09884512 0.09360659 0.10635531 0.08996522 0.1093055
 0.09945762 0.11392522 0.10085416 0.10225248 0.09256399 0.09731567
 0.10721982 0.11387575 0.11137319 0.1103307  0.10751557 0.10597432
 0.10017991 0.09958279 0.1185689  0.12274742 0.10450149 0.09222007
 0.09991598 0.09888256 0.09375262 0.11325788 0.09983683 0.10695028
 0.09004366 0.09361219]","[0.15021861 0.14749455 0.16292405 0.15164757 0.15401673 0.12339854
 0.15296829 0.13891482 0.14420593 0.14366639 0.15469909 0.14159155
 0.13933074 0.15501821 0.13307989 0.15235496 0.13845408 0.14706028
 0.14144683 0.14136195 0.13487756 0.15158963 0.12517679 0.150388
 0.1426568  0.14967656 0.14610291 0.13967574 0.12931681 0.13874638
 0.14670515 0.15160966 0.15220261 0.15197289 0.15473187 0.14528596
 0.14317191 0.13632286 0.15842319 0.16791296 0.15156424 0.13330853
 0.14400947 0.13752222 0.13425028 0.15801597 0.14370787 0.14327443
 0.13486755 0.13679349]","[0.25766896 0.24502016 0.26673848 0.24945319 0.26029119 0.23611768
 0.24555409 0.2387561  0.24365373 0.25171222 0.25520892 0.2473228
 0.24711846 0.26368412 0.23645855 0.25847031 0.24496831 0.24933149
 0.24361803 0.24397682 0.23522375 0.25060905 0.2324902  0.25390523
 0.24247361 0.25851682 0.24448977 0.24534901 0.2365594  0.23952791
 0.25241532 0.25550197 0.25676229 0.2538816  0.24917078 0.24945267
 0.24386273 0.23977334 0.26321396 0.27121989 0.25012478 0.23401621
 0.24361548 0.23949609 0.23729855 0.25954596 0.23898464 0.25167425
 0.23270378 0.23340598]","[0.29796916 0.29445886 0.31053525 0.29572752 0.30172817 0.27325974
 0.29902283 0.28585701 0.28960435 0.29207245 0.30164231 0.28857068
 0.2875604  0.30372278 0.2789614  0.30087876 0.28836632 0.29432433
 0.28604167 0.29009683 0.28306843 0.29790096 0.27419247 0.29747897
 0.28911741 0.29674633 0.29395165 0.28687627 0.2796366  0.28608611
 0.29479868 0.29560695 0.30026775 0.29863238 0.29990932 0.29179105
 0.29061987 0.28128978 0.30559295 0.31675558 0.29947242 0.28132757
 0.29128794 0.28216151 0.28208985 0.30650276 0.28759173 0.29147238
 0.28311292 0.28220884]",5.193369214840197e-111,4.187910622105012e-149,3.0109732768843686e-110,2.93143151852351e-148,2.4947139822817377e-08,3.196251502357583e-08,8.721662187383059e-09,1.0609682618032445e-08,1e-05,1e-05,0.0,0.0,0.38243555889129643,0.4479960546302795,0.011481694505858571,0.010403049998779328,0.10405726194381713,0.14495426654815674,0.008106409680014387,0.009153023715329516,0.24760777277097137,0.2921589652923824,0.009368569394617398,0.009050447673849353
df3,0.8500000000000001,-1.0,0.8500000000000001,"[2.03839988e-130 7.36968843e-116 2.72168499e-134 9.11197923e-131
 2.11520456e-140 5.53102464e-128 1.32505188e-126 2.72168499e-134
 1.39274712e-133 2.77174564e-112 1.11687624e-110 1.70527622e-141
 5.04562598e-129 4.55467848e-130 7.84645245e-121 3.16357866e-142
 8.65193381e-137 1.50038437e-124 5.04562598e-129 7.19151616e-124
 1.12215372e-128 2.92297102e-126 6.44036529e-126 3.67099579e-119
 3.62364483e-121 9.11197923e-131 1.81440195e-131 5.29370851e-135
 2.49277144e-128 1.12671987e-139 7.79563234e-118 1.70515873e-119
 7.05518906e-115 5.29370851e-135 2.49277144e-128 4.55776756e-153
 9.11197923e-131 3.67099579e-119 2.26605441e-129 2.49277144e-128
 7.70163359e-122 7.22731515e-138 5.34499160e-111 6.44036529e-126
 4.50098708e-136 1.69558264e-118 1.37294733e-138 1.01652477e-129
 5.29370851e-135 8.08221677e-132]","[2.53864056e-182 5.11181442e-160 2.08742782e-190 2.09544875e-187
 1.00763382e-206 2.96475930e-175 8.25754125e-180 1.05910660e-191
 3.97632682e-186 9.71405854e-167 2.25889419e-162 2.63457939e-194
 3.80921130e-178 5.90593359e-170 7.63577865e-175 2.92686009e-188
 7.83634509e-188 2.53864056e-182 2.39109446e-201 2.92686009e-188
 1.05792849e-185 7.83634509e-188 3.41677257e-161 9.11163913e-163
 9.57936136e-169 1.46437154e-178 2.92686009e-188 2.39109446e-201
 6.65489851e-177 1.44235064e-192 5.93631016e-164 1.96416771e-174
 2.70191421e-157 2.41889424e-168 1.72251454e-176 4.43455361e-208
 2.15605296e-179 1.49683070e-169 1.97742990e-184 6.65489851e-177
 5.23469135e-184 1.75465082e-181 5.59326537e-162 9.89641318e-178
 1.51347567e-189 1.96416771e-174 5.31262531e-193 2.56791027e-177
 5.59619386e-187 2.81115002e-185]","[2.03839988e-130 7.36968843e-116 2.72168499e-134 9.11197923e-131
 2.11520456e-140 5.53102464e-128 1.32505188e-126 2.72168499e-134
 1.39274712e-133 2.77174564e-112 1.11687624e-110 1.70527622e-141
 5.04562598e-129 4.55467848e-130 7.84645245e-121 3.16357866e-142
 8.65193381e-137 1.50038437e-124 5.04562598e-129 7.19151616e-124
 1.12215372e-128 2.92297102e-126 6.44036529e-126 3.67099579e-119
 3.62364483e-121 9.11197923e-131 1.81440195e-131 5.29370851e-135
 2.49277144e-128 1.12671987e-139 7.79563234e-118 1.70515873e-119
 7.05518906e-115 5.29370851e-135 2.49277144e-128 4.55776756e-153
 9.11197923e-131 3.67099579e-119 2.26605441e-129 2.49277144e-128
 7.70163359e-122 7.22731515e-138 5.34499160e-111 6.44036529e-126
 4.50098708e-136 1.69558264e-118 1.37294733e-138 1.01652477e-129
 5.29370851e-135 8.08221677e-132]","[2.53864056e-182 5.11181442e-160 2.08742782e-190 2.09544875e-187
 1.00763382e-206 2.96475930e-175 8.25754125e-180 1.05910660e-191
 3.97632682e-186 9.71405854e-167 2.25889419e-162 2.63457939e-194
 3.80921130e-178 5.90593359e-170 7.63577865e-175 2.92686009e-188
 7.83634509e-188 2.53864056e-182 2.39109446e-201 2.92686009e-188
 1.05792849e-185 7.83634509e-188 3.41677257e-161 9.11163913e-163
 9.57936136e-169 1.46437154e-178 2.92686009e-188 2.39109446e-201
 6.65489851e-177 1.44235064e-192 5.93631016e-164 1.96416771e-174
 2.70191421e-157 2.41889424e-168 1.72251454e-176 4.43455361e-208
 2.15605296e-179 1.49683070e-169 1.97742990e-184 6.65489851e-177
 5.23469135e-184 1.75465082e-181 5.59326537e-162 9.89641318e-178
 1.51347567e-189 1.96416771e-174 5.31262531e-193 2.56791027e-177
 5.59619386e-187 2.81115002e-185]","[2.06189260e-08 1.09311402e-08 2.83091991e-08 1.86322081e-08
 1.45212884e-08 4.01487260e-08 2.31256905e-08 3.87729316e-08
 1.72729486e-08 1.84033967e-08 1.99066101e-08 2.06825571e-08
 2.21319113e-08 1.30358853e-08 2.75276207e-08 3.17641774e-08
 2.22661992e-08 3.22731606e-08 3.58672726e-08 2.54628114e-08
 1.46878248e-08 3.44693959e-08 3.66978281e-08 1.83130553e-08
 3.42744131e-08 1.72405290e-08 1.14515590e-08 2.95846782e-08
 2.15002331e-08 2.26872177e-08 2.04323779e-08 2.33074793e-08
 3.38466707e-08 1.65776469e-08 1.34239573e-08 4.47204390e-08
 3.42800700e-08 2.76746132e-08 1.66304983e-08 2.04115427e-08
 2.69474126e-08 1.50262902e-08 1.24837229e-08 1.34828759e-08
 2.43658014e-08 2.66656522e-08 3.07173110e-08 3.98462753e-08
 3.88876238e-08 1.32733597e-08]","[3.86071456e-08 3.73197779e-08 2.26006265e-08 2.03796265e-08
 4.15563342e-08 2.62262804e-08 2.26785937e-08 3.51369048e-08
 3.96850762e-08 2.25395744e-08 4.13330156e-08 2.08243155e-08
 5.12390528e-08 1.84898533e-08 2.30116168e-08 2.59191016e-08
 5.22177998e-08 3.68615639e-08 2.09625738e-08 4.69097482e-08
 3.86186334e-08 4.99073296e-08 4.25693542e-08 3.15898576e-08
 2.40177005e-08 3.84932412e-08 2.14987089e-08 3.34691994e-08
 3.89931908e-08 3.02109956e-08 5.09273714e-08 3.15693859e-08
 2.66764562e-08 4.56499017e-08 2.46529477e-08 2.57075197e-08
 2.02255932e-08 2.25576586e-08 4.09225025e-08 2.46974630e-08
 1.94562008e-08 2.81325276e-08 3.66130154e-08 4.19591080e-08
 2.29400077e-08 1.99458702e-08 5.48804323e-08 2.61380366e-08
 2.58811754e-08 5.14604297e-08]","[1.e-05 1.e-05 1.e-05 1.e-05 1.e-05 1.e-05 1.e-05 1.e-05 1.e-05 1.e-05
 1.e-05 1.e-05 1.e-05 1.e-05 1.e-05 1.e-05 1.e-05 1.e-05 1.e-05 1.e-05
 1.e-05 1.e-05 1.e-05 1.e-05 1.e-05 1.e-05 1.e-05 1.e-05 1.e-05 1.e-05
 1.e-05 1.e-05 1.e-05 1.e-05 1.e-05 1.e-05 1.e-05 1.e-05 1.e-05 1.e-05
 1.e-05 1.e-05 1.e-05 1.e-05 1.e-05 1.e-05 1.e-05 1.e-05 1.e-05 1.e-05]","[1.e-05 1.e-05 1.e-05 1.e-05 1.e-05 1.e-05 1.e-05 1.e-05 1.e-05 1.e-05
 1.e-05 1.e-05 1.e-05 1.e-05 1.e-05 1.e-05 1.e-05 1.e-05 1.e-05 1.e-05
 1.e-05 1.e-05 1.e-05 1.e-05 1.e-05 1.e-05 1.e-05 1.e-05 1.e-05 1.e-05
 1.e-05 1.e-05 1.e-05 1.e-05 1.e-05 1.e-05 1.e-05 1.e-05 1.e-05 1.e-05
 1.e-05 1.e-05 1.e-05 1.e-05 1.e-05 1.e-05 1.e-05 1.e-05 1.e-05 1.e-05]","[0.37439713 0.37269287 0.37994863 0.37584727 0.39497861 0.37618778
 0.38368569 0.38560859 0.38727259 0.36966611 0.37541421 0.39590203
 0.37937189 0.38550799 0.36763842 0.40091592 0.38690484 0.36347166
 0.37813831 0.3823509  0.38103921 0.37211819 0.37929494 0.37735741
 0.38390386 0.3843301  0.39354029 0.37456993 0.38258369 0.40525566
 0.36348686 0.38019163 0.36298484 0.38308017 0.38019448 0.4097526
 0.39224636 0.36425011 0.37965245 0.39133817 0.37244633 0.3944035
 0.37600377 0.38396538 0.37841465 0.3740794  0.38692301 0.39083161
 0.39315384 0.3842089 ]","[0.45008744 0.44306299 0.44853448 0.44738504 0.47194517 0.43827522
 0.46277425 0.45797386 0.47354262 0.45138411 0.45408653 0.46719464
 0.44988053 0.45906181 0.44965388 0.46446961 0.45225929 0.44783619
 0.47088531 0.46504903 0.45318571 0.45588998 0.4497818  0.44258986
 0.44869285 0.45877826 0.46571428 0.46548654 0.44726135 0.47156514
 0.4347099  0.46035558 0.43329453 0.44263294 0.44921299 0.47936338
 0.45772607 0.44973869 0.44809339 0.46365215 0.45470621 0.45978685
 0.44759457 0.44835137 0.44353648 0.44206889 0.46189781 0.46736356
 0.46004884 0.45466949]","[3.13614062e-252 7.29981193e-250 5.01396476e-260 2.96926631e-254
 8.41303371e-282 9.91136889e-255 2.38493780e-265 4.12261451e-268
 1.62881763e-270 1.08753211e-245 1.19659071e-253 3.58929575e-283
 3.28310270e-259 5.75564450e-268 6.46137645e-243 1.12504824e-290
 5.54677363e-270 2.85652200e-237 1.80723846e-257 1.92987932e-263
 1.42262233e-261 4.55672239e-249 4.21759878e-259 2.26769650e-256
 1.16111438e-265 2.84144404e-266 1.12547195e-279 1.80182820e-252
 8.98076658e-264 2.92801475e-297 2.72508544e-237 2.26939905e-260
 1.29017784e-236 1.75388171e-264 2.24839256e-260 3.58999076e-304
 9.04728524e-278 2.55087388e-238 1.31663170e-259 1.94698340e-276
 1.60208941e-249 5.97418632e-281 1.79348077e-254 9.47719565e-266
 7.37294350e-258 8.68189518e-252 5.22119770e-270 1.07451447e-275
 4.17937697e-279 4.24082959e-266]","[0. 0. 0. 0. 0. 0. 0. 0. 0. 0. 0. 0. 0. 0. 0. 0. 0. 0. 0. 0. 0. 0. 0. 0.
 0. 0. 0. 0. 0. 0. 0. 0. 0. 0. 0. 0. 0. 0. 0. 0. 0. 0. 0. 0. 0. 0. 0. 0.
 0. 0.]","[0.11055458 0.10282528 0.10028362 0.10006332 0.09525764 0.10755432
 0.10447574 0.10786474 0.10610211 0.10040009 0.10872412 0.10365677
 0.10063159 0.1063931  0.09997141 0.11714685 0.0989902  0.09652519
 0.09492874 0.1048255  0.09734738 0.09633231 0.1023221  0.10311079
 0.11206615 0.10141647 0.10444105 0.10086703 0.10680306 0.12180007
 0.09201324 0.10586381 0.09634662 0.11172855 0.10046184 0.12568319
 0.09998095 0.10016108 0.10619926 0.1044842  0.09763908 0.11265612
 0.09417725 0.10164392 0.10278869 0.09835482 0.10703158 0.1021266
 0.1095432  0.10314751]","[0.15653574 0.14901567 0.1447736  0.14348185 0.14169455 0.14829099
 0.14909697 0.15346205 0.15632296 0.14954007 0.15503216 0.15286803
 0.14299273 0.15126848 0.14761734 0.16453564 0.14272046 0.14458334
 0.14623177 0.14917815 0.13962257 0.14653945 0.14637065 0.14504433
 0.15570927 0.14721859 0.15381575 0.15267968 0.15268838 0.16100419
 0.1325103  0.15852392 0.13971961 0.15219927 0.14406216 0.17068386
 0.14023769 0.14846802 0.14901173 0.14210308 0.1501987  0.16152108
 0.13638353 0.14332962 0.14620972 0.14047813 0.15108442 0.14941406
 0.15068161 0.15154839]","[0.25640868 0.24612522 0.24323101 0.24636418 0.2366523  0.25078273
 0.25019902 0.2545804  0.25059656 0.2410195  0.25347525 0.24890011
 0.24277253 0.25262188 0.24420998 0.26418954 0.24283698 0.23839971
 0.23997855 0.25036834 0.2372651  0.23794134 0.24642758 0.24382625
 0.25882286 0.24721698 0.2483635  0.24309996 0.2533912  0.26763393
 0.23559328 0.25056895 0.23620423 0.25298722 0.24492798 0.27167551
 0.24322729 0.24454544 0.25107078 0.24898632 0.24178746 0.25970729
 0.23522593 0.24408765 0.24888989 0.24374915 0.2540825  0.24585543
 0.2543355  0.24619216]","[0.30422365 0.29601331 0.29172716 0.29355871 0.28736839 0.29456979
 0.29846477 0.30360113 0.30228931 0.29315485 0.30148476 0.30126719
 0.289376   0.30002598 0.29510554 0.31231252 0.29039199 0.29202048
 0.29582709 0.29702623 0.28473524 0.29213011 0.29465471 0.28987817
 0.30448541 0.29656254 0.30015009 0.29794699 0.30183903 0.30830304
 0.28279381 0.3057069  0.28497021 0.29668461 0.29204916 0.31634801
 0.28738709 0.29616512 0.2969596  0.28985039 0.2981631  0.3104036
 0.28318528 0.28985563 0.29638885 0.29027091 0.30058679 0.29609798
 0.29908104 0.29843019]",3.358341756907745e-112,5.414911860452281e-159,1.718998455745004e-111,3.782528335190351e-158,2.4311260313769623e-08,3.269720792342667e-08,8.846236704272394e-09,1.0552997771423632e-08,1e-05,1e-05,0.0,0.0,0.3818300556755066,0.4548618290424347,0.010235668244917083,0.01027179660198913,0.10371425628662109,0.14896608591079713,0.006596682083083889,0.00709419020273236,0.24782802245625166,0.29643744852940423,0.007840124690304871,0.007183793304810718
df3,0.9,-1.0,0.9,"[1.21995247e-111 7.19151616e-124 5.59326537e-162 1.36018053e-142
 4.85997494e-110 7.70163359e-122 4.55467848e-130 7.09357420e-133
 9.11197923e-131 4.06843613e-131 1.59807269e-132 8.65193381e-137
 1.59807269e-132 1.62932937e-122 2.33052754e-135 4.59306180e-144
 1.57171273e-123 1.50038437e-124 9.14846799e-141 1.65526914e-137
 6.16042076e-134 2.33113443e-110 2.11520456e-140 1.69558264e-118
 2.09388117e-147 3.11577768e-125 5.99978104e-127 3.28672716e-124
 5.97340427e-139 3.57314355e-145 4.37383916e-109 2.72168499e-134
 1.39274712e-133 5.53102464e-128 1.66865694e-117 1.52170582e-145
 2.72168499e-134 1.07337441e-143 1.41739559e-125 1.22580667e-127
 1.96307101e-144 2.33113443e-110 2.50543477e-143 1.62522975e-116
 1.32505188e-126 3.16268593e-114 1.22580667e-127 2.71351259e-127
 3.62364483e-121 9.11197923e-131]","[1.20671971e-180 1.52982644e-165 6.33664599e-222 5.62429767e-190
 9.16040170e-171 9.65472569e-195 2.92686009e-188 2.08742782e-190
 1.29162726e-195 6.26005417e-197 1.78984444e-204 1.29162726e-195
 7.46045840e-185 5.62245732e-179 1.10238235e-202 3.07831128e-202
 2.96475930e-175 9.89641318e-178 6.26005417e-197 1.29162726e-195
 7.18008740e-194 3.60100749e-171 1.49266032e-186 5.04621141e-174
 2.84661371e-206 1.71917031e-196 1.47992178e-213 5.59619386e-187
 5.49201459e-209 5.12669163e-200 6.10046832e-168 2.15605296e-179
 6.36847393e-205 1.51347567e-189 9.71405854e-167 2.89773338e-211
 1.49266032e-186 2.37040639e-210 7.46045840e-185 5.31262531e-193
 1.25766151e-207 5.93631016e-164 2.81115002e-185 1.85265048e-158
 5.31262531e-193 2.41889424e-168 4.71525476e-196 1.95431960e-193
 6.65489851e-177 1.08658258e-198]","[1.21995247e-111 7.19151616e-124 5.59326537e-162 1.36018053e-142
 4.85997494e-110 7.70163359e-122 4.55467848e-130 7.09357420e-133
 9.11197923e-131 4.06843613e-131 1.59807269e-132 8.65193381e-137
 1.59807269e-132 1.62932937e-122 2.33052754e-135 4.59306180e-144
 1.57171273e-123 1.50038437e-124 9.14846799e-141 1.65526914e-137
 6.16042076e-134 2.33113443e-110 2.11520456e-140 1.69558264e-118
 2.09388117e-147 3.11577768e-125 5.99978104e-127 3.28672716e-124
 5.97340427e-139 3.57314355e-145 4.37383916e-109 2.72168499e-134
 1.39274712e-133 5.53102464e-128 1.66865694e-117 1.52170582e-145
 2.72168499e-134 1.07337441e-143 1.41739559e-125 1.22580667e-127
 1.96307101e-144 2.33113443e-110 2.50543477e-143 1.62522975e-116
 1.32505188e-126 3.16268593e-114 1.22580667e-127 2.71351259e-127
 3.62364483e-121 9.11197923e-131]","[1.20671971e-180 1.52982644e-165 6.33664599e-222 5.62429767e-190
 9.16040170e-171 9.65472569e-195 2.92686009e-188 2.08742782e-190
 1.29162726e-195 6.26005417e-197 1.78984444e-204 1.29162726e-195
 7.46045840e-185 5.62245732e-179 1.10238235e-202 3.07831128e-202
 2.96475930e-175 9.89641318e-178 6.26005417e-197 1.29162726e-195
 7.18008740e-194 3.60100749e-171 1.49266032e-186 5.04621141e-174
 2.84661371e-206 1.71917031e-196 1.47992178e-213 5.59619386e-187
 5.49201459e-209 5.12669163e-200 6.10046832e-168 2.15605296e-179
 6.36847393e-205 1.51347567e-189 9.71405854e-167 2.89773338e-211
 1.49266032e-186 2.37040639e-210 7.46045840e-185 5.31262531e-193
 1.25766151e-207 5.93631016e-164 2.81115002e-185 1.85265048e-158
 5.31262531e-193 2.41889424e-168 4.71525476e-196 1.95431960e-193
 6.65489851e-177 1.08658258e-198]","[3.55947062e-08 2.50251336e-08 2.07708675e-08 2.80846553e-08
 1.89702508e-08 1.20639064e-08 1.93660222e-08 1.50823887e-08
 3.26544933e-08 2.63477355e-08 3.15023770e-08 1.45285964e-08
 1.42211918e-08 1.19464619e-08 1.60890147e-08 1.48117978e-08
 3.61489269e-08 1.47903719e-08 1.69408445e-08 2.90036324e-08
 2.59204992e-08 1.16448522e-08 2.89863795e-08 2.95462979e-08
 2.08050075e-08 1.88035701e-08 1.75104349e-08 3.37198087e-08
 2.17352321e-08 1.96101804e-08 2.37301462e-08 2.31232993e-08
 2.18654289e-08 2.65641754e-08 1.13955183e-08 2.48663297e-08
 1.98757298e-08 1.66525917e-08 1.77579303e-08 1.88200030e-08
 4.02284118e-08 1.40299409e-08 1.43438046e-08 1.77393397e-08
 3.58203235e-08 3.13416454e-08 1.75960724e-08 3.80249598e-08
 2.96741188e-08 2.70971902e-08]","[2.94241468e-08 1.91300473e-08 4.79867257e-08 2.60869595e-08
 5.02224567e-08 3.18901046e-08 2.38721353e-08 2.69841445e-08
 2.74649207e-08 4.18685097e-08 3.78847486e-08 4.19658831e-08
 4.19895020e-08 2.21193210e-08 3.08404794e-08 3.95391482e-08
 4.52960101e-08 4.01518944e-08 4.55230191e-08 4.31252531e-08
 2.54409678e-08 2.39995940e-08 2.60433313e-08 3.83614133e-08
 4.91572053e-08 2.91301114e-08 2.16544673e-08 5.18603920e-08
 3.12680141e-08 4.14957586e-08 1.85042083e-08 4.02485153e-08
 4.82532512e-08 2.77205811e-08 4.68439824e-08 3.32293882e-08
 5.30869378e-08 2.18259167e-08 2.20311919e-08 2.42359655e-08
 4.33452272e-08 1.80789108e-08 1.97031975e-08 1.69583010e-08
 2.02909588e-08 1.69908642e-08 3.91003909e-08 1.97290752e-08
 3.90404652e-08 2.57948255e-08]","[1.e-05 1.e-05 1.e-05 1.e-05 1.e-05 1.e-05 1.e-05 1.e-05 1.e-05 1.e-05
 1.e-05 1.e-05 1.e-05 1.e-05 1.e-05 1.e-05 1.e-05 1.e-05 1.e-05 1.e-05
 1.e-05 1.e-05 1.e-05 1.e-05 1.e-05 1.e-05 1.e-05 1.e-05 1.e-05 1.e-05
 1.e-05 1.e-05 1.e-05 1.e-05 1.e-05 1.e-05 1.e-05 1.e-05 1.e-05 1.e-05
 1.e-05 1.e-05 1.e-05 1.e-05 1.e-05 1.e-05 1.e-05 1.e-05 1.e-05 1.e-05]","[1.e-05 1.e-05 1.e-05 1.e-05 1.e-05 1.e-05 1.e-05 1.e-05 1.e-05 1.e-05
 1.e-05 1.e-05 1.e-05 1.e-05 1.e-05 1.e-05 1.e-05 1.e-05 1.e-05 1.e-05
 1.e-05 1.e-05 1.e-05 1.e-05 1.e-05 1.e-05 1.e-05 1.e-05 1.e-05 1.e-05
 1.e-05 1.e-05 1.e-05 1.e-05 1.e-05 1.e-05 1.e-05 1.e-05 1.e-05 1.e-05
 1.e-05 1.e-05 1.e-05 1.e-05 1.e-05 1.e-05 1.e-05 1.e-05 1.e-05 1.e-05]","[0.366303   0.37480471 0.41442246 0.38624008 0.38182091 0.36642469
 0.38131306 0.37344825 0.38215134 0.37642676 0.38018982 0.39471971
 0.38951929 0.37496378 0.38477197 0.39874938 0.3681322  0.39480956
 0.37435251 0.38932019 0.38638111 0.36714873 0.38275638 0.38258164
 0.39396958 0.38625053 0.38286935 0.37805398 0.38796071 0.39429666
 0.37825821 0.3857129  0.39142623 0.37755633 0.36638381 0.38560097
 0.38573618 0.39260916 0.38664159 0.38300825 0.38969133 0.36961312
 0.38755675 0.36960239 0.3731732  0.379976   0.38308149 0.37328215
 0.38117299 0.37497681]","[0.46386975 0.44311585 0.48948823 0.45515694 0.46728997 0.45577166
 0.45639756 0.46097719 0.46506921 0.4601988  0.46166524 0.47849479
 0.45666249 0.45900243 0.47585865 0.47635371 0.44452649 0.45881786
 0.45992331 0.46691979 0.46529287 0.45575071 0.45550714 0.46732805
 0.47571556 0.4710078  0.47688353 0.47202803 0.47380977 0.46753485
 0.45591605 0.46301851 0.47825386 0.45857052 0.44691617 0.47448717
 0.46064847 0.47708417 0.47106061 0.47074897 0.47273111 0.44629737
 0.45942827 0.44327238 0.4575655  0.45265421 0.47638409 0.45516171
 0.46058276 0.46395652]","[4.24303061e-241 8.48214319e-253 1.91458649e-311 5.06449340e-269
 1.09906001e-262 2.89987949e-241 5.80503897e-262 6.54277530e-251
 3.71658197e-263 4.58588375e-255 2.28283003e-260 2.03415818e-281
 8.86940451e-274 5.08959601e-253 6.59123079e-267 2.02874147e-287
 1.36912896e-243 1.49744303e-281 3.61852977e-252 1.72993057e-273
 3.16904447e-269 3.00338501e-242 5.08999669e-264 9.04171427e-264
 2.61597237e-280 4.89149738e-269 3.51016581e-264 2.37561779e-257
 1.63873918e-271 8.59551127e-281 1.22494109e-257 2.91661109e-268
 1.44635944e-276 1.19123205e-256 3.29545609e-241 4.22823745e-268
 2.69975264e-268 2.64885902e-278 1.33237470e-269 2.22239995e-264
 4.97795199e-274 1.28574628e-245 6.31342947e-271 1.33008224e-245
 1.57569406e-250 4.58590325e-260 1.74629641e-264 1.11253866e-250
 9.18247618e-262 4.88097874e-253]","[0. 0. 0. 0. 0. 0. 0. 0. 0. 0. 0. 0. 0. 0. 0. 0. 0. 0. 0. 0. 0. 0. 0. 0.
 0. 0. 0. 0. 0. 0. 0. 0. 0. 0. 0. 0. 0. 0. 0. 0. 0. 0. 0. 0. 0. 0. 0. 0.
 0. 0.]","[0.09731197 0.1024152  0.11230743 0.10825193 0.09377122 0.09623098
 0.09731925 0.0911181  0.10337043 0.09864879 0.09626949 0.11418676
 0.09888613 0.09015799 0.10006773 0.11990297 0.09912348 0.1208322
 0.10202205 0.10601079 0.10137844 0.09909427 0.08789194 0.10817957
 0.10999143 0.10366654 0.10964429 0.10303473 0.11231577 0.10998797
 0.09842324 0.10115445 0.10300863 0.10725641 0.0949173  0.10804188
 0.10556781 0.10948825 0.10271573 0.09849453 0.11184764 0.10369158
 0.11145163 0.0963223  0.09689867 0.09718263 0.09647226 0.10088575
 0.09203374 0.10004425]","[0.15272164 0.14821208 0.15971136 0.15467131 0.14415324 0.1477195
 0.1451633  0.14496338 0.15272343 0.15002084 0.13942337 0.16648662
 0.1439476  0.14106929 0.15153122 0.16640723 0.15039146 0.1661073
 0.15139997 0.15791452 0.15132511 0.15040934 0.13325071 0.16170692
 0.16123188 0.154935   0.16631877 0.15661705 0.16385269 0.1550765
 0.1494807  0.14692581 0.15452731 0.1579181  0.14208877 0.16267228
 0.15071785 0.15888906 0.15093279 0.14597487 0.1645081  0.15200067
 0.15906382 0.14183617 0.14737928 0.14204144 0.15285325 0.15202856
 0.14257574 0.14967084]","[0.24355755 0.24592242 0.25617747 0.25551249 0.2327407  0.2406934
 0.24020744 0.2334884  0.24735561 0.24150291 0.23924259 0.26152779
 0.240927   0.23156571 0.24205136 0.26793996 0.24430058 0.2650928
 0.24371633 0.25083931 0.24656345 0.24248922 0.22727389 0.25231248
 0.2593268  0.24876109 0.25107727 0.24549903 0.25582542 0.25286339
 0.23952017 0.24560673 0.24873776 0.25086593 0.23645429 0.2535924
 0.24806876 0.25339333 0.24713466 0.24039337 0.25792228 0.24870558
 0.25557035 0.23616233 0.24028564 0.2419418  0.23942732 0.24476708
 0.23414517 0.24225218]","[0.30126804 0.2953471  0.30481815 0.30469486 0.28734879 0.29620978
 0.29304339 0.29210826 0.29841893 0.2963744  0.28740067 0.31404762
 0.29159826 0.28761847 0.29658723 0.31564598 0.29970762 0.3120522
 0.29655184 0.30569287 0.29980473 0.29630267 0.27924499 0.30763855
 0.31227194 0.30175652 0.30797287 0.30070819 0.30829049 0.30062277
 0.29443061 0.29459076 0.30221003 0.30387321 0.28898788 0.30931636
 0.29603494 0.30518836 0.29854717 0.29073389 0.31169585 0.29990888
 0.30497213 0.28766508 0.29498105 0.29217668 0.29903247 0.29990637
 0.29064946 0.29551524]",1.0676589743093748e-110,3.7053131684082076e-160,6.149072661246726e-110,2.593710888313354e-159,2.265545194113372e-08,3.293577638396883e-08,7.680430414055554e-09,1.0762164847278011e-08,1e-05,1e-05,0.0,0.0,0.38220424290657035,0.46362313286781315,0.009480630878055524,0.01024433218681911,0.10258577108383178,0.15227096080780028,0.0072079649291188425,0.007837968109725391,0.24622601921147244,0.29903129225928377,0.00858550139168529,0.007830045949758484
df3,0.9500000000000001,-1.0,0.9500000000000001,"[7.48112939e-123 2.03839988e-130 2.33052754e-135 2.26605441e-129
 2.33052754e-135 1.22580667e-127 3.59598810e-132 3.11577768e-125
 2.03839988e-130 1.70515873e-119 1.36018053e-142 1.37294733e-138
 4.06843613e-131 5.29370851e-135 1.81440195e-131 5.97340427e-139
 7.70163359e-122 1.67153521e-121 3.59598810e-132 1.22580667e-127
 2.33052754e-135 3.59598810e-132 3.28672716e-124 1.22580667e-127
 2.33052754e-135 1.32505188e-126 3.59598810e-132 5.04562598e-129
 4.55776756e-153 1.37294733e-138 7.22731515e-138 2.72168499e-134
 3.14502261e-133 1.85265048e-158 1.41739559e-125 3.14502261e-133
 1.89275526e-153 3.66625391e-120 6.58533558e-157 1.60309113e-156
 8.65193381e-137 5.53102464e-128 4.06843613e-131 2.92297102e-126
 4.55467848e-130 2.26605441e-129 7.48112939e-123 1.39274712e-133
 9.14846799e-141 2.71351259e-127]","[3.31837362e-173 4.43455361e-208 2.92686009e-188 7.73757074e-191
 3.53358345e-195 1.29162726e-195 1.08658258e-198 1.49266032e-186
 5.02382596e-204 2.08742782e-190 2.12113147e-215 5.62429767e-190
 2.86449109e-191 6.76639127e-210 8.03142016e-206 3.93137265e-199
 3.07831128e-202 2.92686009e-188 9.63808018e-183 4.71525476e-196
 5.02382596e-204 1.02134242e-217 4.06755305e-189 8.26859081e-198
 8.29322344e-211 2.63457939e-194 3.93137265e-199 1.00763382e-206
 1.92897507e-209 4.43455361e-208 8.26859081e-198 2.09544875e-187
 1.22649857e-212 1.92897507e-209 2.08742782e-190 2.84661371e-206
 5.02382596e-204 2.92686009e-188 2.89773338e-211 1.46081292e-228
 2.09544875e-187 9.63808018e-183 1.95431960e-193 4.60436904e-181
 4.43455361e-208 3.07831128e-202 1.51347567e-189 1.00763382e-206
 1.10238235e-202 3.53358345e-195]","[7.48112939e-123 2.03839988e-130 2.33052754e-135 2.26605441e-129
 2.33052754e-135 1.22580667e-127 3.59598810e-132 3.11577768e-125
 2.03839988e-130 1.70515873e-119 1.36018053e-142 1.37294733e-138
 4.06843613e-131 5.29370851e-135 1.81440195e-131 5.97340427e-139
 7.70163359e-122 1.67153521e-121 3.59598810e-132 1.22580667e-127
 2.33052754e-135 3.59598810e-132 3.28672716e-124 1.22580667e-127
 2.33052754e-135 1.32505188e-126 3.59598810e-132 5.04562598e-129
 4.55776756e-153 1.37294733e-138 7.22731515e-138 2.72168499e-134
 3.14502261e-133 1.85265048e-158 1.41739559e-125 3.14502261e-133
 1.89275526e-153 3.66625391e-120 6.58533558e-157 1.60309113e-156
 8.65193381e-137 5.53102464e-128 4.06843613e-131 2.92297102e-126
 4.55467848e-130 2.26605441e-129 7.48112939e-123 1.39274712e-133
 9.14846799e-141 2.71351259e-127]","[3.31837362e-173 4.43455361e-208 2.92686009e-188 7.73757074e-191
 3.53358345e-195 1.29162726e-195 1.08658258e-198 1.49266032e-186
 5.02382596e-204 2.08742782e-190 2.12113147e-215 5.62429767e-190
 2.86449109e-191 6.76639127e-210 8.03142016e-206 3.93137265e-199
 3.07831128e-202 2.92686009e-188 9.63808018e-183 4.71525476e-196
 5.02382596e-204 1.02134242e-217 4.06755305e-189 8.26859081e-198
 8.29322344e-211 2.63457939e-194 3.93137265e-199 1.00763382e-206
 1.92897507e-209 4.43455361e-208 8.26859081e-198 2.09544875e-187
 1.22649857e-212 1.92897507e-209 2.08742782e-190 2.84661371e-206
 5.02382596e-204 2.92686009e-188 2.89773338e-211 1.46081292e-228
 2.09544875e-187 9.63808018e-183 1.95431960e-193 4.60436904e-181
 4.43455361e-208 3.07831128e-202 1.51347567e-189 1.00763382e-206
 1.10238235e-202 3.53358345e-195]","[1.82795142e-08 1.95673266e-08 2.46917181e-08 1.75343591e-08
 1.69624094e-08 3.93584162e-08 3.10895207e-08 1.11552343e-08
 2.18129913e-08 2.00575074e-08 2.89731399e-08 2.84227071e-08
 2.88147177e-08 2.47849028e-08 2.19572417e-08 3.84765688e-08
 2.33682911e-08 1.59587878e-08 1.92327012e-08 1.74010445e-08
 2.76924135e-08 2.05425847e-08 3.13014672e-08 3.76318278e-08
 2.15844775e-08 1.47604444e-08 3.27439306e-08 2.52148785e-08
 3.08004346e-08 3.32947990e-08 4.14651071e-08 2.21368603e-08
 1.77555970e-08 3.78991454e-08 2.30204112e-08 1.73436633e-08
 3.50710307e-08 2.78374740e-08 1.65100910e-08 2.55317147e-08
 3.07238418e-08 1.65450359e-08 1.28045974e-08 1.38167796e-08
 1.82625786e-08 1.46927510e-08 1.10852494e-08 1.97351031e-08
 1.56008886e-08 3.35549876e-08]","[2.75364707e-08 2.23270271e-08 2.84766342e-08 3.78512769e-08
 2.60871105e-08 2.90904191e-08 4.51134911e-08 5.22581418e-08
 5.27124282e-08 5.49144734e-08 5.88446559e-08 2.14719688e-08
 3.70059479e-08 4.46012212e-08 5.49350685e-08 2.33196846e-08
 2.13573593e-08 3.87404465e-08 3.15323258e-08 3.94429563e-08
 2.89018955e-08 3.20466407e-08 2.40483806e-08 4.66739581e-08
 4.11132948e-08 4.46681869e-08 5.38243103e-08 2.81358850e-08
 2.93457166e-08 5.86481591e-08 4.33962850e-08 2.47795962e-08
 5.21436121e-08 2.35897145e-08 2.00869288e-08 4.01305146e-08
 3.74449488e-08 5.22185879e-08 4.25344381e-08 4.54467437e-08
 2.01784731e-08 2.21654159e-08 2.72611215e-08 4.78055282e-08
 2.15430811e-08 2.91558062e-08 4.95040972e-08 5.15534009e-08
 5.64844372e-08 1.93288594e-08]","[1.e-05 1.e-05 1.e-05 1.e-05 1.e-05 1.e-05 1.e-05 1.e-05 1.e-05 1.e-05
 1.e-05 1.e-05 1.e-05 1.e-05 1.e-05 1.e-05 1.e-05 1.e-05 1.e-05 1.e-05
 1.e-05 1.e-05 1.e-05 1.e-05 1.e-05 1.e-05 1.e-05 1.e-05 1.e-05 1.e-05
 1.e-05 1.e-05 1.e-05 1.e-05 1.e-05 1.e-05 1.e-05 1.e-05 1.e-05 1.e-05
 1.e-05 1.e-05 1.e-05 1.e-05 1.e-05 1.e-05 1.e-05 1.e-05 1.e-05 1.e-05]","[1.e-05 1.e-05 1.e-05 1.e-05 1.e-05 1.e-05 1.e-05 1.e-05 1.e-05 1.e-05
 1.e-05 1.e-05 1.e-05 1.e-05 1.e-05 1.e-05 1.e-05 1.e-05 1.e-05 1.e-05
 1.e-05 1.e-05 1.e-05 1.e-05 1.e-05 1.e-05 1.e-05 1.e-05 1.e-05 1.e-05
 1.e-05 1.e-05 1.e-05 1.e-05 1.e-05 1.e-05 1.e-05 1.e-05 1.e-05 1.e-05
 1.e-05 1.e-05 1.e-05 1.e-05 1.e-05 1.e-05 1.e-05 1.e-05 1.e-05 1.e-05]","[0.37500999 0.38080127 0.39438672 0.38073607 0.39173829 0.37250488
 0.37651633 0.37742336 0.37229119 0.3795856  0.39182654 0.39914443
 0.38147126 0.39491557 0.38075702 0.39715897 0.38604703 0.37105785
 0.38882795 0.37821553 0.37862929 0.38315429 0.36595997 0.37352982
 0.38425614 0.37991409 0.3802518  0.3833044  0.39056725 0.37995332
 0.3937479  0.38698186 0.38073802 0.41142909 0.37114051 0.38979926
 0.39697555 0.37355657 0.40520868 0.40650849 0.38092954 0.38028769
 0.37957328 0.38313345 0.38665534 0.38611526 0.39008359 0.3928581
 0.40324557 0.37099713]","[0.45843641 0.47243672 0.47138869 0.46748889 0.46886762 0.46848293
 0.47592244 0.46949184 0.46047894 0.47709308 0.47529001 0.47548889
 0.46191273 0.49079957 0.4712796  0.48306908 0.47551544 0.46720144
 0.4669614  0.47384506 0.4721696  0.47917425 0.45785955 0.46544088
 0.48474162 0.4765917  0.46738556 0.47744104 0.4735131  0.4729471
 0.47624658 0.47484461 0.47889245 0.47593733 0.46089452 0.48190219
 0.47944092 0.45929795 0.48235012 0.49360482 0.46410759 0.45950767
 0.46968161 0.45784524 0.47538332 0.48161326 0.47631363 0.47984795
 0.482766   0.45553024]","[4.38752475e-253 3.09791091e-261 6.32550236e-281 3.83385749e-261
 5.04183215e-277 1.32936552e-249 3.43474349e-255 1.83193563e-256
 2.62646415e-249 1.63700959e-259 3.74179321e-277 5.18867040e-288
 3.45745932e-262 1.04313327e-281 3.58011030e-261 4.83351439e-285
 9.61847338e-269 1.32564099e-247 9.00742612e-273 1.40684455e-257
 3.67257684e-258 1.37412233e-264 1.23958717e-240 5.04071927e-251
 3.62811677e-266 5.61178673e-260 1.86475221e-260 8.38109560e-265
 2.61767014e-275 4.93789814e-260 5.55858482e-280 4.29174650e-270
 3.80945822e-261 9.02247651e-307 1.01973002e-247 3.46438924e-274
 9.07155568e-285 4.62737838e-251 3.45384710e-297 3.54910822e-299
 2.03655171e-261 1.65858834e-260 1.70399846e-259 1.47170899e-264
 1.27279242e-269 7.66784955e-269 1.33241205e-274 1.13946470e-278
 3.36370288e-294 1.60731548e-247]","[0. 0. 0. 0. 0. 0. 0. 0. 0. 0. 0. 0. 0. 0. 0. 0. 0. 0. 0. 0. 0. 0. 0. 0.
 0. 0. 0. 0. 0. 0. 0. 0. 0. 0. 0. 0. 0. 0. 0. 0. 0. 0. 0. 0. 0. 0. 0. 0.
 0. 0.]","[0.10364699 0.10126829 0.10984981 0.10160136 0.11282194 0.09546947
 0.1095624  0.1018374  0.10173142 0.1062299  0.10786676 0.10105979
 0.11103976 0.10009158 0.09500706 0.10764313 0.10712969 0.1023469
 0.11411071 0.10562909 0.10210395 0.09908593 0.09305811 0.10244346
 0.09818065 0.10528505 0.09463978 0.1101867  0.1073426  0.10392046
 0.11065614 0.09879053 0.09125531 0.12530482 0.09839356 0.10275912
 0.10949922 0.10670412 0.11835027 0.11307168 0.11178076 0.09631896
 0.09893227 0.10460997 0.10068262 0.11498868 0.11084449 0.12208104
 0.10998511 0.09119177]","[0.15607965 0.15520167 0.16141224 0.15687013 0.16491485 0.15282106
 0.16835022 0.15537918 0.15500391 0.16304183 0.16298664 0.15144789
 0.1618048  0.15485907 0.14608753 0.16604674 0.16020358 0.16096127
 0.15948737 0.16549778 0.15134871 0.15689254 0.14887106 0.16264069
 0.15286338 0.16509092 0.14772391 0.16788554 0.1594497  0.16094685
 0.16227961 0.14768445 0.14560294 0.17135942 0.15268648 0.15603733
 0.16439486 0.15927136 0.16789818 0.16651607 0.16168559 0.14626169
 0.15463853 0.15285897 0.15487754 0.17309439 0.16190839 0.1777637
 0.16322899 0.143085  ]","[0.24559108 0.24663783 0.25553151 0.24715322 0.26059283 0.23820557
 0.25688015 0.24521325 0.2468189  0.2514462  0.25162868 0.24160178
 0.25725192 0.24527106 0.23710128 0.24952335 0.25258163 0.2505099
 0.25805681 0.24852242 0.24587337 0.243087   0.23718089 0.24679167
 0.24119789 0.25295503 0.23694592 0.2582416  0.24870063 0.24863279
 0.25839163 0.24528552 0.23283764 0.26874735 0.23928772 0.24768254
 0.25380211 0.25419041 0.2623439  0.25561495 0.25614453 0.23819192
 0.24111915 0.2482821  0.2439074  0.26176485 0.25306825 0.26569492
 0.25636526 0.23419379]","[0.30285906 0.30334179 0.30821042 0.30475317 0.31391952 0.29937913
 0.31545827 0.30187798 0.3018992  0.30886846 0.30801718 0.29576111
 0.30819287 0.30325351 0.29198402 0.30984365 0.30729533 0.31088618
 0.30561935 0.31051726 0.29889633 0.30246781 0.29748627 0.30943038
 0.29905382 0.3132538  0.29568121 0.31657539 0.30319978 0.30742726
 0.31069254 0.29740222 0.29134593 0.3158761  0.29742173 0.30335549
 0.3092193  0.30955034 0.31327185 0.30953805 0.30799486 0.29365104
 0.29982104 0.29968039 0.30123799 0.31816667 0.30542183 0.32093359
 0.31127758 0.29152228]",4.195470459998511e-121,6.636747340957653e-175,2.4307654979177464e-120,0.0,2.3897185312815595e-08,3.723554251378047e-08,7.965742575653666e-09,1.2338773344063044e-08,1e-05,1e-05,0.0,0.0,0.38479802236557004,0.47249446329116823,0.010019100697877249,0.008589525423331624,0.10496781110763549,0.1587060832977295,0.0073716054001432205,0.007508465029129194,0.24925284182571805,0.30525580656008794,0.00823035956372774,0.0071159403085845445
df3,1.0,-1.0,1.0,"[1.87460385e-103 8.85357293e-148 1.32505188e-126 2.92297102e-126
 4.06843613e-131 6.44036529e-126 5.53102464e-128 2.50543477e-143
 2.59582860e-139 9.11197923e-131 1.69706671e-120 4.50098708e-136
 3.54443794e-122 1.41739559e-125 3.63777125e-118 3.78658116e-137
 5.29370851e-135 3.11577768e-125 1.56663455e-115 5.30232749e-105
 3.62364483e-121 2.72168499e-134 5.97340427e-139 7.84645245e-121
 8.38015691e-145 1.37294733e-138 1.81440195e-131 1.41739559e-125
 4.55467848e-130 1.17530003e-149 8.85357293e-148 1.96307101e-144
 7.48112939e-123 9.14846799e-141 3.59598810e-132 4.59306180e-144
 1.65526914e-137 7.84645245e-121 2.09388117e-147 4.53189266e-158
 1.41739559e-125 2.50543477e-143 1.17530003e-149 3.11577768e-125
 6.84127225e-125 5.04562598e-129 4.55776756e-153 2.72168499e-134
 3.15189803e-138 5.53102464e-128]","[1.96416771e-174 8.66642612e-217 1.10238235e-202 1.00763382e-206
 5.12669163e-200 1.09179716e-188 5.49201459e-209 2.42735057e-234
 8.26859081e-198 1.08658258e-198 4.06755305e-189 1.31736402e-227
 6.26005417e-197 2.26305188e-205 3.65456332e-183 2.99933556e-198
 5.31262531e-193 5.12669163e-200 3.80921130e-178 3.86593734e-167
 1.08658258e-198 2.26305188e-205 2.84661371e-206 2.81115002e-185
 5.13066115e-214 4.43455361e-208 3.56216963e-207 5.23469135e-184
 5.49201459e-209 2.89773338e-211 5.50589418e-221 1.02134242e-217
 7.73757074e-191 1.00763382e-206 2.39109446e-201 2.37040639e-210
 8.26092250e-224 5.31262531e-193 1.02134242e-217 1.92897507e-209
 3.91093778e-192 2.37040639e-210 2.84661371e-206 2.39109446e-201
 1.10238235e-202 1.49266032e-186 1.02134242e-217 1.01117804e-211
 8.66642612e-217 1.92897507e-209]","[1.87460385e-103 8.85357293e-148 1.32505188e-126 2.92297102e-126
 4.06843613e-131 6.44036529e-126 5.53102464e-128 2.50543477e-143
 2.59582860e-139 9.11197923e-131 1.69706671e-120 4.50098708e-136
 3.54443794e-122 1.41739559e-125 3.63777125e-118 3.78658116e-137
 5.29370851e-135 3.11577768e-125 1.56663455e-115 5.30232749e-105
 3.62364483e-121 2.72168499e-134 5.97340427e-139 7.84645245e-121
 8.38015691e-145 1.37294733e-138 1.81440195e-131 1.41739559e-125
 4.55467848e-130 1.17530003e-149 8.85357293e-148 1.96307101e-144
 7.48112939e-123 9.14846799e-141 3.59598810e-132 4.59306180e-144
 1.65526914e-137 7.84645245e-121 2.09388117e-147 4.53189266e-158
 1.41739559e-125 2.50543477e-143 1.17530003e-149 3.11577768e-125
 6.84127225e-125 5.04562598e-129 4.55776756e-153 2.72168499e-134
 3.15189803e-138 5.53102464e-128]","[1.96416771e-174 8.66642612e-217 1.10238235e-202 1.00763382e-206
 5.12669163e-200 1.09179716e-188 5.49201459e-209 2.42735057e-234
 8.26859081e-198 1.08658258e-198 4.06755305e-189 1.31736402e-227
 6.26005417e-197 2.26305188e-205 3.65456332e-183 2.99933556e-198
 5.31262531e-193 5.12669163e-200 3.80921130e-178 3.86593734e-167
 1.08658258e-198 2.26305188e-205 2.84661371e-206 2.81115002e-185
 5.13066115e-214 4.43455361e-208 3.56216963e-207 5.23469135e-184
 5.49201459e-209 2.89773338e-211 5.50589418e-221 1.02134242e-217
 7.73757074e-191 1.00763382e-206 2.39109446e-201 2.37040639e-210
 8.26092250e-224 5.31262531e-193 1.02134242e-217 1.92897507e-209
 3.91093778e-192 2.37040639e-210 2.84661371e-206 2.39109446e-201
 1.10238235e-202 1.49266032e-186 1.02134242e-217 1.01117804e-211
 8.66642612e-217 1.92897507e-209]","[2.97332660e-08 1.52112514e-08 3.47756303e-08 2.63002383e-08
 2.40069501e-08 2.68397485e-08 3.80741343e-08 4.36450133e-08
 3.30054561e-08 3.80678330e-08 2.91136566e-08 2.49874387e-08
 3.54788899e-08 2.46962233e-08 1.41743137e-08 3.78177674e-08
 2.00676106e-08 2.83047378e-08 9.91578031e-09 1.88798294e-08
 1.31885763e-08 2.75036179e-08 1.86111833e-08 3.07177599e-08
 3.42603887e-08 1.86589275e-08 1.17560871e-08 3.54836842e-08
 2.16378105e-08 3.41243072e-08 3.78921347e-08 2.46248891e-08
 2.46569697e-08 4.12861831e-08 3.79977831e-08 2.04518840e-08
 1.35549653e-08 3.44473756e-08 2.27073692e-08 3.74697811e-08
 1.44426687e-08 2.00485553e-08 1.96007603e-08 1.36102356e-08
 1.72573339e-08 3.30314001e-08 2.78251822e-08 2.92622783e-08
 3.14648760e-08 1.74989557e-08]","[4.09031977e-08 3.32463852e-08 2.34211288e-08 4.79689098e-08
 5.80751915e-08 2.55097751e-08 4.65121734e-08 2.85182462e-08
 5.40441567e-08 3.24209374e-08 1.99707567e-08 5.29370922e-08
 4.79452618e-08 3.12928833e-08 2.29349878e-08 2.28901311e-08
 3.18149765e-08 4.36863629e-08 2.67211833e-08 1.82142073e-08
 4.08791697e-08 2.98818864e-08 3.00014615e-08 2.05283496e-08
 2.41357759e-08 2.32254262e-08 5.46656682e-08 4.23539267e-08
 3.67759418e-08 5.12353758e-08 4.64071166e-08 4.41497723e-08
 2.94473862e-08 3.20979472e-08 2.54071696e-08 4.17923645e-08
 4.34445241e-08 3.02895573e-08 3.43135886e-08 3.31793374e-08
 4.06611530e-08 3.15751143e-08 2.98418100e-08 5.30679078e-08
 5.65605670e-08 4.17627869e-08 3.79872641e-08 2.21006686e-08
 3.58515101e-08 2.19151015e-08]","[1.e-05 1.e-05 1.e-05 1.e-05 1.e-05 1.e-05 1.e-05 1.e-05 1.e-05 1.e-05
 1.e-05 1.e-05 1.e-05 1.e-05 1.e-05 1.e-05 1.e-05 1.e-05 1.e-05 1.e-05
 1.e-05 1.e-05 1.e-05 1.e-05 1.e-05 1.e-05 1.e-05 1.e-05 1.e-05 1.e-05
 1.e-05 1.e-05 1.e-05 1.e-05 1.e-05 1.e-05 1.e-05 1.e-05 1.e-05 1.e-05
 1.e-05 1.e-05 1.e-05 1.e-05 1.e-05 1.e-05 1.e-05 1.e-05 1.e-05 1.e-05]","[1.e-05 1.e-05 1.e-05 1.e-05 1.e-05 1.e-05 1.e-05 1.e-05 1.e-05 1.e-05
 1.e-05 1.e-05 1.e-05 1.e-05 1.e-05 1.e-05 1.e-05 1.e-05 1.e-05 1.e-05
 1.e-05 1.e-05 1.e-05 1.e-05 1.e-05 1.e-05 1.e-05 1.e-05 1.e-05 1.e-05
 1.e-05 1.e-05 1.e-05 1.e-05 1.e-05 1.e-05 1.e-05 1.e-05 1.e-05 1.e-05
 1.e-05 1.e-05 1.e-05 1.e-05 1.e-05 1.e-05 1.e-05 1.e-05 1.e-05 1.e-05]","[0.3659031  0.3968908  0.38309046 0.37840871 0.39024178 0.37885584
 0.38849568 0.38743197 0.4049491  0.37870809 0.37974709 0.3824729
 0.37191187 0.38321044 0.36811138 0.39925147 0.38651687 0.37759004
 0.36698439 0.36758271 0.38140905 0.38476338 0.38661636 0.3776962
 0.39664861 0.38177282 0.3834801  0.39387536 0.37481761 0.40306858
 0.39121193 0.39186394 0.37205224 0.38996602 0.39266232 0.39153682
 0.39555109 0.38288921 0.3870702  0.39759656 0.38384376 0.38646909
 0.39541231 0.37798328 0.37239992 0.38587632 0.40004872 0.38863304
 0.38136343 0.38785867]","[0.46249491 0.49377644 0.47758081 0.47943552 0.48499656 0.46988427
 0.48298283 0.49727446 0.49369269 0.47241971 0.47505429 0.47821515
 0.46627021 0.48233581 0.46473056 0.48182469 0.4731372  0.47269452
 0.45941115 0.45480233 0.47428342 0.47391276 0.47158473 0.46515317
 0.48963402 0.47841059 0.4849051  0.48573201 0.48311361 0.4783582
 0.4886518  0.48437226 0.47339527 0.48261853 0.48343263 0.47742815
 0.48597982 0.47881104 0.491275   0.47883744 0.48088987 0.47659562
 0.48315068 0.47310799 0.47677225 0.46783516 0.48206296 0.48504005
 0.47498049 0.48205796]","[1.48051997e-240 1.21330389e-284 1.69551123e-264 7.51646267e-258
 7.82717360e-275 1.75908582e-258 2.73971904e-272 9.57306682e-271
 8.59919730e-297 2.84311921e-258 9.67224811e-260 1.29258824e-263
 8.78706988e-249 1.14212947e-264 1.46177388e-243 3.58502592e-288
 2.01765524e-269 1.06808798e-256 5.02721590e-242 7.69658501e-243
 4.23899883e-262 6.78122770e-267 1.44909240e-269 7.57359900e-257
 2.78413407e-284 1.28677221e-262 4.69737181e-265 3.60398790e-280
 8.13802273e-253 6.24325306e-294 2.98086187e-276 3.29754050e-277
 5.62129922e-249 1.97824472e-274 2.21236673e-278 9.95688347e-277
 1.19150441e-282 3.28813990e-264 3.19759745e-270 1.07483194e-285
 1.41578615e-265 2.36516486e-269 1.91425917e-282 2.98765614e-257
 1.85744819e-249 1.69554234e-268 2.27490061e-289 1.73003246e-272
 4.92216146e-262 2.30425131e-271]","[0. 0. 0. 0. 0. 0. 0. 0. 0. 0. 0. 0. 0. 0. 0. 0. 0. 0. 0. 0. 0. 0. 0. 0.
 0. 0. 0. 0. 0. 0. 0. 0. 0. 0. 0. 0. 0. 0. 0. 0. 0. 0. 0. 0. 0. 0. 0. 0.
 0. 0.]","[0.08776951 0.11030769 0.09379494 0.11278975 0.10462499 0.10941482
 0.10098481 0.10836303 0.10867715 0.10653043 0.1005125  0.09894657
 0.09612048 0.10791504 0.0935961  0.11343968 0.10158193 0.09921777
 0.09511042 0.09266937 0.10434842 0.10035777 0.1007787  0.10514092
 0.11947095 0.10019696 0.09808385 0.11347902 0.09664929 0.10868323
 0.1096133  0.1092577  0.09958529 0.11363566 0.11271667 0.1052947
 0.12034595 0.10614657 0.10912645 0.12255013 0.10531545 0.11761963
 0.09712064 0.10501611 0.09651971 0.10831463 0.1026026  0.10324848
 0.09447765 0.10390019]","[0.1443398  0.17182779 0.14591336 0.17879844 0.16558719 0.16934586
 0.16045928 0.17707026 0.16970086 0.1677978  0.15664518 0.15829432
 0.154531   0.17033339 0.15517306 0.17073464 0.1545496  0.15936971
 0.14957392 0.14748383 0.16136575 0.15819144 0.15288091 0.16273618
 0.18011999 0.15965867 0.15876782 0.16679978 0.16060638 0.16127336
 0.1651001  0.16436851 0.16041183 0.17260957 0.16989183 0.16131532
 0.17702878 0.16262698 0.17508364 0.17761421 0.16868949 0.17386532
 0.15165365 0.16201389 0.15564895 0.1607064  0.1564678  0.16177642
 0.15005839 0.16138339]","[0.23099992 0.25638983 0.23453985 0.25637863 0.24737834 0.25539724
 0.24429496 0.2525821  0.25441003 0.25177981 0.24611698 0.23892985
 0.23804284 0.25253012 0.23594135 0.25796002 0.24402903 0.2421022
 0.23573233 0.23574301 0.2489768  0.24202445 0.24362075 0.24983312
 0.26333229 0.24199673 0.24175542 0.25854594 0.2380383  0.25276393
 0.25408975 0.24968224 0.2403581  0.26156189 0.25742801 0.24773604
 0.26697716 0.25090652 0.25120207 0.27061323 0.24880377 0.26425297
 0.24075629 0.24845525 0.24106766 0.25337945 0.24451686 0.24599532
 0.23736126 0.24969113]","[0.29386155 0.31844775 0.29124756 0.3217274  0.3090747  0.3165498
 0.30698711 0.32072552 0.31676188 0.31486013 0.30572245 0.30248421
 0.3003745  0.31600698 0.30050168 0.31569937 0.30119827 0.30503312
 0.29593672 0.29598231 0.3079153  0.30268215 0.30006749 0.30938795
 0.32384711 0.30395028 0.30501313 0.31178071 0.30444709 0.30768495
 0.3099608  0.30435225 0.3036814  0.32061514 0.31647154 0.306217
 0.32286355 0.30883747 0.3160224  0.32442913 0.31311021 0.3202058
 0.29949566 0.30818514 0.30358742 0.30877532 0.30196481 0.30596599
 0.29802378 0.30823335]",3.855254248378741e-105,7.731875076942095e-169,2.623980233431614e-104,0.0,2.636339385020392e-08,3.589127147707316e-08,8.786172016293237e-09,1.0887194673371656e-08,1e-05,1e-05,0.0,0.0,0.38505583230018614,0.47830793446540826,0.00940430992218127,0.008715032972197069,0.10463927268981933,0.16276488065719605,0.007580598868222182,0.008761751620948745,0.2483400229250843,0.30853914567709373,0.008879288760722972,0.008213532897819606
